# https://github.com/mikedh/trimesh
v -0.1051462 1.7841562 0.0000000
v 0.1051462 1.7841562 0.0000000
v -0.1051462 1.3758438 0.0000000
v 0.1051462 1.3758438 0.0000000
v 0.0000000 1.4538245 0.1531171
v 0.0000000 1.7061755 0.1531171
v 0.0000000 1.4538245 -0.1531171
v 0.0000000 1.7061755 -0.1531171
v 0.1701302 1.5800000 -0.0946316
v 0.1701302 1.5800000 0.0946316
v -0.1701302 1.5800000 -0.0946316
v -0.1701302 1.5800000 0.0946316
v 0.0000000 1.8200000 0.0000000
v 0.0000000 1.3400000 0.0000000
v -0.0618034 1.3858359 0.0900000
v 0.0618034 1.3858359 0.0900000
v -0.0618034 1.7741641 0.0900000
v 0.0618034 1.7741641 0.0900000
v 0.0000000 1.5800000 0.1800000
v -0.0618034 1.3858359 -0.0900000
v 0.0618034 1.3858359 -0.0900000
v -0.0618034 1.7741641 -0.0900000
v 0.0618034 1.7741641 -0.0900000
v 0.0000000 1.5800000 -0.1800000
v 0.1618034 1.7000000 -0.0556231
v 0.1618034 1.4600000 -0.0556231
v 0.1000000 1.5058359 -0.1456231
v 0.1000000 1.6541641 -0.1456231
v 0.1618034 1.7000000 0.0556231
v 0.1618034 1.4600000 0.0556231
v 0.1000000 1.5058359 0.1456231
v 0.1000000 1.6541641 0.1456231
v 0.2000000 1.5800000 0.0000000
v -0.1618034 1.7000000 -0.0556231
v -0.1618034 1.4600000 -0.0556231
v -0.1000000 1.5058359 -0.1456231
v -0.1000000 1.6541641 -0.1456231
v -0.1618034 1.7000000 0.0556231
v -0.1618034 1.4600000 0.0556231
v -0.1000000 1.5058359 0.1456231
v -0.1000000 1.6541641 0.1456231
v -0.2000000 1.5800000 0.0000000
v -0.0546533 1.8108652 0.0000000
v 0.0546533 1.8108652 0.0000000
v -0.0546533 1.3491348 0.0000000
v 0.0546533 1.3491348 0.0000000
v -0.0867777 1.3729596 0.0467805
v -0.0321244 1.4134927 0.1263684
v -0.0324920 1.3517464 0.0473158
v 0.0867777 1.3729596 0.0467805
v 0.0321244 1.4134927 0.1263684
v 0.0324920 1.3517464 0.0473158
v 0.0000000 1.3758438 0.0946316
v -0.0867777 1.7870404 0.0467805
v -0.0321244 1.7465073 0.1263684
v -0.0324920 1.8082536 0.0473158
v 0.0867777 1.7870404 0.0467805
v 0.0321244 1.7465073 0.1263684
v 0.0324920 1.8082536 0.0473158
v 0.0000000 1.7841562 0.0946316
v 0.0000000 1.5144160 0.1731489
v 0.0000000 1.6455840 0.1731489
v -0.0867777 1.3729596 -0.0467805
v -0.0321244 1.4134927 -0.1263684
v -0.0324920 1.3517464 -0.0473158
v 0.0867777 1.3729596 -0.0467805
v 0.0321244 1.4134927 -0.1263684
v 0.0324920 1.3517464 -0.0473158
v 0.0000000 1.3758438 -0.0946316
v -0.0867777 1.7870404 -0.0467805
v -0.0321244 1.7465073 -0.1263684
v -0.0324920 1.8082536 -0.0473158
v 0.0867777 1.7870404 -0.0467805
v 0.0321244 1.7465073 -0.1263684
v 0.0324920 1.8082536 -0.0473158
v 0.0000000 1.7841562 -0.0946316
v 0.0000000 1.5144160 -0.1731489
v 0.0000000 1.6455840 -0.1731489
v 0.1387561 1.7484911 -0.0289120
v 0.1725337 1.6423741 -0.0780999
v 0.1175571 1.7451658 -0.0765586
v 0.1387561 1.4115089 -0.0289120
v 0.1725337 1.5176259 -0.0780999
v 0.1175571 1.4148342 -0.0765586
v 0.0519784 1.4758667 -0.1552803
v 0.1404093 1.5414507 -0.1248805
v 0.0850651 1.4389315 -0.1238744
v 0.0525731 1.5410096 -0.1711902
v 0.1376382 1.4779219 -0.1058013
v 0.0519784 1.6841333 -0.1552803
v 0.1404093 1.6185493 -0.1248805
v 0.0850651 1.7210685 -0.1238744
v 0.0525731 1.6189904 -0.1711902
v 0.1376382 1.6820781 -0.1058013
v 0.1051462 1.5800000 -0.1531171
v 0.1387561 1.7484911 0.0289120
v 0.1725337 1.6423741 0.0780999
v 0.1175571 1.7451658 0.0765586
v 0.1701302 1.7061755 0.0000000
v 0.1387561 1.4115089 0.0289120
v 0.1725337 1.5176259 0.0780999
v 0.1175571 1.4148342 0.0765586
v 0.1701302 1.4538245 0.0000000
v 0.0519784 1.4758667 0.1552803
v 0.1404093 1.5414507 0.1248805
v 0.0850651 1.4389315 0.1238744
v 0.0525731 1.5410096 0.1711902
v 0.1376382 1.4779219 0.1058013
v 0.0519784 1.6841333 0.1552803
v 0.1404093 1.6185493 0.1248805
v 0.0850651 1.7210685 0.1238744
v 0.0525731 1.6189904 0.1711902
v 0.1376382 1.6820781 0.1058013
v 0.1051462 1.5800000 0.1531171
v 0.1923877 1.5800000 -0.0491880
v 0.1923877 1.5800000 0.0491880
v 0.1902113 1.6430877 -0.0292428
v 0.1902113 1.5169123 -0.0292428
v 0.1902113 1.6430877 0.0292428
v 0.1902113 1.5169123 0.0292428
v -0.1387561 1.7484911 -0.0289120
v -0.1725337 1.6423741 -0.0780999
v -0.1175571 1.7451658 -0.0765586
v -0.1387561 1.4115089 -0.0289120
v -0.1725337 1.5176259 -0.0780999
v -0.1175571 1.4148342 -0.0765586
v -0.0519784 1.4758667 -0.1552803
v -0.1404093 1.5414507 -0.1248805
v -0.0850651 1.4389315 -0.1238744
v -0.0525731 1.5410096 -0.1711902
v -0.1376382 1.4779219 -0.1058013
v -0.0519784 1.6841333 -0.1552803
v -0.1404093 1.6185493 -0.1248805
v -0.0850651 1.7210685 -0.1238744
v -0.0525731 1.6189904 -0.1711902
v -0.1376382 1.6820781 -0.1058013
v -0.1051462 1.5800000 -0.1531171
v -0.1387561 1.7484911 0.0289120
v -0.1725337 1.6423741 0.0780999
v -0.1175571 1.7451658 0.0765586
v -0.1701302 1.7061755 0.0000000
v -0.1387561 1.4115089 0.0289120
v -0.1725337 1.5176259 0.0780999
v -0.1175571 1.4148342 0.0765586
v -0.1701302 1.4538245 0.0000000
v -0.0519784 1.4758667 0.1552803
v -0.1404093 1.5414507 0.1248805
v -0.0850651 1.4389315 0.1238744
v -0.0525731 1.5410096 0.1711902
v -0.1376382 1.4779219 0.1058013
v -0.0519784 1.6841333 0.1552803
v -0.1404093 1.6185493 0.1248805
v -0.0850651 1.7210685 0.1238744
v -0.0525731 1.6189904 0.1711902
v -0.1376382 1.6820781 0.1058013
v -0.1051462 1.5800000 0.1531171
v -0.1923877 1.5800000 -0.0491880
v -0.1923877 1.5800000 0.0491880
v -0.1902113 1.6430877 -0.0292428
v -0.1902113 1.5169123 -0.0292428
v -0.1902113 1.6430877 0.0292428
v -0.1902113 1.5169123 0.0292428
v -0.1787486 1.3881822 -0.0400000
v 0.1787486 1.3881822 -0.0400000
v -0.1787486 0.9118178 -0.0400000
v 0.1787486 0.9118178 -0.0400000
v 0.0000000 1.0027953 0.0620781
v 0.0000000 1.2972047 0.0620781
v 0.0000000 1.0027953 -0.1420781
v 0.0000000 1.2972047 -0.1420781
v 0.2892213 1.1500000 -0.1030877
v 0.2892213 1.1500000 0.0230877
v -0.2892213 1.1500000 -0.1030877
v -0.2892213 1.1500000 0.0230877
v 0.0000000 1.4300000 -0.0400000
v 0.0000000 0.8700000 -0.0400000
v -0.1050658 0.9234752 0.0200000
v 0.1050658 0.9234752 0.0200000
v -0.1050658 1.3765248 0.0200000
v 0.1050658 1.3765248 0.0200000
v 0.0000000 1.1500000 0.0800000
v -0.1050658 0.9234752 -0.1000000
v 0.1050658 0.9234752 -0.1000000
v -0.1050658 1.3765248 -0.1000000
v 0.1050658 1.3765248 -0.1000000
v 0.0000000 1.1500000 -0.1600000
v 0.2750658 1.2900000 -0.0770820
v 0.2750658 1.0100000 -0.0770820
v 0.1700000 1.0634752 -0.1370820
v 0.1700000 1.2365248 -0.1370820
v 0.2750658 1.2900000 -0.0029180
v 0.2750658 1.0100000 -0.0029180
v 0.1700000 1.0634752 0.0570820
v 0.1700000 1.2365248 0.0570820
v 0.3400000 1.1500000 -0.0400000
v -0.2750658 1.2900000 -0.0770820
v -0.2750658 1.0100000 -0.0770820
v -0.1700000 1.0634752 -0.1370820
v -0.1700000 1.2365248 -0.1370820
v -0.2750658 1.2900000 -0.0029180
v -0.2750658 1.0100000 -0.0029180
v -0.1700000 1.0634752 0.0570820
v -0.1700000 1.2365248 0.0570820
v -0.3400000 1.1500000 -0.0400000
v -0.0929106 1.4193427 -0.0400000
v 0.0929106 1.4193427 -0.0400000
v -0.0929106 0.8806573 -0.0400000
v 0.0929106 0.8806573 -0.0400000
v -0.1475221 0.9084528 -0.0088130
v -0.0546115 0.9557415 0.0442456
v -0.0552363 0.8837042 -0.0084561
v 0.1475221 0.9084528 -0.0088130
v 0.0546115 0.9557415 0.0442456
v 0.0552363 0.8837042 -0.0084561
v 0.0000000 0.9118178 0.0230877
v -0.1475221 1.3915472 -0.0088130
v -0.0546115 1.3442585 0.0442456
v -0.0552363 1.4162958 -0.0084561
v 0.1475221 1.3915472 -0.0088130
v 0.0546115 1.3442585 0.0442456
v 0.0552363 1.4162958 -0.0084561
v 0.0000000 1.3881822 0.0230877
v 0.0000000 1.0734854 0.0754326
v 0.0000000 1.2265146 0.0754326
v -0.1475221 0.9084528 -0.0711870
v -0.0546115 0.9557415 -0.1242456
v -0.0552363 0.8837042 -0.0715439
v 0.1475221 0.9084528 -0.0711870
v 0.0546115 0.9557415 -0.1242456
v 0.0552363 0.8837042 -0.0715439
v 0.0000000 0.9118178 -0.1030877
v -0.1475221 1.3915472 -0.0711870
v -0.0546115 1.3442585 -0.1242456
v -0.0552363 1.4162958 -0.0715439
v 0.1475221 1.3915472 -0.0711870
v 0.0546115 1.3442585 -0.1242456
v 0.0552363 1.4162958 -0.0715439
v 0.0000000 1.3881822 -0.1030877
v 0.0000000 1.0734854 -0.1554326
v 0.0000000 1.2265146 -0.1554326
v 0.2358854 1.3465730 -0.0592746
v 0.2933073 1.2227697 -0.0920666
v 0.1998470 1.3426935 -0.0910390
v 0.2358854 0.9534270 -0.0592746
v 0.2933073 1.0772303 -0.0920666
v 0.1998470 0.9573065 -0.0910390
v 0.0883633 1.0285112 -0.1435202
v 0.2386958 1.1050258 -0.1232537
v 0.1446106 0.9854201 -0.1225829
v 0.0893743 1.1045112 -0.1541268
v 0.2339849 1.0309089 -0.1105342
v 0.0883633 1.2714888 -0.1435202
v 0.2386958 1.1949742 -0.1232537
v 0.1446106 1.3145799 -0.1225829
v 0.0893743 1.1954888 -0.1541268
v 0.2339849 1.2690911 -0.1105342
v 0.1787486 1.1500000 -0.1420781
v 0.2358854 1.3465730 -0.0207254
v 0.2933073 1.2227697 0.0120666
v 0.1998470 1.3426935 0.0110390
v 0.2892213 1.2972047 -0.0400000
v 0.2358854 0.9534270 -0.0207254
v 0.2933073 1.0772303 0.0120666
v 0.1998470 0.9573065 0.0110390
v 0.2892213 1.0027953 -0.0400000
v 0.0883633 1.0285112 0.0635202
v 0.2386958 1.1050258 0.0432537
v 0.1446106 0.9854201 0.0425829
v 0.0893743 1.1045112 0.0741268
v 0.2339849 1.0309089 0.0305342
v 0.0883633 1.2714888 0.0635202
v 0.2386958 1.1949742 0.0432537
v 0.1446106 1.3145799 0.0425829
v 0.0893743 1.1954888 0.0741268
v 0.2339849 1.2690911 0.0305342
v 0.1787486 1.1500000 0.0620781
v 0.3270590 1.1500000 -0.0727920
v 0.3270590 1.1500000 -0.0072080
v 0.3233592 1.2236024 -0.0594952
v 0.3233592 1.0763976 -0.0594952
v 0.3233592 1.2236024 -0.0205048
v 0.3233592 1.0763976 -0.0205048
v -0.2358854 1.3465730 -0.0592746
v -0.2933073 1.2227697 -0.0920666
v -0.1998470 1.3426935 -0.0910390
v -0.2358854 0.9534270 -0.0592746
v -0.2933073 1.0772303 -0.0920666
v -0.1998470 0.9573065 -0.0910390
v -0.0883633 1.0285112 -0.1435202
v -0.2386958 1.1050258 -0.1232537
v -0.1446106 0.9854201 -0.1225829
v -0.0893743 1.1045112 -0.1541268
v -0.2339849 1.0309089 -0.1105342
v -0.0883633 1.2714888 -0.1435202
v -0.2386958 1.1949742 -0.1232537
v -0.1446106 1.3145799 -0.1225829
v -0.0893743 1.1954888 -0.1541268
v -0.2339849 1.2690911 -0.1105342
v -0.1787486 1.1500000 -0.1420781
v -0.2358854 1.3465730 -0.0207254
v -0.2933073 1.2227697 0.0120666
v -0.1998470 1.3426935 0.0110390
v -0.2892213 1.2972047 -0.0400000
v -0.2358854 0.9534270 -0.0207254
v -0.2933073 1.0772303 0.0120666
v -0.1998470 0.9573065 0.0110390
v -0.2892213 1.0027953 -0.0400000
v -0.0883633 1.0285112 0.0635202
v -0.2386958 1.1050258 0.0432537
v -0.1446106 0.9854201 0.0425829
v -0.0893743 1.1045112 0.0741268
v -0.2339849 1.0309089 0.0305342
v -0.0883633 1.2714888 0.0635202
v -0.2386958 1.1949742 0.0432537
v -0.1446106 1.3145799 0.0425829
v -0.0893743 1.1954888 0.0741268
v -0.2339849 1.2690911 0.0305342
v -0.1787486 1.1500000 0.0620781
v -0.3270590 1.1500000 -0.0727920
v -0.3270590 1.1500000 -0.0072080
v -0.3233592 1.2236024 -0.0594952
v -0.3233592 1.0763976 -0.0594952
v -0.3233592 1.2236024 -0.0205048
v -0.3233592 1.0763976 -0.0205048
v -0.2446316 1.1581822 0.1000000
v -0.0553684 1.1581822 0.1000000
v -0.2446316 0.6818178 0.1000000
v -0.0553684 0.6818178 0.1000000
v -0.1500000 0.7727953 0.1765586
v -0.1500000 1.0672047 0.1765586
v -0.1500000 0.7727953 0.0234414
v -0.1500000 1.0672047 0.0234414
v 0.0031171 0.9200000 0.0526842
v 0.0031171 0.9200000 0.1473158
v -0.3031171 0.9200000 0.0526842
v -0.3031171 0.9200000 0.1473158
v -0.1500000 1.2000000 0.1000000
v -0.1500000 0.6400000 0.1000000
v -0.2056231 0.6934752 0.1450000
v -0.0943769 0.6934752 0.1450000
v -0.2056231 1.1465248 0.1450000
v -0.0943769 1.1465248 0.1450000
v -0.1500000 0.9200000 0.1900000
v -0.2056231 0.6934752 0.0550000
v -0.0943769 0.6934752 0.0550000
v -0.2056231 1.1465248 0.0550000
v -0.0943769 1.1465248 0.0550000
v -0.1500000 0.9200000 0.0100000
v -0.0043769 1.0600000 0.0721885
v -0.0043769 0.7800000 0.0721885
v -0.0600000 0.8334752 0.0271885
v -0.0600000 1.0065248 0.0271885
v -0.0043769 1.0600000 0.1278115
v -0.0043769 0.7800000 0.1278115
v -0.0600000 0.8334752 0.1728115
v -0.0600000 1.0065248 0.1728115
v 0.0300000 0.9200000 0.1000000
v -0.2956231 1.0600000 0.0721885
v -0.2956231 0.7800000 0.0721885
v -0.2400000 0.8334752 0.0271885
v -0.2400000 1.0065248 0.0271885
v -0.2956231 1.0600000 0.1278115
v -0.2956231 0.7800000 0.1278115
v -0.2400000 0.8334752 0.1728115
v -0.2400000 1.0065248 0.1728115
v -0.3300000 0.9200000 0.1000000
v -0.1991880 1.1893427 0.1000000
v -0.1008120 1.1893427 0.1000000
v -0.1991880 0.6506573 0.1000000
v -0.1008120 0.6506573 0.1000000
v -0.2280999 0.6784528 0.1233903
v -0.1789120 0.7257415 0.1631842
v -0.1792428 0.6537042 0.1236579
v -0.0719001 0.6784528 0.1233903
v -0.1210880 0.7257415 0.1631842
v -0.1207572 0.6537042 0.1236579
v -0.1500000 0.6818178 0.1473158
v -0.2280999 1.1615472 0.1233903
v -0.1789120 1.1142585 0.1631842
v -0.1792428 1.1862958 0.1236579
v -0.0719001 1.1615472 0.1233903
v -0.1210880 1.1142585 0.1631842
v -0.1207572 1.1862958 0.1236579
v -0.1500000 1.1581822 0.1473158
v -0.1500000 0.8434854 0.1865745
v -0.1500000 0.9965146 0.1865745
v -0.2280999 0.6784528 0.0766097
v -0.1789120 0.7257415 0.0368158
v -0.1792428 0.6537042 0.0763421
v -0.0719001 0.6784528 0.0766097
v -0.1210880 0.7257415 0.0368158
v -0.1207572 0.6537042 0.0763421
v -0.1500000 0.6818178 0.0526842
v -0.2280999 1.1615472 0.0766097
v -0.1789120 1.1142585 0.0368158
v -0.1792428 1.1862958 0.0763421
v -0.0719001 1.1615472 0.0766097
v -0.1210880 1.1142585 0.0368158
v -0.1207572 1.1862958 0.0763421
v -0.1500000 1.1581822 0.0526842
v -0.1500000 0.8434854 0.0134255
v -0.1500000 0.9965146 0.0134255
v -0.0251195 1.1165730 0.0855440
v 0.0052803 0.9927697 0.0609500
v -0.0441987 1.1126935 0.0617207
v -0.0251195 0.7234270 0.0855440
v 0.0052803 0.8472303 0.0609500
v -0.0441987 0.7273065 0.0617207
v -0.1032195 0.7985112 0.0223598
v -0.0236316 0.8750258 0.0375598
v -0.0734414 0.7554201 0.0380628
v -0.1026842 0.8745112 0.0144049
v -0.0261256 0.8009089 0.0470993
v -0.1032195 1.0414888 0.0223598
v -0.0236316 0.9649742 0.0375598
v -0.0734414 1.0845799 0.0380628
v -0.1026842 0.9654888 0.0144049
v -0.0261256 1.0390911 0.0470993
v -0.0553684 0.9200000 0.0234414
v -0.0251195 1.1165730 0.1144560
v 0.0052803 0.9927697 0.1390500
v -0.0441987 1.1126935 0.1382793
v 0.0031171 1.0672047 0.1000000
v -0.0251195 0.7234270 0.1144560
v 0.0052803 0.8472303 0.1390500
v -0.0441987 0.7273065 0.1382793
v 0.0031171 0.7727953 0.1000000
v -0.1032195 0.7985112 0.1776402
v -0.0236316 0.8750258 0.1624402
v -0.0734414 0.7554201 0.1619372
v -0.1026842 0.8745112 0.1855951
v -0.0261256 0.8009089 0.1529007
v -0.1032195 1.0414888 0.1776402
v -0.0236316 0.9649742 0.1624402
v -0.0734414 1.0845799 0.1619372
v -0.1026842 0.9654888 0.1855951
v -0.0261256 1.0390911 0.1529007
v -0.0553684 0.9200000 0.1765586
v 0.0231489 0.9200000 0.0754060
v 0.0231489 0.9200000 0.1245940
v 0.0211902 0.9936024 0.0853786
v 0.0211902 0.8463976 0.0853786
v 0.0211902 0.9936024 0.1146214
v 0.0211902 0.8463976 0.1146214
v -0.2748805 1.1165730 0.0855440
v -0.3052803 0.9927697 0.0609500
v -0.2558013 1.1126935 0.0617207
v -0.2748805 0.7234270 0.0855440
v -0.3052803 0.8472303 0.0609500
v -0.2558013 0.7273065 0.0617207
v -0.1967805 0.7985112 0.0223598
v -0.2763684 0.8750258 0.0375598
v -0.2265586 0.7554201 0.0380628
v -0.1973158 0.8745112 0.0144049
v -0.2738744 0.8009089 0.0470993
v -0.1967805 1.0414888 0.0223598
v -0.2763684 0.9649742 0.0375598
v -0.2265586 1.0845799 0.0380628
v -0.1973158 0.9654888 0.0144049
v -0.2738744 1.0390911 0.0470993
v -0.2446316 0.9200000 0.0234414
v -0.2748805 1.1165730 0.1144560
v -0.3052803 0.9927697 0.1390500
v -0.2558013 1.1126935 0.1382793
v -0.3031171 1.0672047 0.1000000
v -0.2748805 0.7234270 0.1144560
v -0.3052803 0.8472303 0.1390500
v -0.2558013 0.7273065 0.1382793
v -0.3031171 0.7727953 0.1000000
v -0.1967805 0.7985112 0.1776402
v -0.2763684 0.8750258 0.1624402
v -0.2265586 0.7554201 0.1619372
v -0.1973158 0.8745112 0.1855951
v -0.2738744 0.8009089 0.1529007
v -0.1967805 1.0414888 0.1776402
v -0.2763684 0.9649742 0.1624402
v -0.2265586 1.0845799 0.1619372
v -0.1973158 0.9654888 0.1855951
v -0.2738744 1.0390911 0.1529007
v -0.2446316 0.9200000 0.1765586
v -0.3231489 0.9200000 0.0754060
v -0.3231489 0.9200000 0.1245940
v -0.3211902 0.9936024 0.0853786
v -0.3211902 0.8463976 0.0853786
v -0.3211902 0.9936024 0.1146214
v -0.3211902 0.8463976 0.1146214
v 0.0553684 1.1581822 0.1000000
v 0.2446316 1.1581822 0.1000000
v 0.0553684 0.6818178 0.1000000
v 0.2446316 0.6818178 0.1000000
v 0.1500000 0.7727953 0.1765586
v 0.1500000 1.0672047 0.1765586
v 0.1500000 0.7727953 0.0234414
v 0.1500000 1.0672047 0.0234414
v 0.3031171 0.9200000 0.0526842
v 0.3031171 0.9200000 0.1473158
v -0.0031171 0.9200000 0.0526842
v -0.0031171 0.9200000 0.1473158
v 0.1500000 1.2000000 0.1000000
v 0.1500000 0.6400000 0.1000000
v 0.0943769 0.6934752 0.1450000
v 0.2056231 0.6934752 0.1450000
v 0.0943769 1.1465248 0.1450000
v 0.2056231 1.1465248 0.1450000
v 0.1500000 0.9200000 0.1900000
v 0.0943769 0.6934752 0.0550000
v 0.2056231 0.6934752 0.0550000
v 0.0943769 1.1465248 0.0550000
v 0.2056231 1.1465248 0.0550000
v 0.1500000 0.9200000 0.0100000
v 0.2956231 1.0600000 0.0721885
v 0.2956231 0.7800000 0.0721885
v 0.2400000 0.8334752 0.0271885
v 0.2400000 1.0065248 0.0271885
v 0.2956231 1.0600000 0.1278115
v 0.2956231 0.7800000 0.1278115
v 0.2400000 0.8334752 0.1728115
v 0.2400000 1.0065248 0.1728115
v 0.3300000 0.9200000 0.1000000
v 0.0043769 1.0600000 0.0721885
v 0.0043769 0.7800000 0.0721885
v 0.0600000 0.8334752 0.0271885
v 0.0600000 1.0065248 0.0271885
v 0.0043769 1.0600000 0.1278115
v 0.0043769 0.7800000 0.1278115
v 0.0600000 0.8334752 0.1728115
v 0.0600000 1.0065248 0.1728115
v -0.0300000 0.9200000 0.1000000
v 0.1008120 1.1893427 0.1000000
v 0.1991880 1.1893427 0.1000000
v 0.1008120 0.6506573 0.1000000
v 0.1991880 0.6506573 0.1000000
v 0.0719001 0.6784528 0.1233903
v 0.1210880 0.7257415 0.1631842
v 0.1207572 0.6537042 0.1236579
v 0.2280999 0.6784528 0.1233903
v 0.1789120 0.7257415 0.1631842
v 0.1792428 0.6537042 0.1236579
v 0.1500000 0.6818178 0.1473158
v 0.0719001 1.1615472 0.1233903
v 0.1210880 1.1142585 0.1631842
v 0.1207572 1.1862958 0.1236579
v 0.2280999 1.1615472 0.1233903
v 0.1789120 1.1142585 0.1631842
v 0.1792428 1.1862958 0.1236579
v 0.1500000 1.1581822 0.1473158
v 0.1500000 0.8434854 0.1865745
v 0.1500000 0.9965146 0.1865745
v 0.0719001 0.6784528 0.0766097
v 0.1210880 0.7257415 0.0368158
v 0.1207572 0.6537042 0.0763421
v 0.2280999 0.6784528 0.0766097
v 0.1789120 0.7257415 0.0368158
v 0.1792428 0.6537042 0.0763421
v 0.1500000 0.6818178 0.0526842
v 0.0719001 1.1615472 0.0766097
v 0.1210880 1.1142585 0.0368158
v 0.1207572 1.1862958 0.0763421
v 0.2280999 1.1615472 0.0766097
v 0.1789120 1.1142585 0.0368158
v 0.1792428 1.1862958 0.0763421
v 0.1500000 1.1581822 0.0526842
v 0.1500000 0.8434854 0.0134255
v 0.1500000 0.9965146 0.0134255
v 0.2748805 1.1165730 0.0855440
v 0.3052803 0.9927697 0.0609500
v 0.2558013 1.1126935 0.0617207
v 0.2748805 0.7234270 0.0855440
v 0.3052803 0.8472303 0.0609500
v 0.2558013 0.7273065 0.0617207
v 0.1967805 0.7985112 0.0223598
v 0.2763684 0.8750258 0.0375598
v 0.2265586 0.7554201 0.0380628
v 0.1973158 0.8745112 0.0144049
v 0.2738744 0.8009089 0.0470993
v 0.1967805 1.0414888 0.0223598
v 0.2763684 0.9649742 0.0375598
v 0.2265586 1.0845799 0.0380628
v 0.1973158 0.9654888 0.0144049
v 0.2738744 1.0390911 0.0470993
v 0.2446316 0.9200000 0.0234414
v 0.2748805 1.1165730 0.1144560
v 0.3052803 0.9927697 0.1390500
v 0.2558013 1.1126935 0.1382793
v 0.3031171 1.0672047 0.1000000
v 0.2748805 0.7234270 0.1144560
v 0.3052803 0.8472303 0.1390500
v 0.2558013 0.7273065 0.1382793
v 0.3031171 0.7727953 0.1000000
v 0.1967805 0.7985112 0.1776402
v 0.2763684 0.8750258 0.1624402
v 0.2265586 0.7554201 0.1619372
v 0.1973158 0.8745112 0.1855951
v 0.2738744 0.8009089 0.1529007
v 0.1967805 1.0414888 0.1776402
v 0.2763684 0.9649742 0.1624402
v 0.2265586 1.0845799 0.1619372
v 0.1973158 0.9654888 0.1855951
v 0.2738744 1.0390911 0.1529007
v 0.2446316 0.9200000 0.1765586
v 0.3231489 0.9200000 0.0754060
v 0.3231489 0.9200000 0.1245940
v 0.3211902 0.9936024 0.0853786
v 0.3211902 0.8463976 0.0853786
v 0.3211902 0.9936024 0.1146214
v 0.3211902 0.8463976 0.1146214
v 0.0251195 1.1165730 0.0855440
v -0.0052803 0.9927697 0.0609500
v 0.0441987 1.1126935 0.0617207
v 0.0251195 0.7234270 0.0855440
v -0.0052803 0.8472303 0.0609500
v 0.0441987 0.7273065 0.0617207
v 0.1032195 0.7985112 0.0223598
v 0.0236316 0.8750258 0.0375598
v 0.0734414 0.7554201 0.0380628
v 0.1026842 0.8745112 0.0144049
v 0.0261256 0.8009089 0.0470993
v 0.1032195 1.0414888 0.0223598
v 0.0236316 0.9649742 0.0375598
v 0.0734414 1.0845799 0.0380628
v 0.1026842 0.9654888 0.0144049
v 0.0261256 1.0390911 0.0470993
v 0.0553684 0.9200000 0.0234414
v 0.0251195 1.1165730 0.1144560
v -0.0052803 0.9927697 0.1390500
v 0.0441987 1.1126935 0.1382793
v -0.0031171 1.0672047 0.1000000
v 0.0251195 0.7234270 0.1144560
v -0.0052803 0.8472303 0.1390500
v 0.0441987 0.7273065 0.1382793
v -0.0031171 0.7727953 0.1000000
v 0.1032195 0.7985112 0.1776402
v 0.0236316 0.8750258 0.1624402
v 0.0734414 0.7554201 0.1619372
v 0.1026842 0.8745112 0.1855951
v 0.0261256 0.8009089 0.1529007
v 0.1032195 1.0414888 0.1776402
v 0.0236316 0.9649742 0.1624402
v 0.0734414 1.0845799 0.1619372
v 0.1026842 0.9654888 0.1855951
v 0.0261256 1.0390911 0.1529007
v 0.0553684 0.9200000 0.1765586
v -0.0231489 0.9200000 0.0754060
v -0.0231489 0.9200000 0.1245940
v -0.0211902 0.9936024 0.0853786
v -0.0211902 0.8463976 0.0853786
v -0.0211902 0.9936024 0.1146214
v -0.0211902 0.8463976 0.1146214
v -0.1209182 0.7327929 0.0800000
v 0.1209182 0.7327929 0.0800000
v -0.1209182 -0.0327929 0.0800000
v 0.1209182 -0.0327929 0.0800000
v 0.0000000 0.1134210 0.1820781
v 0.0000000 0.5865790 0.1820781
v 0.0000000 0.1134210 -0.0220781
v 0.0000000 0.5865790 -0.0220781
v 0.1956497 0.3500000 0.0169123
v 0.1956497 0.3500000 0.1430877
v -0.1956497 0.3500000 0.0169123
v -0.1956497 0.3500000 0.1430877
v 0.0000000 0.8000000 0.0800000
v 0.0000000 -0.1000000 0.0800000
v -0.0710739 -0.0140576 0.1400000
v 0.0710739 -0.0140576 0.1400000
v -0.0710739 0.7140576 0.1400000
v 0.0710739 0.7140576 0.1400000
v 0.0000000 0.3500000 0.2000000
v -0.0710739 -0.0140576 0.0200000
v 0.0710739 -0.0140576 0.0200000
v -0.0710739 0.7140576 0.0200000
v 0.0710739 0.7140576 0.0200000
v 0.0000000 0.3500000 -0.0400000
v 0.1860739 0.5750000 0.0429180
v 0.1860739 0.1250000 0.0429180
v 0.1150000 0.2109424 -0.0170820
v 0.1150000 0.4890576 -0.0170820
v 0.1860739 0.5750000 0.1170820
v 0.1860739 0.1250000 0.1170820
v 0.1150000 0.2109424 0.1770820
v 0.1150000 0.4890576 0.1770820
v 0.2300000 0.3500000 0.0800000
v -0.1860739 0.5750000 0.0429180
v -0.1860739 0.1250000 0.0429180
v -0.1150000 0.2109424 -0.0170820
v -0.1150000 0.4890576 -0.0170820
v -0.1860739 0.5750000 0.1170820
v -0.1860739 0.1250000 0.1170820
v -0.1150000 0.2109424 0.1770820
v -0.1150000 0.4890576 0.1770820
v -0.2300000 0.3500000 0.0800000
v -0.0628513 0.7828723 0.0800000
v 0.0628513 0.7828723 0.0800000
v -0.0628513 -0.0828723 0.0800000
v 0.0628513 -0.0828723 0.0800000
v -0.0997944 -0.0382008 0.1111870
v -0.0369431 0.0377988 0.1642456
v -0.0373658 -0.0779754 0.1115439
v 0.0997944 -0.0382008 0.1111870
v 0.0369431 0.0377988 0.1642456
v 0.0373658 -0.0779754 0.1115439
v 0.0000000 -0.0327929 0.1430877
v -0.0997944 0.7382008 0.1111870
v -0.0369431 0.6622012 0.1642456
v -0.0373658 0.7779754 0.1115439
v 0.0997944 0.7382008 0.1111870
v 0.0369431 0.6622012 0.1642456
v 0.0373658 0.7779754 0.1115439
v 0.0000000 0.7327929 0.1430877
v 0.0000000 0.2270301 0.1954326
v 0.0000000 0.4729699 0.1954326
v -0.0997944 -0.0382008 0.0488130
v -0.0369431 0.0377988 -0.0042456
v -0.0373658 -0.0779754 0.0484561
v 0.0997944 -0.0382008 0.0488130
v 0.0369431 0.0377988 -0.0042456
v 0.0373658 -0.0779754 0.0484561
v 0.0000000 -0.0327929 0.0169123
v -0.0997944 0.7382008 0.0488130
v -0.0369431 0.6622012 -0.0042456
v -0.0373658 0.7779754 0.0484561
v 0.0997944 0.7382008 0.0488130
v 0.0369431 0.6622012 -0.0042456
v 0.0373658 0.7779754 0.0484561
v 0.0000000 0.7327929 0.0169123
v 0.0000000 0.2270301 -0.0354326
v 0.0000000 0.4729699 -0.0354326
v 0.1595695 0.6659209 0.0607254
v 0.1984138 0.4669514 0.0279334
v 0.1351906 0.6596859 0.0289610
v 0.1595695 0.0340791 0.0607254
v 0.1984138 0.2330486 0.0279334
v 0.1351906 0.0403141 0.0289610
v 0.0597751 0.1547501 -0.0235202
v 0.1614707 0.2777201 -0.0032537
v 0.0978248 0.0854966 -0.0025829
v 0.0604591 0.2768931 -0.0341268
v 0.1582839 0.1586036 0.0094658
v 0.0597751 0.5452499 -0.0235202
v 0.1614707 0.4222799 -0.0032537
v 0.0978248 0.6145034 -0.0025829
v 0.0604591 0.4231069 -0.0341268
v 0.1582839 0.5413964 0.0094658
v 0.1209182 0.3500000 -0.0220781
v 0.1595695 0.6659209 0.0992746
v 0.1984138 0.4669514 0.1320666
v 0.1351906 0.6596859 0.1310390
v 0.1956497 0.5865790 0.0800000
v 0.1595695 0.0340791 0.0992746
v 0.1984138 0.2330486 0.1320666
v 0.1351906 0.0403141 0.1310390
v 0.1956497 0.1134210 0.0800000
v 0.0597751 0.1547501 0.1835202
v 0.1614707 0.2777201 0.1632537
v 0.0978248 0.0854966 0.1625829
v 0.0604591 0.2768931 0.1941268
v 0.1582839 0.1586036 0.1505342
v 0.0597751 0.5452499 0.1835202
v 0.1614707 0.4222799 0.1632537
v 0.0978248 0.6145034 0.1625829
v 0.0604591 0.4231069 0.1941268
v 0.1582839 0.5413964 0.1505342
v 0.1209182 0.3500000 0.1820781
v 0.2212458 0.3500000 0.0472080
v 0.2212458 0.3500000 0.1127920
v 0.2187430 0.4682895 0.0605048
v 0.2187430 0.2317105 0.0605048
v 0.2187430 0.4682895 0.0994952
v 0.2187430 0.2317105 0.0994952
v -0.1595695 0.6659209 0.0607254
v -0.1984138 0.4669514 0.0279334
v -0.1351906 0.6596859 0.0289610
v -0.1595695 0.0340791 0.0607254
v -0.1984138 0.2330486 0.0279334
v -0.1351906 0.0403141 0.0289610
v -0.0597751 0.1547501 -0.0235202
v -0.1614707 0.2777201 -0.0032537
v -0.0978248 0.0854966 -0.0025829
v -0.0604591 0.2768931 -0.0341268
v -0.1582839 0.1586036 0.0094658
v -0.0597751 0.5452499 -0.0235202
v -0.1614707 0.4222799 -0.0032537
v -0.0978248 0.6145034 -0.0025829
v -0.0604591 0.4231069 -0.0341268
v -0.1582839 0.5413964 0.0094658
v -0.1209182 0.3500000 -0.0220781
v -0.1595695 0.6659209 0.0992746
v -0.1984138 0.4669514 0.1320666
v -0.1351906 0.6596859 0.1310390
v -0.1956497 0.5865790 0.0800000
v -0.1595695 0.0340791 0.0992746
v -0.1984138 0.2330486 0.1320666
v -0.1351906 0.0403141 0.1310390
v -0.1956497 0.1134210 0.0800000
v -0.0597751 0.1547501 0.1835202
v -0.1614707 0.2777201 0.1632537
v -0.0978248 0.0854966 0.1625829
v -0.0604591 0.2768931 0.1941268
v -0.1582839 0.1586036 0.1505342
v -0.0597751 0.5452499 0.1835202
v -0.1614707 0.4222799 0.1632537
v -0.0978248 0.6145034 0.1625829
v -0.0604591 0.4231069 0.1941268
v -0.1582839 0.5413964 0.1505342
v -0.1209182 0.3500000 0.1820781
v -0.2212458 0.3500000 0.0472080
v -0.2212458 0.3500000 0.1127920
v -0.2187430 0.4682895 0.0605048
v -0.2187430 0.2317105 0.0605048
v -0.2187430 0.4682895 0.0994952
v -0.2187430 0.2317105 0.0994952
v -0.1524620 0.8878579 -0.0900000
v 0.1524620 0.8878579 -0.0900000
v -0.1524620 -0.0478579 -0.0900000
v 0.1524620 -0.0478579 -0.0900000
v 0.0000000 0.1308479 -0.0049349
v 0.0000000 0.7091521 -0.0049349
v 0.0000000 0.1308479 -0.1750651
v 0.0000000 0.7091521 -0.1750651
v 0.2466887 0.4200000 -0.1425731
v 0.2466887 0.4200000 -0.0374269
v -0.2466887 0.4200000 -0.1425731
v -0.2466887 0.4200000 -0.0374269
v 0.0000000 0.9700000 -0.0900000
v 0.0000000 -0.1300000 -0.0900000
v -0.0896149 -0.0249593 -0.0400000
v 0.0896149 -0.0249593 -0.0400000
v -0.0896149 0.8649593 -0.0400000
v 0.0896149 0.8649593 -0.0400000
v 0.0000000 0.4200000 0.0100000
v -0.0896149 -0.0249593 -0.1400000
v 0.0896149 -0.0249593 -0.1400000
v -0.0896149 0.8649593 -0.1400000
v 0.0896149 0.8649593 -0.1400000
v 0.0000000 0.4200000 -0.1900000
v 0.2346149 0.6950000 -0.1209017
v 0.2346149 0.1450000 -0.1209017
v 0.1450000 0.2500407 -0.1709017
v 0.1450000 0.5899593 -0.1709017
v 0.2346149 0.6950000 -0.0590983
v 0.2346149 0.1450000 -0.0590983
v 0.1450000 0.2500407 -0.0090983
v 0.1450000 0.5899593 -0.0090983
v 0.2900000 0.4200000 -0.0900000
v -0.2346149 0.6950000 -0.1209017
v -0.2346149 0.1450000 -0.1209017
v -0.1450000 0.2500407 -0.1709017
v -0.1450000 0.5899593 -0.1709017
v -0.2346149 0.6950000 -0.0590983
v -0.2346149 0.1450000 -0.0590983
v -0.1450000 0.2500407 -0.0090983
v -0.1450000 0.5899593 -0.0090983
v -0.2900000 0.4200000 -0.0900000
v -0.0792473 0.9490661 -0.0900000
v 0.0792473 0.9490661 -0.0900000
v -0.0792473 -0.1090661 -0.0900000
v 0.0792473 -0.1090661 -0.0900000
v -0.1258277 -0.0544677 -0.0640108
v -0.0465804 0.0384207 -0.0197954
v -0.0471134 -0.1030811 -0.0637134
v 0.1258277 -0.0544677 -0.0640108
v 0.0465804 0.0384207 -0.0197954
v 0.0471134 -0.1030811 -0.0637134
v 0.0000000 -0.0478579 -0.0374269
v -0.1258277 0.8944677 -0.0640108
v -0.0465804 0.8015793 -0.0197954
v -0.0471134 0.9430811 -0.0637134
v 0.1258277 0.8944677 -0.0640108
v 0.0465804 0.8015793 -0.0197954
v 0.0471134 0.9430811 -0.0637134
v 0.0000000 0.8878579 -0.0374269
v 0.0000000 0.2697034 0.0061938
v 0.0000000 0.5702966 0.0061938
v -0.1258277 -0.0544677 -0.1159892
v -0.0465804 0.0384207 -0.1602046
v -0.0471134 -0.1030811 -0.1162866
v 0.1258277 -0.0544677 -0.1159892
v 0.0465804 0.0384207 -0.1602046
v 0.0471134 -0.1030811 -0.1162866
v 0.0000000 -0.0478579 -0.1425731
v -0.1258277 0.8944677 -0.1159892
v -0.0465804 0.8015793 -0.1602046
v -0.0471134 0.9430811 -0.1162866
v 0.1258277 0.8944677 -0.1159892
v 0.0465804 0.8015793 -0.1602046
v 0.0471134 0.9430811 -0.1162866
v 0.0000000 0.8878579 -0.1425731
v 0.0000000 0.2697034 -0.1861938
v 0.0000000 0.5702966 -0.1861938
v 0.2011963 0.8061255 -0.1060622
v 0.2501739 0.5629406 -0.1333889
v 0.1704577 0.7985050 -0.1325325
v 0.2011963 0.0338745 -0.1060622
v 0.2501739 0.2770594 -0.1333889
v 0.1704577 0.0414950 -0.1325325
v 0.0753687 0.1813613 -0.1762668
v 0.2035935 0.3316579 -0.1593780
v 0.1233444 0.0967181 -0.1588191
v 0.0762310 0.3306471 -0.1851057
v 0.1995754 0.1860710 -0.1487785
v 0.0753687 0.6586387 -0.1762668
v 0.2035935 0.5083421 -0.1593780
v 0.1233444 0.7432819 -0.1588191
v 0.0762310 0.5093529 -0.1851057
v 0.1995754 0.6539290 -0.1487785
v 0.1524620 0.4200000 -0.1750651
v 0.2011963 0.8061255 -0.0739378
v 0.2501739 0.5629406 -0.0466111
v 0.1704577 0.7985050 -0.0474675
v 0.2466887 0.7091521 -0.0900000
v 0.2011963 0.0338745 -0.0739378
v 0.2501739 0.2770594 -0.0466111
v 0.1704577 0.0414950 -0.0474675
v 0.2466887 0.1308479 -0.0900000
v 0.0753687 0.1813613 -0.0037332
v 0.2035935 0.3316579 -0.0206220
v 0.1233444 0.0967181 -0.0211809
v 0.0762310 0.3306471 0.0051057
v 0.1995754 0.1860710 -0.0312215
v 0.0753687 0.6586387 -0.0037332
v 0.2035935 0.5083421 -0.0206220
v 0.1233444 0.7432819 -0.0211809
v 0.0762310 0.5093529 0.0051057
v 0.1995754 0.6539290 -0.0312215
v 0.1524620 0.4200000 -0.0049349
v 0.2789621 0.4200000 -0.1173267
v 0.2789621 0.4200000 -0.0626733
v 0.2758064 0.5645761 -0.1062460
v 0.2758064 0.2754239 -0.1062460
v 0.2758064 0.5645761 -0.0737540
v 0.2758064 0.2754239 -0.0737540
v -0.2011963 0.8061255 -0.1060622
v -0.2501739 0.5629406 -0.1333889
v -0.1704577 0.7985050 -0.1325325
v -0.2011963 0.0338745 -0.1060622
v -0.2501739 0.2770594 -0.1333889
v -0.1704577 0.0414950 -0.1325325
v -0.0753687 0.1813613 -0.1762668
v -0.2035935 0.3316579 -0.1593780
v -0.1233444 0.0967181 -0.1588191
v -0.0762310 0.3306471 -0.1851057
v -0.1995754 0.1860710 -0.1487785
v -0.0753687 0.6586387 -0.1762668
v -0.2035935 0.5083421 -0.1593780
v -0.1233444 0.7432819 -0.1588191
v -0.0762310 0.5093529 -0.1851057
v -0.1995754 0.6539290 -0.1487785
v -0.1524620 0.4200000 -0.1750651
v -0.2011963 0.8061255 -0.0739378
v -0.2501739 0.5629406 -0.0466111
v -0.1704577 0.7985050 -0.0474675
v -0.2466887 0.7091521 -0.0900000
v -0.2011963 0.0338745 -0.0739378
v -0.2501739 0.2770594 -0.0466111
v -0.1704577 0.0414950 -0.0474675
v -0.2466887 0.1308479 -0.0900000
v -0.0753687 0.1813613 -0.0037332
v -0.2035935 0.3316579 -0.0206220
v -0.1233444 0.0967181 -0.0211809
v -0.0762310 0.3306471 0.0051057
v -0.1995754 0.1860710 -0.0312215
v -0.0753687 0.6586387 -0.0037332
v -0.2035935 0.5083421 -0.0206220
v -0.1233444 0.7432819 -0.0211809
v -0.0762310 0.5093529 0.0051057
v -0.1995754 0.6539290 -0.0312215
v -0.1524620 0.4200000 -0.0049349
v -0.2789621 0.4200000 -0.1173267
v -0.2789621 0.4200000 -0.0626733
v -0.2758064 0.5645761 -0.1062460
v -0.2758064 0.2754239 -0.1062460
v -0.2758064 0.5645761 -0.0737540
v -0.2758064 0.2754239 -0.0737540
v -0.4541170 1.2531171 0.0000000
v -0.2858830 1.2531171 0.0000000
v -0.4541170 0.9468829 0.0000000
v -0.2858830 0.9468829 0.0000000
v -0.3700000 1.0053684 0.1361041
v -0.3700000 1.1946316 0.1361041
v -0.3700000 1.0053684 -0.1361041
v -0.3700000 1.1946316 -0.1361041
v -0.2338959 1.1000000 -0.0841170
v -0.2338959 1.1000000 0.0841170
v -0.5061041 1.1000000 -0.0841170
v -0.5061041 1.1000000 0.0841170
v -0.3700000 1.2800000 0.0000000
v -0.3700000 0.9200000 0.0000000
v -0.4194427 0.9543769 0.0800000
v -0.3205573 0.9543769 0.0800000
v -0.4194427 1.2456231 0.0800000
v -0.3205573 1.2456231 0.0800000
v -0.3700000 1.1000000 0.1600000
v -0.4194427 0.9543769 -0.0800000
v -0.3205573 0.9543769 -0.0800000
v -0.4194427 1.2456231 -0.0800000
v -0.3205573 1.2456231 -0.0800000
v -0.3700000 1.1000000 -0.1600000
v -0.2405573 1.1900000 -0.0494427
v -0.2405573 1.0100000 -0.0494427
v -0.2900000 1.0443769 -0.1294427
v -0.2900000 1.1556231 -0.1294427
v -0.2405573 1.1900000 0.0494427
v -0.2405573 1.0100000 0.0494427
v -0.2900000 1.0443769 0.1294427
v -0.2900000 1.1556231 0.1294427
v -0.2100000 1.1000000 0.0000000
v -0.4994427 1.1900000 -0.0494427
v -0.4994427 1.0100000 -0.0494427
v -0.4500000 1.0443769 -0.1294427
v -0.4500000 1.1556231 -0.1294427
v -0.4994427 1.1900000 0.0494427
v -0.4994427 1.0100000 0.0494427
v -0.4500000 1.0443769 0.1294427
v -0.4500000 1.1556231 0.1294427
v -0.5300000 1.1000000 0.0000000
v -0.4137226 1.2731489 0.0000000
v -0.3262774 1.2731489 0.0000000
v -0.4137226 0.9268511 0.0000000
v -0.3262774 0.9268511 0.0000000
v -0.4394222 0.9447197 0.0415827
v -0.3956995 0.9751195 0.1123274
v -0.3959936 0.9288098 0.0420585
v -0.3005778 0.9447197 0.0415827
v -0.3443005 0.9751195 0.1123274
v -0.3440064 0.9288098 0.0420585
v -0.3700000 0.9468829 0.0841170
v -0.4394222 1.2552803 0.0415827
v -0.3956995 1.2248805 0.1123274
v -0.3959936 1.2711902 0.0420585
v -0.3005778 1.2552803 0.0415827
v -0.3443005 1.2248805 0.1123274
v -0.3440064 1.2711902 0.0420585
v -0.3700000 1.2531171 0.0841170
v -0.3700000 1.0508120 0.1539101
v -0.3700000 1.1491880 0.1539101
v -0.4394222 0.9447197 -0.0415827
v -0.3956995 0.9751195 -0.1123274
v -0.3959936 0.9288098 -0.0420585
v -0.3005778 0.9447197 -0.0415827
v -0.3443005 0.9751195 -0.1123274
v -0.3440064 0.9288098 -0.0420585
v -0.3700000 0.9468829 -0.0841170
v -0.4394222 1.2552803 -0.0415827
v -0.3956995 1.2248805 -0.1123274
v -0.3959936 1.2711902 -0.0420585
v -0.3005778 1.2552803 -0.0415827
v -0.3443005 1.2248805 -0.1123274
v -0.3440064 1.2711902 -0.0420585
v -0.3700000 1.2531171 -0.0841170
v -0.3700000 1.0508120 -0.1539101
v -0.3700000 1.1491880 -0.1539101
v -0.2589951 1.2263684 -0.0256995
v -0.2319730 1.1467805 -0.0694222
v -0.2759544 1.2238744 -0.0680521
v -0.2589951 0.9736316 -0.0256995
v -0.2319730 1.0532195 -0.0694222
v -0.2759544 0.9761256 -0.0680521
v -0.3284173 1.0219001 -0.1380270
v -0.2576726 1.0710880 -0.1110049
v -0.3019479 0.9941987 -0.1101106
v -0.3279415 1.0707572 -0.1521690
v -0.2598894 1.0234414 -0.0940456
v -0.3284173 1.1780999 -0.1380270
v -0.2576726 1.1289120 -0.1110049
v -0.3019479 1.2058013 -0.1101106
v -0.3279415 1.1292428 -0.1521690
v -0.2598894 1.1765586 -0.0940456
v -0.2858830 1.1000000 -0.1361041
v -0.2589951 1.2263684 0.0256995
v -0.2319730 1.1467805 0.0694222
v -0.2759544 1.2238744 0.0680521
v -0.2338959 1.1946316 0.0000000
v -0.2589951 0.9736316 0.0256995
v -0.2319730 1.0532195 0.0694222
v -0.2759544 0.9761256 0.0680521
v -0.2338959 1.0053684 0.0000000
v -0.3284173 1.0219001 0.1380270
v -0.2576726 1.0710880 0.1110049
v -0.3019479 0.9941987 0.1101106
v -0.3279415 1.0707572 0.1521690
v -0.2598894 1.0234414 0.0940456
v -0.3284173 1.1780999 0.1380270
v -0.2576726 1.1289120 0.1110049
v -0.3019479 1.2058013 0.1101106
v -0.3279415 1.1292428 0.1521690
v -0.2598894 1.1765586 0.0940456
v -0.2858830 1.1000000 0.1361041
v -0.2160899 1.1000000 -0.0437226
v -0.2160899 1.1000000 0.0437226
v -0.2178310 1.1473158 -0.0259936
v -0.2178310 1.0526842 -0.0259936
v -0.2178310 1.1473158 0.0259936
v -0.2178310 1.0526842 0.0259936
v -0.4810049 1.2263684 -0.0256995
v -0.5080270 1.1467805 -0.0694222
v -0.4640456 1.2238744 -0.0680521
v -0.4810049 0.9736316 -0.0256995
v -0.5080270 1.0532195 -0.0694222
v -0.4640456 0.9761256 -0.0680521
v -0.4115827 1.0219001 -0.1380270
v -0.4823274 1.0710880 -0.1110049
v -0.4380521 0.9941987 -0.1101106
v -0.4120585 1.0707572 -0.1521690
v -0.4801106 1.0234414 -0.0940456
v -0.4115827 1.1780999 -0.1380270
v -0.4823274 1.1289120 -0.1110049
v -0.4380521 1.2058013 -0.1101106
v -0.4120585 1.1292428 -0.1521690
v -0.4801106 1.1765586 -0.0940456
v -0.4541170 1.1000000 -0.1361041
v -0.4810049 1.2263684 0.0256995
v -0.5080270 1.1467805 0.0694222
v -0.4640456 1.2238744 0.0680521
v -0.5061041 1.1946316 0.0000000
v -0.4810049 0.9736316 0.0256995
v -0.5080270 1.0532195 0.0694222
v -0.4640456 0.9761256 0.0680521
v -0.5061041 1.0053684 0.0000000
v -0.4115827 1.0219001 0.1380270
v -0.4823274 1.0710880 0.1110049
v -0.4380521 0.9941987 0.1101106
v -0.4120585 1.0707572 0.1521690
v -0.4801106 1.0234414 0.0940456
v -0.4115827 1.1780999 0.1380270
v -0.4823274 1.1289120 0.1110049
v -0.4380521 1.2058013 0.1101106
v -0.4120585 1.1292428 0.1521690
v -0.4801106 1.1765586 0.0940456
v -0.4541170 1.1000000 0.1361041
v -0.5239101 1.1000000 -0.0437226
v -0.5239101 1.1000000 0.0437226
v -0.5221690 1.1473158 -0.0259936
v -0.5221690 1.0526842 -0.0259936
v -0.5221690 1.1473158 0.0259936
v -0.5221690 1.0526842 0.0259936
v -0.4167544 1.0137968 0.0181078
v -0.3926821 1.0049985 0.0227521
v -0.3731109 0.9883603 0.0270646
v -0.3604013 0.9658892 0.0305249
v -0.3560864 0.9402954 0.0327158
v -0.4306865 0.5246661 0.0433729
v -0.4436469 0.5020923 0.0424171
v -0.4634043 0.4852970 0.0399636
v -0.4875757 0.4763058 0.0363084
v -0.5132456 0.4762032 0.0318922
v -0.3999877 1.0066679 0.0367226
v -0.3868409 0.9914979 0.0533205
v -0.3788997 0.9701164 0.0658995
v -0.3771220 0.9451025 0.0729422
v -0.4517221 0.5294731 0.0835994
v -0.4621453 0.5063196 0.0777917
v -0.4771343 0.4884346 0.0662196
v -0.4948812 0.4779752 0.0502789
v -0.4140027 1.0093605 0.0436265
v -0.4131805 0.9965582 0.0662955
v -0.4143870 0.9769342 0.0833806
v -0.4174766 0.9528554 0.0928210
v -0.4920768 0.5372260 0.1034782
v -0.4976326 0.5131374 0.0952728
v -0.5034739 0.4934949 0.0791946
v -0.5088963 0.4806678 0.0571827
v -0.4293739 1.0120476 0.0408266
v -0.4420689 1.0016084 0.0610335
v -0.4533082 0.9837383 0.0762911
v -0.4617362 0.9605927 0.0847592
v -0.5363364 0.5449633 0.0954164
v -0.5365538 0.5199414 0.0881833
v -0.5323623 0.4985451 0.0739326
v -0.5242675 0.4833549 0.0543829
v -0.4402300 1.0137030 0.0293925
v -0.4624717 1.0047194 0.0395444
v -0.4807968 0.9879298 0.0473390
v -0.4929951 0.9653591 0.0518360
v -0.5675953 0.5497297 0.0624932
v -0.5640424 0.5241329 0.0592312
v -0.5527651 0.5016561 0.0524435
v -0.5351236 0.4850103 0.0429488
v -0.4424243 1.0136942 0.0136916
v -0.4665957 1.0047030 0.0100364
v -0.4863531 0.9879077 0.0075829
v -0.4993135 0.9653339 0.0066271
v -0.5739136 0.5497046 0.0172842
v -0.5695987 0.5241108 0.0194751
v -0.5568891 0.5016397 0.0229354
v -0.5373179 0.4850015 0.0272479
v -0.4351188 1.0120248 -0.0002789
v -0.4528657 1.0015654 -0.0162196
v -0.4678547 0.9836804 -0.0277917
v -0.4782779 0.9605269 -0.0335994
v -0.5528780 0.5448975 -0.0229422
v -0.5511003 0.5198836 -0.0158995
v -0.5431591 0.4985021 -0.0033205
v -0.5300123 0.4833321 0.0132774
v -0.4211037 1.0093322 -0.0071827
v -0.4265261 0.9965051 -0.0291946
v -0.4323674 0.9768626 -0.0452728
v -0.4379232 0.9527740 -0.0534782
v -0.5125234 0.5371446 -0.0428210
v -0.5156130 0.5130658 -0.0333806
v -0.5168195 0.4934418 -0.0162955
v -0.5159973 0.4806395 0.0063735
v -0.4057325 1.0066451 -0.0043829
v -0.3976377 0.9914549 -0.0239326
v -0.3934462 0.9700586 -0.0381833
v -0.3936636 0.9450367 -0.0454164
v -0.4682638 0.5294073 -0.0347592
v -0.4766918 0.5062617 -0.0262911
v -0.4879311 0.4883916 -0.0110335
v -0.5006261 0.4779524 0.0091734
v -0.3948764 1.0049897 0.0070512
v -0.3772349 0.9883439 -0.0024435
v -0.3659576 0.9658671 -0.0092312
v -0.3624047 0.9402703 -0.0124932
v -0.4370049 0.5246409 -0.0018360
v -0.4492032 0.5020702 0.0026610
v -0.4675283 0.4852806 0.0104556
v -0.4897700 0.4762970 0.0206075
v -0.5046278 0.5477507 0.0200000
v -0.4852848 0.5424384 0.0218374
v -0.4689229 0.5308013 0.0234532
v -0.4575154 0.5142429 0.0246524
v -0.4524383 0.4947605 0.0252905
v -0.4943040 0.0447039 0.0252905
v -0.5028875 0.0264922 0.0246524
v -0.5171535 0.0123221 0.0234532
v -0.5353812 0.0039026 0.0218374
v -0.5553722 0.0022493 0.0200000
v -0.4901162 0.5428878 0.0330963
v -0.4780029 0.5316459 0.0446131
v -0.4697489 0.5153809 0.0531611
v -0.4663498 0.4960546 0.0577094
v -0.5082155 0.0459980 0.0577094
v -0.5151211 0.0276302 0.0531611
v -0.5262335 0.0131668 0.0446131
v -0.5402126 0.0043521 0.0330963
v -0.5006143 0.5438644 0.0393529
v -0.4977329 0.5334813 0.0563716
v -0.4963310 0.5178537 0.0690034
v -0.4965778 0.4988665 0.0757246
v -0.5384436 0.0488099 0.0757246
v -0.5417032 0.0301030 0.0690034
v -0.5459635 0.0150021 0.0563716
v -0.5507107 0.0053286 0.0393529
v -0.5127692 0.5449951 0.0382174
v -0.5205766 0.5356063 0.0542375
v -0.5271082 0.5207167 0.0661280
v -0.5315764 0.5021222 0.0724549
v -0.5734421 0.0520656 0.0724549
v -0.5724804 0.0329660 0.0661280
v -0.5688072 0.0171271 0.0542375
v -0.5628656 0.0064593 0.0382174
v -0.5219381 0.5458480 0.0301234
v -0.5378084 0.5372092 0.0390258
v -0.5503247 0.5228763 0.0456333
v -0.5579771 0.5045781 0.0491492
v -0.5998429 0.0545215 0.0491492
v -0.5956968 0.0351257 0.0456333
v -0.5860391 0.0187301 0.0390258
v -0.5720344 0.0073122 0.0301234
v -0.5246188 0.5460974 0.0181626
v -0.5428465 0.5376779 0.0165468
v -0.5571125 0.5235078 0.0153476
v -0.5656960 0.5052961 0.0147095
v -0.6075617 0.0552395 0.0147095
v -0.6024846 0.0357571 0.0153476
v -0.5910771 0.0191987 0.0165468
v -0.5747152 0.0075616 0.0181626
v -0.5197874 0.5456479 0.0069037
v -0.5337665 0.5368332 -0.0046131
v -0.5448789 0.5223698 -0.0131611
v -0.5517845 0.5040020 -0.0177094
v -0.5936502 0.0539454 -0.0177094
v -0.5902511 0.0346191 -0.0131611
v -0.5819971 0.0183541 -0.0046131
v -0.5698838 0.0071122 0.0069037
v -0.5092893 0.5446714 0.0006471
v -0.5140365 0.5349979 -0.0163716
v -0.5182968 0.5198970 -0.0290034
v -0.5215564 0.5011901 -0.0357246
v -0.5634222 0.0511335 -0.0357246
v -0.5636690 0.0321463 -0.0290034
v -0.5622671 0.0165187 -0.0163716
v -0.5593857 0.0061356 0.0006471
v -0.4971344 0.5435407 0.0017826
v -0.4911928 0.5328729 -0.0142375
v -0.4875196 0.5170340 -0.0261280
v -0.4865579 0.4979344 -0.0324549
v -0.5284236 0.0478778 -0.0324549
v -0.5328918 0.0292833 -0.0261280
v -0.5394234 0.0143937 -0.0142375
v -0.5472308 0.0050049 0.0017826
v -0.4879656 0.5426878 0.0098766
v -0.4739609 0.5312699 0.0009742
v -0.4643032 0.5148743 -0.0056333
v -0.4601571 0.4954785 -0.0091492
v -0.5020229 0.0454219 -0.0091492
v -0.5096753 0.0271237 -0.0056333
v -0.5221916 0.0127908 0.0009742
v -0.5380619 0.0041520 0.0098766
v -0.2546316 -0.2843503 -0.0800000
v -0.0653684 -0.2843503 -0.0800000
v -0.2546316 -0.6756497 -0.0800000
v -0.0653684 -0.6756497 -0.0800000
v -0.1600000 -0.6009182 0.0475976
v -0.1600000 -0.3590818 0.0475976
v -0.1600000 -0.6009182 -0.2075976
v -0.1600000 -0.3590818 -0.2075976
v -0.0068829 -0.4800000 -0.1588597
v -0.0068829 -0.4800000 -0.0011403
v -0.3131171 -0.4800000 -0.1588597
v -0.3131171 -0.4800000 -0.0011403
v -0.1600000 -0.2500000 -0.0800000
v -0.1600000 -0.7100000 -0.0800000
v -0.2156231 -0.6660739 -0.0050000
v -0.1043769 -0.6660739 -0.0050000
v -0.2156231 -0.2939261 -0.0050000
v -0.1043769 -0.2939261 -0.0050000
v -0.1600000 -0.4800000 0.0700000
v -0.2156231 -0.6660739 -0.1550000
v -0.1043769 -0.6660739 -0.1550000
v -0.2156231 -0.2939261 -0.1550000
v -0.1043769 -0.2939261 -0.1550000
v -0.1600000 -0.4800000 -0.2300000
v -0.0143769 -0.3650000 -0.1263525
v -0.0143769 -0.5950000 -0.1263525
v -0.0700000 -0.5510739 -0.2013525
v -0.0700000 -0.4089261 -0.2013525
v -0.0143769 -0.3650000 -0.0336475
v -0.0143769 -0.5950000 -0.0336475
v -0.0700000 -0.5510739 0.0413525
v -0.0700000 -0.4089261 0.0413525
v 0.0200000 -0.4800000 -0.0800000
v -0.3056231 -0.3650000 -0.1263525
v -0.3056231 -0.5950000 -0.1263525
v -0.2500000 -0.5510739 -0.2013525
v -0.2500000 -0.4089261 -0.2013525
v -0.3056231 -0.3650000 -0.0336475
v -0.3056231 -0.5950000 -0.0336475
v -0.2500000 -0.5510739 0.0413525
v -0.2500000 -0.4089261 0.0413525
v -0.3400000 -0.4800000 -0.0800000
v -0.2091880 -0.2587542 -0.0800000
v -0.1108120 -0.2587542 -0.0800000
v -0.2091880 -0.7012458 -0.0800000
v -0.1108120 -0.7012458 -0.0800000
v -0.2380999 -0.6784138 -0.0410162
v -0.1889120 -0.6395695 0.0253070
v -0.1892428 -0.6987430 -0.0405702
v -0.0819001 -0.6784138 -0.0410162
v -0.1310880 -0.6395695 0.0253070
v -0.1307572 -0.6987430 -0.0405702
v -0.1600000 -0.6756497 -0.0011403
v -0.2380999 -0.2815862 -0.0410162
v -0.1889120 -0.3204305 0.0253070
v -0.1892428 -0.2612570 -0.0405702
v -0.0819001 -0.2815862 -0.0410162
v -0.1310880 -0.3204305 0.0253070
v -0.1307572 -0.2612570 -0.0405702
v -0.1600000 -0.2843503 -0.0011403
v -0.1600000 -0.5428513 0.0642908
v -0.1600000 -0.4171487 0.0642908
v -0.2380999 -0.6784138 -0.1189838
v -0.1889120 -0.6395695 -0.1853070
v -0.1892428 -0.6987430 -0.1194298
v -0.0819001 -0.6784138 -0.1189838
v -0.1310880 -0.6395695 -0.1853070
v -0.1307572 -0.6987430 -0.1194298
v -0.1600000 -0.6756497 -0.1588597
v -0.2380999 -0.2815862 -0.1189838
v -0.1889120 -0.3204305 -0.1853070
v -0.1892428 -0.2612570 -0.1194298
v -0.0819001 -0.2815862 -0.1189838
v -0.1310880 -0.3204305 -0.1853070
v -0.1307572 -0.2612570 -0.1194298
v -0.1600000 -0.2843503 -0.1588597
v -0.1600000 -0.5428513 -0.2242908
v -0.1600000 -0.4171487 -0.2242908
v -0.0351195 -0.3185293 -0.1040933
v -0.0047197 -0.4202249 -0.1450833
v -0.0541987 -0.3217161 -0.1437988
v -0.0351195 -0.6414707 -0.1040933
v -0.0047197 -0.5397751 -0.1450833
v -0.0541987 -0.6382839 -0.1437988
v -0.1132195 -0.5797944 -0.2094003
v -0.0336316 -0.5169431 -0.1840671
v -0.0834414 -0.6151906 -0.1832286
v -0.1126842 -0.5173658 -0.2226585
v -0.0361256 -0.5778248 -0.1681678
v -0.1132195 -0.3802056 -0.2094003
v -0.0336316 -0.4430569 -0.1840671
v -0.0834414 -0.3448094 -0.1832286
v -0.1126842 -0.4426342 -0.2226585
v -0.0361256 -0.3821752 -0.1681678
v -0.0653684 -0.4800000 -0.2075976
v -0.0351195 -0.3185293 -0.0559067
v -0.0047197 -0.4202249 -0.0149167
v -0.0541987 -0.3217161 -0.0162012
v -0.0068829 -0.3590818 -0.0800000
v -0.0351195 -0.6414707 -0.0559067
v -0.0047197 -0.5397751 -0.0149167
v -0.0541987 -0.6382839 -0.0162012
v -0.0068829 -0.6009182 -0.0800000
v -0.1132195 -0.5797944 0.0494003
v -0.0336316 -0.5169431 0.0240671
v -0.0834414 -0.6151906 0.0232286
v -0.1126842 -0.5173658 0.0626585
v -0.0361256 -0.5778248 0.0081678
v -0.1132195 -0.3802056 0.0494003
v -0.0336316 -0.4430569 0.0240671
v -0.0834414 -0.3448094 0.0232286
v -0.1126842 -0.4426342 0.0626585
v -0.0361256 -0.3821752 0.0081678
v -0.0653684 -0.4800000 0.0475976
v 0.0131489 -0.4800000 -0.1209900
v 0.0131489 -0.4800000 -0.0390100
v 0.0111902 -0.4195409 -0.1043690
v 0.0111902 -0.5404591 -0.1043690
v 0.0111902 -0.4195409 -0.0556310
v 0.0111902 -0.5404591 -0.0556310
v -0.2848805 -0.3185293 -0.1040933
v -0.3152803 -0.4202249 -0.1450833
v -0.2658013 -0.3217161 -0.1437988
v -0.2848805 -0.6414707 -0.1040933
v -0.3152803 -0.5397751 -0.1450833
v -0.2658013 -0.6382839 -0.1437988
v -0.2067805 -0.5797944 -0.2094003
v -0.2863684 -0.5169431 -0.1840671
v -0.2365586 -0.6151906 -0.1832286
v -0.2073158 -0.5173658 -0.2226585
v -0.2838744 -0.5778248 -0.1681678
v -0.2067805 -0.3802056 -0.2094003
v -0.2863684 -0.4430569 -0.1840671
v -0.2365586 -0.3448094 -0.1832286
v -0.2073158 -0.4426342 -0.2226585
v -0.2838744 -0.3821752 -0.1681678
v -0.2546316 -0.4800000 -0.2075976
v -0.2848805 -0.3185293 -0.0559067
v -0.3152803 -0.4202249 -0.0149167
v -0.2658013 -0.3217161 -0.0162012
v -0.3131171 -0.3590818 -0.0800000
v -0.2848805 -0.6414707 -0.0559067
v -0.3152803 -0.5397751 -0.0149167
v -0.2658013 -0.6382839 -0.0162012
v -0.3131171 -0.6009182 -0.0800000
v -0.2067805 -0.5797944 0.0494003
v -0.2863684 -0.5169431 0.0240671
v -0.2365586 -0.6151906 0.0232286
v -0.2073158 -0.5173658 0.0626585
v -0.2838744 -0.5778248 0.0081678
v -0.2067805 -0.3802056 0.0494003
v -0.2863684 -0.4430569 0.0240671
v -0.2365586 -0.3448094 0.0232286
v -0.2073158 -0.4426342 0.0626585
v -0.2838744 -0.3821752 0.0081678
v -0.2546316 -0.4800000 0.0475976
v -0.3331489 -0.4800000 -0.1209900
v -0.3331489 -0.4800000 -0.0390100
v -0.3311902 -0.4195409 -0.1043690
v -0.3311902 -0.5404591 -0.1043690
v -0.3311902 -0.4195409 -0.0556310
v -0.3311902 -0.5404591 -0.0556310
v -0.1571443 -0.4700510 0.0514278
v -0.1231428 -0.4770690 0.0523184
v -0.0935868 -0.4952958 0.0529294
v -0.0720413 -0.5225331 0.0531870
v -0.0611048 -0.5554956 0.0530602
v -0.0820966 -1.2902075 0.0425644
v -0.0948969 -1.3224822 0.0417592
v -0.1179620 -1.3484266 0.0407418
v -0.1485097 -1.3649117 0.0396350
v -0.1828557 -1.3699490 0.0385722
v -0.1302515 -0.4771503 0.0722251
v -0.1069468 -0.4954486 0.0903417
v -0.0900411 -0.5227389 0.1035924
v -0.0815735 -0.5557296 0.1103792
v -0.1025653 -1.2904416 0.0998833
v -0.1128968 -1.3226879 0.0921646
v -0.1313220 -1.3485794 0.0781541
v -0.1556185 -1.3649930 0.0595416
v -0.1476981 -0.4768222 0.0841550
v -0.1397358 -0.4948321 0.1127626
v -0.1342175 -0.5219083 0.1338001
v -0.1318091 -0.5547851 0.1447300
v -0.1528008 -1.2894970 0.1342341
v -0.1570732 -1.3218573 0.1223722
v -0.1641109 -1.3479628 0.1005750
v -0.1730651 -1.3646649 0.0714715
v -0.1688187 -0.4762102 0.0835514
v -0.1794294 -0.4936818 0.1116281
v -0.1876966 -0.5203585 0.1322716
v -0.1926232 -0.5530227 0.1429919
v -0.2136150 -1.2877346 0.1324960
v -0.2105523 -1.3203075 0.1208438
v -0.2038045 -1.3468125 0.0994405
v -0.1941856 -1.3640529 0.0708679
v -0.1855458 -0.4755479 0.0706448
v -0.2108660 -0.4924370 0.0873716
v -0.2300511 -0.5186815 0.0995909
v -0.2407869 -0.5511157 0.1058288
v -0.2617787 -1.2858276 0.0953329
v -0.2529068 -1.3186305 0.0881630
v -0.2352412 -1.3455678 0.0751840
v -0.2109127 -1.3633906 0.0579613
v -0.1914903 -0.4750883 0.0503650
v -0.2220380 -0.4915734 0.0492582
v -0.2451031 -0.5175178 0.0482408
v -0.2579034 -0.5497925 0.0474356
v -0.2788952 -1.2845044 0.0369398
v -0.2679587 -1.3174669 0.0368130
v -0.2464132 -1.3447042 0.0370706
v -0.2168572 -1.3629310 0.0376816
v -0.1843815 -0.4750070 0.0304584
v -0.2086780 -0.4914206 0.0118459
v -0.2271032 -0.5173121 -0.0021646
v -0.2374347 -0.5495584 -0.0098833
v -0.2584265 -1.2842704 -0.0203792
v -0.2499589 -1.3172611 -0.0135924
v -0.2330532 -1.3445514 -0.0003417
v -0.2097485 -1.3628497 0.0177749
v -0.1669349 -0.4753351 0.0185285
v -0.1758891 -0.4920372 -0.0105750
v -0.1829268 -0.5181427 -0.0323722
v -0.1871992 -0.5505030 -0.0442341
v -0.2081909 -1.2852149 -0.0547300
v -0.2057825 -1.3180917 -0.0438001
v -0.2002642 -1.3451679 -0.0227626
v -0.1923019 -1.3631778 0.0058450
v -0.1458144 -0.4759471 0.0191321
v -0.1361955 -0.4931875 -0.0094405
v -0.1294477 -0.5196925 -0.0308438
v -0.1263850 -0.5522654 -0.0424960
v -0.1473768 -1.2869773 -0.0529919
v -0.1523034 -1.3196415 -0.0422716
v -0.1605706 -1.3463182 -0.0216281
v -0.1711813 -1.3637898 0.0064486
v -0.1290873 -0.4766094 0.0320387
v -0.1047588 -0.4944322 0.0148160
v -0.0870932 -0.5213695 0.0018370
v -0.0782213 -0.5541724 -0.0053329
v -0.0992131 -1.2888843 -0.0158288
v -0.1099489 -1.3213185 -0.0095909
v -0.1291340 -1.3475630 0.0026284
v -0.1544542 -1.3644521 0.0193552
v -0.1361978 -0.4950851 -0.0700000
v -0.1074136 -0.5015052 -0.0686996
v -0.0825598 -0.5173929 -0.0675560
v -0.0646341 -0.5408320 -0.0667072
v -0.0557986 -0.5689953 -0.0662556
v -0.0871191 -1.2684860 -0.0662556
v -0.0984362 -1.2957469 -0.0667072
v -0.1183850 -1.3174901 -0.0675560
v -0.1445593 -1.3310930 -0.0686996
v -0.1738022 -1.3349149 -0.0700000
v -0.1137183 -0.5012229 -0.0518771
v -0.0944087 -0.5168624 -0.0359401
v -0.0805981 -0.5401172 -0.0241113
v -0.0739522 -0.5681825 -0.0178173
v -0.1052727 -1.2676731 -0.0178173
v -0.1144003 -1.2950321 -0.0241113
v -0.1302339 -1.3169596 -0.0359401
v -0.1508640 -1.3308107 -0.0518771
v -0.1286970 -0.5005522 -0.0419770
v -0.1225595 -0.5156019 -0.0173340
v -0.1185255 -0.5384190 0.0009568
v -0.1170817 -0.5662513 0.0106891
v -0.1484022 -1.2657420 0.0106891
v -0.1523277 -1.2933339 0.0009568
v -0.1583847 -1.3156991 -0.0173340
v -0.1658427 -1.3301400 -0.0419770
v -0.1466283 -0.4997493 -0.0427807
v -0.1562594 -0.5140929 -0.0188444
v -0.1639293 -0.5363860 -0.0010783
v -0.1687130 -0.5639395 0.0083749
v -0.2000334 -1.2634301 0.0083749
v -0.1977314 -1.2913009 -0.0010783
v -0.1920846 -1.3141902 -0.0188444
v -0.1837741 -1.3293372 -0.0427807
v -0.1606632 -0.4991209 -0.0539812
v -0.1826362 -0.5129119 -0.0398946
v -0.1994668 -0.5347947 -0.0294391
v -0.2091247 -0.5621300 -0.0238758
v -0.2404452 -1.2616206 -0.0238758
v -0.2332689 -1.2897096 -0.0294391
v -0.2184615 -1.3130091 -0.0398946
v -0.1978089 -1.3287087 -0.0539812
v -0.1654407 -0.4989070 -0.0713004
v -0.1916150 -0.5125099 -0.0724440
v -0.2115638 -0.5342531 -0.0732928
v -0.2228809 -0.5615140 -0.0737444
v -0.2542014 -1.2610047 -0.0737444
v -0.2453659 -1.2891680 -0.0732928
v -0.2274402 -1.3126071 -0.0724440
v -0.2025864 -1.3284948 -0.0713004
v -0.1591360 -0.4991893 -0.0881229
v -0.1797661 -0.5130404 -0.1040599
v -0.1955997 -0.5349679 -0.1158887
v -0.2047273 -0.5623269 -0.1221827
v -0.2360478 -1.2618175 -0.1221827
v -0.2294019 -1.2898828 -0.1158887
v -0.2155913 -1.3131376 -0.1040599
v -0.1962817 -1.3287771 -0.0881229
v -0.1441573 -0.4998600 -0.0980230
v -0.1516153 -0.5143009 -0.1226660
v -0.1576723 -0.5366661 -0.1409568
v -0.1615978 -0.5642580 -0.1506891
v -0.1929183 -1.2637487 -0.1506891
v -0.1914745 -1.2915810 -0.1409568
v -0.1874405 -1.3143981 -0.1226660
v -0.1813030 -1.3294478 -0.0980230
v -0.1262259 -0.5006628 -0.0972193
v -0.1179154 -0.5158098 -0.1211556
v -0.1122686 -0.5386991 -0.1389217
v -0.1099666 -0.5665699 -0.1483749
v -0.1412870 -1.2660605 -0.1483749
v -0.1460707 -1.2936140 -0.1389217
v -0.1537406 -1.3159071 -0.1211556
v -0.1633717 -1.3302507 -0.0972193
v -0.1121911 -0.5012913 -0.0860188
v -0.0915385 -0.5169909 -0.1001054
v -0.0767311 -0.5402904 -0.1105609
v -0.0695548 -0.5683794 -0.1161242
v -0.1008753 -1.2678700 -0.1161242
v -0.1105332 -1.2952053 -0.1105609
v -0.1273638 -1.3170881 -0.1001054
v -0.1493368 -1.3308791 -0.0860188
v -0.1800000 -1.3850000 -0.0200000
v -0.1543485 -1.3895231 -0.0200000
v -0.1317909 -1.4025467 -0.0200000
v -0.1150481 -1.4225000 -0.0200000
v -0.1061394 -1.4469764 -0.0200000
v -0.1061394 -1.9930236 -0.0200000
v -0.1150481 -2.0175000 -0.0200000
v -0.1317909 -2.0374533 -0.0200000
v -0.1543485 -2.0504769 -0.0200000
v -0.1800000 -2.0550000 -0.0200000
v -0.1592475 -1.3895231 -0.0049224
v -0.1409980 -1.4025467 0.0083366
v -0.1274528 -1.4225000 0.0181778
v -0.1202455 -1.4469764 0.0234142
v -0.1202455 -1.9930236 0.0234142
v -0.1274528 -2.0175000 0.0181778
v -0.1409980 -2.0374533 0.0083366
v -0.1592475 -2.0504769 -0.0049224
v -0.1720732 -1.3895231 0.0043960
v -0.1651026 -1.4025467 0.0258496
v -0.1599288 -1.4225000 0.0417729
v -0.1571758 -1.4469764 0.0502456
v -0.1571758 -1.9930236 0.0502456
v -0.1599288 -2.0175000 0.0417729
v -0.1651026 -2.0374533 0.0258496
v -0.1720732 -2.0504769 0.0043960
v -0.1879268 -1.3895231 0.0043960
v -0.1948974 -1.4025467 0.0258496
v -0.2000712 -1.4225000 0.0417729
v -0.2028242 -1.4469764 0.0502456
v -0.2028242 -1.9930236 0.0502456
v -0.2000712 -2.0175000 0.0417729
v -0.1948974 -2.0374533 0.0258496
v -0.1879268 -2.0504769 0.0043960
v -0.2007525 -1.3895231 -0.0049224
v -0.2190020 -1.4025467 0.0083366
v -0.2325472 -1.4225000 0.0181778
v -0.2397545 -1.4469764 0.0234142
v -0.2397545 -1.9930236 0.0234142
v -0.2325472 -2.0175000 0.0181778
v -0.2190020 -2.0374533 0.0083366
v -0.2007525 -2.0504769 -0.0049224
v -0.2056515 -1.3895231 -0.0200000
v -0.2282091 -1.4025467 -0.0200000
v -0.2449519 -1.4225000 -0.0200000
v -0.2538606 -1.4469764 -0.0200000
v -0.2538606 -1.9930236 -0.0200000
v -0.2449519 -2.0175000 -0.0200000
v -0.2282091 -2.0374533 -0.0200000
v -0.2056515 -2.0504769 -0.0200000
v -0.2007525 -1.3895231 -0.0350776
v -0.2190020 -1.4025467 -0.0483366
v -0.2325472 -1.4225000 -0.0581778
v -0.2397545 -1.4469764 -0.0634142
v -0.2397545 -1.9930236 -0.0634142
v -0.2325472 -2.0175000 -0.0581778
v -0.2190020 -2.0374533 -0.0483366
v -0.2007525 -2.0504769 -0.0350776
v -0.1879268 -1.3895231 -0.0443960
v -0.1948974 -1.4025467 -0.0658496
v -0.2000712 -1.4225000 -0.0817729
v -0.2028242 -1.4469764 -0.0902456
v -0.2028242 -1.9930236 -0.0902456
v -0.2000712 -2.0175000 -0.0817729
v -0.1948974 -2.0374533 -0.0658496
v -0.1879268 -2.0504769 -0.0443960
v -0.1720732 -1.3895231 -0.0443960
v -0.1651026 -1.4025467 -0.0658496
v -0.1599288 -1.4225000 -0.0817729
v -0.1571758 -1.4469764 -0.0902456
v -0.1571758 -1.9930236 -0.0902456
v -0.1599288 -2.0175000 -0.0817729
v -0.1651026 -2.0374533 -0.0658496
v -0.1720732 -2.0504769 -0.0443960
v -0.1592475 -1.3895231 -0.0350776
v -0.1409980 -1.4025467 -0.0483366
v -0.1274528 -1.4225000 -0.0581778
v -0.1202455 -1.4469764 -0.0634142
v -0.1202455 -1.9930236 -0.0634142
v -0.1274528 -2.0175000 -0.0581778
v -0.1409980 -2.0374533 -0.0483366
v -0.1592475 -2.0504769 -0.0350776
v 0.2858830 1.2531171 0.0000000
v 0.4541170 1.2531171 0.0000000
v 0.2858830 0.9468829 0.0000000
v 0.4541170 0.9468829 0.0000000
v 0.3700000 1.0053684 0.1361041
v 0.3700000 1.1946316 0.1361041
v 0.3700000 1.0053684 -0.1361041
v 0.3700000 1.1946316 -0.1361041
v 0.5061041 1.1000000 -0.0841170
v 0.5061041 1.1000000 0.0841170
v 0.2338959 1.1000000 -0.0841170
v 0.2338959 1.1000000 0.0841170
v 0.3700000 1.2800000 0.0000000
v 0.3700000 0.9200000 0.0000000
v 0.3205573 0.9543769 0.0800000
v 0.4194427 0.9543769 0.0800000
v 0.3205573 1.2456231 0.0800000
v 0.4194427 1.2456231 0.0800000
v 0.3700000 1.1000000 0.1600000
v 0.3205573 0.9543769 -0.0800000
v 0.4194427 0.9543769 -0.0800000
v 0.3205573 1.2456231 -0.0800000
v 0.4194427 1.2456231 -0.0800000
v 0.3700000 1.1000000 -0.1600000
v 0.4994427 1.1900000 -0.0494427
v 0.4994427 1.0100000 -0.0494427
v 0.4500000 1.0443769 -0.1294427
v 0.4500000 1.1556231 -0.1294427
v 0.4994427 1.1900000 0.0494427
v 0.4994427 1.0100000 0.0494427
v 0.4500000 1.0443769 0.1294427
v 0.4500000 1.1556231 0.1294427
v 0.5300000 1.1000000 0.0000000
v 0.2405573 1.1900000 -0.0494427
v 0.2405573 1.0100000 -0.0494427
v 0.2900000 1.0443769 -0.1294427
v 0.2900000 1.1556231 -0.1294427
v 0.2405573 1.1900000 0.0494427
v 0.2405573 1.0100000 0.0494427
v 0.2900000 1.0443769 0.1294427
v 0.2900000 1.1556231 0.1294427
v 0.2100000 1.1000000 0.0000000
v 0.3262774 1.2731489 0.0000000
v 0.4137226 1.2731489 0.0000000
v 0.3262774 0.9268511 0.0000000
v 0.4137226 0.9268511 0.0000000
v 0.3005778 0.9447197 0.0415827
v 0.3443005 0.9751195 0.1123274
v 0.3440064 0.9288098 0.0420585
v 0.4394222 0.9447197 0.0415827
v 0.3956995 0.9751195 0.1123274
v 0.3959936 0.9288098 0.0420585
v 0.3700000 0.9468829 0.0841170
v 0.3005778 1.2552803 0.0415827
v 0.3443005 1.2248805 0.1123274
v 0.3440064 1.2711902 0.0420585
v 0.4394222 1.2552803 0.0415827
v 0.3956995 1.2248805 0.1123274
v 0.3959936 1.2711902 0.0420585
v 0.3700000 1.2531171 0.0841170
v 0.3700000 1.0508120 0.1539101
v 0.3700000 1.1491880 0.1539101
v 0.3005778 0.9447197 -0.0415827
v 0.3443005 0.9751195 -0.1123274
v 0.3440064 0.9288098 -0.0420585
v 0.4394222 0.9447197 -0.0415827
v 0.3956995 0.9751195 -0.1123274
v 0.3959936 0.9288098 -0.0420585
v 0.3700000 0.9468829 -0.0841170
v 0.3005778 1.2552803 -0.0415827
v 0.3443005 1.2248805 -0.1123274
v 0.3440064 1.2711902 -0.0420585
v 0.4394222 1.2552803 -0.0415827
v 0.3956995 1.2248805 -0.1123274
v 0.3959936 1.2711902 -0.0420585
v 0.3700000 1.2531171 -0.0841170
v 0.3700000 1.0508120 -0.1539101
v 0.3700000 1.1491880 -0.1539101
v 0.4810049 1.2263684 -0.0256995
v 0.5080270 1.1467805 -0.0694222
v 0.4640456 1.2238744 -0.0680521
v 0.4810049 0.9736316 -0.0256995
v 0.5080270 1.0532195 -0.0694222
v 0.4640456 0.9761256 -0.0680521
v 0.4115827 1.0219001 -0.1380270
v 0.4823274 1.0710880 -0.1110049
v 0.4380521 0.9941987 -0.1101106
v 0.4120585 1.0707572 -0.1521690
v 0.4801106 1.0234414 -0.0940456
v 0.4115827 1.1780999 -0.1380270
v 0.4823274 1.1289120 -0.1110049
v 0.4380521 1.2058013 -0.1101106
v 0.4120585 1.1292428 -0.1521690
v 0.4801106 1.1765586 -0.0940456
v 0.4541170 1.1000000 -0.1361041
v 0.4810049 1.2263684 0.0256995
v 0.5080270 1.1467805 0.0694222
v 0.4640456 1.2238744 0.0680521
v 0.5061041 1.1946316 0.0000000
v 0.4810049 0.9736316 0.0256995
v 0.5080270 1.0532195 0.0694222
v 0.4640456 0.9761256 0.0680521
v 0.5061041 1.0053684 0.0000000
v 0.4115827 1.0219001 0.1380270
v 0.4823274 1.0710880 0.1110049
v 0.4380521 0.9941987 0.1101106
v 0.4120585 1.0707572 0.1521690
v 0.4801106 1.0234414 0.0940456
v 0.4115827 1.1780999 0.1380270
v 0.4823274 1.1289120 0.1110049
v 0.4380521 1.2058013 0.1101106
v 0.4120585 1.1292428 0.1521690
v 0.4801106 1.1765586 0.0940456
v 0.4541170 1.1000000 0.1361041
v 0.5239101 1.1000000 -0.0437226
v 0.5239101 1.1000000 0.0437226
v 0.5221690 1.1473158 -0.0259936
v 0.5221690 1.0526842 -0.0259936
v 0.5221690 1.1473158 0.0259936
v 0.5221690 1.0526842 0.0259936
v 0.2589951 1.2263684 -0.0256995
v 0.2319730 1.1467805 -0.0694222
v 0.2759544 1.2238744 -0.0680521
v 0.2589951 0.9736316 -0.0256995
v 0.2319730 1.0532195 -0.0694222
v 0.2759544 0.9761256 -0.0680521
v 0.3284173 1.0219001 -0.1380270
v 0.2576726 1.0710880 -0.1110049
v 0.3019479 0.9941987 -0.1101106
v 0.3279415 1.0707572 -0.1521690
v 0.2598894 1.0234414 -0.0940456
v 0.3284173 1.1780999 -0.1380270
v 0.2576726 1.1289120 -0.1110049
v 0.3019479 1.2058013 -0.1101106
v 0.3279415 1.1292428 -0.1521690
v 0.2598894 1.1765586 -0.0940456
v 0.2858830 1.1000000 -0.1361041
v 0.2589951 1.2263684 0.0256995
v 0.2319730 1.1467805 0.0694222
v 0.2759544 1.2238744 0.0680521
v 0.2338959 1.1946316 0.0000000
v 0.2589951 0.9736316 0.0256995
v 0.2319730 1.0532195 0.0694222
v 0.2759544 0.9761256 0.0680521
v 0.2338959 1.0053684 0.0000000
v 0.3284173 1.0219001 0.1380270
v 0.2576726 1.0710880 0.1110049
v 0.3019479 0.9941987 0.1101106
v 0.3279415 1.0707572 0.1521690
v 0.2598894 1.0234414 0.0940456
v 0.3284173 1.1780999 0.1380270
v 0.2576726 1.1289120 0.1110049
v 0.3019479 1.2058013 0.1101106
v 0.3279415 1.1292428 0.1521690
v 0.2598894 1.1765586 0.0940456
v 0.2858830 1.1000000 0.1361041
v 0.2160899 1.1000000 -0.0437226
v 0.2160899 1.1000000 0.0437226
v 0.2178310 1.1473158 -0.0259936
v 0.2178310 1.0526842 -0.0259936
v 0.2178310 1.1473158 0.0259936
v 0.2178310 1.0526842 0.0259936
v 0.4167544 1.0137968 0.0181078
v 0.4424243 1.0136942 0.0136916
v 0.4665957 1.0047030 0.0100364
v 0.4863531 0.9879077 0.0075829
v 0.4993135 0.9653339 0.0066271
v 0.5739136 0.5497046 0.0172842
v 0.5695987 0.5241108 0.0194751
v 0.5568891 0.5016397 0.0229354
v 0.5373179 0.4850015 0.0272479
v 0.5132456 0.4762032 0.0318922
v 0.4402300 1.0137030 0.0293925
v 0.4624717 1.0047194 0.0395444
v 0.4807968 0.9879298 0.0473390
v 0.4929951 0.9653591 0.0518360
v 0.5675953 0.5497297 0.0624932
v 0.5640424 0.5241329 0.0592312
v 0.5527651 0.5016561 0.0524435
v 0.5351236 0.4850103 0.0429488
v 0.4293739 1.0120476 0.0408266
v 0.4420689 1.0016084 0.0610335
v 0.4533082 0.9837383 0.0762911
v 0.4617362 0.9605927 0.0847592
v 0.5363364 0.5449633 0.0954164
v 0.5365538 0.5199414 0.0881833
v 0.5323623 0.4985451 0.0739326
v 0.5242675 0.4833549 0.0543829
v 0.4140027 1.0093605 0.0436265
v 0.4131805 0.9965582 0.0662955
v 0.4143870 0.9769342 0.0833806
v 0.4174766 0.9528554 0.0928210
v 0.4920768 0.5372260 0.1034782
v 0.4976326 0.5131374 0.0952728
v 0.5034739 0.4934949 0.0791946
v 0.5088963 0.4806678 0.0571827
v 0.3999877 1.0066679 0.0367226
v 0.3868409 0.9914979 0.0533205
v 0.3788997 0.9701164 0.0658995
v 0.3771220 0.9451025 0.0729422
v 0.4517221 0.5294731 0.0835994
v 0.4621453 0.5063196 0.0777917
v 0.4771343 0.4884346 0.0662196
v 0.4948812 0.4779752 0.0502789
v 0.3926821 1.0049985 0.0227521
v 0.3731109 0.9883603 0.0270646
v 0.3604013 0.9658892 0.0305249
v 0.3560864 0.9402954 0.0327158
v 0.4306865 0.5246661 0.0433729
v 0.4436469 0.5020923 0.0424171
v 0.4634043 0.4852970 0.0399636
v 0.4875757 0.4763058 0.0363084
v 0.3948764 1.0049897 0.0070512
v 0.3772349 0.9883439 -0.0024435
v 0.3659576 0.9658671 -0.0092312
v 0.3624047 0.9402703 -0.0124932
v 0.4370049 0.5246409 -0.0018360
v 0.4492032 0.5020702 0.0026610
v 0.4675283 0.4852806 0.0104556
v 0.4897700 0.4762970 0.0206075
v 0.4057325 1.0066451 -0.0043829
v 0.3976377 0.9914549 -0.0239326
v 0.3934462 0.9700586 -0.0381833
v 0.3936636 0.9450367 -0.0454164
v 0.4682638 0.5294073 -0.0347592
v 0.4766918 0.5062617 -0.0262911
v 0.4879311 0.4883916 -0.0110335
v 0.5006261 0.4779524 0.0091734
v 0.4211037 1.0093322 -0.0071827
v 0.4265261 0.9965051 -0.0291946
v 0.4323674 0.9768626 -0.0452728
v 0.4379232 0.9527740 -0.0534782
v 0.5125234 0.5371446 -0.0428210
v 0.5156130 0.5130658 -0.0333806
v 0.5168195 0.4934418 -0.0162955
v 0.5159973 0.4806395 0.0063735
v 0.4351188 1.0120248 -0.0002789
v 0.4528657 1.0015654 -0.0162196
v 0.4678547 0.9836804 -0.0277917
v 0.4782779 0.9605269 -0.0335994
v 0.5528780 0.5448975 -0.0229422
v 0.5511003 0.5198836 -0.0158995
v 0.5431591 0.4985021 -0.0033205
v 0.5300123 0.4833321 0.0132774
v 0.5046278 0.5477507 0.0200000
v 0.5246188 0.5460974 0.0181626
v 0.5428465 0.5376779 0.0165468
v 0.5571125 0.5235078 0.0153476
v 0.5656960 0.5052961 0.0147095
v 0.6075617 0.0552395 0.0147095
v 0.6024846 0.0357571 0.0153476
v 0.5910771 0.0191987 0.0165468
v 0.5747152 0.0075616 0.0181626
v 0.5553722 0.0022493 0.0200000
v 0.5219381 0.5458480 0.0301234
v 0.5378084 0.5372092 0.0390258
v 0.5503247 0.5228763 0.0456333
v 0.5579771 0.5045781 0.0491492
v 0.5998429 0.0545215 0.0491492
v 0.5956968 0.0351257 0.0456333
v 0.5860391 0.0187301 0.0390258
v 0.5720344 0.0073122 0.0301234
v 0.5127692 0.5449951 0.0382174
v 0.5205766 0.5356063 0.0542375
v 0.5271082 0.5207167 0.0661280
v 0.5315764 0.5021222 0.0724549
v 0.5734421 0.0520656 0.0724549
v 0.5724804 0.0329660 0.0661280
v 0.5688072 0.0171271 0.0542375
v 0.5628656 0.0064593 0.0382174
v 0.5006143 0.5438644 0.0393529
v 0.4977329 0.5334813 0.0563716
v 0.4963310 0.5178537 0.0690034
v 0.4965778 0.4988665 0.0757246
v 0.5384436 0.0488099 0.0757246
v 0.5417032 0.0301030 0.0690034
v 0.5459635 0.0150021 0.0563716
v 0.5507107 0.0053286 0.0393529
v 0.4901162 0.5428878 0.0330963
v 0.4780029 0.5316459 0.0446131
v 0.4697489 0.5153809 0.0531611
v 0.4663498 0.4960546 0.0577094
v 0.5082155 0.0459980 0.0577094
v 0.5151211 0.0276302 0.0531611
v 0.5262335 0.0131668 0.0446131
v 0.5402126 0.0043521 0.0330963
v 0.4852848 0.5424384 0.0218374
v 0.4689229 0.5308013 0.0234532
v 0.4575154 0.5142429 0.0246524
v 0.4524383 0.4947605 0.0252905
v 0.4943040 0.0447039 0.0252905
v 0.5028875 0.0264922 0.0246524
v 0.5171535 0.0123221 0.0234532
v 0.5353812 0.0039026 0.0218374
v 0.4879656 0.5426878 0.0098766
v 0.4739609 0.5312699 0.0009742
v 0.4643032 0.5148743 -0.0056333
v 0.4601571 0.4954785 -0.0091492
v 0.5020229 0.0454219 -0.0091492
v 0.5096753 0.0271237 -0.0056333
v 0.5221916 0.0127908 0.0009742
v 0.5380619 0.0041520 0.0098766
v 0.4971344 0.5435407 0.0017826
v 0.4911928 0.5328729 -0.0142375
v 0.4875196 0.5170340 -0.0261280
v 0.4865579 0.4979344 -0.0324549
v 0.5284236 0.0478778 -0.0324549
v 0.5328918 0.0292833 -0.0261280
v 0.5394234 0.0143937 -0.0142375
v 0.5472308 0.0050049 0.0017826
v 0.5092893 0.5446714 0.0006471
v 0.5140365 0.5349979 -0.0163716
v 0.5182968 0.5198970 -0.0290034
v 0.5215564 0.5011901 -0.0357246
v 0.5634222 0.0511335 -0.0357246
v 0.5636690 0.0321463 -0.0290034
v 0.5622671 0.0165187 -0.0163716
v 0.5593857 0.0061356 0.0006471
v 0.5197874 0.5456479 0.0069037
v 0.5337665 0.5368332 -0.0046131
v 0.5448789 0.5223698 -0.0131611
v 0.5517845 0.5040020 -0.0177094
v 0.5936502 0.0539454 -0.0177094
v 0.5902511 0.0346191 -0.0131611
v 0.5819971 0.0183541 -0.0046131
v 0.5698838 0.0071122 0.0069037
v 0.0653684 -0.2843503 -0.0800000
v 0.2546316 -0.2843503 -0.0800000
v 0.0653684 -0.6756497 -0.0800000
v 0.2546316 -0.6756497 -0.0800000
v 0.1600000 -0.6009182 0.0475976
v 0.1600000 -0.3590818 0.0475976
v 0.1600000 -0.6009182 -0.2075976
v 0.1600000 -0.3590818 -0.2075976
v 0.3131171 -0.4800000 -0.1588597
v 0.3131171 -0.4800000 -0.0011403
v 0.0068829 -0.4800000 -0.1588597
v 0.0068829 -0.4800000 -0.0011403
v 0.1600000 -0.2500000 -0.0800000
v 0.1600000 -0.7100000 -0.0800000
v 0.1043769 -0.6660739 -0.0050000
v 0.2156231 -0.6660739 -0.0050000
v 0.1043769 -0.2939261 -0.0050000
v 0.2156231 -0.2939261 -0.0050000
v 0.1600000 -0.4800000 0.0700000
v 0.1043769 -0.6660739 -0.1550000
v 0.2156231 -0.6660739 -0.1550000
v 0.1043769 -0.2939261 -0.1550000
v 0.2156231 -0.2939261 -0.1550000
v 0.1600000 -0.4800000 -0.2300000
v 0.3056231 -0.3650000 -0.1263525
v 0.3056231 -0.5950000 -0.1263525
v 0.2500000 -0.5510739 -0.2013525
v 0.2500000 -0.4089261 -0.2013525
v 0.3056231 -0.3650000 -0.0336475
v 0.3056231 -0.5950000 -0.0336475
v 0.2500000 -0.5510739 0.0413525
v 0.2500000 -0.4089261 0.0413525
v 0.3400000 -0.4800000 -0.0800000
v 0.0143769 -0.3650000 -0.1263525
v 0.0143769 -0.5950000 -0.1263525
v 0.0700000 -0.5510739 -0.2013525
v 0.0700000 -0.4089261 -0.2013525
v 0.0143769 -0.3650000 -0.0336475
v 0.0143769 -0.5950000 -0.0336475
v 0.0700000 -0.5510739 0.0413525
v 0.0700000 -0.4089261 0.0413525
v -0.0200000 -0.4800000 -0.0800000
v 0.1108120 -0.2587542 -0.0800000
v 0.2091880 -0.2587542 -0.0800000
v 0.1108120 -0.7012458 -0.0800000
v 0.2091880 -0.7012458 -0.0800000
v 0.0819001 -0.6784138 -0.0410162
v 0.1310880 -0.6395695 0.0253070
v 0.1307572 -0.6987430 -0.0405702
v 0.2380999 -0.6784138 -0.0410162
v 0.1889120 -0.6395695 0.0253070
v 0.1892428 -0.6987430 -0.0405702
v 0.1600000 -0.6756497 -0.0011403
v 0.0819001 -0.2815862 -0.0410162
v 0.1310880 -0.3204305 0.0253070
v 0.1307572 -0.2612570 -0.0405702
v 0.2380999 -0.2815862 -0.0410162
v 0.1889120 -0.3204305 0.0253070
v 0.1892428 -0.2612570 -0.0405702
v 0.1600000 -0.2843503 -0.0011403
v 0.1600000 -0.5428513 0.0642908
v 0.1600000 -0.4171487 0.0642908
v 0.0819001 -0.6784138 -0.1189838
v 0.1310880 -0.6395695 -0.1853070
v 0.1307572 -0.6987430 -0.1194298
v 0.2380999 -0.6784138 -0.1189838
v 0.1889120 -0.6395695 -0.1853070
v 0.1892428 -0.6987430 -0.1194298
v 0.1600000 -0.6756497 -0.1588597
v 0.0819001 -0.2815862 -0.1189838
v 0.1310880 -0.3204305 -0.1853070
v 0.1307572 -0.2612570 -0.1194298
v 0.2380999 -0.2815862 -0.1189838
v 0.1889120 -0.3204305 -0.1853070
v 0.1892428 -0.2612570 -0.1194298
v 0.1600000 -0.2843503 -0.1588597
v 0.1600000 -0.5428513 -0.2242908
v 0.1600000 -0.4171487 -0.2242908
v 0.2848805 -0.3185293 -0.1040933
v 0.3152803 -0.4202249 -0.1450833
v 0.2658013 -0.3217161 -0.1437988
v 0.2848805 -0.6414707 -0.1040933
v 0.3152803 -0.5397751 -0.1450833
v 0.2658013 -0.6382839 -0.1437988
v 0.2067805 -0.5797944 -0.2094003
v 0.2863684 -0.5169431 -0.1840671
v 0.2365586 -0.6151906 -0.1832286
v 0.2073158 -0.5173658 -0.2226585
v 0.2838744 -0.5778248 -0.1681678
v 0.2067805 -0.3802056 -0.2094003
v 0.2863684 -0.4430569 -0.1840671
v 0.2365586 -0.3448094 -0.1832286
v 0.2073158 -0.4426342 -0.2226585
v 0.2838744 -0.3821752 -0.1681678
v 0.2546316 -0.4800000 -0.2075976
v 0.2848805 -0.3185293 -0.0559067
v 0.3152803 -0.4202249 -0.0149167
v 0.2658013 -0.3217161 -0.0162012
v 0.3131171 -0.3590818 -0.0800000
v 0.2848805 -0.6414707 -0.0559067
v 0.3152803 -0.5397751 -0.0149167
v 0.2658013 -0.6382839 -0.0162012
v 0.3131171 -0.6009182 -0.0800000
v 0.2067805 -0.5797944 0.0494003
v 0.2863684 -0.5169431 0.0240671
v 0.2365586 -0.6151906 0.0232286
v 0.2073158 -0.5173658 0.0626585
v 0.2838744 -0.5778248 0.0081678
v 0.2067805 -0.3802056 0.0494003
v 0.2863684 -0.4430569 0.0240671
v 0.2365586 -0.3448094 0.0232286
v 0.2073158 -0.4426342 0.0626585
v 0.2838744 -0.3821752 0.0081678
v 0.2546316 -0.4800000 0.0475976
v 0.3331489 -0.4800000 -0.1209900
v 0.3331489 -0.4800000 -0.0390100
v 0.3311902 -0.4195409 -0.1043690
v 0.3311902 -0.5404591 -0.1043690
v 0.3311902 -0.4195409 -0.0556310
v 0.3311902 -0.5404591 -0.0556310
v 0.0351195 -0.3185293 -0.1040933
v 0.0047197 -0.4202249 -0.1450833
v 0.0541987 -0.3217161 -0.1437988
v 0.0351195 -0.6414707 -0.1040933
v 0.0047197 -0.5397751 -0.1450833
v 0.0541987 -0.6382839 -0.1437988
v 0.1132195 -0.5797944 -0.2094003
v 0.0336316 -0.5169431 -0.1840671
v 0.0834414 -0.6151906 -0.1832286
v 0.1126842 -0.5173658 -0.2226585
v 0.0361256 -0.5778248 -0.1681678
v 0.1132195 -0.3802056 -0.2094003
v 0.0336316 -0.4430569 -0.1840671
v 0.0834414 -0.3448094 -0.1832286
v 0.1126842 -0.4426342 -0.2226585
v 0.0361256 -0.3821752 -0.1681678
v 0.0653684 -0.4800000 -0.2075976
v 0.0351195 -0.3185293 -0.0559067
v 0.0047197 -0.4202249 -0.0149167
v 0.0541987 -0.3217161 -0.0162012
v 0.0068829 -0.3590818 -0.0800000
v 0.0351195 -0.6414707 -0.0559067
v 0.0047197 -0.5397751 -0.0149167
v 0.0541987 -0.6382839 -0.0162012
v 0.0068829 -0.6009182 -0.0800000
v 0.1132195 -0.5797944 0.0494003
v 0.0336316 -0.5169431 0.0240671
v 0.0834414 -0.6151906 0.0232286
v 0.1126842 -0.5173658 0.0626585
v 0.0361256 -0.5778248 0.0081678
v 0.1132195 -0.3802056 0.0494003
v 0.0336316 -0.4430569 0.0240671
v 0.0834414 -0.3448094 0.0232286
v 0.1126842 -0.4426342 0.0626585
v 0.0361256 -0.3821752 0.0081678
v 0.0653684 -0.4800000 0.0475976
v -0.0131489 -0.4800000 -0.1209900
v -0.0131489 -0.4800000 -0.0390100
v -0.0111902 -0.4195409 -0.1043690
v -0.0111902 -0.5404591 -0.1043690
v -0.0111902 -0.4195409 -0.0556310
v -0.0111902 -0.5404591 -0.0556310
v 0.1571443 -0.4700510 0.0514278
v 0.1914903 -0.4750883 0.0503650
v 0.2220380 -0.4915734 0.0492582
v 0.2451031 -0.5175178 0.0482408
v 0.2579034 -0.5497925 0.0474356
v 0.2788952 -1.2845044 0.0369398
v 0.2679587 -1.3174669 0.0368130
v 0.2464132 -1.3447042 0.0370706
v 0.2168572 -1.3629310 0.0376816
v 0.1828557 -1.3699490 0.0385722
v 0.1855458 -0.4755479 0.0706448
v 0.2108660 -0.4924370 0.0873716
v 0.2300511 -0.5186815 0.0995909
v 0.2407869 -0.5511157 0.1058288
v 0.2617787 -1.2858276 0.0953329
v 0.2529068 -1.3186305 0.0881630
v 0.2352412 -1.3455678 0.0751840
v 0.2109127 -1.3633906 0.0579613
v 0.1688187 -0.4762102 0.0835514
v 0.1794294 -0.4936818 0.1116281
v 0.1876966 -0.5203585 0.1322716
v 0.1926232 -0.5530227 0.1429919
v 0.2136150 -1.2877346 0.1324960
v 0.2105523 -1.3203075 0.1208438
v 0.2038045 -1.3468125 0.0994405
v 0.1941856 -1.3640529 0.0708679
v 0.1476981 -0.4768222 0.0841550
v 0.1397358 -0.4948321 0.1127626
v 0.1342175 -0.5219083 0.1338001
v 0.1318091 -0.5547851 0.1447300
v 0.1528008 -1.2894970 0.1342341
v 0.1570732 -1.3218573 0.1223722
v 0.1641109 -1.3479628 0.1005750
v 0.1730651 -1.3646649 0.0714715
v 0.1302515 -0.4771503 0.0722251
v 0.1069468 -0.4954486 0.0903417
v 0.0900411 -0.5227389 0.1035924
v 0.0815735 -0.5557296 0.1103792
v 0.1025653 -1.2904416 0.0998833
v 0.1128968 -1.3226879 0.0921646
v 0.1313220 -1.3485794 0.0781541
v 0.1556185 -1.3649930 0.0595416
v 0.1231428 -0.4770690 0.0523184
v 0.0935868 -0.4952958 0.0529294
v 0.0720413 -0.5225331 0.0531870
v 0.0611048 -0.5554956 0.0530602
v 0.0820966 -1.2902075 0.0425644
v 0.0948969 -1.3224822 0.0417592
v 0.1179620 -1.3484266 0.0407418
v 0.1485097 -1.3649117 0.0396350
v 0.1290873 -0.4766094 0.0320387
v 0.1047588 -0.4944322 0.0148160
v 0.0870932 -0.5213695 0.0018370
v 0.0782213 -0.5541724 -0.0053329
v 0.0992131 -1.2888843 -0.0158288
v 0.1099489 -1.3213185 -0.0095909
v 0.1291340 -1.3475630 0.0026284
v 0.1544542 -1.3644521 0.0193552
v 0.1458144 -0.4759471 0.0191321
v 0.1361955 -0.4931875 -0.0094405
v 0.1294477 -0.5196925 -0.0308438
v 0.1263850 -0.5522654 -0.0424960
v 0.1473768 -1.2869773 -0.0529919
v 0.1523034 -1.3196415 -0.0422716
v 0.1605706 -1.3463182 -0.0216281
v 0.1711813 -1.3637898 0.0064486
v 0.1669349 -0.4753351 0.0185285
v 0.1758891 -0.4920372 -0.0105750
v 0.1829268 -0.5181427 -0.0323722
v 0.1871992 -0.5505030 -0.0442341
v 0.2081909 -1.2852149 -0.0547300
v 0.2057825 -1.3180917 -0.0438001
v 0.2002642 -1.3451679 -0.0227626
v 0.1923019 -1.3631778 0.0058450
v 0.1843815 -0.4750070 0.0304584
v 0.2086780 -0.4914206 0.0118459
v 0.2271032 -0.5173121 -0.0021646
v 0.2374347 -0.5495584 -0.0098833
v 0.2584265 -1.2842704 -0.0203792
v 0.2499589 -1.3172611 -0.0135924
v 0.2330532 -1.3445514 -0.0003417
v 0.2097485 -1.3628497 0.0177749
v 0.1361978 -0.4950851 -0.0700000
v 0.1654407 -0.4989070 -0.0713004
v 0.1916150 -0.5125099 -0.0724440
v 0.2115638 -0.5342531 -0.0732928
v 0.2228809 -0.5615140 -0.0737444
v 0.2542014 -1.2610047 -0.0737444
v 0.2453659 -1.2891680 -0.0732928
v 0.2274402 -1.3126071 -0.0724440
v 0.2025864 -1.3284948 -0.0713004
v 0.1738022 -1.3349149 -0.0700000
v 0.1606632 -0.4991209 -0.0539812
v 0.1826362 -0.5129119 -0.0398946
v 0.1994668 -0.5347947 -0.0294391
v 0.2091247 -0.5621300 -0.0238758
v 0.2404452 -1.2616206 -0.0238758
v 0.2332689 -1.2897096 -0.0294391
v 0.2184615 -1.3130091 -0.0398946
v 0.1978089 -1.3287087 -0.0539812
v 0.1466283 -0.4997493 -0.0427807
v 0.1562594 -0.5140929 -0.0188444
v 0.1639293 -0.5363860 -0.0010783
v 0.1687130 -0.5639395 0.0083749
v 0.2000334 -1.2634301 0.0083749
v 0.1977314 -1.2913009 -0.0010783
v 0.1920846 -1.3141902 -0.0188444
v 0.1837741 -1.3293372 -0.0427807
v 0.1286970 -0.5005522 -0.0419770
v 0.1225595 -0.5156019 -0.0173340
v 0.1185255 -0.5384190 0.0009568
v 0.1170817 -0.5662513 0.0106891
v 0.1484022 -1.2657420 0.0106891
v 0.1523277 -1.2933339 0.0009568
v 0.1583847 -1.3156991 -0.0173340
v 0.1658427 -1.3301400 -0.0419770
v 0.1137183 -0.5012229 -0.0518771
v 0.0944087 -0.5168624 -0.0359401
v 0.0805981 -0.5401172 -0.0241113
v 0.0739522 -0.5681825 -0.0178173
v 0.1052727 -1.2676731 -0.0178173
v 0.1144003 -1.2950321 -0.0241113
v 0.1302339 -1.3169596 -0.0359401
v 0.1508640 -1.3308107 -0.0518771
v 0.1074136 -0.5015052 -0.0686996
v 0.0825598 -0.5173929 -0.0675560
v 0.0646341 -0.5408320 -0.0667072
v 0.0557986 -0.5689953 -0.0662556
v 0.0871191 -1.2684860 -0.0662556
v 0.0984362 -1.2957469 -0.0667072
v 0.1183850 -1.3174901 -0.0675560
v 0.1445593 -1.3310930 -0.0686996
v 0.1121911 -0.5012913 -0.0860188
v 0.0915385 -0.5169909 -0.1001054
v 0.0767311 -0.5402904 -0.1105609
v 0.0695548 -0.5683794 -0.1161242
v 0.1008753 -1.2678700 -0.1161242
v 0.1105332 -1.2952053 -0.1105609
v 0.1273638 -1.3170881 -0.1001054
v 0.1493368 -1.3308791 -0.0860188
v 0.1262259 -0.5006628 -0.0972193
v 0.1179154 -0.5158098 -0.1211556
v 0.1122686 -0.5386991 -0.1389217
v 0.1099666 -0.5665699 -0.1483749
v 0.1412870 -1.2660605 -0.1483749
v 0.1460707 -1.2936140 -0.1389217
v 0.1537406 -1.3159071 -0.1211556
v 0.1633717 -1.3302507 -0.0972193
v 0.1441573 -0.4998600 -0.0980230
v 0.1516153 -0.5143009 -0.1226660
v 0.1576723 -0.5366661 -0.1409568
v 0.1615978 -0.5642580 -0.1506891
v 0.1929183 -1.2637487 -0.1506891
v 0.1914745 -1.2915810 -0.1409568
v 0.1874405 -1.3143981 -0.1226660
v 0.1813030 -1.3294478 -0.0980230
v 0.1591360 -0.4991893 -0.0881229
v 0.1797661 -0.5130404 -0.1040599
v 0.1955997 -0.5349679 -0.1158887
v 0.2047273 -0.5623269 -0.1221827
v 0.2360478 -1.2618175 -0.1221827
v 0.2294019 -1.2898828 -0.1158887
v 0.2155913 -1.3131376 -0.1040599
v 0.1962817 -1.3287771 -0.0881229
v 0.1800000 -1.3850000 -0.0200000
v 0.2056515 -1.3895231 -0.0200000
v 0.2282091 -1.4025467 -0.0200000
v 0.2449519 -1.4225000 -0.0200000
v 0.2538606 -1.4469764 -0.0200000
v 0.2538606 -1.9930236 -0.0200000
v 0.2449519 -2.0175000 -0.0200000
v 0.2282091 -2.0374533 -0.0200000
v 0.2056515 -2.0504769 -0.0200000
v 0.1800000 -2.0550000 -0.0200000
v 0.2007525 -1.3895231 -0.0049224
v 0.2190020 -1.4025467 0.0083366
v 0.2325472 -1.4225000 0.0181778
v 0.2397545 -1.4469764 0.0234142
v 0.2397545 -1.9930236 0.0234142
v 0.2325472 -2.0175000 0.0181778
v 0.2190020 -2.0374533 0.0083366
v 0.2007525 -2.0504769 -0.0049224
v 0.1879268 -1.3895231 0.0043960
v 0.1948974 -1.4025467 0.0258496
v 0.2000712 -1.4225000 0.0417729
v 0.2028242 -1.4469764 0.0502456
v 0.2028242 -1.9930236 0.0502456
v 0.2000712 -2.0175000 0.0417729
v 0.1948974 -2.0374533 0.0258496
v 0.1879268 -2.0504769 0.0043960
v 0.1720732 -1.3895231 0.0043960
v 0.1651026 -1.4025467 0.0258496
v 0.1599288 -1.4225000 0.0417729
v 0.1571758 -1.4469764 0.0502456
v 0.1571758 -1.9930236 0.0502456
v 0.1599288 -2.0175000 0.0417729
v 0.1651026 -2.0374533 0.0258496
v 0.1720732 -2.0504769 0.0043960
v 0.1592475 -1.3895231 -0.0049224
v 0.1409980 -1.4025467 0.0083366
v 0.1274528 -1.4225000 0.0181778
v 0.1202455 -1.4469764 0.0234142
v 0.1202455 -1.9930236 0.0234142
v 0.1274528 -2.0175000 0.0181778
v 0.1409980 -2.0374533 0.0083366
v 0.1592475 -2.0504769 -0.0049224
v 0.1543485 -1.3895231 -0.0200000
v 0.1317909 -1.4025467 -0.0200000
v 0.1150481 -1.4225000 -0.0200000
v 0.1061394 -1.4469764 -0.0200000
v 0.1061394 -1.9930236 -0.0200000
v 0.1150481 -2.0175000 -0.0200000
v 0.1317909 -2.0374533 -0.0200000
v 0.1543485 -2.0504769 -0.0200000
v 0.1592475 -1.3895231 -0.0350776
v 0.1409980 -1.4025467 -0.0483366
v 0.1274528 -1.4225000 -0.0581778
v 0.1202455 -1.4469764 -0.0634142
v 0.1202455 -1.9930236 -0.0634142
v 0.1274528 -2.0175000 -0.0581778
v 0.1409980 -2.0374533 -0.0483366
v 0.1592475 -2.0504769 -0.0350776
v 0.1720732 -1.3895231 -0.0443960
v 0.1651026 -1.4025467 -0.0658496
v 0.1599288 -1.4225000 -0.0817729
v 0.1571758 -1.4469764 -0.0902456
v 0.1571758 -1.9930236 -0.0902456
v 0.1599288 -2.0175000 -0.0817729
v 0.1651026 -2.0374533 -0.0658496
v 0.1720732 -2.0504769 -0.0443960
v 0.1879268 -1.3895231 -0.0443960
v 0.1948974 -1.4025467 -0.0658496
v 0.2000712 -1.4225000 -0.0817729
v 0.2028242 -1.4469764 -0.0902456
v 0.2028242 -1.9930236 -0.0902456
v 0.2000712 -2.0175000 -0.0817729
v 0.1948974 -2.0374533 -0.0658496
v 0.1879268 -2.0504769 -0.0443960
v 0.2007525 -1.3895231 -0.0350776
v 0.2190020 -1.4025467 -0.0483366
v 0.2325472 -1.4225000 -0.0581778
v 0.2397545 -1.4469764 -0.0634142
v 0.2397545 -1.9930236 -0.0634142
v 0.2325472 -2.0175000 -0.0581778
v 0.2190020 -2.0374533 -0.0483366
v 0.2007525 -2.0504769 -0.0350776
vn -0.5920866 0.8058743 0.0000000
vn 0.5920866 0.8058743 0.0000000
vn -0.5920866 -0.8058743 0.0000000
vn 0.5920866 -0.8058743 0.0000000
vn 0.0000000 -0.4250403 0.9051744
vn -0.0000000 0.4250403 0.9051744
vn 0.0000000 -0.4250403 -0.9051744
vn -0.0000000 0.4250403 -0.9051744
vn 0.8254861 0.0000000 -0.5644225
vn 0.8254861 -0.0000000 0.5644225
vn -0.8254861 0.0000000 -0.5644225
vn -0.8254861 0.0000000 0.5644225
vn -0.0000000 1.0000000 0.0000000
vn 0.0000000 -1.0000000 0.0000000
vn -0.3316448 -0.7329361 0.5939835
vn 0.3316448 -0.7329361 0.5939835
vn -0.3316448 0.7329361 0.5939835
vn 0.3316448 0.7329361 0.5939835
vn -0.0000000 0.0000000 1.0000000
vn -0.3316448 -0.7329361 -0.5939835
vn 0.3316448 -0.7329361 -0.5939835
vn -0.3316448 0.7329361 -0.5939835
vn 0.3316448 0.7329361 -0.5939835
vn 0.0000000 0.0000000 -1.0000000
vn 0.8312198 0.4314143 -0.3506499
vn 0.8312198 -0.4314143 -0.3506499
vn 0.4734514 -0.2459654 -0.8457806
vn 0.4734514 0.2459654 -0.8457806
vn 0.8312198 0.4314143 0.3506499
vn 0.8312198 -0.4314143 0.3506499
vn 0.4734514 -0.2459654 0.8457806
vn 0.4734514 0.2459654 0.8457806
vn 1.0000000 0.0000000 0.0000000
vn -0.8312198 0.4314143 -0.3506499
vn -0.8312198 -0.4314143 -0.3506499
vn -0.4734514 -0.2459654 -0.8457806
vn -0.4734514 0.2459654 -0.8457806
vn -0.8312198 0.4314143 0.3506499
vn -0.8312198 -0.4314143 0.3506499
vn -0.4734514 -0.2459654 0.8457806
vn -0.4734514 0.2459654 0.8457806
vn -1.0000000 -0.0000000 0.0000000
vn -0.3224388 0.9465903 0.0000000
vn 0.3224388 0.9465903 0.0000000
vn -0.3224388 -0.9465903 0.0000000
vn 0.3224388 -0.9465903 0.0000000
vn -0.4860855 -0.8135757 0.3190854
vn -0.1616698 -0.5919696 0.7895789
vn -0.1770276 -0.9233745 0.3406477
vn 0.4860855 -0.8135757 0.3190854
vn 0.1616698 -0.5919696 0.7895789
vn 0.1770276 -0.9233745 0.3406477
vn 0.0000000 -0.7846277 0.6199672
vn -0.4860855 0.8135757 0.3190854
vn -0.1616698 0.5919696 0.7895789
vn -0.1770276 0.9233745 0.3406477
vn 0.4860855 0.8135757 0.3190854
vn 0.1616698 0.5919696 0.7895789
vn 0.1770276 0.9233745 0.3406477
vn 0.0000000 0.7846277 0.6199672
vn 0.0000000 -0.2129020 0.9770736
vn -0.0000000 0.2129020 0.9770736
vn -0.4860855 -0.8135757 -0.3190854
vn -0.1616698 -0.5919696 -0.7895789
vn -0.1770276 -0.9233745 -0.3406477
vn 0.4860855 -0.8135757 -0.3190854
vn 0.1616698 -0.5919696 -0.7895789
vn 0.1770276 -0.9233745 -0.3406477
vn -0.0000000 -0.7846277 -0.6199672
vn -0.4860855 0.8135757 -0.3190854
vn -0.1616698 0.5919696 -0.7895789
vn -0.1770276 0.9233745 -0.3406477
vn 0.4860855 0.8135757 -0.3190854
vn 0.1616698 0.5919696 -0.7895789
vn 0.1770276 0.9233745 -0.3406477
vn 0.0000000 0.7846277 -0.6199672
vn 0.0000000 -0.2129020 -0.9770736
vn -0.0000000 0.2129020 -0.9770736
vn 0.7469587 0.6375237 -0.1887224
vn 0.8530648 0.2138642 -0.4759649
vn 0.6175091 0.6044293 -0.5033366
vn 0.7469587 -0.6375237 -0.1887224
vn 0.8530648 -0.2138642 -0.4759649
vn 0.6175091 -0.6044293 -0.5033366
vn 0.2453579 -0.3461724 -0.9055187
vn 0.6711804 -0.1286190 -0.7300507
vn 0.4337290 -0.4940227 -0.7535388
vn 0.2461565 -0.1180604 -0.9620129
vn 0.6754546 -0.3616541 -0.6426254
vn 0.2453579 0.3461724 -0.9055187
vn 0.6711804 0.1286190 -0.7300507
vn 0.4337290 0.4940227 -0.7535388
vn 0.2461565 0.1180604 -0.9620129
vn 0.6754546 0.3616541 -0.6426254
vn 0.4801860 0.0000000 -0.8771667
vn 0.7469587 0.6375237 0.1887224
vn 0.8530648 0.2138642 0.4759649
vn 0.6175091 0.6044293 0.5033366
vn 0.8918597 0.4523122 0.0000000
vn 0.7469587 -0.6375237 0.1887224
vn 0.8530648 -0.2138642 0.4759649
vn 0.6175091 -0.6044293 0.5033366
vn 0.8918597 -0.4523122 -0.0000000
vn 0.2453579 -0.3461724 0.9055187
vn 0.6711804 -0.1286190 0.7300507
vn 0.4337290 -0.4940227 0.7535388
vn 0.2461565 -0.1180604 0.9620129
vn 0.6754546 -0.3616541 0.6426254
vn 0.2453579 0.3461724 0.9055187
vn 0.6711804 0.1286190 0.7300507
vn 0.4337290 0.4940227 0.7535388
vn 0.2461565 0.1180604 0.9620129
vn 0.6754546 0.3616541 0.6426254
vn 0.4801860 0.0000000 0.8771667
vn 0.9537401 0.0000000 -0.3006325
vn 0.9537401 0.0000000 0.3006325
vn 0.9588835 0.2267079 -0.1707221
vn 0.9588835 -0.2267079 -0.1707221
vn 0.9588835 0.2267079 0.1707221
vn 0.9588835 -0.2267079 0.1707221
vn -0.7469587 0.6375237 -0.1887224
vn -0.8530648 0.2138642 -0.4759649
vn -0.6175091 0.6044293 -0.5033366
vn -0.7469587 -0.6375237 -0.1887224
vn -0.8530648 -0.2138642 -0.4759649
vn -0.6175091 -0.6044293 -0.5033366
vn -0.2453579 -0.3461724 -0.9055187
vn -0.6711804 -0.1286190 -0.7300507
vn -0.4337290 -0.4940227 -0.7535388
vn -0.2461565 -0.1180604 -0.9620129
vn -0.6754546 -0.3616541 -0.6426254
vn -0.2453579 0.3461724 -0.9055187
vn -0.6711804 0.1286190 -0.7300507
vn -0.4337290 0.4940227 -0.7535388
vn -0.2461565 0.1180604 -0.9620129
vn -0.6754546 0.3616541 -0.6426254
vn -0.4801860 -0.0000000 -0.8771667
vn -0.7469587 0.6375237 0.1887224
vn -0.8530648 0.2138642 0.4759649
vn -0.6175091 0.6044293 0.5033366
vn -0.8918597 0.4523122 -0.0000000
vn -0.7469587 -0.6375237 0.1887224
vn -0.8530648 -0.2138642 0.4759649
vn -0.6175091 -0.6044293 0.5033366
vn -0.8918597 -0.4523122 0.0000000
vn -0.2453579 -0.3461724 0.9055187
vn -0.6711804 -0.1286190 0.7300507
vn -0.4337290 -0.4940227 0.7535388
vn -0.2461565 -0.1180604 0.9620129
vn -0.6754546 -0.3616541 0.6426254
vn -0.2453579 0.3461724 0.9055187
vn -0.6711804 0.1286190 0.7300507
vn -0.4337290 0.4940227 0.7535388
vn -0.2461565 0.1180604 0.9620129
vn -0.6754546 0.3616541 0.6426254
vn -0.4801860 -0.0000000 0.8771667
vn -0.9537401 -0.0000000 -0.3006325
vn -0.9537401 0.0000000 0.3006325
vn -0.9588835 0.2267079 -0.1707221
vn -0.9588835 -0.2267079 -0.1707221
vn -0.9588835 0.2267079 0.1707221
vn -0.9588835 -0.2267079 0.1707221
vn -0.4644021 0.8856244 0.0000000
vn 0.4644021 0.8856244 0.0000000
vn -0.4644021 -0.8856244 0.0000000
vn 0.4644021 -0.8856244 0.0000000
vn 0.0000000 -0.2631270 0.9647612
vn -0.0000000 0.2631270 0.9647612
vn -0.0000000 -0.2631270 -0.9647612
vn 0.0000000 0.2631270 -0.9647612
vn 0.5179456 0.0000000 -0.8554135
vn 0.5179456 -0.0000000 0.8554135
vn -0.5179456 0.0000000 -0.8554135
vn -0.5179456 0.0000000 0.8554135
vn -0.0000000 1.0000000 0.0000000
vn 0.0000000 -1.0000000 0.0000000
vn -0.1818193 -0.5816408 0.7928655
vn 0.1818193 -0.5816408 0.7928655
vn -0.1818193 0.5816408 0.7928655
vn 0.1818193 0.5816408 0.7928655
vn 0.0000000 0.0000000 1.0000000
vn -0.1818193 -0.5816408 -0.7928655
vn 0.1818193 -0.5816408 -0.7928655
vn -0.1818193 0.5816408 -0.7928655
vn 0.1818193 0.5816408 -0.7928655
vn -0.0000000 0.0000000 -1.0000000
vn 0.6345200 0.4693429 -0.6140860
vn 0.6345200 -0.4693429 -0.6140860
vn 0.2172678 -0.1639444 -0.9622458
vn 0.2172678 0.1639444 -0.9622458
vn 0.6345200 0.4693429 0.6140860
vn 0.6345200 -0.4693429 0.6140860
vn 0.2172678 -0.1639444 0.9622458
vn 0.2172678 0.1639444 0.9622458
vn 1.0000000 0.0000000 0.0000000
vn -0.6345200 0.4693429 -0.6140860
vn -0.6345200 -0.4693429 -0.6140860
vn -0.2172678 -0.1639444 -0.9622458
vn -0.2172678 0.1639444 -0.9622458
vn -0.6345200 0.4693429 0.6140860
vn -0.6345200 -0.4693429 0.6140860
vn -0.2172678 -0.1639444 0.9622458
vn -0.2172678 0.1639444 0.9622458
vn -1.0000000 -0.0000000 0.0000000
vn -0.2390278 0.9710127 -0.0000000
vn 0.2390278 0.9710127 0.0000000
vn -0.2390278 -0.9710127 0.0000000
vn 0.2390278 -0.9710127 0.0000000
vn -0.3277959 -0.7955050 0.5096289
vn -0.0762908 -0.4003999 0.9131592
vn -0.1128536 -0.8513385 0.5123347
vn 0.3277959 -0.7955050 0.5096289
vn 0.0762908 -0.4003999 0.9131592
vn 0.1128536 -0.8513385 0.5123347
vn 0.0000000 -0.6015727 0.7988181
vn -0.3277959 0.7955050 0.5096289
vn -0.0762908 0.4003999 0.9131592
vn -0.1128536 0.8513385 0.5123347
vn 0.3277959 0.7955050 0.5096289
vn 0.0762908 0.4003999 0.9131592
vn 0.1128536 0.8513385 0.5123347
vn -0.0000000 0.6015727 0.7988181
vn -0.0000000 -0.1240063 0.9922814
vn 0.0000000 0.1240063 0.9922814
vn -0.3277959 -0.7955050 -0.5096289
vn -0.0762908 -0.4003999 -0.9131592
vn -0.1128536 -0.8513385 -0.5123347
vn 0.3277959 -0.7955050 -0.5096289
vn 0.0762908 -0.4003999 -0.9131592
vn 0.1128536 -0.8513385 -0.5123347
vn -0.0000000 -0.6015727 -0.7988181
vn -0.3277959 0.7955050 -0.5096289
vn -0.0762908 0.4003999 -0.9131592
vn -0.1128536 0.8513385 -0.5123347
vn 0.3277959 0.7955050 -0.5096289
vn 0.0762908 0.4003999 -0.9131592
vn 0.1128536 0.8513385 -0.5123347
vn 0.0000000 0.6015727 -0.7988181
vn -0.0000000 -0.1240063 -0.9922814
vn -0.0000000 0.1240063 -0.9922814
vn 0.5987079 0.7261685 -0.3379766
vn 0.5882380 0.2132239 -0.7800716
vn 0.3845374 0.5451913 -0.7449144
vn 0.5987079 -0.7261685 -0.3379766
vn 0.5882380 -0.2132239 -0.7800716
vn 0.3845374 -0.5451913 -0.7449144
vn 0.1050912 -0.2161900 -0.9706790
vn 0.3490913 -0.0966246 -0.9320939
vn 0.2142819 -0.3519344 -0.9111671
vn 0.1013704 -0.0703411 -0.9923589
vn 0.3805724 -0.2938597 -0.8768188
vn 0.1050912 0.2161900 -0.9706790
vn 0.3490913 0.0966246 -0.9320939
vn 0.2142819 0.3519344 -0.9111671
vn 0.1013704 0.0703411 -0.9923589
vn 0.3805724 0.2938597 -0.8768188
vn 0.2151994 0.0000000 -0.9765701
vn 0.5987079 0.7261685 0.3379766
vn 0.5882380 0.2132239 0.7800716
vn 0.3845374 0.5451913 0.7449144
vn 0.8117999 0.5839357 -0.0000000
vn 0.5987079 -0.7261685 0.3379766
vn 0.5882380 -0.2132239 0.7800716
vn 0.3845374 -0.5451913 0.7449144
vn 0.8117999 -0.5839357 -0.0000000
vn 0.1050912 -0.2161900 0.9706790
vn 0.3490913 -0.0966246 0.9320939
vn 0.2142819 -0.3519344 0.9111671
vn 0.1013704 -0.0703411 0.9923589
vn 0.3805724 -0.2938597 0.8768188
vn 0.1050912 0.2161900 0.9706790
vn 0.3490913 0.0966246 0.9320939
vn 0.2142819 0.3519344 0.9111671
vn 0.1013704 0.0703411 0.9923589
vn 0.3805724 0.2938597 0.8768188
vn 0.2151994 -0.0000000 0.9765701
vn 0.8091515 0.0000000 -0.5876001
vn 0.8091515 0.0000000 0.5876001
vn 0.8882992 0.2980205 -0.3494399
vn 0.8882992 -0.2980205 -0.3494399
vn 0.8882992 0.2980205 0.3494399
vn 0.8882992 -0.2980205 0.3494399
vn -0.5987079 0.7261685 -0.3379766
vn -0.5882380 0.2132239 -0.7800716
vn -0.3845374 0.5451913 -0.7449144
vn -0.5987079 -0.7261685 -0.3379766
vn -0.5882380 -0.2132239 -0.7800716
vn -0.3845374 -0.5451913 -0.7449144
vn -0.1050912 -0.2161900 -0.9706790
vn -0.3490913 -0.0966246 -0.9320939
vn -0.2142819 -0.3519344 -0.9111671
vn -0.1013704 -0.0703411 -0.9923589
vn -0.3805724 -0.2938597 -0.8768188
vn -0.1050912 0.2161900 -0.9706790
vn -0.3490913 0.0966246 -0.9320939
vn -0.2142819 0.3519344 -0.9111671
vn -0.1013704 0.0703411 -0.9923589
vn -0.3805724 0.2938597 -0.8768188
vn -0.2151994 0.0000000 -0.9765701
vn -0.5987079 0.7261685 0.3379766
vn -0.5882380 0.2132239 0.7800716
vn -0.3845374 0.5451913 0.7449144
vn -0.8117999 0.5839357 -0.0000000
vn -0.5987079 -0.7261685 0.3379766
vn -0.5882380 -0.2132239 0.7800716
vn -0.3845374 -0.5451913 0.7449144
vn -0.8117999 -0.5839357 -0.0000000
vn -0.1050912 -0.2161900 0.9706790
vn -0.3490913 -0.0966246 0.9320939
vn -0.2142819 -0.3519344 0.9111671
vn -0.1013704 -0.0703411 0.9923589
vn -0.3805724 -0.2938597 0.8768188
vn -0.1050912 0.2161900 0.9706790
vn -0.3490913 0.0966246 0.9320939
vn -0.2142819 0.3519344 0.9111671
vn -0.1013704 0.0703411 0.9923589
vn -0.3805724 0.2938597 0.8768188
vn -0.2151994 0.0000000 0.9765701
vn -0.8091515 0.0000000 -0.5876001
vn -0.8091515 -0.0000000 0.5876001
vn -0.8882992 0.2980205 -0.3494399
vn -0.8882992 -0.2980205 -0.3494399
vn -0.8882992 0.2980205 0.3494399
vn -0.8882992 -0.2980205 0.3494399
vn -0.6890959 0.7246702 -0.0000000
vn 0.6890959 0.7246702 -0.0000000
vn -0.6890959 -0.7246702 0.0000000
vn 0.6890959 -0.7246702 0.0000000
vn 0.0000000 -0.2009898 0.9795933
vn 0.0000000 0.2009898 0.9795933
vn 0.0000000 -0.2009898 -0.9795933
vn 0.0000000 0.2009898 -0.9795933
vn 0.6406233 0.0000000 -0.7678553
vn 0.6406233 -0.0000000 0.7678553
vn -0.6406233 -0.0000000 -0.7678553
vn -0.6406233 0.0000000 0.7678553
vn -0.0000000 1.0000000 -0.0000000
vn -0.0000000 -1.0000000 0.0000000
vn -0.2714347 -0.4681987 0.8409002
vn 0.2714347 -0.4681987 0.8409002
vn -0.2714347 0.4681987 0.8409002
vn 0.2714347 0.4681987 0.8409002
vn 0.0000000 0.0000000 1.0000000
vn -0.2714347 -0.4681987 -0.8409002
vn 0.2714347 -0.4681987 -0.8409002
vn -0.2714347 0.4681987 -0.8409002
vn 0.2714347 0.4681987 -0.8409002
vn 0.0000000 0.0000000 -1.0000000
vn 0.7741907 0.3102528 -0.5516992
vn 0.7741907 -0.3102528 -0.5516992
vn 0.3010700 -0.1207527 -0.9459258
vn 0.3010700 0.1207527 -0.9459258
vn 0.7741907 0.3102528 0.5516992
vn 0.7741907 -0.3102528 0.5516992
vn 0.3010700 -0.1207527 0.9459258
vn 0.3010700 0.1207527 0.9459258
vn 1.0000000 0.0000000 -0.0000000
vn -0.7741907 0.3102528 -0.5516992
vn -0.7741907 -0.3102528 -0.5516992
vn -0.3010700 -0.1207527 -0.9459258
vn -0.3010700 0.1207527 -0.9459258
vn -0.7741907 0.3102528 0.5516992
vn -0.7741907 -0.3102528 0.5516992
vn -0.3010700 -0.1207527 0.9459258
vn -0.3010700 0.1207527 0.9459258
vn -1.0000000 -0.0000000 0.0000000
vn -0.4028235 0.9152777 0.0000000
vn 0.4028235 0.9152777 -0.0000000
vn -0.4028235 -0.9152777 0.0000000
vn 0.4028235 -0.9152777 0.0000000
vn -0.5037825 -0.6654546 0.5507934
vn -0.1101931 -0.3119205 0.9436965
vn -0.1905576 -0.7811356 0.5945713
vn 0.5037825 -0.6654546 0.5507934
vn 0.1101931 -0.3119205 0.9436965
vn 0.1905576 -0.7811356 0.5945713
vn 0.0000000 -0.4985466 0.8668629
vn -0.5037825 0.6654546 0.5507934
vn -0.1101931 0.3119205 0.9436965
vn -0.1905576 0.7811356 0.5945713
vn 0.5037825 0.6654546 0.5507934
vn 0.1101931 0.3119205 0.9436965
vn 0.1905576 0.7811356 0.5945713
vn 0.0000000 0.4985466 0.8668629
vn 0.0000000 -0.0948269 0.9954938
vn 0.0000000 0.0948269 0.9954938
vn -0.5037825 -0.6654546 -0.5507934
vn -0.1101931 -0.3119205 -0.9436965
vn -0.1905576 -0.7811356 -0.5945713
vn 0.5037825 -0.6654546 -0.5507934
vn 0.1101931 -0.3119205 -0.9436965
vn 0.1905576 -0.7811356 -0.5945713
vn 0.0000000 -0.4985466 -0.8668629
vn -0.5037825 0.6654546 -0.5507934
vn -0.1101931 0.3119205 -0.9436965
vn -0.1905576 0.7811356 -0.5945713
vn 0.5037825 0.6654546 -0.5507934
vn 0.1101931 0.3119205 -0.9436965
vn 0.1905576 0.7811356 -0.5945713
vn -0.0000000 0.4985466 -0.8668629
vn 0.0000000 -0.0948269 -0.9954938
vn 0.0000000 0.0948269 -0.9954938
vn 0.7892001 0.5226482 -0.3224936
vn 0.7112397 0.1382122 -0.6892282
vn 0.5330196 0.4078182 -0.7413329
vn 0.7892001 -0.5226482 -0.3224936
vn 0.7112397 -0.1382122 -0.6892282
vn 0.5330196 -0.4078182 -0.7413329
vn 0.1502331 -0.1623477 -0.9752298
vn 0.4638904 -0.0693981 -0.8831702
vn 0.3021070 -0.2652377 -0.9156311
vn 0.1434656 -0.0527102 -0.9882506
vn 0.5065054 -0.2096058 -0.8363718
vn 0.1502331 0.1623477 -0.9752298
vn 0.4638904 0.0693981 -0.8831702
vn 0.3021070 0.2652377 -0.9156311
vn 0.1434656 0.0527102 -0.9882506
vn 0.5065054 0.2096058 -0.8363718
vn 0.2977994 0.0000000 -0.9546285
vn 0.7892001 0.5226482 0.3224936
vn 0.7112397 0.1382122 0.6892282
vn 0.5330196 0.4078182 0.7413329
vn 0.9300390 0.3674608 -0.0000000
vn 0.7892001 -0.5226482 0.3224936
vn 0.7112397 -0.1382122 0.6892282
vn 0.5330196 -0.4078182 0.7413329
vn 0.9300390 -0.3674608 0.0000000
vn 0.1502331 -0.1623477 0.9752298
vn 0.4638904 -0.0693981 0.8831702
vn 0.3021070 -0.2652377 0.9156311
vn 0.1434656 -0.0527102 0.9882506
vn 0.5065054 -0.2096058 0.8363718
vn 0.1502331 0.1623477 0.9752298
vn 0.4638904 0.0693981 0.8831702
vn 0.3021070 0.2652377 0.9156311
vn 0.1434656 0.0527102 0.9882506
vn 0.5065054 0.2096058 0.8363718
vn 0.2977994 0.0000000 0.9546285
vn 0.8801724 0.0000000 -0.4746542
vn 0.8801724 -0.0000000 0.4746542
vn 0.9438796 0.1721309 -0.2818907
vn 0.9438796 -0.1721309 -0.2818907
vn 0.9438796 0.1721309 0.2818907
vn 0.9438796 -0.1721309 0.2818907
vn -0.7892001 0.5226482 -0.3224936
vn -0.7112397 0.1382122 -0.6892282
vn -0.5330196 0.4078182 -0.7413329
vn -0.7892001 -0.5226482 -0.3224936
vn -0.7112397 -0.1382122 -0.6892282
vn -0.5330196 -0.4078182 -0.7413329
vn -0.1502331 -0.1623477 -0.9752298
vn -0.4638904 -0.0693981 -0.8831702
vn -0.3021070 -0.2652377 -0.9156311
vn -0.1434656 -0.0527102 -0.9882506
vn -0.5065054 -0.2096058 -0.8363718
vn -0.1502331 0.1623477 -0.9752298
vn -0.4638904 0.0693981 -0.8831702
vn -0.3021070 0.2652377 -0.9156311
vn -0.1434656 0.0527102 -0.9882506
vn -0.5065054 0.2096058 -0.8363718
vn -0.2977994 0.0000000 -0.9546285
vn -0.7892001 0.5226482 0.3224936
vn -0.7112397 0.1382122 0.6892282
vn -0.5330196 0.4078182 0.7413329
vn -0.9300390 0.3674608 -0.0000000
vn -0.7892001 -0.5226482 0.3224936
vn -0.7112397 -0.1382122 0.6892282
vn -0.5330196 -0.4078182 0.7413329
vn -0.9300390 -0.3674608 0.0000000
vn -0.1502331 -0.1623477 0.9752298
vn -0.4638904 -0.0693981 0.8831702
vn -0.3021070 -0.2652377 0.9156311
vn -0.1434656 -0.0527102 0.9882506
vn -0.5065054 -0.2096058 0.8363718
vn -0.1502331 0.1623477 0.9752298
vn -0.4638904 0.0693981 0.8831702
vn -0.3021070 0.2652377 0.9156311
vn -0.1434656 0.0527102 0.9882506
vn -0.5065054 0.2096058 0.8363718
vn -0.2977994 0.0000000 0.9546285
vn -0.8801724 0.0000000 -0.4746542
vn -0.8801724 0.0000000 0.4746542
vn -0.9438796 0.1721309 -0.2818907
vn -0.9438796 -0.1721309 -0.2818907
vn -0.9438796 0.1721309 0.2818907
vn -0.9438796 -0.1721309 0.2818907
vn -0.6890959 0.7246702 0.0000000
vn 0.6890959 0.7246702 0.0000000
vn -0.6890959 -0.7246702 -0.0000000
vn 0.6890959 -0.7246702 -0.0000000
vn -0.0000000 -0.2009898 0.9795933
vn -0.0000000 0.2009898 0.9795933
vn -0.0000000 -0.2009898 -0.9795933
vn -0.0000000 0.2009898 -0.9795933
vn 0.6406233 0.0000000 -0.7678553
vn 0.6406233 0.0000000 0.7678553
vn -0.6406233 0.0000000 -0.7678553
vn -0.6406233 0.0000000 0.7678553
vn 0.0000000 1.0000000 -0.0000000
vn 0.0000000 -1.0000000 0.0000000
vn -0.2714347 -0.4681987 0.8409002
vn 0.2714347 -0.4681987 0.8409002
vn -0.2714347 0.4681987 0.8409002
vn 0.2714347 0.4681987 0.8409002
vn 0.0000000 0.0000000 1.0000000
vn -0.2714347 -0.4681987 -0.8409002
vn 0.2714347 -0.4681987 -0.8409002
vn -0.2714347 0.4681987 -0.8409002
vn 0.2714347 0.4681987 -0.8409002
vn 0.0000000 0.0000000 -1.0000000
vn 0.7741907 0.3102528 -0.5516992
vn 0.7741907 -0.3102528 -0.5516992
vn 0.3010700 -0.1207527 -0.9459258
vn 0.3010700 0.1207527 -0.9459258
vn 0.7741907 0.3102528 0.5516992
vn 0.7741907 -0.3102528 0.5516992
vn 0.3010700 -0.1207527 0.9459258
vn 0.3010700 0.1207527 0.9459258
vn 1.0000000 0.0000000 0.0000000
vn -0.7741907 0.3102528 -0.5516992
vn -0.7741907 -0.3102528 -0.5516992
vn -0.3010700 -0.1207527 -0.9459258
vn -0.3010700 0.1207527 -0.9459258
vn -0.7741907 0.3102528 0.5516992
vn -0.7741907 -0.3102528 0.5516992
vn -0.3010700 -0.1207527 0.9459258
vn -0.3010700 0.1207527 0.9459258
vn -1.0000000 -0.0000000 -0.0000000
vn -0.4028235 0.9152777 0.0000000
vn 0.4028235 0.9152777 -0.0000000
vn -0.4028235 -0.9152777 -0.0000000
vn 0.4028235 -0.9152777 0.0000000
vn -0.5037825 -0.6654546 0.5507934
vn -0.1101931 -0.3119205 0.9436965
vn -0.1905576 -0.7811356 0.5945713
vn 0.5037825 -0.6654546 0.5507934
vn 0.1101931 -0.3119205 0.9436965
vn 0.1905576 -0.7811356 0.5945713
vn 0.0000000 -0.4985466 0.8668629
vn -0.5037825 0.6654546 0.5507934
vn -0.1101931 0.3119205 0.9436965
vn -0.1905576 0.7811356 0.5945713
vn 0.5037825 0.6654546 0.5507934
vn 0.1101931 0.3119205 0.9436965
vn 0.1905576 0.7811356 0.5945713
vn 0.0000000 0.4985466 0.8668629
vn -0.0000000 -0.0948269 0.9954938
vn -0.0000000 0.0948269 0.9954938
vn -0.5037825 -0.6654546 -0.5507934
vn -0.1101931 -0.3119205 -0.9436965
vn -0.1905576 -0.7811356 -0.5945713
vn 0.5037825 -0.6654546 -0.5507934
vn 0.1101931 -0.3119205 -0.9436965
vn 0.1905576 -0.7811356 -0.5945713
vn 0.0000000 -0.4985466 -0.8668629
vn -0.5037825 0.6654546 -0.5507934
vn -0.1101931 0.3119205 -0.9436965
vn -0.1905576 0.7811356 -0.5945713
vn 0.5037825 0.6654546 -0.5507934
vn 0.1101931 0.3119205 -0.9436965
vn 0.1905576 0.7811356 -0.5945713
vn -0.0000000 0.4985466 -0.8668629
vn 0.0000000 -0.0948269 -0.9954938
vn -0.0000000 0.0948269 -0.9954938
vn 0.7892001 0.5226482 -0.3224936
vn 0.7112397 0.1382122 -0.6892282
vn 0.5330196 0.4078182 -0.7413329
vn 0.7892001 -0.5226482 -0.3224936
vn 0.7112397 -0.1382122 -0.6892282
vn 0.5330196 -0.4078182 -0.7413329
vn 0.1502331 -0.1623477 -0.9752298
vn 0.4638904 -0.0693981 -0.8831702
vn 0.3021070 -0.2652377 -0.9156311
vn 0.1434656 -0.0527102 -0.9882506
vn 0.5065054 -0.2096058 -0.8363718
vn 0.1502331 0.1623477 -0.9752298
vn 0.4638904 0.0693981 -0.8831702
vn 0.3021070 0.2652377 -0.9156311
vn 0.1434656 0.0527102 -0.9882506
vn 0.5065054 0.2096058 -0.8363718
vn 0.2977994 0.0000000 -0.9546285
vn 0.7892001 0.5226482 0.3224936
vn 0.7112397 0.1382122 0.6892282
vn 0.5330196 0.4078182 0.7413329
vn 0.9300390 0.3674608 -0.0000000
vn 0.7892001 -0.5226482 0.3224936
vn 0.7112397 -0.1382122 0.6892282
vn 0.5330196 -0.4078182 0.7413329
vn 0.9300390 -0.3674608 0.0000000
vn 0.1502331 -0.1623477 0.9752298
vn 0.4638904 -0.0693981 0.8831702
vn 0.3021070 -0.2652377 0.9156311
vn 0.1434656 -0.0527102 0.9882506
vn 0.5065054 -0.2096058 0.8363718
vn 0.1502331 0.1623477 0.9752298
vn 0.4638904 0.0693981 0.8831702
vn 0.3021070 0.2652377 0.9156311
vn 0.1434656 0.0527102 0.9882506
vn 0.5065054 0.2096058 0.8363718
vn 0.2977994 0.0000000 0.9546285
vn 0.8801724 -0.0000000 -0.4746542
vn 0.8801724 -0.0000000 0.4746542
vn 0.9438796 0.1721309 -0.2818907
vn 0.9438796 -0.1721309 -0.2818907
vn 0.9438796 0.1721309 0.2818907
vn 0.9438796 -0.1721309 0.2818907
vn -0.7892001 0.5226482 -0.3224936
vn -0.7112397 0.1382122 -0.6892282
vn -0.5330196 0.4078182 -0.7413329
vn -0.7892001 -0.5226482 -0.3224936
vn -0.7112397 -0.1382122 -0.6892282
vn -0.5330196 -0.4078182 -0.7413329
vn -0.1502331 -0.1623477 -0.9752298
vn -0.4638904 -0.0693981 -0.8831702
vn -0.3021070 -0.2652377 -0.9156311
vn -0.1434656 -0.0527102 -0.9882506
vn -0.5065054 -0.2096058 -0.8363718
vn -0.1502331 0.1623477 -0.9752298
vn -0.4638904 0.0693981 -0.8831702
vn -0.3021070 0.2652377 -0.9156311
vn -0.1434656 0.0527102 -0.9882506
vn -0.5065054 0.2096058 -0.8363718
vn -0.2977994 0.0000000 -0.9546285
vn -0.7892001 0.5226482 0.3224936
vn -0.7112397 0.1382122 0.6892282
vn -0.5330196 0.4078182 0.7413329
vn -0.9300390 0.3674608 0.0000000
vn -0.7892001 -0.5226482 0.3224936
vn -0.7112397 -0.1382122 0.6892282
vn -0.5330196 -0.4078182 0.7413329
vn -0.9300390 -0.3674608 -0.0000000
vn -0.1502331 -0.1623477 0.9752298
vn -0.4638904 -0.0693981 0.8831702
vn -0.3021070 -0.2652377 0.9156311
vn -0.1434656 -0.0527102 0.9882506
vn -0.5065054 -0.2096058 0.8363718
vn -0.1502331 0.1623477 0.9752298
vn -0.4638904 0.0693981 0.8831702
vn -0.3021070 0.2652377 0.9156311
vn -0.1434656 0.0527102 0.9882506
vn -0.5065054 0.2096058 0.8363718
vn -0.2977994 0.0000000 0.9546285
vn -0.8801724 0.0000000 -0.4746542
vn -0.8801724 0.0000000 0.4746542
vn -0.9438796 0.1721309 -0.2818907
vn -0.9438796 -0.1721309 -0.2818907
vn -0.9438796 0.1721309 0.2818907
vn -0.9438796 -0.1721309 0.2818907
vn -0.7629578 0.6464482 -0.0000000
vn 0.7629578 0.6464482 0.0000000
vn -0.7629578 -0.6464482 0.0000000
vn 0.7629578 -0.6464482 -0.0000000
vn -0.0000000 -0.1686842 0.9856702
vn 0.0000000 0.1686842 0.9856702
vn -0.0000000 -0.1686842 -0.9856702
vn 0.0000000 0.1686842 -0.9856702
vn 0.6541832 -0.0000000 -0.7563361
vn 0.6541832 0.0000000 0.7563361
vn -0.6541832 0.0000000 -0.7563361
vn -0.6541832 0.0000000 0.7563361
vn 0.0000000 1.0000000 0.0000000
vn -0.0000000 -1.0000000 0.0000000
vn -0.2921958 -0.4030217 0.8672918
vn 0.2921958 -0.4030217 0.8672918
vn -0.2921958 0.4030217 0.8672918
vn 0.2921958 0.4030217 0.8672918
vn 0.0000000 0.0000000 1.0000000
vn -0.2921958 -0.4030217 -0.8672918
vn 0.2921958 -0.4030217 -0.8672918
vn -0.2921958 0.4030217 -0.8672918
vn 0.2921958 0.4030217 -0.8672918
vn -0.0000000 0.0000000 -1.0000000
vn 0.7967910 0.2552445 -0.5476992
vn 0.7967910 -0.2552445 -0.5476992
vn 0.3134809 -0.0999193 -0.9443230
vn 0.3134809 0.0999193 -0.9443230
vn 0.7967910 0.2552445 0.5476992
vn 0.7967910 -0.2552445 0.5476992
vn 0.3134809 -0.0999193 0.9443230
vn 0.3134809 0.0999193 0.9443230
vn 1.0000000 0.0000000 0.0000000
vn -0.7967910 0.2552445 -0.5476992
vn -0.7967910 -0.2552445 -0.5476992
vn -0.3134809 -0.0999193 -0.9443230
vn -0.3134809 0.0999193 -0.9443230
vn -0.7967910 0.2552445 0.5476992
vn -0.7967910 -0.2552445 0.5476992
vn -0.3134809 -0.0999193 0.9443230
vn -0.3134809 0.0999193 0.9443230
vn -1.0000000 -0.0000000 0.0000000
vn -0.4740307 0.8805083 -0.0000000
vn 0.4740307 0.8805083 -0.0000000
vn -0.4740307 -0.8805083 -0.0000000
vn 0.4740307 -0.8805083 -0.0000000
vn -0.5571148 -0.5937878 0.5805508
vn -0.1166394 -0.2634545 0.9575944
vn -0.2203794 -0.7308315 0.6460018
vn 0.5571148 -0.5937878 0.5805508
vn 0.1166394 -0.2634545 0.9575944
vn 0.2203794 -0.7308315 0.6460018
vn -0.0000000 -0.4340119 0.9009071
vn -0.5571148 0.5937878 0.5805508
vn -0.1166394 0.2634545 0.9575944
vn -0.2203794 0.7308315 0.6460018
vn 0.5571148 0.5937878 0.5805508
vn 0.1166394 0.2634545 0.9575944
vn 0.2203794 0.7308315 0.6460018
vn 0.0000000 0.4340119 0.9009071
vn 0.0000000 -0.0794989 0.9968350
vn -0.0000000 0.0794989 0.9968350
vn -0.5571148 -0.5937878 -0.5805508
vn -0.1166394 -0.2634545 -0.9575944
vn -0.2203794 -0.7308315 -0.6460018
vn 0.5571148 -0.5937878 -0.5805508
vn 0.1166394 -0.2634545 -0.9575944
vn 0.2203794 -0.7308315 -0.6460018
vn 0.0000000 -0.4340119 -0.9009071
vn -0.5571148 0.5937878 -0.5805508
vn -0.1166394 0.2634545 -0.9575944
vn -0.2203794 0.7308315 -0.6460018
vn 0.5571148 0.5937878 -0.5805508
vn 0.1166394 0.2634545 -0.9575944
vn 0.2203794 0.7308315 -0.6460018
vn 0.0000000 0.4340119 -0.9009071
vn 0.0000000 -0.0794989 -0.9968350
vn -0.0000000 0.0794989 -0.9968350
vn 0.8347503 0.4435432 -0.3262843
vn 0.7258196 0.1125424 -0.6786163
vn 0.5621751 0.3443914 -0.7519001
vn 0.8347503 -0.4435432 -0.3262843
vn 0.7258196 -0.1125424 -0.6786163
vn 0.5621751 -0.3443914 -0.7519001
vn 0.1576787 -0.1350024 -0.9782187
vn 0.4791878 -0.0571604 -0.8758491
vn 0.3170825 -0.2215213 -0.9221643
vn 0.1498565 -0.0436557 -0.9877435
vn 0.5252381 -0.1731735 -0.8331482
vn 0.1576787 0.1350024 -0.9782187
vn 0.4791878 0.0571604 -0.8758491
vn 0.3170825 0.2215213 -0.9221643
vn 0.1498565 0.0436557 -0.9877435
vn 0.5252381 0.1731735 -0.8331482
vn 0.3096519 0.0000000 -0.9508500
vn 0.8347503 0.4435432 0.3262843
vn 0.7258196 0.1125424 0.6786163
vn 0.5621751 0.3443914 0.7519001
vn 0.9532070 0.3023183 -0.0000000
vn 0.8347503 -0.4435432 0.3262843
vn 0.7258196 -0.1125424 0.6786163
vn 0.5621751 -0.3443914 0.7519001
vn 0.9532070 -0.3023183 0.0000000
vn 0.1576787 -0.1350024 0.9782187
vn 0.4791878 -0.0571604 0.8758491
vn 0.3170825 -0.2215213 0.9221643
vn 0.1498565 -0.0436557 0.9877435
vn 0.5252381 -0.1731735 0.8331482
vn 0.1576787 0.1350024 0.9782187
vn 0.4791878 0.0571604 0.8758491
vn 0.3170825 0.2215213 0.9221643
vn 0.1498565 0.0436557 0.9877435
vn 0.5252381 0.1731735 0.8331482
vn 0.3096519 0.0000000 0.9508500
vn 0.8873324 0.0000000 -0.4611304
vn 0.8873324 0.0000000 0.4611304
vn 0.9516185 0.1385703 -0.2742637
vn 0.9516185 -0.1385703 -0.2742637
vn 0.9516185 0.1385703 0.2742637
vn 0.9516185 -0.1385703 0.2742637
vn -0.8347503 0.4435432 -0.3262843
vn -0.7258196 0.1125424 -0.6786163
vn -0.5621751 0.3443914 -0.7519001
vn -0.8347503 -0.4435432 -0.3262843
vn -0.7258196 -0.1125424 -0.6786163
vn -0.5621751 -0.3443914 -0.7519001
vn -0.1576787 -0.1350024 -0.9782187
vn -0.4791878 -0.0571604 -0.8758491
vn -0.3170825 -0.2215213 -0.9221643
vn -0.1498565 -0.0436557 -0.9877435
vn -0.5252381 -0.1731735 -0.8331482
vn -0.1576787 0.1350024 -0.9782187
vn -0.4791878 0.0571604 -0.8758491
vn -0.3170825 0.2215213 -0.9221643
vn -0.1498565 0.0436557 -0.9877435
vn -0.5252381 0.1731735 -0.8331482
vn -0.3096519 -0.0000000 -0.9508500
vn -0.8347503 0.4435432 0.3262843
vn -0.7258196 0.1125424 0.6786163
vn -0.5621751 0.3443914 0.7519001
vn -0.9532070 0.3023183 0.0000000
vn -0.8347503 -0.4435432 0.3262843
vn -0.7258196 -0.1125424 0.6786163
vn -0.5621751 -0.3443914 0.7519001
vn -0.9532070 -0.3023183 0.0000000
vn -0.1576787 -0.1350024 0.9782187
vn -0.4791878 -0.0571604 0.8758491
vn -0.3170825 -0.2215213 0.9221643
vn -0.1498565 -0.0436557 0.9877435
vn -0.5252381 -0.1731735 0.8331482
vn -0.1576787 0.1350024 0.9782187
vn -0.4791878 0.0571604 0.8758491
vn -0.3170825 0.2215213 0.9221643
vn -0.1498565 0.0436557 0.9877435
vn -0.5252381 0.1731735 0.8331482
vn -0.3096519 -0.0000000 0.9508500
vn -0.8873324 -0.0000000 -0.4611304
vn -0.8873324 -0.0000000 0.4611304
vn -0.9516185 0.1385703 -0.2742637
vn -0.9516185 -0.1385703 -0.2742637
vn -0.9516185 0.1385703 0.2742637
vn -0.9516185 -0.1385703 0.2742637
vn -0.7583592 0.6518368 0.0000000
vn 0.7583592 0.6518368 0.0000000
vn -0.7583592 -0.6518368 -0.0000000
vn 0.7583592 -0.6518368 0.0000000
vn -0.0000000 -0.1160051 0.9932486
vn -0.0000000 0.1160051 0.9932486
vn 0.0000000 -0.1160051 -0.9932486
vn -0.0000000 0.1160051 -0.9932486
vn 0.5037780 0.0000000 -0.8638332
vn 0.5037780 0.0000000 0.8638332
vn -0.5037780 -0.0000000 -0.8638332
vn -0.5037780 -0.0000000 0.8638332
vn 0.0000000 1.0000000 -0.0000000
vn 0.0000000 -1.0000000 -0.0000000
vn -0.2114198 -0.2989860 0.9305423
vn 0.2114198 -0.2989860 0.9305423
vn -0.2114198 0.2989860 0.9305423
vn 0.2114198 0.2989860 0.9305423
vn 0.0000000 -0.0000000 1.0000000
vn -0.2114198 -0.2989860 -0.9305423
vn 0.2114198 -0.2989860 -0.9305423
vn -0.2114198 0.2989860 -0.9305423
vn 0.2114198 0.2989860 -0.9305423
vn 0.0000000 -0.0000000 -1.0000000
vn 0.6973904 0.2274711 -0.6796349
vn 0.6973904 -0.2274711 -0.6796349
vn 0.2154042 -0.0705943 -0.9739700
vn 0.2154042 0.0705943 -0.9739700
vn 0.6973904 0.2274711 0.6796349
vn 0.6973904 -0.2274711 0.6796349
vn 0.2154042 -0.0705943 0.9739700
vn 0.2154042 0.0705943 0.9739700
vn 1.0000000 -0.0000000 0.0000000
vn -0.6973904 0.2274711 -0.6796349
vn -0.6973904 -0.2274711 -0.6796349
vn -0.2154042 -0.0705943 -0.9739700
vn -0.2154042 0.0705943 -0.9739700
vn -0.6973904 0.2274711 0.6796349
vn -0.6973904 -0.2274711 0.6796349
vn -0.2154042 -0.0705943 0.9739700
vn -0.2154042 0.0705943 0.9739700
vn -1.0000000 -0.0000000 0.0000000
vn -0.4700539 0.8826377 -0.0000000
vn 0.4700539 0.8826377 0.0000000
vn -0.4700539 -0.8826377 -0.0000000
vn 0.4700539 -0.8826377 -0.0000000
vn -0.4804598 -0.5301814 0.6986173
vn -0.0796290 -0.1844254 0.9796155
vn -0.1855975 -0.6340497 0.7506894
vn 0.4804598 -0.5301814 0.6986173
vn 0.0796290 -0.1844254 0.9796155
vn 0.1855975 -0.6340497 0.7506894
vn -0.0000000 -0.3158020 0.9488251
vn -0.4804598 0.5301814 0.6986173
vn -0.0796290 0.1844254 0.9796155
vn -0.1855975 0.6340497 0.7506894
vn 0.4804598 0.5301814 0.6986173
vn 0.0796290 0.1844254 0.9796155
vn 0.1855975 0.6340497 0.7506894
vn -0.0000000 0.3158020 0.9488251
vn 0.0000000 -0.0542899 0.9985252
vn -0.0000000 0.0542899 0.9985252
vn -0.4804598 -0.5301814 -0.6986173
vn -0.0796290 -0.1844254 -0.9796155
vn -0.1855975 -0.6340497 -0.7506894
vn 0.4804598 -0.5301814 -0.6986173
vn 0.0796290 -0.1844254 -0.9796155
vn 0.1855975 -0.6340497 -0.7506894
vn 0.0000000 -0.3158020 -0.9488251
vn -0.4804598 0.5301814 -0.6986173
vn -0.0796290 0.1844254 -0.9796155
vn -0.1855975 0.6340497 -0.7506894
vn 0.4804598 0.5301814 -0.6986173
vn 0.0796290 0.1844254 -0.9796155
vn 0.1855975 0.6340497 -0.7506894
vn 0.0000000 0.3158020 -0.9488251
vn 0.0000000 -0.0542899 -0.9985252
vn 0.0000000 0.0542899 -0.9985252
vn 0.7982546 0.4348083 -0.4168109
vn 0.5866260 0.0936719 -0.8044225
vn 0.4378439 0.2759593 -0.8556513
vn 0.7982546 -0.4348083 -0.4168109
vn 0.5866260 -0.0936719 -0.8044225
vn 0.4378439 -0.2759593 -0.8556513
vn 0.1060807 -0.0933762 -0.9899635
vn 0.3436860 -0.0421366 -0.9381388
vn 0.2214772 -0.1586228 -0.9621781
vn 0.1002371 -0.0300248 -0.9945104
vn 0.3877962 -0.1308888 -0.9124046
vn 0.1060807 0.0933762 -0.9899635
vn 0.3436860 0.0421366 -0.9381388
vn 0.2214772 0.1586228 -0.9621781
vn 0.1002371 0.0300248 -0.9945104
vn 0.3877962 0.1308888 -0.9124046
vn 0.2120525 -0.0000000 -0.9772583
vn 0.7982546 0.4348083 0.4168109
vn 0.5866260 0.0936719 0.8044225
vn 0.4378439 0.2759593 0.8556513
vn 0.9499920 0.3122743 0.0000000
vn 0.7982546 -0.4348083 0.4168109
vn 0.5866260 -0.0936719 0.8044225
vn 0.4378439 -0.2759593 0.8556513
vn 0.9499920 -0.3122743 -0.0000000
vn 0.1060807 -0.0933762 0.9899635
vn 0.3436860 -0.0421366 0.9381388
vn 0.2214772 -0.1586228 0.9621781
vn 0.1002371 -0.0300248 0.9945104
vn 0.3877962 -0.1308888 0.9124046
vn 0.1060807 0.0933762 0.9899635
vn 0.3436860 0.0421366 0.9381388
vn 0.2214772 0.1586228 0.9621781
vn 0.1002371 0.0300248 0.9945104
vn 0.3877962 0.1308888 0.9124046
vn 0.2120525 0.0000000 0.9772583
vn 0.8012789 0.0000000 -0.5982910
vn 0.8012789 0.0000000 0.5982910
vn 0.9202663 0.1378038 -0.3662240
vn 0.9202663 -0.1378038 -0.3662240
vn 0.9202663 0.1378038 0.3662240
vn 0.9202663 -0.1378038 0.3662240
vn -0.7982546 0.4348083 -0.4168109
vn -0.5866260 0.0936719 -0.8044225
vn -0.4378439 0.2759593 -0.8556513
vn -0.7982546 -0.4348083 -0.4168109
vn -0.5866260 -0.0936719 -0.8044225
vn -0.4378439 -0.2759593 -0.8556513
vn -0.1060807 -0.0933762 -0.9899635
vn -0.3436860 -0.0421366 -0.9381388
vn -0.2214772 -0.1586228 -0.9621781
vn -0.1002371 -0.0300248 -0.9945104
vn -0.3877962 -0.1308888 -0.9124046
vn -0.1060807 0.0933762 -0.9899635
vn -0.3436860 0.0421366 -0.9381388
vn -0.2214772 0.1586228 -0.9621781
vn -0.1002371 0.0300248 -0.9945104
vn -0.3877962 0.1308888 -0.9124046
vn -0.2120525 0.0000000 -0.9772583
vn -0.7982546 0.4348083 0.4168109
vn -0.5866260 0.0936719 0.8044225
vn -0.4378439 0.2759593 0.8556513
vn -0.9499920 0.3122743 -0.0000000
vn -0.7982546 -0.4348083 0.4168109
vn -0.5866260 -0.0936719 0.8044225
vn -0.4378439 -0.2759593 0.8556513
vn -0.9499920 -0.3122743 0.0000000
vn -0.1060807 -0.0933762 0.9899635
vn -0.3436860 -0.0421366 0.9381388
vn -0.2214772 -0.1586228 0.9621781
vn -0.1002371 -0.0300248 0.9945104
vn -0.3877962 -0.1308888 0.9124046
vn -0.1060807 0.0933762 0.9899635
vn -0.3436860 0.0421366 0.9381388
vn -0.2214772 0.1586228 0.9621781
vn -0.1002371 0.0300248 0.9945104
vn -0.3877962 0.1308888 0.9124046
vn -0.2120525 -0.0000000 0.9772583
vn -0.8012789 0.0000000 -0.5982910
vn -0.8012789 0.0000000 0.5982910
vn -0.9202663 0.1378038 -0.3662240
vn -0.9202663 -0.1378038 -0.3662240
vn -0.9202663 0.1378038 0.3662240
vn -0.9202663 -0.1378038 0.3662240
vn -0.5684608 0.8227104 0.0000000
vn 0.5684608 0.8227104 -0.0000000
vn -0.5684608 -0.8227104 -0.0000000
vn 0.5684608 -0.8227104 -0.0000000
vn 0.0000000 -0.4836452 0.8752641
vn 0.0000000 0.4836452 0.8752641
vn -0.0000000 -0.4836452 -0.8752641
vn 0.0000000 0.4836452 -0.8752641
vn 0.8505851 0.0000000 -0.5258375
vn 0.8505851 -0.0000000 0.5258375
vn -0.8505851 0.0000000 -0.5258375
vn -0.8505851 0.0000000 0.5258375
vn 0.0000000 1.0000000 0.0000000
vn -0.0000000 -1.0000000 -0.0000000
vn -0.3309589 -0.7764591 0.5362625
vn 0.3309589 -0.7764591 0.5362625
vn -0.3309589 0.7764591 0.5362625
vn 0.3309589 0.7764591 0.5362625
vn 0.0000000 0.0000000 1.0000000
vn -0.3309589 -0.7764591 -0.5362625
vn 0.3309589 -0.7764591 -0.5362625
vn -0.3309589 0.7764591 -0.5362625
vn 0.3309589 0.7764591 -0.5362625
vn 0.0000000 0.0000000 -1.0000000
vn 0.8300695 0.4585788 -0.3173169
vn 0.8300695 -0.4585788 -0.3173169
vn 0.5050170 -0.2790805 -0.8167447
vn 0.5050170 0.2790805 -0.8167447
vn 0.8300695 0.4585788 0.3173169
vn 0.8300695 -0.4585788 0.3173169
vn 0.5050170 -0.2790805 0.8167447
vn 0.5050170 0.2790805 0.8167447
vn 1.0000000 0.0000000 0.0000000
vn -0.8300695 0.4585788 -0.3173169
vn -0.8300695 -0.4585788 -0.3173169
vn -0.5050170 -0.2790805 -0.8167447
vn -0.5050170 0.2790805 -0.8167447
vn -0.8300695 0.4585788 0.3173169
vn -0.8300695 -0.4585788 0.3173169
vn -0.5050170 -0.2790805 0.8167447
vn -0.5050170 0.2790805 0.8167447
vn -1.0000000 0.0000000 0.0000000
vn -0.3048054 0.9524146 -0.0000000
vn 0.3048054 0.9524146 0.0000000
vn -0.3048054 -0.9524146 -0.0000000
vn 0.3048054 -0.9524146 -0.0000000
vn -0.4709382 -0.8366364 0.2797440
vn -0.1673565 -0.6517467 0.7397419
vn -0.1695959 -0.9399622 0.2961560
vn 0.4709382 -0.8366364 0.2797440
vn 0.1673565 -0.6517467 0.7397419
vn 0.1695959 -0.9399622 0.2961560
vn -0.0000000 -0.8291625 0.5590077
vn -0.4709382 0.8366364 0.2797440
vn -0.1673565 0.6517467 0.7397419
vn -0.1695959 0.9399622 0.2961560
vn 0.4709382 0.8366364 0.2797440
vn 0.1673565 0.6517467 0.7397419
vn 0.1695959 0.9399622 0.2961560
vn 0.0000000 0.8291625 0.5590077
vn 0.0000000 -0.2483370 0.9686737
vn -0.0000000 0.2483370 0.9686737
vn -0.4709382 -0.8366364 -0.2797440
vn -0.1673565 -0.6517467 -0.7397419
vn -0.1695959 -0.9399622 -0.2961560
vn 0.4709382 -0.8366364 -0.2797440
vn 0.1673565 -0.6517467 -0.7397419
vn 0.1695959 -0.9399622 -0.2961560
vn 0.0000000 -0.8291625 -0.5590077
vn -0.4709382 0.8366364 -0.2797440
vn -0.1673565 0.6517467 -0.7397419
vn -0.1695959 0.9399622 -0.2961560
vn 0.4709382 0.8366364 -0.2797440
vn 0.1673565 0.6517467 -0.7397419
vn 0.1695959 0.9399622 -0.2961560
vn -0.0000000 0.8291625 -0.5590077
vn 0.0000000 -0.2483370 -0.9686737
vn -0.0000000 0.2483370 -0.9686737
vn 0.7298485 0.6626874 -0.1678290
vn 0.8685070 0.2319188 -0.4380746
vn 0.6169605 0.6415230 -0.4558596
vn 0.7298485 -0.6626874 -0.1678290
vn 0.8685070 -0.2319188 -0.4380746
vn 0.6169605 -0.6415230 -0.4558596
vn 0.2632970 -0.3959187 -0.8797290
vn 0.7052048 -0.1433472 -0.6943614
vn 0.4497260 -0.5449281 -0.7076721
vn 0.2692834 -0.1377080 -0.9531647
vn 0.6956923 -0.3960267 -0.5993121
vn 0.2632970 0.3959187 -0.8797290
vn 0.7052048 0.1433472 -0.6943614
vn 0.4497260 0.5449281 -0.7076721
vn 0.2692834 0.1377080 -0.9531647
vn 0.6956923 0.3960267 -0.5993121
vn 0.5171772 0.0000000 -0.8558784
vn 0.7298485 0.6626874 0.1678290
vn 0.8685070 0.2319188 0.4380746
vn 0.6169605 0.6415230 0.4558596
vn 0.8799706 0.4750282 -0.0000000
vn 0.7298485 -0.6626874 0.1678290
vn 0.8685070 -0.2319188 0.4380746
vn 0.6169605 -0.6415230 0.4558596
vn 0.8799706 -0.4750282 0.0000000
vn 0.2632970 -0.3959187 0.8797290
vn 0.7052048 -0.1433472 0.6943614
vn 0.4497260 -0.5449281 0.7076721
vn 0.2692834 -0.1377080 0.9531647
vn 0.6956923 -0.3960267 0.5993121
vn 0.2632970 0.3959187 0.8797290
vn 0.7052048 0.1433472 0.6943614
vn 0.4497260 0.5449281 0.7076721
vn 0.2692834 0.1377080 0.9531647
vn 0.6956923 0.3960267 0.5993121
vn 0.5171772 -0.0000000 0.8558784
vn 0.9615048 -0.0000000 -0.2747882
vn 0.9615048 0.0000000 0.2747882
vn 0.9580217 0.2414051 -0.1546542
vn 0.9580217 -0.2414051 -0.1546542
vn 0.9580217 0.2414051 0.1546542
vn 0.9580217 -0.2414051 0.1546542
vn -0.7298485 0.6626874 -0.1678290
vn -0.8685070 0.2319188 -0.4380746
vn -0.6169605 0.6415230 -0.4558596
vn -0.7298485 -0.6626874 -0.1678290
vn -0.8685070 -0.2319188 -0.4380746
vn -0.6169605 -0.6415230 -0.4558596
vn -0.2632970 -0.3959187 -0.8797290
vn -0.7052048 -0.1433472 -0.6943614
vn -0.4497260 -0.5449281 -0.7076721
vn -0.2692834 -0.1377080 -0.9531647
vn -0.6956923 -0.3960267 -0.5993121
vn -0.2632970 0.3959187 -0.8797290
vn -0.7052048 0.1433472 -0.6943614
vn -0.4497260 0.5449281 -0.7076721
vn -0.2692834 0.1377080 -0.9531647
vn -0.6956923 0.3960267 -0.5993121
vn -0.5171772 0.0000000 -0.8558784
vn -0.7298485 0.6626874 0.1678290
vn -0.8685070 0.2319188 0.4380746
vn -0.6169605 0.6415230 0.4558596
vn -0.8799706 0.4750282 0.0000000
vn -0.7298485 -0.6626874 0.1678290
vn -0.8685070 -0.2319188 0.4380746
vn -0.6169605 -0.6415230 0.4558596
vn -0.8799706 -0.4750282 0.0000000
vn -0.2632970 -0.3959187 0.8797290
vn -0.7052048 -0.1433472 0.6943614
vn -0.4497260 -0.5449281 0.7076721
vn -0.2692834 -0.1377080 0.9531647
vn -0.6956923 -0.3960267 0.5993121
vn -0.2632970 0.3959187 0.8797290
vn -0.7052048 0.1433472 0.6943614
vn -0.4497260 0.5449281 0.7076721
vn -0.2692834 0.1377080 0.9531647
vn -0.6956923 0.3960267 0.5993121
vn -0.5171772 0.0000000 0.8558784
vn -0.9615048 0.0000000 -0.2747882
vn -0.9615048 0.0000000 0.2747882
vn -0.9580217 0.2414051 -0.1546542
vn -0.9580217 -0.2414051 -0.1546542
vn -0.9580217 0.2414051 0.1546542
vn -0.9580217 -0.2414051 0.1546542
vn 0.1766078 0.9839579 -0.0252297
vn 0.5245172 0.8503505 0.0422586
vn 0.7743587 0.6251059 0.0980365
vn 0.9333083 0.3297527 0.1421225
vn 0.9854676 -0.0017077 0.1698549
vn 0.9261007 -0.3324663 0.1783359
vn 0.7617491 -0.6260770 0.1666310
vn 0.5096722 -0.8495759 0.1358489
vn 0.1966353 -0.9764200 0.0890989
vn -0.1766078 -0.9839579 0.0252297
vn 0.4186024 0.8745542 0.2448000
vn 0.5857746 0.6682013 0.4586667
vn 0.6843572 0.3866431 0.6181928
vn 0.7047178 0.0624494 0.7067340
vn 0.6453509 -0.2683092 0.7152150
vn 0.5127980 -0.5691865 0.6427013
vn 0.3210881 -0.8064806 0.4964791
vn 0.0907205 -0.9522162 0.2916402
vn 0.2154155 0.9135900 0.3448904
vn 0.2239951 0.7377056 0.6368804
vn 0.2067698 0.4783963 0.8534537
vn 0.1661278 0.1659223 0.9720449
vn 0.1067609 -0.1648364 0.9805259
vn 0.0352106 -0.4774334 0.8779622
vn -0.0406914 -0.7369762 0.6746927
vn -0.1124663 -0.9131804 0.3917307
vn -0.0074329 0.9525477 0.3042987
vn -0.1727923 0.8070707 0.5646058
vn -0.3170318 0.5699655 0.7580436
vn -0.4245793 0.2691877 0.8644480
vn -0.4839462 -0.0615709 0.8729290
vn -0.4885909 -0.3858641 0.7825521
vn -0.4374788 -0.6676112 0.6024182
vn -0.3353147 -0.8742228 0.3511390
vn -0.1648223 0.9765466 0.1385296
vn -0.4530283 0.8498014 0.2694495
vn -0.6869731 0.6263745 0.3684059
vn -0.8417734 0.3328019 0.4250417
vn -0.9011404 0.0020432 0.4335226
vn -0.8585322 -0.3294551 0.3929144
vn -0.7177148 -0.6248805 0.3072619
vn -0.4927042 -0.8502239 0.1853698
vn -0.1966353 0.9764200 -0.0890989
vn -0.5096722 0.8495759 -0.1358489
vn -0.7617491 0.6260770 -0.1666310
vn -0.9261007 0.3324663 -0.1783359
vn -0.9854676 0.0017077 -0.1698549
vn -0.9333083 -0.3297527 -0.1421225
vn -0.7743587 -0.6251059 -0.0980365
vn -0.5245172 -0.8503505 -0.0422586
vn -0.0907205 0.9522162 -0.2916402
vn -0.3210881 0.8064806 -0.4964791
vn -0.5127980 0.5691865 -0.6427013
vn -0.6453509 0.2683092 -0.7152150
vn -0.7047178 -0.0624494 -0.7067340
vn -0.6843572 -0.3866431 -0.6181928
vn -0.5857746 -0.6682013 -0.4586667
vn -0.4186024 -0.8745542 -0.2448000
vn 0.1124663 0.9131804 -0.3917307
vn 0.0406914 0.7369762 -0.6746927
vn -0.0352106 0.4774334 -0.8779622
vn -0.1067609 0.1648364 -0.9805259
vn -0.1661278 -0.1659223 -0.9720449
vn -0.2067698 -0.4783963 -0.8534537
vn -0.2239951 -0.7377056 -0.6368804
vn -0.2154155 -0.9135900 -0.3448904
vn 0.3353147 0.8742228 -0.3511390
vn 0.4374788 0.6676112 -0.6024182
vn 0.4885909 0.3858641 -0.7825521
vn 0.4839462 0.0615709 -0.8729290
vn 0.4245793 -0.2691877 -0.8644480
vn 0.3170318 -0.5699655 -0.7580436
vn 0.1727923 -0.8070707 -0.5646058
vn 0.0074329 -0.9525477 -0.3042987
vn 0.4927042 0.8502239 -0.1853698
vn 0.7177148 0.6248805 -0.3072619
vn 0.8585322 0.3294551 -0.3929144
vn 0.9011404 -0.0020432 -0.4335226
vn 0.8417734 -0.3328019 -0.4250417
vn 0.6869731 -0.6263745 -0.3684059
vn 0.4530283 -0.8498014 -0.2694495
vn 0.1648223 -0.9765466 -0.1385296
vn 0.0926234 0.9957012 0.0000000
vn 0.4546798 0.8899886 0.0344457
vn 0.7258880 0.6850731 0.0613315
vn 0.9116105 0.4030026 0.0809641
vn 0.9928848 0.0764399 0.0913057
vn 0.9617493 -0.2582663 0.0913057
vn 0.8216350 -0.5642347 0.0809641
vn 0.5870710 -0.8072088 0.0613315
vn 0.2827196 -0.9585839 0.0344457
vn -0.0926234 -0.9957012 0.0000000
vn 0.3641048 0.8984142 0.2455191
vn 0.5646167 0.7000750 0.4371531
vn 0.6987154 0.4228068 0.5770886
vn 0.7527964 0.0987737 0.6508005
vn 0.7216609 -0.2359325 0.6508005
vn 0.6087398 -0.5444305 0.5770886
vn 0.4257998 -0.7922068 0.4371531
vn 0.1921446 -0.9501583 0.2455191
vn 0.1672956 0.9167220 0.3628125
vn 0.2141928 0.7326726 0.6459971
vn 0.2361185 0.4658390 0.8527849
vn 0.2311117 0.1473025 0.9617117
vn 0.1999762 -0.1874037 0.9617117
vn 0.1461429 -0.5013982 0.8527849
vn 0.0753759 -0.7596092 0.6459971
vn -0.0046646 -0.9318505 0.3628125
vn -0.0605734 0.9379191 0.3415239
vn -0.1915339 0.7704146 0.6080922
vn -0.2994838 0.5156625 0.8027463
vn -0.3729035 0.2034899 0.9052816
vn -0.4040389 -0.1312162 0.9052816
vn -0.3894594 -0.4515748 0.8027463
vn -0.3303508 -0.7218672 0.6080922
vn -0.2325336 -0.9106534 0.3415239
vn -0.2324639 0.9539090 0.1897847
vn -0.4975894 0.7988849 0.3379167
vn -0.7035097 0.5532463 0.4460859
vn -0.8285358 0.2458744 0.5030648
vn -0.8596713 -0.0888318 0.5030648
vn -0.7934852 -0.4139910 0.4460859
vn -0.6364063 -0.6933969 0.3379167
vn -0.4044241 -0.8946636 0.1897847
vn -0.2827196 0.9585839 -0.0344457
vn -0.5870710 0.8072088 -0.0613315
vn -0.8216350 0.5642347 -0.0809641
vn -0.9617493 0.2582663 -0.0913057
vn -0.9928848 -0.0764399 -0.0913057
vn -0.9116105 -0.4030026 -0.0809641
vn -0.7258880 -0.6850731 -0.0613315
vn -0.4546798 -0.8899886 -0.0344457
vn -0.1921446 0.9501583 -0.2455191
vn -0.4257998 0.7922068 -0.4371531
vn -0.6087398 0.5444305 -0.5770886
vn -0.7216609 0.2359325 -0.6508005
vn -0.7527964 -0.0987737 -0.6508005
vn -0.6987154 -0.4228068 -0.5770886
vn -0.5646167 -0.7000750 -0.4371531
vn -0.3641048 -0.8984142 -0.2455191
vn 0.0046646 0.9318505 -0.3628125
vn -0.0753759 0.7596092 -0.6459971
vn -0.1461429 0.5013982 -0.8527849
vn -0.1999762 0.1874037 -0.9617117
vn -0.2311117 -0.1473025 -0.9617117
vn -0.2361185 -0.4658390 -0.8527849
vn -0.2141928 -0.7326726 -0.6459971
vn -0.1672956 -0.9167220 -0.3628125
vn 0.2325336 0.9106534 -0.3415239
vn 0.3303508 0.7218672 -0.6080922
vn 0.3894594 0.4515748 -0.8027463
vn 0.4040389 0.1312162 -0.9052816
vn 0.3729035 -0.2034899 -0.9052816
vn 0.2994838 -0.5156625 -0.8027463
vn 0.1915339 -0.7704146 -0.6080922
vn 0.0605734 -0.9379191 -0.3415239
vn 0.4044241 0.8946636 -0.1897847
vn 0.6364063 0.6933969 -0.3379167
vn 0.7934852 0.4139910 -0.4460859
vn 0.8596713 0.0888318 -0.5030648
vn 0.8285358 -0.2458744 -0.5030648
vn 0.7035097 -0.5532463 -0.4460859
vn 0.4975894 -0.7988849 -0.3379167
vn 0.2324639 -0.9539090 -0.1897847
vn -0.6150986 0.7884502 -0.0000000
vn 0.6150986 0.7884502 -0.0000000
vn -0.6150986 -0.7884502 0.0000000
vn 0.6150986 -0.7884502 -0.0000000
vn 0.0000000 -0.3796349 0.9251364
vn 0.0000000 0.3796349 0.9251364
vn 0.0000000 -0.3796349 -0.9251364
vn 0.0000000 0.3796349 -0.9251364
vn 0.8053155 -0.0000000 -0.5928465
vn 0.8053155 -0.0000000 0.5928465
vn -0.8053155 -0.0000000 -0.5928465
vn -0.8053155 -0.0000000 0.5928465
vn -0.0000000 1.0000000 -0.0000000
vn -0.0000000 -1.0000000 0.0000000
vn -0.3323792 -0.6927526 0.6400140
vn 0.3323792 -0.6927526 0.6400140
vn -0.3323792 0.6927526 0.6400140
vn 0.3323792 0.6927526 0.6400140
vn -0.0000000 0.0000000 1.0000000
vn -0.3323792 -0.6927526 -0.6400140
vn 0.3323792 -0.6927526 -0.6400140
vn -0.3323792 0.6927526 -0.6400140
vn 0.3323792 0.6927526 -0.6400140
vn -0.0000000 0.0000000 -1.0000000
vn 0.8322850 0.4064301 -0.3769830
vn 0.8322850 -0.4064301 -0.3769830
vn 0.4503272 -0.2200985 -0.8653104
vn 0.4503272 0.2200985 -0.8653104
vn 0.8322850 0.4064301 0.3769830
vn 0.8322850 -0.4064301 0.3769830
vn 0.4503272 -0.2200985 0.8653104
vn 0.4503272 0.2200985 0.8653104
vn 1.0000000 0.0000000 -0.0000000
vn -0.8322850 0.4064301 -0.3769830
vn -0.8322850 -0.4064301 -0.3769830
vn -0.4503272 -0.2200985 -0.8653104
vn -0.4503272 0.2200985 -0.8653104
vn -0.8322850 0.4064301 0.3769830
vn -0.8322850 -0.4064301 0.3769830
vn -0.4503272 -0.2200985 0.8653104
vn -0.4503272 0.2200985 0.8653104
vn -1.0000000 0.0000000 0.0000000
vn -0.3401458 0.9403727 -0.0000000
vn 0.3401458 0.9403727 -0.0000000
vn -0.3401458 -0.9403727 -0.0000000
vn 0.3401458 -0.9403727 -0.0000000
vn -0.5005819 -0.7905278 0.3528223
vn -0.1571532 -0.5417937 0.8256891
vn -0.1842977 -0.9065623 0.3797092
vn 0.5005819 -0.7905278 0.3528223
vn 0.1571532 -0.5417937 0.8256891
vn 0.1842977 -0.9065623 0.3797092
vn -0.0000000 -0.7434454 0.6687967
vn -0.5005819 0.7905278 0.3528223
vn -0.1571532 0.5417937 0.8256891
vn -0.1842977 0.9065623 0.3797092
vn 0.5005819 0.7905278 0.3528223
vn 0.1571532 0.5417937 0.8256891
vn 0.1842977 0.9065623 0.3797092
vn 0.0000000 0.7434454 0.6687967
vn 0.0000000 -0.1870992 0.9823410
vn -0.0000000 0.1870992 0.9823410
vn -0.5005819 -0.7905278 -0.3528223
vn -0.1571532 -0.5417937 -0.8256891
vn -0.1842977 -0.9065623 -0.3797092
vn 0.5005819 -0.7905278 -0.3528223
vn 0.1571532 -0.5417937 -0.8256891
vn 0.1842977 -0.9065623 -0.3797092
vn 0.0000000 -0.7434454 -0.6687967
vn -0.5005819 0.7905278 -0.3528223
vn -0.1571532 0.5417937 -0.8256891
vn -0.1842977 0.9065623 -0.3797092
vn 0.5005819 0.7905278 -0.3528223
vn 0.1571532 0.5417937 -0.8256891
vn 0.1842977 0.9065623 -0.3797092
vn -0.0000000 0.7434454 -0.6687967
vn -0.0000000 -0.1870992 -0.9823410
vn 0.0000000 0.1870992 -0.9823410
vn 0.7628013 0.6129241 -0.2060541
vn 0.8403097 0.1981226 -0.5046059
vn 0.6181734 0.5703309 -0.5409106
vn 0.7628013 -0.6129241 -0.2060541
vn 0.8403097 -0.1981226 -0.5046059
vn 0.6181734 -0.5703309 -0.5409106
vn 0.2324496 -0.3080013 -0.9225521
vn 0.6453341 -0.1166403 -0.7549430
vn 0.4212099 -0.4514398 -0.7866285
vn 0.2302198 -0.1036878 -0.9675989
vn 0.6593817 -0.3323763 -0.6743454
vn 0.2324496 0.3080013 -0.9225521
vn 0.6453341 0.1166403 -0.7549430
vn 0.4212099 0.4514398 -0.7866285
vn 0.2302198 0.1036878 -0.9675989
vn 0.6593817 0.3323763 -0.6743454
vn 0.4537586 0.0000000 -0.8911247
vn 0.7628013 0.6129241 0.2060541
vn 0.8403097 0.1981226 0.5046059
vn 0.6181734 0.5703309 0.5409106
vn 0.9024714 0.4307499 -0.0000000
vn 0.7628013 -0.6129241 0.2060541
vn 0.8403097 -0.1981226 0.5046059
vn 0.6181734 -0.5703309 0.5409106
vn 0.9024714 -0.4307499 0.0000000
vn 0.2324496 -0.3080013 0.9225521
vn 0.6453341 -0.1166403 0.7549430
vn 0.4212099 -0.4514398 0.7866285
vn 0.2302198 -0.1036878 0.9675989
vn 0.6593817 -0.3323763 0.6743454
vn 0.2324496 0.3080013 0.9225521
vn 0.6453341 0.1166403 0.7549430
vn 0.4212099 0.4514398 0.7866285
vn 0.2302198 0.1036878 0.9675989
vn 0.6593817 0.3323763 0.6743454
vn 0.4537586 0.0000000 0.8911247
vn 0.9471960 0.0000000 -0.3206552
vn 0.9471960 0.0000000 0.3206552
vn 0.9596373 0.2132546 -0.1833543
vn 0.9596373 -0.2132546 -0.1833543
vn 0.9596373 0.2132546 0.1833543
vn 0.9596373 -0.2132546 0.1833543
vn -0.7628013 0.6129241 -0.2060541
vn -0.8403097 0.1981226 -0.5046059
vn -0.6181734 0.5703309 -0.5409106
vn -0.7628013 -0.6129241 -0.2060541
vn -0.8403097 -0.1981226 -0.5046059
vn -0.6181734 -0.5703309 -0.5409106
vn -0.2324496 -0.3080013 -0.9225521
vn -0.6453341 -0.1166403 -0.7549430
vn -0.4212099 -0.4514398 -0.7866285
vn -0.2302198 -0.1036878 -0.9675989
vn -0.6593817 -0.3323763 -0.6743454
vn -0.2324496 0.3080013 -0.9225521
vn -0.6453341 0.1166403 -0.7549430
vn -0.4212099 0.4514398 -0.7866285
vn -0.2302198 0.1036878 -0.9675989
vn -0.6593817 0.3323763 -0.6743454
vn -0.4537586 0.0000000 -0.8911247
vn -0.7628013 0.6129241 0.2060541
vn -0.8403097 0.1981226 0.5046059
vn -0.6181734 0.5703309 0.5409106
vn -0.9024714 0.4307499 -0.0000000
vn -0.7628013 -0.6129241 0.2060541
vn -0.8403097 -0.1981226 0.5046059
vn -0.6181734 -0.5703309 0.5409106
vn -0.9024714 -0.4307499 -0.0000000
vn -0.2324496 -0.3080013 0.9225521
vn -0.6453341 -0.1166403 0.7549430
vn -0.4212099 -0.4514398 0.7866285
vn -0.2302198 -0.1036878 0.9675989
vn -0.6593817 -0.3323763 0.6743454
vn -0.2324496 0.3080013 0.9225521
vn -0.6453341 0.1166403 0.7549430
vn -0.4212099 0.4514398 0.7866285
vn -0.2302198 0.1036878 0.9675989
vn -0.6593817 0.3323763 0.6743454
vn -0.4537586 0.0000000 0.8911247
vn -0.9471960 0.0000000 -0.3206552
vn -0.9471960 0.0000000 0.3206552
vn -0.9596373 0.2132546 -0.1833543
vn -0.9596373 -0.2132546 -0.1833543
vn -0.9596373 0.2132546 0.1833543
vn -0.9596373 -0.2132546 0.1833543
vn 0.0285569 0.9994902 0.0142784
vn 0.3980912 0.9170351 0.0238744
vn 0.6830119 0.7298069 0.0296089
vn 0.8872690 0.4601481 0.0318973
vn 0.9897583 0.1394461 0.0305505
vn 0.9801589 -0.1965338 0.0257508
vn 0.8595285 -0.5107698 0.0180271
vn 0.6402130 -0.7681536 0.0082095
vn 0.3450739 -0.9385718 -0.0026343
vn -0.0285569 -0.9994902 -0.0142784
vn 0.3207958 0.9161514 0.2403263
vn 0.5453853 0.7282334 0.4150072
vn 0.7055873 0.4580709 0.5406640
vn 0.7848703 0.1371036 0.6043023
vn 0.7752709 -0.1988763 0.5995026
vn 0.6778468 -0.5128470 0.5267937
vn 0.5025864 -0.7697271 0.3936078
vn 0.2677784 -0.9394556 0.2138176
vn 0.1310927 0.9197184 0.3700444
vn 0.2076140 0.7345845 0.6459737
vn 0.2596933 0.4664550 0.8455644
vn 0.2820219 0.1465586 0.9481478
vn 0.2724224 -0.1894212 0.9433481
vn 0.2319527 -0.5044629 0.8316941
vn 0.1648151 -0.7633760 0.6245743
vn 0.0780753 -0.9358886 0.3435357
vn -0.0985580 0.9263736 0.3634809
vn -0.2012850 0.7464343 0.6342872
vn -0.2800968 0.4820980 0.8301369
vn -0.3267160 0.1641997 0.9307498
vn -0.3363154 -0.1717802 0.9259500
vn -0.3078374 -0.4888199 0.8162666
vn -0.2440839 -0.7515262 0.6128878
vn -0.1515753 -0.9292334 0.3369722
vn -0.2804374 0.9335750 0.2231427
vn -0.5251261 0.7592565 0.3844114
vn -0.7076015 0.4990247 0.5002743
vn -0.8088261 0.1832885 0.5587536
vn -0.8184256 -0.1526914 0.5539539
vn -0.7353420 -0.4718932 0.4864041
vn -0.5679249 -0.7387040 0.3630120
vn -0.3334547 -0.9220320 0.1966340
vn -0.3450739 0.9385718 0.0026343
vn -0.6402130 0.7681536 -0.0082095
vn -0.8595285 0.5107698 -0.0180271
vn -0.9801589 0.1965338 -0.0257508
vn -0.9897583 -0.1394461 -0.0305505
vn -0.8872690 -0.4601481 -0.0318973
vn -0.6830119 -0.7298069 -0.0296089
vn -0.3980912 -0.9170351 -0.0238744
vn -0.2677784 0.9394556 -0.2138176
vn -0.5025864 0.7697271 -0.3936078
vn -0.6778468 0.5128470 -0.5267937
vn -0.7752709 0.1988763 -0.5995026
vn -0.7848703 -0.1371036 -0.6043023
vn -0.7055873 -0.4580709 -0.5406640
vn -0.5453853 -0.7282334 -0.4150072
vn -0.3207958 -0.9161514 -0.2403263
vn -0.0780753 0.9358886 -0.3435357
vn -0.1648151 0.7633760 -0.6245743
vn -0.2319527 0.5044629 -0.8316941
vn -0.2724224 0.1894212 -0.9433481
vn -0.2820219 -0.1465586 -0.9481478
vn -0.2596933 -0.4664550 -0.8455644
vn -0.2076140 -0.7345845 -0.6459737
vn -0.1310927 -0.9197184 -0.3700444
vn 0.1515753 0.9292334 -0.3369722
vn 0.2440839 0.7515262 -0.6128878
vn 0.3078374 0.4888199 -0.8162666
vn 0.3363154 0.1717802 -0.9259500
vn 0.3267160 -0.1641997 -0.9307498
vn 0.2800968 -0.4820980 -0.8301369
vn 0.2012850 -0.7464343 -0.6342872
vn 0.0985580 -0.9263736 -0.3634809
vn 0.3334547 0.9220320 -0.1966340
vn 0.5679249 0.7387040 -0.3630120
vn 0.7353420 0.4718932 -0.4864041
vn 0.8184256 0.1526914 -0.5539539
vn 0.8088261 -0.1832885 -0.5587536
vn 0.7076015 -0.4990247 -0.5002743
vn 0.5251261 -0.7592565 -0.3844114
vn 0.2804374 -0.9335750 -0.2231427
vn 0.0447313 0.9989991 -0.0000000
vn 0.4126691 0.9107291 0.0166351
vn 0.6943553 0.7190226 0.0296193
vn 0.8940992 0.4461589 0.0391006
vn 0.9913199 0.1238566 0.0440950
vn 0.9762834 -0.2119582 0.0440950
vn 0.8506466 -0.5242819 0.0391006
vn 0.6273154 -0.7782019 0.0296193
vn 0.3296231 -0.9439660 0.0166351
vn -0.0447313 -0.9989991 -0.0000000
vn 0.3320184 0.9143403 0.2318309
vn 0.5507546 0.7254524 0.4127810
vn 0.7045310 0.4546471 0.5449147
vn 0.7775381 0.1334289 0.6145171
vn 0.7625016 -0.2023859 0.6145171
vn 0.6610784 -0.5157938 0.5449147
vn 0.4837147 -0.7717720 0.4127810
vn 0.2489724 -0.9403548 0.2318309
vn 0.1404084 0.9229199 0.3584751
vn 0.2095879 0.7407286 0.6382743
vn 0.2541547 0.4748132 0.8425900
vn 0.2696349 0.1561708 0.9502146
vn 0.2545984 -0.1796439 0.9502146
vn 0.2107021 -0.4956277 0.8425900
vn 0.1425480 -0.7564958 0.6382743
vn 0.0573623 -0.9317753 0.3584751
vn -0.0889725 0.9331907 0.3481940
vn -0.1988308 0.7590160 0.6199686
vn -0.2850014 0.4989545 0.8184245
vn -0.3383880 0.1833957 0.9229624
vn -0.3534245 -0.1524190 0.9229624
vn -0.3284540 -0.4714863 0.8184245
vn -0.2658707 -0.7382084 0.6199686
vn -0.1720186 -0.9215045 0.3481940
vn -0.2685086 0.9412296 0.2049147
vn -0.5184994 0.7733295 0.3648559
vn -0.7069980 0.5178499 0.4816486
vn -0.8142865 0.2047046 0.5431699
vn -0.8293229 -0.1311102 0.5431699
vn -0.7504505 -0.4525910 0.4816486
vn -0.5855393 -0.7238949 0.3648559
vn -0.3515546 -0.9134656 0.2049147
vn -0.3296231 0.9439660 -0.0166351
vn -0.6273154 0.7782019 -0.0296193
vn -0.8506466 0.5242819 -0.0391006
vn -0.9762834 0.2119582 -0.0440950
vn -0.9913199 -0.1238566 -0.0440950
vn -0.8940992 -0.4461589 -0.0391006
vn -0.6943553 -0.7190226 -0.0296193
vn -0.4126691 -0.9107291 -0.0166351
vn -0.2489724 0.9403548 -0.2318309
vn -0.4837147 0.7717720 -0.4127810
vn -0.6610784 0.5157938 -0.5449147
vn -0.7625016 0.2023859 -0.6145171
vn -0.7775381 -0.1334289 -0.6145171
vn -0.7045310 -0.4546471 -0.5449147
vn -0.5507546 -0.7254524 -0.4127810
vn -0.3320184 -0.9143403 -0.2318309
vn -0.0573623 0.9317753 -0.3584751
vn -0.1425480 0.7564958 -0.6382743
vn -0.2107021 0.4956277 -0.8425900
vn -0.2545984 0.1796439 -0.9502146
vn -0.2696349 -0.1561708 -0.9502146
vn -0.2541547 -0.4748132 -0.8425900
vn -0.2095879 -0.7407286 -0.6382743
vn -0.1404084 -0.9229199 -0.3584751
vn 0.1720186 0.9215045 -0.3481940
vn 0.2658707 0.7382084 -0.6199686
vn 0.3284540 0.4714863 -0.8184245
vn 0.3534245 0.1524190 -0.9229624
vn 0.3383880 -0.1833957 -0.9229624
vn 0.2850014 -0.4989545 -0.8184245
vn 0.1988308 -0.7590160 -0.6199686
vn 0.0889725 -0.9331907 -0.3481940
vn 0.3515546 0.9134656 -0.2049147
vn 0.5855393 0.7238949 -0.3648559
vn 0.7504505 0.4525910 -0.4816486
vn 0.8293229 0.1311102 -0.5431699
vn 0.8142865 -0.2047046 -0.5431699
vn 0.7069980 -0.5178499 -0.4816486
vn 0.5184994 -0.7733295 -0.3648559
vn 0.2685086 -0.9412296 -0.2049147
vn -0.0000000 1.0000000 -0.0000000
vn 0.3718902 0.9282767 0.0000000
vn 0.6621602 0.7493623 -0.0000000
vn 0.8741219 0.4857066 0.0000000
vn 0.9857741 0.1680756 0.0000000
vn 0.9857741 -0.1680756 0.0000000
vn 0.8741219 -0.4857066 0.0000000
vn 0.6621602 -0.7493623 0.0000000
vn 0.3718902 -0.9282767 0.0000000
vn 0.0000000 -1.0000000 0.0000000
vn 0.3008655 0.9282767 0.2185916
vn 0.5356989 0.7493623 0.3892080
vn 0.7071795 0.4857066 0.5137960
vn 0.7975080 0.1680756 0.5794235
vn 0.7975080 -0.1680756 0.5794235
vn 0.7071795 -0.4857066 0.5137960
vn 0.5356989 -0.7493623 0.3892080
vn 0.3008655 -0.9282767 0.2185916
vn 0.1149204 0.9282767 0.3536886
vn 0.2046188 0.7493623 0.6297518
vn 0.2701185 0.4857066 0.8313393
vn 0.3046210 0.1680756 0.9375269
vn 0.3046210 -0.1680756 0.9375269
vn 0.2701185 -0.4857066 0.8313393
vn 0.2046188 -0.7493623 0.6297518
vn 0.1149204 -0.9282767 0.3536886
vn -0.1149204 0.9282767 0.3536886
vn -0.2046188 0.7493623 0.6297518
vn -0.2701185 0.4857066 0.8313393
vn -0.3046210 0.1680756 0.9375269
vn -0.3046210 -0.1680756 0.9375269
vn -0.2701185 -0.4857066 0.8313393
vn -0.2046188 -0.7493623 0.6297518
vn -0.1149204 -0.9282767 0.3536886
vn -0.3008655 0.9282767 0.2185916
vn -0.5356989 0.7493623 0.3892080
vn -0.7071795 0.4857066 0.5137960
vn -0.7975080 0.1680756 0.5794235
vn -0.7975080 -0.1680756 0.5794235
vn -0.7071795 -0.4857066 0.5137960
vn -0.5356989 -0.7493623 0.3892080
vn -0.3008655 -0.9282767 0.2185916
vn -0.3718902 0.9282767 -0.0000000
vn -0.6621602 0.7493623 0.0000000
vn -0.8741219 0.4857066 0.0000000
vn -0.9857741 0.1680756 0.0000000
vn -0.9857741 -0.1680756 0.0000000
vn -0.8741219 -0.4857066 -0.0000000
vn -0.6621602 -0.7493623 -0.0000000
vn -0.3718902 -0.9282767 0.0000000
vn -0.3008655 0.9282767 -0.2185916
vn -0.5356989 0.7493623 -0.3892080
vn -0.7071795 0.4857066 -0.5137960
vn -0.7975080 0.1680756 -0.5794235
vn -0.7975080 -0.1680756 -0.5794235
vn -0.7071795 -0.4857066 -0.5137960
vn -0.5356989 -0.7493623 -0.3892080
vn -0.3008655 -0.9282767 -0.2185916
vn -0.1149204 0.9282767 -0.3536886
vn -0.2046188 0.7493623 -0.6297518
vn -0.2701185 0.4857066 -0.8313393
vn -0.3046210 0.1680756 -0.9375269
vn -0.3046210 -0.1680756 -0.9375269
vn -0.2701185 -0.4857066 -0.8313393
vn -0.2046188 -0.7493623 -0.6297518
vn -0.1149204 -0.9282767 -0.3536886
vn 0.1149204 0.9282767 -0.3536886
vn 0.2046188 0.7493623 -0.6297518
vn 0.2701185 0.4857066 -0.8313393
vn 0.3046210 0.1680756 -0.9375269
vn 0.3046210 -0.1680756 -0.9375269
vn 0.2701185 -0.4857066 -0.8313393
vn 0.2046188 -0.7493623 -0.6297518
vn 0.1149204 -0.9282767 -0.3536886
vn 0.3008655 0.9282767 -0.2185916
vn 0.5356989 0.7493623 -0.3892080
vn 0.7071795 0.4857066 -0.5137960
vn 0.7975080 0.1680756 -0.5794235
vn 0.7975080 -0.1680756 -0.5794235
vn 0.7071795 -0.4857066 -0.5137960
vn 0.5356989 -0.7493623 -0.3892080
vn 0.3008655 -0.9282767 -0.2185916
vn -0.5684608 0.8227104 0.0000000
vn 0.5684608 0.8227104 -0.0000000
vn -0.5684608 -0.8227104 -0.0000000
vn 0.5684608 -0.8227104 -0.0000000
vn 0.0000000 -0.4836452 0.8752641
vn 0.0000000 0.4836452 0.8752641
vn -0.0000000 -0.4836452 -0.8752641
vn 0.0000000 0.4836452 -0.8752641
vn 0.8505851 0.0000000 -0.5258375
vn 0.8505851 0.0000000 0.5258375
vn -0.8505851 -0.0000000 -0.5258375
vn -0.8505851 0.0000000 0.5258375
vn 0.0000000 1.0000000 0.0000000
vn -0.0000000 -1.0000000 -0.0000000
vn -0.3309589 -0.7764591 0.5362625
vn 0.3309589 -0.7764591 0.5362625
vn -0.3309589 0.7764591 0.5362625
vn 0.3309589 0.7764591 0.5362625
vn 0.0000000 0.0000000 1.0000000
vn -0.3309589 -0.7764591 -0.5362625
vn 0.3309589 -0.7764591 -0.5362625
vn -0.3309589 0.7764591 -0.5362625
vn 0.3309589 0.7764591 -0.5362625
vn 0.0000000 0.0000000 -1.0000000
vn 0.8300695 0.4585788 -0.3173169
vn 0.8300695 -0.4585788 -0.3173169
vn 0.5050170 -0.2790805 -0.8167447
vn 0.5050170 0.2790805 -0.8167447
vn 0.8300695 0.4585788 0.3173169
vn 0.8300695 -0.4585788 0.3173169
vn 0.5050170 -0.2790805 0.8167447
vn 0.5050170 0.2790805 0.8167447
vn 1.0000000 -0.0000000 0.0000000
vn -0.8300695 0.4585788 -0.3173169
vn -0.8300695 -0.4585788 -0.3173169
vn -0.5050170 -0.2790805 -0.8167447
vn -0.5050170 0.2790805 -0.8167447
vn -0.8300695 0.4585788 0.3173169
vn -0.8300695 -0.4585788 0.3173169
vn -0.5050170 -0.2790805 0.8167447
vn -0.5050170 0.2790805 0.8167447
vn -1.0000000 -0.0000000 0.0000000
vn -0.3048054 0.9524146 -0.0000000
vn 0.3048054 0.9524146 0.0000000
vn -0.3048054 -0.9524146 -0.0000000
vn 0.3048054 -0.9524146 -0.0000000
vn -0.4709382 -0.8366364 0.2797440
vn -0.1673565 -0.6517467 0.7397419
vn -0.1695959 -0.9399622 0.2961560
vn 0.4709382 -0.8366364 0.2797440
vn 0.1673565 -0.6517467 0.7397419
vn 0.1695959 -0.9399622 0.2961560
vn -0.0000000 -0.8291625 0.5590077
vn -0.4709382 0.8366364 0.2797440
vn -0.1673565 0.6517467 0.7397419
vn -0.1695959 0.9399622 0.2961560
vn 0.4709382 0.8366364 0.2797440
vn 0.1673565 0.6517467 0.7397419
vn 0.1695959 0.9399622 0.2961560
vn 0.0000000 0.8291625 0.5590077
vn 0.0000000 -0.2483370 0.9686737
vn -0.0000000 0.2483370 0.9686737
vn -0.4709382 -0.8366364 -0.2797440
vn -0.1673565 -0.6517467 -0.7397419
vn -0.1695959 -0.9399622 -0.2961560
vn 0.4709382 -0.8366364 -0.2797440
vn 0.1673565 -0.6517467 -0.7397419
vn 0.1695959 -0.9399622 -0.2961560
vn 0.0000000 -0.8291625 -0.5590077
vn -0.4709382 0.8366364 -0.2797440
vn -0.1673565 0.6517467 -0.7397419
vn -0.1695959 0.9399622 -0.2961560
vn 0.4709382 0.8366364 -0.2797440
vn 0.1673565 0.6517467 -0.7397419
vn 0.1695959 0.9399622 -0.2961560
vn -0.0000000 0.8291625 -0.5590077
vn 0.0000000 -0.2483370 -0.9686737
vn -0.0000000 0.2483370 -0.9686737
vn 0.7298485 0.6626874 -0.1678290
vn 0.8685070 0.2319188 -0.4380746
vn 0.6169605 0.6415230 -0.4558596
vn 0.7298485 -0.6626874 -0.1678290
vn 0.8685070 -0.2319188 -0.4380746
vn 0.6169605 -0.6415230 -0.4558596
vn 0.2632970 -0.3959187 -0.8797290
vn 0.7052048 -0.1433472 -0.6943614
vn 0.4497260 -0.5449281 -0.7076721
vn 0.2692834 -0.1377080 -0.9531647
vn 0.6956923 -0.3960267 -0.5993121
vn 0.2632970 0.3959187 -0.8797290
vn 0.7052048 0.1433472 -0.6943614
vn 0.4497260 0.5449281 -0.7076721
vn 0.2692834 0.1377080 -0.9531647
vn 0.6956923 0.3960267 -0.5993121
vn 0.5171772 0.0000000 -0.8558784
vn 0.7298485 0.6626874 0.1678290
vn 0.8685070 0.2319188 0.4380746
vn 0.6169605 0.6415230 0.4558596
vn 0.8799706 0.4750282 0.0000000
vn 0.7298485 -0.6626874 0.1678290
vn 0.8685070 -0.2319188 0.4380746
vn 0.6169605 -0.6415230 0.4558596
vn 0.8799706 -0.4750282 0.0000000
vn 0.2632970 -0.3959187 0.8797290
vn 0.7052048 -0.1433472 0.6943614
vn 0.4497260 -0.5449281 0.7076721
vn 0.2692834 -0.1377080 0.9531647
vn 0.6956923 -0.3960267 0.5993121
vn 0.2632970 0.3959187 0.8797290
vn 0.7052048 0.1433472 0.6943614
vn 0.4497260 0.5449281 0.7076721
vn 0.2692834 0.1377080 0.9531647
vn 0.6956923 0.3960267 0.5993121
vn 0.5171772 -0.0000000 0.8558784
vn 0.9615048 -0.0000000 -0.2747882
vn 0.9615048 0.0000000 0.2747882
vn 0.9580217 0.2414051 -0.1546542
vn 0.9580217 -0.2414051 -0.1546542
vn 0.9580217 0.2414051 0.1546542
vn 0.9580217 -0.2414051 0.1546542
vn -0.7298485 0.6626874 -0.1678290
vn -0.8685070 0.2319188 -0.4380746
vn -0.6169605 0.6415230 -0.4558596
vn -0.7298485 -0.6626874 -0.1678290
vn -0.8685070 -0.2319188 -0.4380746
vn -0.6169605 -0.6415230 -0.4558596
vn -0.2632970 -0.3959187 -0.8797290
vn -0.7052048 -0.1433472 -0.6943614
vn -0.4497260 -0.5449281 -0.7076721
vn -0.2692834 -0.1377080 -0.9531647
vn -0.6956923 -0.3960267 -0.5993121
vn -0.2632970 0.3959187 -0.8797290
vn -0.7052048 0.1433472 -0.6943614
vn -0.4497260 0.5449281 -0.7076721
vn -0.2692834 0.1377080 -0.9531647
vn -0.6956923 0.3960267 -0.5993121
vn -0.5171772 0.0000000 -0.8558784
vn -0.7298485 0.6626874 0.1678290
vn -0.8685070 0.2319188 0.4380746
vn -0.6169605 0.6415230 0.4558596
vn -0.8799706 0.4750282 0.0000000
vn -0.7298485 -0.6626874 0.1678290
vn -0.8685070 -0.2319188 0.4380746
vn -0.6169605 -0.6415230 0.4558596
vn -0.8799706 -0.4750282 -0.0000000
vn -0.2632970 -0.3959187 0.8797290
vn -0.7052048 -0.1433472 0.6943614
vn -0.4497260 -0.5449281 0.7076721
vn -0.2692834 -0.1377080 0.9531647
vn -0.6956923 -0.3960267 0.5993121
vn -0.2632970 0.3959187 0.8797290
vn -0.7052048 0.1433472 0.6943614
vn -0.4497260 0.5449281 0.7076721
vn -0.2692834 0.1377080 0.9531647
vn -0.6956923 0.3960267 0.5993121
vn -0.5171772 0.0000000 0.8558784
vn -0.9615048 0.0000000 -0.2747882
vn -0.9615048 0.0000000 0.2747882
vn -0.9580217 0.2414051 -0.1546542
vn -0.9580217 -0.2414051 -0.1546542
vn -0.9580217 0.2414051 0.1546542
vn -0.9580217 -0.2414051 0.1546542
vn -0.1766078 0.9839579 -0.0252297
vn 0.1966353 0.9764200 -0.0890989
vn 0.5096722 0.8495759 -0.1358489
vn 0.7617491 0.6260770 -0.1666310
vn 0.9261007 0.3324663 -0.1783359
vn 0.9854676 0.0017077 -0.1698549
vn 0.9333083 -0.3297527 -0.1421225
vn 0.7743587 -0.6251059 -0.0980365
vn 0.5245172 -0.8503505 -0.0422586
vn 0.1766078 -0.9839579 0.0252297
vn 0.1648223 0.9765466 0.1385296
vn 0.4530283 0.8498014 0.2694495
vn 0.6869731 0.6263745 0.3684059
vn 0.8417734 0.3328019 0.4250417
vn 0.9011404 0.0020432 0.4335226
vn 0.8585322 -0.3294551 0.3929144
vn 0.7177148 -0.6248805 0.3072619
vn 0.4927042 -0.8502239 0.1853698
vn 0.0074329 0.9525477 0.3042987
vn 0.1727923 0.8070707 0.5646058
vn 0.3170318 0.5699655 0.7580436
vn 0.4245793 0.2691877 0.8644480
vn 0.4839462 -0.0615709 0.8729290
vn 0.4885909 -0.3858641 0.7825521
vn 0.4374788 -0.6676112 0.6024182
vn 0.3353147 -0.8742228 0.3511390
vn -0.2154155 0.9135900 0.3448904
vn -0.2239951 0.7377056 0.6368804
vn -0.2067698 0.4783963 0.8534537
vn -0.1661278 0.1659223 0.9720449
vn -0.1067609 -0.1648364 0.9805259
vn -0.0352106 -0.4774334 0.8779622
vn 0.0406914 -0.7369762 0.6746927
vn 0.1124663 -0.9131804 0.3917307
vn -0.4186024 0.8745542 0.2448000
vn -0.5857746 0.6682013 0.4586667
vn -0.6843572 0.3866431 0.6181928
vn -0.7047178 0.0624494 0.7067340
vn -0.6453509 -0.2683092 0.7152150
vn -0.5127980 -0.5691865 0.6427013
vn -0.3210881 -0.8064806 0.4964791
vn -0.0907205 -0.9522162 0.2916402
vn -0.5245172 0.8503505 0.0422586
vn -0.7743587 0.6251059 0.0980365
vn -0.9333083 0.3297527 0.1421225
vn -0.9854676 -0.0017077 0.1698549
vn -0.9261007 -0.3324663 0.1783359
vn -0.7617491 -0.6260770 0.1666310
vn -0.5096722 -0.8495759 0.1358489
vn -0.1966353 -0.9764200 0.0890989
vn -0.4927042 0.8502239 -0.1853698
vn -0.7177148 0.6248805 -0.3072619
vn -0.8585322 0.3294551 -0.3929144
vn -0.9011404 -0.0020432 -0.4335226
vn -0.8417734 -0.3328019 -0.4250417
vn -0.6869731 -0.6263745 -0.3684059
vn -0.4530283 -0.8498014 -0.2694495
vn -0.1648223 -0.9765466 -0.1385296
vn -0.3353147 0.8742228 -0.3511390
vn -0.4374788 0.6676112 -0.6024182
vn -0.4885909 0.3858641 -0.7825521
vn -0.4839462 0.0615709 -0.8729290
vn -0.4245793 -0.2691877 -0.8644480
vn -0.3170318 -0.5699655 -0.7580436
vn -0.1727923 -0.8070707 -0.5646058
vn -0.0074329 -0.9525477 -0.3042987
vn -0.1124663 0.9131804 -0.3917307
vn -0.0406914 0.7369762 -0.6746927
vn 0.0352106 0.4774334 -0.8779622
vn 0.1067609 0.1648364 -0.9805259
vn 0.1661278 -0.1659223 -0.9720449
vn 0.2067698 -0.4783963 -0.8534537
vn 0.2239951 -0.7377056 -0.6368804
vn 0.2154155 -0.9135900 -0.3448904
vn 0.0907205 0.9522162 -0.2916402
vn 0.3210881 0.8064806 -0.4964791
vn 0.5127980 0.5691865 -0.6427013
vn 0.6453509 0.2683092 -0.7152150
vn 0.7047178 -0.0624494 -0.7067340
vn 0.6843572 -0.3866431 -0.6181928
vn 0.5857746 -0.6682013 -0.4586667
vn 0.4186024 -0.8745542 -0.2448000
vn -0.0926234 0.9957012 0.0000000
vn 0.2827196 0.9585839 -0.0344457
vn 0.5870710 0.8072088 -0.0613315
vn 0.8216350 0.5642347 -0.0809641
vn 0.9617493 0.2582663 -0.0913057
vn 0.9928848 -0.0764399 -0.0913057
vn 0.9116105 -0.4030026 -0.0809641
vn 0.7258880 -0.6850731 -0.0613315
vn 0.4546798 -0.8899886 -0.0344457
vn 0.0926234 -0.9957012 0.0000000
vn 0.2324639 0.9539090 0.1897847
vn 0.4975894 0.7988849 0.3379167
vn 0.7035097 0.5532463 0.4460859
vn 0.8285358 0.2458744 0.5030648
vn 0.8596713 -0.0888318 0.5030648
vn 0.7934852 -0.4139910 0.4460859
vn 0.6364063 -0.6933969 0.3379167
vn 0.4044241 -0.8946636 0.1897847
vn 0.0605734 0.9379191 0.3415239
vn 0.1915339 0.7704146 0.6080922
vn 0.2994838 0.5156625 0.8027463
vn 0.3729035 0.2034899 0.9052816
vn 0.4040389 -0.1312162 0.9052816
vn 0.3894594 -0.4515748 0.8027463
vn 0.3303508 -0.7218672 0.6080922
vn 0.2325336 -0.9106534 0.3415239
vn -0.1672956 0.9167220 0.3628125
vn -0.2141928 0.7326726 0.6459971
vn -0.2361185 0.4658390 0.8527849
vn -0.2311117 0.1473025 0.9617117
vn -0.1999762 -0.1874037 0.9617117
vn -0.1461429 -0.5013982 0.8527849
vn -0.0753759 -0.7596092 0.6459971
vn 0.0046646 -0.9318505 0.3628125
vn -0.3641048 0.8984142 0.2455191
vn -0.5646167 0.7000750 0.4371531
vn -0.6987154 0.4228068 0.5770886
vn -0.7527964 0.0987737 0.6508005
vn -0.7216609 -0.2359325 0.6508005
vn -0.6087398 -0.5444305 0.5770886
vn -0.4257998 -0.7922068 0.4371531
vn -0.1921446 -0.9501583 0.2455191
vn -0.4546798 0.8899886 0.0344457
vn -0.7258880 0.6850731 0.0613315
vn -0.9116105 0.4030026 0.0809641
vn -0.9928848 0.0764399 0.0913057
vn -0.9617493 -0.2582663 0.0913057
vn -0.8216350 -0.5642347 0.0809641
vn -0.5870710 -0.8072088 0.0613315
vn -0.2827196 -0.9585839 0.0344457
vn -0.4044241 0.8946636 -0.1897847
vn -0.6364063 0.6933969 -0.3379167
vn -0.7934852 0.4139910 -0.4460859
vn -0.8596713 0.0888318 -0.5030648
vn -0.8285358 -0.2458744 -0.5030648
vn -0.7035097 -0.5532463 -0.4460859
vn -0.4975894 -0.7988849 -0.3379167
vn -0.2324639 -0.9539090 -0.1897847
vn -0.2325336 0.9106534 -0.3415239
vn -0.3303508 0.7218672 -0.6080922
vn -0.3894594 0.4515748 -0.8027463
vn -0.4040389 0.1312162 -0.9052816
vn -0.3729035 -0.2034899 -0.9052816
vn -0.2994838 -0.5156625 -0.8027463
vn -0.1915339 -0.7704146 -0.6080922
vn -0.0605734 -0.9379191 -0.3415239
vn -0.0046646 0.9318505 -0.3628125
vn 0.0753759 0.7596092 -0.6459971
vn 0.1461429 0.5013982 -0.8527849
vn 0.1999762 0.1874037 -0.9617117
vn 0.2311117 -0.1473025 -0.9617117
vn 0.2361185 -0.4658390 -0.8527849
vn 0.2141928 -0.7326726 -0.6459971
vn 0.1672956 -0.9167220 -0.3628125
vn 0.1921446 0.9501583 -0.2455191
vn 0.4257998 0.7922068 -0.4371531
vn 0.6087398 0.5444305 -0.5770886
vn 0.7216609 0.2359325 -0.6508005
vn 0.7527964 -0.0987737 -0.6508005
vn 0.6987154 -0.4228068 -0.5770886
vn 0.5646167 -0.7000750 -0.4371531
vn 0.3641048 -0.8984142 -0.2455191
vn -0.6150986 0.7884502 0.0000000
vn 0.6150986 0.7884502 -0.0000000
vn -0.6150986 -0.7884502 0.0000000
vn 0.6150986 -0.7884502 0.0000000
vn -0.0000000 -0.3796349 0.9251364
vn -0.0000000 0.3796349 0.9251364
vn -0.0000000 -0.3796349 -0.9251364
vn -0.0000000 0.3796349 -0.9251364
vn 0.8053155 -0.0000000 -0.5928465
vn 0.8053155 -0.0000000 0.5928465
vn -0.8053155 -0.0000000 -0.5928465
vn -0.8053155 -0.0000000 0.5928465
vn 0.0000000 1.0000000 -0.0000000
vn 0.0000000 -1.0000000 -0.0000000
vn -0.3323792 -0.6927526 0.6400140
vn 0.3323792 -0.6927526 0.6400140
vn -0.3323792 0.6927526 0.6400140
vn 0.3323792 0.6927526 0.6400140
vn -0.0000000 0.0000000 1.0000000
vn -0.3323792 -0.6927526 -0.6400140
vn 0.3323792 -0.6927526 -0.6400140
vn -0.3323792 0.6927526 -0.6400140
vn 0.3323792 0.6927526 -0.6400140
vn -0.0000000 0.0000000 -1.0000000
vn 0.8322850 0.4064301 -0.3769830
vn 0.8322850 -0.4064301 -0.3769830
vn 0.4503272 -0.2200985 -0.8653104
vn 0.4503272 0.2200985 -0.8653104
vn 0.8322850 0.4064301 0.3769830
vn 0.8322850 -0.4064301 0.3769830
vn 0.4503272 -0.2200985 0.8653104
vn 0.4503272 0.2200985 0.8653104
vn 1.0000000 0.0000000 0.0000000
vn -0.8322850 0.4064301 -0.3769830
vn -0.8322850 -0.4064301 -0.3769830
vn -0.4503272 -0.2200985 -0.8653104
vn -0.4503272 0.2200985 -0.8653104
vn -0.8322850 0.4064301 0.3769830
vn -0.8322850 -0.4064301 0.3769830
vn -0.4503272 -0.2200985 0.8653104
vn -0.4503272 0.2200985 0.8653104
vn -1.0000000 0.0000000 -0.0000000
vn -0.3401458 0.9403727 -0.0000000
vn 0.3401458 0.9403727 0.0000000
vn -0.3401458 -0.9403727 0.0000000
vn 0.3401458 -0.9403727 -0.0000000
vn -0.5005819 -0.7905278 0.3528223
vn -0.1571532 -0.5417937 0.8256891
vn -0.1842977 -0.9065623 0.3797092
vn 0.5005819 -0.7905278 0.3528223
vn 0.1571532 -0.5417937 0.8256891
vn 0.1842977 -0.9065623 0.3797092
vn -0.0000000 -0.7434454 0.6687967
vn -0.5005819 0.7905278 0.3528223
vn -0.1571532 0.5417937 0.8256891
vn -0.1842977 0.9065623 0.3797092
vn 0.5005819 0.7905278 0.3528223
vn 0.1571532 0.5417937 0.8256891
vn 0.1842977 0.9065623 0.3797092
vn 0.0000000 0.7434454 0.6687967
vn 0.0000000 -0.1870992 0.9823410
vn -0.0000000 0.1870992 0.9823410
vn -0.5005819 -0.7905278 -0.3528223
vn -0.1571532 -0.5417937 -0.8256891
vn -0.1842977 -0.9065623 -0.3797092
vn 0.5005819 -0.7905278 -0.3528223
vn 0.1571532 -0.5417937 -0.8256891
vn 0.1842977 -0.9065623 -0.3797092
vn 0.0000000 -0.7434454 -0.6687967
vn -0.5005819 0.7905278 -0.3528223
vn -0.1571532 0.5417937 -0.8256891
vn -0.1842977 0.9065623 -0.3797092
vn 0.5005819 0.7905278 -0.3528223
vn 0.1571532 0.5417937 -0.8256891
vn 0.1842977 0.9065623 -0.3797092
vn -0.0000000 0.7434454 -0.6687967
vn -0.0000000 -0.1870992 -0.9823410
vn -0.0000000 0.1870992 -0.9823410
vn 0.7628013 0.6129241 -0.2060541
vn 0.8403097 0.1981226 -0.5046059
vn 0.6181734 0.5703309 -0.5409106
vn 0.7628013 -0.6129241 -0.2060541
vn 0.8403097 -0.1981226 -0.5046059
vn 0.6181734 -0.5703309 -0.5409106
vn 0.2324496 -0.3080013 -0.9225521
vn 0.6453341 -0.1166403 -0.7549430
vn 0.4212099 -0.4514398 -0.7866285
vn 0.2302198 -0.1036878 -0.9675989
vn 0.6593817 -0.3323763 -0.6743454
vn 0.2324496 0.3080013 -0.9225521
vn 0.6453341 0.1166403 -0.7549430
vn 0.4212099 0.4514398 -0.7866285
vn 0.2302198 0.1036878 -0.9675989
vn 0.6593817 0.3323763 -0.6743454
vn 0.4537586 0.0000000 -0.8911247
vn 0.7628013 0.6129241 0.2060541
vn 0.8403097 0.1981226 0.5046059
vn 0.6181734 0.5703309 0.5409106
vn 0.9024714 0.4307499 -0.0000000
vn 0.7628013 -0.6129241 0.2060541
vn 0.8403097 -0.1981226 0.5046059
vn 0.6181734 -0.5703309 0.5409106
vn 0.9024714 -0.4307499 0.0000000
vn 0.2324496 -0.3080013 0.9225521
vn 0.6453341 -0.1166403 0.7549430
vn 0.4212099 -0.4514398 0.7866285
vn 0.2302198 -0.1036878 0.9675989
vn 0.6593817 -0.3323763 0.6743454
vn 0.2324496 0.3080013 0.9225521
vn 0.6453341 0.1166403 0.7549430
vn 0.4212099 0.4514398 0.7866285
vn 0.2302198 0.1036878 0.9675989
vn 0.6593817 0.3323763 0.6743454
vn 0.4537586 0.0000000 0.8911247
vn 0.9471960 0.0000000 -0.3206552
vn 0.9471960 0.0000000 0.3206552
vn 0.9596373 0.2132546 -0.1833543
vn 0.9596373 -0.2132546 -0.1833543
vn 0.9596373 0.2132546 0.1833543
vn 0.9596373 -0.2132546 0.1833543
vn -0.7628013 0.6129241 -0.2060541
vn -0.8403097 0.1981226 -0.5046059
vn -0.6181734 0.5703309 -0.5409106
vn -0.7628013 -0.6129241 -0.2060541
vn -0.8403097 -0.1981226 -0.5046059
vn -0.6181734 -0.5703309 -0.5409106
vn -0.2324496 -0.3080013 -0.9225521
vn -0.6453341 -0.1166403 -0.7549430
vn -0.4212099 -0.4514398 -0.7866285
vn -0.2302198 -0.1036878 -0.9675989
vn -0.6593817 -0.3323763 -0.6743454
vn -0.2324496 0.3080013 -0.9225521
vn -0.6453341 0.1166403 -0.7549430
vn -0.4212099 0.4514398 -0.7866285
vn -0.2302198 0.1036878 -0.9675989
vn -0.6593817 0.3323763 -0.6743454
vn -0.4537586 0.0000000 -0.8911247
vn -0.7628013 0.6129241 0.2060541
vn -0.8403097 0.1981226 0.5046059
vn -0.6181734 0.5703309 0.5409106
vn -0.9024714 0.4307499 -0.0000000
vn -0.7628013 -0.6129241 0.2060541
vn -0.8403097 -0.1981226 0.5046059
vn -0.6181734 -0.5703309 0.5409106
vn -0.9024714 -0.4307499 -0.0000000
vn -0.2324496 -0.3080013 0.9225521
vn -0.6453341 -0.1166403 0.7549430
vn -0.4212099 -0.4514398 0.7866285
vn -0.2302198 -0.1036878 0.9675989
vn -0.6593817 -0.3323763 0.6743454
vn -0.2324496 0.3080013 0.9225521
vn -0.6453341 0.1166403 0.7549430
vn -0.4212099 0.4514398 0.7866285
vn -0.2302198 0.1036878 0.9675989
vn -0.6593817 0.3323763 0.6743454
vn -0.4537586 0.0000000 0.8911247
vn -0.9471960 0.0000000 -0.3206552
vn -0.9471960 0.0000000 0.3206552
vn -0.9596373 0.2132546 -0.1833543
vn -0.9596373 -0.2132546 -0.1833543
vn -0.9596373 0.2132546 0.1833543
vn -0.9596373 -0.2132546 0.1833543
vn -0.0285569 0.9994902 0.0142784
vn 0.3450739 0.9385718 0.0026343
vn 0.6402130 0.7681536 -0.0082095
vn 0.8595285 0.5107698 -0.0180271
vn 0.9801589 0.1965338 -0.0257508
vn 0.9897583 -0.1394461 -0.0305505
vn 0.8872690 -0.4601481 -0.0318973
vn 0.6830119 -0.7298069 -0.0296089
vn 0.3980912 -0.9170351 -0.0238744
vn 0.0285569 -0.9994902 -0.0142784
vn 0.2804374 0.9335750 0.2231427
vn 0.5251261 0.7592565 0.3844114
vn 0.7076015 0.4990247 0.5002743
vn 0.8088261 0.1832885 0.5587536
vn 0.8184256 -0.1526914 0.5539539
vn 0.7353420 -0.4718932 0.4864041
vn 0.5679249 -0.7387040 0.3630120
vn 0.3334547 -0.9220320 0.1966340
vn 0.0985580 0.9263736 0.3634809
vn 0.2012850 0.7464343 0.6342872
vn 0.2800968 0.4820980 0.8301369
vn 0.3267160 0.1641997 0.9307498
vn 0.3363154 -0.1717802 0.9259500
vn 0.3078374 -0.4888199 0.8162666
vn 0.2440839 -0.7515262 0.6128878
vn 0.1515753 -0.9292334 0.3369722
vn -0.1310927 0.9197184 0.3700444
vn -0.2076140 0.7345845 0.6459737
vn -0.2596933 0.4664550 0.8455644
vn -0.2820219 0.1465586 0.9481478
vn -0.2724224 -0.1894212 0.9433481
vn -0.2319527 -0.5044629 0.8316941
vn -0.1648151 -0.7633760 0.6245743
vn -0.0780753 -0.9358886 0.3435357
vn -0.3207958 0.9161514 0.2403263
vn -0.5453853 0.7282334 0.4150072
vn -0.7055873 0.4580709 0.5406640
vn -0.7848703 0.1371036 0.6043023
vn -0.7752709 -0.1988763 0.5995026
vn -0.6778468 -0.5128470 0.5267937
vn -0.5025864 -0.7697271 0.3936078
vn -0.2677784 -0.9394556 0.2138176
vn -0.3980912 0.9170351 0.0238744
vn -0.6830119 0.7298069 0.0296089
vn -0.8872690 0.4601481 0.0318973
vn -0.9897583 0.1394461 0.0305505
vn -0.9801589 -0.1965338 0.0257508
vn -0.8595285 -0.5107698 0.0180271
vn -0.6402130 -0.7681536 0.0082095
vn -0.3450739 -0.9385718 -0.0026343
vn -0.3334547 0.9220320 -0.1966340
vn -0.5679249 0.7387040 -0.3630120
vn -0.7353420 0.4718932 -0.4864041
vn -0.8184256 0.1526914 -0.5539539
vn -0.8088261 -0.1832885 -0.5587536
vn -0.7076015 -0.4990247 -0.5002743
vn -0.5251261 -0.7592565 -0.3844114
vn -0.2804374 -0.9335750 -0.2231427
vn -0.1515753 0.9292334 -0.3369722
vn -0.2440839 0.7515262 -0.6128878
vn -0.3078374 0.4888199 -0.8162666
vn -0.3363154 0.1717802 -0.9259500
vn -0.3267160 -0.1641997 -0.9307498
vn -0.2800968 -0.4820980 -0.8301369
vn -0.2012850 -0.7464343 -0.6342872
vn -0.0985580 -0.9263736 -0.3634809
vn 0.0780753 0.9358886 -0.3435357
vn 0.1648151 0.7633760 -0.6245743
vn 0.2319527 0.5044629 -0.8316941
vn 0.2724224 0.1894212 -0.9433481
vn 0.2820219 -0.1465586 -0.9481478
vn 0.2596933 -0.4664550 -0.8455644
vn 0.2076140 -0.7345845 -0.6459737
vn 0.1310927 -0.9197184 -0.3700444
vn 0.2677784 0.9394556 -0.2138176
vn 0.5025864 0.7697271 -0.3936078
vn 0.6778468 0.5128470 -0.5267937
vn 0.7752709 0.1988763 -0.5995026
vn 0.7848703 -0.1371036 -0.6043023
vn 0.7055873 -0.4580709 -0.5406640
vn 0.5453853 -0.7282334 -0.4150072
vn 0.3207958 -0.9161514 -0.2403263
vn -0.0447313 0.9989991 -0.0000000
vn 0.3296231 0.9439660 -0.0166351
vn 0.6273154 0.7782019 -0.0296193
vn 0.8506466 0.5242819 -0.0391006
vn 0.9762834 0.2119582 -0.0440950
vn 0.9913199 -0.1238566 -0.0440950
vn 0.8940992 -0.4461589 -0.0391006
vn 0.6943553 -0.7190226 -0.0296193
vn 0.4126691 -0.9107291 -0.0166351
vn 0.0447313 -0.9989991 -0.0000000
vn 0.2685086 0.9412296 0.2049147
vn 0.5184994 0.7733295 0.3648559
vn 0.7069980 0.5178499 0.4816486
vn 0.8142865 0.2047046 0.5431699
vn 0.8293229 -0.1311102 0.5431699
vn 0.7504505 -0.4525910 0.4816486
vn 0.5855393 -0.7238949 0.3648559
vn 0.3515546 -0.9134656 0.2049147
vn 0.0889725 0.9331907 0.3481940
vn 0.1988308 0.7590160 0.6199686
vn 0.2850014 0.4989545 0.8184245
vn 0.3383880 0.1833957 0.9229624
vn 0.3534245 -0.1524190 0.9229624
vn 0.3284540 -0.4714863 0.8184245
vn 0.2658707 -0.7382084 0.6199686
vn 0.1720186 -0.9215045 0.3481940
vn -0.1404084 0.9229199 0.3584751
vn -0.2095879 0.7407286 0.6382743
vn -0.2541547 0.4748132 0.8425900
vn -0.2696349 0.1561708 0.9502146
vn -0.2545984 -0.1796439 0.9502146
vn -0.2107021 -0.4956277 0.8425900
vn -0.1425480 -0.7564958 0.6382743
vn -0.0573623 -0.9317753 0.3584751
vn -0.3320184 0.9143403 0.2318309
vn -0.5507546 0.7254524 0.4127810
vn -0.7045310 0.4546471 0.5449147
vn -0.7775381 0.1334289 0.6145171
vn -0.7625016 -0.2023859 0.6145171
vn -0.6610784 -0.5157938 0.5449147
vn -0.4837147 -0.7717720 0.4127810
vn -0.2489724 -0.9403548 0.2318309
vn -0.4126691 0.9107291 0.0166351
vn -0.6943553 0.7190226 0.0296193
vn -0.8940992 0.4461589 0.0391006
vn -0.9913199 0.1238566 0.0440950
vn -0.9762834 -0.2119582 0.0440950
vn -0.8506466 -0.5242819 0.0391006
vn -0.6273154 -0.7782019 0.0296193
vn -0.3296231 -0.9439660 0.0166351
vn -0.3515546 0.9134656 -0.2049147
vn -0.5855393 0.7238949 -0.3648559
vn -0.7504505 0.4525910 -0.4816486
vn -0.8293229 0.1311102 -0.5431699
vn -0.8142865 -0.2047046 -0.5431699
vn -0.7069980 -0.5178499 -0.4816486
vn -0.5184994 -0.7733295 -0.3648559
vn -0.2685086 -0.9412296 -0.2049147
vn -0.1720186 0.9215045 -0.3481940
vn -0.2658707 0.7382084 -0.6199686
vn -0.3284540 0.4714863 -0.8184245
vn -0.3534245 0.1524190 -0.9229624
vn -0.3383880 -0.1833957 -0.9229624
vn -0.2850014 -0.4989545 -0.8184245
vn -0.1988308 -0.7590160 -0.6199686
vn -0.0889725 -0.9331907 -0.3481940
vn 0.0573623 0.9317753 -0.3584751
vn 0.1425480 0.7564958 -0.6382743
vn 0.2107021 0.4956277 -0.8425900
vn 0.2545984 0.1796439 -0.9502146
vn 0.2696349 -0.1561708 -0.9502146
vn 0.2541547 -0.4748132 -0.8425900
vn 0.2095879 -0.7407286 -0.6382743
vn 0.1404084 -0.9229199 -0.3584751
vn 0.2489724 0.9403548 -0.2318309
vn 0.4837147 0.7717720 -0.4127810
vn 0.6610784 0.5157938 -0.5449147
vn 0.7625016 0.2023859 -0.6145171
vn 0.7775381 -0.1334289 -0.6145171
vn 0.7045310 -0.4546471 -0.5449147
vn 0.5507546 -0.7254524 -0.4127810
vn 0.3320184 -0.9143403 -0.2318309
vn -0.0000000 1.0000000 -0.0000000
vn 0.3718902 0.9282767 0.0000000
vn 0.6621602 0.7493623 -0.0000000
vn 0.8741219 0.4857066 -0.0000000
vn 0.9857741 0.1680756 -0.0000000
vn 0.9857741 -0.1680756 0.0000000
vn 0.8741219 -0.4857066 0.0000000
vn 0.6621602 -0.7493623 0.0000000
vn 0.3718902 -0.9282767 0.0000000
vn 0.0000000 -1.0000000 0.0000000
vn 0.3008655 0.9282767 0.2185916
vn 0.5356989 0.7493623 0.3892080
vn 0.7071795 0.4857066 0.5137960
vn 0.7975080 0.1680756 0.5794235
vn 0.7975080 -0.1680756 0.5794235
vn 0.7071795 -0.4857066 0.5137960
vn 0.5356989 -0.7493623 0.3892080
vn 0.3008655 -0.9282767 0.2185916
vn 0.1149204 0.9282767 0.3536886
vn 0.2046188 0.7493623 0.6297518
vn 0.2701185 0.4857066 0.8313393
vn 0.3046210 0.1680756 0.9375269
vn 0.3046210 -0.1680756 0.9375269
vn 0.2701185 -0.4857066 0.8313393
vn 0.2046188 -0.7493623 0.6297518
vn 0.1149204 -0.9282767 0.3536886
vn -0.1149204 0.9282767 0.3536886
vn -0.2046188 0.7493623 0.6297518
vn -0.2701185 0.4857066 0.8313393
vn -0.3046210 0.1680756 0.9375269
vn -0.3046210 -0.1680756 0.9375269
vn -0.2701185 -0.4857066 0.8313393
vn -0.2046188 -0.7493623 0.6297518
vn -0.1149204 -0.9282767 0.3536886
vn -0.3008655 0.9282767 0.2185916
vn -0.5356989 0.7493623 0.3892080
vn -0.7071795 0.4857066 0.5137960
vn -0.7975080 0.1680756 0.5794235
vn -0.7975080 -0.1680756 0.5794235
vn -0.7071795 -0.4857066 0.5137960
vn -0.5356989 -0.7493623 0.3892080
vn -0.3008655 -0.9282767 0.2185916
vn -0.3718902 0.9282767 -0.0000000
vn -0.6621602 0.7493623 0.0000000
vn -0.8741219 0.4857066 0.0000000
vn -0.9857741 0.1680756 0.0000000
vn -0.9857741 -0.1680756 0.0000000
vn -0.8741219 -0.4857066 0.0000000
vn -0.6621602 -0.7493623 -0.0000000
vn -0.3718902 -0.9282767 0.0000000
vn -0.3008655 0.9282767 -0.2185916
vn -0.5356989 0.7493623 -0.3892080
vn -0.7071795 0.4857066 -0.5137960
vn -0.7975080 0.1680756 -0.5794235
vn -0.7975080 -0.1680756 -0.5794235
vn -0.7071795 -0.4857066 -0.5137960
vn -0.5356989 -0.7493623 -0.3892080
vn -0.3008655 -0.9282767 -0.2185916
vn -0.1149204 0.9282767 -0.3536886
vn -0.2046188 0.7493623 -0.6297518
vn -0.2701185 0.4857066 -0.8313393
vn -0.3046210 0.1680756 -0.9375269
vn -0.3046210 -0.1680756 -0.9375269
vn -0.2701185 -0.4857066 -0.8313393
vn -0.2046188 -0.7493623 -0.6297518
vn -0.1149204 -0.9282767 -0.3536886
vn 0.1149204 0.9282767 -0.3536886
vn 0.2046188 0.7493623 -0.6297518
vn 0.2701185 0.4857066 -0.8313393
vn 0.3046210 0.1680756 -0.9375269
vn 0.3046210 -0.1680756 -0.9375269
vn 0.2701185 -0.4857066 -0.8313393
vn 0.2046188 -0.7493623 -0.6297518
vn 0.1149204 -0.9282767 -0.3536886
vn 0.3008655 0.9282767 -0.2185916
vn 0.5356989 0.7493623 -0.3892080
vn 0.7071795 0.4857066 -0.5137960
vn 0.7975080 0.1680756 -0.5794235
vn 0.7975080 -0.1680756 -0.5794235
vn 0.7071795 -0.4857066 -0.5137960
vn 0.5356989 -0.7493623 -0.3892080
vn 0.3008655 -0.9282767 -0.2185916
f 1//1 138//138 54//54
f 138//138 38//38 140//140
f 54//54 140//140 17//17
f 138//138 140//140 54//54
f 38//38 139//139 155//155
f 139//139 12//12 152//152
f 155//155 152//152 41//41
f 139//139 152//152 155//155
f 17//17 153//153 55//55
f 153//153 41//41 151//151
f 55//55 151//151 6//6
f 153//153 151//151 55//55
f 38//38 155//155 140//140
f 155//155 41//41 153//153
f 140//140 153//153 17//17
f 155//155 153//153 140//140
f 1//1 54//54 43//43
f 54//54 17//17 56//56
f 43//43 56//56 13//13
f 54//54 56//56 43//43
f 17//17 55//55 60//60
f 55//55 6//6 58//58
f 60//60 58//58 18//18
f 55//55 58//58 60//60
f 13//13 59//59 44//44
f 59//59 18//18 57//57
f 44//44 57//57 2//2
f 59//59 57//57 44//44
f 17//17 60//60 56//56
f 60//60 18//18 59//59
f 56//56 59//59 13//13
f 60//60 59//59 56//56
f 1//1 43//43 70//70
f 43//43 13//13 72//72
f 70//70 72//72 22//22
f 43//43 72//72 70//70
f 13//13 44//44 75//75
f 44//44 2//2 73//73
f 75//75 73//73 23//23
f 44//44 73//73 75//75
f 22//22 76//76 71//71
f 76//76 23//23 74//74
f 71//71 74//74 8//8
f 76//76 74//74 71//71
f 13//13 75//75 72//72
f 75//75 23//23 76//76
f 72//72 76//76 22//22
f 75//75 76//76 72//72
f 1//1 70//70 121//121
f 70//70 22//22 123//123
f 121//121 123//123 34//34
f 70//70 123//123 121//121
f 22//22 71//71 134//134
f 71//71 8//8 132//132
f 134//134 132//132 37//37
f 71//71 132//132 134//134
f 34//34 136//136 122//122
f 136//136 37//37 133//133
f 122//122 133//133 11//11
f 136//136 133//133 122//122
f 22//22 134//134 123//123
f 134//134 37//37 136//136
f 123//123 136//136 34//34
f 134//134 136//136 123//123
f 1//1 121//121 138//138
f 121//121 34//34 141//141
f 138//138 141//141 38//38
f 121//121 141//141 138//138
f 34//34 122//122 159//159
f 122//122 11//11 157//157
f 159//159 157//157 42//42
f 122//122 157//157 159//159
f 38//38 161//161 139//139
f 161//161 42//42 158//158
f 139//139 158//158 12//12
f 161//161 158//158 139//139
f 34//34 159//159 141//141
f 159//159 42//42 161//161
f 141//141 161//161 38//38
f 159//159 161//161 141//141
f 2//2 57//57 96//96
f 57//57 18//18 98//98
f 96//96 98//98 29//29
f 57//57 98//98 96//96
f 18//18 58//58 111//111
f 58//58 6//6 109//109
f 111//111 109//109 32//32
f 58//58 109//109 111//111
f 29//29 113//113 97//97
f 113//113 32//32 110//110
f 97//97 110//110 10//10
f 113//113 110//110 97//97
f 18//18 111//111 98//98
f 111//111 32//32 113//113
f 98//98 113//113 29//29
f 111//111 113//113 98//98
f 6//6 151//151 62//62
f 151//151 41//41 154//154
f 62//62 154//154 19//19
f 151//151 154//154 62//62
f 41//41 152//152 156//156
f 152//152 12//12 147//147
f 156//156 147//147 40//40
f 152//152 147//147 156//156
f 19//19 149//149 61//61
f 149//149 40//40 146//146
f 61//61 146//146 5//5
f 149//149 146//146 61//61
f 41//41 156//156 154//154
f 156//156 40//40 149//149
f 154//154 149//149 19//19
f 156//156 149//149 154//154
f 12//12 158//158 143//143
f 158//158 42//42 162//162
f 143//143 162//162 39//39
f 158//158 162//162 143//143
f 42//42 157//157 160//160
f 157//157 11//11 125//125
f 160//160 125//125 35//35
f 157//157 125//125 160//160
f 39//39 145//145 142//142
f 145//145 35//35 124//124
f 142//142 124//124 3//3
f 145//145 124//124 142//142
f 42//42 160//160 162//162
f 160//160 35//35 145//145
f 162//162 145//145 39//39
f 160//160 145//145 162//162
f 11//11 133//133 128//128
f 133//133 37//37 137//137
f 128//128 137//137 36//36
f 133//133 137//137 128//128
f 37//37 132//132 135//135
f 132//132 8//8 78//78
f 135//135 78//78 24//24
f 132//132 78//78 135//135
f 36//36 130//130 127//127
f 130//130 24//24 77//77
f 127//127 77//77 7//7
f 130//130 77//77 127//127
f 37//37 135//135 137//137
f 135//135 24//24 130//130
f 137//137 130//130 36//36
f 135//135 130//130 137//137
f 8//8 74//74 90//90
f 74//74 23//23 92//92
f 90//90 92//92 28//28
f 74//74 92//92 90//90
f 23//23 73//73 81//81
f 73//73 2//2 79//79
f 81//81 79//79 25//25
f 73//73 79//79 81//81
f 28//28 94//94 91//91
f 94//94 25//25 80//80
f 91//91 80//80 9//9
f 94//94 80//80 91//91
f 23//23 81//81 92//92
f 81//81 25//25 94//94
f 92//92 94//94 28//28
f 81//81 94//94 92//92
f 4//4 100//100 50//50
f 100//100 30//30 102//102
f 50//50 102//102 16//16
f 100//100 102//102 50//50
f 30//30 101//101 108//108
f 101//101 10//10 105//105
f 108//108 105//105 31//31
f 101//101 105//105 108//108
f 16//16 106//106 51//51
f 106//106 31//31 104//104
f 51//51 104//104 5//5
f 106//106 104//104 51//51
f 30//30 108//108 102//102
f 108//108 31//31 106//106
f 102//102 106//106 16//16
f 108//108 106//106 102//102
f 4//4 50//50 46//46
f 50//50 16//16 52//52
f 46//46 52//52 14//14
f 50//50 52//52 46//46
f 16//16 51//51 53//53
f 51//51 5//5 48//48
f 53//53 48//48 15//15
f 51//51 48//48 53//53
f 14//14 49//49 45//45
f 49//49 15//15 47//47
f 45//45 47//47 3//3
f 49//49 47//47 45//45
f 16//16 53//53 52//52
f 53//53 15//15 49//49
f 52//52 49//49 14//14
f 53//53 49//49 52//52
f 4//4 46//46 66//66
f 46//46 14//14 68//68
f 66//66 68//68 21//21
f 46//46 68//68 66//66
f 14//14 45//45 65//65
f 45//45 3//3 63//63
f 65//65 63//63 20//20
f 45//45 63//63 65//65
f 21//21 69//69 67//67
f 69//69 20//20 64//64
f 67//67 64//64 7//7
f 69//69 64//64 67//67
f 14//14 65//65 68//68
f 65//65 20//20 69//69
f 68//68 69//69 21//21
f 65//65 69//69 68//68
f 4//4 66//66 82//82
f 66//66 21//21 84//84
f 82//82 84//84 26//26
f 66//66 84//84 82//82
f 21//21 67//67 87//87
f 67//67 7//7 85//85
f 87//87 85//85 27//27
f 67//67 85//85 87//87
f 26//26 89//89 83//83
f 89//89 27//27 86//86
f 83//83 86//86 9//9
f 89//89 86//86 83//83
f 21//21 87//87 84//84
f 87//87 27//27 89//89
f 84//84 89//89 26//26
f 87//87 89//89 84//84
f 4//4 82//82 100//100
f 82//82 26//26 103//103
f 100//100 103//103 30//30
f 82//82 103//103 100//100
f 26//26 83//83 118//118
f 83//83 9//9 115//115
f 118//118 115//115 33//33
f 83//83 115//115 118//118
f 30//30 120//120 101//101
f 120//120 33//33 116//116
f 101//101 116//116 10//10
f 120//120 116//116 101//101
f 26//26 118//118 103//103
f 118//118 33//33 120//120
f 103//103 120//120 30//30
f 118//118 120//120 103//103
f 5//5 104//104 61//61
f 104//104 31//31 107//107
f 61//61 107//107 19//19
f 104//104 107//107 61//61
f 31//31 105//105 114//114
f 105//105 10//10 110//110
f 114//114 110//110 32//32
f 105//105 110//110 114//114
f 19//19 112//112 62//62
f 112//112 32//32 109//109
f 62//62 109//109 6//6
f 112//112 109//109 62//62
f 31//31 114//114 107//107
f 114//114 32//32 112//112
f 107//107 112//112 19//19
f 114//114 112//112 107//107
f 3//3 47//47 142//142
f 47//47 15//15 144//144
f 142//142 144//144 39//39
f 47//47 144//144 142//142
f 15//15 48//48 148//148
f 48//48 5//5 146//146
f 148//148 146//146 40//40
f 48//48 146//146 148//148
f 39//39 150//150 143//143
f 150//150 40//40 147//147
f 143//143 147//147 12//12
f 150//150 147//147 143//143
f 15//15 148//148 144//144
f 148//148 40//40 150//150
f 144//144 150//150 39//39
f 148//148 150//150 144//144
f 7//7 64//64 127//127
f 64//64 20//20 129//129
f 127//127 129//129 36//36
f 64//64 129//129 127//127
f 20//20 63//63 126//126
f 63//63 3//3 124//124
f 126//126 124//124 35//35
f 63//63 124//124 126//126
f 36//36 131//131 128//128
f 131//131 35//35 125//125
f 128//128 125//125 11//11
f 131//131 125//125 128//128
f 20//20 126//126 129//129
f 126//126 35//35 131//131
f 129//129 131//131 36//36
f 126//126 131//131 129//129
f 9//9 86//86 91//91
f 86//86 27//27 95//95
f 91//91 95//95 28//28
f 86//86 95//95 91//91
f 27//27 85//85 88//88
f 85//85 7//7 77//77
f 88//88 77//77 24//24
f 85//85 77//77 88//88
f 28//28 93//93 90//90
f 93//93 24//24 78//78
f 90//90 78//78 8//8
f 93//93 78//78 90//90
f 27//27 88//88 95//95
f 88//88 24//24 93//93
f 95//95 93//93 28//28
f 88//88 93//93 95//95
f 10//10 116//116 97//97
f 116//116 33//33 119//119
f 97//97 119//119 29//29
f 116//116 119//119 97//97
f 33//33 115//115 117//117
f 115//115 9//9 80//80
f 117//117 80//80 25//25
f 115//115 80//80 117//117
f 29//29 99//99 96//96
f 99//99 25//25 79//79
f 96//96 79//79 2//2
f 99//99 79//79 96//96
f 33//33 117//117 119//119
f 117//117 25//25 99//99
f 119//119 99//99 29//29
f 117//117 99//99 119//119
f 163//163 300//300 216//216
f 300//300 200//200 302//302
f 216//216 302//302 179//179
f 300//300 302//302 216//216
f 200//200 301//301 317//317
f 301//301 174//174 314//314
f 317//317 314//314 203//203
f 301//301 314//314 317//317
f 179//179 315//315 217//217
f 315//315 203//203 313//313
f 217//217 313//313 168//168
f 315//315 313//313 217//217
f 200//200 317//317 302//302
f 317//317 203//203 315//315
f 302//302 315//315 179//179
f 317//317 315//315 302//302
f 163//163 216//216 205//205
f 216//216 179//179 218//218
f 205//205 218//218 175//175
f 216//216 218//218 205//205
f 179//179 217//217 222//222
f 217//217 168//168 220//220
f 222//222 220//220 180//180
f 217//217 220//220 222//222
f 175//175 221//221 206//206
f 221//221 180//180 219//219
f 206//206 219//219 164//164
f 221//221 219//219 206//206
f 179//179 222//222 218//218
f 222//222 180//180 221//221
f 218//218 221//221 175//175
f 222//222 221//221 218//218
f 163//163 205//205 232//232
f 205//205 175//175 234//234
f 232//232 234//234 184//184
f 205//205 234//234 232//232
f 175//175 206//206 237//237
f 206//206 164//164 235//235
f 237//237 235//235 185//185
f 206//206 235//235 237//237
f 184//184 238//238 233//233
f 238//238 185//185 236//236
f 233//233 236//236 170//170
f 238//238 236//236 233//233
f 175//175 237//237 234//234
f 237//237 185//185 238//238
f 234//234 238//238 184//184
f 237//237 238//238 234//234
f 163//163 232//232 283//283
f 232//232 184//184 285//285
f 283//283 285//285 196//196
f 232//232 285//285 283//283
f 184//184 233//233 296//296
f 233//233 170//170 294//294
f 296//296 294//294 199//199
f 233//233 294//294 296//296
f 196//196 298//298 284//284
f 298//298 199//199 295//295
f 284//284 295//295 173//173
f 298//298 295//295 284//284
f 184//184 296//296 285//285
f 296//296 199//199 298//298
f 285//285 298//298 196//196
f 296//296 298//298 285//285
f 163//163 283//283 300//300
f 283//283 196//196 303//303
f 300//300 303//303 200//200
f 283//283 303//303 300//300
f 196//196 284//284 321//321
f 284//284 173//173 319//319
f 321//321 319//319 204//204
f 284//284 319//319 321//321
f 200//200 323//323 301//301
f 323//323 204//204 320//320
f 301//301 320//320 174//174
f 323//323 320//320 301//301
f 196//196 321//321 303//303
f 321//321 204//204 323//323
f 303//303 323//323 200//200
f 321//321 323//323 303//303
f 164//164 219//219 258//258
f 219//219 180//180 260//260
f 258//258 260//260 191//191
f 219//219 260//260 258//258
f 180//180 220//220 273//273
f 220//220 168//168 271//271
f 273//273 271//271 194//194
f 220//220 271//271 273//273
f 191//191 275//275 259//259
f 275//275 194//194 272//272
f 259//259 272//272 172//172
f 275//275 272//272 259//259
f 180//180 273//273 260//260
f 273//273 194//194 275//275
f 260//260 275//275 191//191
f 273//273 275//275 260//260
f 168//168 313//313 224//224
f 313//313 203//203 316//316
f 224//224 316//316 181//181
f 313//313 316//316 224//224
f 203//203 314//314 318//318
f 314//314 174//174 309//309
f 318//318 309//309 202//202
f 314//314 309//309 318//318
f 181//181 311//311 223//223
f 311//311 202//202 308//308
f 223//223 308//308 167//167
f 311//311 308//308 223//223
f 203//203 318//318 316//316
f 318//318 202//202 311//311
f 316//316 311//311 181//181
f 318//318 311//311 316//316
f 174//174 320//320 305//305
f 320//320 204//204 324//324
f 305//305 324//324 201//201
f 320//320 324//324 305//305
f 204//204 319//319 322//322
f 319//319 173//173 287//287
f 322//322 287//287 197//197
f 319//319 287//287 322//322
f 201//201 307//307 304//304
f 307//307 197//197 286//286
f 304//304 286//286 165//165
f 307//307 286//286 304//304
f 204//204 322//322 324//324
f 322//322 197//197 307//307
f 324//324 307//307 201//201
f 322//322 307//307 324//324
f 173//173 295//295 290//290
f 295//295 199//199 299//299
f 290//290 299//299 198//198
f 295//295 299//299 290//290
f 199//199 294//294 297//297
f 294//294 170//170 240//240
f 297//297 240//240 186//186
f 294//294 240//240 297//297
f 198//198 292//292 289//289
f 292//292 186//186 239//239
f 289//289 239//239 169//169
f 292//292 239//239 289//289
f 199//199 297//297 299//299
f 297//297 186//186 292//292
f 299//299 292//292 198//198
f 297//297 292//292 299//299
f 170//170 236//236 252//252
f 236//236 185//185 254//254
f 252//252 254//254 190//190
f 236//236 254//254 252//252
f 185//185 235//235 243//243
f 235//235 164//164 241//241
f 243//243 241//241 187//187
f 235//235 241//241 243//243
f 190//190 256//256 253//253
f 256//256 187//187 242//242
f 253//253 242//242 171//171
f 256//256 242//242 253//253
f 185//185 243//243 254//254
f 243//243 187//187 256//256
f 254//254 256//256 190//190
f 243//243 256//256 254//254
f 166//166 262//262 212//212
f 262//262 192//192 264//264
f 212//212 264//264 178//178
f 262//262 264//264 212//212
f 192//192 263//263 270//270
f 263//263 172//172 267//267
f 270//270 267//267 193//193
f 263//263 267//267 270//270
f 178//178 268//268 213//213
f 268//268 193//193 266//266
f 213//213 266//266 167//167
f 268//268 266//266 213//213
f 192//192 270//270 264//264
f 270//270 193//193 268//268
f 264//264 268//268 178//178
f 270//270 268//268 264//264
f 166//166 212//212 208//208
f 212//212 178//178 214//214
f 208//208 214//214 176//176
f 212//212 214//214 208//208
f 178//178 213//213 215//215
f 213//213 167//167 210//210
f 215//215 210//210 177//177
f 213//213 210//210 215//215
f 176//176 211//211 207//207
f 211//211 177//177 209//209
f 207//207 209//209 165//165
f 211//211 209//209 207//207
f 178//178 215//215 214//214
f 215//215 177//177 211//211
f 214//214 211//211 176//176
f 215//215 211//211 214//214
f 166//166 208//208 228//228
f 208//208 176//176 230//230
f 228//228 230//230 183//183
f 208//208 230//230 228//228
f 176//176 207//207 227//227
f 207//207 165//165 225//225
f 227//227 225//225 182//182
f 207//207 225//225 227//227
f 183//183 231//231 229//229
f 231//231 182//182 226//226
f 229//229 226//226 169//169
f 231//231 226//226 229//229
f 176//176 227//227 230//230
f 227//227 182//182 231//231
f 230//230 231//231 183//183
f 227//227 231//231 230//230
f 166//166 228//228 244//244
f 228//228 183//183 246//246
f 244//244 246//246 188//188
f 228//228 246//246 244//244
f 183//183 229//229 249//249
f 229//229 169//169 247//247
f 249//249 247//247 189//189
f 229//229 247//247 249//249
f 188//188 251//251 245//245
f 251//251 189//189 248//248
f 245//245 248//248 171//171
f 251//251 248//248 245//245
f 183//183 249//249 246//246
f 249//249 189//189 251//251
f 246//246 251//251 188//188
f 249//249 251//251 246//246
f 166//166 244//244 262//262
f 244//244 188//188 265//265
f 262//262 265//265 192//192
f 244//244 265//265 262//262
f 188//188 245//245 280//280
f 245//245 171//171 277//277
f 280//280 277//277 195//195
f 245//245 277//277 280//280
f 192//192 282//282 263//263
f 282//282 195//195 278//278
f 263//263 278//278 172//172
f 282//282 278//278 263//263
f 188//188 280//280 265//265
f 280//280 195//195 282//282
f 265//265 282//282 192//192
f 280//280 282//282 265//265
f 167//167 266//266 223//223
f 266//266 193//193 269//269
f 223//223 269//269 181//181
f 266//266 269//269 223//223
f 193//193 267//267 276//276
f 267//267 172//172 272//272
f 276//276 272//272 194//194
f 267//267 272//272 276//276
f 181//181 274//274 224//224
f 274//274 194//194 271//271
f 224//224 271//271 168//168
f 274//274 271//271 224//224
f 193//193 276//276 269//269
f 276//276 194//194 274//274
f 269//269 274//274 181//181
f 276//276 274//274 269//269
f 165//165 209//209 304//304
f 209//209 177//177 306//306
f 304//304 306//306 201//201
f 209//209 306//306 304//304
f 177//177 210//210 310//310
f 210//210 167//167 308//308
f 310//310 308//308 202//202
f 210//210 308//308 310//310
f 201//201 312//312 305//305
f 312//312 202//202 309//309
f 305//305 309//309 174//174
f 312//312 309//309 305//305
f 177//177 310//310 306//306
f 310//310 202//202 312//312
f 306//306 312//312 201//201
f 310//310 312//312 306//306
f 169//169 226//226 289//289
f 226//226 182//182 291//291
f 289//289 291//291 198//198
f 226//226 291//291 289//289
f 182//182 225//225 288//288
f 225//225 165//165 286//286
f 288//288 286//286 197//197
f 225//225 286//286 288//288
f 198//198 293//293 290//290
f 293//293 197//197 287//287
f 290//290 287//287 173//173
f 293//293 287//287 290//290
f 182//182 288//288 291//291
f 288//288 197//197 293//293
f 291//291 293//293 198//198
f 288//288 293//293 291//291
f 171//171 248//248 253//253
f 248//248 189//189 257//257
f 253//253 257//257 190//190
f 248//248 257//257 253//253
f 189//189 247//247 250//250
f 247//247 169//169 239//239
f 250//250 239//239 186//186
f 247//247 239//239 250//250
f 190//190 255//255 252//252
f 255//255 186//186 240//240
f 252//252 240//240 170//170
f 255//255 240//240 252//252
f 189//189 250//250 257//257
f 250//250 186//186 255//255
f 257//257 255//255 190//190
f 250//250 255//255 257//257
f 172//172 278//278 259//259
f 278//278 195//195 281//281
f 259//259 281//281 191//191
f 278//278 281//281 259//259
f 195//195 277//277 279//279
f 277//277 171//171 242//242
f 279//279 242//242 187//187
f 277//277 242//242 279//279
f 191//191 261//261 258//258
f 261//261 187//187 241//241
f 258//258 241//241 164//164
f 261//261 241//241 258//258
f 195//195 279//279 281//281
f 279//279 187//187 261//261
f 281//281 261//261 191//191
f 279//279 261//261 281//281
f 325//325 462//462 378//378
f 462//462 362//362 464//464
f 378//378 464//464 341//341
f 462//462 464//464 378//378
f 362//362 463//463 479//479
f 463//463 336//336 476//476
f 479//479 476//476 365//365
f 463//463 476//476 479//479
f 341//341 477//477 379//379
f 477//477 365//365 475//475
f 379//379 475//475 330//330
f 477//477 475//475 379//379
f 362//362 479//479 464//464
f 479//479 365//365 477//477
f 464//464 477//477 341//341
f 479//479 477//477 464//464
f 325//325 378//378 367//367
f 378//378 341//341 380//380
f 367//367 380//380 337//337
f 378//378 380//380 367//367
f 341//341 379//379 384//384
f 379//379 330//330 382//382
f 384//384 382//382 342//342
f 379//379 382//382 384//384
f 337//337 383//383 368//368
f 383//383 342//342 381//381
f 368//368 381//381 326//326
f 383//383 381//381 368//368
f 341//341 384//384 380//380
f 384//384 342//342 383//383
f 380//380 383//383 337//337
f 384//384 383//383 380//380
f 325//325 367//367 394//394
f 367//367 337//337 396//396
f 394//394 396//396 346//346
f 367//367 396//396 394//394
f 337//337 368//368 399//399
f 368//368 326//326 397//397
f 399//399 397//397 347//347
f 368//368 397//397 399//399
f 346//346 400//400 395//395
f 400//400 347//347 398//398
f 395//395 398//398 332//332
f 400//400 398//398 395//395
f 337//337 399//399 396//396
f 399//399 347//347 400//400
f 396//396 400//400 346//346
f 399//399 400//400 396//396
f 325//325 394//394 445//445
f 394//394 346//346 447//447
f 445//445 447//447 358//358
f 394//394 447//447 445//445
f 346//346 395//395 458//458
f 395//395 332//332 456//456
f 458//458 456//456 361//361
f 395//395 456//456 458//458
f 358//358 460//460 446//446
f 460//460 361//361 457//457
f 446//446 457//457 335//335
f 460//460 457//457 446//446
f 346//346 458//458 447//447
f 458//458 361//361 460//460
f 447//447 460//460 358//358
f 458//458 460//460 447//447
f 325//325 445//445 462//462
f 445//445 358//358 465//465
f 462//462 465//465 362//362
f 445//445 465//465 462//462
f 358//358 446//446 483//483
f 446//446 335//335 481//481
f 483//483 481//481 366//366
f 446//446 481//481 483//483
f 362//362 485//485 463//463
f 485//485 366//366 482//482
f 463//463 482//482 336//336
f 485//485 482//482 463//463
f 358//358 483//483 465//465
f 483//483 366//366 485//485
f 465//465 485//485 362//362
f 483//483 485//485 465//465
f 326//326 381//381 420//420
f 381//381 342//342 422//422
f 420//420 422//422 353//353
f 381//381 422//422 420//420
f 342//342 382//382 435//435
f 382//382 330//330 433//433
f 435//435 433//433 356//356
f 382//382 433//433 435//435
f 353//353 437//437 421//421
f 437//437 356//356 434//434
f 421//421 434//434 334//334
f 437//437 434//434 421//421
f 342//342 435//435 422//422
f 435//435 356//356 437//437
f 422//422 437//437 353//353
f 435//435 437//437 422//422
f 330//330 475//475 386//386
f 475//475 365//365 478//478
f 386//386 478//478 343//343
f 475//475 478//478 386//386
f 365//365 476//476 480//480
f 476//476 336//336 471//471
f 480//480 471//471 364//364
f 476//476 471//471 480//480
f 343//343 473//473 385//385
f 473//473 364//364 470//470
f 385//385 470//470 329//329
f 473//473 470//470 385//385
f 365//365 480//480 478//478
f 480//480 364//364 473//473
f 478//478 473//473 343//343
f 480//480 473//473 478//478
f 336//336 482//482 467//467
f 482//482 366//366 486//486
f 467//467 486//486 363//363
f 482//482 486//486 467//467
f 366//366 481//481 484//484
f 481//481 335//335 449//449
f 484//484 449//449 359//359
f 481//481 449//449 484//484
f 363//363 469//469 466//466
f 469//469 359//359 448//448
f 466//466 448//448 327//327
f 469//469 448//448 466//466
f 366//366 484//484 486//486
f 484//484 359//359 469//469
f 486//486 469//469 363//363
f 484//484 469//469 486//486
f 335//335 457//457 452//452
f 457//457 361//361 461//461
f 452//452 461//461 360//360
f 457//457 461//461 452//452
f 361//361 456//456 459//459
f 456//456 332//332 402//402
f 459//459 402//402 348//348
f 456//456 402//402 459//459
f 360//360 454//454 451//451
f 454//454 348//348 401//401
f 451//451 401//401 331//331
f 454//454 401//401 451//451
f 361//361 459//459 461//461
f 459//459 348//348 454//454
f 461//461 454//454 360//360
f 459//459 454//454 461//461
f 332//332 398//398 414//414
f 398//398 347//347 416//416
f 414//414 416//416 352//352
f 398//398 416//416 414//414
f 347//347 397//397 405//405
f 397//397 326//326 403//403
f 405//405 403//403 349//349
f 397//397 403//403 405//405
f 352//352 418//418 415//415
f 418//418 349//349 404//404
f 415//415 404//404 333//333
f 418//418 404//404 415//415
f 347//347 405//405 416//416
f 405//405 349//349 418//418
f 416//416 418//418 352//352
f 405//405 418//418 416//416
f 328//328 424//424 374//374
f 424//424 354//354 426//426
f 374//374 426//426 340//340
f 424//424 426//426 374//374
f 354//354 425//425 432//432
f 425//425 334//334 429//429
f 432//432 429//429 355//355
f 425//425 429//429 432//432
f 340//340 430//430 375//375
f 430//430 355//355 428//428
f 375//375 428//428 329//329
f 430//430 428//428 375//375
f 354//354 432//432 426//426
f 432//432 355//355 430//430
f 426//426 430//430 340//340
f 432//432 430//430 426//426
f 328//328 374//374 370//370
f 374//374 340//340 376//376
f 370//370 376//376 338//338
f 374//374 376//376 370//370
f 340//340 375//375 377//377
f 375//375 329//329 372//372
f 377//377 372//372 339//339
f 375//375 372//372 377//377
f 338//338 373//373 369//369
f 373//373 339//339 371//371
f 369//369 371//371 327//327
f 373//373 371//371 369//369
f 340//340 377//377 376//376
f 377//377 339//339 373//373
f 376//376 373//373 338//338
f 377//377 373//373 376//376
f 328//328 370//370 390//390
f 370//370 338//338 392//392
f 390//390 392//392 345//345
f 370//370 392//392 390//390
f 338//338 369//369 389//389
f 369//369 327//327 387//387
f 389//389 387//387 344//344
f 369//369 387//387 389//389
f 345//345 393//393 391//391
f 393//393 344//344 388//388
f 391//391 388//388 331//331
f 393//393 388//388 391//391
f 338//338 389//389 392//392
f 389//389 344//344 393//393
f 392//392 393//393 345//345
f 389//389 393//393 392//392
f 328//328 390//390 406//406
f 390//390 345//345 408//408
f 406//406 408//408 350//350
f 390//390 408//408 406//406
f 345//345 391//391 411//411
f 391//391 331//331 409//409
f 411//411 409//409 351//351
f 391//391 409//409 411//411
f 350//350 413//413 407//407
f 413//413 351//351 410//410
f 407//407 410//410 333//333
f 413//413 410//410 407//407
f 345//345 411//411 408//408
f 411//411 351//351 413//413
f 408//408 413//413 350//350
f 411//411 413//413 408//408
f 328//328 406//406 424//424
f 406//406 350//350 427//427
f 424//424 427//427 354//354
f 406//406 427//427 424//424
f 350//350 407//407 442//442
f 407//407 333//333 439//439
f 442//442 439//439 357//357
f 407//407 439//439 442//442
f 354//354 444//444 425//425
f 444//444 357//357 440//440
f 425//425 440//440 334//334
f 444//444 440//440 425//425
f 350//350 442//442 427//427
f 442//442 357//357 444//444
f 427//427 444//444 354//354
f 442//442 444//444 427//427
f 329//329 428//428 385//385
f 428//428 355//355 431//431
f 385//385 431//431 343//343
f 428//428 431//431 385//385
f 355//355 429//429 438//438
f 429//429 334//334 434//434
f 438//438 434//434 356//356
f 429//429 434//434 438//438
f 343//343 436//436 386//386
f 436//436 356//356 433//433
f 386//386 433//433 330//330
f 436//436 433//433 386//386
f 355//355 438//438 431//431
f 438//438 356//356 436//436
f 431//431 436//436 343//343
f 438//438 436//436 431//431
f 327//327 371//371 466//466
f 371//371 339//339 468//468
f 466//466 468//468 363//363
f 371//371 468//468 466//466
f 339//339 372//372 472//472
f 372//372 329//329 470//470
f 472//472 470//470 364//364
f 372//372 470//470 472//472
f 363//363 474//474 467//467
f 474//474 364//364 471//471
f 467//467 471//471 336//336
f 474//474 471//471 467//467
f 339//339 472//472 468//468
f 472//472 364//364 474//474
f 468//468 474//474 363//363
f 472//472 474//474 468//468
f 331//331 388//388 451//451
f 388//388 344//344 453//453
f 451//451 453//453 360//360
f 388//388 453//453 451//451
f 344//344 387//387 450//450
f 387//387 327//327 448//448
f 450//450 448//448 359//359
f 387//387 448//448 450//450
f 360//360 455//455 452//452
f 455//455 359//359 449//449
f 452//452 449//449 335//335
f 455//455 449//449 452//452
f 344//344 450//450 453//453
f 450//450 359//359 455//455
f 453//453 455//455 360//360
f 450//450 455//455 453//453
f 333//333 410//410 415//415
f 410//410 351//351 419//419
f 415//415 419//419 352//352
f 410//410 419//419 415//415
f 351//351 409//409 412//412
f 409//409 331//331 401//401
f 412//412 401//401 348//348
f 409//409 401//401 412//412
f 352//352 417//417 414//414
f 417//417 348//348 402//402
f 414//414 402//402 332//332
f 417//417 402//402 414//414
f 351//351 412//412 419//419
f 412//412 348//348 417//417
f 419//419 417//417 352//352
f 412//412 417//417 419//419
f 334//334 440//440 421//421
f 440//440 357//357 443//443
f 421//421 443//443 353//353
f 440//440 443//443 421//421
f 357//357 439//439 441//441
f 439//439 333//333 404//404
f 441//441 404//404 349//349
f 439//439 404//404 441//441
f 353//353 423//423 420//420
f 423//423 349//349 403//403
f 420//420 403//403 326//326
f 423//423 403//403 420//420
f 357//357 441//441 443//443
f 441//441 349//349 423//423
f 443//443 423//423 353//353
f 441//441 423//423 443//443
f 487//487 624//624 540//540
f 624//624 524//524 626//626
f 540//540 626//626 503//503
f 624//624 626//626 540//540
f 524//524 625//625 641//641
f 625//625 498//498 638//638
f 641//641 638//638 527//527
f 625//625 638//638 641//641
f 503//503 639//639 541//541
f 639//639 527//527 637//637
f 541//541 637//637 492//492
f 639//639 637//637 541//541
f 524//524 641//641 626//626
f 641//641 527//527 639//639
f 626//626 639//639 503//503
f 641//641 639//639 626//626
f 487//487 540//540 529//529
f 540//540 503//503 542//542
f 529//529 542//542 499//499
f 540//540 542//542 529//529
f 503//503 541//541 546//546
f 541//541 492//492 544//544
f 546//546 544//544 504//504
f 541//541 544//544 546//546
f 499//499 545//545 530//530
f 545//545 504//504 543//543
f 530//530 543//543 488//488
f 545//545 543//543 530//530
f 503//503 546//546 542//542
f 546//546 504//504 545//545
f 542//542 545//545 499//499
f 546//546 545//545 542//542
f 487//487 529//529 556//556
f 529//529 499//499 558//558
f 556//556 558//558 508//508
f 529//529 558//558 556//556
f 499//499 530//530 561//561
f 530//530 488//488 559//559
f 561//561 559//559 509//509
f 530//530 559//559 561//561
f 508//508 562//562 557//557
f 562//562 509//509 560//560
f 557//557 560//560 494//494
f 562//562 560//560 557//557
f 499//499 561//561 558//558
f 561//561 509//509 562//562
f 558//558 562//562 508//508
f 561//561 562//562 558//558
f 487//487 556//556 607//607
f 556//556 508//508 609//609
f 607//607 609//609 520//520
f 556//556 609//609 607//607
f 508//508 557//557 620//620
f 557//557 494//494 618//618
f 620//620 618//618 523//523
f 557//557 618//618 620//620
f 520//520 622//622 608//608
f 622//622 523//523 619//619
f 608//608 619//619 497//497
f 622//622 619//619 608//608
f 508//508 620//620 609//609
f 620//620 523//523 622//622
f 609//609 622//622 520//520
f 620//620 622//622 609//609
f 487//487 607//607 624//624
f 607//607 520//520 627//627
f 624//624 627//627 524//524
f 607//607 627//627 624//624
f 520//520 608//608 645//645
f 608//608 497//497 643//643
f 645//645 643//643 528//528
f 608//608 643//643 645//645
f 524//524 647//647 625//625
f 647//647 528//528 644//644
f 625//625 644//644 498//498
f 647//647 644//644 625//625
f 520//520 645//645 627//627
f 645//645 528//528 647//647
f 627//627 647//647 524//524
f 645//645 647//647 627//627
f 488//488 543//543 582//582
f 543//543 504//504 584//584
f 582//582 584//584 515//515
f 543//543 584//584 582//582
f 504//504 544//544 597//597
f 544//544 492//492 595//595
f 597//597 595//595 518//518
f 544//544 595//595 597//597
f 515//515 599//599 583//583
f 599//599 518//518 596//596
f 583//583 596//596 496//496
f 599//599 596//596 583//583
f 504//504 597//597 584//584
f 597//597 518//518 599//599
f 584//584 599//599 515//515
f 597//597 599//599 584//584
f 492//492 637//637 548//548
f 637//637 527//527 640//640
f 548//548 640//640 505//505
f 637//637 640//640 548//548
f 527//527 638//638 642//642
f 638//638 498//498 633//633
f 642//642 633//633 526//526
f 638//638 633//633 642//642
f 505//505 635//635 547//547
f 635//635 526//526 632//632
f 547//547 632//632 491//491
f 635//635 632//632 547//547
f 527//527 642//642 640//640
f 642//642 526//526 635//635
f 640//640 635//635 505//505
f 642//642 635//635 640//640
f 498//498 644//644 629//629
f 644//644 528//528 648//648
f 629//629 648//648 525//525
f 644//644 648//648 629//629
f 528//528 643//643 646//646
f 643//643 497//497 611//611
f 646//646 611//611 521//521
f 643//643 611//611 646//646
f 525//525 631//631 628//628
f 631//631 521//521 610//610
f 628//628 610//610 489//489
f 631//631 610//610 628//628
f 528//528 646//646 648//648
f 646//646 521//521 631//631
f 648//648 631//631 525//525
f 646//646 631//631 648//648
f 497//497 619//619 614//614
f 619//619 523//523 623//623
f 614//614 623//623 522//522
f 619//619 623//623 614//614
f 523//523 618//618 621//621
f 618//618 494//494 564//564
f 621//621 564//564 510//510
f 618//618 564//564 621//621
f 522//522 616//616 613//613
f 616//616 510//510 563//563
f 613//613 563//563 493//493
f 616//616 563//563 613//613
f 523//523 621//621 623//623
f 621//621 510//510 616//616
f 623//623 616//616 522//522
f 621//621 616//616 623//623
f 494//494 560//560 576//576
f 560//560 509//509 578//578
f 576//576 578//578 514//514
f 560//560 578//578 576//576
f 509//509 559//559 567//567
f 559//559 488//488 565//565
f 567//567 565//565 511//511
f 559//559 565//565 567//567
f 514//514 580//580 577//577
f 580//580 511//511 566//566
f 577//577 566//566 495//495
f 580//580 566//566 577//577
f 509//509 567//567 578//578
f 567//567 511//511 580//580
f 578//578 580//580 514//514
f 567//567 580//580 578//578
f 490//490 586//586 536//536
f 586//586 516//516 588//588
f 536//536 588//588 502//502
f 586//586 588//588 536//536
f 516//516 587//587 594//594
f 587//587 496//496 591//591
f 594//594 591//591 517//517
f 587//587 591//591 594//594
f 502//502 592//592 537//537
f 592//592 517//517 590//590
f 537//537 590//590 491//491
f 592//592 590//590 537//537
f 516//516 594//594 588//588
f 594//594 517//517 592//592
f 588//588 592//592 502//502
f 594//594 592//592 588//588
f 490//490 536//536 532//532
f 536//536 502//502 538//538
f 532//532 538//538 500//500
f 536//536 538//538 532//532
f 502//502 537//537 539//539
f 537//537 491//491 534//534
f 539//539 534//534 501//501
f 537//537 534//534 539//539
f 500//500 535//535 531//531
f 535//535 501//501 533//533
f 531//531 533//533 489//489
f 535//535 533//533 531//531
f 502//502 539//539 538//538
f 539//539 501//501 535//535
f 538//538 535//535 500//500
f 539//539 535//535 538//538
f 490//490 532//532 552//552
f 532//532 500//500 554//554
f 552//552 554//554 507//507
f 532//532 554//554 552//552
f 500//500 531//531 551//551
f 531//531 489//489 549//549
f 551//551 549//549 506//506
f 531//531 549//549 551//551
f 507//507 555//555 553//553
f 555//555 506//506 550//550
f 553//553 550//550 493//493
f 555//555 550//550 553//553
f 500//500 551//551 554//554
f 551//551 506//506 555//555
f 554//554 555//555 507//507
f 551//551 555//555 554//554
f 490//490 552//552 568//568
f 552//552 507//507 570//570
f 568//568 570//570 512//512
f 552//552 570//570 568//568
f 507//507 553//553 573//573
f 553//553 493//493 571//571
f 573//573 571//571 513//513
f 553//553 571//571 573//573
f 512//512 575//575 569//569
f 575//575 513//513 572//572
f 569//569 572//572 495//495
f 575//575 572//572 569//569
f 507//507 573//573 570//570
f 573//573 513//513 575//575
f 570//570 575//575 512//512
f 573//573 575//575 570//570
f 490//490 568//568 586//586
f 568//568 512//512 589//589
f 586//586 589//589 516//516
f 568//568 589//589 586//586
f 512//512 569//569 604//604
f 569//569 495//495 601//601
f 604//604 601//601 519//519
f 569//569 601//601 604//604
f 516//516 606//606 587//587
f 606//606 519//519 602//602
f 587//587 602//602 496//496
f 606//606 602//602 587//587
f 512//512 604//604 589//589
f 604//604 519//519 606//606
f 589//589 606//606 516//516
f 604//604 606//606 589//589
f 491//491 590//590 547//547
f 590//590 517//517 593//593
f 547//547 593//593 505//505
f 590//590 593//593 547//547
f 517//517 591//591 600//600
f 591//591 496//496 596//596
f 600//600 596//596 518//518
f 591//591 596//596 600//600
f 505//505 598//598 548//548
f 598//598 518//518 595//595
f 548//548 595//595 492//492
f 598//598 595//595 548//548
f 517//517 600//600 593//593
f 600//600 518//518 598//598
f 593//593 598//598 505//505
f 600//600 598//598 593//593
f 489//489 533//533 628//628
f 533//533 501//501 630//630
f 628//628 630//630 525//525
f 533//533 630//630 628//628
f 501//501 534//534 634//634
f 534//534 491//491 632//632
f 634//634 632//632 526//526
f 534//534 632//632 634//634
f 525//525 636//636 629//629
f 636//636 526//526 633//633
f 629//629 633//633 498//498
f 636//636 633//633 629//629
f 501//501 634//634 630//630
f 634//634 526//526 636//636
f 630//630 636//636 525//525
f 634//634 636//636 630//630
f 493//493 550//550 613//613
f 550//550 506//506 615//615
f 613//613 615//615 522//522
f 550//550 615//615 613//613
f 506//506 549//549 612//612
f 549//549 489//489 610//610
f 612//612 610//610 521//521
f 549//549 610//610 612//612
f 522//522 617//617 614//614
f 617//617 521//521 611//611
f 614//614 611//611 497//497
f 617//617 611//611 614//614
f 506//506 612//612 615//615
f 612//612 521//521 617//617
f 615//615 617//617 522//522
f 612//612 617//617 615//615
f 495//495 572//572 577//577
f 572//572 513//513 581//581
f 577//577 581//581 514//514
f 572//572 581//581 577//577
f 513//513 571//571 574//574
f 571//571 493//493 563//563
f 574//574 563//563 510//510
f 571//571 563//563 574//574
f 514//514 579//579 576//576
f 579//579 510//510 564//564
f 576//576 564//564 494//494
f 579//579 564//564 576//576
f 513//513 574//574 581//581
f 574//574 510//510 579//579
f 581//581 579//579 514//514
f 574//574 579//579 581//581
f 496//496 602//602 583//583
f 602//602 519//519 605//605
f 583//583 605//605 515//515
f 602//602 605//605 583//583
f 519//519 601//601 603//603
f 601//601 495//495 566//566
f 603//603 566//566 511//511
f 601//601 566//566 603//603
f 515//515 585//585 582//582
f 585//585 511//511 565//565
f 582//582 565//565 488//488
f 585//585 565//565 582//582
f 519//519 603//603 605//605
f 603//603 511//511 585//585
f 605//605 585//585 515//515
f 603//603 585//585 605//605
f 649//649 786//786 702//702
f 786//786 686//686 788//788
f 702//702 788//788 665//665
f 786//786 788//788 702//702
f 686//686 787//787 803//803
f 787//787 660//660 800//800
f 803//803 800//800 689//689
f 787//787 800//800 803//803
f 665//665 801//801 703//703
f 801//801 689//689 799//799
f 703//703 799//799 654//654
f 801//801 799//799 703//703
f 686//686 803//803 788//788
f 803//803 689//689 801//801
f 788//788 801//801 665//665
f 803//803 801//801 788//788
f 649//649 702//702 691//691
f 702//702 665//665 704//704
f 691//691 704//704 661//661
f 702//702 704//704 691//691
f 665//665 703//703 708//708
f 703//703 654//654 706//706
f 708//708 706//706 666//666
f 703//703 706//706 708//708
f 661//661 707//707 692//692
f 707//707 666//666 705//705
f 692//692 705//705 650//650
f 707//707 705//705 692//692
f 665//665 708//708 704//704
f 708//708 666//666 707//707
f 704//704 707//707 661//661
f 708//708 707//707 704//704
f 649//649 691//691 718//718
f 691//691 661//661 720//720
f 718//718 720//720 670//670
f 691//691 720//720 718//718
f 661//661 692//692 723//723
f 692//692 650//650 721//721
f 723//723 721//721 671//671
f 692//692 721//721 723//723
f 670//670 724//724 719//719
f 724//724 671//671 722//722
f 719//719 722//722 656//656
f 724//724 722//722 719//719
f 661//661 723//723 720//720
f 723//723 671//671 724//724
f 720//720 724//724 670//670
f 723//723 724//724 720//720
f 649//649 718//718 769//769
f 718//718 670//670 771//771
f 769//769 771//771 682//682
f 718//718 771//771 769//769
f 670//670 719//719 782//782
f 719//719 656//656 780//780
f 782//782 780//780 685//685
f 719//719 780//780 782//782
f 682//682 784//784 770//770
f 784//784 685//685 781//781
f 770//770 781//781 659//659
f 784//784 781//781 770//770
f 670//670 782//782 771//771
f 782//782 685//685 784//784
f 771//771 784//784 682//682
f 782//782 784//784 771//771
f 649//649 769//769 786//786
f 769//769 682//682 789//789
f 786//786 789//789 686//686
f 769//769 789//789 786//786
f 682//682 770//770 807//807
f 770//770 659//659 805//805
f 807//807 805//805 690//690
f 770//770 805//805 807//807
f 686//686 809//809 787//787
f 809//809 690//690 806//806
f 787//787 806//806 660//660
f 809//809 806//806 787//787
f 682//682 807//807 789//789
f 807//807 690//690 809//809
f 789//789 809//809 686//686
f 807//807 809//809 789//789
f 650//650 705//705 744//744
f 705//705 666//666 746//746
f 744//744 746//746 677//677
f 705//705 746//746 744//744
f 666//666 706//706 759//759
f 706//706 654//654 757//757
f 759//759 757//757 680//680
f 706//706 757//757 759//759
f 677//677 761//761 745//745
f 761//761 680//680 758//758
f 745//745 758//758 658//658
f 761//761 758//758 745//745
f 666//666 759//759 746//746
f 759//759 680//680 761//761
f 746//746 761//761 677//677
f 759//759 761//761 746//746
f 654//654 799//799 710//710
f 799//799 689//689 802//802
f 710//710 802//802 667//667
f 799//799 802//802 710//710
f 689//689 800//800 804//804
f 800//800 660//660 795//795
f 804//804 795//795 688//688
f 800//800 795//795 804//804
f 667//667 797//797 709//709
f 797//797 688//688 794//794
f 709//709 794//794 653//653
f 797//797 794//794 709//709
f 689//689 804//804 802//802
f 804//804 688//688 797//797
f 802//802 797//797 667//667
f 804//804 797//797 802//802
f 660//660 806//806 791//791
f 806//806 690//690 810//810
f 791//791 810//810 687//687
f 806//806 810//810 791//791
f 690//690 805//805 808//808
f 805//805 659//659 773//773
f 808//808 773//773 683//683
f 805//805 773//773 808//808
f 687//687 793//793 790//790
f 793//793 683//683 772//772
f 790//790 772//772 651//651
f 793//793 772//772 790//790
f 690//690 808//808 810//810
f 808//808 683//683 793//793
f 810//810 793//793 687//687
f 808//808 793//793 810//810
f 659//659 781//781 776//776
f 781//781 685//685 785//785
f 776//776 785//785 684//684
f 781//781 785//785 776//776
f 685//685 780//780 783//783
f 780//780 656//656 726//726
f 783//783 726//726 672//672
f 780//780 726//726 783//783
f 684//684 778//778 775//775
f 778//778 672//672 725//725
f 775//775 725//725 655//655
f 778//778 725//725 775//775
f 685//685 783//783 785//785
f 783//783 672//672 778//778
f 785//785 778//778 684//684
f 783//783 778//778 785//785
f 656//656 722//722 738//738
f 722//722 671//671 740//740
f 738//738 740//740 676//676
f 722//722 740//740 738//738
f 671//671 721//721 729//729
f 721//721 650//650 727//727
f 729//729 727//727 673//673
f 721//721 727//727 729//729
f 676//676 742//742 739//739
f 742//742 673//673 728//728
f 739//739 728//728 657//657
f 742//742 728//728 739//739
f 671//671 729//729 740//740
f 729//729 673//673 742//742
f 740//740 742//742 676//676
f 729//729 742//742 740//740
f 652//652 748//748 698//698
f 748//748 678//678 750//750
f 698//698 750//750 664//664
f 748//748 750//750 698//698
f 678//678 749//749 756//756
f 749//749 658//658 753//753
f 756//756 753//753 679//679
f 749//749 753//753 756//756
f 664//664 754//754 699//699
f 754//754 679//679 752//752
f 699//699 752//752 653//653
f 754//754 752//752 699//699
f 678//678 756//756 750//750
f 756//756 679//679 754//754
f 750//750 754//754 664//664
f 756//756 754//754 750//750
f 652//652 698//698 694//694
f 698//698 664//664 700//700
f 694//694 700//700 662//662
f 698//698 700//700 694//694
f 664//664 699//699 701//701
f 699//699 653//653 696//696
f 701//701 696//696 663//663
f 699//699 696//696 701//701
f 662//662 697//697 693//693
f 697//697 663//663 695//695
f 693//693 695//695 651//651
f 697//697 695//695 693//693
f 664//664 701//701 700//700
f 701//701 663//663 697//697
f 700//700 697//697 662//662
f 701//701 697//697 700//700
f 652//652 694//694 714//714
f 694//694 662//662 716//716
f 714//714 716//716 669//669
f 694//694 716//716 714//714
f 662//662 693//693 713//713
f 693//693 651//651 711//711
f 713//713 711//711 668//668
f 693//693 711//711 713//713
f 669//669 717//717 715//715
f 717//717 668//668 712//712
f 715//715 712//712 655//655
f 717//717 712//712 715//715
f 662//662 713//713 716//716
f 713//713 668//668 717//717
f 716//716 717//717 669//669
f 713//713 717//717 716//716
f 652//652 714//714 730//730
f 714//714 669//669 732//732
f 730//730 732//732 674//674
f 714//714 732//732 730//730
f 669//669 715//715 735//735
f 715//715 655//655 733//733
f 735//735 733//733 675//675
f 715//715 733//733 735//735
f 674//674 737//737 731//731
f 737//737 675//675 734//734
f 731//731 734//734 657//657
f 737//737 734//734 731//731
f 669//669 735//735 732//732
f 735//735 675//675 737//737
f 732//732 737//737 674//674
f 735//735 737//737 732//732
f 652//652 730//730 748//748
f 730//730 674//674 751//751
f 748//748 751//751 678//678
f 730//730 751//751 748//748
f 674//674 731//731 766//766
f 731//731 657//657 763//763
f 766//766 763//763 681//681
f 731//731 763//763 766//766
f 678//678 768//768 749//749
f 768//768 681//681 764//764
f 749//749 764//764 658//658
f 768//768 764//764 749//749
f 674//674 766//766 751//751
f 766//766 681//681 768//768
f 751//751 768//768 678//678
f 766//766 768//768 751//751
f 653//653 752//752 709//709
f 752//752 679//679 755//755
f 709//709 755//755 667//667
f 752//752 755//755 709//709
f 679//679 753//753 762//762
f 753//753 658//658 758//758
f 762//762 758//758 680//680
f 753//753 758//758 762//762
f 667//667 760//760 710//710
f 760//760 680//680 757//757
f 710//710 757//757 654//654
f 760//760 757//757 710//710
f 679//679 762//762 755//755
f 762//762 680//680 760//760
f 755//755 760//760 667//667
f 762//762 760//760 755//755
f 651//651 695//695 790//790
f 695//695 663//663 792//792
f 790//790 792//792 687//687
f 695//695 792//792 790//790
f 663//663 696//696 796//796
f 696//696 653//653 794//794
f 796//796 794//794 688//688
f 696//696 794//794 796//796
f 687//687 798//798 791//791
f 798//798 688//688 795//795
f 791//791 795//795 660//660
f 798//798 795//795 791//791
f 663//663 796//796 792//792
f 796//796 688//688 798//798
f 792//792 798//798 687//687
f 796//796 798//798 792//792
f 655//655 712//712 775//775
f 712//712 668//668 777//777
f 775//775 777//777 684//684
f 712//712 777//777 775//775
f 668//668 711//711 774//774
f 711//711 651//651 772//772
f 774//774 772//772 683//683
f 711//711 772//772 774//774
f 684//684 779//779 776//776
f 779//779 683//683 773//773
f 776//776 773//773 659//659
f 779//779 773//773 776//776
f 668//668 774//774 777//777
f 774//774 683//683 779//779
f 777//777 779//779 684//684
f 774//774 779//779 777//777
f 657//657 734//734 739//739
f 734//734 675//675 743//743
f 739//739 743//743 676//676
f 734//734 743//743 739//739
f 675//675 733//733 736//736
f 733//733 655//655 725//725
f 736//736 725//725 672//672
f 733//733 725//725 736//736
f 676//676 741//741 738//738
f 741//741 672//672 726//726
f 738//738 726//726 656//656
f 741//741 726//726 738//738
f 675//675 736//736 743//743
f 736//736 672//672 741//741
f 743//743 741//741 676//676
f 736//736 741//741 743//743
f 658//658 764//764 745//745
f 764//764 681//681 767//767
f 745//745 767//767 677//677
f 764//764 767//767 745//745
f 681//681 763//763 765//765
f 763//763 657//657 728//728
f 765//765 728//728 673//673
f 763//763 728//728 765//765
f 677//677 747//747 744//744
f 747//747 673//673 727//727
f 744//744 727//727 650//650
f 747//747 727//727 744//744
f 681//681 765//765 767//767
f 765//765 673//673 747//747
f 767//767 747//747 677//677
f 765//765 747//747 767//767
f 811//811 948//948 864//864
f 948//948 848//848 950//950
f 864//864 950//950 827//827
f 948//948 950//950 864//864
f 848//848 949//949 965//965
f 949//949 822//822 962//962
f 965//965 962//962 851//851
f 949//949 962//962 965//965
f 827//827 963//963 865//865
f 963//963 851//851 961//961
f 865//865 961//961 816//816
f 963//963 961//961 865//865
f 848//848 965//965 950//950
f 965//965 851//851 963//963
f 950//950 963//963 827//827
f 965//965 963//963 950//950
f 811//811 864//864 853//853
f 864//864 827//827 866//866
f 853//853 866//866 823//823
f 864//864 866//866 853//853
f 827//827 865//865 870//870
f 865//865 816//816 868//868
f 870//870 868//868 828//828
f 865//865 868//868 870//870
f 823//823 869//869 854//854
f 869//869 828//828 867//867
f 854//854 867//867 812//812
f 869//869 867//867 854//854
f 827//827 870//870 866//866
f 870//870 828//828 869//869
f 866//866 869//869 823//823
f 870//870 869//869 866//866
f 811//811 853//853 880//880
f 853//853 823//823 882//882
f 880//880 882//882 832//832
f 853//853 882//882 880//880
f 823//823 854//854 885//885
f 854//854 812//812 883//883
f 885//885 883//883 833//833
f 854//854 883//883 885//885
f 832//832 886//886 881//881
f 886//886 833//833 884//884
f 881//881 884//884 818//818
f 886//886 884//884 881//881
f 823//823 885//885 882//882
f 885//885 833//833 886//886
f 882//882 886//886 832//832
f 885//885 886//886 882//882
f 811//811 880//880 931//931
f 880//880 832//832 933//933
f 931//931 933//933 844//844
f 880//880 933//933 931//931
f 832//832 881//881 944//944
f 881//881 818//818 942//942
f 944//944 942//942 847//847
f 881//881 942//942 944//944
f 844//844 946//946 932//932
f 946//946 847//847 943//943
f 932//932 943//943 821//821
f 946//946 943//943 932//932
f 832//832 944//944 933//933
f 944//944 847//847 946//946
f 933//933 946//946 844//844
f 944//944 946//946 933//933
f 811//811 931//931 948//948
f 931//931 844//844 951//951
f 948//948 951//951 848//848
f 931//931 951//951 948//948
f 844//844 932//932 969//969
f 932//932 821//821 967//967
f 969//969 967//967 852//852
f 932//932 967//967 969//969
f 848//848 971//971 949//949
f 971//971 852//852 968//968
f 949//949 968//968 822//822
f 971//971 968//968 949//949
f 844//844 969//969 951//951
f 969//969 852//852 971//971
f 951//951 971//971 848//848
f 969//969 971//971 951//951
f 812//812 867//867 906//906
f 867//867 828//828 908//908
f 906//906 908//908 839//839
f 867//867 908//908 906//906
f 828//828 868//868 921//921
f 868//868 816//816 919//919
f 921//921 919//919 842//842
f 868//868 919//919 921//921
f 839//839 923//923 907//907
f 923//923 842//842 920//920
f 907//907 920//920 820//820
f 923//923 920//920 907//907
f 828//828 921//921 908//908
f 921//921 842//842 923//923
f 908//908 923//923 839//839
f 921//921 923//923 908//908
f 816//816 961//961 872//872
f 961//961 851//851 964//964
f 872//872 964//964 829//829
f 961//961 964//964 872//872
f 851//851 962//962 966//966
f 962//962 822//822 957//957
f 966//966 957//957 850//850
f 962//962 957//957 966//966
f 829//829 959//959 871//871
f 959//959 850//850 956//956
f 871//871 956//956 815//815
f 959//959 956//956 871//871
f 851//851 966//966 964//964
f 966//966 850//850 959//959
f 964//964 959//959 829//829
f 966//966 959//959 964//964
f 822//822 968//968 953//953
f 968//968 852//852 972//972
f 953//953 972//972 849//849
f 968//968 972//972 953//953
f 852//852 967//967 970//970
f 967//967 821//821 935//935
f 970//970 935//935 845//845
f 967//967 935//935 970//970
f 849//849 955//955 952//952
f 955//955 845//845 934//934
f 952//952 934//934 813//813
f 955//955 934//934 952//952
f 852//852 970//970 972//972
f 970//970 845//845 955//955
f 972//972 955//955 849//849
f 970//970 955//955 972//972
f 821//821 943//943 938//938
f 943//943 847//847 947//947
f 938//938 947//947 846//846
f 943//943 947//947 938//938
f 847//847 942//942 945//945
f 942//942 818//818 888//888
f 945//945 888//888 834//834
f 942//942 888//888 945//945
f 846//846 940//940 937//937
f 940//940 834//834 887//887
f 937//937 887//887 817//817
f 940//940 887//887 937//937
f 847//847 945//945 947//947
f 945//945 834//834 940//940
f 947//947 940//940 846//846
f 945//945 940//940 947//947
f 818//818 884//884 900//900
f 884//884 833//833 902//902
f 900//900 902//902 838//838
f 884//884 902//902 900//900
f 833//833 883//883 891//891
f 883//883 812//812 889//889
f 891//891 889//889 835//835
f 883//883 889//889 891//891
f 838//838 904//904 901//901
f 904//904 835//835 890//890
f 901//901 890//890 819//819
f 904//904 890//890 901//901
f 833//833 891//891 902//902
f 891//891 835//835 904//904
f 902//902 904//904 838//838
f 891//891 904//904 902//902
f 814//814 910//910 860//860
f 910//910 840//840 912//912
f 860//860 912//912 826//826
f 910//910 912//912 860//860
f 840//840 911//911 918//918
f 911//911 820//820 915//915
f 918//918 915//915 841//841
f 911//911 915//915 918//918
f 826//826 916//916 861//861
f 916//916 841//841 914//914
f 861//861 914//914 815//815
f 916//916 914//914 861//861
f 840//840 918//918 912//912
f 918//918 841//841 916//916
f 912//912 916//916 826//826
f 918//918 916//916 912//912
f 814//814 860//860 856//856
f 860//860 826//826 862//862
f 856//856 862//862 824//824
f 860//860 862//862 856//856
f 826//826 861//861 863//863
f 861//861 815//815 858//858
f 863//863 858//858 825//825
f 861//861 858//858 863//863
f 824//824 859//859 855//855
f 859//859 825//825 857//857
f 855//855 857//857 813//813
f 859//859 857//857 855//855
f 826//826 863//863 862//862
f 863//863 825//825 859//859
f 862//862 859//859 824//824
f 863//863 859//859 862//862
f 814//814 856//856 876//876
f 856//856 824//824 878//878
f 876//876 878//878 831//831
f 856//856 878//878 876//876
f 824//824 855//855 875//875
f 855//855 813//813 873//873
f 875//875 873//873 830//830
f 855//855 873//873 875//875
f 831//831 879//879 877//877
f 879//879 830//830 874//874
f 877//877 874//874 817//817
f 879//879 874//874 877//877
f 824//824 875//875 878//878
f 875//875 830//830 879//879
f 878//878 879//879 831//831
f 875//875 879//879 878//878
f 814//814 876//876 892//892
f 876//876 831//831 894//894
f 892//892 894//894 836//836
f 876//876 894//894 892//892
f 831//831 877//877 897//897
f 877//877 817//817 895//895
f 897//897 895//895 837//837
f 877//877 895//895 897//897
f 836//836 899//899 893//893
f 899//899 837//837 896//896
f 893//893 896//896 819//819
f 899//899 896//896 893//893
f 831//831 897//897 894//894
f 897//897 837//837 899//899
f 894//894 899//899 836//836
f 897//897 899//899 894//894
f 814//814 892//892 910//910
f 892//892 836//836 913//913
f 910//910 913//913 840//840
f 892//892 913//913 910//910
f 836//836 893//893 928//928
f 893//893 819//819 925//925
f 928//928 925//925 843//843
f 893//893 925//925 928//928
f 840//840 930//930 911//911
f 930//930 843//843 926//926
f 911//911 926//926 820//820
f 930//930 926//926 911//911
f 836//836 928//928 913//913
f 928//928 843//843 930//930
f 913//913 930//930 840//840
f 928//928 930//930 913//913
f 815//815 914//914 871//871
f 914//914 841//841 917//917
f 871//871 917//917 829//829
f 914//914 917//917 871//871
f 841//841 915//915 924//924
f 915//915 820//820 920//920
f 924//924 920//920 842//842
f 915//915 920//920 924//924
f 829//829 922//922 872//872
f 922//922 842//842 919//919
f 872//872 919//919 816//816
f 922//922 919//919 872//872
f 841//841 924//924 917//917
f 924//924 842//842 922//922
f 917//917 922//922 829//829
f 924//924 922//922 917//917
f 813//813 857//857 952//952
f 857//857 825//825 954//954
f 952//952 954//954 849//849
f 857//857 954//954 952//952
f 825//825 858//858 958//958
f 858//858 815//815 956//956
f 958//958 956//956 850//850
f 858//858 956//956 958//958
f 849//849 960//960 953//953
f 960//960 850//850 957//957
f 953//953 957//957 822//822
f 960//960 957//957 953//953
f 825//825 958//958 954//954
f 958//958 850//850 960//960
f 954//954 960//960 849//849
f 958//958 960//960 954//954
f 817//817 874//874 937//937
f 874//874 830//830 939//939
f 937//937 939//939 846//846
f 874//874 939//939 937//937
f 830//830 873//873 936//936
f 873//873 813//813 934//934
f 936//936 934//934 845//845
f 873//873 934//934 936//936
f 846//846 941//941 938//938
f 941//941 845//845 935//935
f 938//938 935//935 821//821
f 941//941 935//935 938//938
f 830//830 936//936 939//939
f 936//936 845//845 941//941
f 939//939 941//941 846//846
f 936//936 941//941 939//939
f 819//819 896//896 901//901
f 896//896 837//837 905//905
f 901//901 905//905 838//838
f 896//896 905//905 901//901
f 837//837 895//895 898//898
f 895//895 817//817 887//887
f 898//898 887//887 834//834
f 895//895 887//887 898//898
f 838//838 903//903 900//900
f 903//903 834//834 888//888
f 900//900 888//888 818//818
f 903//903 888//888 900//900
f 837//837 898//898 905//905
f 898//898 834//834 903//903
f 905//905 903//903 838//838
f 898//898 903//903 905//905
f 820//820 926//926 907//907
f 926//926 843//843 929//929
f 907//907 929//929 839//839
f 926//926 929//929 907//907
f 843//843 925//925 927//927
f 925//925 819//819 890//890
f 927//927 890//890 835//835
f 925//925 890//890 927//927
f 839//839 909//909 906//906
f 909//909 835//835 889//889
f 906//906 889//889 812//812
f 909//909 889//889 906//906
f 843//843 927//927 929//929
f 927//927 835//835 909//909
f 929//929 909//909 839//839
f 927//927 909//909 929//929
f 973//973 1110//1110 1026//1026
f 1110//1110 1010//1010 1112//1112
f 1026//1026 1112//1112 989//989
f 1110//1110 1112//1112 1026//1026
f 1010//1010 1111//1111 1127//1127
f 1111//1111 984//984 1124//1124
f 1127//1127 1124//1124 1013//1013
f 1111//1111 1124//1124 1127//1127
f 989//989 1125//1125 1027//1027
f 1125//1125 1013//1013 1123//1123
f 1027//1027 1123//1123 978//978
f 1125//1125 1123//1123 1027//1027
f 1010//1010 1127//1127 1112//1112
f 1127//1127 1013//1013 1125//1125
f 1112//1112 1125//1125 989//989
f 1127//1127 1125//1125 1112//1112
f 973//973 1026//1026 1015//1015
f 1026//1026 989//989 1028//1028
f 1015//1015 1028//1028 985//985
f 1026//1026 1028//1028 1015//1015
f 989//989 1027//1027 1032//1032
f 1027//1027 978//978 1030//1030
f 1032//1032 1030//1030 990//990
f 1027//1027 1030//1030 1032//1032
f 985//985 1031//1031 1016//1016
f 1031//1031 990//990 1029//1029
f 1016//1016 1029//1029 974//974
f 1031//1031 1029//1029 1016//1016
f 989//989 1032//1032 1028//1028
f 1032//1032 990//990 1031//1031
f 1028//1028 1031//1031 985//985
f 1032//1032 1031//1031 1028//1028
f 973//973 1015//1015 1042//1042
f 1015//1015 985//985 1044//1044
f 1042//1042 1044//1044 994//994
f 1015//1015 1044//1044 1042//1042
f 985//985 1016//1016 1047//1047
f 1016//1016 974//974 1045//1045
f 1047//1047 1045//1045 995//995
f 1016//1016 1045//1045 1047//1047
f 994//994 1048//1048 1043//1043
f 1048//1048 995//995 1046//1046
f 1043//1043 1046//1046 980//980
f 1048//1048 1046//1046 1043//1043
f 985//985 1047//1047 1044//1044
f 1047//1047 995//995 1048//1048
f 1044//1044 1048//1048 994//994
f 1047//1047 1048//1048 1044//1044
f 973//973 1042//1042 1093//1093
f 1042//1042 994//994 1095//1095
f 1093//1093 1095//1095 1006//1006
f 1042//1042 1095//1095 1093//1093
f 994//994 1043//1043 1106//1106
f 1043//1043 980//980 1104//1104
f 1106//1106 1104//1104 1009//1009
f 1043//1043 1104//1104 1106//1106
f 1006//1006 1108//1108 1094//1094
f 1108//1108 1009//1009 1105//1105
f 1094//1094 1105//1105 983//983
f 1108//1108 1105//1105 1094//1094
f 994//994 1106//1106 1095//1095
f 1106//1106 1009//1009 1108//1108
f 1095//1095 1108//1108 1006//1006
f 1106//1106 1108//1108 1095//1095
f 973//973 1093//1093 1110//1110
f 1093//1093 1006//1006 1113//1113
f 1110//1110 1113//1113 1010//1010
f 1093//1093 1113//1113 1110//1110
f 1006//1006 1094//1094 1131//1131
f 1094//1094 983//983 1129//1129
f 1131//1131 1129//1129 1014//1014
f 1094//1094 1129//1129 1131//1131
f 1010//1010 1133//1133 1111//1111
f 1133//1133 1014//1014 1130//1130
f 1111//1111 1130//1130 984//984
f 1133//1133 1130//1130 1111//1111
f 1006//1006 1131//1131 1113//1113
f 1131//1131 1014//1014 1133//1133
f 1113//1113 1133//1133 1010//1010
f 1131//1131 1133//1133 1113//1113
f 974//974 1029//1029 1068//1068
f 1029//1029 990//990 1070//1070
f 1068//1068 1070//1070 1001//1001
f 1029//1029 1070//1070 1068//1068
f 990//990 1030//1030 1083//1083
f 1030//1030 978//978 1081//1081
f 1083//1083 1081//1081 1004//1004
f 1030//1030 1081//1081 1083//1083
f 1001//1001 1085//1085 1069//1069
f 1085//1085 1004//1004 1082//1082
f 1069//1069 1082//1082 982//982
f 1085//1085 1082//1082 1069//1069
f 990//990 1083//1083 1070//1070
f 1083//1083 1004//1004 1085//1085
f 1070//1070 1085//1085 1001//1001
f 1083//1083 1085//1085 1070//1070
f 978//978 1123//1123 1034//1034
f 1123//1123 1013//1013 1126//1126
f 1034//1034 1126//1126 991//991
f 1123//1123 1126//1126 1034//1034
f 1013//1013 1124//1124 1128//1128
f 1124//1124 984//984 1119//1119
f 1128//1128 1119//1119 1012//1012
f 1124//1124 1119//1119 1128//1128
f 991//991 1121//1121 1033//1033
f 1121//1121 1012//1012 1118//1118
f 1033//1033 1118//1118 977//977
f 1121//1121 1118//1118 1033//1033
f 1013//1013 1128//1128 1126//1126
f 1128//1128 1012//1012 1121//1121
f 1126//1126 1121//1121 991//991
f 1128//1128 1121//1121 1126//1126
f 984//984 1130//1130 1115//1115
f 1130//1130 1014//1014 1134//1134
f 1115//1115 1134//1134 1011//1011
f 1130//1130 1134//1134 1115//1115
f 1014//1014 1129//1129 1132//1132
f 1129//1129 983//983 1097//1097
f 1132//1132 1097//1097 1007//1007
f 1129//1129 1097//1097 1132//1132
f 1011//1011 1117//1117 1114//1114
f 1117//1117 1007//1007 1096//1096
f 1114//1114 1096//1096 975//975
f 1117//1117 1096//1096 1114//1114
f 1014//1014 1132//1132 1134//1134
f 1132//1132 1007//1007 1117//1117
f 1134//1134 1117//1117 1011//1011
f 1132//1132 1117//1117 1134//1134
f 983//983 1105//1105 1100//1100
f 1105//1105 1009//1009 1109//1109
f 1100//1100 1109//1109 1008//1008
f 1105//1105 1109//1109 1100//1100
f 1009//1009 1104//1104 1107//1107
f 1104//1104 980//980 1050//1050
f 1107//1107 1050//1050 996//996
f 1104//1104 1050//1050 1107//1107
f 1008//1008 1102//1102 1099//1099
f 1102//1102 996//996 1049//1049
f 1099//1099 1049//1049 979//979
f 1102//1102 1049//1049 1099//1099
f 1009//1009 1107//1107 1109//1109
f 1107//1107 996//996 1102//1102
f 1109//1109 1102//1102 1008//1008
f 1107//1107 1102//1102 1109//1109
f 980//980 1046//1046 1062//1062
f 1046//1046 995//995 1064//1064
f 1062//1062 1064//1064 1000//1000
f 1046//1046 1064//1064 1062//1062
f 995//995 1045//1045 1053//1053
f 1045//1045 974//974 1051//1051
f 1053//1053 1051//1051 997//997
f 1045//1045 1051//1051 1053//1053
f 1000//1000 1066//1066 1063//1063
f 1066//1066 997//997 1052//1052
f 1063//1063 1052//1052 981//981
f 1066//1066 1052//1052 1063//1063
f 995//995 1053//1053 1064//1064
f 1053//1053 997//997 1066//1066
f 1064//1064 1066//1066 1000//1000
f 1053//1053 1066//1066 1064//1064
f 976//976 1072//1072 1022//1022
f 1072//1072 1002//1002 1074//1074
f 1022//1022 1074//1074 988//988
f 1072//1072 1074//1074 1022//1022
f 1002//1002 1073//1073 1080//1080
f 1073//1073 982//982 1077//1077
f 1080//1080 1077//1077 1003//1003
f 1073//1073 1077//1077 1080//1080
f 988//988 1078//1078 1023//1023
f 1078//1078 1003//1003 1076//1076
f 1023//1023 1076//1076 977//977
f 1078//1078 1076//1076 1023//1023
f 1002//1002 1080//1080 1074//1074
f 1080//1080 1003//1003 1078//1078
f 1074//1074 1078//1078 988//988
f 1080//1080 1078//1078 1074//1074
f 976//976 1022//1022 1018//1018
f 1022//1022 988//988 1024//1024
f 1018//1018 1024//1024 986//986
f 1022//1022 1024//1024 1018//1018
f 988//988 1023//1023 1025//1025
f 1023//1023 977//977 1020//1020
f 1025//1025 1020//1020 987//987
f 1023//1023 1020//1020 1025//1025
f 986//986 1021//1021 1017//1017
f 1021//1021 987//987 1019//1019
f 1017//1017 1019//1019 975//975
f 1021//1021 1019//1019 1017//1017
f 988//988 1025//1025 1024//1024
f 1025//1025 987//987 1021//1021
f 1024//1024 1021//1021 986//986
f 1025//1025 1021//1021 1024//1024
f 976//976 1018//1018 1038//1038
f 1018//1018 986//986 1040//1040
f 1038//1038 1040//1040 993//993
f 1018//1018 1040//1040 1038//1038
f 986//986 1017//1017 1037//1037
f 1017//1017 975//975 1035//1035
f 1037//1037 1035//1035 992//992
f 1017//1017 1035//1035 1037//1037
f 993//993 1041//1041 1039//1039
f 1041//1041 992//992 1036//1036
f 1039//1039 1036//1036 979//979
f 1041//1041 1036//1036 1039//1039
f 986//986 1037//1037 1040//1040
f 1037//1037 992//992 1041//1041
f 1040//1040 1041//1041 993//993
f 1037//1037 1041//1041 1040//1040
f 976//976 1038//1038 1054//1054
f 1038//1038 993//993 1056//1056
f 1054//1054 1056//1056 998//998
f 1038//1038 1056//1056 1054//1054
f 993//993 1039//1039 1059//1059
f 1039//1039 979//979 1057//1057
f 1059//1059 1057//1057 999//999
f 1039//1039 1057//1057 1059//1059
f 998//998 1061//1061 1055//1055
f 1061//1061 999//999 1058//1058
f 1055//1055 1058//1058 981//981
f 1061//1061 1058//1058 1055//1055
f 993//993 1059//1059 1056//1056
f 1059//1059 999//999 1061//1061
f 1056//1056 1061//1061 998//998
f 1059//1059 1061//1061 1056//1056
f 976//976 1054//1054 1072//1072
f 1054//1054 998//998 1075//1075
f 1072//1072 1075//1075 1002//1002
f 1054//1054 1075//1075 1072//1072
f 998//998 1055//1055 1090//1090
f 1055//1055 981//981 1087//1087
f 1090//1090 1087//1087 1005//1005
f 1055//1055 1087//1087 1090//1090
f 1002//1002 1092//1092 1073//1073
f 1092//1092 1005//1005 1088//1088
f 1073//1073 1088//1088 982//982
f 1092//1092 1088//1088 1073//1073
f 998//998 1090//1090 1075//1075
f 1090//1090 1005//1005 1092//1092
f 1075//1075 1092//1092 1002//1002
f 1090//1090 1092//1092 1075//1075
f 977//977 1076//1076 1033//1033
f 1076//1076 1003//1003 1079//1079
f 1033//1033 1079//1079 991//991
f 1076//1076 1079//1079 1033//1033
f 1003//1003 1077//1077 1086//1086
f 1077//1077 982//982 1082//1082
f 1086//1086 1082//1082 1004//1004
f 1077//1077 1082//1082 1086//1086
f 991//991 1084//1084 1034//1034
f 1084//1084 1004//1004 1081//1081
f 1034//1034 1081//1081 978//978
f 1084//1084 1081//1081 1034//1034
f 1003//1003 1086//1086 1079//1079
f 1086//1086 1004//1004 1084//1084
f 1079//1079 1084//1084 991//991
f 1086//1086 1084//1084 1079//1079
f 975//975 1019//1019 1114//1114
f 1019//1019 987//987 1116//1116
f 1114//1114 1116//1116 1011//1011
f 1019//1019 1116//1116 1114//1114
f 987//987 1020//1020 1120//1120
f 1020//1020 977//977 1118//1118
f 1120//1120 1118//1118 1012//1012
f 1020//1020 1118//1118 1120//1120
f 1011//1011 1122//1122 1115//1115
f 1122//1122 1012//1012 1119//1119
f 1115//1115 1119//1119 984//984
f 1122//1122 1119//1119 1115//1115
f 987//987 1120//1120 1116//1116
f 1120//1120 1012//1012 1122//1122
f 1116//1116 1122//1122 1011//1011
f 1120//1120 1122//1122 1116//1116
f 979//979 1036//1036 1099//1099
f 1036//1036 992//992 1101//1101
f 1099//1099 1101//1101 1008//1008
f 1036//1036 1101//1101 1099//1099
f 992//992 1035//1035 1098//1098
f 1035//1035 975//975 1096//1096
f 1098//1098 1096//1096 1007//1007
f 1035//1035 1096//1096 1098//1098
f 1008//1008 1103//1103 1100//1100
f 1103//1103 1007//1007 1097//1097
f 1100//1100 1097//1097 983//983
f 1103//1103 1097//1097 1100//1100
f 992//992 1098//1098 1101//1101
f 1098//1098 1007//1007 1103//1103
f 1101//1101 1103//1103 1008//1008
f 1098//1098 1103//1103 1101//1101
f 981//981 1058//1058 1063//1063
f 1058//1058 999//999 1067//1067
f 1063//1063 1067//1067 1000//1000
f 1058//1058 1067//1067 1063//1063
f 999//999 1057//1057 1060//1060
f 1057//1057 979//979 1049//1049
f 1060//1060 1049//1049 996//996
f 1057//1057 1049//1049 1060//1060
f 1000//1000 1065//1065 1062//1062
f 1065//1065 996//996 1050//1050
f 1062//1062 1050//1050 980//980
f 1065//1065 1050//1050 1062//1062
f 999//999 1060//1060 1067//1067
f 1060//1060 996//996 1065//1065
f 1067//1067 1065//1065 1000//1000
f 1060//1060 1065//1065 1067//1067
f 982//982 1088//1088 1069//1069
f 1088//1088 1005//1005 1091//1091
f 1069//1069 1091//1091 1001//1001
f 1088//1088 1091//1091 1069//1069
f 1005//1005 1087//1087 1089//1089
f 1087//1087 981//981 1052//1052
f 1089//1089 1052//1052 997//997
f 1087//1087 1052//1052 1089//1089
f 1001//1001 1071//1071 1068//1068
f 1071//1071 997//997 1051//1051
f 1068//1068 1051//1051 974//974
f 1071//1071 1051//1051 1068//1068
f 1005//1005 1089//1089 1091//1091
f 1089//1089 997//997 1071//1071
f 1091//1091 1071//1071 1001//1001
f 1089//1089 1071//1071 1091//1091
f 1136//1136 1135//1135 1145//1145
f 1136//1136 1145//1145 1137//1137
f 1137//1137 1145//1145 1146//1146
f 1137//1137 1146//1146 1138//1138
f 1138//1138 1146//1146 1147//1147
f 1138//1138 1147//1147 1139//1139
f 1139//1139 1147//1147 1148//1148
f 1139//1139 1148//1148 1140//1140
f 1140//1140 1148//1148 1149//1149
f 1140//1140 1149//1149 1141//1141
f 1141//1141 1149//1149 1150//1150
f 1141//1141 1150//1150 1142//1142
f 1142//1142 1150//1150 1151//1151
f 1142//1142 1151//1151 1143//1143
f 1143//1143 1151//1151 1152//1152
f 1143//1143 1152//1152 1144//1144
f 1145//1145 1135//1135 1153//1153
f 1145//1145 1153//1153 1146//1146
f 1146//1146 1153//1153 1154//1154
f 1146//1146 1154//1154 1147//1147
f 1147//1147 1154//1154 1155//1155
f 1147//1147 1155//1155 1148//1148
f 1148//1148 1155//1155 1156//1156
f 1148//1148 1156//1156 1149//1149
f 1149//1149 1156//1156 1157//1157
f 1149//1149 1157//1157 1150//1150
f 1150//1150 1157//1157 1158//1158
f 1150//1150 1158//1158 1151//1151
f 1151//1151 1158//1158 1159//1159
f 1151//1151 1159//1159 1152//1152
f 1152//1152 1159//1159 1160//1160
f 1152//1152 1160//1160 1144//1144
f 1153//1153 1135//1135 1161//1161
f 1153//1153 1161//1161 1154//1154
f 1154//1154 1161//1161 1162//1162
f 1154//1154 1162//1162 1155//1155
f 1155//1155 1162//1162 1163//1163
f 1155//1155 1163//1163 1156//1156
f 1156//1156 1163//1163 1164//1164
f 1156//1156 1164//1164 1157//1157
f 1157//1157 1164//1164 1165//1165
f 1157//1157 1165//1165 1158//1158
f 1158//1158 1165//1165 1166//1166
f 1158//1158 1166//1166 1159//1159
f 1159//1159 1166//1166 1167//1167
f 1159//1159 1167//1167 1160//1160
f 1160//1160 1167//1167 1168//1168
f 1160//1160 1168//1168 1144//1144
f 1161//1161 1135//1135 1169//1169
f 1161//1161 1169//1169 1162//1162
f 1162//1162 1169//1169 1170//1170
f 1162//1162 1170//1170 1163//1163
f 1163//1163 1170//1170 1171//1171
f 1163//1163 1171//1171 1164//1164
f 1164//1164 1171//1171 1172//1172
f 1164//1164 1172//1172 1165//1165
f 1165//1165 1172//1172 1173//1173
f 1165//1165 1173//1173 1166//1166
f 1166//1166 1173//1173 1174//1174
f 1166//1166 1174//1174 1167//1167
f 1167//1167 1174//1174 1175//1175
f 1167//1167 1175//1175 1168//1168
f 1168//1168 1175//1175 1176//1176
f 1168//1168 1176//1176 1144//1144
f 1169//1169 1135//1135 1177//1177
f 1169//1169 1177//1177 1170//1170
f 1170//1170 1177//1177 1178//1178
f 1170//1170 1178//1178 1171//1171
f 1171//1171 1178//1178 1179//1179
f 1171//1171 1179//1179 1172//1172
f 1172//1172 1179//1179 1180//1180
f 1172//1172 1180//1180 1173//1173
f 1173//1173 1180//1180 1181//1181
f 1173//1173 1181//1181 1174//1174
f 1174//1174 1181//1181 1182//1182
f 1174//1174 1182//1182 1175//1175
f 1175//1175 1182//1182 1183//1183
f 1175//1175 1183//1183 1176//1176
f 1176//1176 1183//1183 1184//1184
f 1176//1176 1184//1184 1144//1144
f 1177//1177 1135//1135 1185//1185
f 1177//1177 1185//1185 1178//1178
f 1178//1178 1185//1185 1186//1186
f 1178//1178 1186//1186 1179//1179
f 1179//1179 1186//1186 1187//1187
f 1179//1179 1187//1187 1180//1180
f 1180//1180 1187//1187 1188//1188
f 1180//1180 1188//1188 1181//1181
f 1181//1181 1188//1188 1189//1189
f 1181//1181 1189//1189 1182//1182
f 1182//1182 1189//1189 1190//1190
f 1182//1182 1190//1190 1183//1183
f 1183//1183 1190//1190 1191//1191
f 1183//1183 1191//1191 1184//1184
f 1184//1184 1191//1191 1192//1192
f 1184//1184 1192//1192 1144//1144
f 1185//1185 1135//1135 1193//1193
f 1185//1185 1193//1193 1186//1186
f 1186//1186 1193//1193 1194//1194
f 1186//1186 1194//1194 1187//1187
f 1187//1187 1194//1194 1195//1195
f 1187//1187 1195//1195 1188//1188
f 1188//1188 1195//1195 1196//1196
f 1188//1188 1196//1196 1189//1189
f 1189//1189 1196//1196 1197//1197
f 1189//1189 1197//1197 1190//1190
f 1190//1190 1197//1197 1198//1198
f 1190//1190 1198//1198 1191//1191
f 1191//1191 1198//1198 1199//1199
f 1191//1191 1199//1199 1192//1192
f 1192//1192 1199//1199 1200//1200
f 1192//1192 1200//1200 1144//1144
f 1193//1193 1135//1135 1201//1201
f 1193//1193 1201//1201 1194//1194
f 1194//1194 1201//1201 1202//1202
f 1194//1194 1202//1202 1195//1195
f 1195//1195 1202//1202 1203//1203
f 1195//1195 1203//1203 1196//1196
f 1196//1196 1203//1203 1204//1204
f 1196//1196 1204//1204 1197//1197
f 1197//1197 1204//1204 1205//1205
f 1197//1197 1205//1205 1198//1198
f 1198//1198 1205//1205 1206//1206
f 1198//1198 1206//1206 1199//1199
f 1199//1199 1206//1206 1207//1207
f 1199//1199 1207//1207 1200//1200
f 1200//1200 1207//1207 1208//1208
f 1200//1200 1208//1208 1144//1144
f 1201//1201 1135//1135 1209//1209
f 1201//1201 1209//1209 1202//1202
f 1202//1202 1209//1209 1210//1210
f 1202//1202 1210//1210 1203//1203
f 1203//1203 1210//1210 1211//1211
f 1203//1203 1211//1211 1204//1204
f 1204//1204 1211//1211 1212//1212
f 1204//1204 1212//1212 1205//1205
f 1205//1205 1212//1212 1213//1213
f 1205//1205 1213//1213 1206//1206
f 1206//1206 1213//1213 1214//1214
f 1206//1206 1214//1214 1207//1207
f 1207//1207 1214//1214 1215//1215
f 1207//1207 1215//1215 1208//1208
f 1208//1208 1215//1215 1216//1216
f 1208//1208 1216//1216 1144//1144
f 1209//1209 1135//1135 1136//1136
f 1209//1209 1136//1136 1210//1210
f 1210//1210 1136//1136 1137//1137
f 1210//1210 1137//1137 1211//1211
f 1211//1211 1137//1137 1138//1138
f 1211//1211 1138//1138 1212//1212
f 1212//1212 1138//1138 1139//1139
f 1212//1212 1139//1139 1213//1213
f 1213//1213 1139//1139 1140//1140
f 1213//1213 1140//1140 1214//1214
f 1214//1214 1140//1140 1141//1141
f 1214//1214 1141//1141 1215//1215
f 1215//1215 1141//1141 1142//1142
f 1215//1215 1142//1142 1216//1216
f 1216//1216 1142//1142 1143//1143
f 1216//1216 1143//1143 1144//1144
f 1218//1218 1217//1217 1227//1227
f 1218//1218 1227//1227 1219//1219
f 1219//1219 1227//1227 1228//1228
f 1219//1219 1228//1228 1220//1220
f 1220//1220 1228//1228 1229//1229
f 1220//1220 1229//1229 1221//1221
f 1221//1221 1229//1229 1230//1230
f 1221//1221 1230//1230 1222//1222
f 1222//1222 1230//1230 1231//1231
f 1222//1222 1231//1231 1223//1223
f 1223//1223 1231//1231 1232//1232
f 1223//1223 1232//1232 1224//1224
f 1224//1224 1232//1232 1233//1233
f 1224//1224 1233//1233 1225//1225
f 1225//1225 1233//1233 1234//1234
f 1225//1225 1234//1234 1226//1226
f 1227//1227 1217//1217 1235//1235
f 1227//1227 1235//1235 1228//1228
f 1228//1228 1235//1235 1236//1236
f 1228//1228 1236//1236 1229//1229
f 1229//1229 1236//1236 1237//1237
f 1229//1229 1237//1237 1230//1230
f 1230//1230 1237//1237 1238//1238
f 1230//1230 1238//1238 1231//1231
f 1231//1231 1238//1238 1239//1239
f 1231//1231 1239//1239 1232//1232
f 1232//1232 1239//1239 1240//1240
f 1232//1232 1240//1240 1233//1233
f 1233//1233 1240//1240 1241//1241
f 1233//1233 1241//1241 1234//1234
f 1234//1234 1241//1241 1242//1242
f 1234//1234 1242//1242 1226//1226
f 1235//1235 1217//1217 1243//1243
f 1235//1235 1243//1243 1236//1236
f 1236//1236 1243//1243 1244//1244
f 1236//1236 1244//1244 1237//1237
f 1237//1237 1244//1244 1245//1245
f 1237//1237 1245//1245 1238//1238
f 1238//1238 1245//1245 1246//1246
f 1238//1238 1246//1246 1239//1239
f 1239//1239 1246//1246 1247//1247
f 1239//1239 1247//1247 1240//1240
f 1240//1240 1247//1247 1248//1248
f 1240//1240 1248//1248 1241//1241
f 1241//1241 1248//1248 1249//1249
f 1241//1241 1249//1249 1242//1242
f 1242//1242 1249//1249 1250//1250
f 1242//1242 1250//1250 1226//1226
f 1243//1243 1217//1217 1251//1251
f 1243//1243 1251//1251 1244//1244
f 1244//1244 1251//1251 1252//1252
f 1244//1244 1252//1252 1245//1245
f 1245//1245 1252//1252 1253//1253
f 1245//1245 1253//1253 1246//1246
f 1246//1246 1253//1253 1254//1254
f 1246//1246 1254//1254 1247//1247
f 1247//1247 1254//1254 1255//1255
f 1247//1247 1255//1255 1248//1248
f 1248//1248 1255//1255 1256//1256
f 1248//1248 1256//1256 1249//1249
f 1249//1249 1256//1256 1257//1257
f 1249//1249 1257//1257 1250//1250
f 1250//1250 1257//1257 1258//1258
f 1250//1250 1258//1258 1226//1226
f 1251//1251 1217//1217 1259//1259
f 1251//1251 1259//1259 1252//1252
f 1252//1252 1259//1259 1260//1260
f 1252//1252 1260//1260 1253//1253
f 1253//1253 1260//1260 1261//1261
f 1253//1253 1261//1261 1254//1254
f 1254//1254 1261//1261 1262//1262
f 1254//1254 1262//1262 1255//1255
f 1255//1255 1262//1262 1263//1263
f 1255//1255 1263//1263 1256//1256
f 1256//1256 1263//1263 1264//1264
f 1256//1256 1264//1264 1257//1257
f 1257//1257 1264//1264 1265//1265
f 1257//1257 1265//1265 1258//1258
f 1258//1258 1265//1265 1266//1266
f 1258//1258 1266//1266 1226//1226
f 1259//1259 1217//1217 1267//1267
f 1259//1259 1267//1267 1260//1260
f 1260//1260 1267//1267 1268//1268
f 1260//1260 1268//1268 1261//1261
f 1261//1261 1268//1268 1269//1269
f 1261//1261 1269//1269 1262//1262
f 1262//1262 1269//1269 1270//1270
f 1262//1262 1270//1270 1263//1263
f 1263//1263 1270//1270 1271//1271
f 1263//1263 1271//1271 1264//1264
f 1264//1264 1271//1271 1272//1272
f 1264//1264 1272//1272 1265//1265
f 1265//1265 1272//1272 1273//1273
f 1265//1265 1273//1273 1266//1266
f 1266//1266 1273//1273 1274//1274
f 1266//1266 1274//1274 1226//1226
f 1267//1267 1217//1217 1275//1275
f 1267//1267 1275//1275 1268//1268
f 1268//1268 1275//1275 1276//1276
f 1268//1268 1276//1276 1269//1269
f 1269//1269 1276//1276 1277//1277
f 1269//1269 1277//1277 1270//1270
f 1270//1270 1277//1277 1278//1278
f 1270//1270 1278//1278 1271//1271
f 1271//1271 1278//1278 1279//1279
f 1271//1271 1279//1279 1272//1272
f 1272//1272 1279//1279 1280//1280
f 1272//1272 1280//1280 1273//1273
f 1273//1273 1280//1280 1281//1281
f 1273//1273 1281//1281 1274//1274
f 1274//1274 1281//1281 1282//1282
f 1274//1274 1282//1282 1226//1226
f 1275//1275 1217//1217 1283//1283
f 1275//1275 1283//1283 1276//1276
f 1276//1276 1283//1283 1284//1284
f 1276//1276 1284//1284 1277//1277
f 1277//1277 1284//1284 1285//1285
f 1277//1277 1285//1285 1278//1278
f 1278//1278 1285//1285 1286//1286
f 1278//1278 1286//1286 1279//1279
f 1279//1279 1286//1286 1287//1287
f 1279//1279 1287//1287 1280//1280
f 1280//1280 1287//1287 1288//1288
f 1280//1280 1288//1288 1281//1281
f 1281//1281 1288//1288 1289//1289
f 1281//1281 1289//1289 1282//1282
f 1282//1282 1289//1289 1290//1290
f 1282//1282 1290//1290 1226//1226
f 1283//1283 1217//1217 1291//1291
f 1283//1283 1291//1291 1284//1284
f 1284//1284 1291//1291 1292//1292
f 1284//1284 1292//1292 1285//1285
f 1285//1285 1292//1292 1293//1293
f 1285//1285 1293//1293 1286//1286
f 1286//1286 1293//1293 1294//1294
f 1286//1286 1294//1294 1287//1287
f 1287//1287 1294//1294 1295//1295
f 1287//1287 1295//1295 1288//1288
f 1288//1288 1295//1295 1296//1296
f 1288//1288 1296//1296 1289//1289
f 1289//1289 1296//1296 1297//1297
f 1289//1289 1297//1297 1290//1290
f 1290//1290 1297//1297 1298//1298
f 1290//1290 1298//1298 1226//1226
f 1291//1291 1217//1217 1218//1218
f 1291//1291 1218//1218 1292//1292
f 1292//1292 1218//1218 1219//1219
f 1292//1292 1219//1219 1293//1293
f 1293//1293 1219//1219 1220//1220
f 1293//1293 1220//1220 1294//1294
f 1294//1294 1220//1220 1221//1221
f 1294//1294 1221//1221 1295//1295
f 1295//1295 1221//1221 1222//1222
f 1295//1295 1222//1222 1296//1296
f 1296//1296 1222//1222 1223//1223
f 1296//1296 1223//1223 1297//1297
f 1297//1297 1223//1223 1224//1224
f 1297//1297 1224//1224 1298//1298
f 1298//1298 1224//1224 1225//1225
f 1298//1298 1225//1225 1226//1226
f 1299//1299 1436//1436 1352//1352
f 1436//1436 1336//1336 1438//1438
f 1352//1352 1438//1438 1315//1315
f 1436//1436 1438//1438 1352//1352
f 1336//1336 1437//1437 1453//1453
f 1437//1437 1310//1310 1450//1450
f 1453//1453 1450//1450 1339//1339
f 1437//1437 1450//1450 1453//1453
f 1315//1315 1451//1451 1353//1353
f 1451//1451 1339//1339 1449//1449
f 1353//1353 1449//1449 1304//1304
f 1451//1451 1449//1449 1353//1353
f 1336//1336 1453//1453 1438//1438
f 1453//1453 1339//1339 1451//1451
f 1438//1438 1451//1451 1315//1315
f 1453//1453 1451//1451 1438//1438
f 1299//1299 1352//1352 1341//1341
f 1352//1352 1315//1315 1354//1354
f 1341//1341 1354//1354 1311//1311
f 1352//1352 1354//1354 1341//1341
f 1315//1315 1353//1353 1358//1358
f 1353//1353 1304//1304 1356//1356
f 1358//1358 1356//1356 1316//1316
f 1353//1353 1356//1356 1358//1358
f 1311//1311 1357//1357 1342//1342
f 1357//1357 1316//1316 1355//1355
f 1342//1342 1355//1355 1300//1300
f 1357//1357 1355//1355 1342//1342
f 1315//1315 1358//1358 1354//1354
f 1358//1358 1316//1316 1357//1357
f 1354//1354 1357//1357 1311//1311
f 1358//1358 1357//1357 1354//1354
f 1299//1299 1341//1341 1368//1368
f 1341//1341 1311//1311 1370//1370
f 1368//1368 1370//1370 1320//1320
f 1341//1341 1370//1370 1368//1368
f 1311//1311 1342//1342 1373//1373
f 1342//1342 1300//1300 1371//1371
f 1373//1373 1371//1371 1321//1321
f 1342//1342 1371//1371 1373//1373
f 1320//1320 1374//1374 1369//1369
f 1374//1374 1321//1321 1372//1372
f 1369//1369 1372//1372 1306//1306
f 1374//1374 1372//1372 1369//1369
f 1311//1311 1373//1373 1370//1370
f 1373//1373 1321//1321 1374//1374
f 1370//1370 1374//1374 1320//1320
f 1373//1373 1374//1374 1370//1370
f 1299//1299 1368//1368 1419//1419
f 1368//1368 1320//1320 1421//1421
f 1419//1419 1421//1421 1332//1332
f 1368//1368 1421//1421 1419//1419
f 1320//1320 1369//1369 1432//1432
f 1369//1369 1306//1306 1430//1430
f 1432//1432 1430//1430 1335//1335
f 1369//1369 1430//1430 1432//1432
f 1332//1332 1434//1434 1420//1420
f 1434//1434 1335//1335 1431//1431
f 1420//1420 1431//1431 1309//1309
f 1434//1434 1431//1431 1420//1420
f 1320//1320 1432//1432 1421//1421
f 1432//1432 1335//1335 1434//1434
f 1421//1421 1434//1434 1332//1332
f 1432//1432 1434//1434 1421//1421
f 1299//1299 1419//1419 1436//1436
f 1419//1419 1332//1332 1439//1439
f 1436//1436 1439//1439 1336//1336
f 1419//1419 1439//1439 1436//1436
f 1332//1332 1420//1420 1457//1457
f 1420//1420 1309//1309 1455//1455
f 1457//1457 1455//1455 1340//1340
f 1420//1420 1455//1455 1457//1457
f 1336//1336 1459//1459 1437//1437
f 1459//1459 1340//1340 1456//1456
f 1437//1437 1456//1456 1310//1310
f 1459//1459 1456//1456 1437//1437
f 1332//1332 1457//1457 1439//1439
f 1457//1457 1340//1340 1459//1459
f 1439//1439 1459//1459 1336//1336
f 1457//1457 1459//1459 1439//1439
f 1300//1300 1355//1355 1394//1394
f 1355//1355 1316//1316 1396//1396
f 1394//1394 1396//1396 1327//1327
f 1355//1355 1396//1396 1394//1394
f 1316//1316 1356//1356 1409//1409
f 1356//1356 1304//1304 1407//1407
f 1409//1409 1407//1407 1330//1330
f 1356//1356 1407//1407 1409//1409
f 1327//1327 1411//1411 1395//1395
f 1411//1411 1330//1330 1408//1408
f 1395//1395 1408//1408 1308//1308
f 1411//1411 1408//1408 1395//1395
f 1316//1316 1409//1409 1396//1396
f 1409//1409 1330//1330 1411//1411
f 1396//1396 1411//1411 1327//1327
f 1409//1409 1411//1411 1396//1396
f 1304//1304 1449//1449 1360//1360
f 1449//1449 1339//1339 1452//1452
f 1360//1360 1452//1452 1317//1317
f 1449//1449 1452//1452 1360//1360
f 1339//1339 1450//1450 1454//1454
f 1450//1450 1310//1310 1445//1445
f 1454//1454 1445//1445 1338//1338
f 1450//1450 1445//1445 1454//1454
f 1317//1317 1447//1447 1359//1359
f 1447//1447 1338//1338 1444//1444
f 1359//1359 1444//1444 1303//1303
f 1447//1447 1444//1444 1359//1359
f 1339//1339 1454//1454 1452//1452
f 1454//1454 1338//1338 1447//1447
f 1452//1452 1447//1447 1317//1317
f 1454//1454 1447//1447 1452//1452
f 1310//1310 1456//1456 1441//1441
f 1456//1456 1340//1340 1460//1460
f 1441//1441 1460//1460 1337//1337
f 1456//1456 1460//1460 1441//1441
f 1340//1340 1455//1455 1458//1458
f 1455//1455 1309//1309 1423//1423
f 1458//1458 1423//1423 1333//1333
f 1455//1455 1423//1423 1458//1458
f 1337//1337 1443//1443 1440//1440
f 1443//1443 1333//1333 1422//1422
f 1440//1440 1422//1422 1301//1301
f 1443//1443 1422//1422 1440//1440
f 1340//1340 1458//1458 1460//1460
f 1458//1458 1333//1333 1443//1443
f 1460//1460 1443//1443 1337//1337
f 1458//1458 1443//1443 1460//1460
f 1309//1309 1431//1431 1426//1426
f 1431//1431 1335//1335 1435//1435
f 1426//1426 1435//1435 1334//1334
f 1431//1431 1435//1435 1426//1426
f 1335//1335 1430//1430 1433//1433
f 1430//1430 1306//1306 1376//1376
f 1433//1433 1376//1376 1322//1322
f 1430//1430 1376//1376 1433//1433
f 1334//1334 1428//1428 1425//1425
f 1428//1428 1322//1322 1375//1375
f 1425//1425 1375//1375 1305//1305
f 1428//1428 1375//1375 1425//1425
f 1335//1335 1433//1433 1435//1435
f 1433//1433 1322//1322 1428//1428
f 1435//1435 1428//1428 1334//1334
f 1433//1433 1428//1428 1435//1435
f 1306//1306 1372//1372 1388//1388
f 1372//1372 1321//1321 1390//1390
f 1388//1388 1390//1390 1326//1326
f 1372//1372 1390//1390 1388//1388
f 1321//1321 1371//1371 1379//1379
f 1371//1371 1300//1300 1377//1377
f 1379//1379 1377//1377 1323//1323
f 1371//1371 1377//1377 1379//1379
f 1326//1326 1392//1392 1389//1389
f 1392//1392 1323//1323 1378//1378
f 1389//1389 1378//1378 1307//1307
f 1392//1392 1378//1378 1389//1389
f 1321//1321 1379//1379 1390//1390
f 1379//1379 1323//1323 1392//1392
f 1390//1390 1392//1392 1326//1326
f 1379//1379 1392//1392 1390//1390
f 1302//1302 1398//1398 1348//1348
f 1398//1398 1328//1328 1400//1400
f 1348//1348 1400//1400 1314//1314
f 1398//1398 1400//1400 1348//1348
f 1328//1328 1399//1399 1406//1406
f 1399//1399 1308//1308 1403//1403
f 1406//1406 1403//1403 1329//1329
f 1399//1399 1403//1403 1406//1406
f 1314//1314 1404//1404 1349//1349
f 1404//1404 1329//1329 1402//1402
f 1349//1349 1402//1402 1303//1303
f 1404//1404 1402//1402 1349//1349
f 1328//1328 1406//1406 1400//1400
f 1406//1406 1329//1329 1404//1404
f 1400//1400 1404//1404 1314//1314
f 1406//1406 1404//1404 1400//1400
f 1302//1302 1348//1348 1344//1344
f 1348//1348 1314//1314 1350//1350
f 1344//1344 1350//1350 1312//1312
f 1348//1348 1350//1350 1344//1344
f 1314//1314 1349//1349 1351//1351
f 1349//1349 1303//1303 1346//1346
f 1351//1351 1346//1346 1313//1313
f 1349//1349 1346//1346 1351//1351
f 1312//1312 1347//1347 1343//1343
f 1347//1347 1313//1313 1345//1345
f 1343//1343 1345//1345 1301//1301
f 1347//1347 1345//1345 1343//1343
f 1314//1314 1351//1351 1350//1350
f 1351//1351 1313//1313 1347//1347
f 1350//1350 1347//1347 1312//1312
f 1351//1351 1347//1347 1350//1350
f 1302//1302 1344//1344 1364//1364
f 1344//1344 1312//1312 1366//1366
f 1364//1364 1366//1366 1319//1319
f 1344//1344 1366//1366 1364//1364
f 1312//1312 1343//1343 1363//1363
f 1343//1343 1301//1301 1361//1361
f 1363//1363 1361//1361 1318//1318
f 1343//1343 1361//1361 1363//1363
f 1319//1319 1367//1367 1365//1365
f 1367//1367 1318//1318 1362//1362
f 1365//1365 1362//1362 1305//1305
f 1367//1367 1362//1362 1365//1365
f 1312//1312 1363//1363 1366//1366
f 1363//1363 1318//1318 1367//1367
f 1366//1366 1367//1367 1319//1319
f 1363//1363 1367//1367 1366//1366
f 1302//1302 1364//1364 1380//1380
f 1364//1364 1319//1319 1382//1382
f 1380//1380 1382//1382 1324//1324
f 1364//1364 1382//1382 1380//1380
f 1319//1319 1365//1365 1385//1385
f 1365//1365 1305//1305 1383//1383
f 1385//1385 1383//1383 1325//1325
f 1365//1365 1383//1383 1385//1385
f 1324//1324 1387//1387 1381//1381
f 1387//1387 1325//1325 1384//1384
f 1381//1381 1384//1384 1307//1307
f 1387//1387 1384//1384 1381//1381
f 1319//1319 1385//1385 1382//1382
f 1385//1385 1325//1325 1387//1387
f 1382//1382 1387//1387 1324//1324
f 1385//1385 1387//1387 1382//1382
f 1302//1302 1380//1380 1398//1398
f 1380//1380 1324//1324 1401//1401
f 1398//1398 1401//1401 1328//1328
f 1380//1380 1401//1401 1398//1398
f 1324//1324 1381//1381 1416//1416
f 1381//1381 1307//1307 1413//1413
f 1416//1416 1413//1413 1331//1331
f 1381//1381 1413//1413 1416//1416
f 1328//1328 1418//1418 1399//1399
f 1418//1418 1331//1331 1414//1414
f 1399//1399 1414//1414 1308//1308
f 1418//1418 1414//1414 1399//1399
f 1324//1324 1416//1416 1401//1401
f 1416//1416 1331//1331 1418//1418
f 1401//1401 1418//1418 1328//1328
f 1416//1416 1418//1418 1401//1401
f 1303//1303 1402//1402 1359//1359
f 1402//1402 1329//1329 1405//1405
f 1359//1359 1405//1405 1317//1317
f 1402//1402 1405//1405 1359//1359
f 1329//1329 1403//1403 1412//1412
f 1403//1403 1308//1308 1408//1408
f 1412//1412 1408//1408 1330//1330
f 1403//1403 1408//1408 1412//1412
f 1317//1317 1410//1410 1360//1360
f 1410//1410 1330//1330 1407//1407
f 1360//1360 1407//1407 1304//1304
f 1410//1410 1407//1407 1360//1360
f 1329//1329 1412//1412 1405//1405
f 1412//1412 1330//1330 1410//1410
f 1405//1405 1410//1410 1317//1317
f 1412//1412 1410//1410 1405//1405
f 1301//1301 1345//1345 1440//1440
f 1345//1345 1313//1313 1442//1442
f 1440//1440 1442//1442 1337//1337
f 1345//1345 1442//1442 1440//1440
f 1313//1313 1346//1346 1446//1446
f 1346//1346 1303//1303 1444//1444
f 1446//1446 1444//1444 1338//1338
f 1346//1346 1444//1444 1446//1446
f 1337//1337 1448//1448 1441//1441
f 1448//1448 1338//1338 1445//1445
f 1441//1441 1445//1445 1310//1310
f 1448//1448 1445//1445 1441//1441
f 1313//1313 1446//1446 1442//1442
f 1446//1446 1338//1338 1448//1448
f 1442//1442 1448//1448 1337//1337
f 1446//1446 1448//1448 1442//1442
f 1305//1305 1362//1362 1425//1425
f 1362//1362 1318//1318 1427//1427
f 1425//1425 1427//1427 1334//1334
f 1362//1362 1427//1427 1425//1425
f 1318//1318 1361//1361 1424//1424
f 1361//1361 1301//1301 1422//1422
f 1424//1424 1422//1422 1333//1333
f 1361//1361 1422//1422 1424//1424
f 1334//1334 1429//1429 1426//1426
f 1429//1429 1333//1333 1423//1423
f 1426//1426 1423//1423 1309//1309
f 1429//1429 1423//1423 1426//1426
f 1318//1318 1424//1424 1427//1427
f 1424//1424 1333//1333 1429//1429
f 1427//1427 1429//1429 1334//1334
f 1424//1424 1429//1429 1427//1427
f 1307//1307 1384//1384 1389//1389
f 1384//1384 1325//1325 1393//1393
f 1389//1389 1393//1393 1326//1326
f 1384//1384 1393//1393 1389//1389
f 1325//1325 1383//1383 1386//1386
f 1383//1383 1305//1305 1375//1375
f 1386//1386 1375//1375 1322//1322
f 1383//1383 1375//1375 1386//1386
f 1326//1326 1391//1391 1388//1388
f 1391//1391 1322//1322 1376//1376
f 1388//1388 1376//1376 1306//1306
f 1391//1391 1376//1376 1388//1388
f 1325//1325 1386//1386 1393//1393
f 1386//1386 1322//1322 1391//1391
f 1393//1393 1391//1391 1326//1326
f 1386//1386 1391//1391 1393//1393
f 1308//1308 1414//1414 1395//1395
f 1414//1414 1331//1331 1417//1417
f 1395//1395 1417//1417 1327//1327
f 1414//1414 1417//1417 1395//1395
f 1331//1331 1413//1413 1415//1415
f 1413//1413 1307//1307 1378//1378
f 1415//1415 1378//1378 1323//1323
f 1413//1413 1378//1378 1415//1415
f 1327//1327 1397//1397 1394//1394
f 1397//1397 1323//1323 1377//1377
f 1394//1394 1377//1377 1300//1300
f 1397//1397 1377//1377 1394//1394
f 1331//1331 1415//1415 1417//1417
f 1415//1415 1323//1323 1397//1397
f 1417//1417 1397//1397 1327//1327
f 1415//1415 1397//1397 1417//1417
f 1462//1462 1461//1461 1471//1471
f 1462//1462 1471//1471 1463//1463
f 1463//1463 1471//1471 1472//1472
f 1463//1463 1472//1472 1464//1464
f 1464//1464 1472//1472 1473//1473
f 1464//1464 1473//1473 1465//1465
f 1465//1465 1473//1473 1474//1474
f 1465//1465 1474//1474 1466//1466
f 1466//1466 1474//1474 1475//1475
f 1466//1466 1475//1475 1467//1467
f 1467//1467 1475//1475 1476//1476
f 1467//1467 1476//1476 1468//1468
f 1468//1468 1476//1476 1477//1477
f 1468//1468 1477//1477 1469//1469
f 1469//1469 1477//1477 1478//1478
f 1469//1469 1478//1478 1470//1470
f 1471//1471 1461//1461 1479//1479
f 1471//1471 1479//1479 1472//1472
f 1472//1472 1479//1479 1480//1480
f 1472//1472 1480//1480 1473//1473
f 1473//1473 1480//1480 1481//1481
f 1473//1473 1481//1481 1474//1474
f 1474//1474 1481//1481 1482//1482
f 1474//1474 1482//1482 1475//1475
f 1475//1475 1482//1482 1483//1483
f 1475//1475 1483//1483 1476//1476
f 1476//1476 1483//1483 1484//1484
f 1476//1476 1484//1484 1477//1477
f 1477//1477 1484//1484 1485//1485
f 1477//1477 1485//1485 1478//1478
f 1478//1478 1485//1485 1486//1486
f 1478//1478 1486//1486 1470//1470
f 1479//1479 1461//1461 1487//1487
f 1479//1479 1487//1487 1480//1480
f 1480//1480 1487//1487 1488//1488
f 1480//1480 1488//1488 1481//1481
f 1481//1481 1488//1488 1489//1489
f 1481//1481 1489//1489 1482//1482
f 1482//1482 1489//1489 1490//1490
f 1482//1482 1490//1490 1483//1483
f 1483//1483 1490//1490 1491//1491
f 1483//1483 1491//1491 1484//1484
f 1484//1484 1491//1491 1492//1492
f 1484//1484 1492//1492 1485//1485
f 1485//1485 1492//1492 1493//1493
f 1485//1485 1493//1493 1486//1486
f 1486//1486 1493//1493 1494//1494
f 1486//1486 1494//1494 1470//1470
f 1487//1487 1461//1461 1495//1495
f 1487//1487 1495//1495 1488//1488
f 1488//1488 1495//1495 1496//1496
f 1488//1488 1496//1496 1489//1489
f 1489//1489 1496//1496 1497//1497
f 1489//1489 1497//1497 1490//1490
f 1490//1490 1497//1497 1498//1498
f 1490//1490 1498//1498 1491//1491
f 1491//1491 1498//1498 1499//1499
f 1491//1491 1499//1499 1492//1492
f 1492//1492 1499//1499 1500//1500
f 1492//1492 1500//1500 1493//1493
f 1493//1493 1500//1500 1501//1501
f 1493//1493 1501//1501 1494//1494
f 1494//1494 1501//1501 1502//1502
f 1494//1494 1502//1502 1470//1470
f 1495//1495 1461//1461 1503//1503
f 1495//1495 1503//1503 1496//1496
f 1496//1496 1503//1503 1504//1504
f 1496//1496 1504//1504 1497//1497
f 1497//1497 1504//1504 1505//1505
f 1497//1497 1505//1505 1498//1498
f 1498//1498 1505//1505 1506//1506
f 1498//1498 1506//1506 1499//1499
f 1499//1499 1506//1506 1507//1507
f 1499//1499 1507//1507 1500//1500
f 1500//1500 1507//1507 1508//1508
f 1500//1500 1508//1508 1501//1501
f 1501//1501 1508//1508 1509//1509
f 1501//1501 1509//1509 1502//1502
f 1502//1502 1509//1509 1510//1510
f 1502//1502 1510//1510 1470//1470
f 1503//1503 1461//1461 1511//1511
f 1503//1503 1511//1511 1504//1504
f 1504//1504 1511//1511 1512//1512
f 1504//1504 1512//1512 1505//1505
f 1505//1505 1512//1512 1513//1513
f 1505//1505 1513//1513 1506//1506
f 1506//1506 1513//1513 1514//1514
f 1506//1506 1514//1514 1507//1507
f 1507//1507 1514//1514 1515//1515
f 1507//1507 1515//1515 1508//1508
f 1508//1508 1515//1515 1516//1516
f 1508//1508 1516//1516 1509//1509
f 1509//1509 1516//1516 1517//1517
f 1509//1509 1517//1517 1510//1510
f 1510//1510 1517//1517 1518//1518
f 1510//1510 1518//1518 1470//1470
f 1511//1511 1461//1461 1519//1519
f 1511//1511 1519//1519 1512//1512
f 1512//1512 1519//1519 1520//1520
f 1512//1512 1520//1520 1513//1513
f 1513//1513 1520//1520 1521//1521
f 1513//1513 1521//1521 1514//1514
f 1514//1514 1521//1521 1522//1522
f 1514//1514 1522//1522 1515//1515
f 1515//1515 1522//1522 1523//1523
f 1515//1515 1523//1523 1516//1516
f 1516//1516 1523//1523 1524//1524
f 1516//1516 1524//1524 1517//1517
f 1517//1517 1524//1524 1525//1525
f 1517//1517 1525//1525 1518//1518
f 1518//1518 1525//1525 1526//1526
f 1518//1518 1526//1526 1470//1470
f 1519//1519 1461//1461 1527//1527
f 1519//1519 1527//1527 1520//1520
f 1520//1520 1527//1527 1528//1528
f 1520//1520 1528//1528 1521//1521
f 1521//1521 1528//1528 1529//1529
f 1521//1521 1529//1529 1522//1522
f 1522//1522 1529//1529 1530//1530
f 1522//1522 1530//1530 1523//1523
f 1523//1523 1530//1530 1531//1531
f 1523//1523 1531//1531 1524//1524
f 1524//1524 1531//1531 1532//1532
f 1524//1524 1532//1532 1525//1525
f 1525//1525 1532//1532 1533//1533
f 1525//1525 1533//1533 1526//1526
f 1526//1526 1533//1533 1534//1534
f 1526//1526 1534//1534 1470//1470
f 1527//1527 1461//1461 1535//1535
f 1527//1527 1535//1535 1528//1528
f 1528//1528 1535//1535 1536//1536
f 1528//1528 1536//1536 1529//1529
f 1529//1529 1536//1536 1537//1537
f 1529//1529 1537//1537 1530//1530
f 1530//1530 1537//1537 1538//1538
f 1530//1530 1538//1538 1531//1531
f 1531//1531 1538//1538 1539//1539
f 1531//1531 1539//1539 1532//1532
f 1532//1532 1539//1539 1540//1540
f 1532//1532 1540//1540 1533//1533
f 1533//1533 1540//1540 1541//1541
f 1533//1533 1541//1541 1534//1534
f 1534//1534 1541//1541 1542//1542
f 1534//1534 1542//1542 1470//1470
f 1535//1535 1461//1461 1462//1462
f 1535//1535 1462//1462 1536//1536
f 1536//1536 1462//1462 1463//1463
f 1536//1536 1463//1463 1537//1537
f 1537//1537 1463//1463 1464//1464
f 1537//1537 1464//1464 1538//1538
f 1538//1538 1464//1464 1465//1465
f 1538//1538 1465//1465 1539//1539
f 1539//1539 1465//1465 1466//1466
f 1539//1539 1466//1466 1540//1540
f 1540//1540 1466//1466 1467//1467
f 1540//1540 1467//1467 1541//1541
f 1541//1541 1467//1467 1468//1468
f 1541//1541 1468//1468 1542//1542
f 1542//1542 1468//1468 1469//1469
f 1542//1542 1469//1469 1470//1470
f 1544//1544 1543//1543 1553//1553
f 1544//1544 1553//1553 1545//1545
f 1545//1545 1553//1553 1554//1554
f 1545//1545 1554//1554 1546//1546
f 1546//1546 1554//1554 1555//1555
f 1546//1546 1555//1555 1547//1547
f 1547//1547 1555//1555 1556//1556
f 1547//1547 1556//1556 1548//1548
f 1548//1548 1556//1556 1557//1557
f 1548//1548 1557//1557 1549//1549
f 1549//1549 1557//1557 1558//1558
f 1549//1549 1558//1558 1550//1550
f 1550//1550 1558//1558 1559//1559
f 1550//1550 1559//1559 1551//1551
f 1551//1551 1559//1559 1560//1560
f 1551//1551 1560//1560 1552//1552
f 1553//1553 1543//1543 1561//1561
f 1553//1553 1561//1561 1554//1554
f 1554//1554 1561//1561 1562//1562
f 1554//1554 1562//1562 1555//1555
f 1555//1555 1562//1562 1563//1563
f 1555//1555 1563//1563 1556//1556
f 1556//1556 1563//1563 1564//1564
f 1556//1556 1564//1564 1557//1557
f 1557//1557 1564//1564 1565//1565
f 1557//1557 1565//1565 1558//1558
f 1558//1558 1565//1565 1566//1566
f 1558//1558 1566//1566 1559//1559
f 1559//1559 1566//1566 1567//1567
f 1559//1559 1567//1567 1560//1560
f 1560//1560 1567//1567 1568//1568
f 1560//1560 1568//1568 1552//1552
f 1561//1561 1543//1543 1569//1569
f 1561//1561 1569//1569 1562//1562
f 1562//1562 1569//1569 1570//1570
f 1562//1562 1570//1570 1563//1563
f 1563//1563 1570//1570 1571//1571
f 1563//1563 1571//1571 1564//1564
f 1564//1564 1571//1571 1572//1572
f 1564//1564 1572//1572 1565//1565
f 1565//1565 1572//1572 1573//1573
f 1565//1565 1573//1573 1566//1566
f 1566//1566 1573//1573 1574//1574
f 1566//1566 1574//1574 1567//1567
f 1567//1567 1574//1574 1575//1575
f 1567//1567 1575//1575 1568//1568
f 1568//1568 1575//1575 1576//1576
f 1568//1568 1576//1576 1552//1552
f 1569//1569 1543//1543 1577//1577
f 1569//1569 1577//1577 1570//1570
f 1570//1570 1577//1577 1578//1578
f 1570//1570 1578//1578 1571//1571
f 1571//1571 1578//1578 1579//1579
f 1571//1571 1579//1579 1572//1572
f 1572//1572 1579//1579 1580//1580
f 1572//1572 1580//1580 1573//1573
f 1573//1573 1580//1580 1581//1581
f 1573//1573 1581//1581 1574//1574
f 1574//1574 1581//1581 1582//1582
f 1574//1574 1582//1582 1575//1575
f 1575//1575 1582//1582 1583//1583
f 1575//1575 1583//1583 1576//1576
f 1576//1576 1583//1583 1584//1584
f 1576//1576 1584//1584 1552//1552
f 1577//1577 1543//1543 1585//1585
f 1577//1577 1585//1585 1578//1578
f 1578//1578 1585//1585 1586//1586
f 1578//1578 1586//1586 1579//1579
f 1579//1579 1586//1586 1587//1587
f 1579//1579 1587//1587 1580//1580
f 1580//1580 1587//1587 1588//1588
f 1580//1580 1588//1588 1581//1581
f 1581//1581 1588//1588 1589//1589
f 1581//1581 1589//1589 1582//1582
f 1582//1582 1589//1589 1590//1590
f 1582//1582 1590//1590 1583//1583
f 1583//1583 1590//1590 1591//1591
f 1583//1583 1591//1591 1584//1584
f 1584//1584 1591//1591 1592//1592
f 1584//1584 1592//1592 1552//1552
f 1585//1585 1543//1543 1593//1593
f 1585//1585 1593//1593 1586//1586
f 1586//1586 1593//1593 1594//1594
f 1586//1586 1594//1594 1587//1587
f 1587//1587 1594//1594 1595//1595
f 1587//1587 1595//1595 1588//1588
f 1588//1588 1595//1595 1596//1596
f 1588//1588 1596//1596 1589//1589
f 1589//1589 1596//1596 1597//1597
f 1589//1589 1597//1597 1590//1590
f 1590//1590 1597//1597 1598//1598
f 1590//1590 1598//1598 1591//1591
f 1591//1591 1598//1598 1599//1599
f 1591//1591 1599//1599 1592//1592
f 1592//1592 1599//1599 1600//1600
f 1592//1592 1600//1600 1552//1552
f 1593//1593 1543//1543 1601//1601
f 1593//1593 1601//1601 1594//1594
f 1594//1594 1601//1601 1602//1602
f 1594//1594 1602//1602 1595//1595
f 1595//1595 1602//1602 1603//1603
f 1595//1595 1603//1603 1596//1596
f 1596//1596 1603//1603 1604//1604
f 1596//1596 1604//1604 1597//1597
f 1597//1597 1604//1604 1605//1605
f 1597//1597 1605//1605 1598//1598
f 1598//1598 1605//1605 1606//1606
f 1598//1598 1606//1606 1599//1599
f 1599//1599 1606//1606 1607//1607
f 1599//1599 1607//1607 1600//1600
f 1600//1600 1607//1607 1608//1608
f 1600//1600 1608//1608 1552//1552
f 1601//1601 1543//1543 1609//1609
f 1601//1601 1609//1609 1602//1602
f 1602//1602 1609//1609 1610//1610
f 1602//1602 1610//1610 1603//1603
f 1603//1603 1610//1610 1611//1611
f 1603//1603 1611//1611 1604//1604
f 1604//1604 1611//1611 1612//1612
f 1604//1604 1612//1612 1605//1605
f 1605//1605 1612//1612 1613//1613
f 1605//1605 1613//1613 1606//1606
f 1606//1606 1613//1613 1614//1614
f 1606//1606 1614//1614 1607//1607
f 1607//1607 1614//1614 1615//1615
f 1607//1607 1615//1615 1608//1608
f 1608//1608 1615//1615 1616//1616
f 1608//1608 1616//1616 1552//1552
f 1609//1609 1543//1543 1617//1617
f 1609//1609 1617//1617 1610//1610
f 1610//1610 1617//1617 1618//1618
f 1610//1610 1618//1618 1611//1611
f 1611//1611 1618//1618 1619//1619
f 1611//1611 1619//1619 1612//1612
f 1612//1612 1619//1619 1620//1620
f 1612//1612 1620//1620 1613//1613
f 1613//1613 1620//1620 1621//1621
f 1613//1613 1621//1621 1614//1614
f 1614//1614 1621//1621 1622//1622
f 1614//1614 1622//1622 1615//1615
f 1615//1615 1622//1622 1623//1623
f 1615//1615 1623//1623 1616//1616
f 1616//1616 1623//1623 1624//1624
f 1616//1616 1624//1624 1552//1552
f 1617//1617 1543//1543 1544//1544
f 1617//1617 1544//1544 1618//1618
f 1618//1618 1544//1544 1545//1545
f 1618//1618 1545//1545 1619//1619
f 1619//1619 1545//1545 1546//1546
f 1619//1619 1546//1546 1620//1620
f 1620//1620 1546//1546 1547//1547
f 1620//1620 1547//1547 1621//1621
f 1621//1621 1547//1547 1548//1548
f 1621//1621 1548//1548 1622//1622
f 1622//1622 1548//1548 1549//1549
f 1622//1622 1549//1549 1623//1623
f 1623//1623 1549//1549 1550//1550
f 1623//1623 1550//1550 1624//1624
f 1624//1624 1550//1550 1551//1551
f 1624//1624 1551//1551 1552//1552
f 1626//1626 1625//1625 1635//1635
f 1626//1626 1635//1635 1627//1627
f 1627//1627 1635//1635 1636//1636
f 1627//1627 1636//1636 1628//1628
f 1628//1628 1636//1636 1637//1637
f 1628//1628 1637//1637 1629//1629
f 1629//1629 1637//1637 1638//1638
f 1629//1629 1638//1638 1630//1630
f 1630//1630 1638//1638 1639//1639
f 1630//1630 1639//1639 1631//1631
f 1631//1631 1639//1639 1640//1640
f 1631//1631 1640//1640 1632//1632
f 1632//1632 1640//1640 1641//1641
f 1632//1632 1641//1641 1633//1633
f 1633//1633 1641//1641 1642//1642
f 1633//1633 1642//1642 1634//1634
f 1635//1635 1625//1625 1643//1643
f 1635//1635 1643//1643 1636//1636
f 1636//1636 1643//1643 1644//1644
f 1636//1636 1644//1644 1637//1637
f 1637//1637 1644//1644 1645//1645
f 1637//1637 1645//1645 1638//1638
f 1638//1638 1645//1645 1646//1646
f 1638//1638 1646//1646 1639//1639
f 1639//1639 1646//1646 1647//1647
f 1639//1639 1647//1647 1640//1640
f 1640//1640 1647//1647 1648//1648
f 1640//1640 1648//1648 1641//1641
f 1641//1641 1648//1648 1649//1649
f 1641//1641 1649//1649 1642//1642
f 1642//1642 1649//1649 1650//1650
f 1642//1642 1650//1650 1634//1634
f 1643//1643 1625//1625 1651//1651
f 1643//1643 1651//1651 1644//1644
f 1644//1644 1651//1651 1652//1652
f 1644//1644 1652//1652 1645//1645
f 1645//1645 1652//1652 1653//1653
f 1645//1645 1653//1653 1646//1646
f 1646//1646 1653//1653 1654//1654
f 1646//1646 1654//1654 1647//1647
f 1647//1647 1654//1654 1655//1655
f 1647//1647 1655//1655 1648//1648
f 1648//1648 1655//1655 1656//1656
f 1648//1648 1656//1656 1649//1649
f 1649//1649 1656//1656 1657//1657
f 1649//1649 1657//1657 1650//1650
f 1650//1650 1657//1657 1658//1658
f 1650//1650 1658//1658 1634//1634
f 1651//1651 1625//1625 1659//1659
f 1651//1651 1659//1659 1652//1652
f 1652//1652 1659//1659 1660//1660
f 1652//1652 1660//1660 1653//1653
f 1653//1653 1660//1660 1661//1661
f 1653//1653 1661//1661 1654//1654
f 1654//1654 1661//1661 1662//1662
f 1654//1654 1662//1662 1655//1655
f 1655//1655 1662//1662 1663//1663
f 1655//1655 1663//1663 1656//1656
f 1656//1656 1663//1663 1664//1664
f 1656//1656 1664//1664 1657//1657
f 1657//1657 1664//1664 1665//1665
f 1657//1657 1665//1665 1658//1658
f 1658//1658 1665//1665 1666//1666
f 1658//1658 1666//1666 1634//1634
f 1659//1659 1625//1625 1667//1667
f 1659//1659 1667//1667 1660//1660
f 1660//1660 1667//1667 1668//1668
f 1660//1660 1668//1668 1661//1661
f 1661//1661 1668//1668 1669//1669
f 1661//1661 1669//1669 1662//1662
f 1662//1662 1669//1669 1670//1670
f 1662//1662 1670//1670 1663//1663
f 1663//1663 1670//1670 1671//1671
f 1663//1663 1671//1671 1664//1664
f 1664//1664 1671//1671 1672//1672
f 1664//1664 1672//1672 1665//1665
f 1665//1665 1672//1672 1673//1673
f 1665//1665 1673//1673 1666//1666
f 1666//1666 1673//1673 1674//1674
f 1666//1666 1674//1674 1634//1634
f 1667//1667 1625//1625 1675//1675
f 1667//1667 1675//1675 1668//1668
f 1668//1668 1675//1675 1676//1676
f 1668//1668 1676//1676 1669//1669
f 1669//1669 1676//1676 1677//1677
f 1669//1669 1677//1677 1670//1670
f 1670//1670 1677//1677 1678//1678
f 1670//1670 1678//1678 1671//1671
f 1671//1671 1678//1678 1679//1679
f 1671//1671 1679//1679 1672//1672
f 1672//1672 1679//1679 1680//1680
f 1672//1672 1680//1680 1673//1673
f 1673//1673 1680//1680 1681//1681
f 1673//1673 1681//1681 1674//1674
f 1674//1674 1681//1681 1682//1682
f 1674//1674 1682//1682 1634//1634
f 1675//1675 1625//1625 1683//1683
f 1675//1675 1683//1683 1676//1676
f 1676//1676 1683//1683 1684//1684
f 1676//1676 1684//1684 1677//1677
f 1677//1677 1684//1684 1685//1685
f 1677//1677 1685//1685 1678//1678
f 1678//1678 1685//1685 1686//1686
f 1678//1678 1686//1686 1679//1679
f 1679//1679 1686//1686 1687//1687
f 1679//1679 1687//1687 1680//1680
f 1680//1680 1687//1687 1688//1688
f 1680//1680 1688//1688 1681//1681
f 1681//1681 1688//1688 1689//1689
f 1681//1681 1689//1689 1682//1682
f 1682//1682 1689//1689 1690//1690
f 1682//1682 1690//1690 1634//1634
f 1683//1683 1625//1625 1691//1691
f 1683//1683 1691//1691 1684//1684
f 1684//1684 1691//1691 1692//1692
f 1684//1684 1692//1692 1685//1685
f 1685//1685 1692//1692 1693//1693
f 1685//1685 1693//1693 1686//1686
f 1686//1686 1693//1693 1694//1694
f 1686//1686 1694//1694 1687//1687
f 1687//1687 1694//1694 1695//1695
f 1687//1687 1695//1695 1688//1688
f 1688//1688 1695//1695 1696//1696
f 1688//1688 1696//1696 1689//1689
f 1689//1689 1696//1696 1697//1697
f 1689//1689 1697//1697 1690//1690
f 1690//1690 1697//1697 1698//1698
f 1690//1690 1698//1698 1634//1634
f 1691//1691 1625//1625 1699//1699
f 1691//1691 1699//1699 1692//1692
f 1692//1692 1699//1699 1700//1700
f 1692//1692 1700//1700 1693//1693
f 1693//1693 1700//1700 1701//1701
f 1693//1693 1701//1701 1694//1694
f 1694//1694 1701//1701 1702//1702
f 1694//1694 1702//1702 1695//1695
f 1695//1695 1702//1702 1703//1703
f 1695//1695 1703//1703 1696//1696
f 1696//1696 1703//1703 1704//1704
f 1696//1696 1704//1704 1697//1697
f 1697//1697 1704//1704 1705//1705
f 1697//1697 1705//1705 1698//1698
f 1698//1698 1705//1705 1706//1706
f 1698//1698 1706//1706 1634//1634
f 1699//1699 1625//1625 1626//1626
f 1699//1699 1626//1626 1700//1700
f 1700//1700 1626//1626 1627//1627
f 1700//1700 1627//1627 1701//1701
f 1701//1701 1627//1627 1628//1628
f 1701//1701 1628//1628 1702//1702
f 1702//1702 1628//1628 1629//1629
f 1702//1702 1629//1629 1703//1703
f 1703//1703 1629//1629 1630//1630
f 1703//1703 1630//1630 1704//1704
f 1704//1704 1630//1630 1631//1631
f 1704//1704 1631//1631 1705//1705
f 1705//1705 1631//1631 1632//1632
f 1705//1705 1632//1632 1706//1706
f 1706//1706 1632//1632 1633//1633
f 1706//1706 1633//1633 1634//1634
f 1707//1707 1844//1844 1760//1760
f 1844//1844 1744//1744 1846//1846
f 1760//1760 1846//1846 1723//1723
f 1844//1844 1846//1846 1760//1760
f 1744//1744 1845//1845 1861//1861
f 1845//1845 1718//1718 1858//1858
f 1861//1861 1858//1858 1747//1747
f 1845//1845 1858//1858 1861//1861
f 1723//1723 1859//1859 1761//1761
f 1859//1859 1747//1747 1857//1857
f 1761//1761 1857//1857 1712//1712
f 1859//1859 1857//1857 1761//1761
f 1744//1744 1861//1861 1846//1846
f 1861//1861 1747//1747 1859//1859
f 1846//1846 1859//1859 1723//1723
f 1861//1861 1859//1859 1846//1846
f 1707//1707 1760//1760 1749//1749
f 1760//1760 1723//1723 1762//1762
f 1749//1749 1762//1762 1719//1719
f 1760//1760 1762//1762 1749//1749
f 1723//1723 1761//1761 1766//1766
f 1761//1761 1712//1712 1764//1764
f 1766//1766 1764//1764 1724//1724
f 1761//1761 1764//1764 1766//1766
f 1719//1719 1765//1765 1750//1750
f 1765//1765 1724//1724 1763//1763
f 1750//1750 1763//1763 1708//1708
f 1765//1765 1763//1763 1750//1750
f 1723//1723 1766//1766 1762//1762
f 1766//1766 1724//1724 1765//1765
f 1762//1762 1765//1765 1719//1719
f 1766//1766 1765//1765 1762//1762
f 1707//1707 1749//1749 1776//1776
f 1749//1749 1719//1719 1778//1778
f 1776//1776 1778//1778 1728//1728
f 1749//1749 1778//1778 1776//1776
f 1719//1719 1750//1750 1781//1781
f 1750//1750 1708//1708 1779//1779
f 1781//1781 1779//1779 1729//1729
f 1750//1750 1779//1779 1781//1781
f 1728//1728 1782//1782 1777//1777
f 1782//1782 1729//1729 1780//1780
f 1777//1777 1780//1780 1714//1714
f 1782//1782 1780//1780 1777//1777
f 1719//1719 1781//1781 1778//1778
f 1781//1781 1729//1729 1782//1782
f 1778//1778 1782//1782 1728//1728
f 1781//1781 1782//1782 1778//1778
f 1707//1707 1776//1776 1827//1827
f 1776//1776 1728//1728 1829//1829
f 1827//1827 1829//1829 1740//1740
f 1776//1776 1829//1829 1827//1827
f 1728//1728 1777//1777 1840//1840
f 1777//1777 1714//1714 1838//1838
f 1840//1840 1838//1838 1743//1743
f 1777//1777 1838//1838 1840//1840
f 1740//1740 1842//1842 1828//1828
f 1842//1842 1743//1743 1839//1839
f 1828//1828 1839//1839 1717//1717
f 1842//1842 1839//1839 1828//1828
f 1728//1728 1840//1840 1829//1829
f 1840//1840 1743//1743 1842//1842
f 1829//1829 1842//1842 1740//1740
f 1840//1840 1842//1842 1829//1829
f 1707//1707 1827//1827 1844//1844
f 1827//1827 1740//1740 1847//1847
f 1844//1844 1847//1847 1744//1744
f 1827//1827 1847//1847 1844//1844
f 1740//1740 1828//1828 1865//1865
f 1828//1828 1717//1717 1863//1863
f 1865//1865 1863//1863 1748//1748
f 1828//1828 1863//1863 1865//1865
f 1744//1744 1867//1867 1845//1845
f 1867//1867 1748//1748 1864//1864
f 1845//1845 1864//1864 1718//1718
f 1867//1867 1864//1864 1845//1845
f 1740//1740 1865//1865 1847//1847
f 1865//1865 1748//1748 1867//1867
f 1847//1847 1867//1867 1744//1744
f 1865//1865 1867//1867 1847//1847
f 1708//1708 1763//1763 1802//1802
f 1763//1763 1724//1724 1804//1804
f 1802//1802 1804//1804 1735//1735
f 1763//1763 1804//1804 1802//1802
f 1724//1724 1764//1764 1817//1817
f 1764//1764 1712//1712 1815//1815
f 1817//1817 1815//1815 1738//1738
f 1764//1764 1815//1815 1817//1817
f 1735//1735 1819//1819 1803//1803
f 1819//1819 1738//1738 1816//1816
f 1803//1803 1816//1816 1716//1716
f 1819//1819 1816//1816 1803//1803
f 1724//1724 1817//1817 1804//1804
f 1817//1817 1738//1738 1819//1819
f 1804//1804 1819//1819 1735//1735
f 1817//1817 1819//1819 1804//1804
f 1712//1712 1857//1857 1768//1768
f 1857//1857 1747//1747 1860//1860
f 1768//1768 1860//1860 1725//1725
f 1857//1857 1860//1860 1768//1768
f 1747//1747 1858//1858 1862//1862
f 1858//1858 1718//1718 1853//1853
f 1862//1862 1853//1853 1746//1746
f 1858//1858 1853//1853 1862//1862
f 1725//1725 1855//1855 1767//1767
f 1855//1855 1746//1746 1852//1852
f 1767//1767 1852//1852 1711//1711
f 1855//1855 1852//1852 1767//1767
f 1747//1747 1862//1862 1860//1860
f 1862//1862 1746//1746 1855//1855
f 1860//1860 1855//1855 1725//1725
f 1862//1862 1855//1855 1860//1860
f 1718//1718 1864//1864 1849//1849
f 1864//1864 1748//1748 1868//1868
f 1849//1849 1868//1868 1745//1745
f 1864//1864 1868//1868 1849//1849
f 1748//1748 1863//1863 1866//1866
f 1863//1863 1717//1717 1831//1831
f 1866//1866 1831//1831 1741//1741
f 1863//1863 1831//1831 1866//1866
f 1745//1745 1851//1851 1848//1848
f 1851//1851 1741//1741 1830//1830
f 1848//1848 1830//1830 1709//1709
f 1851//1851 1830//1830 1848//1848
f 1748//1748 1866//1866 1868//1868
f 1866//1866 1741//1741 1851//1851
f 1868//1868 1851//1851 1745//1745
f 1866//1866 1851//1851 1868//1868
f 1717//1717 1839//1839 1834//1834
f 1839//1839 1743//1743 1843//1843
f 1834//1834 1843//1843 1742//1742
f 1839//1839 1843//1843 1834//1834
f 1743//1743 1838//1838 1841//1841
f 1838//1838 1714//1714 1784//1784
f 1841//1841 1784//1784 1730//1730
f 1838//1838 1784//1784 1841//1841
f 1742//1742 1836//1836 1833//1833
f 1836//1836 1730//1730 1783//1783
f 1833//1833 1783//1783 1713//1713
f 1836//1836 1783//1783 1833//1833
f 1743//1743 1841//1841 1843//1843
f 1841//1841 1730//1730 1836//1836
f 1843//1843 1836//1836 1742//1742
f 1841//1841 1836//1836 1843//1843
f 1714//1714 1780//1780 1796//1796
f 1780//1780 1729//1729 1798//1798
f 1796//1796 1798//1798 1734//1734
f 1780//1780 1798//1798 1796//1796
f 1729//1729 1779//1779 1787//1787
f 1779//1779 1708//1708 1785//1785
f 1787//1787 1785//1785 1731//1731
f 1779//1779 1785//1785 1787//1787
f 1734//1734 1800//1800 1797//1797
f 1800//1800 1731//1731 1786//1786
f 1797//1797 1786//1786 1715//1715
f 1800//1800 1786//1786 1797//1797
f 1729//1729 1787//1787 1798//1798
f 1787//1787 1731//1731 1800//1800
f 1798//1798 1800//1800 1734//1734
f 1787//1787 1800//1800 1798//1798
f 1710//1710 1806//1806 1756//1756
f 1806//1806 1736//1736 1808//1808
f 1756//1756 1808//1808 1722//1722
f 1806//1806 1808//1808 1756//1756
f 1736//1736 1807//1807 1814//1814
f 1807//1807 1716//1716 1811//1811
f 1814//1814 1811//1811 1737//1737
f 1807//1807 1811//1811 1814//1814
f 1722//1722 1812//1812 1757//1757
f 1812//1812 1737//1737 1810//1810
f 1757//1757 1810//1810 1711//1711
f 1812//1812 1810//1810 1757//1757
f 1736//1736 1814//1814 1808//1808
f 1814//1814 1737//1737 1812//1812
f 1808//1808 1812//1812 1722//1722
f 1814//1814 1812//1812 1808//1808
f 1710//1710 1756//1756 1752//1752
f 1756//1756 1722//1722 1758//1758
f 1752//1752 1758//1758 1720//1720
f 1756//1756 1758//1758 1752//1752
f 1722//1722 1757//1757 1759//1759
f 1757//1757 1711//1711 1754//1754
f 1759//1759 1754//1754 1721//1721
f 1757//1757 1754//1754 1759//1759
f 1720//1720 1755//1755 1751//1751
f 1755//1755 1721//1721 1753//1753
f 1751//1751 1753//1753 1709//1709
f 1755//1755 1753//1753 1751//1751
f 1722//1722 1759//1759 1758//1758
f 1759//1759 1721//1721 1755//1755
f 1758//1758 1755//1755 1720//1720
f 1759//1759 1755//1755 1758//1758
f 1710//1710 1752//1752 1772//1772
f 1752//1752 1720//1720 1774//1774
f 1772//1772 1774//1774 1727//1727
f 1752//1752 1774//1774 1772//1772
f 1720//1720 1751//1751 1771//1771
f 1751//1751 1709//1709 1769//1769
f 1771//1771 1769//1769 1726//1726
f 1751//1751 1769//1769 1771//1771
f 1727//1727 1775//1775 1773//1773
f 1775//1775 1726//1726 1770//1770
f 1773//1773 1770//1770 1713//1713
f 1775//1775 1770//1770 1773//1773
f 1720//1720 1771//1771 1774//1774
f 1771//1771 1726//1726 1775//1775
f 1774//1774 1775//1775 1727//1727
f 1771//1771 1775//1775 1774//1774
f 1710//1710 1772//1772 1788//1788
f 1772//1772 1727//1727 1790//1790
f 1788//1788 1790//1790 1732//1732
f 1772//1772 1790//1790 1788//1788
f 1727//1727 1773//1773 1793//1793
f 1773//1773 1713//1713 1791//1791
f 1793//1793 1791//1791 1733//1733
f 1773//1773 1791//1791 1793//1793
f 1732//1732 1795//1795 1789//1789
f 1795//1795 1733//1733 1792//1792
f 1789//1789 1792//1792 1715//1715
f 1795//1795 1792//1792 1789//1789
f 1727//1727 1793//1793 1790//1790
f 1793//1793 1733//1733 1795//1795
f 1790//1790 1795//1795 1732//1732
f 1793//1793 1795//1795 1790//1790
f 1710//1710 1788//1788 1806//1806
f 1788//1788 1732//1732 1809//1809
f 1806//1806 1809//1809 1736//1736
f 1788//1788 1809//1809 1806//1806
f 1732//1732 1789//1789 1824//1824
f 1789//1789 1715//1715 1821//1821
f 1824//1824 1821//1821 1739//1739
f 1789//1789 1821//1821 1824//1824
f 1736//1736 1826//1826 1807//1807
f 1826//1826 1739//1739 1822//1822
f 1807//1807 1822//1822 1716//1716
f 1826//1826 1822//1822 1807//1807
f 1732//1732 1824//1824 1809//1809
f 1824//1824 1739//1739 1826//1826
f 1809//1809 1826//1826 1736//1736
f 1824//1824 1826//1826 1809//1809
f 1711//1711 1810//1810 1767//1767
f 1810//1810 1737//1737 1813//1813
f 1767//1767 1813//1813 1725//1725
f 1810//1810 1813//1813 1767//1767
f 1737//1737 1811//1811 1820//1820
f 1811//1811 1716//1716 1816//1816
f 1820//1820 1816//1816 1738//1738
f 1811//1811 1816//1816 1820//1820
f 1725//1725 1818//1818 1768//1768
f 1818//1818 1738//1738 1815//1815
f 1768//1768 1815//1815 1712//1712
f 1818//1818 1815//1815 1768//1768
f 1737//1737 1820//1820 1813//1813
f 1820//1820 1738//1738 1818//1818
f 1813//1813 1818//1818 1725//1725
f 1820//1820 1818//1818 1813//1813
f 1709//1709 1753//1753 1848//1848
f 1753//1753 1721//1721 1850//1850
f 1848//1848 1850//1850 1745//1745
f 1753//1753 1850//1850 1848//1848
f 1721//1721 1754//1754 1854//1854
f 1754//1754 1711//1711 1852//1852
f 1854//1854 1852//1852 1746//1746
f 1754//1754 1852//1852 1854//1854
f 1745//1745 1856//1856 1849//1849
f 1856//1856 1746//1746 1853//1853
f 1849//1849 1853//1853 1718//1718
f 1856//1856 1853//1853 1849//1849
f 1721//1721 1854//1854 1850//1850
f 1854//1854 1746//1746 1856//1856
f 1850//1850 1856//1856 1745//1745
f 1854//1854 1856//1856 1850//1850
f 1713//1713 1770//1770 1833//1833
f 1770//1770 1726//1726 1835//1835
f 1833//1833 1835//1835 1742//1742
f 1770//1770 1835//1835 1833//1833
f 1726//1726 1769//1769 1832//1832
f 1769//1769 1709//1709 1830//1830
f 1832//1832 1830//1830 1741//1741
f 1769//1769 1830//1830 1832//1832
f 1742//1742 1837//1837 1834//1834
f 1837//1837 1741//1741 1831//1831
f 1834//1834 1831//1831 1717//1717
f 1837//1837 1831//1831 1834//1834
f 1726//1726 1832//1832 1835//1835
f 1832//1832 1741//1741 1837//1837
f 1835//1835 1837//1837 1742//1742
f 1832//1832 1837//1837 1835//1835
f 1715//1715 1792//1792 1797//1797
f 1792//1792 1733//1733 1801//1801
f 1797//1797 1801//1801 1734//1734
f 1792//1792 1801//1801 1797//1797
f 1733//1733 1791//1791 1794//1794
f 1791//1791 1713//1713 1783//1783
f 1794//1794 1783//1783 1730//1730
f 1791//1791 1783//1783 1794//1794
f 1734//1734 1799//1799 1796//1796
f 1799//1799 1730//1730 1784//1784
f 1796//1796 1784//1784 1714//1714
f 1799//1799 1784//1784 1796//1796
f 1733//1733 1794//1794 1801//1801
f 1794//1794 1730//1730 1799//1799
f 1801//1801 1799//1799 1734//1734
f 1794//1794 1799//1799 1801//1801
f 1716//1716 1822//1822 1803//1803
f 1822//1822 1739//1739 1825//1825
f 1803//1803 1825//1825 1735//1735
f 1822//1822 1825//1825 1803//1803
f 1739//1739 1821//1821 1823//1823
f 1821//1821 1715//1715 1786//1786
f 1823//1823 1786//1786 1731//1731
f 1821//1821 1786//1786 1823//1823
f 1735//1735 1805//1805 1802//1802
f 1805//1805 1731//1731 1785//1785
f 1802//1802 1785//1785 1708//1708
f 1805//1805 1785//1785 1802//1802
f 1739//1739 1823//1823 1825//1825
f 1823//1823 1731//1731 1805//1805
f 1825//1825 1805//1805 1735//1735
f 1823//1823 1805//1805 1825//1825
f 1870//1870 1869//1869 1879//1879
f 1870//1870 1879//1879 1871//1871
f 1871//1871 1879//1879 1880//1880
f 1871//1871 1880//1880 1872//1872
f 1872//1872 1880//1880 1881//1881
f 1872//1872 1881//1881 1873//1873
f 1873//1873 1881//1881 1882//1882
f 1873//1873 1882//1882 1874//1874
f 1874//1874 1882//1882 1883//1883
f 1874//1874 1883//1883 1875//1875
f 1875//1875 1883//1883 1884//1884
f 1875//1875 1884//1884 1876//1876
f 1876//1876 1884//1884 1885//1885
f 1876//1876 1885//1885 1877//1877
f 1877//1877 1885//1885 1886//1886
f 1877//1877 1886//1886 1878//1878
f 1879//1879 1869//1869 1887//1887
f 1879//1879 1887//1887 1880//1880
f 1880//1880 1887//1887 1888//1888
f 1880//1880 1888//1888 1881//1881
f 1881//1881 1888//1888 1889//1889
f 1881//1881 1889//1889 1882//1882
f 1882//1882 1889//1889 1890//1890
f 1882//1882 1890//1890 1883//1883
f 1883//1883 1890//1890 1891//1891
f 1883//1883 1891//1891 1884//1884
f 1884//1884 1891//1891 1892//1892
f 1884//1884 1892//1892 1885//1885
f 1885//1885 1892//1892 1893//1893
f 1885//1885 1893//1893 1886//1886
f 1886//1886 1893//1893 1894//1894
f 1886//1886 1894//1894 1878//1878
f 1887//1887 1869//1869 1895//1895
f 1887//1887 1895//1895 1888//1888
f 1888//1888 1895//1895 1896//1896
f 1888//1888 1896//1896 1889//1889
f 1889//1889 1896//1896 1897//1897
f 1889//1889 1897//1897 1890//1890
f 1890//1890 1897//1897 1898//1898
f 1890//1890 1898//1898 1891//1891
f 1891//1891 1898//1898 1899//1899
f 1891//1891 1899//1899 1892//1892
f 1892//1892 1899//1899 1900//1900
f 1892//1892 1900//1900 1893//1893
f 1893//1893 1900//1900 1901//1901
f 1893//1893 1901//1901 1894//1894
f 1894//1894 1901//1901 1902//1902
f 1894//1894 1902//1902 1878//1878
f 1895//1895 1869//1869 1903//1903
f 1895//1895 1903//1903 1896//1896
f 1896//1896 1903//1903 1904//1904
f 1896//1896 1904//1904 1897//1897
f 1897//1897 1904//1904 1905//1905
f 1897//1897 1905//1905 1898//1898
f 1898//1898 1905//1905 1906//1906
f 1898//1898 1906//1906 1899//1899
f 1899//1899 1906//1906 1907//1907
f 1899//1899 1907//1907 1900//1900
f 1900//1900 1907//1907 1908//1908
f 1900//1900 1908//1908 1901//1901
f 1901//1901 1908//1908 1909//1909
f 1901//1901 1909//1909 1902//1902
f 1902//1902 1909//1909 1910//1910
f 1902//1902 1910//1910 1878//1878
f 1903//1903 1869//1869 1911//1911
f 1903//1903 1911//1911 1904//1904
f 1904//1904 1911//1911 1912//1912
f 1904//1904 1912//1912 1905//1905
f 1905//1905 1912//1912 1913//1913
f 1905//1905 1913//1913 1906//1906
f 1906//1906 1913//1913 1914//1914
f 1906//1906 1914//1914 1907//1907
f 1907//1907 1914//1914 1915//1915
f 1907//1907 1915//1915 1908//1908
f 1908//1908 1915//1915 1916//1916
f 1908//1908 1916//1916 1909//1909
f 1909//1909 1916//1916 1917//1917
f 1909//1909 1917//1917 1910//1910
f 1910//1910 1917//1917 1918//1918
f 1910//1910 1918//1918 1878//1878
f 1911//1911 1869//1869 1919//1919
f 1911//1911 1919//1919 1912//1912
f 1912//1912 1919//1919 1920//1920
f 1912//1912 1920//1920 1913//1913
f 1913//1913 1920//1920 1921//1921
f 1913//1913 1921//1921 1914//1914
f 1914//1914 1921//1921 1922//1922
f 1914//1914 1922//1922 1915//1915
f 1915//1915 1922//1922 1923//1923
f 1915//1915 1923//1923 1916//1916
f 1916//1916 1923//1923 1924//1924
f 1916//1916 1924//1924 1917//1917
f 1917//1917 1924//1924 1925//1925
f 1917//1917 1925//1925 1918//1918
f 1918//1918 1925//1925 1926//1926
f 1918//1918 1926//1926 1878//1878
f 1919//1919 1869//1869 1927//1927
f 1919//1919 1927//1927 1920//1920
f 1920//1920 1927//1927 1928//1928
f 1920//1920 1928//1928 1921//1921
f 1921//1921 1928//1928 1929//1929
f 1921//1921 1929//1929 1922//1922
f 1922//1922 1929//1929 1930//1930
f 1922//1922 1930//1930 1923//1923
f 1923//1923 1930//1930 1931//1931
f 1923//1923 1931//1931 1924//1924
f 1924//1924 1931//1931 1932//1932
f 1924//1924 1932//1932 1925//1925
f 1925//1925 1932//1932 1933//1933
f 1925//1925 1933//1933 1926//1926
f 1926//1926 1933//1933 1934//1934
f 1926//1926 1934//1934 1878//1878
f 1927//1927 1869//1869 1935//1935
f 1927//1927 1935//1935 1928//1928
f 1928//1928 1935//1935 1936//1936
f 1928//1928 1936//1936 1929//1929
f 1929//1929 1936//1936 1937//1937
f 1929//1929 1937//1937 1930//1930
f 1930//1930 1937//1937 1938//1938
f 1930//1930 1938//1938 1931//1931
f 1931//1931 1938//1938 1939//1939
f 1931//1931 1939//1939 1932//1932
f 1932//1932 1939//1939 1940//1940
f 1932//1932 1940//1940 1933//1933
f 1933//1933 1940//1940 1941//1941
f 1933//1933 1941//1941 1934//1934
f 1934//1934 1941//1941 1942//1942
f 1934//1934 1942//1942 1878//1878
f 1935//1935 1869//1869 1943//1943
f 1935//1935 1943//1943 1936//1936
f 1936//1936 1943//1943 1944//1944
f 1936//1936 1944//1944 1937//1937
f 1937//1937 1944//1944 1945//1945
f 1937//1937 1945//1945 1938//1938
f 1938//1938 1945//1945 1946//1946
f 1938//1938 1946//1946 1939//1939
f 1939//1939 1946//1946 1947//1947
f 1939//1939 1947//1947 1940//1940
f 1940//1940 1947//1947 1948//1948
f 1940//1940 1948//1948 1941//1941
f 1941//1941 1948//1948 1949//1949
f 1941//1941 1949//1949 1942//1942
f 1942//1942 1949//1949 1950//1950
f 1942//1942 1950//1950 1878//1878
f 1943//1943 1869//1869 1870//1870
f 1943//1943 1870//1870 1944//1944
f 1944//1944 1870//1870 1871//1871
f 1944//1944 1871//1871 1945//1945
f 1945//1945 1871//1871 1872//1872
f 1945//1945 1872//1872 1946//1946
f 1946//1946 1872//1872 1873//1873
f 1946//1946 1873//1873 1947//1947
f 1947//1947 1873//1873 1874//1874
f 1947//1947 1874//1874 1948//1948
f 1948//1948 1874//1874 1875//1875
f 1948//1948 1875//1875 1949//1949
f 1949//1949 1875//1875 1876//1876
f 1949//1949 1876//1876 1950//1950
f 1950//1950 1876//1876 1877//1877
f 1950//1950 1877//1877 1878//1878
f 1952//1952 1951//1951 1961//1961
f 1952//1952 1961//1961 1953//1953
f 1953//1953 1961//1961 1962//1962
f 1953//1953 1962//1962 1954//1954
f 1954//1954 1962//1962 1963//1963
f 1954//1954 1963//1963 1955//1955
f 1955//1955 1963//1963 1964//1964
f 1955//1955 1964//1964 1956//1956
f 1956//1956 1964//1964 1965//1965
f 1956//1956 1965//1965 1957//1957
f 1957//1957 1965//1965 1966//1966
f 1957//1957 1966//1966 1958//1958
f 1958//1958 1966//1966 1967//1967
f 1958//1958 1967//1967 1959//1959
f 1959//1959 1967//1967 1968//1968
f 1959//1959 1968//1968 1960//1960
f 1961//1961 1951//1951 1969//1969
f 1961//1961 1969//1969 1962//1962
f 1962//1962 1969//1969 1970//1970
f 1962//1962 1970//1970 1963//1963
f 1963//1963 1970//1970 1971//1971
f 1963//1963 1971//1971 1964//1964
f 1964//1964 1971//1971 1972//1972
f 1964//1964 1972//1972 1965//1965
f 1965//1965 1972//1972 1973//1973
f 1965//1965 1973//1973 1966//1966
f 1966//1966 1973//1973 1974//1974
f 1966//1966 1974//1974 1967//1967
f 1967//1967 1974//1974 1975//1975
f 1967//1967 1975//1975 1968//1968
f 1968//1968 1975//1975 1976//1976
f 1968//1968 1976//1976 1960//1960
f 1969//1969 1951//1951 1977//1977
f 1969//1969 1977//1977 1970//1970
f 1970//1970 1977//1977 1978//1978
f 1970//1970 1978//1978 1971//1971
f 1971//1971 1978//1978 1979//1979
f 1971//1971 1979//1979 1972//1972
f 1972//1972 1979//1979 1980//1980
f 1972//1972 1980//1980 1973//1973
f 1973//1973 1980//1980 1981//1981
f 1973//1973 1981//1981 1974//1974
f 1974//1974 1981//1981 1982//1982
f 1974//1974 1982//1982 1975//1975
f 1975//1975 1982//1982 1983//1983
f 1975//1975 1983//1983 1976//1976
f 1976//1976 1983//1983 1984//1984
f 1976//1976 1984//1984 1960//1960
f 1977//1977 1951//1951 1985//1985
f 1977//1977 1985//1985 1978//1978
f 1978//1978 1985//1985 1986//1986
f 1978//1978 1986//1986 1979//1979
f 1979//1979 1986//1986 1987//1987
f 1979//1979 1987//1987 1980//1980
f 1980//1980 1987//1987 1988//1988
f 1980//1980 1988//1988 1981//1981
f 1981//1981 1988//1988 1989//1989
f 1981//1981 1989//1989 1982//1982
f 1982//1982 1989//1989 1990//1990
f 1982//1982 1990//1990 1983//1983
f 1983//1983 1990//1990 1991//1991
f 1983//1983 1991//1991 1984//1984
f 1984//1984 1991//1991 1992//1992
f 1984//1984 1992//1992 1960//1960
f 1985//1985 1951//1951 1993//1993
f 1985//1985 1993//1993 1986//1986
f 1986//1986 1993//1993 1994//1994
f 1986//1986 1994//1994 1987//1987
f 1987//1987 1994//1994 1995//1995
f 1987//1987 1995//1995 1988//1988
f 1988//1988 1995//1995 1996//1996
f 1988//1988 1996//1996 1989//1989
f 1989//1989 1996//1996 1997//1997
f 1989//1989 1997//1997 1990//1990
f 1990//1990 1997//1997 1998//1998
f 1990//1990 1998//1998 1991//1991
f 1991//1991 1998//1998 1999//1999
f 1991//1991 1999//1999 1992//1992
f 1992//1992 1999//1999 2000//2000
f 1992//1992 2000//2000 1960//1960
f 1993//1993 1951//1951 2001//2001
f 1993//1993 2001//2001 1994//1994
f 1994//1994 2001//2001 2002//2002
f 1994//1994 2002//2002 1995//1995
f 1995//1995 2002//2002 2003//2003
f 1995//1995 2003//2003 1996//1996
f 1996//1996 2003//2003 2004//2004
f 1996//1996 2004//2004 1997//1997
f 1997//1997 2004//2004 2005//2005
f 1997//1997 2005//2005 1998//1998
f 1998//1998 2005//2005 2006//2006
f 1998//1998 2006//2006 1999//1999
f 1999//1999 2006//2006 2007//2007
f 1999//1999 2007//2007 2000//2000
f 2000//2000 2007//2007 2008//2008
f 2000//2000 2008//2008 1960//1960
f 2001//2001 1951//1951 2009//2009
f 2001//2001 2009//2009 2002//2002
f 2002//2002 2009//2009 2010//2010
f 2002//2002 2010//2010 2003//2003
f 2003//2003 2010//2010 2011//2011
f 2003//2003 2011//2011 2004//2004
f 2004//2004 2011//2011 2012//2012
f 2004//2004 2012//2012 2005//2005
f 2005//2005 2012//2012 2013//2013
f 2005//2005 2013//2013 2006//2006
f 2006//2006 2013//2013 2014//2014
f 2006//2006 2014//2014 2007//2007
f 2007//2007 2014//2014 2015//2015
f 2007//2007 2015//2015 2008//2008
f 2008//2008 2015//2015 2016//2016
f 2008//2008 2016//2016 1960//1960
f 2009//2009 1951//1951 2017//2017
f 2009//2009 2017//2017 2010//2010
f 2010//2010 2017//2017 2018//2018
f 2010//2010 2018//2018 2011//2011
f 2011//2011 2018//2018 2019//2019
f 2011//2011 2019//2019 2012//2012
f 2012//2012 2019//2019 2020//2020
f 2012//2012 2020//2020 2013//2013
f 2013//2013 2020//2020 2021//2021
f 2013//2013 2021//2021 2014//2014
f 2014//2014 2021//2021 2022//2022
f 2014//2014 2022//2022 2015//2015
f 2015//2015 2022//2022 2023//2023
f 2015//2015 2023//2023 2016//2016
f 2016//2016 2023//2023 2024//2024
f 2016//2016 2024//2024 1960//1960
f 2017//2017 1951//1951 2025//2025
f 2017//2017 2025//2025 2018//2018
f 2018//2018 2025//2025 2026//2026
f 2018//2018 2026//2026 2019//2019
f 2019//2019 2026//2026 2027//2027
f 2019//2019 2027//2027 2020//2020
f 2020//2020 2027//2027 2028//2028
f 2020//2020 2028//2028 2021//2021
f 2021//2021 2028//2028 2029//2029
f 2021//2021 2029//2029 2022//2022
f 2022//2022 2029//2029 2030//2030
f 2022//2022 2030//2030 2023//2023
f 2023//2023 2030//2030 2031//2031
f 2023//2023 2031//2031 2024//2024
f 2024//2024 2031//2031 2032//2032
f 2024//2024 2032//2032 1960//1960
f 2025//2025 1951//1951 1952//1952
f 2025//2025 1952//1952 2026//2026
f 2026//2026 1952//1952 1953//1953
f 2026//2026 1953//1953 2027//2027
f 2027//2027 1953//1953 1954//1954
f 2027//2027 1954//1954 2028//2028
f 2028//2028 1954//1954 1955//1955
f 2028//2028 1955//1955 2029//2029
f 2029//2029 1955//1955 1956//1956
f 2029//2029 1956//1956 2030//2030
f 2030//2030 1956//1956 1957//1957
f 2030//2030 1957//1957 2031//2031
f 2031//2031 1957//1957 1958//1958
f 2031//2031 1958//1958 2032//2032
f 2032//2032 1958//1958 1959//1959
f 2032//2032 1959//1959 1960//1960
f 2033//2033 2170//2170 2086//2086
f 2170//2170 2070//2070 2172//2172
f 2086//2086 2172//2172 2049//2049
f 2170//2170 2172//2172 2086//2086
f 2070//2070 2171//2171 2187//2187
f 2171//2171 2044//2044 2184//2184
f 2187//2187 2184//2184 2073//2073
f 2171//2171 2184//2184 2187//2187
f 2049//2049 2185//2185 2087//2087
f 2185//2185 2073//2073 2183//2183
f 2087//2087 2183//2183 2038//2038
f 2185//2185 2183//2183 2087//2087
f 2070//2070 2187//2187 2172//2172
f 2187//2187 2073//2073 2185//2185
f 2172//2172 2185//2185 2049//2049
f 2187//2187 2185//2185 2172//2172
f 2033//2033 2086//2086 2075//2075
f 2086//2086 2049//2049 2088//2088
f 2075//2075 2088//2088 2045//2045
f 2086//2086 2088//2088 2075//2075
f 2049//2049 2087//2087 2092//2092
f 2087//2087 2038//2038 2090//2090
f 2092//2092 2090//2090 2050//2050
f 2087//2087 2090//2090 2092//2092
f 2045//2045 2091//2091 2076//2076
f 2091//2091 2050//2050 2089//2089
f 2076//2076 2089//2089 2034//2034
f 2091//2091 2089//2089 2076//2076
f 2049//2049 2092//2092 2088//2088
f 2092//2092 2050//2050 2091//2091
f 2088//2088 2091//2091 2045//2045
f 2092//2092 2091//2091 2088//2088
f 2033//2033 2075//2075 2102//2102
f 2075//2075 2045//2045 2104//2104
f 2102//2102 2104//2104 2054//2054
f 2075//2075 2104//2104 2102//2102
f 2045//2045 2076//2076 2107//2107
f 2076//2076 2034//2034 2105//2105
f 2107//2107 2105//2105 2055//2055
f 2076//2076 2105//2105 2107//2107
f 2054//2054 2108//2108 2103//2103
f 2108//2108 2055//2055 2106//2106
f 2103//2103 2106//2106 2040//2040
f 2108//2108 2106//2106 2103//2103
f 2045//2045 2107//2107 2104//2104
f 2107//2107 2055//2055 2108//2108
f 2104//2104 2108//2108 2054//2054
f 2107//2107 2108//2108 2104//2104
f 2033//2033 2102//2102 2153//2153
f 2102//2102 2054//2054 2155//2155
f 2153//2153 2155//2155 2066//2066
f 2102//2102 2155//2155 2153//2153
f 2054//2054 2103//2103 2166//2166
f 2103//2103 2040//2040 2164//2164
f 2166//2166 2164//2164 2069//2069
f 2103//2103 2164//2164 2166//2166
f 2066//2066 2168//2168 2154//2154
f 2168//2168 2069//2069 2165//2165
f 2154//2154 2165//2165 2043//2043
f 2168//2168 2165//2165 2154//2154
f 2054//2054 2166//2166 2155//2155
f 2166//2166 2069//2069 2168//2168
f 2155//2155 2168//2168 2066//2066
f 2166//2166 2168//2168 2155//2155
f 2033//2033 2153//2153 2170//2170
f 2153//2153 2066//2066 2173//2173
f 2170//2170 2173//2173 2070//2070
f 2153//2153 2173//2173 2170//2170
f 2066//2066 2154//2154 2191//2191
f 2154//2154 2043//2043 2189//2189
f 2191//2191 2189//2189 2074//2074
f 2154//2154 2189//2189 2191//2191
f 2070//2070 2193//2193 2171//2171
f 2193//2193 2074//2074 2190//2190
f 2171//2171 2190//2190 2044//2044
f 2193//2193 2190//2190 2171//2171
f 2066//2066 2191//2191 2173//2173
f 2191//2191 2074//2074 2193//2193
f 2173//2173 2193//2193 2070//2070
f 2191//2191 2193//2193 2173//2173
f 2034//2034 2089//2089 2128//2128
f 2089//2089 2050//2050 2130//2130
f 2128//2128 2130//2130 2061//2061
f 2089//2089 2130//2130 2128//2128
f 2050//2050 2090//2090 2143//2143
f 2090//2090 2038//2038 2141//2141
f 2143//2143 2141//2141 2064//2064
f 2090//2090 2141//2141 2143//2143
f 2061//2061 2145//2145 2129//2129
f 2145//2145 2064//2064 2142//2142
f 2129//2129 2142//2142 2042//2042
f 2145//2145 2142//2142 2129//2129
f 2050//2050 2143//2143 2130//2130
f 2143//2143 2064//2064 2145//2145
f 2130//2130 2145//2145 2061//2061
f 2143//2143 2145//2145 2130//2130
f 2038//2038 2183//2183 2094//2094
f 2183//2183 2073//2073 2186//2186
f 2094//2094 2186//2186 2051//2051
f 2183//2183 2186//2186 2094//2094
f 2073//2073 2184//2184 2188//2188
f 2184//2184 2044//2044 2179//2179
f 2188//2188 2179//2179 2072//2072
f 2184//2184 2179//2179 2188//2188
f 2051//2051 2181//2181 2093//2093
f 2181//2181 2072//2072 2178//2178
f 2093//2093 2178//2178 2037//2037
f 2181//2181 2178//2178 2093//2093
f 2073//2073 2188//2188 2186//2186
f 2188//2188 2072//2072 2181//2181
f 2186//2186 2181//2181 2051//2051
f 2188//2188 2181//2181 2186//2186
f 2044//2044 2190//2190 2175//2175
f 2190//2190 2074//2074 2194//2194
f 2175//2175 2194//2194 2071//2071
f 2190//2190 2194//2194 2175//2175
f 2074//2074 2189//2189 2192//2192
f 2189//2189 2043//2043 2157//2157
f 2192//2192 2157//2157 2067//2067
f 2189//2189 2157//2157 2192//2192
f 2071//2071 2177//2177 2174//2174
f 2177//2177 2067//2067 2156//2156
f 2174//2174 2156//2156 2035//2035
f 2177//2177 2156//2156 2174//2174
f 2074//2074 2192//2192 2194//2194
f 2192//2192 2067//2067 2177//2177
f 2194//2194 2177//2177 2071//2071
f 2192//2192 2177//2177 2194//2194
f 2043//2043 2165//2165 2160//2160
f 2165//2165 2069//2069 2169//2169
f 2160//2160 2169//2169 2068//2068
f 2165//2165 2169//2169 2160//2160
f 2069//2069 2164//2164 2167//2167
f 2164//2164 2040//2040 2110//2110
f 2167//2167 2110//2110 2056//2056
f 2164//2164 2110//2110 2167//2167
f 2068//2068 2162//2162 2159//2159
f 2162//2162 2056//2056 2109//2109
f 2159//2159 2109//2109 2039//2039
f 2162//2162 2109//2109 2159//2159
f 2069//2069 2167//2167 2169//2169
f 2167//2167 2056//2056 2162//2162
f 2169//2169 2162//2162 2068//2068
f 2167//2167 2162//2162 2169//2169
f 2040//2040 2106//2106 2122//2122
f 2106//2106 2055//2055 2124//2124
f 2122//2122 2124//2124 2060//2060
f 2106//2106 2124//2124 2122//2122
f 2055//2055 2105//2105 2113//2113
f 2105//2105 2034//2034 2111//2111
f 2113//2113 2111//2111 2057//2057
f 2105//2105 2111//2111 2113//2113
f 2060//2060 2126//2126 2123//2123
f 2126//2126 2057//2057 2112//2112
f 2123//2123 2112//2112 2041//2041
f 2126//2126 2112//2112 2123//2123
f 2055//2055 2113//2113 2124//2124
f 2113//2113 2057//2057 2126//2126
f 2124//2124 2126//2126 2060//2060
f 2113//2113 2126//2126 2124//2124
f 2036//2036 2132//2132 2082//2082
f 2132//2132 2062//2062 2134//2134
f 2082//2082 2134//2134 2048//2048
f 2132//2132 2134//2134 2082//2082
f 2062//2062 2133//2133 2140//2140
f 2133//2133 2042//2042 2137//2137
f 2140//2140 2137//2137 2063//2063
f 2133//2133 2137//2137 2140//2140
f 2048//2048 2138//2138 2083//2083
f 2138//2138 2063//2063 2136//2136
f 2083//2083 2136//2136 2037//2037
f 2138//2138 2136//2136 2083//2083
f 2062//2062 2140//2140 2134//2134
f 2140//2140 2063//2063 2138//2138
f 2134//2134 2138//2138 2048//2048
f 2140//2140 2138//2138 2134//2134
f 2036//2036 2082//2082 2078//2078
f 2082//2082 2048//2048 2084//2084
f 2078//2078 2084//2084 2046//2046
f 2082//2082 2084//2084 2078//2078
f 2048//2048 2083//2083 2085//2085
f 2083//2083 2037//2037 2080//2080
f 2085//2085 2080//2080 2047//2047
f 2083//2083 2080//2080 2085//2085
f 2046//2046 2081//2081 2077//2077
f 2081//2081 2047//2047 2079//2079
f 2077//2077 2079//2079 2035//2035
f 2081//2081 2079//2079 2077//2077
f 2048//2048 2085//2085 2084//2084
f 2085//2085 2047//2047 2081//2081
f 2084//2084 2081//2081 2046//2046
f 2085//2085 2081//2081 2084//2084
f 2036//2036 2078//2078 2098//2098
f 2078//2078 2046//2046 2100//2100
f 2098//2098 2100//2100 2053//2053
f 2078//2078 2100//2100 2098//2098
f 2046//2046 2077//2077 2097//2097
f 2077//2077 2035//2035 2095//2095
f 2097//2097 2095//2095 2052//2052
f 2077//2077 2095//2095 2097//2097
f 2053//2053 2101//2101 2099//2099
f 2101//2101 2052//2052 2096//2096
f 2099//2099 2096//2096 2039//2039
f 2101//2101 2096//2096 2099//2099
f 2046//2046 2097//2097 2100//2100
f 2097//2097 2052//2052 2101//2101
f 2100//2100 2101//2101 2053//2053
f 2097//2097 2101//2101 2100//2100
f 2036//2036 2098//2098 2114//2114
f 2098//2098 2053//2053 2116//2116
f 2114//2114 2116//2116 2058//2058
f 2098//2098 2116//2116 2114//2114
f 2053//2053 2099//2099 2119//2119
f 2099//2099 2039//2039 2117//2117
f 2119//2119 2117//2117 2059//2059
f 2099//2099 2117//2117 2119//2119
f 2058//2058 2121//2121 2115//2115
f 2121//2121 2059//2059 2118//2118
f 2115//2115 2118//2118 2041//2041
f 2121//2121 2118//2118 2115//2115
f 2053//2053 2119//2119 2116//2116
f 2119//2119 2059//2059 2121//2121
f 2116//2116 2121//2121 2058//2058
f 2119//2119 2121//2121 2116//2116
f 2036//2036 2114//2114 2132//2132
f 2114//2114 2058//2058 2135//2135
f 2132//2132 2135//2135 2062//2062
f 2114//2114 2135//2135 2132//2132
f 2058//2058 2115//2115 2150//2150
f 2115//2115 2041//2041 2147//2147
f 2150//2150 2147//2147 2065//2065
f 2115//2115 2147//2147 2150//2150
f 2062//2062 2152//2152 2133//2133
f 2152//2152 2065//2065 2148//2148
f 2133//2133 2148//2148 2042//2042
f 2152//2152 2148//2148 2133//2133
f 2058//2058 2150//2150 2135//2135
f 2150//2150 2065//2065 2152//2152
f 2135//2135 2152//2152 2062//2062
f 2150//2150 2152//2152 2135//2135
f 2037//2037 2136//2136 2093//2093
f 2136//2136 2063//2063 2139//2139
f 2093//2093 2139//2139 2051//2051
f 2136//2136 2139//2139 2093//2093
f 2063//2063 2137//2137 2146//2146
f 2137//2137 2042//2042 2142//2142
f 2146//2146 2142//2142 2064//2064
f 2137//2137 2142//2142 2146//2146
f 2051//2051 2144//2144 2094//2094
f 2144//2144 2064//2064 2141//2141
f 2094//2094 2141//2141 2038//2038
f 2144//2144 2141//2141 2094//2094
f 2063//2063 2146//2146 2139//2139
f 2146//2146 2064//2064 2144//2144
f 2139//2139 2144//2144 2051//2051
f 2146//2146 2144//2144 2139//2139
f 2035//2035 2079//2079 2174//2174
f 2079//2079 2047//2047 2176//2176
f 2174//2174 2176//2176 2071//2071
f 2079//2079 2176//2176 2174//2174
f 2047//2047 2080//2080 2180//2180
f 2080//2080 2037//2037 2178//2178
f 2180//2180 2178//2178 2072//2072
f 2080//2080 2178//2178 2180//2180
f 2071//2071 2182//2182 2175//2175
f 2182//2182 2072//2072 2179//2179
f 2175//2175 2179//2179 2044//2044
f 2182//2182 2179//2179 2175//2175
f 2047//2047 2180//2180 2176//2176
f 2180//2180 2072//2072 2182//2182
f 2176//2176 2182//2182 2071//2071
f 2180//2180 2182//2182 2176//2176
f 2039//2039 2096//2096 2159//2159
f 2096//2096 2052//2052 2161//2161
f 2159//2159 2161//2161 2068//2068
f 2096//2096 2161//2161 2159//2159
f 2052//2052 2095//2095 2158//2158
f 2095//2095 2035//2035 2156//2156
f 2158//2158 2156//2156 2067//2067
f 2095//2095 2156//2156 2158//2158
f 2068//2068 2163//2163 2160//2160
f 2163//2163 2067//2067 2157//2157
f 2160//2160 2157//2157 2043//2043
f 2163//2163 2157//2157 2160//2160
f 2052//2052 2158//2158 2161//2161
f 2158//2158 2067//2067 2163//2163
f 2161//2161 2163//2163 2068//2068
f 2158//2158 2163//2163 2161//2161
f 2041//2041 2118//2118 2123//2123
f 2118//2118 2059//2059 2127//2127
f 2123//2123 2127//2127 2060//2060
f 2118//2118 2127//2127 2123//2123
f 2059//2059 2117//2117 2120//2120
f 2117//2117 2039//2039 2109//2109
f 2120//2120 2109//2109 2056//2056
f 2117//2117 2109//2109 2120//2120
f 2060//2060 2125//2125 2122//2122
f 2125//2125 2056//2056 2110//2110
f 2122//2122 2110//2110 2040//2040
f 2125//2125 2110//2110 2122//2122
f 2059//2059 2120//2120 2127//2127
f 2120//2120 2056//2056 2125//2125
f 2127//2127 2125//2125 2060//2060
f 2120//2120 2125//2125 2127//2127
f 2042//2042 2148//2148 2129//2129
f 2148//2148 2065//2065 2151//2151
f 2129//2129 2151//2151 2061//2061
f 2148//2148 2151//2151 2129//2129
f 2065//2065 2147//2147 2149//2149
f 2147//2147 2041//2041 2112//2112
f 2149//2149 2112//2112 2057//2057
f 2147//2147 2112//2112 2149//2149
f 2061//2061 2131//2131 2128//2128
f 2131//2131 2057//2057 2111//2111
f 2128//2128 2111//2111 2034//2034
f 2131//2131 2111//2111 2128//2128
f 2065//2065 2149//2149 2151//2151
f 2149//2149 2057//2057 2131//2131
f 2151//2151 2131//2131 2061//2061
f 2149//2149 2131//2131 2151//2151
f 2196//2196 2195//2195 2205//2205
f 2196//2196 2205//2205 2197//2197
f 2197//2197 2205//2205 2206//2206
f 2197//2197 2206//2206 2198//2198
f 2198//2198 2206//2206 2207//2207
f 2198//2198 2207//2207 2199//2199
f 2199//2199 2207//2207 2208//2208
f 2199//2199 2208//2208 2200//2200
f 2200//2200 2208//2208 2209//2209
f 2200//2200 2209//2209 2201//2201
f 2201//2201 2209//2209 2210//2210
f 2201//2201 2210//2210 2202//2202
f 2202//2202 2210//2210 2211//2211
f 2202//2202 2211//2211 2203//2203
f 2203//2203 2211//2211 2212//2212
f 2203//2203 2212//2212 2204//2204
f 2205//2205 2195//2195 2213//2213
f 2205//2205 2213//2213 2206//2206
f 2206//2206 2213//2213 2214//2214
f 2206//2206 2214//2214 2207//2207
f 2207//2207 2214//2214 2215//2215
f 2207//2207 2215//2215 2208//2208
f 2208//2208 2215//2215 2216//2216
f 2208//2208 2216//2216 2209//2209
f 2209//2209 2216//2216 2217//2217
f 2209//2209 2217//2217 2210//2210
f 2210//2210 2217//2217 2218//2218
f 2210//2210 2218//2218 2211//2211
f 2211//2211 2218//2218 2219//2219
f 2211//2211 2219//2219 2212//2212
f 2212//2212 2219//2219 2220//2220
f 2212//2212 2220//2220 2204//2204
f 2213//2213 2195//2195 2221//2221
f 2213//2213 2221//2221 2214//2214
f 2214//2214 2221//2221 2222//2222
f 2214//2214 2222//2222 2215//2215
f 2215//2215 2222//2222 2223//2223
f 2215//2215 2223//2223 2216//2216
f 2216//2216 2223//2223 2224//2224
f 2216//2216 2224//2224 2217//2217
f 2217//2217 2224//2224 2225//2225
f 2217//2217 2225//2225 2218//2218
f 2218//2218 2225//2225 2226//2226
f 2218//2218 2226//2226 2219//2219
f 2219//2219 2226//2226 2227//2227
f 2219//2219 2227//2227 2220//2220
f 2220//2220 2227//2227 2228//2228
f 2220//2220 2228//2228 2204//2204
f 2221//2221 2195//2195 2229//2229
f 2221//2221 2229//2229 2222//2222
f 2222//2222 2229//2229 2230//2230
f 2222//2222 2230//2230 2223//2223
f 2223//2223 2230//2230 2231//2231
f 2223//2223 2231//2231 2224//2224
f 2224//2224 2231//2231 2232//2232
f 2224//2224 2232//2232 2225//2225
f 2225//2225 2232//2232 2233//2233
f 2225//2225 2233//2233 2226//2226
f 2226//2226 2233//2233 2234//2234
f 2226//2226 2234//2234 2227//2227
f 2227//2227 2234//2234 2235//2235
f 2227//2227 2235//2235 2228//2228
f 2228//2228 2235//2235 2236//2236
f 2228//2228 2236//2236 2204//2204
f 2229//2229 2195//2195 2237//2237
f 2229//2229 2237//2237 2230//2230
f 2230//2230 2237//2237 2238//2238
f 2230//2230 2238//2238 2231//2231
f 2231//2231 2238//2238 2239//2239
f 2231//2231 2239//2239 2232//2232
f 2232//2232 2239//2239 2240//2240
f 2232//2232 2240//2240 2233//2233
f 2233//2233 2240//2240 2241//2241
f 2233//2233 2241//2241 2234//2234
f 2234//2234 2241//2241 2242//2242
f 2234//2234 2242//2242 2235//2235
f 2235//2235 2242//2242 2243//2243
f 2235//2235 2243//2243 2236//2236
f 2236//2236 2243//2243 2244//2244
f 2236//2236 2244//2244 2204//2204
f 2237//2237 2195//2195 2245//2245
f 2237//2237 2245//2245 2238//2238
f 2238//2238 2245//2245 2246//2246
f 2238//2238 2246//2246 2239//2239
f 2239//2239 2246//2246 2247//2247
f 2239//2239 2247//2247 2240//2240
f 2240//2240 2247//2247 2248//2248
f 2240//2240 2248//2248 2241//2241
f 2241//2241 2248//2248 2249//2249
f 2241//2241 2249//2249 2242//2242
f 2242//2242 2249//2249 2250//2250
f 2242//2242 2250//2250 2243//2243
f 2243//2243 2250//2250 2251//2251
f 2243//2243 2251//2251 2244//2244
f 2244//2244 2251//2251 2252//2252
f 2244//2244 2252//2252 2204//2204
f 2245//2245 2195//2195 2253//2253
f 2245//2245 2253//2253 2246//2246
f 2246//2246 2253//2253 2254//2254
f 2246//2246 2254//2254 2247//2247
f 2247//2247 2254//2254 2255//2255
f 2247//2247 2255//2255 2248//2248
f 2248//2248 2255//2255 2256//2256
f 2248//2248 2256//2256 2249//2249
f 2249//2249 2256//2256 2257//2257
f 2249//2249 2257//2257 2250//2250
f 2250//2250 2257//2257 2258//2258
f 2250//2250 2258//2258 2251//2251
f 2251//2251 2258//2258 2259//2259
f 2251//2251 2259//2259 2252//2252
f 2252//2252 2259//2259 2260//2260
f 2252//2252 2260//2260 2204//2204
f 2253//2253 2195//2195 2261//2261
f 2253//2253 2261//2261 2254//2254
f 2254//2254 2261//2261 2262//2262
f 2254//2254 2262//2262 2255//2255
f 2255//2255 2262//2262 2263//2263
f 2255//2255 2263//2263 2256//2256
f 2256//2256 2263//2263 2264//2264
f 2256//2256 2264//2264 2257//2257
f 2257//2257 2264//2264 2265//2265
f 2257//2257 2265//2265 2258//2258
f 2258//2258 2265//2265 2266//2266
f 2258//2258 2266//2266 2259//2259
f 2259//2259 2266//2266 2267//2267
f 2259//2259 2267//2267 2260//2260
f 2260//2260 2267//2267 2268//2268
f 2260//2260 2268//2268 2204//2204
f 2261//2261 2195//2195 2269//2269
f 2261//2261 2269//2269 2262//2262
f 2262//2262 2269//2269 2270//2270
f 2262//2262 2270//2270 2263//2263
f 2263//2263 2270//2270 2271//2271
f 2263//2263 2271//2271 2264//2264
f 2264//2264 2271//2271 2272//2272
f 2264//2264 2272//2272 2265//2265
f 2265//2265 2272//2272 2273//2273
f 2265//2265 2273//2273 2266//2266
f 2266//2266 2273//2273 2274//2274
f 2266//2266 2274//2274 2267//2267
f 2267//2267 2274//2274 2275//2275
f 2267//2267 2275//2275 2268//2268
f 2268//2268 2275//2275 2276//2276
f 2268//2268 2276//2276 2204//2204
f 2269//2269 2195//2195 2196//2196
f 2269//2269 2196//2196 2270//2270
f 2270//2270 2196//2196 2197//2197
f 2270//2270 2197//2197 2271//2271
f 2271//2271 2197//2197 2198//2198
f 2271//2271 2198//2198 2272//2272
f 2272//2272 2198//2198 2199//2199
f 2272//2272 2199//2199 2273//2273
f 2273//2273 2199//2199 2200//2200
f 2273//2273 2200//2200 2274//2274
f 2274//2274 2200//2200 2201//2201
f 2274//2274 2201//2201 2275//2275
f 2275//2275 2201//2201 2202//2202
f 2275//2275 2202//2202 2276//2276
f 2276//2276 2202//2202 2203//2203
f 2276//2276 2203//2203 2204//2204
f 2278//2278 2277//2277 2287//2287
f 2278//2278 2287//2287 2279//2279
f 2279//2279 2287//2287 2288//2288
f 2279//2279 2288//2288 2280//2280
f 2280//2280 2288//2288 2289//2289
f 2280//2280 2289//2289 2281//2281
f 2281//2281 2289//2289 2290//2290
f 2281//2281 2290//2290 2282//2282
f 2282//2282 2290//2290 2291//2291
f 2282//2282 2291//2291 2283//2283
f 2283//2283 2291//2291 2292//2292
f 2283//2283 2292//2292 2284//2284
f 2284//2284 2292//2292 2293//2293
f 2284//2284 2293//2293 2285//2285
f 2285//2285 2293//2293 2294//2294
f 2285//2285 2294//2294 2286//2286
f 2287//2287 2277//2277 2295//2295
f 2287//2287 2295//2295 2288//2288
f 2288//2288 2295//2295 2296//2296
f 2288//2288 2296//2296 2289//2289
f 2289//2289 2296//2296 2297//2297
f 2289//2289 2297//2297 2290//2290
f 2290//2290 2297//2297 2298//2298
f 2290//2290 2298//2298 2291//2291
f 2291//2291 2298//2298 2299//2299
f 2291//2291 2299//2299 2292//2292
f 2292//2292 2299//2299 2300//2300
f 2292//2292 2300//2300 2293//2293
f 2293//2293 2300//2300 2301//2301
f 2293//2293 2301//2301 2294//2294
f 2294//2294 2301//2301 2302//2302
f 2294//2294 2302//2302 2286//2286
f 2295//2295 2277//2277 2303//2303
f 2295//2295 2303//2303 2296//2296
f 2296//2296 2303//2303 2304//2304
f 2296//2296 2304//2304 2297//2297
f 2297//2297 2304//2304 2305//2305
f 2297//2297 2305//2305 2298//2298
f 2298//2298 2305//2305 2306//2306
f 2298//2298 2306//2306 2299//2299
f 2299//2299 2306//2306 2307//2307
f 2299//2299 2307//2307 2300//2300
f 2300//2300 2307//2307 2308//2308
f 2300//2300 2308//2308 2301//2301
f 2301//2301 2308//2308 2309//2309
f 2301//2301 2309//2309 2302//2302
f 2302//2302 2309//2309 2310//2310
f 2302//2302 2310//2310 2286//2286
f 2303//2303 2277//2277 2311//2311
f 2303//2303 2311//2311 2304//2304
f 2304//2304 2311//2311 2312//2312
f 2304//2304 2312//2312 2305//2305
f 2305//2305 2312//2312 2313//2313
f 2305//2305 2313//2313 2306//2306
f 2306//2306 2313//2313 2314//2314
f 2306//2306 2314//2314 2307//2307
f 2307//2307 2314//2314 2315//2315
f 2307//2307 2315//2315 2308//2308
f 2308//2308 2315//2315 2316//2316
f 2308//2308 2316//2316 2309//2309
f 2309//2309 2316//2316 2317//2317
f 2309//2309 2317//2317 2310//2310
f 2310//2310 2317//2317 2318//2318
f 2310//2310 2318//2318 2286//2286
f 2311//2311 2277//2277 2319//2319
f 2311//2311 2319//2319 2312//2312
f 2312//2312 2319//2319 2320//2320
f 2312//2312 2320//2320 2313//2313
f 2313//2313 2320//2320 2321//2321
f 2313//2313 2321//2321 2314//2314
f 2314//2314 2321//2321 2322//2322
f 2314//2314 2322//2322 2315//2315
f 2315//2315 2322//2322 2323//2323
f 2315//2315 2323//2323 2316//2316
f 2316//2316 2323//2323 2324//2324
f 2316//2316 2324//2324 2317//2317
f 2317//2317 2324//2324 2325//2325
f 2317//2317 2325//2325 2318//2318
f 2318//2318 2325//2325 2326//2326
f 2318//2318 2326//2326 2286//2286
f 2319//2319 2277//2277 2327//2327
f 2319//2319 2327//2327 2320//2320
f 2320//2320 2327//2327 2328//2328
f 2320//2320 2328//2328 2321//2321
f 2321//2321 2328//2328 2329//2329
f 2321//2321 2329//2329 2322//2322
f 2322//2322 2329//2329 2330//2330
f 2322//2322 2330//2330 2323//2323
f 2323//2323 2330//2330 2331//2331
f 2323//2323 2331//2331 2324//2324
f 2324//2324 2331//2331 2332//2332
f 2324//2324 2332//2332 2325//2325
f 2325//2325 2332//2332 2333//2333
f 2325//2325 2333//2333 2326//2326
f 2326//2326 2333//2333 2334//2334
f 2326//2326 2334//2334 2286//2286
f 2327//2327 2277//2277 2335//2335
f 2327//2327 2335//2335 2328//2328
f 2328//2328 2335//2335 2336//2336
f 2328//2328 2336//2336 2329//2329
f 2329//2329 2336//2336 2337//2337
f 2329//2329 2337//2337 2330//2330
f 2330//2330 2337//2337 2338//2338
f 2330//2330 2338//2338 2331//2331
f 2331//2331 2338//2338 2339//2339
f 2331//2331 2339//2339 2332//2332
f 2332//2332 2339//2339 2340//2340
f 2332//2332 2340//2340 2333//2333
f 2333//2333 2340//2340 2341//2341
f 2333//2333 2341//2341 2334//2334
f 2334//2334 2341//2341 2342//2342
f 2334//2334 2342//2342 2286//2286
f 2335//2335 2277//2277 2343//2343
f 2335//2335 2343//2343 2336//2336
f 2336//2336 2343//2343 2344//2344
f 2336//2336 2344//2344 2337//2337
f 2337//2337 2344//2344 2345//2345
f 2337//2337 2345//2345 2338//2338
f 2338//2338 2345//2345 2346//2346
f 2338//2338 2346//2346 2339//2339
f 2339//2339 2346//2346 2347//2347
f 2339//2339 2347//2347 2340//2340
f 2340//2340 2347//2347 2348//2348
f 2340//2340 2348//2348 2341//2341
f 2341//2341 2348//2348 2349//2349
f 2341//2341 2349//2349 2342//2342
f 2342//2342 2349//2349 2350//2350
f 2342//2342 2350//2350 2286//2286
f 2343//2343 2277//2277 2351//2351
f 2343//2343 2351//2351 2344//2344
f 2344//2344 2351//2351 2352//2352
f 2344//2344 2352//2352 2345//2345
f 2345//2345 2352//2352 2353//2353
f 2345//2345 2353//2353 2346//2346
f 2346//2346 2353//2353 2354//2354
f 2346//2346 2354//2354 2347//2347
f 2347//2347 2354//2354 2355//2355
f 2347//2347 2355//2355 2348//2348
f 2348//2348 2355//2355 2356//2356
f 2348//2348 2356//2356 2349//2349
f 2349//2349 2356//2356 2357//2357
f 2349//2349 2357//2357 2350//2350
f 2350//2350 2357//2357 2358//2358
f 2350//2350 2358//2358 2286//2286
f 2351//2351 2277//2277 2278//2278
f 2351//2351 2278//2278 2352//2352
f 2352//2352 2278//2278 2279//2279
f 2352//2352 2279//2279 2353//2353
f 2353//2353 2279//2279 2280//2280
f 2353//2353 2280//2280 2354//2354
f 2354//2354 2280//2280 2281//2281
f 2354//2354 2281//2281 2355//2355
f 2355//2355 2281//2281 2282//2282
f 2355//2355 2282//2282 2356//2356
f 2356//2356 2282//2282 2283//2283
f 2356//2356 2283//2283 2357//2357
f 2357//2357 2283//2283 2284//2284
f 2357//2357 2284//2284 2358//2358
f 2358//2358 2284//2284 2285//2285
f 2358//2358 2285//2285 2286//2286
f 2360//2360 2359//2359 2369//2369
f 2360//2360 2369//2369 2361//2361
f 2361//2361 2369//2369 2370//2370
f 2361//2361 2370//2370 2362//2362
f 2362//2362 2370//2370 2371//2371
f 2362//2362 2371//2371 2363//2363
f 2363//2363 2371//2371 2372//2372
f 2363//2363 2372//2372 2364//2364
f 2364//2364 2372//2372 2373//2373
f 2364//2364 2373//2373 2365//2365
f 2365//2365 2373//2373 2374//2374
f 2365//2365 2374//2374 2366//2366
f 2366//2366 2374//2374 2375//2375
f 2366//2366 2375//2375 2367//2367
f 2367//2367 2375//2375 2376//2376
f 2367//2367 2376//2376 2368//2368
f 2369//2369 2359//2359 2377//2377
f 2369//2369 2377//2377 2370//2370
f 2370//2370 2377//2377 2378//2378
f 2370//2370 2378//2378 2371//2371
f 2371//2371 2378//2378 2379//2379
f 2371//2371 2379//2379 2372//2372
f 2372//2372 2379//2379 2380//2380
f 2372//2372 2380//2380 2373//2373
f 2373//2373 2380//2380 2381//2381
f 2373//2373 2381//2381 2374//2374
f 2374//2374 2381//2381 2382//2382
f 2374//2374 2382//2382 2375//2375
f 2375//2375 2382//2382 2383//2383
f 2375//2375 2383//2383 2376//2376
f 2376//2376 2383//2383 2384//2384
f 2376//2376 2384//2384 2368//2368
f 2377//2377 2359//2359 2385//2385
f 2377//2377 2385//2385 2378//2378
f 2378//2378 2385//2385 2386//2386
f 2378//2378 2386//2386 2379//2379
f 2379//2379 2386//2386 2387//2387
f 2379//2379 2387//2387 2380//2380
f 2380//2380 2387//2387 2388//2388
f 2380//2380 2388//2388 2381//2381
f 2381//2381 2388//2388 2389//2389
f 2381//2381 2389//2389 2382//2382
f 2382//2382 2389//2389 2390//2390
f 2382//2382 2390//2390 2383//2383
f 2383//2383 2390//2390 2391//2391
f 2383//2383 2391//2391 2384//2384
f 2384//2384 2391//2391 2392//2392
f 2384//2384 2392//2392 2368//2368
f 2385//2385 2359//2359 2393//2393
f 2385//2385 2393//2393 2386//2386
f 2386//2386 2393//2393 2394//2394
f 2386//2386 2394//2394 2387//2387
f 2387//2387 2394//2394 2395//2395
f 2387//2387 2395//2395 2388//2388
f 2388//2388 2395//2395 2396//2396
f 2388//2388 2396//2396 2389//2389
f 2389//2389 2396//2396 2397//2397
f 2389//2389 2397//2397 2390//2390
f 2390//2390 2397//2397 2398//2398
f 2390//2390 2398//2398 2391//2391
f 2391//2391 2398//2398 2399//2399
f 2391//2391 2399//2399 2392//2392
f 2392//2392 2399//2399 2400//2400
f 2392//2392 2400//2400 2368//2368
f 2393//2393 2359//2359 2401//2401
f 2393//2393 2401//2401 2394//2394
f 2394//2394 2401//2401 2402//2402
f 2394//2394 2402//2402 2395//2395
f 2395//2395 2402//2402 2403//2403
f 2395//2395 2403//2403 2396//2396
f 2396//2396 2403//2403 2404//2404
f 2396//2396 2404//2404 2397//2397
f 2397//2397 2404//2404 2405//2405
f 2397//2397 2405//2405 2398//2398
f 2398//2398 2405//2405 2406//2406
f 2398//2398 2406//2406 2399//2399
f 2399//2399 2406//2406 2407//2407
f 2399//2399 2407//2407 2400//2400
f 2400//2400 2407//2407 2408//2408
f 2400//2400 2408//2408 2368//2368
f 2401//2401 2359//2359 2409//2409
f 2401//2401 2409//2409 2402//2402
f 2402//2402 2409//2409 2410//2410
f 2402//2402 2410//2410 2403//2403
f 2403//2403 2410//2410 2411//2411
f 2403//2403 2411//2411 2404//2404
f 2404//2404 2411//2411 2412//2412
f 2404//2404 2412//2412 2405//2405
f 2405//2405 2412//2412 2413//2413
f 2405//2405 2413//2413 2406//2406
f 2406//2406 2413//2413 2414//2414
f 2406//2406 2414//2414 2407//2407
f 2407//2407 2414//2414 2415//2415
f 2407//2407 2415//2415 2408//2408
f 2408//2408 2415//2415 2416//2416
f 2408//2408 2416//2416 2368//2368
f 2409//2409 2359//2359 2417//2417
f 2409//2409 2417//2417 2410//2410
f 2410//2410 2417//2417 2418//2418
f 2410//2410 2418//2418 2411//2411
f 2411//2411 2418//2418 2419//2419
f 2411//2411 2419//2419 2412//2412
f 2412//2412 2419//2419 2420//2420
f 2412//2412 2420//2420 2413//2413
f 2413//2413 2420//2420 2421//2421
f 2413//2413 2421//2421 2414//2414
f 2414//2414 2421//2421 2422//2422
f 2414//2414 2422//2422 2415//2415
f 2415//2415 2422//2422 2423//2423
f 2415//2415 2423//2423 2416//2416
f 2416//2416 2423//2423 2424//2424
f 2416//2416 2424//2424 2368//2368
f 2417//2417 2359//2359 2425//2425
f 2417//2417 2425//2425 2418//2418
f 2418//2418 2425//2425 2426//2426
f 2418//2418 2426//2426 2419//2419
f 2419//2419 2426//2426 2427//2427
f 2419//2419 2427//2427 2420//2420
f 2420//2420 2427//2427 2428//2428
f 2420//2420 2428//2428 2421//2421
f 2421//2421 2428//2428 2429//2429
f 2421//2421 2429//2429 2422//2422
f 2422//2422 2429//2429 2430//2430
f 2422//2422 2430//2430 2423//2423
f 2423//2423 2430//2430 2431//2431
f 2423//2423 2431//2431 2424//2424
f 2424//2424 2431//2431 2432//2432
f 2424//2424 2432//2432 2368//2368
f 2425//2425 2359//2359 2433//2433
f 2425//2425 2433//2433 2426//2426
f 2426//2426 2433//2433 2434//2434
f 2426//2426 2434//2434 2427//2427
f 2427//2427 2434//2434 2435//2435
f 2427//2427 2435//2435 2428//2428
f 2428//2428 2435//2435 2436//2436
f 2428//2428 2436//2436 2429//2429
f 2429//2429 2436//2436 2437//2437
f 2429//2429 2437//2437 2430//2430
f 2430//2430 2437//2437 2438//2438
f 2430//2430 2438//2438 2431//2431
f 2431//2431 2438//2438 2439//2439
f 2431//2431 2439//2439 2432//2432
f 2432//2432 2439//2439 2440//2440
f 2432//2432 2440//2440 2368//2368
f 2433//2433 2359//2359 2360//2360
f 2433//2433 2360//2360 2434//2434
f 2434//2434 2360//2360 2361//2361
f 2434//2434 2361//2361 2435//2435
f 2435//2435 2361//2361 2362//2362
f 2435//2435 2362//2362 2436//2436
f 2436//2436 2362//2362 2363//2363
f 2436//2436 2363//2363 2437//2437
f 2437//2437 2363//2363 2364//2364
f 2437//2437 2364//2364 2438//2438
f 2438//2438 2364//2364 2365//2365
f 2438//2438 2365//2365 2439//2439
f 2439//2439 2365//2365 2366//2366
f 2439//2439 2366//2366 2440//2440
f 2440//2440 2366//2366 2367//2367
f 2440//2440 2367//2367 2368//2368

