# https://github.com/mikedh/trimesh

o node
v -0.0770807 1.7497728 0.1100000
v -0.0329193 1.7497728 0.1100000
v -0.0770807 1.6902272 0.1100000
v -0.0329193 1.6902272 0.1100000
v -0.0550000 1.7015994 0.1312663
v -0.0550000 1.7384006 0.1312663
v -0.0550000 1.7015994 0.0887337
v -0.0550000 1.7384006 0.0887337
v -0.0192727 1.7200000 0.0968567
v -0.0192727 1.7200000 0.1231433
v -0.0907273 1.7200000 0.0968567
v -0.0907273 1.7200000 0.1231433
v -0.0550000 1.7550000 0.1100000
v -0.0550000 1.6850000 0.1100000
v -0.0679787 1.6916844 0.1225000
v -0.0420213 1.6916844 0.1225000
v -0.0679787 1.7483156 0.1225000
v -0.0420213 1.7483156 0.1225000
v -0.0550000 1.7200000 0.1350000
v -0.0679787 1.6916844 0.0975000
v -0.0420213 1.6916844 0.0975000
v -0.0679787 1.7483156 0.0975000
v -0.0420213 1.7483156 0.0975000
v -0.0550000 1.7200000 0.0850000
v -0.0210213 1.7375000 0.1022746
v -0.0210213 1.7025000 0.1022746
v -0.0340000 1.7091844 0.0897746
v -0.0340000 1.7308156 0.0897746
v -0.0210213 1.7375000 0.1177254
v -0.0210213 1.7025000 0.1177254
v -0.0340000 1.7091844 0.1302254
v -0.0340000 1.7308156 0.1302254
v -0.0130000 1.7200000 0.1100000
v -0.0889787 1.7375000 0.1022746
v -0.0889787 1.7025000 0.1022746
v -0.0760000 1.7091844 0.0897746
v -0.0760000 1.7308156 0.0897746
v -0.0889787 1.7375000 0.1177254
v -0.0889787 1.7025000 0.1177254
v -0.0760000 1.7091844 0.1302254
v -0.0760000 1.7308156 0.1302254
v -0.0970000 1.7200000 0.1100000
v 0.0329193 1.7497728 0.1100000
v 0.0770807 1.7497728 0.1100000
v 0.0329193 1.6902272 0.1100000
v 0.0770807 1.6902272 0.1100000
v 0.0550000 1.7015994 0.1312663
v 0.0550000 1.7384006 0.1312663
v 0.0550000 1.7015994 0.0887337
v 0.0550000 1.7384006 0.0887337
v 0.0907273 1.7200000 0.0968567
v 0.0907273 1.7200000 0.1231433
v 0.0192727 1.7200000 0.0968567
v 0.0192727 1.7200000 0.1231433
v 0.0550000 1.7550000 0.1100000
v 0.0550000 1.6850000 0.1100000
v 0.0420213 1.6916844 0.1225000
v 0.0679787 1.6916844 0.1225000
v 0.0420213 1.7483156 0.1225000
v 0.0679787 1.7483156 0.1225000
v 0.0550000 1.7200000 0.1350000
v 0.0420213 1.6916844 0.0975000
v 0.0679787 1.6916844 0.0975000
v 0.0420213 1.7483156 0.0975000
v 0.0679787 1.7483156 0.0975000
v 0.0550000 1.7200000 0.0850000
v 0.0889787 1.7375000 0.1022746
v 0.0889787 1.7025000 0.1022746
v 0.0760000 1.7091844 0.0897746
v 0.0760000 1.7308156 0.0897746
v 0.0889787 1.7375000 0.1177254
v 0.0889787 1.7025000 0.1177254
v 0.0760000 1.7091844 0.1302254
v 0.0760000 1.7308156 0.1302254
v 0.0970000 1.7200000 0.1100000
v 0.0210213 1.7375000 0.1022746
v 0.0210213 1.7025000 0.1022746
v 0.0340000 1.7091844 0.0897746
v 0.0340000 1.7308156 0.0897746
v 0.0210213 1.7375000 0.1177254
v 0.0210213 1.7025000 0.1177254
v 0.0340000 1.7091844 0.1302254
v 0.0340000 1.7308156 0.1302254
v 0.0130000 1.7200000 0.1100000
v -0.1062866 1.5925325 0.1150000
v -0.0537134 1.5925325 0.1150000
v -0.1062866 1.5074675 0.1150000
v -0.0537134 1.5074675 0.1150000
v -0.0800000 1.5237134 0.1490260
v -0.0800000 1.5762866 0.1490260
v -0.0800000 1.5237134 0.0809740
v -0.0800000 1.5762866 0.0809740
v -0.0374675 1.5500000 0.0939708
v -0.0374675 1.5500000 0.1360292
v -0.1225325 1.5500000 0.0939708
v -0.1225325 1.5500000 0.1360292
v -0.0800000 1.6000000 0.1150000
v -0.0800000 1.5000000 0.1150000
v -0.0954508 1.5095492 0.1350000
v -0.0645492 1.5095492 0.1350000
v -0.0954508 1.5904508 0.1350000
v -0.0645492 1.5904508 0.1350000
v -0.0800000 1.5500000 0.1550000
v -0.0954508 1.5095492 0.0950000
v -0.0645492 1.5095492 0.0950000
v -0.0954508 1.5904508 0.0950000
v -0.0645492 1.5904508 0.0950000
v -0.0800000 1.5500000 0.0750000
v -0.0395492 1.5750000 0.1026393
v -0.0395492 1.5250000 0.1026393
v -0.0550000 1.5345492 0.0826393
v -0.0550000 1.5654508 0.0826393
v -0.0395492 1.5750000 0.1273607
v -0.0395492 1.5250000 0.1273607
v -0.0550000 1.5345492 0.1473607
v -0.0550000 1.5654508 0.1473607
v -0.0300000 1.5500000 0.1150000
v -0.1204508 1.5750000 0.1026393
v -0.1204508 1.5250000 0.1026393
v -0.1050000 1.5345492 0.0826393
v -0.1050000 1.5654508 0.0826393
v -0.1204508 1.5750000 0.1273607
v -0.1204508 1.5250000 0.1273607
v -0.1050000 1.5345492 0.1473607
v -0.1050000 1.5654508 0.1473607
v -0.1300000 1.5500000 0.1150000
v 0.0537134 1.5925325 0.1150000
v 0.1062866 1.5925325 0.1150000
v 0.0537134 1.5074675 0.1150000
v 0.1062866 1.5074675 0.1150000
v 0.0800000 1.5237134 0.1490260
v 0.0800000 1.5762866 0.1490260
v 0.0800000 1.5237134 0.0809740
v 0.0800000 1.5762866 0.0809740
v 0.1225325 1.5500000 0.0939708
v 0.1225325 1.5500000 0.1360292
v 0.0374675 1.5500000 0.0939708
v 0.0374675 1.5500000 0.1360292
v 0.0800000 1.6000000 0.1150000
v 0.0800000 1.5000000 0.1150000
v 0.0645492 1.5095492 0.1350000
v 0.0954508 1.5095492 0.1350000
v 0.0645492 1.5904508 0.1350000
v 0.0954508 1.5904508 0.1350000
v 0.0800000 1.5500000 0.1550000
v 0.0645492 1.5095492 0.0950000
v 0.0954508 1.5095492 0.0950000
v 0.0645492 1.5904508 0.0950000
v 0.0954508 1.5904508 0.0950000
v 0.0800000 1.5500000 0.0750000
v 0.1204508 1.5750000 0.1026393
v 0.1204508 1.5250000 0.1026393
v 0.1050000 1.5345492 0.0826393
v 0.1050000 1.5654508 0.0826393
v 0.1204508 1.5750000 0.1273607
v 0.1204508 1.5250000 0.1273607
v 0.1050000 1.5345492 0.1473607
v 0.1050000 1.5654508 0.1473607
v 0.1300000 1.5500000 0.1150000
v 0.0395492 1.5750000 0.1026393
v 0.0395492 1.5250000 0.1026393
v 0.0550000 1.5345492 0.0826393
v 0.0550000 1.5654508 0.0826393
v 0.0395492 1.5750000 0.1273607
v 0.0395492 1.5250000 0.1273607
v 0.0550000 1.5345492 0.1473607
v 0.0550000 1.5654508 0.1473607
v 0.0300000 1.5500000 0.1150000
v -0.0457719 1.6621169 0.0000000
v -0.0142281 1.6621169 0.0000000
v -0.0457719 1.6178831 0.0000000
v -0.0142281 1.6178831 0.0000000
v -0.0300000 1.6263310 0.0212663
v -0.0300000 1.6536690 0.0212663
v -0.0300000 1.6263310 -0.0212663
v -0.0300000 1.6536690 -0.0212663
v -0.0044805 1.6400000 -0.0131433
v -0.0044805 1.6400000 0.0131433
v -0.0555195 1.6400000 -0.0131433
v -0.0555195 1.6400000 0.0131433
v -0.0300000 1.6660000 0.0000000
v -0.0300000 1.6140000 0.0000000
v -0.0392705 1.6189656 0.0125000
v -0.0207295 1.6189656 0.0125000
v -0.0392705 1.6610344 0.0125000
v -0.0207295 1.6610344 0.0125000
v -0.0300000 1.6400000 0.0250000
v -0.0392705 1.6189656 -0.0125000
v -0.0207295 1.6189656 -0.0125000
v -0.0392705 1.6610344 -0.0125000
v -0.0207295 1.6610344 -0.0125000
v -0.0300000 1.6400000 -0.0250000
v -0.0057295 1.6530000 -0.0077254
v -0.0057295 1.6270000 -0.0077254
v -0.0150000 1.6319656 -0.0202254
v -0.0150000 1.6480344 -0.0202254
v -0.0057295 1.6530000 0.0077254
v -0.0057295 1.6270000 0.0077254
v -0.0150000 1.6319656 0.0202254
v -0.0150000 1.6480344 0.0202254
v 0.0000000 1.6400000 0.0000000
v -0.0542705 1.6530000 -0.0077254
v -0.0542705 1.6270000 -0.0077254
v -0.0450000 1.6319656 -0.0202254
v -0.0450000 1.6480344 -0.0202254
v -0.0542705 1.6530000 0.0077254
v -0.0542705 1.6270000 0.0077254
v -0.0450000 1.6319656 0.0202254
v -0.0450000 1.6480344 0.0202254
v -0.0600000 1.6400000 0.0000000
v 0.0142281 1.6621169 0.0000000
v 0.0457719 1.6621169 0.0000000
v 0.0142281 1.6178831 0.0000000
v 0.0457719 1.6178831 0.0000000
v 0.0300000 1.6263310 0.0212663
v 0.0300000 1.6536690 0.0212663
v 0.0300000 1.6263310 -0.0212663
v 0.0300000 1.6536690 -0.0212663
v 0.0555195 1.6400000 -0.0131433
v 0.0555195 1.6400000 0.0131433
v 0.0044805 1.6400000 -0.0131433
v 0.0044805 1.6400000 0.0131433
v 0.0300000 1.6660000 0.0000000
v 0.0300000 1.6140000 0.0000000
v 0.0207295 1.6189656 0.0125000
v 0.0392705 1.6189656 0.0125000
v 0.0207295 1.6610344 0.0125000
v 0.0392705 1.6610344 0.0125000
v 0.0300000 1.6400000 0.0250000
v 0.0207295 1.6189656 -0.0125000
v 0.0392705 1.6189656 -0.0125000
v 0.0207295 1.6610344 -0.0125000
v 0.0392705 1.6610344 -0.0125000
v 0.0300000 1.6400000 -0.0250000
v 0.0542705 1.6530000 -0.0077254
v 0.0542705 1.6270000 -0.0077254
v 0.0450000 1.6319656 -0.0202254
v 0.0450000 1.6480344 -0.0202254
v 0.0542705 1.6530000 0.0077254
v 0.0542705 1.6270000 0.0077254
v 0.0450000 1.6319656 0.0202254
v 0.0450000 1.6480344 0.0202254
v 0.0600000 1.6400000 0.0000000
v 0.0057295 1.6530000 -0.0077254
v 0.0057295 1.6270000 -0.0077254
v 0.0150000 1.6319656 -0.0202254
v 0.0150000 1.6480344 -0.0202254
v 0.0057295 1.6530000 0.0077254
v 0.0057295 1.6270000 0.0077254
v 0.0150000 1.6319656 0.0202254
v 0.0150000 1.6480344 0.0202254
v 0.0000000 1.6400000 0.0000000
v -0.0426175 1.6797728 0.1050000
v -0.0173825 1.6797728 0.1050000
v -0.0426175 1.6202272 0.1050000
v -0.0173825 1.6202272 0.1050000
v -0.0300000 1.6315994 0.1237143
v -0.0300000 1.6684006 0.1237143
v -0.0300000 1.6315994 0.0862857
v -0.0300000 1.6684006 0.0862857
v -0.0095844 1.6500000 0.0934339
v -0.0095844 1.6500000 0.1165661
v -0.0504156 1.6500000 0.0934339
v -0.0504156 1.6500000 0.1165661
v -0.0300000 1.6850000 0.1050000
v -0.0300000 1.6150000 0.1050000
v -0.0374164 1.6216844 0.1160000
v -0.0225836 1.6216844 0.1160000
v -0.0374164 1.6783156 0.1160000
v -0.0225836 1.6783156 0.1160000
v -0.0300000 1.6500000 0.1270000
v -0.0374164 1.6216844 0.0940000
v -0.0225836 1.6216844 0.0940000
v -0.0374164 1.6783156 0.0940000
v -0.0225836 1.6783156 0.0940000
v -0.0300000 1.6500000 0.0830000
v -0.0105836 1.6675000 0.0982016
v -0.0105836 1.6325000 0.0982016
v -0.0180000 1.6391844 0.0872016
v -0.0180000 1.6608156 0.0872016
v -0.0105836 1.6675000 0.1117984
v -0.0105836 1.6325000 0.1117984
v -0.0180000 1.6391844 0.1227984
v -0.0180000 1.6608156 0.1227984
v -0.0060000 1.6500000 0.1050000
v -0.0494164 1.6675000 0.0982016
v -0.0494164 1.6325000 0.0982016
v -0.0420000 1.6391844 0.0872016
v -0.0420000 1.6608156 0.0872016
v -0.0494164 1.6675000 0.1117984
v -0.0494164 1.6325000 0.1117984
v -0.0420000 1.6391844 0.1227984
v -0.0420000 1.6608156 0.1227984
v -0.0540000 1.6500000 0.1050000
v 0.0173825 1.6797728 0.1050000
v 0.0426175 1.6797728 0.1050000
v 0.0173825 1.6202272 0.1050000
v 0.0426175 1.6202272 0.1050000
v 0.0300000 1.6315994 0.1237143
v 0.0300000 1.6684006 0.1237143
v 0.0300000 1.6315994 0.0862857
v 0.0300000 1.6684006 0.0862857
v 0.0504156 1.6500000 0.0934339
v 0.0504156 1.6500000 0.1165661
v 0.0095844 1.6500000 0.0934339
v 0.0095844 1.6500000 0.1165661
v 0.0300000 1.6850000 0.1050000
v 0.0300000 1.6150000 0.1050000
v 0.0225836 1.6216844 0.1160000
v 0.0374164 1.6216844 0.1160000
v 0.0225836 1.6783156 0.1160000
v 0.0374164 1.6783156 0.1160000
v 0.0300000 1.6500000 0.1270000
v 0.0225836 1.6216844 0.0940000
v 0.0374164 1.6216844 0.0940000
v 0.0225836 1.6783156 0.0940000
v 0.0374164 1.6783156 0.0940000
v 0.0300000 1.6500000 0.0830000
v 0.0494164 1.6675000 0.0982016
v 0.0494164 1.6325000 0.0982016
v 0.0420000 1.6391844 0.0872016
v 0.0420000 1.6608156 0.0872016
v 0.0494164 1.6675000 0.1117984
v 0.0494164 1.6325000 0.1117984
v 0.0420000 1.6391844 0.1227984
v 0.0420000 1.6608156 0.1227984
v 0.0540000 1.6500000 0.1050000
v 0.0105836 1.6675000 0.0982016
v 0.0105836 1.6325000 0.0982016
v 0.0180000 1.6391844 0.0872016
v 0.0180000 1.6608156 0.0872016
v 0.0105836 1.6675000 0.1117984
v 0.0105836 1.6325000 0.1117984
v 0.0180000 1.6391844 0.1227984
v 0.0180000 1.6608156 0.1227984
v 0.0060000 1.6500000 0.1050000
v -0.0386801 1.5768052 0.1050000
v -0.0313199 1.5768052 0.1050000
v -0.0386801 1.5631948 0.1050000
v -0.0313199 1.5631948 0.1050000
v -0.0350000 1.5657942 0.1109546
v -0.0350000 1.5742058 0.1109546
v -0.0350000 1.5657942 0.0990454
v -0.0350000 1.5742058 0.0990454
v -0.0290454 1.5700000 0.1013199
v -0.0290454 1.5700000 0.1086801
v -0.0409546 1.5700000 0.1013199
v -0.0409546 1.5700000 0.1086801
v -0.0350000 1.5780000 0.1050000
v -0.0350000 1.5620000 0.1050000
v -0.0371631 1.5635279 0.1085000
v -0.0328369 1.5635279 0.1085000
v -0.0371631 1.5764721 0.1085000
v -0.0328369 1.5764721 0.1085000
v -0.0350000 1.5700000 0.1120000
v -0.0371631 1.5635279 0.1015000
v -0.0328369 1.5635279 0.1015000
v -0.0371631 1.5764721 0.1015000
v -0.0328369 1.5764721 0.1015000
v -0.0350000 1.5700000 0.0980000
v -0.0293369 1.5740000 0.1028369
v -0.0293369 1.5660000 0.1028369
v -0.0315000 1.5675279 0.0993369
v -0.0315000 1.5724721 0.0993369
v -0.0293369 1.5740000 0.1071631
v -0.0293369 1.5660000 0.1071631
v -0.0315000 1.5675279 0.1106631
v -0.0315000 1.5724721 0.1106631
v -0.0280000 1.5700000 0.1050000
v -0.0406631 1.5740000 0.1028369
v -0.0406631 1.5660000 0.1028369
v -0.0385000 1.5675279 0.0993369
v -0.0385000 1.5724721 0.0993369
v -0.0406631 1.5740000 0.1071631
v -0.0406631 1.5660000 0.1071631
v -0.0385000 1.5675279 0.1106631
v -0.0385000 1.5724721 0.1106631
v -0.0420000 1.5700000 0.1050000
v 0.0313199 1.5768052 0.1050000
v 0.0386801 1.5768052 0.1050000
v 0.0313199 1.5631948 0.1050000
v 0.0386801 1.5631948 0.1050000
v 0.0350000 1.5657942 0.1109546
v 0.0350000 1.5742058 0.1109546
v 0.0350000 1.5657942 0.0990454
v 0.0350000 1.5742058 0.0990454
v 0.0409546 1.5700000 0.1013199
v 0.0409546 1.5700000 0.1086801
v 0.0290454 1.5700000 0.1013199
v 0.0290454 1.5700000 0.1086801
v 0.0350000 1.5780000 0.1050000
v 0.0350000 1.5620000 0.1050000
v 0.0328369 1.5635279 0.1085000
v 0.0371631 1.5635279 0.1085000
v 0.0328369 1.5764721 0.1085000
v 0.0371631 1.5764721 0.1085000
v 0.0350000 1.5700000 0.1120000
v 0.0328369 1.5635279 0.1015000
v 0.0371631 1.5635279 0.1015000
v 0.0328369 1.5764721 0.1015000
v 0.0371631 1.5764721 0.1015000
v 0.0350000 1.5700000 0.0980000
v 0.0406631 1.5740000 0.1028369
v 0.0406631 1.5660000 0.1028369
v 0.0385000 1.5675279 0.0993369
v 0.0385000 1.5724721 0.0993369
v 0.0406631 1.5740000 0.1071631
v 0.0406631 1.5660000 0.1071631
v 0.0385000 1.5675279 0.1106631
v 0.0385000 1.5724721 0.1106631
v 0.0420000 1.5700000 0.1050000
v 0.0293369 1.5740000 0.1028369
v 0.0293369 1.5660000 0.1028369
v 0.0315000 1.5675279 0.0993369
v 0.0315000 1.5724721 0.0993369
v 0.0293369 1.5740000 0.1071631
v 0.0293369 1.5660000 0.1071631
v 0.0315000 1.5675279 0.1106631
v 0.0315000 1.5724721 0.1106631
v 0.0280000 1.5700000 0.1050000
v -0.0286801 1.6468052 0.1150000
v -0.0213199 1.6468052 0.1150000
v -0.0286801 1.6331948 0.1150000
v -0.0213199 1.6331948 0.1150000
v -0.0250000 1.6357942 0.1209546
v -0.0250000 1.6442058 0.1209546
v -0.0250000 1.6357942 0.1090454
v -0.0250000 1.6442058 0.1090454
v -0.0190454 1.6400000 0.1113199
v -0.0190454 1.6400000 0.1186801
v -0.0309546 1.6400000 0.1113199
v -0.0309546 1.6400000 0.1186801
v -0.0250000 1.6480000 0.1150000
v -0.0250000 1.6320000 0.1150000
v -0.0271631 1.6335279 0.1185000
v -0.0228369 1.6335279 0.1185000
v -0.0271631 1.6464721 0.1185000
v -0.0228369 1.6464721 0.1185000
v -0.0250000 1.6400000 0.1220000
v -0.0271631 1.6335279 0.1115000
v -0.0228369 1.6335279 0.1115000
v -0.0271631 1.6464721 0.1115000
v -0.0228369 1.6464721 0.1115000
v -0.0250000 1.6400000 0.1080000
v -0.0193369 1.6440000 0.1128369
v -0.0193369 1.6360000 0.1128369
v -0.0215000 1.6375279 0.1093369
v -0.0215000 1.6424721 0.1093369
v -0.0193369 1.6440000 0.1171631
v -0.0193369 1.6360000 0.1171631
v -0.0215000 1.6375279 0.1206631
v -0.0215000 1.6424721 0.1206631
v -0.0180000 1.6400000 0.1150000
v -0.0306631 1.6440000 0.1128369
v -0.0306631 1.6360000 0.1128369
v -0.0285000 1.6375279 0.1093369
v -0.0285000 1.6424721 0.1093369
v -0.0306631 1.6440000 0.1171631
v -0.0306631 1.6360000 0.1171631
v -0.0285000 1.6375279 0.1206631
v -0.0285000 1.6424721 0.1206631
v -0.0320000 1.6400000 0.1150000
v 0.0213199 1.6468052 0.1150000
v 0.0286801 1.6468052 0.1150000
v 0.0213199 1.6331948 0.1150000
v 0.0286801 1.6331948 0.1150000
v 0.0250000 1.6357942 0.1209546
v 0.0250000 1.6442058 0.1209546
v 0.0250000 1.6357942 0.1090454
v 0.0250000 1.6442058 0.1090454
v 0.0309546 1.6400000 0.1113199
v 0.0309546 1.6400000 0.1186801
v 0.0190454 1.6400000 0.1113199
v 0.0190454 1.6400000 0.1186801
v 0.0250000 1.6480000 0.1150000
v 0.0250000 1.6320000 0.1150000
v 0.0228369 1.6335279 0.1185000
v 0.0271631 1.6335279 0.1185000
v 0.0228369 1.6464721 0.1185000
v 0.0271631 1.6464721 0.1185000
v 0.0250000 1.6400000 0.1220000
v 0.0228369 1.6335279 0.1115000
v 0.0271631 1.6335279 0.1115000
v 0.0228369 1.6464721 0.1115000
v 0.0271631 1.6464721 0.1115000
v 0.0250000 1.6400000 0.1080000
v 0.0306631 1.6440000 0.1128369
v 0.0306631 1.6360000 0.1128369
v 0.0285000 1.6375279 0.1093369
v 0.0285000 1.6424721 0.1093369
v 0.0306631 1.6440000 0.1171631
v 0.0306631 1.6360000 0.1171631
v 0.0285000 1.6375279 0.1206631
v 0.0285000 1.6424721 0.1206631
v 0.0320000 1.6400000 0.1150000
v 0.0193369 1.6440000 0.1128369
v 0.0193369 1.6360000 0.1128369
v 0.0215000 1.6375279 0.1093369
v 0.0215000 1.6424721 0.1093369
v 0.0193369 1.6440000 0.1171631
v 0.0193369 1.6360000 0.1171631
v 0.0215000 1.6375279 0.1206631
v 0.0215000 1.6424721 0.1206631
v 0.0180000 1.6400000 0.1150000
v -0.0286801 1.5668052 0.1350000
v -0.0213199 1.5668052 0.1350000
v -0.0286801 1.5531948 0.1350000
v -0.0213199 1.5531948 0.1350000
v -0.0250000 1.5557942 0.1409546
v -0.0250000 1.5642058 0.1409546
v -0.0250000 1.5557942 0.1290454
v -0.0250000 1.5642058 0.1290454
v -0.0190454 1.5600000 0.1313199
v -0.0190454 1.5600000 0.1386801
v -0.0309546 1.5600000 0.1313199
v -0.0309546 1.5600000 0.1386801
v -0.0250000 1.5680000 0.1350000
v -0.0250000 1.5520000 0.1350000
v -0.0271631 1.5535279 0.1385000
v -0.0228369 1.5535279 0.1385000
v -0.0271631 1.5664721 0.1385000
v -0.0228369 1.5664721 0.1385000
v -0.0250000 1.5600000 0.1420000
v -0.0271631 1.5535279 0.1315000
v -0.0228369 1.5535279 0.1315000
v -0.0271631 1.5664721 0.1315000
v -0.0228369 1.5664721 0.1315000
v -0.0250000 1.5600000 0.1280000
v -0.0193369 1.5640000 0.1328369
v -0.0193369 1.5560000 0.1328369
v -0.0215000 1.5575279 0.1293369
v -0.0215000 1.5624721 0.1293369
v -0.0193369 1.5640000 0.1371631
v -0.0193369 1.5560000 0.1371631
v -0.0215000 1.5575279 0.1406631
v -0.0215000 1.5624721 0.1406631
v -0.0180000 1.5600000 0.1350000
v -0.0306631 1.5640000 0.1328369
v -0.0306631 1.5560000 0.1328369
v -0.0285000 1.5575279 0.1293369
v -0.0285000 1.5624721 0.1293369
v -0.0306631 1.5640000 0.1371631
v -0.0306631 1.5560000 0.1371631
v -0.0285000 1.5575279 0.1406631
v -0.0285000 1.5624721 0.1406631
v -0.0320000 1.5600000 0.1350000
v 0.0213199 1.5668052 0.1350000
v 0.0286801 1.5668052 0.1350000
v 0.0213199 1.5531948 0.1350000
v 0.0286801 1.5531948 0.1350000
v 0.0250000 1.5557942 0.1409546
v 0.0250000 1.5642058 0.1409546
v 0.0250000 1.5557942 0.1290454
v 0.0250000 1.5642058 0.1290454
v 0.0309546 1.5600000 0.1313199
v 0.0309546 1.5600000 0.1386801
v 0.0190454 1.5600000 0.1313199
v 0.0190454 1.5600000 0.1386801
v 0.0250000 1.5680000 0.1350000
v 0.0250000 1.5520000 0.1350000
v 0.0228369 1.5535279 0.1385000
v 0.0271631 1.5535279 0.1385000
v 0.0228369 1.5664721 0.1385000
v 0.0271631 1.5664721 0.1385000
v 0.0250000 1.5600000 0.1420000
v 0.0228369 1.5535279 0.1315000
v 0.0271631 1.5535279 0.1315000
v 0.0228369 1.5664721 0.1315000
v 0.0271631 1.5664721 0.1315000
v 0.0250000 1.5600000 0.1280000
v 0.0306631 1.5640000 0.1328369
v 0.0306631 1.5560000 0.1328369
v 0.0285000 1.5575279 0.1293369
v 0.0285000 1.5624721 0.1293369
v 0.0306631 1.5640000 0.1371631
v 0.0306631 1.5560000 0.1371631
v 0.0285000 1.5575279 0.1406631
v 0.0285000 1.5624721 0.1406631
v 0.0320000 1.5600000 0.1350000
v 0.0193369 1.5640000 0.1328369
v 0.0193369 1.5560000 0.1328369
v 0.0215000 1.5575279 0.1293369
v 0.0215000 1.5624721 0.1293369
v 0.0193369 1.5640000 0.1371631
v 0.0193369 1.5560000 0.1371631
v 0.0215000 1.5575279 0.1406631
v 0.0215000 1.5624721 0.1406631
v 0.0180000 1.5600000 0.1350000
v -0.0286801 1.5268052 0.1350000
v -0.0213199 1.5268052 0.1350000
v -0.0286801 1.5131948 0.1350000
v -0.0213199 1.5131948 0.1350000
v -0.0250000 1.5157942 0.1409546
v -0.0250000 1.5242058 0.1409546
v -0.0250000 1.5157942 0.1290454
v -0.0250000 1.5242058 0.1290454
v -0.0190454 1.5200000 0.1313199
v -0.0190454 1.5200000 0.1386801
v -0.0309546 1.5200000 0.1313199
v -0.0309546 1.5200000 0.1386801
v -0.0250000 1.5280000 0.1350000
v -0.0250000 1.5120000 0.1350000
v -0.0271631 1.5135279 0.1385000
v -0.0228369 1.5135279 0.1385000
v -0.0271631 1.5264721 0.1385000
v -0.0228369 1.5264721 0.1385000
v -0.0250000 1.5200000 0.1420000
v -0.0271631 1.5135279 0.1315000
v -0.0228369 1.5135279 0.1315000
v -0.0271631 1.5264721 0.1315000
v -0.0228369 1.5264721 0.1315000
v -0.0250000 1.5200000 0.1280000
v -0.0193369 1.5240000 0.1328369
v -0.0193369 1.5160000 0.1328369
v -0.0215000 1.5175279 0.1293369
v -0.0215000 1.5224721 0.1293369
v -0.0193369 1.5240000 0.1371631
v -0.0193369 1.5160000 0.1371631
v -0.0215000 1.5175279 0.1406631
v -0.0215000 1.5224721 0.1406631
v -0.0180000 1.5200000 0.1350000
v -0.0306631 1.5240000 0.1328369
v -0.0306631 1.5160000 0.1328369
v -0.0285000 1.5175279 0.1293369
v -0.0285000 1.5224721 0.1293369
v -0.0306631 1.5240000 0.1371631
v -0.0306631 1.5160000 0.1371631
v -0.0285000 1.5175279 0.1406631
v -0.0285000 1.5224721 0.1406631
v -0.0320000 1.5200000 0.1350000
v 0.0213199 1.5268052 0.1350000
v 0.0286801 1.5268052 0.1350000
v 0.0213199 1.5131948 0.1350000
v 0.0286801 1.5131948 0.1350000
v 0.0250000 1.5157942 0.1409546
v 0.0250000 1.5242058 0.1409546
v 0.0250000 1.5157942 0.1290454
v 0.0250000 1.5242058 0.1290454
v 0.0309546 1.5200000 0.1313199
v 0.0309546 1.5200000 0.1386801
v 0.0190454 1.5200000 0.1313199
v 0.0190454 1.5200000 0.1386801
v 0.0250000 1.5280000 0.1350000
v 0.0250000 1.5120000 0.1350000
v 0.0228369 1.5135279 0.1385000
v 0.0271631 1.5135279 0.1385000
v 0.0228369 1.5264721 0.1385000
v 0.0271631 1.5264721 0.1385000
v 0.0250000 1.5200000 0.1420000
v 0.0228369 1.5135279 0.1315000
v 0.0271631 1.5135279 0.1315000
v 0.0228369 1.5264721 0.1315000
v 0.0271631 1.5264721 0.1315000
v 0.0250000 1.5200000 0.1280000
v 0.0306631 1.5240000 0.1328369
v 0.0306631 1.5160000 0.1328369
v 0.0285000 1.5175279 0.1293369
v 0.0285000 1.5224721 0.1293369
v 0.0306631 1.5240000 0.1371631
v 0.0306631 1.5160000 0.1371631
v 0.0285000 1.5175279 0.1406631
v 0.0285000 1.5224721 0.1406631
v 0.0320000 1.5200000 0.1350000
v 0.0193369 1.5240000 0.1328369
v 0.0193369 1.5160000 0.1328369
v 0.0215000 1.5175279 0.1293369
v 0.0215000 1.5224721 0.1293369
v 0.0193369 1.5240000 0.1371631
v 0.0193369 1.5160000 0.1371631
v 0.0215000 1.5175279 0.1406631
v 0.0215000 1.5224721 0.1406631
v 0.0180000 1.5200000 0.1350000
v -0.0236801 1.6168052 0.0850000
v -0.0163199 1.6168052 0.0850000
v -0.0236801 1.6031948 0.0850000
v -0.0163199 1.6031948 0.0850000
v -0.0200000 1.6057942 0.0909546
v -0.0200000 1.6142058 0.0909546
v -0.0200000 1.6057942 0.0790454
v -0.0200000 1.6142058 0.0790454
v -0.0140454 1.6100000 0.0813199
v -0.0140454 1.6100000 0.0886801
v -0.0259546 1.6100000 0.0813199
v -0.0259546 1.6100000 0.0886801
v -0.0200000 1.6180000 0.0850000
v -0.0200000 1.6020000 0.0850000
v -0.0221631 1.6035279 0.0885000
v -0.0178369 1.6035279 0.0885000
v -0.0221631 1.6164721 0.0885000
v -0.0178369 1.6164721 0.0885000
v -0.0200000 1.6100000 0.0920000
v -0.0221631 1.6035279 0.0815000
v -0.0178369 1.6035279 0.0815000
v -0.0221631 1.6164721 0.0815000
v -0.0178369 1.6164721 0.0815000
v -0.0200000 1.6100000 0.0780000
v -0.0143369 1.6140000 0.0828369
v -0.0143369 1.6060000 0.0828369
v -0.0165000 1.6075279 0.0793369
v -0.0165000 1.6124721 0.0793369
v -0.0143369 1.6140000 0.0871631
v -0.0143369 1.6060000 0.0871631
v -0.0165000 1.6075279 0.0906631
v -0.0165000 1.6124721 0.0906631
v -0.0130000 1.6100000 0.0850000
v -0.0256631 1.6140000 0.0828369
v -0.0256631 1.6060000 0.0828369
v -0.0235000 1.6075279 0.0793369
v -0.0235000 1.6124721 0.0793369
v -0.0256631 1.6140000 0.0871631
v -0.0256631 1.6060000 0.0871631
v -0.0235000 1.6075279 0.0906631
v -0.0235000 1.6124721 0.0906631
v -0.0270000 1.6100000 0.0850000
v 0.0163199 1.6168052 0.0850000
v 0.0236801 1.6168052 0.0850000
v 0.0163199 1.6031948 0.0850000
v 0.0236801 1.6031948 0.0850000
v 0.0200000 1.6057942 0.0909546
v 0.0200000 1.6142058 0.0909546
v 0.0200000 1.6057942 0.0790454
v 0.0200000 1.6142058 0.0790454
v 0.0259546 1.6100000 0.0813199
v 0.0259546 1.6100000 0.0886801
v 0.0140454 1.6100000 0.0813199
v 0.0140454 1.6100000 0.0886801
v 0.0200000 1.6180000 0.0850000
v 0.0200000 1.6020000 0.0850000
v 0.0178369 1.6035279 0.0885000
v 0.0221631 1.6035279 0.0885000
v 0.0178369 1.6164721 0.0885000
v 0.0221631 1.6164721 0.0885000
v 0.0200000 1.6100000 0.0920000
v 0.0178369 1.6035279 0.0815000
v 0.0221631 1.6035279 0.0815000
v 0.0178369 1.6164721 0.0815000
v 0.0221631 1.6164721 0.0815000
v 0.0200000 1.6100000 0.0780000
v 0.0256631 1.6140000 0.0828369
v 0.0256631 1.6060000 0.0828369
v 0.0235000 1.6075279 0.0793369
v 0.0235000 1.6124721 0.0793369
v 0.0256631 1.6140000 0.0871631
v 0.0256631 1.6060000 0.0871631
v 0.0235000 1.6075279 0.0906631
v 0.0235000 1.6124721 0.0906631
v 0.0270000 1.6100000 0.0850000
v 0.0143369 1.6140000 0.0828369
v 0.0143369 1.6060000 0.0828369
v 0.0165000 1.6075279 0.0793369
v 0.0165000 1.6124721 0.0793369
v 0.0143369 1.6140000 0.0871631
v 0.0143369 1.6060000 0.0871631
v 0.0165000 1.6075279 0.0906631
v 0.0165000 1.6124721 0.0906631
v 0.0130000 1.6100000 0.0850000
v -0.0271544 1.5818052 0.1220000
v -0.0208456 1.5818052 0.1220000
v -0.0271544 1.5681948 0.1220000
v -0.0208456 1.5681948 0.1220000
v -0.0240000 1.5707942 0.1271039
v -0.0240000 1.5792058 0.1271039
v -0.0240000 1.5707942 0.1168961
v -0.0240000 1.5792058 0.1168961
v -0.0188961 1.5750000 0.1188456
v -0.0188961 1.5750000 0.1251544
v -0.0291039 1.5750000 0.1188456
v -0.0291039 1.5750000 0.1251544
v -0.0240000 1.5830000 0.1220000
v -0.0240000 1.5670000 0.1220000
v -0.0258541 1.5685279 0.1250000
v -0.0221459 1.5685279 0.1250000
v -0.0258541 1.5814721 0.1250000
v -0.0221459 1.5814721 0.1250000
v -0.0240000 1.5750000 0.1280000
v -0.0258541 1.5685279 0.1190000
v -0.0221459 1.5685279 0.1190000
v -0.0258541 1.5814721 0.1190000
v -0.0221459 1.5814721 0.1190000
v -0.0240000 1.5750000 0.1160000
v -0.0191459 1.5790000 0.1201459
v -0.0191459 1.5710000 0.1201459
v -0.0210000 1.5725279 0.1171459
v -0.0210000 1.5774721 0.1171459
v -0.0191459 1.5790000 0.1238541
v -0.0191459 1.5710000 0.1238541
v -0.0210000 1.5725279 0.1268541
v -0.0210000 1.5774721 0.1268541
v -0.0180000 1.5750000 0.1220000
v -0.0288541 1.5790000 0.1201459
v -0.0288541 1.5710000 0.1201459
v -0.0270000 1.5725279 0.1171459
v -0.0270000 1.5774721 0.1171459
v -0.0288541 1.5790000 0.1238541
v -0.0288541 1.5710000 0.1238541
v -0.0270000 1.5725279 0.1268541
v -0.0270000 1.5774721 0.1268541
v -0.0300000 1.5750000 0.1220000
v 0.0208456 1.5818052 0.1220000
v 0.0271544 1.5818052 0.1220000
v 0.0208456 1.5681948 0.1220000
v 0.0271544 1.5681948 0.1220000
v 0.0240000 1.5707942 0.1271039
v 0.0240000 1.5792058 0.1271039
v 0.0240000 1.5707942 0.1168961
v 0.0240000 1.5792058 0.1168961
v 0.0291039 1.5750000 0.1188456
v 0.0291039 1.5750000 0.1251544
v 0.0188961 1.5750000 0.1188456
v 0.0188961 1.5750000 0.1251544
v 0.0240000 1.5830000 0.1220000
v 0.0240000 1.5670000 0.1220000
v 0.0221459 1.5685279 0.1250000
v 0.0258541 1.5685279 0.1250000
v 0.0221459 1.5814721 0.1250000
v 0.0258541 1.5814721 0.1250000
v 0.0240000 1.5750000 0.1280000
v 0.0221459 1.5685279 0.1190000
v 0.0258541 1.5685279 0.1190000
v 0.0221459 1.5814721 0.1190000
v 0.0258541 1.5814721 0.1190000
v 0.0240000 1.5750000 0.1160000
v 0.0288541 1.5790000 0.1201459
v 0.0288541 1.5710000 0.1201459
v 0.0270000 1.5725279 0.1171459
v 0.0270000 1.5774721 0.1171459
v 0.0288541 1.5790000 0.1238541
v 0.0288541 1.5710000 0.1238541
v 0.0270000 1.5725279 0.1268541
v 0.0270000 1.5774721 0.1268541
v 0.0300000 1.5750000 0.1220000
v 0.0191459 1.5790000 0.1201459
v 0.0191459 1.5710000 0.1201459
v 0.0210000 1.5725279 0.1171459
v 0.0210000 1.5774721 0.1171459
v 0.0191459 1.5790000 0.1238541
v 0.0191459 1.5710000 0.1238541
v 0.0210000 1.5725279 0.1268541
v 0.0210000 1.5774721 0.1268541
v 0.0180000 1.5750000 0.1220000
v -0.0331544 1.5968052 0.1120000
v -0.0268456 1.5968052 0.1120000
v -0.0331544 1.5831948 0.1120000
v -0.0268456 1.5831948 0.1120000
v -0.0300000 1.5857942 0.1171039
v -0.0300000 1.5942058 0.1171039
v -0.0300000 1.5857942 0.1068961
v -0.0300000 1.5942058 0.1068961
v -0.0248961 1.5900000 0.1088456
v -0.0248961 1.5900000 0.1151544
v -0.0351039 1.5900000 0.1088456
v -0.0351039 1.5900000 0.1151544
v -0.0300000 1.5980000 0.1120000
v -0.0300000 1.5820000 0.1120000
v -0.0318541 1.5835279 0.1150000
v -0.0281459 1.5835279 0.1150000
v -0.0318541 1.5964721 0.1150000
v -0.0281459 1.5964721 0.1150000
v -0.0300000 1.5900000 0.1180000
v -0.0318541 1.5835279 0.1090000
v -0.0281459 1.5835279 0.1090000
v -0.0318541 1.5964721 0.1090000
v -0.0281459 1.5964721 0.1090000
v -0.0300000 1.5900000 0.1060000
v -0.0251459 1.5940000 0.1101459
v -0.0251459 1.5860000 0.1101459
v -0.0270000 1.5875279 0.1071459
v -0.0270000 1.5924721 0.1071459
v -0.0251459 1.5940000 0.1138541
v -0.0251459 1.5860000 0.1138541
v -0.0270000 1.5875279 0.1168541
v -0.0270000 1.5924721 0.1168541
v -0.0240000 1.5900000 0.1120000
v -0.0348541 1.5940000 0.1101459
v -0.0348541 1.5860000 0.1101459
v -0.0330000 1.5875279 0.1071459
v -0.0330000 1.5924721 0.1071459
v -0.0348541 1.5940000 0.1138541
v -0.0348541 1.5860000 0.1138541
v -0.0330000 1.5875279 0.1168541
v -0.0330000 1.5924721 0.1168541
v -0.0360000 1.5900000 0.1120000
v 0.0268456 1.5968052 0.1120000
v 0.0331544 1.5968052 0.1120000
v 0.0268456 1.5831948 0.1120000
v 0.0331544 1.5831948 0.1120000
v 0.0300000 1.5857942 0.1171039
v 0.0300000 1.5942058 0.1171039
v 0.0300000 1.5857942 0.1068961
v 0.0300000 1.5942058 0.1068961
v 0.0351039 1.5900000 0.1088456
v 0.0351039 1.5900000 0.1151544
v 0.0248961 1.5900000 0.1088456
v 0.0248961 1.5900000 0.1151544
v 0.0300000 1.5980000 0.1120000
v 0.0300000 1.5820000 0.1120000
v 0.0281459 1.5835279 0.1150000
v 0.0318541 1.5835279 0.1150000
v 0.0281459 1.5964721 0.1150000
v 0.0318541 1.5964721 0.1150000
v 0.0300000 1.5900000 0.1180000
v 0.0281459 1.5835279 0.1090000
v 0.0318541 1.5835279 0.1090000
v 0.0281459 1.5964721 0.1090000
v 0.0318541 1.5964721 0.1090000
v 0.0300000 1.5900000 0.1060000
v 0.0348541 1.5940000 0.1101459
v 0.0348541 1.5860000 0.1101459
v 0.0330000 1.5875279 0.1071459
v 0.0330000 1.5924721 0.1071459
v 0.0348541 1.5940000 0.1138541
v 0.0348541 1.5860000 0.1138541
v 0.0330000 1.5875279 0.1168541
v 0.0330000 1.5924721 0.1168541
v 0.0360000 1.5900000 0.1120000
v 0.0251459 1.5940000 0.1101459
v 0.0251459 1.5860000 0.1101459
v 0.0270000 1.5875279 0.1071459
v 0.0270000 1.5924721 0.1071459
v 0.0251459 1.5940000 0.1138541
v 0.0251459 1.5860000 0.1138541
v 0.0270000 1.5875279 0.1168541
v 0.0270000 1.5924721 0.1168541
v 0.0240000 1.5900000 0.1120000
v -0.0341544 1.5788052 0.1280000
v -0.0278456 1.5788052 0.1280000
v -0.0341544 1.5651948 0.1280000
v -0.0278456 1.5651948 0.1280000
v -0.0310000 1.5677942 0.1331039
v -0.0310000 1.5762058 0.1331039
v -0.0310000 1.5677942 0.1228961
v -0.0310000 1.5762058 0.1228961
v -0.0258961 1.5720000 0.1248456
v -0.0258961 1.5720000 0.1311544
v -0.0361039 1.5720000 0.1248456
v -0.0361039 1.5720000 0.1311544
v -0.0310000 1.5800000 0.1280000
v -0.0310000 1.5640000 0.1280000
v -0.0328541 1.5655279 0.1310000
v -0.0291459 1.5655279 0.1310000
v -0.0328541 1.5784721 0.1310000
v -0.0291459 1.5784721 0.1310000
v -0.0310000 1.5720000 0.1340000
v -0.0328541 1.5655279 0.1250000
v -0.0291459 1.5655279 0.1250000
v -0.0328541 1.5784721 0.1250000
v -0.0291459 1.5784721 0.1250000
v -0.0310000 1.5720000 0.1220000
v -0.0261459 1.5760000 0.1261459
v -0.0261459 1.5680000 0.1261459
v -0.0280000 1.5695279 0.1231459
v -0.0280000 1.5744721 0.1231459
v -0.0261459 1.5760000 0.1298541
v -0.0261459 1.5680000 0.1298541
v -0.0280000 1.5695279 0.1328541
v -0.0280000 1.5744721 0.1328541
v -0.0250000 1.5720000 0.1280000
v -0.0358541 1.5760000 0.1261459
v -0.0358541 1.5680000 0.1261459
v -0.0340000 1.5695279 0.1231459
v -0.0340000 1.5744721 0.1231459
v -0.0358541 1.5760000 0.1298541
v -0.0358541 1.5680000 0.1298541
v -0.0340000 1.5695279 0.1328541
v -0.0340000 1.5744721 0.1328541
v -0.0370000 1.5720000 0.1280000
v 0.0278456 1.5788052 0.1280000
v 0.0341544 1.5788052 0.1280000
v 0.0278456 1.5651948 0.1280000
v 0.0341544 1.5651948 0.1280000
v 0.0310000 1.5677942 0.1331039
v 0.0310000 1.5762058 0.1331039
v 0.0310000 1.5677942 0.1228961
v 0.0310000 1.5762058 0.1228961
v 0.0361039 1.5720000 0.1248456
v 0.0361039 1.5720000 0.1311544
v 0.0258961 1.5720000 0.1248456
v 0.0258961 1.5720000 0.1311544
v 0.0310000 1.5800000 0.1280000
v 0.0310000 1.5640000 0.1280000
v 0.0291459 1.5655279 0.1310000
v 0.0328541 1.5655279 0.1310000
v 0.0291459 1.5784721 0.1310000
v 0.0328541 1.5784721 0.1310000
v 0.0310000 1.5720000 0.1340000
v 0.0291459 1.5655279 0.1250000
v 0.0328541 1.5655279 0.1250000
v 0.0291459 1.5784721 0.1250000
v 0.0328541 1.5784721 0.1250000
v 0.0310000 1.5720000 0.1220000
v 0.0358541 1.5760000 0.1261459
v 0.0358541 1.5680000 0.1261459
v 0.0340000 1.5695279 0.1231459
v 0.0340000 1.5744721 0.1231459
v 0.0358541 1.5760000 0.1298541
v 0.0358541 1.5680000 0.1298541
v 0.0340000 1.5695279 0.1328541
v 0.0340000 1.5744721 0.1328541
v 0.0370000 1.5720000 0.1280000
v 0.0261459 1.5760000 0.1261459
v 0.0261459 1.5680000 0.1261459
v 0.0280000 1.5695279 0.1231459
v 0.0280000 1.5744721 0.1231459
v 0.0261459 1.5760000 0.1298541
v 0.0261459 1.5680000 0.1298541
v 0.0280000 1.5695279 0.1328541
v 0.0280000 1.5744721 0.1328541
v 0.0250000 1.5720000 0.1280000
v -0.0281544 1.5928052 0.1360000
v -0.0218456 1.5928052 0.1360000
v -0.0281544 1.5791948 0.1360000
v -0.0218456 1.5791948 0.1360000
v -0.0250000 1.5817942 0.1411039
v -0.0250000 1.5902058 0.1411039
v -0.0250000 1.5817942 0.1308961
v -0.0250000 1.5902058 0.1308961
v -0.0198961 1.5860000 0.1328456
v -0.0198961 1.5860000 0.1391544
v -0.0301039 1.5860000 0.1328456
v -0.0301039 1.5860000 0.1391544
v -0.0250000 1.5940000 0.1360000
v -0.0250000 1.5780000 0.1360000
v -0.0268541 1.5795279 0.1390000
v -0.0231459 1.5795279 0.1390000
v -0.0268541 1.5924721 0.1390000
v -0.0231459 1.5924721 0.1390000
v -0.0250000 1.5860000 0.1420000
v -0.0268541 1.5795279 0.1330000
v -0.0231459 1.5795279 0.1330000
v -0.0268541 1.5924721 0.1330000
v -0.0231459 1.5924721 0.1330000
v -0.0250000 1.5860000 0.1300000
v -0.0201459 1.5900000 0.1341459
v -0.0201459 1.5820000 0.1341459
v -0.0220000 1.5835279 0.1311459
v -0.0220000 1.5884721 0.1311459
v -0.0201459 1.5900000 0.1378541
v -0.0201459 1.5820000 0.1378541
v -0.0220000 1.5835279 0.1408541
v -0.0220000 1.5884721 0.1408541
v -0.0190000 1.5860000 0.1360000
v -0.0298541 1.5900000 0.1341459
v -0.0298541 1.5820000 0.1341459
v -0.0280000 1.5835279 0.1311459
v -0.0280000 1.5884721 0.1311459
v -0.0298541 1.5900000 0.1378541
v -0.0298541 1.5820000 0.1378541
v -0.0280000 1.5835279 0.1408541
v -0.0280000 1.5884721 0.1408541
v -0.0310000 1.5860000 0.1360000
v 0.0218456 1.5928052 0.1360000
v 0.0281544 1.5928052 0.1360000
v 0.0218456 1.5791948 0.1360000
v 0.0281544 1.5791948 0.1360000
v 0.0250000 1.5817942 0.1411039
v 0.0250000 1.5902058 0.1411039
v 0.0250000 1.5817942 0.1308961
v 0.0250000 1.5902058 0.1308961
v 0.0301039 1.5860000 0.1328456
v 0.0301039 1.5860000 0.1391544
v 0.0198961 1.5860000 0.1328456
v 0.0198961 1.5860000 0.1391544
v 0.0250000 1.5940000 0.1360000
v 0.0250000 1.5780000 0.1360000
v 0.0231459 1.5795279 0.1390000
v 0.0268541 1.5795279 0.1390000
v 0.0231459 1.5924721 0.1390000
v 0.0268541 1.5924721 0.1390000
v 0.0250000 1.5860000 0.1420000
v 0.0231459 1.5795279 0.1330000
v 0.0268541 1.5795279 0.1330000
v 0.0231459 1.5924721 0.1330000
v 0.0268541 1.5924721 0.1330000
v 0.0250000 1.5860000 0.1300000
v 0.0298541 1.5900000 0.1341459
v 0.0298541 1.5820000 0.1341459
v 0.0280000 1.5835279 0.1311459
v 0.0280000 1.5884721 0.1311459
v 0.0298541 1.5900000 0.1378541
v 0.0298541 1.5820000 0.1378541
v 0.0280000 1.5835279 0.1408541
v 0.0280000 1.5884721 0.1408541
v 0.0310000 1.5860000 0.1360000
v 0.0201459 1.5900000 0.1341459
v 0.0201459 1.5820000 0.1341459
v 0.0220000 1.5835279 0.1311459
v 0.0220000 1.5884721 0.1311459
v 0.0201459 1.5900000 0.1378541
v 0.0201459 1.5820000 0.1378541
v 0.0220000 1.5835279 0.1408541
v 0.0220000 1.5884721 0.1408541
v 0.0190000 1.5860000 0.1360000
v -0.0241544 1.6098052 0.1200000
v -0.0178456 1.6098052 0.1200000
v -0.0241544 1.5961948 0.1200000
v -0.0178456 1.5961948 0.1200000
v -0.0210000 1.5987942 0.1251039
v -0.0210000 1.6072058 0.1251039
v -0.0210000 1.5987942 0.1148961
v -0.0210000 1.6072058 0.1148961
v -0.0158961 1.6030000 0.1168456
v -0.0158961 1.6030000 0.1231544
v -0.0261039 1.6030000 0.1168456
v -0.0261039 1.6030000 0.1231544
v -0.0210000 1.6110000 0.1200000
v -0.0210000 1.5950000 0.1200000
v -0.0228541 1.5965279 0.1230000
v -0.0191459 1.5965279 0.1230000
v -0.0228541 1.6094721 0.1230000
v -0.0191459 1.6094721 0.1230000
v -0.0210000 1.6030000 0.1260000
v -0.0228541 1.5965279 0.1170000
v -0.0191459 1.5965279 0.1170000
v -0.0228541 1.6094721 0.1170000
v -0.0191459 1.6094721 0.1170000
v -0.0210000 1.6030000 0.1140000
v -0.0161459 1.6070000 0.1181459
v -0.0161459 1.5990000 0.1181459
v -0.0180000 1.6005279 0.1151459
v -0.0180000 1.6054721 0.1151459
v -0.0161459 1.6070000 0.1218541
v -0.0161459 1.5990000 0.1218541
v -0.0180000 1.6005279 0.1248541
v -0.0180000 1.6054721 0.1248541
v -0.0150000 1.6030000 0.1200000
v -0.0258541 1.6070000 0.1181459
v -0.0258541 1.5990000 0.1181459
v -0.0240000 1.6005279 0.1151459
v -0.0240000 1.6054721 0.1151459
v -0.0258541 1.6070000 0.1218541
v -0.0258541 1.5990000 0.1218541
v -0.0240000 1.6005279 0.1248541
v -0.0240000 1.6054721 0.1248541
v -0.0270000 1.6030000 0.1200000
v 0.0178456 1.6098052 0.1200000
v 0.0241544 1.6098052 0.1200000
v 0.0178456 1.5961948 0.1200000
v 0.0241544 1.5961948 0.1200000
v 0.0210000 1.5987942 0.1251039
v 0.0210000 1.6072058 0.1251039
v 0.0210000 1.5987942 0.1148961
v 0.0210000 1.6072058 0.1148961
v 0.0261039 1.6030000 0.1168456
v 0.0261039 1.6030000 0.1231544
v 0.0158961 1.6030000 0.1168456
v 0.0158961 1.6030000 0.1231544
v 0.0210000 1.6110000 0.1200000
v 0.0210000 1.5950000 0.1200000
v 0.0191459 1.5965279 0.1230000
v 0.0228541 1.5965279 0.1230000
v 0.0191459 1.6094721 0.1230000
v 0.0228541 1.6094721 0.1230000
v 0.0210000 1.6030000 0.1260000
v 0.0191459 1.5965279 0.1170000
v 0.0228541 1.5965279 0.1170000
v 0.0191459 1.6094721 0.1170000
v 0.0228541 1.6094721 0.1170000
v 0.0210000 1.6030000 0.1140000
v 0.0258541 1.6070000 0.1181459
v 0.0258541 1.5990000 0.1181459
v 0.0240000 1.6005279 0.1151459
v 0.0240000 1.6054721 0.1151459
v 0.0258541 1.6070000 0.1218541
v 0.0258541 1.5990000 0.1218541
v 0.0240000 1.6005279 0.1248541
v 0.0240000 1.6054721 0.1248541
v 0.0270000 1.6030000 0.1200000
v 0.0161459 1.6070000 0.1181459
v 0.0161459 1.5990000 0.1181459
v 0.0180000 1.6005279 0.1151459
v 0.0180000 1.6054721 0.1151459
v 0.0161459 1.6070000 0.1218541
v 0.0161459 1.5990000 0.1218541
v 0.0180000 1.6005279 0.1248541
v 0.0180000 1.6054721 0.1248541
v 0.0150000 1.6030000 0.1200000
vn -0.4725628 0.8812970 0.0000000
vn 0.4725628 0.8812970 0.0000000
vn -0.4725628 -0.8812970 0.0000000
vn 0.4725628 -0.8812970 0.0000000
vn 0.0000000 -0.4240496 0.9056390
vn -0.0000000 0.4240496 0.9056390
vn 0.0000000 -0.4240496 -0.9056390
vn -0.0000000 0.4240496 -0.9056390
vn 0.7344315 0.0000000 -0.6786828
vn 0.7344315 -0.0000000 0.6786828
vn -0.7344315 0.0000000 -0.6786828
vn -0.7344315 0.0000000 0.6786828
vn 0.0000000 1.0000000 0.0000000
vn 0.0000000 -1.0000000 0.0000000
vn -0.2450581 -0.7562161 0.6066991
vn 0.2450581 -0.7562161 0.6066991
vn -0.2450581 0.7562161 0.6066991
vn 0.2450581 0.7562161 0.6066991
vn 0.0000000 -0.0000000 1.0000000
vn -0.2450581 -0.7562161 -0.6066991
vn 0.2450581 -0.7562161 -0.6066991
vn -0.2450581 0.7562161 -0.6066991
vn 0.2450581 0.7562161 -0.6066991
vn -0.0000000 -0.0000000 -1.0000000
vn 0.7448689 0.5282111 -0.4076314
vn 0.7448689 -0.5282111 -0.4076314
vn 0.3591494 -0.2653979 -0.8947489
vn 0.3591494 0.2653979 -0.8947489
vn 0.7448689 0.5282111 0.4076314
vn 0.7448689 -0.5282111 0.4076314
vn 0.3591494 -0.2653979 0.8947489
vn 0.3591494 0.2653979 0.8947489
vn 1.0000000 0.0000000 0.0000000
vn -0.7448689 0.5282111 -0.4076314
vn -0.7448689 -0.5282111 -0.4076314
vn -0.3591494 -0.2653979 -0.8947489
vn -0.3591494 0.2653979 -0.8947489
vn -0.7448689 0.5282111 0.4076314
vn -0.7448689 -0.5282111 0.4076314
vn -0.3591494 -0.2653979 0.8947489
vn -0.3591494 0.2653979 0.8947489
vn -1.0000000 0.0000000 0.0000000
vn -0.4725628 0.8812970 0.0000000
vn 0.4725628 0.8812970 0.0000000
vn -0.4725628 -0.8812970 0.0000000
vn 0.4725628 -0.8812970 0.0000000
vn 0.0000000 -0.4240496 0.9056390
vn -0.0000000 0.4240496 0.9056390
vn 0.0000000 -0.4240496 -0.9056390
vn -0.0000000 0.4240496 -0.9056390
vn 0.7344315 0.0000000 -0.6786828
vn 0.7344315 0.0000000 0.6786828
vn -0.7344315 -0.0000000 -0.6786828
vn -0.7344315 0.0000000 0.6786828
vn 0.0000000 1.0000000 0.0000000
vn 0.0000000 -1.0000000 0.0000000
vn -0.2450581 -0.7562161 0.6066991
vn 0.2450581 -0.7562161 0.6066991
vn -0.2450581 0.7562161 0.6066991
vn 0.2450581 0.7562161 0.6066991
vn 0.0000000 -0.0000000 1.0000000
vn -0.2450581 -0.7562161 -0.6066991
vn 0.2450581 -0.7562161 -0.6066991
vn -0.2450581 0.7562161 -0.6066991
vn 0.2450581 0.7562161 -0.6066991
vn -0.0000000 -0.0000000 -1.0000000
vn 0.7448689 0.5282111 -0.4076314
vn 0.7448689 -0.5282111 -0.4076314
vn 0.3591494 -0.2653979 -0.8947489
vn 0.3591494 0.2653979 -0.8947489
vn 0.7448689 0.5282111 0.4076314
vn 0.7448689 -0.5282111 0.4076314
vn 0.3591494 -0.2653979 0.8947489
vn 0.3591494 0.2653979 0.8947489
vn 1.0000000 0.0000000 0.0000000
vn -0.7448689 0.5282111 -0.4076314
vn -0.7448689 -0.5282111 -0.4076314
vn -0.3591494 -0.2653979 -0.8947489
vn -0.3591494 0.2653979 -0.8947489
vn -0.7448689 0.5282111 0.4076314
vn -0.7448689 -0.5282111 0.4076314
vn -0.3591494 -0.2653979 0.8947489
vn -0.3591494 0.2653979 0.8947489
vn -1.0000000 -0.0000000 0.0000000
vn -0.5263830 0.8502476 0.0000000
vn 0.5263830 0.8502476 0.0000000
vn -0.5263830 -0.8502476 0.0000000
vn 0.5263830 -0.8502476 0.0000000
vn -0.0000000 -0.4574279 0.8892467
vn -0.0000000 0.4574279 0.8892467
vn -0.0000000 -0.4574279 -0.8892467
vn -0.0000000 0.4574279 -0.8892467
vn 0.8047535 0.0000000 -0.5936091
vn 0.8047535 0.0000000 0.5936091
vn -0.8047535 0.0000000 -0.5936091
vn -0.8047535 0.0000000 0.5936091
vn -0.0000000 1.0000000 0.0000000
vn -0.0000000 -1.0000000 -0.0000000
vn -0.2921971 -0.7700813 0.5670940
vn 0.2921971 -0.7700813 0.5670940
vn -0.2921971 0.7700813 0.5670940
vn 0.2921971 0.7700813 0.5670940
vn -0.0000000 0.0000000 1.0000000
vn -0.2921971 -0.7700813 -0.5670940
vn 0.2921971 -0.7700813 -0.5670940
vn -0.2921971 0.7700813 -0.5670940
vn 0.2921971 0.7700813 -0.5670940
vn -0.0000000 0.0000000 -1.0000000
vn 0.7952411 0.4894475 -0.3578165
vn 0.7952411 -0.4894475 -0.3578165
vn 0.4413008 -0.2751867 -0.8541229
vn 0.4413008 0.2751867 -0.8541229
vn 0.7952411 0.4894475 0.3578165
vn 0.7952411 -0.4894475 0.3578165
vn 0.4413008 -0.2751867 0.8541229
vn 0.4413008 0.2751867 0.8541229
vn 1.0000000 0.0000000 0.0000000
vn -0.7952411 0.4894475 -0.3578165
vn -0.7952411 -0.4894475 -0.3578165
vn -0.4413008 -0.2751867 -0.8541229
vn -0.4413008 0.2751867 -0.8541229
vn -0.7952411 0.4894475 0.3578165
vn -0.7952411 -0.4894475 0.3578165
vn -0.4413008 -0.2751867 0.8541229
vn -0.4413008 0.2751867 0.8541229
vn -1.0000000 0.0000000 0.0000000
vn -0.5263830 0.8502476 0.0000000
vn 0.5263830 0.8502476 0.0000000
vn -0.5263830 -0.8502476 0.0000000
vn 0.5263830 -0.8502476 0.0000000
vn 0.0000000 -0.4574279 0.8892467
vn 0.0000000 0.4574279 0.8892467
vn 0.0000000 -0.4574279 -0.8892467
vn 0.0000000 0.4574279 -0.8892467
vn 0.8047535 0.0000000 -0.5936091
vn 0.8047535 0.0000000 0.5936091
vn -0.8047535 0.0000000 -0.5936091
vn -0.8047535 0.0000000 0.5936091
vn 0.0000000 1.0000000 -0.0000000
vn 0.0000000 -1.0000000 -0.0000000
vn -0.2921971 -0.7700813 0.5670940
vn 0.2921971 -0.7700813 0.5670940
vn -0.2921971 0.7700813 0.5670940
vn 0.2921971 0.7700813 0.5670940
vn 0.0000000 -0.0000000 1.0000000
vn -0.2921971 -0.7700813 -0.5670940
vn 0.2921971 -0.7700813 -0.5670940
vn -0.2921971 0.7700813 -0.5670940
vn 0.2921971 0.7700813 -0.5670940
vn 0.0000000 -0.0000000 -1.0000000
vn 0.7952411 0.4894475 -0.3578165
vn 0.7952411 -0.4894475 -0.3578165
vn 0.4413008 -0.2751867 -0.8541229
vn 0.4413008 0.2751867 -0.8541229
vn 0.7952411 0.4894475 0.3578165
vn 0.7952411 -0.4894475 0.3578165
vn 0.4413008 -0.2751867 0.8541229
vn 0.4413008 0.2751867 0.8541229
vn 1.0000000 0.0000000 0.0000000
vn -0.7952411 0.4894475 -0.3578165
vn -0.7952411 -0.4894475 -0.3578165
vn -0.4413008 -0.2751867 -0.8541229
vn -0.4413008 0.2751867 -0.8541229
vn -0.7952411 0.4894475 0.3578165
vn -0.7952411 -0.4894475 0.3578165
vn -0.4413008 -0.2751867 0.8541229
vn -0.4413008 0.2751867 0.8541229
vn -1.0000000 0.0000000 0.0000000
vn -0.4820913 0.8761210 0.0000000
vn 0.4820913 0.8761210 -0.0000000
vn -0.4820913 -0.8761210 0.0000000
vn 0.4820913 -0.8761210 0.0000000
vn 0.0000000 -0.5140087 0.8577850
vn 0.0000000 0.5140087 0.8577850
vn 0.0000000 -0.5140087 -0.8577850
vn 0.0000000 0.5140087 -0.8577850
vn 0.8138496 -0.0000000 -0.5810756
vn 0.8138496 -0.0000000 0.5810756
vn -0.8138496 -0.0000000 -0.5810756
vn -0.8138496 -0.0000000 0.5810756
vn 0.0000000 1.0000000 -0.0000000
vn 0.0000000 -1.0000000 -0.0000000
vn -0.2756843 -0.8100076 0.5175769
vn 0.2756843 -0.8100076 0.5175769
vn -0.2756843 0.8100076 0.5175769
vn 0.2756843 0.8100076 0.5175769
vn 0.0000000 -0.0000000 1.0000000
vn -0.2756843 -0.8100076 -0.5175769
vn 0.2756843 -0.8100076 -0.5175769
vn -0.2756843 0.8100076 -0.5175769
vn 0.2756843 0.8100076 -0.5175769
vn 0.0000000 -0.0000000 -1.0000000
vn 0.7743036 0.5348461 -0.3382212
vn 0.7743036 -0.5348461 -0.3382212
vn 0.4465909 -0.3122632 -0.8384797
vn 0.4465909 0.3122632 -0.8384797
vn 0.7743036 0.5348461 0.3382212
vn 0.7743036 -0.5348461 0.3382212
vn 0.4465909 -0.3122632 0.8384797
vn 0.4465909 0.3122632 0.8384797
vn 1.0000000 -0.0000000 0.0000000
vn -0.7743036 0.5348461 -0.3382212
vn -0.7743036 -0.5348461 -0.3382212
vn -0.4465909 -0.3122632 -0.8384797
vn -0.4465909 0.3122632 -0.8384797
vn -0.7743036 0.5348461 0.3382212
vn -0.7743036 -0.5348461 0.3382212
vn -0.4465909 -0.3122632 0.8384797
vn -0.4465909 0.3122632 0.8384797
vn -1.0000000 -0.0000000 0.0000000
vn -0.4820913 0.8761210 0.0000000
vn 0.4820913 0.8761210 0.0000000
vn -0.4820913 -0.8761210 0.0000000
vn 0.4820913 -0.8761210 0.0000000
vn -0.0000000 -0.5140087 0.8577850
vn 0.0000000 0.5140087 0.8577850
vn -0.0000000 -0.5140087 -0.8577850
vn 0.0000000 0.5140087 -0.8577850
vn 0.8138496 -0.0000000 -0.5810756
vn 0.8138496 -0.0000000 0.5810756
vn -0.8138496 -0.0000000 -0.5810756
vn -0.8138496 -0.0000000 0.5810756
vn -0.0000000 1.0000000 -0.0000000
vn -0.0000000 -1.0000000 -0.0000000
vn -0.2756843 -0.8100076 0.5175769
vn 0.2756843 -0.8100076 0.5175769
vn -0.2756843 0.8100076 0.5175769
vn 0.2756843 0.8100076 0.5175769
vn 0.0000000 -0.0000000 1.0000000
vn -0.2756843 -0.8100076 -0.5175769
vn 0.2756843 -0.8100076 -0.5175769
vn -0.2756843 0.8100076 -0.5175769
vn 0.2756843 0.8100076 -0.5175769
vn 0.0000000 -0.0000000 -1.0000000
vn 0.7743036 0.5348461 -0.3382212
vn 0.7743036 -0.5348461 -0.3382212
vn 0.4465909 -0.3122632 -0.8384797
vn 0.4465909 0.3122632 -0.8384797
vn 0.7743036 0.5348461 0.3382212
vn 0.7743036 -0.5348461 0.3382212
vn 0.4465909 -0.3122632 0.8384797
vn 0.4465909 0.3122632 0.8384797
vn 1.0000000 -0.0000000 -0.0000000
vn -0.7743036 0.5348461 -0.3382212
vn -0.7743036 -0.5348461 -0.3382212
vn -0.4465909 -0.3122632 -0.8384797
vn -0.4465909 0.3122632 -0.8384797
vn -0.7743036 0.5348461 0.3382212
vn -0.7743036 -0.5348461 0.3382212
vn -0.4465909 -0.3122632 0.8384797
vn -0.4465909 0.3122632 0.8384797
vn -1.0000000 -0.0000000 -0.0000000
vn -0.6386492 0.7694980 -0.0000000
vn 0.6386492 0.7694980 -0.0000000
vn -0.6386492 -0.7694980 -0.0000000
vn 0.6386492 -0.7694980 -0.0000000
vn 0.0000000 -0.3861804 0.9224233
vn 0.0000000 0.3861804 0.9224233
vn 0.0000000 -0.3861804 -0.9224233
vn 0.0000000 0.3861804 -0.9224233
vn 0.8321507 -0.0000000 -0.5545495
vn 0.8321507 -0.0000000 0.5545495
vn -0.8321507 -0.0000000 -0.5545495
vn -0.8321507 -0.0000000 0.5545495
vn 0.0000000 1.0000000 -0.0000000
vn 0.0000000 -1.0000000 -0.0000000
vn -0.3529725 -0.7010421 0.6196373
vn 0.3529725 -0.7010421 0.6196373
vn -0.3529725 0.7010421 0.6196373
vn 0.3529725 0.7010421 0.6196373
vn 0.0000000 -0.0000000 1.0000000
vn -0.3529725 -0.7010421 -0.6196373
vn 0.3529725 -0.7010421 -0.6196373
vn -0.3529725 0.7010421 -0.6196373
vn 0.3529725 0.7010421 -0.6196373
vn 0.0000000 -0.0000000 -1.0000000
vn 0.8541018 0.3839946 -0.3507966
vn 0.8541018 -0.3839946 -0.3507966
vn 0.4893525 -0.2194718 -0.8440179
vn 0.4893525 0.2194718 -0.8440179
vn 0.8541018 0.3839946 0.3507966
vn 0.8541018 -0.3839946 0.3507966
vn 0.4893525 -0.2194718 0.8440179
vn 0.4893525 0.2194718 0.8440179
vn 1.0000000 -0.0000000 -0.0000000
vn -0.8541018 0.3839946 -0.3507966
vn -0.8541018 -0.3839946 -0.3507966
vn -0.4893525 -0.2194718 -0.8440179
vn -0.4893525 0.2194718 -0.8440179
vn -0.8541018 0.3839946 0.3507966
vn -0.8541018 -0.3839946 0.3507966
vn -0.4893525 -0.2194718 0.8440179
vn -0.4893525 0.2194718 0.8440179
vn -1.0000000 -0.0000000 -0.0000000
vn -0.6386492 0.7694980 -0.0000000
vn 0.6386492 0.7694980 -0.0000000
vn -0.6386492 -0.7694980 -0.0000000
vn 0.6386492 -0.7694980 -0.0000000
vn -0.0000000 -0.3861804 0.9224233
vn -0.0000000 0.3861804 0.9224233
vn -0.0000000 -0.3861804 -0.9224233
vn -0.0000000 0.3861804 -0.9224233
vn 0.8321507 -0.0000000 -0.5545495
vn 0.8321507 -0.0000000 0.5545495
vn -0.8321507 -0.0000000 -0.5545495
vn -0.8321507 -0.0000000 0.5545495
vn -0.0000000 1.0000000 -0.0000000
vn -0.0000000 -1.0000000 -0.0000000
vn -0.3529725 -0.7010421 0.6196373
vn 0.3529725 -0.7010421 0.6196373
vn -0.3529725 0.7010421 0.6196373
vn 0.3529725 0.7010421 0.6196373
vn -0.0000000 -0.0000000 1.0000000
vn -0.3529725 -0.7010421 -0.6196373
vn 0.3529725 -0.7010421 -0.6196373
vn -0.3529725 0.7010421 -0.6196373
vn 0.3529725 0.7010421 -0.6196373
vn -0.0000000 -0.0000000 -1.0000000
vn 0.8541018 0.3839946 -0.3507966
vn 0.8541018 -0.3839946 -0.3507966
vn 0.4893525 -0.2194718 -0.8440179
vn 0.4893525 0.2194718 -0.8440179
vn 0.8541018 0.3839946 0.3507966
vn 0.8541018 -0.3839946 0.3507966
vn 0.4893525 -0.2194718 0.8440179
vn 0.4893525 0.2194718 0.8440179
vn 1.0000000 -0.0000000 -0.0000000
vn -0.8541018 0.3839946 -0.3507966
vn -0.8541018 -0.3839946 -0.3507966
vn -0.4893525 -0.2194718 -0.8440179
vn -0.4893525 0.2194718 -0.8440179
vn -0.8541018 0.3839946 0.3507966
vn -0.8541018 -0.3839946 0.3507966
vn -0.4893525 -0.2194718 0.8440179
vn -0.4893525 0.2194718 0.8440179
vn -1.0000000 -0.0000000 -0.0000000
vn -0.5664041 0.8241276 -0.0000000
vn 0.5664041 0.8241276 -0.0000000
vn -0.5664041 -0.8241276 -0.0000000
vn 0.5664041 -0.8241276 -0.0000000
vn -0.0000000 -0.4848826 0.8745793
vn -0.0000000 0.4848826 0.8745793
vn -0.0000000 -0.4848826 -0.8745793
vn -0.0000000 0.4848826 -0.8745793
vn 0.8505120 0.0000000 -0.5259556
vn 0.8505120 0.0000000 0.5259556
vn -0.8505120 0.0000000 -0.5259556
vn -0.8505120 0.0000000 0.5259556
vn -0.0000000 1.0000000 -0.0000000
vn -0.0000000 -1.0000000 -0.0000000
vn -0.3282874 -0.7789191 0.5343337
vn 0.3282874 -0.7789191 0.5343337
vn -0.3282874 0.7789191 0.5343337
vn 0.3282874 0.7789191 0.5343337
vn -0.0000000 0.0000000 1.0000000
vn -0.3282874 -0.7789191 -0.5343337
vn 0.3282874 -0.7789191 -0.5343337
vn -0.3282874 0.7789191 -0.5343337
vn 0.3282874 0.7789191 -0.5343337
vn -0.0000000 0.0000000 -1.0000000
vn 0.8293007 0.4596085 -0.3178370
vn 0.8293007 -0.4596085 -0.3178370
vn 0.5053760 -0.2803883 -0.8160745
vn 0.5053760 0.2803883 -0.8160745
vn 0.8293007 0.4596085 0.3178370
vn 0.8293007 -0.4596085 0.3178370
vn 0.5053760 -0.2803883 0.8160745
vn 0.5053760 0.2803883 0.8160745
vn 1.0000000 0.0000000 -0.0000000
vn -0.8293007 0.4596085 -0.3178370
vn -0.8293007 -0.4596085 -0.3178370
vn -0.5053760 -0.2803883 -0.8160745
vn -0.5053760 0.2803883 -0.8160745
vn -0.8293007 0.4596085 0.3178370
vn -0.8293007 -0.4596085 0.3178370
vn -0.5053760 -0.2803883 0.8160745
vn -0.5053760 0.2803883 0.8160745
vn -1.0000000 0.0000000 -0.0000000
vn -0.5664041 0.8241276 -0.0000000
vn 0.5664041 0.8241276 -0.0000000
vn -0.5664041 -0.8241276 -0.0000000
vn 0.5664041 -0.8241276 -0.0000000
vn 0.0000000 -0.4848826 0.8745793
vn 0.0000000 0.4848826 0.8745793
vn 0.0000000 -0.4848826 -0.8745793
vn 0.0000000 0.4848826 -0.8745793
vn 0.8505120 0.0000000 -0.5259556
vn 0.8505120 0.0000000 0.5259556
vn -0.8505120 0.0000000 -0.5259556
vn -0.8505120 0.0000000 0.5259556
vn 0.0000000 1.0000000 -0.0000000
vn 0.0000000 -1.0000000 -0.0000000
vn -0.3282874 -0.7789191 0.5343337
vn 0.3282874 -0.7789191 0.5343337
vn -0.3282874 0.7789191 0.5343337
vn 0.3282874 0.7789191 0.5343337
vn 0.0000000 0.0000000 1.0000000
vn -0.3282874 -0.7789191 -0.5343337
vn 0.3282874 -0.7789191 -0.5343337
vn -0.3282874 0.7789191 -0.5343337
vn 0.3282874 0.7789191 -0.5343337
vn 0.0000000 0.0000000 -1.0000000
vn 0.8293007 0.4596085 -0.3178370
vn 0.8293007 -0.4596085 -0.3178370
vn 0.5053760 -0.2803883 -0.8160745
vn 0.5053760 0.2803883 -0.8160745
vn 0.8293007 0.4596085 0.3178370
vn 0.8293007 -0.4596085 0.3178370
vn 0.5053760 -0.2803883 0.8160745
vn 0.5053760 0.2803883 0.8160745
vn 1.0000000 0.0000000 -0.0000000
vn -0.8293007 0.4596085 -0.3178370
vn -0.8293007 -0.4596085 -0.3178370
vn -0.5053760 -0.2803883 -0.8160745
vn -0.5053760 0.2803883 -0.8160745
vn -0.8293007 0.4596085 0.3178370
vn -0.8293007 -0.4596085 0.3178370
vn -0.5053760 -0.2803883 0.8160745
vn -0.5053760 0.2803883 0.8160745
vn -1.0000000 -0.0000000 -0.0000000
vn -0.5664041 0.8241276 0.0000000
vn 0.5664041 0.8241276 0.0000000
vn -0.5664041 -0.8241276 0.0000000
vn 0.5664041 -0.8241276 0.0000000
vn -0.0000000 -0.4848826 0.8745793
vn -0.0000000 0.4848826 0.8745793
vn -0.0000000 -0.4848826 -0.8745793
vn -0.0000000 0.4848826 -0.8745793
vn 0.8505120 -0.0000000 -0.5259556
vn 0.8505120 -0.0000000 0.5259556
vn -0.8505120 -0.0000000 -0.5259556
vn -0.8505120 -0.0000000 0.5259556
vn -0.0000000 1.0000000 0.0000000
vn -0.0000000 -1.0000000 0.0000000
vn -0.3282874 -0.7789191 0.5343337
vn 0.3282874 -0.7789191 0.5343337
vn -0.3282874 0.7789191 0.5343337
vn 0.3282874 0.7789191 0.5343337
vn -0.0000000 -0.0000000 1.0000000
vn -0.3282874 -0.7789191 -0.5343337
vn 0.3282874 -0.7789191 -0.5343337
vn -0.3282874 0.7789191 -0.5343337
vn 0.3282874 0.7789191 -0.5343337
vn -0.0000000 -0.0000000 -1.0000000
vn 0.8293007 0.4596085 -0.3178370
vn 0.8293007 -0.4596085 -0.3178370
vn 0.5053760 -0.2803883 -0.8160745
vn 0.5053760 0.2803883 -0.8160745
vn 0.8293007 0.4596085 0.3178370
vn 0.8293007 -0.4596085 0.3178370
vn 0.5053760 -0.2803883 0.8160745
vn 0.5053760 0.2803883 0.8160745
vn 1.0000000 -0.0000000 0.0000000
vn -0.8293007 0.4596085 -0.3178370
vn -0.8293007 -0.4596085 -0.3178370
vn -0.5053760 -0.2803883 -0.8160745
vn -0.5053760 0.2803883 -0.8160745
vn -0.8293007 0.4596085 0.3178370
vn -0.8293007 -0.4596085 0.3178370
vn -0.5053760 -0.2803883 0.8160745
vn -0.5053760 0.2803883 0.8160745
vn -1.0000000 0.0000000 0.0000000
vn -0.5664041 0.8241276 0.0000000
vn 0.5664041 0.8241276 0.0000000
vn -0.5664041 -0.8241276 0.0000000
vn 0.5664041 -0.8241276 0.0000000
vn 0.0000000 -0.4848826 0.8745793
vn 0.0000000 0.4848826 0.8745793
vn 0.0000000 -0.4848826 -0.8745793
vn 0.0000000 0.4848826 -0.8745793
vn 0.8505120 -0.0000000 -0.5259556
vn 0.8505120 -0.0000000 0.5259556
vn -0.8505120 -0.0000000 -0.5259556
vn -0.8505120 -0.0000000 0.5259556
vn 0.0000000 1.0000000 0.0000000
vn 0.0000000 -1.0000000 0.0000000
vn -0.3282874 -0.7789191 0.5343337
vn 0.3282874 -0.7789191 0.5343337
vn -0.3282874 0.7789191 0.5343337
vn 0.3282874 0.7789191 0.5343337
vn 0.0000000 -0.0000000 1.0000000
vn -0.3282874 -0.7789191 -0.5343337
vn 0.3282874 -0.7789191 -0.5343337
vn -0.3282874 0.7789191 -0.5343337
vn 0.3282874 0.7789191 -0.5343337
vn 0.0000000 -0.0000000 -1.0000000
vn 0.8293007 0.4596085 -0.3178370
vn 0.8293007 -0.4596085 -0.3178370
vn 0.5053760 -0.2803883 -0.8160745
vn 0.5053760 0.2803883 -0.8160745
vn 0.8293007 0.4596085 0.3178370
vn 0.8293007 -0.4596085 0.3178370
vn 0.5053760 -0.2803883 0.8160745
vn 0.5053760 0.2803883 0.8160745
vn 1.0000000 -0.0000000 0.0000000
vn -0.8293007 0.4596085 -0.3178370
vn -0.8293007 -0.4596085 -0.3178370
vn -0.5053760 -0.2803883 -0.8160745
vn -0.5053760 0.2803883 -0.8160745
vn -0.8293007 0.4596085 0.3178370
vn -0.8293007 -0.4596085 0.3178370
vn -0.5053760 -0.2803883 0.8160745
vn -0.5053760 0.2803883 0.8160745
vn -1.0000000 0.0000000 0.0000000
vn -0.5664041 0.8241276 0.0000000
vn 0.5664041 0.8241276 -0.0000000
vn -0.5664041 -0.8241276 -0.0000000
vn 0.5664041 -0.8241276 0.0000000
vn -0.0000000 -0.4848826 0.8745793
vn -0.0000000 0.4848826 0.8745793
vn -0.0000000 -0.4848826 -0.8745793
vn -0.0000000 0.4848826 -0.8745793
vn 0.8505120 0.0000000 -0.5259556
vn 0.8505120 0.0000000 0.5259556
vn -0.8505120 0.0000000 -0.5259556
vn -0.8505120 0.0000000 0.5259556
vn -0.0000000 1.0000000 -0.0000000
vn -0.0000000 -1.0000000 -0.0000000
vn -0.3282874 -0.7789191 0.5343337
vn 0.3282874 -0.7789191 0.5343337
vn -0.3282874 0.7789191 0.5343337
vn 0.3282874 0.7789191 0.5343337
vn -0.0000000 0.0000000 1.0000000
vn -0.3282874 -0.7789191 -0.5343337
vn 0.3282874 -0.7789191 -0.5343337
vn -0.3282874 0.7789191 -0.5343337
vn 0.3282874 0.7789191 -0.5343337
vn -0.0000000 0.0000000 -1.0000000
vn 0.8293007 0.4596085 -0.3178370
vn 0.8293007 -0.4596085 -0.3178370
vn 0.5053760 -0.2803883 -0.8160745
vn 0.5053760 0.2803883 -0.8160745
vn 0.8293007 0.4596085 0.3178370
vn 0.8293007 -0.4596085 0.3178370
vn 0.5053760 -0.2803883 0.8160745
vn 0.5053760 0.2803883 0.8160745
vn 1.0000000 0.0000000 0.0000000
vn -0.8293007 0.4596085 -0.3178370
vn -0.8293007 -0.4596085 -0.3178370
vn -0.5053760 -0.2803883 -0.8160745
vn -0.5053760 0.2803883 -0.8160745
vn -0.8293007 0.4596085 0.3178370
vn -0.8293007 -0.4596085 0.3178370
vn -0.5053760 -0.2803883 0.8160745
vn -0.5053760 0.2803883 0.8160745
vn -1.0000000 0.0000000 0.0000000
vn -0.5664041 0.8241276 0.0000000
vn 0.5664041 0.8241276 -0.0000000
vn -0.5664041 -0.8241276 -0.0000000
vn 0.5664041 -0.8241276 0.0000000
vn 0.0000000 -0.4848826 0.8745793
vn 0.0000000 0.4848826 0.8745793
vn 0.0000000 -0.4848826 -0.8745793
vn 0.0000000 0.4848826 -0.8745793
vn 0.8505120 0.0000000 -0.5259556
vn 0.8505120 0.0000000 0.5259556
vn -0.8505120 0.0000000 -0.5259556
vn -0.8505120 0.0000000 0.5259556
vn 0.0000000 1.0000000 -0.0000000
vn 0.0000000 -1.0000000 -0.0000000
vn -0.3282874 -0.7789191 0.5343337
vn 0.3282874 -0.7789191 0.5343337
vn -0.3282874 0.7789191 0.5343337
vn 0.3282874 0.7789191 0.5343337
vn 0.0000000 0.0000000 1.0000000
vn -0.3282874 -0.7789191 -0.5343337
vn 0.3282874 -0.7789191 -0.5343337
vn -0.3282874 0.7789191 -0.5343337
vn 0.3282874 0.7789191 -0.5343337
vn 0.0000000 0.0000000 -1.0000000
vn 0.8293007 0.4596085 -0.3178370
vn 0.8293007 -0.4596085 -0.3178370
vn 0.5053760 -0.2803883 -0.8160745
vn 0.5053760 0.2803883 -0.8160745
vn 0.8293007 0.4596085 0.3178370
vn 0.8293007 -0.4596085 0.3178370
vn 0.5053760 -0.2803883 0.8160745
vn 0.5053760 0.2803883 0.8160745
vn 1.0000000 0.0000000 0.0000000
vn -0.8293007 0.4596085 -0.3178370
vn -0.8293007 -0.4596085 -0.3178370
vn -0.5053760 -0.2803883 -0.8160745
vn -0.5053760 0.2803883 -0.8160745
vn -0.8293007 0.4596085 0.3178370
vn -0.8293007 -0.4596085 0.3178370
vn -0.5053760 -0.2803883 0.8160745
vn -0.5053760 0.2803883 0.8160745
vn -1.0000000 0.0000000 0.0000000
vn -0.5664041 0.8241276 0.0000000
vn 0.5664041 0.8241276 -0.0000000
vn -0.5664041 -0.8241276 -0.0000000
vn 0.5664041 -0.8241276 0.0000000
vn -0.0000000 -0.4848826 0.8745793
vn -0.0000000 0.4848826 0.8745793
vn -0.0000000 -0.4848826 -0.8745793
vn -0.0000000 0.4848826 -0.8745793
vn 0.8505120 0.0000000 -0.5259556
vn 0.8505120 -0.0000000 0.5259556
vn -0.8505120 0.0000000 -0.5259556
vn -0.8505120 0.0000000 0.5259556
vn -0.0000000 1.0000000 -0.0000000
vn -0.0000000 -1.0000000 -0.0000000
vn -0.3282874 -0.7789191 0.5343337
vn 0.3282874 -0.7789191 0.5343337
vn -0.3282874 0.7789191 0.5343337
vn 0.3282874 0.7789191 0.5343337
vn -0.0000000 0.0000000 1.0000000
vn -0.3282874 -0.7789191 -0.5343337
vn 0.3282874 -0.7789191 -0.5343337
vn -0.3282874 0.7789191 -0.5343337
vn 0.3282874 0.7789191 -0.5343337
vn -0.0000000 -0.0000000 -1.0000000
vn 0.8293007 0.4596085 -0.3178370
vn 0.8293007 -0.4596085 -0.3178370
vn 0.5053760 -0.2803883 -0.8160745
vn 0.5053760 0.2803883 -0.8160745
vn 0.8293007 0.4596085 0.3178370
vn 0.8293007 -0.4596085 0.3178370
vn 0.5053760 -0.2803883 0.8160745
vn 0.5053760 0.2803883 0.8160745
vn 1.0000000 0.0000000 0.0000000
vn -0.8293007 0.4596085 -0.3178370
vn -0.8293007 -0.4596085 -0.3178370
vn -0.5053760 -0.2803883 -0.8160745
vn -0.5053760 0.2803883 -0.8160745
vn -0.8293007 0.4596085 0.3178370
vn -0.8293007 -0.4596085 0.3178370
vn -0.5053760 -0.2803883 0.8160745
vn -0.5053760 0.2803883 0.8160745
vn -1.0000000 0.0000000 0.0000000
vn -0.5664041 0.8241276 0.0000000
vn 0.5664041 0.8241276 -0.0000000
vn -0.5664041 -0.8241276 -0.0000000
vn 0.5664041 -0.8241276 0.0000000
vn 0.0000000 -0.4848826 0.8745793
vn 0.0000000 0.4848826 0.8745793
vn 0.0000000 -0.4848826 -0.8745793
vn 0.0000000 0.4848826 -0.8745793
vn 0.8505120 0.0000000 -0.5259556
vn 0.8505120 -0.0000000 0.5259556
vn -0.8505120 0.0000000 -0.5259556
vn -0.8505120 0.0000000 0.5259556
vn 0.0000000 1.0000000 -0.0000000
vn 0.0000000 -1.0000000 -0.0000000
vn -0.3282874 -0.7789191 0.5343337
vn 0.3282874 -0.7789191 0.5343337
vn -0.3282874 0.7789191 0.5343337
vn 0.3282874 0.7789191 0.5343337
vn 0.0000000 -0.0000000 1.0000000
vn -0.3282874 -0.7789191 -0.5343337
vn 0.3282874 -0.7789191 -0.5343337
vn -0.3282874 0.7789191 -0.5343337
vn 0.3282874 0.7789191 -0.5343337
vn 0.0000000 0.0000000 -1.0000000
vn 0.8293007 0.4596085 -0.3178370
vn 0.8293007 -0.4596085 -0.3178370
vn 0.5053760 -0.2803883 -0.8160745
vn 0.5053760 0.2803883 -0.8160745
vn 0.8293007 0.4596085 0.3178370
vn 0.8293007 -0.4596085 0.3178370
vn 0.5053760 -0.2803883 0.8160745
vn 0.5053760 0.2803883 0.8160745
vn 1.0000000 0.0000000 0.0000000
vn -0.8293007 0.4596085 -0.3178370
vn -0.8293007 -0.4596085 -0.3178370
vn -0.5053760 -0.2803883 -0.8160745
vn -0.5053760 0.2803883 -0.8160745
vn -0.8293007 0.4596085 0.3178370
vn -0.8293007 -0.4596085 0.3178370
vn -0.5053760 -0.2803883 0.8160745
vn -0.5053760 0.2803883 0.8160745
vn -1.0000000 0.0000000 0.0000000
vn -0.5664041 0.8241276 0.0000000
vn 0.5664041 0.8241276 0.0000000
vn -0.5664041 -0.8241276 0.0000000
vn 0.5664041 -0.8241276 0.0000000
vn -0.0000000 -0.4848826 0.8745793
vn 0.0000000 0.4848826 0.8745793
vn -0.0000000 -0.4848826 -0.8745793
vn 0.0000000 0.4848826 -0.8745793
vn 0.8505120 0.0000000 -0.5259556
vn 0.8505120 0.0000000 0.5259556
vn -0.8505120 0.0000000 -0.5259556
vn -0.8505120 0.0000000 0.5259556
vn -0.0000000 1.0000000 0.0000000
vn -0.0000000 -1.0000000 0.0000000
vn -0.3282874 -0.7789191 0.5343337
vn 0.3282874 -0.7789191 0.5343337
vn -0.3282874 0.7789191 0.5343337
vn 0.3282874 0.7789191 0.5343337
vn 0.0000000 0.0000000 1.0000000
vn -0.3282874 -0.7789191 -0.5343337
vn 0.3282874 -0.7789191 -0.5343337
vn -0.3282874 0.7789191 -0.5343337
vn 0.3282874 0.7789191 -0.5343337
vn 0.0000000 0.0000000 -1.0000000
vn 0.8293007 0.4596085 -0.3178370
vn 0.8293007 -0.4596085 -0.3178370
vn 0.5053760 -0.2803883 -0.8160745
vn 0.5053760 0.2803883 -0.8160745
vn 0.8293007 0.4596085 0.3178370
vn 0.8293007 -0.4596085 0.3178370
vn 0.5053760 -0.2803883 0.8160745
vn 0.5053760 0.2803883 0.8160745
vn 1.0000000 -0.0000000 0.0000000
vn -0.8293007 0.4596085 -0.3178370
vn -0.8293007 -0.4596085 -0.3178370
vn -0.5053760 -0.2803883 -0.8160745
vn -0.5053760 0.2803883 -0.8160745
vn -0.8293007 0.4596085 0.3178370
vn -0.8293007 -0.4596085 0.3178370
vn -0.5053760 -0.2803883 0.8160745
vn -0.5053760 0.2803883 0.8160745
vn -1.0000000 0.0000000 0.0000000
vn -0.5664041 0.8241276 0.0000000
vn 0.5664041 0.8241276 0.0000000
vn -0.5664041 -0.8241276 0.0000000
vn 0.5664041 -0.8241276 0.0000000
vn -0.0000000 -0.4848826 0.8745793
vn 0.0000000 0.4848826 0.8745793
vn -0.0000000 -0.4848826 -0.8745793
vn 0.0000000 0.4848826 -0.8745793
vn 0.8505120 0.0000000 -0.5259556
vn 0.8505120 0.0000000 0.5259556
vn -0.8505120 0.0000000 -0.5259556
vn -0.8505120 0.0000000 0.5259556
vn 0.0000000 1.0000000 0.0000000
vn 0.0000000 -1.0000000 0.0000000
vn -0.3282874 -0.7789191 0.5343337
vn 0.3282874 -0.7789191 0.5343337
vn -0.3282874 0.7789191 0.5343337
vn 0.3282874 0.7789191 0.5343337
vn 0.0000000 0.0000000 1.0000000
vn -0.3282874 -0.7789191 -0.5343337
vn 0.3282874 -0.7789191 -0.5343337
vn -0.3282874 0.7789191 -0.5343337
vn 0.3282874 0.7789191 -0.5343337
vn 0.0000000 0.0000000 -1.0000000
vn 0.8293007 0.4596085 -0.3178370
vn 0.8293007 -0.4596085 -0.3178370
vn 0.5053760 -0.2803883 -0.8160745
vn 0.5053760 0.2803883 -0.8160745
vn 0.8293007 0.4596085 0.3178370
vn 0.8293007 -0.4596085 0.3178370
vn 0.5053760 -0.2803883 0.8160745
vn 0.5053760 0.2803883 0.8160745
vn 1.0000000 0.0000000 0.0000000
vn -0.8293007 0.4596085 -0.3178370
vn -0.8293007 -0.4596085 -0.3178370
vn -0.5053760 -0.2803883 -0.8160745
vn -0.5053760 0.2803883 -0.8160745
vn -0.8293007 0.4596085 0.3178370
vn -0.8293007 -0.4596085 0.3178370
vn -0.5053760 -0.2803883 0.8160745
vn -0.5053760 0.2803883 0.8160745
vn -1.0000000 0.0000000 0.0000000
vn -0.6123894 0.7905563 0.0000000
vn 0.6123894 0.7905563 0.0000000
vn -0.6123894 -0.7905563 0.0000000
vn 0.6123894 -0.7905563 0.0000000
vn -0.0000000 -0.4383218 0.8988181
vn 0.0000000 0.4383218 0.8988181
vn -0.0000000 -0.4383218 -0.8988181
vn 0.0000000 0.4383218 -0.8988181
vn 0.8500237 -0.0000000 -0.5267444
vn 0.8500237 -0.0000000 0.5267444
vn -0.8500237 -0.0000000 -0.5267444
vn -0.8500237 -0.0000000 0.5267444
vn -0.0000000 1.0000000 -0.0000000
vn -0.0000000 -1.0000000 0.0000000
vn -0.3493903 -0.7415193 0.5727788
vn 0.3493903 -0.7415193 0.5727788
vn -0.3493903 0.7415193 0.5727788
vn 0.3493903 0.7415193 0.5727788
vn 0.0000000 -0.0000000 1.0000000
vn -0.3493903 -0.7415193 -0.5727788
vn 0.3493903 -0.7415193 -0.5727788
vn -0.3493903 0.7415193 -0.5727788
vn 0.3493903 0.7415193 -0.5727788
vn 0.0000000 -0.0000000 -1.0000000
vn 0.8497276 0.4136671 -0.3268678
vn 0.8497276 -0.4136671 -0.3268678
vn 0.5106445 -0.2485813 -0.8230732
vn 0.5106445 0.2485813 -0.8230732
vn 0.8497276 0.4136671 0.3268678
vn 0.8497276 -0.4136671 0.3268678
vn 0.5106445 -0.2485813 0.8230732
vn 0.5106445 0.2485813 0.8230732
vn 1.0000000 0.0000000 0.0000000
vn -0.8497276 0.4136671 -0.3268678
vn -0.8497276 -0.4136671 -0.3268678
vn -0.5106445 -0.2485813 -0.8230732
vn -0.5106445 0.2485813 -0.8230732
vn -0.8497276 0.4136671 0.3268678
vn -0.8497276 -0.4136671 0.3268678
vn -0.5106445 -0.2485813 0.8230732
vn -0.5106445 0.2485813 0.8230732
vn -1.0000000 -0.0000000 -0.0000000
vn -0.6123894 0.7905563 -0.0000000
vn 0.6123894 0.7905563 0.0000000
vn -0.6123894 -0.7905563 0.0000000
vn 0.6123894 -0.7905563 0.0000000
vn -0.0000000 -0.4383218 0.8988181
vn 0.0000000 0.4383218 0.8988181
vn -0.0000000 -0.4383218 -0.8988181
vn 0.0000000 0.4383218 -0.8988181
vn 0.8500237 -0.0000000 -0.5267444
vn 0.8500237 -0.0000000 0.5267444
vn -0.8500237 -0.0000000 -0.5267444
vn -0.8500237 -0.0000000 0.5267444
vn 0.0000000 1.0000000 -0.0000000
vn 0.0000000 -1.0000000 0.0000000
vn -0.3493903 -0.7415193 0.5727788
vn 0.3493903 -0.7415193 0.5727788
vn -0.3493903 0.7415193 0.5727788
vn 0.3493903 0.7415193 0.5727788
vn 0.0000000 -0.0000000 1.0000000
vn -0.3493903 -0.7415193 -0.5727788
vn 0.3493903 -0.7415193 -0.5727788
vn -0.3493903 0.7415193 -0.5727788
vn 0.3493903 0.7415193 -0.5727788
vn 0.0000000 -0.0000000 -1.0000000
vn 0.8497276 0.4136671 -0.3268678
vn 0.8497276 -0.4136671 -0.3268678
vn 0.5106445 -0.2485813 -0.8230732
vn 0.5106445 0.2485813 -0.8230732
vn 0.8497276 0.4136671 0.3268678
vn 0.8497276 -0.4136671 0.3268678
vn 0.5106445 -0.2485813 0.8230732
vn 0.5106445 0.2485813 0.8230732
vn 1.0000000 0.0000000 -0.0000000
vn -0.8497276 0.4136671 -0.3268678
vn -0.8497276 -0.4136671 -0.3268678
vn -0.5106445 -0.2485813 -0.8230732
vn -0.5106445 0.2485813 -0.8230732
vn -0.8497276 0.4136671 0.3268678
vn -0.8497276 -0.4136671 0.3268678
vn -0.5106445 -0.2485813 0.8230732
vn -0.5106445 0.2485813 0.8230732
vn -1.0000000 -0.0000000 0.0000000
vn -0.6123894 0.7905563 0.0000000
vn 0.6123894 0.7905563 0.0000000
vn -0.6123894 -0.7905563 0.0000000
vn 0.6123894 -0.7905563 0.0000000
vn 0.0000000 -0.4383218 0.8988181
vn 0.0000000 0.4383218 0.8988181
vn 0.0000000 -0.4383218 -0.8988181
vn 0.0000000 0.4383218 -0.8988181
vn 0.8500237 0.0000000 -0.5267444
vn 0.8500237 0.0000000 0.5267444
vn -0.8500237 0.0000000 -0.5267444
vn -0.8500237 0.0000000 0.5267444
vn 0.0000000 1.0000000 0.0000000
vn 0.0000000 -1.0000000 -0.0000000
vn -0.3493903 -0.7415193 0.5727788
vn 0.3493903 -0.7415193 0.5727788
vn -0.3493903 0.7415193 0.5727788
vn 0.3493903 0.7415193 0.5727788
vn 0.0000000 0.0000000 1.0000000
vn -0.3493903 -0.7415193 -0.5727788
vn 0.3493903 -0.7415193 -0.5727788
vn -0.3493903 0.7415193 -0.5727788
vn 0.3493903 0.7415193 -0.5727788
vn 0.0000000 0.0000000 -1.0000000
vn 0.8497276 0.4136671 -0.3268678
vn 0.8497276 -0.4136671 -0.3268678
vn 0.5106445 -0.2485813 -0.8230732
vn 0.5106445 0.2485813 -0.8230732
vn 0.8497276 0.4136671 0.3268678
vn 0.8497276 -0.4136671 0.3268678
vn 0.5106445 -0.2485813 0.8230732
vn 0.5106445 0.2485813 0.8230732
vn 1.0000000 0.0000000 -0.0000000
vn -0.8497276 0.4136671 -0.3268678
vn -0.8497276 -0.4136671 -0.3268678
vn -0.5106445 -0.2485813 -0.8230732
vn -0.5106445 0.2485813 -0.8230732
vn -0.8497276 0.4136671 0.3268678
vn -0.8497276 -0.4136671 0.3268678
vn -0.5106445 -0.2485813 0.8230732
vn -0.5106445 0.2485813 0.8230732
vn -1.0000000 0.0000000 0.0000000
vn -0.6123894 0.7905563 -0.0000000
vn 0.6123894 0.7905563 0.0000000
vn -0.6123894 -0.7905563 0.0000000
vn 0.6123894 -0.7905563 0.0000000
vn -0.0000000 -0.4383218 0.8988181
vn -0.0000000 0.4383218 0.8988181
vn -0.0000000 -0.4383218 -0.8988181
vn -0.0000000 0.4383218 -0.8988181
vn 0.8500237 0.0000000 -0.5267444
vn 0.8500237 0.0000000 0.5267444
vn -0.8500237 0.0000000 -0.5267444
vn -0.8500237 0.0000000 0.5267444
vn -0.0000000 1.0000000 0.0000000
vn -0.0000000 -1.0000000 -0.0000000
vn -0.3493903 -0.7415193 0.5727788
vn 0.3493903 -0.7415193 0.5727788
vn -0.3493903 0.7415193 0.5727788
vn 0.3493903 0.7415193 0.5727788
vn -0.0000000 0.0000000 1.0000000
vn -0.3493903 -0.7415193 -0.5727788
vn 0.3493903 -0.7415193 -0.5727788
vn -0.3493903 0.7415193 -0.5727788
vn 0.3493903 0.7415193 -0.5727788
vn -0.0000000 0.0000000 -1.0000000
vn 0.8497276 0.4136671 -0.3268678
vn 0.8497276 -0.4136671 -0.3268678
vn 0.5106445 -0.2485813 -0.8230732
vn 0.5106445 0.2485813 -0.8230732
vn 0.8497276 0.4136671 0.3268678
vn 0.8497276 -0.4136671 0.3268678
vn 0.5106445 -0.2485813 0.8230732
vn 0.5106445 0.2485813 0.8230732
vn 1.0000000 0.0000000 0.0000000
vn -0.8497276 0.4136671 -0.3268678
vn -0.8497276 -0.4136671 -0.3268678
vn -0.5106445 -0.2485813 -0.8230732
vn -0.5106445 0.2485813 -0.8230732
vn -0.8497276 0.4136671 0.3268678
vn -0.8497276 -0.4136671 0.3268678
vn -0.5106445 -0.2485813 0.8230732
vn -0.5106445 0.2485813 0.8230732
vn -1.0000000 -0.0000000 -0.0000000
vn -0.6123894 0.7905563 -0.0000000
vn 0.6123894 0.7905563 0.0000000
vn -0.6123894 -0.7905563 0.0000000
vn 0.6123894 -0.7905563 0.0000000
vn 0.0000000 -0.4383218 0.8988181
vn 0.0000000 0.4383218 0.8988181
vn 0.0000000 -0.4383218 -0.8988181
vn 0.0000000 0.4383218 -0.8988181
vn 0.8500237 0.0000000 -0.5267444
vn 0.8500237 0.0000000 0.5267444
vn -0.8500237 0.0000000 -0.5267444
vn -0.8500237 0.0000000 0.5267444
vn 0.0000000 1.0000000 0.0000000
vn 0.0000000 -1.0000000 -0.0000000
vn -0.3493903 -0.7415193 0.5727788
vn 0.3493903 -0.7415193 0.5727788
vn -0.3493903 0.7415193 0.5727788
vn 0.3493903 0.7415193 0.5727788
vn 0.0000000 0.0000000 1.0000000
vn -0.3493903 -0.7415193 -0.5727788
vn 0.3493903 -0.7415193 -0.5727788
vn -0.3493903 0.7415193 -0.5727788
vn 0.3493903 0.7415193 -0.5727788
vn 0.0000000 0.0000000 -1.0000000
vn 0.8497276 0.4136671 -0.3268678
vn 0.8497276 -0.4136671 -0.3268678
vn 0.5106445 -0.2485813 -0.8230732
vn 0.5106445 0.2485813 -0.8230732
vn 0.8497276 0.4136671 0.3268678
vn 0.8497276 -0.4136671 0.3268678
vn 0.5106445 -0.2485813 0.8230732
vn 0.5106445 0.2485813 0.8230732
vn 1.0000000 0.0000000 0.0000000
vn -0.8497276 0.4136671 -0.3268678
vn -0.8497276 -0.4136671 -0.3268678
vn -0.5106445 -0.2485813 -0.8230732
vn -0.5106445 0.2485813 -0.8230732
vn -0.8497276 0.4136671 0.3268678
vn -0.8497276 -0.4136671 0.3268678
vn -0.5106445 -0.2485813 0.8230732
vn -0.5106445 0.2485813 0.8230732
vn -1.0000000 0.0000000 0.0000000
vn -0.6123894 0.7905563 0.0000000
vn 0.6123894 0.7905563 0.0000000
vn -0.6123894 -0.7905563 0.0000000
vn 0.6123894 -0.7905563 -0.0000000
vn -0.0000000 -0.4383218 0.8988181
vn -0.0000000 0.4383218 0.8988181
vn -0.0000000 -0.4383218 -0.8988181
vn -0.0000000 0.4383218 -0.8988181
vn 0.8500237 0.0000000 -0.5267444
vn 0.8500237 0.0000000 0.5267444
vn -0.8500237 0.0000000 -0.5267444
vn -0.8500237 0.0000000 0.5267444
vn -0.0000000 1.0000000 -0.0000000
vn -0.0000000 -1.0000000 -0.0000000
vn -0.3493903 -0.7415193 0.5727788
vn 0.3493903 -0.7415193 0.5727788
vn -0.3493903 0.7415193 0.5727788
vn 0.3493903 0.7415193 0.5727788
vn -0.0000000 0.0000000 1.0000000
vn -0.3493903 -0.7415193 -0.5727788
vn 0.3493903 -0.7415193 -0.5727788
vn -0.3493903 0.7415193 -0.5727788
vn 0.3493903 0.7415193 -0.5727788
vn -0.0000000 0.0000000 -1.0000000
vn 0.8497276 0.4136671 -0.3268678
vn 0.8497276 -0.4136671 -0.3268678
vn 0.5106445 -0.2485813 -0.8230732
vn 0.5106445 0.2485813 -0.8230732
vn 0.8497276 0.4136671 0.3268678
vn 0.8497276 -0.4136671 0.3268678
vn 0.5106445 -0.2485813 0.8230732
vn 0.5106445 0.2485813 0.8230732
vn 1.0000000 0.0000000 0.0000000
vn -0.8497276 0.4136671 -0.3268678
vn -0.8497276 -0.4136671 -0.3268678
vn -0.5106445 -0.2485813 -0.8230732
vn -0.5106445 0.2485813 -0.8230732
vn -0.8497276 0.4136671 0.3268678
vn -0.8497276 -0.4136671 0.3268678
vn -0.5106445 -0.2485813 0.8230732
vn -0.5106445 0.2485813 0.8230732
vn -1.0000000 0.0000000 0.0000000
vn -0.6123894 0.7905563 -0.0000000
vn 0.6123894 0.7905563 0.0000000
vn -0.6123894 -0.7905563 0.0000000
vn 0.6123894 -0.7905563 -0.0000000
vn -0.0000000 -0.4383218 0.8988181
vn -0.0000000 0.4383218 0.8988181
vn -0.0000000 -0.4383218 -0.8988181
vn -0.0000000 0.4383218 -0.8988181
vn 0.8500237 0.0000000 -0.5267444
vn 0.8500237 0.0000000 0.5267444
vn -0.8500237 0.0000000 -0.5267444
vn -0.8500237 0.0000000 0.5267444
vn -0.0000000 1.0000000 -0.0000000
vn -0.0000000 -1.0000000 0.0000000
vn -0.3493903 -0.7415193 0.5727788
vn 0.3493903 -0.7415193 0.5727788
vn -0.3493903 0.7415193 0.5727788
vn 0.3493903 0.7415193 0.5727788
vn -0.0000000 0.0000000 1.0000000
vn -0.3493903 -0.7415193 -0.5727788
vn 0.3493903 -0.7415193 -0.5727788
vn -0.3493903 0.7415193 -0.5727788
vn 0.3493903 0.7415193 -0.5727788
vn -0.0000000 0.0000000 -1.0000000
vn 0.8497276 0.4136671 -0.3268678
vn 0.8497276 -0.4136671 -0.3268678
vn 0.5106445 -0.2485813 -0.8230732
vn 0.5106445 0.2485813 -0.8230732
vn 0.8497276 0.4136671 0.3268678
vn 0.8497276 -0.4136671 0.3268678
vn 0.5106445 -0.2485813 0.8230732
vn 0.5106445 0.2485813 0.8230732
vn 1.0000000 0.0000000 0.0000000
vn -0.8497276 0.4136671 -0.3268678
vn -0.8497276 -0.4136671 -0.3268678
vn -0.5106445 -0.2485813 -0.8230732
vn -0.5106445 0.2485813 -0.8230732
vn -0.8497276 0.4136671 0.3268678
vn -0.8497276 -0.4136671 0.3268678
vn -0.5106445 -0.2485813 0.8230732
vn -0.5106445 0.2485813 0.8230732
vn -1.0000000 -0.0000000 -0.0000000
vn -0.6123894 0.7905563 0.0000000
vn 0.6123894 0.7905563 0.0000000
vn -0.6123894 -0.7905563 0.0000000
vn 0.6123894 -0.7905563 0.0000000
vn 0.0000000 -0.4383218 0.8988181
vn 0.0000000 0.4383218 0.8988181
vn 0.0000000 -0.4383218 -0.8988181
vn 0.0000000 0.4383218 -0.8988181
vn 0.8500237 0.0000000 -0.5267444
vn 0.8500237 0.0000000 0.5267444
vn -0.8500237 0.0000000 -0.5267444
vn -0.8500237 0.0000000 0.5267444
vn 0.0000000 1.0000000 -0.0000000
vn 0.0000000 -1.0000000 -0.0000000
vn -0.3493903 -0.7415193 0.5727788
vn 0.3493903 -0.7415193 0.5727788
vn -0.3493903 0.7415193 0.5727788
vn 0.3493903 0.7415193 0.5727788
vn 0.0000000 0.0000000 1.0000000
vn -0.3493903 -0.7415193 -0.5727788
vn 0.3493903 -0.7415193 -0.5727788
vn -0.3493903 0.7415193 -0.5727788
vn 0.3493903 0.7415193 -0.5727788
vn 0.0000000 0.0000000 -1.0000000
vn 0.8497276 0.4136671 -0.3268678
vn 0.8497276 -0.4136671 -0.3268678
vn 0.5106445 -0.2485813 -0.8230732
vn 0.5106445 0.2485813 -0.8230732
vn 0.8497276 0.4136671 0.3268678
vn 0.8497276 -0.4136671 0.3268678
vn 0.5106445 -0.2485813 0.8230732
vn 0.5106445 0.2485813 0.8230732
vn 1.0000000 0.0000000 -0.0000000
vn -0.8497276 0.4136671 -0.3268678
vn -0.8497276 -0.4136671 -0.3268678
vn -0.5106445 -0.2485813 -0.8230732
vn -0.5106445 0.2485813 -0.8230732
vn -0.8497276 0.4136671 0.3268678
vn -0.8497276 -0.4136671 0.3268678
vn -0.5106445 -0.2485813 0.8230732
vn -0.5106445 0.2485813 0.8230732
vn -1.0000000 -0.0000000 0.0000000
vn -0.6123894 0.7905563 -0.0000000
vn 0.6123894 0.7905563 -0.0000000
vn -0.6123894 -0.7905563 -0.0000000
vn 0.6123894 -0.7905563 -0.0000000
vn -0.0000000 -0.4383218 0.8988181
vn -0.0000000 0.4383218 0.8988181
vn -0.0000000 -0.4383218 -0.8988181
vn -0.0000000 0.4383218 -0.8988181
vn 0.8500237 -0.0000000 -0.5267444
vn 0.8500237 0.0000000 0.5267444
vn -0.8500237 -0.0000000 -0.5267444
vn -0.8500237 -0.0000000 0.5267444
vn -0.0000000 1.0000000 -0.0000000
vn -0.0000000 -1.0000000 -0.0000000
vn -0.3493903 -0.7415193 0.5727788
vn 0.3493903 -0.7415193 0.5727788
vn -0.3493903 0.7415193 0.5727788
vn 0.3493903 0.7415193 0.5727788
vn -0.0000000 -0.0000000 1.0000000
vn -0.3493903 -0.7415193 -0.5727788
vn 0.3493903 -0.7415193 -0.5727788
vn -0.3493903 0.7415193 -0.5727788
vn 0.3493903 0.7415193 -0.5727788
vn -0.0000000 -0.0000000 -1.0000000
vn 0.8497276 0.4136671 -0.3268678
vn 0.8497276 -0.4136671 -0.3268678
vn 0.5106445 -0.2485813 -0.8230732
vn 0.5106445 0.2485813 -0.8230732
vn 0.8497276 0.4136671 0.3268678
vn 0.8497276 -0.4136671 0.3268678
vn 0.5106445 -0.2485813 0.8230732
vn 0.5106445 0.2485813 0.8230732
vn 1.0000000 0.0000000 -0.0000000
vn -0.8497276 0.4136671 -0.3268678
vn -0.8497276 -0.4136671 -0.3268678
vn -0.5106445 -0.2485813 -0.8230732
vn -0.5106445 0.2485813 -0.8230732
vn -0.8497276 0.4136671 0.3268678
vn -0.8497276 -0.4136671 0.3268678
vn -0.5106445 -0.2485813 0.8230732
vn -0.5106445 0.2485813 0.8230732
vn -1.0000000 0.0000000 -0.0000000
vn -0.6123894 0.7905563 -0.0000000
vn 0.6123894 0.7905563 -0.0000000
vn -0.6123894 -0.7905563 -0.0000000
vn 0.6123894 -0.7905563 -0.0000000
vn 0.0000000 -0.4383218 0.8988181
vn 0.0000000 0.4383218 0.8988181
vn 0.0000000 -0.4383218 -0.8988181
vn 0.0000000 0.4383218 -0.8988181
vn 0.8500237 0.0000000 -0.5267444
vn 0.8500237 0.0000000 0.5267444
vn -0.8500237 0.0000000 -0.5267444
vn -0.8500237 -0.0000000 0.5267444
vn 0.0000000 1.0000000 -0.0000000
vn 0.0000000 -1.0000000 -0.0000000
vn -0.3493903 -0.7415193 0.5727788
vn 0.3493903 -0.7415193 0.5727788
vn -0.3493903 0.7415193 0.5727788
vn 0.3493903 0.7415193 0.5727788
vn 0.0000000 0.0000000 1.0000000
vn -0.3493903 -0.7415193 -0.5727788
vn 0.3493903 -0.7415193 -0.5727788
vn -0.3493903 0.7415193 -0.5727788
vn 0.3493903 0.7415193 -0.5727788
vn 0.0000000 0.0000000 -1.0000000
vn 0.8497276 0.4136671 -0.3268678
vn 0.8497276 -0.4136671 -0.3268678
vn 0.5106445 -0.2485813 -0.8230732
vn 0.5106445 0.2485813 -0.8230732
vn 0.8497276 0.4136671 0.3268678
vn 0.8497276 -0.4136671 0.3268678
vn 0.5106445 -0.2485813 0.8230732
vn 0.5106445 0.2485813 0.8230732
vn 1.0000000 -0.0000000 -0.0000000
vn -0.8497276 0.4136671 -0.3268678
vn -0.8497276 -0.4136671 -0.3268678
vn -0.5106445 -0.2485813 -0.8230732
vn -0.5106445 0.2485813 -0.8230732
vn -0.8497276 0.4136671 0.3268678
vn -0.8497276 -0.4136671 0.3268678
vn -0.5106445 -0.2485813 0.8230732
vn -0.5106445 0.2485813 0.8230732
vn -1.0000000 -0.0000000 -0.0000000
f 1//1 38//38 17//17
f 38//38 12//12 41//41
f 17//17 41//41 6//6
f 38//38 41//41 17//17
f 1//1 17//17 13//13
f 17//17 6//6 18//18
f 13//13 18//18 2//2
f 17//17 18//18 13//13
f 1//1 13//13 22//22
f 13//13 2//2 23//23
f 22//22 23//23 8//8
f 13//13 23//23 22//22
f 1//1 22//22 34//34
f 22//22 8//8 37//37
f 34//34 37//37 11//11
f 22//22 37//37 34//34
f 1//1 34//34 38//38
f 34//34 11//11 42//42
f 38//38 42//42 12//12
f 34//34 42//42 38//38
f 2//2 18//18 29//29
f 18//18 6//6 32//32
f 29//29 32//32 10//10
f 18//18 32//32 29//29
f 6//6 41//41 19//19
f 41//41 12//12 40//40
f 19//19 40//40 5//5
f 41//41 40//40 19//19
f 12//12 42//42 39//39
f 42//42 11//11 35//35
f 39//39 35//35 3//3
f 42//42 35//35 39//39
f 11//11 37//37 36//36
f 37//37 8//8 24//24
f 36//36 24//24 7//7
f 37//37 24//24 36//36
f 8//8 23//23 28//28
f 23//23 2//2 25//25
f 28//28 25//25 9//9
f 23//23 25//25 28//28
f 4//4 30//30 16//16
f 30//30 10//10 31//31
f 16//16 31//31 5//5
f 30//30 31//31 16//16
f 4//4 16//16 14//14
f 16//16 5//5 15//15
f 14//14 15//15 3//3
f 16//16 15//15 14//14
f 4//4 14//14 21//21
f 14//14 3//3 20//20
f 21//21 20//20 7//7
f 14//14 20//20 21//21
f 4//4 21//21 26//26
f 21//21 7//7 27//27
f 26//26 27//27 9//9
f 21//21 27//27 26//26
f 4//4 26//26 30//30
f 26//26 9//9 33//33
f 30//30 33//33 10//10
f 26//26 33//33 30//30
f 5//5 31//31 19//19
f 31//31 10//10 32//32
f 19//19 32//32 6//6
f 31//31 32//32 19//19
f 3//3 15//15 39//39
f 15//15 5//5 40//40
f 39//39 40//40 12//12
f 15//15 40//40 39//39
f 7//7 20//20 36//36
f 20//20 3//3 35//35
f 36//36 35//35 11//11
f 20//20 35//35 36//36
f 9//9 27//27 28//28
f 27//27 7//7 24//24
f 28//28 24//24 8//8
f 27//27 24//24 28//28
f 10//10 33//33 29//29
f 33//33 9//9 25//25
f 29//29 25//25 2//2
f 33//33 25//25 29//29
f 43//43 80//80 59//59
f 80//80 54//54 83//83
f 59//59 83//83 48//48
f 80//80 83//83 59//59
f 43//43 59//59 55//55
f 59//59 48//48 60//60
f 55//55 60//60 44//44
f 59//59 60//60 55//55
f 43//43 55//55 64//64
f 55//55 44//44 65//65
f 64//64 65//65 50//50
f 55//55 65//65 64//64
f 43//43 64//64 76//76
f 64//64 50//50 79//79
f 76//76 79//79 53//53
f 64//64 79//79 76//76
f 43//43 76//76 80//80
f 76//76 53//53 84//84
f 80//80 84//84 54//54
f 76//76 84//84 80//80
f 44//44 60//60 71//71
f 60//60 48//48 74//74
f 71//71 74//74 52//52
f 60//60 74//74 71//71
f 48//48 83//83 61//61
f 83//83 54//54 82//82
f 61//61 82//82 47//47
f 83//83 82//82 61//61
f 54//54 84//84 81//81
f 84//84 53//53 77//77
f 81//81 77//77 45//45
f 84//84 77//77 81//81
f 53//53 79//79 78//78
f 79//79 50//50 66//66
f 78//78 66//66 49//49
f 79//79 66//66 78//78
f 50//50 65//65 70//70
f 65//65 44//44 67//67
f 70//70 67//67 51//51
f 65//65 67//67 70//70
f 46//46 72//72 58//58
f 72//72 52//52 73//73
f 58//58 73//73 47//47
f 72//72 73//73 58//58
f 46//46 58//58 56//56
f 58//58 47//47 57//57
f 56//56 57//57 45//45
f 58//58 57//57 56//56
f 46//46 56//56 63//63
f 56//56 45//45 62//62
f 63//63 62//62 49//49
f 56//56 62//62 63//63
f 46//46 63//63 68//68
f 63//63 49//49 69//69
f 68//68 69//69 51//51
f 63//63 69//69 68//68
f 46//46 68//68 72//72
f 68//68 51//51 75//75
f 72//72 75//75 52//52
f 68//68 75//75 72//72
f 47//47 73//73 61//61
f 73//73 52//52 74//74
f 61//61 74//74 48//48
f 73//73 74//74 61//61
f 45//45 57//57 81//81
f 57//57 47//47 82//82
f 81//81 82//82 54//54
f 57//57 82//82 81//81
f 49//49 62//62 78//78
f 62//62 45//45 77//77
f 78//78 77//77 53//53
f 62//62 77//77 78//78
f 51//51 69//69 70//70
f 69//69 49//49 66//66
f 70//70 66//66 50//50
f 69//69 66//66 70//70
f 52//52 75//75 71//71
f 75//75 51//51 67//67
f 71//71 67//67 44//44
f 75//75 67//67 71//71
f 85//85 122//122 101//101
f 122//122 96//96 125//125
f 101//101 125//125 90//90
f 122//122 125//125 101//101
f 85//85 101//101 97//97
f 101//101 90//90 102//102
f 97//97 102//102 86//86
f 101//101 102//102 97//97
f 85//85 97//97 106//106
f 97//97 86//86 107//107
f 106//106 107//107 92//92
f 97//97 107//107 106//106
f 85//85 106//106 118//118
f 106//106 92//92 121//121
f 118//118 121//121 95//95
f 106//106 121//121 118//118
f 85//85 118//118 122//122
f 118//118 95//95 126//126
f 122//122 126//126 96//96
f 118//118 126//126 122//122
f 86//86 102//102 113//113
f 102//102 90//90 116//116
f 113//113 116//116 94//94
f 102//102 116//116 113//113
f 90//90 125//125 103//103
f 125//125 96//96 124//124
f 103//103 124//124 89//89
f 125//125 124//124 103//103
f 96//96 126//126 123//123
f 126//126 95//95 119//119
f 123//123 119//119 87//87
f 126//126 119//119 123//123
f 95//95 121//121 120//120
f 121//121 92//92 108//108
f 120//120 108//108 91//91
f 121//121 108//108 120//120
f 92//92 107//107 112//112
f 107//107 86//86 109//109
f 112//112 109//109 93//93
f 107//107 109//109 112//112
f 88//88 114//114 100//100
f 114//114 94//94 115//115
f 100//100 115//115 89//89
f 114//114 115//115 100//100
f 88//88 100//100 98//98
f 100//100 89//89 99//99
f 98//98 99//99 87//87
f 100//100 99//99 98//98
f 88//88 98//98 105//105
f 98//98 87//87 104//104
f 105//105 104//104 91//91
f 98//98 104//104 105//105
f 88//88 105//105 110//110
f 105//105 91//91 111//111
f 110//110 111//111 93//93
f 105//105 111//111 110//110
f 88//88 110//110 114//114
f 110//110 93//93 117//117
f 114//114 117//117 94//94
f 110//110 117//117 114//114
f 89//89 115//115 103//103
f 115//115 94//94 116//116
f 103//103 116//116 90//90
f 115//115 116//116 103//103
f 87//87 99//99 123//123
f 99//99 89//89 124//124
f 123//123 124//124 96//96
f 99//99 124//124 123//123
f 91//91 104//104 120//120
f 104//104 87//87 119//119
f 120//120 119//119 95//95
f 104//104 119//119 120//120
f 93//93 111//111 112//112
f 111//111 91//91 108//108
f 112//112 108//108 92//92
f 111//111 108//108 112//112
f 94//94 117//117 113//113
f 117//117 93//93 109//109
f 113//113 109//109 86//86
f 117//117 109//109 113//113
f 127//127 164//164 143//143
f 164//164 138//138 167//167
f 143//143 167//167 132//132
f 164//164 167//167 143//143
f 127//127 143//143 139//139
f 143//143 132//132 144//144
f 139//139 144//144 128//128
f 143//143 144//144 139//139
f 127//127 139//139 148//148
f 139//139 128//128 149//149
f 148//148 149//149 134//134
f 139//139 149//149 148//148
f 127//127 148//148 160//160
f 148//148 134//134 163//163
f 160//160 163//163 137//137
f 148//148 163//163 160//160
f 127//127 160//160 164//164
f 160//160 137//137 168//168
f 164//164 168//168 138//138
f 160//160 168//168 164//164
f 128//128 144//144 155//155
f 144//144 132//132 158//158
f 155//155 158//158 136//136
f 144//144 158//158 155//155
f 132//132 167//167 145//145
f 167//167 138//138 166//166
f 145//145 166//166 131//131
f 167//167 166//166 145//145
f 138//138 168//168 165//165
f 168//168 137//137 161//161
f 165//165 161//161 129//129
f 168//168 161//161 165//165
f 137//137 163//163 162//162
f 163//163 134//134 150//150
f 162//162 150//150 133//133
f 163//163 150//150 162//162
f 134//134 149//149 154//154
f 149//149 128//128 151//151
f 154//154 151//151 135//135
f 149//149 151//151 154//154
f 130//130 156//156 142//142
f 156//156 136//136 157//157
f 142//142 157//157 131//131
f 156//156 157//157 142//142
f 130//130 142//142 140//140
f 142//142 131//131 141//141
f 140//140 141//141 129//129
f 142//142 141//141 140//140
f 130//130 140//140 147//147
f 140//140 129//129 146//146
f 147//147 146//146 133//133
f 140//140 146//146 147//147
f 130//130 147//147 152//152
f 147//147 133//133 153//153
f 152//152 153//153 135//135
f 147//147 153//153 152//152
f 130//130 152//152 156//156
f 152//152 135//135 159//159
f 156//156 159//159 136//136
f 152//152 159//159 156//156
f 131//131 157//157 145//145
f 157//157 136//136 158//158
f 145//145 158//158 132//132
f 157//157 158//158 145//145
f 129//129 141//141 165//165
f 141//141 131//131 166//166
f 165//165 166//166 138//138
f 141//141 166//166 165//165
f 133//133 146//146 162//162
f 146//146 129//129 161//161
f 162//162 161//161 137//137
f 146//146 161//161 162//162
f 135//135 153//153 154//154
f 153//153 133//133 150//150
f 154//154 150//150 134//134
f 153//153 150//150 154//154
f 136//136 159//159 155//155
f 159//159 135//135 151//151
f 155//155 151//151 128//128
f 159//159 151//151 155//155
f 169//169 206//206 185//185
f 206//206 180//180 209//209
f 185//185 209//209 174//174
f 206//206 209//209 185//185
f 169//169 185//185 181//181
f 185//185 174//174 186//186
f 181//181 186//186 170//170
f 185//185 186//186 181//181
f 169//169 181//181 190//190
f 181//181 170//170 191//191
f 190//190 191//191 176//176
f 181//181 191//191 190//190
f 169//169 190//190 202//202
f 190//190 176//176 205//205
f 202//202 205//205 179//179
f 190//190 205//205 202//202
f 169//169 202//202 206//206
f 202//202 179//179 210//210
f 206//206 210//210 180//180
f 202//202 210//210 206//206
f 170//170 186//186 197//197
f 186//186 174//174 200//200
f 197//197 200//200 178//178
f 186//186 200//200 197//197
f 174//174 209//209 187//187
f 209//209 180//180 208//208
f 187//187 208//208 173//173
f 209//209 208//208 187//187
f 180//180 210//210 207//207
f 210//210 179//179 203//203
f 207//207 203//203 171//171
f 210//210 203//203 207//207
f 179//179 205//205 204//204
f 205//205 176//176 192//192
f 204//204 192//192 175//175
f 205//205 192//192 204//204
f 176//176 191//191 196//196
f 191//191 170//170 193//193
f 196//196 193//193 177//177
f 191//191 193//193 196//196
f 172//172 198//198 184//184
f 198//198 178//178 199//199
f 184//184 199//199 173//173
f 198//198 199//199 184//184
f 172//172 184//184 182//182
f 184//184 173//173 183//183
f 182//182 183//183 171//171
f 184//184 183//183 182//182
f 172//172 182//182 189//189
f 182//182 171//171 188//188
f 189//189 188//188 175//175
f 182//182 188//188 189//189
f 172//172 189//189 194//194
f 189//189 175//175 195//195
f 194//194 195//195 177//177
f 189//189 195//195 194//194
f 172//172 194//194 198//198
f 194//194 177//177 201//201
f 198//198 201//201 178//178
f 194//194 201//201 198//198
f 173//173 199//199 187//187
f 199//199 178//178 200//200
f 187//187 200//200 174//174
f 199//199 200//200 187//187
f 171//171 183//183 207//207
f 183//183 173//173 208//208
f 207//207 208//208 180//180
f 183//183 208//208 207//207
f 175//175 188//188 204//204
f 188//188 171//171 203//203
f 204//204 203//203 179//179
f 188//188 203//203 204//204
f 177//177 195//195 196//196
f 195//195 175//175 192//192
f 196//196 192//192 176//176
f 195//195 192//192 196//196
f 178//178 201//201 197//197
f 201//201 177//177 193//193
f 197//197 193//193 170//170
f 201//201 193//193 197//197
f 211//211 248//248 227//227
f 248//248 222//222 251//251
f 227//227 251//251 216//216
f 248//248 251//251 227//227
f 211//211 227//227 223//223
f 227//227 216//216 228//228
f 223//223 228//228 212//212
f 227//227 228//228 223//223
f 211//211 223//223 232//232
f 223//223 212//212 233//233
f 232//232 233//233 218//218
f 223//223 233//233 232//232
f 211//211 232//232 244//244
f 232//232 218//218 247//247
f 244//244 247//247 221//221
f 232//232 247//247 244//244
f 211//211 244//244 248//248
f 244//244 221//221 252//252
f 248//248 252//252 222//222
f 244//244 252//252 248//248
f 212//212 228//228 239//239
f 228//228 216//216 242//242
f 239//239 242//242 220//220
f 228//228 242//242 239//239
f 216//216 251//251 229//229
f 251//251 222//222 250//250
f 229//229 250//250 215//215
f 251//251 250//250 229//229
f 222//222 252//252 249//249
f 252//252 221//221 245//245
f 249//249 245//245 213//213
f 252//252 245//245 249//249
f 221//221 247//247 246//246
f 247//247 218//218 234//234
f 246//246 234//234 217//217
f 247//247 234//234 246//246
f 218//218 233//233 238//238
f 233//233 212//212 235//235
f 238//238 235//235 219//219
f 233//233 235//235 238//238
f 214//214 240//240 226//226
f 240//240 220//220 241//241
f 226//226 241//241 215//215
f 240//240 241//241 226//226
f 214//214 226//226 224//224
f 226//226 215//215 225//225
f 224//224 225//225 213//213
f 226//226 225//225 224//224
f 214//214 224//224 231//231
f 224//224 213//213 230//230
f 231//231 230//230 217//217
f 224//224 230//230 231//231
f 214//214 231//231 236//236
f 231//231 217//217 237//237
f 236//236 237//237 219//219
f 231//231 237//237 236//236
f 214//214 236//236 240//240
f 236//236 219//219 243//243
f 240//240 243//243 220//220
f 236//236 243//243 240//240
f 215//215 241//241 229//229
f 241//241 220//220 242//242
f 229//229 242//242 216//216
f 241//241 242//242 229//229
f 213//213 225//225 249//249
f 225//225 215//215 250//250
f 249//249 250//250 222//222
f 225//225 250//250 249//249
f 217//217 230//230 246//246
f 230//230 213//213 245//245
f 246//246 245//245 221//221
f 230//230 245//245 246//246
f 219//219 237//237 238//238
f 237//237 217//217 234//234
f 238//238 234//234 218//218
f 237//237 234//234 238//238
f 220//220 243//243 239//239
f 243//243 219//219 235//235
f 239//239 235//235 212//212
f 243//243 235//235 239//239
f 253//253 290//290 269//269
f 290//290 264//264 293//293
f 269//269 293//293 258//258
f 290//290 293//293 269//269
f 253//253 269//269 265//265
f 269//269 258//258 270//270
f 265//265 270//270 254//254
f 269//269 270//270 265//265
f 253//253 265//265 274//274
f 265//265 254//254 275//275
f 274//274 275//275 260//260
f 265//265 275//275 274//274
f 253//253 274//274 286//286
f 274//274 260//260 289//289
f 286//286 289//289 263//263
f 274//274 289//289 286//286
f 253//253 286//286 290//290
f 286//286 263//263 294//294
f 290//290 294//294 264//264
f 286//286 294//294 290//290
f 254//254 270//270 281//281
f 270//270 258//258 284//284
f 281//281 284//284 262//262
f 270//270 284//284 281//281
f 258//258 293//293 271//271
f 293//293 264//264 292//292
f 271//271 292//292 257//257
f 293//293 292//292 271//271
f 264//264 294//294 291//291
f 294//294 263//263 287//287
f 291//291 287//287 255//255
f 294//294 287//287 291//291
f 263//263 289//289 288//288
f 289//289 260//260 276//276
f 288//288 276//276 259//259
f 289//289 276//276 288//288
f 260//260 275//275 280//280
f 275//275 254//254 277//277
f 280//280 277//277 261//261
f 275//275 277//277 280//280
f 256//256 282//282 268//268
f 282//282 262//262 283//283
f 268//268 283//283 257//257
f 282//282 283//283 268//268
f 256//256 268//268 266//266
f 268//268 257//257 267//267
f 266//266 267//267 255//255
f 268//268 267//267 266//266
f 256//256 266//266 273//273
f 266//266 255//255 272//272
f 273//273 272//272 259//259
f 266//266 272//272 273//273
f 256//256 273//273 278//278
f 273//273 259//259 279//279
f 278//278 279//279 261//261
f 273//273 279//279 278//278
f 256//256 278//278 282//282
f 278//278 261//261 285//285
f 282//282 285//285 262//262
f 278//278 285//285 282//282
f 257//257 283//283 271//271
f 283//283 262//262 284//284
f 271//271 284//284 258//258
f 283//283 284//284 271//271
f 255//255 267//267 291//291
f 267//267 257//257 292//292
f 291//291 292//292 264//264
f 267//267 292//292 291//291
f 259//259 272//272 288//288
f 272//272 255//255 287//287
f 288//288 287//287 263//263
f 272//272 287//287 288//288
f 261//261 279//279 280//280
f 279//279 259//259 276//276
f 280//280 276//276 260//260
f 279//279 276//276 280//280
f 262//262 285//285 281//281
f 285//285 261//261 277//277
f 281//281 277//277 254//254
f 285//285 277//277 281//281
f 295//295 332//332 311//311
f 332//332 306//306 335//335
f 311//311 335//335 300//300
f 332//332 335//335 311//311
f 295//295 311//311 307//307
f 311//311 300//300 312//312
f 307//307 312//312 296//296
f 311//311 312//312 307//307
f 295//295 307//307 316//316
f 307//307 296//296 317//317
f 316//316 317//317 302//302
f 307//307 317//317 316//316
f 295//295 316//316 328//328
f 316//316 302//302 331//331
f 328//328 331//331 305//305
f 316//316 331//331 328//328
f 295//295 328//328 332//332
f 328//328 305//305 336//336
f 332//332 336//336 306//306
f 328//328 336//336 332//332
f 296//296 312//312 323//323
f 312//312 300//300 326//326
f 323//323 326//326 304//304
f 312//312 326//326 323//323
f 300//300 335//335 313//313
f 335//335 306//306 334//334
f 313//313 334//334 299//299
f 335//335 334//334 313//313
f 306//306 336//336 333//333
f 336//336 305//305 329//329
f 333//333 329//329 297//297
f 336//336 329//329 333//333
f 305//305 331//331 330//330
f 331//331 302//302 318//318
f 330//330 318//318 301//301
f 331//331 318//318 330//330
f 302//302 317//317 322//322
f 317//317 296//296 319//319
f 322//322 319//319 303//303
f 317//317 319//319 322//322
f 298//298 324//324 310//310
f 324//324 304//304 325//325
f 310//310 325//325 299//299
f 324//324 325//325 310//310
f 298//298 310//310 308//308
f 310//310 299//299 309//309
f 308//308 309//309 297//297
f 310//310 309//309 308//308
f 298//298 308//308 315//315
f 308//308 297//297 314//314
f 315//315 314//314 301//301
f 308//308 314//314 315//315
f 298//298 315//315 320//320
f 315//315 301//301 321//321
f 320//320 321//321 303//303
f 315//315 321//321 320//320
f 298//298 320//320 324//324
f 320//320 303//303 327//327
f 324//324 327//327 304//304
f 320//320 327//327 324//324
f 299//299 325//325 313//313
f 325//325 304//304 326//326
f 313//313 326//326 300//300
f 325//325 326//326 313//313
f 297//297 309//309 333//333
f 309//309 299//299 334//334
f 333//333 334//334 306//306
f 309//309 334//334 333//333
f 301//301 314//314 330//330
f 314//314 297//297 329//329
f 330//330 329//329 305//305
f 314//314 329//329 330//330
f 303//303 321//321 322//322
f 321//321 301//301 318//318
f 322//322 318//318 302//302
f 321//321 318//318 322//322
f 304//304 327//327 323//323
f 327//327 303//303 319//319
f 323//323 319//319 296//296
f 327//327 319//319 323//323
f 337//337 374//374 353//353
f 374//374 348//348 377//377
f 353//353 377//377 342//342
f 374//374 377//377 353//353
f 337//337 353//353 349//349
f 353//353 342//342 354//354
f 349//349 354//354 338//338
f 353//353 354//354 349//349
f 337//337 349//349 358//358
f 349//349 338//338 359//359
f 358//358 359//359 344//344
f 349//349 359//359 358//358
f 337//337 358//358 370//370
f 358//358 344//344 373//373
f 370//370 373//373 347//347
f 358//358 373//373 370//370
f 337//337 370//370 374//374
f 370//370 347//347 378//378
f 374//374 378//378 348//348
f 370//370 378//378 374//374
f 338//338 354//354 365//365
f 354//354 342//342 368//368
f 365//365 368//368 346//346
f 354//354 368//368 365//365
f 342//342 377//377 355//355
f 377//377 348//348 376//376
f 355//355 376//376 341//341
f 377//377 376//376 355//355
f 348//348 378//378 375//375
f 378//378 347//347 371//371
f 375//375 371//371 339//339
f 378//378 371//371 375//375
f 347//347 373//373 372//372
f 373//373 344//344 360//360
f 372//372 360//360 343//343
f 373//373 360//360 372//372
f 344//344 359//359 364//364
f 359//359 338//338 361//361
f 364//364 361//361 345//345
f 359//359 361//361 364//364
f 340//340 366//366 352//352
f 366//366 346//346 367//367
f 352//352 367//367 341//341
f 366//366 367//367 352//352
f 340//340 352//352 350//350
f 352//352 341//341 351//351
f 350//350 351//351 339//339
f 352//352 351//351 350//350
f 340//340 350//350 357//357
f 350//350 339//339 356//356
f 357//357 356//356 343//343
f 350//350 356//356 357//357
f 340//340 357//357 362//362
f 357//357 343//343 363//363
f 362//362 363//363 345//345
f 357//357 363//363 362//362
f 340//340 362//362 366//366
f 362//362 345//345 369//369
f 366//366 369//369 346//346
f 362//362 369//369 366//366
f 341//341 367//367 355//355
f 367//367 346//346 368//368
f 355//355 368//368 342//342
f 367//367 368//368 355//355
f 339//339 351//351 375//375
f 351//351 341//341 376//376
f 375//375 376//376 348//348
f 351//351 376//376 375//375
f 343//343 356//356 372//372
f 356//356 339//339 371//371
f 372//372 371//371 347//347
f 356//356 371//371 372//372
f 345//345 363//363 364//364
f 363//363 343//343 360//360
f 364//364 360//360 344//344
f 363//363 360//360 364//364
f 346//346 369//369 365//365
f 369//369 345//345 361//361
f 365//365 361//361 338//338
f 369//369 361//361 365//365
f 379//379 416//416 395//395
f 416//416 390//390 419//419
f 395//395 419//419 384//384
f 416//416 419//419 395//395
f 379//379 395//395 391//391
f 395//395 384//384 396//396
f 391//391 396//396 380//380
f 395//395 396//396 391//391
f 379//379 391//391 400//400
f 391//391 380//380 401//401
f 400//400 401//401 386//386
f 391//391 401//401 400//400
f 379//379 400//400 412//412
f 400//400 386//386 415//415
f 412//412 415//415 389//389
f 400//400 415//415 412//412
f 379//379 412//412 416//416
f 412//412 389//389 420//420
f 416//416 420//420 390//390
f 412//412 420//420 416//416
f 380//380 396//396 407//407
f 396//396 384//384 410//410
f 407//407 410//410 388//388
f 396//396 410//410 407//407
f 384//384 419//419 397//397
f 419//419 390//390 418//418
f 397//397 418//418 383//383
f 419//419 418//418 397//397
f 390//390 420//420 417//417
f 420//420 389//389 413//413
f 417//417 413//413 381//381
f 420//420 413//413 417//417
f 389//389 415//415 414//414
f 415//415 386//386 402//402
f 414//414 402//402 385//385
f 415//415 402//402 414//414
f 386//386 401//401 406//406
f 401//401 380//380 403//403
f 406//406 403//403 387//387
f 401//401 403//403 406//406
f 382//382 408//408 394//394
f 408//408 388//388 409//409
f 394//394 409//409 383//383
f 408//408 409//409 394//394
f 382//382 394//394 392//392
f 394//394 383//383 393//393
f 392//392 393//393 381//381
f 394//394 393//393 392//392
f 382//382 392//392 399//399
f 392//392 381//381 398//398
f 399//399 398//398 385//385
f 392//392 398//398 399//399
f 382//382 399//399 404//404
f 399//399 385//385 405//405
f 404//404 405//405 387//387
f 399//399 405//405 404//404
f 382//382 404//404 408//408
f 404//404 387//387 411//411
f 408//408 411//411 388//388
f 404//404 411//411 408//408
f 383//383 409//409 397//397
f 409//409 388//388 410//410
f 397//397 410//410 384//384
f 409//409 410//410 397//397
f 381//381 393//393 417//417
f 393//393 383//383 418//418
f 417//417 418//418 390//390
f 393//393 418//418 417//417
f 385//385 398//398 414//414
f 398//398 381//381 413//413
f 414//414 413//413 389//389
f 398//398 413//413 414//414
f 387//387 405//405 406//406
f 405//405 385//385 402//402
f 406//406 402//402 386//386
f 405//405 402//402 406//406
f 388//388 411//411 407//407
f 411//411 387//387 403//403
f 407//407 403//403 380//380
f 411//411 403//403 407//407
f 421//421 458//458 437//437
f 458//458 432//432 461//461
f 437//437 461//461 426//426
f 458//458 461//461 437//437
f 421//421 437//437 433//433
f 437//437 426//426 438//438
f 433//433 438//438 422//422
f 437//437 438//438 433//433
f 421//421 433//433 442//442
f 433//433 422//422 443//443
f 442//442 443//443 428//428
f 433//433 443//443 442//442
f 421//421 442//442 454//454
f 442//442 428//428 457//457
f 454//454 457//457 431//431
f 442//442 457//457 454//454
f 421//421 454//454 458//458
f 454//454 431//431 462//462
f 458//458 462//462 432//432
f 454//454 462//462 458//458
f 422//422 438//438 449//449
f 438//438 426//426 452//452
f 449//449 452//452 430//430
f 438//438 452//452 449//449
f 426//426 461//461 439//439
f 461//461 432//432 460//460
f 439//439 460//460 425//425
f 461//461 460//460 439//439
f 432//432 462//462 459//459
f 462//462 431//431 455//455
f 459//459 455//455 423//423
f 462//462 455//455 459//459
f 431//431 457//457 456//456
f 457//457 428//428 444//444
f 456//456 444//444 427//427
f 457//457 444//444 456//456
f 428//428 443//443 448//448
f 443//443 422//422 445//445
f 448//448 445//445 429//429
f 443//443 445//445 448//448
f 424//424 450//450 436//436
f 450//450 430//430 451//451
f 436//436 451//451 425//425
f 450//450 451//451 436//436
f 424//424 436//436 434//434
f 436//436 425//425 435//435
f 434//434 435//435 423//423
f 436//436 435//435 434//434
f 424//424 434//434 441//441
f 434//434 423//423 440//440
f 441//441 440//440 427//427
f 434//434 440//440 441//441
f 424//424 441//441 446//446
f 441//441 427//427 447//447
f 446//446 447//447 429//429
f 441//441 447//447 446//446
f 424//424 446//446 450//450
f 446//446 429//429 453//453
f 450//450 453//453 430//430
f 446//446 453//453 450//450
f 425//425 451//451 439//439
f 451//451 430//430 452//452
f 439//439 452//452 426//426
f 451//451 452//452 439//439
f 423//423 435//435 459//459
f 435//435 425//425 460//460
f 459//459 460//460 432//432
f 435//435 460//460 459//459
f 427//427 440//440 456//456
f 440//440 423//423 455//455
f 456//456 455//455 431//431
f 440//440 455//455 456//456
f 429//429 447//447 448//448
f 447//447 427//427 444//444
f 448//448 444//444 428//428
f 447//447 444//444 448//448
f 430//430 453//453 449//449
f 453//453 429//429 445//445
f 449//449 445//445 422//422
f 453//453 445//445 449//449
f 463//463 500//500 479//479
f 500//500 474//474 503//503
f 479//479 503//503 468//468
f 500//500 503//503 479//479
f 463//463 479//479 475//475
f 479//479 468//468 480//480
f 475//475 480//480 464//464
f 479//479 480//480 475//475
f 463//463 475//475 484//484
f 475//475 464//464 485//485
f 484//484 485//485 470//470
f 475//475 485//485 484//484
f 463//463 484//484 496//496
f 484//484 470//470 499//499
f 496//496 499//499 473//473
f 484//484 499//499 496//496
f 463//463 496//496 500//500
f 496//496 473//473 504//504
f 500//500 504//504 474//474
f 496//496 504//504 500//500
f 464//464 480//480 491//491
f 480//480 468//468 494//494
f 491//491 494//494 472//472
f 480//480 494//494 491//491
f 468//468 503//503 481//481
f 503//503 474//474 502//502
f 481//481 502//502 467//467
f 503//503 502//502 481//481
f 474//474 504//504 501//501
f 504//504 473//473 497//497
f 501//501 497//497 465//465
f 504//504 497//497 501//501
f 473//473 499//499 498//498
f 499//499 470//470 486//486
f 498//498 486//486 469//469
f 499//499 486//486 498//498
f 470//470 485//485 490//490
f 485//485 464//464 487//487
f 490//490 487//487 471//471
f 485//485 487//487 490//490
f 466//466 492//492 478//478
f 492//492 472//472 493//493
f 478//478 493//493 467//467
f 492//492 493//493 478//478
f 466//466 478//478 476//476
f 478//478 467//467 477//477
f 476//476 477//477 465//465
f 478//478 477//477 476//476
f 466//466 476//476 483//483
f 476//476 465//465 482//482
f 483//483 482//482 469//469
f 476//476 482//482 483//483
f 466//466 483//483 488//488
f 483//483 469//469 489//489
f 488//488 489//489 471//471
f 483//483 489//489 488//488
f 466//466 488//488 492//492
f 488//488 471//471 495//495
f 492//492 495//495 472//472
f 488//488 495//495 492//492
f 467//467 493//493 481//481
f 493//493 472//472 494//494
f 481//481 494//494 468//468
f 493//493 494//494 481//481
f 465//465 477//477 501//501
f 477//477 467//467 502//502
f 501//501 502//502 474//474
f 477//477 502//502 501//501
f 469//469 482//482 498//498
f 482//482 465//465 497//497
f 498//498 497//497 473//473
f 482//482 497//497 498//498
f 471//471 489//489 490//490
f 489//489 469//469 486//486
f 490//490 486//486 470//470
f 489//489 486//486 490//490
f 472//472 495//495 491//491
f 495//495 471//471 487//487
f 491//491 487//487 464//464
f 495//495 487//487 491//491
f 505//505 542//542 521//521
f 542//542 516//516 545//545
f 521//521 545//545 510//510
f 542//542 545//545 521//521
f 505//505 521//521 517//517
f 521//521 510//510 522//522
f 517//517 522//522 506//506
f 521//521 522//522 517//517
f 505//505 517//517 526//526
f 517//517 506//506 527//527
f 526//526 527//527 512//512
f 517//517 527//527 526//526
f 505//505 526//526 538//538
f 526//526 512//512 541//541
f 538//538 541//541 515//515
f 526//526 541//541 538//538
f 505//505 538//538 542//542
f 538//538 515//515 546//546
f 542//542 546//546 516//516
f 538//538 546//546 542//542
f 506//506 522//522 533//533
f 522//522 510//510 536//536
f 533//533 536//536 514//514
f 522//522 536//536 533//533
f 510//510 545//545 523//523
f 545//545 516//516 544//544
f 523//523 544//544 509//509
f 545//545 544//544 523//523
f 516//516 546//546 543//543
f 546//546 515//515 539//539
f 543//543 539//539 507//507
f 546//546 539//539 543//543
f 515//515 541//541 540//540
f 541//541 512//512 528//528
f 540//540 528//528 511//511
f 541//541 528//528 540//540
f 512//512 527//527 532//532
f 527//527 506//506 529//529
f 532//532 529//529 513//513
f 527//527 529//529 532//532
f 508//508 534//534 520//520
f 534//534 514//514 535//535
f 520//520 535//535 509//509
f 534//534 535//535 520//520
f 508//508 520//520 518//518
f 520//520 509//509 519//519
f 518//518 519//519 507//507
f 520//520 519//519 518//518
f 508//508 518//518 525//525
f 518//518 507//507 524//524
f 525//525 524//524 511//511
f 518//518 524//524 525//525
f 508//508 525//525 530//530
f 525//525 511//511 531//531
f 530//530 531//531 513//513
f 525//525 531//531 530//530
f 508//508 530//530 534//534
f 530//530 513//513 537//537
f 534//534 537//537 514//514
f 530//530 537//537 534//534
f 509//509 535//535 523//523
f 535//535 514//514 536//536
f 523//523 536//536 510//510
f 535//535 536//536 523//523
f 507//507 519//519 543//543
f 519//519 509//509 544//544
f 543//543 544//544 516//516
f 519//519 544//544 543//543
f 511//511 524//524 540//540
f 524//524 507//507 539//539
f 540//540 539//539 515//515
f 524//524 539//539 540//540
f 513//513 531//531 532//532
f 531//531 511//511 528//528
f 532//532 528//528 512//512
f 531//531 528//528 532//532
f 514//514 537//537 533//533
f 537//537 513//513 529//529
f 533//533 529//529 506//506
f 537//537 529//529 533//533
f 547//547 584//584 563//563
f 584//584 558//558 587//587
f 563//563 587//587 552//552
f 584//584 587//587 563//563
f 547//547 563//563 559//559
f 563//563 552//552 564//564
f 559//559 564//564 548//548
f 563//563 564//564 559//559
f 547//547 559//559 568//568
f 559//559 548//548 569//569
f 568//568 569//569 554//554
f 559//559 569//569 568//568
f 547//547 568//568 580//580
f 568//568 554//554 583//583
f 580//580 583//583 557//557
f 568//568 583//583 580//580
f 547//547 580//580 584//584
f 580//580 557//557 588//588
f 584//584 588//588 558//558
f 580//580 588//588 584//584
f 548//548 564//564 575//575
f 564//564 552//552 578//578
f 575//575 578//578 556//556
f 564//564 578//578 575//575
f 552//552 587//587 565//565
f 587//587 558//558 586//586
f 565//565 586//586 551//551
f 587//587 586//586 565//565
f 558//558 588//588 585//585
f 588//588 557//557 581//581
f 585//585 581//581 549//549
f 588//588 581//581 585//585
f 557//557 583//583 582//582
f 583//583 554//554 570//570
f 582//582 570//570 553//553
f 583//583 570//570 582//582
f 554//554 569//569 574//574
f 569//569 548//548 571//571
f 574//574 571//571 555//555
f 569//569 571//571 574//574
f 550//550 576//576 562//562
f 576//576 556//556 577//577
f 562//562 577//577 551//551
f 576//576 577//577 562//562
f 550//550 562//562 560//560
f 562//562 551//551 561//561
f 560//560 561//561 549//549
f 562//562 561//561 560//560
f 550//550 560//560 567//567
f 560//560 549//549 566//566
f 567//567 566//566 553//553
f 560//560 566//566 567//567
f 550//550 567//567 572//572
f 567//567 553//553 573//573
f 572//572 573//573 555//555
f 567//567 573//573 572//572
f 550//550 572//572 576//576
f 572//572 555//555 579//579
f 576//576 579//579 556//556
f 572//572 579//579 576//576
f 551//551 577//577 565//565
f 577//577 556//556 578//578
f 565//565 578//578 552//552
f 577//577 578//578 565//565
f 549//549 561//561 585//585
f 561//561 551//551 586//586
f 585//585 586//586 558//558
f 561//561 586//586 585//585
f 553//553 566//566 582//582
f 566//566 549//549 581//581
f 582//582 581//581 557//557
f 566//566 581//581 582//582
f 555//555 573//573 574//574
f 573//573 553//553 570//570
f 574//574 570//570 554//554
f 573//573 570//570 574//574
f 556//556 579//579 575//575
f 579//579 555//555 571//571
f 575//575 571//571 548//548
f 579//579 571//571 575//575
f 589//589 626//626 605//605
f 626//626 600//600 629//629
f 605//605 629//629 594//594
f 626//626 629//629 605//605
f 589//589 605//605 601//601
f 605//605 594//594 606//606
f 601//601 606//606 590//590
f 605//605 606//606 601//601
f 589//589 601//601 610//610
f 601//601 590//590 611//611
f 610//610 611//611 596//596
f 601//601 611//611 610//610
f 589//589 610//610 622//622
f 610//610 596//596 625//625
f 622//622 625//625 599//599
f 610//610 625//625 622//622
f 589//589 622//622 626//626
f 622//622 599//599 630//630
f 626//626 630//630 600//600
f 622//622 630//630 626//626
f 590//590 606//606 617//617
f 606//606 594//594 620//620
f 617//617 620//620 598//598
f 606//606 620//620 617//617
f 594//594 629//629 607//607
f 629//629 600//600 628//628
f 607//607 628//628 593//593
f 629//629 628//628 607//607
f 600//600 630//630 627//627
f 630//630 599//599 623//623
f 627//627 623//623 591//591
f 630//630 623//623 627//627
f 599//599 625//625 624//624
f 625//625 596//596 612//612
f 624//624 612//612 595//595
f 625//625 612//612 624//624
f 596//596 611//611 616//616
f 611//611 590//590 613//613
f 616//616 613//613 597//597
f 611//611 613//613 616//616
f 592//592 618//618 604//604
f 618//618 598//598 619//619
f 604//604 619//619 593//593
f 618//618 619//619 604//604
f 592//592 604//604 602//602
f 604//604 593//593 603//603
f 602//602 603//603 591//591
f 604//604 603//603 602//602
f 592//592 602//602 609//609
f 602//602 591//591 608//608
f 609//609 608//608 595//595
f 602//602 608//608 609//609
f 592//592 609//609 614//614
f 609//609 595//595 615//615
f 614//614 615//615 597//597
f 609//609 615//615 614//614
f 592//592 614//614 618//618
f 614//614 597//597 621//621
f 618//618 621//621 598//598
f 614//614 621//621 618//618
f 593//593 619//619 607//607
f 619//619 598//598 620//620
f 607//607 620//620 594//594
f 619//619 620//620 607//607
f 591//591 603//603 627//627
f 603//603 593//593 628//628
f 627//627 628//628 600//600
f 603//603 628//628 627//627
f 595//595 608//608 624//624
f 608//608 591//591 623//623
f 624//624 623//623 599//599
f 608//608 623//623 624//624
f 597//597 615//615 616//616
f 615//615 595//595 612//612
f 616//616 612//612 596//596
f 615//615 612//612 616//616
f 598//598 621//621 617//617
f 621//621 597//597 613//613
f 617//617 613//613 590//590
f 621//621 613//613 617//617
f 631//631 668//668 647//647
f 668//668 642//642 671//671
f 647//647 671//671 636//636
f 668//668 671//671 647//647
f 631//631 647//647 643//643
f 647//647 636//636 648//648
f 643//643 648//648 632//632
f 647//647 648//648 643//643
f 631//631 643//643 652//652
f 643//643 632//632 653//653
f 652//652 653//653 638//638
f 643//643 653//653 652//652
f 631//631 652//652 664//664
f 652//652 638//638 667//667
f 664//664 667//667 641//641
f 652//652 667//667 664//664
f 631//631 664//664 668//668
f 664//664 641//641 672//672
f 668//668 672//672 642//642
f 664//664 672//672 668//668
f 632//632 648//648 659//659
f 648//648 636//636 662//662
f 659//659 662//662 640//640
f 648//648 662//662 659//659
f 636//636 671//671 649//649
f 671//671 642//642 670//670
f 649//649 670//670 635//635
f 671//671 670//670 649//649
f 642//642 672//672 669//669
f 672//672 641//641 665//665
f 669//669 665//665 633//633
f 672//672 665//665 669//669
f 641//641 667//667 666//666
f 667//667 638//638 654//654
f 666//666 654//654 637//637
f 667//667 654//654 666//666
f 638//638 653//653 658//658
f 653//653 632//632 655//655
f 658//658 655//655 639//639
f 653//653 655//655 658//658
f 634//634 660//660 646//646
f 660//660 640//640 661//661
f 646//646 661//661 635//635
f 660//660 661//661 646//646
f 634//634 646//646 644//644
f 646//646 635//635 645//645
f 644//644 645//645 633//633
f 646//646 645//645 644//644
f 634//634 644//644 651//651
f 644//644 633//633 650//650
f 651//651 650//650 637//637
f 644//644 650//650 651//651
f 634//634 651//651 656//656
f 651//651 637//637 657//657
f 656//656 657//657 639//639
f 651//651 657//657 656//656
f 634//634 656//656 660//660
f 656//656 639//639 663//663
f 660//660 663//663 640//640
f 656//656 663//663 660//660
f 635//635 661//661 649//649
f 661//661 640//640 662//662
f 649//649 662//662 636//636
f 661//661 662//662 649//649
f 633//633 645//645 669//669
f 645//645 635//635 670//670
f 669//669 670//670 642//642
f 645//645 670//670 669//669
f 637//637 650//650 666//666
f 650//650 633//633 665//665
f 666//666 665//665 641//641
f 650//650 665//665 666//666
f 639//639 657//657 658//658
f 657//657 637//637 654//654
f 658//658 654//654 638//638
f 657//657 654//654 658//658
f 640//640 663//663 659//659
f 663//663 639//639 655//655
f 659//659 655//655 632//632
f 663//663 655//655 659//659
f 673//673 710//710 689//689
f 710//710 684//684 713//713
f 689//689 713//713 678//678
f 710//710 713//713 689//689
f 673//673 689//689 685//685
f 689//689 678//678 690//690
f 685//685 690//690 674//674
f 689//689 690//690 685//685
f 673//673 685//685 694//694
f 685//685 674//674 695//695
f 694//694 695//695 680//680
f 685//685 695//695 694//694
f 673//673 694//694 706//706
f 694//694 680//680 709//709
f 706//706 709//709 683//683
f 694//694 709//709 706//706
f 673//673 706//706 710//710
f 706//706 683//683 714//714
f 710//710 714//714 684//684
f 706//706 714//714 710//710
f 674//674 690//690 701//701
f 690//690 678//678 704//704
f 701//701 704//704 682//682
f 690//690 704//704 701//701
f 678//678 713//713 691//691
f 713//713 684//684 712//712
f 691//691 712//712 677//677
f 713//713 712//712 691//691
f 684//684 714//714 711//711
f 714//714 683//683 707//707
f 711//711 707//707 675//675
f 714//714 707//707 711//711
f 683//683 709//709 708//708
f 709//709 680//680 696//696
f 708//708 696//696 679//679
f 709//709 696//696 708//708
f 680//680 695//695 700//700
f 695//695 674//674 697//697
f 700//700 697//697 681//681
f 695//695 697//697 700//700
f 676//676 702//702 688//688
f 702//702 682//682 703//703
f 688//688 703//703 677//677
f 702//702 703//703 688//688
f 676//676 688//688 686//686
f 688//688 677//677 687//687
f 686//686 687//687 675//675
f 688//688 687//687 686//686
f 676//676 686//686 693//693
f 686//686 675//675 692//692
f 693//693 692//692 679//679
f 686//686 692//692 693//693
f 676//676 693//693 698//698
f 693//693 679//679 699//699
f 698//698 699//699 681//681
f 693//693 699//699 698//698
f 676//676 698//698 702//702
f 698//698 681//681 705//705
f 702//702 705//705 682//682
f 698//698 705//705 702//702
f 677//677 703//703 691//691
f 703//703 682//682 704//704
f 691//691 704//704 678//678
f 703//703 704//704 691//691
f 675//675 687//687 711//711
f 687//687 677//677 712//712
f 711//711 712//712 684//684
f 687//687 712//712 711//711
f 679//679 692//692 708//708
f 692//692 675//675 707//707
f 708//708 707//707 683//683
f 692//692 707//707 708//708
f 681//681 699//699 700//700
f 699//699 679//679 696//696
f 700//700 696//696 680//680
f 699//699 696//696 700//700
f 682//682 705//705 701//701
f 705//705 681//681 697//697
f 701//701 697//697 674//674
f 705//705 697//697 701//701
f 715//715 752//752 731//731
f 752//752 726//726 755//755
f 731//731 755//755 720//720
f 752//752 755//755 731//731
f 715//715 731//731 727//727
f 731//731 720//720 732//732
f 727//727 732//732 716//716
f 731//731 732//732 727//727
f 715//715 727//727 736//736
f 727//727 716//716 737//737
f 736//736 737//737 722//722
f 727//727 737//737 736//736
f 715//715 736//736 748//748
f 736//736 722//722 751//751
f 748//748 751//751 725//725
f 736//736 751//751 748//748
f 715//715 748//748 752//752
f 748//748 725//725 756//756
f 752//752 756//756 726//726
f 748//748 756//756 752//752
f 716//716 732//732 743//743
f 732//732 720//720 746//746
f 743//743 746//746 724//724
f 732//732 746//746 743//743
f 720//720 755//755 733//733
f 755//755 726//726 754//754
f 733//733 754//754 719//719
f 755//755 754//754 733//733
f 726//726 756//756 753//753
f 756//756 725//725 749//749
f 753//753 749//749 717//717
f 756//756 749//749 753//753
f 725//725 751//751 750//750
f 751//751 722//722 738//738
f 750//750 738//738 721//721
f 751//751 738//738 750//750
f 722//722 737//737 742//742
f 737//737 716//716 739//739
f 742//742 739//739 723//723
f 737//737 739//739 742//742
f 718//718 744//744 730//730
f 744//744 724//724 745//745
f 730//730 745//745 719//719
f 744//744 745//745 730//730
f 718//718 730//730 728//728
f 730//730 719//719 729//729
f 728//728 729//729 717//717
f 730//730 729//729 728//728
f 718//718 728//728 735//735
f 728//728 717//717 734//734
f 735//735 734//734 721//721
f 728//728 734//734 735//735
f 718//718 735//735 740//740
f 735//735 721//721 741//741
f 740//740 741//741 723//723
f 735//735 741//741 740//740
f 718//718 740//740 744//744
f 740//740 723//723 747//747
f 744//744 747//747 724//724
f 740//740 747//747 744//744
f 719//719 745//745 733//733
f 745//745 724//724 746//746
f 733//733 746//746 720//720
f 745//745 746//746 733//733
f 717//717 729//729 753//753
f 729//729 719//719 754//754
f 753//753 754//754 726//726
f 729//729 754//754 753//753
f 721//721 734//734 750//750
f 734//734 717//717 749//749
f 750//750 749//749 725//725
f 734//734 749//749 750//750
f 723//723 741//741 742//742
f 741//741 721//721 738//738
f 742//742 738//738 722//722
f 741//741 738//738 742//742
f 724//724 747//747 743//743
f 747//747 723//723 739//739
f 743//743 739//739 716//716
f 747//747 739//739 743//743
f 757//757 794//794 773//773
f 794//794 768//768 797//797
f 773//773 797//797 762//762
f 794//794 797//797 773//773
f 757//757 773//773 769//769
f 773//773 762//762 774//774
f 769//769 774//774 758//758
f 773//773 774//774 769//769
f 757//757 769//769 778//778
f 769//769 758//758 779//779
f 778//778 779//779 764//764
f 769//769 779//779 778//778
f 757//757 778//778 790//790
f 778//778 764//764 793//793
f 790//790 793//793 767//767
f 778//778 793//793 790//790
f 757//757 790//790 794//794
f 790//790 767//767 798//798
f 794//794 798//798 768//768
f 790//790 798//798 794//794
f 758//758 774//774 785//785
f 774//774 762//762 788//788
f 785//785 788//788 766//766
f 774//774 788//788 785//785
f 762//762 797//797 775//775
f 797//797 768//768 796//796
f 775//775 796//796 761//761
f 797//797 796//796 775//775
f 768//768 798//798 795//795
f 798//798 767//767 791//791
f 795//795 791//791 759//759
f 798//798 791//791 795//795
f 767//767 793//793 792//792
f 793//793 764//764 780//780
f 792//792 780//780 763//763
f 793//793 780//780 792//792
f 764//764 779//779 784//784
f 779//779 758//758 781//781
f 784//784 781//781 765//765
f 779//779 781//781 784//784
f 760//760 786//786 772//772
f 786//786 766//766 787//787
f 772//772 787//787 761//761
f 786//786 787//787 772//772
f 760//760 772//772 770//770
f 772//772 761//761 771//771
f 770//770 771//771 759//759
f 772//772 771//771 770//770
f 760//760 770//770 777//777
f 770//770 759//759 776//776
f 777//777 776//776 763//763
f 770//770 776//776 777//777
f 760//760 777//777 782//782
f 777//777 763//763 783//783
f 782//782 783//783 765//765
f 777//777 783//783 782//782
f 760//760 782//782 786//786
f 782//782 765//765 789//789
f 786//786 789//789 766//766
f 782//782 789//789 786//786
f 761//761 787//787 775//775
f 787//787 766//766 788//788
f 775//775 788//788 762//762
f 787//787 788//788 775//775
f 759//759 771//771 795//795
f 771//771 761//761 796//796
f 795//795 796//796 768//768
f 771//771 796//796 795//795
f 763//763 776//776 792//792
f 776//776 759//759 791//791
f 792//792 791//791 767//767
f 776//776 791//791 792//792
f 765//765 783//783 784//784
f 783//783 763//763 780//780
f 784//784 780//780 764//764
f 783//783 780//780 784//784
f 766//766 789//789 785//785
f 789//789 765//765 781//781
f 785//785 781//781 758//758
f 789//789 781//781 785//785
f 799//799 836//836 815//815
f 836//836 810//810 839//839
f 815//815 839//839 804//804
f 836//836 839//839 815//815
f 799//799 815//815 811//811
f 815//815 804//804 816//816
f 811//811 816//816 800//800
f 815//815 816//816 811//811
f 799//799 811//811 820//820
f 811//811 800//800 821//821
f 820//820 821//821 806//806
f 811//811 821//821 820//820
f 799//799 820//820 832//832
f 820//820 806//806 835//835
f 832//832 835//835 809//809
f 820//820 835//835 832//832
f 799//799 832//832 836//836
f 832//832 809//809 840//840
f 836//836 840//840 810//810
f 832//832 840//840 836//836
f 800//800 816//816 827//827
f 816//816 804//804 830//830
f 827//827 830//830 808//808
f 816//816 830//830 827//827
f 804//804 839//839 817//817
f 839//839 810//810 838//838
f 817//817 838//838 803//803
f 839//839 838//838 817//817
f 810//810 840//840 837//837
f 840//840 809//809 833//833
f 837//837 833//833 801//801
f 840//840 833//833 837//837
f 809//809 835//835 834//834
f 835//835 806//806 822//822
f 834//834 822//822 805//805
f 835//835 822//822 834//834
f 806//806 821//821 826//826
f 821//821 800//800 823//823
f 826//826 823//823 807//807
f 821//821 823//823 826//826
f 802//802 828//828 814//814
f 828//828 808//808 829//829
f 814//814 829//829 803//803
f 828//828 829//829 814//814
f 802//802 814//814 812//812
f 814//814 803//803 813//813
f 812//812 813//813 801//801
f 814//814 813//813 812//812
f 802//802 812//812 819//819
f 812//812 801//801 818//818
f 819//819 818//818 805//805
f 812//812 818//818 819//819
f 802//802 819//819 824//824
f 819//819 805//805 825//825
f 824//824 825//825 807//807
f 819//819 825//825 824//824
f 802//802 824//824 828//828
f 824//824 807//807 831//831
f 828//828 831//831 808//808
f 824//824 831//831 828//828
f 803//803 829//829 817//817
f 829//829 808//808 830//830
f 817//817 830//830 804//804
f 829//829 830//830 817//817
f 801//801 813//813 837//837
f 813//813 803//803 838//838
f 837//837 838//838 810//810
f 813//813 838//838 837//837
f 805//805 818//818 834//834
f 818//818 801//801 833//833
f 834//834 833//833 809//809
f 818//818 833//833 834//834
f 807//807 825//825 826//826
f 825//825 805//805 822//822
f 826//826 822//822 806//806
f 825//825 822//822 826//826
f 808//808 831//831 827//827
f 831//831 807//807 823//823
f 827//827 823//823 800//800
f 831//831 823//823 827//827
f 841//841 878//878 857//857
f 878//878 852//852 881//881
f 857//857 881//881 846//846
f 878//878 881//881 857//857
f 841//841 857//857 853//853
f 857//857 846//846 858//858
f 853//853 858//858 842//842
f 857//857 858//858 853//853
f 841//841 853//853 862//862
f 853//853 842//842 863//863
f 862//862 863//863 848//848
f 853//853 863//863 862//862
f 841//841 862//862 874//874
f 862//862 848//848 877//877
f 874//874 877//877 851//851
f 862//862 877//877 874//874
f 841//841 874//874 878//878
f 874//874 851//851 882//882
f 878//878 882//882 852//852
f 874//874 882//882 878//878
f 842//842 858//858 869//869
f 858//858 846//846 872//872
f 869//869 872//872 850//850
f 858//858 872//872 869//869
f 846//846 881//881 859//859
f 881//881 852//852 880//880
f 859//859 880//880 845//845
f 881//881 880//880 859//859
f 852//852 882//882 879//879
f 882//882 851//851 875//875
f 879//879 875//875 843//843
f 882//882 875//875 879//879
f 851//851 877//877 876//876
f 877//877 848//848 864//864
f 876//876 864//864 847//847
f 877//877 864//864 876//876
f 848//848 863//863 868//868
f 863//863 842//842 865//865
f 868//868 865//865 849//849
f 863//863 865//865 868//868
f 844//844 870//870 856//856
f 870//870 850//850 871//871
f 856//856 871//871 845//845
f 870//870 871//871 856//856
f 844//844 856//856 854//854
f 856//856 845//845 855//855
f 854//854 855//855 843//843
f 856//856 855//855 854//854
f 844//844 854//854 861//861
f 854//854 843//843 860//860
f 861//861 860//860 847//847
f 854//854 860//860 861//861
f 844//844 861//861 866//866
f 861//861 847//847 867//867
f 866//866 867//867 849//849
f 861//861 867//867 866//866
f 844//844 866//866 870//870
f 866//866 849//849 873//873
f 870//870 873//873 850//850
f 866//866 873//873 870//870
f 845//845 871//871 859//859
f 871//871 850//850 872//872
f 859//859 872//872 846//846
f 871//871 872//872 859//859
f 843//843 855//855 879//879
f 855//855 845//845 880//880
f 879//879 880//880 852//852
f 855//855 880//880 879//879
f 847//847 860//860 876//876
f 860//860 843//843 875//875
f 876//876 875//875 851//851
f 860//860 875//875 876//876
f 849//849 867//867 868//868
f 867//867 847//847 864//864
f 868//868 864//864 848//848
f 867//867 864//864 868//868
f 850//850 873//873 869//869
f 873//873 849//849 865//865
f 869//869 865//865 842//842
f 873//873 865//865 869//869
f 883//883 920//920 899//899
f 920//920 894//894 923//923
f 899//899 923//923 888//888
f 920//920 923//923 899//899
f 883//883 899//899 895//895
f 899//899 888//888 900//900
f 895//895 900//900 884//884
f 899//899 900//900 895//895
f 883//883 895//895 904//904
f 895//895 884//884 905//905
f 904//904 905//905 890//890
f 895//895 905//905 904//904
f 883//883 904//904 916//916
f 904//904 890//890 919//919
f 916//916 919//919 893//893
f 904//904 919//919 916//916
f 883//883 916//916 920//920
f 916//916 893//893 924//924
f 920//920 924//924 894//894
f 916//916 924//924 920//920
f 884//884 900//900 911//911
f 900//900 888//888 914//914
f 911//911 914//914 892//892
f 900//900 914//914 911//911
f 888//888 923//923 901//901
f 923//923 894//894 922//922
f 901//901 922//922 887//887
f 923//923 922//922 901//901
f 894//894 924//924 921//921
f 924//924 893//893 917//917
f 921//921 917//917 885//885
f 924//924 917//917 921//921
f 893//893 919//919 918//918
f 919//919 890//890 906//906
f 918//918 906//906 889//889
f 919//919 906//906 918//918
f 890//890 905//905 910//910
f 905//905 884//884 907//907
f 910//910 907//907 891//891
f 905//905 907//907 910//910
f 886//886 912//912 898//898
f 912//912 892//892 913//913
f 898//898 913//913 887//887
f 912//912 913//913 898//898
f 886//886 898//898 896//896
f 898//898 887//887 897//897
f 896//896 897//897 885//885
f 898//898 897//897 896//896
f 886//886 896//896 903//903
f 896//896 885//885 902//902
f 903//903 902//902 889//889
f 896//896 902//902 903//903
f 886//886 903//903 908//908
f 903//903 889//889 909//909
f 908//908 909//909 891//891
f 903//903 909//909 908//908
f 886//886 908//908 912//912
f 908//908 891//891 915//915
f 912//912 915//915 892//892
f 908//908 915//915 912//912
f 887//887 913//913 901//901
f 913//913 892//892 914//914
f 901//901 914//914 888//888
f 913//913 914//914 901//901
f 885//885 897//897 921//921
f 897//897 887//887 922//922
f 921//921 922//922 894//894
f 897//897 922//922 921//921
f 889//889 902//902 918//918
f 902//902 885//885 917//917
f 918//918 917//917 893//893
f 902//902 917//917 918//918
f 891//891 909//909 910//910
f 909//909 889//889 906//906
f 910//910 906//906 890//890
f 909//909 906//906 910//910
f 892//892 915//915 911//911
f 915//915 891//891 907//907
f 911//911 907//907 884//884
f 915//915 907//907 911//911
f 925//925 962//962 941//941
f 962//962 936//936 965//965
f 941//941 965//965 930//930
f 962//962 965//965 941//941
f 925//925 941//941 937//937
f 941//941 930//930 942//942
f 937//937 942//942 926//926
f 941//941 942//942 937//937
f 925//925 937//937 946//946
f 937//937 926//926 947//947
f 946//946 947//947 932//932
f 937//937 947//947 946//946
f 925//925 946//946 958//958
f 946//946 932//932 961//961
f 958//958 961//961 935//935
f 946//946 961//961 958//958
f 925//925 958//958 962//962
f 958//958 935//935 966//966
f 962//962 966//966 936//936
f 958//958 966//966 962//962
f 926//926 942//942 953//953
f 942//942 930//930 956//956
f 953//953 956//956 934//934
f 942//942 956//956 953//953
f 930//930 965//965 943//943
f 965//965 936//936 964//964
f 943//943 964//964 929//929
f 965//965 964//964 943//943
f 936//936 966//966 963//963
f 966//966 935//935 959//959
f 963//963 959//959 927//927
f 966//966 959//959 963//963
f 935//935 961//961 960//960
f 961//961 932//932 948//948
f 960//960 948//948 931//931
f 961//961 948//948 960//960
f 932//932 947//947 952//952
f 947//947 926//926 949//949
f 952//952 949//949 933//933
f 947//947 949//949 952//952
f 928//928 954//954 940//940
f 954//954 934//934 955//955
f 940//940 955//955 929//929
f 954//954 955//955 940//940
f 928//928 940//940 938//938
f 940//940 929//929 939//939
f 938//938 939//939 927//927
f 940//940 939//939 938//938
f 928//928 938//938 945//945
f 938//938 927//927 944//944
f 945//945 944//944 931//931
f 938//938 944//944 945//945
f 928//928 945//945 950//950
f 945//945 931//931 951//951
f 950//950 951//951 933//933
f 945//945 951//951 950//950
f 928//928 950//950 954//954
f 950//950 933//933 957//957
f 954//954 957//957 934//934
f 950//950 957//957 954//954
f 929//929 955//955 943//943
f 955//955 934//934 956//956
f 943//943 956//956 930//930
f 955//955 956//956 943//943
f 927//927 939//939 963//963
f 939//939 929//929 964//964
f 963//963 964//964 936//936
f 939//939 964//964 963//963
f 931//931 944//944 960//960
f 944//944 927//927 959//959
f 960//960 959//959 935//935
f 944//944 959//959 960//960
f 933//933 951//951 952//952
f 951//951 931//931 948//948
f 952//952 948//948 932//932
f 951//951 948//948 952//952
f 934//934 957//957 953//953
f 957//957 933//933 949//949
f 953//953 949//949 926//926
f 957//957 949//949 953//953
f 967//967 1004//1004 983//983
f 1004//1004 978//978 1007//1007
f 983//983 1007//1007 972//972
f 1004//1004 1007//1007 983//983
f 967//967 983//983 979//979
f 983//983 972//972 984//984
f 979//979 984//984 968//968
f 983//983 984//984 979//979
f 967//967 979//979 988//988
f 979//979 968//968 989//989
f 988//988 989//989 974//974
f 979//979 989//989 988//988
f 967//967 988//988 1000//1000
f 988//988 974//974 1003//1003
f 1000//1000 1003//1003 977//977
f 988//988 1003//1003 1000//1000
f 967//967 1000//1000 1004//1004
f 1000//1000 977//977 1008//1008
f 1004//1004 1008//1008 978//978
f 1000//1000 1008//1008 1004//1004
f 968//968 984//984 995//995
f 984//984 972//972 998//998
f 995//995 998//998 976//976
f 984//984 998//998 995//995
f 972//972 1007//1007 985//985
f 1007//1007 978//978 1006//1006
f 985//985 1006//1006 971//971
f 1007//1007 1006//1006 985//985
f 978//978 1008//1008 1005//1005
f 1008//1008 977//977 1001//1001
f 1005//1005 1001//1001 969//969
f 1008//1008 1001//1001 1005//1005
f 977//977 1003//1003 1002//1002
f 1003//1003 974//974 990//990
f 1002//1002 990//990 973//973
f 1003//1003 990//990 1002//1002
f 974//974 989//989 994//994
f 989//989 968//968 991//991
f 994//994 991//991 975//975
f 989//989 991//991 994//994
f 970//970 996//996 982//982
f 996//996 976//976 997//997
f 982//982 997//997 971//971
f 996//996 997//997 982//982
f 970//970 982//982 980//980
f 982//982 971//971 981//981
f 980//980 981//981 969//969
f 982//982 981//981 980//980
f 970//970 980//980 987//987
f 980//980 969//969 986//986
f 987//987 986//986 973//973
f 980//980 986//986 987//987
f 970//970 987//987 992//992
f 987//987 973//973 993//993
f 992//992 993//993 975//975
f 987//987 993//993 992//992
f 970//970 992//992 996//996
f 992//992 975//975 999//999
f 996//996 999//999 976//976
f 992//992 999//999 996//996
f 971//971 997//997 985//985
f 997//997 976//976 998//998
f 985//985 998//998 972//972
f 997//997 998//998 985//985
f 969//969 981//981 1005//1005
f 981//981 971//971 1006//1006
f 1005//1005 1006//1006 978//978
f 981//981 1006//1006 1005//1005
f 973//973 986//986 1002//1002
f 986//986 969//969 1001//1001
f 1002//1002 1001//1001 977//977
f 986//986 1001//1001 1002//1002
f 975//975 993//993 994//994
f 993//993 973//973 990//990
f 994//994 990//990 974//974
f 993//993 990//990 994//994
f 976//976 999//999 995//995
f 999//999 975//975 991//991
f 995//995 991//991 968//968
f 999//999 991//991 995//995
f 1009//1009 1046//1046 1025//1025
f 1046//1046 1020//1020 1049//1049
f 1025//1025 1049//1049 1014//1014
f 1046//1046 1049//1049 1025//1025
f 1009//1009 1025//1025 1021//1021
f 1025//1025 1014//1014 1026//1026
f 1021//1021 1026//1026 1010//1010
f 1025//1025 1026//1026 1021//1021
f 1009//1009 1021//1021 1030//1030
f 1021//1021 1010//1010 1031//1031
f 1030//1030 1031//1031 1016//1016
f 1021//1021 1031//1031 1030//1030
f 1009//1009 1030//1030 1042//1042
f 1030//1030 1016//1016 1045//1045
f 1042//1042 1045//1045 1019//1019
f 1030//1030 1045//1045 1042//1042
f 1009//1009 1042//1042 1046//1046
f 1042//1042 1019//1019 1050//1050
f 1046//1046 1050//1050 1020//1020
f 1042//1042 1050//1050 1046//1046
f 1010//1010 1026//1026 1037//1037
f 1026//1026 1014//1014 1040//1040
f 1037//1037 1040//1040 1018//1018
f 1026//1026 1040//1040 1037//1037
f 1014//1014 1049//1049 1027//1027
f 1049//1049 1020//1020 1048//1048
f 1027//1027 1048//1048 1013//1013
f 1049//1049 1048//1048 1027//1027
f 1020//1020 1050//1050 1047//1047
f 1050//1050 1019//1019 1043//1043
f 1047//1047 1043//1043 1011//1011
f 1050//1050 1043//1043 1047//1047
f 1019//1019 1045//1045 1044//1044
f 1045//1045 1016//1016 1032//1032
f 1044//1044 1032//1032 1015//1015
f 1045//1045 1032//1032 1044//1044
f 1016//1016 1031//1031 1036//1036
f 1031//1031 1010//1010 1033//1033
f 1036//1036 1033//1033 1017//1017
f 1031//1031 1033//1033 1036//1036
f 1012//1012 1038//1038 1024//1024
f 1038//1038 1018//1018 1039//1039
f 1024//1024 1039//1039 1013//1013
f 1038//1038 1039//1039 1024//1024
f 1012//1012 1024//1024 1022//1022
f 1024//1024 1013//1013 1023//1023
f 1022//1022 1023//1023 1011//1011
f 1024//1024 1023//1023 1022//1022
f 1012//1012 1022//1022 1029//1029
f 1022//1022 1011//1011 1028//1028
f 1029//1029 1028//1028 1015//1015
f 1022//1022 1028//1028 1029//1029
f 1012//1012 1029//1029 1034//1034
f 1029//1029 1015//1015 1035//1035
f 1034//1034 1035//1035 1017//1017
f 1029//1029 1035//1035 1034//1034
f 1012//1012 1034//1034 1038//1038
f 1034//1034 1017//1017 1041//1041
f 1038//1038 1041//1041 1018//1018
f 1034//1034 1041//1041 1038//1038
f 1013//1013 1039//1039 1027//1027
f 1039//1039 1018//1018 1040//1040
f 1027//1027 1040//1040 1014//1014
f 1039//1039 1040//1040 1027//1027
f 1011//1011 1023//1023 1047//1047
f 1023//1023 1013//1013 1048//1048
f 1047//1047 1048//1048 1020//1020
f 1023//1023 1048//1048 1047//1047
f 1015//1015 1028//1028 1044//1044
f 1028//1028 1011//1011 1043//1043
f 1044//1044 1043//1043 1019//1019
f 1028//1028 1043//1043 1044//1044
f 1017//1017 1035//1035 1036//1036
f 1035//1035 1015//1015 1032//1032
f 1036//1036 1032//1032 1016//1016
f 1035//1035 1032//1032 1036//1036
f 1018//1018 1041//1041 1037//1037
f 1041//1041 1017//1017 1033//1033
f 1037//1037 1033//1033 1010//1010
f 1041//1041 1033//1033 1037//1037
f 1051//1051 1088//1088 1067//1067
f 1088//1088 1062//1062 1091//1091
f 1067//1067 1091//1091 1056//1056
f 1088//1088 1091//1091 1067//1067
f 1051//1051 1067//1067 1063//1063
f 1067//1067 1056//1056 1068//1068
f 1063//1063 1068//1068 1052//1052
f 1067//1067 1068//1068 1063//1063
f 1051//1051 1063//1063 1072//1072
f 1063//1063 1052//1052 1073//1073
f 1072//1072 1073//1073 1058//1058
f 1063//1063 1073//1073 1072//1072
f 1051//1051 1072//1072 1084//1084
f 1072//1072 1058//1058 1087//1087
f 1084//1084 1087//1087 1061//1061
f 1072//1072 1087//1087 1084//1084
f 1051//1051 1084//1084 1088//1088
f 1084//1084 1061//1061 1092//1092
f 1088//1088 1092//1092 1062//1062
f 1084//1084 1092//1092 1088//1088
f 1052//1052 1068//1068 1079//1079
f 1068//1068 1056//1056 1082//1082
f 1079//1079 1082//1082 1060//1060
f 1068//1068 1082//1082 1079//1079
f 1056//1056 1091//1091 1069//1069
f 1091//1091 1062//1062 1090//1090
f 1069//1069 1090//1090 1055//1055
f 1091//1091 1090//1090 1069//1069
f 1062//1062 1092//1092 1089//1089
f 1092//1092 1061//1061 1085//1085
f 1089//1089 1085//1085 1053//1053
f 1092//1092 1085//1085 1089//1089
f 1061//1061 1087//1087 1086//1086
f 1087//1087 1058//1058 1074//1074
f 1086//1086 1074//1074 1057//1057
f 1087//1087 1074//1074 1086//1086
f 1058//1058 1073//1073 1078//1078
f 1073//1073 1052//1052 1075//1075
f 1078//1078 1075//1075 1059//1059
f 1073//1073 1075//1075 1078//1078
f 1054//1054 1080//1080 1066//1066
f 1080//1080 1060//1060 1081//1081
f 1066//1066 1081//1081 1055//1055
f 1080//1080 1081//1081 1066//1066
f 1054//1054 1066//1066 1064//1064
f 1066//1066 1055//1055 1065//1065
f 1064//1064 1065//1065 1053//1053
f 1066//1066 1065//1065 1064//1064
f 1054//1054 1064//1064 1071//1071
f 1064//1064 1053//1053 1070//1070
f 1071//1071 1070//1070 1057//1057
f 1064//1064 1070//1070 1071//1071
f 1054//1054 1071//1071 1076//1076
f 1071//1071 1057//1057 1077//1077
f 1076//1076 1077//1077 1059//1059
f 1071//1071 1077//1077 1076//1076
f 1054//1054 1076//1076 1080//1080
f 1076//1076 1059//1059 1083//1083
f 1080//1080 1083//1083 1060//1060
f 1076//1076 1083//1083 1080//1080
f 1055//1055 1081//1081 1069//1069
f 1081//1081 1060//1060 1082//1082
f 1069//1069 1082//1082 1056//1056
f 1081//1081 1082//1082 1069//1069
f 1053//1053 1065//1065 1089//1089
f 1065//1065 1055//1055 1090//1090
f 1089//1089 1090//1090 1062//1062
f 1065//1065 1090//1090 1089//1089
f 1057//1057 1070//1070 1086//1086
f 1070//1070 1053//1053 1085//1085
f 1086//1086 1085//1085 1061//1061
f 1070//1070 1085//1085 1086//1086
f 1059//1059 1077//1077 1078//1078
f 1077//1077 1057//1057 1074//1074
f 1078//1078 1074//1074 1058//1058
f 1077//1077 1074//1074 1078//1078
f 1060//1060 1083//1083 1079//1079
f 1083//1083 1059//1059 1075//1075
f 1079//1079 1075//1075 1052//1052
f 1083//1083 1075//1075 1079//1079
f 1093//1093 1130//1130 1109//1109
f 1130//1130 1104//1104 1133//1133
f 1109//1109 1133//1133 1098//1098
f 1130//1130 1133//1133 1109//1109
f 1093//1093 1109//1109 1105//1105
f 1109//1109 1098//1098 1110//1110
f 1105//1105 1110//1110 1094//1094
f 1109//1109 1110//1110 1105//1105
f 1093//1093 1105//1105 1114//1114
f 1105//1105 1094//1094 1115//1115
f 1114//1114 1115//1115 1100//1100
f 1105//1105 1115//1115 1114//1114
f 1093//1093 1114//1114 1126//1126
f 1114//1114 1100//1100 1129//1129
f 1126//1126 1129//1129 1103//1103
f 1114//1114 1129//1129 1126//1126
f 1093//1093 1126//1126 1130//1130
f 1126//1126 1103//1103 1134//1134
f 1130//1130 1134//1134 1104//1104
f 1126//1126 1134//1134 1130//1130
f 1094//1094 1110//1110 1121//1121
f 1110//1110 1098//1098 1124//1124
f 1121//1121 1124//1124 1102//1102
f 1110//1110 1124//1124 1121//1121
f 1098//1098 1133//1133 1111//1111
f 1133//1133 1104//1104 1132//1132
f 1111//1111 1132//1132 1097//1097
f 1133//1133 1132//1132 1111//1111
f 1104//1104 1134//1134 1131//1131
f 1134//1134 1103//1103 1127//1127
f 1131//1131 1127//1127 1095//1095
f 1134//1134 1127//1127 1131//1131
f 1103//1103 1129//1129 1128//1128
f 1129//1129 1100//1100 1116//1116
f 1128//1128 1116//1116 1099//1099
f 1129//1129 1116//1116 1128//1128
f 1100//1100 1115//1115 1120//1120
f 1115//1115 1094//1094 1117//1117
f 1120//1120 1117//1117 1101//1101
f 1115//1115 1117//1117 1120//1120
f 1096//1096 1122//1122 1108//1108
f 1122//1122 1102//1102 1123//1123
f 1108//1108 1123//1123 1097//1097
f 1122//1122 1123//1123 1108//1108
f 1096//1096 1108//1108 1106//1106
f 1108//1108 1097//1097 1107//1107
f 1106//1106 1107//1107 1095//1095
f 1108//1108 1107//1107 1106//1106
f 1096//1096 1106//1106 1113//1113
f 1106//1106 1095//1095 1112//1112
f 1113//1113 1112//1112 1099//1099
f 1106//1106 1112//1112 1113//1113
f 1096//1096 1113//1113 1118//1118
f 1113//1113 1099//1099 1119//1119
f 1118//1118 1119//1119 1101//1101
f 1113//1113 1119//1119 1118//1118
f 1096//1096 1118//1118 1122//1122
f 1118//1118 1101//1101 1125//1125
f 1122//1122 1125//1125 1102//1102
f 1118//1118 1125//1125 1122//1122
f 1097//1097 1123//1123 1111//1111
f 1123//1123 1102//1102 1124//1124
f 1111//1111 1124//1124 1098//1098
f 1123//1123 1124//1124 1111//1111
f 1095//1095 1107//1107 1131//1131
f 1107//1107 1097//1097 1132//1132
f 1131//1131 1132//1132 1104//1104
f 1107//1107 1132//1132 1131//1131
f 1099//1099 1112//1112 1128//1128
f 1112//1112 1095//1095 1127//1127
f 1128//1128 1127//1127 1103//1103
f 1112//1112 1127//1127 1128//1128
f 1101//1101 1119//1119 1120//1120
f 1119//1119 1099//1099 1116//1116
f 1120//1120 1116//1116 1100//1100
f 1119//1119 1116//1116 1120//1120
f 1102//1102 1125//1125 1121//1121
f 1125//1125 1101//1101 1117//1117
f 1121//1121 1117//1117 1094//1094
f 1125//1125 1117//1117 1121//1121
f 1135//1135 1172//1172 1151//1151
f 1172//1172 1146//1146 1175//1175
f 1151//1151 1175//1175 1140//1140
f 1172//1172 1175//1175 1151//1151
f 1135//1135 1151//1151 1147//1147
f 1151//1151 1140//1140 1152//1152
f 1147//1147 1152//1152 1136//1136
f 1151//1151 1152//1152 1147//1147
f 1135//1135 1147//1147 1156//1156
f 1147//1147 1136//1136 1157//1157
f 1156//1156 1157//1157 1142//1142
f 1147//1147 1157//1157 1156//1156
f 1135//1135 1156//1156 1168//1168
f 1156//1156 1142//1142 1171//1171
f 1168//1168 1171//1171 1145//1145
f 1156//1156 1171//1171 1168//1168
f 1135//1135 1168//1168 1172//1172
f 1168//1168 1145//1145 1176//1176
f 1172//1172 1176//1176 1146//1146
f 1168//1168 1176//1176 1172//1172
f 1136//1136 1152//1152 1163//1163
f 1152//1152 1140//1140 1166//1166
f 1163//1163 1166//1166 1144//1144
f 1152//1152 1166//1166 1163//1163
f 1140//1140 1175//1175 1153//1153
f 1175//1175 1146//1146 1174//1174
f 1153//1153 1174//1174 1139//1139
f 1175//1175 1174//1174 1153//1153
f 1146//1146 1176//1176 1173//1173
f 1176//1176 1145//1145 1169//1169
f 1173//1173 1169//1169 1137//1137
f 1176//1176 1169//1169 1173//1173
f 1145//1145 1171//1171 1170//1170
f 1171//1171 1142//1142 1158//1158
f 1170//1170 1158//1158 1141//1141
f 1171//1171 1158//1158 1170//1170
f 1142//1142 1157//1157 1162//1162
f 1157//1157 1136//1136 1159//1159
f 1162//1162 1159//1159 1143//1143
f 1157//1157 1159//1159 1162//1162
f 1138//1138 1164//1164 1150//1150
f 1164//1164 1144//1144 1165//1165
f 1150//1150 1165//1165 1139//1139
f 1164//1164 1165//1165 1150//1150
f 1138//1138 1150//1150 1148//1148
f 1150//1150 1139//1139 1149//1149
f 1148//1148 1149//1149 1137//1137
f 1150//1150 1149//1149 1148//1148
f 1138//1138 1148//1148 1155//1155
f 1148//1148 1137//1137 1154//1154
f 1155//1155 1154//1154 1141//1141
f 1148//1148 1154//1154 1155//1155
f 1138//1138 1155//1155 1160//1160
f 1155//1155 1141//1141 1161//1161
f 1160//1160 1161//1161 1143//1143
f 1155//1155 1161//1161 1160//1160
f 1138//1138 1160//1160 1164//1164
f 1160//1160 1143//1143 1167//1167
f 1164//1164 1167//1167 1144//1144
f 1160//1160 1167//1167 1164//1164
f 1139//1139 1165//1165 1153//1153
f 1165//1165 1144//1144 1166//1166
f 1153//1153 1166//1166 1140//1140
f 1165//1165 1166//1166 1153//1153
f 1137//1137 1149//1149 1173//1173
f 1149//1149 1139//1139 1174//1174
f 1173//1173 1174//1174 1146//1146
f 1149//1149 1174//1174 1173//1173
f 1141//1141 1154//1154 1170//1170
f 1154//1154 1137//1137 1169//1169
f 1170//1170 1169//1169 1145//1145
f 1154//1154 1169//1169 1170//1170
f 1143//1143 1161//1161 1162//1162
f 1161//1161 1141//1141 1158//1158
f 1162//1162 1158//1158 1142//1142
f 1161//1161 1158//1158 1162//1162
f 1144//1144 1167//1167 1163//1163
f 1167//1167 1143//1143 1159//1159
f 1163//1163 1159//1159 1136//1136
f 1167//1167 1159//1159 1163//1163

