# https://github.com/mikedh/trimesh
v -0.0998889 1.8626627 0.0000000
v 0.0998889 1.8626627 0.0000000
v -0.0998889 1.4373373 0.0000000
v 0.0998889 1.4373373 0.0000000
v 0.0000000 1.5185672 0.1531171
v 0.0000000 1.7814328 0.1531171
v 0.0000000 1.5185672 -0.1531171
v 0.0000000 1.7814328 -0.1531171
v 0.1616237 1.6500000 -0.0946316
v 0.1616237 1.6500000 0.0946316
v -0.1616237 1.6500000 -0.0946316
v -0.1616237 1.6500000 0.0946316
v 0.0000000 1.9000000 0.0000000
v 0.0000000 1.4000000 0.0000000
v -0.0587132 1.4477458 0.0900000
v 0.0587132 1.4477458 0.0900000
v -0.0587132 1.8522542 0.0900000
v 0.0587132 1.8522542 0.0900000
v 0.0000000 1.6500000 0.1800000
v -0.0587132 1.4477458 -0.0900000
v 0.0587132 1.4477458 -0.0900000
v -0.0587132 1.8522542 -0.0900000
v 0.0587132 1.8522542 -0.0900000
v 0.0000000 1.6500000 -0.1800000
v 0.1537132 1.7750000 -0.0556231
v 0.1537132 1.5250000 -0.0556231
v 0.0950000 1.5727458 -0.1456231
v 0.0950000 1.7272542 -0.1456231
v 0.1537132 1.7750000 0.0556231
v 0.1537132 1.5250000 0.0556231
v 0.0950000 1.5727458 0.1456231
v 0.0950000 1.7272542 0.1456231
v 0.1900000 1.6500000 0.0000000
v -0.1537132 1.7750000 -0.0556231
v -0.1537132 1.5250000 -0.0556231
v -0.0950000 1.5727458 -0.1456231
v -0.0950000 1.7272542 -0.1456231
v -0.1537132 1.7750000 0.0556231
v -0.1537132 1.5250000 0.0556231
v -0.0950000 1.5727458 0.1456231
v -0.0950000 1.7272542 0.1456231
v -0.1900000 1.6500000 0.0000000
v -0.0519206 1.8904846 0.0000000
v 0.0519206 1.8904846 0.0000000
v -0.0519206 1.4095154 0.0000000
v 0.0519206 1.4095154 0.0000000
v -0.0824388 1.4343329 0.0467805
v -0.0305182 1.4765549 0.1263684
v -0.0308674 1.4122359 0.0473158
v 0.0824388 1.4343329 0.0467805
v 0.0305182 1.4765549 0.1263684
v 0.0308674 1.4122359 0.0473158
v 0.0000000 1.4373373 0.0946316
v -0.0824388 1.8656671 0.0467805
v -0.0305182 1.8234451 0.1263684
v -0.0308674 1.8877641 0.0473158
v 0.0824388 1.8656671 0.0467805
v 0.0305182 1.8234451 0.1263684
v 0.0308674 1.8877641 0.0473158
v 0.0000000 1.8626627 0.0946316
v 0.0000000 1.5816834 0.1731489
v 0.0000000 1.7183166 0.1731489
v -0.0824388 1.4343329 -0.0467805
v -0.0305182 1.4765549 -0.1263684
v -0.0308674 1.4122359 -0.0473158
v 0.0824388 1.4343329 -0.0467805
v 0.0305182 1.4765549 -0.1263684
v 0.0308674 1.4122359 -0.0473158
v 0.0000000 1.4373373 -0.0946316
v -0.0824388 1.8656671 -0.0467805
v -0.0305182 1.8234451 -0.1263684
v -0.0308674 1.8877641 -0.0473158
v 0.0824388 1.8656671 -0.0467805
v 0.0305182 1.8234451 -0.1263684
v 0.0308674 1.8877641 -0.0473158
v 0.0000000 1.8626627 -0.0946316
v 0.0000000 1.5816834 -0.1731489
v 0.0000000 1.7183166 -0.1731489
v 0.1318183 1.8255116 -0.0289120
v 0.1639070 1.7149730 -0.0780999
v 0.1116792 1.8220477 -0.0765586
v 0.1318183 1.4744884 -0.0289120
v 0.1639070 1.5850270 -0.0780999
v 0.1116792 1.4779523 -0.0765586
v 0.0493795 1.5415279 -0.1552803
v 0.1333888 1.6098445 -0.1248805
v 0.0808118 1.5030537 -0.1238744
v 0.0499445 1.6093850 -0.1711902
v 0.1307563 1.5436686 -0.1058013
v 0.0493795 1.7584721 -0.1552803
v 0.1333888 1.6901555 -0.1248805
v 0.0808118 1.7969463 -0.1238744
v 0.0499445 1.6906150 -0.1711902
v 0.1307563 1.7563314 -0.1058013
v 0.0998889 1.6500000 -0.1531171
v 0.1318183 1.8255116 0.0289120
v 0.1639070 1.7149730 0.0780999
v 0.1116792 1.8220477 0.0765586
v 0.1616237 1.7814328 0.0000000
v 0.1318183 1.4744884 0.0289120
v 0.1639070 1.5850270 0.0780999
v 0.1116792 1.4779523 0.0765586
v 0.1616237 1.5185672 0.0000000
v 0.0493795 1.5415279 0.1552803
v 0.1333888 1.6098445 0.1248805
v 0.0808118 1.5030537 0.1238744
v 0.0499445 1.6093850 0.1711902
v 0.1307563 1.5436686 0.1058013
v 0.0493795 1.7584721 0.1552803
v 0.1333888 1.6901555 0.1248805
v 0.0808118 1.7969463 0.1238744
v 0.0499445 1.6906150 0.1711902
v 0.1307563 1.7563314 0.1058013
v 0.0998889 1.6500000 0.1531171
v 0.1827683 1.6500000 -0.0491880
v 0.1827683 1.6500000 0.0491880
v 0.1807007 1.7157164 -0.0292428
v 0.1807007 1.5842836 -0.0292428
v 0.1807007 1.7157164 0.0292428
v 0.1807007 1.5842836 0.0292428
v -0.1318183 1.8255116 -0.0289120
v -0.1639070 1.7149730 -0.0780999
v -0.1116792 1.8220477 -0.0765586
v -0.1318183 1.4744884 -0.0289120
v -0.1639070 1.5850270 -0.0780999
v -0.1116792 1.4779523 -0.0765586
v -0.0493795 1.5415279 -0.1552803
v -0.1333888 1.6098445 -0.1248805
v -0.0808118 1.5030537 -0.1238744
v -0.0499445 1.6093850 -0.1711902
v -0.1307563 1.5436686 -0.1058013
v -0.0493795 1.7584721 -0.1552803
v -0.1333888 1.6901555 -0.1248805
v -0.0808118 1.7969463 -0.1238744
v -0.0499445 1.6906150 -0.1711902
v -0.1307563 1.7563314 -0.1058013
v -0.0998889 1.6500000 -0.1531171
v -0.1318183 1.8255116 0.0289120
v -0.1639070 1.7149730 0.0780999
v -0.1116792 1.8220477 0.0765586
v -0.1616237 1.7814328 0.0000000
v -0.1318183 1.4744884 0.0289120
v -0.1639070 1.5850270 0.0780999
v -0.1116792 1.4779523 0.0765586
v -0.1616237 1.5185672 0.0000000
v -0.0493795 1.5415279 0.1552803
v -0.1333888 1.6098445 0.1248805
v -0.0808118 1.5030537 0.1238744
v -0.0499445 1.6093850 0.1711902
v -0.1307563 1.5436686 0.1058013
v -0.0493795 1.7584721 0.1552803
v -0.1333888 1.6901555 0.1248805
v -0.0808118 1.7969463 0.1238744
v -0.0499445 1.6906150 0.1711902
v -0.1307563 1.7563314 0.1058013
v -0.0998889 1.6500000 0.1531171
v -0.1827683 1.6500000 -0.0491880
v -0.1827683 1.6500000 0.0491880
v -0.1807007 1.7157164 -0.0292428
v -0.1807007 1.5842836 -0.0292428
v -0.1807007 1.7157164 0.0292428
v -0.1807007 1.5842836 0.0292428
v -0.0788597 1.5180521 0.0300000
v 0.0788597 1.5180521 0.0300000
v -0.0788597 1.3819479 0.0300000
v 0.0788597 1.3819479 0.0300000
v 0.0000000 1.4079415 0.1320781
v 0.0000000 1.4920585 0.1320781
v 0.0000000 1.4079415 -0.0720781
v 0.0000000 1.4920585 -0.0720781
v 0.1275976 1.4500000 -0.0330877
v 0.1275976 1.4500000 0.0930877
v -0.1275976 1.4500000 -0.0330877
v -0.1275976 1.4500000 0.0930877
v 0.0000000 1.5300000 0.0300000
v 0.0000000 1.3700000 0.0300000
v -0.0463525 1.3852786 0.0900000
v 0.0463525 1.3852786 0.0900000
v -0.0463525 1.5147214 0.0900000
v 0.0463525 1.5147214 0.0900000
v 0.0000000 1.4500000 0.1500000
v -0.0463525 1.3852786 -0.0300000
v 0.0463525 1.3852786 -0.0300000
v -0.0463525 1.5147214 -0.0300000
v 0.0463525 1.5147214 -0.0300000
v 0.0000000 1.4500000 -0.0900000
v 0.1213525 1.4900000 -0.0070820
v 0.1213525 1.4100000 -0.0070820
v 0.0750000 1.4252786 -0.0670820
v 0.0750000 1.4747214 -0.0670820
v 0.1213525 1.4900000 0.0670820
v 0.1213525 1.4100000 0.0670820
v 0.0750000 1.4252786 0.1270820
v 0.0750000 1.4747214 0.1270820
v 0.1500000 1.4500000 0.0300000
v -0.1213525 1.4900000 -0.0070820
v -0.1213525 1.4100000 -0.0070820
v -0.0750000 1.4252786 -0.0670820
v -0.0750000 1.4747214 -0.0670820
v -0.1213525 1.4900000 0.0670820
v -0.1213525 1.4100000 0.0670820
v -0.0750000 1.4252786 0.1270820
v -0.0750000 1.4747214 0.1270820
v -0.1500000 1.4500000 0.0300000
v -0.0409900 1.5269551 0.0300000
v 0.0409900 1.5269551 0.0300000
v -0.0409900 1.3730449 0.0300000
v 0.0409900 1.3730449 0.0300000
v -0.0650833 1.3809865 0.0611870
v -0.0240933 1.3944976 0.1142456
v -0.0243690 1.3739155 0.0615439
v 0.0650833 1.3809865 0.0611870
v 0.0240933 1.3944976 0.1142456
v 0.0243690 1.3739155 0.0615439
v 0.0000000 1.3819479 0.0930877
v -0.0650833 1.5190135 0.0611870
v -0.0240933 1.5055024 0.1142456
v -0.0243690 1.5260845 0.0615439
v 0.0650833 1.5190135 0.0611870
v 0.0240933 1.5055024 0.1142456
v 0.0243690 1.5260845 0.0615439
v 0.0000000 1.5180521 0.0930877
v 0.0000000 1.4281387 0.1454326
v 0.0000000 1.4718613 0.1454326
v -0.0650833 1.3809865 -0.0011870
v -0.0240933 1.3944976 -0.0542456
v -0.0243690 1.3739155 -0.0015439
v 0.0650833 1.3809865 -0.0011870
v 0.0240933 1.3944976 -0.0542456
v 0.0243690 1.3739155 -0.0015439
v 0.0000000 1.3819479 -0.0330877
v -0.0650833 1.5190135 -0.0011870
v -0.0240933 1.5055024 -0.0542456
v -0.0243690 1.5260845 -0.0015439
v 0.0650833 1.5190135 -0.0011870
v 0.0240933 1.5055024 -0.0542456
v 0.0243690 1.5260845 -0.0015439
v 0.0000000 1.5180521 -0.0330877
v 0.0000000 1.4281387 -0.0854326
v 0.0000000 1.4718613 -0.0854326
v 0.1040671 1.5061637 0.0107254
v 0.1294003 1.4707914 -0.0220666
v 0.0881678 1.5050553 -0.0210390
v 0.1040671 1.3938363 0.0107254
v 0.1294003 1.4292086 -0.0220666
v 0.0881678 1.3949447 -0.0210390
v 0.0389838 1.4152889 -0.0735202
v 0.1053070 1.4371502 -0.0532537
v 0.0637988 1.4029772 -0.0525829
v 0.0394298 1.4370032 -0.0841268
v 0.1032286 1.4159740 -0.0405342
v 0.0389838 1.4847111 -0.0735202
v 0.1053070 1.4628498 -0.0532537
v 0.0637988 1.4970228 -0.0525829
v 0.0394298 1.4629968 -0.0841268
v 0.1032286 1.4840260 -0.0405342
v 0.0788597 1.4500000 -0.0720781
v 0.1040671 1.5061637 0.0492746
v 0.1294003 1.4707914 0.0820666
v 0.0881678 1.5050553 0.0810390
v 0.1275976 1.4920585 0.0300000
v 0.1040671 1.3938363 0.0492746
v 0.1294003 1.4292086 0.0820666
v 0.0881678 1.3949447 0.0810390
v 0.1275976 1.4079415 0.0300000
v 0.0389838 1.4152889 0.1335202
v 0.1053070 1.4371502 0.1132537
v 0.0637988 1.4029772 0.1125829
v 0.0394298 1.4370032 0.1441268
v 0.1032286 1.4159740 0.1005342
v 0.0389838 1.4847111 0.1335202
v 0.1053070 1.4628498 0.1132537
v 0.0637988 1.4970228 0.1125829
v 0.0394298 1.4629968 0.1441268
v 0.1032286 1.4840260 0.1005342
v 0.0788597 1.4500000 0.1320781
v 0.1442908 1.4500000 -0.0027920
v 0.1442908 1.4500000 0.0627920
v 0.1426585 1.4710292 0.0105048
v 0.1426585 1.4289708 0.0105048
v 0.1426585 1.4710292 0.0494952
v 0.1426585 1.4289708 0.0494952
v -0.1040671 1.5061637 0.0107254
v -0.1294003 1.4707914 -0.0220666
v -0.0881678 1.5050553 -0.0210390
v -0.1040671 1.3938363 0.0107254
v -0.1294003 1.4292086 -0.0220666
v -0.0881678 1.3949447 -0.0210390
v -0.0389838 1.4152889 -0.0735202
v -0.1053070 1.4371502 -0.0532537
v -0.0637988 1.4029772 -0.0525829
v -0.0394298 1.4370032 -0.0841268
v -0.1032286 1.4159740 -0.0405342
v -0.0389838 1.4847111 -0.0735202
v -0.1053070 1.4628498 -0.0532537
v -0.0637988 1.4970228 -0.0525829
v -0.0394298 1.4629968 -0.0841268
v -0.1032286 1.4840260 -0.0405342
v -0.0788597 1.4500000 -0.0720781
v -0.1040671 1.5061637 0.0492746
v -0.1294003 1.4707914 0.0820666
v -0.0881678 1.5050553 0.0810390
v -0.1275976 1.4920585 0.0300000
v -0.1040671 1.3938363 0.0492746
v -0.1294003 1.4292086 0.0820666
v -0.0881678 1.3949447 0.0810390
v -0.1275976 1.4079415 0.0300000
v -0.0389838 1.4152889 0.1335202
v -0.1053070 1.4371502 0.1132537
v -0.0637988 1.4029772 0.1125829
v -0.0394298 1.4370032 0.1441268
v -0.1032286 1.4159740 0.1005342
v -0.0389838 1.4847111 0.1335202
v -0.1053070 1.4628498 0.1132537
v -0.0637988 1.4970228 0.1125829
v -0.0394298 1.4629968 0.1441268
v -0.1032286 1.4840260 0.1005342
v -0.0788597 1.4500000 0.1320781
v -0.1442908 1.4500000 -0.0027920
v -0.1442908 1.4500000 0.0627920
v -0.1426585 1.4710292 0.0105048
v -0.1426585 1.4289708 0.0105048
v -0.1426585 1.4710292 0.0494952
v -0.1426585 1.4289708 0.0494952
v -0.0289152 1.3395456 0.0000000
v 0.0289152 1.3395456 0.0000000
v -0.0289152 1.2204544 0.0000000
v 0.0289152 1.2204544 0.0000000
v 0.0000000 1.2431988 0.0467858
v 0.0000000 1.3168012 0.0467858
v 0.0000000 1.2431988 -0.0467858
v 0.0000000 1.3168012 -0.0467858
v 0.0467858 1.2800000 -0.0289152
v 0.0467858 1.2800000 0.0289152
v -0.0467858 1.2800000 -0.0289152
v -0.0467858 1.2800000 0.0289152
v 0.0000000 1.3500000 0.0000000
v 0.0000000 1.2100000 0.0000000
v -0.0169959 1.2233688 0.0275000
v 0.0169959 1.2233688 0.0275000
v -0.0169959 1.3366312 0.0275000
v 0.0169959 1.3366312 0.0275000
v 0.0000000 1.2800000 0.0550000
v -0.0169959 1.2233688 -0.0275000
v 0.0169959 1.2233688 -0.0275000
v -0.0169959 1.3366312 -0.0275000
v 0.0169959 1.3366312 -0.0275000
v 0.0000000 1.2800000 -0.0550000
v 0.0444959 1.3150000 -0.0169959
v 0.0444959 1.2450000 -0.0169959
v 0.0275000 1.2583688 -0.0444959
v 0.0275000 1.3016312 -0.0444959
v 0.0444959 1.3150000 0.0169959
v 0.0444959 1.2450000 0.0169959
v 0.0275000 1.2583688 0.0444959
v 0.0275000 1.3016312 0.0444959
v 0.0550000 1.2800000 0.0000000
v -0.0444959 1.3150000 -0.0169959
v -0.0444959 1.2450000 -0.0169959
v -0.0275000 1.2583688 -0.0444959
v -0.0275000 1.3016312 -0.0444959
v -0.0444959 1.3150000 0.0169959
v -0.0444959 1.2450000 0.0169959
v -0.0275000 1.2583688 0.0444959
v -0.0275000 1.3016312 0.0444959
v -0.0550000 1.2800000 0.0000000
v -0.0289152 1.2395456 0.0000000
v 0.0289152 1.2395456 0.0000000
v -0.0289152 1.1204544 0.0000000
v 0.0289152 1.1204544 0.0000000
v 0.0000000 1.1431988 0.0467858
v 0.0000000 1.2168012 0.0467858
v 0.0000000 1.1431988 -0.0467858
v 0.0000000 1.2168012 -0.0467858
v 0.0467858 1.1800000 -0.0289152
v 0.0467858 1.1800000 0.0289152
v -0.0467858 1.1800000 -0.0289152
v -0.0467858 1.1800000 0.0289152
v 0.0000000 1.2500000 0.0000000
v 0.0000000 1.1100000 0.0000000
v -0.0169959 1.1233688 0.0275000
v 0.0169959 1.1233688 0.0275000
v -0.0169959 1.2366312 0.0275000
v 0.0169959 1.2366312 0.0275000
v 0.0000000 1.1800000 0.0550000
v -0.0169959 1.1233688 -0.0275000
v 0.0169959 1.1233688 -0.0275000
v -0.0169959 1.2366312 -0.0275000
v 0.0169959 1.2366312 -0.0275000
v 0.0000000 1.1800000 -0.0550000
v 0.0444959 1.2150000 -0.0169959
v 0.0444959 1.1450000 -0.0169959
v 0.0275000 1.1583688 -0.0444959
v 0.0275000 1.2016312 -0.0444959
v 0.0444959 1.2150000 0.0169959
v 0.0444959 1.1450000 0.0169959
v 0.0275000 1.1583688 0.0444959
v 0.0275000 1.2016312 0.0444959
v 0.0550000 1.1800000 0.0000000
v -0.0444959 1.2150000 -0.0169959
v -0.0444959 1.1450000 -0.0169959
v -0.0275000 1.1583688 -0.0444959
v -0.0275000 1.2016312 -0.0444959
v -0.0444959 1.2150000 0.0169959
v -0.0444959 1.1450000 0.0169959
v -0.0275000 1.1583688 0.0444959
v -0.0275000 1.2016312 0.0444959
v -0.0550000 1.1800000 0.0000000
v -0.0289152 1.1395456 0.0000000
v 0.0289152 1.1395456 0.0000000
v -0.0289152 1.0204544 0.0000000
v 0.0289152 1.0204544 0.0000000
v 0.0000000 1.0431988 0.0467858
v 0.0000000 1.1168012 0.0467858
v 0.0000000 1.0431988 -0.0467858
v 0.0000000 1.1168012 -0.0467858
v 0.0467858 1.0800000 -0.0289152
v 0.0467858 1.0800000 0.0289152
v -0.0467858 1.0800000 -0.0289152
v -0.0467858 1.0800000 0.0289152
v 0.0000000 1.1500000 0.0000000
v 0.0000000 1.0100000 0.0000000
v -0.0169959 1.0233688 0.0275000
v 0.0169959 1.0233688 0.0275000
v -0.0169959 1.1366312 0.0275000
v 0.0169959 1.1366312 0.0275000
v 0.0000000 1.0800000 0.0550000
v -0.0169959 1.0233688 -0.0275000
v 0.0169959 1.0233688 -0.0275000
v -0.0169959 1.1366312 -0.0275000
v 0.0169959 1.1366312 -0.0275000
v 0.0000000 1.0800000 -0.0550000
v 0.0444959 1.1150000 -0.0169959
v 0.0444959 1.0450000 -0.0169959
v 0.0275000 1.0583688 -0.0444959
v 0.0275000 1.1016312 -0.0444959
v 0.0444959 1.1150000 0.0169959
v 0.0444959 1.0450000 0.0169959
v 0.0275000 1.0583688 0.0444959
v 0.0275000 1.1016312 0.0444959
v 0.0550000 1.0800000 0.0000000
v -0.0444959 1.1150000 -0.0169959
v -0.0444959 1.0450000 -0.0169959
v -0.0275000 1.0583688 -0.0444959
v -0.0275000 1.1016312 -0.0444959
v -0.0444959 1.1150000 0.0169959
v -0.0444959 1.0450000 0.0169959
v -0.0275000 1.0583688 0.0444959
v -0.0275000 1.1016312 0.0444959
v -0.0550000 1.0800000 0.0000000
v -0.0289152 1.0395456 0.0000000
v 0.0289152 1.0395456 0.0000000
v -0.0289152 0.9204544 0.0000000
v 0.0289152 0.9204544 0.0000000
v 0.0000000 0.9431988 0.0467858
v 0.0000000 1.0168012 0.0467858
v 0.0000000 0.9431988 -0.0467858
v 0.0000000 1.0168012 -0.0467858
v 0.0467858 0.9800000 -0.0289152
v 0.0467858 0.9800000 0.0289152
v -0.0467858 0.9800000 -0.0289152
v -0.0467858 0.9800000 0.0289152
v 0.0000000 1.0500000 0.0000000
v 0.0000000 0.9100000 0.0000000
v -0.0169959 0.9233688 0.0275000
v 0.0169959 0.9233688 0.0275000
v -0.0169959 1.0366312 0.0275000
v 0.0169959 1.0366312 0.0275000
v 0.0000000 0.9800000 0.0550000
v -0.0169959 0.9233688 -0.0275000
v 0.0169959 0.9233688 -0.0275000
v -0.0169959 1.0366312 -0.0275000
v 0.0169959 1.0366312 -0.0275000
v 0.0000000 0.9800000 -0.0550000
v 0.0444959 1.0150000 -0.0169959
v 0.0444959 0.9450000 -0.0169959
v 0.0275000 0.9583688 -0.0444959
v 0.0275000 1.0016312 -0.0444959
v 0.0444959 1.0150000 0.0169959
v 0.0444959 0.9450000 0.0169959
v 0.0275000 0.9583688 0.0444959
v 0.0275000 1.0016312 0.0444959
v 0.0550000 0.9800000 0.0000000
v -0.0444959 1.0150000 -0.0169959
v -0.0444959 0.9450000 -0.0169959
v -0.0275000 0.9583688 -0.0444959
v -0.0275000 1.0016312 -0.0444959
v -0.0444959 1.0150000 0.0169959
v -0.0444959 0.9450000 0.0169959
v -0.0275000 0.9583688 0.0444959
v -0.0275000 1.0016312 0.0444959
v -0.0550000 0.9800000 0.0000000
v -0.0289152 0.9395456 0.0000000
v 0.0289152 0.9395456 0.0000000
v -0.0289152 0.8204544 0.0000000
v 0.0289152 0.8204544 0.0000000
v 0.0000000 0.8431988 0.0467858
v 0.0000000 0.9168012 0.0467858
v 0.0000000 0.8431988 -0.0467858
v 0.0000000 0.9168012 -0.0467858
v 0.0467858 0.8800000 -0.0289152
v 0.0467858 0.8800000 0.0289152
v -0.0467858 0.8800000 -0.0289152
v -0.0467858 0.8800000 0.0289152
v 0.0000000 0.9500000 0.0000000
v 0.0000000 0.8100000 0.0000000
v -0.0169959 0.8233688 0.0275000
v 0.0169959 0.8233688 0.0275000
v -0.0169959 0.9366312 0.0275000
v 0.0169959 0.9366312 0.0275000
v 0.0000000 0.8800000 0.0550000
v -0.0169959 0.8233688 -0.0275000
v 0.0169959 0.8233688 -0.0275000
v -0.0169959 0.9366312 -0.0275000
v 0.0169959 0.9366312 -0.0275000
v 0.0000000 0.8800000 -0.0550000
v 0.0444959 0.9150000 -0.0169959
v 0.0444959 0.8450000 -0.0169959
v 0.0275000 0.8583688 -0.0444959
v 0.0275000 0.9016312 -0.0444959
v 0.0444959 0.9150000 0.0169959
v 0.0444959 0.8450000 0.0169959
v 0.0275000 0.8583688 0.0444959
v 0.0275000 0.9016312 0.0444959
v 0.0550000 0.8800000 0.0000000
v -0.0444959 0.9150000 -0.0169959
v -0.0444959 0.8450000 -0.0169959
v -0.0275000 0.8583688 -0.0444959
v -0.0275000 0.9016312 -0.0444959
v -0.0444959 0.9150000 0.0169959
v -0.0444959 0.8450000 0.0169959
v -0.0275000 0.8583688 0.0444959
v -0.0275000 0.9016312 0.0444959
v -0.0550000 0.8800000 0.0000000
v -0.0289152 0.8395456 0.0000000
v 0.0289152 0.8395456 0.0000000
v -0.0289152 0.7204544 0.0000000
v 0.0289152 0.7204544 0.0000000
v 0.0000000 0.7431988 0.0467858
v 0.0000000 0.8168012 0.0467858
v 0.0000000 0.7431988 -0.0467858
v 0.0000000 0.8168012 -0.0467858
v 0.0467858 0.7800000 -0.0289152
v 0.0467858 0.7800000 0.0289152
v -0.0467858 0.7800000 -0.0289152
v -0.0467858 0.7800000 0.0289152
v 0.0000000 0.8500000 0.0000000
v 0.0000000 0.7100000 0.0000000
v -0.0169959 0.7233688 0.0275000
v 0.0169959 0.7233688 0.0275000
v -0.0169959 0.8366312 0.0275000
v 0.0169959 0.8366312 0.0275000
v 0.0000000 0.7800000 0.0550000
v -0.0169959 0.7233688 -0.0275000
v 0.0169959 0.7233688 -0.0275000
v -0.0169959 0.8366312 -0.0275000
v 0.0169959 0.8366312 -0.0275000
v 0.0000000 0.7800000 -0.0550000
v 0.0444959 0.8150000 -0.0169959
v 0.0444959 0.7450000 -0.0169959
v 0.0275000 0.7583688 -0.0444959
v 0.0275000 0.8016312 -0.0444959
v 0.0444959 0.8150000 0.0169959
v 0.0444959 0.7450000 0.0169959
v 0.0275000 0.7583688 0.0444959
v 0.0275000 0.8016312 0.0444959
v 0.0550000 0.7800000 0.0000000
v -0.0444959 0.8150000 -0.0169959
v -0.0444959 0.7450000 -0.0169959
v -0.0275000 0.7583688 -0.0444959
v -0.0275000 0.8016312 -0.0444959
v -0.0444959 0.8150000 0.0169959
v -0.0444959 0.7450000 0.0169959
v -0.0275000 0.7583688 0.0444959
v -0.0275000 0.8016312 0.0444959
v -0.0550000 0.7800000 0.0000000
v -0.0289152 0.7395456 0.0000000
v 0.0289152 0.7395456 0.0000000
v -0.0289152 0.6204544 0.0000000
v 0.0289152 0.6204544 0.0000000
v 0.0000000 0.6431988 0.0467858
v 0.0000000 0.7168012 0.0467858
v 0.0000000 0.6431988 -0.0467858
v 0.0000000 0.7168012 -0.0467858
v 0.0467858 0.6800000 -0.0289152
v 0.0467858 0.6800000 0.0289152
v -0.0467858 0.6800000 -0.0289152
v -0.0467858 0.6800000 0.0289152
v 0.0000000 0.7500000 0.0000000
v 0.0000000 0.6100000 0.0000000
v -0.0169959 0.6233688 0.0275000
v 0.0169959 0.6233688 0.0275000
v -0.0169959 0.7366312 0.0275000
v 0.0169959 0.7366312 0.0275000
v 0.0000000 0.6800000 0.0550000
v -0.0169959 0.6233688 -0.0275000
v 0.0169959 0.6233688 -0.0275000
v -0.0169959 0.7366312 -0.0275000
v 0.0169959 0.7366312 -0.0275000
v 0.0000000 0.6800000 -0.0550000
v 0.0444959 0.7150000 -0.0169959
v 0.0444959 0.6450000 -0.0169959
v 0.0275000 0.6583688 -0.0444959
v 0.0275000 0.7016312 -0.0444959
v 0.0444959 0.7150000 0.0169959
v 0.0444959 0.6450000 0.0169959
v 0.0275000 0.6583688 0.0444959
v 0.0275000 0.7016312 0.0444959
v 0.0550000 0.6800000 0.0000000
v -0.0444959 0.7150000 -0.0169959
v -0.0444959 0.6450000 -0.0169959
v -0.0275000 0.6583688 -0.0444959
v -0.0275000 0.7016312 -0.0444959
v -0.0444959 0.7150000 0.0169959
v -0.0444959 0.6450000 0.0169959
v -0.0275000 0.6583688 0.0444959
v -0.0275000 0.7016312 0.0444959
v -0.0550000 0.6800000 0.0000000
v -0.0289152 0.6395456 0.0000000
v 0.0289152 0.6395456 0.0000000
v -0.0289152 0.5204544 0.0000000
v 0.0289152 0.5204544 0.0000000
v 0.0000000 0.5431988 0.0467858
v 0.0000000 0.6168012 0.0467858
v 0.0000000 0.5431988 -0.0467858
v 0.0000000 0.6168012 -0.0467858
v 0.0467858 0.5800000 -0.0289152
v 0.0467858 0.5800000 0.0289152
v -0.0467858 0.5800000 -0.0289152
v -0.0467858 0.5800000 0.0289152
v 0.0000000 0.6500000 0.0000000
v 0.0000000 0.5100000 0.0000000
v -0.0169959 0.5233688 0.0275000
v 0.0169959 0.5233688 0.0275000
v -0.0169959 0.6366312 0.0275000
v 0.0169959 0.6366312 0.0275000
v 0.0000000 0.5800000 0.0550000
v -0.0169959 0.5233688 -0.0275000
v 0.0169959 0.5233688 -0.0275000
v -0.0169959 0.6366312 -0.0275000
v 0.0169959 0.6366312 -0.0275000
v 0.0000000 0.5800000 -0.0550000
v 0.0444959 0.6150000 -0.0169959
v 0.0444959 0.5450000 -0.0169959
v 0.0275000 0.5583688 -0.0444959
v 0.0275000 0.6016312 -0.0444959
v 0.0444959 0.6150000 0.0169959
v 0.0444959 0.5450000 0.0169959
v 0.0275000 0.5583688 0.0444959
v 0.0275000 0.6016312 0.0444959
v 0.0550000 0.5800000 0.0000000
v -0.0444959 0.6150000 -0.0169959
v -0.0444959 0.5450000 -0.0169959
v -0.0275000 0.5583688 -0.0444959
v -0.0275000 0.6016312 -0.0444959
v -0.0444959 0.6150000 0.0169959
v -0.0444959 0.5450000 0.0169959
v -0.0275000 0.5583688 0.0444959
v -0.0275000 0.6016312 0.0444959
v -0.0550000 0.5800000 0.0000000
v -0.0289152 0.5395456 0.0000000
v 0.0289152 0.5395456 0.0000000
v -0.0289152 0.4204544 0.0000000
v 0.0289152 0.4204544 0.0000000
v 0.0000000 0.4431988 0.0467858
v 0.0000000 0.5168012 0.0467858
v 0.0000000 0.4431988 -0.0467858
v 0.0000000 0.5168012 -0.0467858
v 0.0467858 0.4800000 -0.0289152
v 0.0467858 0.4800000 0.0289152
v -0.0467858 0.4800000 -0.0289152
v -0.0467858 0.4800000 0.0289152
v 0.0000000 0.5500000 0.0000000
v 0.0000000 0.4100000 0.0000000
v -0.0169959 0.4233688 0.0275000
v 0.0169959 0.4233688 0.0275000
v -0.0169959 0.5366312 0.0275000
v 0.0169959 0.5366312 0.0275000
v 0.0000000 0.4800000 0.0550000
v -0.0169959 0.4233688 -0.0275000
v 0.0169959 0.4233688 -0.0275000
v -0.0169959 0.5366312 -0.0275000
v 0.0169959 0.5366312 -0.0275000
v 0.0000000 0.4800000 -0.0550000
v 0.0444959 0.5150000 -0.0169959
v 0.0444959 0.4450000 -0.0169959
v 0.0275000 0.4583688 -0.0444959
v 0.0275000 0.5016312 -0.0444959
v 0.0444959 0.5150000 0.0169959
v 0.0444959 0.4450000 0.0169959
v 0.0275000 0.4583688 0.0444959
v 0.0275000 0.5016312 0.0444959
v 0.0550000 0.4800000 0.0000000
v -0.0444959 0.5150000 -0.0169959
v -0.0444959 0.4450000 -0.0169959
v -0.0275000 0.4583688 -0.0444959
v -0.0275000 0.5016312 -0.0444959
v -0.0444959 0.5150000 0.0169959
v -0.0444959 0.4450000 0.0169959
v -0.0275000 0.4583688 0.0444959
v -0.0275000 0.5016312 0.0444959
v -0.0550000 0.4800000 0.0000000
v -0.0289152 0.4395456 0.0000000
v 0.0289152 0.4395456 0.0000000
v -0.0289152 0.3204544 0.0000000
v 0.0289152 0.3204544 0.0000000
v 0.0000000 0.3431988 0.0467858
v 0.0000000 0.4168012 0.0467858
v 0.0000000 0.3431988 -0.0467858
v 0.0000000 0.4168012 -0.0467858
v 0.0467858 0.3800000 -0.0289152
v 0.0467858 0.3800000 0.0289152
v -0.0467858 0.3800000 -0.0289152
v -0.0467858 0.3800000 0.0289152
v 0.0000000 0.4500000 0.0000000
v 0.0000000 0.3100000 0.0000000
v -0.0169959 0.3233688 0.0275000
v 0.0169959 0.3233688 0.0275000
v -0.0169959 0.4366312 0.0275000
v 0.0169959 0.4366312 0.0275000
v 0.0000000 0.3800000 0.0550000
v -0.0169959 0.3233688 -0.0275000
v 0.0169959 0.3233688 -0.0275000
v -0.0169959 0.4366312 -0.0275000
v 0.0169959 0.4366312 -0.0275000
v 0.0000000 0.3800000 -0.0550000
v 0.0444959 0.4150000 -0.0169959
v 0.0444959 0.3450000 -0.0169959
v 0.0275000 0.3583688 -0.0444959
v 0.0275000 0.4016312 -0.0444959
v 0.0444959 0.4150000 0.0169959
v 0.0444959 0.3450000 0.0169959
v 0.0275000 0.3583688 0.0444959
v 0.0275000 0.4016312 0.0444959
v 0.0550000 0.3800000 0.0000000
v -0.0444959 0.4150000 -0.0169959
v -0.0444959 0.3450000 -0.0169959
v -0.0275000 0.3583688 -0.0444959
v -0.0275000 0.4016312 -0.0444959
v -0.0444959 0.4150000 0.0169959
v -0.0444959 0.3450000 0.0169959
v -0.0275000 0.3583688 0.0444959
v -0.0275000 0.4016312 0.0444959
v -0.0550000 0.3800000 0.0000000
v -0.0289152 0.3395456 0.0000000
v 0.0289152 0.3395456 0.0000000
v -0.0289152 0.2204544 0.0000000
v 0.0289152 0.2204544 0.0000000
v 0.0000000 0.2431988 0.0467858
v 0.0000000 0.3168012 0.0467858
v 0.0000000 0.2431988 -0.0467858
v 0.0000000 0.3168012 -0.0467858
v 0.0467858 0.2800000 -0.0289152
v 0.0467858 0.2800000 0.0289152
v -0.0467858 0.2800000 -0.0289152
v -0.0467858 0.2800000 0.0289152
v 0.0000000 0.3500000 0.0000000
v 0.0000000 0.2100000 0.0000000
v -0.0169959 0.2233688 0.0275000
v 0.0169959 0.2233688 0.0275000
v -0.0169959 0.3366312 0.0275000
v 0.0169959 0.3366312 0.0275000
v 0.0000000 0.2800000 0.0550000
v -0.0169959 0.2233688 -0.0275000
v 0.0169959 0.2233688 -0.0275000
v -0.0169959 0.3366312 -0.0275000
v 0.0169959 0.3366312 -0.0275000
v 0.0000000 0.2800000 -0.0550000
v 0.0444959 0.3150000 -0.0169959
v 0.0444959 0.2450000 -0.0169959
v 0.0275000 0.2583688 -0.0444959
v 0.0275000 0.3016312 -0.0444959
v 0.0444959 0.3150000 0.0169959
v 0.0444959 0.2450000 0.0169959
v 0.0275000 0.2583688 0.0444959
v 0.0275000 0.3016312 0.0444959
v 0.0550000 0.2800000 0.0000000
v -0.0444959 0.3150000 -0.0169959
v -0.0444959 0.2450000 -0.0169959
v -0.0275000 0.2583688 -0.0444959
v -0.0275000 0.3016312 -0.0444959
v -0.0444959 0.3150000 0.0169959
v -0.0444959 0.2450000 0.0169959
v -0.0275000 0.2583688 0.0444959
v -0.0275000 0.3016312 0.0444959
v -0.0550000 0.2800000 0.0000000
v -0.0289152 0.2395456 0.0000000
v 0.0289152 0.2395456 0.0000000
v -0.0289152 0.1204544 0.0000000
v 0.0289152 0.1204544 0.0000000
v 0.0000000 0.1431988 0.0467858
v 0.0000000 0.2168012 0.0467858
v 0.0000000 0.1431988 -0.0467858
v 0.0000000 0.2168012 -0.0467858
v 0.0467858 0.1800000 -0.0289152
v 0.0467858 0.1800000 0.0289152
v -0.0467858 0.1800000 -0.0289152
v -0.0467858 0.1800000 0.0289152
v 0.0000000 0.2500000 0.0000000
v 0.0000000 0.1100000 0.0000000
v -0.0169959 0.1233688 0.0275000
v 0.0169959 0.1233688 0.0275000
v -0.0169959 0.2366312 0.0275000
v 0.0169959 0.2366312 0.0275000
v 0.0000000 0.1800000 0.0550000
v -0.0169959 0.1233688 -0.0275000
v 0.0169959 0.1233688 -0.0275000
v -0.0169959 0.2366312 -0.0275000
v 0.0169959 0.2366312 -0.0275000
v 0.0000000 0.1800000 -0.0550000
v 0.0444959 0.2150000 -0.0169959
v 0.0444959 0.1450000 -0.0169959
v 0.0275000 0.1583688 -0.0444959
v 0.0275000 0.2016312 -0.0444959
v 0.0444959 0.2150000 0.0169959
v 0.0444959 0.1450000 0.0169959
v 0.0275000 0.1583688 0.0444959
v 0.0275000 0.2016312 0.0444959
v 0.0550000 0.1800000 0.0000000
v -0.0444959 0.2150000 -0.0169959
v -0.0444959 0.1450000 -0.0169959
v -0.0275000 0.1583688 -0.0444959
v -0.0275000 0.2016312 -0.0444959
v -0.0444959 0.2150000 0.0169959
v -0.0444959 0.1450000 0.0169959
v -0.0275000 0.1583688 0.0444959
v -0.0275000 0.2016312 0.0444959
v -0.0550000 0.1800000 0.0000000
v -0.0289152 0.1395456 0.0000000
v 0.0289152 0.1395456 0.0000000
v -0.0289152 0.0204544 0.0000000
v 0.0289152 0.0204544 0.0000000
v 0.0000000 0.0431988 0.0467858
v 0.0000000 0.1168012 0.0467858
v 0.0000000 0.0431988 -0.0467858
v 0.0000000 0.1168012 -0.0467858
v 0.0467858 0.0800000 -0.0289152
v 0.0467858 0.0800000 0.0289152
v -0.0467858 0.0800000 -0.0289152
v -0.0467858 0.0800000 0.0289152
v 0.0000000 0.1500000 0.0000000
v 0.0000000 0.0100000 0.0000000
v -0.0169959 0.0233688 0.0275000
v 0.0169959 0.0233688 0.0275000
v -0.0169959 0.1366312 0.0275000
v 0.0169959 0.1366312 0.0275000
v 0.0000000 0.0800000 0.0550000
v -0.0169959 0.0233688 -0.0275000
v 0.0169959 0.0233688 -0.0275000
v -0.0169959 0.1366312 -0.0275000
v 0.0169959 0.1366312 -0.0275000
v 0.0000000 0.0800000 -0.0550000
v 0.0444959 0.1150000 -0.0169959
v 0.0444959 0.0450000 -0.0169959
v 0.0275000 0.0583688 -0.0444959
v 0.0275000 0.1016312 -0.0444959
v 0.0444959 0.1150000 0.0169959
v 0.0444959 0.0450000 0.0169959
v 0.0275000 0.0583688 0.0444959
v 0.0275000 0.1016312 0.0444959
v 0.0550000 0.0800000 0.0000000
v -0.0444959 0.1150000 -0.0169959
v -0.0444959 0.0450000 -0.0169959
v -0.0275000 0.0583688 -0.0444959
v -0.0275000 0.1016312 -0.0444959
v -0.0444959 0.1150000 0.0169959
v -0.0444959 0.0450000 0.0169959
v -0.0275000 0.0583688 0.0444959
v -0.0275000 0.1016312 0.0444959
v -0.0550000 0.0800000 0.0000000
v -0.0289152 0.0395456 0.0000000
v 0.0289152 0.0395456 0.0000000
v -0.0289152 -0.0795456 0.0000000
v 0.0289152 -0.0795456 0.0000000
v 0.0000000 -0.0568012 0.0467858
v 0.0000000 0.0168012 0.0467858
v 0.0000000 -0.0568012 -0.0467858
v 0.0000000 0.0168012 -0.0467858
v 0.0467858 -0.0200000 -0.0289152
v 0.0467858 -0.0200000 0.0289152
v -0.0467858 -0.0200000 -0.0289152
v -0.0467858 -0.0200000 0.0289152
v 0.0000000 0.0500000 0.0000000
v 0.0000000 -0.0900000 0.0000000
v -0.0169959 -0.0766312 0.0275000
v 0.0169959 -0.0766312 0.0275000
v -0.0169959 0.0366312 0.0275000
v 0.0169959 0.0366312 0.0275000
v 0.0000000 -0.0200000 0.0550000
v -0.0169959 -0.0766312 -0.0275000
v 0.0169959 -0.0766312 -0.0275000
v -0.0169959 0.0366312 -0.0275000
v 0.0169959 0.0366312 -0.0275000
v 0.0000000 -0.0200000 -0.0550000
v 0.0444959 0.0150000 -0.0169959
v 0.0444959 -0.0550000 -0.0169959
v 0.0275000 -0.0416312 -0.0444959
v 0.0275000 0.0016312 -0.0444959
v 0.0444959 0.0150000 0.0169959
v 0.0444959 -0.0550000 0.0169959
v 0.0275000 -0.0416312 0.0444959
v 0.0275000 0.0016312 0.0444959
v 0.0550000 -0.0200000 0.0000000
v -0.0444959 0.0150000 -0.0169959
v -0.0444959 -0.0550000 -0.0169959
v -0.0275000 -0.0416312 -0.0444959
v -0.0275000 0.0016312 -0.0444959
v -0.0444959 0.0150000 0.0169959
v -0.0444959 -0.0550000 0.0169959
v -0.0275000 -0.0416312 0.0444959
v -0.0275000 0.0016312 0.0444959
v -0.0550000 -0.0200000 0.0000000
v -0.0289152 -0.0604544 0.0000000
v 0.0289152 -0.0604544 0.0000000
v -0.0289152 -0.1795456 0.0000000
v 0.0289152 -0.1795456 0.0000000
v 0.0000000 -0.1568012 0.0467858
v 0.0000000 -0.0831988 0.0467858
v 0.0000000 -0.1568012 -0.0467858
v 0.0000000 -0.0831988 -0.0467858
v 0.0467858 -0.1200000 -0.0289152
v 0.0467858 -0.1200000 0.0289152
v -0.0467858 -0.1200000 -0.0289152
v -0.0467858 -0.1200000 0.0289152
v 0.0000000 -0.0500000 0.0000000
v 0.0000000 -0.1900000 0.0000000
v -0.0169959 -0.1766312 0.0275000
v 0.0169959 -0.1766312 0.0275000
v -0.0169959 -0.0633688 0.0275000
v 0.0169959 -0.0633688 0.0275000
v 0.0000000 -0.1200000 0.0550000
v -0.0169959 -0.1766312 -0.0275000
v 0.0169959 -0.1766312 -0.0275000
v -0.0169959 -0.0633688 -0.0275000
v 0.0169959 -0.0633688 -0.0275000
v 0.0000000 -0.1200000 -0.0550000
v 0.0444959 -0.0850000 -0.0169959
v 0.0444959 -0.1550000 -0.0169959
v 0.0275000 -0.1416312 -0.0444959
v 0.0275000 -0.0983688 -0.0444959
v 0.0444959 -0.0850000 0.0169959
v 0.0444959 -0.1550000 0.0169959
v 0.0275000 -0.1416312 0.0444959
v 0.0275000 -0.0983688 0.0444959
v 0.0550000 -0.1200000 0.0000000
v -0.0444959 -0.0850000 -0.0169959
v -0.0444959 -0.1550000 -0.0169959
v -0.0275000 -0.1416312 -0.0444959
v -0.0275000 -0.0983688 -0.0444959
v -0.0444959 -0.0850000 0.0169959
v -0.0444959 -0.1550000 0.0169959
v -0.0275000 -0.1416312 0.0444959
v -0.0275000 -0.0983688 0.0444959
v -0.0550000 -0.1200000 0.0000000
v -0.0289152 -0.1604544 0.0000000
v 0.0289152 -0.1604544 0.0000000
v -0.0289152 -0.2795456 0.0000000
v 0.0289152 -0.2795456 0.0000000
v 0.0000000 -0.2568012 0.0467858
v 0.0000000 -0.1831988 0.0467858
v 0.0000000 -0.2568012 -0.0467858
v 0.0000000 -0.1831988 -0.0467858
v 0.0467858 -0.2200000 -0.0289152
v 0.0467858 -0.2200000 0.0289152
v -0.0467858 -0.2200000 -0.0289152
v -0.0467858 -0.2200000 0.0289152
v 0.0000000 -0.1500000 0.0000000
v 0.0000000 -0.2900000 0.0000000
v -0.0169959 -0.2766312 0.0275000
v 0.0169959 -0.2766312 0.0275000
v -0.0169959 -0.1633688 0.0275000
v 0.0169959 -0.1633688 0.0275000
v 0.0000000 -0.2200000 0.0550000
v -0.0169959 -0.2766312 -0.0275000
v 0.0169959 -0.2766312 -0.0275000
v -0.0169959 -0.1633688 -0.0275000
v 0.0169959 -0.1633688 -0.0275000
v 0.0000000 -0.2200000 -0.0550000
v 0.0444959 -0.1850000 -0.0169959
v 0.0444959 -0.2550000 -0.0169959
v 0.0275000 -0.2416312 -0.0444959
v 0.0275000 -0.1983688 -0.0444959
v 0.0444959 -0.1850000 0.0169959
v 0.0444959 -0.2550000 0.0169959
v 0.0275000 -0.2416312 0.0444959
v 0.0275000 -0.1983688 0.0444959
v 0.0550000 -0.2200000 0.0000000
v -0.0444959 -0.1850000 -0.0169959
v -0.0444959 -0.2550000 -0.0169959
v -0.0275000 -0.2416312 -0.0444959
v -0.0275000 -0.1983688 -0.0444959
v -0.0444959 -0.1850000 0.0169959
v -0.0444959 -0.2550000 0.0169959
v -0.0275000 -0.2416312 0.0444959
v -0.0275000 -0.1983688 0.0444959
v -0.0550000 -0.2200000 0.0000000
v -0.0289152 -0.2604544 0.0000000
v 0.0289152 -0.2604544 0.0000000
v -0.0289152 -0.3795456 0.0000000
v 0.0289152 -0.3795456 0.0000000
v 0.0000000 -0.3568012 0.0467858
v 0.0000000 -0.2831988 0.0467858
v 0.0000000 -0.3568012 -0.0467858
v 0.0000000 -0.2831988 -0.0467858
v 0.0467858 -0.3200000 -0.0289152
v 0.0467858 -0.3200000 0.0289152
v -0.0467858 -0.3200000 -0.0289152
v -0.0467858 -0.3200000 0.0289152
v 0.0000000 -0.2500000 0.0000000
v 0.0000000 -0.3900000 0.0000000
v -0.0169959 -0.3766312 0.0275000
v 0.0169959 -0.3766312 0.0275000
v -0.0169959 -0.2633688 0.0275000
v 0.0169959 -0.2633688 0.0275000
v 0.0000000 -0.3200000 0.0550000
v -0.0169959 -0.3766312 -0.0275000
v 0.0169959 -0.3766312 -0.0275000
v -0.0169959 -0.2633688 -0.0275000
v 0.0169959 -0.2633688 -0.0275000
v 0.0000000 -0.3200000 -0.0550000
v 0.0444959 -0.2850000 -0.0169959
v 0.0444959 -0.3550000 -0.0169959
v 0.0275000 -0.3416312 -0.0444959
v 0.0275000 -0.2983688 -0.0444959
v 0.0444959 -0.2850000 0.0169959
v 0.0444959 -0.3550000 0.0169959
v 0.0275000 -0.3416312 0.0444959
v 0.0275000 -0.2983688 0.0444959
v 0.0550000 -0.3200000 0.0000000
v -0.0444959 -0.2850000 -0.0169959
v -0.0444959 -0.3550000 -0.0169959
v -0.0275000 -0.3416312 -0.0444959
v -0.0275000 -0.2983688 -0.0444959
v -0.0444959 -0.2850000 0.0169959
v -0.0444959 -0.3550000 0.0169959
v -0.0275000 -0.3416312 0.0444959
v -0.0275000 -0.2983688 0.0444959
v -0.0550000 -0.3200000 0.0000000
v -0.0289152 -0.3604544 0.0000000
v 0.0289152 -0.3604544 0.0000000
v -0.0289152 -0.4795456 0.0000000
v 0.0289152 -0.4795456 0.0000000
v 0.0000000 -0.4568012 0.0467858
v 0.0000000 -0.3831988 0.0467858
v 0.0000000 -0.4568012 -0.0467858
v 0.0000000 -0.3831988 -0.0467858
v 0.0467858 -0.4200000 -0.0289152
v 0.0467858 -0.4200000 0.0289152
v -0.0467858 -0.4200000 -0.0289152
v -0.0467858 -0.4200000 0.0289152
v 0.0000000 -0.3500000 0.0000000
v 0.0000000 -0.4900000 0.0000000
v -0.0169959 -0.4766312 0.0275000
v 0.0169959 -0.4766312 0.0275000
v -0.0169959 -0.3633688 0.0275000
v 0.0169959 -0.3633688 0.0275000
v 0.0000000 -0.4200000 0.0550000
v -0.0169959 -0.4766312 -0.0275000
v 0.0169959 -0.4766312 -0.0275000
v -0.0169959 -0.3633688 -0.0275000
v 0.0169959 -0.3633688 -0.0275000
v 0.0000000 -0.4200000 -0.0550000
v 0.0444959 -0.3850000 -0.0169959
v 0.0444959 -0.4550000 -0.0169959
v 0.0275000 -0.4416312 -0.0444959
v 0.0275000 -0.3983688 -0.0444959
v 0.0444959 -0.3850000 0.0169959
v 0.0444959 -0.4550000 0.0169959
v 0.0275000 -0.4416312 0.0444959
v 0.0275000 -0.3983688 0.0444959
v 0.0550000 -0.4200000 0.0000000
v -0.0444959 -0.3850000 -0.0169959
v -0.0444959 -0.4550000 -0.0169959
v -0.0275000 -0.4416312 -0.0444959
v -0.0275000 -0.3983688 -0.0444959
v -0.0444959 -0.3850000 0.0169959
v -0.0444959 -0.4550000 0.0169959
v -0.0275000 -0.4416312 0.0444959
v -0.0275000 -0.3983688 0.0444959
v -0.0550000 -0.4200000 0.0000000
v 0.0000000 1.1850000 0.0900000
v 0.0119707 1.1828892 0.0900000
v 0.0224976 1.1768116 0.0900000
v 0.0303109 1.1675000 0.0900000
v 0.0344683 1.1560777 0.0900000
v 0.0344683 0.3439223 0.0900000
v 0.0303109 0.3325000 0.0900000
v 0.0224976 0.3231884 0.0900000
v 0.0119707 0.3171108 0.0900000
v 0.0000000 0.3150000 0.0900000
v 0.0096845 1.1828892 0.0970362
v 0.0182009 1.1768116 0.1032237
v 0.0245220 1.1675000 0.1078163
v 0.0278854 1.1560777 0.1102599
v 0.0278854 0.3439223 0.1102599
v 0.0245220 0.3325000 0.1078163
v 0.0182009 0.3231884 0.1032237
v 0.0096845 0.3171108 0.0970362
v 0.0036992 1.1828892 0.1013848
v 0.0069521 1.1768116 0.1113965
v 0.0093666 1.1675000 0.1188274
v 0.0106513 1.1560777 0.1227813
v 0.0106513 0.3439223 0.1227813
v 0.0093666 0.3325000 0.1188274
v 0.0069521 0.3231884 0.1113965
v 0.0036992 0.3171108 0.1013848
v -0.0036992 1.1828892 0.1013848
v -0.0069521 1.1768116 0.1113965
v -0.0093666 1.1675000 0.1188274
v -0.0106513 1.1560777 0.1227813
v -0.0106513 0.3439223 0.1227813
v -0.0093666 0.3325000 0.1188274
v -0.0069521 0.3231884 0.1113965
v -0.0036992 0.3171108 0.1013848
v -0.0096845 1.1828892 0.0970362
v -0.0182009 1.1768116 0.1032237
v -0.0245220 1.1675000 0.1078163
v -0.0278854 1.1560777 0.1102599
v -0.0278854 0.3439223 0.1102599
v -0.0245220 0.3325000 0.1078163
v -0.0182009 0.3231884 0.1032237
v -0.0096845 0.3171108 0.0970362
v -0.0119707 1.1828892 0.0900000
v -0.0224976 1.1768116 0.0900000
v -0.0303109 1.1675000 0.0900000
v -0.0344683 1.1560777 0.0900000
v -0.0344683 0.3439223 0.0900000
v -0.0303109 0.3325000 0.0900000
v -0.0224976 0.3231884 0.0900000
v -0.0119707 0.3171108 0.0900000
v -0.0096845 1.1828892 0.0829638
v -0.0182009 1.1768116 0.0767763
v -0.0245220 1.1675000 0.0721837
v -0.0278854 1.1560777 0.0697401
v -0.0278854 0.3439223 0.0697401
v -0.0245220 0.3325000 0.0721837
v -0.0182009 0.3231884 0.0767763
v -0.0096845 0.3171108 0.0829638
v -0.0036992 1.1828892 0.0786152
v -0.0069521 1.1768116 0.0686035
v -0.0093666 1.1675000 0.0611726
v -0.0106513 1.1560777 0.0572187
v -0.0106513 0.3439223 0.0572187
v -0.0093666 0.3325000 0.0611726
v -0.0069521 0.3231884 0.0686035
v -0.0036992 0.3171108 0.0786152
v 0.0036992 1.1828892 0.0786152
v 0.0069521 1.1768116 0.0686035
v 0.0093666 1.1675000 0.0611726
v 0.0106513 1.1560777 0.0572187
v 0.0106513 0.3439223 0.0572187
v 0.0093666 0.3325000 0.0611726
v 0.0069521 0.3231884 0.0686035
v 0.0036992 0.3171108 0.0786152
v 0.0096845 1.1828892 0.0829638
v 0.0182009 1.1768116 0.0767763
v 0.0245220 1.1675000 0.0721837
v 0.0278854 1.1560777 0.0697401
v 0.0278854 0.3439223 0.0697401
v 0.0245220 0.3325000 0.0721837
v 0.0182009 0.3231884 0.0767763
v 0.0096845 0.3171108 0.0829638
v -0.0178580 1.1515955 -0.0015955
v -0.0161909 1.1519965 -0.0076070
v -0.0125710 1.1521568 -0.0127011
v -0.0074348 1.1520569 -0.0162632
v -0.0014019 1.1517090 -0.0178638
v 0.2286602 1.1311549 0.0026903
v 0.2342832 1.1304615 0.0053322
v 0.2386491 1.1297124 0.0097433
v 0.2412312 1.1289981 0.0153914
v 0.2417180 1.1284045 0.0215955
v -0.0160113 1.1554941 -0.0061198
v -0.0122335 1.1587300 -0.0099060
v -0.0069800 1.1609130 -0.0124974
v -0.0008847 1.1617797 -0.0135815
v 0.2291773 1.1412256 0.0069726
v 0.2347380 1.1393175 0.0090980
v 0.2389866 1.1362856 0.0125384
v 0.2414108 1.1324956 0.0168787
v -0.0161257 1.1574657 -0.0028677
v -0.0124485 1.1624355 -0.0037940
v -0.0072697 1.1659054 -0.0042627
v -0.0012141 1.1674568 -0.0042173
v 0.2288479 1.1469027 0.0163368
v 0.2344483 1.1443099 0.0173327
v 0.2387716 1.1399911 0.0186504
v 0.2412964 1.1344672 0.0201308
v -0.0164904 1.1571584 0.0009071
v -0.0131339 1.1618579 0.0033003
v -0.0081932 1.1651271 0.0052955
v -0.0022643 1.1665718 0.0066519
v 0.2277978 1.1460177 0.0272060
v 0.2335248 1.1435317 0.0268909
v 0.2380862 1.1394135 0.0257447
v 0.2409317 1.1341599 0.0239056
v -0.0169662 1.1546894 0.0037628
v -0.0140279 1.1572178 0.0086672
v -0.0093977 1.1588756 0.0125263
v -0.0036340 1.1594628 0.0148744
v 0.2264280 1.1389087 0.0354285
v 0.2323203 1.1372801 0.0341217
v 0.2371922 1.1347734 0.0311116
v 0.2404559 1.1316909 0.0267613
v -0.0173712 1.1510019 0.0046086
v -0.0147891 1.1502876 0.0102567
v -0.0104232 1.1495385 0.0146678
v -0.0048002 1.1488451 0.0173097
v 0.2252619 1.1282910 0.0378638
v 0.2312948 1.1279431 0.0362632
v 0.2364310 1.1278432 0.0327011
v 0.2400509 1.1280035 0.0276070
v -0.0175508 1.1475044 0.0031213
v -0.0151266 1.1437144 0.0074616
v -0.0108780 1.1406825 0.0109020
v -0.0053173 1.1387744 0.0130274
v 0.2247447 1.1182203 0.0335815
v 0.2308400 1.1190870 0.0324974
v 0.2360935 1.1212700 0.0299060
v 0.2398713 1.1245059 0.0261198
v -0.0174364 1.1455328 -0.0001308
v -0.0149116 1.1400089 0.0013496
v -0.0105883 1.1356901 0.0026673
v -0.0049879 1.1330973 0.0036632
v 0.2250741 1.1125432 0.0242173
v 0.2311297 1.1140946 0.0242627
v 0.2363085 1.1175645 0.0237940
v 0.2399857 1.1225343 0.0228677
v -0.0170717 1.1458401 -0.0039056
v -0.0142262 1.1405865 -0.0057447
v -0.0096648 1.1364683 -0.0068909
v -0.0039378 1.1339823 -0.0072060
v 0.2261243 1.1134282 0.0133481
v 0.2320532 1.1148729 0.0147045
v 0.2369939 1.1181421 0.0166997
v 0.2403504 1.1228416 0.0190929
v -0.0165959 1.1483091 -0.0067613
v -0.0133322 1.1452266 -0.0111116
v -0.0084603 1.1427199 -0.0141217
v -0.0025680 1.1410913 -0.0154285
v 0.2274940 1.1205372 0.0051256
v 0.2332577 1.1211244 0.0074737
v 0.2378879 1.1227822 0.0113328
v 0.2408262 1.1253106 0.0162372
v 0.2134793 1.1365763 0.0068473
v 0.2190786 1.1369292 0.0040901
v 0.2252546 1.1364463 0.0032519
v 0.2312624 1.1351859 0.0044337
v 0.2363774 1.1333000 0.0074930
v 0.3031226 1.0910161 0.0920609
v 0.3047832 1.0886096 0.0975863
v 0.3042988 1.0863708 0.1034029
v 0.3017280 1.0845698 0.1088090
v 0.2973807 1.0834237 0.1131527
v 0.2185693 1.1401256 0.0060903
v 0.2242975 1.1424536 0.0070109
v 0.2299729 1.1432795 0.0094982
v 0.2349110 1.1425037 0.0132522
v 0.3016562 1.1002198 0.0978201
v 0.3034936 1.0967032 0.1026509
v 0.3033417 1.0923781 0.1071619
v 0.3012187 1.0877662 0.1108092
v 0.2163549 1.1418148 0.0086826
v 0.2201358 1.1456282 0.0118828
v 0.2243659 1.1475567 0.0160621
v 0.2285350 1.1473675 0.0207164
v 0.2952802 1.1050836 0.1052843
v 0.2978867 1.1009804 0.1092148
v 0.2991800 1.0955527 0.1120339
v 0.2990043 1.0894554 0.1134015
v 0.2132813 1.1413516 0.0108768
v 0.2143592 1.1447577 0.0160067
v 0.2165831 1.1463838 0.0216182
v 0.2196847 1.1460338 0.0270346
v 0.2864299 1.1037498 0.1116025
v 0.2901039 1.0998075 0.1147709
v 0.2934035 1.0946822 0.1161578
v 0.2959307 1.0889921 0.1155957
v 0.2105224 1.1389129 0.0118350
v 0.2091742 1.1401745 0.0178074
v 0.2095973 1.1402088 0.0240443
v 0.2117408 1.1390118 0.0297934
v 0.2784860 1.0967279 0.1143613
v 0.2831181 1.0936325 0.1171970
v 0.2882184 1.0900989 0.1179584
v 0.2931718 1.0865535 0.1165539
v 0.2091320 1.1354302 0.0111910
v 0.2065612 1.1336292 0.0165971
v 0.2060768 1.1313904 0.0224137
v 0.2077374 1.1289839 0.0279391
v 0.2744826 1.0867000 0.1125070
v 0.2795976 1.0848141 0.1155663
v 0.2856054 1.0835537 0.1167481
v 0.2917814 1.0830708 0.1159099
v 0.2096413 1.1322338 0.0091908
v 0.2075183 1.1276219 0.0128381
v 0.2073664 1.1232968 0.0173491
v 0.2092038 1.1197802 0.0221799
v 0.2759490 1.0774963 0.1067478
v 0.2808871 1.0767205 0.1105018
v 0.2865625 1.0775464 0.1129891
v 0.2922907 1.0798744 0.1139097
v 0.2118557 1.1305446 0.0065985
v 0.2116800 1.1244473 0.0079661
v 0.2129733 1.1190196 0.0107852
v 0.2155798 1.1149164 0.0147157
v 0.2823250 1.0726325 0.0992836
v 0.2864941 1.0724433 0.1039379
v 0.2907242 1.0743718 0.1081172
v 0.2945051 1.0781852 0.1113174
v 0.2149293 1.1310079 0.0044043
v 0.2174565 1.1253178 0.0038422
v 0.2207561 1.1201925 0.0052291
v 0.2244301 1.1162502 0.0083975
v 0.2911753 1.0739662 0.0929654
v 0.2942769 1.0736162 0.0983818
v 0.2965008 1.0752423 0.1039933
v 0.2975787 1.0786484 0.1091232
v 0.2176882 1.1334465 0.0034461
v 0.2226416 1.1299011 0.0020416
v 0.2277419 1.1263675 0.0028030
v 0.2323740 1.1232721 0.0056387
v 0.2991192 1.0809882 0.0902066
v 0.3012627 1.0797912 0.0959557
v 0.3016858 1.0798255 0.1021926
v 0.3003376 1.0810871 0.1081650
v 0.0178580 1.1515955 -0.0015955
v 0.0173712 1.1510019 0.0046086
v 0.0147891 1.1502876 0.0102567
v 0.0104232 1.1495385 0.0146678
v 0.0048002 1.1488451 0.0173097
v -0.2252619 1.1282910 0.0378638
v -0.2312948 1.1279431 0.0362632
v -0.2364310 1.1278432 0.0327011
v -0.2400509 1.1280035 0.0276070
v -0.2417180 1.1284045 0.0215955
v 0.0169662 1.1546894 0.0037628
v 0.0140279 1.1572178 0.0086672
v 0.0093977 1.1588756 0.0125263
v 0.0036340 1.1594628 0.0148744
v -0.2264280 1.1389087 0.0354285
v -0.2323203 1.1372801 0.0341217
v -0.2371922 1.1347734 0.0311116
v -0.2404559 1.1316909 0.0267613
v 0.0164904 1.1571584 0.0009071
v 0.0131339 1.1618579 0.0033003
v 0.0081932 1.1651271 0.0052955
v 0.0022643 1.1665718 0.0066519
v -0.2277978 1.1460177 0.0272060
v -0.2335248 1.1435317 0.0268909
v -0.2380862 1.1394135 0.0257447
v -0.2409317 1.1341599 0.0239056
v 0.0161257 1.1574657 -0.0028677
v 0.0124485 1.1624355 -0.0037940
v 0.0072697 1.1659054 -0.0042627
v 0.0012141 1.1674568 -0.0042173
v -0.2288479 1.1469027 0.0163368
v -0.2344483 1.1443099 0.0173327
v -0.2387716 1.1399911 0.0186504
v -0.2412964 1.1344672 0.0201308
v 0.0160113 1.1554941 -0.0061198
v 0.0122335 1.1587300 -0.0099060
v 0.0069800 1.1609130 -0.0124974
v 0.0008847 1.1617797 -0.0135815
v -0.2291773 1.1412256 0.0069726
v -0.2347380 1.1393175 0.0090980
v -0.2389866 1.1362856 0.0125384
v -0.2414108 1.1324956 0.0168787
v 0.0161909 1.1519965 -0.0076070
v 0.0125710 1.1521568 -0.0127011
v 0.0074348 1.1520569 -0.0162632
v 0.0014019 1.1517090 -0.0178638
v -0.2286602 1.1311549 0.0026903
v -0.2342832 1.1304615 0.0053322
v -0.2386491 1.1297124 0.0097433
v -0.2412312 1.1289981 0.0153914
v 0.0165959 1.1483091 -0.0067613
v 0.0133322 1.1452266 -0.0111116
v 0.0084603 1.1427199 -0.0141217
v 0.0025680 1.1410913 -0.0154285
v -0.2274940 1.1205372 0.0051256
v -0.2332577 1.1211244 0.0074737
v -0.2378879 1.1227822 0.0113328
v -0.2408262 1.1253106 0.0162372
v 0.0170717 1.1458401 -0.0039056
v 0.0142262 1.1405865 -0.0057447
v 0.0096648 1.1364683 -0.0068909
v 0.0039378 1.1339823 -0.0072060
v -0.2261243 1.1134282 0.0133481
v -0.2320532 1.1148729 0.0147045
v -0.2369939 1.1181421 0.0166997
v -0.2403504 1.1228416 0.0190929
v 0.0174364 1.1455328 -0.0001308
v 0.0149116 1.1400089 0.0013496
v 0.0105883 1.1356901 0.0026673
v 0.0049879 1.1330973 0.0036632
v -0.2250741 1.1125432 0.0242173
v -0.2311297 1.1140946 0.0242627
v -0.2363085 1.1175645 0.0237940
v -0.2399857 1.1225343 0.0228677
v 0.0175508 1.1475044 0.0031213
v 0.0151266 1.1437144 0.0074616
v 0.0108780 1.1406825 0.0109020
v 0.0053173 1.1387744 0.0130274
v -0.2247447 1.1182203 0.0335815
v -0.2308400 1.1190870 0.0324974
v -0.2360935 1.1212700 0.0299060
v -0.2398713 1.1245059 0.0261198
v -0.2134793 1.1365763 0.0068473
v -0.2091320 1.1354302 0.0111910
v -0.2065612 1.1336292 0.0165971
v -0.2060768 1.1313904 0.0224137
v -0.2077374 1.1289839 0.0279391
v -0.2744826 1.0867000 0.1125070
v -0.2795976 1.0848141 0.1155663
v -0.2856054 1.0835537 0.1167481
v -0.2917814 1.0830708 0.1159099
v -0.2973807 1.0834237 0.1131527
v -0.2105224 1.1389129 0.0118350
v -0.2091742 1.1401745 0.0178074
v -0.2095973 1.1402088 0.0240443
v -0.2117408 1.1390118 0.0297934
v -0.2784860 1.0967279 0.1143613
v -0.2831181 1.0936325 0.1171970
v -0.2882184 1.0900989 0.1179584
v -0.2931718 1.0865535 0.1165539
v -0.2132813 1.1413516 0.0108768
v -0.2143592 1.1447577 0.0160067
v -0.2165831 1.1463838 0.0216182
v -0.2196847 1.1460338 0.0270346
v -0.2864299 1.1037498 0.1116025
v -0.2901039 1.0998075 0.1147709
v -0.2934035 1.0946822 0.1161578
v -0.2959307 1.0889921 0.1155957
v -0.2163549 1.1418148 0.0086826
v -0.2201358 1.1456282 0.0118828
v -0.2243659 1.1475567 0.0160621
v -0.2285350 1.1473675 0.0207164
v -0.2952802 1.1050836 0.1052843
v -0.2978867 1.1009804 0.1092148
v -0.2991800 1.0955527 0.1120339
v -0.2990043 1.0894554 0.1134015
v -0.2185693 1.1401256 0.0060903
v -0.2242975 1.1424536 0.0070109
v -0.2299729 1.1432795 0.0094982
v -0.2349110 1.1425037 0.0132522
v -0.3016562 1.1002198 0.0978201
v -0.3034936 1.0967032 0.1026509
v -0.3033417 1.0923781 0.1071619
v -0.3012187 1.0877662 0.1108092
v -0.2190786 1.1369292 0.0040901
v -0.2252546 1.1364463 0.0032519
v -0.2312624 1.1351859 0.0044337
v -0.2363774 1.1333000 0.0074930
v -0.3031226 1.0910161 0.0920609
v -0.3047832 1.0886096 0.0975863
v -0.3042988 1.0863708 0.1034029
v -0.3017280 1.0845698 0.1088090
v -0.2176882 1.1334465 0.0034461
v -0.2226416 1.1299011 0.0020416
v -0.2277419 1.1263675 0.0028030
v -0.2323740 1.1232721 0.0056387
v -0.2991192 1.0809882 0.0902066
v -0.3012627 1.0797912 0.0959557
v -0.3016858 1.0798255 0.1021926
v -0.3003376 1.0810871 0.1081650
v -0.2149293 1.1310079 0.0044043
v -0.2174565 1.1253178 0.0038422
v -0.2207561 1.1201925 0.0052291
v -0.2244301 1.1162502 0.0083975
v -0.2911753 1.0739662 0.0929654
v -0.2942769 1.0736162 0.0983818
v -0.2965008 1.0752423 0.1039933
v -0.2975787 1.0786484 0.1091232
v -0.2118557 1.1305446 0.0065985
v -0.2116800 1.1244473 0.0079661
v -0.2129733 1.1190196 0.0107852
v -0.2155798 1.1149164 0.0147157
v -0.2823250 1.0726325 0.0992836
v -0.2864941 1.0724433 0.1039379
v -0.2907242 1.0743718 0.1081172
v -0.2945051 1.0781852 0.1113174
v -0.2096413 1.1322338 0.0091908
v -0.2075183 1.1276219 0.0128381
v -0.2073664 1.1232968 0.0173491
v -0.2092038 1.1197802 0.0221799
v -0.2759490 1.0774963 0.1067478
v -0.2808871 1.0767205 0.1105018
v -0.2865625 1.0775464 0.1129891
v -0.2922907 1.0798744 0.1139097
v -0.0178708 1.0737446 -0.0015223
v -0.0162318 1.0741294 -0.0075427
v -0.0126350 1.0742842 -0.0126533
v -0.0075142 1.0741902 -0.0162377
v -0.0014871 1.0738590 -0.0178636
v 0.2394994 1.0533303 0.0026651
v 0.2451366 1.0526679 0.0052846
v 0.2495247 1.0519518 0.0096791
v 0.2521343 1.0512683 0.0153184
v 0.2526508 1.0506999 0.0215223
v -0.0160588 1.0776331 -0.0060693
v -0.0123099 1.0808690 -0.0098843
v -0.0070763 1.0830620 -0.0125070
v -0.0009891 1.0839475 -0.0136213
v 0.2399974 1.0634188 0.0069074
v 0.2455745 1.0615397 0.0090153
v 0.2498497 1.0585367 0.0124481
v 0.2523073 1.0547720 0.0167917
v -0.0161663 1.0796165 -0.0028241
v -0.0125119 1.0845965 -0.0037852
v -0.0073484 1.0880841 -0.0042898
v -0.0012986 1.0896584 -0.0042770
v 0.2396879 1.0691297 0.0162517
v 0.2453024 1.0665617 0.0172325
v 0.2496477 1.0622642 0.0185471
v 0.2521998 1.0567554 0.0200370
v -0.0165132 1.0793219 0.0009534
v -0.0131639 1.0840429 0.0033142
v -0.0082268 1.0873382 0.0052752
v -0.0022974 1.0888102 0.0066000
v 0.2386890 1.0682815 0.0271287
v 0.2444240 1.0658158 0.0267976
v 0.2489958 1.0617106 0.0256465
v 0.2518529 1.0564608 0.0238145
v -0.0169670 1.0768619 0.0038204
v -0.0140167 1.0794196 0.0087023
v -0.0093758 1.0811093 0.0125346
v -0.0036040 1.0817270 0.0148550
v 0.2373824 1.0611983 0.0353837
v 0.2432750 1.0595869 0.0340569
v 0.2481429 1.0570873 0.0310346
v 0.2513991 1.0540008 0.0266814
v -0.0173543 1.0731761 0.0046816
v -0.0147447 1.0724926 0.0103209
v -0.0103566 1.0717765 0.0147154
v -0.0047194 1.0711142 0.0173349
v 0.2362671 1.0505855 0.0378636
v 0.2422942 1.0502542 0.0362377
v 0.2474150 1.0501603 0.0326533
v 0.2510118 1.0503151 0.0275427
v -0.0175273 1.0696724 0.0032083
v -0.0150697 1.0659078 0.0075519
v -0.0107945 1.0629048 0.0109847
v -0.0052174 1.0610256 0.0130926
v 0.2357691 1.0404969 0.0336213
v 0.2418563 1.0413824 0.0325070
v 0.2470899 1.0435754 0.0298843
v 0.2508388 1.0468113 0.0260693
v -0.0174198 1.0676890 -0.0000370
v -0.0148677 1.0621803 0.0014529
v -0.0105224 1.0578827 0.0027675
v -0.0049079 1.0553147 0.0037483
v 0.2360786 1.0347860 0.0242770
v 0.2421284 1.0363604 0.0242898
v 0.2472919 1.0398479 0.0237852
v 0.2509463 1.0448280 0.0228241
v -0.0170729 1.0679836 -0.0038145
v -0.0142158 1.0627339 -0.0056465
v -0.0096440 1.0586286 -0.0067976
v -0.0039090 1.0561629 -0.0071287
v 0.2370774 1.0356342 0.0134000
v 0.2430068 1.0371063 0.0147248
v 0.2479439 1.0404015 0.0166858
v 0.2512932 1.0451225 0.0190466
v -0.0166191 1.0704436 -0.0066814
v -0.0133629 1.0673572 -0.0110346
v -0.0084950 1.0648575 -0.0140569
v -0.0026024 1.0632462 -0.0153837
v 0.2383840 1.0427175 0.0051450
v 0.2441558 1.0433352 0.0074654
v 0.2487967 1.0450248 0.0112977
v 0.2517470 1.0475825 0.0161796
v 0.2240694 1.0586919 0.0070606
v 0.2296036 1.0590677 0.0041777
v 0.2357621 1.0586179 0.0032033
v 0.2418022 1.0573967 0.0042547
v 0.2469952 1.0555513 0.0072053
v 0.3169350 1.0133044 0.0916991
v 0.3187327 1.0109270 0.0971941
v 0.3183916 1.0087058 0.1030275
v 0.3159529 1.0069087 0.1084958
v 0.3117106 1.0057525 0.1129394
v 0.2291203 1.0622681 0.0061780
v 0.2348538 1.0646326 0.0069625
v 0.2405783 1.0655002 0.0093195
v 0.2456036 1.0647664 0.0129647
v 0.3155433 1.0225195 0.0974585
v 0.3175089 1.0190306 0.1022589
v 0.3174833 1.0147205 0.1067867
v 0.3154695 1.0101091 0.1104960
v 0.2269544 1.0639534 0.0088134
v 0.2307833 1.0678000 0.0119155
v 0.2350942 1.0697677 0.0159927
v 0.2393673 1.0696191 0.0205532
v 0.3093070 1.0273722 0.1050470
v 0.3120248 1.0232980 0.1089320
v 0.3134128 1.0178879 0.1117398
v 0.3133037 1.0117944 0.1131315
v 0.2239333 1.0634800 0.0110774
v 0.2251055 1.0669103 0.0161704
v 0.2274446 1.0685689 0.0217253
v 0.2306684 1.0682559 0.0270721
v 0.3006081 1.0260090 0.1115659
v 0.3043751 1.0220992 0.1146647
v 0.3077350 1.0169981 0.1159947
v 0.3102826 1.0113210 0.1153955
v 0.2212110 1.0610287 0.0121052
v 0.2199891 1.0623032 0.0181020
v 0.2205512 1.0623619 0.0243278
v 0.2228296 1.0611976 0.0300315
v 0.2927693 1.0189507 0.1145253
v 0.2974818 1.0158922 0.1172671
v 0.3026186 1.0123911 0.1179263
v 0.3075602 1.0088696 0.1164233
v 0.2198271 1.0575357 0.0115042
v 0.2173884 1.0557387 0.0169725
v 0.2170473 1.0535175 0.0228059
v 0.2188450 1.0511400 0.0283009
v 0.2887848 1.0088931 0.1127947
v 0.2939778 1.0070478 0.1157453
v 0.3000179 1.0058265 0.1167967
v 0.3061764 1.0053767 0.1158223
v 0.2203105 1.0543354 0.0095040
v 0.2182967 1.0497240 0.0132133
v 0.2182711 1.0454139 0.0177411
v 0.2202367 1.0419250 0.0225415
v 0.2901764 0.9996781 0.1070353
v 0.2952017 0.9989442 0.1106805
v 0.3009262 0.9998118 0.1130375
v 0.3066597 1.0021763 0.1138220
v 0.2224763 1.0526500 0.0068685
v 0.2223672 1.0465566 0.0082602
v 0.2237552 1.0411465 0.0110680
v 0.2264730 1.0370723 0.0149530
v 0.2964127 0.9948254 0.0994468
v 0.3006858 0.9946768 0.1040073
v 0.3049967 0.9966444 0.1080845
v 0.3088256 1.0004910 0.1111866
v 0.2254974 1.0531235 0.0046045
v 0.2280450 1.0474463 0.0040053
v 0.2314049 1.0423452 0.0053353
v 0.2351719 1.0384354 0.0084341
v 0.3051116 0.9961885 0.0929279
v 0.3083354 0.9958755 0.0982747
v 0.3106745 0.9975342 0.1038296
v 0.3118467 1.0009644 0.1089226
v 0.2282198 1.0555748 0.0035767
v 0.2331614 1.0520533 0.0020737
v 0.2382982 1.0485522 0.0027329
v 0.2430107 1.0454938 0.0054747
v 0.3129504 1.0032469 0.0899685
v 0.3152288 1.0020826 0.0956722
v 0.3157909 1.0021412 0.1018980
v 0.3145690 1.0034158 0.1078948
v 0.0178708 1.0737446 -0.0015223
v 0.0173543 1.0731761 0.0046816
v 0.0147447 1.0724926 0.0103209
v 0.0103566 1.0717765 0.0147154
v 0.0047194 1.0711142 0.0173349
v -0.2362671 1.0505855 0.0378636
v -0.2422942 1.0502542 0.0362377
v -0.2474150 1.0501603 0.0326533
v -0.2510118 1.0503151 0.0275427
v -0.2526508 1.0506999 0.0215223
v 0.0169670 1.0768619 0.0038204
v 0.0140167 1.0794196 0.0087023
v 0.0093758 1.0811093 0.0125346
v 0.0036040 1.0817270 0.0148550
v -0.2373824 1.0611983 0.0353837
v -0.2432750 1.0595869 0.0340569
v -0.2481429 1.0570873 0.0310346
v -0.2513991 1.0540008 0.0266814
v 0.0165132 1.0793219 0.0009534
v 0.0131639 1.0840429 0.0033142
v 0.0082268 1.0873382 0.0052752
v 0.0022974 1.0888102 0.0066000
v -0.2386890 1.0682815 0.0271287
v -0.2444240 1.0658158 0.0267976
v -0.2489958 1.0617106 0.0256465
v -0.2518529 1.0564608 0.0238145
v 0.0161663 1.0796165 -0.0028241
v 0.0125119 1.0845965 -0.0037852
v 0.0073484 1.0880841 -0.0042898
v 0.0012986 1.0896584 -0.0042770
v -0.2396879 1.0691297 0.0162517
v -0.2453024 1.0665617 0.0172325
v -0.2496477 1.0622642 0.0185471
v -0.2521998 1.0567554 0.0200370
v 0.0160588 1.0776331 -0.0060693
v 0.0123099 1.0808690 -0.0098843
v 0.0070763 1.0830620 -0.0125070
v 0.0009891 1.0839475 -0.0136213
v -0.2399974 1.0634188 0.0069074
v -0.2455745 1.0615397 0.0090153
v -0.2498497 1.0585367 0.0124481
v -0.2523073 1.0547720 0.0167917
v 0.0162318 1.0741294 -0.0075427
v 0.0126350 1.0742842 -0.0126533
v 0.0075142 1.0741902 -0.0162377
v 0.0014871 1.0738590 -0.0178636
v -0.2394994 1.0533303 0.0026651
v -0.2451366 1.0526679 0.0052846
v -0.2495247 1.0519518 0.0096791
v -0.2521343 1.0512683 0.0153184
v 0.0166191 1.0704436 -0.0066814
v 0.0133629 1.0673572 -0.0110346
v 0.0084950 1.0648575 -0.0140569
v 0.0026024 1.0632462 -0.0153837
v -0.2383840 1.0427175 0.0051450
v -0.2441558 1.0433352 0.0074654
v -0.2487967 1.0450248 0.0112977
v -0.2517470 1.0475825 0.0161796
v 0.0170729 1.0679836 -0.0038145
v 0.0142158 1.0627339 -0.0056465
v 0.0096440 1.0586286 -0.0067976
v 0.0039090 1.0561629 -0.0071287
v -0.2370774 1.0356342 0.0134000
v -0.2430068 1.0371063 0.0147248
v -0.2479439 1.0404015 0.0166858
v -0.2512932 1.0451225 0.0190466
v 0.0174198 1.0676890 -0.0000370
v 0.0148677 1.0621803 0.0014529
v 0.0105224 1.0578827 0.0027675
v 0.0049079 1.0553147 0.0037483
v -0.2360786 1.0347860 0.0242770
v -0.2421284 1.0363604 0.0242898
v -0.2472919 1.0398479 0.0237852
v -0.2509463 1.0448280 0.0228241
v 0.0175273 1.0696724 0.0032083
v 0.0150697 1.0659078 0.0075519
v 0.0107945 1.0629048 0.0109847
v 0.0052174 1.0610256 0.0130926
v -0.2357691 1.0404969 0.0336213
v -0.2418563 1.0413824 0.0325070
v -0.2470899 1.0435754 0.0298843
v -0.2508388 1.0468113 0.0260693
v -0.2240694 1.0586919 0.0070606
v -0.2198271 1.0575357 0.0115042
v -0.2173884 1.0557387 0.0169725
v -0.2170473 1.0535175 0.0228059
v -0.2188450 1.0511400 0.0283009
v -0.2887848 1.0088931 0.1127947
v -0.2939778 1.0070478 0.1157453
v -0.3000179 1.0058265 0.1167967
v -0.3061764 1.0053767 0.1158223
v -0.3117106 1.0057525 0.1129394
v -0.2212110 1.0610287 0.0121052
v -0.2199891 1.0623032 0.0181020
v -0.2205512 1.0623619 0.0243278
v -0.2228296 1.0611976 0.0300315
v -0.2927693 1.0189507 0.1145253
v -0.2974818 1.0158922 0.1172671
v -0.3026186 1.0123911 0.1179263
v -0.3075602 1.0088696 0.1164233
v -0.2239333 1.0634800 0.0110774
v -0.2251055 1.0669103 0.0161704
v -0.2274446 1.0685689 0.0217253
v -0.2306684 1.0682559 0.0270721
v -0.3006081 1.0260090 0.1115659
v -0.3043751 1.0220992 0.1146647
v -0.3077350 1.0169981 0.1159947
v -0.3102826 1.0113210 0.1153955
v -0.2269544 1.0639534 0.0088134
v -0.2307833 1.0678000 0.0119155
v -0.2350942 1.0697677 0.0159927
v -0.2393673 1.0696191 0.0205532
v -0.3093070 1.0273722 0.1050470
v -0.3120248 1.0232980 0.1089320
v -0.3134128 1.0178879 0.1117398
v -0.3133037 1.0117944 0.1131315
v -0.2291203 1.0622681 0.0061780
v -0.2348538 1.0646326 0.0069625
v -0.2405783 1.0655002 0.0093195
v -0.2456036 1.0647664 0.0129647
v -0.3155433 1.0225195 0.0974585
v -0.3175089 1.0190306 0.1022589
v -0.3174833 1.0147205 0.1067867
v -0.3154695 1.0101091 0.1104960
v -0.2296036 1.0590677 0.0041777
v -0.2357621 1.0586179 0.0032033
v -0.2418022 1.0573967 0.0042547
v -0.2469952 1.0555513 0.0072053
v -0.3169350 1.0133044 0.0916991
v -0.3187327 1.0109270 0.0971941
v -0.3183916 1.0087058 0.1030275
v -0.3159529 1.0069087 0.1084958
v -0.2282198 1.0555748 0.0035767
v -0.2331614 1.0520533 0.0020737
v -0.2382982 1.0485522 0.0027329
v -0.2430107 1.0454938 0.0054747
v -0.3129504 1.0032469 0.0899685
v -0.3152288 1.0020826 0.0956722
v -0.3157909 1.0021412 0.1018980
v -0.3145690 1.0034158 0.1078948
v -0.2254974 1.0531235 0.0046045
v -0.2280450 1.0474463 0.0040053
v -0.2314049 1.0423452 0.0053353
v -0.2351719 1.0384354 0.0084341
v -0.3051116 0.9961885 0.0929279
v -0.3083354 0.9958755 0.0982747
v -0.3106745 0.9975342 0.1038296
v -0.3118467 1.0009644 0.1089226
v -0.2224763 1.0526500 0.0068685
v -0.2223672 1.0465566 0.0082602
v -0.2237552 1.0411465 0.0110680
v -0.2264730 1.0370723 0.0149530
v -0.2964127 0.9948254 0.0994468
v -0.3006858 0.9946768 0.1040073
v -0.3049967 0.9966444 0.1080845
v -0.3088256 1.0004910 0.1111866
v -0.2203105 1.0543354 0.0095040
v -0.2182967 1.0497240 0.0132133
v -0.2182711 1.0454139 0.0177411
v -0.2202367 1.0419250 0.0225415
v -0.2901764 0.9996781 0.1070353
v -0.2952017 0.9989442 0.1106805
v -0.3009262 0.9998118 0.1130375
v -0.3066597 1.0021763 0.1138220
v -0.0178819 0.9959000 -0.0014556
v -0.0162684 0.9962698 -0.0074838
v -0.0126927 0.9964194 -0.0126093
v -0.0075861 0.9963309 -0.0162140
v -0.0015644 0.9960147 -0.0178630
v 0.2503459 0.9755092 0.0026425
v 0.2559958 0.9748753 0.0052416
v 0.2604040 0.9741894 0.0096208
v 0.2630386 0.9735342 0.0152518
v 0.2635819 0.9729889 0.0214556
v -0.0161016 0.9997792 -0.0060231
v -0.0123793 1.0030148 -0.0098642
v -0.0071638 1.0052168 -0.0125154
v -0.0010843 1.0061195 -0.0136572
v 0.2508261 0.9856139 0.0068484
v 0.2564181 0.9837612 0.0089402
v 0.2607174 0.9807848 0.0123659
v 0.2632053 0.9770435 0.0167125
v -0.0162030 1.0017733 -0.0027843
v -0.0125697 1.0067625 -0.0037771
v -0.0074204 1.0102661 -0.0043144
v -0.0013760 1.0118613 -0.0043313
v 0.2505343 0.9913558 0.0161742
v 0.2561615 0.9888105 0.0171412
v 0.2605270 0.9845325 0.0184530
v 0.2631040 0.9790377 0.0199513
v -0.0165337 1.0014905 0.0009956
v -0.0131912 1.0062311 0.0033267
v -0.0082577 1.0095500 0.0052566
v -0.0023282 1.0110470 0.0065524
v 0.2495821 0.9905415 0.0270579
v 0.2553242 0.9880944 0.0267122
v 0.2599054 0.9840010 0.0255568
v 0.2627733 0.9787549 0.0237312
v -0.0169674 0.9990388 0.0038727
v -0.0140064 1.0016234 0.0087340
v -0.0093561 1.0033421 0.0125417
v -0.0035772 1.0039877 0.0148368
v 0.2483331 0.9834821 0.0353423
v 0.2542258 0.9818865 0.0339973
v 0.2590902 0.9793933 0.0309641
v 0.2623396 0.9763032 0.0266084
v -0.0173386 0.9953547 0.0047482
v -0.0147040 0.9946995 0.0103792
v -0.0102958 0.9940136 0.0147584
v -0.0046459 0.9933797 0.0173575
v 0.2472644 0.9728742 0.0378630
v 0.2532861 0.9725580 0.0362140
v 0.2583927 0.9724694 0.0326093
v 0.2619684 0.9726191 0.0274838
v -0.0175053 0.9918453 0.0032875
v -0.0150174 0.9881041 0.0076341
v -0.0107181 0.9851277 0.0110598
v -0.0051261 0.9832749 0.0131516
v 0.2467843 0.9627694 0.0336572
v 0.2528638 0.9636721 0.0325154
v 0.2580793 0.9658740 0.0298642
v 0.2618016 0.9691097 0.0260231
v -0.0174040 0.9898512 0.0000487
v -0.0148270 0.9843564 0.0015470
v -0.0104615 0.9800784 0.0028588
v -0.0048343 0.9775331 0.0038258
v 0.2470760 0.9570276 0.0243313
v 0.2531204 0.9586228 0.0243144
v 0.2582697 0.9621263 0.0237771
v 0.2619030 0.9671156 0.0227843
v -0.0170733 0.9901340 -0.0037312
v -0.0142054 0.9848879 -0.0055568
v -0.0096242 0.9807945 -0.0067122
v -0.0038821 0.9783474 -0.0070579
v 0.2480282 0.9578419 0.0134476
v 0.2539577 0.9593389 0.0147434
v 0.2588912 0.9626578 0.0166733
v 0.2622337 0.9673984 0.0190044
v -0.0166396 0.9925857 -0.0066084
v -0.0133902 0.9894956 -0.0109641
v -0.0085258 0.9870023 -0.0139973
v -0.0026331 0.9854067 -0.0153423
v 0.2492772 0.9649012 0.0051632
v 0.2550561 0.9655468 0.0074583
v 0.2597064 0.9672655 0.0112660
v 0.2626674 0.9698501 0.0161273
v 0.2346755 0.9808078 0.0072733
v 0.2401439 0.9812049 0.0042702
v 0.2462824 0.9807866 0.0031644
v 0.2523506 0.9796034 0.0040892
v 0.2576168 0.9777979 0.0069330
v 0.3307455 0.9355879 0.0913530
v 0.3326751 0.9332400 0.0968159
v 0.3324729 0.9310374 0.1026628
v 0.3301631 0.9292457 0.1081886
v 0.3260245 0.9280811 0.1127267
v 0.2396855 0.9844095 0.0062696
v 0.2454209 0.9868092 0.0069220
v 0.2511899 0.9877176 0.0091518
v 0.2562968 0.9870250 0.0126900
v 0.3294256 0.9448151 0.0971099
v 0.3315144 0.9413542 0.1018784
v 0.3316114 0.9370600 0.1064204
v 0.3297047 0.9324503 0.1101879
v 0.2375674 0.9860917 0.0089455
v 0.2414402 0.9899708 0.0119511
v 0.2458268 0.9919772 0.0159274
v 0.2501981 0.9918689 0.0203950
v 0.3233268 0.9496589 0.1048149
v 0.3261513 0.9456139 0.1086541
v 0.3276307 0.9402216 0.1114495
v 0.3275866 0.9341326 0.1128639
v 0.2345987 0.9856091 0.0112759
v 0.2358608 0.9890638 0.0163307
v 0.2383097 0.9907552 0.0218281
v 0.2416499 0.9904793 0.0271050
v 0.3147787 0.9482693 0.1115249
v 0.3186342 0.9443919 0.1145548
v 0.3220513 0.9393146 0.1158291
v 0.3246179 0.9336499 0.1151942
v 0.2319132 0.9831460 0.0123706
v 0.2308139 0.9844346 0.0183880
v 0.2315100 0.9845183 0.0245999
v 0.2339176 0.9833870 0.0302570
v 0.3070464 0.9411770 0.1146769
v 0.3118344 0.9381550 0.1173266
v 0.3170044 0.9346854 0.1178864
v 0.3219325 0.9311868 0.1162889
v 0.2305369 0.9796432 0.0118114
v 0.2282271 0.9778515 0.0173372
v 0.2280249 0.9756489 0.0231841
v 0.2299545 0.9733010 0.0286470
v 0.3030832 0.9310910 0.1130670
v 0.3083494 0.9292855 0.1159108
v 0.3144176 0.9281023 0.1168356
v 0.3205561 0.9276840 0.1157298
v 0.2309953 0.9764386 0.0098121
v 0.2290886 0.9718289 0.0135796
v 0.2291856 0.9675346 0.0181216
v 0.2312744 0.9640738 0.0228901
v 0.3044032 0.9218639 0.1073100
v 0.3095101 0.9211713 0.1108482
v 0.3152791 0.9220797 0.1130780
v 0.3210145 0.9244794 0.1137304
v 0.2331134 0.9747563 0.0071361
v 0.2330693 0.9686673 0.0085505
v 0.2345487 0.9632750 0.0113459
v 0.2373732 0.9592300 0.0151851
v 0.3105019 0.9170200 0.0996050
v 0.3148732 0.9169117 0.1040726
v 0.3192598 0.9189181 0.1080489
v 0.3231326 0.9227972 0.1110545
v 0.2360821 0.9752389 0.0048058
v 0.2386487 0.9695743 0.0041709
v 0.2420658 0.9644970 0.0054452
v 0.2459213 0.9606196 0.0084751
v 0.3190501 0.9184096 0.0928950
v 0.3223903 0.9181337 0.0981719
v 0.3248392 0.9198251 0.1036693
v 0.3261013 0.9232798 0.1087241
v 0.2387675 0.9777021 0.0037111
v 0.2436956 0.9742034 0.0021136
v 0.2488656 0.9707339 0.0026734
v 0.2536536 0.9677119 0.0053231
v 0.3267824 0.9255019 0.0897430
v 0.3291900 0.9243705 0.0954001
v 0.3298861 0.9244542 0.1016120
v 0.3287868 0.9257429 0.1076294
v 0.0178819 0.9959000 -0.0014556
v 0.0173386 0.9953547 0.0047482
v 0.0147040 0.9946995 0.0103792
v 0.0102958 0.9940136 0.0147584
v 0.0046459 0.9933797 0.0173575
v -0.2472644 0.9728742 0.0378630
v -0.2532861 0.9725580 0.0362140
v -0.2583927 0.9724694 0.0326093
v -0.2619684 0.9726191 0.0274838
v -0.2635819 0.9729889 0.0214556
v 0.0169674 0.9990388 0.0038727
v 0.0140064 1.0016234 0.0087340
v 0.0093561 1.0033421 0.0125417
v 0.0035772 1.0039877 0.0148368
v -0.2483331 0.9834821 0.0353423
v -0.2542258 0.9818865 0.0339973
v -0.2590902 0.9793933 0.0309641
v -0.2623396 0.9763032 0.0266084
v 0.0165337 1.0014905 0.0009956
v 0.0131912 1.0062311 0.0033267
v 0.0082577 1.0095500 0.0052566
v 0.0023282 1.0110470 0.0065524
v -0.2495821 0.9905415 0.0270579
v -0.2553242 0.9880944 0.0267122
v -0.2599054 0.9840010 0.0255568
v -0.2627733 0.9787549 0.0237312
v 0.0162030 1.0017733 -0.0027843
v 0.0125697 1.0067625 -0.0037771
v 0.0074204 1.0102661 -0.0043144
v 0.0013760 1.0118613 -0.0043313
v -0.2505343 0.9913558 0.0161742
v -0.2561615 0.9888105 0.0171412
v -0.2605270 0.9845325 0.0184530
v -0.2631040 0.9790377 0.0199513
v 0.0161016 0.9997792 -0.0060231
v 0.0123793 1.0030148 -0.0098642
v 0.0071638 1.0052168 -0.0125154
v 0.0010843 1.0061195 -0.0136572
v -0.2508261 0.9856139 0.0068484
v -0.2564181 0.9837612 0.0089402
v -0.2607174 0.9807848 0.0123659
v -0.2632053 0.9770435 0.0167125
v 0.0162684 0.9962698 -0.0074838
v 0.0126927 0.9964194 -0.0126093
v 0.0075861 0.9963309 -0.0162140
v 0.0015644 0.9960147 -0.0178630
v -0.2503459 0.9755092 0.0026425
v -0.2559958 0.9748753 0.0052416
v -0.2604040 0.9741894 0.0096208
v -0.2630386 0.9735342 0.0152518
v 0.0166396 0.9925857 -0.0066084
v 0.0133902 0.9894956 -0.0109641
v 0.0085258 0.9870023 -0.0139973
v 0.0026331 0.9854067 -0.0153423
v -0.2492772 0.9649012 0.0051632
v -0.2550561 0.9655468 0.0074583
v -0.2597064 0.9672655 0.0112660
v -0.2626674 0.9698501 0.0161273
v 0.0170733 0.9901340 -0.0037312
v 0.0142054 0.9848879 -0.0055568
v 0.0096242 0.9807945 -0.0067122
v 0.0038821 0.9783474 -0.0070579
v -0.2480282 0.9578419 0.0134476
v -0.2539577 0.9593389 0.0147434
v -0.2588912 0.9626578 0.0166733
v -0.2622337 0.9673984 0.0190044
v 0.0174040 0.9898512 0.0000487
v 0.0148270 0.9843564 0.0015470
v 0.0104615 0.9800784 0.0028588
v 0.0048343 0.9775331 0.0038258
v -0.2470760 0.9570276 0.0243313
v -0.2531204 0.9586228 0.0243144
v -0.2582697 0.9621263 0.0237771
v -0.2619030 0.9671156 0.0227843
v 0.0175053 0.9918453 0.0032875
v 0.0150174 0.9881041 0.0076341
v 0.0107181 0.9851277 0.0110598
v 0.0051261 0.9832749 0.0131516
v -0.2467843 0.9627694 0.0336572
v -0.2528638 0.9636721 0.0325154
v -0.2580793 0.9658740 0.0298642
v -0.2618016 0.9691097 0.0260231
v -0.2346755 0.9808078 0.0072733
v -0.2305369 0.9796432 0.0118114
v -0.2282271 0.9778515 0.0173372
v -0.2280249 0.9756489 0.0231841
v -0.2299545 0.9733010 0.0286470
v -0.3030832 0.9310910 0.1130670
v -0.3083494 0.9292855 0.1159108
v -0.3144176 0.9281023 0.1168356
v -0.3205561 0.9276840 0.1157298
v -0.3260245 0.9280811 0.1127267
v -0.2319132 0.9831460 0.0123706
v -0.2308139 0.9844346 0.0183880
v -0.2315100 0.9845183 0.0245999
v -0.2339176 0.9833870 0.0302570
v -0.3070464 0.9411770 0.1146769
v -0.3118344 0.9381550 0.1173266
v -0.3170044 0.9346854 0.1178864
v -0.3219325 0.9311868 0.1162889
v -0.2345987 0.9856091 0.0112759
v -0.2358608 0.9890638 0.0163307
v -0.2383097 0.9907552 0.0218281
v -0.2416499 0.9904793 0.0271050
v -0.3147787 0.9482693 0.1115249
v -0.3186342 0.9443919 0.1145548
v -0.3220513 0.9393146 0.1158291
v -0.3246179 0.9336499 0.1151942
v -0.2375674 0.9860917 0.0089455
v -0.2414402 0.9899708 0.0119511
v -0.2458268 0.9919772 0.0159274
v -0.2501981 0.9918689 0.0203950
v -0.3233268 0.9496589 0.1048149
v -0.3261513 0.9456139 0.1086541
v -0.3276307 0.9402216 0.1114495
v -0.3275866 0.9341326 0.1128639
v -0.2396855 0.9844095 0.0062696
v -0.2454209 0.9868092 0.0069220
v -0.2511899 0.9877176 0.0091518
v -0.2562968 0.9870250 0.0126900
v -0.3294256 0.9448151 0.0971099
v -0.3315144 0.9413542 0.1018784
v -0.3316114 0.9370600 0.1064204
v -0.3297047 0.9324503 0.1101879
v -0.2401439 0.9812049 0.0042702
v -0.2462824 0.9807866 0.0031644
v -0.2523506 0.9796034 0.0040892
v -0.2576168 0.9777979 0.0069330
v -0.3307455 0.9355879 0.0913530
v -0.3326751 0.9332400 0.0968159
v -0.3324729 0.9310374 0.1026628
v -0.3301631 0.9292457 0.1081886
v -0.2387675 0.9777021 0.0037111
v -0.2436956 0.9742034 0.0021136
v -0.2488656 0.9707339 0.0026734
v -0.2536536 0.9677119 0.0053231
v -0.3267824 0.9255019 0.0897430
v -0.3291900 0.9243705 0.0954001
v -0.3298861 0.9244542 0.1016120
v -0.3287868 0.9257429 0.1076294
v -0.2360821 0.9752389 0.0048058
v -0.2386487 0.9695743 0.0041709
v -0.2420658 0.9644970 0.0054452
v -0.2459213 0.9606196 0.0084751
v -0.3190501 0.9184096 0.0928950
v -0.3223903 0.9181337 0.0981719
v -0.3248392 0.9198251 0.1036693
v -0.3261013 0.9232798 0.1087241
v -0.2331134 0.9747563 0.0071361
v -0.2330693 0.9686673 0.0085505
v -0.2345487 0.9632750 0.0113459
v -0.2373732 0.9592300 0.0151851
v -0.3105019 0.9170200 0.0996050
v -0.3148732 0.9169117 0.1040726
v -0.3192598 0.9189181 0.1080489
v -0.3231326 0.9227972 0.1110545
v -0.2309953 0.9764386 0.0098121
v -0.2290886 0.9718289 0.0135796
v -0.2291856 0.9675346 0.0181216
v -0.2312744 0.9640738 0.0228901
v -0.3044032 0.9218639 0.1073100
v -0.3095101 0.9211713 0.1108482
v -0.3152791 0.9220797 0.1130780
v -0.3210145 0.9244794 0.1137304
v -0.0178917 0.9180611 -0.0013944
v -0.0163014 0.9184169 -0.0074296
v -0.0127451 0.9185617 -0.0125687
v -0.0076514 0.9184779 -0.0161918
v -0.0016349 0.9181756 -0.0178620
v 0.2611988 0.8976914 0.0026223
v 0.2668602 0.8970835 0.0052026
v 0.2712866 0.8964253 0.0095676
v 0.2739439 0.8957963 0.0151910
v 0.2745117 0.8952723 0.0213944
v -0.0161405 0.9219314 -0.0059806
v -0.0124425 0.9251667 -0.0098455
v -0.0072438 0.9273768 -0.0125228
v -0.0011714 0.9282950 -0.0136897
v 0.2616623 0.9078108 0.0067945
v 0.2672678 0.9059824 0.0088716
v 0.2715891 0.9030303 0.0122909
v 0.2741048 0.8993108 0.0166400
v -0.0162363 0.9239354 -0.0027477
v -0.0126225 0.9289330 -0.0037696
v -0.0074863 0.9324511 -0.0043368
v -0.0014472 0.9340653 -0.0043810
v 0.2613865 0.9135810 0.0161033
v 0.2670253 0.9110566 0.0170576
v 0.2714091 0.9067966 0.0183668
v 0.2740091 0.9013147 0.0198729
v -0.0165522 0.9236635 0.0010342
v -0.0132163 0.9284219 0.0033381
v -0.0082863 0.9317625 0.0052394
v -0.0023569 0.9332824 0.0065087
v 0.2604768 0.9127981 0.0269930
v 0.2662253 0.9103681 0.0266338
v 0.2708153 0.9062856 0.0254745
v 0.2736931 0.9010428 0.0236549
v -0.0169676 0.9212195 0.0039206
v -0.0139970 0.9238288 0.0087628
v -0.0093382 0.9255742 0.0125480
v -0.0035531 0.9262453 0.0148198
v 0.2592806 0.9057610 0.0353040
v 0.2651734 0.9041798 0.0339424
v 0.2700346 0.9016924 0.0308991
v 0.2732777 0.8985989 0.0265413
v -0.0173239 0.9175370 0.0048090
v -0.0146666 0.9169080 0.0104324
v -0.0102402 0.9162498 0.0147974
v -0.0045788 0.9156420 0.0173777
v 0.2582549 0.8951577 0.0378620
v 0.2642714 0.8948554 0.0361918
v 0.2693651 0.8947716 0.0325687
v 0.2729214 0.8949164 0.0274296
v -0.0174848 0.9140226 0.0033600
v -0.0149691 0.9103030 0.0077091
v -0.0106478 0.9073510 0.0111284
v -0.0050423 0.9055226 0.0132055
v 0.2577914 0.8850383 0.0336897
v 0.2638638 0.8859566 0.0325228
v 0.2690625 0.8881666 0.0298455
v 0.2727605 0.8914019 0.0259806
v -0.0173891 0.9120186 0.0001271
v -0.0147891 0.9065367 0.0016332
v -0.0104053 0.9022767 0.0029424
v -0.0047665 0.8997523 0.0038967
v 0.2580672 0.8792680 0.0243810
v 0.2641063 0.8808823 0.0243368
v 0.2692425 0.8844004 0.0237696
v 0.2728563 0.8893980 0.0227477
v -0.0170731 0.9122905 -0.0036549
v -0.0141953 0.9070478 -0.0054745
v -0.0096053 0.9029652 -0.0066338
v -0.0038568 0.9005352 -0.0069930
v 0.2589769 0.8800510 0.0134913
v 0.2649063 0.8815708 0.0147606
v 0.2698363 0.8849114 0.0166619
v 0.2731722 0.8896699 0.0189658
v -0.0166577 0.9147345 -0.0065413
v -0.0134146 0.9116409 -0.0108991
v -0.0085534 0.9091535 -0.0139424
v -0.0026606 0.9075723 -0.0153040
v 0.2601731 0.8870880 0.0051802
v 0.2659582 0.8877591 0.0074520
v 0.2706170 0.8895045 0.0112372
v 0.2735876 0.8921138 0.0160794
v 0.2452969 0.9029243 0.0074848
v 0.2506991 0.9033410 0.0043668
v 0.2568154 0.9029528 0.0031345
v 0.2629082 0.9018063 0.0039363
v 0.2682425 0.9000400 0.0066757
v 0.3445550 0.8578667 0.0910222
v 0.3466113 0.8555488 0.0964515
v 0.3465434 0.8533656 0.1023088
v 0.3443596 0.8515806 0.1078877
v 0.3403231 0.8504091 0.1125152
v 0.2502646 0.9065500 0.0063645
v 0.2559988 0.9089837 0.0068888
v 0.2618080 0.9099318 0.0089945
v 0.2669914 0.9092799 0.0124276
v 0.3433039 0.8671066 0.0967741
v 0.3455111 0.8636742 0.1015096
v 0.3457268 0.8593965 0.1060631
v 0.3439251 0.8547896 0.1098853
v 0.2481934 0.9082299 0.0090783
v 0.2521063 0.9121409 0.0119891
v 0.2565636 0.9141855 0.0158662
v 0.2610277 0.9141170 0.0202418
v 0.3373402 0.8719438 0.1045883
v 0.3402667 0.8679279 0.1083813
v 0.3418343 0.8625537 0.1111635
v 0.3418539 0.8564695 0.1125992
v 0.2452767 0.9077391 0.0114718
v 0.2466247 0.9112185 0.0164874
v 0.2491782 0.9129427 0.0219267
v 0.2526294 0.9127037 0.0271335
v 0.3289419 0.8705305 0.1114800
v 0.3328813 0.8666851 0.1144418
v 0.3363527 0.8616313 0.1156618
v 0.3389372 0.8559787 0.1149926
v 0.2426285 0.9052650 0.0126307
v 0.2416478 0.9065687 0.0186654
v 0.2424729 0.9066781 0.0248611
v 0.2450043 0.9055799 0.0304704
v 0.3213168 0.8634067 0.1148169
v 0.3261760 0.8604205 0.1173762
v 0.3313758 0.8569815 0.1178397
v 0.3362890 0.8535046 0.1161515
v 0.2412604 0.9017527 0.0121123
v 0.2390766 0.8999677 0.0176912
v 0.2390087 0.8977846 0.0235485
v 0.2410650 0.8954666 0.0289778
v 0.3173775 0.8532934 0.1133243
v 0.3227118 0.8515270 0.1160637
v 0.3288046 0.8503805 0.1168655
v 0.3349209 0.8499923 0.1156332
v 0.2416949 0.8985437 0.0101147
v 0.2398932 0.8939368 0.0139369
v 0.2401089 0.8896592 0.0184904
v 0.2423161 0.8862267 0.0232259
v 0.3186286 0.8440535 0.1075724
v 0.3238120 0.8434016 0.1110055
v 0.3296212 0.8443496 0.1131112
v 0.3353554 0.8467833 0.1136355
v 0.2437661 0.8968638 0.0074008
v 0.2437857 0.8907796 0.0088365
v 0.2453533 0.8854055 0.0116187
v 0.2482798 0.8813896 0.0154117
v 0.3245923 0.8392163 0.0997582
v 0.3290564 0.8391479 0.1041338
v 0.3335137 0.8411924 0.1080109
v 0.3374266 0.8451034 0.1109217
v 0.2466828 0.8973546 0.0050074
v 0.2492673 0.8917020 0.0043382
v 0.2527387 0.8866483 0.0055582
v 0.2566781 0.8828028 0.0085200
v 0.3329906 0.8406296 0.0928665
v 0.3364418 0.8403907 0.0980733
v 0.3389953 0.8421149 0.1035126
v 0.3403433 0.8455942 0.1085282
v 0.2493310 0.8998287 0.0038485
v 0.2542442 0.8963518 0.0021603
v 0.2594440 0.8929128 0.0026238
v 0.2643032 0.8899267 0.0051831
v 0.3406157 0.8477534 0.0895296
v 0.3431471 0.8466552 0.0951389
v 0.3439722 0.8467646 0.1013346
v 0.3429915 0.8480683 0.1073693
v 0.0178917 0.9180611 -0.0013944
v 0.0173239 0.9175370 0.0048090
v 0.0146666 0.9169080 0.0104324
v 0.0102402 0.9162498 0.0147974
v 0.0045788 0.9156420 0.0173777
v -0.2582549 0.8951577 0.0378620
v -0.2642714 0.8948554 0.0361918
v -0.2693651 0.8947716 0.0325687
v -0.2729214 0.8949164 0.0274296
v -0.2745117 0.8952723 0.0213944
v 0.0169676 0.9212195 0.0039206
v 0.0139970 0.9238288 0.0087628
v 0.0093382 0.9255742 0.0125480
v 0.0035531 0.9262453 0.0148198
v -0.2592806 0.9057610 0.0353040
v -0.2651734 0.9041798 0.0339424
v -0.2700346 0.9016924 0.0308991
v -0.2732777 0.8985989 0.0265413
v 0.0165522 0.9236635 0.0010342
v 0.0132163 0.9284219 0.0033381
v 0.0082863 0.9317625 0.0052394
v 0.0023569 0.9332824 0.0065087
v -0.2604768 0.9127981 0.0269930
v -0.2662253 0.9103681 0.0266338
v -0.2708153 0.9062856 0.0254745
v -0.2736931 0.9010428 0.0236549
v 0.0162363 0.9239354 -0.0027477
v 0.0126225 0.9289330 -0.0037696
v 0.0074863 0.9324511 -0.0043368
v 0.0014472 0.9340653 -0.0043810
v -0.2613865 0.9135810 0.0161033
v -0.2670253 0.9110566 0.0170576
v -0.2714091 0.9067966 0.0183668
v -0.2740091 0.9013147 0.0198729
v 0.0161405 0.9219314 -0.0059806
v 0.0124425 0.9251667 -0.0098455
v 0.0072438 0.9273768 -0.0125228
v 0.0011714 0.9282950 -0.0136897
v -0.2616623 0.9078108 0.0067945
v -0.2672678 0.9059824 0.0088716
v -0.2715891 0.9030303 0.0122909
v -0.2741048 0.8993108 0.0166400
v 0.0163014 0.9184169 -0.0074296
v 0.0127451 0.9185617 -0.0125687
v 0.0076514 0.9184779 -0.0161918
v 0.0016349 0.9181756 -0.0178620
v -0.2611988 0.8976914 0.0026223
v -0.2668602 0.8970835 0.0052026
v -0.2712866 0.8964253 0.0095676
v -0.2739439 0.8957963 0.0151910
v 0.0166577 0.9147345 -0.0065413
v 0.0134146 0.9116409 -0.0108991
v 0.0085534 0.9091535 -0.0139424
v 0.0026606 0.9075723 -0.0153040
v -0.2601731 0.8870880 0.0051802
v -0.2659582 0.8877591 0.0074520
v -0.2706170 0.8895045 0.0112372
v -0.2735876 0.8921138 0.0160794
v 0.0170731 0.9122905 -0.0036549
v 0.0141953 0.9070478 -0.0054745
v 0.0096053 0.9029652 -0.0066338
v 0.0038568 0.9005352 -0.0069930
v -0.2589769 0.8800510 0.0134913
v -0.2649063 0.8815708 0.0147606
v -0.2698363 0.8849114 0.0166619
v -0.2731722 0.8896699 0.0189658
v 0.0173891 0.9120186 0.0001271
v 0.0147891 0.9065367 0.0016332
v 0.0104053 0.9022767 0.0029424
v 0.0047665 0.8997523 0.0038967
v -0.2580672 0.8792680 0.0243810
v -0.2641063 0.8808823 0.0243368
v -0.2692425 0.8844004 0.0237696
v -0.2728563 0.8893980 0.0227477
v 0.0174848 0.9140226 0.0033600
v 0.0149691 0.9103030 0.0077091
v 0.0106478 0.9073510 0.0111284
v 0.0050423 0.9055226 0.0132055
v -0.2577914 0.8850383 0.0336897
v -0.2638638 0.8859566 0.0325228
v -0.2690625 0.8881666 0.0298455
v -0.2727605 0.8914019 0.0259806
v -0.2452969 0.9029243 0.0074848
v -0.2412604 0.9017527 0.0121123
v -0.2390766 0.8999677 0.0176912
v -0.2390087 0.8977846 0.0235485
v -0.2410650 0.8954666 0.0289778
v -0.3173775 0.8532934 0.1133243
v -0.3227118 0.8515270 0.1160637
v -0.3288046 0.8503805 0.1168655
v -0.3349209 0.8499923 0.1156332
v -0.3403231 0.8504091 0.1125152
v -0.2426285 0.9052650 0.0126307
v -0.2416478 0.9065687 0.0186654
v -0.2424729 0.9066781 0.0248611
v -0.2450043 0.9055799 0.0304704
v -0.3213168 0.8634067 0.1148169
v -0.3261760 0.8604205 0.1173762
v -0.3313758 0.8569815 0.1178397
v -0.3362890 0.8535046 0.1161515
v -0.2452767 0.9077391 0.0114718
v -0.2466247 0.9112185 0.0164874
v -0.2491782 0.9129427 0.0219267
v -0.2526294 0.9127037 0.0271335
v -0.3289419 0.8705305 0.1114800
v -0.3328813 0.8666851 0.1144418
v -0.3363527 0.8616313 0.1156618
v -0.3389372 0.8559787 0.1149926
v -0.2481934 0.9082299 0.0090783
v -0.2521063 0.9121409 0.0119891
v -0.2565636 0.9141855 0.0158662
v -0.2610277 0.9141170 0.0202418
v -0.3373402 0.8719438 0.1045883
v -0.3402667 0.8679279 0.1083813
v -0.3418343 0.8625537 0.1111635
v -0.3418539 0.8564695 0.1125992
v -0.2502646 0.9065500 0.0063645
v -0.2559988 0.9089837 0.0068888
v -0.2618080 0.9099318 0.0089945
v -0.2669914 0.9092799 0.0124276
v -0.3433039 0.8671066 0.0967741
v -0.3455111 0.8636742 0.1015096
v -0.3457268 0.8593965 0.1060631
v -0.3439251 0.8547896 0.1098853
v -0.2506991 0.9033410 0.0043668
v -0.2568154 0.9029528 0.0031345
v -0.2629082 0.9018063 0.0039363
v -0.2682425 0.9000400 0.0066757
v -0.3445550 0.8578667 0.0910222
v -0.3466113 0.8555488 0.0964515
v -0.3465434 0.8533656 0.1023088
v -0.3443596 0.8515806 0.1078877
v -0.2493310 0.8998287 0.0038485
v -0.2542442 0.8963518 0.0021603
v -0.2594440 0.8929128 0.0026238
v -0.2643032 0.8899267 0.0051831
v -0.3406157 0.8477534 0.0895296
v -0.3431471 0.8466552 0.0951389
v -0.3439722 0.8467646 0.1013346
v -0.3429915 0.8480683 0.1073693
v -0.2466828 0.8973546 0.0050074
v -0.2492673 0.8917020 0.0043382
v -0.2527387 0.8866483 0.0055582
v -0.2566781 0.8828028 0.0085200
v -0.3329906 0.8406296 0.0928665
v -0.3364418 0.8403907 0.0980733
v -0.3389953 0.8421149 0.1035126
v -0.3403433 0.8455942 0.1085282
v -0.2437661 0.8968638 0.0074008
v -0.2437857 0.8907796 0.0088365
v -0.2453533 0.8854055 0.0116187
v -0.2482798 0.8813896 0.0154117
v -0.3245923 0.8392163 0.0997582
v -0.3290564 0.8391479 0.1041338
v -0.3335137 0.8411924 0.1080109
v -0.3374266 0.8451034 0.1109217
v -0.2416949 0.8985437 0.0101147
v -0.2398932 0.8939368 0.0139369
v -0.2401089 0.8896592 0.0184904
v -0.2423161 0.8862267 0.0232259
v -0.3186286 0.8440535 0.1075724
v -0.3238120 0.8434016 0.1110055
v -0.3296212 0.8443496 0.1131112
v -0.3353554 0.8467833 0.1136355
v -0.0179002 0.8402270 -0.0013381
v -0.0163314 0.8405700 -0.0073797
v -0.0127927 0.8407101 -0.0125311
v -0.0077111 0.8406306 -0.0161711
v -0.0016994 0.8403411 -0.0178607
v 0.2720573 0.8198763 0.0026041
v 0.2777292 0.8192925 0.0051670
v 0.2821720 0.8186600 0.0095190
v 0.2848501 0.8180551 0.0151352
v 0.2854402 0.8175508 0.0213381
v -0.0161758 0.8440891 -0.0059414
v -0.0125004 0.8473239 -0.0098281
v -0.0073172 0.8495413 -0.0125293
v -0.0012515 0.8504739 -0.0137194
v 0.2725052 0.8300092 0.0067454
v 0.2781230 0.8282032 0.0088088
v 0.2824644 0.8252737 0.0122221
v 0.2850056 0.8215742 0.0165734
v -0.0162666 0.8461022 -0.0027140
v -0.0126710 0.8511073 -0.0037626
v -0.0075470 0.8546387 -0.0043573
v -0.0015128 0.8562704 -0.0044265
v 0.2722439 0.8358057 0.0160382
v 0.2778932 0.8333005 0.0169808
v 0.2822938 0.8290571 0.0182875
v 0.2849148 0.8235873 0.0198008
v -0.0165690 0.8458403 0.0010697
v -0.0132394 0.8506152 0.0033485
v -0.0083128 0.8539757 0.0052235
v -0.0023836 0.8555165 0.0064684
v 0.2713731 0.8350518 0.0269331
v 0.2771274 0.8326376 0.0265616
v 0.2817254 0.8285651 0.0253987
v 0.2846124 0.8233255 0.0235846
v -0.0169676 0.8434036 0.0039646
v -0.0139884 0.8460356 0.0087891
v -0.0093220 0.8478057 0.0125535
v -0.0035313 0.8485002 0.0148038
v 0.2702254 0.8280355 0.0352685
v 0.2761182 0.8264675 0.0338917
v 0.2809763 0.8239855 0.0308392
v 0.2842139 0.8208887 0.0264794
v -0.0173101 0.8397227 0.0048648
v -0.0146320 0.8391178 0.0104810
v -0.0101892 0.8384853 0.0148330
v -0.0045173 0.8379014 0.0173959
v 0.2692394 0.8174367 0.0378607
v 0.2752511 0.8171471 0.0361711
v 0.2803327 0.8170676 0.0325311
v 0.2838714 0.8172078 0.0273797
v -0.0174656 0.8362036 0.0034266
v -0.0149244 0.8325040 0.0077779
v -0.0105830 0.8295746 0.0111912
v -0.0049652 0.8277686 0.0132546
v 0.2687915 0.8073039 0.0337194
v 0.2748572 0.8082365 0.0325293
v 0.2800404 0.8104539 0.0298281
v 0.2837158 0.8136887 0.0259414
v -0.0173748 0.8341905 0.0001992
v -0.0147538 0.8287206 0.0017125
v -0.0103532 0.8244772 0.0030192
v -0.0047039 0.8219721 0.0039618
v 0.2690528 0.8015074 0.0244265
v 0.2750870 0.8031391 0.0243573
v 0.2802110 0.8066705 0.0237626
v 0.2838066 0.8116756 0.0227140
v -0.0170724 0.8344523 -0.0035846
v -0.0141854 0.8292127 -0.0053987
v -0.0095874 0.8251402 -0.0065616
v -0.0038331 0.8227260 -0.0069331
v 0.2699236 0.8022613 0.0135316
v 0.2758528 0.8038021 0.0147765
v 0.2807794 0.8071626 0.0166515
v 0.2841090 0.8119374 0.0189303
v -0.0166739 0.8368891 -0.0064794
v -0.0134363 0.8337923 -0.0108392
v -0.0085782 0.8313103 -0.0138917
v -0.0026854 0.8297423 -0.0152685
v 0.2710713 0.8092776 0.0051962
v 0.2768620 0.8099721 0.0074465
v 0.2815284 0.8117421 0.0112109
v 0.2845076 0.8143742 0.0160354
v 0.2559330 0.8250416 0.0076946
v 0.2612689 0.8254765 0.0044669
v 0.2673612 0.8251168 0.0031127
v 0.2734750 0.8240060 0.0037953
v 0.2788730 0.8222780 0.0064325
v 0.3583641 0.7801412 0.0907061
v 0.3605420 0.7778533 0.0961007
v 0.3606041 0.7756904 0.1019656
v 0.3585429 0.7739132 0.1075934
v 0.3546070 0.7727362 0.1123054
v 0.2608572 0.8286901 0.0064620
v 0.2665875 0.8311564 0.0068622
v 0.2724327 0.8321431 0.0088470
v 0.2776877 0.8315311 0.0121771
v 0.3571788 0.7893943 0.0964507
v 0.3594997 0.7859904 0.1011524
v 0.3598305 0.7817299 0.1057151
v 0.3581313 0.7771268 0.1095885
v 0.2588321 0.8303683 0.0092114
v 0.2627815 0.8343104 0.0120293
v 0.2673048 0.8363925 0.0158087
v 0.2718565 0.8363634 0.0200936
v 0.3513476 0.7942266 0.1043672
v 0.3543718 0.7902399 0.1081140
v 0.3560244 0.7848840 0.1108822
v 0.3561061 0.7788051 0.1123378
v 0.2559669 0.8298702 0.0116648
v 0.2573967 0.8333743 0.0166404
v 0.2600500 0.8351313 0.0220211
v 0.2636066 0.8349292 0.0271581
v 0.3430977 0.7927923 0.1114317
v 0.3471170 0.7889786 0.1143265
v 0.3506397 0.7839479 0.1154933
v 0.3532410 0.7783069 0.1147913
v 0.2533562 0.8273860 0.0128853
v 0.2524902 0.8287055 0.0189341
v 0.2534394 0.8288410 0.0251115
v 0.2560893 0.8277761 0.0306723
v 0.3355804 0.7856393 0.1149459
v 0.3405064 0.7826883 0.1174168
v 0.3457331 0.7792791 0.1177870
v 0.3506302 0.7758227 0.1160118
v 0.2519971 0.8238645 0.0124066
v 0.2499359 0.8220874 0.0180344
v 0.2499980 0.8199244 0.0238993
v 0.2521759 0.8176366 0.0292939
v 0.3316670 0.7754998 0.1135675
v 0.3370650 0.7737718 0.1162047
v 0.3431788 0.7726609 0.1168873
v 0.3492711 0.7723013 0.1155331
v 0.2524087 0.8206510 0.0104115
v 0.2507095 0.8160478 0.0142849
v 0.2510403 0.8117874 0.0188476
v 0.2533612 0.8083835 0.0235493
v 0.3328523 0.7662467 0.1078229
v 0.3381073 0.7656347 0.1111530
v 0.3439525 0.7666214 0.1131378
v 0.3496828 0.7690877 0.1135380
v 0.2544339 0.8189727 0.0076622
v 0.2545156 0.8128938 0.0091178
v 0.2561682 0.8075379 0.0118860
v 0.2591924 0.8035512 0.0156328
v 0.3386835 0.7614144 0.0999064
v 0.3432352 0.7613852 0.1041913
v 0.3477585 0.7634673 0.1079707
v 0.3517079 0.7674095 0.1107886
v 0.2572990 0.8194708 0.0052087
v 0.2599003 0.8138299 0.0045067
v 0.2634230 0.8087992 0.0056735
v 0.2674423 0.8049854 0.0085683
v 0.3469334 0.7628486 0.0928419
v 0.3504900 0.7626465 0.0979789
v 0.3531433 0.7644035 0.1033596
v 0.3545731 0.7679076 0.1083352
v 0.2599098 0.8219551 0.0039882
v 0.2648069 0.8184987 0.0022130
v 0.2700336 0.8150894 0.0025832
v 0.2749596 0.8121384 0.0050541
v 0.3544507 0.7700016 0.0893277
v 0.3571006 0.7689368 0.0948885
v 0.3580498 0.7690723 0.1010659
v 0.3571838 0.7703918 0.1071147
v 0.0179002 0.8402270 -0.0013381
v 0.0173101 0.8397227 0.0048648
v 0.0146320 0.8391178 0.0104810
v 0.0101892 0.8384853 0.0148330
v 0.0045173 0.8379014 0.0173959
v -0.2692394 0.8174367 0.0378607
v -0.2752511 0.8171471 0.0361711
v -0.2803327 0.8170676 0.0325311
v -0.2838714 0.8172078 0.0273797
v -0.2854402 0.8175508 0.0213381
v 0.0169676 0.8434036 0.0039646
v 0.0139884 0.8460356 0.0087891
v 0.0093220 0.8478057 0.0125535
v 0.0035313 0.8485002 0.0148038
v -0.2702254 0.8280355 0.0352685
v -0.2761182 0.8264675 0.0338917
v -0.2809763 0.8239855 0.0308392
v -0.2842139 0.8208887 0.0264794
v 0.0165690 0.8458403 0.0010697
v 0.0132394 0.8506152 0.0033485
v 0.0083128 0.8539757 0.0052235
v 0.0023836 0.8555165 0.0064684
v -0.2713731 0.8350518 0.0269331
v -0.2771274 0.8326376 0.0265616
v -0.2817254 0.8285651 0.0253987
v -0.2846124 0.8233255 0.0235846
v 0.0162666 0.8461022 -0.0027140
v 0.0126710 0.8511073 -0.0037626
v 0.0075470 0.8546387 -0.0043573
v 0.0015128 0.8562704 -0.0044265
v -0.2722439 0.8358057 0.0160382
v -0.2778932 0.8333005 0.0169808
v -0.2822938 0.8290571 0.0182875
v -0.2849148 0.8235873 0.0198008
v 0.0161758 0.8440891 -0.0059414
v 0.0125004 0.8473239 -0.0098281
v 0.0073172 0.8495413 -0.0125293
v 0.0012515 0.8504739 -0.0137194
v -0.2725052 0.8300092 0.0067454
v -0.2781230 0.8282032 0.0088088
v -0.2824644 0.8252737 0.0122221
v -0.2850056 0.8215742 0.0165734
v 0.0163314 0.8405700 -0.0073797
v 0.0127927 0.8407101 -0.0125311
v 0.0077111 0.8406306 -0.0161711
v 0.0016994 0.8403411 -0.0178607
v -0.2720573 0.8198763 0.0026041
v -0.2777292 0.8192925 0.0051670
v -0.2821720 0.8186600 0.0095190
v -0.2848501 0.8180551 0.0151352
v 0.0166739 0.8368891 -0.0064794
v 0.0134363 0.8337923 -0.0108392
v 0.0085782 0.8313103 -0.0138917
v 0.0026854 0.8297423 -0.0152685
v -0.2710713 0.8092776 0.0051962
v -0.2768620 0.8099721 0.0074465
v -0.2815284 0.8117421 0.0112109
v -0.2845076 0.8143742 0.0160354
v 0.0170724 0.8344523 -0.0035846
v 0.0141854 0.8292127 -0.0053987
v 0.0095874 0.8251402 -0.0065616
v 0.0038331 0.8227260 -0.0069331
v -0.2699236 0.8022613 0.0135316
v -0.2758528 0.8038021 0.0147765
v -0.2807794 0.8071626 0.0166515
v -0.2841090 0.8119374 0.0189303
v 0.0173748 0.8341905 0.0001992
v 0.0147538 0.8287206 0.0017125
v 0.0103532 0.8244772 0.0030192
v 0.0047039 0.8219721 0.0039618
v -0.2690528 0.8015074 0.0244265
v -0.2750870 0.8031391 0.0243573
v -0.2802110 0.8066705 0.0237626
v -0.2838066 0.8116756 0.0227140
v 0.0174656 0.8362036 0.0034266
v 0.0149244 0.8325040 0.0077779
v 0.0105830 0.8295746 0.0111912
v 0.0049652 0.8277686 0.0132546
v -0.2687915 0.8073039 0.0337194
v -0.2748572 0.8082365 0.0325293
v -0.2800404 0.8104539 0.0298281
v -0.2837158 0.8136887 0.0259414
v -0.2559330 0.8250416 0.0076946
v -0.2519971 0.8238645 0.0124066
v -0.2499359 0.8220874 0.0180344
v -0.2499980 0.8199244 0.0238993
v -0.2521759 0.8176366 0.0292939
v -0.3316670 0.7754998 0.1135675
v -0.3370650 0.7737718 0.1162047
v -0.3431788 0.7726609 0.1168873
v -0.3492711 0.7723013 0.1155331
v -0.3546070 0.7727362 0.1123054
v -0.2533562 0.8273860 0.0128853
v -0.2524902 0.8287055 0.0189341
v -0.2534394 0.8288410 0.0251115
v -0.2560893 0.8277761 0.0306723
v -0.3355804 0.7856393 0.1149459
v -0.3405064 0.7826883 0.1174168
v -0.3457331 0.7792791 0.1177870
v -0.3506302 0.7758227 0.1160118
v -0.2559669 0.8298702 0.0116648
v -0.2573967 0.8333743 0.0166404
v -0.2600500 0.8351313 0.0220211
v -0.2636066 0.8349292 0.0271581
v -0.3430977 0.7927923 0.1114317
v -0.3471170 0.7889786 0.1143265
v -0.3506397 0.7839479 0.1154933
v -0.3532410 0.7783069 0.1147913
v -0.2588321 0.8303683 0.0092114
v -0.2627815 0.8343104 0.0120293
v -0.2673048 0.8363925 0.0158087
v -0.2718565 0.8363634 0.0200936
v -0.3513476 0.7942266 0.1043672
v -0.3543718 0.7902399 0.1081140
v -0.3560244 0.7848840 0.1108822
v -0.3561061 0.7788051 0.1123378
v -0.2608572 0.8286901 0.0064620
v -0.2665875 0.8311564 0.0068622
v -0.2724327 0.8321431 0.0088470
v -0.2776877 0.8315311 0.0121771
v -0.3571788 0.7893943 0.0964507
v -0.3594997 0.7859904 0.1011524
v -0.3598305 0.7817299 0.1057151
v -0.3581313 0.7771268 0.1095885
v -0.2612689 0.8254765 0.0044669
v -0.2673612 0.8251168 0.0031127
v -0.2734750 0.8240060 0.0037953
v -0.2788730 0.8222780 0.0064325
v -0.3583641 0.7801412 0.0907061
v -0.3605420 0.7778533 0.0961007
v -0.3606041 0.7756904 0.1019656
v -0.3585429 0.7739132 0.1075934
v -0.2599098 0.8219551 0.0039882
v -0.2648069 0.8184987 0.0022130
v -0.2700336 0.8150894 0.0025832
v -0.2749596 0.8121384 0.0050541
v -0.3544507 0.7700016 0.0893277
v -0.3571006 0.7689368 0.0948885
v -0.3580498 0.7690723 0.1010659
v -0.3571838 0.7703918 0.1071147
v -0.2572990 0.8194708 0.0052087
v -0.2599003 0.8138299 0.0045067
v -0.2634230 0.8087992 0.0056735
v -0.2674423 0.8049854 0.0085683
v -0.3469334 0.7628486 0.0928419
v -0.3504900 0.7626465 0.0979789
v -0.3531433 0.7644035 0.1033596
v -0.3545731 0.7679076 0.1083352
v -0.2544339 0.8189727 0.0076622
v -0.2545156 0.8128938 0.0091178
v -0.2561682 0.8075379 0.0118860
v -0.2591924 0.8035512 0.0156328
v -0.3386835 0.7614144 0.0999064
v -0.3432352 0.7613852 0.1041913
v -0.3477585 0.7634673 0.1079707
v -0.3517079 0.7674095 0.1107886
v -0.2524087 0.8206510 0.0104115
v -0.2507095 0.8160478 0.0142849
v -0.2510403 0.8117874 0.0188476
v -0.2533612 0.8083835 0.0235493
v -0.3328523 0.7662467 0.1078229
v -0.3381073 0.7656347 0.1111530
v -0.3439525 0.7666214 0.1131378
v -0.3496828 0.7690877 0.1135380
v -0.0179002 0.7624492 -0.0013381
v -0.0163314 0.7627922 -0.0073797
v -0.0127927 0.7629324 -0.0125311
v -0.0077111 0.7628529 -0.0161711
v -0.0016994 0.7625633 -0.0178607
v 0.2720573 0.7420986 0.0026041
v 0.2777292 0.7415147 0.0051670
v 0.2821720 0.7408822 0.0095190
v 0.2848501 0.7402773 0.0151352
v 0.2854402 0.7397730 0.0213381
v -0.0161758 0.7663113 -0.0059414
v -0.0125004 0.7695461 -0.0098281
v -0.0073172 0.7717635 -0.0125293
v -0.0012515 0.7726961 -0.0137194
v 0.2725052 0.7522314 0.0067454
v 0.2781230 0.7504254 0.0088088
v 0.2824644 0.7474960 0.0122221
v 0.2850056 0.7437964 0.0165734
v -0.0162666 0.7683244 -0.0027140
v -0.0126710 0.7733295 -0.0037626
v -0.0075470 0.7768609 -0.0043573
v -0.0015128 0.7784926 -0.0044265
v 0.2722439 0.7580279 0.0160382
v 0.2778932 0.7555228 0.0169808
v 0.2822938 0.7512794 0.0182875
v 0.2849148 0.7458095 0.0198008
v -0.0165690 0.7680626 0.0010697
v -0.0132394 0.7728374 0.0033485
v -0.0083128 0.7761979 0.0052235
v -0.0023836 0.7777387 0.0064684
v 0.2713731 0.7572740 0.0269331
v 0.2771274 0.7548598 0.0265616
v 0.2817254 0.7507873 0.0253987
v 0.2846124 0.7455477 0.0235846
v -0.0169676 0.7656258 0.0039646
v -0.0139884 0.7682579 0.0087891
v -0.0093220 0.7700279 0.0125535
v -0.0035313 0.7707224 0.0148038
v 0.2702254 0.7502577 0.0352685
v 0.2761182 0.7486897 0.0338917
v 0.2809763 0.7462077 0.0308392
v 0.2842139 0.7431109 0.0264794
v -0.0173101 0.7619449 0.0048648
v -0.0146320 0.7613400 0.0104810
v -0.0101892 0.7607075 0.0148330
v -0.0045173 0.7601237 0.0173959
v 0.2692394 0.7396589 0.0378607
v 0.2752511 0.7393694 0.0361711
v 0.2803327 0.7392899 0.0325311
v 0.2838714 0.7394300 0.0273797
v -0.0174656 0.7584258 0.0034266
v -0.0149244 0.7547263 0.0077779
v -0.0105830 0.7517968 0.0111912
v -0.0049652 0.7499908 0.0132546
v 0.2687915 0.7295261 0.0337194
v 0.2748572 0.7304587 0.0325293
v 0.2800404 0.7326761 0.0298281
v 0.2837158 0.7359109 0.0259414
v -0.0173748 0.7564127 0.0001992
v -0.0147538 0.7509429 0.0017125
v -0.0103532 0.7466995 0.0030192
v -0.0047039 0.7441943 0.0039618
v 0.2690528 0.7237296 0.0244265
v 0.2750870 0.7253613 0.0243573
v 0.2802110 0.7288927 0.0237626
v 0.2838066 0.7338978 0.0227140
v -0.0170724 0.7566745 -0.0035846
v -0.0141854 0.7514349 -0.0053987
v -0.0095874 0.7473624 -0.0065616
v -0.0038331 0.7449482 -0.0069331
v 0.2699236 0.7244835 0.0135316
v 0.2758528 0.7260243 0.0147765
v 0.2807794 0.7293848 0.0166515
v 0.2841090 0.7341597 0.0189303
v -0.0166739 0.7591113 -0.0064794
v -0.0134363 0.7560145 -0.0108392
v -0.0085782 0.7535325 -0.0138917
v -0.0026854 0.7519645 -0.0152685
v 0.2710713 0.7314998 0.0051962
v 0.2768620 0.7321943 0.0074465
v 0.2815284 0.7339644 0.0112109
v 0.2845076 0.7365964 0.0160354
v 0.2559330 0.7472638 0.0076946
v 0.2612689 0.7476987 0.0044669
v 0.2673612 0.7473391 0.0031127
v 0.2734750 0.7462282 0.0037953
v 0.2788730 0.7445002 0.0064325
v 0.3583641 0.7023634 0.0907061
v 0.3605420 0.7000756 0.0961007
v 0.3606041 0.6979126 0.1019656
v 0.3585429 0.6961355 0.1075934
v 0.3546070 0.6949584 0.1123054
v 0.2608572 0.7509123 0.0064620
v 0.2665875 0.7533786 0.0068622
v 0.2724327 0.7543653 0.0088470
v 0.2776877 0.7537533 0.0121771
v 0.3571788 0.7116165 0.0964507
v 0.3594997 0.7082126 0.1011524
v 0.3598305 0.7039522 0.1057151
v 0.3581313 0.6993490 0.1095885
v 0.2588321 0.7525905 0.0092114
v 0.2627815 0.7565327 0.0120293
v 0.2673048 0.7586148 0.0158087
v 0.2718565 0.7585856 0.0200936
v 0.3513476 0.7164488 0.1043672
v 0.3543718 0.7124621 0.1081140
v 0.3560244 0.7071062 0.1108822
v 0.3561061 0.7010273 0.1123378
v 0.2559669 0.7520924 0.0116648
v 0.2573967 0.7555965 0.0166404
v 0.2600500 0.7573535 0.0220211
v 0.2636066 0.7571514 0.0271581
v 0.3430977 0.7150146 0.1114317
v 0.3471170 0.7112008 0.1143265
v 0.3506397 0.7061701 0.1154933
v 0.3532410 0.7005292 0.1147913
v 0.2533562 0.7496082 0.0128853
v 0.2524902 0.7509277 0.0189341
v 0.2534394 0.7510632 0.0251115
v 0.2560893 0.7499984 0.0306723
v 0.3355804 0.7078616 0.1149459
v 0.3405064 0.7049106 0.1174168
v 0.3457331 0.7015013 0.1177870
v 0.3506302 0.6980449 0.1160118
v 0.2519971 0.7460868 0.0124066
v 0.2499359 0.7443096 0.0180344
v 0.2499980 0.7421467 0.0238993
v 0.2521759 0.7398588 0.0292939
v 0.3316670 0.6977220 0.1135675
v 0.3370650 0.6959940 0.1162047
v 0.3431788 0.6948832 0.1168873
v 0.3492711 0.6945235 0.1155331
v 0.2524087 0.7428732 0.0104115
v 0.2507095 0.7382701 0.0142849
v 0.2510403 0.7340096 0.0188476
v 0.2533612 0.7306057 0.0235493
v 0.3328523 0.6884689 0.1078229
v 0.3381073 0.6878569 0.1111530
v 0.3439525 0.6888436 0.1131378
v 0.3496828 0.6913099 0.1135380
v 0.2544339 0.7411949 0.0076622
v 0.2545156 0.7351160 0.0091178
v 0.2561682 0.7297601 0.0118860
v 0.2591924 0.7257734 0.0156328
v 0.3386835 0.6836366 0.0999064
v 0.3432352 0.6836075 0.1041913
v 0.3477585 0.6856896 0.1079707
v 0.3517079 0.6896317 0.1107886
v 0.2572990 0.7416931 0.0052087
v 0.2599003 0.7360521 0.0045067
v 0.2634230 0.7310214 0.0056735
v 0.2674423 0.7272077 0.0085683
v 0.3469334 0.6850708 0.0928419
v 0.3504900 0.6848687 0.0979789
v 0.3531433 0.6866257 0.1033596
v 0.3545731 0.6901298 0.1083352
v 0.2599098 0.7441773 0.0039882
v 0.2648069 0.7407209 0.0022130
v 0.2700336 0.7373117 0.0025832
v 0.2749596 0.7343607 0.0050541
v 0.3544507 0.6922239 0.0893277
v 0.3571006 0.6911590 0.0948885
v 0.3580498 0.6912945 0.1010659
v 0.3571838 0.6926140 0.1071147
v 0.0179002 0.7624492 -0.0013381
v 0.0173101 0.7619449 0.0048648
v 0.0146320 0.7613400 0.0104810
v 0.0101892 0.7607075 0.0148330
v 0.0045173 0.7601237 0.0173959
v -0.2692394 0.7396589 0.0378607
v -0.2752511 0.7393694 0.0361711
v -0.2803327 0.7392899 0.0325311
v -0.2838714 0.7394300 0.0273797
v -0.2854402 0.7397730 0.0213381
v 0.0169676 0.7656258 0.0039646
v 0.0139884 0.7682579 0.0087891
v 0.0093220 0.7700279 0.0125535
v 0.0035313 0.7707224 0.0148038
v -0.2702254 0.7502577 0.0352685
v -0.2761182 0.7486897 0.0338917
v -0.2809763 0.7462077 0.0308392
v -0.2842139 0.7431109 0.0264794
v 0.0165690 0.7680626 0.0010697
v 0.0132394 0.7728374 0.0033485
v 0.0083128 0.7761979 0.0052235
v 0.0023836 0.7777387 0.0064684
v -0.2713731 0.7572740 0.0269331
v -0.2771274 0.7548598 0.0265616
v -0.2817254 0.7507873 0.0253987
v -0.2846124 0.7455477 0.0235846
v 0.0162666 0.7683244 -0.0027140
v 0.0126710 0.7733295 -0.0037626
v 0.0075470 0.7768609 -0.0043573
v 0.0015128 0.7784926 -0.0044265
v -0.2722439 0.7580279 0.0160382
v -0.2778932 0.7555228 0.0169808
v -0.2822938 0.7512794 0.0182875
v -0.2849148 0.7458095 0.0198008
v 0.0161758 0.7663113 -0.0059414
v 0.0125004 0.7695461 -0.0098281
v 0.0073172 0.7717635 -0.0125293
v 0.0012515 0.7726961 -0.0137194
v -0.2725052 0.7522314 0.0067454
v -0.2781230 0.7504254 0.0088088
v -0.2824644 0.7474960 0.0122221
v -0.2850056 0.7437964 0.0165734
v 0.0163314 0.7627922 -0.0073797
v 0.0127927 0.7629324 -0.0125311
v 0.0077111 0.7628529 -0.0161711
v 0.0016994 0.7625633 -0.0178607
v -0.2720573 0.7420986 0.0026041
v -0.2777292 0.7415147 0.0051670
v -0.2821720 0.7408822 0.0095190
v -0.2848501 0.7402773 0.0151352
v 0.0166739 0.7591113 -0.0064794
v 0.0134363 0.7560145 -0.0108392
v 0.0085782 0.7535325 -0.0138917
v 0.0026854 0.7519645 -0.0152685
v -0.2710713 0.7314998 0.0051962
v -0.2768620 0.7321943 0.0074465
v -0.2815284 0.7339644 0.0112109
v -0.2845076 0.7365964 0.0160354
v 0.0170724 0.7566745 -0.0035846
v 0.0141854 0.7514349 -0.0053987
v 0.0095874 0.7473624 -0.0065616
v 0.0038331 0.7449482 -0.0069331
v -0.2699236 0.7244835 0.0135316
v -0.2758528 0.7260243 0.0147765
v -0.2807794 0.7293848 0.0166515
v -0.2841090 0.7341597 0.0189303
v 0.0173748 0.7564127 0.0001992
v 0.0147538 0.7509429 0.0017125
v 0.0103532 0.7466995 0.0030192
v 0.0047039 0.7441943 0.0039618
v -0.2690528 0.7237296 0.0244265
v -0.2750870 0.7253613 0.0243573
v -0.2802110 0.7288927 0.0237626
v -0.2838066 0.7338978 0.0227140
v 0.0174656 0.7584258 0.0034266
v 0.0149244 0.7547263 0.0077779
v 0.0105830 0.7517968 0.0111912
v 0.0049652 0.7499908 0.0132546
v -0.2687915 0.7295261 0.0337194
v -0.2748572 0.7304587 0.0325293
v -0.2800404 0.7326761 0.0298281
v -0.2837158 0.7359109 0.0259414
v -0.2559330 0.7472638 0.0076946
v -0.2519971 0.7460868 0.0124066
v -0.2499359 0.7443096 0.0180344
v -0.2499980 0.7421467 0.0238993
v -0.2521759 0.7398588 0.0292939
v -0.3316670 0.6977220 0.1135675
v -0.3370650 0.6959940 0.1162047
v -0.3431788 0.6948832 0.1168873
v -0.3492711 0.6945235 0.1155331
v -0.3546070 0.6949584 0.1123054
v -0.2533562 0.7496082 0.0128853
v -0.2524902 0.7509277 0.0189341
v -0.2534394 0.7510632 0.0251115
v -0.2560893 0.7499984 0.0306723
v -0.3355804 0.7078616 0.1149459
v -0.3405064 0.7049106 0.1174168
v -0.3457331 0.7015013 0.1177870
v -0.3506302 0.6980449 0.1160118
v -0.2559669 0.7520924 0.0116648
v -0.2573967 0.7555965 0.0166404
v -0.2600500 0.7573535 0.0220211
v -0.2636066 0.7571514 0.0271581
v -0.3430977 0.7150146 0.1114317
v -0.3471170 0.7112008 0.1143265
v -0.3506397 0.7061701 0.1154933
v -0.3532410 0.7005292 0.1147913
v -0.2588321 0.7525905 0.0092114
v -0.2627815 0.7565327 0.0120293
v -0.2673048 0.7586148 0.0158087
v -0.2718565 0.7585856 0.0200936
v -0.3513476 0.7164488 0.1043672
v -0.3543718 0.7124621 0.1081140
v -0.3560244 0.7071062 0.1108822
v -0.3561061 0.7010273 0.1123378
v -0.2608572 0.7509123 0.0064620
v -0.2665875 0.7533786 0.0068622
v -0.2724327 0.7543653 0.0088470
v -0.2776877 0.7537533 0.0121771
v -0.3571788 0.7116165 0.0964507
v -0.3594997 0.7082126 0.1011524
v -0.3598305 0.7039522 0.1057151
v -0.3581313 0.6993490 0.1095885
v -0.2612689 0.7476987 0.0044669
v -0.2673612 0.7473391 0.0031127
v -0.2734750 0.7462282 0.0037953
v -0.2788730 0.7445002 0.0064325
v -0.3583641 0.7023634 0.0907061
v -0.3605420 0.7000756 0.0961007
v -0.3606041 0.6979126 0.1019656
v -0.3585429 0.6961355 0.1075934
v -0.2599098 0.7441773 0.0039882
v -0.2648069 0.7407209 0.0022130
v -0.2700336 0.7373117 0.0025832
v -0.2749596 0.7343607 0.0050541
v -0.3544507 0.6922239 0.0893277
v -0.3571006 0.6911590 0.0948885
v -0.3580498 0.6912945 0.1010659
v -0.3571838 0.6926140 0.1071147
v -0.2572990 0.7416931 0.0052087
v -0.2599003 0.7360521 0.0045067
v -0.2634230 0.7310214 0.0056735
v -0.2674423 0.7272077 0.0085683
v -0.3469334 0.6850708 0.0928419
v -0.3504900 0.6848687 0.0979789
v -0.3531433 0.6866257 0.1033596
v -0.3545731 0.6901298 0.1083352
v -0.2544339 0.7411949 0.0076622
v -0.2545156 0.7351160 0.0091178
v -0.2561682 0.7297601 0.0118860
v -0.2591924 0.7257734 0.0156328
v -0.3386835 0.6836366 0.0999064
v -0.3432352 0.6836075 0.1041913
v -0.3477585 0.6856896 0.1079707
v -0.3517079 0.6896317 0.1107886
v -0.2524087 0.7428732 0.0104115
v -0.2507095 0.7382701 0.0142849
v -0.2510403 0.7340096 0.0188476
v -0.2533612 0.7306057 0.0235493
v -0.3328523 0.6884689 0.1078229
v -0.3381073 0.6878569 0.1111530
v -0.3439525 0.6888436 0.1131378
v -0.3496828 0.6913099 0.1135380
v -0.0178917 0.6847277 -0.0013944
v -0.0163014 0.6850836 -0.0074296
v -0.0127451 0.6852284 -0.0125687
v -0.0076514 0.6851446 -0.0161918
v -0.0016349 0.6848423 -0.0178620
v 0.2611988 0.6643580 0.0026223
v 0.2668602 0.6637502 0.0052026
v 0.2712866 0.6630920 0.0095676
v 0.2739439 0.6624630 0.0151910
v 0.2745117 0.6619389 0.0213944
v -0.0161405 0.6885981 -0.0059806
v -0.0124425 0.6918334 -0.0098455
v -0.0072438 0.6940434 -0.0125228
v -0.0011714 0.6949617 -0.0136897
v 0.2616623 0.6744774 0.0067945
v 0.2672678 0.6726490 0.0088716
v 0.2715891 0.6696970 0.0122909
v 0.2741048 0.6659774 0.0166400
v -0.0162363 0.6906020 -0.0027477
v -0.0126225 0.6955996 -0.0037696
v -0.0074863 0.6991177 -0.0043368
v -0.0014472 0.7007320 -0.0043810
v 0.2613865 0.6802477 0.0161033
v 0.2670253 0.6777233 0.0170576
v 0.2714091 0.6734633 0.0183668
v 0.2740091 0.6679814 0.0198729
v -0.0165522 0.6903301 0.0010342
v -0.0132163 0.6950886 0.0033381
v -0.0082863 0.6984292 0.0052394
v -0.0023569 0.6999490 0.0065087
v 0.2604768 0.6794648 0.0269930
v 0.2662253 0.6770348 0.0266338
v 0.2708153 0.6729522 0.0254745
v 0.2736931 0.6677095 0.0236549
v -0.0169676 0.6878862 0.0039206
v -0.0139970 0.6904955 0.0087628
v -0.0093382 0.6922409 0.0125480
v -0.0035531 0.6929120 0.0148198
v 0.2592806 0.6724277 0.0353040
v 0.2651734 0.6708465 0.0339424
v 0.2700346 0.6683591 0.0308991
v 0.2732777 0.6652655 0.0265413
v -0.0173239 0.6842037 0.0048090
v -0.0146666 0.6835747 0.0104324
v -0.0102402 0.6829165 0.0147974
v -0.0045788 0.6823086 0.0173777
v 0.2582549 0.6618244 0.0378620
v 0.2642714 0.6615221 0.0361918
v 0.2693651 0.6614383 0.0325687
v 0.2729214 0.6615831 0.0274296
v -0.0174848 0.6806892 0.0033600
v -0.0149691 0.6769697 0.0077091
v -0.0106478 0.6740176 0.0111284
v -0.0050423 0.6721892 0.0132055
v 0.2577914 0.6517050 0.0336897
v 0.2638638 0.6526232 0.0325228
v 0.2690625 0.6548333 0.0298455
v 0.2727605 0.6580686 0.0259806
v -0.0173891 0.6786853 0.0001271
v -0.0147891 0.6732034 0.0016332
v -0.0104053 0.6689434 0.0029424
v -0.0047665 0.6664190 0.0038967
v 0.2580672 0.6459347 0.0243810
v 0.2641063 0.6475489 0.0243368
v 0.2692425 0.6510670 0.0237696
v 0.2728563 0.6560646 0.0227477
v -0.0170731 0.6789572 -0.0036549
v -0.0141953 0.6737144 -0.0054745
v -0.0096053 0.6696319 -0.0066338
v -0.0038568 0.6672019 -0.0069930
v 0.2589769 0.6467176 0.0134913
v 0.2649063 0.6482375 0.0147606
v 0.2698363 0.6515781 0.0166619
v 0.2731722 0.6563365 0.0189658
v -0.0166577 0.6814011 -0.0065413
v -0.0134146 0.6783076 -0.0108991
v -0.0085534 0.6758202 -0.0139424
v -0.0026606 0.6742390 -0.0153040
v 0.2601731 0.6537547 0.0051802
v 0.2659582 0.6544258 0.0074520
v 0.2706170 0.6561712 0.0112372
v 0.2735876 0.6587805 0.0160794
v 0.2452969 0.6695909 0.0074848
v 0.2506991 0.6700077 0.0043668
v 0.2568154 0.6696195 0.0031345
v 0.2629082 0.6684730 0.0039363
v 0.2682425 0.6667066 0.0066757
v 0.3445550 0.6245334 0.0910222
v 0.3466113 0.6222154 0.0964515
v 0.3465434 0.6200323 0.1023088
v 0.3443596 0.6182473 0.1078877
v 0.3403231 0.6170757 0.1125152
v 0.2502646 0.6732167 0.0063645
v 0.2559988 0.6756504 0.0068888
v 0.2618080 0.6765984 0.0089945
v 0.2669914 0.6759465 0.0124276
v 0.3433039 0.6337733 0.0967741
v 0.3455111 0.6303408 0.1015096
v 0.3457268 0.6260632 0.1060631
v 0.3439251 0.6214563 0.1098853
v 0.2481934 0.6748966 0.0090783
v 0.2521063 0.6788076 0.0119891
v 0.2565636 0.6808521 0.0158662
v 0.2610277 0.6807837 0.0202418
v 0.3373402 0.6386104 0.1045883
v 0.3402667 0.6345945 0.1083813
v 0.3418343 0.6292204 0.1111635
v 0.3418539 0.6231362 0.1125992
v 0.2452767 0.6744058 0.0114718
v 0.2466247 0.6778851 0.0164874
v 0.2491782 0.6796093 0.0219267
v 0.2526294 0.6793704 0.0271335
v 0.3289419 0.6371972 0.1114800
v 0.3328813 0.6333517 0.1144418
v 0.3363527 0.6282980 0.1156618
v 0.3389372 0.6226454 0.1149926
v 0.2426285 0.6719317 0.0126307
v 0.2416478 0.6732354 0.0186654
v 0.2424729 0.6733448 0.0248611
v 0.2450043 0.6722466 0.0304704
v 0.3213168 0.6300733 0.1148169
v 0.3261760 0.6270872 0.1173762
v 0.3313758 0.6236482 0.1178397
v 0.3362890 0.6201713 0.1161515
v 0.2412604 0.6684194 0.0121123
v 0.2390766 0.6666344 0.0176912
v 0.2390087 0.6644512 0.0235485
v 0.2410650 0.6621333 0.0289778
v 0.3173775 0.6199600 0.1133243
v 0.3227118 0.6181937 0.1160637
v 0.3288046 0.6170472 0.1168655
v 0.3349209 0.6166590 0.1156332
v 0.2416949 0.6652104 0.0101147
v 0.2398932 0.6606035 0.0139369
v 0.2401089 0.6563258 0.0184904
v 0.2423161 0.6528934 0.0232259
v 0.3186286 0.6107201 0.1075724
v 0.3238120 0.6100682 0.1110055
v 0.3296212 0.6110163 0.1131112
v 0.3353554 0.6134500 0.1136355
v 0.2437661 0.6635305 0.0074008
v 0.2437857 0.6574463 0.0088365
v 0.2453533 0.6520721 0.0116187
v 0.2482798 0.6480562 0.0154117
v 0.3245923 0.6058830 0.0997582
v 0.3290564 0.6058145 0.1041338
v 0.3335137 0.6078591 0.1080109
v 0.3374266 0.6117701 0.1109217
v 0.2466828 0.6640213 0.0050074
v 0.2492673 0.6583687 0.0043382
v 0.2527387 0.6533149 0.0055582
v 0.2566781 0.6494695 0.0085200
v 0.3329906 0.6072963 0.0928665
v 0.3364418 0.6070573 0.0980733
v 0.3389953 0.6087815 0.1035126
v 0.3403433 0.6122609 0.1085282
v 0.2493310 0.6664954 0.0038485
v 0.2542442 0.6630185 0.0021603
v 0.2594440 0.6595795 0.0026238
v 0.2643032 0.6565933 0.0051831
v 0.3406157 0.6144201 0.0895296
v 0.3431471 0.6133219 0.0951389
v 0.3439722 0.6134313 0.1013346
v 0.3429915 0.6147350 0.1073693
v 0.0178917 0.6847277 -0.0013944
v 0.0173239 0.6842037 0.0048090
v 0.0146666 0.6835747 0.0104324
v 0.0102402 0.6829165 0.0147974
v 0.0045788 0.6823086 0.0173777
v -0.2582549 0.6618244 0.0378620
v -0.2642714 0.6615221 0.0361918
v -0.2693651 0.6614383 0.0325687
v -0.2729214 0.6615831 0.0274296
v -0.2745117 0.6619389 0.0213944
v 0.0169676 0.6878862 0.0039206
v 0.0139970 0.6904955 0.0087628
v 0.0093382 0.6922409 0.0125480
v 0.0035531 0.6929120 0.0148198
v -0.2592806 0.6724277 0.0353040
v -0.2651734 0.6708465 0.0339424
v -0.2700346 0.6683591 0.0308991
v -0.2732777 0.6652655 0.0265413
v 0.0165522 0.6903301 0.0010342
v 0.0132163 0.6950886 0.0033381
v 0.0082863 0.6984292 0.0052394
v 0.0023569 0.6999490 0.0065087
v -0.2604768 0.6794648 0.0269930
v -0.2662253 0.6770348 0.0266338
v -0.2708153 0.6729522 0.0254745
v -0.2736931 0.6677095 0.0236549
v 0.0162363 0.6906020 -0.0027477
v 0.0126225 0.6955996 -0.0037696
v 0.0074863 0.6991177 -0.0043368
v 0.0014472 0.7007320 -0.0043810
v -0.2613865 0.6802477 0.0161033
v -0.2670253 0.6777233 0.0170576
v -0.2714091 0.6734633 0.0183668
v -0.2740091 0.6679814 0.0198729
v 0.0161405 0.6885981 -0.0059806
v 0.0124425 0.6918334 -0.0098455
v 0.0072438 0.6940434 -0.0125228
v 0.0011714 0.6949617 -0.0136897
v -0.2616623 0.6744774 0.0067945
v -0.2672678 0.6726490 0.0088716
v -0.2715891 0.6696970 0.0122909
v -0.2741048 0.6659774 0.0166400
v 0.0163014 0.6850836 -0.0074296
v 0.0127451 0.6852284 -0.0125687
v 0.0076514 0.6851446 -0.0161918
v 0.0016349 0.6848423 -0.0178620
v -0.2611988 0.6643580 0.0026223
v -0.2668602 0.6637502 0.0052026
v -0.2712866 0.6630920 0.0095676
v -0.2739439 0.6624630 0.0151910
v 0.0166577 0.6814011 -0.0065413
v 0.0134146 0.6783076 -0.0108991
v 0.0085534 0.6758202 -0.0139424
v 0.0026606 0.6742390 -0.0153040
v -0.2601731 0.6537547 0.0051802
v -0.2659582 0.6544258 0.0074520
v -0.2706170 0.6561712 0.0112372
v -0.2735876 0.6587805 0.0160794
v 0.0170731 0.6789572 -0.0036549
v 0.0141953 0.6737144 -0.0054745
v 0.0096053 0.6696319 -0.0066338
v 0.0038568 0.6672019 -0.0069930
v -0.2589769 0.6467176 0.0134913
v -0.2649063 0.6482375 0.0147606
v -0.2698363 0.6515781 0.0166619
v -0.2731722 0.6563365 0.0189658
v 0.0173891 0.6786853 0.0001271
v 0.0147891 0.6732034 0.0016332
v 0.0104053 0.6689434 0.0029424
v 0.0047665 0.6664190 0.0038967
v -0.2580672 0.6459347 0.0243810
v -0.2641063 0.6475489 0.0243368
v -0.2692425 0.6510670 0.0237696
v -0.2728563 0.6560646 0.0227477
v 0.0174848 0.6806892 0.0033600
v 0.0149691 0.6769697 0.0077091
v 0.0106478 0.6740176 0.0111284
v 0.0050423 0.6721892 0.0132055
v -0.2577914 0.6517050 0.0336897
v -0.2638638 0.6526232 0.0325228
v -0.2690625 0.6548333 0.0298455
v -0.2727605 0.6580686 0.0259806
v -0.2452969 0.6695909 0.0074848
v -0.2412604 0.6684194 0.0121123
v -0.2390766 0.6666344 0.0176912
v -0.2390087 0.6644512 0.0235485
v -0.2410650 0.6621333 0.0289778
v -0.3173775 0.6199600 0.1133243
v -0.3227118 0.6181937 0.1160637
v -0.3288046 0.6170472 0.1168655
v -0.3349209 0.6166590 0.1156332
v -0.3403231 0.6170757 0.1125152
v -0.2426285 0.6719317 0.0126307
v -0.2416478 0.6732354 0.0186654
v -0.2424729 0.6733448 0.0248611
v -0.2450043 0.6722466 0.0304704
v -0.3213168 0.6300733 0.1148169
v -0.3261760 0.6270872 0.1173762
v -0.3313758 0.6236482 0.1178397
v -0.3362890 0.6201713 0.1161515
v -0.2452767 0.6744058 0.0114718
v -0.2466247 0.6778851 0.0164874
v -0.2491782 0.6796093 0.0219267
v -0.2526294 0.6793704 0.0271335
v -0.3289419 0.6371972 0.1114800
v -0.3328813 0.6333517 0.1144418
v -0.3363527 0.6282980 0.1156618
v -0.3389372 0.6226454 0.1149926
v -0.2481934 0.6748966 0.0090783
v -0.2521063 0.6788076 0.0119891
v -0.2565636 0.6808521 0.0158662
v -0.2610277 0.6807837 0.0202418
v -0.3373402 0.6386104 0.1045883
v -0.3402667 0.6345945 0.1083813
v -0.3418343 0.6292204 0.1111635
v -0.3418539 0.6231362 0.1125992
v -0.2502646 0.6732167 0.0063645
v -0.2559988 0.6756504 0.0068888
v -0.2618080 0.6765984 0.0089945
v -0.2669914 0.6759465 0.0124276
v -0.3433039 0.6337733 0.0967741
v -0.3455111 0.6303408 0.1015096
v -0.3457268 0.6260632 0.1060631
v -0.3439251 0.6214563 0.1098853
v -0.2506991 0.6700077 0.0043668
v -0.2568154 0.6696195 0.0031345
v -0.2629082 0.6684730 0.0039363
v -0.2682425 0.6667066 0.0066757
v -0.3445550 0.6245334 0.0910222
v -0.3466113 0.6222154 0.0964515
v -0.3465434 0.6200323 0.1023088
v -0.3443596 0.6182473 0.1078877
v -0.2493310 0.6664954 0.0038485
v -0.2542442 0.6630185 0.0021603
v -0.2594440 0.6595795 0.0026238
v -0.2643032 0.6565933 0.0051831
v -0.3406157 0.6144201 0.0895296
v -0.3431471 0.6133219 0.0951389
v -0.3439722 0.6134313 0.1013346
v -0.3429915 0.6147350 0.1073693
v -0.2466828 0.6640213 0.0050074
v -0.2492673 0.6583687 0.0043382
v -0.2527387 0.6533149 0.0055582
v -0.2566781 0.6494695 0.0085200
v -0.3329906 0.6072963 0.0928665
v -0.3364418 0.6070573 0.0980733
v -0.3389953 0.6087815 0.1035126
v -0.3403433 0.6122609 0.1085282
v -0.2437661 0.6635305 0.0074008
v -0.2437857 0.6574463 0.0088365
v -0.2453533 0.6520721 0.0116187
v -0.2482798 0.6480562 0.0154117
v -0.3245923 0.6058830 0.0997582
v -0.3290564 0.6058145 0.1041338
v -0.3335137 0.6078591 0.1080109
v -0.3374266 0.6117701 0.1109217
v -0.2416949 0.6652104 0.0101147
v -0.2398932 0.6606035 0.0139369
v -0.2401089 0.6563258 0.0184904
v -0.2423161 0.6528934 0.0232259
v -0.3186286 0.6107201 0.1075724
v -0.3238120 0.6100682 0.1110055
v -0.3296212 0.6110163 0.1131112
v -0.3353554 0.6134500 0.1136355
v -0.0178819 0.6070111 -0.0014556
v -0.0162684 0.6073809 -0.0074838
v -0.0126927 0.6075306 -0.0126093
v -0.0075861 0.6074420 -0.0162140
v -0.0015644 0.6071258 -0.0178630
v 0.2503459 0.5866203 0.0026425
v 0.2559958 0.5859864 0.0052416
v 0.2604040 0.5853005 0.0096208
v 0.2630386 0.5846453 0.0152518
v 0.2635819 0.5841000 0.0214556
v -0.0161016 0.6108903 -0.0060231
v -0.0123793 0.6141260 -0.0098642
v -0.0071638 0.6163279 -0.0125154
v -0.0010843 0.6172306 -0.0136572
v 0.2508261 0.5967251 0.0068484
v 0.2564181 0.5948723 0.0089402
v 0.2607174 0.5918959 0.0123659
v 0.2632053 0.5881547 0.0167125
v -0.0162030 0.6128844 -0.0027843
v -0.0125697 0.6178737 -0.0037771
v -0.0074204 0.6213772 -0.0043144
v -0.0013760 0.6229724 -0.0043313
v 0.2505343 0.6024669 0.0161742
v 0.2561615 0.5999216 0.0171412
v 0.2605270 0.5956436 0.0184530
v 0.2631040 0.5901488 0.0199513
v -0.0165337 0.6126016 0.0009956
v -0.0131912 0.6173422 0.0033267
v -0.0082577 0.6206611 0.0052566
v -0.0023282 0.6221581 0.0065524
v 0.2495821 0.6016526 0.0270579
v 0.2553242 0.5992055 0.0267122
v 0.2599054 0.5951121 0.0255568
v 0.2627733 0.5898660 0.0237312
v -0.0169674 0.6101499 0.0038727
v -0.0140064 0.6127345 0.0087340
v -0.0093561 0.6144532 0.0125417
v -0.0035772 0.6150988 0.0148368
v 0.2483331 0.5945933 0.0353423
v 0.2542258 0.5929977 0.0339973
v 0.2590902 0.5905044 0.0309641
v 0.2623396 0.5874143 0.0266084
v -0.0173386 0.6064658 0.0047482
v -0.0147040 0.6058106 0.0103792
v -0.0102958 0.6051247 0.0147584
v -0.0046459 0.6044908 0.0173575
v 0.2472644 0.5839853 0.0378630
v 0.2532861 0.5836691 0.0362140
v 0.2583927 0.5835806 0.0326093
v 0.2619684 0.5837302 0.0274838
v -0.0175053 0.6029565 0.0032875
v -0.0150174 0.5992152 0.0076341
v -0.0107181 0.5962388 0.0110598
v -0.0051261 0.5943861 0.0131516
v 0.2467843 0.5738805 0.0336572
v 0.2528638 0.5747832 0.0325154
v 0.2580793 0.5769852 0.0298642
v 0.2618016 0.5802208 0.0260231
v -0.0174040 0.6009623 0.0000487
v -0.0148270 0.5954675 0.0015470
v -0.0104615 0.5911895 0.0028588
v -0.0048343 0.5886442 0.0038258
v 0.2470760 0.5681387 0.0243313
v 0.2531204 0.5697339 0.0243144
v 0.2582697 0.5732375 0.0237771
v 0.2619030 0.5782267 0.0227843
v -0.0170733 0.6012451 -0.0037312
v -0.0142054 0.5959990 -0.0055568
v -0.0096242 0.5919056 -0.0067122
v -0.0038821 0.5894585 -0.0070579
v 0.2480282 0.5689530 0.0134476
v 0.2539577 0.5704500 0.0147434
v 0.2588912 0.5737689 0.0166733
v 0.2622337 0.5785095 0.0190044
v -0.0166396 0.6036968 -0.0066084
v -0.0133902 0.6006067 -0.0109641
v -0.0085258 0.5981135 -0.0139973
v -0.0026331 0.5965179 -0.0153423
v 0.2492772 0.5760123 0.0051632
v 0.2550561 0.5766579 0.0074583
v 0.2597064 0.5783766 0.0112660
v 0.2626674 0.5809612 0.0161273
v 0.2346755 0.5919189 0.0072733
v 0.2401439 0.5923160 0.0042702
v 0.2462824 0.5918977 0.0031644
v 0.2523506 0.5907145 0.0040892
v 0.2576168 0.5889090 0.0069330
v 0.3307455 0.5466990 0.0913530
v 0.3326751 0.5443511 0.0968159
v 0.3324729 0.5421485 0.1026628
v 0.3301631 0.5403568 0.1081886
v 0.3260245 0.5391922 0.1127267
v 0.2396855 0.5955206 0.0062696
v 0.2454209 0.5979203 0.0069220
v 0.2511899 0.5988287 0.0091518
v 0.2562968 0.5981361 0.0126900
v 0.3294256 0.5559262 0.0971099
v 0.3315144 0.5524654 0.1018784
v 0.3316114 0.5481711 0.1064204
v 0.3297047 0.5435614 0.1101879
v 0.2375674 0.5972028 0.0089455
v 0.2414402 0.6010819 0.0119511
v 0.2458268 0.6030883 0.0159274
v 0.2501981 0.6029800 0.0203950
v 0.3233268 0.5607700 0.1048149
v 0.3261513 0.5567250 0.1086541
v 0.3276307 0.5513327 0.1114495
v 0.3275866 0.5452437 0.1128639
v 0.2345987 0.5967202 0.0112759
v 0.2358608 0.6001749 0.0163307
v 0.2383097 0.6018663 0.0218281
v 0.2416499 0.6015904 0.0271050
v 0.3147787 0.5593804 0.1115249
v 0.3186342 0.5555030 0.1145548
v 0.3220513 0.5504257 0.1158291
v 0.3246179 0.5447611 0.1151942
v 0.2319132 0.5942571 0.0123706
v 0.2308139 0.5955458 0.0183880
v 0.2315100 0.5956295 0.0245999
v 0.2339176 0.5944981 0.0302570
v 0.3070464 0.5522881 0.1146769
v 0.3118344 0.5492661 0.1173266
v 0.3170044 0.5457966 0.1178864
v 0.3219325 0.5422979 0.1162889
v 0.2305369 0.5907543 0.0118114
v 0.2282271 0.5889626 0.0173372
v 0.2280249 0.5867600 0.0231841
v 0.2299545 0.5844121 0.0286470
v 0.3030832 0.5422021 0.1130670
v 0.3083494 0.5403966 0.1159108
v 0.3144176 0.5392134 0.1168356
v 0.3205561 0.5387951 0.1157298
v 0.2309953 0.5875497 0.0098121
v 0.2290886 0.5829400 0.0135796
v 0.2291856 0.5786458 0.0181216
v 0.2312744 0.5751849 0.0228901
v 0.3044032 0.5329750 0.1073100
v 0.3095101 0.5322824 0.1108482
v 0.3152791 0.5331908 0.1130780
v 0.3210145 0.5355905 0.1137304
v 0.2331134 0.5858674 0.0071361
v 0.2330693 0.5797784 0.0085505
v 0.2345487 0.5743861 0.0113459
v 0.2373732 0.5703411 0.0151851
v 0.3105019 0.5281311 0.0996050
v 0.3148732 0.5280228 0.1040726
v 0.3192598 0.5300292 0.1080489
v 0.3231326 0.5339083 0.1110545
v 0.2360821 0.5863501 0.0048058
v 0.2386487 0.5806854 0.0041709
v 0.2420658 0.5756081 0.0054452
v 0.2459213 0.5717307 0.0084751
v 0.3190501 0.5295207 0.0928950
v 0.3223903 0.5292448 0.0981719
v 0.3248392 0.5309362 0.1036693
v 0.3261013 0.5343909 0.1087241
v 0.2387675 0.5888132 0.0037111
v 0.2436956 0.5853146 0.0021136
v 0.2488656 0.5818450 0.0026734
v 0.2536536 0.5788230 0.0053231
v 0.3267824 0.5366130 0.0897430
v 0.3291900 0.5354817 0.0954001
v 0.3298861 0.5355654 0.1016120
v 0.3287868 0.5368540 0.1076294
v 0.0178819 0.6070111 -0.0014556
v 0.0173386 0.6064658 0.0047482
v 0.0147040 0.6058106 0.0103792
v 0.0102958 0.6051247 0.0147584
v 0.0046459 0.6044908 0.0173575
v -0.2472644 0.5839853 0.0378630
v -0.2532861 0.5836691 0.0362140
v -0.2583927 0.5835806 0.0326093
v -0.2619684 0.5837302 0.0274838
v -0.2635819 0.5841000 0.0214556
v 0.0169674 0.6101499 0.0038727
v 0.0140064 0.6127345 0.0087340
v 0.0093561 0.6144532 0.0125417
v 0.0035772 0.6150988 0.0148368
v -0.2483331 0.5945933 0.0353423
v -0.2542258 0.5929977 0.0339973
v -0.2590902 0.5905044 0.0309641
v -0.2623396 0.5874143 0.0266084
v 0.0165337 0.6126016 0.0009956
v 0.0131912 0.6173422 0.0033267
v 0.0082577 0.6206611 0.0052566
v 0.0023282 0.6221581 0.0065524
v -0.2495821 0.6016526 0.0270579
v -0.2553242 0.5992055 0.0267122
v -0.2599054 0.5951121 0.0255568
v -0.2627733 0.5898660 0.0237312
v 0.0162030 0.6128844 -0.0027843
v 0.0125697 0.6178737 -0.0037771
v 0.0074204 0.6213772 -0.0043144
v 0.0013760 0.6229724 -0.0043313
v -0.2505343 0.6024669 0.0161742
v -0.2561615 0.5999216 0.0171412
v -0.2605270 0.5956436 0.0184530
v -0.2631040 0.5901488 0.0199513
v 0.0161016 0.6108903 -0.0060231
v 0.0123793 0.6141260 -0.0098642
v 0.0071638 0.6163279 -0.0125154
v 0.0010843 0.6172306 -0.0136572
v -0.2508261 0.5967251 0.0068484
v -0.2564181 0.5948723 0.0089402
v -0.2607174 0.5918959 0.0123659
v -0.2632053 0.5881547 0.0167125
v 0.0162684 0.6073809 -0.0074838
v 0.0126927 0.6075306 -0.0126093
v 0.0075861 0.6074420 -0.0162140
v 0.0015644 0.6071258 -0.0178630
v -0.2503459 0.5866203 0.0026425
v -0.2559958 0.5859864 0.0052416
v -0.2604040 0.5853005 0.0096208
v -0.2630386 0.5846453 0.0152518
v 0.0166396 0.6036968 -0.0066084
v 0.0133902 0.6006067 -0.0109641
v 0.0085258 0.5981135 -0.0139973
v 0.0026331 0.5965179 -0.0153423
v -0.2492772 0.5760123 0.0051632
v -0.2550561 0.5766579 0.0074583
v -0.2597064 0.5783766 0.0112660
v -0.2626674 0.5809612 0.0161273
v 0.0170733 0.6012451 -0.0037312
v 0.0142054 0.5959990 -0.0055568
v 0.0096242 0.5919056 -0.0067122
v 0.0038821 0.5894585 -0.0070579
v -0.2480282 0.5689530 0.0134476
v -0.2539577 0.5704500 0.0147434
v -0.2588912 0.5737689 0.0166733
v -0.2622337 0.5785095 0.0190044
v 0.0174040 0.6009623 0.0000487
v 0.0148270 0.5954675 0.0015470
v 0.0104615 0.5911895 0.0028588
v 0.0048343 0.5886442 0.0038258
v -0.2470760 0.5681387 0.0243313
v -0.2531204 0.5697339 0.0243144
v -0.2582697 0.5732375 0.0237771
v -0.2619030 0.5782267 0.0227843
v 0.0175053 0.6029565 0.0032875
v 0.0150174 0.5992152 0.0076341
v 0.0107181 0.5962388 0.0110598
v 0.0051261 0.5943861 0.0131516
v -0.2467843 0.5738805 0.0336572
v -0.2528638 0.5747832 0.0325154
v -0.2580793 0.5769852 0.0298642
v -0.2618016 0.5802208 0.0260231
v -0.2346755 0.5919189 0.0072733
v -0.2305369 0.5907543 0.0118114
v -0.2282271 0.5889626 0.0173372
v -0.2280249 0.5867600 0.0231841
v -0.2299545 0.5844121 0.0286470
v -0.3030832 0.5422021 0.1130670
v -0.3083494 0.5403966 0.1159108
v -0.3144176 0.5392134 0.1168356
v -0.3205561 0.5387951 0.1157298
v -0.3260245 0.5391922 0.1127267
v -0.2319132 0.5942571 0.0123706
v -0.2308139 0.5955458 0.0183880
v -0.2315100 0.5956295 0.0245999
v -0.2339176 0.5944981 0.0302570
v -0.3070464 0.5522881 0.1146769
v -0.3118344 0.5492661 0.1173266
v -0.3170044 0.5457966 0.1178864
v -0.3219325 0.5422979 0.1162889
v -0.2345987 0.5967202 0.0112759
v -0.2358608 0.6001749 0.0163307
v -0.2383097 0.6018663 0.0218281
v -0.2416499 0.6015904 0.0271050
v -0.3147787 0.5593804 0.1115249
v -0.3186342 0.5555030 0.1145548
v -0.3220513 0.5504257 0.1158291
v -0.3246179 0.5447611 0.1151942
v -0.2375674 0.5972028 0.0089455
v -0.2414402 0.6010819 0.0119511
v -0.2458268 0.6030883 0.0159274
v -0.2501981 0.6029800 0.0203950
v -0.3233268 0.5607700 0.1048149
v -0.3261513 0.5567250 0.1086541
v -0.3276307 0.5513327 0.1114495
v -0.3275866 0.5452437 0.1128639
v -0.2396855 0.5955206 0.0062696
v -0.2454209 0.5979203 0.0069220
v -0.2511899 0.5988287 0.0091518
v -0.2562968 0.5981361 0.0126900
v -0.3294256 0.5559262 0.0971099
v -0.3315144 0.5524654 0.1018784
v -0.3316114 0.5481711 0.1064204
v -0.3297047 0.5435614 0.1101879
v -0.2401439 0.5923160 0.0042702
v -0.2462824 0.5918977 0.0031644
v -0.2523506 0.5907145 0.0040892
v -0.2576168 0.5889090 0.0069330
v -0.3307455 0.5466990 0.0913530
v -0.3326751 0.5443511 0.0968159
v -0.3324729 0.5421485 0.1026628
v -0.3301631 0.5403568 0.1081886
v -0.2387675 0.5888132 0.0037111
v -0.2436956 0.5853146 0.0021136
v -0.2488656 0.5818450 0.0026734
v -0.2536536 0.5788230 0.0053231
v -0.3267824 0.5366130 0.0897430
v -0.3291900 0.5354817 0.0954001
v -0.3298861 0.5355654 0.1016120
v -0.3287868 0.5368540 0.1076294
v -0.2360821 0.5863501 0.0048058
v -0.2386487 0.5806854 0.0041709
v -0.2420658 0.5756081 0.0054452
v -0.2459213 0.5717307 0.0084751
v -0.3190501 0.5295207 0.0928950
v -0.3223903 0.5292448 0.0981719
v -0.3248392 0.5309362 0.1036693
v -0.3261013 0.5343909 0.1087241
v -0.2331134 0.5858674 0.0071361
v -0.2330693 0.5797784 0.0085505
v -0.2345487 0.5743861 0.0113459
v -0.2373732 0.5703411 0.0151851
v -0.3105019 0.5281311 0.0996050
v -0.3148732 0.5280228 0.1040726
v -0.3192598 0.5300292 0.1080489
v -0.3231326 0.5339083 0.1110545
v -0.2309953 0.5875497 0.0098121
v -0.2290886 0.5829400 0.0135796
v -0.2291856 0.5786458 0.0181216
v -0.2312744 0.5751849 0.0228901
v -0.3044032 0.5329750 0.1073100
v -0.3095101 0.5322824 0.1108482
v -0.3152791 0.5331908 0.1130780
v -0.3210145 0.5355905 0.1137304
v -0.0178708 0.5293001 -0.0015223
v -0.0162318 0.5296849 -0.0075427
v -0.0126350 0.5298397 -0.0126533
v -0.0075142 0.5297458 -0.0162377
v -0.0014871 0.5294145 -0.0178636
v 0.2394994 0.5088858 0.0026651
v 0.2451366 0.5082235 0.0052846
v 0.2495247 0.5075074 0.0096791
v 0.2521343 0.5068239 0.0153184
v 0.2526508 0.5062554 0.0215223
v -0.0160588 0.5331887 -0.0060693
v -0.0123099 0.5364246 -0.0098843
v -0.0070763 0.5386176 -0.0125070
v -0.0009891 0.5395031 -0.0136213
v 0.2399974 0.5189744 0.0069074
v 0.2455745 0.5170952 0.0090153
v 0.2498497 0.5140922 0.0124481
v 0.2523073 0.5103276 0.0167917
v -0.0161663 0.5351720 -0.0028241
v -0.0125119 0.5401521 -0.0037852
v -0.0073484 0.5436396 -0.0042898
v -0.0012986 0.5452140 -0.0042770
v 0.2396879 0.5246853 0.0162517
v 0.2453024 0.5221173 0.0172325
v 0.2496477 0.5178197 0.0185471
v 0.2521998 0.5123110 0.0200370
v -0.0165132 0.5348775 0.0009534
v -0.0131639 0.5395985 0.0033142
v -0.0082268 0.5428937 0.0052752
v -0.0022974 0.5443658 0.0066000
v 0.2386890 0.5238371 0.0271287
v 0.2444240 0.5213714 0.0267976
v 0.2489958 0.5172661 0.0256465
v 0.2518529 0.5120164 0.0238145
v -0.0169670 0.5324175 0.0038204
v -0.0140167 0.5349752 0.0087023
v -0.0093758 0.5366648 0.0125346
v -0.0036040 0.5372825 0.0148550
v 0.2373824 0.5167538 0.0353837
v 0.2432750 0.5151425 0.0340569
v 0.2481429 0.5126428 0.0310346
v 0.2513991 0.5095564 0.0266814
v -0.0173543 0.5287317 0.0046816
v -0.0147447 0.5280482 0.0103209
v -0.0103566 0.5273321 0.0147154
v -0.0047194 0.5266697 0.0173349
v 0.2362671 0.5061410 0.0378636
v 0.2422942 0.5058098 0.0362377
v 0.2474150 0.5057158 0.0326533
v 0.2510118 0.5058706 0.0275427
v -0.0175273 0.5252280 0.0032083
v -0.0150697 0.5214633 0.0075519
v -0.0107945 0.5184603 0.0109847
v -0.0052174 0.5165812 0.0130926
v 0.2357691 0.4960525 0.0336213
v 0.2418563 0.4969380 0.0325070
v 0.2470899 0.4991310 0.0298843
v 0.2508388 0.5023669 0.0260693
v -0.0174198 0.5232446 -0.0000370
v -0.0148677 0.5177358 0.0014529
v -0.0105224 0.5134383 0.0027675
v -0.0049079 0.5108703 0.0037483
v 0.2360786 0.4903416 0.0242770
v 0.2421284 0.4919159 0.0242898
v 0.2472919 0.4954035 0.0237852
v 0.2509463 0.5003835 0.0228241
v -0.0170729 0.5235392 -0.0038145
v -0.0142158 0.5182894 -0.0056465
v -0.0096440 0.5141842 -0.0067976
v -0.0039090 0.5117185 -0.0071287
v 0.2370774 0.4911898 0.0134000
v 0.2430068 0.4926618 0.0147248
v 0.2479439 0.4959571 0.0166858
v 0.2512932 0.5006781 0.0190466
v -0.0166191 0.5259992 -0.0066814
v -0.0133629 0.5229127 -0.0110346
v -0.0084950 0.5204131 -0.0140569
v -0.0026024 0.5188017 -0.0153837
v 0.2383840 0.4982730 0.0051450
v 0.2441558 0.4988907 0.0074654
v 0.2487967 0.5005804 0.0112977
v 0.2517470 0.5031381 0.0161796
v 0.2240694 0.5142475 0.0070606
v 0.2296036 0.5146233 0.0041777
v 0.2357621 0.5141735 0.0032033
v 0.2418022 0.5129522 0.0042547
v 0.2469952 0.5111069 0.0072053
v 0.3169350 0.4688600 0.0916991
v 0.3187327 0.4664825 0.0971941
v 0.3183916 0.4642613 0.1030275
v 0.3159529 0.4624643 0.1084958
v 0.3117106 0.4613081 0.1129394
v 0.2291203 0.5178237 0.0061780
v 0.2348538 0.5201882 0.0069625
v 0.2405783 0.5210558 0.0093195
v 0.2456036 0.5203219 0.0129647
v 0.3155433 0.4780750 0.0974585
v 0.3175089 0.4745861 0.1022589
v 0.3174833 0.4702760 0.1067867
v 0.3154695 0.4656646 0.1104960
v 0.2269544 0.5195090 0.0088134
v 0.2307833 0.5233556 0.0119155
v 0.2350942 0.5253232 0.0159927
v 0.2393673 0.5251746 0.0205532
v 0.3093070 0.4829277 0.1050470
v 0.3120248 0.4788535 0.1089320
v 0.3134128 0.4734434 0.1117398
v 0.3133037 0.4673500 0.1131315
v 0.2239333 0.5190356 0.0110774
v 0.2251055 0.5224658 0.0161704
v 0.2274446 0.5241245 0.0217253
v 0.2306684 0.5238115 0.0270721
v 0.3006081 0.4815646 0.1115659
v 0.3043751 0.4776548 0.1146647
v 0.3077350 0.4725537 0.1159947
v 0.3102826 0.4668765 0.1153955
v 0.2212110 0.5165842 0.0121052
v 0.2199891 0.5178588 0.0181020
v 0.2205512 0.5179174 0.0243278
v 0.2228296 0.5167531 0.0300315
v 0.2927693 0.4745062 0.1145253
v 0.2974818 0.4714478 0.1172671
v 0.3026186 0.4679467 0.1179263
v 0.3075602 0.4644252 0.1164233
v 0.2198271 0.5130913 0.0115042
v 0.2173884 0.5112942 0.0169725
v 0.2170473 0.5090730 0.0228059
v 0.2188450 0.5066956 0.0283009
v 0.2887848 0.4644487 0.1127947
v 0.2939778 0.4626033 0.1157453
v 0.3000179 0.4613821 0.1167967
v 0.3061764 0.4609323 0.1158223
v 0.2203105 0.5098909 0.0095040
v 0.2182967 0.5052795 0.0132133
v 0.2182711 0.5009694 0.0177411
v 0.2202367 0.4974805 0.0225415
v 0.2901764 0.4552336 0.1070353
v 0.2952017 0.4544998 0.1106805
v 0.3009262 0.4553674 0.1130375
v 0.3066597 0.4577319 0.1138220
v 0.2224763 0.5082056 0.0068685
v 0.2223672 0.5021121 0.0082602
v 0.2237552 0.4967020 0.0110680
v 0.2264730 0.4926278 0.0149530
v 0.2964127 0.4503809 0.0994468
v 0.3006858 0.4502323 0.1040073
v 0.3049967 0.4522000 0.1080845
v 0.3088256 0.4560466 0.1111866
v 0.2254974 0.5086790 0.0046045
v 0.2280450 0.5030019 0.0040053
v 0.2314049 0.4979008 0.0053353
v 0.2351719 0.4939910 0.0084341
v 0.3051116 0.4517441 0.0929279
v 0.3083354 0.4514311 0.0982747
v 0.3106745 0.4530897 0.1038296
v 0.3118467 0.4565200 0.1089226
v 0.2282198 0.5111304 0.0035767
v 0.2331614 0.5076089 0.0020737
v 0.2382982 0.5041078 0.0027329
v 0.2430107 0.5010493 0.0054747
v 0.3129504 0.4588024 0.0899685
v 0.3152288 0.4576381 0.0956722
v 0.3157909 0.4576968 0.1018980
v 0.3145690 0.4589713 0.1078948
v 0.0178708 0.5293001 -0.0015223
v 0.0173543 0.5287317 0.0046816
v 0.0147447 0.5280482 0.0103209
v 0.0103566 0.5273321 0.0147154
v 0.0047194 0.5266697 0.0173349
v -0.2362671 0.5061410 0.0378636
v -0.2422942 0.5058098 0.0362377
v -0.2474150 0.5057158 0.0326533
v -0.2510118 0.5058706 0.0275427
v -0.2526508 0.5062554 0.0215223
v 0.0169670 0.5324175 0.0038204
v 0.0140167 0.5349752 0.0087023
v 0.0093758 0.5366648 0.0125346
v 0.0036040 0.5372825 0.0148550
v -0.2373824 0.5167538 0.0353837
v -0.2432750 0.5151425 0.0340569
v -0.2481429 0.5126428 0.0310346
v -0.2513991 0.5095564 0.0266814
v 0.0165132 0.5348775 0.0009534
v 0.0131639 0.5395985 0.0033142
v 0.0082268 0.5428937 0.0052752
v 0.0022974 0.5443658 0.0066000
v -0.2386890 0.5238371 0.0271287
v -0.2444240 0.5213714 0.0267976
v -0.2489958 0.5172661 0.0256465
v -0.2518529 0.5120164 0.0238145
v 0.0161663 0.5351720 -0.0028241
v 0.0125119 0.5401521 -0.0037852
v 0.0073484 0.5436396 -0.0042898
v 0.0012986 0.5452140 -0.0042770
v -0.2396879 0.5246853 0.0162517
v -0.2453024 0.5221173 0.0172325
v -0.2496477 0.5178197 0.0185471
v -0.2521998 0.5123110 0.0200370
v 0.0160588 0.5331887 -0.0060693
v 0.0123099 0.5364246 -0.0098843
v 0.0070763 0.5386176 -0.0125070
v 0.0009891 0.5395031 -0.0136213
v -0.2399974 0.5189744 0.0069074
v -0.2455745 0.5170952 0.0090153
v -0.2498497 0.5140922 0.0124481
v -0.2523073 0.5103276 0.0167917
v 0.0162318 0.5296849 -0.0075427
v 0.0126350 0.5298397 -0.0126533
v 0.0075142 0.5297458 -0.0162377
v 0.0014871 0.5294145 -0.0178636
v -0.2394994 0.5088858 0.0026651
v -0.2451366 0.5082235 0.0052846
v -0.2495247 0.5075074 0.0096791
v -0.2521343 0.5068239 0.0153184
v 0.0166191 0.5259992 -0.0066814
v 0.0133629 0.5229127 -0.0110346
v 0.0084950 0.5204131 -0.0140569
v 0.0026024 0.5188017 -0.0153837
v -0.2383840 0.4982730 0.0051450
v -0.2441558 0.4988907 0.0074654
v -0.2487967 0.5005804 0.0112977
v -0.2517470 0.5031381 0.0161796
v 0.0170729 0.5235392 -0.0038145
v 0.0142158 0.5182894 -0.0056465
v 0.0096440 0.5141842 -0.0067976
v 0.0039090 0.5117185 -0.0071287
v -0.2370774 0.4911898 0.0134000
v -0.2430068 0.4926618 0.0147248
v -0.2479439 0.4959571 0.0166858
v -0.2512932 0.5006781 0.0190466
v 0.0174198 0.5232446 -0.0000370
v 0.0148677 0.5177358 0.0014529
v 0.0105224 0.5134383 0.0027675
v 0.0049079 0.5108703 0.0037483
v -0.2360786 0.4903416 0.0242770
v -0.2421284 0.4919159 0.0242898
v -0.2472919 0.4954035 0.0237852
v -0.2509463 0.5003835 0.0228241
v 0.0175273 0.5252280 0.0032083
v 0.0150697 0.5214633 0.0075519
v 0.0107945 0.5184603 0.0109847
v 0.0052174 0.5165812 0.0130926
v -0.2357691 0.4960525 0.0336213
v -0.2418563 0.4969380 0.0325070
v -0.2470899 0.4991310 0.0298843
v -0.2508388 0.5023669 0.0260693
v -0.2240694 0.5142475 0.0070606
v -0.2198271 0.5130913 0.0115042
v -0.2173884 0.5112942 0.0169725
v -0.2170473 0.5090730 0.0228059
v -0.2188450 0.5066956 0.0283009
v -0.2887848 0.4644487 0.1127947
v -0.2939778 0.4626033 0.1157453
v -0.3000179 0.4613821 0.1167967
v -0.3061764 0.4609323 0.1158223
v -0.3117106 0.4613081 0.1129394
v -0.2212110 0.5165842 0.0121052
v -0.2199891 0.5178588 0.0181020
v -0.2205512 0.5179174 0.0243278
v -0.2228296 0.5167531 0.0300315
v -0.2927693 0.4745062 0.1145253
v -0.2974818 0.4714478 0.1172671
v -0.3026186 0.4679467 0.1179263
v -0.3075602 0.4644252 0.1164233
v -0.2239333 0.5190356 0.0110774
v -0.2251055 0.5224658 0.0161704
v -0.2274446 0.5241245 0.0217253
v -0.2306684 0.5238115 0.0270721
v -0.3006081 0.4815646 0.1115659
v -0.3043751 0.4776548 0.1146647
v -0.3077350 0.4725537 0.1159947
v -0.3102826 0.4668765 0.1153955
v -0.2269544 0.5195090 0.0088134
v -0.2307833 0.5233556 0.0119155
v -0.2350942 0.5253232 0.0159927
v -0.2393673 0.5251746 0.0205532
v -0.3093070 0.4829277 0.1050470
v -0.3120248 0.4788535 0.1089320
v -0.3134128 0.4734434 0.1117398
v -0.3133037 0.4673500 0.1131315
v -0.2291203 0.5178237 0.0061780
v -0.2348538 0.5201882 0.0069625
v -0.2405783 0.5210558 0.0093195
v -0.2456036 0.5203219 0.0129647
v -0.3155433 0.4780750 0.0974585
v -0.3175089 0.4745861 0.1022589
v -0.3174833 0.4702760 0.1067867
v -0.3154695 0.4656646 0.1104960
v -0.2296036 0.5146233 0.0041777
v -0.2357621 0.5141735 0.0032033
v -0.2418022 0.5129522 0.0042547
v -0.2469952 0.5111069 0.0072053
v -0.3169350 0.4688600 0.0916991
v -0.3187327 0.4664825 0.0971941
v -0.3183916 0.4642613 0.1030275
v -0.3159529 0.4624643 0.1084958
v -0.2282198 0.5111304 0.0035767
v -0.2331614 0.5076089 0.0020737
v -0.2382982 0.5041078 0.0027329
v -0.2430107 0.5010493 0.0054747
v -0.3129504 0.4588024 0.0899685
v -0.3152288 0.4576381 0.0956722
v -0.3157909 0.4576968 0.1018980
v -0.3145690 0.4589713 0.1078948
v -0.2254974 0.5086790 0.0046045
v -0.2280450 0.5030019 0.0040053
v -0.2314049 0.4979008 0.0053353
v -0.2351719 0.4939910 0.0084341
v -0.3051116 0.4517441 0.0929279
v -0.3083354 0.4514311 0.0982747
v -0.3106745 0.4530897 0.1038296
v -0.3118467 0.4565200 0.1089226
v -0.2224763 0.5082056 0.0068685
v -0.2223672 0.5021121 0.0082602
v -0.2237552 0.4967020 0.0110680
v -0.2264730 0.4926278 0.0149530
v -0.2964127 0.4503809 0.0994468
v -0.3006858 0.4502323 0.1040073
v -0.3049967 0.4522000 0.1080845
v -0.3088256 0.4560466 0.1111866
v -0.2203105 0.5098909 0.0095040
v -0.2182967 0.5052795 0.0132133
v -0.2182711 0.5009694 0.0177411
v -0.2202367 0.4974805 0.0225415
v -0.2901764 0.4552336 0.1070353
v -0.2952017 0.4544998 0.1106805
v -0.3009262 0.4553674 0.1130375
v -0.3066597 0.4577319 0.1138220
v -0.0178580 0.4515955 -0.0015955
v -0.0161909 0.4519965 -0.0076070
v -0.0125710 0.4521568 -0.0127011
v -0.0074348 0.4520569 -0.0162632
v -0.0014019 0.4517090 -0.0178638
v 0.2286602 0.4311549 0.0026903
v 0.2342832 0.4304615 0.0053322
v 0.2386491 0.4297124 0.0097433
v 0.2412312 0.4289981 0.0153914
v 0.2417180 0.4284045 0.0215955
v -0.0160113 0.4554941 -0.0061198
v -0.0122335 0.4587300 -0.0099060
v -0.0069800 0.4609130 -0.0124974
v -0.0008847 0.4617797 -0.0135815
v 0.2291773 0.4412256 0.0069726
v 0.2347380 0.4393175 0.0090980
v 0.2389866 0.4362856 0.0125384
v 0.2414108 0.4324956 0.0168787
v -0.0161257 0.4574657 -0.0028677
v -0.0124485 0.4624355 -0.0037940
v -0.0072697 0.4659054 -0.0042627
v -0.0012141 0.4674568 -0.0042173
v 0.2288479 0.4469027 0.0163368
v 0.2344483 0.4443099 0.0173327
v 0.2387716 0.4399911 0.0186504
v 0.2412964 0.4344672 0.0201308
v -0.0164904 0.4571584 0.0009071
v -0.0131339 0.4618579 0.0033003
v -0.0081932 0.4651271 0.0052955
v -0.0022643 0.4665718 0.0066519
v 0.2277978 0.4460177 0.0272060
v 0.2335248 0.4435317 0.0268909
v 0.2380862 0.4394135 0.0257447
v 0.2409317 0.4341599 0.0239056
v -0.0169662 0.4546894 0.0037628
v -0.0140279 0.4572178 0.0086672
v -0.0093977 0.4588756 0.0125263
v -0.0036340 0.4594628 0.0148744
v 0.2264280 0.4389087 0.0354285
v 0.2323203 0.4372801 0.0341217
v 0.2371922 0.4347734 0.0311116
v 0.2404559 0.4316909 0.0267613
v -0.0173712 0.4510019 0.0046086
v -0.0147891 0.4502876 0.0102567
v -0.0104232 0.4495385 0.0146678
v -0.0048002 0.4488451 0.0173097
v 0.2252619 0.4282910 0.0378638
v 0.2312948 0.4279431 0.0362632
v 0.2364310 0.4278432 0.0327011
v 0.2400509 0.4280035 0.0276070
v -0.0175508 0.4475044 0.0031213
v -0.0151266 0.4437144 0.0074616
v -0.0108780 0.4406825 0.0109020
v -0.0053173 0.4387744 0.0130274
v 0.2247447 0.4182203 0.0335815
v 0.2308400 0.4190870 0.0324974
v 0.2360935 0.4212700 0.0299060
v 0.2398713 0.4245059 0.0261198
v -0.0174364 0.4455328 -0.0001308
v -0.0149116 0.4400089 0.0013496
v -0.0105883 0.4356901 0.0026673
v -0.0049879 0.4330973 0.0036632
v 0.2250741 0.4125432 0.0242173
v 0.2311297 0.4140946 0.0242627
v 0.2363085 0.4175645 0.0237940
v 0.2399857 0.4225343 0.0228677
v -0.0170717 0.4458401 -0.0039056
v -0.0142262 0.4405865 -0.0057447
v -0.0096648 0.4364683 -0.0068909
v -0.0039378 0.4339823 -0.0072060
v 0.2261243 0.4134282 0.0133481
v 0.2320532 0.4148729 0.0147045
v 0.2369939 0.4181421 0.0166997
v 0.2403504 0.4228416 0.0190929
v -0.0165959 0.4483091 -0.0067613
v -0.0133322 0.4452266 -0.0111116
v -0.0084603 0.4427199 -0.0141217
v -0.0025680 0.4410913 -0.0154285
v 0.2274940 0.4205372 0.0051256
v 0.2332577 0.4211244 0.0074737
v 0.2378879 0.4227822 0.0113328
v 0.2408262 0.4253106 0.0162372
v 0.2134793 0.4365763 0.0068473
v 0.2190786 0.4369292 0.0040901
v 0.2252546 0.4364463 0.0032519
v 0.2312624 0.4351859 0.0044337
v 0.2363774 0.4333000 0.0074930
v 0.3031226 0.3910161 0.0920609
v 0.3047832 0.3886096 0.0975863
v 0.3042988 0.3863708 0.1034029
v 0.3017280 0.3845698 0.1088090
v 0.2973807 0.3834237 0.1131527
v 0.2185693 0.4401256 0.0060903
v 0.2242975 0.4424536 0.0070109
v 0.2299729 0.4432795 0.0094982
v 0.2349110 0.4425037 0.0132522
v 0.3016562 0.4002198 0.0978201
v 0.3034936 0.3967032 0.1026509
v 0.3033417 0.3923781 0.1071619
v 0.3012187 0.3877662 0.1108092
v 0.2163549 0.4418148 0.0086826
v 0.2201358 0.4456282 0.0118828
v 0.2243659 0.4475567 0.0160621
v 0.2285350 0.4473675 0.0207164
v 0.2952802 0.4050836 0.1052843
v 0.2978867 0.4009804 0.1092148
v 0.2991800 0.3955527 0.1120339
v 0.2990043 0.3894554 0.1134015
v 0.2132813 0.4413516 0.0108768
v 0.2143592 0.4447577 0.0160067
v 0.2165831 0.4463838 0.0216182
v 0.2196847 0.4460338 0.0270346
v 0.2864299 0.4037498 0.1116025
v 0.2901039 0.3998075 0.1147709
v 0.2934035 0.3946822 0.1161578
v 0.2959307 0.3889921 0.1155957
v 0.2105224 0.4389129 0.0118350
v 0.2091742 0.4401745 0.0178074
v 0.2095973 0.4402088 0.0240443
v 0.2117408 0.4390118 0.0297934
v 0.2784860 0.3967279 0.1143613
v 0.2831181 0.3936325 0.1171970
v 0.2882184 0.3900989 0.1179584
v 0.2931718 0.3865535 0.1165539
v 0.2091320 0.4354302 0.0111910
v 0.2065612 0.4336292 0.0165971
v 0.2060768 0.4313904 0.0224137
v 0.2077374 0.4289839 0.0279391
v 0.2744826 0.3867000 0.1125070
v 0.2795976 0.3848141 0.1155663
v 0.2856054 0.3835537 0.1167481
v 0.2917814 0.3830708 0.1159099
v 0.2096413 0.4322338 0.0091908
v 0.2075183 0.4276219 0.0128381
v 0.2073664 0.4232968 0.0173491
v 0.2092038 0.4197802 0.0221799
v 0.2759490 0.3774963 0.1067478
v 0.2808871 0.3767205 0.1105018
v 0.2865625 0.3775464 0.1129891
v 0.2922907 0.3798744 0.1139097
v 0.2118557 0.4305446 0.0065985
v 0.2116800 0.4244473 0.0079661
v 0.2129733 0.4190196 0.0107852
v 0.2155798 0.4149164 0.0147157
v 0.2823250 0.3726325 0.0992836
v 0.2864941 0.3724433 0.1039379
v 0.2907242 0.3743718 0.1081172
v 0.2945051 0.3781852 0.1113174
v 0.2149293 0.4310079 0.0044043
v 0.2174565 0.4253178 0.0038422
v 0.2207561 0.4201925 0.0052291
v 0.2244301 0.4162502 0.0083975
v 0.2911753 0.3739662 0.0929654
v 0.2942769 0.3736162 0.0983818
v 0.2965008 0.3752423 0.1039933
v 0.2975787 0.3786484 0.1091232
v 0.2176882 0.4334465 0.0034461
v 0.2226416 0.4299011 0.0020416
v 0.2277419 0.4263675 0.0028030
v 0.2323740 0.4232721 0.0056387
v 0.2991192 0.3809882 0.0902066
v 0.3012627 0.3797912 0.0959557
v 0.3016858 0.3798255 0.1021926
v 0.3003376 0.3810871 0.1081650
v 0.0178580 0.4515955 -0.0015955
v 0.0173712 0.4510019 0.0046086
v 0.0147891 0.4502876 0.0102567
v 0.0104232 0.4495385 0.0146678
v 0.0048002 0.4488451 0.0173097
v -0.2252619 0.4282910 0.0378638
v -0.2312948 0.4279431 0.0362632
v -0.2364310 0.4278432 0.0327011
v -0.2400509 0.4280035 0.0276070
v -0.2417180 0.4284045 0.0215955
v 0.0169662 0.4546894 0.0037628
v 0.0140279 0.4572178 0.0086672
v 0.0093977 0.4588756 0.0125263
v 0.0036340 0.4594628 0.0148744
v -0.2264280 0.4389087 0.0354285
v -0.2323203 0.4372801 0.0341217
v -0.2371922 0.4347734 0.0311116
v -0.2404559 0.4316909 0.0267613
v 0.0164904 0.4571584 0.0009071
v 0.0131339 0.4618579 0.0033003
v 0.0081932 0.4651271 0.0052955
v 0.0022643 0.4665718 0.0066519
v -0.2277978 0.4460177 0.0272060
v -0.2335248 0.4435317 0.0268909
v -0.2380862 0.4394135 0.0257447
v -0.2409317 0.4341599 0.0239056
v 0.0161257 0.4574657 -0.0028677
v 0.0124485 0.4624355 -0.0037940
v 0.0072697 0.4659054 -0.0042627
v 0.0012141 0.4674568 -0.0042173
v -0.2288479 0.4469027 0.0163368
v -0.2344483 0.4443099 0.0173327
v -0.2387716 0.4399911 0.0186504
v -0.2412964 0.4344672 0.0201308
v 0.0160113 0.4554941 -0.0061198
v 0.0122335 0.4587300 -0.0099060
v 0.0069800 0.4609130 -0.0124974
v 0.0008847 0.4617797 -0.0135815
v -0.2291773 0.4412256 0.0069726
v -0.2347380 0.4393175 0.0090980
v -0.2389866 0.4362856 0.0125384
v -0.2414108 0.4324956 0.0168787
v 0.0161909 0.4519965 -0.0076070
v 0.0125710 0.4521568 -0.0127011
v 0.0074348 0.4520569 -0.0162632
v 0.0014019 0.4517090 -0.0178638
v -0.2286602 0.4311549 0.0026903
v -0.2342832 0.4304615 0.0053322
v -0.2386491 0.4297124 0.0097433
v -0.2412312 0.4289981 0.0153914
v 0.0165959 0.4483091 -0.0067613
v 0.0133322 0.4452266 -0.0111116
v 0.0084603 0.4427199 -0.0141217
v 0.0025680 0.4410913 -0.0154285
v -0.2274940 0.4205372 0.0051256
v -0.2332577 0.4211244 0.0074737
v -0.2378879 0.4227822 0.0113328
v -0.2408262 0.4253106 0.0162372
v 0.0170717 0.4458401 -0.0039056
v 0.0142262 0.4405865 -0.0057447
v 0.0096648 0.4364683 -0.0068909
v 0.0039378 0.4339823 -0.0072060
v -0.2261243 0.4134282 0.0133481
v -0.2320532 0.4148729 0.0147045
v -0.2369939 0.4181421 0.0166997
v -0.2403504 0.4228416 0.0190929
v 0.0174364 0.4455328 -0.0001308
v 0.0149116 0.4400089 0.0013496
v 0.0105883 0.4356901 0.0026673
v 0.0049879 0.4330973 0.0036632
v -0.2250741 0.4125432 0.0242173
v -0.2311297 0.4140946 0.0242627
v -0.2363085 0.4175645 0.0237940
v -0.2399857 0.4225343 0.0228677
v 0.0175508 0.4475044 0.0031213
v 0.0151266 0.4437144 0.0074616
v 0.0108780 0.4406825 0.0109020
v 0.0053173 0.4387744 0.0130274
v -0.2247447 0.4182203 0.0335815
v -0.2308400 0.4190870 0.0324974
v -0.2360935 0.4212700 0.0299060
v -0.2398713 0.4245059 0.0261198
v -0.2134793 0.4365763 0.0068473
v -0.2091320 0.4354302 0.0111910
v -0.2065612 0.4336292 0.0165971
v -0.2060768 0.4313904 0.0224137
v -0.2077374 0.4289839 0.0279391
v -0.2744826 0.3867000 0.1125070
v -0.2795976 0.3848141 0.1155663
v -0.2856054 0.3835537 0.1167481
v -0.2917814 0.3830708 0.1159099
v -0.2973807 0.3834237 0.1131527
v -0.2105224 0.4389129 0.0118350
v -0.2091742 0.4401745 0.0178074
v -0.2095973 0.4402088 0.0240443
v -0.2117408 0.4390118 0.0297934
v -0.2784860 0.3967279 0.1143613
v -0.2831181 0.3936325 0.1171970
v -0.2882184 0.3900989 0.1179584
v -0.2931718 0.3865535 0.1165539
v -0.2132813 0.4413516 0.0108768
v -0.2143592 0.4447577 0.0160067
v -0.2165831 0.4463838 0.0216182
v -0.2196847 0.4460338 0.0270346
v -0.2864299 0.4037498 0.1116025
v -0.2901039 0.3998075 0.1147709
v -0.2934035 0.3946822 0.1161578
v -0.2959307 0.3889921 0.1155957
v -0.2163549 0.4418148 0.0086826
v -0.2201358 0.4456282 0.0118828
v -0.2243659 0.4475567 0.0160621
v -0.2285350 0.4473675 0.0207164
v -0.2952802 0.4050836 0.1052843
v -0.2978867 0.4009804 0.1092148
v -0.2991800 0.3955527 0.1120339
v -0.2990043 0.3894554 0.1134015
v -0.2185693 0.4401256 0.0060903
v -0.2242975 0.4424536 0.0070109
v -0.2299729 0.4432795 0.0094982
v -0.2349110 0.4425037 0.0132522
v -0.3016562 0.4002198 0.0978201
v -0.3034936 0.3967032 0.1026509
v -0.3033417 0.3923781 0.1071619
v -0.3012187 0.3877662 0.1108092
v -0.2190786 0.4369292 0.0040901
v -0.2252546 0.4364463 0.0032519
v -0.2312624 0.4351859 0.0044337
v -0.2363774 0.4333000 0.0074930
v -0.3031226 0.3910161 0.0920609
v -0.3047832 0.3886096 0.0975863
v -0.3042988 0.3863708 0.1034029
v -0.3017280 0.3845698 0.1088090
v -0.2176882 0.4334465 0.0034461
v -0.2226416 0.4299011 0.0020416
v -0.2277419 0.4263675 0.0028030
v -0.2323740 0.4232721 0.0056387
v -0.2991192 0.3809882 0.0902066
v -0.3012627 0.3797912 0.0959557
v -0.3016858 0.3798255 0.1021926
v -0.3003376 0.3810871 0.1081650
v -0.2149293 0.4310079 0.0044043
v -0.2174565 0.4253178 0.0038422
v -0.2207561 0.4201925 0.0052291
v -0.2244301 0.4162502 0.0083975
v -0.2911753 0.3739662 0.0929654
v -0.2942769 0.3736162 0.0983818
v -0.2965008 0.3752423 0.1039933
v -0.2975787 0.3786484 0.1091232
v -0.2118557 0.4305446 0.0065985
v -0.2116800 0.4244473 0.0079661
v -0.2129733 0.4190196 0.0107852
v -0.2155798 0.4149164 0.0147157
v -0.2823250 0.3726325 0.0992836
v -0.2864941 0.3724433 0.1039379
v -0.2907242 0.3743718 0.1081172
v -0.2945051 0.3781852 0.1113174
v -0.2096413 0.4322338 0.0091908
v -0.2075183 0.4276219 0.0128381
v -0.2073664 0.4232968 0.0173491
v -0.2092038 0.4197802 0.0221799
v -0.2759490 0.3774963 0.1067478
v -0.2808871 0.3767205 0.1105018
v -0.2865625 0.3775464 0.1129891
v -0.2922907 0.3798744 0.1139097
v -0.0120775 1.2781385 0.0190692
v -0.0134021 1.2788652 0.0286755
v -0.0179348 1.2797289 0.0372353
v -0.0251289 1.2806252 0.0437163
v -0.0341167 1.2814461 0.0473367
v -0.3438141 1.3020926 0.0576600
v -0.3530515 1.3024867 0.0546470
v -0.3607146 1.3025808 0.0486613
v -0.3658793 1.3023637 0.0404247
v -0.3679225 1.3018615 0.0309308
v -0.0131095 1.2843528 0.0264773
v -0.0173850 1.2900420 0.0331041
v -0.0243881 1.2945201 0.0381504
v -0.0332743 1.2972468 0.0410075
v -0.3429717 1.3178933 0.0513307
v -0.3523107 1.3163816 0.0490812
v -0.3601648 1.3128940 0.0445301
v -0.3655867 1.3078513 0.0382266
v -0.0130660 1.2875095 0.0214710
v -0.0173031 1.2959748 0.0236953
v -0.0242778 1.3025133 0.0254740
v -0.0331489 1.3063363 0.0265923
v -0.3428463 1.3269828 0.0369156
v -0.3522004 1.3243748 0.0364047
v -0.3600829 1.3188268 0.0351213
v -0.3655432 1.3110080 0.0332202
v -0.0132880 1.2871298 0.0155687
v -0.0177204 1.2952611 0.0126027
v -0.0248401 1.3015517 0.0105289
v -0.0337883 1.3052428 0.0095974
v -0.3434857 1.3258893 0.0199207
v -0.3527626 1.3234132 0.0214596
v -0.3605002 1.3181131 0.0240287
v -0.3657652 1.3106282 0.0273180
v -0.0136909 1.2833585 0.0110250
v -0.0184776 1.2881734 0.0040632
v -0.0258602 1.2920025 -0.0009763
v -0.0349483 1.2943840 -0.0034858
v -0.3446457 1.3150304 0.0068375
v -0.3537828 1.3138640 0.0099544
v -0.3612574 1.3110254 0.0154892
v -0.3661681 1.3068570 0.0227742
v -0.0141207 1.2776363 0.0095753
v -0.0192854 1.2774192 0.0013387
v -0.0269485 1.2775133 -0.0046470
v -0.0361859 1.2779074 -0.0076600
v -0.3458833 1.2985539 0.0026633
v -0.3548711 1.2993748 0.0062837
v -0.3620652 1.3002711 0.0127647
v -0.3665979 1.3011348 0.0213245
v -0.0144133 1.2721487 0.0117734
v -0.0198352 1.2671060 0.0054699
v -0.0276893 1.2636184 0.0009188
v -0.0370283 1.2621067 -0.0013307
v -0.3467257 1.2827532 0.0089925
v -0.3556119 1.2854799 0.0118496
v -0.3626150 1.2899580 0.0168959
v -0.3668905 1.2956472 0.0235227
v -0.0144568 1.2689920 0.0167798
v -0.0199171 1.2611732 0.0148787
v -0.0277996 1.2556252 0.0135953
v -0.0371537 1.2530172 0.0130844
v -0.3468511 1.2736637 0.0234077
v -0.3557222 1.2774867 0.0245260
v -0.3626969 1.2840252 0.0263047
v -0.3669340 1.2924905 0.0285290
v -0.0142348 1.2693718 0.0226820
v -0.0194998 1.2618869 0.0259713
v -0.0272374 1.2565868 0.0285404
v -0.0365143 1.2541107 0.0300793
v -0.3462117 1.2747572 0.0404026
v -0.3551599 1.2784483 0.0394711
v -0.3622796 1.2847389 0.0373973
v -0.3667120 1.2928702 0.0344313
v -0.0138319 1.2731430 0.0272258
v -0.0187426 1.2689746 0.0345108
v -0.0262172 1.2661360 0.0400456
v -0.0353543 1.2649696 0.0431625
v -0.3450517 1.2856160 0.0534858
v -0.3541398 1.2879975 0.0509763
v -0.3615224 1.2918266 0.0459368
v -0.3663091 1.2966415 0.0389750
v 0.0120775 1.2781385 0.0190692
v 0.0141207 1.2776363 0.0095753
v 0.0192854 1.2774192 0.0013387
v 0.0269485 1.2775133 -0.0046470
v 0.0361859 1.2779074 -0.0076600
v 0.3458833 1.2985539 0.0026633
v 0.3548711 1.2993748 0.0062837
v 0.3620652 1.3002711 0.0127647
v 0.3665979 1.3011348 0.0213245
v 0.3679225 1.3018615 0.0309308
v 0.0136909 1.2833585 0.0110250
v 0.0184776 1.2881734 0.0040632
v 0.0258602 1.2920025 -0.0009763
v 0.0349483 1.2943840 -0.0034858
v 0.3446457 1.3150304 0.0068375
v 0.3537828 1.3138640 0.0099544
v 0.3612574 1.3110254 0.0154892
v 0.3661681 1.3068570 0.0227742
v 0.0132880 1.2871298 0.0155687
v 0.0177204 1.2952611 0.0126027
v 0.0248401 1.3015517 0.0105289
v 0.0337883 1.3052428 0.0095974
v 0.3434857 1.3258893 0.0199207
v 0.3527626 1.3234132 0.0214596
v 0.3605002 1.3181131 0.0240287
v 0.3657652 1.3106282 0.0273180
v 0.0130660 1.2875095 0.0214710
v 0.0173031 1.2959748 0.0236953
v 0.0242778 1.3025133 0.0254740
v 0.0331489 1.3063363 0.0265923
v 0.3428463 1.3269828 0.0369156
v 0.3522004 1.3243748 0.0364047
v 0.3600829 1.3188268 0.0351213
v 0.3655432 1.3110080 0.0332202
v 0.0131095 1.2843528 0.0264773
v 0.0173850 1.2900420 0.0331041
v 0.0243881 1.2945201 0.0381504
v 0.0332743 1.2972468 0.0410075
v 0.3429717 1.3178933 0.0513307
v 0.3523107 1.3163816 0.0490812
v 0.3601648 1.3128940 0.0445301
v 0.3655867 1.3078513 0.0382266
v 0.0134021 1.2788652 0.0286755
v 0.0179348 1.2797289 0.0372353
v 0.0251289 1.2806252 0.0437163
v 0.0341167 1.2814461 0.0473367
v 0.3438141 1.3020926 0.0576600
v 0.3530515 1.3024867 0.0546470
v 0.3607146 1.3025808 0.0486613
v 0.3658793 1.3023637 0.0404247
v 0.0138319 1.2731430 0.0272258
v 0.0187426 1.2689746 0.0345108
v 0.0262172 1.2661360 0.0400456
v 0.0353543 1.2649696 0.0431625
v 0.3450517 1.2856160 0.0534858
v 0.3541398 1.2879975 0.0509763
v 0.3615224 1.2918266 0.0459368
v 0.3663091 1.2966415 0.0389750
v 0.0142348 1.2693718 0.0226820
v 0.0194998 1.2618869 0.0259713
v 0.0272374 1.2565868 0.0285404
v 0.0365143 1.2541107 0.0300793
v 0.3462117 1.2747572 0.0404026
v 0.3551599 1.2784483 0.0394711
v 0.3622796 1.2847389 0.0373973
v 0.3667120 1.2928702 0.0344313
v 0.0144568 1.2689920 0.0167798
v 0.0199171 1.2611732 0.0148787
v 0.0277996 1.2556252 0.0135953
v 0.0371537 1.2530172 0.0130844
v 0.3468511 1.2736637 0.0234077
v 0.3557222 1.2774867 0.0245260
v 0.3626969 1.2840252 0.0263047
v 0.3669340 1.2924905 0.0285290
v 0.0144133 1.2721487 0.0117734
v 0.0198352 1.2671060 0.0054699
v 0.0276893 1.2636184 0.0009188
v 0.0370283 1.2621067 -0.0013307
v 0.3467257 1.2827532 0.0089925
v 0.3556119 1.2854799 0.0118496
v 0.3626150 1.2899580 0.0168959
v 0.3668905 1.2956472 0.0235227
v -0.3574302 1.2732088 -0.0000000
v -0.3439982 1.2664750 0.0042991
v -0.3337024 1.2553417 0.0080797
v -0.3277847 1.2411519 0.0108858
v -0.3269587 1.2256170 0.0123789
v -0.4913242 0.6606107 0.0123789
v -0.5003545 0.6479431 0.0108858
v -0.5129605 0.6391420 0.0080797
v -0.5276217 0.6352690 0.0042991
v -0.5425698 0.6367912 0.0000000
v -0.3491346 1.2679692 0.0121645
v -0.3433558 1.2581500 0.0228618
v -0.3407906 1.2449354 0.0308017
v -0.3417485 1.2299195 0.0350264
v -0.5061139 0.6649132 0.0350264
v -0.5133604 0.6517267 0.0308017
v -0.5226139 0.6419503 0.0228618
v -0.5327582 0.6367632 0.0121645
v -0.3577292 1.2704695 0.0153835
v -0.3595083 1.2628489 0.0289115
v -0.3625529 1.2512663 0.0389523
v -0.3664957 1.2371187 0.0442950
v -0.5308611 0.6721124 0.0442950
v -0.5351227 0.6580575 0.0389523
v -0.5387664 0.6466492 0.0289115
v -0.5413528 0.6392635 0.0153835
v -0.3664992 1.2730207 0.0127265
v -0.3759904 1.2676437 0.0239179
v -0.3847591 1.2577263 0.0322246
v -0.3917476 1.2444647 0.0366444
v -0.5561131 0.6794584 0.0366444
v -0.5573289 0.6645175 0.0322246
v -0.5552485 0.6514440 0.0239179
v -0.5501227 0.6418147 0.0127265
v -0.3720946 1.2746485 0.0052084
v -0.3865064 1.2707029 0.0097886
v -0.3989272 1.2618479 0.0131881
v -0.4078590 1.2491516 0.0149969
v -0.5722245 0.6841454 0.0149969
v -0.5714971 0.6686391 0.0131881
v -0.5657645 0.6545032 0.0097886
v -0.5557181 0.6434425 0.0052084
v -0.3723783 1.2747310 -0.0042991
v -0.3870395 1.2708580 -0.0080797
v -0.3996455 1.2620569 -0.0108858
v -0.4086758 1.2493893 -0.0123789
v -0.5730413 0.6843830 -0.0123789
v -0.5722153 0.6688481 -0.0108858
v -0.5662976 0.6546583 -0.0080797
v -0.5560018 0.6435250 -0.0042991
v -0.3672418 1.2732368 -0.0121645
v -0.3773861 1.2680497 -0.0228618
v -0.3866396 1.2582733 -0.0308017
v -0.3938861 1.2450868 -0.0350264
v -0.5582515 0.6800805 -0.0350264
v -0.5592094 0.6650646 -0.0308017
v -0.5566442 0.6518500 -0.0228618
v -0.5508654 0.6420308 -0.0121645
v -0.3586472 1.2707365 -0.0153835
v -0.3612336 1.2633508 -0.0289115
v -0.3648773 1.2519425 -0.0389523
v -0.3691389 1.2378876 -0.0442950
v -0.5335043 0.6728813 -0.0442950
v -0.5374471 0.6587337 -0.0389523
v -0.5404917 0.6471511 -0.0289115
v -0.5422708 0.6395305 -0.0153835
v -0.3498773 1.2681853 -0.0127265
v -0.3447515 1.2585560 -0.0239179
v -0.3426711 1.2454825 -0.0322246
v -0.3438869 1.2305416 -0.0366444
v -0.5082524 0.6655353 -0.0366444
v -0.5152409 0.6522737 -0.0322246
v -0.5240096 0.6423563 -0.0239179
v -0.5335008 0.6369793 -0.0127265
v -0.3442819 1.2665575 -0.0052084
v -0.3342355 1.2554968 -0.0097886
v -0.3285029 1.2413609 -0.0131881
v -0.3277755 1.2258546 -0.0149969
v -0.4921410 0.6608484 -0.0149969
v -0.5010728 0.6481521 -0.0131881
v -0.5134936 0.6392971 -0.0097886
v -0.5279054 0.6353515 -0.0052084
v -0.5269595 0.6928371 -0.0012162
v -0.5159486 0.6898588 -0.0001029
v -0.5066325 0.6832791 0.0010227
v -0.5001349 0.6738916 0.0020250
v -0.4972394 0.6628285 0.0027831
v -0.5482954 0.1114243 0.0232055
v -0.5531754 0.1010544 0.0232412
v -0.5612908 0.0929697 0.0228860
v -0.5716629 0.0881452 0.0221827
v -0.5830405 0.0871629 0.0212162
v -0.5186731 0.6903482 0.0062998
v -0.5117530 0.6841989 0.0130560
v -0.5070336 0.6751308 0.0182375
v -0.5050844 0.6642377 0.0212192
v -0.5561403 0.1128335 0.0416416
v -0.5600741 0.1022937 0.0394536
v -0.5664112 0.0938895 0.0349193
v -0.5743874 0.0886346 0.0285855
v -0.5246328 0.6910319 0.0098598
v -0.5229535 0.6854838 0.0197465
v -0.5221240 0.6768619 0.0272515
v -0.5222446 0.6662063 0.0314696
v -0.5733005 0.1148020 0.0518920
v -0.5751645 0.1040248 0.0484677
v -0.5776117 0.0951744 0.0416098
v -0.5803470 0.0893183 0.0321455
v -0.5315513 0.6916487 0.0092171
v -0.5359559 0.6866429 0.0185386
v -0.5396421 0.6784237 0.0256242
v -0.5421654 0.6679822 0.0296190
v -0.5932213 0.1165780 0.0500414
v -0.5926826 0.1055866 0.0468403
v -0.5906141 0.0963336 0.0404019
v -0.5872655 0.0899351 0.0315028
v -0.5367858 0.6919630 0.0046172
v -0.5457937 0.6872337 0.0098938
v -0.5528966 0.6792196 0.0139770
v -0.5572378 0.6688873 0.0163743
v -0.6082937 0.1174831 0.0367967
v -0.6059370 0.1063824 0.0351932
v -0.6004520 0.0969243 0.0317571
v -0.5925001 0.0902494 0.0269029
v -0.5383371 0.6918548 -0.0021827
v -0.5487092 0.6870303 -0.0028860
v -0.5568246 0.6789456 -0.0032412
v -0.5617046 0.6685757 -0.0032055
v -0.6127606 0.1171715 0.0172169
v -0.6098651 0.1061084 0.0179750
v -0.6033675 0.0967209 0.0189773
v -0.5940514 0.0901412 0.0201029
v -0.5356126 0.6913654 -0.0085855
v -0.5435888 0.6861105 -0.0149193
v -0.5499259 0.6777063 -0.0194536
v -0.5538597 0.6671665 -0.0216416
v -0.6049156 0.1157623 -0.0012192
v -0.6029664 0.1048692 0.0017625
v -0.5982470 0.0958011 0.0069440
v -0.5913269 0.0896518 0.0137002
v -0.5296530 0.6906817 -0.0121455
v -0.5323883 0.6848256 -0.0216098
v -0.5348355 0.6759752 -0.0284677
v -0.5366995 0.6651980 -0.0318920
v -0.5877554 0.1137937 -0.0114696
v -0.5878760 0.1031381 -0.0072515
v -0.5870465 0.0945162 0.0002535
v -0.5853672 0.0889681 0.0101402
v -0.5227345 0.6900649 -0.0115028
v -0.5193859 0.6836664 -0.0204019
v -0.5173174 0.6744134 -0.0268403
v -0.5167787 0.6634220 -0.0300414
v -0.5678346 0.1120178 -0.0096190
v -0.5703579 0.1015763 -0.0056242
v -0.5740441 0.0933571 0.0014614
v -0.5784487 0.0883513 0.0107829
v -0.5174999 0.6897506 -0.0069029
v -0.5095480 0.6830757 -0.0117571
v -0.5040630 0.6736176 -0.0151932
v -0.5017063 0.6625169 -0.0167967
v -0.5527622 0.1111127 0.0036257
v -0.5571034 0.1007804 0.0060230
v -0.5642063 0.0927663 0.0101062
v -0.5732142 0.0880370 0.0153828
v -0.4880096 0.6868702 0.0217416
v -0.4789488 0.6845255 0.0223173
v -0.4712208 0.6792227 0.0226135
v -0.4657580 0.6716014 0.0225945
v -0.4632190 0.6625807 0.0222626
v -0.5039103 0.1132488 -0.0133423
v -0.5077483 0.1047312 -0.0141471
v -0.5142703 0.0980552 -0.0150547
v -0.5226894 0.0940261 -0.0159558
v -0.5319904 0.0931298 -0.0167416
v -0.4811278 0.6843452 0.0275891
v -0.4753161 0.6788839 0.0325213
v -0.4712755 0.6711449 0.0359432
v -0.4694934 0.6620616 0.0374421
v -0.5101846 0.1127297 0.0018373
v -0.5132659 0.1042747 -0.0007984
v -0.5183656 0.0977164 -0.0051470
v -0.5248685 0.0938458 -0.0106840
v -0.4859813 0.6845104 0.0305873
v -0.4844378 0.6791944 0.0381559
v -0.4835651 0.6715632 0.0435348
v -0.4834686 0.6625373 0.0460749
v -0.5241598 0.1132054 0.0104701
v -0.5255555 0.1046930 0.0067932
v -0.5274872 0.0980269 0.0004877
v -0.5297220 0.0940110 -0.0076859
v -0.4916555 0.6849580 0.0301665
v -0.4951016 0.6800355 0.0373652
v -0.4979324 0.6726965 0.0424694
v -0.4998065 0.6638260 0.0448635
v -0.5404978 0.1144941 0.0092587
v -0.5399228 0.1058263 0.0057279
v -0.5381511 0.0988681 -0.0003030
v -0.5353961 0.0944586 -0.0081066
v -0.4959828 0.6855170 0.0264876
v -0.5032344 0.6810861 0.0304512
v -0.5088897 0.6741119 0.0331542
v -0.5122667 0.6654356 0.0342706
v -0.5529579 0.1161037 -0.0013343
v -0.5508801 0.1072417 -0.0035874
v -0.5462839 0.0999186 -0.0072171
v -0.5397235 0.0950176 -0.0117855
v -0.4973106 0.6859739 0.0209558
v -0.5057297 0.6819448 0.0200547
v -0.5122517 0.6752688 0.0191471
v -0.5160897 0.6667512 0.0183423
v -0.5567810 0.1174193 -0.0172626
v -0.5542420 0.1083986 -0.0175945
v -0.5487792 0.1007773 -0.0176135
v -0.5410512 0.0954745 -0.0173173
v -0.4951315 0.6861542 0.0156840
v -0.5016344 0.6822836 0.0101470
v -0.5067341 0.6757253 0.0057984
v -0.5098154 0.6672703 0.0031627
v -0.5505066 0.1179384 -0.0324421
v -0.5487245 0.1088551 -0.0309432
v -0.5446839 0.1011161 -0.0275213
v -0.5388722 0.0956548 -0.0225891
v -0.4902780 0.6859890 0.0126859
v -0.4925128 0.6819731 0.0045123
v -0.4944445 0.6753070 -0.0017932
v -0.4958402 0.6667946 -0.0054701
v -0.5365314 0.1174627 -0.0410749
v -0.5364349 0.1084368 -0.0385348
v -0.5355622 0.1008056 -0.0331559
v -0.5340187 0.0954896 -0.0255873
v -0.4846039 0.6855414 0.0131066
v -0.4818489 0.6811319 0.0053030
v -0.4800772 0.6741737 -0.0007279
v -0.4795022 0.6655059 -0.0042587
v -0.5201935 0.1161740 -0.0398635
v -0.5220676 0.1073035 -0.0374694
v -0.5248984 0.0999645 -0.0323652
v -0.5283445 0.0950420 -0.0251665
v -0.4802765 0.6849824 0.0167855
v -0.4737161 0.6800814 0.0122171
v -0.4691199 0.6727583 0.0085874
v -0.4670421 0.6638963 0.0063343
v -0.5077333 0.1145644 -0.0292706
v -0.5111103 0.1058881 -0.0281542
v -0.5167656 0.0989139 -0.0254512
v -0.5240172 0.0944830 -0.0214876
v -0.6094298 0.0805846 0.0200000
v -0.5305702 0.0805846 0.0200000
v -0.6094298 -0.1405846 0.0200000
v -0.5305702 -0.1405846 0.0200000
v -0.5700000 -0.0983450 0.0497728
v -0.5700000 0.0383450 0.0497728
v -0.5700000 -0.0983450 -0.0097728
v -0.5700000 0.0383450 -0.0097728
v -0.5062012 -0.0300000 0.0015994
v -0.5062012 -0.0300000 0.0384006
v -0.6337988 -0.0300000 0.0015994
v -0.6337988 -0.0300000 0.0384006
v -0.5700000 0.1000000 0.0200000
v -0.5700000 -0.1600000 0.0200000
v -0.5931763 -0.1351722 0.0375000
v -0.5468237 -0.1351722 0.0375000
v -0.5931763 0.0751722 0.0375000
v -0.5468237 0.0751722 0.0375000
v -0.5700000 -0.0300000 0.0550000
v -0.5931763 -0.1351722 0.0025000
v -0.5468237 -0.1351722 0.0025000
v -0.5931763 0.0751722 0.0025000
v -0.5468237 0.0751722 0.0025000
v -0.5700000 -0.0300000 -0.0150000
v -0.5093237 0.0350000 0.0091844
v -0.5093237 -0.0950000 0.0091844
v -0.5325000 -0.0701722 -0.0083156
v -0.5325000 0.0101722 -0.0083156
v -0.5093237 0.0350000 0.0308156
v -0.5093237 -0.0950000 0.0308156
v -0.5325000 -0.0701722 0.0483156
v -0.5325000 0.0101722 0.0483156
v -0.4950000 -0.0300000 0.0200000
v -0.6306763 0.0350000 0.0091844
v -0.6306763 -0.0950000 0.0091844
v -0.6075000 -0.0701722 -0.0083156
v -0.6075000 0.0101722 -0.0083156
v -0.6306763 0.0350000 0.0308156
v -0.6306763 -0.0950000 0.0308156
v -0.6075000 -0.0701722 0.0483156
v -0.6075000 0.0101722 0.0483156
v -0.6450000 -0.0300000 0.0200000
v -0.5904950 0.0950520 0.0200000
v -0.5495050 0.0950520 0.0200000
v -0.5904950 -0.1550520 0.0200000
v -0.5495050 -0.1550520 0.0200000
v -0.6025416 -0.1421469 0.0290962
v -0.5820467 -0.1201915 0.0445716
v -0.5821845 -0.1536373 0.0292003
v -0.5374584 -0.1421469 0.0290962
v -0.5579533 -0.1201915 0.0445716
v -0.5578155 -0.1536373 0.0292003
v -0.5700000 -0.1405846 0.0384006
v -0.6025416 0.0821469 0.0290962
v -0.5820467 0.0601915 0.0445716
v -0.5821845 0.0936373 0.0292003
v -0.5374584 0.0821469 0.0290962
v -0.5579533 0.0601915 0.0445716
v -0.5578155 0.0936373 0.0292003
v -0.5700000 0.0805846 0.0384006
v -0.5700000 -0.0655246 0.0536678
v -0.5700000 0.0055246 0.0536678
v -0.6025416 -0.1421469 0.0109038
v -0.5820467 -0.1201915 -0.0045716
v -0.5821845 -0.1536373 0.0107997
v -0.5374584 -0.1421469 0.0109038
v -0.5579533 -0.1201915 -0.0045716
v -0.5578155 -0.1536373 0.0107997
v -0.5700000 -0.1405846 0.0015994
v -0.6025416 0.0821469 0.0109038
v -0.5820467 0.0601915 -0.0045716
v -0.5821845 0.0936373 0.0107997
v -0.5374584 0.0821469 0.0109038
v -0.5579533 0.0601915 -0.0045716
v -0.5578155 0.0936373 0.0107997
v -0.5700000 0.0805846 0.0015994
v -0.5700000 -0.0655246 -0.0136678
v -0.5700000 0.0055246 -0.0136678
v -0.5179665 0.0612660 0.0143782
v -0.5052999 0.0037859 0.0048139
v -0.5259161 0.0594648 0.0051136
v -0.5179665 -0.1212660 0.0143782
v -0.5052999 -0.0637859 0.0048139
v -0.5259161 -0.1194648 0.0051136
v -0.5505081 -0.0864055 -0.0101934
v -0.5173465 -0.0508809 -0.0042823
v -0.5381006 -0.1064121 -0.0040867
v -0.5502851 -0.0511198 -0.0132870
v -0.5183857 -0.0852923 -0.0005725
v -0.5505081 0.0264055 -0.0101934
v -0.5173465 -0.0091191 -0.0042823
v -0.5381006 0.0464121 -0.0040867
v -0.5502851 -0.0088802 -0.0132870
v -0.5183857 0.0252923 -0.0005725
v -0.5305702 -0.0300000 -0.0097728
v -0.5179665 0.0612660 0.0256218
v -0.5052999 0.0037859 0.0351861
v -0.5259161 0.0594648 0.0348864
v -0.5062012 0.0383450 0.0200000
v -0.5179665 -0.1212660 0.0256218
v -0.5052999 -0.0637859 0.0351861
v -0.5259161 -0.1194648 0.0348864
v -0.5062012 -0.0983450 0.0200000
v -0.5505081 -0.0864055 0.0501934
v -0.5173465 -0.0508809 0.0442823
v -0.5381006 -0.1064121 0.0440867
v -0.5502851 -0.0511198 0.0532870
v -0.5183857 -0.0852923 0.0405725
v -0.5505081 0.0264055 0.0501934
v -0.5173465 -0.0091191 0.0442823
v -0.5381006 0.0464121 0.0440867
v -0.5502851 -0.0088802 0.0532870
v -0.5183857 0.0252923 0.0405725
v -0.5305702 -0.0300000 0.0497728
v -0.4978546 -0.0300000 0.0104357
v -0.4978546 -0.0300000 0.0295643
v -0.4986708 0.0041725 0.0143139
v -0.4986708 -0.0641725 0.0143139
v -0.4986708 0.0041725 0.0256861
v -0.4986708 -0.0641725 0.0256861
v -0.6220335 0.0612660 0.0143782
v -0.6347001 0.0037859 0.0048139
v -0.6140839 0.0594648 0.0051136
v -0.6220335 -0.1212660 0.0143782
v -0.6347001 -0.0637859 0.0048139
v -0.6140839 -0.1194648 0.0051136
v -0.5894919 -0.0864055 -0.0101934
v -0.6226535 -0.0508809 -0.0042823
v -0.6018994 -0.1064121 -0.0040867
v -0.5897149 -0.0511198 -0.0132870
v -0.6216143 -0.0852923 -0.0005725
v -0.5894919 0.0264055 -0.0101934
v -0.6226535 -0.0091191 -0.0042823
v -0.6018994 0.0464121 -0.0040867
v -0.5897149 -0.0088802 -0.0132870
v -0.6216143 0.0252923 -0.0005725
v -0.6094298 -0.0300000 -0.0097728
v -0.6220335 0.0612660 0.0256218
v -0.6347001 0.0037859 0.0351861
v -0.6140839 0.0594648 0.0348864
v -0.6337988 0.0383450 0.0200000
v -0.6220335 -0.1212660 0.0256218
v -0.6347001 -0.0637859 0.0351861
v -0.6140839 -0.1194648 0.0348864
v -0.6337988 -0.0983450 0.0200000
v -0.5894919 -0.0864055 0.0501934
v -0.6226535 -0.0508809 0.0442823
v -0.6018994 -0.1064121 0.0440867
v -0.5897149 -0.0511198 0.0532870
v -0.6216143 -0.0852923 0.0405725
v -0.5894919 0.0264055 0.0501934
v -0.6226535 -0.0091191 0.0442823
v -0.6018994 0.0464121 0.0440867
v -0.5897149 -0.0088802 0.0532870
v -0.6216143 0.0252923 0.0405725
v -0.6094298 -0.0300000 0.0497728
v -0.6421454 -0.0300000 0.0104357
v -0.6421454 -0.0300000 0.0295643
v -0.6413292 0.0041725 0.0143139
v -0.6413292 -0.0641725 0.0143139
v -0.6413292 0.0041725 0.0256861
v -0.6413292 -0.0641725 0.0256861
v 0.3574302 1.2732088 -0.0000000
v 0.3723783 1.2747310 -0.0042991
v 0.3870395 1.2708580 -0.0080797
v 0.3996455 1.2620569 -0.0108858
v 0.4086758 1.2493893 -0.0123789
v 0.5730413 0.6843830 -0.0123789
v 0.5722153 0.6688481 -0.0108858
v 0.5662976 0.6546583 -0.0080797
v 0.5560018 0.6435250 -0.0042991
v 0.5425698 0.6367912 0.0000000
v 0.3720946 1.2746485 0.0052084
v 0.3865064 1.2707029 0.0097886
v 0.3989272 1.2618479 0.0131881
v 0.4078590 1.2491516 0.0149969
v 0.5722245 0.6841454 0.0149969
v 0.5714971 0.6686391 0.0131881
v 0.5657645 0.6545032 0.0097886
v 0.5557181 0.6434425 0.0052084
v 0.3664992 1.2730207 0.0127265
v 0.3759904 1.2676437 0.0239179
v 0.3847591 1.2577263 0.0322246
v 0.3917476 1.2444647 0.0366444
v 0.5561131 0.6794584 0.0366444
v 0.5573289 0.6645175 0.0322246
v 0.5552485 0.6514440 0.0239179
v 0.5501227 0.6418147 0.0127265
v 0.3577292 1.2704695 0.0153835
v 0.3595083 1.2628489 0.0289115
v 0.3625529 1.2512663 0.0389523
v 0.3664957 1.2371187 0.0442950
v 0.5308611 0.6721124 0.0442950
v 0.5351227 0.6580575 0.0389523
v 0.5387664 0.6466492 0.0289115
v 0.5413528 0.6392635 0.0153835
v 0.3491346 1.2679692 0.0121645
v 0.3433558 1.2581500 0.0228618
v 0.3407906 1.2449354 0.0308017
v 0.3417485 1.2299195 0.0350264
v 0.5061139 0.6649132 0.0350264
v 0.5133604 0.6517267 0.0308017
v 0.5226139 0.6419503 0.0228618
v 0.5327582 0.6367632 0.0121645
v 0.3439982 1.2664750 0.0042991
v 0.3337024 1.2553417 0.0080797
v 0.3277847 1.2411519 0.0108858
v 0.3269587 1.2256170 0.0123789
v 0.4913242 0.6606107 0.0123789
v 0.5003545 0.6479431 0.0108858
v 0.5129605 0.6391420 0.0080797
v 0.5276217 0.6352690 0.0042991
v 0.3442819 1.2665575 -0.0052084
v 0.3342355 1.2554968 -0.0097886
v 0.3285029 1.2413609 -0.0131881
v 0.3277755 1.2258546 -0.0149969
v 0.4921410 0.6608484 -0.0149969
v 0.5010728 0.6481521 -0.0131881
v 0.5134936 0.6392971 -0.0097886
v 0.5279054 0.6353515 -0.0052084
v 0.3498773 1.2681853 -0.0127265
v 0.3447515 1.2585560 -0.0239179
v 0.3426711 1.2454825 -0.0322246
v 0.3438869 1.2305416 -0.0366444
v 0.5082524 0.6655353 -0.0366444
v 0.5152409 0.6522737 -0.0322246
v 0.5240096 0.6423563 -0.0239179
v 0.5335008 0.6369793 -0.0127265
v 0.3586472 1.2707365 -0.0153835
v 0.3612336 1.2633508 -0.0289115
v 0.3648773 1.2519425 -0.0389523
v 0.3691389 1.2378876 -0.0442950
v 0.5335043 0.6728813 -0.0442950
v 0.5374471 0.6587337 -0.0389523
v 0.5404917 0.6471511 -0.0289115
v 0.5422708 0.6395305 -0.0153835
v 0.3672418 1.2732368 -0.0121645
v 0.3773861 1.2680497 -0.0228618
v 0.3866396 1.2582733 -0.0308017
v 0.3938861 1.2450868 -0.0350264
v 0.5582515 0.6800805 -0.0350264
v 0.5592094 0.6650646 -0.0308017
v 0.5566442 0.6518500 -0.0228618
v 0.5508654 0.6420308 -0.0121645
v 0.5269595 0.6928371 -0.0012162
v 0.5383371 0.6918548 -0.0021827
v 0.5487092 0.6870303 -0.0028860
v 0.5568246 0.6789456 -0.0032412
v 0.5617046 0.6685757 -0.0032055
v 0.6127606 0.1171715 0.0172169
v 0.6098651 0.1061084 0.0179750
v 0.6033675 0.0967209 0.0189773
v 0.5940514 0.0901412 0.0201029
v 0.5830405 0.0871629 0.0212162
v 0.5367858 0.6919630 0.0046172
v 0.5457937 0.6872337 0.0098938
v 0.5528966 0.6792196 0.0139770
v 0.5572378 0.6688873 0.0163743
v 0.6082937 0.1174831 0.0367967
v 0.6059370 0.1063824 0.0351932
v 0.6004520 0.0969243 0.0317571
v 0.5925001 0.0902494 0.0269029
v 0.5315513 0.6916487 0.0092171
v 0.5359559 0.6866429 0.0185386
v 0.5396421 0.6784237 0.0256242
v 0.5421654 0.6679822 0.0296190
v 0.5932213 0.1165780 0.0500414
v 0.5926826 0.1055866 0.0468403
v 0.5906141 0.0963336 0.0404019
v 0.5872655 0.0899351 0.0315028
v 0.5246328 0.6910319 0.0098598
v 0.5229535 0.6854838 0.0197465
v 0.5221240 0.6768619 0.0272515
v 0.5222446 0.6662063 0.0314696
v 0.5733005 0.1148020 0.0518920
v 0.5751645 0.1040248 0.0484677
v 0.5776117 0.0951744 0.0416098
v 0.5803470 0.0893183 0.0321455
v 0.5186731 0.6903482 0.0062998
v 0.5117530 0.6841989 0.0130560
v 0.5070336 0.6751308 0.0182375
v 0.5050844 0.6642377 0.0212192
v 0.5561403 0.1128335 0.0416416
v 0.5600741 0.1022937 0.0394536
v 0.5664112 0.0938895 0.0349193
v 0.5743874 0.0886346 0.0285855
v 0.5159486 0.6898588 -0.0001029
v 0.5066325 0.6832791 0.0010227
v 0.5001349 0.6738916 0.0020250
v 0.4972394 0.6628285 0.0027831
v 0.5482954 0.1114243 0.0232055
v 0.5531754 0.1010544 0.0232412
v 0.5612908 0.0929697 0.0228860
v 0.5716629 0.0881452 0.0221827
v 0.5174999 0.6897506 -0.0069029
v 0.5095480 0.6830757 -0.0117571
v 0.5040630 0.6736176 -0.0151932
v 0.5017063 0.6625169 -0.0167967
v 0.5527622 0.1111127 0.0036257
v 0.5571034 0.1007804 0.0060230
v 0.5642063 0.0927663 0.0101062
v 0.5732142 0.0880370 0.0153828
v 0.5227345 0.6900649 -0.0115028
v 0.5193859 0.6836664 -0.0204019
v 0.5173174 0.6744134 -0.0268403
v 0.5167787 0.6634220 -0.0300414
v 0.5678346 0.1120178 -0.0096190
v 0.5703579 0.1015763 -0.0056242
v 0.5740441 0.0933571 0.0014614
v 0.5784487 0.0883513 0.0107829
v 0.5296530 0.6906817 -0.0121455
v 0.5323883 0.6848256 -0.0216098
v 0.5348355 0.6759752 -0.0284677
v 0.5366995 0.6651980 -0.0318920
v 0.5877554 0.1137937 -0.0114696
v 0.5878760 0.1031381 -0.0072515
v 0.5870465 0.0945162 0.0002535
v 0.5853672 0.0889681 0.0101402
v 0.5356126 0.6913654 -0.0085855
v 0.5435888 0.6861105 -0.0149193
v 0.5499259 0.6777063 -0.0194536
v 0.5538597 0.6671665 -0.0216416
v 0.6049156 0.1157623 -0.0012192
v 0.6029664 0.1048692 0.0017625
v 0.5982470 0.0958011 0.0069440
v 0.5913269 0.0896518 0.0137002
v 0.4880096 0.6868702 0.0217416
v 0.4973106 0.6859739 0.0209558
v 0.5057297 0.6819448 0.0200547
v 0.5122517 0.6752688 0.0191471
v 0.5160897 0.6667512 0.0183423
v 0.5567810 0.1174193 -0.0172626
v 0.5542420 0.1083986 -0.0175945
v 0.5487792 0.1007773 -0.0176135
v 0.5410512 0.0954745 -0.0173173
v 0.5319904 0.0931298 -0.0167416
v 0.4959828 0.6855170 0.0264876
v 0.5032344 0.6810861 0.0304512
v 0.5088897 0.6741119 0.0331542
v 0.5122667 0.6654356 0.0342706
v 0.5529579 0.1161037 -0.0013343
v 0.5508801 0.1072417 -0.0035874
v 0.5462839 0.0999186 -0.0072171
v 0.5397235 0.0950176 -0.0117855
v 0.4916555 0.6849580 0.0301665
v 0.4951016 0.6800355 0.0373652
v 0.4979324 0.6726965 0.0424694
v 0.4998065 0.6638260 0.0448635
v 0.5404978 0.1144941 0.0092587
v 0.5399228 0.1058263 0.0057279
v 0.5381511 0.0988681 -0.0003030
v 0.5353961 0.0944586 -0.0081066
v 0.4859813 0.6845104 0.0305873
v 0.4844378 0.6791944 0.0381559
v 0.4835651 0.6715632 0.0435348
v 0.4834686 0.6625373 0.0460749
v 0.5241598 0.1132054 0.0104701
v 0.5255555 0.1046930 0.0067932
v 0.5274872 0.0980269 0.0004877
v 0.5297220 0.0940110 -0.0076859
v 0.4811278 0.6843452 0.0275891
v 0.4753161 0.6788839 0.0325213
v 0.4712755 0.6711449 0.0359432
v 0.4694934 0.6620616 0.0374421
v 0.5101846 0.1127297 0.0018373
v 0.5132659 0.1042747 -0.0007984
v 0.5183656 0.0977164 -0.0051470
v 0.5248685 0.0938458 -0.0106840
v 0.4789488 0.6845255 0.0223173
v 0.4712208 0.6792227 0.0226135
v 0.4657580 0.6716014 0.0225945
v 0.4632190 0.6625807 0.0222626
v 0.5039103 0.1132488 -0.0133423
v 0.5077483 0.1047312 -0.0141471
v 0.5142703 0.0980552 -0.0150547
v 0.5226894 0.0940261 -0.0159558
v 0.4802765 0.6849824 0.0167855
v 0.4737161 0.6800814 0.0122171
v 0.4691199 0.6727583 0.0085874
v 0.4670421 0.6638963 0.0063343
v 0.5077333 0.1145644 -0.0292706
v 0.5111103 0.1058881 -0.0281542
v 0.5167656 0.0989139 -0.0254512
v 0.5240172 0.0944830 -0.0214876
v 0.4846039 0.6855414 0.0131066
v 0.4818489 0.6811319 0.0053030
v 0.4800772 0.6741737 -0.0007279
v 0.4795022 0.6655059 -0.0042587
v 0.5201935 0.1161740 -0.0398635
v 0.5220676 0.1073035 -0.0374694
v 0.5248984 0.0999645 -0.0323652
v 0.5283445 0.0950420 -0.0251665
v 0.4902780 0.6859890 0.0126859
v 0.4925128 0.6819731 0.0045123
v 0.4944445 0.6753070 -0.0017932
v 0.4958402 0.6667946 -0.0054701
v 0.5365314 0.1174627 -0.0410749
v 0.5364349 0.1084368 -0.0385348
v 0.5355622 0.1008056 -0.0331559
v 0.5340187 0.0954896 -0.0255873
v 0.4951315 0.6861542 0.0156840
v 0.5016344 0.6822836 0.0101470
v 0.5067341 0.6757253 0.0057984
v 0.5098154 0.6672703 0.0031627
v 0.5505066 0.1179384 -0.0324421
v 0.5487245 0.1088551 -0.0309432
v 0.5446839 0.1011161 -0.0275213
v 0.5388722 0.0956548 -0.0225891
v 0.5305702 0.0805846 0.0200000
v 0.6094298 0.0805846 0.0200000
v 0.5305702 -0.1405846 0.0200000
v 0.6094298 -0.1405846 0.0200000
v 0.5700000 -0.0983450 0.0497728
v 0.5700000 0.0383450 0.0497728
v 0.5700000 -0.0983450 -0.0097728
v 0.5700000 0.0383450 -0.0097728
v 0.6337988 -0.0300000 0.0015994
v 0.6337988 -0.0300000 0.0384006
v 0.5062012 -0.0300000 0.0015994
v 0.5062012 -0.0300000 0.0384006
v 0.5700000 0.1000000 0.0200000
v 0.5700000 -0.1600000 0.0200000
v 0.5468237 -0.1351722 0.0375000
v 0.5931763 -0.1351722 0.0375000
v 0.5468237 0.0751722 0.0375000
v 0.5931763 0.0751722 0.0375000
v 0.5700000 -0.0300000 0.0550000
v 0.5468237 -0.1351722 0.0025000
v 0.5931763 -0.1351722 0.0025000
v 0.5468237 0.0751722 0.0025000
v 0.5931763 0.0751722 0.0025000
v 0.5700000 -0.0300000 -0.0150000
v 0.6306763 0.0350000 0.0091844
v 0.6306763 -0.0950000 0.0091844
v 0.6075000 -0.0701722 -0.0083156
v 0.6075000 0.0101722 -0.0083156
v 0.6306763 0.0350000 0.0308156
v 0.6306763 -0.0950000 0.0308156
v 0.6075000 -0.0701722 0.0483156
v 0.6075000 0.0101722 0.0483156
v 0.6450000 -0.0300000 0.0200000
v 0.5093237 0.0350000 0.0091844
v 0.5093237 -0.0950000 0.0091844
v 0.5325000 -0.0701722 -0.0083156
v 0.5325000 0.0101722 -0.0083156
v 0.5093237 0.0350000 0.0308156
v 0.5093237 -0.0950000 0.0308156
v 0.5325000 -0.0701722 0.0483156
v 0.5325000 0.0101722 0.0483156
v 0.4950000 -0.0300000 0.0200000
v 0.5495050 0.0950520 0.0200000
v 0.5904950 0.0950520 0.0200000
v 0.5495050 -0.1550520 0.0200000
v 0.5904950 -0.1550520 0.0200000
v 0.5374584 -0.1421469 0.0290962
v 0.5579533 -0.1201915 0.0445716
v 0.5578155 -0.1536373 0.0292003
v 0.6025416 -0.1421469 0.0290962
v 0.5820467 -0.1201915 0.0445716
v 0.5821845 -0.1536373 0.0292003
v 0.5700000 -0.1405846 0.0384006
v 0.5374584 0.0821469 0.0290962
v 0.5579533 0.0601915 0.0445716
v 0.5578155 0.0936373 0.0292003
v 0.6025416 0.0821469 0.0290962
v 0.5820467 0.0601915 0.0445716
v 0.5821845 0.0936373 0.0292003
v 0.5700000 0.0805846 0.0384006
v 0.5700000 -0.0655246 0.0536678
v 0.5700000 0.0055246 0.0536678
v 0.5374584 -0.1421469 0.0109038
v 0.5579533 -0.1201915 -0.0045716
v 0.5578155 -0.1536373 0.0107997
v 0.6025416 -0.1421469 0.0109038
v 0.5820467 -0.1201915 -0.0045716
v 0.5821845 -0.1536373 0.0107997
v 0.5700000 -0.1405846 0.0015994
v 0.5374584 0.0821469 0.0109038
v 0.5579533 0.0601915 -0.0045716
v 0.5578155 0.0936373 0.0107997
v 0.6025416 0.0821469 0.0109038
v 0.5820467 0.0601915 -0.0045716
v 0.5821845 0.0936373 0.0107997
v 0.5700000 0.0805846 0.0015994
v 0.5700000 -0.0655246 -0.0136678
v 0.5700000 0.0055246 -0.0136678
v 0.6220335 0.0612660 0.0143782
v 0.6347001 0.0037859 0.0048139
v 0.6140839 0.0594648 0.0051136
v 0.6220335 -0.1212660 0.0143782
v 0.6347001 -0.0637859 0.0048139
v 0.6140839 -0.1194648 0.0051136
v 0.5894919 -0.0864055 -0.0101934
v 0.6226535 -0.0508809 -0.0042823
v 0.6018994 -0.1064121 -0.0040867
v 0.5897149 -0.0511198 -0.0132870
v 0.6216143 -0.0852923 -0.0005725
v 0.5894919 0.0264055 -0.0101934
v 0.6226535 -0.0091191 -0.0042823
v 0.6018994 0.0464121 -0.0040867
v 0.5897149 -0.0088802 -0.0132870
v 0.6216143 0.0252923 -0.0005725
v 0.6094298 -0.0300000 -0.0097728
v 0.6220335 0.0612660 0.0256218
v 0.6347001 0.0037859 0.0351861
v 0.6140839 0.0594648 0.0348864
v 0.6337988 0.0383450 0.0200000
v 0.6220335 -0.1212660 0.0256218
v 0.6347001 -0.0637859 0.0351861
v 0.6140839 -0.1194648 0.0348864
v 0.6337988 -0.0983450 0.0200000
v 0.5894919 -0.0864055 0.0501934
v 0.6226535 -0.0508809 0.0442823
v 0.6018994 -0.1064121 0.0440867
v 0.5897149 -0.0511198 0.0532870
v 0.6216143 -0.0852923 0.0405725
v 0.5894919 0.0264055 0.0501934
v 0.6226535 -0.0091191 0.0442823
v 0.6018994 0.0464121 0.0440867
v 0.5897149 -0.0088802 0.0532870
v 0.6216143 0.0252923 0.0405725
v 0.6094298 -0.0300000 0.0497728
v 0.6421454 -0.0300000 0.0104357
v 0.6421454 -0.0300000 0.0295643
v 0.6413292 0.0041725 0.0143139
v 0.6413292 -0.0641725 0.0143139
v 0.6413292 0.0041725 0.0256861
v 0.6413292 -0.0641725 0.0256861
v 0.5179665 0.0612660 0.0143782
v 0.5052999 0.0037859 0.0048139
v 0.5259161 0.0594648 0.0051136
v 0.5179665 -0.1212660 0.0143782
v 0.5052999 -0.0637859 0.0048139
v 0.5259161 -0.1194648 0.0051136
v 0.5505081 -0.0864055 -0.0101934
v 0.5173465 -0.0508809 -0.0042823
v 0.5381006 -0.1064121 -0.0040867
v 0.5502851 -0.0511198 -0.0132870
v 0.5183857 -0.0852923 -0.0005725
v 0.5505081 0.0264055 -0.0101934
v 0.5173465 -0.0091191 -0.0042823
v 0.5381006 0.0464121 -0.0040867
v 0.5502851 -0.0088802 -0.0132870
v 0.5183857 0.0252923 -0.0005725
v 0.5305702 -0.0300000 -0.0097728
v 0.5179665 0.0612660 0.0256218
v 0.5052999 0.0037859 0.0351861
v 0.5259161 0.0594648 0.0348864
v 0.5062012 0.0383450 0.0200000
v 0.5179665 -0.1212660 0.0256218
v 0.5052999 -0.0637859 0.0351861
v 0.5259161 -0.1194648 0.0348864
v 0.5062012 -0.0983450 0.0200000
v 0.5505081 -0.0864055 0.0501934
v 0.5173465 -0.0508809 0.0442823
v 0.5381006 -0.1064121 0.0440867
v 0.5502851 -0.0511198 0.0532870
v 0.5183857 -0.0852923 0.0405725
v 0.5505081 0.0264055 0.0501934
v 0.5173465 -0.0091191 0.0442823
v 0.5381006 0.0464121 0.0440867
v 0.5502851 -0.0088802 0.0532870
v 0.5183857 0.0252923 0.0405725
v 0.5305702 -0.0300000 0.0497728
v 0.4978546 -0.0300000 0.0104357
v 0.4978546 -0.0300000 0.0295643
v 0.4986708 0.0041725 0.0143139
v 0.4986708 -0.0641725 0.0143139
v 0.4986708 0.0041725 0.0256861
v 0.4986708 -0.0641725 0.0256861
v -0.2246316 -0.2198698 0.0000000
v -0.0353684 -0.2198698 0.0000000
v -0.2246316 -0.5601302 0.0000000
v -0.0353684 -0.5601302 0.0000000
v -0.1300000 -0.4951462 0.1020781
v -0.1300000 -0.2848538 0.1020781
v -0.1300000 -0.4951462 -0.1020781
v -0.1300000 -0.2848538 -0.1020781
v 0.0231171 -0.3900000 -0.0630877
v 0.0231171 -0.3900000 0.0630877
v -0.2831171 -0.3900000 -0.0630877
v -0.2831171 -0.3900000 0.0630877
v -0.1300000 -0.1900000 0.0000000
v -0.1300000 -0.5900000 0.0000000
v -0.1856231 -0.5518034 0.0600000
v -0.0743769 -0.5518034 0.0600000
v -0.1856231 -0.2281966 0.0600000
v -0.0743769 -0.2281966 0.0600000
v -0.1300000 -0.3900000 0.1200000
v -0.1856231 -0.5518034 -0.0600000
v -0.0743769 -0.5518034 -0.0600000
v -0.1856231 -0.2281966 -0.0600000
v -0.0743769 -0.2281966 -0.0600000
v -0.1300000 -0.3900000 -0.1200000
v 0.0156231 -0.2900000 -0.0370820
v 0.0156231 -0.4900000 -0.0370820
v -0.0400000 -0.4518034 -0.0970820
v -0.0400000 -0.3281966 -0.0970820
v 0.0156231 -0.2900000 0.0370820
v 0.0156231 -0.4900000 0.0370820
v -0.0400000 -0.4518034 0.0970820
v -0.0400000 -0.3281966 0.0970820
v 0.0500000 -0.3900000 0.0000000
v -0.2756231 -0.2900000 -0.0370820
v -0.2756231 -0.4900000 -0.0370820
v -0.2200000 -0.4518034 -0.0970820
v -0.2200000 -0.3281966 -0.0970820
v -0.2756231 -0.2900000 0.0370820
v -0.2756231 -0.4900000 0.0370820
v -0.2200000 -0.4518034 0.0970820
v -0.2200000 -0.3281966 0.0970820
v -0.3100000 -0.3900000 0.0000000
v -0.1791880 -0.1976123 0.0000000
v -0.0808120 -0.1976123 0.0000000
v -0.1791880 -0.5823877 0.0000000
v -0.0808120 -0.5823877 0.0000000
v -0.2080999 -0.5625337 0.0311870
v -0.1589120 -0.5287561 0.0842456
v -0.1592428 -0.5802113 0.0315439
v -0.0519001 -0.5625337 0.0311870
v -0.1010880 -0.5287561 0.0842456
v -0.1007572 -0.5802113 0.0315439
v -0.1300000 -0.5601302 0.0630877
v -0.2080999 -0.2174663 0.0311870
v -0.1589120 -0.2512439 0.0842456
v -0.1592428 -0.1997887 0.0315439
v -0.0519001 -0.2174663 0.0311870
v -0.1010880 -0.2512439 0.0842456
v -0.1007572 -0.1997887 0.0315439
v -0.1300000 -0.2198698 0.0630877
v -0.1300000 -0.4446533 0.1154326
v -0.1300000 -0.3353467 0.1154326
v -0.2080999 -0.5625337 -0.0311870
v -0.1589120 -0.5287561 -0.0842456
v -0.1592428 -0.5802113 -0.0315439
v -0.0519001 -0.5625337 -0.0311870
v -0.1010880 -0.5287561 -0.0842456
v -0.1007572 -0.5802113 -0.0315439
v -0.1300000 -0.5601302 -0.0630877
v -0.2080999 -0.2174663 -0.0311870
v -0.1589120 -0.2512439 -0.0842456
v -0.1592428 -0.1997887 -0.0315439
v -0.0519001 -0.2174663 -0.0311870
v -0.1010880 -0.2512439 -0.0842456
v -0.1007572 -0.1997887 -0.0315439
v -0.1300000 -0.2198698 -0.0630877
v -0.1300000 -0.4446533 -0.1154326
v -0.1300000 -0.3353467 -0.1154326
v -0.0051195 -0.2495907 -0.0192746
v 0.0252803 -0.3380216 -0.0520666
v -0.0241987 -0.2523618 -0.0510390
v -0.0051195 -0.5304093 -0.0192746
v 0.0252803 -0.4419784 -0.0520666
v -0.0241987 -0.5276382 -0.0510390
v -0.0832195 -0.4767777 -0.1035202
v -0.0036316 -0.4221244 -0.0832537
v -0.0534414 -0.5075571 -0.0825829
v -0.0826842 -0.4224920 -0.1141268
v -0.0061256 -0.4750651 -0.0705342
v -0.0832195 -0.3032223 -0.1035202
v -0.0036316 -0.3578756 -0.0832537
v -0.0534414 -0.2724429 -0.0825829
v -0.0826842 -0.3575080 -0.1141268
v -0.0061256 -0.3049349 -0.0705342
v -0.0353684 -0.3900000 -0.1020781
v -0.0051195 -0.2495907 0.0192746
v 0.0252803 -0.3380216 0.0520666
v -0.0241987 -0.2523618 0.0510390
v 0.0231171 -0.2848538 0.0000000
v -0.0051195 -0.5304093 0.0192746
v 0.0252803 -0.4419784 0.0520666
v -0.0241987 -0.5276382 0.0510390
v 0.0231171 -0.4951462 0.0000000
v -0.0832195 -0.4767777 0.1035202
v -0.0036316 -0.4221244 0.0832537
v -0.0534414 -0.5075571 0.0825829
v -0.0826842 -0.4224920 0.1141268
v -0.0061256 -0.4750651 0.0705342
v -0.0832195 -0.3032223 0.1035202
v -0.0036316 -0.3578756 0.0832537
v -0.0534414 -0.2724429 0.0825829
v -0.0826842 -0.3575080 0.1141268
v -0.0061256 -0.3049349 0.0705342
v -0.0353684 -0.3900000 0.1020781
v 0.0431489 -0.3900000 -0.0327920
v 0.0431489 -0.3900000 0.0327920
v 0.0411902 -0.3374269 -0.0194952
v 0.0411902 -0.4425731 -0.0194952
v 0.0411902 -0.3374269 0.0194952
v 0.0411902 -0.4425731 0.0194952
v -0.2548805 -0.2495907 -0.0192746
v -0.2852803 -0.3380216 -0.0520666
v -0.2358013 -0.2523618 -0.0510390
v -0.2548805 -0.5304093 -0.0192746
v -0.2852803 -0.4419784 -0.0520666
v -0.2358013 -0.5276382 -0.0510390
v -0.1767805 -0.4767777 -0.1035202
v -0.2563684 -0.4221244 -0.0832537
v -0.2065586 -0.5075571 -0.0825829
v -0.1773158 -0.4224920 -0.1141268
v -0.2538744 -0.4750651 -0.0705342
v -0.1767805 -0.3032223 -0.1035202
v -0.2563684 -0.3578756 -0.0832537
v -0.2065586 -0.2724429 -0.0825829
v -0.1773158 -0.3575080 -0.1141268
v -0.2538744 -0.3049349 -0.0705342
v -0.2246316 -0.3900000 -0.1020781
v -0.2548805 -0.2495907 0.0192746
v -0.2852803 -0.3380216 0.0520666
v -0.2358013 -0.2523618 0.0510390
v -0.2831171 -0.2848538 0.0000000
v -0.2548805 -0.5304093 0.0192746
v -0.2852803 -0.4419784 0.0520666
v -0.2358013 -0.5276382 0.0510390
v -0.2831171 -0.4951462 0.0000000
v -0.1767805 -0.4767777 0.1035202
v -0.2563684 -0.4221244 0.0832537
v -0.2065586 -0.5075571 0.0825829
v -0.1773158 -0.4224920 0.1141268
v -0.2538744 -0.4750651 0.0705342
v -0.1767805 -0.3032223 0.1035202
v -0.2563684 -0.3578756 0.0832537
v -0.2065586 -0.2724429 0.0825829
v -0.1773158 -0.3575080 0.1141268
v -0.2538744 -0.3049349 0.0705342
v -0.2246316 -0.3900000 0.1020781
v -0.3031489 -0.3900000 -0.0327920
v -0.3031489 -0.3900000 0.0327920
v -0.3011902 -0.3374269 -0.0194952
v -0.3011902 -0.4425731 -0.0194952
v -0.3011902 -0.3374269 0.0194952
v -0.3011902 -0.4425731 0.0194952
v 0.0353684 -0.2198698 0.0000000
v 0.2246316 -0.2198698 0.0000000
v 0.0353684 -0.5601302 0.0000000
v 0.2246316 -0.5601302 0.0000000
v 0.1300000 -0.4951462 0.1020781
v 0.1300000 -0.2848538 0.1020781
v 0.1300000 -0.4951462 -0.1020781
v 0.1300000 -0.2848538 -0.1020781
v 0.2831171 -0.3900000 -0.0630877
v 0.2831171 -0.3900000 0.0630877
v -0.0231171 -0.3900000 -0.0630877
v -0.0231171 -0.3900000 0.0630877
v 0.1300000 -0.1900000 0.0000000
v 0.1300000 -0.5900000 0.0000000
v 0.0743769 -0.5518034 0.0600000
v 0.1856231 -0.5518034 0.0600000
v 0.0743769 -0.2281966 0.0600000
v 0.1856231 -0.2281966 0.0600000
v 0.1300000 -0.3900000 0.1200000
v 0.0743769 -0.5518034 -0.0600000
v 0.1856231 -0.5518034 -0.0600000
v 0.0743769 -0.2281966 -0.0600000
v 0.1856231 -0.2281966 -0.0600000
v 0.1300000 -0.3900000 -0.1200000
v 0.2756231 -0.2900000 -0.0370820
v 0.2756231 -0.4900000 -0.0370820
v 0.2200000 -0.4518034 -0.0970820
v 0.2200000 -0.3281966 -0.0970820
v 0.2756231 -0.2900000 0.0370820
v 0.2756231 -0.4900000 0.0370820
v 0.2200000 -0.4518034 0.0970820
v 0.2200000 -0.3281966 0.0970820
v 0.3100000 -0.3900000 0.0000000
v -0.0156231 -0.2900000 -0.0370820
v -0.0156231 -0.4900000 -0.0370820
v 0.0400000 -0.4518034 -0.0970820
v 0.0400000 -0.3281966 -0.0970820
v -0.0156231 -0.2900000 0.0370820
v -0.0156231 -0.4900000 0.0370820
v 0.0400000 -0.4518034 0.0970820
v 0.0400000 -0.3281966 0.0970820
v -0.0500000 -0.3900000 0.0000000
v 0.0808120 -0.1976123 0.0000000
v 0.1791880 -0.1976123 0.0000000
v 0.0808120 -0.5823877 0.0000000
v 0.1791880 -0.5823877 0.0000000
v 0.0519001 -0.5625337 0.0311870
v 0.1010880 -0.5287561 0.0842456
v 0.1007572 -0.5802113 0.0315439
v 0.2080999 -0.5625337 0.0311870
v 0.1589120 -0.5287561 0.0842456
v 0.1592428 -0.5802113 0.0315439
v 0.1300000 -0.5601302 0.0630877
v 0.0519001 -0.2174663 0.0311870
v 0.1010880 -0.2512439 0.0842456
v 0.1007572 -0.1997887 0.0315439
v 0.2080999 -0.2174663 0.0311870
v 0.1589120 -0.2512439 0.0842456
v 0.1592428 -0.1997887 0.0315439
v 0.1300000 -0.2198698 0.0630877
v 0.1300000 -0.4446533 0.1154326
v 0.1300000 -0.3353467 0.1154326
v 0.0519001 -0.5625337 -0.0311870
v 0.1010880 -0.5287561 -0.0842456
v 0.1007572 -0.5802113 -0.0315439
v 0.2080999 -0.5625337 -0.0311870
v 0.1589120 -0.5287561 -0.0842456
v 0.1592428 -0.5802113 -0.0315439
v 0.1300000 -0.5601302 -0.0630877
v 0.0519001 -0.2174663 -0.0311870
v 0.1010880 -0.2512439 -0.0842456
v 0.1007572 -0.1997887 -0.0315439
v 0.2080999 -0.2174663 -0.0311870
v 0.1589120 -0.2512439 -0.0842456
v 0.1592428 -0.1997887 -0.0315439
v 0.1300000 -0.2198698 -0.0630877
v 0.1300000 -0.4446533 -0.1154326
v 0.1300000 -0.3353467 -0.1154326
v 0.2548805 -0.2495907 -0.0192746
v 0.2852803 -0.3380216 -0.0520666
v 0.2358013 -0.2523618 -0.0510390
v 0.2548805 -0.5304093 -0.0192746
v 0.2852803 -0.4419784 -0.0520666
v 0.2358013 -0.5276382 -0.0510390
v 0.1767805 -0.4767777 -0.1035202
v 0.2563684 -0.4221244 -0.0832537
v 0.2065586 -0.5075571 -0.0825829
v 0.1773158 -0.4224920 -0.1141268
v 0.2538744 -0.4750651 -0.0705342
v 0.1767805 -0.3032223 -0.1035202
v 0.2563684 -0.3578756 -0.0832537
v 0.2065586 -0.2724429 -0.0825829
v 0.1773158 -0.3575080 -0.1141268
v 0.2538744 -0.3049349 -0.0705342
v 0.2246316 -0.3900000 -0.1020781
v 0.2548805 -0.2495907 0.0192746
v 0.2852803 -0.3380216 0.0520666
v 0.2358013 -0.2523618 0.0510390
v 0.2831171 -0.2848538 0.0000000
v 0.2548805 -0.5304093 0.0192746
v 0.2852803 -0.4419784 0.0520666
v 0.2358013 -0.5276382 0.0510390
v 0.2831171 -0.4951462 0.0000000
v 0.1767805 -0.4767777 0.1035202
v 0.2563684 -0.4221244 0.0832537
v 0.2065586 -0.5075571 0.0825829
v 0.1773158 -0.4224920 0.1141268
v 0.2538744 -0.4750651 0.0705342
v 0.1767805 -0.3032223 0.1035202
v 0.2563684 -0.3578756 0.0832537
v 0.2065586 -0.2724429 0.0825829
v 0.1773158 -0.3575080 0.1141268
v 0.2538744 -0.3049349 0.0705342
v 0.2246316 -0.3900000 0.1020781
v 0.3031489 -0.3900000 -0.0327920
v 0.3031489 -0.3900000 0.0327920
v 0.3011902 -0.3374269 -0.0194952
v 0.3011902 -0.4425731 -0.0194952
v 0.3011902 -0.3374269 0.0194952
v 0.3011902 -0.4425731 0.0194952
v 0.0051195 -0.2495907 -0.0192746
v -0.0252803 -0.3380216 -0.0520666
v 0.0241987 -0.2523618 -0.0510390
v 0.0051195 -0.5304093 -0.0192746
v -0.0252803 -0.4419784 -0.0520666
v 0.0241987 -0.5276382 -0.0510390
v 0.0832195 -0.4767777 -0.1035202
v 0.0036316 -0.4221244 -0.0832537
v 0.0534414 -0.5075571 -0.0825829
v 0.0826842 -0.4224920 -0.1141268
v 0.0061256 -0.4750651 -0.0705342
v 0.0832195 -0.3032223 -0.1035202
v 0.0036316 -0.3578756 -0.0832537
v 0.0534414 -0.2724429 -0.0825829
v 0.0826842 -0.3575080 -0.1141268
v 0.0061256 -0.3049349 -0.0705342
v 0.0353684 -0.3900000 -0.1020781
v 0.0051195 -0.2495907 0.0192746
v -0.0252803 -0.3380216 0.0520666
v 0.0241987 -0.2523618 0.0510390
v -0.0231171 -0.2848538 0.0000000
v 0.0051195 -0.5304093 0.0192746
v -0.0252803 -0.4419784 0.0520666
v 0.0241987 -0.5276382 0.0510390
v -0.0231171 -0.4951462 0.0000000
v 0.0832195 -0.4767777 0.1035202
v 0.0036316 -0.4221244 0.0832537
v 0.0534414 -0.5075571 0.0825829
v 0.0826842 -0.4224920 0.1141268
v 0.0061256 -0.4750651 0.0705342
v 0.0832195 -0.3032223 0.1035202
v 0.0036316 -0.3578756 0.0832537
v 0.0534414 -0.2724429 0.0825829
v 0.0826842 -0.3575080 0.1141268
v 0.0061256 -0.3049349 0.0705342
v 0.0353684 -0.3900000 0.1020781
v -0.0431489 -0.3900000 -0.0327920
v -0.0431489 -0.3900000 0.0327920
v -0.0411902 -0.3374269 -0.0194952
v -0.0411902 -0.4425731 -0.0194952
v -0.0411902 -0.3374269 0.0194952
v -0.0411902 -0.4425731 0.0194952
v -0.0525731 -0.2724024 0.0000000
v 0.0525731 -0.2724024 0.0000000
v -0.0525731 -0.5275976 0.0000000
v 0.0525731 -0.5275976 0.0000000
v 0.0000000 -0.4788597 0.0765586
v 0.0000000 -0.3211403 0.0765586
v 0.0000000 -0.4788597 -0.0765586
v 0.0000000 -0.3211403 -0.0765586
v 0.0850651 -0.4000000 -0.0473158
v 0.0850651 -0.4000000 0.0473158
v -0.0850651 -0.4000000 -0.0473158
v -0.0850651 -0.4000000 0.0473158
v 0.0000000 -0.2500000 0.0000000
v 0.0000000 -0.5500000 0.0000000
v -0.0309017 -0.5213525 0.0450000
v 0.0309017 -0.5213525 0.0450000
v -0.0309017 -0.2786475 0.0450000
v 0.0309017 -0.2786475 0.0450000
v 0.0000000 -0.4000000 0.0900000
v -0.0309017 -0.5213525 -0.0450000
v 0.0309017 -0.5213525 -0.0450000
v -0.0309017 -0.2786475 -0.0450000
v 0.0309017 -0.2786475 -0.0450000
v 0.0000000 -0.4000000 -0.0900000
v 0.0809017 -0.3250000 -0.0278115
v 0.0809017 -0.4750000 -0.0278115
v 0.0500000 -0.4463525 -0.0728115
v 0.0500000 -0.3536475 -0.0728115
v 0.0809017 -0.3250000 0.0278115
v 0.0809017 -0.4750000 0.0278115
v 0.0500000 -0.4463525 0.0728115
v 0.0500000 -0.3536475 0.0728115
v 0.1000000 -0.4000000 0.0000000
v -0.0809017 -0.3250000 -0.0278115
v -0.0809017 -0.4750000 -0.0278115
v -0.0500000 -0.4463525 -0.0728115
v -0.0500000 -0.3536475 -0.0728115
v -0.0809017 -0.3250000 0.0278115
v -0.0809017 -0.4750000 0.0278115
v -0.0500000 -0.4463525 0.0728115
v -0.0500000 -0.3536475 0.0728115
v -0.1000000 -0.4000000 0.0000000
v -0.0273267 -0.2557092 0.0000000
v 0.0273267 -0.2557092 0.0000000
v -0.0273267 -0.5442908 0.0000000
v 0.0273267 -0.5442908 0.0000000
v -0.0433889 -0.5294003 0.0233903
v -0.0160622 -0.5040671 0.0631842
v -0.0162460 -0.5426585 0.0236579
v 0.0433889 -0.5294003 0.0233903
v 0.0160622 -0.5040671 0.0631842
v 0.0162460 -0.5426585 0.0236579
v 0.0000000 -0.5275976 0.0473158
v -0.0433889 -0.2705997 0.0233903
v -0.0160622 -0.2959329 0.0631842
v -0.0162460 -0.2573415 0.0236579
v 0.0433889 -0.2705997 0.0233903
v 0.0160622 -0.2959329 0.0631842
v 0.0162460 -0.2573415 0.0236579
v 0.0000000 -0.2724024 0.0473158
v 0.0000000 -0.4409900 0.0865745
v 0.0000000 -0.3590100 0.0865745
v -0.0433889 -0.5294003 -0.0233903
v -0.0160622 -0.5040671 -0.0631842
v -0.0162460 -0.5426585 -0.0236579
v 0.0433889 -0.5294003 -0.0233903
v 0.0160622 -0.5040671 -0.0631842
v 0.0162460 -0.5426585 -0.0236579
v 0.0000000 -0.5275976 -0.0473158
v -0.0433889 -0.2705997 -0.0233903
v -0.0160622 -0.2959329 -0.0631842
v -0.0162460 -0.2573415 -0.0236579
v 0.0433889 -0.2705997 -0.0233903
v 0.0160622 -0.2959329 -0.0631842
v 0.0162460 -0.2573415 -0.0236579
v 0.0000000 -0.2724024 -0.0473158
v 0.0000000 -0.4409900 -0.0865745
v 0.0000000 -0.3590100 -0.0865745
v 0.0693780 -0.2946930 -0.0144560
v 0.0862668 -0.3610162 -0.0390500
v 0.0587785 -0.2967714 -0.0382793
v 0.0693780 -0.5053070 -0.0144560
v 0.0862668 -0.4389838 -0.0390500
v 0.0587785 -0.5032286 -0.0382793
v 0.0259892 -0.4650833 -0.0776402
v 0.0702046 -0.4240933 -0.0624402
v 0.0425325 -0.4881678 -0.0619372
v 0.0262866 -0.4243690 -0.0855951
v 0.0688191 -0.4637988 -0.0529007
v 0.0259892 -0.3349167 -0.0776402
v 0.0702046 -0.3759067 -0.0624402
v 0.0425325 -0.3118322 -0.0619372
v 0.0262866 -0.3756310 -0.0855951
v 0.0688191 -0.3362012 -0.0529007
v 0.0525731 -0.4000000 -0.0765586
v 0.0693780 -0.2946930 0.0144560
v 0.0862668 -0.3610162 0.0390500
v 0.0587785 -0.2967714 0.0382793
v 0.0850651 -0.3211403 0.0000000
v 0.0693780 -0.5053070 0.0144560
v 0.0862668 -0.4389838 0.0390500
v 0.0587785 -0.5032286 0.0382793
v 0.0850651 -0.4788597 0.0000000
v 0.0259892 -0.4650833 0.0776402
v 0.0702046 -0.4240933 0.0624402
v 0.0425325 -0.4881678 0.0619372
v 0.0262866 -0.4243690 0.0855951
v 0.0688191 -0.4637988 0.0529007
v 0.0259892 -0.3349167 0.0776402
v 0.0702046 -0.3759067 0.0624402
v 0.0425325 -0.3118322 0.0619372
v 0.0262866 -0.3756310 0.0855951
v 0.0688191 -0.3362012 0.0529007
v 0.0525731 -0.4000000 0.0765586
v 0.0961938 -0.4000000 -0.0245940
v 0.0961938 -0.4000000 0.0245940
v 0.0951057 -0.3605702 -0.0146214
v 0.0951057 -0.4394298 -0.0146214
v 0.0951057 -0.3605702 0.0146214
v 0.0951057 -0.4394298 0.0146214
v -0.0693780 -0.2946930 -0.0144560
v -0.0862668 -0.3610162 -0.0390500
v -0.0587785 -0.2967714 -0.0382793
v -0.0693780 -0.5053070 -0.0144560
v -0.0862668 -0.4389838 -0.0390500
v -0.0587785 -0.5032286 -0.0382793
v -0.0259892 -0.4650833 -0.0776402
v -0.0702046 -0.4240933 -0.0624402
v -0.0425325 -0.4881678 -0.0619372
v -0.0262866 -0.4243690 -0.0855951
v -0.0688191 -0.4637988 -0.0529007
v -0.0259892 -0.3349167 -0.0776402
v -0.0702046 -0.3759067 -0.0624402
v -0.0425325 -0.3118322 -0.0619372
v -0.0262866 -0.3756310 -0.0855951
v -0.0688191 -0.3362012 -0.0529007
v -0.0525731 -0.4000000 -0.0765586
v -0.0693780 -0.2946930 0.0144560
v -0.0862668 -0.3610162 0.0390500
v -0.0587785 -0.2967714 0.0382793
v -0.0850651 -0.3211403 0.0000000
v -0.0693780 -0.5053070 0.0144560
v -0.0862668 -0.4389838 0.0390500
v -0.0587785 -0.5032286 0.0382793
v -0.0850651 -0.4788597 0.0000000
v -0.0259892 -0.4650833 0.0776402
v -0.0702046 -0.4240933 0.0624402
v -0.0425325 -0.4881678 0.0619372
v -0.0262866 -0.4243690 0.0855951
v -0.0688191 -0.4637988 0.0529007
v -0.0259892 -0.3349167 0.0776402
v -0.0702046 -0.3759067 0.0624402
v -0.0425325 -0.3118322 0.0619372
v -0.0262866 -0.3756310 0.0855951
v -0.0688191 -0.3362012 0.0529007
v -0.0525731 -0.4000000 0.0765586
v -0.0961938 -0.4000000 -0.0245940
v -0.0961938 -0.4000000 0.0245940
v -0.0951057 -0.3605702 -0.0146214
v -0.0951057 -0.4394298 -0.0146214
v -0.0951057 -0.3605702 0.0146214
v -0.0951057 -0.4394298 0.0146214
v -0.1576641 -0.4700455 -0.0000000
v -0.1373149 -0.4744595 0.0007989
v -0.1197018 -0.4855725 0.0015015
v -0.1069493 -0.5020442 0.0020229
v -0.1005955 -0.5218877 0.0023004
v -0.1314067 -1.3127097 0.0023004
v -0.1392852 -1.3319987 0.0020229
v -0.1532806 -1.3474282 0.0015015
v -0.1717049 -1.3571371 0.0007989
v -0.1923359 -1.3599545 0.0000000
v -0.1416974 -0.4742888 0.0126993
v -0.1279382 -0.4852516 0.0238668
v -0.1180462 -0.5016118 0.0321557
v -0.1132144 -0.5213960 0.0365661
v -0.1440256 -1.3122180 0.0365661
v -0.1503821 -1.3315663 0.0321557
v -0.1615170 -1.3471073 0.0238668
v -0.1760874 -1.3569664 0.0126993
v -0.1522324 -0.4738783 0.0197489
v -0.1477376 -0.4844802 0.0371158
v -0.1447219 -0.5005725 0.0500060
v -0.1435489 -0.5202142 0.0568647
v -0.1743601 -1.3110361 0.0568647
v -0.1770578 -1.3305270 0.0500060
v -0.1813164 -1.3463359 0.0371158
v -0.1866225 -1.3565559 0.0197489
v -0.1648960 -0.4733849 0.0192552
v -0.1715374 -0.4835530 0.0361878
v -0.1767872 -0.4993232 0.0487558
v -0.1800122 -0.5187935 0.0554430
v -0.2108234 -1.3096155 0.0554430
v -0.2091231 -1.3292777 0.0487558
v -0.2051162 -1.3454086 0.0361878
v -0.1992861 -1.3560625 0.0192552
v -0.1748511 -0.4729971 0.0114066
v -0.1902468 -0.4828240 0.0214374
v -0.2019942 -0.4983411 0.0288825
v -0.2086766 -0.5176767 0.0328439
v -0.2394879 -1.3084987 0.0328439
v -0.2343301 -1.3282956 0.0288825
v -0.2238256 -1.3446797 0.0214374
v -0.2092411 -1.3556747 0.0114066
v -0.1782951 -0.4728629 -0.0007989
v -0.1967194 -0.4825718 -0.0015015
v -0.2107148 -0.4980013 -0.0020229
v -0.2185933 -0.5172903 -0.0023004
v -0.2494045 -1.3081123 -0.0023004
v -0.2430507 -1.3279558 -0.0020229
v -0.2302982 -1.3444275 -0.0015015
v -0.2126851 -1.3555405 -0.0007989
v -0.1739126 -0.4730336 -0.0126993
v -0.1884830 -0.4828927 -0.0238668
v -0.1996179 -0.4984337 -0.0321557
v -0.2059744 -0.5177820 -0.0365661
v -0.2367856 -1.3086040 -0.0365661
v -0.2319538 -1.3283882 -0.0321557
v -0.2220618 -1.3447484 -0.0238668
v -0.2083026 -1.3557112 -0.0126993
v -0.1633775 -0.4734441 -0.0197489
v -0.1686836 -0.4836641 -0.0371158
v -0.1729422 -0.4994730 -0.0500060
v -0.1756399 -0.5189639 -0.0568647
v -0.2064511 -1.3097858 -0.0568647
v -0.2052781 -1.3294275 -0.0500060
v -0.2022624 -1.3455198 -0.0371158
v -0.1977676 -1.3561217 -0.0197489
v -0.1507139 -0.4739375 -0.0192552
v -0.1448838 -0.4845914 -0.0361878
v -0.1408769 -0.5007223 -0.0487558
v -0.1391766 -0.5203845 -0.0554430
v -0.1699878 -1.3112065 -0.0554430
v -0.1732128 -1.3306768 -0.0487558
v -0.1784626 -1.3464470 -0.0361878
v -0.1851040 -1.3566151 -0.0192552
v -0.1407589 -0.4743253 -0.0114066
v -0.1261744 -0.4853203 -0.0214374
v -0.1156699 -0.5017044 -0.0288825
v -0.1105121 -0.5215013 -0.0328439
v -0.1413234 -1.3123233 -0.0328439
v -0.1480058 -1.3316589 -0.0288825
v -0.1597532 -1.3471760 -0.0214374
v -0.1751489 -1.3570029 -0.0114066
v -0.2294298 -1.3062012 0.0100000
v -0.1505702 -1.3062012 0.0100000
v -0.2294298 -1.4337988 0.0100000
v -0.1505702 -1.4337988 0.0100000
v -0.1900000 -1.4094298 0.0652923
v -0.1900000 -1.3305702 0.0652923
v -0.1900000 -1.4094298 -0.0452923
v -0.1900000 -1.3305702 -0.0452923
v -0.1262012 -1.3700000 -0.0241725
v -0.1262012 -1.3700000 0.0441725
v -0.2537988 -1.3700000 -0.0241725
v -0.2537988 -1.3700000 0.0441725
v -0.1900000 -1.2950000 0.0100000
v -0.1900000 -1.4450000 0.0100000
v -0.2131763 -1.4306763 0.0425000
v -0.1668237 -1.4306763 0.0425000
v -0.2131763 -1.3093237 0.0425000
v -0.1668237 -1.3093237 0.0425000
v -0.1900000 -1.3700000 0.0750000
v -0.2131763 -1.4306763 -0.0225000
v -0.1668237 -1.4306763 -0.0225000
v -0.2131763 -1.3093237 -0.0225000
v -0.1668237 -1.3093237 -0.0225000
v -0.1900000 -1.3700000 -0.0550000
v -0.1293237 -1.3325000 -0.0100861
v -0.1293237 -1.4075000 -0.0100861
v -0.1525000 -1.3931763 -0.0425861
v -0.1525000 -1.3468237 -0.0425861
v -0.1293237 -1.3325000 0.0300861
v -0.1293237 -1.4075000 0.0300861
v -0.1525000 -1.3931763 0.0625861
v -0.1525000 -1.3468237 0.0625861
v -0.1150000 -1.3700000 0.0100000
v -0.2506763 -1.3325000 -0.0100861
v -0.2506763 -1.4075000 -0.0100861
v -0.2275000 -1.3931763 -0.0425861
v -0.2275000 -1.3468237 -0.0425861
v -0.2506763 -1.3325000 0.0300861
v -0.2506763 -1.4075000 0.0300861
v -0.2275000 -1.3931763 0.0625861
v -0.2275000 -1.3468237 0.0625861
v -0.2650000 -1.3700000 0.0100000
v -0.2104950 -1.2978546 0.0100000
v -0.1695050 -1.2978546 0.0100000
v -0.2104950 -1.4421454 0.0100000
v -0.1695050 -1.4421454 0.0100000
v -0.2225416 -1.4347001 0.0268930
v -0.2020467 -1.4220335 0.0556330
v -0.2021845 -1.4413292 0.0270863
v -0.1574584 -1.4347001 0.0268930
v -0.1779533 -1.4220335 0.0556330
v -0.1778155 -1.4413292 0.0270863
v -0.1900000 -1.4337988 0.0441725
v -0.2225416 -1.3052999 0.0268930
v -0.2020467 -1.3179665 0.0556330
v -0.2021845 -1.2986708 0.0270863
v -0.1574584 -1.3052999 0.0268930
v -0.1779533 -1.3179665 0.0556330
v -0.1778155 -1.2986708 0.0270863
v -0.1900000 -1.3062012 0.0441725
v -0.1900000 -1.3904950 0.0725260
v -0.1900000 -1.3495050 0.0725260
v -0.2225416 -1.4347001 -0.0068930
v -0.2020467 -1.4220335 -0.0356330
v -0.2021845 -1.4413292 -0.0070863
v -0.1574584 -1.4347001 -0.0068930
v -0.1779533 -1.4220335 -0.0356330
v -0.1778155 -1.4413292 -0.0070863
v -0.1900000 -1.4337988 -0.0241725
v -0.2225416 -1.3052999 -0.0068930
v -0.2020467 -1.3179665 -0.0356330
v -0.2021845 -1.2986708 -0.0070863
v -0.1574584 -1.3052999 -0.0068930
v -0.1779533 -1.3179665 -0.0356330
v -0.1778155 -1.2986708 -0.0070863
v -0.1900000 -1.3062012 -0.0241725
v -0.1900000 -1.3904950 -0.0525260
v -0.1900000 -1.3495050 -0.0525260
v -0.1379665 -1.3173465 -0.0004404
v -0.1252999 -1.3505081 -0.0182028
v -0.1459161 -1.3183857 -0.0176462
v -0.1379665 -1.4226535 -0.0004404
v -0.1252999 -1.3894919 -0.0182028
v -0.1459161 -1.4216143 -0.0176462
v -0.1705081 -1.4025416 -0.0460735
v -0.1373465 -1.3820467 -0.0350957
v -0.1581006 -1.4140839 -0.0347324
v -0.1702851 -1.3821845 -0.0518187
v -0.1383857 -1.4018994 -0.0282060
v -0.1705081 -1.3374584 -0.0460735
v -0.1373465 -1.3579533 -0.0350957
v -0.1581006 -1.3259161 -0.0347324
v -0.1702851 -1.3578155 -0.0518187
v -0.1383857 -1.3381006 -0.0282060
v -0.1505702 -1.3700000 -0.0452923
v -0.1379665 -1.3173465 0.0204404
v -0.1252999 -1.3505081 0.0382028
v -0.1459161 -1.3183857 0.0376462
v -0.1262012 -1.3305702 0.0100000
v -0.1379665 -1.4226535 0.0204404
v -0.1252999 -1.3894919 0.0382028
v -0.1459161 -1.4216143 0.0376462
v -0.1262012 -1.4094298 0.0100000
v -0.1705081 -1.4025416 0.0660735
v -0.1373465 -1.3820467 0.0550957
v -0.1581006 -1.4140839 0.0547324
v -0.1702851 -1.3821845 0.0718187
v -0.1383857 -1.4018994 0.0482060
v -0.1705081 -1.3374584 0.0660735
v -0.1373465 -1.3579533 0.0550957
v -0.1581006 -1.3259161 0.0547324
v -0.1702851 -1.3578155 0.0718187
v -0.1383857 -1.3381006 0.0482060
v -0.1505702 -1.3700000 0.0652923
v -0.1178546 -1.3700000 -0.0077623
v -0.1178546 -1.3700000 0.0277623
v -0.1186708 -1.3502851 -0.0005599
v -0.1186708 -1.3897149 -0.0005599
v -0.1186708 -1.3502851 0.0205599
v -0.1186708 -1.3897149 0.0205599
v -0.2420335 -1.3173465 -0.0004404
v -0.2547001 -1.3505081 -0.0182028
v -0.2340839 -1.3183857 -0.0176462
v -0.2420335 -1.4226535 -0.0004404
v -0.2547001 -1.3894919 -0.0182028
v -0.2340839 -1.4216143 -0.0176462
v -0.2094919 -1.4025416 -0.0460735
v -0.2426535 -1.3820467 -0.0350957
v -0.2218994 -1.4140839 -0.0347324
v -0.2097149 -1.3821845 -0.0518187
v -0.2416143 -1.4018994 -0.0282060
v -0.2094919 -1.3374584 -0.0460735
v -0.2426535 -1.3579533 -0.0350957
v -0.2218994 -1.3259161 -0.0347324
v -0.2097149 -1.3578155 -0.0518187
v -0.2416143 -1.3381006 -0.0282060
v -0.2294298 -1.3700000 -0.0452923
v -0.2420335 -1.3173465 0.0204404
v -0.2547001 -1.3505081 0.0382028
v -0.2340839 -1.3183857 0.0376462
v -0.2537988 -1.3305702 0.0100000
v -0.2420335 -1.4226535 0.0204404
v -0.2547001 -1.3894919 0.0382028
v -0.2340839 -1.4216143 0.0376462
v -0.2537988 -1.4094298 0.0100000
v -0.2094919 -1.4025416 0.0660735
v -0.2426535 -1.3820467 0.0550957
v -0.2218994 -1.4140839 0.0547324
v -0.2097149 -1.3821845 0.0718187
v -0.2416143 -1.4018994 0.0482060
v -0.2094919 -1.3374584 0.0660735
v -0.2426535 -1.3579533 0.0550957
v -0.2218994 -1.3259161 0.0547324
v -0.2097149 -1.3578155 0.0718187
v -0.2416143 -1.3381006 0.0482060
v -0.2294298 -1.3700000 0.0652923
v -0.2621454 -1.3700000 -0.0077623
v -0.2621454 -1.3700000 0.0277623
v -0.2613292 -1.3502851 -0.0005599
v -0.2613292 -1.3897149 -0.0005599
v -0.2613292 -1.3502851 0.0205599
v -0.2613292 -1.3897149 0.0205599
v -0.1900000 -1.3850000 -0.0000000
v -0.1746091 -1.3877138 -0.0000000
v -0.1610746 -1.3955280 -0.0000000
v -0.1510289 -1.4075000 -0.0000000
v -0.1456837 -1.4221858 -0.0000000
v -0.1456837 -2.0578142 0.0000000
v -0.1510289 -2.0725000 0.0000000
v -0.1610746 -2.0844720 0.0000000
v -0.1746091 -2.0922862 0.0000000
v -0.1900000 -2.0950000 0.0000000
v -0.1775485 -1.3877138 0.0090465
v -0.1665988 -1.3955280 0.0170019
v -0.1584717 -1.4075000 0.0229067
v -0.1541473 -1.4221858 0.0260485
v -0.1541473 -2.0578142 0.0260485
v -0.1584717 -2.0725000 0.0229067
v -0.1665988 -2.0844720 0.0170019
v -0.1775485 -2.0922862 0.0090465
v -0.1852439 -1.3877138 0.0146376
v -0.1810615 -1.3955280 0.0275097
v -0.1779573 -1.4075000 0.0370638
v -0.1763055 -1.4221858 0.0421474
v -0.1763055 -2.0578142 0.0421474
v -0.1779573 -2.0725000 0.0370638
v -0.1810615 -2.0844720 0.0275097
v -0.1852439 -2.0922862 0.0146376
v -0.1947561 -1.3877138 0.0146376
v -0.1989385 -1.3955280 0.0275097
v -0.2020427 -1.4075000 0.0370638
v -0.2036945 -1.4221858 0.0421474
v -0.2036945 -2.0578142 0.0421474
v -0.2020427 -2.0725000 0.0370638
v -0.1989385 -2.0844720 0.0275097
v -0.1947561 -2.0922862 0.0146376
v -0.2024515 -1.3877138 0.0090465
v -0.2134012 -1.3955280 0.0170019
v -0.2215283 -1.4075000 0.0229067
v -0.2258527 -1.4221858 0.0260485
v -0.2258527 -2.0578142 0.0260485
v -0.2215283 -2.0725000 0.0229067
v -0.2134012 -2.0844720 0.0170019
v -0.2024515 -2.0922862 0.0090465
v -0.2053909 -1.3877138 -0.0000000
v -0.2189254 -1.3955280 -0.0000000
v -0.2289711 -1.4075000 -0.0000000
v -0.2343163 -1.4221858 -0.0000000
v -0.2343163 -2.0578142 0.0000000
v -0.2289711 -2.0725000 0.0000000
v -0.2189254 -2.0844720 0.0000000
v -0.2053909 -2.0922862 0.0000000
v -0.2024515 -1.3877138 -0.0090465
v -0.2134012 -1.3955280 -0.0170019
v -0.2215283 -1.4075000 -0.0229067
v -0.2258527 -1.4221858 -0.0260485
v -0.2258527 -2.0578142 -0.0260485
v -0.2215283 -2.0725000 -0.0229067
v -0.2134012 -2.0844720 -0.0170019
v -0.2024515 -2.0922862 -0.0090465
v -0.1947561 -1.3877138 -0.0146376
v -0.1989385 -1.3955280 -0.0275097
v -0.2020427 -1.4075000 -0.0370638
v -0.2036945 -1.4221858 -0.0421474
v -0.2036945 -2.0578142 -0.0421474
v -0.2020427 -2.0725000 -0.0370638
v -0.1989385 -2.0844720 -0.0275097
v -0.1947561 -2.0922862 -0.0146376
v -0.1852439 -1.3877138 -0.0146376
v -0.1810615 -1.3955280 -0.0275097
v -0.1779573 -1.4075000 -0.0370638
v -0.1763055 -1.4221858 -0.0421474
v -0.1763055 -2.0578142 -0.0421474
v -0.1779573 -2.0725000 -0.0370638
v -0.1810615 -2.0844720 -0.0275097
v -0.1852439 -2.0922862 -0.0146376
v -0.1775485 -1.3877138 -0.0090465
v -0.1665988 -1.3955280 -0.0170019
v -0.1584717 -1.4075000 -0.0229067
v -0.1541473 -1.4221858 -0.0260485
v -0.1541473 -2.0578142 -0.0260485
v -0.1584717 -2.0725000 -0.0229067
v -0.1665988 -2.0844720 -0.0170019
v -0.1775485 -2.0922862 -0.0090465
v -0.1500000 -1.3980000 0.0200000
v -0.1390554 -1.3999298 0.0200000
v -0.1294308 -1.4054866 0.0200000
v -0.1222872 -1.4140000 0.0200000
v -0.1184862 -1.4244433 0.0200000
v -0.1184862 -2.0555567 0.0200000
v -0.1222872 -2.0660000 0.0200000
v -0.1294308 -2.0745134 0.0200000
v -0.1390554 -2.0800702 0.0200000
v -0.1500000 -2.0820000 0.0200000
v -0.1411456 -1.3999298 0.0264331
v -0.1333592 -1.4054866 0.0320903
v -0.1275799 -1.4140000 0.0362892
v -0.1245048 -1.4244433 0.0385234
v -0.1245048 -2.0555567 0.0385234
v -0.1275799 -2.0660000 0.0362892
v -0.1333592 -2.0745134 0.0320903
v -0.1411456 -2.0800702 0.0264331
v -0.1466179 -1.3999298 0.0304090
v -0.1436438 -1.4054866 0.0395625
v -0.1414363 -1.4140000 0.0463565
v -0.1402617 -1.4244433 0.0499715
v -0.1402617 -2.0555567 0.0499715
v -0.1414363 -2.0660000 0.0463565
v -0.1436438 -2.0745134 0.0395625
v -0.1466179 -2.0800702 0.0304090
v -0.1533821 -1.3999298 0.0304090
v -0.1563562 -1.4054866 0.0395625
v -0.1585637 -1.4140000 0.0463565
v -0.1597383 -1.4244433 0.0499715
v -0.1597383 -2.0555567 0.0499715
v -0.1585637 -2.0660000 0.0463565
v -0.1563562 -2.0745134 0.0395625
v -0.1533821 -2.0800702 0.0304090
v -0.1588544 -1.3999298 0.0264331
v -0.1666408 -1.4054866 0.0320903
v -0.1724201 -1.4140000 0.0362892
v -0.1754952 -1.4244433 0.0385234
v -0.1754952 -2.0555567 0.0385234
v -0.1724201 -2.0660000 0.0362892
v -0.1666408 -2.0745134 0.0320903
v -0.1588544 -2.0800702 0.0264331
v -0.1609446 -1.3999298 0.0200000
v -0.1705692 -1.4054866 0.0200000
v -0.1777128 -1.4140000 0.0200000
v -0.1815138 -1.4244433 0.0200000
v -0.1815138 -2.0555567 0.0200000
v -0.1777128 -2.0660000 0.0200000
v -0.1705692 -2.0745134 0.0200000
v -0.1609446 -2.0800702 0.0200000
v -0.1588544 -1.3999298 0.0135669
v -0.1666408 -1.4054866 0.0079097
v -0.1724201 -1.4140000 0.0037108
v -0.1754952 -1.4244433 0.0014766
v -0.1754952 -2.0555567 0.0014766
v -0.1724201 -2.0660000 0.0037108
v -0.1666408 -2.0745134 0.0079097
v -0.1588544 -2.0800702 0.0135669
v -0.1533821 -1.3999298 0.0095910
v -0.1563562 -1.4054866 0.0004375
v -0.1585637 -1.4140000 -0.0063565
v -0.1597383 -1.4244433 -0.0099715
v -0.1597383 -2.0555567 -0.0099715
v -0.1585637 -2.0660000 -0.0063565
v -0.1563562 -2.0745134 0.0004375
v -0.1533821 -2.0800702 0.0095910
v -0.1466179 -1.3999298 0.0095910
v -0.1436438 -1.4054866 0.0004375
v -0.1414363 -1.4140000 -0.0063565
v -0.1402617 -1.4244433 -0.0099715
v -0.1402617 -2.0555567 -0.0099715
v -0.1414363 -2.0660000 -0.0063565
v -0.1436438 -2.0745134 0.0004375
v -0.1466179 -2.0800702 0.0095910
v -0.1411456 -1.3999298 0.0135669
v -0.1333592 -1.4054866 0.0079097
v -0.1275799 -1.4140000 0.0037108
v -0.1245048 -1.4244433 0.0014766
v -0.1245048 -2.0555567 0.0014766
v -0.1275799 -2.0660000 0.0037108
v -0.1333592 -2.0745134 0.0079097
v -0.1411456 -2.0800702 0.0135669
v -0.2373158 -2.1104544 0.0900000
v -0.1426842 -2.1104544 0.0900000
v -0.2373158 -2.2295456 0.0900000
v -0.1426842 -2.2295456 0.0900000
v -0.1900000 -2.2068012 0.2771432
v -0.1900000 -2.1331988 0.2771432
v -0.1900000 -2.2068012 -0.0971432
v -0.1900000 -2.1331988 -0.0971432
v -0.1134414 -2.1700000 -0.0256608
v -0.1134414 -2.1700000 0.2056608
v -0.2665586 -2.1700000 -0.0256608
v -0.2665586 -2.1700000 0.2056608
v -0.1900000 -2.1000000 0.0900000
v -0.1900000 -2.2400000 0.0900000
v -0.2178115 -2.2266312 0.2000000
v -0.1621885 -2.2266312 0.2000000
v -0.2178115 -2.1133688 0.2000000
v -0.1621885 -2.1133688 0.2000000
v -0.1900000 -2.1700000 0.3100000
v -0.2178115 -2.2266312 -0.0200000
v -0.1621885 -2.2266312 -0.0200000
v -0.2178115 -2.1133688 -0.0200000
v -0.1621885 -2.1133688 -0.0200000
v -0.1900000 -2.1700000 -0.1300000
v -0.1171885 -2.1350000 0.0220163
v -0.1171885 -2.2050000 0.0220163
v -0.1450000 -2.1916312 -0.0879837
v -0.1450000 -2.1483688 -0.0879837
v -0.1171885 -2.1350000 0.1579837
v -0.1171885 -2.2050000 0.1579837
v -0.1450000 -2.1916312 0.2679837
v -0.1450000 -2.1483688 0.2679837
v -0.1000000 -2.1700000 0.0900000
v -0.2628115 -2.1350000 0.0220163
v -0.2628115 -2.2050000 0.0220163
v -0.2350000 -2.1916312 -0.0879837
v -0.2350000 -2.1483688 -0.0879837
v -0.2628115 -2.1350000 0.1579837
v -0.2628115 -2.2050000 0.1579837
v -0.2350000 -2.1916312 0.2679837
v -0.2350000 -2.1483688 0.2679837
v -0.2800000 -2.1700000 0.0900000
v -0.2145940 -2.1026643 0.0900000
v -0.1654060 -2.1026643 0.0900000
v -0.2145940 -2.2373357 0.0900000
v -0.1654060 -2.2373357 0.0900000
v -0.2290500 -2.2303868 0.1471762
v -0.2044560 -2.2185646 0.2444502
v -0.2046214 -2.2365740 0.1478304
v -0.1509500 -2.2303868 0.1471762
v -0.1755440 -2.2185646 0.2444502
v -0.1753786 -2.2365740 0.1478304
v -0.1900000 -2.2295456 0.2056608
v -0.2290500 -2.1096132 0.1471762
v -0.2044560 -2.1214354 0.2444502
v -0.2046214 -2.1034260 0.1478304
v -0.1509500 -2.1096132 0.1471762
v -0.1755440 -2.1214354 0.2444502
v -0.1753786 -2.1034260 0.1478304
v -0.1900000 -2.1104544 0.2056608
v -0.1900000 -2.1891287 0.3016264
v -0.1900000 -2.1508713 0.3016264
v -0.2290500 -2.2303868 0.0328238
v -0.2044560 -2.2185646 -0.0644502
v -0.2046214 -2.2365740 0.0321696
v -0.1509500 -2.2303868 0.0328238
v -0.1755440 -2.2185646 -0.0644502
v -0.1753786 -2.2365740 0.0321696
v -0.1900000 -2.2295456 -0.0256608
v -0.2290500 -2.1096132 0.0328238
v -0.2044560 -2.1214354 -0.0644502
v -0.2046214 -2.1034260 0.0321696
v -0.1509500 -2.1096132 0.0328238
v -0.1755440 -2.1214354 -0.0644502
v -0.1753786 -2.1034260 0.0321696
v -0.1900000 -2.1104544 -0.0256608
v -0.1900000 -2.1891287 -0.1216264
v -0.1900000 -2.1508713 -0.1216264
v -0.1275598 -2.1208567 0.0546632
v -0.1123598 -2.1518076 -0.0054555
v -0.1370993 -2.1218266 -0.0035716
v -0.1275598 -2.2191433 0.0546632
v -0.1123598 -2.1881924 -0.0054555
v -0.1370993 -2.2181734 -0.0035716
v -0.1666097 -2.2003722 -0.0997871
v -0.1268158 -2.1812435 -0.0626317
v -0.1517207 -2.2111450 -0.0614020
v -0.1663421 -2.1813722 -0.1192324
v -0.1280628 -2.1997728 -0.0393128
v -0.1666097 -2.1396278 -0.0997871
v -0.1268158 -2.1587565 -0.0626317
v -0.1517207 -2.1288550 -0.0614020
v -0.1663421 -2.1586278 -0.1192324
v -0.1280628 -2.1402272 -0.0393128
v -0.1426842 -2.1700000 -0.0971432
v -0.1275598 -2.1208567 0.1253368
v -0.1123598 -2.1518076 0.1854555
v -0.1370993 -2.1218266 0.1835716
v -0.1134414 -2.1331988 0.0900000
v -0.1275598 -2.2191433 0.1253368
v -0.1123598 -2.1881924 0.1854555
v -0.1370993 -2.2181734 0.1835716
v -0.1134414 -2.2068012 0.0900000
v -0.1666097 -2.2003722 0.2797871
v -0.1268158 -2.1812435 0.2426317
v -0.1517207 -2.2111450 0.2414020
v -0.1663421 -2.1813722 0.2992324
v -0.1280628 -2.1997728 0.2193128
v -0.1666097 -2.1396278 0.2797871
v -0.1268158 -2.1587565 0.2426317
v -0.1517207 -2.1288550 0.2414020
v -0.1663421 -2.1586278 0.2992324
v -0.1280628 -2.1402272 0.2193128
v -0.1426842 -2.1700000 0.2771432
v -0.1034255 -2.1700000 0.0298814
v -0.1034255 -2.1700000 0.1501186
v -0.1044049 -2.1515994 0.0542588
v -0.1044049 -2.1884006 0.0542588
v -0.1044049 -2.1515994 0.1257412
v -0.1044049 -2.1884006 0.1257412
v -0.2524402 -2.1208567 0.0546632
v -0.2676402 -2.1518076 -0.0054555
v -0.2429007 -2.1218266 -0.0035716
v -0.2524402 -2.2191433 0.0546632
v -0.2676402 -2.1881924 -0.0054555
v -0.2429007 -2.2181734 -0.0035716
v -0.2133903 -2.2003722 -0.0997871
v -0.2531842 -2.1812435 -0.0626317
v -0.2282793 -2.2111450 -0.0614020
v -0.2136579 -2.1813722 -0.1192324
v -0.2519372 -2.1997728 -0.0393128
v -0.2133903 -2.1396278 -0.0997871
v -0.2531842 -2.1587565 -0.0626317
v -0.2282793 -2.1288550 -0.0614020
v -0.2136579 -2.1586278 -0.1192324
v -0.2519372 -2.1402272 -0.0393128
v -0.2373158 -2.1700000 -0.0971432
v -0.2524402 -2.1208567 0.1253368
v -0.2676402 -2.1518076 0.1854555
v -0.2429007 -2.1218266 0.1835716
v -0.2665586 -2.1331988 0.0900000
v -0.2524402 -2.2191433 0.1253368
v -0.2676402 -2.1881924 0.1854555
v -0.2429007 -2.2181734 0.1835716
v -0.2665586 -2.2068012 0.0900000
v -0.2133903 -2.2003722 0.2797871
v -0.2531842 -2.1812435 0.2426317
v -0.2282793 -2.2111450 0.2414020
v -0.2136579 -2.1813722 0.2992324
v -0.2519372 -2.1997728 0.2193128
v -0.2133903 -2.1396278 0.2797871
v -0.2531842 -2.1587565 0.2426317
v -0.2282793 -2.1288550 0.2414020
v -0.2136579 -2.1586278 0.2992324
v -0.2519372 -2.1402272 0.2193128
v -0.2373158 -2.1700000 0.2771432
v -0.2765745 -2.1700000 0.0298814
v -0.2765745 -2.1700000 0.1501186
v -0.2755951 -2.1515994 0.0542588
v -0.2755951 -2.1884006 0.0542588
v -0.2755951 -2.1515994 0.1257412
v -0.2755951 -2.1884006 0.1257412
v 0.1576641 -0.4700455 -0.0000000
v 0.1782951 -0.4728629 -0.0007989
v 0.1967194 -0.4825718 -0.0015015
v 0.2107148 -0.4980013 -0.0020229
v 0.2185933 -0.5172903 -0.0023004
v 0.2494045 -1.3081123 -0.0023004
v 0.2430507 -1.3279558 -0.0020229
v 0.2302982 -1.3444275 -0.0015015
v 0.2126851 -1.3555405 -0.0007989
v 0.1923359 -1.3599545 0.0000000
v 0.1748511 -0.4729971 0.0114066
v 0.1902468 -0.4828240 0.0214374
v 0.2019942 -0.4983411 0.0288825
v 0.2086766 -0.5176767 0.0328439
v 0.2394879 -1.3084987 0.0328439
v 0.2343301 -1.3282956 0.0288825
v 0.2238256 -1.3446797 0.0214374
v 0.2092411 -1.3556747 0.0114066
v 0.1648960 -0.4733849 0.0192552
v 0.1715374 -0.4835530 0.0361878
v 0.1767872 -0.4993232 0.0487558
v 0.1800122 -0.5187935 0.0554430
v 0.2108234 -1.3096155 0.0554430
v 0.2091231 -1.3292777 0.0487558
v 0.2051162 -1.3454086 0.0361878
v 0.1992861 -1.3560625 0.0192552
v 0.1522324 -0.4738783 0.0197489
v 0.1477376 -0.4844802 0.0371158
v 0.1447219 -0.5005725 0.0500060
v 0.1435489 -0.5202142 0.0568647
v 0.1743601 -1.3110361 0.0568647
v 0.1770578 -1.3305270 0.0500060
v 0.1813164 -1.3463359 0.0371158
v 0.1866225 -1.3565559 0.0197489
v 0.1416974 -0.4742888 0.0126993
v 0.1279382 -0.4852516 0.0238668
v 0.1180462 -0.5016118 0.0321557
v 0.1132144 -0.5213960 0.0365661
v 0.1440256 -1.3122180 0.0365661
v 0.1503821 -1.3315663 0.0321557
v 0.1615170 -1.3471073 0.0238668
v 0.1760874 -1.3569664 0.0126993
v 0.1373149 -0.4744595 0.0007989
v 0.1197018 -0.4855725 0.0015015
v 0.1069493 -0.5020442 0.0020229
v 0.1005955 -0.5218877 0.0023004
v 0.1314067 -1.3127097 0.0023004
v 0.1392852 -1.3319987 0.0020229
v 0.1532806 -1.3474282 0.0015015
v 0.1717049 -1.3571371 0.0007989
v 0.1407589 -0.4743253 -0.0114066
v 0.1261744 -0.4853203 -0.0214374
v 0.1156699 -0.5017044 -0.0288825
v 0.1105121 -0.5215013 -0.0328439
v 0.1413234 -1.3123233 -0.0328439
v 0.1480058 -1.3316589 -0.0288825
v 0.1597532 -1.3471760 -0.0214374
v 0.1751489 -1.3570029 -0.0114066
v 0.1507139 -0.4739375 -0.0192552
v 0.1448838 -0.4845914 -0.0361878
v 0.1408769 -0.5007223 -0.0487558
v 0.1391766 -0.5203845 -0.0554430
v 0.1699878 -1.3112065 -0.0554430
v 0.1732128 -1.3306768 -0.0487558
v 0.1784626 -1.3464470 -0.0361878
v 0.1851040 -1.3566151 -0.0192552
v 0.1633775 -0.4734441 -0.0197489
v 0.1686836 -0.4836641 -0.0371158
v 0.1729422 -0.4994730 -0.0500060
v 0.1756399 -0.5189639 -0.0568647
v 0.2064511 -1.3097858 -0.0568647
v 0.2052781 -1.3294275 -0.0500060
v 0.2022624 -1.3455198 -0.0371158
v 0.1977676 -1.3561217 -0.0197489
v 0.1739126 -0.4730336 -0.0126993
v 0.1884830 -0.4828927 -0.0238668
v 0.1996179 -0.4984337 -0.0321557
v 0.2059744 -0.5177820 -0.0365661
v 0.2367856 -1.3086040 -0.0365661
v 0.2319538 -1.3283882 -0.0321557
v 0.2220618 -1.3447484 -0.0238668
v 0.2083026 -1.3557112 -0.0126993
v 0.1505702 -1.3062012 0.0100000
v 0.2294298 -1.3062012 0.0100000
v 0.1505702 -1.4337988 0.0100000
v 0.2294298 -1.4337988 0.0100000
v 0.1900000 -1.4094298 0.0652923
v 0.1900000 -1.3305702 0.0652923
v 0.1900000 -1.4094298 -0.0452923
v 0.1900000 -1.3305702 -0.0452923
v 0.2537988 -1.3700000 -0.0241725
v 0.2537988 -1.3700000 0.0441725
v 0.1262012 -1.3700000 -0.0241725
v 0.1262012 -1.3700000 0.0441725
v 0.1900000 -1.2950000 0.0100000
v 0.1900000 -1.4450000 0.0100000
v 0.1668237 -1.4306763 0.0425000
v 0.2131763 -1.4306763 0.0425000
v 0.1668237 -1.3093237 0.0425000
v 0.2131763 -1.3093237 0.0425000
v 0.1900000 -1.3700000 0.0750000
v 0.1668237 -1.4306763 -0.0225000
v 0.2131763 -1.4306763 -0.0225000
v 0.1668237 -1.3093237 -0.0225000
v 0.2131763 -1.3093237 -0.0225000
v 0.1900000 -1.3700000 -0.0550000
v 0.2506763 -1.3325000 -0.0100861
v 0.2506763 -1.4075000 -0.0100861
v 0.2275000 -1.3931763 -0.0425861
v 0.2275000 -1.3468237 -0.0425861
v 0.2506763 -1.3325000 0.0300861
v 0.2506763 -1.4075000 0.0300861
v 0.2275000 -1.3931763 0.0625861
v 0.2275000 -1.3468237 0.0625861
v 0.2650000 -1.3700000 0.0100000
v 0.1293237 -1.3325000 -0.0100861
v 0.1293237 -1.4075000 -0.0100861
v 0.1525000 -1.3931763 -0.0425861
v 0.1525000 -1.3468237 -0.0425861
v 0.1293237 -1.3325000 0.0300861
v 0.1293237 -1.4075000 0.0300861
v 0.1525000 -1.3931763 0.0625861
v 0.1525000 -1.3468237 0.0625861
v 0.1150000 -1.3700000 0.0100000
v 0.1695050 -1.2978546 0.0100000
v 0.2104950 -1.2978546 0.0100000
v 0.1695050 -1.4421454 0.0100000
v 0.2104950 -1.4421454 0.0100000
v 0.1574584 -1.4347001 0.0268930
v 0.1779533 -1.4220335 0.0556330
v 0.1778155 -1.4413292 0.0270863
v 0.2225416 -1.4347001 0.0268930
v 0.2020467 -1.4220335 0.0556330
v 0.2021845 -1.4413292 0.0270863
v 0.1900000 -1.4337988 0.0441725
v 0.1574584 -1.3052999 0.0268930
v 0.1779533 -1.3179665 0.0556330
v 0.1778155 -1.2986708 0.0270863
v 0.2225416 -1.3052999 0.0268930
v 0.2020467 -1.3179665 0.0556330
v 0.2021845 -1.2986708 0.0270863
v 0.1900000 -1.3062012 0.0441725
v 0.1900000 -1.3904950 0.0725260
v 0.1900000 -1.3495050 0.0725260
v 0.1574584 -1.4347001 -0.0068930
v 0.1779533 -1.4220335 -0.0356330
v 0.1778155 -1.4413292 -0.0070863
v 0.2225416 -1.4347001 -0.0068930
v 0.2020467 -1.4220335 -0.0356330
v 0.2021845 -1.4413292 -0.0070863
v 0.1900000 -1.4337988 -0.0241725
v 0.1574584 -1.3052999 -0.0068930
v 0.1779533 -1.3179665 -0.0356330
v 0.1778155 -1.2986708 -0.0070863
v 0.2225416 -1.3052999 -0.0068930
v 0.2020467 -1.3179665 -0.0356330
v 0.2021845 -1.2986708 -0.0070863
v 0.1900000 -1.3062012 -0.0241725
v 0.1900000 -1.3904950 -0.0525260
v 0.1900000 -1.3495050 -0.0525260
v 0.2420335 -1.3173465 -0.0004404
v 0.2547001 -1.3505081 -0.0182028
v 0.2340839 -1.3183857 -0.0176462
v 0.2420335 -1.4226535 -0.0004404
v 0.2547001 -1.3894919 -0.0182028
v 0.2340839 -1.4216143 -0.0176462
v 0.2094919 -1.4025416 -0.0460735
v 0.2426535 -1.3820467 -0.0350957
v 0.2218994 -1.4140839 -0.0347324
v 0.2097149 -1.3821845 -0.0518187
v 0.2416143 -1.4018994 -0.0282060
v 0.2094919 -1.3374584 -0.0460735
v 0.2426535 -1.3579533 -0.0350957
v 0.2218994 -1.3259161 -0.0347324
v 0.2097149 -1.3578155 -0.0518187
v 0.2416143 -1.3381006 -0.0282060
v 0.2294298 -1.3700000 -0.0452923
v 0.2420335 -1.3173465 0.0204404
v 0.2547001 -1.3505081 0.0382028
v 0.2340839 -1.3183857 0.0376462
v 0.2537988 -1.3305702 0.0100000
v 0.2420335 -1.4226535 0.0204404
v 0.2547001 -1.3894919 0.0382028
v 0.2340839 -1.4216143 0.0376462
v 0.2537988 -1.4094298 0.0100000
v 0.2094919 -1.4025416 0.0660735
v 0.2426535 -1.3820467 0.0550957
v 0.2218994 -1.4140839 0.0547324
v 0.2097149 -1.3821845 0.0718187
v 0.2416143 -1.4018994 0.0482060
v 0.2094919 -1.3374584 0.0660735
v 0.2426535 -1.3579533 0.0550957
v 0.2218994 -1.3259161 0.0547324
v 0.2097149 -1.3578155 0.0718187
v 0.2416143 -1.3381006 0.0482060
v 0.2294298 -1.3700000 0.0652923
v 0.2621454 -1.3700000 -0.0077623
v 0.2621454 -1.3700000 0.0277623
v 0.2613292 -1.3502851 -0.0005599
v 0.2613292 -1.3897149 -0.0005599
v 0.2613292 -1.3502851 0.0205599
v 0.2613292 -1.3897149 0.0205599
v 0.1379665 -1.3173465 -0.0004404
v 0.1252999 -1.3505081 -0.0182028
v 0.1459161 -1.3183857 -0.0176462
v 0.1379665 -1.4226535 -0.0004404
v 0.1252999 -1.3894919 -0.0182028
v 0.1459161 -1.4216143 -0.0176462
v 0.1705081 -1.4025416 -0.0460735
v 0.1373465 -1.3820467 -0.0350957
v 0.1581006 -1.4140839 -0.0347324
v 0.1702851 -1.3821845 -0.0518187
v 0.1383857 -1.4018994 -0.0282060
v 0.1705081 -1.3374584 -0.0460735
v 0.1373465 -1.3579533 -0.0350957
v 0.1581006 -1.3259161 -0.0347324
v 0.1702851 -1.3578155 -0.0518187
v 0.1383857 -1.3381006 -0.0282060
v 0.1505702 -1.3700000 -0.0452923
v 0.1379665 -1.3173465 0.0204404
v 0.1252999 -1.3505081 0.0382028
v 0.1459161 -1.3183857 0.0376462
v 0.1262012 -1.3305702 0.0100000
v 0.1379665 -1.4226535 0.0204404
v 0.1252999 -1.3894919 0.0382028
v 0.1459161 -1.4216143 0.0376462
v 0.1262012 -1.4094298 0.0100000
v 0.1705081 -1.4025416 0.0660735
v 0.1373465 -1.3820467 0.0550957
v 0.1581006 -1.4140839 0.0547324
v 0.1702851 -1.3821845 0.0718187
v 0.1383857 -1.4018994 0.0482060
v 0.1705081 -1.3374584 0.0660735
v 0.1373465 -1.3579533 0.0550957
v 0.1581006 -1.3259161 0.0547324
v 0.1702851 -1.3578155 0.0718187
v 0.1383857 -1.3381006 0.0482060
v 0.1505702 -1.3700000 0.0652923
v 0.1178546 -1.3700000 -0.0077623
v 0.1178546 -1.3700000 0.0277623
v 0.1186708 -1.3502851 -0.0005599
v 0.1186708 -1.3897149 -0.0005599
v 0.1186708 -1.3502851 0.0205599
v 0.1186708 -1.3897149 0.0205599
v 0.1900000 -1.3850000 -0.0000000
v 0.2053909 -1.3877138 -0.0000000
v 0.2189254 -1.3955280 -0.0000000
v 0.2289711 -1.4075000 -0.0000000
v 0.2343163 -1.4221858 -0.0000000
v 0.2343163 -2.0578142 0.0000000
v 0.2289711 -2.0725000 0.0000000
v 0.2189254 -2.0844720 0.0000000
v 0.2053909 -2.0922862 0.0000000
v 0.1900000 -2.0950000 0.0000000
v 0.2024515 -1.3877138 0.0090465
v 0.2134012 -1.3955280 0.0170019
v 0.2215283 -1.4075000 0.0229067
v 0.2258527 -1.4221858 0.0260485
v 0.2258527 -2.0578142 0.0260485
v 0.2215283 -2.0725000 0.0229067
v 0.2134012 -2.0844720 0.0170019
v 0.2024515 -2.0922862 0.0090465
v 0.1947561 -1.3877138 0.0146376
v 0.1989385 -1.3955280 0.0275097
v 0.2020427 -1.4075000 0.0370638
v 0.2036945 -1.4221858 0.0421474
v 0.2036945 -2.0578142 0.0421474
v 0.2020427 -2.0725000 0.0370638
v 0.1989385 -2.0844720 0.0275097
v 0.1947561 -2.0922862 0.0146376
v 0.1852439 -1.3877138 0.0146376
v 0.1810615 -1.3955280 0.0275097
v 0.1779573 -1.4075000 0.0370638
v 0.1763055 -1.4221858 0.0421474
v 0.1763055 -2.0578142 0.0421474
v 0.1779573 -2.0725000 0.0370638
v 0.1810615 -2.0844720 0.0275097
v 0.1852439 -2.0922862 0.0146376
v 0.1775485 -1.3877138 0.0090465
v 0.1665988 -1.3955280 0.0170019
v 0.1584717 -1.4075000 0.0229067
v 0.1541473 -1.4221858 0.0260485
v 0.1541473 -2.0578142 0.0260485
v 0.1584717 -2.0725000 0.0229067
v 0.1665988 -2.0844720 0.0170019
v 0.1775485 -2.0922862 0.0090465
v 0.1746091 -1.3877138 -0.0000000
v 0.1610746 -1.3955280 -0.0000000
v 0.1510289 -1.4075000 -0.0000000
v 0.1456837 -1.4221858 -0.0000000
v 0.1456837 -2.0578142 0.0000000
v 0.1510289 -2.0725000 0.0000000
v 0.1610746 -2.0844720 0.0000000
v 0.1746091 -2.0922862 0.0000000
v 0.1775485 -1.3877138 -0.0090465
v 0.1665988 -1.3955280 -0.0170019
v 0.1584717 -1.4075000 -0.0229067
v 0.1541473 -1.4221858 -0.0260485
v 0.1541473 -2.0578142 -0.0260485
v 0.1584717 -2.0725000 -0.0229067
v 0.1665988 -2.0844720 -0.0170019
v 0.1775485 -2.0922862 -0.0090465
v 0.1852439 -1.3877138 -0.0146376
v 0.1810615 -1.3955280 -0.0275097
v 0.1779573 -1.4075000 -0.0370638
v 0.1763055 -1.4221858 -0.0421474
v 0.1763055 -2.0578142 -0.0421474
v 0.1779573 -2.0725000 -0.0370638
v 0.1810615 -2.0844720 -0.0275097
v 0.1852439 -2.0922862 -0.0146376
v 0.1947561 -1.3877138 -0.0146376
v 0.1989385 -1.3955280 -0.0275097
v 0.2020427 -1.4075000 -0.0370638
v 0.2036945 -1.4221858 -0.0421474
v 0.2036945 -2.0578142 -0.0421474
v 0.2020427 -2.0725000 -0.0370638
v 0.1989385 -2.0844720 -0.0275097
v 0.1947561 -2.0922862 -0.0146376
v 0.2024515 -1.3877138 -0.0090465
v 0.2134012 -1.3955280 -0.0170019
v 0.2215283 -1.4075000 -0.0229067
v 0.2258527 -1.4221858 -0.0260485
v 0.2258527 -2.0578142 -0.0260485
v 0.2215283 -2.0725000 -0.0229067
v 0.2134012 -2.0844720 -0.0170019
v 0.2024515 -2.0922862 -0.0090465
v 0.1500000 -1.3980000 0.0200000
v 0.1609446 -1.3999298 0.0200000
v 0.1705692 -1.4054866 0.0200000
v 0.1777128 -1.4140000 0.0200000
v 0.1815138 -1.4244433 0.0200000
v 0.1815138 -2.0555567 0.0200000
v 0.1777128 -2.0660000 0.0200000
v 0.1705692 -2.0745134 0.0200000
v 0.1609446 -2.0800702 0.0200000
v 0.1500000 -2.0820000 0.0200000
v 0.1588544 -1.3999298 0.0264331
v 0.1666408 -1.4054866 0.0320903
v 0.1724201 -1.4140000 0.0362892
v 0.1754952 -1.4244433 0.0385234
v 0.1754952 -2.0555567 0.0385234
v 0.1724201 -2.0660000 0.0362892
v 0.1666408 -2.0745134 0.0320903
v 0.1588544 -2.0800702 0.0264331
v 0.1533821 -1.3999298 0.0304090
v 0.1563562 -1.4054866 0.0395625
v 0.1585637 -1.4140000 0.0463565
v 0.1597383 -1.4244433 0.0499715
v 0.1597383 -2.0555567 0.0499715
v 0.1585637 -2.0660000 0.0463565
v 0.1563562 -2.0745134 0.0395625
v 0.1533821 -2.0800702 0.0304090
v 0.1466179 -1.3999298 0.0304090
v 0.1436438 -1.4054866 0.0395625
v 0.1414363 -1.4140000 0.0463565
v 0.1402617 -1.4244433 0.0499715
v 0.1402617 -2.0555567 0.0499715
v 0.1414363 -2.0660000 0.0463565
v 0.1436438 -2.0745134 0.0395625
v 0.1466179 -2.0800702 0.0304090
v 0.1411456 -1.3999298 0.0264331
v 0.1333592 -1.4054866 0.0320903
v 0.1275799 -1.4140000 0.0362892
v 0.1245048 -1.4244433 0.0385234
v 0.1245048 -2.0555567 0.0385234
v 0.1275799 -2.0660000 0.0362892
v 0.1333592 -2.0745134 0.0320903
v 0.1411456 -2.0800702 0.0264331
v 0.1390554 -1.3999298 0.0200000
v 0.1294308 -1.4054866 0.0200000
v 0.1222872 -1.4140000 0.0200000
v 0.1184862 -1.4244433 0.0200000
v 0.1184862 -2.0555567 0.0200000
v 0.1222872 -2.0660000 0.0200000
v 0.1294308 -2.0745134 0.0200000
v 0.1390554 -2.0800702 0.0200000
v 0.1411456 -1.3999298 0.0135669
v 0.1333592 -1.4054866 0.0079097
v 0.1275799 -1.4140000 0.0037108
v 0.1245048 -1.4244433 0.0014766
v 0.1245048 -2.0555567 0.0014766
v 0.1275799 -2.0660000 0.0037108
v 0.1333592 -2.0745134 0.0079097
v 0.1411456 -2.0800702 0.0135669
v 0.1466179 -1.3999298 0.0095910
v 0.1436438 -1.4054866 0.0004375
v 0.1414363 -1.4140000 -0.0063565
v 0.1402617 -1.4244433 -0.0099715
v 0.1402617 -2.0555567 -0.0099715
v 0.1414363 -2.0660000 -0.0063565
v 0.1436438 -2.0745134 0.0004375
v 0.1466179 -2.0800702 0.0095910
v 0.1533821 -1.3999298 0.0095910
v 0.1563562 -1.4054866 0.0004375
v 0.1585637 -1.4140000 -0.0063565
v 0.1597383 -1.4244433 -0.0099715
v 0.1597383 -2.0555567 -0.0099715
v 0.1585637 -2.0660000 -0.0063565
v 0.1563562 -2.0745134 0.0004375
v 0.1533821 -2.0800702 0.0095910
v 0.1588544 -1.3999298 0.0135669
v 0.1666408 -1.4054866 0.0079097
v 0.1724201 -1.4140000 0.0037108
v 0.1754952 -1.4244433 0.0014766
v 0.1754952 -2.0555567 0.0014766
v 0.1724201 -2.0660000 0.0037108
v 0.1666408 -2.0745134 0.0079097
v 0.1588544 -2.0800702 0.0135669
v 0.1426842 -2.1104544 0.0900000
v 0.2373158 -2.1104544 0.0900000
v 0.1426842 -2.2295456 0.0900000
v 0.2373158 -2.2295456 0.0900000
v 0.1900000 -2.2068012 0.2771432
v 0.1900000 -2.1331988 0.2771432
v 0.1900000 -2.2068012 -0.0971432
v 0.1900000 -2.1331988 -0.0971432
v 0.2665586 -2.1700000 -0.0256608
v 0.2665586 -2.1700000 0.2056608
v 0.1134414 -2.1700000 -0.0256608
v 0.1134414 -2.1700000 0.2056608
v 0.1900000 -2.1000000 0.0900000
v 0.1900000 -2.2400000 0.0900000
v 0.1621885 -2.2266312 0.2000000
v 0.2178115 -2.2266312 0.2000000
v 0.1621885 -2.1133688 0.2000000
v 0.2178115 -2.1133688 0.2000000
v 0.1900000 -2.1700000 0.3100000
v 0.1621885 -2.2266312 -0.0200000
v 0.2178115 -2.2266312 -0.0200000
v 0.1621885 -2.1133688 -0.0200000
v 0.2178115 -2.1133688 -0.0200000
v 0.1900000 -2.1700000 -0.1300000
v 0.2628115 -2.1350000 0.0220163
v 0.2628115 -2.2050000 0.0220163
v 0.2350000 -2.1916312 -0.0879837
v 0.2350000 -2.1483688 -0.0879837
v 0.2628115 -2.1350000 0.1579837
v 0.2628115 -2.2050000 0.1579837
v 0.2350000 -2.1916312 0.2679837
v 0.2350000 -2.1483688 0.2679837
v 0.2800000 -2.1700000 0.0900000
v 0.1171885 -2.1350000 0.0220163
v 0.1171885 -2.2050000 0.0220163
v 0.1450000 -2.1916312 -0.0879837
v 0.1450000 -2.1483688 -0.0879837
v 0.1171885 -2.1350000 0.1579837
v 0.1171885 -2.2050000 0.1579837
v 0.1450000 -2.1916312 0.2679837
v 0.1450000 -2.1483688 0.2679837
v 0.1000000 -2.1700000 0.0900000
v 0.1654060 -2.1026643 0.0900000
v 0.2145940 -2.1026643 0.0900000
v 0.1654060 -2.2373357 0.0900000
v 0.2145940 -2.2373357 0.0900000
v 0.1509500 -2.2303868 0.1471762
v 0.1755440 -2.2185646 0.2444502
v 0.1753786 -2.2365740 0.1478304
v 0.2290500 -2.2303868 0.1471762
v 0.2044560 -2.2185646 0.2444502
v 0.2046214 -2.2365740 0.1478304
v 0.1900000 -2.2295456 0.2056608
v 0.1509500 -2.1096132 0.1471762
v 0.1755440 -2.1214354 0.2444502
v 0.1753786 -2.1034260 0.1478304
v 0.2290500 -2.1096132 0.1471762
v 0.2044560 -2.1214354 0.2444502
v 0.2046214 -2.1034260 0.1478304
v 0.1900000 -2.1104544 0.2056608
v 0.1900000 -2.1891287 0.3016264
v 0.1900000 -2.1508713 0.3016264
v 0.1509500 -2.2303868 0.0328238
v 0.1755440 -2.2185646 -0.0644502
v 0.1753786 -2.2365740 0.0321696
v 0.2290500 -2.2303868 0.0328238
v 0.2044560 -2.2185646 -0.0644502
v 0.2046214 -2.2365740 0.0321696
v 0.1900000 -2.2295456 -0.0256608
v 0.1509500 -2.1096132 0.0328238
v 0.1755440 -2.1214354 -0.0644502
v 0.1753786 -2.1034260 0.0321696
v 0.2290500 -2.1096132 0.0328238
v 0.2044560 -2.1214354 -0.0644502
v 0.2046214 -2.1034260 0.0321696
v 0.1900000 -2.1104544 -0.0256608
v 0.1900000 -2.1891287 -0.1216264
v 0.1900000 -2.1508713 -0.1216264
v 0.2524402 -2.1208567 0.0546632
v 0.2676402 -2.1518076 -0.0054555
v 0.2429007 -2.1218266 -0.0035716
v 0.2524402 -2.2191433 0.0546632
v 0.2676402 -2.1881924 -0.0054555
v 0.2429007 -2.2181734 -0.0035716
v 0.2133903 -2.2003722 -0.0997871
v 0.2531842 -2.1812435 -0.0626317
v 0.2282793 -2.2111450 -0.0614020
v 0.2136579 -2.1813722 -0.1192324
v 0.2519372 -2.1997728 -0.0393128
v 0.2133903 -2.1396278 -0.0997871
v 0.2531842 -2.1587565 -0.0626317
v 0.2282793 -2.1288550 -0.0614020
v 0.2136579 -2.1586278 -0.1192324
v 0.2519372 -2.1402272 -0.0393128
v 0.2373158 -2.1700000 -0.0971432
v 0.2524402 -2.1208567 0.1253368
v 0.2676402 -2.1518076 0.1854555
v 0.2429007 -2.1218266 0.1835716
v 0.2665586 -2.1331988 0.0900000
v 0.2524402 -2.2191433 0.1253368
v 0.2676402 -2.1881924 0.1854555
v 0.2429007 -2.2181734 0.1835716
v 0.2665586 -2.2068012 0.0900000
v 0.2133903 -2.2003722 0.2797871
v 0.2531842 -2.1812435 0.2426317
v 0.2282793 -2.2111450 0.2414020
v 0.2136579 -2.1813722 0.2992324
v 0.2519372 -2.1997728 0.2193128
v 0.2133903 -2.1396278 0.2797871
v 0.2531842 -2.1587565 0.2426317
v 0.2282793 -2.1288550 0.2414020
v 0.2136579 -2.1586278 0.2992324
v 0.2519372 -2.1402272 0.2193128
v 0.2373158 -2.1700000 0.2771432
v 0.2765745 -2.1700000 0.0298814
v 0.2765745 -2.1700000 0.1501186
v 0.2755951 -2.1515994 0.0542588
v 0.2755951 -2.1884006 0.0542588
v 0.2755951 -2.1515994 0.1257412
v 0.2755951 -2.1884006 0.1257412
v 0.1275598 -2.1208567 0.0546632
v 0.1123598 -2.1518076 -0.0054555
v 0.1370993 -2.1218266 -0.0035716
v 0.1275598 -2.2191433 0.0546632
v 0.1123598 -2.1881924 -0.0054555
v 0.1370993 -2.2181734 -0.0035716
v 0.1666097 -2.2003722 -0.0997871
v 0.1268158 -2.1812435 -0.0626317
v 0.1517207 -2.2111450 -0.0614020
v 0.1663421 -2.1813722 -0.1192324
v 0.1280628 -2.1997728 -0.0393128
v 0.1666097 -2.1396278 -0.0997871
v 0.1268158 -2.1587565 -0.0626317
v 0.1517207 -2.1288550 -0.0614020
v 0.1663421 -2.1586278 -0.1192324
v 0.1280628 -2.1402272 -0.0393128
v 0.1426842 -2.1700000 -0.0971432
v 0.1275598 -2.1208567 0.1253368
v 0.1123598 -2.1518076 0.1854555
v 0.1370993 -2.1218266 0.1835716
v 0.1134414 -2.1331988 0.0900000
v 0.1275598 -2.2191433 0.1253368
v 0.1123598 -2.1881924 0.1854555
v 0.1370993 -2.2181734 0.1835716
v 0.1134414 -2.2068012 0.0900000
v 0.1666097 -2.2003722 0.2797871
v 0.1268158 -2.1812435 0.2426317
v 0.1517207 -2.2111450 0.2414020
v 0.1663421 -2.1813722 0.2992324
v 0.1280628 -2.1997728 0.2193128
v 0.1666097 -2.1396278 0.2797871
v 0.1268158 -2.1587565 0.2426317
v 0.1517207 -2.1288550 0.2414020
v 0.1663421 -2.1586278 0.2992324
v 0.1280628 -2.1402272 0.2193128
v 0.1426842 -2.1700000 0.2771432
v 0.1034255 -2.1700000 0.0298814
v 0.1034255 -2.1700000 0.1501186
v 0.1044049 -2.1515994 0.0542588
v 0.1044049 -2.1884006 0.0542588
v 0.1044049 -2.1515994 0.1257412
v 0.1044049 -2.1884006 0.1257412
vn -0.6252198 0.7804487 0.0000000
vn 0.6252198 0.7804487 0.0000000
vn -0.6252198 -0.7804487 0.0000000
vn 0.6252198 -0.7804487 0.0000000
vn -0.0000000 -0.4116640 0.9113357
vn 0.0000000 0.4116640 0.9113357
vn 0.0000000 -0.4116640 -0.9113357
vn -0.0000000 0.4116640 -0.9113357
vn 0.8377790 0.0000000 -0.5460095
vn 0.8377790 0.0000000 0.5460095
vn -0.8377790 0.0000000 -0.5460095
vn -0.8377790 -0.0000000 0.5460095
vn -0.0000000 1.0000000 0.0000000
vn 0.0000000 -1.0000000 0.0000000
vn -0.3528543 -0.7157456 0.6026625
vn 0.3528543 -0.7157456 0.6026625
vn -0.3528543 0.7157456 0.6026625
vn 0.3528543 0.7157456 0.6026625
vn 0.0000000 0.0000000 1.0000000
vn -0.3528543 -0.7157456 -0.6026625
vn 0.3528543 -0.7157456 -0.6026625
vn -0.3528543 0.7157456 -0.6026625
vn 0.3528543 0.7157456 -0.6026625
vn 0.0000000 0.0000000 -1.0000000
vn 0.8488603 0.4034014 -0.3416189
vn 0.8488603 -0.4034014 -0.3416189
vn 0.4926680 -0.2341570 -0.8381222
vn 0.4926680 0.2341570 -0.8381222
vn 0.8488603 0.4034014 0.3416189
vn 0.8488603 -0.4034014 0.3416189
vn 0.4926680 -0.2341570 0.8381222
vn 0.4926680 0.2341570 0.8381222
vn 1.0000000 0.0000000 0.0000000
vn -0.8488603 0.4034014 -0.3416189
vn -0.8488603 -0.4034014 -0.3416189
vn -0.4926680 -0.2341570 -0.8381222
vn -0.4926680 0.2341570 -0.8381222
vn -0.8488603 0.4034014 0.3416189
vn -0.8488603 -0.4034014 0.3416189
vn -0.4926680 -0.2341570 0.8381222
vn -0.4926680 0.2341570 0.8381222
vn -1.0000000 -0.0000000 0.0000000
vn -0.3476062 0.9376406 -0.0000000
vn 0.3476062 0.9376406 0.0000000
vn -0.3476062 -0.9376406 0.0000000
vn 0.3476062 -0.9376406 -0.0000000
vn -0.5165220 -0.7929534 0.3231561
vn -0.1714464 -0.5763308 0.7990300
vn -0.1913052 -0.9166928 0.3508227
vn 0.5165220 -0.7929534 0.3231561
vn 0.1714464 -0.5763308 0.7990300
vn 0.1913052 -0.9166928 0.3508227
vn -0.0000000 -0.7731408 0.6342344
vn -0.5165220 0.7929534 0.3231561
vn -0.1714464 0.5763308 0.7990300
vn -0.1913052 0.9166928 0.3508227
vn 0.5165220 0.7929534 0.3231561
vn 0.1714464 0.5763308 0.7990300
vn 0.1913052 0.9166928 0.3508227
vn 0.0000000 0.7731408 0.6342344
vn -0.0000000 -0.2054249 0.9786729
vn -0.0000000 0.2054249 0.9786729
vn -0.5165220 -0.7929534 -0.3231561
vn -0.1714464 -0.5763308 -0.7990300
vn -0.1913052 -0.9166928 -0.3508227
vn 0.5165220 -0.7929534 -0.3231561
vn 0.1714464 -0.5763308 -0.7990300
vn 0.1913052 -0.9166928 -0.3508227
vn 0.0000000 -0.7731408 -0.6342344
vn -0.5165220 0.7929534 -0.3231561
vn -0.1714464 0.5763308 -0.7990300
vn -0.1913052 0.9166928 -0.3508227
vn 0.5165220 0.7929534 -0.3231561
vn 0.1714464 0.5763308 -0.7990300
vn 0.1913052 0.9166928 -0.3508227
vn -0.0000000 0.7731408 -0.6342344
vn -0.0000000 -0.2054249 -0.9786729
vn 0.0000000 0.2054249 -0.9786729
vn 0.7739101 0.6052327 -0.1864310
vn 0.8652965 0.1984014 -0.4603247
vn 0.6442580 0.5780503 -0.5007889
vn 0.7739101 -0.6052327 -0.1864310
vn 0.8652965 -0.1984014 -0.4603247
vn 0.6442580 -0.5780503 -0.5007889
vn 0.2582588 -0.3330102 -0.9068663
vn 0.6893293 -0.1210350 -0.7142658
vn 0.4548569 -0.4747272 -0.7534848
vn 0.2580139 -0.1131817 -0.9594888
vn 0.6962066 -0.3414405 -0.6314386
vn 0.2582588 0.3330102 -0.9068663
vn 0.6893293 0.1210350 -0.7142658
vn 0.4548569 0.4747272 -0.7534848
vn 0.2580139 0.1131817 -0.9594888
vn 0.6962066 0.3414405 -0.6314386
vn 0.4984285 0.0000000 -0.8669308
vn 0.7739101 0.6052327 0.1864310
vn 0.8652965 0.1984014 0.4603247
vn 0.6442580 0.5780503 0.5007889
vn 0.9069668 0.4212020 -0.0000000
vn 0.7739101 -0.6052327 0.1864310
vn 0.8652965 -0.1984014 0.4603247
vn 0.6442580 -0.5780503 0.5007889
vn 0.9069668 -0.4212020 0.0000000
vn 0.2582588 -0.3330102 0.9068663
vn 0.6893293 -0.1210350 0.7142658
vn 0.4548569 -0.4747272 0.7534848
vn 0.2580139 -0.1131817 0.9594888
vn 0.6962066 -0.3414405 0.6314386
vn 0.2582588 0.3330102 0.9068663
vn 0.6893293 0.1210350 0.7142658
vn 0.4548569 0.4747272 0.7534848
vn 0.2580139 0.1131817 0.9594888
vn 0.6962066 0.3414405 0.6314386
vn 0.4984285 0.0000000 0.8669308
vn 0.9577770 0.0000000 -0.2875121
vn 0.9577770 0.0000000 0.2875121
vn 0.9642305 0.2085616 -0.1635897
vn 0.9642305 -0.2085616 -0.1635897
vn 0.9642305 0.2085616 0.1635897
vn 0.9642305 -0.2085616 0.1635897
vn -0.7739101 0.6052327 -0.1864310
vn -0.8652965 0.1984014 -0.4603247
vn -0.6442580 0.5780503 -0.5007889
vn -0.7739101 -0.6052327 -0.1864310
vn -0.8652965 -0.1984014 -0.4603247
vn -0.6442580 -0.5780503 -0.5007889
vn -0.2582588 -0.3330102 -0.9068663
vn -0.6893293 -0.1210350 -0.7142658
vn -0.4548569 -0.4747272 -0.7534848
vn -0.2580139 -0.1131817 -0.9594888
vn -0.6962066 -0.3414405 -0.6314386
vn -0.2582588 0.3330102 -0.9068663
vn -0.6893293 0.1210350 -0.7142658
vn -0.4548569 0.4747272 -0.7534848
vn -0.2580139 0.1131817 -0.9594888
vn -0.6962066 0.3414405 -0.6314386
vn -0.4984285 0.0000000 -0.8669308
vn -0.7739101 0.6052327 0.1864310
vn -0.8652965 0.1984014 0.4603247
vn -0.6442580 0.5780503 0.5007889
vn -0.9069668 0.4212020 0.0000000
vn -0.7739101 -0.6052327 0.1864310
vn -0.8652965 -0.1984014 0.4603247
vn -0.6442580 -0.5780503 0.5007889
vn -0.9069668 -0.4212020 -0.0000000
vn -0.2582588 -0.3330102 0.9068663
vn -0.6893293 -0.1210350 0.7142658
vn -0.4548569 -0.4747272 0.7534848
vn -0.2580139 -0.1131817 0.9594888
vn -0.6962066 -0.3414405 0.6314386
vn -0.2582588 0.3330102 0.9068663
vn -0.6893293 0.1210350 0.7142658
vn -0.4548569 0.4747272 0.7534848
vn -0.2580139 0.1131817 0.9594888
vn -0.6962066 0.3414405 0.6314386
vn -0.4984285 -0.0000000 0.8669308
vn -0.9577770 0.0000000 -0.2875121
vn -0.9577770 -0.0000000 0.2875121
vn -0.9642305 0.2085616 -0.1635897
vn -0.9642305 -0.2085616 -0.1635897
vn -0.9642305 0.2085616 0.1635897
vn -0.9642305 -0.2085616 0.1635897
vn -0.3196079 0.9475499 -0.0000000
vn 0.3196079 0.9475499 0.0000000
vn -0.3196079 -0.9475499 0.0000000
vn 0.3196079 -0.9475499 -0.0000000
vn -0.0000000 -0.6727619 0.7398591
vn 0.0000000 0.6727619 0.7398591
vn 0.0000000 -0.6727619 -0.7398591
vn 0.0000000 0.6727619 -0.7398591
vn 0.7935295 -0.0000000 -0.6085318
vn 0.7935295 0.0000000 0.6085318
vn -0.7935295 0.0000000 -0.6085318
vn -0.7935295 -0.0000000 0.6085318
vn 0.0000000 1.0000000 -0.0000000
vn 0.0000000 -1.0000000 -0.0000000
vn -0.1898539 -0.9051147 0.3804246
vn 0.1898539 -0.9051147 0.3804246
vn -0.1898539 0.9051147 0.3804246
vn 0.1898539 0.9051147 0.3804246
vn -0.0000000 0.0000000 1.0000000
vn -0.1898539 -0.9051147 -0.3804246
vn 0.1898539 -0.9051147 -0.3804246
vn -0.1898539 0.9051147 -0.3804246
vn 0.1898539 0.9051147 -0.3804246
vn 0.0000000 0.0000000 -1.0000000
vn 0.6371140 0.7102572 -0.2993668
vn 0.6371140 -0.7102572 -0.2993668
vn 0.3991338 -0.4444764 -0.8019557
vn 0.3991338 0.4444764 -0.8019557
vn 0.6371140 0.7102572 0.2993668
vn 0.6371140 -0.7102572 0.2993668
vn 0.3991338 -0.4444764 0.8019557
vn 0.3991338 0.4444764 0.8019557
vn 1.0000000 -0.0000000 -0.0000000
vn -0.6371140 0.7102572 -0.2993668
vn -0.6371140 -0.7102572 -0.2993668
vn -0.3991338 -0.4444764 -0.8019557
vn -0.3991338 0.4444764 -0.8019557
vn -0.6371140 0.7102572 0.2993668
vn -0.6371140 -0.7102572 0.2993668
vn -0.3991338 -0.4444764 0.8019557
vn -0.3991338 0.4444764 0.8019557
vn -1.0000000 0.0000000 -0.0000000
vn -0.1544019 0.9880081 0.0000000
vn 0.1544019 0.9880081 0.0000000
vn -0.1544019 -0.9880081 0.0000000
vn 0.1544019 -0.9880081 0.0000000
vn -0.2598690 -0.9463056 0.1922859
vn -0.1045958 -0.8179183 0.5657468
vn -0.0861319 -0.9784455 0.1876853
vn 0.2598690 -0.9463056 0.1922859
vn 0.1045958 -0.8179183 0.5657468
vn 0.0861319 -0.9784455 0.1876853
vn 0.0000000 -0.9247997 0.3804544
vn -0.2598690 0.9463056 0.1922859
vn -0.1045958 0.8179183 0.5657468
vn -0.0861319 0.9784455 0.1876853
vn 0.2598690 0.9463056 0.1922859
vn 0.1045958 0.8179183 0.5657468
vn 0.0861319 0.9784455 0.1876853
vn 0.0000000 0.9247997 0.3804544
vn -0.0000000 -0.3840382 0.9233172
vn -0.0000000 0.3840382 0.9233172
vn -0.2598690 -0.9463056 -0.1922859
vn -0.1045958 -0.8179183 -0.5657468
vn -0.0861319 -0.9784455 -0.1876853
vn 0.2598690 -0.9463056 -0.1922859
vn 0.1045958 -0.8179183 -0.5657468
vn 0.0861319 -0.9784455 -0.1876853
vn -0.0000000 -0.9247997 -0.3804544
vn -0.2598690 0.9463056 -0.1922859
vn -0.1045958 0.8179183 -0.5657468
vn -0.0861319 0.9784455 -0.1876853
vn 0.2598690 0.9463056 -0.1922859
vn 0.1045958 0.8179183 -0.5657468
vn 0.0861319 0.9784455 -0.1876853
vn 0.0000000 0.9247997 -0.3804544
vn 0.0000000 -0.3840382 -0.9233172
vn -0.0000000 0.3840382 -0.9233172
vn 0.4714812 0.8715893 -0.1343037
vn 0.7740164 0.4138161 -0.4792231
vn 0.3987822 0.8412538 -0.3650545
vn 0.4714812 -0.8715893 -0.1343037
vn 0.7740164 -0.4138161 -0.4792231
vn 0.3987822 -0.8412538 -0.3650545
vn 0.1899954 -0.5839939 -0.7892103
vn 0.6141783 -0.2458297 -0.7499018
vn 0.3044723 -0.7461457 -0.5920837
vn 0.2153196 -0.2222062 -0.9509268
vn 0.5406151 -0.6155495 -0.5734406
vn 0.1899954 0.5839939 -0.7892103
vn 0.6141783 0.2458297 -0.7499018
vn 0.3044723 0.7461457 -0.5920837
vn 0.2153196 0.2222062 -0.9509268
vn 0.5406151 0.6155495 -0.5734406
vn 0.4377909 -0.0000000 -0.8990768
vn 0.4714812 0.8715893 0.1343037
vn 0.7740164 0.4138161 0.4792231
vn 0.3987822 0.8412538 0.3650545
vn 0.6779957 0.7350659 -0.0000000
vn 0.4714812 -0.8715893 0.1343037
vn 0.7740164 -0.4138161 0.4792231
vn 0.3987822 -0.8412538 0.3650545
vn 0.6779957 -0.7350659 -0.0000000
vn 0.1899954 -0.5839939 0.7892103
vn 0.6141783 -0.2458297 0.7499018
vn 0.3044723 -0.7461457 0.5920837
vn 0.2153196 -0.2222062 0.9509268
vn 0.5406151 -0.6155495 0.5734406
vn 0.1899954 0.5839939 0.7892103
vn 0.6141783 0.2458297 0.7499018
vn 0.3044723 0.7461457 0.5920837
vn 0.2153196 0.2222062 0.9509268
vn 0.5406151 0.6155495 0.5734406
vn 0.4377909 -0.0000000 0.8990768
vn 0.9419291 0.0000000 -0.3358118
vn 0.9419291 0.0000000 0.3358118
vn 0.8803738 0.4406356 -0.1754486
vn 0.8803738 -0.4406356 -0.1754486
vn 0.8803738 0.4406356 0.1754486
vn 0.8803738 -0.4406356 0.1754486
vn -0.4714812 0.8715893 -0.1343037
vn -0.7740164 0.4138161 -0.4792231
vn -0.3987822 0.8412538 -0.3650545
vn -0.4714812 -0.8715893 -0.1343037
vn -0.7740164 -0.4138161 -0.4792231
vn -0.3987822 -0.8412538 -0.3650545
vn -0.1899954 -0.5839939 -0.7892103
vn -0.6141783 -0.2458297 -0.7499018
vn -0.3044723 -0.7461457 -0.5920837
vn -0.2153196 -0.2222062 -0.9509268
vn -0.5406151 -0.6155495 -0.5734406
vn -0.1899954 0.5839939 -0.7892103
vn -0.6141783 0.2458297 -0.7499018
vn -0.3044723 0.7461457 -0.5920837
vn -0.2153196 0.2222062 -0.9509268
vn -0.5406151 0.6155495 -0.5734406
vn -0.4377909 0.0000000 -0.8990768
vn -0.4714812 0.8715893 0.1343037
vn -0.7740164 0.4138161 0.4792231
vn -0.3987822 0.8412538 0.3650545
vn -0.6779957 0.7350659 -0.0000000
vn -0.4714812 -0.8715893 0.1343037
vn -0.7740164 -0.4138161 0.4792231
vn -0.3987822 -0.8412538 0.3650545
vn -0.6779957 -0.7350659 -0.0000000
vn -0.1899954 -0.5839939 0.7892103
vn -0.6141783 -0.2458297 0.7499018
vn -0.3044723 -0.7461457 0.5920837
vn -0.2153196 -0.2222062 0.9509268
vn -0.5406151 -0.6155495 0.5734406
vn -0.1899954 0.5839939 0.7892103
vn -0.6141783 0.2458297 0.7499018
vn -0.3044723 0.7461457 0.5920837
vn -0.2153196 0.2222062 0.9509268
vn -0.5406151 0.6155495 0.5734406
vn -0.4377909 0.0000000 0.8990768
vn -0.9419291 -0.0000000 -0.3358118
vn -0.9419291 0.0000000 0.3358118
vn -0.8803738 0.4406356 -0.1754486
vn -0.8803738 -0.4406356 -0.1754486
vn -0.8803738 0.4406356 0.1754486
vn -0.8803738 -0.4406356 0.1754486
vn -0.5986586 0.8010043 -0.0000000
vn 0.5986586 0.8010043 0.0000000
vn -0.5986586 -0.8010043 0.0000000
vn 0.5986586 -0.8010043 -0.0000000
vn 0.0000000 -0.4522619 0.8918852
vn -0.0000000 0.4522619 0.8918852
vn 0.0000000 -0.4522619 -0.8918852
vn -0.0000000 0.4522619 -0.8918852
vn 0.8502053 0.0000000 -0.5264512
vn 0.8502053 -0.0000000 0.5264512
vn -0.8502053 -0.0000000 -0.5264512
vn -0.8502053 0.0000000 0.5264512
vn -0.0000000 1.0000000 0.0000000
vn 0.0000000 -1.0000000 0.0000000
vn -0.3431601 -0.7530964 0.5613260
vn 0.3431601 -0.7530964 0.5613260
vn -0.3431601 0.7530964 0.5613260
vn 0.3431601 0.7530964 0.5613260
vn 0.0000000 0.0000000 1.0000000
vn -0.3431601 -0.7530964 -0.5613260
vn 0.3431601 -0.7530964 -0.5613260
vn -0.3431601 0.7530964 -0.5613260
vn 0.3431601 0.7530964 -0.5613260
vn 0.0000000 0.0000000 -1.0000000
vn 0.8439071 0.4273995 -0.3242691
vn 0.8439071 -0.4273995 -0.3242691
vn 0.5091599 -0.2580074 -0.8210898
vn 0.5091599 0.2580074 -0.8210898
vn 0.8439071 0.4273995 0.3242691
vn 0.8439071 -0.4273995 0.3242691
vn 0.5091599 -0.2580074 0.8210898
vn 0.5091599 0.2580074 0.8210898
vn 1.0000000 0.0000000 0.0000000
vn -0.8439071 0.4273995 -0.3242691
vn -0.8439071 -0.4273995 -0.3242691
vn -0.5091599 -0.2580074 -0.8210898
vn -0.5091599 0.2580074 -0.8210898
vn -0.8439071 0.4273995 0.3242691
vn -0.8439071 -0.4273995 0.3242691
vn -0.5091599 -0.2580074 0.8210898
vn -0.5091599 0.2580074 0.8210898
vn -1.0000000 0.0000000 0.0000000
vn -0.5986586 0.8010043 -0.0000000
vn 0.5986586 0.8010043 0.0000000
vn -0.5986586 -0.8010043 0.0000000
vn 0.5986586 -0.8010043 -0.0000000
vn 0.0000000 -0.4522619 0.8918852
vn -0.0000000 0.4522619 0.8918852
vn 0.0000000 -0.4522619 -0.8918852
vn -0.0000000 0.4522619 -0.8918852
vn 0.8502053 0.0000000 -0.5264512
vn 0.8502053 -0.0000000 0.5264512
vn -0.8502053 -0.0000000 -0.5264512
vn -0.8502053 0.0000000 0.5264512
vn -0.0000000 1.0000000 0.0000000
vn 0.0000000 -1.0000000 0.0000000
vn -0.3431601 -0.7530964 0.5613260
vn 0.3431601 -0.7530964 0.5613260
vn -0.3431601 0.7530964 0.5613260
vn 0.3431601 0.7530964 0.5613260
vn 0.0000000 0.0000000 1.0000000
vn -0.3431601 -0.7530964 -0.5613260
vn 0.3431601 -0.7530964 -0.5613260
vn -0.3431601 0.7530964 -0.5613260
vn 0.3431601 0.7530964 -0.5613260
vn 0.0000000 0.0000000 -1.0000000
vn 0.8439071 0.4273995 -0.3242691
vn 0.8439071 -0.4273995 -0.3242691
vn 0.5091599 -0.2580074 -0.8210898
vn 0.5091599 0.2580074 -0.8210898
vn 0.8439071 0.4273995 0.3242691
vn 0.8439071 -0.4273995 0.3242691
vn 0.5091599 -0.2580074 0.8210898
vn 0.5091599 0.2580074 0.8210898
vn 1.0000000 0.0000000 0.0000000
vn -0.8439071 0.4273995 -0.3242691
vn -0.8439071 -0.4273995 -0.3242691
vn -0.5091599 -0.2580074 -0.8210898
vn -0.5091599 0.2580074 -0.8210898
vn -0.8439071 0.4273995 0.3242691
vn -0.8439071 -0.4273995 0.3242691
vn -0.5091599 -0.2580074 0.8210898
vn -0.5091599 0.2580074 0.8210898
vn -1.0000000 0.0000000 0.0000000
vn -0.5986586 0.8010043 -0.0000000
vn 0.5986586 0.8010043 0.0000000
vn -0.5986586 -0.8010043 0.0000000
vn 0.5986586 -0.8010043 -0.0000000
vn 0.0000000 -0.4522619 0.8918852
vn -0.0000000 0.4522619 0.8918852
vn 0.0000000 -0.4522619 -0.8918852
vn -0.0000000 0.4522619 -0.8918852
vn 0.8502053 0.0000000 -0.5264512
vn 0.8502053 -0.0000000 0.5264512
vn -0.8502053 -0.0000000 -0.5264512
vn -0.8502053 0.0000000 0.5264512
vn -0.0000000 1.0000000 0.0000000
vn 0.0000000 -1.0000000 0.0000000
vn -0.3431601 -0.7530964 0.5613260
vn 0.3431601 -0.7530964 0.5613260
vn -0.3431601 0.7530964 0.5613260
vn 0.3431601 0.7530964 0.5613260
vn 0.0000000 0.0000000 1.0000000
vn -0.3431601 -0.7530964 -0.5613260
vn 0.3431601 -0.7530964 -0.5613260
vn -0.3431601 0.7530964 -0.5613260
vn 0.3431601 0.7530964 -0.5613260
vn 0.0000000 0.0000000 -1.0000000
vn 0.8439071 0.4273995 -0.3242691
vn 0.8439071 -0.4273995 -0.3242691
vn 0.5091599 -0.2580074 -0.8210898
vn 0.5091599 0.2580074 -0.8210898
vn 0.8439071 0.4273995 0.3242691
vn 0.8439071 -0.4273995 0.3242691
vn 0.5091599 -0.2580074 0.8210898
vn 0.5091599 0.2580074 0.8210898
vn 1.0000000 0.0000000 0.0000000
vn -0.8439071 0.4273995 -0.3242691
vn -0.8439071 -0.4273995 -0.3242691
vn -0.5091599 -0.2580074 -0.8210898
vn -0.5091599 0.2580074 -0.8210898
vn -0.8439071 0.4273995 0.3242691
vn -0.8439071 -0.4273995 0.3242691
vn -0.5091599 -0.2580074 0.8210898
vn -0.5091599 0.2580074 0.8210898
vn -1.0000000 0.0000000 0.0000000
vn -0.5986586 0.8010043 -0.0000000
vn 0.5986586 0.8010043 0.0000000
vn -0.5986586 -0.8010043 0.0000000
vn 0.5986586 -0.8010043 -0.0000000
vn 0.0000000 -0.4522619 0.8918852
vn -0.0000000 0.4522619 0.8918852
vn 0.0000000 -0.4522619 -0.8918852
vn -0.0000000 0.4522619 -0.8918852
vn 0.8502053 0.0000000 -0.5264512
vn 0.8502053 0.0000000 0.5264512
vn -0.8502053 0.0000000 -0.5264512
vn -0.8502053 0.0000000 0.5264512
vn -0.0000000 1.0000000 0.0000000
vn 0.0000000 -1.0000000 0.0000000
vn -0.3431601 -0.7530964 0.5613260
vn 0.3431601 -0.7530964 0.5613260
vn -0.3431601 0.7530964 0.5613260
vn 0.3431601 0.7530964 0.5613260
vn -0.0000000 0.0000000 1.0000000
vn -0.3431601 -0.7530964 -0.5613260
vn 0.3431601 -0.7530964 -0.5613260
vn -0.3431601 0.7530964 -0.5613260
vn 0.3431601 0.7530964 -0.5613260
vn 0.0000000 0.0000000 -1.0000000
vn 0.8439071 0.4273995 -0.3242691
vn 0.8439071 -0.4273995 -0.3242691
vn 0.5091599 -0.2580074 -0.8210898
vn 0.5091599 0.2580074 -0.8210898
vn 0.8439071 0.4273995 0.3242691
vn 0.8439071 -0.4273995 0.3242691
vn 0.5091599 -0.2580074 0.8210898
vn 0.5091599 0.2580074 0.8210898
vn 1.0000000 0.0000000 0.0000000
vn -0.8439071 0.4273995 -0.3242691
vn -0.8439071 -0.4273995 -0.3242691
vn -0.5091599 -0.2580074 -0.8210898
vn -0.5091599 0.2580074 -0.8210898
vn -0.8439071 0.4273995 0.3242691
vn -0.8439071 -0.4273995 0.3242691
vn -0.5091599 -0.2580074 0.8210898
vn -0.5091599 0.2580074 0.8210898
vn -1.0000000 0.0000000 0.0000000
vn -0.5986586 0.8010043 -0.0000000
vn 0.5986586 0.8010043 0.0000000
vn -0.5986586 -0.8010043 0.0000000
vn 0.5986586 -0.8010043 -0.0000000
vn 0.0000000 -0.4522619 0.8918852
vn -0.0000000 0.4522619 0.8918852
vn 0.0000000 -0.4522619 -0.8918852
vn -0.0000000 0.4522619 -0.8918852
vn 0.8502053 0.0000000 -0.5264512
vn 0.8502053 -0.0000000 0.5264512
vn -0.8502053 -0.0000000 -0.5264512
vn -0.8502053 0.0000000 0.5264512
vn -0.0000000 1.0000000 0.0000000
vn 0.0000000 -1.0000000 0.0000000
vn -0.3431601 -0.7530964 0.5613260
vn 0.3431601 -0.7530964 0.5613260
vn -0.3431601 0.7530964 0.5613260
vn 0.3431601 0.7530964 0.5613260
vn -0.0000000 0.0000000 1.0000000
vn -0.3431601 -0.7530964 -0.5613260
vn 0.3431601 -0.7530964 -0.5613260
vn -0.3431601 0.7530964 -0.5613260
vn 0.3431601 0.7530964 -0.5613260
vn 0.0000000 0.0000000 -1.0000000
vn 0.8439071 0.4273995 -0.3242691
vn 0.8439071 -0.4273995 -0.3242691
vn 0.5091599 -0.2580074 -0.8210898
vn 0.5091599 0.2580074 -0.8210898
vn 0.8439071 0.4273995 0.3242691
vn 0.8439071 -0.4273995 0.3242691
vn 0.5091599 -0.2580074 0.8210898
vn 0.5091599 0.2580074 0.8210898
vn 1.0000000 0.0000000 0.0000000
vn -0.8439071 0.4273995 -0.3242691
vn -0.8439071 -0.4273995 -0.3242691
vn -0.5091599 -0.2580074 -0.8210898
vn -0.5091599 0.2580074 -0.8210898
vn -0.8439071 0.4273995 0.3242691
vn -0.8439071 -0.4273995 0.3242691
vn -0.5091599 -0.2580074 0.8210898
vn -0.5091599 0.2580074 0.8210898
vn -1.0000000 0.0000000 0.0000000
vn -0.5986586 0.8010043 -0.0000000
vn 0.5986586 0.8010043 0.0000000
vn -0.5986586 -0.8010043 0.0000000
vn 0.5986586 -0.8010043 -0.0000000
vn 0.0000000 -0.4522619 0.8918852
vn -0.0000000 0.4522619 0.8918852
vn 0.0000000 -0.4522619 -0.8918852
vn -0.0000000 0.4522619 -0.8918852
vn 0.8502053 0.0000000 -0.5264512
vn 0.8502053 -0.0000000 0.5264512
vn -0.8502053 -0.0000000 -0.5264512
vn -0.8502053 0.0000000 0.5264512
vn -0.0000000 1.0000000 0.0000000
vn 0.0000000 -1.0000000 0.0000000
vn -0.3431601 -0.7530964 0.5613260
vn 0.3431601 -0.7530964 0.5613260
vn -0.3431601 0.7530964 0.5613260
vn 0.3431601 0.7530964 0.5613260
vn -0.0000000 0.0000000 1.0000000
vn -0.3431601 -0.7530964 -0.5613260
vn 0.3431601 -0.7530964 -0.5613260
vn -0.3431601 0.7530964 -0.5613260
vn 0.3431601 0.7530964 -0.5613260
vn 0.0000000 0.0000000 -1.0000000
vn 0.8439071 0.4273995 -0.3242691
vn 0.8439071 -0.4273995 -0.3242691
vn 0.5091599 -0.2580074 -0.8210898
vn 0.5091599 0.2580074 -0.8210898
vn 0.8439071 0.4273995 0.3242691
vn 0.8439071 -0.4273995 0.3242691
vn 0.5091599 -0.2580074 0.8210898
vn 0.5091599 0.2580074 0.8210898
vn 1.0000000 0.0000000 0.0000000
vn -0.8439071 0.4273995 -0.3242691
vn -0.8439071 -0.4273995 -0.3242691
vn -0.5091599 -0.2580074 -0.8210898
vn -0.5091599 0.2580074 -0.8210898
vn -0.8439071 0.4273995 0.3242691
vn -0.8439071 -0.4273995 0.3242691
vn -0.5091599 -0.2580074 0.8210898
vn -0.5091599 0.2580074 0.8210898
vn -1.0000000 0.0000000 0.0000000
vn -0.5986586 0.8010043 0.0000000
vn 0.5986586 0.8010043 0.0000000
vn -0.5986586 -0.8010043 0.0000000
vn 0.5986586 -0.8010043 0.0000000
vn 0.0000000 -0.4522619 0.8918852
vn -0.0000000 0.4522619 0.8918852
vn 0.0000000 -0.4522619 -0.8918852
vn -0.0000000 0.4522619 -0.8918852
vn 0.8502053 0.0000000 -0.5264512
vn 0.8502053 -0.0000000 0.5264512
vn -0.8502053 -0.0000000 -0.5264512
vn -0.8502053 0.0000000 0.5264512
vn 0.0000000 1.0000000 -0.0000000
vn 0.0000000 -1.0000000 -0.0000000
vn -0.3431601 -0.7530964 0.5613260
vn 0.3431601 -0.7530964 0.5613260
vn -0.3431601 0.7530964 0.5613260
vn 0.3431601 0.7530964 0.5613260
vn -0.0000000 0.0000000 1.0000000
vn -0.3431601 -0.7530964 -0.5613260
vn 0.3431601 -0.7530964 -0.5613260
vn -0.3431601 0.7530964 -0.5613260
vn 0.3431601 0.7530964 -0.5613260
vn 0.0000000 0.0000000 -1.0000000
vn 0.8439071 0.4273995 -0.3242691
vn 0.8439071 -0.4273995 -0.3242691
vn 0.5091599 -0.2580074 -0.8210898
vn 0.5091599 0.2580074 -0.8210898
vn 0.8439071 0.4273995 0.3242691
vn 0.8439071 -0.4273995 0.3242691
vn 0.5091599 -0.2580074 0.8210898
vn 0.5091599 0.2580074 0.8210898
vn 1.0000000 0.0000000 0.0000000
vn -0.8439071 0.4273995 -0.3242691
vn -0.8439071 -0.4273995 -0.3242691
vn -0.5091599 -0.2580074 -0.8210898
vn -0.5091599 0.2580074 -0.8210898
vn -0.8439071 0.4273995 0.3242691
vn -0.8439071 -0.4273995 0.3242691
vn -0.5091599 -0.2580074 0.8210898
vn -0.5091599 0.2580074 0.8210898
vn -1.0000000 0.0000000 0.0000000
vn -0.5986586 0.8010043 -0.0000000
vn 0.5986586 0.8010043 0.0000000
vn -0.5986586 -0.8010043 0.0000000
vn 0.5986586 -0.8010043 -0.0000000
vn 0.0000000 -0.4522619 0.8918852
vn -0.0000000 0.4522619 0.8918852
vn 0.0000000 -0.4522619 -0.8918852
vn -0.0000000 0.4522619 -0.8918852
vn 0.8502053 0.0000000 -0.5264512
vn 0.8502053 -0.0000000 0.5264512
vn -0.8502053 -0.0000000 -0.5264512
vn -0.8502053 0.0000000 0.5264512
vn -0.0000000 1.0000000 0.0000000
vn 0.0000000 -1.0000000 0.0000000
vn -0.3431601 -0.7530964 0.5613260
vn 0.3431601 -0.7530964 0.5613260
vn -0.3431601 0.7530964 0.5613260
vn 0.3431601 0.7530964 0.5613260
vn -0.0000000 0.0000000 1.0000000
vn -0.3431601 -0.7530964 -0.5613260
vn 0.3431601 -0.7530964 -0.5613260
vn -0.3431601 0.7530964 -0.5613260
vn 0.3431601 0.7530964 -0.5613260
vn 0.0000000 0.0000000 -1.0000000
vn 0.8439071 0.4273995 -0.3242691
vn 0.8439071 -0.4273995 -0.3242691
vn 0.5091599 -0.2580074 -0.8210898
vn 0.5091599 0.2580074 -0.8210898
vn 0.8439071 0.4273995 0.3242691
vn 0.8439071 -0.4273995 0.3242691
vn 0.5091599 -0.2580074 0.8210898
vn 0.5091599 0.2580074 0.8210898
vn 1.0000000 0.0000000 0.0000000
vn -0.8439071 0.4273995 -0.3242691
vn -0.8439071 -0.4273995 -0.3242691
vn -0.5091599 -0.2580074 -0.8210898
vn -0.5091599 0.2580074 -0.8210898
vn -0.8439071 0.4273995 0.3242691
vn -0.8439071 -0.4273995 0.3242691
vn -0.5091599 -0.2580074 0.8210898
vn -0.5091599 0.2580074 0.8210898
vn -1.0000000 0.0000000 0.0000000
vn -0.5986586 0.8010043 0.0000000
vn 0.5986586 0.8010043 0.0000000
vn -0.5986586 -0.8010043 -0.0000000
vn 0.5986586 -0.8010043 -0.0000000
vn -0.0000000 -0.4522619 0.8918852
vn -0.0000000 0.4522619 0.8918852
vn 0.0000000 -0.4522619 -0.8918852
vn -0.0000000 0.4522619 -0.8918852
vn 0.8502053 0.0000000 -0.5264512
vn 0.8502053 -0.0000000 0.5264512
vn -0.8502053 -0.0000000 -0.5264512
vn -0.8502053 0.0000000 0.5264512
vn 0.0000000 1.0000000 -0.0000000
vn 0.0000000 -1.0000000 0.0000000
vn -0.3431601 -0.7530964 0.5613260
vn 0.3431601 -0.7530964 0.5613260
vn -0.3431601 0.7530964 0.5613260
vn 0.3431601 0.7530964 0.5613260
vn -0.0000000 0.0000000 1.0000000
vn -0.3431601 -0.7530964 -0.5613260
vn 0.3431601 -0.7530964 -0.5613260
vn -0.3431601 0.7530964 -0.5613260
vn 0.3431601 0.7530964 -0.5613260
vn 0.0000000 0.0000000 -1.0000000
vn 0.8439071 0.4273995 -0.3242691
vn 0.8439071 -0.4273995 -0.3242691
vn 0.5091599 -0.2580074 -0.8210898
vn 0.5091599 0.2580074 -0.8210898
vn 0.8439071 0.4273995 0.3242691
vn 0.8439071 -0.4273995 0.3242691
vn 0.5091599 -0.2580074 0.8210898
vn 0.5091599 0.2580074 0.8210898
vn 1.0000000 0.0000000 0.0000000
vn -0.8439071 0.4273995 -0.3242691
vn -0.8439071 -0.4273995 -0.3242691
vn -0.5091599 -0.2580074 -0.8210898
vn -0.5091599 0.2580074 -0.8210898
vn -0.8439071 0.4273995 0.3242691
vn -0.8439071 -0.4273995 0.3242691
vn -0.5091599 -0.2580074 0.8210898
vn -0.5091599 0.2580074 0.8210898
vn -1.0000000 0.0000000 0.0000000
vn -0.5986586 0.8010043 -0.0000000
vn 0.5986586 0.8010043 -0.0000000
vn -0.5986586 -0.8010043 -0.0000000
vn 0.5986586 -0.8010043 -0.0000000
vn -0.0000000 -0.4522619 0.8918852
vn 0.0000000 0.4522619 0.8918852
vn 0.0000000 -0.4522619 -0.8918852
vn -0.0000000 0.4522619 -0.8918852
vn 0.8502053 0.0000000 -0.5264512
vn 0.8502053 -0.0000000 0.5264512
vn -0.8502053 -0.0000000 -0.5264512
vn -0.8502053 0.0000000 0.5264512
vn 0.0000000 1.0000000 0.0000000
vn 0.0000000 -1.0000000 0.0000000
vn -0.3431601 -0.7530964 0.5613260
vn 0.3431601 -0.7530964 0.5613260
vn -0.3431601 0.7530964 0.5613260
vn 0.3431601 0.7530964 0.5613260
vn -0.0000000 0.0000000 1.0000000
vn -0.3431601 -0.7530964 -0.5613260
vn 0.3431601 -0.7530964 -0.5613260
vn -0.3431601 0.7530964 -0.5613260
vn 0.3431601 0.7530964 -0.5613260
vn 0.0000000 0.0000000 -1.0000000
vn 0.8439071 0.4273995 -0.3242691
vn 0.8439071 -0.4273995 -0.3242691
vn 0.5091599 -0.2580074 -0.8210898
vn 0.5091599 0.2580074 -0.8210898
vn 0.8439071 0.4273995 0.3242691
vn 0.8439071 -0.4273995 0.3242691
vn 0.5091599 -0.2580074 0.8210898
vn 0.5091599 0.2580074 0.8210898
vn 1.0000000 0.0000000 0.0000000
vn -0.8439071 0.4273995 -0.3242691
vn -0.8439071 -0.4273995 -0.3242691
vn -0.5091599 -0.2580074 -0.8210898
vn -0.5091599 0.2580074 -0.8210898
vn -0.8439071 0.4273995 0.3242691
vn -0.8439071 -0.4273995 0.3242691
vn -0.5091599 -0.2580074 0.8210898
vn -0.5091599 0.2580074 0.8210898
vn -1.0000000 0.0000000 0.0000000
vn -0.5986586 0.8010043 -0.0000000
vn 0.5986586 0.8010043 -0.0000000
vn -0.5986586 -0.8010043 -0.0000000
vn 0.5986586 -0.8010043 -0.0000000
vn 0.0000000 -0.4522619 0.8918852
vn 0.0000000 0.4522619 0.8918852
vn 0.0000000 -0.4522619 -0.8918852
vn -0.0000000 0.4522619 -0.8918852
vn 0.8502053 -0.0000000 -0.5264512
vn 0.8502053 -0.0000000 0.5264512
vn -0.8502053 -0.0000000 -0.5264512
vn -0.8502053 -0.0000000 0.5264512
vn 0.0000000 1.0000000 0.0000000
vn -0.0000000 -1.0000000 -0.0000000
vn -0.3431601 -0.7530964 0.5613260
vn 0.3431601 -0.7530964 0.5613260
vn -0.3431601 0.7530964 0.5613260
vn 0.3431601 0.7530964 0.5613260
vn -0.0000000 0.0000000 1.0000000
vn -0.3431601 -0.7530964 -0.5613260
vn 0.3431601 -0.7530964 -0.5613260
vn -0.3431601 0.7530964 -0.5613260
vn 0.3431601 0.7530964 -0.5613260
vn 0.0000000 0.0000000 -1.0000000
vn 0.8439071 0.4273995 -0.3242691
vn 0.8439071 -0.4273995 -0.3242691
vn 0.5091599 -0.2580074 -0.8210898
vn 0.5091599 0.2580074 -0.8210898
vn 0.8439071 0.4273995 0.3242691
vn 0.8439071 -0.4273995 0.3242691
vn 0.5091599 -0.2580074 0.8210898
vn 0.5091599 0.2580074 0.8210898
vn 1.0000000 -0.0000000 0.0000000
vn -0.8439071 0.4273995 -0.3242691
vn -0.8439071 -0.4273995 -0.3242691
vn -0.5091599 -0.2580074 -0.8210898
vn -0.5091599 0.2580074 -0.8210898
vn -0.8439071 0.4273995 0.3242691
vn -0.8439071 -0.4273995 0.3242691
vn -0.5091599 -0.2580074 0.8210898
vn -0.5091599 0.2580074 0.8210898
vn -1.0000000 -0.0000000 0.0000000
vn -0.5986586 0.8010043 -0.0000000
vn 0.5986586 0.8010043 -0.0000000
vn -0.5986586 -0.8010043 -0.0000000
vn 0.5986586 -0.8010043 -0.0000000
vn 0.0000000 -0.4522619 0.8918852
vn -0.0000000 0.4522619 0.8918852
vn 0.0000000 -0.4522619 -0.8918852
vn -0.0000000 0.4522619 -0.8918852
vn 0.8502053 0.0000000 -0.5264512
vn 0.8502053 -0.0000000 0.5264512
vn -0.8502053 -0.0000000 -0.5264512
vn -0.8502053 0.0000000 0.5264512
vn 0.0000000 1.0000000 -0.0000000
vn -0.0000000 -1.0000000 -0.0000000
vn -0.3431601 -0.7530964 0.5613260
vn 0.3431601 -0.7530964 0.5613260
vn -0.3431601 0.7530964 0.5613260
vn 0.3431601 0.7530964 0.5613260
vn -0.0000000 0.0000000 1.0000000
vn -0.3431601 -0.7530964 -0.5613260
vn 0.3431601 -0.7530964 -0.5613260
vn -0.3431601 0.7530964 -0.5613260
vn 0.3431601 0.7530964 -0.5613260
vn 0.0000000 0.0000000 -1.0000000
vn 0.8439071 0.4273995 -0.3242691
vn 0.8439071 -0.4273995 -0.3242691
vn 0.5091599 -0.2580074 -0.8210898
vn 0.5091599 0.2580074 -0.8210898
vn 0.8439071 0.4273995 0.3242691
vn 0.8439071 -0.4273995 0.3242691
vn 0.5091599 -0.2580074 0.8210898
vn 0.5091599 0.2580074 0.8210898
vn 1.0000000 0.0000000 0.0000000
vn -0.8439071 0.4273995 -0.3242691
vn -0.8439071 -0.4273995 -0.3242691
vn -0.5091599 -0.2580074 -0.8210898
vn -0.5091599 0.2580074 -0.8210898
vn -0.8439071 0.4273995 0.3242691
vn -0.8439071 -0.4273995 0.3242691
vn -0.5091599 -0.2580074 0.8210898
vn -0.5091599 0.2580074 0.8210898
vn -1.0000000 -0.0000000 0.0000000
vn -0.5986586 0.8010043 -0.0000000
vn 0.5986586 0.8010043 -0.0000000
vn -0.5986586 -0.8010043 0.0000000
vn 0.5986586 -0.8010043 0.0000000
vn -0.0000000 -0.4522619 0.8918852
vn -0.0000000 0.4522619 0.8918852
vn 0.0000000 -0.4522619 -0.8918852
vn -0.0000000 0.4522619 -0.8918852
vn 0.8502053 0.0000000 -0.5264512
vn 0.8502053 -0.0000000 0.5264512
vn -0.8502053 0.0000000 -0.5264512
vn -0.8502053 0.0000000 0.5264512
vn 0.0000000 1.0000000 -0.0000000
vn 0.0000000 -1.0000000 0.0000000
vn -0.3431601 -0.7530964 0.5613260
vn 0.3431601 -0.7530964 0.5613260
vn -0.3431601 0.7530964 0.5613260
vn 0.3431601 0.7530964 0.5613260
vn 0.0000000 -0.0000000 1.0000000
vn -0.3431601 -0.7530964 -0.5613260
vn 0.3431601 -0.7530964 -0.5613260
vn -0.3431601 0.7530964 -0.5613260
vn 0.3431601 0.7530964 -0.5613260
vn 0.0000000 0.0000000 -1.0000000
vn 0.8439071 0.4273995 -0.3242691
vn 0.8439071 -0.4273995 -0.3242691
vn 0.5091599 -0.2580074 -0.8210898
vn 0.5091599 0.2580074 -0.8210898
vn 0.8439071 0.4273995 0.3242691
vn 0.8439071 -0.4273995 0.3242691
vn 0.5091599 -0.2580074 0.8210898
vn 0.5091599 0.2580074 0.8210898
vn 1.0000000 0.0000000 0.0000000
vn -0.8439071 0.4273995 -0.3242691
vn -0.8439071 -0.4273995 -0.3242691
vn -0.5091599 -0.2580074 -0.8210898
vn -0.5091599 0.2580074 -0.8210898
vn -0.8439071 0.4273995 0.3242691
vn -0.8439071 -0.4273995 0.3242691
vn -0.5091599 -0.2580074 0.8210898
vn -0.5091599 0.2580074 0.8210898
vn -1.0000000 0.0000000 0.0000000
vn -0.5986586 0.8010043 0.0000000
vn 0.5986586 0.8010043 0.0000000
vn -0.5986586 -0.8010043 -0.0000000
vn 0.5986586 -0.8010043 0.0000000
vn -0.0000000 -0.4522619 0.8918852
vn 0.0000000 0.4522619 0.8918852
vn 0.0000000 -0.4522619 -0.8918852
vn -0.0000000 0.4522619 -0.8918852
vn 0.8502053 0.0000000 -0.5264512
vn 0.8502053 -0.0000000 0.5264512
vn -0.8502053 0.0000000 -0.5264512
vn -0.8502053 0.0000000 0.5264512
vn -0.0000000 1.0000000 0.0000000
vn -0.0000000 -1.0000000 -0.0000000
vn -0.3431601 -0.7530964 0.5613260
vn 0.3431601 -0.7530964 0.5613260
vn -0.3431601 0.7530964 0.5613260
vn 0.3431601 0.7530964 0.5613260
vn 0.0000000 0.0000000 1.0000000
vn -0.3431601 -0.7530964 -0.5613260
vn 0.3431601 -0.7530964 -0.5613260
vn -0.3431601 0.7530964 -0.5613260
vn 0.3431601 0.7530964 -0.5613260
vn 0.0000000 0.0000000 -1.0000000
vn 0.8439071 0.4273995 -0.3242691
vn 0.8439071 -0.4273995 -0.3242691
vn 0.5091599 -0.2580074 -0.8210898
vn 0.5091599 0.2580074 -0.8210898
vn 0.8439071 0.4273995 0.3242691
vn 0.8439071 -0.4273995 0.3242691
vn 0.5091599 -0.2580074 0.8210898
vn 0.5091599 0.2580074 0.8210898
vn 1.0000000 0.0000000 0.0000000
vn -0.8439071 0.4273995 -0.3242691
vn -0.8439071 -0.4273995 -0.3242691
vn -0.5091599 -0.2580074 -0.8210898
vn -0.5091599 0.2580074 -0.8210898
vn -0.8439071 0.4273995 0.3242691
vn -0.8439071 -0.4273995 0.3242691
vn -0.5091599 -0.2580074 0.8210898
vn -0.5091599 0.2580074 0.8210898
vn -1.0000000 -0.0000000 0.0000000
vn -0.5986586 0.8010043 -0.0000000
vn 0.5986586 0.8010043 -0.0000000
vn -0.5986586 -0.8010043 -0.0000000
vn 0.5986586 -0.8010043 -0.0000000
vn 0.0000000 -0.4522619 0.8918852
vn -0.0000000 0.4522619 0.8918852
vn 0.0000000 -0.4522619 -0.8918852
vn -0.0000000 0.4522619 -0.8918852
vn 0.8502053 0.0000000 -0.5264512
vn 0.8502053 -0.0000000 0.5264512
vn -0.8502053 -0.0000000 -0.5264512
vn -0.8502053 0.0000000 0.5264512
vn 0.0000000 1.0000000 -0.0000000
vn -0.0000000 -1.0000000 -0.0000000
vn -0.3431601 -0.7530964 0.5613260
vn 0.3431601 -0.7530964 0.5613260
vn -0.3431601 0.7530964 0.5613260
vn 0.3431601 0.7530964 0.5613260
vn -0.0000000 0.0000000 1.0000000
vn -0.3431601 -0.7530964 -0.5613260
vn 0.3431601 -0.7530964 -0.5613260
vn -0.3431601 0.7530964 -0.5613260
vn 0.3431601 0.7530964 -0.5613260
vn 0.0000000 0.0000000 -1.0000000
vn 0.8439071 0.4273995 -0.3242691
vn 0.8439071 -0.4273995 -0.3242691
vn 0.5091599 -0.2580074 -0.8210898
vn 0.5091599 0.2580074 -0.8210898
vn 0.8439071 0.4273995 0.3242691
vn 0.8439071 -0.4273995 0.3242691
vn 0.5091599 -0.2580074 0.8210898
vn 0.5091599 0.2580074 0.8210898
vn 1.0000000 0.0000000 0.0000000
vn -0.8439071 0.4273995 -0.3242691
vn -0.8439071 -0.4273995 -0.3242691
vn -0.5091599 -0.2580074 -0.8210898
vn -0.5091599 0.2580074 -0.8210898
vn -0.8439071 0.4273995 0.3242691
vn -0.8439071 -0.4273995 0.3242691
vn -0.5091599 -0.2580074 0.8210898
vn -0.5091599 0.2580074 0.8210898
vn -1.0000000 -0.0000000 0.0000000
vn -0.5986586 0.8010043 -0.0000000
vn 0.5986586 0.8010043 -0.0000000
vn -0.5986586 -0.8010043 -0.0000000
vn 0.5986586 -0.8010043 -0.0000000
vn -0.0000000 -0.4522619 0.8918852
vn -0.0000000 0.4522619 0.8918852
vn 0.0000000 -0.4522619 -0.8918852
vn -0.0000000 0.4522619 -0.8918852
vn 0.8502053 0.0000000 -0.5264512
vn 0.8502053 0.0000000 0.5264512
vn -0.8502053 0.0000000 -0.5264512
vn -0.8502053 0.0000000 0.5264512
vn 0.0000000 1.0000000 -0.0000000
vn 0.0000000 -1.0000000 0.0000000
vn -0.3431601 -0.7530964 0.5613260
vn 0.3431601 -0.7530964 0.5613260
vn -0.3431601 0.7530964 0.5613260
vn 0.3431601 0.7530964 0.5613260
vn -0.0000000 0.0000000 1.0000000
vn -0.3431601 -0.7530964 -0.5613260
vn 0.3431601 -0.7530964 -0.5613260
vn -0.3431601 0.7530964 -0.5613260
vn 0.3431601 0.7530964 -0.5613260
vn 0.0000000 0.0000000 -1.0000000
vn 0.8439071 0.4273995 -0.3242691
vn 0.8439071 -0.4273995 -0.3242691
vn 0.5091599 -0.2580074 -0.8210898
vn 0.5091599 0.2580074 -0.8210898
vn 0.8439071 0.4273995 0.3242691
vn 0.8439071 -0.4273995 0.3242691
vn 0.5091599 -0.2580074 0.8210898
vn 0.5091599 0.2580074 0.8210898
vn 1.0000000 0.0000000 0.0000000
vn -0.8439071 0.4273995 -0.3242691
vn -0.8439071 -0.4273995 -0.3242691
vn -0.5091599 -0.2580074 -0.8210898
vn -0.5091599 0.2580074 -0.8210898
vn -0.8439071 0.4273995 0.3242691
vn -0.8439071 -0.4273995 0.3242691
vn -0.5091599 -0.2580074 0.8210898
vn -0.5091599 0.2580074 0.8210898
vn -1.0000000 0.0000000 0.0000000
vn -0.5986586 0.8010043 -0.0000000
vn 0.5986586 0.8010043 -0.0000000
vn -0.5986586 -0.8010043 -0.0000000
vn 0.5986586 -0.8010043 -0.0000000
vn -0.0000000 -0.4522619 0.8918852
vn 0.0000000 0.4522619 0.8918852
vn 0.0000000 -0.4522619 -0.8918852
vn -0.0000000 0.4522619 -0.8918852
vn 0.8502053 0.0000000 -0.5264512
vn 0.8502053 -0.0000000 0.5264512
vn -0.8502053 -0.0000000 -0.5264512
vn -0.8502053 0.0000000 0.5264512
vn 0.0000000 1.0000000 0.0000000
vn 0.0000000 -1.0000000 0.0000000
vn -0.3431601 -0.7530964 0.5613260
vn 0.3431601 -0.7530964 0.5613260
vn -0.3431601 0.7530964 0.5613260
vn 0.3431601 0.7530964 0.5613260
vn -0.0000000 0.0000000 1.0000000
vn -0.3431601 -0.7530964 -0.5613260
vn 0.3431601 -0.7530964 -0.5613260
vn -0.3431601 0.7530964 -0.5613260
vn 0.3431601 0.7530964 -0.5613260
vn 0.0000000 0.0000000 -1.0000000
vn 0.8439071 0.4273995 -0.3242691
vn 0.8439071 -0.4273995 -0.3242691
vn 0.5091599 -0.2580074 -0.8210898
vn 0.5091599 0.2580074 -0.8210898
vn 0.8439071 0.4273995 0.3242691
vn 0.8439071 -0.4273995 0.3242691
vn 0.5091599 -0.2580074 0.8210898
vn 0.5091599 0.2580074 0.8210898
vn 1.0000000 0.0000000 0.0000000
vn -0.8439071 0.4273995 -0.3242691
vn -0.8439071 -0.4273995 -0.3242691
vn -0.5091599 -0.2580074 -0.8210898
vn -0.5091599 0.2580074 -0.8210898
vn -0.8439071 0.4273995 0.3242691
vn -0.8439071 -0.4273995 0.3242691
vn -0.5091599 -0.2580074 0.8210898
vn -0.5091599 0.2580074 0.8210898
vn -1.0000000 0.0000000 0.0000000
vn -0.5986586 0.8010043 -0.0000000
vn 0.5986586 0.8010043 0.0000000
vn -0.5986586 -0.8010043 0.0000000
vn 0.5986586 -0.8010043 -0.0000000
vn -0.0000000 -0.4522619 0.8918852
vn 0.0000000 0.4522619 0.8918852
vn 0.0000000 -0.4522619 -0.8918852
vn -0.0000000 0.4522619 -0.8918852
vn 0.8502053 0.0000000 -0.5264512
vn 0.8502053 -0.0000000 0.5264512
vn -0.8502053 -0.0000000 -0.5264512
vn -0.8502053 0.0000000 0.5264512
vn 0.0000000 1.0000000 0.0000000
vn 0.0000000 -1.0000000 0.0000000
vn -0.3431601 -0.7530964 0.5613260
vn 0.3431601 -0.7530964 0.5613260
vn -0.3431601 0.7530964 0.5613260
vn 0.3431601 0.7530964 0.5613260
vn -0.0000000 0.0000000 1.0000000
vn -0.3431601 -0.7530964 -0.5613260
vn 0.3431601 -0.7530964 -0.5613260
vn -0.3431601 0.7530964 -0.5613260
vn 0.3431601 0.7530964 -0.5613260
vn 0.0000000 0.0000000 -1.0000000
vn 0.8439071 0.4273995 -0.3242691
vn 0.8439071 -0.4273995 -0.3242691
vn 0.5091599 -0.2580074 -0.8210898
vn 0.5091599 0.2580074 -0.8210898
vn 0.8439071 0.4273995 0.3242691
vn 0.8439071 -0.4273995 0.3242691
vn 0.5091599 -0.2580074 0.8210898
vn 0.5091599 0.2580074 0.8210898
vn 1.0000000 0.0000000 0.0000000
vn -0.8439071 0.4273995 -0.3242691
vn -0.8439071 -0.4273995 -0.3242691
vn -0.5091599 -0.2580074 -0.8210898
vn -0.5091599 0.2580074 -0.8210898
vn -0.8439071 0.4273995 0.3242691
vn -0.8439071 -0.4273995 0.3242691
vn -0.5091599 -0.2580074 0.8210898
vn -0.5091599 0.2580074 0.8210898
vn -1.0000000 0.0000000 0.0000000
vn 0.0000000 1.0000000 0.0000000
vn 0.3718902 0.9282767 -0.0000000
vn 0.6621602 0.7493623 -0.0000000
vn 0.8741219 0.4857066 -0.0000000
vn 0.9857741 0.1680756 0.0000000
vn 0.9857741 -0.1680756 -0.0000000
vn 0.8741219 -0.4857066 -0.0000000
vn 0.6621602 -0.7493623 -0.0000000
vn 0.3718902 -0.9282767 -0.0000000
vn 0.0000000 -1.0000000 -0.0000000
vn 0.3008655 0.9282767 0.2185916
vn 0.5356989 0.7493623 0.3892080
vn 0.7071795 0.4857066 0.5137960
vn 0.7975080 0.1680756 0.5794235
vn 0.7975080 -0.1680756 0.5794235
vn 0.7071795 -0.4857066 0.5137960
vn 0.5356989 -0.7493623 0.3892080
vn 0.3008655 -0.9282767 0.2185916
vn 0.1149204 0.9282767 0.3536886
vn 0.2046188 0.7493623 0.6297518
vn 0.2701185 0.4857066 0.8313393
vn 0.3046210 0.1680756 0.9375269
vn 0.3046210 -0.1680756 0.9375269
vn 0.2701185 -0.4857066 0.8313393
vn 0.2046188 -0.7493623 0.6297518
vn 0.1149204 -0.9282767 0.3536886
vn -0.1149204 0.9282767 0.3536886
vn -0.2046188 0.7493623 0.6297518
vn -0.2701185 0.4857066 0.8313393
vn -0.3046210 0.1680756 0.9375269
vn -0.3046210 -0.1680756 0.9375269
vn -0.2701185 -0.4857066 0.8313393
vn -0.2046188 -0.7493623 0.6297518
vn -0.1149204 -0.9282767 0.3536886
vn -0.3008655 0.9282767 0.2185916
vn -0.5356989 0.7493623 0.3892080
vn -0.7071795 0.4857066 0.5137960
vn -0.7975080 0.1680756 0.5794235
vn -0.7975080 -0.1680756 0.5794235
vn -0.7071795 -0.4857066 0.5137960
vn -0.5356989 -0.7493623 0.3892080
vn -0.3008655 -0.9282767 0.2185916
vn -0.3718902 0.9282767 0.0000000
vn -0.6621602 0.7493623 0.0000000
vn -0.8741219 0.4857066 -0.0000000
vn -0.9857741 0.1680756 0.0000000
vn -0.9857741 -0.1680756 0.0000000
vn -0.8741219 -0.4857066 0.0000000
vn -0.6621602 -0.7493623 0.0000000
vn -0.3718902 -0.9282767 0.0000000
vn -0.3008655 0.9282767 -0.2185916
vn -0.5356989 0.7493623 -0.3892080
vn -0.7071795 0.4857066 -0.5137960
vn -0.7975080 0.1680756 -0.5794235
vn -0.7975080 -0.1680756 -0.5794235
vn -0.7071795 -0.4857066 -0.5137960
vn -0.5356989 -0.7493623 -0.3892080
vn -0.3008655 -0.9282767 -0.2185916
vn -0.1149204 0.9282767 -0.3536886
vn -0.2046188 0.7493623 -0.6297518
vn -0.2701185 0.4857066 -0.8313393
vn -0.3046210 0.1680756 -0.9375269
vn -0.3046210 -0.1680756 -0.9375269
vn -0.2701185 -0.4857066 -0.8313393
vn -0.2046188 -0.7493623 -0.6297518
vn -0.1149204 -0.9282767 -0.3536886
vn 0.1149204 0.9282767 -0.3536886
vn 0.2046188 0.7493623 -0.6297518
vn 0.2701185 0.4857066 -0.8313393
vn 0.3046210 0.1680756 -0.9375269
vn 0.3046210 -0.1680756 -0.9375269
vn 0.2701185 -0.4857066 -0.8313393
vn 0.2046188 -0.7493623 -0.6297518
vn 0.1149204 -0.9282767 -0.3536886
vn 0.3008655 0.9282767 -0.2185916
vn 0.5356989 0.7493623 -0.3892080
vn 0.7071795 0.4857066 -0.5137960
vn 0.7975080 0.1680756 -0.5794235
vn 0.7975080 -0.1680756 -0.5794235
vn 0.7071795 -0.4857066 -0.5137960
vn 0.5356989 -0.7493623 -0.3892080
vn 0.3008655 -0.9282767 -0.2185916
vn -0.9921124 0.0886369 -0.0886369
vn -0.8853078 0.1123200 -0.4512364
vn -0.6799811 0.1199090 -0.7233585
vn -0.3980877 0.1136612 -0.9102787
vn -0.0722598 0.0945264 -0.9928964
vn 0.2612400 0.0647310 -0.9631010
vn 0.5656633 0.0275582 -0.8241757
vn 0.8069221 -0.0129333 -0.5905163
vn 0.9566019 -0.0522390 -0.2866774
vn 0.9921124 -0.0886369 0.0886369
vn -0.8744584 0.3235968 -0.3613967
vn -0.6606635 0.4960929 -0.5633964
vn -0.3725864 0.6102639 -0.6991118
vn -0.0435012 0.6545606 -0.7547570
vn 0.2899986 0.6247652 -0.7249616
vn 0.5911646 0.5241609 -0.6130088
vn 0.8262397 0.3632507 -0.4305542
vn 0.9674513 0.1590378 -0.1968376
vn -0.8813691 0.4426987 -0.1649436
vn -0.6729682 0.7081568 -0.2136067
vn -0.3888299 0.8902108 -0.2373521
vn -0.0618195 0.9702652 -0.2340165
vn 0.2716803 0.9404699 -0.2042211
vn 0.5749212 0.8041078 -0.1512491
vn 0.8139351 0.5753145 -0.0807645
vn 0.9605406 0.2781396 -0.0003846
vn -0.9034002 0.4241326 0.0630843
vn -0.7121951 0.6750995 0.1924029
vn -0.4406136 0.8465716 0.2986237
vn -0.1202175 0.9210520 0.3704200
vn 0.2132823 0.8912566 0.4002154
vn 0.5231375 0.7604686 0.3847268
vn 0.7747081 0.5422572 0.3252452
vn 0.9385095 0.2595735 0.2276433
vn -0.9321366 0.2749903 0.2355881
vn -0.7633609 0.4095477 0.4995506
vn -0.5081580 0.4960151 0.7040913
vn -0.1963894 0.5257186 0.8276782
vn 0.1371104 0.4959232 0.8574736
vn 0.4555931 0.4099121 0.7901943
vn 0.7235423 0.2767055 0.6323928
vn 0.9097731 0.1104312 0.4001472
vn -0.9566019 0.0522390 0.2866774
vn -0.8069221 0.0129333 0.5905163
vn -0.5656633 -0.0275582 0.8241757
vn -0.2612400 -0.0647310 0.9631010
vn 0.0722598 -0.0945264 0.9928964
vn 0.3980877 -0.1136612 0.9102787
vn 0.6799811 -0.1199090 0.7233585
vn 0.8853078 -0.1123200 0.4512364
vn -0.9674513 -0.1590378 0.1968376
vn -0.8262397 -0.3632507 0.4305542
vn -0.5911646 -0.5241609 0.6130088
vn -0.2899986 -0.6247652 0.7249616
vn 0.0435012 -0.6545606 0.7547570
vn 0.3725864 -0.6102639 0.6991118
vn 0.6606635 -0.4960929 0.5633964
vn 0.8744584 -0.3235968 0.3613967
vn -0.9605406 -0.2781396 0.0003846
vn -0.8139351 -0.5753145 0.0807645
vn -0.5749212 -0.8041078 0.1512491
vn -0.2716803 -0.9404699 0.2042211
vn 0.0618195 -0.9702652 0.2340165
vn 0.3888299 -0.8902108 0.2373521
vn 0.6729682 -0.7081568 0.2136067
vn 0.8813691 -0.4426987 0.1649436
vn -0.9385095 -0.2595735 -0.2276433
vn -0.7747081 -0.5422572 -0.3252452
vn -0.5231375 -0.7604686 -0.3847268
vn -0.2132823 -0.8912566 -0.4002154
vn 0.1202175 -0.9210520 -0.3704200
vn 0.4406136 -0.8465716 -0.2986237
vn 0.7121951 -0.6750995 -0.1924029
vn 0.9034002 -0.4241326 -0.0630843
vn -0.9097731 -0.1104312 -0.4001472
vn -0.7235423 -0.2767055 -0.6323928
vn -0.4555931 -0.4099121 -0.7901943
vn -0.1371104 -0.4959232 -0.8574736
vn 0.1963894 -0.5257186 -0.8276782
vn 0.5081580 -0.4960151 -0.7040913
vn 0.7633609 -0.4095477 -0.4995506
vn 0.9321366 -0.2749903 -0.2355881
vn -0.5767074 0.3653515 -0.7307030
vn -0.2349204 0.3844223 -0.8927664
vn 0.1027493 0.3543940 -0.9294340
vn 0.4260302 0.2838718 -0.8590198
vn 0.6994062 0.1814177 -0.6913165
vn 0.8932671 0.0586044 -0.4456898
vn 0.9862514 -0.0710354 -0.1492053
vn 0.9670748 -0.1931673 0.1656886
vn 0.8357676 -0.2938723 0.4638228
vn 0.5767074 -0.3653515 0.7307030
vn -0.2656842 0.5775081 -0.7719432
vn 0.0479735 0.6981883 -0.7143050
vn 0.3537204 0.7377168 -0.5750267
vn 0.6178602 0.6932327 -0.3710488
vn 0.8117211 0.5704193 -0.1254221
vn 0.9139415 0.3828096 0.1347878
vn 0.9122990 0.1506270 0.3808175
vn 0.8050038 -0.1007865 0.5846460
vn -0.3994489 0.6795482 -0.6153494
vn -0.1901980 0.8798733 -0.4354857
vn 0.0393087 0.9775604 -0.2069555
vn 0.2632884 0.9637116 0.0440364
vn 0.4571493 0.8408982 0.2896631
vn 0.5995298 0.6226531 0.5028590
vn 0.6741275 0.3323120 0.6596369
vn 0.6712391 0.0012536 0.7412398
vn -0.5851209 0.6515667 -0.4827985
vn -0.5207918 0.8300515 -0.1994754
vn -0.3971104 0.9117903 0.1046032
vn -0.2288747 0.8895407 0.3953906
vn -0.0350138 0.7667273 0.6410174
vn 0.1631108 0.5568830 0.8144177
vn 0.3435337 0.2824902 0.8956472
vn 0.4855671 -0.0267279 0.8737907
vn -0.7517798 0.5042516 -0.4249205
vn -0.8175324 0.5677531 -0.0964221
vn -0.7888394 0.5655286 0.2406445
vn -0.6706396 0.4990507 0.5488086
vn -0.4767787 0.3762374 0.7944353
vn -0.2286183 0.2106213 0.9504590
vn 0.0467931 0.0201919 0.9987005
vn 0.3189082 -0.1740430 0.9316687
vn -0.8357676 0.2938723 -0.4638228
vn -0.9670748 0.1931673 -0.1656886
vn -0.9862514 0.0710354 0.1492053
vn -0.8932671 -0.0586044 0.4456898
vn -0.6994062 -0.1814177 0.6913165
vn -0.4260302 -0.2838718 0.8590198
vn -0.1027493 -0.3543940 0.9294340
vn 0.2349204 -0.3844223 0.8927664
vn -0.8050038 0.1007865 -0.5846460
vn -0.9122990 -0.1506270 -0.3808175
vn -0.9139415 -0.3828096 -0.1347878
vn -0.8117211 -0.5704193 0.1254221
vn -0.6178602 -0.6932327 0.3710488
vn -0.3537204 -0.7377168 0.5750267
vn -0.0479735 -0.6981883 0.7143050
vn 0.2656842 -0.5775081 0.7719432
vn -0.6712391 -0.0012536 -0.7412398
vn -0.6741275 -0.3323120 -0.6596369
vn -0.5995298 -0.6226531 -0.5028590
vn -0.4571493 -0.8408982 -0.2896631
vn -0.2632884 -0.9637116 -0.0440364
vn -0.0393087 -0.9775604 0.2069555
vn 0.1901980 -0.8798733 0.4354857
vn 0.3994489 -0.6795482 0.6153494
vn -0.4855671 0.0267279 -0.8737907
vn -0.3435337 -0.2824902 -0.8956472
vn -0.1631108 -0.5568830 -0.8144177
vn 0.0350138 -0.7667273 -0.6410174
vn 0.2288747 -0.8895407 -0.3953906
vn 0.3971104 -0.9117903 -0.1046032
vn 0.5207918 -0.8300515 0.1994754
vn 0.5851209 -0.6515667 0.4827985
vn -0.3189082 0.1740430 -0.9316687
vn -0.0467931 -0.0201919 -0.9987005
vn 0.2286183 -0.2106213 -0.9504590
vn 0.4767787 -0.3762374 -0.7944353
vn 0.6706396 -0.4990507 -0.5488086
vn 0.7888394 -0.5655286 -0.2406445
vn 0.8175324 -0.5677531 0.0964221
vn 0.7517798 -0.5042516 0.4249205
vn 0.9921124 0.0886369 -0.0886369
vn 0.9566019 0.0522390 0.2866774
vn 0.8069221 0.0129333 0.5905163
vn 0.5656633 -0.0275582 0.8241757
vn 0.2612400 -0.0647310 0.9631010
vn -0.0722598 -0.0945264 0.9928964
vn -0.3980877 -0.1136612 0.9102787
vn -0.6799811 -0.1199090 0.7233585
vn -0.8853078 -0.1123200 0.4512364
vn -0.9921124 -0.0886369 0.0886369
vn 0.9321366 0.2749903 0.2355881
vn 0.7633609 0.4095477 0.4995506
vn 0.5081580 0.4960151 0.7040913
vn 0.1963894 0.5257186 0.8276782
vn -0.1371104 0.4959232 0.8574736
vn -0.4555931 0.4099121 0.7901943
vn -0.7235423 0.2767055 0.6323928
vn -0.9097731 0.1104312 0.4001472
vn 0.9034002 0.4241326 0.0630843
vn 0.7121951 0.6750995 0.1924029
vn 0.4406136 0.8465716 0.2986237
vn 0.1202175 0.9210520 0.3704200
vn -0.2132823 0.8912566 0.4002154
vn -0.5231375 0.7604686 0.3847268
vn -0.7747081 0.5422572 0.3252452
vn -0.9385095 0.2595735 0.2276433
vn 0.8813691 0.4426987 -0.1649436
vn 0.6729682 0.7081568 -0.2136067
vn 0.3888299 0.8902108 -0.2373521
vn 0.0618195 0.9702652 -0.2340165
vn -0.2716803 0.9404699 -0.2042211
vn -0.5749212 0.8041078 -0.1512491
vn -0.8139351 0.5753145 -0.0807645
vn -0.9605406 0.2781396 -0.0003846
vn 0.8744584 0.3235968 -0.3613967
vn 0.6606635 0.4960929 -0.5633964
vn 0.3725864 0.6102639 -0.6991118
vn 0.0435012 0.6545606 -0.7547570
vn -0.2899986 0.6247652 -0.7249616
vn -0.5911646 0.5241609 -0.6130088
vn -0.8262397 0.3632507 -0.4305542
vn -0.9674513 0.1590378 -0.1968376
vn 0.8853078 0.1123200 -0.4512364
vn 0.6799811 0.1199090 -0.7233585
vn 0.3980877 0.1136612 -0.9102787
vn 0.0722598 0.0945264 -0.9928964
vn -0.2612400 0.0647310 -0.9631010
vn -0.5656633 0.0275582 -0.8241757
vn -0.8069221 -0.0129333 -0.5905163
vn -0.9566019 -0.0522390 -0.2866774
vn 0.9097731 -0.1104312 -0.4001472
vn 0.7235423 -0.2767055 -0.6323928
vn 0.4555931 -0.4099121 -0.7901943
vn 0.1371104 -0.4959232 -0.8574736
vn -0.1963894 -0.5257186 -0.8276782
vn -0.5081580 -0.4960151 -0.7040913
vn -0.7633609 -0.4095477 -0.4995506
vn -0.9321366 -0.2749903 -0.2355881
vn 0.9385095 -0.2595735 -0.2276433
vn 0.7747081 -0.5422572 -0.3252452
vn 0.5231375 -0.7604686 -0.3847268
vn 0.2132823 -0.8912566 -0.4002154
vn -0.1202175 -0.9210520 -0.3704200
vn -0.4406136 -0.8465716 -0.2986237
vn -0.7121951 -0.6750995 -0.1924029
vn -0.9034002 -0.4241326 -0.0630843
vn 0.9605406 -0.2781396 0.0003846
vn 0.8139351 -0.5753145 0.0807645
vn 0.5749212 -0.8041078 0.1512491
vn 0.2716803 -0.9404699 0.2042211
vn -0.0618195 -0.9702652 0.2340165
vn -0.3888299 -0.8902108 0.2373521
vn -0.6729682 -0.7081568 0.2136067
vn -0.8813691 -0.4426987 0.1649436
vn 0.9674513 -0.1590378 0.1968376
vn 0.8262397 -0.3632507 0.4305542
vn 0.5911646 -0.5241609 0.6130088
vn 0.2899986 -0.6247652 0.7249616
vn -0.0435012 -0.6545606 0.7547570
vn -0.3725864 -0.6102639 0.6991118
vn -0.6606635 -0.4960929 0.5633964
vn -0.8744584 -0.3235968 0.3613967
vn 0.5767074 0.3653515 -0.7307030
vn 0.8357676 0.2938723 -0.4638228
vn 0.9670748 0.1931673 -0.1656886
vn 0.9862514 0.0710354 0.1492053
vn 0.8932671 -0.0586044 0.4456898
vn 0.6994062 -0.1814177 0.6913165
vn 0.4260302 -0.2838718 0.8590198
vn 0.1027493 -0.3543940 0.9294340
vn -0.2349204 -0.3844223 0.8927664
vn -0.5767074 -0.3653515 0.7307030
vn 0.7517798 0.5042516 -0.4249205
vn 0.8175324 0.5677531 -0.0964221
vn 0.7888394 0.5655286 0.2406445
vn 0.6706396 0.4990507 0.5488086
vn 0.4767787 0.3762374 0.7944353
vn 0.2286183 0.2106213 0.9504590
vn -0.0467931 0.0201919 0.9987005
vn -0.3189082 -0.1740430 0.9316687
vn 0.5851209 0.6515667 -0.4827985
vn 0.5207918 0.8300515 -0.1994754
vn 0.3971104 0.9117903 0.1046032
vn 0.2288747 0.8895407 0.3953906
vn 0.0350138 0.7667273 0.6410174
vn -0.1631108 0.5568830 0.8144177
vn -0.3435337 0.2824902 0.8956472
vn -0.4855671 -0.0267279 0.8737907
vn 0.3994489 0.6795482 -0.6153494
vn 0.1901980 0.8798733 -0.4354857
vn -0.0393087 0.9775604 -0.2069555
vn -0.2632884 0.9637116 0.0440364
vn -0.4571493 0.8408982 0.2896631
vn -0.5995298 0.6226531 0.5028590
vn -0.6741275 0.3323120 0.6596369
vn -0.6712391 0.0012536 0.7412398
vn 0.2656842 0.5775081 -0.7719432
vn -0.0479735 0.6981883 -0.7143050
vn -0.3537204 0.7377168 -0.5750267
vn -0.6178602 0.6932327 -0.3710488
vn -0.8117211 0.5704193 -0.1254221
vn -0.9139415 0.3828096 0.1347878
vn -0.9122990 0.1506270 0.3808175
vn -0.8050038 -0.1007865 0.5846460
vn 0.2349204 0.3844223 -0.8927664
vn -0.1027493 0.3543940 -0.9294340
vn -0.4260302 0.2838718 -0.8590198
vn -0.6994062 0.1814177 -0.6913165
vn -0.8932671 0.0586044 -0.4456898
vn -0.9862514 -0.0710354 -0.1492053
vn -0.9670748 -0.1931673 0.1656886
vn -0.8357676 -0.2938723 0.4638228
vn 0.3189082 0.1740430 -0.9316687
vn 0.0467931 -0.0201919 -0.9987005
vn -0.2286183 -0.2106213 -0.9504590
vn -0.4767787 -0.3762374 -0.7944353
vn -0.6706396 -0.4990507 -0.5488086
vn -0.7888394 -0.5655286 -0.2406445
vn -0.8175324 -0.5677531 0.0964221
vn -0.7517798 -0.5042516 0.4249205
vn 0.4855671 0.0267279 -0.8737907
vn 0.3435337 -0.2824902 -0.8956472
vn 0.1631108 -0.5568830 -0.8144177
vn -0.0350138 -0.7667273 -0.6410174
vn -0.2288747 -0.8895407 -0.3953906
vn -0.3971104 -0.9117903 -0.1046032
vn -0.5207918 -0.8300515 0.1994754
vn -0.5851209 -0.6515667 0.4827985
vn 0.6712391 -0.0012536 -0.7412398
vn 0.6741275 -0.3323120 -0.6596369
vn 0.5995298 -0.6226531 -0.5028590
vn 0.4571493 -0.8408982 -0.2896631
vn 0.2632884 -0.9637116 -0.0440364
vn 0.0393087 -0.9775604 0.2069555
vn -0.1901980 -0.8798733 0.4354857
vn -0.3994489 -0.6795482 0.6153494
vn 0.8050038 0.1007865 -0.5846460
vn 0.9122990 -0.1506270 -0.3808175
vn 0.9139415 -0.3828096 -0.1347878
vn 0.8117211 -0.5704193 0.1254221
vn 0.6178602 -0.6932327 0.3710488
vn 0.3537204 -0.7377168 0.5750267
vn 0.0479735 -0.6981883 0.7143050
vn -0.2656842 -0.5775081 0.7719432
vn -0.9928214 0.0845746 -0.0845746
vn -0.8877078 0.1073003 -0.4477292
vn -0.6836139 0.1146413 -0.7207839
vn -0.4025264 0.1087527 -0.9089254
vn -0.0769963 0.0905333 -0.9929125
vn 0.2567418 0.0621034 -0.9644827
vn 0.5619133 0.0265958 -0.8267685
vn 0.8043518 -0.0121128 -0.5940298
vn 0.9555181 -0.0497170 -0.2907119
vn 0.9928214 -0.0845746 0.0845746
vn -0.8772598 0.3189515 -0.3587270
vn -0.6650110 0.4914918 -0.5623132
vn -0.3779686 0.6062355 -0.6997272
vn -0.0493017 0.6515599 -0.7569934
vn 0.2844364 0.6231301 -0.7285635
vn 0.5864712 0.5240786 -0.6175704
vn 0.8229548 0.3647378 -0.4355592
vn 0.9659661 0.1619342 -0.2017098
vn -0.8837532 0.4387618 -0.1626910
vn -0.6765726 0.7048171 -0.2132659
vn -0.3932312 0.8878475 -0.2389477
vn -0.0665138 0.9691424 -0.2373581
vn 0.2672243 0.9407126 -0.2089283
vn 0.5712086 0.8056906 -0.1567908
vn 0.8113931 0.5780630 -0.0865118
vn 0.9594727 0.2817445 -0.0056737
vn -0.9047077 0.4209675 0.0654999
vn -0.7138827 0.6731340 0.1930339
vn -0.4424844 0.8460225 0.2974112
vn -0.1220582 0.9219751 0.3675102
vn 0.2116799 0.8935452 0.3959401
vn 0.5219553 0.7638656 0.3795681
vn 0.7740831 0.5463800 0.3197879
vn 0.9385182 0.2639503 0.2225171
vn -0.9321195 0.2723657 0.2386844
vn -0.7626900 0.4085445 0.5013934
vn -0.5069153 0.4967362 0.7044785
vn -0.1947188 0.5280742 0.8265726
vn 0.1390193 0.4996443 0.8550024
vn 0.4575245 0.4145793 0.7866354
vn 0.7252758 0.2817905 0.6281474
vn 0.9111065 0.1153484 0.3957016
vn -0.9555181 0.0497170 0.2907119
vn -0.8043518 0.0121128 0.5940298
vn -0.5619133 -0.0265958 0.8267685
vn -0.2567418 -0.0621034 0.9644827
vn 0.0769963 -0.0905333 0.9929125
vn 0.4025264 -0.1087527 0.9089254
vn 0.6836139 -0.1146413 0.7207839
vn 0.8877078 -0.1073003 0.4477292
vn -0.9659661 -0.1619342 0.2017098
vn -0.8229548 -0.3647378 0.4355592
vn -0.5864712 -0.5240786 0.6175704
vn -0.2844364 -0.6231301 0.7285635
vn 0.0493017 -0.6515599 0.7569934
vn 0.3779686 -0.6062355 0.6997272
vn 0.6650110 -0.4914918 0.5623132
vn 0.8772598 -0.3189515 0.3587270
vn -0.9594727 -0.2817445 0.0056737
vn -0.8113931 -0.5780630 0.0865118
vn -0.5712086 -0.8056906 0.1567908
vn -0.2672243 -0.9407126 0.2089283
vn 0.0665138 -0.9691424 0.2373581
vn 0.3932312 -0.8878475 0.2389477
vn 0.6765726 -0.7048171 0.2132659
vn 0.8837532 -0.4387618 0.1626910
vn -0.9385182 -0.2639503 -0.2225171
vn -0.7740831 -0.5463800 -0.3197879
vn -0.5219553 -0.7638656 -0.3795681
vn -0.2116799 -0.8935452 -0.3959401
vn 0.1220582 -0.9219751 -0.3675102
vn 0.4424844 -0.8460225 -0.2974112
vn 0.7138827 -0.6731340 -0.1930339
vn 0.9047077 -0.4209675 -0.0654999
vn -0.9111065 -0.1153484 -0.3957016
vn -0.7252758 -0.2817905 -0.6281474
vn -0.4575245 -0.4145793 -0.7866354
vn -0.1390193 -0.4996443 -0.8550024
vn 0.1947188 -0.5280742 -0.8265726
vn 0.5069153 -0.4967362 -0.7044785
vn 0.7626900 -0.4085445 -0.5013934
vn 0.9321195 -0.2723657 -0.2386844
vn -0.5950310 0.3594268 -0.7188536
vn -0.2570679 0.3799203 -0.8885813
vn 0.0798698 0.3517308 -0.9326876
vn 0.4050534 0.2833395 -0.8692816
vn 0.6827070 0.1830668 -0.7073879
vn 0.8827274 0.0622451 -0.4657444
vn 0.9830744 -0.0658125 -0.1709778
vn 0.9716575 -0.1869509 0.1446759
vn 0.8476390 -0.2873747 0.4460088
vn 0.5950310 -0.3594268 0.7188536
vn -0.2862639 0.5732454 -0.7677517
vn 0.0278855 0.6959512 -0.7175474
vn 0.3364286 0.7377470 -0.5852736
vn 0.6053167 0.6955161 -0.3871035
vn 0.8053371 0.5746944 -0.1454599
vn 0.9144496 0.3885951 0.1130302
vn 0.9196732 0.1572695 0.3598161
vn 0.8184430 -0.0940496 0.5668384
vn -0.4170971 0.6750523 -0.6085511
vn -0.2050664 0.8772209 -0.4340866
vn 0.0289073 0.9770423 -0.2110752
vn 0.2585154 0.9653768 0.0348916
vn 0.4585359 0.8445550 0.2765351
vn 0.6069283 0.6278904 0.4872286
vn 0.6867212 0.3385392 0.6432769
vn 0.6876098 0.0077572 0.7260390
vn -0.5995937 0.6464541 -0.4717887
vn -0.5300062 0.8263012 -0.1905776
vn -0.4000478 0.9098227 0.1103826
vn -0.2252304 0.8895712 0.3974094
vn -0.0252100 0.7687495 0.6390529
vn 0.1779732 0.5606708 0.8086864
vn 0.3617814 0.2876194 0.8867859
vn 0.5051133 -0.0208409 0.8628014
vn -0.7640460 0.4983744 -0.4097031
vn -0.8228180 0.5626415 -0.0800325
vn -0.7865904 0.5617639 0.2563139
vn -0.6611464 0.4970546 0.5619806
vn -0.4611260 0.3762329 0.8036241
vn -0.2085694 0.2126120 0.9546177
vn 0.0689697 0.0239597 0.9973310
vn 0.3406609 -0.1689206 0.9248870
vn -0.8476390 0.2873747 -0.4460088
vn -0.9716575 0.1869509 -0.1446759
vn -0.9830744 0.0658125 0.1709778
vn -0.8827274 -0.0622451 0.4657444
vn -0.6827070 -0.1830668 0.7073879
vn -0.4050534 -0.2833395 0.8692816
vn -0.0798698 -0.3517308 0.9326876
vn 0.2570679 -0.3799203 0.8885813
vn -0.8184430 0.0940496 -0.5668384
vn -0.9196732 -0.1572695 -0.3598161
vn -0.9144496 -0.3885951 -0.1130302
vn -0.8053371 -0.5746944 0.1454599
vn -0.6053167 -0.6955161 0.3871035
vn -0.3364286 -0.7377470 0.5852736
vn -0.0278855 -0.6959512 0.7175474
vn 0.2862639 -0.5732454 0.7677517
vn -0.6876098 -0.0077572 -0.7260390
vn -0.6867212 -0.3385392 -0.6432769
vn -0.6069283 -0.6278904 -0.4872286
vn -0.4585359 -0.8445550 -0.2765351
vn -0.2585154 -0.9653768 -0.0348916
vn -0.0289073 -0.9770423 0.2110752
vn 0.2050664 -0.8772209 0.4340866
vn 0.4170971 -0.6750523 0.6085511
vn -0.5051133 0.0208409 -0.8628014
vn -0.3617814 -0.2876194 -0.8867859
vn -0.1779732 -0.5606708 -0.8086864
vn 0.0252100 -0.7687495 -0.6390529
vn 0.2252304 -0.8895712 -0.3974094
vn 0.4000478 -0.9098227 -0.1103826
vn 0.5300062 -0.8263012 0.1905776
vn 0.5995937 -0.6464541 0.4717887
vn -0.3406609 0.1689206 -0.9248870
vn -0.0689697 -0.0239597 -0.9973310
vn 0.2085694 -0.2126120 -0.9546177
vn 0.4611260 -0.3762329 -0.8036241
vn 0.6611464 -0.4970546 -0.5619806
vn 0.7865904 -0.5617639 -0.2563139
vn 0.8228180 -0.5626415 0.0800325
vn 0.7640460 -0.4983744 0.4097031
vn 0.9928214 0.0845746 -0.0845746
vn 0.9555181 0.0497170 0.2907119
vn 0.8043518 0.0121128 0.5940298
vn 0.5619133 -0.0265958 0.8267685
vn 0.2567418 -0.0621034 0.9644827
vn -0.0769963 -0.0905333 0.9929125
vn -0.4025264 -0.1087527 0.9089254
vn -0.6836139 -0.1146413 0.7207839
vn -0.8877078 -0.1073003 0.4477292
vn -0.9928214 -0.0845746 0.0845746
vn 0.9321195 0.2723657 0.2386844
vn 0.7626900 0.4085445 0.5013934
vn 0.5069153 0.4967362 0.7044785
vn 0.1947188 0.5280742 0.8265726
vn -0.1390193 0.4996443 0.8550024
vn -0.4575245 0.4145793 0.7866354
vn -0.7252758 0.2817905 0.6281474
vn -0.9111065 0.1153484 0.3957016
vn 0.9047077 0.4209675 0.0654999
vn 0.7138827 0.6731340 0.1930339
vn 0.4424844 0.8460225 0.2974112
vn 0.1220582 0.9219751 0.3675102
vn -0.2116799 0.8935452 0.3959401
vn -0.5219553 0.7638656 0.3795681
vn -0.7740831 0.5463800 0.3197879
vn -0.9385182 0.2639503 0.2225171
vn 0.8837532 0.4387618 -0.1626910
vn 0.6765726 0.7048171 -0.2132659
vn 0.3932312 0.8878475 -0.2389477
vn 0.0665138 0.9691424 -0.2373581
vn -0.2672243 0.9407126 -0.2089283
vn -0.5712086 0.8056906 -0.1567908
vn -0.8113931 0.5780630 -0.0865118
vn -0.9594727 0.2817445 -0.0056737
vn 0.8772598 0.3189515 -0.3587270
vn 0.6650110 0.4914918 -0.5623132
vn 0.3779686 0.6062355 -0.6997272
vn 0.0493017 0.6515599 -0.7569934
vn -0.2844364 0.6231301 -0.7285635
vn -0.5864712 0.5240786 -0.6175704
vn -0.8229548 0.3647378 -0.4355592
vn -0.9659661 0.1619342 -0.2017098
vn 0.8877078 0.1073003 -0.4477292
vn 0.6836139 0.1146413 -0.7207839
vn 0.4025264 0.1087527 -0.9089254
vn 0.0769963 0.0905333 -0.9929125
vn -0.2567418 0.0621034 -0.9644827
vn -0.5619133 0.0265958 -0.8267685
vn -0.8043518 -0.0121128 -0.5940298
vn -0.9555181 -0.0497170 -0.2907119
vn 0.9111065 -0.1153484 -0.3957016
vn 0.7252758 -0.2817905 -0.6281474
vn 0.4575245 -0.4145793 -0.7866354
vn 0.1390193 -0.4996443 -0.8550024
vn -0.1947188 -0.5280742 -0.8265726
vn -0.5069153 -0.4967362 -0.7044785
vn -0.7626900 -0.4085445 -0.5013934
vn -0.9321195 -0.2723657 -0.2386844
vn 0.9385182 -0.2639503 -0.2225171
vn 0.7740831 -0.5463800 -0.3197879
vn 0.5219553 -0.7638656 -0.3795681
vn 0.2116799 -0.8935452 -0.3959401
vn -0.1220582 -0.9219751 -0.3675102
vn -0.4424844 -0.8460225 -0.2974112
vn -0.7138827 -0.6731340 -0.1930339
vn -0.9047077 -0.4209675 -0.0654999
vn 0.9594727 -0.2817445 0.0056737
vn 0.8113931 -0.5780630 0.0865118
vn 0.5712086 -0.8056906 0.1567908
vn 0.2672243 -0.9407126 0.2089283
vn -0.0665138 -0.9691424 0.2373581
vn -0.3932312 -0.8878475 0.2389477
vn -0.6765726 -0.7048171 0.2132659
vn -0.8837532 -0.4387618 0.1626910
vn 0.9659661 -0.1619342 0.2017098
vn 0.8229548 -0.3647378 0.4355592
vn 0.5864712 -0.5240786 0.6175704
vn 0.2844364 -0.6231301 0.7285635
vn -0.0493017 -0.6515599 0.7569934
vn -0.3779686 -0.6062355 0.6997272
vn -0.6650110 -0.4914918 0.5623132
vn -0.8772598 -0.3189515 0.3587270
vn 0.5950310 0.3594268 -0.7188536
vn 0.8476390 0.2873747 -0.4460088
vn 0.9716575 0.1869509 -0.1446759
vn 0.9830744 0.0658125 0.1709778
vn 0.8827274 -0.0622451 0.4657444
vn 0.6827070 -0.1830668 0.7073879
vn 0.4050534 -0.2833395 0.8692816
vn 0.0798698 -0.3517308 0.9326876
vn -0.2570679 -0.3799203 0.8885813
vn -0.5950310 -0.3594268 0.7188536
vn 0.7640460 0.4983744 -0.4097031
vn 0.8228180 0.5626415 -0.0800325
vn 0.7865904 0.5617639 0.2563139
vn 0.6611464 0.4970546 0.5619806
vn 0.4611260 0.3762329 0.8036241
vn 0.2085694 0.2126120 0.9546177
vn -0.0689697 0.0239597 0.9973310
vn -0.3406609 -0.1689206 0.9248870
vn 0.5995937 0.6464541 -0.4717887
vn 0.5300062 0.8263012 -0.1905776
vn 0.4000478 0.9098227 0.1103826
vn 0.2252304 0.8895712 0.3974094
vn 0.0252100 0.7687495 0.6390529
vn -0.1779732 0.5606708 0.8086864
vn -0.3617814 0.2876194 0.8867859
vn -0.5051133 -0.0208409 0.8628014
vn 0.4170971 0.6750523 -0.6085511
vn 0.2050664 0.8772209 -0.4340866
vn -0.0289073 0.9770423 -0.2110752
vn -0.2585154 0.9653768 0.0348916
vn -0.4585359 0.8445550 0.2765351
vn -0.6069283 0.6278904 0.4872286
vn -0.6867212 0.3385392 0.6432769
vn -0.6876098 0.0077572 0.7260390
vn 0.2862639 0.5732454 -0.7677517
vn -0.0278855 0.6959512 -0.7175474
vn -0.3364286 0.7377470 -0.5852736
vn -0.6053167 0.6955161 -0.3871035
vn -0.8053371 0.5746944 -0.1454599
vn -0.9144496 0.3885951 0.1130302
vn -0.9196732 0.1572695 0.3598161
vn -0.8184430 -0.0940496 0.5668384
vn 0.2570679 0.3799203 -0.8885813
vn -0.0798698 0.3517308 -0.9326876
vn -0.4050534 0.2833395 -0.8692816
vn -0.6827070 0.1830668 -0.7073879
vn -0.8827274 0.0622451 -0.4657444
vn -0.9830744 -0.0658125 -0.1709778
vn -0.9716575 -0.1869509 0.1446759
vn -0.8476390 -0.2873747 0.4460088
vn 0.3406609 0.1689206 -0.9248870
vn 0.0689697 -0.0239597 -0.9973310
vn -0.2085694 -0.2126120 -0.9546177
vn -0.4611260 -0.3762329 -0.8036241
vn -0.6611464 -0.4970546 -0.5619806
vn -0.7865904 -0.5617639 -0.2563139
vn -0.8228180 -0.5626415 0.0800325
vn -0.7640460 -0.4983744 0.4097031
vn 0.5051133 0.0208409 -0.8628014
vn 0.3617814 -0.2876194 -0.8867859
vn 0.1779732 -0.5606708 -0.8086864
vn -0.0252100 -0.7687495 -0.6390529
vn -0.2252304 -0.8895712 -0.3974094
vn -0.4000478 -0.9098227 -0.1103826
vn -0.5300062 -0.8263012 0.1905776
vn -0.5995937 -0.6464541 0.4717887
vn 0.6876098 -0.0077572 -0.7260390
vn 0.6867212 -0.3385392 -0.6432769
vn 0.6069283 -0.6278904 -0.4872286
vn 0.4585359 -0.8445550 -0.2765351
vn 0.2585154 -0.9653768 -0.0348916
vn 0.0289073 -0.9770423 0.2110752
vn -0.2050664 -0.8772209 0.4340866
vn -0.4170971 -0.6750523 0.6085511
vn 0.8184430 0.0940496 -0.5668384
vn 0.9196732 -0.1572695 -0.3598161
vn 0.9144496 -0.3885951 -0.1130302
vn 0.8053371 -0.5746944 0.1454599
vn 0.6053167 -0.6955161 0.3871035
vn 0.3364286 -0.7377470 0.5852736
vn 0.0278855 -0.6959512 0.7175474
vn -0.2862639 -0.5732454 0.7677517
vn -0.9934392 0.0808660 -0.0808660
vn -0.8898632 0.1027068 -0.4445164
vn -0.6868935 0.1098131 -0.7184139
vn -0.4065447 0.1042464 -0.9076641
vn -0.0812933 0.0868594 -0.9928982
vn 0.2526525 0.0596762 -0.9657150
vn 0.5584952 0.0256920 -0.8291098
vn 0.8019982 -0.0113828 -0.5972180
vn 0.9545097 -0.0474253 -0.2943842
vn 0.9934392 -0.0808660 0.0808660
vn -0.8797896 0.3146970 -0.3562810
vn -0.6689571 0.4872671 -0.5613085
vn -0.3828667 0.6025258 -0.7002683
vn -0.0545909 0.6487844 -0.7590116
vn 0.2793549 0.6216012 -0.7318284
vn 0.5821732 0.5239715 -0.6217140
vn 0.8199346 0.3660712 -0.4401126
vn 0.9645833 0.1645649 -0.2061489
vn -0.8859101 0.4351563 -0.1606311
vn -0.6798548 0.7017480 -0.2129487
vn -0.3972529 0.8856634 -0.2403964
vn -0.0708146 0.9680874 -0.2403999
vn 0.2631311 0.9409042 -0.2132167
vn 0.5677870 0.8071091 -0.1618420
vn 0.8090369 0.5805521 -0.0917528
vn 0.9584628 0.2850242 -0.0104990
vn -0.9058869 0.4180733 0.0677018
vn -0.7154241 0.6713314 0.1936039
vn -0.4442082 0.8455103 0.2962963
vn -0.1237676 0.9228054 0.3648449
vn 0.2101782 0.8956222 0.3920281
vn 0.5208317 0.7669559 0.3748506
vn 0.7734675 0.5501355 0.3147998
vn 0.9384860 0.2679412 0.2178339
vn -0.9320897 0.2699733 0.2415022
vn -0.7620788 0.4076354 0.5030600
vn -0.5057973 0.4974034 0.7048113
vn -0.1932235 0.5302347 0.8255398
vn 0.1407223 0.5030515 0.8527230
vn 0.4592426 0.4188491 0.7833656
vn 0.7268129 0.2864395 0.6242559
vn 0.9122832 0.1198412 0.3916343
vn -0.9545097 0.0474253 0.2943842
vn -0.8019982 0.0113828 0.5972180
vn -0.5584952 -0.0256920 0.8291098
vn -0.2526525 -0.0596762 0.9657150
vn 0.0812933 -0.0868594 0.9928982
vn 0.4065447 -0.1042464 0.9076641
vn 0.6868935 -0.1098131 0.7184139
vn 0.8898632 -0.1027068 0.4445164
vn -0.9645833 -0.1645649 0.2061489
vn -0.8199346 -0.3660712 0.4401126
vn -0.5821732 -0.5239715 0.6217140
vn -0.2793549 -0.6216012 0.7318284
vn 0.0545909 -0.6487844 0.7590116
vn 0.3828667 -0.6025258 0.7002683
vn 0.6689571 -0.4872671 0.5613085
vn 0.8797896 -0.3146970 0.3562810
vn -0.9584628 -0.2850242 0.0104990
vn -0.8090369 -0.5805521 0.0917528
vn -0.5677870 -0.8071091 0.1618420
vn -0.2631311 -0.9409042 0.2132167
vn 0.0708146 -0.9680874 0.2403999
vn 0.3972529 -0.8856634 0.2403964
vn 0.6798548 -0.7017480 0.2129487
vn 0.8859101 -0.4351563 0.1606311
vn -0.9384860 -0.2679412 -0.2178339
vn -0.7734675 -0.5501355 -0.3147998
vn -0.5208317 -0.7669559 -0.3748506
vn -0.2101782 -0.8956222 -0.3920281
vn 0.1237676 -0.9228054 -0.3648449
vn 0.4442082 -0.8455103 -0.2962963
vn 0.7154241 -0.6713314 -0.1936039
vn 0.9058869 -0.4180733 -0.0677018
vn -0.9122832 -0.1198412 -0.3916343
vn -0.7268129 -0.2864395 -0.6242559
vn -0.4592426 -0.4188491 -0.7833656
vn -0.1407223 -0.5030515 -0.8527230
vn 0.1932235 -0.5302347 -0.8255398
vn 0.5057973 -0.4974034 -0.7048113
vn 0.7620788 -0.4076354 -0.5030600
vn 0.9320897 -0.2699733 -0.2415022
vn -0.6124717 0.3535190 -0.7070380
vn -0.2783759 0.3753339 -0.8840992
vn 0.0576874 0.3489021 -0.9353820
vn 0.3845521 0.2825800 -0.8787879
vn 0.6662087 0.1844533 -0.7225946
vn 0.8720918 0.0656175 -0.4849229
vn 0.9795152 -0.0608331 -0.1919619
vn 0.9756137 -0.1809255 0.1242732
vn 0.8587105 -0.2809930 0.4285547
vn 0.6124717 -0.3535190 0.7070380
vn -0.3060668 0.5689132 -0.7633222
vn 0.0083830 0.6935751 -0.7203356
vn 0.3194651 0.7375850 -0.5949038
vn 0.5928081 0.6975764 -0.4024497
vn 0.7986912 0.5787406 -0.1647780
vn 0.9144281 0.3941719 0.0919223
vn 0.9263093 0.1637475 0.3393197
vn 0.8310196 -0.0874137 0.5493316
vn -0.4340148 0.6705343 -0.6016768
vn -0.2194318 0.8745140 -0.4325216
vn 0.0187254 0.9764436 -0.2149587
vn 0.2536547 0.9669446 0.0260260
vn 0.4595378 0.8481088 0.2636977
vn 0.6136884 0.6330306 0.4718673
vn 0.6984946 0.3446864 0.6271337
vn 0.7030716 0.0142074 0.7109771
vn -0.6133480 0.6413813 -0.4609058
vn -0.5387394 0.8226064 -0.1818752
vn -0.4027946 0.9079200 0.1159212
vn -0.2217063 0.8896685 0.3991694
vn -0.0158232 0.7708327 0.6368411
vn 0.1921685 0.5645070 0.8027472
vn 0.3791870 0.2927788 0.8777800
vn 0.5237384 -0.0149456 0.8517481
vn -0.7755674 0.4925898 -0.3947791
vn -0.8275752 0.5576792 -0.0641348
vn -0.7840886 0.5581879 0.2713510
vn -0.6517032 0.4952649 0.5744524
vn -0.4458201 0.3764290 0.8121241
vn -0.1891255 0.2147749 0.9581771
vn 0.0903512 0.0278516 0.9955204
vn 0.3615190 -0.1637371 0.9178748
vn -0.8587105 0.2809930 -0.4285547
vn -0.9756137 0.1809255 -0.1242732
vn -0.9795152 0.0608331 0.1919619
vn -0.8720918 -0.0656175 0.4849229
vn -0.6662087 -0.1844533 0.7225946
vn -0.3845521 -0.2825800 0.8787879
vn -0.0576874 -0.3489021 0.9353820
vn 0.2783759 -0.3753339 0.8840992
vn -0.8310196 0.0874137 -0.5493316
vn -0.9263093 -0.1637475 -0.3393197
vn -0.9144281 -0.3941719 -0.0919223
vn -0.7986912 -0.5787406 0.1647780
vn -0.5928081 -0.6975764 0.4024497
vn -0.3194651 -0.7375850 0.5949038
vn -0.0083830 -0.6935751 0.7203356
vn 0.3060668 -0.5689132 0.7633222
vn -0.7030716 -0.0142074 -0.7109771
vn -0.6984946 -0.3446864 -0.6271337
vn -0.6136884 -0.6330306 -0.4718673
vn -0.4595378 -0.8481088 -0.2636977
vn -0.2536547 -0.9669446 -0.0260260
vn -0.0187254 -0.9764436 0.2149587
vn 0.2194318 -0.8745140 0.4325216
vn 0.4340148 -0.6705343 0.6016768
vn -0.5237384 0.0149456 -0.8517481
vn -0.3791870 -0.2927788 -0.8777800
vn -0.1921685 -0.5645070 -0.8027472
vn 0.0158232 -0.7708327 -0.6368411
vn 0.2217063 -0.8896685 -0.3991694
vn 0.4027946 -0.9079200 -0.1159212
vn 0.5387394 -0.8226064 0.1818752
vn 0.6133480 -0.6413813 0.4609058
vn -0.3615190 0.1637371 -0.9178748
vn -0.0903512 -0.0278516 -0.9955204
vn 0.1891255 -0.2147749 -0.9581771
vn 0.4458201 -0.3764290 -0.8121241
vn 0.6517032 -0.4952649 -0.5744524
vn 0.7840886 -0.5581879 -0.2713510
vn 0.8275752 -0.5576792 0.0641348
vn 0.7755674 -0.4925898 0.3947791
vn 0.9934392 0.0808660 -0.0808660
vn 0.9545097 0.0474253 0.2943842
vn 0.8019982 0.0113828 0.5972180
vn 0.5584952 -0.0256920 0.8291098
vn 0.2526525 -0.0596762 0.9657150
vn -0.0812933 -0.0868594 0.9928982
vn -0.4065447 -0.1042464 0.9076641
vn -0.6868935 -0.1098131 0.7184139
vn -0.8898632 -0.1027068 0.4445164
vn -0.9934392 -0.0808660 0.0808660
vn 0.9320897 0.2699733 0.2415022
vn 0.7620788 0.4076354 0.5030600
vn 0.5057973 0.4974034 0.7048113
vn 0.1932235 0.5302347 0.8255398
vn -0.1407223 0.5030515 0.8527230
vn -0.4592426 0.4188491 0.7833656
vn -0.7268129 0.2864395 0.6242559
vn -0.9122832 0.1198412 0.3916343
vn 0.9058869 0.4180733 0.0677018
vn 0.7154241 0.6713314 0.1936039
vn 0.4442082 0.8455103 0.2962963
vn 0.1237676 0.9228054 0.3648449
vn -0.2101782 0.8956222 0.3920281
vn -0.5208317 0.7669559 0.3748506
vn -0.7734675 0.5501355 0.3147998
vn -0.9384860 0.2679412 0.2178339
vn 0.8859101 0.4351563 -0.1606311
vn 0.6798548 0.7017480 -0.2129487
vn 0.3972529 0.8856634 -0.2403964
vn 0.0708146 0.9680874 -0.2403999
vn -0.2631311 0.9409042 -0.2132167
vn -0.5677870 0.8071091 -0.1618420
vn -0.8090369 0.5805521 -0.0917528
vn -0.9584628 0.2850242 -0.0104990
vn 0.8797896 0.3146970 -0.3562810
vn 0.6689571 0.4872671 -0.5613085
vn 0.3828667 0.6025258 -0.7002683
vn 0.0545909 0.6487844 -0.7590116
vn -0.2793549 0.6216012 -0.7318284
vn -0.5821732 0.5239715 -0.6217140
vn -0.8199346 0.3660712 -0.4401126
vn -0.9645833 0.1645649 -0.2061489
vn 0.8898632 0.1027068 -0.4445164
vn 0.6868935 0.1098131 -0.7184139
vn 0.4065447 0.1042464 -0.9076641
vn 0.0812933 0.0868594 -0.9928982
vn -0.2526525 0.0596762 -0.9657150
vn -0.5584952 0.0256920 -0.8291098
vn -0.8019982 -0.0113828 -0.5972180
vn -0.9545097 -0.0474253 -0.2943842
vn 0.9122832 -0.1198412 -0.3916343
vn 0.7268129 -0.2864395 -0.6242559
vn 0.4592426 -0.4188491 -0.7833656
vn 0.1407223 -0.5030515 -0.8527230
vn -0.1932235 -0.5302347 -0.8255398
vn -0.5057973 -0.4974034 -0.7048113
vn -0.7620788 -0.4076354 -0.5030600
vn -0.9320897 -0.2699733 -0.2415022
vn 0.9384860 -0.2679412 -0.2178339
vn 0.7734675 -0.5501355 -0.3147998
vn 0.5208317 -0.7669559 -0.3748506
vn 0.2101782 -0.8956222 -0.3920281
vn -0.1237676 -0.9228054 -0.3648449
vn -0.4442082 -0.8455103 -0.2962963
vn -0.7154241 -0.6713314 -0.1936039
vn -0.9058869 -0.4180733 -0.0677018
vn 0.9584628 -0.2850242 0.0104990
vn 0.8090369 -0.5805521 0.0917528
vn 0.5677870 -0.8071091 0.1618420
vn 0.2631311 -0.9409042 0.2132167
vn -0.0708146 -0.9680874 0.2403999
vn -0.3972529 -0.8856634 0.2403964
vn -0.6798548 -0.7017480 0.2129487
vn -0.8859101 -0.4351563 0.1606311
vn 0.9645833 -0.1645649 0.2061489
vn 0.8199346 -0.3660712 0.4401126
vn 0.5821732 -0.5239715 0.6217140
vn 0.2793549 -0.6216012 0.7318284
vn -0.0545909 -0.6487844 0.7590116
vn -0.3828667 -0.6025258 0.7002683
vn -0.6689571 -0.4872671 0.5613085
vn -0.8797896 -0.3146970 0.3562810
vn 0.6124717 0.3535190 -0.7070380
vn 0.8587105 0.2809930 -0.4285547
vn 0.9756137 0.1809255 -0.1242732
vn 0.9795152 0.0608331 0.1919619
vn 0.8720918 -0.0656175 0.4849229
vn 0.6662087 -0.1844533 0.7225946
vn 0.3845521 -0.2825800 0.8787879
vn 0.0576874 -0.3489021 0.9353820
vn -0.2783759 -0.3753339 0.8840992
vn -0.6124717 -0.3535190 0.7070380
vn 0.7755674 0.4925898 -0.3947791
vn 0.8275752 0.5576792 -0.0641348
vn 0.7840886 0.5581879 0.2713510
vn 0.6517032 0.4952649 0.5744524
vn 0.4458201 0.3764290 0.8121241
vn 0.1891255 0.2147749 0.9581771
vn -0.0903512 0.0278516 0.9955204
vn -0.3615190 -0.1637371 0.9178748
vn 0.6133480 0.6413813 -0.4609058
vn 0.5387394 0.8226064 -0.1818752
vn 0.4027946 0.9079200 0.1159212
vn 0.2217063 0.8896685 0.3991694
vn 0.0158232 0.7708327 0.6368411
vn -0.1921685 0.5645070 0.8027472
vn -0.3791870 0.2927788 0.8777800
vn -0.5237384 -0.0149456 0.8517481
vn 0.4340148 0.6705343 -0.6016768
vn 0.2194318 0.8745140 -0.4325216
vn -0.0187254 0.9764436 -0.2149587
vn -0.2536547 0.9669446 0.0260260
vn -0.4595378 0.8481088 0.2636977
vn -0.6136884 0.6330306 0.4718673
vn -0.6984946 0.3446864 0.6271337
vn -0.7030716 0.0142074 0.7109771
vn 0.3060668 0.5689132 -0.7633222
vn -0.0083830 0.6935751 -0.7203356
vn -0.3194651 0.7375850 -0.5949038
vn -0.5928081 0.6975764 -0.4024497
vn -0.7986912 0.5787406 -0.1647780
vn -0.9144281 0.3941719 0.0919223
vn -0.9263093 0.1637475 0.3393197
vn -0.8310196 -0.0874137 0.5493316
vn 0.2783759 0.3753339 -0.8840992
vn -0.0576874 0.3489021 -0.9353820
vn -0.3845521 0.2825800 -0.8787879
vn -0.6662087 0.1844533 -0.7225946
vn -0.8720918 0.0656175 -0.4849229
vn -0.9795152 -0.0608331 -0.1919619
vn -0.9756137 -0.1809255 0.1242732
vn -0.8587105 -0.2809930 0.4285547
vn 0.3615190 0.1637371 -0.9178748
vn 0.0903512 -0.0278516 -0.9955204
vn -0.1891255 -0.2147749 -0.9581771
vn -0.4458201 -0.3764290 -0.8121241
vn -0.6517032 -0.4952649 -0.5744524
vn -0.7840886 -0.5581879 -0.2713510
vn -0.8275752 -0.5576792 0.0641348
vn -0.7755674 -0.4925898 0.3947791
vn 0.5237384 0.0149456 -0.8517481
vn 0.3791870 -0.2927788 -0.8777800
vn 0.1921685 -0.5645070 -0.8027472
vn -0.0158232 -0.7708327 -0.6368411
vn -0.2217063 -0.8896685 -0.3991694
vn -0.4027946 -0.9079200 -0.1159212
vn -0.5387394 -0.8226064 0.1818752
vn -0.6133480 -0.6413813 0.4609058
vn 0.7030716 -0.0142074 -0.7109771
vn 0.6984946 -0.3446864 -0.6271337
vn 0.6136884 -0.6330306 -0.4718673
vn 0.4595378 -0.8481088 -0.2636977
vn 0.2536547 -0.9669446 -0.0260260
vn 0.0187254 -0.9764436 0.2149587
vn -0.2194318 -0.8745140 0.4325216
vn -0.4340148 -0.6705343 0.6016768
vn 0.8310196 0.0874137 -0.5493316
vn 0.9263093 -0.1637475 -0.3393197
vn 0.9144281 -0.3941719 -0.0919223
vn 0.7986912 -0.5787406 0.1647780
vn 0.5928081 -0.6975764 0.4024497
vn 0.3194651 -0.7375850 0.5949038
vn 0.0083830 -0.6935751 0.7203356
vn -0.3060668 -0.5689132 0.7633222
vn -0.9939807 0.0774671 -0.0774671
vn -0.8918086 0.0984879 -0.4415626
vn -0.6898680 0.1053720 -0.7162255
vn -0.4101987 0.1000951 -0.9064866
vn -0.0852084 0.0834684 -0.9928608
vn 0.2489195 0.0574277 -0.9668201
vn 0.5553673 0.0248425 -0.8312340
vn 0.7998353 -0.0107299 -0.6001236
vn 0.9535698 -0.0453339 -0.2977408
vn 0.9939807 -0.0774671 0.0774671
vn -0.8820847 0.3107863 -0.3540318
vn -0.6725543 0.4833747 -0.5603745
vn -0.3873428 0.5990989 -0.7007468
vn -0.0594331 0.6462103 -0.7608416
vn 0.2746948 0.6201696 -0.7348010
vn 0.5782232 0.5238463 -0.6254942
vn 0.8171490 0.3672729 -0.4442726
vn 0.9632937 0.1669644 -0.2102099
vn -0.8878703 0.4318424 -0.1587403
vn -0.6828558 0.6989182 -0.2126530
vn -0.4009418 0.8836393 -0.2417174
vn -0.0747691 0.9670951 -0.2431802
vn 0.2593587 0.9410545 -0.2171395
vn 0.5646242 0.8083867 -0.1664648
vn 0.8068476 0.5828164 -0.0965511
vn 0.9575080 0.2880205 -0.0149185
vn -0.9069556 0.4154169 0.0697170
vn -0.7168376 0.6696722 0.1941212
vn -0.4458014 0.8450314 0.2952678
vn -0.1253586 0.9235559 0.3623945
vn 0.2087692 0.8975152 0.3884352
vn 0.5197646 0.7697788 0.3705204
vn 0.7728658 0.5535703 0.3102231
vn 0.9384228 0.2715950 0.2135388
vn -0.9320505 0.2677838 0.2440772
vn -0.7615198 0.4068077 0.5045742
vn -0.5047867 0.4980222 0.7050988
vn -0.1918781 0.5322230 0.8245735
vn 0.1422497 0.5061823 0.8506142
vn 0.4607793 0.4227696 0.7803514
vn 0.7281836 0.2907058 0.6206761
vn 0.9133278 0.1239619 0.3878991
vn -0.9535698 0.0453339 0.2977408
vn -0.7998353 0.0107299 0.6001236
vn -0.5553673 -0.0248425 0.8312340
vn -0.2489195 -0.0574277 0.9668201
vn 0.0852084 -0.0834684 0.9928608
vn 0.4101987 -0.1000951 0.9064866
vn 0.6898680 -0.1053720 0.7162255
vn 0.8918086 -0.0984879 0.4415626
vn -0.9632937 -0.1669644 0.2102099
vn -0.8171490 -0.3672729 0.4442726
vn -0.5782232 -0.5238463 0.6254942
vn -0.2746948 -0.6201696 0.7348010
vn 0.0594331 -0.6462103 0.7608416
vn 0.3873428 -0.5990989 0.7007468
vn 0.6725543 -0.4833747 0.5603745
vn 0.8820847 -0.3107863 0.3540318
vn -0.9575080 -0.2880205 0.0149185
vn -0.8068476 -0.5828164 0.0965511
vn -0.5646242 -0.8083867 0.1664648
vn -0.2593587 -0.9410545 0.2171395
vn 0.0747691 -0.9670951 0.2431802
vn 0.4009418 -0.8836393 0.2417174
vn 0.6828558 -0.6989182 0.2126530
vn 0.8878703 -0.4318424 0.1587403
vn -0.9384228 -0.2715950 -0.2135388
vn -0.7728658 -0.5535703 -0.3102231
vn -0.5197646 -0.7697788 -0.3705204
vn -0.2087692 -0.8975152 -0.3884352
vn 0.1253586 -0.9235559 -0.3623945
vn 0.4458014 -0.8450314 -0.2952678
vn 0.7168376 -0.6696722 -0.1941212
vn 0.9069556 -0.4154169 -0.0697170
vn -0.9133278 -0.1239619 -0.3878991
vn -0.7281836 -0.2907058 -0.6206761
vn -0.4607793 -0.4227696 -0.7803514
vn -0.1422497 -0.5061823 -0.8506142
vn 0.1918781 -0.5322230 -0.8245735
vn 0.5047867 -0.4980222 -0.7050988
vn 0.7615198 -0.4068077 -0.5045742
vn 0.9320505 -0.2677838 -0.2440772
vn -0.6290617 0.3476439 -0.6952878
vn -0.2988607 0.3706830 -0.8793614
vn 0.0362020 0.3459289 -0.9375621
vn 0.3645427 0.2816133 -0.8875824
vn 0.6499422 0.1855938 -0.7369736
vn 0.8614020 0.0687328 -0.5032518
vn 0.9756215 -0.0560926 -0.2121707
vn 0.9789921 -0.1750936 0.1044829
vn 0.8690259 -0.2747365 0.4114776
vn 0.6290617 -0.3476439 0.6952878
vn -0.3251086 0.5645292 -0.7586904
vn -0.0105332 0.6910771 -0.7227043
vn 0.3028473 0.7372457 -0.6039473
vn 0.5803664 0.6994244 -0.4171096
vn 0.7918262 0.5825635 -0.1833877
vn 0.9139260 0.3995398 0.0714644
vn 0.9322569 0.1700546 0.3193406
vn 0.8427779 -0.0808903 0.5321486
vn -0.4502226 0.6660086 -0.5947538
vn -0.2333020 0.8717638 -0.4308109
vn 0.0087688 0.9757713 -0.2186170
vn 0.2487251 0.9684171 0.0174392
vn 0.4601849 0.8515562 0.2511611
vn 0.6198476 0.6380655 0.4567947
vn 0.7094882 0.3507414 0.6112340
vn 0.7176639 0.0205891 0.6960852
vn -0.6264134 0.6363595 -0.4501698
vn -0.5470142 0.8189728 -0.1733753
vn -0.4053647 0.9060816 0.1212254
vn -0.2183060 0.8898259 0.4006899
vn -0.0068461 0.7729649 0.6344118
vn 0.2057141 0.5683757 0.7966371
vn 0.3957760 0.2979504 0.8686697
vn 0.5414732 -0.0090600 0.8406692
vn -0.7863820 0.4869069 -0.3801645
vn -0.8318425 0.5528685 -0.0487290
vn -0.7813683 0.5547956 0.2857717
vn -0.6423368 0.4936698 0.5862538
vn -0.4308769 0.3768089 0.8199757
vn -0.1702895 0.2170897 0.9611834
vn 0.1109477 0.0318460 0.9933159
vn 0.3815046 -0.1585126 0.9106745
vn -0.8690259 0.2747365 -0.4114776
vn -0.9789921 0.1750936 -0.1044829
vn -0.9756215 0.0560926 0.2121707
vn -0.8614020 -0.0687328 0.5032518
vn -0.6499422 -0.1855938 0.7369736
vn -0.3645427 -0.2816133 0.8875824
vn -0.0362020 -0.3459289 0.9375621
vn 0.2988607 -0.3706830 0.8793614
vn -0.8427779 0.0808903 -0.5321486
vn -0.9322569 -0.1700546 -0.3193406
vn -0.9139260 -0.3995398 -0.0714644
vn -0.7918262 -0.5825635 0.1833877
vn -0.5803664 -0.6994244 0.4171096
vn -0.3028473 -0.7372457 0.6039473
vn 0.0105332 -0.6910771 0.7227043
vn 0.3251086 -0.5645292 0.7586904
vn -0.7176639 -0.0205891 -0.6960852
vn -0.7094882 -0.3507414 -0.6112340
vn -0.6198476 -0.6380655 -0.4567947
vn -0.4601849 -0.8515562 -0.2511611
vn -0.2487251 -0.9684171 -0.0174392
vn -0.0087688 -0.9757713 0.2186170
vn 0.2333020 -0.8717638 0.4308109
vn 0.4502226 -0.6660086 0.5947538
vn -0.5414732 0.0090600 -0.8406692
vn -0.3957760 -0.2979504 -0.8686697
vn -0.2057141 -0.5683757 -0.7966371
vn 0.0068461 -0.7729649 -0.6344118
vn 0.2183060 -0.8898259 -0.4006899
vn 0.4053647 -0.9060816 -0.1212254
vn 0.5470142 -0.8189728 0.1733753
vn 0.6264134 -0.6363595 0.4501698
vn -0.3815046 0.1585126 -0.9106745
vn -0.1109477 -0.0318460 -0.9933159
vn 0.1702895 -0.2170897 -0.9611834
vn 0.4308769 -0.3768089 -0.8199757
vn 0.6423368 -0.4936698 -0.5862538
vn 0.7813683 -0.5547956 -0.2857717
vn 0.8318425 -0.5528685 0.0487290
vn 0.7863820 -0.4869069 0.3801645
vn 0.9939807 0.0774671 -0.0774671
vn 0.9535698 0.0453339 0.2977408
vn 0.7998353 0.0107299 0.6001236
vn 0.5553673 -0.0248425 0.8312340
vn 0.2489195 -0.0574277 0.9668201
vn -0.0852084 -0.0834684 0.9928608
vn -0.4101987 -0.1000951 0.9064866
vn -0.6898680 -0.1053720 0.7162255
vn -0.8918086 -0.0984879 0.4415626
vn -0.9939807 -0.0774671 0.0774671
vn 0.9320505 0.2677838 0.2440772
vn 0.7615198 0.4068077 0.5045742
vn 0.5047867 0.4980222 0.7050988
vn 0.1918781 0.5322230 0.8245735
vn -0.1422497 0.5061823 0.8506142
vn -0.4607793 0.4227696 0.7803514
vn -0.7281836 0.2907058 0.6206761
vn -0.9133278 0.1239619 0.3878991
vn 0.9069556 0.4154169 0.0697170
vn 0.7168376 0.6696722 0.1941212
vn 0.4458014 0.8450314 0.2952678
vn 0.1253586 0.9235559 0.3623945
vn -0.2087692 0.8975152 0.3884352
vn -0.5197646 0.7697788 0.3705204
vn -0.7728658 0.5535703 0.3102231
vn -0.9384228 0.2715950 0.2135388
vn 0.8878703 0.4318424 -0.1587403
vn 0.6828558 0.6989182 -0.2126530
vn 0.4009418 0.8836393 -0.2417174
vn 0.0747691 0.9670951 -0.2431802
vn -0.2593587 0.9410545 -0.2171395
vn -0.5646242 0.8083867 -0.1664648
vn -0.8068476 0.5828164 -0.0965511
vn -0.9575080 0.2880205 -0.0149185
vn 0.8820847 0.3107863 -0.3540318
vn 0.6725543 0.4833747 -0.5603745
vn 0.3873428 0.5990989 -0.7007468
vn 0.0594331 0.6462103 -0.7608416
vn -0.2746948 0.6201696 -0.7348010
vn -0.5782232 0.5238463 -0.6254942
vn -0.8171490 0.3672729 -0.4442726
vn -0.9632937 0.1669644 -0.2102099
vn 0.8918086 0.0984879 -0.4415626
vn 0.6898680 0.1053720 -0.7162255
vn 0.4101987 0.1000951 -0.9064866
vn 0.0852084 0.0834684 -0.9928608
vn -0.2489195 0.0574277 -0.9668201
vn -0.5553673 0.0248425 -0.8312340
vn -0.7998353 -0.0107299 -0.6001236
vn -0.9535698 -0.0453339 -0.2977408
vn 0.9133278 -0.1239619 -0.3878991
vn 0.7281836 -0.2907058 -0.6206761
vn 0.4607793 -0.4227696 -0.7803514
vn 0.1422497 -0.5061823 -0.8506142
vn -0.1918781 -0.5322230 -0.8245735
vn -0.5047867 -0.4980222 -0.7050988
vn -0.7615198 -0.4068077 -0.5045742
vn -0.9320505 -0.2677838 -0.2440772
vn 0.9384228 -0.2715950 -0.2135388
vn 0.7728658 -0.5535703 -0.3102231
vn 0.5197646 -0.7697788 -0.3705204
vn 0.2087692 -0.8975152 -0.3884352
vn -0.1253586 -0.9235559 -0.3623945
vn -0.4458014 -0.8450314 -0.2952678
vn -0.7168376 -0.6696722 -0.1941212
vn -0.9069556 -0.4154169 -0.0697170
vn 0.9575080 -0.2880205 0.0149185
vn 0.8068476 -0.5828164 0.0965511
vn 0.5646242 -0.8083867 0.1664648
vn 0.2593587 -0.9410545 0.2171395
vn -0.0747691 -0.9670951 0.2431802
vn -0.4009418 -0.8836393 0.2417174
vn -0.6828558 -0.6989182 0.2126530
vn -0.8878703 -0.4318424 0.1587403
vn 0.9632937 -0.1669644 0.2102099
vn 0.8171490 -0.3672729 0.4442726
vn 0.5782232 -0.5238463 0.6254942
vn 0.2746948 -0.6201696 0.7348010
vn -0.0594331 -0.6462103 0.7608416
vn -0.3873428 -0.5990989 0.7007468
vn -0.6725543 -0.4833747 0.5603745
vn -0.8820847 -0.3107863 0.3540318
vn 0.6290617 0.3476439 -0.6952878
vn 0.8690259 0.2747365 -0.4114776
vn 0.9789921 0.1750936 -0.1044829
vn 0.9756215 0.0560926 0.2121707
vn 0.8614020 -0.0687328 0.5032518
vn 0.6499422 -0.1855938 0.7369736
vn 0.3645427 -0.2816133 0.8875824
vn 0.0362020 -0.3459289 0.9375621
vn -0.2988607 -0.3706830 0.8793614
vn -0.6290617 -0.3476439 0.6952878
vn 0.7863820 0.4869069 -0.3801645
vn 0.8318425 0.5528685 -0.0487290
vn 0.7813683 0.5547956 0.2857717
vn 0.6423368 0.4936698 0.5862538
vn 0.4308769 0.3768089 0.8199757
vn 0.1702895 0.2170897 0.9611834
vn -0.1109477 0.0318460 0.9933159
vn -0.3815046 -0.1585126 0.9106745
vn 0.6264134 0.6363595 -0.4501698
vn 0.5470142 0.8189728 -0.1733753
vn 0.4053647 0.9060816 0.1212254
vn 0.2183060 0.8898259 0.4006899
vn 0.0068461 0.7729649 0.6344118
vn -0.2057141 0.5683757 0.7966371
vn -0.3957760 0.2979504 0.8686697
vn -0.5414732 -0.0090600 0.8406692
vn 0.4502226 0.6660086 -0.5947538
vn 0.2333020 0.8717638 -0.4308109
vn -0.0087688 0.9757713 -0.2186170
vn -0.2487251 0.9684171 0.0174392
vn -0.4601849 0.8515562 0.2511611
vn -0.6198476 0.6380655 0.4567947
vn -0.7094882 0.3507414 0.6112340
vn -0.7176639 0.0205891 0.6960852
vn 0.3251086 0.5645292 -0.7586904
vn 0.0105332 0.6910771 -0.7227043
vn -0.3028473 0.7372457 -0.6039473
vn -0.5803664 0.6994244 -0.4171096
vn -0.7918262 0.5825635 -0.1833877
vn -0.9139260 0.3995398 0.0714644
vn -0.9322569 0.1700546 0.3193406
vn -0.8427779 -0.0808903 0.5321486
vn 0.2988607 0.3706830 -0.8793614
vn -0.0362020 0.3459289 -0.9375621
vn -0.3645427 0.2816133 -0.8875824
vn -0.6499422 0.1855938 -0.7369736
vn -0.8614020 0.0687328 -0.5032518
vn -0.9756215 -0.0560926 -0.2121707
vn -0.9789921 -0.1750936 0.1044829
vn -0.8690259 -0.2747365 0.4114776
vn 0.3815046 0.1585126 -0.9106745
vn 0.1109477 -0.0318460 -0.9933159
vn -0.1702895 -0.2170897 -0.9611834
vn -0.4308769 -0.3768089 -0.8199757
vn -0.6423368 -0.4936698 -0.5862538
vn -0.7813683 -0.5547956 -0.2857717
vn -0.8318425 -0.5528685 0.0487290
vn -0.7863820 -0.4869069 0.3801645
vn 0.5414732 0.0090600 -0.8406692
vn 0.3957760 -0.2979504 -0.8686697
vn 0.2057141 -0.5683757 -0.7966371
vn -0.0068461 -0.7729649 -0.6344118
vn -0.2183060 -0.8898259 -0.4006899
vn -0.4053647 -0.9060816 -0.1212254
vn -0.5470142 -0.8189728 0.1733753
vn -0.6264134 -0.6363595 0.4501698
vn 0.7176639 -0.0205891 -0.6960852
vn 0.7094882 -0.3507414 -0.6112340
vn 0.6198476 -0.6380655 -0.4567947
vn 0.4601849 -0.8515562 -0.2511611
vn 0.2487251 -0.9684171 -0.0174392
vn 0.0087688 -0.9757713 0.2186170
vn -0.2333020 -0.8717638 0.4308109
vn -0.4502226 -0.6660086 0.5947538
vn 0.8427779 0.0808903 -0.5321486
vn 0.9322569 -0.1700546 -0.3193406
vn 0.9139260 -0.3995398 -0.0714644
vn 0.7918262 -0.5825635 0.1833877
vn 0.5803664 -0.6994244 0.4171096
vn 0.3028473 -0.7372457 0.6039473
vn -0.0105332 -0.6910771 0.7227043
vn -0.3251086 -0.5645292 0.7586904
vn -0.9944581 0.0743409 -0.0743409
vn -0.8935726 0.0945999 -0.4388381
vn -0.6925775 0.1012737 -0.7141988
vn -0.4135352 0.0962590 -0.9053855
vn -0.0887899 0.0803292 -0.9928059
vn 0.2454984 0.0553394 -0.9678161
vn 0.5524945 0.0240433 -0.8331697
vn 0.7978412 -0.0101429 -0.6027823
vn 0.9526920 -0.0434179 -0.3008203
vn 0.9944581 -0.0743409 0.0743409
vn -0.8841760 0.3071796 -0.3519568
vn -0.6758467 0.4797773 -0.5595043
vn -0.3914487 0.5959241 -0.7011722
vn -0.0638822 0.6438169 -0.7625083
vn 0.2704061 0.6188271 -0.7375185
vn 0.5745810 0.5237084 -0.6289564
vn 0.8145721 0.3683608 -0.4480877
vn 0.9620886 0.1691617 -0.2139389
vn -0.8896594 0.4287861 -0.1569989
vn -0.6856100 0.6963010 -0.2123767
vn -0.4043373 0.8817584 -0.2429269
vn -0.0784171 0.9661610 -0.2457311
vn 0.2558712 0.9411712 -0.2207413
vn 0.5616924 0.8095427 -0.1707112
vn 0.8048088 0.5848845 -0.1009602
vn 0.9566052 0.2907683 -0.0189811
vn -0.9079283 0.4129701 0.0715681
vn -0.7181382 0.6681400 0.1945928
vn -0.4472781 0.8445829 0.2943162
vn -0.1268427 0.9242370 0.3601345
vn 0.2074456 0.8992473 0.3851242
vn 0.5187516 0.7723672 0.3665319
vn 0.7722805 0.5567235 0.3060094
vn 0.9383363 0.2749522 0.2095860
vn -0.9320046 0.2657725 0.2464395
vn -0.7610067 0.4060509 0.5059559
vn -0.5038691 0.4985975 0.7053485
vn -0.1906621 0.5340586 0.8236682
vn 0.1436262 0.5090688 0.8486580
vn 0.4621606 0.4263817 0.7775643
vn 0.7294120 0.2946344 0.6173724
vn 0.9142600 0.1277547 0.3844573
vn -0.9526920 0.0434179 0.3008203
vn -0.7978412 0.0101429 0.6027823
vn -0.5524945 -0.0240433 0.8331697
vn -0.2454984 -0.0553394 0.9678161
vn 0.0887899 -0.0803292 0.9928059
vn 0.4135352 -0.0962590 0.9053855
vn 0.6925775 -0.1012737 0.7141988
vn 0.8935726 -0.0945999 0.4388381
vn -0.9620886 -0.1691617 0.2139389
vn -0.8145721 -0.3683608 0.4480877
vn -0.5745810 -0.5237084 0.6289564
vn -0.2704061 -0.6188271 0.7375185
vn 0.0638822 -0.6438169 0.7625083
vn 0.3914487 -0.5959241 0.7011722
vn 0.6758467 -0.4797773 0.5595043
vn 0.8841760 -0.3071796 0.3519568
vn -0.9566052 -0.2907683 0.0189811
vn -0.8048088 -0.5848845 0.1009602
vn -0.5616924 -0.8095427 0.1707112
vn -0.2558712 -0.9411712 0.2207413
vn 0.0784171 -0.9661610 0.2457311
vn 0.4043373 -0.8817584 0.2429269
vn 0.6856100 -0.6963010 0.2123767
vn 0.8896594 -0.4287861 0.1569989
vn -0.9383363 -0.2749522 -0.2095860
vn -0.7722805 -0.5567235 -0.3060094
vn -0.5187516 -0.7723672 -0.3665319
vn -0.2074456 -0.8992473 -0.3851242
vn 0.1268427 -0.9242370 -0.3601345
vn 0.4472781 -0.8445829 -0.2943162
vn 0.7181382 -0.6681400 -0.1945928
vn 0.9079283 -0.4129701 -0.0715681
vn -0.9142600 -0.1277547 -0.3844573
vn -0.7294120 -0.2946344 -0.6173724
vn -0.4621606 -0.4263817 -0.7775643
vn -0.1436262 -0.5090688 -0.8486580
vn 0.1906621 -0.5340586 -0.8236682
vn 0.5038691 -0.4985975 -0.7053485
vn 0.7610067 -0.4060509 -0.5059559
vn 0.9320046 -0.2657725 -0.2464395
vn -0.6448345 0.3418153 -0.6836306
vn -0.3185416 0.3659856 -0.8744060
vn 0.0154098 0.3428309 -0.9392707
vn 0.3450369 0.2804585 -0.8957079
vn 0.6339334 0.1865045 -0.7505628
vn 0.8506953 0.0716029 -0.5207596
vn 0.9714376 -0.0515853 -0.2316201
vn 0.9818391 -0.1694561 0.0853032
vn 0.8786282 -0.2686128 0.3947907
vn 0.6448345 -0.3418153 0.6836306
vn -0.3434079 0.5601094 -0.7538889
vn -0.0288655 0.6884735 -0.7246868
vn 0.2865889 0.7367435 -0.6124343
vn 0.5680198 0.7010711 -0.4311065
vn 0.7847817 0.5861695 -0.2013033
vn 0.9129897 0.4046997 0.0516534
vn 0.9375639 0.1761865 0.2998871
vn 0.8537618 -0.0744889 0.5153078
vn -0.4657432 0.6614880 -0.5878068
vn -0.2466866 0.8689807 -0.4289734
vn -0.0009582 0.9750323 -0.2220611
vn 0.2437441 0.9697966 0.0091293
vn 0.4605060 0.8548950 0.2389325
vn 0.6254426 0.6429884 0.4420266
vn 0.7197427 0.3566938 0.5956005
vn 0.7314265 0.0268897 0.6813899
vn -0.6388195 0.6313982 -0.4395975
vn -0.5548535 0.8154050 -0.1650829
vn -0.4077712 0.9043066 0.1263024
vn -0.2150314 0.8900371 0.4019895
vn 0.0017305 0.7751354 0.6317928
vn 0.2186296 0.5722627 0.7903901
vn 0.4115759 0.3031180 0.8594910
vn 0.5583503 -0.0032002 0.8295991
vn -0.7965275 0.4813332 -0.3658719
vn -0.8356567 0.5482103 -0.0338126
vn -0.7784614 0.5515812 0.2995932
vn -0.6330700 0.4922579 0.5974149
vn -0.4163081 0.3773562 0.8272181
vn -0.1520606 0.2195373 0.9636809
vn 0.1307726 0.0359234 0.9907613
vn 0.4006422 -0.1532652 0.9033247
vn -0.8786282 0.2686128 -0.3947907
vn -0.9818391 0.1694561 -0.0853032
vn -0.9714376 0.0515853 0.2316201
vn -0.8506953 -0.0716029 0.5207596
vn -0.6339334 -0.1865045 0.7505628
vn -0.3450369 -0.2804585 0.8957079
vn -0.0154098 -0.3428309 0.9392707
vn 0.3185416 -0.3659856 0.8744060
vn -0.8537618 0.0744889 -0.5153078
vn -0.9375639 -0.1761865 -0.2998871
vn -0.9129897 -0.4046997 -0.0516534
vn -0.7847817 -0.5861695 0.2013033
vn -0.5680198 -0.7010711 0.4311065
vn -0.2865889 -0.7367435 0.6124343
vn 0.0288655 -0.6884735 0.7246868
vn 0.3434079 -0.5601094 0.7538889
vn -0.7314265 -0.0268897 -0.6813899
vn -0.7197427 -0.3566938 -0.5956005
vn -0.6254426 -0.6429884 -0.4420266
vn -0.4605060 -0.8548950 -0.2389325
vn -0.2437441 -0.9697966 -0.0091293
vn 0.0009582 -0.9750323 0.2220611
vn 0.2466866 -0.8689807 0.4289734
vn 0.4657432 -0.6614880 0.5878068
vn -0.5583503 0.0032002 -0.8295991
vn -0.4115759 -0.3031180 -0.8594910
vn -0.2186296 -0.5722627 -0.7903901
vn -0.0017305 -0.7751354 -0.6317928
vn 0.2150314 -0.8900371 -0.4019895
vn 0.4077712 -0.9043066 -0.1263024
vn 0.5548535 -0.8154050 0.1650829
vn 0.6388195 -0.6313982 0.4395975
vn -0.4006422 0.1532652 -0.9033247
vn -0.1307726 -0.0359234 -0.9907613
vn 0.1520606 -0.2195373 -0.9636809
vn 0.4163081 -0.3773562 -0.8272181
vn 0.6330700 -0.4922579 -0.5974149
vn 0.7784614 -0.5515812 -0.2995932
vn 0.8356567 -0.5482103 0.0338126
vn 0.7965275 -0.4813332 0.3658719
vn 0.9944581 0.0743409 -0.0743409
vn 0.9526920 0.0434179 0.3008203
vn 0.7978412 0.0101429 0.6027823
vn 0.5524945 -0.0240433 0.8331697
vn 0.2454984 -0.0553394 0.9678161
vn -0.0887899 -0.0803292 0.9928059
vn -0.4135352 -0.0962590 0.9053855
vn -0.6925775 -0.1012737 0.7141988
vn -0.8935726 -0.0945999 0.4388381
vn -0.9944581 -0.0743409 0.0743409
vn 0.9320046 0.2657725 0.2464395
vn 0.7610067 0.4060509 0.5059559
vn 0.5038691 0.4985975 0.7053485
vn 0.1906621 0.5340586 0.8236682
vn -0.1436262 0.5090688 0.8486580
vn -0.4621606 0.4263817 0.7775643
vn -0.7294120 0.2946344 0.6173724
vn -0.9142600 0.1277547 0.3844573
vn 0.9079283 0.4129701 0.0715681
vn 0.7181382 0.6681400 0.1945928
vn 0.4472781 0.8445829 0.2943162
vn 0.1268427 0.9242370 0.3601345
vn -0.2074456 0.8992473 0.3851242
vn -0.5187516 0.7723672 0.3665319
vn -0.7722805 0.5567235 0.3060094
vn -0.9383363 0.2749522 0.2095860
vn 0.8896594 0.4287861 -0.1569989
vn 0.6856100 0.6963010 -0.2123767
vn 0.4043373 0.8817584 -0.2429269
vn 0.0784171 0.9661610 -0.2457311
vn -0.2558712 0.9411712 -0.2207413
vn -0.5616924 0.8095427 -0.1707112
vn -0.8048088 0.5848845 -0.1009602
vn -0.9566052 0.2907683 -0.0189811
vn 0.8841760 0.3071796 -0.3519568
vn 0.6758467 0.4797773 -0.5595043
vn 0.3914487 0.5959241 -0.7011722
vn 0.0638822 0.6438169 -0.7625083
vn -0.2704061 0.6188271 -0.7375185
vn -0.5745810 0.5237084 -0.6289564
vn -0.8145721 0.3683608 -0.4480877
vn -0.9620886 0.1691617 -0.2139389
vn 0.8935726 0.0945999 -0.4388381
vn 0.6925775 0.1012737 -0.7141988
vn 0.4135352 0.0962590 -0.9053855
vn 0.0887899 0.0803292 -0.9928059
vn -0.2454984 0.0553394 -0.9678161
vn -0.5524945 0.0240433 -0.8331697
vn -0.7978412 -0.0101429 -0.6027823
vn -0.9526920 -0.0434179 -0.3008203
vn 0.9142600 -0.1277547 -0.3844573
vn 0.7294120 -0.2946344 -0.6173724
vn 0.4621606 -0.4263817 -0.7775643
vn 0.1436262 -0.5090688 -0.8486580
vn -0.1906621 -0.5340586 -0.8236682
vn -0.5038691 -0.4985975 -0.7053485
vn -0.7610067 -0.4060509 -0.5059559
vn -0.9320046 -0.2657725 -0.2464395
vn 0.9383363 -0.2749522 -0.2095860
vn 0.7722805 -0.5567235 -0.3060094
vn 0.5187516 -0.7723672 -0.3665319
vn 0.2074456 -0.8992473 -0.3851242
vn -0.1268427 -0.9242370 -0.3601345
vn -0.4472781 -0.8445829 -0.2943162
vn -0.7181382 -0.6681400 -0.1945928
vn -0.9079283 -0.4129701 -0.0715681
vn 0.9566052 -0.2907683 0.0189811
vn 0.8048088 -0.5848845 0.1009602
vn 0.5616924 -0.8095427 0.1707112
vn 0.2558712 -0.9411712 0.2207413
vn -0.0784171 -0.9661610 0.2457311
vn -0.4043373 -0.8817584 0.2429269
vn -0.6856100 -0.6963010 0.2123767
vn -0.8896594 -0.4287861 0.1569989
vn 0.9620886 -0.1691617 0.2139389
vn 0.8145721 -0.3683608 0.4480877
vn 0.5745810 -0.5237084 0.6289564
vn 0.2704061 -0.6188271 0.7375185
vn -0.0638822 -0.6438169 0.7625083
vn -0.3914487 -0.5959241 0.7011722
vn -0.6758467 -0.4797773 0.5595043
vn -0.8841760 -0.3071796 0.3519568
vn 0.6448345 0.3418153 -0.6836306
vn 0.8786282 0.2686128 -0.3947907
vn 0.9818391 0.1694561 -0.0853032
vn 0.9714376 0.0515853 0.2316201
vn 0.8506953 -0.0716029 0.5207596
vn 0.6339334 -0.1865045 0.7505628
vn 0.3450369 -0.2804585 0.8957079
vn 0.0154098 -0.3428309 0.9392707
vn -0.3185416 -0.3659856 0.8744060
vn -0.6448345 -0.3418153 0.6836306
vn 0.7965275 0.4813332 -0.3658719
vn 0.8356567 0.5482103 -0.0338126
vn 0.7784614 0.5515812 0.2995932
vn 0.6330700 0.4922579 0.5974149
vn 0.4163081 0.3773562 0.8272181
vn 0.1520606 0.2195373 0.9636809
vn -0.1307726 0.0359234 0.9907613
vn -0.4006422 -0.1532652 0.9033247
vn 0.6388195 0.6313982 -0.4395975
vn 0.5548535 0.8154050 -0.1650829
vn 0.4077712 0.9043066 0.1263024
vn 0.2150314 0.8900371 0.4019895
vn -0.0017305 0.7751354 0.6317928
vn -0.2186296 0.5722627 0.7903901
vn -0.4115759 0.3031180 0.8594910
vn -0.5583503 -0.0032002 0.8295991
vn 0.4657432 0.6614880 -0.5878068
vn 0.2466866 0.8689807 -0.4289734
vn 0.0009582 0.9750323 -0.2220611
vn -0.2437441 0.9697966 0.0091293
vn -0.4605060 0.8548950 0.2389325
vn -0.6254426 0.6429884 0.4420266
vn -0.7197427 0.3566938 0.5956005
vn -0.7314265 0.0268897 0.6813899
vn 0.3434079 0.5601094 -0.7538889
vn 0.0288655 0.6884735 -0.7246868
vn -0.2865889 0.7367435 -0.6124343
vn -0.5680198 0.7010711 -0.4311065
vn -0.7847817 0.5861695 -0.2013033
vn -0.9129897 0.4046997 0.0516534
vn -0.9375639 0.1761865 0.2998871
vn -0.8537618 -0.0744889 0.5153078
vn 0.3185416 0.3659856 -0.8744060
vn -0.0154098 0.3428309 -0.9392707
vn -0.3450369 0.2804585 -0.8957079
vn -0.6339334 0.1865045 -0.7505628
vn -0.8506953 0.0716029 -0.5207596
vn -0.9714376 -0.0515853 -0.2316201
vn -0.9818391 -0.1694561 0.0853032
vn -0.8786282 -0.2686128 0.3947907
vn 0.4006422 0.1532652 -0.9033247
vn 0.1307726 -0.0359234 -0.9907613
vn -0.1520606 -0.2195373 -0.9636809
vn -0.4163081 -0.3773562 -0.8272181
vn -0.6330700 -0.4922579 -0.5974149
vn -0.7784614 -0.5515812 -0.2995932
vn -0.8356567 -0.5482103 0.0338126
vn -0.7965275 -0.4813332 0.3658719
vn 0.5583503 0.0032002 -0.8295991
vn 0.4115759 -0.3031180 -0.8594910
vn 0.2186296 -0.5722627 -0.7903901
vn 0.0017305 -0.7751354 -0.6317928
vn -0.2150314 -0.8900371 -0.4019895
vn -0.4077712 -0.9043066 -0.1263024
vn -0.5548535 -0.8154050 0.1650829
vn -0.6388195 -0.6313982 0.4395975
vn 0.7314265 -0.0268897 -0.6813899
vn 0.7197427 -0.3566938 -0.5956005
vn 0.6254426 -0.6429884 -0.4420266
vn 0.4605060 -0.8548950 -0.2389325
vn 0.2437441 -0.9697966 -0.0091293
vn -0.0009582 -0.9750323 0.2220611
vn -0.2466866 -0.8689807 0.4289734
vn -0.4657432 -0.6614880 0.5878068
vn 0.8537618 0.0744889 -0.5153078
vn 0.9375639 -0.1761865 -0.2998871
vn 0.9129897 -0.4046997 -0.0516534
vn 0.7847817 -0.5861695 0.2013033
vn 0.5680198 -0.7010711 0.4311065
vn 0.2865889 -0.7367435 0.6124343
vn -0.0288655 -0.6884735 0.7246868
vn -0.3434079 -0.5601094 0.7538889
vn -0.9944581 0.0743409 -0.0743409
vn -0.8935726 0.0945999 -0.4388381
vn -0.6925775 0.1012737 -0.7141988
vn -0.4135352 0.0962590 -0.9053855
vn -0.0887899 0.0803292 -0.9928059
vn 0.2454984 0.0553394 -0.9678161
vn 0.5524945 0.0240433 -0.8331697
vn 0.7978412 -0.0101429 -0.6027823
vn 0.9526920 -0.0434179 -0.3008203
vn 0.9944581 -0.0743409 0.0743409
vn -0.8841760 0.3071796 -0.3519568
vn -0.6758467 0.4797773 -0.5595043
vn -0.3914487 0.5959241 -0.7011722
vn -0.0638822 0.6438169 -0.7625083
vn 0.2704061 0.6188271 -0.7375185
vn 0.5745810 0.5237084 -0.6289564
vn 0.8145721 0.3683608 -0.4480877
vn 0.9620886 0.1691617 -0.2139389
vn -0.8896594 0.4287861 -0.1569989
vn -0.6856100 0.6963010 -0.2123767
vn -0.4043373 0.8817584 -0.2429269
vn -0.0784171 0.9661610 -0.2457311
vn 0.2558712 0.9411712 -0.2207413
vn 0.5616924 0.8095427 -0.1707112
vn 0.8048088 0.5848845 -0.1009602
vn 0.9566052 0.2907683 -0.0189811
vn -0.9079283 0.4129701 0.0715681
vn -0.7181382 0.6681400 0.1945928
vn -0.4472781 0.8445829 0.2943162
vn -0.1268427 0.9242370 0.3601345
vn 0.2074456 0.8992473 0.3851242
vn 0.5187516 0.7723672 0.3665319
vn 0.7722805 0.5567235 0.3060094
vn 0.9383363 0.2749522 0.2095860
vn -0.9320046 0.2657725 0.2464395
vn -0.7610067 0.4060509 0.5059559
vn -0.5038691 0.4985975 0.7053485
vn -0.1906621 0.5340586 0.8236682
vn 0.1436262 0.5090688 0.8486580
vn 0.4621606 0.4263817 0.7775643
vn 0.7294120 0.2946344 0.6173724
vn 0.9142600 0.1277547 0.3844573
vn -0.9526920 0.0434179 0.3008203
vn -0.7978412 0.0101429 0.6027823
vn -0.5524945 -0.0240433 0.8331697
vn -0.2454984 -0.0553394 0.9678161
vn 0.0887899 -0.0803292 0.9928059
vn 0.4135352 -0.0962590 0.9053855
vn 0.6925775 -0.1012737 0.7141988
vn 0.8935726 -0.0945999 0.4388381
vn -0.9620886 -0.1691617 0.2139389
vn -0.8145721 -0.3683608 0.4480877
vn -0.5745810 -0.5237084 0.6289564
vn -0.2704061 -0.6188271 0.7375185
vn 0.0638822 -0.6438169 0.7625083
vn 0.3914487 -0.5959241 0.7011722
vn 0.6758467 -0.4797773 0.5595043
vn 0.8841760 -0.3071796 0.3519568
vn -0.9566052 -0.2907683 0.0189811
vn -0.8048088 -0.5848845 0.1009602
vn -0.5616924 -0.8095427 0.1707112
vn -0.2558712 -0.9411712 0.2207413
vn 0.0784171 -0.9661610 0.2457311
vn 0.4043373 -0.8817584 0.2429269
vn 0.6856100 -0.6963010 0.2123767
vn 0.8896594 -0.4287861 0.1569989
vn -0.9383363 -0.2749522 -0.2095860
vn -0.7722805 -0.5567235 -0.3060094
vn -0.5187516 -0.7723672 -0.3665319
vn -0.2074456 -0.8992473 -0.3851242
vn 0.1268427 -0.9242370 -0.3601345
vn 0.4472781 -0.8445829 -0.2943162
vn 0.7181382 -0.6681400 -0.1945928
vn 0.9079283 -0.4129701 -0.0715681
vn -0.9142600 -0.1277547 -0.3844573
vn -0.7294120 -0.2946344 -0.6173724
vn -0.4621606 -0.4263817 -0.7775643
vn -0.1436262 -0.5090688 -0.8486580
vn 0.1906621 -0.5340586 -0.8236682
vn 0.5038691 -0.4985975 -0.7053485
vn 0.7610067 -0.4060509 -0.5059559
vn 0.9320046 -0.2657725 -0.2464395
vn -0.6448345 0.3418153 -0.6836306
vn -0.3185416 0.3659856 -0.8744060
vn 0.0154098 0.3428309 -0.9392707
vn 0.3450369 0.2804585 -0.8957079
vn 0.6339334 0.1865045 -0.7505628
vn 0.8506953 0.0716029 -0.5207596
vn 0.9714376 -0.0515853 -0.2316201
vn 0.9818391 -0.1694561 0.0853032
vn 0.8786282 -0.2686128 0.3947907
vn 0.6448345 -0.3418153 0.6836306
vn -0.3434079 0.5601094 -0.7538889
vn -0.0288655 0.6884735 -0.7246868
vn 0.2865889 0.7367435 -0.6124343
vn 0.5680198 0.7010711 -0.4311065
vn 0.7847817 0.5861695 -0.2013033
vn 0.9129897 0.4046997 0.0516534
vn 0.9375639 0.1761865 0.2998871
vn 0.8537618 -0.0744889 0.5153078
vn -0.4657432 0.6614880 -0.5878068
vn -0.2466866 0.8689807 -0.4289734
vn -0.0009582 0.9750323 -0.2220611
vn 0.2437441 0.9697966 0.0091293
vn 0.4605060 0.8548950 0.2389325
vn 0.6254426 0.6429884 0.4420266
vn 0.7197427 0.3566938 0.5956005
vn 0.7314265 0.0268897 0.6813899
vn -0.6388195 0.6313982 -0.4395975
vn -0.5548535 0.8154050 -0.1650829
vn -0.4077712 0.9043066 0.1263024
vn -0.2150314 0.8900371 0.4019895
vn 0.0017305 0.7751354 0.6317928
vn 0.2186296 0.5722627 0.7903901
vn 0.4115759 0.3031180 0.8594910
vn 0.5583503 -0.0032002 0.8295991
vn -0.7965275 0.4813332 -0.3658719
vn -0.8356567 0.5482103 -0.0338126
vn -0.7784614 0.5515812 0.2995932
vn -0.6330700 0.4922579 0.5974149
vn -0.4163081 0.3773562 0.8272181
vn -0.1520606 0.2195373 0.9636809
vn 0.1307726 0.0359234 0.9907613
vn 0.4006422 -0.1532652 0.9033247
vn -0.8786282 0.2686128 -0.3947907
vn -0.9818391 0.1694561 -0.0853032
vn -0.9714376 0.0515853 0.2316201
vn -0.8506953 -0.0716029 0.5207596
vn -0.6339334 -0.1865045 0.7505628
vn -0.3450369 -0.2804585 0.8957079
vn -0.0154098 -0.3428309 0.9392707
vn 0.3185416 -0.3659856 0.8744060
vn -0.8537618 0.0744889 -0.5153078
vn -0.9375639 -0.1761865 -0.2998871
vn -0.9129897 -0.4046997 -0.0516534
vn -0.7847817 -0.5861695 0.2013033
vn -0.5680198 -0.7010711 0.4311065
vn -0.2865889 -0.7367435 0.6124343
vn 0.0288655 -0.6884735 0.7246868
vn 0.3434079 -0.5601094 0.7538889
vn -0.7314265 -0.0268897 -0.6813899
vn -0.7197427 -0.3566938 -0.5956005
vn -0.6254426 -0.6429884 -0.4420266
vn -0.4605060 -0.8548950 -0.2389325
vn -0.2437441 -0.9697966 -0.0091293
vn 0.0009582 -0.9750323 0.2220611
vn 0.2466866 -0.8689807 0.4289734
vn 0.4657432 -0.6614880 0.5878068
vn -0.5583503 0.0032002 -0.8295991
vn -0.4115759 -0.3031180 -0.8594910
vn -0.2186296 -0.5722627 -0.7903901
vn -0.0017305 -0.7751354 -0.6317928
vn 0.2150314 -0.8900371 -0.4019895
vn 0.4077712 -0.9043066 -0.1263024
vn 0.5548535 -0.8154050 0.1650829
vn 0.6388195 -0.6313982 0.4395975
vn -0.4006422 0.1532652 -0.9033247
vn -0.1307726 -0.0359234 -0.9907613
vn 0.1520606 -0.2195373 -0.9636809
vn 0.4163081 -0.3773562 -0.8272181
vn 0.6330700 -0.4922579 -0.5974149
vn 0.7784614 -0.5515812 -0.2995932
vn 0.8356567 -0.5482103 0.0338126
vn 0.7965275 -0.4813332 0.3658719
vn 0.9944581 0.0743409 -0.0743409
vn 0.9526920 0.0434179 0.3008203
vn 0.7978412 0.0101429 0.6027823
vn 0.5524945 -0.0240433 0.8331697
vn 0.2454984 -0.0553394 0.9678161
vn -0.0887899 -0.0803292 0.9928059
vn -0.4135352 -0.0962590 0.9053855
vn -0.6925775 -0.1012737 0.7141988
vn -0.8935726 -0.0945999 0.4388381
vn -0.9944581 -0.0743409 0.0743409
vn 0.9320046 0.2657725 0.2464395
vn 0.7610067 0.4060509 0.5059559
vn 0.5038691 0.4985975 0.7053485
vn 0.1906621 0.5340586 0.8236682
vn -0.1436262 0.5090688 0.8486580
vn -0.4621606 0.4263817 0.7775643
vn -0.7294120 0.2946344 0.6173724
vn -0.9142600 0.1277547 0.3844573
vn 0.9079283 0.4129701 0.0715681
vn 0.7181382 0.6681400 0.1945928
vn 0.4472781 0.8445829 0.2943162
vn 0.1268427 0.9242370 0.3601345
vn -0.2074456 0.8992473 0.3851242
vn -0.5187516 0.7723672 0.3665319
vn -0.7722805 0.5567235 0.3060094
vn -0.9383363 0.2749522 0.2095860
vn 0.8896594 0.4287861 -0.1569989
vn 0.6856100 0.6963010 -0.2123767
vn 0.4043373 0.8817584 -0.2429269
vn 0.0784171 0.9661610 -0.2457311
vn -0.2558712 0.9411712 -0.2207413
vn -0.5616924 0.8095427 -0.1707112
vn -0.8048088 0.5848845 -0.1009602
vn -0.9566052 0.2907683 -0.0189811
vn 0.8841760 0.3071796 -0.3519568
vn 0.6758467 0.4797773 -0.5595043
vn 0.3914487 0.5959241 -0.7011722
vn 0.0638822 0.6438169 -0.7625083
vn -0.2704061 0.6188271 -0.7375185
vn -0.5745810 0.5237084 -0.6289564
vn -0.8145721 0.3683608 -0.4480877
vn -0.9620886 0.1691617 -0.2139389
vn 0.8935726 0.0945999 -0.4388381
vn 0.6925775 0.1012737 -0.7141988
vn 0.4135352 0.0962590 -0.9053855
vn 0.0887899 0.0803292 -0.9928059
vn -0.2454984 0.0553394 -0.9678161
vn -0.5524945 0.0240433 -0.8331697
vn -0.7978412 -0.0101429 -0.6027823
vn -0.9526920 -0.0434179 -0.3008203
vn 0.9142600 -0.1277547 -0.3844573
vn 0.7294120 -0.2946344 -0.6173724
vn 0.4621606 -0.4263817 -0.7775643
vn 0.1436262 -0.5090688 -0.8486580
vn -0.1906621 -0.5340586 -0.8236682
vn -0.5038691 -0.4985975 -0.7053485
vn -0.7610067 -0.4060509 -0.5059559
vn -0.9320046 -0.2657725 -0.2464395
vn 0.9383363 -0.2749522 -0.2095860
vn 0.7722805 -0.5567235 -0.3060094
vn 0.5187516 -0.7723672 -0.3665319
vn 0.2074456 -0.8992473 -0.3851242
vn -0.1268427 -0.9242370 -0.3601345
vn -0.4472781 -0.8445829 -0.2943162
vn -0.7181382 -0.6681400 -0.1945928
vn -0.9079283 -0.4129701 -0.0715681
vn 0.9566052 -0.2907683 0.0189811
vn 0.8048088 -0.5848845 0.1009602
vn 0.5616924 -0.8095427 0.1707112
vn 0.2558712 -0.9411712 0.2207413
vn -0.0784171 -0.9661610 0.2457311
vn -0.4043373 -0.8817584 0.2429269
vn -0.6856100 -0.6963010 0.2123767
vn -0.8896594 -0.4287861 0.1569989
vn 0.9620886 -0.1691617 0.2139389
vn 0.8145721 -0.3683608 0.4480877
vn 0.5745810 -0.5237084 0.6289564
vn 0.2704061 -0.6188271 0.7375185
vn -0.0638822 -0.6438169 0.7625083
vn -0.3914487 -0.5959241 0.7011722
vn -0.6758467 -0.4797773 0.5595043
vn -0.8841760 -0.3071796 0.3519568
vn 0.6448345 0.3418153 -0.6836306
vn 0.8786282 0.2686128 -0.3947907
vn 0.9818391 0.1694561 -0.0853032
vn 0.9714376 0.0515853 0.2316201
vn 0.8506953 -0.0716029 0.5207596
vn 0.6339334 -0.1865045 0.7505628
vn 0.3450369 -0.2804585 0.8957079
vn 0.0154098 -0.3428309 0.9392707
vn -0.3185416 -0.3659856 0.8744060
vn -0.6448345 -0.3418153 0.6836306
vn 0.7965275 0.4813332 -0.3658719
vn 0.8356567 0.5482103 -0.0338126
vn 0.7784614 0.5515812 0.2995932
vn 0.6330700 0.4922579 0.5974149
vn 0.4163081 0.3773562 0.8272181
vn 0.1520606 0.2195373 0.9636809
vn -0.1307726 0.0359234 0.9907613
vn -0.4006422 -0.1532652 0.9033247
vn 0.6388195 0.6313982 -0.4395975
vn 0.5548535 0.8154050 -0.1650829
vn 0.4077712 0.9043066 0.1263024
vn 0.2150314 0.8900371 0.4019895
vn -0.0017305 0.7751354 0.6317928
vn -0.2186296 0.5722627 0.7903901
vn -0.4115759 0.3031180 0.8594910
vn -0.5583503 -0.0032002 0.8295991
vn 0.4657432 0.6614880 -0.5878068
vn 0.2466866 0.8689807 -0.4289734
vn 0.0009582 0.9750323 -0.2220611
vn -0.2437441 0.9697966 0.0091293
vn -0.4605060 0.8548950 0.2389325
vn -0.6254426 0.6429884 0.4420266
vn -0.7197427 0.3566938 0.5956005
vn -0.7314265 0.0268897 0.6813899
vn 0.3434079 0.5601094 -0.7538889
vn 0.0288655 0.6884735 -0.7246868
vn -0.2865889 0.7367435 -0.6124343
vn -0.5680198 0.7010711 -0.4311065
vn -0.7847817 0.5861695 -0.2013033
vn -0.9129897 0.4046997 0.0516534
vn -0.9375639 0.1761865 0.2998871
vn -0.8537618 -0.0744889 0.5153078
vn 0.3185416 0.3659856 -0.8744060
vn -0.0154098 0.3428309 -0.9392707
vn -0.3450369 0.2804585 -0.8957079
vn -0.6339334 0.1865045 -0.7505628
vn -0.8506953 0.0716029 -0.5207596
vn -0.9714376 -0.0515853 -0.2316201
vn -0.9818391 -0.1694561 0.0853032
vn -0.8786282 -0.2686128 0.3947907
vn 0.4006422 0.1532652 -0.9033247
vn 0.1307726 -0.0359234 -0.9907613
vn -0.1520606 -0.2195373 -0.9636809
vn -0.4163081 -0.3773562 -0.8272181
vn -0.6330700 -0.4922579 -0.5974149
vn -0.7784614 -0.5515812 -0.2995932
vn -0.8356567 -0.5482103 0.0338126
vn -0.7965275 -0.4813332 0.3658719
vn 0.5583503 0.0032002 -0.8295991
vn 0.4115759 -0.3031180 -0.8594910
vn 0.2186296 -0.5722627 -0.7903901
vn 0.0017305 -0.7751354 -0.6317928
vn -0.2150314 -0.8900371 -0.4019895
vn -0.4077712 -0.9043066 -0.1263024
vn -0.5548535 -0.8154050 0.1650829
vn -0.6388195 -0.6313982 0.4395975
vn 0.7314265 -0.0268897 -0.6813899
vn 0.7197427 -0.3566938 -0.5956005
vn 0.6254426 -0.6429884 -0.4420266
vn 0.4605060 -0.8548950 -0.2389325
vn 0.2437441 -0.9697966 -0.0091293
vn -0.0009582 -0.9750323 0.2220611
vn -0.2466866 -0.8689807 0.4289734
vn -0.4657432 -0.6614880 0.5878068
vn 0.8537618 0.0744889 -0.5153078
vn 0.9375639 -0.1761865 -0.2998871
vn 0.9129897 -0.4046997 -0.0516534
vn 0.7847817 -0.5861695 0.2013033
vn 0.5680198 -0.7010711 0.4311065
vn 0.2865889 -0.7367435 0.6124343
vn -0.0288655 -0.6884735 0.7246868
vn -0.3434079 -0.5601094 0.7538889
vn -0.9939807 0.0774671 -0.0774671
vn -0.8918086 0.0984879 -0.4415626
vn -0.6898680 0.1053720 -0.7162255
vn -0.4101987 0.1000951 -0.9064866
vn -0.0852084 0.0834684 -0.9928608
vn 0.2489195 0.0574277 -0.9668201
vn 0.5553673 0.0248425 -0.8312340
vn 0.7998353 -0.0107299 -0.6001236
vn 0.9535698 -0.0453339 -0.2977408
vn 0.9939807 -0.0774671 0.0774671
vn -0.8820847 0.3107863 -0.3540318
vn -0.6725543 0.4833747 -0.5603745
vn -0.3873428 0.5990989 -0.7007468
vn -0.0594331 0.6462103 -0.7608416
vn 0.2746948 0.6201696 -0.7348010
vn 0.5782232 0.5238463 -0.6254942
vn 0.8171490 0.3672729 -0.4442726
vn 0.9632937 0.1669644 -0.2102099
vn -0.8878703 0.4318424 -0.1587403
vn -0.6828558 0.6989182 -0.2126530
vn -0.4009418 0.8836393 -0.2417174
vn -0.0747691 0.9670951 -0.2431802
vn 0.2593587 0.9410545 -0.2171395
vn 0.5646242 0.8083867 -0.1664648
vn 0.8068476 0.5828164 -0.0965511
vn 0.9575080 0.2880205 -0.0149185
vn -0.9069556 0.4154169 0.0697170
vn -0.7168376 0.6696722 0.1941212
vn -0.4458014 0.8450314 0.2952678
vn -0.1253586 0.9235559 0.3623945
vn 0.2087692 0.8975152 0.3884352
vn 0.5197646 0.7697788 0.3705204
vn 0.7728658 0.5535703 0.3102231
vn 0.9384228 0.2715950 0.2135388
vn -0.9320505 0.2677838 0.2440772
vn -0.7615198 0.4068077 0.5045742
vn -0.5047867 0.4980222 0.7050988
vn -0.1918781 0.5322230 0.8245735
vn 0.1422497 0.5061823 0.8506142
vn 0.4607793 0.4227696 0.7803514
vn 0.7281836 0.2907058 0.6206761
vn 0.9133278 0.1239619 0.3878991
vn -0.9535698 0.0453339 0.2977408
vn -0.7998353 0.0107299 0.6001236
vn -0.5553673 -0.0248425 0.8312340
vn -0.2489195 -0.0574277 0.9668201
vn 0.0852084 -0.0834684 0.9928608
vn 0.4101987 -0.1000951 0.9064866
vn 0.6898680 -0.1053720 0.7162255
vn 0.8918086 -0.0984879 0.4415626
vn -0.9632937 -0.1669644 0.2102099
vn -0.8171490 -0.3672729 0.4442726
vn -0.5782232 -0.5238463 0.6254942
vn -0.2746948 -0.6201696 0.7348010
vn 0.0594331 -0.6462103 0.7608416
vn 0.3873428 -0.5990989 0.7007468
vn 0.6725543 -0.4833747 0.5603745
vn 0.8820847 -0.3107863 0.3540318
vn -0.9575080 -0.2880205 0.0149185
vn -0.8068476 -0.5828164 0.0965511
vn -0.5646242 -0.8083867 0.1664648
vn -0.2593587 -0.9410545 0.2171395
vn 0.0747691 -0.9670951 0.2431802
vn 0.4009418 -0.8836393 0.2417174
vn 0.6828558 -0.6989182 0.2126530
vn 0.8878703 -0.4318424 0.1587403
vn -0.9384228 -0.2715950 -0.2135388
vn -0.7728658 -0.5535703 -0.3102231
vn -0.5197646 -0.7697788 -0.3705204
vn -0.2087692 -0.8975152 -0.3884352
vn 0.1253586 -0.9235559 -0.3623945
vn 0.4458014 -0.8450314 -0.2952678
vn 0.7168376 -0.6696722 -0.1941212
vn 0.9069556 -0.4154169 -0.0697170
vn -0.9133278 -0.1239619 -0.3878991
vn -0.7281836 -0.2907058 -0.6206761
vn -0.4607793 -0.4227696 -0.7803514
vn -0.1422497 -0.5061823 -0.8506142
vn 0.1918781 -0.5322230 -0.8245735
vn 0.5047867 -0.4980222 -0.7050988
vn 0.7615198 -0.4068077 -0.5045742
vn 0.9320505 -0.2677838 -0.2440772
vn -0.6290617 0.3476439 -0.6952878
vn -0.2988607 0.3706830 -0.8793614
vn 0.0362020 0.3459289 -0.9375621
vn 0.3645427 0.2816133 -0.8875824
vn 0.6499422 0.1855938 -0.7369736
vn 0.8614020 0.0687328 -0.5032518
vn 0.9756215 -0.0560926 -0.2121707
vn 0.9789921 -0.1750936 0.1044829
vn 0.8690259 -0.2747365 0.4114776
vn 0.6290617 -0.3476439 0.6952878
vn -0.3251086 0.5645292 -0.7586904
vn -0.0105332 0.6910771 -0.7227043
vn 0.3028473 0.7372457 -0.6039473
vn 0.5803664 0.6994244 -0.4171096
vn 0.7918262 0.5825635 -0.1833877
vn 0.9139260 0.3995398 0.0714644
vn 0.9322569 0.1700546 0.3193406
vn 0.8427779 -0.0808903 0.5321486
vn -0.4502226 0.6660086 -0.5947538
vn -0.2333020 0.8717638 -0.4308109
vn 0.0087688 0.9757713 -0.2186170
vn 0.2487251 0.9684171 0.0174392
vn 0.4601849 0.8515562 0.2511611
vn 0.6198476 0.6380655 0.4567947
vn 0.7094882 0.3507414 0.6112340
vn 0.7176639 0.0205891 0.6960852
vn -0.6264134 0.6363595 -0.4501698
vn -0.5470142 0.8189728 -0.1733753
vn -0.4053647 0.9060816 0.1212254
vn -0.2183060 0.8898259 0.4006899
vn -0.0068461 0.7729649 0.6344118
vn 0.2057141 0.5683757 0.7966371
vn 0.3957760 0.2979504 0.8686697
vn 0.5414732 -0.0090600 0.8406692
vn -0.7863820 0.4869069 -0.3801645
vn -0.8318425 0.5528685 -0.0487290
vn -0.7813683 0.5547956 0.2857717
vn -0.6423368 0.4936698 0.5862538
vn -0.4308769 0.3768089 0.8199757
vn -0.1702895 0.2170897 0.9611834
vn 0.1109477 0.0318460 0.9933159
vn 0.3815046 -0.1585126 0.9106745
vn -0.8690259 0.2747365 -0.4114776
vn -0.9789921 0.1750936 -0.1044829
vn -0.9756215 0.0560926 0.2121707
vn -0.8614020 -0.0687328 0.5032518
vn -0.6499422 -0.1855938 0.7369736
vn -0.3645427 -0.2816133 0.8875824
vn -0.0362020 -0.3459289 0.9375621
vn 0.2988607 -0.3706830 0.8793614
vn -0.8427779 0.0808903 -0.5321486
vn -0.9322569 -0.1700546 -0.3193406
vn -0.9139260 -0.3995398 -0.0714644
vn -0.7918262 -0.5825635 0.1833877
vn -0.5803664 -0.6994244 0.4171096
vn -0.3028473 -0.7372457 0.6039473
vn 0.0105332 -0.6910771 0.7227043
vn 0.3251086 -0.5645292 0.7586904
vn -0.7176639 -0.0205891 -0.6960852
vn -0.7094882 -0.3507414 -0.6112340
vn -0.6198476 -0.6380655 -0.4567947
vn -0.4601849 -0.8515562 -0.2511611
vn -0.2487251 -0.9684171 -0.0174392
vn -0.0087688 -0.9757713 0.2186170
vn 0.2333020 -0.8717638 0.4308109
vn 0.4502226 -0.6660086 0.5947538
vn -0.5414732 0.0090600 -0.8406692
vn -0.3957760 -0.2979504 -0.8686697
vn -0.2057141 -0.5683757 -0.7966371
vn 0.0068461 -0.7729649 -0.6344118
vn 0.2183060 -0.8898259 -0.4006899
vn 0.4053647 -0.9060816 -0.1212254
vn 0.5470142 -0.8189728 0.1733753
vn 0.6264134 -0.6363595 0.4501698
vn -0.3815046 0.1585126 -0.9106745
vn -0.1109477 -0.0318460 -0.9933159
vn 0.1702895 -0.2170897 -0.9611834
vn 0.4308769 -0.3768089 -0.8199757
vn 0.6423368 -0.4936698 -0.5862538
vn 0.7813683 -0.5547956 -0.2857717
vn 0.8318425 -0.5528685 0.0487290
vn 0.7863820 -0.4869069 0.3801645
vn 0.9939807 0.0774671 -0.0774671
vn 0.9535698 0.0453339 0.2977408
vn 0.7998353 0.0107299 0.6001236
vn 0.5553673 -0.0248425 0.8312340
vn 0.2489195 -0.0574277 0.9668201
vn -0.0852084 -0.0834684 0.9928608
vn -0.4101987 -0.1000951 0.9064866
vn -0.6898680 -0.1053720 0.7162255
vn -0.8918086 -0.0984879 0.4415626
vn -0.9939807 -0.0774671 0.0774671
vn 0.9320505 0.2677838 0.2440772
vn 0.7615198 0.4068077 0.5045742
vn 0.5047867 0.4980222 0.7050988
vn 0.1918781 0.5322230 0.8245735
vn -0.1422497 0.5061823 0.8506142
vn -0.4607793 0.4227696 0.7803514
vn -0.7281836 0.2907058 0.6206761
vn -0.9133278 0.1239619 0.3878991
vn 0.9069556 0.4154169 0.0697170
vn 0.7168376 0.6696722 0.1941212
vn 0.4458014 0.8450314 0.2952678
vn 0.1253586 0.9235559 0.3623945
vn -0.2087692 0.8975152 0.3884352
vn -0.5197646 0.7697788 0.3705204
vn -0.7728658 0.5535703 0.3102231
vn -0.9384228 0.2715950 0.2135388
vn 0.8878703 0.4318424 -0.1587403
vn 0.6828558 0.6989182 -0.2126530
vn 0.4009418 0.8836393 -0.2417174
vn 0.0747691 0.9670951 -0.2431802
vn -0.2593587 0.9410545 -0.2171395
vn -0.5646242 0.8083867 -0.1664648
vn -0.8068476 0.5828164 -0.0965511
vn -0.9575080 0.2880205 -0.0149185
vn 0.8820847 0.3107863 -0.3540318
vn 0.6725543 0.4833747 -0.5603745
vn 0.3873428 0.5990989 -0.7007468
vn 0.0594331 0.6462103 -0.7608416
vn -0.2746948 0.6201696 -0.7348010
vn -0.5782232 0.5238463 -0.6254942
vn -0.8171490 0.3672729 -0.4442726
vn -0.9632937 0.1669644 -0.2102099
vn 0.8918086 0.0984879 -0.4415626
vn 0.6898680 0.1053720 -0.7162255
vn 0.4101987 0.1000951 -0.9064866
vn 0.0852084 0.0834684 -0.9928608
vn -0.2489195 0.0574277 -0.9668201
vn -0.5553673 0.0248425 -0.8312340
vn -0.7998353 -0.0107299 -0.6001236
vn -0.9535698 -0.0453339 -0.2977408
vn 0.9133278 -0.1239619 -0.3878991
vn 0.7281836 -0.2907058 -0.6206761
vn 0.4607793 -0.4227696 -0.7803514
vn 0.1422497 -0.5061823 -0.8506142
vn -0.1918781 -0.5322230 -0.8245735
vn -0.5047867 -0.4980222 -0.7050988
vn -0.7615198 -0.4068077 -0.5045742
vn -0.9320505 -0.2677838 -0.2440772
vn 0.9384228 -0.2715950 -0.2135388
vn 0.7728658 -0.5535703 -0.3102231
vn 0.5197646 -0.7697788 -0.3705204
vn 0.2087692 -0.8975152 -0.3884352
vn -0.1253586 -0.9235559 -0.3623945
vn -0.4458014 -0.8450314 -0.2952678
vn -0.7168376 -0.6696722 -0.1941212
vn -0.9069556 -0.4154169 -0.0697170
vn 0.9575080 -0.2880205 0.0149185
vn 0.8068476 -0.5828164 0.0965511
vn 0.5646242 -0.8083867 0.1664648
vn 0.2593587 -0.9410545 0.2171395
vn -0.0747691 -0.9670951 0.2431802
vn -0.4009418 -0.8836393 0.2417174
vn -0.6828558 -0.6989182 0.2126530
vn -0.8878703 -0.4318424 0.1587403
vn 0.9632937 -0.1669644 0.2102099
vn 0.8171490 -0.3672729 0.4442726
vn 0.5782232 -0.5238463 0.6254942
vn 0.2746948 -0.6201696 0.7348010
vn -0.0594331 -0.6462103 0.7608416
vn -0.3873428 -0.5990989 0.7007468
vn -0.6725543 -0.4833747 0.5603745
vn -0.8820847 -0.3107863 0.3540318
vn 0.6290617 0.3476439 -0.6952878
vn 0.8690259 0.2747365 -0.4114776
vn 0.9789921 0.1750936 -0.1044829
vn 0.9756215 0.0560926 0.2121707
vn 0.8614020 -0.0687328 0.5032518
vn 0.6499422 -0.1855938 0.7369736
vn 0.3645427 -0.2816133 0.8875824
vn 0.0362020 -0.3459289 0.9375621
vn -0.2988607 -0.3706830 0.8793614
vn -0.6290617 -0.3476439 0.6952878
vn 0.7863820 0.4869069 -0.3801645
vn 0.8318425 0.5528685 -0.0487290
vn 0.7813683 0.5547956 0.2857717
vn 0.6423368 0.4936698 0.5862538
vn 0.4308769 0.3768089 0.8199757
vn 0.1702895 0.2170897 0.9611834
vn -0.1109477 0.0318460 0.9933159
vn -0.3815046 -0.1585126 0.9106745
vn 0.6264134 0.6363595 -0.4501698
vn 0.5470142 0.8189728 -0.1733753
vn 0.4053647 0.9060816 0.1212254
vn 0.2183060 0.8898259 0.4006899
vn 0.0068461 0.7729649 0.6344118
vn -0.2057141 0.5683757 0.7966371
vn -0.3957760 0.2979504 0.8686697
vn -0.5414732 -0.0090600 0.8406692
vn 0.4502226 0.6660086 -0.5947538
vn 0.2333020 0.8717638 -0.4308109
vn -0.0087688 0.9757713 -0.2186170
vn -0.2487251 0.9684171 0.0174392
vn -0.4601849 0.8515562 0.2511611
vn -0.6198476 0.6380655 0.4567947
vn -0.7094882 0.3507414 0.6112340
vn -0.7176639 0.0205891 0.6960852
vn 0.3251086 0.5645292 -0.7586904
vn 0.0105332 0.6910771 -0.7227043
vn -0.3028473 0.7372457 -0.6039473
vn -0.5803664 0.6994244 -0.4171096
vn -0.7918262 0.5825635 -0.1833877
vn -0.9139260 0.3995398 0.0714644
vn -0.9322569 0.1700546 0.3193406
vn -0.8427779 -0.0808903 0.5321486
vn 0.2988607 0.3706830 -0.8793614
vn -0.0362020 0.3459289 -0.9375621
vn -0.3645427 0.2816133 -0.8875824
vn -0.6499422 0.1855938 -0.7369736
vn -0.8614020 0.0687328 -0.5032518
vn -0.9756215 -0.0560926 -0.2121707
vn -0.9789921 -0.1750936 0.1044829
vn -0.8690259 -0.2747365 0.4114776
vn 0.3815046 0.1585126 -0.9106745
vn 0.1109477 -0.0318460 -0.9933159
vn -0.1702895 -0.2170897 -0.9611834
vn -0.4308769 -0.3768089 -0.8199757
vn -0.6423368 -0.4936698 -0.5862538
vn -0.7813683 -0.5547956 -0.2857717
vn -0.8318425 -0.5528685 0.0487290
vn -0.7863820 -0.4869069 0.3801645
vn 0.5414732 0.0090600 -0.8406692
vn 0.3957760 -0.2979504 -0.8686697
vn 0.2057141 -0.5683757 -0.7966371
vn -0.0068461 -0.7729649 -0.6344118
vn -0.2183060 -0.8898259 -0.4006899
vn -0.4053647 -0.9060816 -0.1212254
vn -0.5470142 -0.8189728 0.1733753
vn -0.6264134 -0.6363595 0.4501698
vn 0.7176639 -0.0205891 -0.6960852
vn 0.7094882 -0.3507414 -0.6112340
vn 0.6198476 -0.6380655 -0.4567947
vn 0.4601849 -0.8515562 -0.2511611
vn 0.2487251 -0.9684171 -0.0174392
vn 0.0087688 -0.9757713 0.2186170
vn -0.2333020 -0.8717638 0.4308109
vn -0.4502226 -0.6660086 0.5947538
vn 0.8427779 0.0808903 -0.5321486
vn 0.9322569 -0.1700546 -0.3193406
vn 0.9139260 -0.3995398 -0.0714644
vn 0.7918262 -0.5825635 0.1833877
vn 0.5803664 -0.6994244 0.4171096
vn 0.3028473 -0.7372457 0.6039473
vn -0.0105332 -0.6910771 0.7227043
vn -0.3251086 -0.5645292 0.7586904
vn -0.9934392 0.0808660 -0.0808660
vn -0.8898632 0.1027068 -0.4445164
vn -0.6868935 0.1098131 -0.7184139
vn -0.4065447 0.1042464 -0.9076641
vn -0.0812933 0.0868594 -0.9928982
vn 0.2526525 0.0596762 -0.9657150
vn 0.5584952 0.0256920 -0.8291098
vn 0.8019982 -0.0113828 -0.5972180
vn 0.9545097 -0.0474253 -0.2943842
vn 0.9934392 -0.0808660 0.0808660
vn -0.8797896 0.3146970 -0.3562810
vn -0.6689571 0.4872671 -0.5613085
vn -0.3828667 0.6025258 -0.7002683
vn -0.0545909 0.6487844 -0.7590116
vn 0.2793549 0.6216012 -0.7318284
vn 0.5821732 0.5239715 -0.6217140
vn 0.8199346 0.3660712 -0.4401126
vn 0.9645833 0.1645649 -0.2061489
vn -0.8859101 0.4351563 -0.1606311
vn -0.6798548 0.7017480 -0.2129487
vn -0.3972529 0.8856634 -0.2403964
vn -0.0708146 0.9680874 -0.2403999
vn 0.2631311 0.9409042 -0.2132167
vn 0.5677870 0.8071091 -0.1618420
vn 0.8090369 0.5805521 -0.0917528
vn 0.9584628 0.2850242 -0.0104990
vn -0.9058869 0.4180733 0.0677018
vn -0.7154241 0.6713314 0.1936039
vn -0.4442082 0.8455103 0.2962963
vn -0.1237676 0.9228054 0.3648449
vn 0.2101782 0.8956222 0.3920281
vn 0.5208317 0.7669559 0.3748506
vn 0.7734675 0.5501355 0.3147998
vn 0.9384860 0.2679412 0.2178339
vn -0.9320897 0.2699733 0.2415022
vn -0.7620788 0.4076354 0.5030600
vn -0.5057973 0.4974034 0.7048113
vn -0.1932235 0.5302347 0.8255398
vn 0.1407223 0.5030515 0.8527230
vn 0.4592426 0.4188491 0.7833656
vn 0.7268129 0.2864395 0.6242559
vn 0.9122832 0.1198412 0.3916343
vn -0.9545097 0.0474253 0.2943842
vn -0.8019982 0.0113828 0.5972180
vn -0.5584952 -0.0256920 0.8291098
vn -0.2526525 -0.0596762 0.9657150
vn 0.0812933 -0.0868594 0.9928982
vn 0.4065447 -0.1042464 0.9076641
vn 0.6868935 -0.1098131 0.7184139
vn 0.8898632 -0.1027068 0.4445164
vn -0.9645833 -0.1645649 0.2061489
vn -0.8199346 -0.3660712 0.4401126
vn -0.5821732 -0.5239715 0.6217140
vn -0.2793549 -0.6216012 0.7318284
vn 0.0545909 -0.6487844 0.7590116
vn 0.3828667 -0.6025258 0.7002683
vn 0.6689571 -0.4872671 0.5613085
vn 0.8797896 -0.3146970 0.3562810
vn -0.9584628 -0.2850242 0.0104990
vn -0.8090369 -0.5805521 0.0917528
vn -0.5677870 -0.8071091 0.1618420
vn -0.2631311 -0.9409042 0.2132167
vn 0.0708146 -0.9680874 0.2403999
vn 0.3972529 -0.8856634 0.2403964
vn 0.6798548 -0.7017480 0.2129487
vn 0.8859101 -0.4351563 0.1606311
vn -0.9384860 -0.2679412 -0.2178339
vn -0.7734675 -0.5501355 -0.3147998
vn -0.5208317 -0.7669559 -0.3748506
vn -0.2101782 -0.8956222 -0.3920281
vn 0.1237676 -0.9228054 -0.3648449
vn 0.4442082 -0.8455103 -0.2962963
vn 0.7154241 -0.6713314 -0.1936039
vn 0.9058869 -0.4180733 -0.0677018
vn -0.9122832 -0.1198412 -0.3916343
vn -0.7268129 -0.2864395 -0.6242559
vn -0.4592426 -0.4188491 -0.7833656
vn -0.1407223 -0.5030515 -0.8527230
vn 0.1932235 -0.5302347 -0.8255398
vn 0.5057973 -0.4974034 -0.7048113
vn 0.7620788 -0.4076354 -0.5030600
vn 0.9320897 -0.2699733 -0.2415022
vn -0.6124717 0.3535190 -0.7070380
vn -0.2783759 0.3753339 -0.8840992
vn 0.0576874 0.3489021 -0.9353820
vn 0.3845521 0.2825800 -0.8787879
vn 0.6662087 0.1844533 -0.7225946
vn 0.8720918 0.0656175 -0.4849229
vn 0.9795152 -0.0608331 -0.1919619
vn 0.9756137 -0.1809255 0.1242732
vn 0.8587105 -0.2809930 0.4285547
vn 0.6124717 -0.3535190 0.7070380
vn -0.3060668 0.5689132 -0.7633222
vn 0.0083830 0.6935751 -0.7203356
vn 0.3194651 0.7375850 -0.5949038
vn 0.5928081 0.6975764 -0.4024497
vn 0.7986912 0.5787406 -0.1647780
vn 0.9144281 0.3941719 0.0919223
vn 0.9263093 0.1637475 0.3393197
vn 0.8310196 -0.0874137 0.5493316
vn -0.4340148 0.6705343 -0.6016768
vn -0.2194318 0.8745140 -0.4325216
vn 0.0187254 0.9764436 -0.2149587
vn 0.2536547 0.9669446 0.0260260
vn 0.4595378 0.8481088 0.2636977
vn 0.6136884 0.6330306 0.4718673
vn 0.6984946 0.3446864 0.6271337
vn 0.7030716 0.0142074 0.7109771
vn -0.6133480 0.6413813 -0.4609058
vn -0.5387394 0.8226064 -0.1818752
vn -0.4027946 0.9079200 0.1159212
vn -0.2217063 0.8896685 0.3991694
vn -0.0158232 0.7708327 0.6368411
vn 0.1921685 0.5645070 0.8027472
vn 0.3791870 0.2927788 0.8777800
vn 0.5237384 -0.0149456 0.8517481
vn -0.7755674 0.4925898 -0.3947791
vn -0.8275752 0.5576792 -0.0641348
vn -0.7840886 0.5581879 0.2713510
vn -0.6517032 0.4952649 0.5744524
vn -0.4458201 0.3764290 0.8121241
vn -0.1891255 0.2147749 0.9581771
vn 0.0903512 0.0278516 0.9955204
vn 0.3615190 -0.1637371 0.9178748
vn -0.8587105 0.2809930 -0.4285547
vn -0.9756137 0.1809255 -0.1242732
vn -0.9795152 0.0608331 0.1919619
vn -0.8720918 -0.0656175 0.4849229
vn -0.6662087 -0.1844533 0.7225946
vn -0.3845521 -0.2825800 0.8787879
vn -0.0576874 -0.3489021 0.9353820
vn 0.2783759 -0.3753339 0.8840992
vn -0.8310196 0.0874137 -0.5493316
vn -0.9263093 -0.1637475 -0.3393197
vn -0.9144281 -0.3941719 -0.0919223
vn -0.7986912 -0.5787406 0.1647780
vn -0.5928081 -0.6975764 0.4024497
vn -0.3194651 -0.7375850 0.5949038
vn -0.0083830 -0.6935751 0.7203356
vn 0.3060668 -0.5689132 0.7633222
vn -0.7030716 -0.0142074 -0.7109771
vn -0.6984946 -0.3446864 -0.6271337
vn -0.6136884 -0.6330306 -0.4718673
vn -0.4595378 -0.8481088 -0.2636977
vn -0.2536547 -0.9669446 -0.0260260
vn -0.0187254 -0.9764436 0.2149587
vn 0.2194318 -0.8745140 0.4325216
vn 0.4340148 -0.6705343 0.6016768
vn -0.5237384 0.0149456 -0.8517481
vn -0.3791870 -0.2927788 -0.8777800
vn -0.1921685 -0.5645070 -0.8027472
vn 0.0158232 -0.7708327 -0.6368411
vn 0.2217063 -0.8896685 -0.3991694
vn 0.4027946 -0.9079200 -0.1159212
vn 0.5387394 -0.8226064 0.1818752
vn 0.6133480 -0.6413813 0.4609058
vn -0.3615190 0.1637371 -0.9178748
vn -0.0903512 -0.0278516 -0.9955204
vn 0.1891255 -0.2147749 -0.9581771
vn 0.4458201 -0.3764290 -0.8121241
vn 0.6517032 -0.4952649 -0.5744524
vn 0.7840886 -0.5581879 -0.2713510
vn 0.8275752 -0.5576792 0.0641348
vn 0.7755674 -0.4925898 0.3947791
vn 0.9934392 0.0808660 -0.0808660
vn 0.9545097 0.0474253 0.2943842
vn 0.8019982 0.0113828 0.5972180
vn 0.5584952 -0.0256920 0.8291098
vn 0.2526525 -0.0596762 0.9657150
vn -0.0812933 -0.0868594 0.9928982
vn -0.4065447 -0.1042464 0.9076641
vn -0.6868935 -0.1098131 0.7184139
vn -0.8898632 -0.1027068 0.4445164
vn -0.9934392 -0.0808660 0.0808660
vn 0.9320897 0.2699733 0.2415022
vn 0.7620788 0.4076354 0.5030600
vn 0.5057973 0.4974034 0.7048113
vn 0.1932235 0.5302347 0.8255398
vn -0.1407223 0.5030515 0.8527230
vn -0.4592426 0.4188491 0.7833656
vn -0.7268129 0.2864395 0.6242559
vn -0.9122832 0.1198412 0.3916343
vn 0.9058869 0.4180733 0.0677018
vn 0.7154241 0.6713314 0.1936039
vn 0.4442082 0.8455103 0.2962963
vn 0.1237676 0.9228054 0.3648449
vn -0.2101782 0.8956222 0.3920281
vn -0.5208317 0.7669559 0.3748506
vn -0.7734675 0.5501355 0.3147998
vn -0.9384860 0.2679412 0.2178339
vn 0.8859101 0.4351563 -0.1606311
vn 0.6798548 0.7017480 -0.2129487
vn 0.3972529 0.8856634 -0.2403964
vn 0.0708146 0.9680874 -0.2403999
vn -0.2631311 0.9409042 -0.2132167
vn -0.5677870 0.8071091 -0.1618420
vn -0.8090369 0.5805521 -0.0917528
vn -0.9584628 0.2850242 -0.0104990
vn 0.8797896 0.3146970 -0.3562810
vn 0.6689571 0.4872671 -0.5613085
vn 0.3828667 0.6025258 -0.7002683
vn 0.0545909 0.6487844 -0.7590116
vn -0.2793549 0.6216012 -0.7318284
vn -0.5821732 0.5239715 -0.6217140
vn -0.8199346 0.3660712 -0.4401126
vn -0.9645833 0.1645649 -0.2061489
vn 0.8898632 0.1027068 -0.4445164
vn 0.6868935 0.1098131 -0.7184139
vn 0.4065447 0.1042464 -0.9076641
vn 0.0812933 0.0868594 -0.9928982
vn -0.2526525 0.0596762 -0.9657150
vn -0.5584952 0.0256920 -0.8291098
vn -0.8019982 -0.0113828 -0.5972180
vn -0.9545097 -0.0474253 -0.2943842
vn 0.9122832 -0.1198412 -0.3916343
vn 0.7268129 -0.2864395 -0.6242559
vn 0.4592426 -0.4188491 -0.7833656
vn 0.1407223 -0.5030515 -0.8527230
vn -0.1932235 -0.5302347 -0.8255398
vn -0.5057973 -0.4974034 -0.7048113
vn -0.7620788 -0.4076354 -0.5030600
vn -0.9320897 -0.2699733 -0.2415022
vn 0.9384860 -0.2679412 -0.2178339
vn 0.7734675 -0.5501355 -0.3147998
vn 0.5208317 -0.7669559 -0.3748506
vn 0.2101782 -0.8956222 -0.3920281
vn -0.1237676 -0.9228054 -0.3648449
vn -0.4442082 -0.8455103 -0.2962963
vn -0.7154241 -0.6713314 -0.1936039
vn -0.9058869 -0.4180733 -0.0677018
vn 0.9584628 -0.2850242 0.0104990
vn 0.8090369 -0.5805521 0.0917528
vn 0.5677870 -0.8071091 0.1618420
vn 0.2631311 -0.9409042 0.2132167
vn -0.0708146 -0.9680874 0.2403999
vn -0.3972529 -0.8856634 0.2403964
vn -0.6798548 -0.7017480 0.2129487
vn -0.8859101 -0.4351563 0.1606311
vn 0.9645833 -0.1645649 0.2061489
vn 0.8199346 -0.3660712 0.4401126
vn 0.5821732 -0.5239715 0.6217140
vn 0.2793549 -0.6216012 0.7318284
vn -0.0545909 -0.6487844 0.7590116
vn -0.3828667 -0.6025258 0.7002683
vn -0.6689571 -0.4872671 0.5613085
vn -0.8797896 -0.3146970 0.3562810
vn 0.6124717 0.3535190 -0.7070380
vn 0.8587105 0.2809930 -0.4285547
vn 0.9756137 0.1809255 -0.1242732
vn 0.9795152 0.0608331 0.1919619
vn 0.8720918 -0.0656175 0.4849229
vn 0.6662087 -0.1844533 0.7225946
vn 0.3845521 -0.2825800 0.8787879
vn 0.0576874 -0.3489021 0.9353820
vn -0.2783759 -0.3753339 0.8840992
vn -0.6124717 -0.3535190 0.7070380
vn 0.7755674 0.4925898 -0.3947791
vn 0.8275752 0.5576792 -0.0641348
vn 0.7840886 0.5581879 0.2713510
vn 0.6517032 0.4952649 0.5744524
vn 0.4458201 0.3764290 0.8121241
vn 0.1891255 0.2147749 0.9581771
vn -0.0903512 0.0278516 0.9955204
vn -0.3615190 -0.1637371 0.9178748
vn 0.6133480 0.6413813 -0.4609058
vn 0.5387394 0.8226064 -0.1818752
vn 0.4027946 0.9079200 0.1159212
vn 0.2217063 0.8896685 0.3991694
vn 0.0158232 0.7708327 0.6368411
vn -0.1921685 0.5645070 0.8027472
vn -0.3791870 0.2927788 0.8777800
vn -0.5237384 -0.0149456 0.8517481
vn 0.4340148 0.6705343 -0.6016768
vn 0.2194318 0.8745140 -0.4325216
vn -0.0187254 0.9764436 -0.2149587
vn -0.2536547 0.9669446 0.0260260
vn -0.4595378 0.8481088 0.2636977
vn -0.6136884 0.6330306 0.4718673
vn -0.6984946 0.3446864 0.6271337
vn -0.7030716 0.0142074 0.7109771
vn 0.3060668 0.5689132 -0.7633222
vn -0.0083830 0.6935751 -0.7203356
vn -0.3194651 0.7375850 -0.5949038
vn -0.5928081 0.6975764 -0.4024497
vn -0.7986912 0.5787406 -0.1647780
vn -0.9144281 0.3941719 0.0919223
vn -0.9263093 0.1637475 0.3393197
vn -0.8310196 -0.0874137 0.5493316
vn 0.2783759 0.3753339 -0.8840992
vn -0.0576874 0.3489021 -0.9353820
vn -0.3845521 0.2825800 -0.8787879
vn -0.6662087 0.1844533 -0.7225946
vn -0.8720918 0.0656175 -0.4849229
vn -0.9795152 -0.0608331 -0.1919619
vn -0.9756137 -0.1809255 0.1242732
vn -0.8587105 -0.2809930 0.4285547
vn 0.3615190 0.1637371 -0.9178748
vn 0.0903512 -0.0278516 -0.9955204
vn -0.1891255 -0.2147749 -0.9581771
vn -0.4458201 -0.3764290 -0.8121241
vn -0.6517032 -0.4952649 -0.5744524
vn -0.7840886 -0.5581879 -0.2713510
vn -0.8275752 -0.5576792 0.0641348
vn -0.7755674 -0.4925898 0.3947791
vn 0.5237384 0.0149456 -0.8517481
vn 0.3791870 -0.2927788 -0.8777800
vn 0.1921685 -0.5645070 -0.8027472
vn -0.0158232 -0.7708327 -0.6368411
vn -0.2217063 -0.8896685 -0.3991694
vn -0.4027946 -0.9079200 -0.1159212
vn -0.5387394 -0.8226064 0.1818752
vn -0.6133480 -0.6413813 0.4609058
vn 0.7030716 -0.0142074 -0.7109771
vn 0.6984946 -0.3446864 -0.6271337
vn 0.6136884 -0.6330306 -0.4718673
vn 0.4595378 -0.8481088 -0.2636977
vn 0.2536547 -0.9669446 -0.0260260
vn 0.0187254 -0.9764436 0.2149587
vn -0.2194318 -0.8745140 0.4325216
vn -0.4340148 -0.6705343 0.6016768
vn 0.8310196 0.0874137 -0.5493316
vn 0.9263093 -0.1637475 -0.3393197
vn 0.9144281 -0.3941719 -0.0919223
vn 0.7986912 -0.5787406 0.1647780
vn 0.5928081 -0.6975764 0.4024497
vn 0.3194651 -0.7375850 0.5949038
vn 0.0083830 -0.6935751 0.7203356
vn -0.3060668 -0.5689132 0.7633222
vn -0.9928214 0.0845746 -0.0845746
vn -0.8877078 0.1073003 -0.4477292
vn -0.6836139 0.1146413 -0.7207839
vn -0.4025264 0.1087527 -0.9089254
vn -0.0769963 0.0905333 -0.9929125
vn 0.2567418 0.0621034 -0.9644827
vn 0.5619133 0.0265958 -0.8267685
vn 0.8043518 -0.0121128 -0.5940298
vn 0.9555181 -0.0497170 -0.2907119
vn 0.9928214 -0.0845746 0.0845746
vn -0.8772598 0.3189515 -0.3587270
vn -0.6650110 0.4914918 -0.5623132
vn -0.3779686 0.6062355 -0.6997272
vn -0.0493017 0.6515599 -0.7569934
vn 0.2844364 0.6231301 -0.7285635
vn 0.5864712 0.5240786 -0.6175704
vn 0.8229548 0.3647378 -0.4355592
vn 0.9659661 0.1619342 -0.2017098
vn -0.8837532 0.4387618 -0.1626910
vn -0.6765726 0.7048171 -0.2132659
vn -0.3932312 0.8878475 -0.2389477
vn -0.0665138 0.9691424 -0.2373581
vn 0.2672243 0.9407126 -0.2089283
vn 0.5712086 0.8056906 -0.1567908
vn 0.8113931 0.5780630 -0.0865118
vn 0.9594727 0.2817445 -0.0056737
vn -0.9047077 0.4209675 0.0654999
vn -0.7138827 0.6731340 0.1930339
vn -0.4424844 0.8460225 0.2974112
vn -0.1220582 0.9219751 0.3675102
vn 0.2116799 0.8935452 0.3959401
vn 0.5219553 0.7638656 0.3795681
vn 0.7740831 0.5463800 0.3197879
vn 0.9385182 0.2639503 0.2225171
vn -0.9321195 0.2723657 0.2386844
vn -0.7626900 0.4085445 0.5013934
vn -0.5069153 0.4967362 0.7044785
vn -0.1947188 0.5280742 0.8265726
vn 0.1390193 0.4996443 0.8550024
vn 0.4575245 0.4145793 0.7866354
vn 0.7252758 0.2817905 0.6281474
vn 0.9111065 0.1153484 0.3957016
vn -0.9555181 0.0497170 0.2907119
vn -0.8043518 0.0121128 0.5940298
vn -0.5619133 -0.0265958 0.8267685
vn -0.2567418 -0.0621034 0.9644827
vn 0.0769963 -0.0905333 0.9929125
vn 0.4025264 -0.1087527 0.9089254
vn 0.6836139 -0.1146413 0.7207839
vn 0.8877078 -0.1073003 0.4477292
vn -0.9659661 -0.1619342 0.2017098
vn -0.8229548 -0.3647378 0.4355592
vn -0.5864712 -0.5240786 0.6175704
vn -0.2844364 -0.6231301 0.7285635
vn 0.0493017 -0.6515599 0.7569934
vn 0.3779686 -0.6062355 0.6997272
vn 0.6650110 -0.4914918 0.5623132
vn 0.8772598 -0.3189515 0.3587270
vn -0.9594727 -0.2817445 0.0056737
vn -0.8113931 -0.5780630 0.0865118
vn -0.5712086 -0.8056906 0.1567908
vn -0.2672243 -0.9407126 0.2089283
vn 0.0665138 -0.9691424 0.2373581
vn 0.3932312 -0.8878475 0.2389477
vn 0.6765726 -0.7048171 0.2132659
vn 0.8837532 -0.4387618 0.1626910
vn -0.9385182 -0.2639503 -0.2225171
vn -0.7740831 -0.5463800 -0.3197879
vn -0.5219553 -0.7638656 -0.3795681
vn -0.2116799 -0.8935452 -0.3959401
vn 0.1220582 -0.9219751 -0.3675102
vn 0.4424844 -0.8460225 -0.2974112
vn 0.7138827 -0.6731340 -0.1930339
vn 0.9047077 -0.4209675 -0.0654999
vn -0.9111065 -0.1153484 -0.3957016
vn -0.7252758 -0.2817905 -0.6281474
vn -0.4575245 -0.4145793 -0.7866354
vn -0.1390193 -0.4996443 -0.8550024
vn 0.1947188 -0.5280742 -0.8265726
vn 0.5069153 -0.4967362 -0.7044785
vn 0.7626900 -0.4085445 -0.5013934
vn 0.9321195 -0.2723657 -0.2386844
vn -0.5950310 0.3594268 -0.7188536
vn -0.2570679 0.3799203 -0.8885813
vn 0.0798698 0.3517308 -0.9326876
vn 0.4050534 0.2833395 -0.8692816
vn 0.6827070 0.1830668 -0.7073879
vn 0.8827274 0.0622451 -0.4657444
vn 0.9830744 -0.0658125 -0.1709778
vn 0.9716575 -0.1869509 0.1446759
vn 0.8476390 -0.2873747 0.4460088
vn 0.5950310 -0.3594268 0.7188536
vn -0.2862639 0.5732454 -0.7677517
vn 0.0278855 0.6959512 -0.7175474
vn 0.3364286 0.7377470 -0.5852736
vn 0.6053167 0.6955161 -0.3871035
vn 0.8053371 0.5746944 -0.1454599
vn 0.9144496 0.3885951 0.1130302
vn 0.9196732 0.1572695 0.3598161
vn 0.8184430 -0.0940496 0.5668384
vn -0.4170971 0.6750523 -0.6085511
vn -0.2050664 0.8772209 -0.4340866
vn 0.0289073 0.9770423 -0.2110752
vn 0.2585154 0.9653768 0.0348916
vn 0.4585359 0.8445550 0.2765351
vn 0.6069283 0.6278904 0.4872286
vn 0.6867212 0.3385392 0.6432769
vn 0.6876098 0.0077572 0.7260390
vn -0.5995937 0.6464541 -0.4717887
vn -0.5300062 0.8263012 -0.1905776
vn -0.4000478 0.9098227 0.1103826
vn -0.2252304 0.8895712 0.3974094
vn -0.0252100 0.7687495 0.6390529
vn 0.1779732 0.5606708 0.8086864
vn 0.3617814 0.2876194 0.8867859
vn 0.5051133 -0.0208409 0.8628014
vn -0.7640460 0.4983744 -0.4097031
vn -0.8228180 0.5626415 -0.0800325
vn -0.7865904 0.5617639 0.2563139
vn -0.6611464 0.4970546 0.5619806
vn -0.4611260 0.3762329 0.8036241
vn -0.2085694 0.2126120 0.9546177
vn 0.0689697 0.0239597 0.9973310
vn 0.3406609 -0.1689206 0.9248870
vn -0.8476390 0.2873747 -0.4460088
vn -0.9716575 0.1869509 -0.1446759
vn -0.9830744 0.0658125 0.1709778
vn -0.8827274 -0.0622451 0.4657444
vn -0.6827070 -0.1830668 0.7073879
vn -0.4050534 -0.2833395 0.8692816
vn -0.0798698 -0.3517308 0.9326876
vn 0.2570679 -0.3799203 0.8885813
vn -0.8184430 0.0940496 -0.5668384
vn -0.9196732 -0.1572695 -0.3598161
vn -0.9144496 -0.3885951 -0.1130302
vn -0.8053371 -0.5746944 0.1454599
vn -0.6053167 -0.6955161 0.3871035
vn -0.3364286 -0.7377470 0.5852736
vn -0.0278855 -0.6959512 0.7175474
vn 0.2862639 -0.5732454 0.7677517
vn -0.6876098 -0.0077572 -0.7260390
vn -0.6867212 -0.3385392 -0.6432769
vn -0.6069283 -0.6278904 -0.4872286
vn -0.4585359 -0.8445550 -0.2765351
vn -0.2585154 -0.9653768 -0.0348916
vn -0.0289073 -0.9770423 0.2110752
vn 0.2050664 -0.8772209 0.4340866
vn 0.4170971 -0.6750523 0.6085511
vn -0.5051133 0.0208409 -0.8628014
vn -0.3617814 -0.2876194 -0.8867859
vn -0.1779732 -0.5606708 -0.8086864
vn 0.0252100 -0.7687495 -0.6390529
vn 0.2252304 -0.8895712 -0.3974094
vn 0.4000478 -0.9098227 -0.1103826
vn 0.5300062 -0.8263012 0.1905776
vn 0.5995937 -0.6464541 0.4717887
vn -0.3406609 0.1689206 -0.9248870
vn -0.0689697 -0.0239597 -0.9973310
vn 0.2085694 -0.2126120 -0.9546177
vn 0.4611260 -0.3762329 -0.8036241
vn 0.6611464 -0.4970546 -0.5619806
vn 0.7865904 -0.5617639 -0.2563139
vn 0.8228180 -0.5626415 0.0800325
vn 0.7640460 -0.4983744 0.4097031
vn 0.9928214 0.0845746 -0.0845746
vn 0.9555181 0.0497170 0.2907119
vn 0.8043518 0.0121128 0.5940298
vn 0.5619133 -0.0265958 0.8267685
vn 0.2567418 -0.0621034 0.9644827
vn -0.0769963 -0.0905333 0.9929125
vn -0.4025264 -0.1087527 0.9089254
vn -0.6836139 -0.1146413 0.7207839
vn -0.8877078 -0.1073003 0.4477292
vn -0.9928214 -0.0845746 0.0845746
vn 0.9321195 0.2723657 0.2386844
vn 0.7626900 0.4085445 0.5013934
vn 0.5069153 0.4967362 0.7044785
vn 0.1947188 0.5280742 0.8265726
vn -0.1390193 0.4996443 0.8550024
vn -0.4575245 0.4145793 0.7866354
vn -0.7252758 0.2817905 0.6281474
vn -0.9111065 0.1153484 0.3957016
vn 0.9047077 0.4209675 0.0654999
vn 0.7138827 0.6731340 0.1930339
vn 0.4424844 0.8460225 0.2974112
vn 0.1220582 0.9219751 0.3675102
vn -0.2116799 0.8935452 0.3959401
vn -0.5219553 0.7638656 0.3795681
vn -0.7740831 0.5463800 0.3197879
vn -0.9385182 0.2639503 0.2225171
vn 0.8837532 0.4387618 -0.1626910
vn 0.6765726 0.7048171 -0.2132659
vn 0.3932312 0.8878475 -0.2389477
vn 0.0665138 0.9691424 -0.2373581
vn -0.2672243 0.9407126 -0.2089283
vn -0.5712086 0.8056906 -0.1567908
vn -0.8113931 0.5780630 -0.0865118
vn -0.9594727 0.2817445 -0.0056737
vn 0.8772598 0.3189515 -0.3587270
vn 0.6650110 0.4914918 -0.5623132
vn 0.3779686 0.6062355 -0.6997272
vn 0.0493017 0.6515599 -0.7569934
vn -0.2844364 0.6231301 -0.7285635
vn -0.5864712 0.5240786 -0.6175704
vn -0.8229548 0.3647378 -0.4355592
vn -0.9659661 0.1619342 -0.2017098
vn 0.8877078 0.1073003 -0.4477292
vn 0.6836139 0.1146413 -0.7207839
vn 0.4025264 0.1087527 -0.9089254
vn 0.0769963 0.0905333 -0.9929125
vn -0.2567418 0.0621034 -0.9644827
vn -0.5619133 0.0265958 -0.8267685
vn -0.8043518 -0.0121128 -0.5940298
vn -0.9555181 -0.0497170 -0.2907119
vn 0.9111065 -0.1153484 -0.3957016
vn 0.7252758 -0.2817905 -0.6281474
vn 0.4575245 -0.4145793 -0.7866354
vn 0.1390193 -0.4996443 -0.8550024
vn -0.1947188 -0.5280742 -0.8265726
vn -0.5069153 -0.4967362 -0.7044785
vn -0.7626900 -0.4085445 -0.5013934
vn -0.9321195 -0.2723657 -0.2386844
vn 0.9385182 -0.2639503 -0.2225171
vn 0.7740831 -0.5463800 -0.3197879
vn 0.5219553 -0.7638656 -0.3795681
vn 0.2116799 -0.8935452 -0.3959401
vn -0.1220582 -0.9219751 -0.3675102
vn -0.4424844 -0.8460225 -0.2974112
vn -0.7138827 -0.6731340 -0.1930339
vn -0.9047077 -0.4209675 -0.0654999
vn 0.9594727 -0.2817445 0.0056737
vn 0.8113931 -0.5780630 0.0865118
vn 0.5712086 -0.8056906 0.1567908
vn 0.2672243 -0.9407126 0.2089283
vn -0.0665138 -0.9691424 0.2373581
vn -0.3932312 -0.8878475 0.2389477
vn -0.6765726 -0.7048171 0.2132659
vn -0.8837532 -0.4387618 0.1626910
vn 0.9659661 -0.1619342 0.2017098
vn 0.8229548 -0.3647378 0.4355592
vn 0.5864712 -0.5240786 0.6175704
vn 0.2844364 -0.6231301 0.7285635
vn -0.0493017 -0.6515599 0.7569934
vn -0.3779686 -0.6062355 0.6997272
vn -0.6650110 -0.4914918 0.5623132
vn -0.8772598 -0.3189515 0.3587270
vn 0.5950310 0.3594268 -0.7188536
vn 0.8476390 0.2873747 -0.4460088
vn 0.9716575 0.1869509 -0.1446759
vn 0.9830744 0.0658125 0.1709778
vn 0.8827274 -0.0622451 0.4657444
vn 0.6827070 -0.1830668 0.7073879
vn 0.4050534 -0.2833395 0.8692816
vn 0.0798698 -0.3517308 0.9326876
vn -0.2570679 -0.3799203 0.8885813
vn -0.5950310 -0.3594268 0.7188536
vn 0.7640460 0.4983744 -0.4097031
vn 0.8228180 0.5626415 -0.0800325
vn 0.7865904 0.5617639 0.2563139
vn 0.6611464 0.4970546 0.5619806
vn 0.4611260 0.3762329 0.8036241
vn 0.2085694 0.2126120 0.9546177
vn -0.0689697 0.0239597 0.9973310
vn -0.3406609 -0.1689206 0.9248870
vn 0.5995937 0.6464541 -0.4717887
vn 0.5300062 0.8263012 -0.1905776
vn 0.4000478 0.9098227 0.1103826
vn 0.2252304 0.8895712 0.3974094
vn 0.0252100 0.7687495 0.6390529
vn -0.1779732 0.5606708 0.8086864
vn -0.3617814 0.2876194 0.8867859
vn -0.5051133 -0.0208409 0.8628014
vn 0.4170971 0.6750523 -0.6085511
vn 0.2050664 0.8772209 -0.4340866
vn -0.0289073 0.9770423 -0.2110752
vn -0.2585154 0.9653768 0.0348916
vn -0.4585359 0.8445550 0.2765351
vn -0.6069283 0.6278904 0.4872286
vn -0.6867212 0.3385392 0.6432769
vn -0.6876098 0.0077572 0.7260390
vn 0.2862639 0.5732454 -0.7677517
vn -0.0278855 0.6959512 -0.7175474
vn -0.3364286 0.7377470 -0.5852736
vn -0.6053167 0.6955161 -0.3871035
vn -0.8053371 0.5746944 -0.1454599
vn -0.9144496 0.3885951 0.1130302
vn -0.9196732 0.1572695 0.3598161
vn -0.8184430 -0.0940496 0.5668384
vn 0.2570679 0.3799203 -0.8885813
vn -0.0798698 0.3517308 -0.9326876
vn -0.4050534 0.2833395 -0.8692816
vn -0.6827070 0.1830668 -0.7073879
vn -0.8827274 0.0622451 -0.4657444
vn -0.9830744 -0.0658125 -0.1709778
vn -0.9716575 -0.1869509 0.1446759
vn -0.8476390 -0.2873747 0.4460088
vn 0.3406609 0.1689206 -0.9248870
vn 0.0689697 -0.0239597 -0.9973310
vn -0.2085694 -0.2126120 -0.9546177
vn -0.4611260 -0.3762329 -0.8036241
vn -0.6611464 -0.4970546 -0.5619806
vn -0.7865904 -0.5617639 -0.2563139
vn -0.8228180 -0.5626415 0.0800325
vn -0.7640460 -0.4983744 0.4097031
vn 0.5051133 0.0208409 -0.8628014
vn 0.3617814 -0.2876194 -0.8867859
vn 0.1779732 -0.5606708 -0.8086864
vn -0.0252100 -0.7687495 -0.6390529
vn -0.2252304 -0.8895712 -0.3974094
vn -0.4000478 -0.9098227 -0.1103826
vn -0.5300062 -0.8263012 0.1905776
vn -0.5995937 -0.6464541 0.4717887
vn 0.6876098 -0.0077572 -0.7260390
vn 0.6867212 -0.3385392 -0.6432769
vn 0.6069283 -0.6278904 -0.4872286
vn 0.4585359 -0.8445550 -0.2765351
vn 0.2585154 -0.9653768 -0.0348916
vn 0.0289073 -0.9770423 0.2110752
vn -0.2050664 -0.8772209 0.4340866
vn -0.4170971 -0.6750523 0.6085511
vn 0.8184430 0.0940496 -0.5668384
vn 0.9196732 -0.1572695 -0.3598161
vn 0.9144496 -0.3885951 -0.1130302
vn 0.8053371 -0.5746944 0.1454599
vn 0.6053167 -0.6955161 0.3871035
vn 0.3364286 -0.7377470 0.5852736
vn 0.0278855 -0.6959512 0.7175474
vn -0.2862639 -0.5732454 0.7677517
vn -0.9921124 0.0886369 -0.0886369
vn -0.8853078 0.1123200 -0.4512364
vn -0.6799811 0.1199090 -0.7233585
vn -0.3980877 0.1136612 -0.9102787
vn -0.0722598 0.0945264 -0.9928964
vn 0.2612400 0.0647310 -0.9631010
vn 0.5656633 0.0275582 -0.8241757
vn 0.8069221 -0.0129333 -0.5905163
vn 0.9566019 -0.0522390 -0.2866774
vn 0.9921124 -0.0886369 0.0886369
vn -0.8744584 0.3235968 -0.3613967
vn -0.6606635 0.4960929 -0.5633964
vn -0.3725864 0.6102639 -0.6991118
vn -0.0435012 0.6545606 -0.7547570
vn 0.2899986 0.6247652 -0.7249616
vn 0.5911646 0.5241609 -0.6130088
vn 0.8262397 0.3632507 -0.4305542
vn 0.9674513 0.1590378 -0.1968376
vn -0.8813691 0.4426987 -0.1649436
vn -0.6729682 0.7081568 -0.2136067
vn -0.3888299 0.8902108 -0.2373521
vn -0.0618195 0.9702652 -0.2340165
vn 0.2716803 0.9404699 -0.2042211
vn 0.5749212 0.8041078 -0.1512491
vn 0.8139351 0.5753145 -0.0807645
vn 0.9605406 0.2781396 -0.0003846
vn -0.9034002 0.4241326 0.0630843
vn -0.7121951 0.6750995 0.1924029
vn -0.4406136 0.8465716 0.2986237
vn -0.1202175 0.9210520 0.3704200
vn 0.2132823 0.8912566 0.4002154
vn 0.5231375 0.7604686 0.3847268
vn 0.7747081 0.5422572 0.3252452
vn 0.9385095 0.2595735 0.2276433
vn -0.9321366 0.2749903 0.2355881
vn -0.7633609 0.4095477 0.4995506
vn -0.5081580 0.4960151 0.7040913
vn -0.1963894 0.5257186 0.8276782
vn 0.1371104 0.4959232 0.8574736
vn 0.4555931 0.4099121 0.7901943
vn 0.7235423 0.2767055 0.6323928
vn 0.9097731 0.1104312 0.4001472
vn -0.9566019 0.0522390 0.2866774
vn -0.8069221 0.0129333 0.5905163
vn -0.5656633 -0.0275582 0.8241757
vn -0.2612400 -0.0647310 0.9631010
vn 0.0722598 -0.0945264 0.9928964
vn 0.3980877 -0.1136612 0.9102787
vn 0.6799811 -0.1199090 0.7233585
vn 0.8853078 -0.1123200 0.4512364
vn -0.9674513 -0.1590378 0.1968376
vn -0.8262397 -0.3632507 0.4305542
vn -0.5911646 -0.5241609 0.6130088
vn -0.2899986 -0.6247652 0.7249616
vn 0.0435012 -0.6545606 0.7547570
vn 0.3725864 -0.6102639 0.6991118
vn 0.6606635 -0.4960929 0.5633964
vn 0.8744584 -0.3235968 0.3613967
vn -0.9605406 -0.2781396 0.0003846
vn -0.8139351 -0.5753145 0.0807645
vn -0.5749212 -0.8041078 0.1512491
vn -0.2716803 -0.9404699 0.2042211
vn 0.0618195 -0.9702652 0.2340165
vn 0.3888299 -0.8902108 0.2373521
vn 0.6729682 -0.7081568 0.2136067
vn 0.8813691 -0.4426987 0.1649436
vn -0.9385095 -0.2595735 -0.2276433
vn -0.7747081 -0.5422572 -0.3252452
vn -0.5231375 -0.7604686 -0.3847268
vn -0.2132823 -0.8912566 -0.4002154
vn 0.1202175 -0.9210520 -0.3704200
vn 0.4406136 -0.8465716 -0.2986237
vn 0.7121951 -0.6750995 -0.1924029
vn 0.9034002 -0.4241326 -0.0630843
vn -0.9097731 -0.1104312 -0.4001472
vn -0.7235423 -0.2767055 -0.6323928
vn -0.4555931 -0.4099121 -0.7901943
vn -0.1371104 -0.4959232 -0.8574736
vn 0.1963894 -0.5257186 -0.8276782
vn 0.5081580 -0.4960151 -0.7040913
vn 0.7633609 -0.4095477 -0.4995506
vn 0.9321366 -0.2749903 -0.2355881
vn -0.5767074 0.3653515 -0.7307030
vn -0.2349204 0.3844223 -0.8927664
vn 0.1027493 0.3543940 -0.9294340
vn 0.4260302 0.2838718 -0.8590198
vn 0.6994062 0.1814177 -0.6913165
vn 0.8932671 0.0586044 -0.4456898
vn 0.9862514 -0.0710354 -0.1492053
vn 0.9670748 -0.1931673 0.1656886
vn 0.8357676 -0.2938723 0.4638228
vn 0.5767074 -0.3653515 0.7307030
vn -0.2656842 0.5775081 -0.7719432
vn 0.0479735 0.6981883 -0.7143050
vn 0.3537204 0.7377168 -0.5750267
vn 0.6178602 0.6932327 -0.3710488
vn 0.8117211 0.5704193 -0.1254221
vn 0.9139415 0.3828096 0.1347878
vn 0.9122990 0.1506270 0.3808175
vn 0.8050038 -0.1007865 0.5846460
vn -0.3994489 0.6795482 -0.6153494
vn -0.1901980 0.8798733 -0.4354857
vn 0.0393087 0.9775604 -0.2069555
vn 0.2632884 0.9637116 0.0440364
vn 0.4571493 0.8408982 0.2896631
vn 0.5995298 0.6226531 0.5028590
vn 0.6741275 0.3323120 0.6596369
vn 0.6712391 0.0012536 0.7412398
vn -0.5851209 0.6515667 -0.4827985
vn -0.5207918 0.8300515 -0.1994754
vn -0.3971104 0.9117903 0.1046032
vn -0.2288747 0.8895407 0.3953906
vn -0.0350138 0.7667273 0.6410174
vn 0.1631108 0.5568830 0.8144177
vn 0.3435337 0.2824902 0.8956472
vn 0.4855671 -0.0267279 0.8737907
vn -0.7517798 0.5042516 -0.4249205
vn -0.8175324 0.5677531 -0.0964221
vn -0.7888394 0.5655286 0.2406445
vn -0.6706396 0.4990507 0.5488086
vn -0.4767787 0.3762374 0.7944353
vn -0.2286183 0.2106213 0.9504590
vn 0.0467931 0.0201919 0.9987005
vn 0.3189082 -0.1740430 0.9316687
vn -0.8357676 0.2938723 -0.4638228
vn -0.9670748 0.1931673 -0.1656886
vn -0.9862514 0.0710354 0.1492053
vn -0.8932671 -0.0586044 0.4456898
vn -0.6994062 -0.1814177 0.6913165
vn -0.4260302 -0.2838718 0.8590198
vn -0.1027493 -0.3543940 0.9294340
vn 0.2349204 -0.3844223 0.8927664
vn -0.8050038 0.1007865 -0.5846460
vn -0.9122990 -0.1506270 -0.3808175
vn -0.9139415 -0.3828096 -0.1347878
vn -0.8117211 -0.5704193 0.1254221
vn -0.6178602 -0.6932327 0.3710488
vn -0.3537204 -0.7377168 0.5750267
vn -0.0479735 -0.6981883 0.7143050
vn 0.2656842 -0.5775081 0.7719432
vn -0.6712391 -0.0012536 -0.7412398
vn -0.6741275 -0.3323120 -0.6596369
vn -0.5995298 -0.6226531 -0.5028590
vn -0.4571493 -0.8408982 -0.2896631
vn -0.2632884 -0.9637116 -0.0440364
vn -0.0393087 -0.9775604 0.2069555
vn 0.1901980 -0.8798733 0.4354857
vn 0.3994489 -0.6795482 0.6153494
vn -0.4855671 0.0267279 -0.8737907
vn -0.3435337 -0.2824902 -0.8956472
vn -0.1631108 -0.5568830 -0.8144177
vn 0.0350138 -0.7667273 -0.6410174
vn 0.2288747 -0.8895407 -0.3953906
vn 0.3971104 -0.9117903 -0.1046032
vn 0.5207918 -0.8300515 0.1994754
vn 0.5851209 -0.6515667 0.4827985
vn -0.3189082 0.1740430 -0.9316687
vn -0.0467931 -0.0201919 -0.9987005
vn 0.2286183 -0.2106213 -0.9504590
vn 0.4767787 -0.3762374 -0.7944353
vn 0.6706396 -0.4990507 -0.5488086
vn 0.7888394 -0.5655286 -0.2406445
vn 0.8175324 -0.5677531 0.0964221
vn 0.7517798 -0.5042516 0.4249205
vn 0.9921124 0.0886369 -0.0886369
vn 0.9566019 0.0522390 0.2866774
vn 0.8069221 0.0129333 0.5905163
vn 0.5656633 -0.0275582 0.8241757
vn 0.2612400 -0.0647310 0.9631010
vn -0.0722598 -0.0945264 0.9928964
vn -0.3980877 -0.1136612 0.9102787
vn -0.6799811 -0.1199090 0.7233585
vn -0.8853078 -0.1123200 0.4512364
vn -0.9921124 -0.0886369 0.0886369
vn 0.9321366 0.2749903 0.2355881
vn 0.7633609 0.4095477 0.4995506
vn 0.5081580 0.4960151 0.7040913
vn 0.1963894 0.5257186 0.8276782
vn -0.1371104 0.4959232 0.8574736
vn -0.4555931 0.4099121 0.7901943
vn -0.7235423 0.2767055 0.6323928
vn -0.9097731 0.1104312 0.4001472
vn 0.9034002 0.4241326 0.0630843
vn 0.7121951 0.6750995 0.1924029
vn 0.4406136 0.8465716 0.2986237
vn 0.1202175 0.9210520 0.3704200
vn -0.2132823 0.8912566 0.4002154
vn -0.5231375 0.7604686 0.3847268
vn -0.7747081 0.5422572 0.3252452
vn -0.9385095 0.2595735 0.2276433
vn 0.8813691 0.4426987 -0.1649436
vn 0.6729682 0.7081568 -0.2136067
vn 0.3888299 0.8902108 -0.2373521
vn 0.0618195 0.9702652 -0.2340165
vn -0.2716803 0.9404699 -0.2042211
vn -0.5749212 0.8041078 -0.1512491
vn -0.8139351 0.5753145 -0.0807645
vn -0.9605406 0.2781396 -0.0003846
vn 0.8744584 0.3235968 -0.3613967
vn 0.6606635 0.4960929 -0.5633964
vn 0.3725864 0.6102639 -0.6991118
vn 0.0435012 0.6545606 -0.7547570
vn -0.2899986 0.6247652 -0.7249616
vn -0.5911646 0.5241609 -0.6130088
vn -0.8262397 0.3632507 -0.4305542
vn -0.9674513 0.1590378 -0.1968376
vn 0.8853078 0.1123200 -0.4512364
vn 0.6799811 0.1199090 -0.7233585
vn 0.3980877 0.1136612 -0.9102787
vn 0.0722598 0.0945264 -0.9928964
vn -0.2612400 0.0647310 -0.9631010
vn -0.5656633 0.0275582 -0.8241757
vn -0.8069221 -0.0129333 -0.5905163
vn -0.9566019 -0.0522390 -0.2866774
vn 0.9097731 -0.1104312 -0.4001472
vn 0.7235423 -0.2767055 -0.6323928
vn 0.4555931 -0.4099121 -0.7901943
vn 0.1371104 -0.4959232 -0.8574736
vn -0.1963894 -0.5257186 -0.8276782
vn -0.5081580 -0.4960151 -0.7040913
vn -0.7633609 -0.4095477 -0.4995506
vn -0.9321366 -0.2749903 -0.2355881
vn 0.9385095 -0.2595735 -0.2276433
vn 0.7747081 -0.5422572 -0.3252452
vn 0.5231375 -0.7604686 -0.3847268
vn 0.2132823 -0.8912566 -0.4002154
vn -0.1202175 -0.9210520 -0.3704200
vn -0.4406136 -0.8465716 -0.2986237
vn -0.7121951 -0.6750995 -0.1924029
vn -0.9034002 -0.4241326 -0.0630843
vn 0.9605406 -0.2781396 0.0003846
vn 0.8139351 -0.5753145 0.0807645
vn 0.5749212 -0.8041078 0.1512491
vn 0.2716803 -0.9404699 0.2042211
vn -0.0618195 -0.9702652 0.2340165
vn -0.3888299 -0.8902108 0.2373521
vn -0.6729682 -0.7081568 0.2136067
vn -0.8813691 -0.4426987 0.1649436
vn 0.9674513 -0.1590378 0.1968376
vn 0.8262397 -0.3632507 0.4305542
vn 0.5911646 -0.5241609 0.6130088
vn 0.2899986 -0.6247652 0.7249616
vn -0.0435012 -0.6545606 0.7547570
vn -0.3725864 -0.6102639 0.6991118
vn -0.6606635 -0.4960929 0.5633964
vn -0.8744584 -0.3235968 0.3613967
vn 0.5767074 0.3653515 -0.7307030
vn 0.8357676 0.2938723 -0.4638228
vn 0.9670748 0.1931673 -0.1656886
vn 0.9862514 0.0710354 0.1492053
vn 0.8932671 -0.0586044 0.4456898
vn 0.6994062 -0.1814177 0.6913165
vn 0.4260302 -0.2838718 0.8590198
vn 0.1027493 -0.3543940 0.9294340
vn -0.2349204 -0.3844223 0.8927664
vn -0.5767074 -0.3653515 0.7307030
vn 0.7517798 0.5042516 -0.4249205
vn 0.8175324 0.5677531 -0.0964221
vn 0.7888394 0.5655286 0.2406445
vn 0.6706396 0.4990507 0.5488086
vn 0.4767787 0.3762374 0.7944353
vn 0.2286183 0.2106213 0.9504590
vn -0.0467931 0.0201919 0.9987005
vn -0.3189082 -0.1740430 0.9316687
vn 0.5851209 0.6515667 -0.4827985
vn 0.5207918 0.8300515 -0.1994754
vn 0.3971104 0.9117903 0.1046032
vn 0.2288747 0.8895407 0.3953906
vn 0.0350138 0.7667273 0.6410174
vn -0.1631108 0.5568830 0.8144177
vn -0.3435337 0.2824902 0.8956472
vn -0.4855671 -0.0267279 0.8737907
vn 0.3994489 0.6795482 -0.6153494
vn 0.1901980 0.8798733 -0.4354857
vn -0.0393087 0.9775604 -0.2069555
vn -0.2632884 0.9637116 0.0440364
vn -0.4571493 0.8408982 0.2896631
vn -0.5995298 0.6226531 0.5028590
vn -0.6741275 0.3323120 0.6596369
vn -0.6712391 0.0012536 0.7412398
vn 0.2656842 0.5775081 -0.7719432
vn -0.0479735 0.6981883 -0.7143050
vn -0.3537204 0.7377168 -0.5750267
vn -0.6178602 0.6932327 -0.3710488
vn -0.8117211 0.5704193 -0.1254221
vn -0.9139415 0.3828096 0.1347878
vn -0.9122990 0.1506270 0.3808175
vn -0.8050038 -0.1007865 0.5846460
vn 0.2349204 0.3844223 -0.8927664
vn -0.1027493 0.3543940 -0.9294340
vn -0.4260302 0.2838718 -0.8590198
vn -0.6994062 0.1814177 -0.6913165
vn -0.8932671 0.0586044 -0.4456898
vn -0.9862514 -0.0710354 -0.1492053
vn -0.9670748 -0.1931673 0.1656886
vn -0.8357676 -0.2938723 0.4638228
vn 0.3189082 0.1740430 -0.9316687
vn 0.0467931 -0.0201919 -0.9987005
vn -0.2286183 -0.2106213 -0.9504590
vn -0.4767787 -0.3762374 -0.7944353
vn -0.6706396 -0.4990507 -0.5488086
vn -0.7888394 -0.5655286 -0.2406445
vn -0.8175324 -0.5677531 0.0964221
vn -0.7517798 -0.5042516 0.4249205
vn 0.4855671 0.0267279 -0.8737907
vn 0.3435337 -0.2824902 -0.8956472
vn 0.1631108 -0.5568830 -0.8144177
vn -0.0350138 -0.7667273 -0.6410174
vn -0.2288747 -0.8895407 -0.3953906
vn -0.3971104 -0.9117903 -0.1046032
vn -0.5207918 -0.8300515 0.1994754
vn -0.5851209 -0.6515667 0.4827985
vn 0.6712391 -0.0012536 -0.7412398
vn 0.6741275 -0.3323120 -0.6596369
vn 0.5995298 -0.6226531 -0.5028590
vn 0.4571493 -0.8408982 -0.2896631
vn 0.2632884 -0.9637116 -0.0440364
vn 0.0393087 -0.9775604 0.2069555
vn -0.1901980 -0.8798733 0.4354857
vn -0.3994489 -0.6795482 0.6153494
vn 0.8050038 0.1007865 -0.5846460
vn 0.9122990 -0.1506270 -0.3808175
vn 0.9139415 -0.3828096 -0.1347878
vn 0.8117211 -0.5704193 0.1254221
vn 0.6178602 -0.6932327 0.3710488
vn 0.3537204 -0.7377168 0.5750267
vn 0.0479735 -0.6981883 0.7143050
vn -0.2656842 -0.5775081 0.7719432
vn 0.9972337 -0.0664822 -0.0332411
vn 0.9396618 -0.0378514 0.3400045
vn 0.7721328 -0.0073315 0.6354189
vn 0.5171590 0.0237975 0.8555584
vn 0.2045958 0.0520786 0.9774602
vn -0.1306256 0.0744266 0.9886342
vn -0.4515670 0.0883793 0.8878493
vn -0.7224459 0.0923071 0.6852382
vn -0.9117560 0.0855764 0.4017184
vn -0.9972337 0.0664822 0.0332411
vn 0.9510230 0.1752477 0.2546438
vn 0.7923618 0.3720972 0.4834319
vn 0.5438635 0.5246837 0.6549195
vn 0.2347112 0.6169433 0.7511935
vn -0.1005102 0.6392914 0.7623675
vn -0.4248625 0.5892654 0.6872104
vn -0.7022169 0.4717357 0.5332512
vn -0.9003947 0.2986756 0.3163577
vn 0.9527151 0.2978356 0.0602315
vn 0.7953747 0.5903681 0.1372758
vn 0.5478408 0.8128245 0.1979566
vn 0.2391965 0.9418885 0.2358624
vn -0.0960249 0.9642366 0.2470364
vn -0.4208852 0.8774063 0.2302474
vn -0.6992040 0.6900067 0.1870951
vn -0.8987026 0.4212635 0.1219454
vn 0.9440918 0.2830878 -0.1689735
vn 0.7800206 0.5641092 -0.2708297
vn 0.5275717 0.7781600 -0.3407861
vn 0.2163385 0.9027963 -0.3716942
vn -0.1188829 0.9251443 -0.3605202
vn -0.4411543 0.8427417 -0.3084952
vn -0.7145581 0.6637478 -0.2210104
vn -0.9073260 0.4065156 -0.1072595
vn 0.9284468 0.1366374 -0.3454227
vn 0.7521643 0.3033505 -0.5850021
vn 0.4907984 0.4339308 -0.7555270
vn 0.1748681 0.5145984 -0.8394103
vn -0.1603533 0.5369465 -0.8282362
vn -0.4779276 0.4985125 -0.7232361
vn -0.7424144 0.4029891 -0.5351828
vn -0.9229710 0.2600653 -0.2837087
vn 0.9117560 -0.0855764 -0.4017184
vn 0.7224459 -0.0923071 -0.6852382
vn 0.4515670 -0.0883793 -0.8878493
vn 0.1306256 -0.0744266 -0.9886342
vn -0.2045958 -0.0520786 -0.9774602
vn -0.5171590 -0.0237975 -0.8555584
vn -0.7721328 0.0073315 -0.6354189
vn -0.9396618 0.0378514 -0.3400045
vn 0.9003947 -0.2986756 -0.3163577
vn 0.7022169 -0.4717357 -0.5332512
vn 0.4248625 -0.5892654 -0.6872104
vn 0.1005102 -0.6392914 -0.7623675
vn -0.2347112 -0.6169433 -0.7511935
vn -0.5438635 -0.5246837 -0.6549195
vn -0.7923618 -0.3720972 -0.4834319
vn -0.9510230 -0.1752477 -0.2546438
vn 0.8987026 -0.4212635 -0.1219454
vn 0.6992040 -0.6900067 -0.1870951
vn 0.4208852 -0.8774063 -0.2302474
vn 0.0960249 -0.9642366 -0.2470364
vn -0.2391965 -0.9418885 -0.2358624
vn -0.5478408 -0.8128245 -0.1979566
vn -0.7953747 -0.5903681 -0.1372758
vn -0.9527151 -0.2978356 -0.0602315
vn 0.9073260 -0.4065156 0.1072595
vn 0.7145581 -0.6637478 0.2210104
vn 0.4411543 -0.8427417 0.3084952
vn 0.1188829 -0.9251443 0.3605202
vn -0.2163385 -0.9027963 0.3716942
vn -0.5275717 -0.7781600 0.3407861
vn -0.7800206 -0.5641092 0.2708297
vn -0.9440918 -0.2830878 0.1689735
vn 0.9229710 -0.2600653 0.2837087
vn 0.7424144 -0.4029891 0.5351828
vn 0.4779276 -0.4985125 0.7232361
vn 0.1603533 -0.5369465 0.8282362
vn -0.1748681 -0.5145984 0.8394103
vn -0.4907984 -0.4339308 0.7555270
vn -0.7521643 -0.3033505 0.5850021
vn -0.9284468 -0.1366374 0.3454227
vn -0.9972337 -0.0664822 -0.0332411
vn -0.9117560 -0.0855764 -0.4017184
vn -0.7224459 -0.0923071 -0.6852382
vn -0.4515670 -0.0883793 -0.8878493
vn -0.1306256 -0.0744266 -0.9886342
vn 0.2045958 -0.0520786 -0.9774602
vn 0.5171590 -0.0237975 -0.8555584
vn 0.7721328 0.0073315 -0.6354189
vn 0.9396618 0.0378514 -0.3400045
vn 0.9972337 0.0664822 0.0332411
vn -0.9284468 0.1366374 -0.3454227
vn -0.7521643 0.3033505 -0.5850021
vn -0.4907984 0.4339308 -0.7555270
vn -0.1748681 0.5145984 -0.8394103
vn 0.1603533 0.5369465 -0.8282362
vn 0.4779276 0.4985125 -0.7232361
vn 0.7424144 0.4029891 -0.5351828
vn 0.9229710 0.2600653 -0.2837087
vn -0.9440918 0.2830878 -0.1689735
vn -0.7800206 0.5641092 -0.2708297
vn -0.5275717 0.7781600 -0.3407861
vn -0.2163385 0.9027963 -0.3716942
vn 0.1188829 0.9251443 -0.3605202
vn 0.4411543 0.8427417 -0.3084952
vn 0.7145581 0.6637478 -0.2210104
vn 0.9073260 0.4065156 -0.1072595
vn -0.9527151 0.2978356 0.0602315
vn -0.7953747 0.5903681 0.1372758
vn -0.5478408 0.8128245 0.1979566
vn -0.2391965 0.9418885 0.2358624
vn 0.0960249 0.9642366 0.2470364
vn 0.4208852 0.8774063 0.2302474
vn 0.6992040 0.6900067 0.1870951
vn 0.8987026 0.4212635 0.1219454
vn -0.9510230 0.1752477 0.2546438
vn -0.7923618 0.3720972 0.4834319
vn -0.5438635 0.5246837 0.6549195
vn -0.2347112 0.6169433 0.7511935
vn 0.1005102 0.6392914 0.7623675
vn 0.4248625 0.5892654 0.6872104
vn 0.7022169 0.4717357 0.5332512
vn 0.9003947 0.2986756 0.3163577
vn -0.9396618 -0.0378514 0.3400045
vn -0.7721328 -0.0073315 0.6354189
vn -0.5171590 0.0237975 0.8555584
vn -0.2045958 0.0520786 0.9774602
vn 0.1306256 0.0744266 0.9886342
vn 0.4515670 0.0883793 0.8878493
vn 0.7224459 0.0923071 0.6852382
vn 0.9117560 0.0855764 0.4017184
vn -0.9229710 -0.2600653 0.2837087
vn -0.7424144 -0.4029891 0.5351828
vn -0.4779276 -0.4985125 0.7232361
vn -0.1603533 -0.5369465 0.8282362
vn 0.1748681 -0.5145984 0.8394103
vn 0.4907984 -0.4339308 0.7555270
vn 0.7521643 -0.3033505 0.5850021
vn 0.9284468 -0.1366374 0.3454227
vn -0.9073260 -0.4065156 0.1072595
vn -0.7145581 -0.6637478 0.2210104
vn -0.4411543 -0.8427417 0.3084952
vn -0.1188829 -0.9251443 0.3605202
vn 0.2163385 -0.9027963 0.3716942
vn 0.5275717 -0.7781600 0.3407861
vn 0.7800206 -0.5641092 0.2708297
vn 0.9440918 -0.2830878 0.1689735
vn -0.8987026 -0.4212635 -0.1219454
vn -0.6992040 -0.6900067 -0.1870951
vn -0.4208852 -0.8774063 -0.2302474
vn -0.0960249 -0.9642366 -0.2470364
vn 0.2391965 -0.9418885 -0.2358624
vn 0.5478408 -0.8128245 -0.1979566
vn 0.7953747 -0.5903681 -0.1372758
vn 0.9527151 -0.2978356 -0.0602315
vn -0.9003947 -0.2986756 -0.3163577
vn -0.7022169 -0.4717357 -0.5332512
vn -0.4248625 -0.5892654 -0.6872104
vn -0.1005102 -0.6392914 -0.7623675
vn 0.2347112 -0.6169433 -0.7511935
vn 0.5438635 -0.5246837 -0.6549195
vn 0.7923618 -0.3720972 -0.4834319
vn 0.9510230 -0.1752477 -0.2546438
vn 0.2793295 0.9601953 -0.0000000
vn 0.6021686 0.7915819 0.1038799
vn 0.8198142 0.5419355 0.1849609
vn 0.9415908 0.2319241 0.2441681
vn 0.9558076 -0.1030100 0.2753558
vn 0.8619106 -0.4257808 0.2753558
vn 0.6702464 -0.7008222 0.2441681
vn 0.4011762 -0.8971327 0.1849609
vn 0.0835784 -0.9910720 0.1038799
vn -0.2793295 -0.9601953 -0.0000000
vn 0.4780569 0.8276871 0.2939312
vn 0.5988302 0.6062218 0.5233522
vn 0.6498683 0.3167889 0.6908806
vn 0.6268232 -0.0073054 0.7791272
vn 0.5329263 -0.3300762 0.7791272
vn 0.3785239 -0.6159575 0.6908806
vn 0.1801921 -0.8328465 0.5233522
vn -0.0405333 -0.9549667 0.2939312
vn 0.2703857 0.8881006 0.3717108
vn 0.2290661 0.7137895 0.6618408
vn 0.1617404 0.4587897 0.8737002
vn 0.0763464 0.1528333 0.9852985
vn -0.0175505 -0.1699375 0.9852985
vn -0.1096040 -0.4739567 0.8737002
vn -0.1895719 -0.7252787 0.6618408
vn -0.2482045 -0.8945533 0.3717108
vn 0.0584782 0.9497464 0.3075095
vn -0.1482407 0.8235515 0.5475287
vn -0.3363446 0.6036872 0.7227960
vn -0.4853594 0.3162386 0.8151193
vn -0.5792563 -0.0065322 0.8151193
vn -0.6076890 -0.3290592 0.7227960
vn -0.5668787 -0.6155168 0.5475287
vn -0.4601120 -0.8329075 0.3075095
vn -0.0767240 0.9890780 0.1258500
vn -0.3889718 0.8935824 0.2240792
vn -0.6541353 0.6961354 0.2958084
vn -0.8437417 0.4204953 0.3335922
vn -0.9376386 0.0977244 0.3335922
vn -0.9254797 -0.2366110 0.2958084
vn -0.8076098 -0.5454859 0.2240792
vn -0.5953142 -0.7935759 0.1258500
vn -0.0835784 0.9910720 -0.1038799
vn -0.4011762 0.8971327 -0.1849609
vn -0.6702464 0.7008222 -0.2441681
vn -0.8619106 0.4257808 -0.2753558
vn -0.9558076 0.1030100 -0.2753558
vn -0.9415908 -0.2319241 -0.2441681
vn -0.8198142 -0.5419355 -0.1849609
vn -0.6021686 -0.7915819 -0.1038799
vn 0.0405333 0.9549667 -0.2939312
vn -0.1801921 0.8328465 -0.5233522
vn -0.3785239 0.6159575 -0.6908806
vn -0.5329263 0.3300762 -0.7791272
vn -0.6268232 0.0073054 -0.7791272
vn -0.6498683 -0.3167889 -0.6908806
vn -0.5988302 -0.6062218 -0.5233522
vn -0.4780569 -0.8276871 -0.2939312
vn 0.2482045 0.8945533 -0.3717108
vn 0.1895719 0.7252787 -0.6618408
vn 0.1096040 0.4739567 -0.8737002
vn 0.0175505 0.1699375 -0.9852985
vn -0.0763464 -0.1528333 -0.9852985
vn -0.1617404 -0.4587897 -0.8737002
vn -0.2290661 -0.7137895 -0.6618408
vn -0.2703857 -0.8881006 -0.3717108
vn 0.4601120 0.8329075 -0.3075095
vn 0.5668787 0.6155168 -0.5475287
vn 0.6076890 0.3290592 -0.7227960
vn 0.5792563 0.0065322 -0.8151193
vn 0.4853594 -0.3162386 -0.8151193
vn 0.3363446 -0.6036872 -0.7227960
vn 0.1482407 -0.8235515 -0.5475287
vn -0.0584782 -0.9497464 -0.3075095
vn 0.5953142 0.7935759 -0.1258500
vn 0.8076098 0.5454859 -0.2240792
vn 0.9254797 0.2366110 -0.2958084
vn 0.9376386 -0.0977244 -0.3335922
vn 0.8437417 -0.4204953 -0.3335922
vn 0.6541353 -0.6961354 -0.2958084
vn 0.3889718 -0.8935824 -0.2240792
vn 0.0767240 -0.9890780 -0.1258500
vn 0.0921356 0.9950642 -0.0368542
vn 0.4543728 0.8908116 0.0000534
vn 0.7257819 0.6871140 0.0333913
vn 0.9117161 0.4060176 0.0626374
vn 0.9931891 0.0800818 0.0846306
vn 0.9622176 -0.2544102 0.0970192
vn 0.8222144 -0.5606009 0.0984381
vn 0.5876960 -0.8042132 0.0886257
vn 0.2833181 -0.9565783 0.0684752
vn -0.0921356 -0.9950642 0.0368542
vn 0.3646012 0.9069375 0.2110222
vn 0.5659413 0.7158265 0.4090267
vn 0.7007096 0.4439211 0.5585160
vn 0.7552305 0.1228268 0.6438481
vn 0.7242590 -0.2116653 0.6562367
vn 0.6112079 -0.5226974 0.5943167
vn 0.4278555 -0.7755007 0.4642611
vn 0.1935466 -0.9404524 0.2794440
vn 0.1682329 0.9294641 0.3283202
vn 0.2163025 0.7559357 0.6178790
vn 0.2391491 0.4968695 0.8342232
vn 0.2347146 0.1825384 0.9547716
vn 0.2037431 -0.1519537 0.9671602
vn 0.1496474 -0.4697490 0.8700239
vn 0.0782166 -0.7353915 0.6731133
vn -0.0028217 -0.9179258 0.3967421
vn -0.0597261 0.9497871 0.3071437
vn -0.1895845 0.7921214 0.5801736
vn -0.2966649 0.5446384 0.7844482
vn -0.3695393 0.2364088 0.8986387
vn -0.4005108 -0.0980832 0.9110273
vn -0.3861666 -0.4219801 0.8202488
vn -0.3276704 -0.6992058 0.6354080
vn -0.2307807 -0.8976028 0.3755655
vn -0.2322033 0.9601438 0.1555813
vn -0.4966847 0.8105617 0.3103129
vn -0.7020697 0.5689817 0.4282033
vn -0.8267267 0.2638614 0.4968904
vn -0.8576982 -0.0706306 0.5092790
vn -0.7915714 -0.3976368 0.4640039
vn -0.6347705 -0.6807655 0.3655472
vn -0.4032579 -0.8872461 0.2240032
vn -0.2833181 0.9565783 -0.0684752
vn -0.5876960 0.8042132 -0.0886257
vn -0.8222144 0.5606009 -0.0984381
vn -0.9622176 0.2544102 -0.0970192
vn -0.9931891 -0.0800818 -0.0846306
vn -0.9117161 -0.4060176 -0.0626374
vn -0.7257819 -0.6871140 -0.0333913
vn -0.4543728 -0.8908116 -0.0000534
vn -0.1935466 0.9404524 -0.2794440
vn -0.4278555 0.7755007 -0.4642611
vn -0.6112079 0.5226974 -0.5943167
vn -0.7242590 0.2116653 -0.6562367
vn -0.7552305 -0.1228268 -0.6438481
vn -0.7007096 -0.4439211 -0.5585160
vn -0.5659413 -0.7158265 -0.4090267
vn -0.3646012 -0.9069375 -0.2110222
vn 0.0028217 0.9179258 -0.3967421
vn -0.0782166 0.7353915 -0.6731133
vn -0.1496474 0.4697490 -0.8700239
vn -0.2037431 0.1519537 -0.9671602
vn -0.2347146 -0.1825384 -0.9547716
vn -0.2391491 -0.4968695 -0.8342232
vn -0.2163025 -0.7559357 -0.6178790
vn -0.1682329 -0.9294641 -0.3283202
vn 0.2307807 0.8976028 -0.3755655
vn 0.3276704 0.6992058 -0.6354080
vn 0.3861666 0.4219801 -0.8202488
vn 0.4005108 0.0980832 -0.9110273
vn 0.3695393 -0.2364088 -0.8986387
vn 0.2966649 -0.5446384 -0.7844482
vn 0.1895845 -0.7921214 -0.5801736
vn 0.0597261 -0.9497871 -0.3071437
vn 0.4032579 0.8872461 -0.2240032
vn 0.6347705 0.6807655 -0.3655472
vn 0.7915714 0.3976368 -0.4640039
vn 0.8576982 0.0706306 -0.5092790
vn 0.8267267 -0.2638614 -0.4968904
vn 0.7020697 -0.5689817 -0.4282033
vn 0.4966847 -0.8105617 -0.3103129
vn 0.2322033 -0.9601438 -0.1555813
vn 0.0737178 0.9951909 0.0645031
vn 0.4381605 0.8946483 0.0872917
vn 0.7135551 0.6938308 0.0971492
vn 0.9048494 0.4148206 0.0957680
vn 0.9924379 0.0899612 0.0835105
vn 0.9676576 -0.2445735 0.0618277
vn 0.8332389 -0.5519210 0.0331088
vn 0.6030724 -0.7976863 0.0004768
vn 0.3012993 -0.9529769 -0.0324618
vn -0.0737178 -0.9951909 -0.0645031
vn 0.3504060 0.8873881 0.2995963
vn 0.5573060 0.6809039 0.4751631
vn 0.6985839 0.3977557 0.5947864
vn 0.7598260 0.0707166 0.6462690
vn 0.7350457 -0.2638181 0.6245862
vn 0.6269734 -0.5689859 0.5321273
vn 0.4468232 -0.8106132 0.3784907
vn 0.2135449 -0.9602370 0.1798428
vn 0.1549465 0.8940409 0.4203361
vn 0.2092852 0.6927493 0.6901436
vn 0.2391595 0.4133929 0.8785835
vn 0.2417190 0.0883511 0.9663157
vn 0.2169387 -0.2461835 0.9446329
vn 0.1675490 -0.5533487 0.8159244
vn 0.0988025 -0.7987678 0.5934711
vn 0.0180854 -0.9535843 0.3005826
vn -0.0735591 0.9120654 0.4033928
vn -0.1975750 0.7248424 0.6599754
vn -0.2979393 0.4557593 0.8387584
vn -0.3639838 0.1361290 0.9214037
vn -0.3887641 -0.1984057 0.8997209
vn -0.3695498 -0.5109823 0.7760992
vn -0.3080578 -0.7666747 0.5633030
vn -0.2104203 -0.9355598 0.2836393
vn -0.2478295 0.9345770 0.2552379
vn -0.5078680 0.7649248 0.3961819
vn -0.7075590 0.5086723 0.4905229
vn -0.8259245 0.1958006 0.5286878
vn -0.8507049 -0.1387341 0.5070050
vn -0.7791695 -0.4580693 0.4278638
vn -0.6183508 -0.7265923 0.2995095
vn -0.3846907 -0.9130482 0.1354845
vn -0.3012993 0.9529769 0.0324618
vn -0.6030724 0.7976863 -0.0004768
vn -0.8332389 0.5519210 -0.0331088
vn -0.9676576 0.2445735 -0.0618277
vn -0.9924379 -0.0899612 -0.0835105
vn -0.9048494 -0.4148206 -0.0957680
vn -0.7135551 -0.6938308 -0.0971492
vn -0.4381605 -0.8946483 -0.0872917
vn -0.2135449 0.9602370 -0.1798428
vn -0.4468232 0.8106132 -0.3784907
vn -0.6269734 0.5689859 -0.5321273
vn -0.7350457 0.2638181 -0.6245862
vn -0.7598260 -0.0707166 -0.6462690
vn -0.6985839 -0.3977557 -0.5947864
vn -0.5573060 -0.6809039 -0.4751631
vn -0.3504060 -0.8873881 -0.2995963
vn -0.0180854 0.9535843 -0.3005826
vn -0.0988025 0.7987678 -0.5934711
vn -0.1675490 0.5533487 -0.8159244
vn -0.2169387 0.2461835 -0.9446329
vn -0.2417190 -0.0883511 -0.9663157
vn -0.2391595 -0.4133929 -0.8785835
vn -0.2092852 -0.6927493 -0.6901436
vn -0.1549465 -0.8940409 -0.4203361
vn 0.2104203 0.9355598 -0.2836393
vn 0.3080578 0.7666747 -0.5633030
vn 0.3695498 0.5109823 -0.7760992
vn 0.3887641 0.1984057 -0.8997209
vn 0.3639838 -0.1361290 -0.9214037
vn 0.2979393 -0.4557593 -0.8387584
vn 0.1975750 -0.7248424 -0.6599754
vn 0.0735591 -0.9120654 -0.4033928
vn 0.3846907 0.9130482 -0.1354845
vn 0.6183508 0.7265923 -0.2995095
vn 0.7791695 0.4580693 -0.4278638
vn 0.8507049 0.1387341 -0.5070050
vn 0.8259245 -0.1958006 -0.5286878
vn 0.7075590 -0.5086723 -0.4905229
vn 0.5078680 -0.7649248 -0.3961819
vn 0.2478295 -0.9345770 -0.2552379
vn -0.7261444 0.6875423 0.0000000
vn 0.7261444 0.6875423 -0.0000000
vn -0.7261444 -0.6875423 0.0000000
vn 0.7261444 -0.6875423 0.0000000
vn -0.0000000 -0.1698548 0.9854691
vn 0.0000000 0.1698548 0.9854691
vn 0.0000000 -0.1698548 -0.9854691
vn -0.0000000 0.1698548 -0.9854691
vn 0.6149353 0.0000000 -0.7885776
vn 0.6149353 0.0000000 0.7885776
vn -0.6149353 0.0000000 -0.7885776
vn -0.6149353 -0.0000000 0.7885776
vn -0.0000000 1.0000000 0.0000000
vn -0.0000000 -1.0000000 -0.0000000
vn -0.2643864 -0.4100645 0.8728957
vn 0.2643864 -0.4100645 0.8728957
vn -0.2643864 0.4100645 0.8728957
vn 0.2643864 0.4100645 0.8728957
vn 0.0000000 0.0000000 1.0000000
vn -0.2643864 -0.4100645 -0.8728957
vn 0.2643864 -0.4100645 -0.8728957
vn -0.2643864 0.4100645 -0.8728957
vn 0.2643864 0.4100645 -0.8728957
vn -0.0000000 -0.0000000 -1.0000000
vn 0.7667759 0.2759201 -0.5795885
vn 0.7667759 -0.2759201 -0.5795885
vn 0.2837838 -0.1020579 -0.9534416
vn 0.2837838 0.1020579 -0.9534416
vn 0.7667759 0.2759201 0.5795885
vn 0.7667759 -0.2759201 0.5795885
vn 0.2837838 -0.1020579 0.9534416
vn 0.2837838 0.1020579 0.9534416
vn 1.0000000 0.0000000 0.0000000
vn -0.7667759 0.2759201 -0.5795885
vn -0.7667759 -0.2759201 -0.5795885
vn -0.2837838 -0.1020579 -0.9534416
vn -0.2837838 0.1020579 -0.9534416
vn -0.7667759 0.2759201 0.5795885
vn -0.7667759 -0.2759201 0.5795885
vn -0.2837838 -0.1020579 0.9534416
vn -0.2837838 0.1020579 0.9534416
vn -1.0000000 0.0000000 0.0000000
vn -0.4372307 0.8993494 -0.0000000
vn 0.4372307 0.8993494 0.0000000
vn -0.4372307 -0.8993494 -0.0000000
vn 0.4372307 -0.8993494 -0.0000000
vn -0.5165561 -0.6172564 0.5934344
vn -0.1046716 -0.2660687 0.9582543
vn -0.1988532 -0.7374061 0.6455151
vn 0.5165561 -0.6172564 0.5934344
vn 0.1046716 -0.2660687 0.9582543
vn 0.1988532 -0.7374061 0.6455151
vn 0.0000000 -0.4371614 0.8993831
vn -0.5165561 0.6172564 0.5934344
vn -0.1046716 0.2660687 0.9582543
vn -0.1988532 0.7374061 0.6455151
vn 0.5165561 0.6172564 0.5934344
vn 0.1046716 0.2660687 0.9582543
vn 0.1988532 0.7374061 0.6455151
vn 0.0000000 0.4371614 0.8993831
vn 0.0000000 -0.0798945 0.9968033
vn -0.0000000 0.0798945 0.9968033
vn -0.5165561 -0.6172564 -0.5934344
vn -0.1046716 -0.2660687 -0.9582543
vn -0.1988532 -0.7374061 -0.6455151
vn 0.5165561 -0.6172564 -0.5934344
vn 0.1046716 -0.2660687 -0.9582543
vn 0.1988532 -0.7374061 -0.6455151
vn -0.0000000 -0.4371614 -0.8993831
vn -0.5165561 0.6172564 -0.5934344
vn -0.1046716 0.2660687 -0.9582543
vn -0.1988532 0.7374061 -0.6455151
vn 0.5165561 0.6172564 -0.5934344
vn 0.1046716 0.2660687 -0.9582543
vn 0.1988532 0.7374061 -0.6455151
vn 0.0000000 0.4371614 -0.8993831
vn 0.0000000 -0.0798945 -0.9968033
vn 0.0000000 0.0798945 -0.9968033
vn 0.8062579 0.4807941 -0.3446523
vn 0.6899284 0.1205086 -0.7137762
vn 0.5223330 0.3598178 -0.7731102
vn 0.8062579 -0.4807941 -0.3446523
vn 0.6899284 -0.1205086 -0.7137762
vn 0.5223330 -0.3598178 -0.7731102
vn 0.1414012 -0.1367743 -0.9804583
vn 0.4402929 -0.0591758 -0.8959020
vn 0.2874020 -0.2262578 -0.9307027
vn 0.1344346 -0.0442351 -0.9899346
vn 0.4853953 -0.1801921 -0.8555246
vn 0.1414012 0.1367743 -0.9804583
vn 0.4402929 0.0591758 -0.8959020
vn 0.2874020 0.2262578 -0.9307027
vn 0.1344346 0.0442351 -0.9899346
vn 0.4853953 0.1801921 -0.8555246
vn 0.2801891 -0.0000000 -0.9599448
vn 0.8062579 0.4807941 0.3446523
vn 0.6899284 0.1205086 0.7137762
vn 0.5223330 0.3598178 0.7731102
vn 0.9419273 0.3358170 0.0000000
vn 0.8062579 -0.4807941 0.3446523
vn 0.6899284 -0.1205086 0.7137762
vn 0.5223330 -0.3598178 0.7731102
vn 0.9419273 -0.3358170 0.0000000
vn 0.1414012 -0.1367743 0.9804583
vn 0.4402929 -0.0591758 0.8959020
vn 0.2874020 -0.2262578 0.9307027
vn 0.1344346 -0.0442351 0.9899346
vn 0.4853953 -0.1801921 0.8555246
vn 0.1414012 0.1367743 0.9804583
vn 0.4402929 0.0591758 0.8959020
vn 0.2874020 0.2262578 0.9307027
vn 0.1344346 0.0442351 0.9899346
vn 0.4853953 0.1801921 0.8555246
vn 0.2801891 -0.0000000 0.9599448
vn 0.8674446 0.0000000 -0.4975338
vn 0.8674446 0.0000000 0.4975338
vn 0.9421148 0.1544180 -0.2976151
vn 0.9421148 -0.1544180 -0.2976151
vn 0.9421148 0.1544180 0.2976151
vn 0.9421148 -0.1544180 0.2976151
vn -0.8062579 0.4807941 -0.3446523
vn -0.6899284 0.1205086 -0.7137762
vn -0.5223330 0.3598178 -0.7731102
vn -0.8062579 -0.4807941 -0.3446523
vn -0.6899284 -0.1205086 -0.7137762
vn -0.5223330 -0.3598178 -0.7731102
vn -0.1414012 -0.1367743 -0.9804583
vn -0.4402929 -0.0591758 -0.8959020
vn -0.2874020 -0.2262578 -0.9307027
vn -0.1344346 -0.0442351 -0.9899346
vn -0.4853953 -0.1801921 -0.8555246
vn -0.1414012 0.1367743 -0.9804583
vn -0.4402929 0.0591758 -0.8959020
vn -0.2874020 0.2262578 -0.9307027
vn -0.1344346 0.0442351 -0.9899346
vn -0.4853953 0.1801921 -0.8555246
vn -0.2801891 0.0000000 -0.9599448
vn -0.8062579 0.4807941 0.3446523
vn -0.6899284 0.1205086 0.7137762
vn -0.5223330 0.3598178 0.7731102
vn -0.9419273 0.3358170 0.0000000
vn -0.8062579 -0.4807941 0.3446523
vn -0.6899284 -0.1205086 0.7137762
vn -0.5223330 -0.3598178 0.7731102
vn -0.9419273 -0.3358170 -0.0000000
vn -0.1414012 -0.1367743 0.9804583
vn -0.4402929 -0.0591758 0.8959020
vn -0.2874020 -0.2262578 0.9307027
vn -0.1344346 -0.0442351 0.9899346
vn -0.4853953 -0.1801921 0.8555246
vn -0.1414012 0.1367743 0.9804583
vn -0.4402929 0.0591758 0.8959020
vn -0.2874020 0.2262578 0.9307027
vn -0.1344346 0.0442351 0.9899346
vn -0.4853953 0.1801921 0.8555246
vn -0.2801891 0.0000000 0.9599448
vn -0.8674446 0.0000000 -0.4975338
vn -0.8674446 0.0000000 0.4975338
vn -0.9421148 0.1544180 -0.2976151
vn -0.9421148 -0.1544180 -0.2976151
vn -0.9421148 0.1544180 0.2976151
vn -0.9421148 -0.1544180 0.2976151
vn -0.2793295 0.9601953 -0.0000000
vn 0.0835784 0.9910720 -0.1038799
vn 0.4011762 0.8971327 -0.1849609
vn 0.6702464 0.7008222 -0.2441681
vn 0.8619106 0.4257808 -0.2753558
vn 0.9558076 0.1030100 -0.2753558
vn 0.9415908 -0.2319241 -0.2441681
vn 0.8198142 -0.5419355 -0.1849609
vn 0.6021686 -0.7915819 -0.1038799
vn 0.2793295 -0.9601953 -0.0000000
vn 0.0767240 0.9890780 0.1258500
vn 0.3889718 0.8935824 0.2240792
vn 0.6541353 0.6961354 0.2958084
vn 0.8437417 0.4204953 0.3335922
vn 0.9376386 0.0977244 0.3335922
vn 0.9254797 -0.2366110 0.2958084
vn 0.8076098 -0.5454859 0.2240792
vn 0.5953142 -0.7935759 0.1258500
vn -0.0584782 0.9497464 0.3075095
vn 0.1482407 0.8235515 0.5475287
vn 0.3363446 0.6036872 0.7227960
vn 0.4853594 0.3162386 0.8151193
vn 0.5792563 -0.0065322 0.8151193
vn 0.6076890 -0.3290592 0.7227960
vn 0.5668787 -0.6155168 0.5475287
vn 0.4601120 -0.8329075 0.3075095
vn -0.2703857 0.8881006 0.3717108
vn -0.2290661 0.7137895 0.6618408
vn -0.1617404 0.4587897 0.8737002
vn -0.0763464 0.1528333 0.9852985
vn 0.0175505 -0.1699375 0.9852985
vn 0.1096040 -0.4739567 0.8737002
vn 0.1895719 -0.7252787 0.6618408
vn 0.2482045 -0.8945533 0.3717108
vn -0.4780569 0.8276871 0.2939312
vn -0.5988302 0.6062218 0.5233522
vn -0.6498683 0.3167889 0.6908806
vn -0.6268232 -0.0073054 0.7791272
vn -0.5329263 -0.3300762 0.7791272
vn -0.3785239 -0.6159575 0.6908806
vn -0.1801921 -0.8328465 0.5233522
vn 0.0405333 -0.9549667 0.2939312
vn -0.6021686 0.7915819 0.1038799
vn -0.8198142 0.5419355 0.1849609
vn -0.9415908 0.2319241 0.2441681
vn -0.9558076 -0.1030100 0.2753558
vn -0.8619106 -0.4257808 0.2753558
vn -0.6702464 -0.7008222 0.2441681
vn -0.4011762 -0.8971327 0.1849609
vn -0.0835784 -0.9910720 0.1038799
vn -0.5953142 0.7935759 -0.1258500
vn -0.8076098 0.5454859 -0.2240792
vn -0.9254797 0.2366110 -0.2958084
vn -0.9376386 -0.0977244 -0.3335922
vn -0.8437417 -0.4204953 -0.3335922
vn -0.6541353 -0.6961354 -0.2958084
vn -0.3889718 -0.8935824 -0.2240792
vn -0.0767240 -0.9890780 -0.1258500
vn -0.4601120 0.8329075 -0.3075095
vn -0.5668787 0.6155168 -0.5475287
vn -0.6076890 0.3290592 -0.7227960
vn -0.5792563 0.0065322 -0.8151193
vn -0.4853594 -0.3162386 -0.8151193
vn -0.3363446 -0.6036872 -0.7227960
vn -0.1482407 -0.8235515 -0.5475287
vn 0.0584782 -0.9497464 -0.3075095
vn -0.2482045 0.8945533 -0.3717108
vn -0.1895719 0.7252787 -0.6618408
vn -0.1096040 0.4739567 -0.8737002
vn -0.0175505 0.1699375 -0.9852985
vn 0.0763464 -0.1528333 -0.9852985
vn 0.1617404 -0.4587897 -0.8737002
vn 0.2290661 -0.7137895 -0.6618408
vn 0.2703857 -0.8881006 -0.3717108
vn -0.0405333 0.9549667 -0.2939312
vn 0.1801921 0.8328465 -0.5233522
vn 0.3785239 0.6159575 -0.6908806
vn 0.5329263 0.3300762 -0.7791272
vn 0.6268232 0.0073054 -0.7791272
vn 0.6498683 -0.3167889 -0.6908806
vn 0.5988302 -0.6062218 -0.5233522
vn 0.4780569 -0.8276871 -0.2939312
vn -0.0921356 0.9950642 -0.0368542
vn 0.2833181 0.9565783 -0.0684752
vn 0.5876960 0.8042132 -0.0886257
vn 0.8222144 0.5606009 -0.0984381
vn 0.9622176 0.2544102 -0.0970192
vn 0.9931891 -0.0800818 -0.0846306
vn 0.9117161 -0.4060176 -0.0626374
vn 0.7257819 -0.6871140 -0.0333913
vn 0.4543728 -0.8908116 -0.0000534
vn 0.0921356 -0.9950642 0.0368542
vn 0.2322033 0.9601438 0.1555813
vn 0.4966847 0.8105617 0.3103129
vn 0.7020697 0.5689817 0.4282033
vn 0.8267267 0.2638614 0.4968904
vn 0.8576982 -0.0706306 0.5092790
vn 0.7915714 -0.3976368 0.4640039
vn 0.6347705 -0.6807655 0.3655472
vn 0.4032579 -0.8872461 0.2240032
vn 0.0597261 0.9497871 0.3071437
vn 0.1895845 0.7921214 0.5801736
vn 0.2966649 0.5446384 0.7844482
vn 0.3695393 0.2364088 0.8986387
vn 0.4005108 -0.0980832 0.9110273
vn 0.3861666 -0.4219801 0.8202488
vn 0.3276704 -0.6992058 0.6354080
vn 0.2307807 -0.8976028 0.3755655
vn -0.1682329 0.9294641 0.3283202
vn -0.2163025 0.7559357 0.6178790
vn -0.2391491 0.4968695 0.8342232
vn -0.2347146 0.1825384 0.9547716
vn -0.2037431 -0.1519537 0.9671602
vn -0.1496474 -0.4697490 0.8700239
vn -0.0782166 -0.7353915 0.6731133
vn 0.0028217 -0.9179258 0.3967421
vn -0.3646012 0.9069375 0.2110222
vn -0.5659413 0.7158265 0.4090267
vn -0.7007096 0.4439211 0.5585160
vn -0.7552305 0.1228268 0.6438481
vn -0.7242590 -0.2116653 0.6562367
vn -0.6112079 -0.5226974 0.5943167
vn -0.4278555 -0.7755007 0.4642611
vn -0.1935466 -0.9404524 0.2794440
vn -0.4543728 0.8908116 0.0000534
vn -0.7257819 0.6871140 0.0333913
vn -0.9117161 0.4060176 0.0626374
vn -0.9931891 0.0800818 0.0846306
vn -0.9622176 -0.2544102 0.0970192
vn -0.8222144 -0.5606009 0.0984381
vn -0.5876960 -0.8042132 0.0886257
vn -0.2833181 -0.9565783 0.0684752
vn -0.4032579 0.8872461 -0.2240032
vn -0.6347705 0.6807655 -0.3655472
vn -0.7915714 0.3976368 -0.4640039
vn -0.8576982 0.0706306 -0.5092790
vn -0.8267267 -0.2638614 -0.4968904
vn -0.7020697 -0.5689817 -0.4282033
vn -0.4966847 -0.8105617 -0.3103129
vn -0.2322033 -0.9601438 -0.1555813
vn -0.2307807 0.8976028 -0.3755655
vn -0.3276704 0.6992058 -0.6354080
vn -0.3861666 0.4219801 -0.8202488
vn -0.4005108 0.0980832 -0.9110273
vn -0.3695393 -0.2364088 -0.8986387
vn -0.2966649 -0.5446384 -0.7844482
vn -0.1895845 -0.7921214 -0.5801736
vn -0.0597261 -0.9497871 -0.3071437
vn -0.0028217 0.9179258 -0.3967421
vn 0.0782166 0.7353915 -0.6731133
vn 0.1496474 0.4697490 -0.8700239
vn 0.2037431 0.1519537 -0.9671602
vn 0.2347146 -0.1825384 -0.9547716
vn 0.2391491 -0.4968695 -0.8342232
vn 0.2163025 -0.7559357 -0.6178790
vn 0.1682329 -0.9294641 -0.3283202
vn 0.1935466 0.9404524 -0.2794440
vn 0.4278555 0.7755007 -0.4642611
vn 0.6112079 0.5226974 -0.5943167
vn 0.7242590 0.2116653 -0.6562367
vn 0.7552305 -0.1228268 -0.6438481
vn 0.7007096 -0.4439211 -0.5585160
vn 0.5659413 -0.7158265 -0.4090267
vn 0.3646012 -0.9069375 -0.2110222
vn -0.0737178 0.9951909 0.0645031
vn 0.3012993 0.9529769 0.0324618
vn 0.6030724 0.7976863 -0.0004768
vn 0.8332389 0.5519210 -0.0331088
vn 0.9676576 0.2445735 -0.0618277
vn 0.9924379 -0.0899612 -0.0835105
vn 0.9048494 -0.4148206 -0.0957680
vn 0.7135551 -0.6938308 -0.0971492
vn 0.4381605 -0.8946483 -0.0872917
vn 0.0737178 -0.9951909 -0.0645031
vn 0.2478295 0.9345770 0.2552379
vn 0.5078680 0.7649248 0.3961819
vn 0.7075590 0.5086723 0.4905229
vn 0.8259245 0.1958006 0.5286878
vn 0.8507049 -0.1387341 0.5070050
vn 0.7791695 -0.4580693 0.4278638
vn 0.6183508 -0.7265923 0.2995095
vn 0.3846907 -0.9130482 0.1354845
vn 0.0735591 0.9120654 0.4033928
vn 0.1975750 0.7248424 0.6599754
vn 0.2979393 0.4557593 0.8387584
vn 0.3639838 0.1361290 0.9214037
vn 0.3887641 -0.1984057 0.8997209
vn 0.3695498 -0.5109823 0.7760992
vn 0.3080578 -0.7666747 0.5633030
vn 0.2104203 -0.9355598 0.2836393
vn -0.1549465 0.8940409 0.4203361
vn -0.2092852 0.6927493 0.6901436
vn -0.2391595 0.4133929 0.8785835
vn -0.2417190 0.0883511 0.9663157
vn -0.2169387 -0.2461835 0.9446329
vn -0.1675490 -0.5533487 0.8159244
vn -0.0988025 -0.7987678 0.5934711
vn -0.0180854 -0.9535843 0.3005826
vn -0.3504060 0.8873881 0.2995963
vn -0.5573060 0.6809039 0.4751631
vn -0.6985839 0.3977557 0.5947864
vn -0.7598260 0.0707166 0.6462690
vn -0.7350457 -0.2638181 0.6245862
vn -0.6269734 -0.5689859 0.5321273
vn -0.4468232 -0.8106132 0.3784907
vn -0.2135449 -0.9602370 0.1798428
vn -0.4381605 0.8946483 0.0872917
vn -0.7135551 0.6938308 0.0971492
vn -0.9048494 0.4148206 0.0957680
vn -0.9924379 0.0899612 0.0835105
vn -0.9676576 -0.2445735 0.0618277
vn -0.8332389 -0.5519210 0.0331088
vn -0.6030724 -0.7976863 0.0004768
vn -0.3012993 -0.9529769 -0.0324618
vn -0.3846907 0.9130482 -0.1354845
vn -0.6183508 0.7265923 -0.2995095
vn -0.7791695 0.4580693 -0.4278638
vn -0.8507049 0.1387341 -0.5070050
vn -0.8259245 -0.1958006 -0.5286878
vn -0.7075590 -0.5086723 -0.4905229
vn -0.5078680 -0.7649248 -0.3961819
vn -0.2478295 -0.9345770 -0.2552379
vn -0.2104203 0.9355598 -0.2836393
vn -0.3080578 0.7666747 -0.5633030
vn -0.3695498 0.5109823 -0.7760992
vn -0.3887641 0.1984057 -0.8997209
vn -0.3639838 -0.1361290 -0.9214037
vn -0.2979393 -0.4557593 -0.8387584
vn -0.1975750 -0.7248424 -0.6599754
vn -0.0735591 -0.9120654 -0.4033928
vn 0.0180854 0.9535843 -0.3005826
vn 0.0988025 0.7987678 -0.5934711
vn 0.1675490 0.5533487 -0.8159244
vn 0.2169387 0.2461835 -0.9446329
vn 0.2417190 -0.0883511 -0.9663157
vn 0.2391595 -0.4133929 -0.8785835
vn 0.2092852 -0.6927493 -0.6901436
vn 0.1549465 -0.8940409 -0.4203361
vn 0.2135449 0.9602370 -0.1798428
vn 0.4468232 0.8106132 -0.3784907
vn 0.6269734 0.5689859 -0.5321273
vn 0.7350457 0.2638181 -0.6245862
vn 0.7598260 -0.0707166 -0.6462690
vn 0.6985839 -0.3977557 -0.5947864
vn 0.5573060 -0.6809039 -0.4751631
vn 0.3504060 -0.8873881 -0.2995963
vn -0.7261444 0.6875423 0.0000000
vn 0.7261444 0.6875423 -0.0000000
vn -0.7261444 -0.6875423 0.0000000
vn 0.7261444 -0.6875423 0.0000000
vn -0.0000000 -0.1698548 0.9854691
vn 0.0000000 0.1698548 0.9854691
vn 0.0000000 -0.1698548 -0.9854691
vn -0.0000000 0.1698548 -0.9854691
vn 0.6149353 0.0000000 -0.7885776
vn 0.6149353 0.0000000 0.7885776
vn -0.6149353 0.0000000 -0.7885776
vn -0.6149353 0.0000000 0.7885776
vn -0.0000000 1.0000000 0.0000000
vn -0.0000000 -1.0000000 -0.0000000
vn -0.2643864 -0.4100645 0.8728957
vn 0.2643864 -0.4100645 0.8728957
vn -0.2643864 0.4100645 0.8728957
vn 0.2643864 0.4100645 0.8728957
vn 0.0000000 0.0000000 1.0000000
vn -0.2643864 -0.4100645 -0.8728957
vn 0.2643864 -0.4100645 -0.8728957
vn -0.2643864 0.4100645 -0.8728957
vn 0.2643864 0.4100645 -0.8728957
vn -0.0000000 -0.0000000 -1.0000000
vn 0.7667759 0.2759201 -0.5795885
vn 0.7667759 -0.2759201 -0.5795885
vn 0.2837838 -0.1020579 -0.9534416
vn 0.2837838 0.1020579 -0.9534416
vn 0.7667759 0.2759201 0.5795885
vn 0.7667759 -0.2759201 0.5795885
vn 0.2837838 -0.1020579 0.9534416
vn 0.2837838 0.1020579 0.9534416
vn 1.0000000 0.0000000 0.0000000
vn -0.7667759 0.2759201 -0.5795885
vn -0.7667759 -0.2759201 -0.5795885
vn -0.2837838 -0.1020579 -0.9534416
vn -0.2837838 0.1020579 -0.9534416
vn -0.7667759 0.2759201 0.5795885
vn -0.7667759 -0.2759201 0.5795885
vn -0.2837838 -0.1020579 0.9534416
vn -0.2837838 0.1020579 0.9534416
vn -1.0000000 0.0000000 0.0000000
vn -0.4372307 0.8993494 -0.0000000
vn 0.4372307 0.8993494 0.0000000
vn -0.4372307 -0.8993494 -0.0000000
vn 0.4372307 -0.8993494 -0.0000000
vn -0.5165561 -0.6172564 0.5934344
vn -0.1046716 -0.2660687 0.9582543
vn -0.1988532 -0.7374061 0.6455151
vn 0.5165561 -0.6172564 0.5934344
vn 0.1046716 -0.2660687 0.9582543
vn 0.1988532 -0.7374061 0.6455151
vn 0.0000000 -0.4371614 0.8993831
vn -0.5165561 0.6172564 0.5934344
vn -0.1046716 0.2660687 0.9582543
vn -0.1988532 0.7374061 0.6455151
vn 0.5165561 0.6172564 0.5934344
vn 0.1046716 0.2660687 0.9582543
vn 0.1988532 0.7374061 0.6455151
vn 0.0000000 0.4371614 0.8993831
vn 0.0000000 -0.0798945 0.9968033
vn -0.0000000 0.0798945 0.9968033
vn -0.5165561 -0.6172564 -0.5934344
vn -0.1046716 -0.2660687 -0.9582543
vn -0.1988532 -0.7374061 -0.6455151
vn 0.5165561 -0.6172564 -0.5934344
vn 0.1046716 -0.2660687 -0.9582543
vn 0.1988532 -0.7374061 -0.6455151
vn -0.0000000 -0.4371614 -0.8993831
vn -0.5165561 0.6172564 -0.5934344
vn -0.1046716 0.2660687 -0.9582543
vn -0.1988532 0.7374061 -0.6455151
vn 0.5165561 0.6172564 -0.5934344
vn 0.1046716 0.2660687 -0.9582543
vn 0.1988532 0.7374061 -0.6455151
vn 0.0000000 0.4371614 -0.8993831
vn 0.0000000 -0.0798945 -0.9968033
vn 0.0000000 0.0798945 -0.9968033
vn 0.8062579 0.4807941 -0.3446523
vn 0.6899284 0.1205086 -0.7137762
vn 0.5223330 0.3598178 -0.7731102
vn 0.8062579 -0.4807941 -0.3446523
vn 0.6899284 -0.1205086 -0.7137762
vn 0.5223330 -0.3598178 -0.7731102
vn 0.1414012 -0.1367743 -0.9804583
vn 0.4402929 -0.0591758 -0.8959020
vn 0.2874020 -0.2262578 -0.9307027
vn 0.1344346 -0.0442351 -0.9899346
vn 0.4853953 -0.1801921 -0.8555246
vn 0.1414012 0.1367743 -0.9804583
vn 0.4402929 0.0591758 -0.8959020
vn 0.2874020 0.2262578 -0.9307027
vn 0.1344346 0.0442351 -0.9899346
vn 0.4853953 0.1801921 -0.8555246
vn 0.2801891 -0.0000000 -0.9599448
vn 0.8062579 0.4807941 0.3446523
vn 0.6899284 0.1205086 0.7137762
vn 0.5223330 0.3598178 0.7731102
vn 0.9419273 0.3358170 0.0000000
vn 0.8062579 -0.4807941 0.3446523
vn 0.6899284 -0.1205086 0.7137762
vn 0.5223330 -0.3598178 0.7731102
vn 0.9419273 -0.3358170 0.0000000
vn 0.1414012 -0.1367743 0.9804583
vn 0.4402929 -0.0591758 0.8959020
vn 0.2874020 -0.2262578 0.9307027
vn 0.1344346 -0.0442351 0.9899346
vn 0.4853953 -0.1801921 0.8555246
vn 0.1414012 0.1367743 0.9804583
vn 0.4402929 0.0591758 0.8959020
vn 0.2874020 0.2262578 0.9307027
vn 0.1344346 0.0442351 0.9899346
vn 0.4853953 0.1801921 0.8555246
vn 0.2801891 -0.0000000 0.9599448
vn 0.8674446 0.0000000 -0.4975338
vn 0.8674446 0.0000000 0.4975338
vn 0.9421148 0.1544180 -0.2976151
vn 0.9421148 -0.1544180 -0.2976151
vn 0.9421148 0.1544180 0.2976151
vn 0.9421148 -0.1544180 0.2976151
vn -0.8062579 0.4807941 -0.3446523
vn -0.6899284 0.1205086 -0.7137762
vn -0.5223330 0.3598178 -0.7731102
vn -0.8062579 -0.4807941 -0.3446523
vn -0.6899284 -0.1205086 -0.7137762
vn -0.5223330 -0.3598178 -0.7731102
vn -0.1414012 -0.1367743 -0.9804583
vn -0.4402929 -0.0591758 -0.8959020
vn -0.2874020 -0.2262578 -0.9307027
vn -0.1344346 -0.0442351 -0.9899346
vn -0.4853953 -0.1801921 -0.8555246
vn -0.1414012 0.1367743 -0.9804583
vn -0.4402929 0.0591758 -0.8959020
vn -0.2874020 0.2262578 -0.9307027
vn -0.1344346 0.0442351 -0.9899346
vn -0.4853953 0.1801921 -0.8555246
vn -0.2801891 0.0000000 -0.9599448
vn -0.8062579 0.4807941 0.3446523
vn -0.6899284 0.1205086 0.7137762
vn -0.5223330 0.3598178 0.7731102
vn -0.9419273 0.3358170 0.0000000
vn -0.8062579 -0.4807941 0.3446523
vn -0.6899284 -0.1205086 0.7137762
vn -0.5223330 -0.3598178 0.7731102
vn -0.9419273 -0.3358170 0.0000000
vn -0.1414012 -0.1367743 0.9804583
vn -0.4402929 -0.0591758 0.8959020
vn -0.2874020 -0.2262578 0.9307027
vn -0.1344346 -0.0442351 0.9899346
vn -0.4853953 -0.1801921 0.8555246
vn -0.1414012 0.1367743 0.9804583
vn -0.4402929 0.0591758 0.8959020
vn -0.2874020 0.2262578 0.9307027
vn -0.1344346 0.0442351 0.9899346
vn -0.4853953 0.1801921 0.8555246
vn -0.2801891 0.0000000 0.9599448
vn -0.8674446 0.0000000 -0.4975338
vn -0.8674446 0.0000000 0.4975338
vn -0.9421148 0.1544180 -0.2976151
vn -0.9421148 -0.1544180 -0.2976151
vn -0.9421148 0.1544180 0.2976151
vn -0.9421148 -0.1544180 0.2976151
vn -0.5655656 0.8247033 0.0000000
vn 0.5655656 0.8247033 0.0000000
vn -0.5655656 -0.8247033 -0.0000000
vn 0.5655656 -0.8247033 -0.0000000
vn -0.0000000 -0.3537974 0.9353221
vn -0.0000000 0.3537974 0.9353221
vn -0.0000000 -0.3537974 -0.9353221
vn -0.0000000 0.3537974 -0.9353221
vn 0.7404050 -0.0000000 -0.6721611
vn 0.7404050 0.0000000 0.6721611
vn -0.7404050 -0.0000000 -0.6721611
vn -0.7404050 0.0000000 0.6721611
vn 0.0000000 1.0000000 0.0000000
vn 0.0000000 -1.0000000 0.0000000
vn -0.2851230 -0.6782818 0.6772287
vn 0.2851230 -0.6782818 0.6772287
vn -0.2851230 0.6782818 0.6772287
vn 0.2851230 0.6782818 0.6772287
vn 0.0000000 0.0000000 1.0000000
vn -0.2851230 -0.6782818 -0.6772287
vn 0.2851230 -0.6782818 -0.6772287
vn -0.2851230 0.6782818 -0.6772287
vn 0.2851230 0.6782818 -0.6772287
vn 0.0000000 0.0000000 -1.0000000
vn 0.7861461 0.4381988 -0.4358395
vn 0.7861461 -0.4381988 -0.4358395
vn 0.3785195 -0.2120013 -0.9009875
vn 0.3785195 0.2120013 -0.9009875
vn 0.7861461 0.4381988 0.4358395
vn 0.7861461 -0.4381988 0.4358395
vn 0.3785195 -0.2120013 0.9009875
vn 0.3785195 0.2120013 0.9009875
vn 1.0000000 0.0000000 0.0000000
vn -0.7861461 0.4381988 -0.4358395
vn -0.7861461 -0.4381988 -0.4358395
vn -0.3785195 -0.2120013 -0.9009875
vn -0.3785195 0.2120013 -0.9009875
vn -0.7861461 0.4381988 0.4358395
vn -0.7861461 -0.4381988 0.4358395
vn -0.3785195 -0.2120013 0.9009875
vn -0.3785195 0.2120013 0.9009875
vn -1.0000000 -0.0000000 0.0000000
vn -0.3041881 0.9526120 -0.0000000
vn 0.3041881 0.9526120 0.0000000
vn -0.3041881 -0.9526120 0.0000000
vn 0.3041881 -0.9526120 -0.0000000
vn -0.4468979 -0.8062565 0.3875986
vn -0.1307930 -0.5136722 0.8479588
vn -0.1605465 -0.8995417 0.4062629
vn 0.4468979 -0.8062565 0.3875986
vn 0.1307930 -0.5136722 0.8479588
vn 0.1605465 -0.8995417 0.4062629
vn -0.0000000 -0.7168898 0.6971864
vn -0.4468979 0.8062565 0.3875986
vn -0.1307930 0.5136722 0.8479588
vn -0.1605465 0.8995417 0.4062629
vn 0.4468979 0.8062565 0.3875986
vn 0.1307930 0.5136722 0.8479588
vn 0.1605465 0.8995417 0.4062629
vn 0.0000000 0.7168898 0.6971864
vn 0.0000000 -0.1723599 0.9850340
vn -0.0000000 0.1723599 0.9850340
vn -0.4468979 -0.8062565 -0.3875986
vn -0.1307930 -0.5136722 -0.8479588
vn -0.1605465 -0.8995417 -0.4062629
vn 0.4468979 -0.8062565 -0.3875986
vn 0.1307930 -0.5136722 -0.8479588
vn 0.1605465 -0.8995417 -0.4062629
vn -0.0000000 -0.7168898 -0.6971864
vn -0.4468979 0.8062565 -0.3875986
vn -0.1307930 0.5136722 -0.8479588
vn -0.1605465 0.8995417 -0.4062629
vn 0.4468979 0.8062565 -0.3875986
vn 0.1307930 0.5136722 -0.8479588
vn 0.1605465 0.8995417 -0.4062629
vn -0.0000000 0.7168898 -0.6971864
vn 0.0000000 -0.1723599 -0.9850340
vn -0.0000000 0.1723599 -0.9850340
vn 0.7164267 0.6565175 -0.2360457
vn 0.7859404 0.2121358 -0.5807720
vn 0.5532246 0.5833061 -0.5947239
vn 0.7164267 -0.6565175 -0.2360457
vn 0.7859404 -0.2121358 -0.5807720
vn 0.5532246 -0.5833061 -0.5947239
vn 0.1903027 -0.2893080 -0.9381289
vn 0.5649348 -0.1168230 -0.8168238
vn 0.3577773 -0.4380620 -0.8246800
vn 0.1872528 -0.0965697 -0.9775534
vn 0.5851791 -0.3371209 -0.7375059
vn 0.1903027 0.2893080 -0.9381289
vn 0.5649348 0.1168230 -0.8168238
vn 0.3577773 0.4380620 -0.8246800
vn 0.1872528 0.0965697 -0.9775534
vn 0.5851791 0.3371209 -0.7375059
vn 0.3801282 -0.0000000 -0.9249338
vn 0.7164267 0.6565175 0.2360457
vn 0.7859404 0.2121358 0.5807720
vn 0.5532246 0.5833061 0.5947239
vn 0.8781371 0.4784091 -0.0000000
vn 0.7164267 -0.6565175 0.2360457
vn 0.7859404 -0.2121358 0.5807720
vn 0.5532246 -0.5833061 0.5947239
vn 0.8781371 -0.4784091 -0.0000000
vn 0.1903027 -0.2893080 0.9381289
vn 0.5649348 -0.1168230 0.8168238
vn 0.3577773 -0.4380620 0.8246800
vn 0.1872528 -0.0965697 0.9775534
vn 0.5851791 -0.3371209 0.7375059
vn 0.1903027 0.2893080 0.9381289
vn 0.5649348 0.1168230 0.8168238
vn 0.3577773 0.4380620 0.8246800
vn 0.1872528 0.0965697 0.9775534
vn 0.5851791 0.3371209 0.7375059
vn 0.3801282 0.0000000 0.9249338
vn 0.9232890 -0.0000000 -0.3841060
vn 0.9232890 0.0000000 0.3841060
vn 0.9452944 0.2398971 -0.2210609
vn 0.9452944 -0.2398971 -0.2210609
vn 0.9452944 0.2398971 0.2210609
vn 0.9452944 -0.2398971 0.2210609
vn -0.7164267 0.6565175 -0.2360457
vn -0.7859404 0.2121358 -0.5807720
vn -0.5532246 0.5833061 -0.5947239
vn -0.7164267 -0.6565175 -0.2360457
vn -0.7859404 -0.2121358 -0.5807720
vn -0.5532246 -0.5833061 -0.5947239
vn -0.1903027 -0.2893080 -0.9381289
vn -0.5649348 -0.1168230 -0.8168238
vn -0.3577773 -0.4380620 -0.8246800
vn -0.1872528 -0.0965697 -0.9775534
vn -0.5851791 -0.3371209 -0.7375059
vn -0.1903027 0.2893080 -0.9381289
vn -0.5649348 0.1168230 -0.8168238
vn -0.3577773 0.4380620 -0.8246800
vn -0.1872528 0.0965697 -0.9775534
vn -0.5851791 0.3371209 -0.7375059
vn -0.3801282 -0.0000000 -0.9249338
vn -0.7164267 0.6565175 0.2360457
vn -0.7859404 0.2121358 0.5807720
vn -0.5532246 0.5833061 0.5947239
vn -0.8781371 0.4784091 0.0000000
vn -0.7164267 -0.6565175 0.2360457
vn -0.7859404 -0.2121358 0.5807720
vn -0.5532246 -0.5833061 0.5947239
vn -0.8781371 -0.4784091 0.0000000
vn -0.1903027 -0.2893080 0.9381289
vn -0.5649348 -0.1168230 0.8168238
vn -0.3577773 -0.4380620 0.8246800
vn -0.1872528 -0.0965697 0.9775534
vn -0.5851791 -0.3371209 0.7375059
vn -0.1903027 0.2893080 0.9381289
vn -0.5649348 0.1168230 0.8168238
vn -0.3577773 0.4380620 0.8246800
vn -0.1872528 0.0965697 0.9775534
vn -0.5851791 0.3371209 0.7375059
vn -0.3801282 0.0000000 0.9249338
vn -0.9232890 0.0000000 -0.3841060
vn -0.9232890 -0.0000000 0.3841060
vn -0.9452944 0.2398971 -0.2210609
vn -0.9452944 -0.2398971 -0.2210609
vn -0.9452944 0.2398971 0.2210609
vn -0.9452944 -0.2398971 0.2210609
vn -0.5655656 0.8247033 0.0000000
vn 0.5655656 0.8247033 -0.0000000
vn -0.5655656 -0.8247033 0.0000000
vn 0.5655656 -0.8247033 0.0000000
vn 0.0000000 -0.3537974 0.9353221
vn 0.0000000 0.3537974 0.9353221
vn 0.0000000 -0.3537974 -0.9353221
vn 0.0000000 0.3537974 -0.9353221
vn 0.7404050 0.0000000 -0.6721611
vn 0.7404050 -0.0000000 0.6721611
vn -0.7404050 0.0000000 -0.6721611
vn -0.7404050 0.0000000 0.6721611
vn -0.0000000 1.0000000 0.0000000
vn -0.0000000 -1.0000000 0.0000000
vn -0.2851230 -0.6782818 0.6772287
vn 0.2851230 -0.6782818 0.6772287
vn -0.2851230 0.6782818 0.6772287
vn 0.2851230 0.6782818 0.6772287
vn 0.0000000 0.0000000 1.0000000
vn -0.2851230 -0.6782818 -0.6772287
vn 0.2851230 -0.6782818 -0.6772287
vn -0.2851230 0.6782818 -0.6772287
vn 0.2851230 0.6782818 -0.6772287
vn 0.0000000 0.0000000 -1.0000000
vn 0.7861461 0.4381988 -0.4358395
vn 0.7861461 -0.4381988 -0.4358395
vn 0.3785195 -0.2120013 -0.9009875
vn 0.3785195 0.2120013 -0.9009875
vn 0.7861461 0.4381988 0.4358395
vn 0.7861461 -0.4381988 0.4358395
vn 0.3785195 -0.2120013 0.9009875
vn 0.3785195 0.2120013 0.9009875
vn 1.0000000 0.0000000 0.0000000
vn -0.7861461 0.4381988 -0.4358395
vn -0.7861461 -0.4381988 -0.4358395
vn -0.3785195 -0.2120013 -0.9009875
vn -0.3785195 0.2120013 -0.9009875
vn -0.7861461 0.4381988 0.4358395
vn -0.7861461 -0.4381988 0.4358395
vn -0.3785195 -0.2120013 0.9009875
vn -0.3785195 0.2120013 0.9009875
vn -1.0000000 -0.0000000 0.0000000
vn -0.3041881 0.9526120 0.0000000
vn 0.3041881 0.9526120 0.0000000
vn -0.3041881 -0.9526120 0.0000000
vn 0.3041881 -0.9526120 0.0000000
vn -0.4468979 -0.8062565 0.3875986
vn -0.1307930 -0.5136722 0.8479588
vn -0.1605465 -0.8995417 0.4062629
vn 0.4468979 -0.8062565 0.3875986
vn 0.1307930 -0.5136722 0.8479588
vn 0.1605465 -0.8995417 0.4062629
vn -0.0000000 -0.7168898 0.6971864
vn -0.4468979 0.8062565 0.3875986
vn -0.1307930 0.5136722 0.8479588
vn -0.1605465 0.8995417 0.4062629
vn 0.4468979 0.8062565 0.3875986
vn 0.1307930 0.5136722 0.8479588
vn 0.1605465 0.8995417 0.4062629
vn 0.0000000 0.7168898 0.6971864
vn 0.0000000 -0.1723599 0.9850340
vn -0.0000000 0.1723599 0.9850340
vn -0.4468979 -0.8062565 -0.3875986
vn -0.1307930 -0.5136722 -0.8479588
vn -0.1605465 -0.8995417 -0.4062629
vn 0.4468979 -0.8062565 -0.3875986
vn 0.1307930 -0.5136722 -0.8479588
vn 0.1605465 -0.8995417 -0.4062629
vn -0.0000000 -0.7168898 -0.6971864
vn -0.4468979 0.8062565 -0.3875986
vn -0.1307930 0.5136722 -0.8479588
vn -0.1605465 0.8995417 -0.4062629
vn 0.4468979 0.8062565 -0.3875986
vn 0.1307930 0.5136722 -0.8479588
vn 0.1605465 0.8995417 -0.4062629
vn -0.0000000 0.7168898 -0.6971864
vn 0.0000000 -0.1723599 -0.9850340
vn 0.0000000 0.1723599 -0.9850340
vn 0.7164267 0.6565175 -0.2360457
vn 0.7859404 0.2121358 -0.5807720
vn 0.5532246 0.5833061 -0.5947239
vn 0.7164267 -0.6565175 -0.2360457
vn 0.7859404 -0.2121358 -0.5807720
vn 0.5532246 -0.5833061 -0.5947239
vn 0.1903027 -0.2893080 -0.9381289
vn 0.5649348 -0.1168230 -0.8168238
vn 0.3577773 -0.4380620 -0.8246800
vn 0.1872528 -0.0965697 -0.9775534
vn 0.5851791 -0.3371209 -0.7375059
vn 0.1903027 0.2893080 -0.9381289
vn 0.5649348 0.1168230 -0.8168238
vn 0.3577773 0.4380620 -0.8246800
vn 0.1872528 0.0965697 -0.9775534
vn 0.5851791 0.3371209 -0.7375059
vn 0.3801282 0.0000000 -0.9249338
vn 0.7164267 0.6565175 0.2360457
vn 0.7859404 0.2121358 0.5807720
vn 0.5532246 0.5833061 0.5947239
vn 0.8781371 0.4784091 0.0000000
vn 0.7164267 -0.6565175 0.2360457
vn 0.7859404 -0.2121358 0.5807720
vn 0.5532246 -0.5833061 0.5947239
vn 0.8781371 -0.4784091 0.0000000
vn 0.1903027 -0.2893080 0.9381289
vn 0.5649348 -0.1168230 0.8168238
vn 0.3577773 -0.4380620 0.8246800
vn 0.1872528 -0.0965697 0.9775534
vn 0.5851791 -0.3371209 0.7375059
vn 0.1903027 0.2893080 0.9381289
vn 0.5649348 0.1168230 0.8168238
vn 0.3577773 0.4380620 0.8246800
vn 0.1872528 0.0965697 0.9775534
vn 0.5851791 0.3371209 0.7375059
vn 0.3801282 0.0000000 0.9249338
vn 0.9232890 0.0000000 -0.3841060
vn 0.9232890 0.0000000 0.3841060
vn 0.9452944 0.2398971 -0.2210609
vn 0.9452944 -0.2398971 -0.2210609
vn 0.9452944 0.2398971 0.2210609
vn 0.9452944 -0.2398971 0.2210609
vn -0.7164267 0.6565175 -0.2360457
vn -0.7859404 0.2121358 -0.5807720
vn -0.5532246 0.5833061 -0.5947239
vn -0.7164267 -0.6565175 -0.2360457
vn -0.7859404 -0.2121358 -0.5807720
vn -0.5532246 -0.5833061 -0.5947239
vn -0.1903027 -0.2893080 -0.9381289
vn -0.5649348 -0.1168230 -0.8168238
vn -0.3577773 -0.4380620 -0.8246800
vn -0.1872528 -0.0965697 -0.9775534
vn -0.5851791 -0.3371209 -0.7375059
vn -0.1903027 0.2893080 -0.9381289
vn -0.5649348 0.1168230 -0.8168238
vn -0.3577773 0.4380620 -0.8246800
vn -0.1872528 0.0965697 -0.9775534
vn -0.5851791 0.3371209 -0.7375059
vn -0.3801282 0.0000000 -0.9249338
vn -0.7164267 0.6565175 0.2360457
vn -0.7859404 0.2121358 0.5807720
vn -0.5532246 0.5833061 0.5947239
vn -0.8781371 0.4784091 -0.0000000
vn -0.7164267 -0.6565175 0.2360457
vn -0.7859404 -0.2121358 0.5807720
vn -0.5532246 -0.5833061 0.5947239
vn -0.8781371 -0.4784091 -0.0000000
vn -0.1903027 -0.2893080 0.9381289
vn -0.5649348 -0.1168230 0.8168238
vn -0.3577773 -0.4380620 0.8246800
vn -0.1872528 -0.0965697 0.9775534
vn -0.5851791 -0.3371209 0.7375059
vn -0.1903027 0.2893080 0.9381289
vn -0.5649348 0.1168230 0.8168238
vn -0.3577773 0.4380620 0.8246800
vn -0.1872528 0.0965697 0.9775534
vn -0.5851791 0.3371209 0.7375059
vn -0.3801282 0.0000000 0.9249338
vn -0.9232890 0.0000000 -0.3841060
vn -0.9232890 0.0000000 0.3841060
vn -0.9452944 0.2398971 -0.2210609
vn -0.9452944 -0.2398971 -0.2210609
vn -0.9452944 0.2398971 0.2210609
vn -0.9452944 -0.2398971 0.2210609
vn -0.6716490 0.7408695 0.0000000
vn 0.6716490 0.7408695 -0.0000000
vn -0.6716490 -0.7408695 -0.0000000
vn 0.6716490 -0.7408695 0.0000000
vn 0.0000000 -0.3544067 0.9350914
vn 0.0000000 0.3544067 0.9350914
vn 0.0000000 -0.3544067 -0.9350914
vn -0.0000000 0.3544067 -0.9350914
vn 0.8247678 0.0000000 -0.5654716
vn 0.8247678 0.0000000 0.5654716
vn -0.8247678 -0.0000000 -0.5654716
vn -0.8247678 0.0000000 0.5654716
vn 0.0000000 1.0000000 -0.0000000
vn -0.0000000 -1.0000000 -0.0000000
vn -0.3666835 -0.6581271 0.6575804
vn 0.3666835 -0.6581271 0.6575804
vn -0.3666835 0.6581271 0.6575804
vn 0.3666835 0.6581271 0.6575804
vn -0.0000000 0.0000000 1.0000000
vn -0.3666835 -0.6581271 -0.6575804
vn 0.3666835 -0.6581271 -0.6575804
vn -0.3666835 0.6581271 -0.6575804
vn 0.3666835 0.6581271 -0.6575804
vn 0.0000000 0.0000000 -1.0000000
vn 0.8595228 0.3597879 -0.3630058
vn 0.8595228 -0.3597879 -0.3630058
vn 0.4788064 -0.2002018 -0.8547887
vn 0.4788064 0.2002018 -0.8547887
vn 0.8595228 0.3597879 0.3630058
vn 0.8595228 -0.3597879 0.3630058
vn 0.4788064 -0.2002018 0.8547887
vn 0.4788064 0.2002018 0.8547887
vn 1.0000000 0.0000000 0.0000000
vn -0.8595228 0.3597879 -0.3630058
vn -0.8595228 -0.3597879 -0.3630058
vn -0.4788064 -0.2002018 -0.8547887
vn -0.4788064 0.2002018 -0.8547887
vn -0.8595228 0.3597879 0.3630058
vn -0.8595228 -0.3597879 0.3630058
vn -0.4788064 -0.2002018 0.8547887
vn -0.4788064 0.2002018 0.8547887
vn -1.0000000 -0.0000000 0.0000000
vn -0.3859916 0.9225023 -0.0000000
vn 0.3859916 0.9225023 -0.0000000
vn -0.3859916 -0.9225023 -0.0000000
vn 0.3859916 -0.9225023 -0.0000000
vn -0.5522443 -0.7508364 0.3623133
vn -0.1720934 -0.5105384 0.8424574
vn -0.2097466 -0.8913439 0.4018862
vn 0.5522443 -0.7508364 0.3623133
vn 0.1720934 -0.5105384 0.8424574
vn 0.2097466 -0.8913439 0.4018862
vn 0.0000000 -0.7173770 0.6966852
vn -0.5522443 0.7508364 0.3623133
vn -0.1720934 0.5105384 0.8424574
vn -0.2097466 0.8913439 0.4018862
vn 0.5522443 0.7508364 0.3623133
vn 0.1720934 0.5105384 0.8424574
vn 0.2097466 0.8913439 0.4018862
vn 0.0000000 0.7173770 0.6966852
vn -0.0000000 -0.1736503 0.9848074
vn 0.0000000 0.1736503 0.9848074
vn -0.5522443 -0.7508364 -0.3623133
vn -0.1720934 -0.5105384 -0.8424574
vn -0.2097466 -0.8913439 -0.4018862
vn 0.5522443 -0.7508364 -0.3623133
vn 0.1720934 -0.5105384 -0.8424574
vn 0.2097466 -0.8913439 -0.4018862
vn 0.0000000 -0.7173770 -0.6966852
vn -0.5522443 0.7508364 -0.3623133
vn -0.1720934 0.5105384 -0.8424574
vn -0.2097466 0.8913439 -0.4018862
vn 0.5522443 0.7508364 -0.3623133
vn 0.1720934 0.5105384 -0.8424574
vn 0.2097466 0.8913439 -0.4018862
vn 0.0000000 0.7173770 -0.6966852
vn 0.0000000 -0.1736503 -0.9848074
vn -0.0000000 0.1736503 -0.9848074
vn 0.8060762 0.5560275 -0.2026687
vn 0.8594933 0.1733362 -0.4808595
vn 0.6604313 0.5234290 -0.5383795
vn 0.8060762 -0.5560275 -0.2026687
vn 0.8594933 -0.1733362 -0.4808595
vn 0.6604313 -0.5234290 -0.5383795
vn 0.2513658 -0.2843824 -0.9251713
vn 0.6730844 -0.1043632 -0.7321651
vn 0.4532382 -0.4167016 -0.7879942
vn 0.2473145 -0.0952024 -0.9642469
vn 0.6911951 -0.2987310 -0.6580343
vn 0.2513658 0.2843824 -0.9251713
vn 0.6730844 0.1043632 -0.7321651
vn 0.4532382 0.4167016 -0.7879942
vn 0.2473145 0.0952024 -0.9642469
vn 0.6911951 0.2987310 -0.6580343
vn 0.4807575 0.0000000 -0.8768536
vn 0.8060762 0.5560275 0.2026687
vn 0.8594933 0.1733362 0.4808595
vn 0.6604313 0.5234290 0.5383795
vn 0.9255317 0.3786702 0.0000000
vn 0.8060762 -0.5560275 0.2026687
vn 0.8594933 -0.1733362 0.4808595
vn 0.6604313 -0.5234290 0.5383795
vn 0.9255317 -0.3786702 0.0000000
vn 0.2513658 -0.2843824 0.9251713
vn 0.6730844 -0.1043632 0.7321651
vn 0.4532382 -0.4167016 0.7879942
vn 0.2473145 -0.0952024 0.9642469
vn 0.6911951 -0.2987310 0.6580343
vn 0.2513658 0.2843824 0.9251713
vn 0.6730844 0.1043632 0.7321651
vn 0.4532382 0.4167016 0.7879942
vn 0.2473145 0.0952024 0.9642469
vn 0.6911951 0.2987310 0.6580343
vn 0.4807575 0.0000000 0.8768536
vn 0.9538671 0.0000000 -0.3002292
vn 0.9538671 0.0000000 0.3002292
vn 0.9677447 0.1840087 -0.1720784
vn 0.9677447 -0.1840087 -0.1720784
vn 0.9677447 0.1840087 0.1720784
vn 0.9677447 -0.1840087 0.1720784
vn -0.8060762 0.5560275 -0.2026687
vn -0.8594933 0.1733362 -0.4808595
vn -0.6604313 0.5234290 -0.5383795
vn -0.8060762 -0.5560275 -0.2026687
vn -0.8594933 -0.1733362 -0.4808595
vn -0.6604313 -0.5234290 -0.5383795
vn -0.2513658 -0.2843824 -0.9251713
vn -0.6730844 -0.1043632 -0.7321651
vn -0.4532382 -0.4167016 -0.7879942
vn -0.2473145 -0.0952024 -0.9642469
vn -0.6911951 -0.2987310 -0.6580343
vn -0.2513658 0.2843824 -0.9251713
vn -0.6730844 0.1043632 -0.7321651
vn -0.4532382 0.4167016 -0.7879942
vn -0.2473145 0.0952024 -0.9642469
vn -0.6911951 0.2987310 -0.6580343
vn -0.4807575 0.0000000 -0.8768536
vn -0.8060762 0.5560275 0.2026687
vn -0.8594933 0.1733362 0.4808595
vn -0.6604313 0.5234290 0.5383795
vn -0.9255317 0.3786702 0.0000000
vn -0.8060762 -0.5560275 0.2026687
vn -0.8594933 -0.1733362 0.4808595
vn -0.6604313 -0.5234290 0.5383795
vn -0.9255317 -0.3786702 0.0000000
vn -0.2513658 -0.2843824 0.9251713
vn -0.6730844 -0.1043632 0.7321651
vn -0.4532382 -0.4167016 0.7879942
vn -0.2473145 -0.0952024 0.9642469
vn -0.6911951 -0.2987310 0.6580343
vn -0.2513658 0.2843824 0.9251713
vn -0.6730844 0.1043632 0.7321651
vn -0.4532382 0.4167016 0.7879942
vn -0.2473145 0.0952024 0.9642469
vn -0.6911951 0.2987310 0.6580343
vn -0.4807575 0.0000000 0.8768536
vn -0.9538671 0.0000000 -0.3002292
vn -0.9538671 -0.0000000 0.3002292
vn -0.9677447 0.1840087 -0.1720784
vn -0.9677447 -0.1840087 -0.1720784
vn -0.9677447 0.1840087 0.1720784
vn -0.9677447 -0.1840087 0.1720784
vn 0.0389315 0.9992419 0.0000000
vn 0.4074658 0.9131057 0.0144782
vn 0.6903304 0.7230348 0.0257789
vn 0.8917063 0.4513333 0.0340309
vn 0.9908234 0.1295996 0.0383777
vn 0.9777366 -0.2062968 0.0383777
vn 0.8538877 -0.5193434 0.0340309
vn 0.6319828 -0.7745535 0.0257789
vn 0.3351873 -0.9420402 0.0144782
vn -0.0389315 -0.9992419 -0.0000000
vn 0.3280451 0.9162000 0.2301390
vn 0.5489198 0.7285443 0.4097685
vn 0.7050292 0.4586064 0.5409380
vn 0.7803020 0.1378018 0.6100324
vn 0.7672151 -0.1980946 0.6100324
vn 0.6672107 -0.5120703 0.5409380
vn 0.4905722 -0.7690440 0.4097685
vn 0.2557666 -0.9389459 0.2301390
vn 0.1371262 0.9236384 0.3578945
vn 0.2089838 0.7417886 0.6372405
vn 0.2562777 0.4760902 0.8412252
vn 0.2742310 0.1575188 0.9486755
vn 0.2611442 -0.1783776 0.9486755
vn 0.2184591 -0.4945865 0.8412252
vn 0.1506362 -0.7557998 0.6372405
vn 0.0648478 -0.9315075 0.3578945
vn -0.0923662 0.9325797 0.3489464
vn -0.1996334 0.7577087 0.6213083
vn -0.2831406 0.4971065 0.8201930
vn -0.3340875 0.1812195 0.9249568
vn -0.3471743 -0.1546769 0.9249568
vn -0.3209592 -0.4735702 0.8201930
vn -0.2579810 -0.7398796 0.6213083
vn -0.1646446 -0.9225663 0.3489464
vn -0.2727739 0.9396086 0.2067127
vn -0.5208541 0.7702238 0.3680574
vn -0.7071860 0.5136278 0.4858749
vn -0.8122965 0.1998510 0.5479360
vn -0.8253834 -0.1360453 0.5479360
vn -0.7450046 -0.4570489 0.4858749
vn -0.5792017 -0.7273645 0.3680574
vn -0.3450523 -0.9155374 0.2067127
vn -0.3351873 0.9420402 -0.0144782
vn -0.6319828 0.7745535 -0.0257789
vn -0.8538877 0.5193434 -0.0340309
vn -0.9777366 0.2062968 -0.0383777
vn -0.9908234 -0.1295996 -0.0383777
vn -0.8917063 -0.4513333 -0.0340309
vn -0.6903304 -0.7230348 -0.0257789
vn -0.4074658 -0.9131057 -0.0144782
vn -0.2557666 0.9389459 -0.2301390
vn -0.4905722 0.7690440 -0.4097685
vn -0.6672107 0.5120703 -0.5409380
vn -0.7672151 0.1980946 -0.6100324
vn -0.7803020 -0.1378018 -0.6100324
vn -0.7050292 -0.4586064 -0.5409380
vn -0.5489198 -0.7285443 -0.4097685
vn -0.3280451 -0.9162000 -0.2301390
vn -0.0648478 0.9315075 -0.3578945
vn -0.1506362 0.7557998 -0.6372405
vn -0.2184591 0.4945865 -0.8412252
vn -0.2611442 0.1783776 -0.9486755
vn -0.2742310 -0.1575188 -0.9486755
vn -0.2562777 -0.4760902 -0.8412252
vn -0.2089838 -0.7417886 -0.6372405
vn -0.1371262 -0.9236384 -0.3578945
vn 0.1646446 0.9225663 -0.3489464
vn 0.2579810 0.7398796 -0.6213083
vn 0.3209592 0.4735702 -0.8201930
vn 0.3471743 0.1546769 -0.9249568
vn 0.3340875 -0.1812195 -0.9249568
vn 0.2831406 -0.4971065 -0.8201930
vn 0.1996334 -0.7577087 -0.6213083
vn 0.0923662 -0.9325797 -0.3489464
vn 0.3450523 0.9155374 -0.2067127
vn 0.5792017 0.7273645 -0.3680574
vn 0.7450046 0.4570489 -0.4858749
vn 0.8253834 0.1360453 -0.5479360
vn 0.8122965 -0.1998510 -0.5479360
vn 0.7071860 -0.5136278 -0.4858749
vn 0.5208541 -0.7702238 -0.3680574
vn 0.2727739 -0.9396086 -0.2067127
vn -0.5258995 0.8505467 0.0000000
vn 0.5258995 0.8505467 0.0000000
vn -0.5258995 -0.8505467 0.0000000
vn 0.5258995 -0.8505467 0.0000000
vn 0.0000000 -0.4746682 0.8801648
vn -0.0000000 0.4746682 0.8801648
vn 0.0000000 -0.4746682 -0.8801648
vn -0.0000000 0.4746682 -0.8801648
vn 0.8162295 0.0000000 -0.5777278
vn 0.8162295 -0.0000000 0.5777278
vn -0.8162295 0.0000000 -0.5777278
vn -0.8162295 0.0000000 0.5777278
vn -0.0000000 1.0000000 -0.0000000
vn 0.0000000 -1.0000000 -0.0000000
vn -0.2973630 -0.7793735 0.5514999
vn 0.2973630 -0.7793735 0.5514999
vn -0.2973630 0.7793735 0.5514999
vn 0.2973630 0.7793735 0.5514999
vn -0.0000000 0.0000000 1.0000000
vn -0.2973630 -0.7793735 -0.5514999
vn 0.2973630 -0.7793735 -0.5514999
vn -0.2973630 0.7793735 -0.5514999
vn 0.2973630 0.7793735 -0.5514999
vn 0.0000000 0.0000000 -1.0000000
vn 0.7975766 0.4925786 -0.3481923
vn 0.7975766 -0.4925786 -0.3481923
vn 0.4556383 -0.2820498 -0.8442995
vn 0.4556383 0.2820498 -0.8442995
vn 0.7975766 0.4925786 0.3481923
vn 0.7975766 -0.4925786 0.3481923
vn 0.4556383 -0.2820498 0.8442995
vn 0.4556383 0.2820498 0.8442995
vn 1.0000000 -0.0000000 0.0000000
vn -0.7975766 0.4925786 -0.3481923
vn -0.7975766 -0.4925786 -0.3481923
vn -0.4556383 -0.2820498 -0.8442995
vn -0.4556383 0.2820498 -0.8442995
vn -0.7975766 0.4925786 0.3481923
vn -0.7975766 -0.4925786 0.3481923
vn -0.4556383 -0.2820498 0.8442995
vn -0.4556383 0.2820498 0.8442995
vn -1.0000000 -0.0000000 0.0000000
vn -0.2759141 0.9611823 -0.0000000
vn 0.2759141 0.9611823 0.0000000
vn -0.2759141 -0.9611823 0.0000000
vn 0.2759141 -0.9611823 -0.0000000
vn -0.4297723 -0.8541999 0.2926401
vn -0.1485470 -0.6447563 0.7498153
vn -0.1519889 -0.9405179 0.3038512
vn 0.4297723 -0.8541999 0.2926401
vn 0.1485470 -0.6447563 0.7498153
vn 0.1519889 -0.9405179 0.3038512
vn -0.0000000 -0.8227138 0.5684558
vn -0.4297723 0.8541999 0.2926401
vn -0.1485470 0.6447563 0.7498153
vn -0.1519889 0.9405179 0.3038512
vn 0.4297723 0.8541999 0.2926401
vn 0.1485470 0.6447563 0.7498153
vn 0.1519889 0.9405179 0.3038512
vn 0.0000000 0.8227138 0.5684558
vn 0.0000000 -0.2422234 0.9702205
vn -0.0000000 0.2422234 0.9702205
vn -0.4297723 -0.8541999 -0.2926401
vn -0.1485470 -0.6447563 -0.7498153
vn -0.1519889 -0.9405179 -0.3038512
vn 0.4297723 -0.8541999 -0.2926401
vn 0.1485470 -0.6447563 -0.7498153
vn 0.1519889 -0.9405179 -0.3038512
vn 0.0000000 -0.8227138 -0.5684558
vn -0.4297723 0.8541999 -0.2926401
vn -0.1485470 0.6447563 -0.7498153
vn -0.1519889 0.9405179 -0.3038512
vn 0.4297723 0.8541999 -0.2926401
vn 0.1485470 0.6447563 -0.7498153
vn 0.1519889 0.9405179 -0.3038512
vn -0.0000000 0.8227138 -0.5684558
vn -0.0000000 -0.2422234 -0.9702205
vn -0.0000000 0.2422234 -0.9702205
vn 0.6902966 0.7005080 -0.1810501
vn 0.8384666 0.2505747 -0.4839278
vn 0.5711995 0.6640427 -0.4824712
vn 0.6902966 -0.7005080 -0.1810501
vn 0.8384666 -0.2505747 -0.4839278
vn 0.5711995 -0.6640427 -0.4824712
vn 0.2322680 -0.3916133 -0.8903318
vn 0.6560891 -0.1491510 -0.7397980
vn 0.4058240 -0.5495949 -0.7302413
vn 0.2369602 -0.1356167 -0.9620073
vn 0.6487782 -0.4129039 -0.6392161
vn 0.2322680 0.3916133 -0.8903318
vn 0.6560891 0.1491510 -0.7397980
vn 0.4058240 0.5495949 -0.7302413
vn 0.2369602 0.1356167 -0.9620073
vn 0.6487782 0.4129039 -0.6392161
vn 0.4665672 -0.0000000 -0.8844858
vn 0.6902966 0.7005080 0.1810501
vn 0.8384666 0.2505747 0.4839278
vn 0.5711995 0.6640427 0.4824712
vn 0.8563035 0.5164729 0.0000000
vn 0.6902966 -0.7005080 0.1810501
vn 0.8384666 -0.2505747 0.4839278
vn 0.5711995 -0.6640427 0.4824712
vn 0.8563035 -0.5164729 0.0000000
vn 0.2322680 -0.3916133 0.8903318
vn 0.6560891 -0.1491510 0.7397980
vn 0.4058240 -0.5495949 0.7302413
vn 0.2369602 -0.1356167 0.9620073
vn 0.6487782 -0.4129039 0.6392161
vn 0.2322680 0.3916133 0.8903318
vn 0.6560891 0.1491510 0.7397980
vn 0.4058240 0.5495949 0.7302413
vn 0.2369602 0.1356167 0.9620073
vn 0.6487782 0.4129039 0.6392161
vn 0.4665672 -0.0000000 0.8844858
vn 0.9504484 -0.0000000 -0.3108823
vn 0.9504484 0.0000000 0.3108823
vn 0.9477045 0.2669395 -0.1749273
vn 0.9477045 -0.2669395 -0.1749273
vn 0.9477045 0.2669395 0.1749273
vn 0.9477045 -0.2669395 0.1749273
vn -0.6902966 0.7005080 -0.1810501
vn -0.8384666 0.2505747 -0.4839278
vn -0.5711995 0.6640427 -0.4824712
vn -0.6902966 -0.7005080 -0.1810501
vn -0.8384666 -0.2505747 -0.4839278
vn -0.5711995 -0.6640427 -0.4824712
vn -0.2322680 -0.3916133 -0.8903318
vn -0.6560891 -0.1491510 -0.7397980
vn -0.4058240 -0.5495949 -0.7302413
vn -0.2369602 -0.1356167 -0.9620073
vn -0.6487782 -0.4129039 -0.6392161
vn -0.2322680 0.3916133 -0.8903318
vn -0.6560891 0.1491510 -0.7397980
vn -0.4058240 0.5495949 -0.7302413
vn -0.2369602 0.1356167 -0.9620073
vn -0.6487782 0.4129039 -0.6392161
vn -0.4665672 0.0000000 -0.8844858
vn -0.6902966 0.7005080 0.1810501
vn -0.8384666 0.2505747 0.4839278
vn -0.5711995 0.6640427 0.4824712
vn -0.8563035 0.5164729 0.0000000
vn -0.6902966 -0.7005080 0.1810501
vn -0.8384666 -0.2505747 0.4839278
vn -0.5711995 -0.6640427 0.4824712
vn -0.8563035 -0.5164729 0.0000000
vn -0.2322680 -0.3916133 0.8903318
vn -0.6560891 -0.1491510 0.7397980
vn -0.4058240 -0.5495949 0.7302413
vn -0.2369602 -0.1356167 0.9620073
vn -0.6487782 -0.4129039 0.6392161
vn -0.2322680 0.3916133 0.8903318
vn -0.6560891 0.1491510 0.7397980
vn -0.4058240 0.5495949 0.7302413
vn -0.2369602 0.1356167 0.9620073
vn -0.6487782 0.4129039 0.6392161
vn -0.4665672 0.0000000 0.8844858
vn -0.9504484 0.0000000 -0.3108823
vn -0.9504484 -0.0000000 0.3108823
vn -0.9477045 0.2669395 -0.1749273
vn -0.9477045 -0.2669395 -0.1749273
vn -0.9477045 0.2669395 0.1749273
vn -0.9477045 -0.2669395 0.1749273
vn -0.0000000 1.0000000 -0.0000000
vn 0.3718902 0.9282767 0.0000000
vn 0.6621602 0.7493623 0.0000000
vn 0.8741219 0.4857066 -0.0000000
vn 0.9857741 0.1680756 0.0000000
vn 0.9857741 -0.1680756 0.0000000
vn 0.8741219 -0.4857066 -0.0000000
vn 0.6621602 -0.7493623 -0.0000000
vn 0.3718902 -0.9282767 -0.0000000
vn -0.0000000 -1.0000000 0.0000000
vn 0.3008655 0.9282767 0.2185916
vn 0.5356989 0.7493623 0.3892080
vn 0.7071795 0.4857066 0.5137960
vn 0.7975080 0.1680756 0.5794235
vn 0.7975080 -0.1680756 0.5794235
vn 0.7071795 -0.4857066 0.5137960
vn 0.5356989 -0.7493623 0.3892080
vn 0.3008655 -0.9282767 0.2185916
vn 0.1149204 0.9282767 0.3536886
vn 0.2046188 0.7493623 0.6297518
vn 0.2701185 0.4857066 0.8313393
vn 0.3046210 0.1680756 0.9375269
vn 0.3046210 -0.1680756 0.9375269
vn 0.2701185 -0.4857066 0.8313393
vn 0.2046188 -0.7493623 0.6297518
vn 0.1149204 -0.9282767 0.3536886
vn -0.1149204 0.9282767 0.3536886
vn -0.2046188 0.7493623 0.6297518
vn -0.2701185 0.4857066 0.8313393
vn -0.3046210 0.1680756 0.9375269
vn -0.3046210 -0.1680756 0.9375269
vn -0.2701185 -0.4857066 0.8313393
vn -0.2046188 -0.7493623 0.6297518
vn -0.1149204 -0.9282767 0.3536886
vn -0.3008655 0.9282767 0.2185916
vn -0.5356989 0.7493623 0.3892080
vn -0.7071795 0.4857066 0.5137960
vn -0.7975080 0.1680756 0.5794235
vn -0.7975080 -0.1680756 0.5794235
vn -0.7071795 -0.4857066 0.5137960
vn -0.5356989 -0.7493623 0.3892080
vn -0.3008655 -0.9282767 0.2185916
vn -0.3718902 0.9282767 -0.0000000
vn -0.6621602 0.7493623 0.0000000
vn -0.8741219 0.4857066 0.0000000
vn -0.9857741 0.1680756 0.0000000
vn -0.9857741 -0.1680756 0.0000000
vn -0.8741219 -0.4857066 0.0000000
vn -0.6621602 -0.7493623 0.0000000
vn -0.3718902 -0.9282767 0.0000000
vn -0.3008655 0.9282767 -0.2185916
vn -0.5356989 0.7493623 -0.3892080
vn -0.7071795 0.4857066 -0.5137960
vn -0.7975080 0.1680756 -0.5794235
vn -0.7975080 -0.1680756 -0.5794235
vn -0.7071795 -0.4857066 -0.5137960
vn -0.5356989 -0.7493623 -0.3892080
vn -0.3008655 -0.9282767 -0.2185916
vn -0.1149204 0.9282767 -0.3536886
vn -0.2046188 0.7493623 -0.6297518
vn -0.2701185 0.4857066 -0.8313393
vn -0.3046210 0.1680756 -0.9375269
vn -0.3046210 -0.1680756 -0.9375269
vn -0.2701185 -0.4857066 -0.8313393
vn -0.2046188 -0.7493623 -0.6297518
vn -0.1149204 -0.9282767 -0.3536886
vn 0.1149204 0.9282767 -0.3536886
vn 0.2046188 0.7493623 -0.6297518
vn 0.2701185 0.4857066 -0.8313393
vn 0.3046210 0.1680756 -0.9375269
vn 0.3046210 -0.1680756 -0.9375269
vn 0.2701185 -0.4857066 -0.8313393
vn 0.2046188 -0.7493623 -0.6297518
vn 0.1149204 -0.9282767 -0.3536886
vn 0.3008655 0.9282767 -0.2185916
vn 0.5356989 0.7493623 -0.3892080
vn 0.7071795 0.4857066 -0.5137960
vn 0.7975080 0.1680756 -0.5794235
vn 0.7975080 -0.1680756 -0.5794235
vn 0.7071795 -0.4857066 -0.5137960
vn 0.5356989 -0.7493623 -0.3892080
vn 0.3008655 -0.9282767 -0.2185916
vn 0.0000000 1.0000000 -0.0000000
vn 0.3718902 0.9282767 -0.0000000
vn 0.6621602 0.7493623 0.0000000
vn 0.8741219 0.4857066 0.0000000
vn 0.9857741 0.1680756 0.0000000
vn 0.9857741 -0.1680756 0.0000000
vn 0.8741219 -0.4857066 -0.0000000
vn 0.6621602 -0.7493623 -0.0000000
vn 0.3718902 -0.9282767 0.0000000
vn 0.0000000 -1.0000000 -0.0000000
vn 0.3008655 0.9282767 0.2185916
vn 0.5356989 0.7493623 0.3892080
vn 0.7071795 0.4857066 0.5137960
vn 0.7975080 0.1680756 0.5794235
vn 0.7975080 -0.1680756 0.5794235
vn 0.7071795 -0.4857066 0.5137960
vn 0.5356989 -0.7493623 0.3892080
vn 0.3008655 -0.9282767 0.2185916
vn 0.1149204 0.9282767 0.3536886
vn 0.2046188 0.7493623 0.6297518
vn 0.2701185 0.4857066 0.8313393
vn 0.3046210 0.1680756 0.9375269
vn 0.3046210 -0.1680756 0.9375269
vn 0.2701185 -0.4857066 0.8313393
vn 0.2046188 -0.7493623 0.6297518
vn 0.1149204 -0.9282767 0.3536886
vn -0.1149204 0.9282767 0.3536886
vn -0.2046188 0.7493623 0.6297518
vn -0.2701185 0.4857066 0.8313393
vn -0.3046210 0.1680756 0.9375269
vn -0.3046210 -0.1680756 0.9375269
vn -0.2701185 -0.4857066 0.8313393
vn -0.2046188 -0.7493623 0.6297518
vn -0.1149204 -0.9282767 0.3536886
vn -0.3008655 0.9282767 0.2185916
vn -0.5356989 0.7493623 0.3892080
vn -0.7071795 0.4857066 0.5137960
vn -0.7975080 0.1680756 0.5794235
vn -0.7975080 -0.1680756 0.5794235
vn -0.7071795 -0.4857066 0.5137960
vn -0.5356989 -0.7493623 0.3892080
vn -0.3008655 -0.9282767 0.2185916
vn -0.3718902 0.9282767 0.0000000
vn -0.6621602 0.7493623 -0.0000000
vn -0.8741219 0.4857066 0.0000000
vn -0.9857741 0.1680756 0.0000000
vn -0.9857741 -0.1680756 0.0000000
vn -0.8741219 -0.4857066 0.0000000
vn -0.6621602 -0.7493623 0.0000000
vn -0.3718902 -0.9282767 -0.0000000
vn -0.3008655 0.9282767 -0.2185916
vn -0.5356989 0.7493623 -0.3892080
vn -0.7071795 0.4857066 -0.5137960
vn -0.7975080 0.1680756 -0.5794235
vn -0.7975080 -0.1680756 -0.5794235
vn -0.7071795 -0.4857066 -0.5137960
vn -0.5356989 -0.7493623 -0.3892080
vn -0.3008655 -0.9282767 -0.2185916
vn -0.1149204 0.9282767 -0.3536886
vn -0.2046188 0.7493623 -0.6297518
vn -0.2701185 0.4857066 -0.8313393
vn -0.3046210 0.1680756 -0.9375269
vn -0.3046210 -0.1680756 -0.9375269
vn -0.2701185 -0.4857066 -0.8313393
vn -0.2046188 -0.7493623 -0.6297518
vn -0.1149204 -0.9282767 -0.3536886
vn 0.1149204 0.9282767 -0.3536886
vn 0.2046188 0.7493623 -0.6297518
vn 0.2701185 0.4857066 -0.8313393
vn 0.3046210 0.1680756 -0.9375269
vn 0.3046210 -0.1680756 -0.9375269
vn 0.2701185 -0.4857066 -0.8313393
vn 0.2046188 -0.7493623 -0.6297518
vn 0.1149204 -0.9282767 -0.3536886
vn 0.3008655 0.9282767 -0.2185916
vn 0.5356989 0.7493623 -0.3892080
vn 0.7071795 0.4857066 -0.5137960
vn 0.7975080 0.1680756 -0.5794235
vn 0.7975080 -0.1680756 -0.5794235
vn 0.7071795 -0.4857066 -0.5137960
vn 0.5356989 -0.7493623 -0.3892080
vn 0.3008655 -0.9282767 -0.2185916
vn -0.4414655 0.8972782 -0.0000000
vn 0.4414655 0.8972782 -0.0000000
vn -0.4414655 -0.8972782 -0.0000000
vn 0.4414655 -0.8972782 -0.0000000
vn -0.0000000 -0.8762718 0.4818172
vn 0.0000000 0.8762718 0.4818172
vn -0.0000000 -0.8762718 -0.4818172
vn 0.0000000 0.8762718 -0.4818172
vn 0.9665341 -0.0000000 -0.2565380
vn 0.9665341 0.0000000 0.2565380
vn -0.9665341 0.0000000 -0.2565380
vn -0.9665341 0.0000000 0.2565380
vn 0.0000000 1.0000000 -0.0000000
vn -0.0000000 -1.0000000 -0.0000000
vn -0.2856765 -0.9390379 0.1913028
vn 0.2856765 -0.9390379 0.1913028
vn -0.2856765 0.9390379 0.1913028
vn 0.2856765 0.9390379 0.1913028
vn 0.0000000 0.0000000 1.0000000
vn -0.2856765 -0.9390379 -0.1913028
vn 0.2856765 -0.9390379 -0.1913028
vn -0.2856765 0.9390379 -0.1913028
vn 0.2856765 0.9390379 -0.1913028
vn -0.0000000 0.0000000 -1.0000000
vn 0.7813342 0.6116746 -0.1239798
vn 0.7813342 -0.6116746 -0.1239798
vn 0.6967270 -0.5309170 -0.4823884
vn 0.6967270 0.5309170 -0.4823884
vn 0.7813342 0.6116746 0.1239798
vn 0.7813342 -0.6116746 0.1239798
vn 0.6967270 -0.5309170 0.4823884
vn 0.6967270 0.5309170 0.4823884
vn 1.0000000 0.0000000 0.0000000
vn -0.7813342 0.6116746 -0.1239798
vn -0.7813342 -0.6116746 -0.1239798
vn -0.6967270 -0.5309170 -0.4823884
vn -0.6967270 0.5309170 -0.4823884
vn -0.7813342 0.6116746 0.1239798
vn -0.7813342 -0.6116746 0.1239798
vn -0.6967270 -0.5309170 0.4823884
vn -0.6967270 0.5309170 0.4823884
vn -1.0000000 0.0000000 0.0000000
vn -0.2178527 0.9759817 -0.0000000
vn 0.2178527 0.9759817 -0.0000000
vn -0.2178527 -0.9759817 -0.0000000
vn 0.2178527 -0.9759817 -0.0000000
vn -0.3711084 -0.9242135 0.0900443
vn -0.1679989 -0.9339705 0.3153973
vn -0.1249689 -0.9880274 0.0904694
vn 0.3711084 -0.9242135 0.0900443
vn 0.1679989 -0.9339705 0.3153973
vn 0.1249689 -0.9880274 0.0904694
vn 0.0000000 -0.9808674 0.1946768
vn -0.3711084 0.9242135 0.0900443
vn -0.1679989 0.9339705 0.3153973
vn -0.1249689 0.9880274 0.0904694
vn 0.3711084 0.9242135 0.0900443
vn 0.1679989 0.9339705 0.3153973
vn 0.1249689 0.9880274 0.0904694
vn 0.0000000 0.9808674 0.1946768
vn 0.0000000 -0.6188972 0.7854720
vn 0.0000000 0.6188972 0.7854720
vn -0.3711084 -0.9242135 -0.0900443
vn -0.1679989 -0.9339705 -0.3153973
vn -0.1249689 -0.9880274 -0.0904694
vn 0.3711084 -0.9242135 -0.0900443
vn 0.1679989 -0.9339705 -0.3153973
vn 0.1249689 -0.9880274 -0.0904694
vn 0.0000000 -0.9808674 -0.1946768
vn -0.3711084 0.9242135 -0.0900443
vn -0.1679989 0.9339705 -0.3153973
vn -0.1249689 0.9880274 -0.0904694
vn 0.3711084 0.9242135 -0.0900443
vn 0.1679989 0.9339705 -0.3153973
vn 0.1249689 0.9880274 -0.0904694
vn 0.0000000 0.9808674 -0.1946768
vn 0.0000000 -0.6188972 -0.7854720
vn -0.0000000 0.6188972 -0.7854720
vn 0.6128446 0.7879636 -0.0594551
vn 0.9171041 0.3495915 -0.1915877
vn 0.5562845 0.8130995 -0.1715130
vn 0.6128446 -0.7879636 -0.0594551
vn 0.9171041 -0.3495915 -0.1915877
vn 0.5562845 -0.8130995 -0.1715130
vn 0.3692398 -0.7659744 -0.5262558
vn 0.8923294 -0.2518545 -0.3745897
vn 0.4826067 -0.8156175 -0.3191532
vn 0.4994902 -0.3468241 -0.7938656
vn 0.7540461 -0.5984973 -0.2705837
vn 0.3692398 0.7659744 -0.5262558
vn 0.8923294 0.2518545 -0.3745897
vn 0.4826067 0.8156175 -0.3191532
vn 0.4994902 0.3468241 -0.7938656
vn 0.7540461 0.5984973 -0.2705837
vn 0.8092497 -0.0000000 -0.5874648
vn 0.6128446 0.7879636 0.0594551
vn 0.9171041 0.3495915 0.1915877
vn 0.5562845 0.8130995 0.1715130
vn 0.7935407 0.6085172 0.0000000
vn 0.6128446 -0.7879636 0.0594551
vn 0.9171041 -0.3495915 0.1915877
vn 0.5562845 -0.8130995 0.1715130
vn 0.7935407 -0.6085172 0.0000000
vn 0.3692398 -0.7659744 0.5262558
vn 0.8923294 -0.2518545 0.3745897
vn 0.4826067 -0.8156175 0.3191532
vn 0.4994902 -0.3468241 0.7938656
vn 0.7540461 -0.5984973 0.2705837
vn 0.3692398 0.7659744 0.5262558
vn 0.8923294 0.2518545 0.3745897
vn 0.4826067 0.8156175 0.3191532
vn 0.4994902 0.3468241 0.7938656
vn 0.7540461 0.5984973 0.2705837
vn 0.8092497 0.0000000 0.5874648
vn 0.9923296 0.0000000 -0.1236205
vn 0.9923296 -0.0000000 0.1236205
vn 0.9392612 0.3374202 -0.0627372
vn 0.9392612 -0.3374202 -0.0627372
vn 0.9392612 0.3374202 0.0627372
vn 0.9392612 -0.3374202 0.0627372
vn -0.6128446 0.7879636 -0.0594551
vn -0.9171041 0.3495915 -0.1915877
vn -0.5562845 0.8130995 -0.1715130
vn -0.6128446 -0.7879636 -0.0594551
vn -0.9171041 -0.3495915 -0.1915877
vn -0.5562845 -0.8130995 -0.1715130
vn -0.3692398 -0.7659744 -0.5262558
vn -0.8923294 -0.2518545 -0.3745897
vn -0.4826067 -0.8156175 -0.3191532
vn -0.4994902 -0.3468241 -0.7938656
vn -0.7540461 -0.5984973 -0.2705837
vn -0.3692398 0.7659744 -0.5262558
vn -0.8923294 0.2518545 -0.3745897
vn -0.4826067 0.8156175 -0.3191532
vn -0.4994902 0.3468241 -0.7938656
vn -0.7540461 0.5984973 -0.2705837
vn -0.8092497 0.0000000 -0.5874648
vn -0.6128446 0.7879636 0.0594551
vn -0.9171041 0.3495915 0.1915877
vn -0.5562845 0.8130995 0.1715130
vn -0.7935407 0.6085172 0.0000000
vn -0.6128446 -0.7879636 0.0594551
vn -0.9171041 -0.3495915 0.1915877
vn -0.5562845 -0.8130995 0.1715130
vn -0.7935407 -0.6085172 0.0000000
vn -0.3692398 -0.7659744 0.5262558
vn -0.8923294 -0.2518545 0.3745897
vn -0.4826067 -0.8156175 0.3191532
vn -0.4994902 -0.3468241 0.7938656
vn -0.7540461 -0.5984973 0.2705837
vn -0.3692398 0.7659744 0.5262558
vn -0.8923294 0.2518545 0.3745897
vn -0.4826067 0.8156175 0.3191532
vn -0.4994902 0.3468241 0.7938656
vn -0.7540461 0.5984973 0.2705837
vn -0.8092497 0.0000000 0.5874648
vn -0.9923296 -0.0000000 -0.1236205
vn -0.9923296 0.0000000 0.1236205
vn -0.9392612 0.3374202 -0.0627372
vn -0.9392612 -0.3374202 -0.0627372
vn -0.9392612 0.3374202 0.0627372
vn -0.9392612 -0.3374202 0.0627372
vn -0.0389315 0.9992419 0.0000000
vn 0.3351873 0.9420402 -0.0144782
vn 0.6319828 0.7745535 -0.0257789
vn 0.8538877 0.5193434 -0.0340309
vn 0.9777366 0.2062968 -0.0383777
vn 0.9908234 -0.1295996 -0.0383777
vn 0.8917063 -0.4513333 -0.0340309
vn 0.6903304 -0.7230348 -0.0257789
vn 0.4074658 -0.9131057 -0.0144782
vn 0.0389315 -0.9992419 -0.0000000
vn 0.2727739 0.9396086 0.2067127
vn 0.5208541 0.7702238 0.3680574
vn 0.7071860 0.5136278 0.4858749
vn 0.8122965 0.1998510 0.5479360
vn 0.8253834 -0.1360453 0.5479360
vn 0.7450046 -0.4570489 0.4858749
vn 0.5792017 -0.7273645 0.3680574
vn 0.3450523 -0.9155374 0.2067127
vn 0.0923662 0.9325797 0.3489464
vn 0.1996334 0.7577087 0.6213083
vn 0.2831406 0.4971065 0.8201930
vn 0.3340875 0.1812195 0.9249568
vn 0.3471743 -0.1546769 0.9249568
vn 0.3209592 -0.4735702 0.8201930
vn 0.2579810 -0.7398796 0.6213083
vn 0.1646446 -0.9225663 0.3489464
vn -0.1371262 0.9236384 0.3578945
vn -0.2089838 0.7417886 0.6372405
vn -0.2562777 0.4760902 0.8412252
vn -0.2742310 0.1575188 0.9486755
vn -0.2611442 -0.1783776 0.9486755
vn -0.2184591 -0.4945865 0.8412252
vn -0.1506362 -0.7557998 0.6372405
vn -0.0648478 -0.9315075 0.3578945
vn -0.3280451 0.9162000 0.2301390
vn -0.5489198 0.7285443 0.4097685
vn -0.7050292 0.4586064 0.5409380
vn -0.7803020 0.1378018 0.6100324
vn -0.7672151 -0.1980946 0.6100324
vn -0.6672107 -0.5120703 0.5409380
vn -0.4905722 -0.7690440 0.4097685
vn -0.2557666 -0.9389459 0.2301390
vn -0.4074658 0.9131057 0.0144782
vn -0.6903304 0.7230348 0.0257789
vn -0.8917063 0.4513333 0.0340309
vn -0.9908234 0.1295996 0.0383777
vn -0.9777366 -0.2062968 0.0383777
vn -0.8538877 -0.5193434 0.0340309
vn -0.6319828 -0.7745535 0.0257789
vn -0.3351873 -0.9420402 0.0144782
vn -0.3450523 0.9155374 -0.2067127
vn -0.5792017 0.7273645 -0.3680574
vn -0.7450046 0.4570489 -0.4858749
vn -0.8253834 0.1360453 -0.5479360
vn -0.8122965 -0.1998510 -0.5479360
vn -0.7071860 -0.5136278 -0.4858749
vn -0.5208541 -0.7702238 -0.3680574
vn -0.2727739 -0.9396086 -0.2067127
vn -0.1646446 0.9225663 -0.3489464
vn -0.2579810 0.7398796 -0.6213083
vn -0.3209592 0.4735702 -0.8201930
vn -0.3471743 0.1546769 -0.9249568
vn -0.3340875 -0.1812195 -0.9249568
vn -0.2831406 -0.4971065 -0.8201930
vn -0.1996334 -0.7577087 -0.6213083
vn -0.0923662 -0.9325797 -0.3489464
vn 0.0648478 0.9315075 -0.3578945
vn 0.1506362 0.7557998 -0.6372405
vn 0.2184591 0.4945865 -0.8412252
vn 0.2611442 0.1783776 -0.9486755
vn 0.2742310 -0.1575188 -0.9486755
vn 0.2562777 -0.4760902 -0.8412252
vn 0.2089838 -0.7417886 -0.6372405
vn 0.1371262 -0.9236384 -0.3578945
vn 0.2557666 0.9389459 -0.2301390
vn 0.4905722 0.7690440 -0.4097685
vn 0.6672107 0.5120703 -0.5409380
vn 0.7672151 0.1980946 -0.6100324
vn 0.7803020 -0.1378018 -0.6100324
vn 0.7050292 -0.4586064 -0.5409380
vn 0.5489198 -0.7285443 -0.4097685
vn 0.3280451 -0.9162000 -0.2301390
vn -0.5258995 0.8505467 0.0000000
vn 0.5258995 0.8505467 0.0000000
vn -0.5258995 -0.8505467 0.0000000
vn 0.5258995 -0.8505467 0.0000000
vn 0.0000000 -0.4746682 0.8801648
vn -0.0000000 0.4746682 0.8801648
vn 0.0000000 -0.4746682 -0.8801648
vn -0.0000000 0.4746682 -0.8801648
vn 0.8162295 0.0000000 -0.5777278
vn 0.8162295 0.0000000 0.5777278
vn -0.8162295 -0.0000000 -0.5777278
vn -0.8162295 0.0000000 0.5777278
vn -0.0000000 1.0000000 -0.0000000
vn 0.0000000 -1.0000000 -0.0000000
vn -0.2973630 -0.7793735 0.5514999
vn 0.2973630 -0.7793735 0.5514999
vn -0.2973630 0.7793735 0.5514999
vn 0.2973630 0.7793735 0.5514999
vn -0.0000000 0.0000000 1.0000000
vn -0.2973630 -0.7793735 -0.5514999
vn 0.2973630 -0.7793735 -0.5514999
vn -0.2973630 0.7793735 -0.5514999
vn 0.2973630 0.7793735 -0.5514999
vn 0.0000000 0.0000000 -1.0000000
vn 0.7975766 0.4925786 -0.3481923
vn 0.7975766 -0.4925786 -0.3481923
vn 0.4556383 -0.2820498 -0.8442995
vn 0.4556383 0.2820498 -0.8442995
vn 0.7975766 0.4925786 0.3481923
vn 0.7975766 -0.4925786 0.3481923
vn 0.4556383 -0.2820498 0.8442995
vn 0.4556383 0.2820498 0.8442995
vn 1.0000000 0.0000000 0.0000000
vn -0.7975766 0.4925786 -0.3481923
vn -0.7975766 -0.4925786 -0.3481923
vn -0.4556383 -0.2820498 -0.8442995
vn -0.4556383 0.2820498 -0.8442995
vn -0.7975766 0.4925786 0.3481923
vn -0.7975766 -0.4925786 0.3481923
vn -0.4556383 -0.2820498 0.8442995
vn -0.4556383 0.2820498 0.8442995
vn -1.0000000 0.0000000 0.0000000
vn -0.2759141 0.9611823 -0.0000000
vn 0.2759141 0.9611823 0.0000000
vn -0.2759141 -0.9611823 0.0000000
vn 0.2759141 -0.9611823 -0.0000000
vn -0.4297723 -0.8541999 0.2926401
vn -0.1485470 -0.6447563 0.7498153
vn -0.1519889 -0.9405179 0.3038512
vn 0.4297723 -0.8541999 0.2926401
vn 0.1485470 -0.6447563 0.7498153
vn 0.1519889 -0.9405179 0.3038512
vn -0.0000000 -0.8227138 0.5684558
vn -0.4297723 0.8541999 0.2926401
vn -0.1485470 0.6447563 0.7498153
vn -0.1519889 0.9405179 0.3038512
vn 0.4297723 0.8541999 0.2926401
vn 0.1485470 0.6447563 0.7498153
vn 0.1519889 0.9405179 0.3038512
vn 0.0000000 0.8227138 0.5684558
vn 0.0000000 -0.2422234 0.9702205
vn -0.0000000 0.2422234 0.9702205
vn -0.4297723 -0.8541999 -0.2926401
vn -0.1485470 -0.6447563 -0.7498153
vn -0.1519889 -0.9405179 -0.3038512
vn 0.4297723 -0.8541999 -0.2926401
vn 0.1485470 -0.6447563 -0.7498153
vn 0.1519889 -0.9405179 -0.3038512
vn 0.0000000 -0.8227138 -0.5684558
vn -0.4297723 0.8541999 -0.2926401
vn -0.1485470 0.6447563 -0.7498153
vn -0.1519889 0.9405179 -0.3038512
vn 0.4297723 0.8541999 -0.2926401
vn 0.1485470 0.6447563 -0.7498153
vn 0.1519889 0.9405179 -0.3038512
vn -0.0000000 0.8227138 -0.5684558
vn -0.0000000 -0.2422234 -0.9702205
vn -0.0000000 0.2422234 -0.9702205
vn 0.6902966 0.7005080 -0.1810501
vn 0.8384666 0.2505747 -0.4839278
vn 0.5711995 0.6640427 -0.4824712
vn 0.6902966 -0.7005080 -0.1810501
vn 0.8384666 -0.2505747 -0.4839278
vn 0.5711995 -0.6640427 -0.4824712
vn 0.2322680 -0.3916133 -0.8903318
vn 0.6560891 -0.1491510 -0.7397980
vn 0.4058240 -0.5495949 -0.7302413
vn 0.2369602 -0.1356167 -0.9620073
vn 0.6487782 -0.4129039 -0.6392161
vn 0.2322680 0.3916133 -0.8903318
vn 0.6560891 0.1491510 -0.7397980
vn 0.4058240 0.5495949 -0.7302413
vn 0.2369602 0.1356167 -0.9620073
vn 0.6487782 0.4129039 -0.6392161
vn 0.4665672 -0.0000000 -0.8844858
vn 0.6902966 0.7005080 0.1810501
vn 0.8384666 0.2505747 0.4839278
vn 0.5711995 0.6640427 0.4824712
vn 0.8563035 0.5164729 0.0000000
vn 0.6902966 -0.7005080 0.1810501
vn 0.8384666 -0.2505747 0.4839278
vn 0.5711995 -0.6640427 0.4824712
vn 0.8563035 -0.5164729 0.0000000
vn 0.2322680 -0.3916133 0.8903318
vn 0.6560891 -0.1491510 0.7397980
vn 0.4058240 -0.5495949 0.7302413
vn 0.2369602 -0.1356167 0.9620073
vn 0.6487782 -0.4129039 0.6392161
vn 0.2322680 0.3916133 0.8903318
vn 0.6560891 0.1491510 0.7397980
vn 0.4058240 0.5495949 0.7302413
vn 0.2369602 0.1356167 0.9620073
vn 0.6487782 0.4129039 0.6392161
vn 0.4665672 -0.0000000 0.8844858
vn 0.9504484 0.0000000 -0.3108823
vn 0.9504484 0.0000000 0.3108823
vn 0.9477045 0.2669395 -0.1749273
vn 0.9477045 -0.2669395 -0.1749273
vn 0.9477045 0.2669395 0.1749273
vn 0.9477045 -0.2669395 0.1749273
vn -0.6902966 0.7005080 -0.1810501
vn -0.8384666 0.2505747 -0.4839278
vn -0.5711995 0.6640427 -0.4824712
vn -0.6902966 -0.7005080 -0.1810501
vn -0.8384666 -0.2505747 -0.4839278
vn -0.5711995 -0.6640427 -0.4824712
vn -0.2322680 -0.3916133 -0.8903318
vn -0.6560891 -0.1491510 -0.7397980
vn -0.4058240 -0.5495949 -0.7302413
vn -0.2369602 -0.1356167 -0.9620073
vn -0.6487782 -0.4129039 -0.6392161
vn -0.2322680 0.3916133 -0.8903318
vn -0.6560891 0.1491510 -0.7397980
vn -0.4058240 0.5495949 -0.7302413
vn -0.2369602 0.1356167 -0.9620073
vn -0.6487782 0.4129039 -0.6392161
vn -0.4665672 0.0000000 -0.8844858
vn -0.6902966 0.7005080 0.1810501
vn -0.8384666 0.2505747 0.4839278
vn -0.5711995 0.6640427 0.4824712
vn -0.8563035 0.5164729 0.0000000
vn -0.6902966 -0.7005080 0.1810501
vn -0.8384666 -0.2505747 0.4839278
vn -0.5711995 -0.6640427 0.4824712
vn -0.8563035 -0.5164729 0.0000000
vn -0.2322680 -0.3916133 0.8903318
vn -0.6560891 -0.1491510 0.7397980
vn -0.4058240 -0.5495949 0.7302413
vn -0.2369602 -0.1356167 0.9620073
vn -0.6487782 -0.4129039 0.6392161
vn -0.2322680 0.3916133 0.8903318
vn -0.6560891 0.1491510 0.7397980
vn -0.4058240 0.5495949 0.7302413
vn -0.2369602 0.1356167 0.9620073
vn -0.6487782 0.4129039 0.6392161
vn -0.4665672 0.0000000 0.8844858
vn -0.9504484 0.0000000 -0.3108823
vn -0.9504484 0.0000000 0.3108823
vn -0.9477045 0.2669395 -0.1749273
vn -0.9477045 -0.2669395 -0.1749273
vn -0.9477045 0.2669395 0.1749273
vn -0.9477045 -0.2669395 0.1749273
vn -0.0000000 1.0000000 -0.0000000
vn 0.3718902 0.9282767 0.0000000
vn 0.6621602 0.7493623 0.0000000
vn 0.8741219 0.4857066 -0.0000000
vn 0.9857741 0.1680756 0.0000000
vn 0.9857741 -0.1680756 0.0000000
vn 0.8741219 -0.4857066 -0.0000000
vn 0.6621602 -0.7493623 -0.0000000
vn 0.3718902 -0.9282767 -0.0000000
vn -0.0000000 -1.0000000 0.0000000
vn 0.3008655 0.9282767 0.2185916
vn 0.5356989 0.7493623 0.3892080
vn 0.7071795 0.4857066 0.5137960
vn 0.7975080 0.1680756 0.5794235
vn 0.7975080 -0.1680756 0.5794235
vn 0.7071795 -0.4857066 0.5137960
vn 0.5356989 -0.7493623 0.3892080
vn 0.3008655 -0.9282767 0.2185916
vn 0.1149204 0.9282767 0.3536886
vn 0.2046188 0.7493623 0.6297518
vn 0.2701185 0.4857066 0.8313393
vn 0.3046210 0.1680756 0.9375269
vn 0.3046210 -0.1680756 0.9375269
vn 0.2701185 -0.4857066 0.8313393
vn 0.2046188 -0.7493623 0.6297518
vn 0.1149204 -0.9282767 0.3536886
vn -0.1149204 0.9282767 0.3536886
vn -0.2046188 0.7493623 0.6297518
vn -0.2701185 0.4857066 0.8313393
vn -0.3046210 0.1680756 0.9375269
vn -0.3046210 -0.1680756 0.9375269
vn -0.2701185 -0.4857066 0.8313393
vn -0.2046188 -0.7493623 0.6297518
vn -0.1149204 -0.9282767 0.3536886
vn -0.3008655 0.9282767 0.2185916
vn -0.5356989 0.7493623 0.3892080
vn -0.7071795 0.4857066 0.5137960
vn -0.7975080 0.1680756 0.5794235
vn -0.7975080 -0.1680756 0.5794235
vn -0.7071795 -0.4857066 0.5137960
vn -0.5356989 -0.7493623 0.3892080
vn -0.3008655 -0.9282767 0.2185916
vn -0.3718902 0.9282767 -0.0000000
vn -0.6621602 0.7493623 0.0000000
vn -0.8741219 0.4857066 0.0000000
vn -0.9857741 0.1680756 0.0000000
vn -0.9857741 -0.1680756 0.0000000
vn -0.8741219 -0.4857066 0.0000000
vn -0.6621602 -0.7493623 0.0000000
vn -0.3718902 -0.9282767 0.0000000
vn -0.3008655 0.9282767 -0.2185916
vn -0.5356989 0.7493623 -0.3892080
vn -0.7071795 0.4857066 -0.5137960
vn -0.7975080 0.1680756 -0.5794235
vn -0.7975080 -0.1680756 -0.5794235
vn -0.7071795 -0.4857066 -0.5137960
vn -0.5356989 -0.7493623 -0.3892080
vn -0.3008655 -0.9282767 -0.2185916
vn -0.1149204 0.9282767 -0.3536886
vn -0.2046188 0.7493623 -0.6297518
vn -0.2701185 0.4857066 -0.8313393
vn -0.3046210 0.1680756 -0.9375269
vn -0.3046210 -0.1680756 -0.9375269
vn -0.2701185 -0.4857066 -0.8313393
vn -0.2046188 -0.7493623 -0.6297518
vn -0.1149204 -0.9282767 -0.3536886
vn 0.1149204 0.9282767 -0.3536886
vn 0.2046188 0.7493623 -0.6297518
vn 0.2701185 0.4857066 -0.8313393
vn 0.3046210 0.1680756 -0.9375269
vn 0.3046210 -0.1680756 -0.9375269
vn 0.2701185 -0.4857066 -0.8313393
vn 0.2046188 -0.7493623 -0.6297518
vn 0.1149204 -0.9282767 -0.3536886
vn 0.3008655 0.9282767 -0.2185916
vn 0.5356989 0.7493623 -0.3892080
vn 0.7071795 0.4857066 -0.5137960
vn 0.7975080 0.1680756 -0.5794235
vn 0.7975080 -0.1680756 -0.5794235
vn 0.7071795 -0.4857066 -0.5137960
vn 0.5356989 -0.7493623 -0.3892080
vn 0.3008655 -0.9282767 -0.2185916
vn 0.0000000 1.0000000 -0.0000000
vn 0.3718902 0.9282767 -0.0000000
vn 0.6621602 0.7493623 0.0000000
vn 0.8741219 0.4857066 -0.0000000
vn 0.9857741 0.1680756 -0.0000000
vn 0.9857741 -0.1680756 -0.0000000
vn 0.8741219 -0.4857066 -0.0000000
vn 0.6621602 -0.7493623 -0.0000000
vn 0.3718902 -0.9282767 0.0000000
vn 0.0000000 -1.0000000 -0.0000000
vn 0.3008655 0.9282767 0.2185916
vn 0.5356989 0.7493623 0.3892080
vn 0.7071795 0.4857066 0.5137960
vn 0.7975080 0.1680756 0.5794235
vn 0.7975080 -0.1680756 0.5794235
vn 0.7071795 -0.4857066 0.5137960
vn 0.5356989 -0.7493623 0.3892080
vn 0.3008655 -0.9282767 0.2185916
vn 0.1149204 0.9282767 0.3536886
vn 0.2046188 0.7493623 0.6297518
vn 0.2701185 0.4857066 0.8313393
vn 0.3046210 0.1680756 0.9375269
vn 0.3046210 -0.1680756 0.9375269
vn 0.2701185 -0.4857066 0.8313393
vn 0.2046188 -0.7493623 0.6297518
vn 0.1149204 -0.9282767 0.3536886
vn -0.1149204 0.9282767 0.3536886
vn -0.2046188 0.7493623 0.6297518
vn -0.2701185 0.4857066 0.8313393
vn -0.3046210 0.1680756 0.9375269
vn -0.3046210 -0.1680756 0.9375269
vn -0.2701185 -0.4857066 0.8313393
vn -0.2046188 -0.7493623 0.6297518
vn -0.1149204 -0.9282767 0.3536886
vn -0.3008655 0.9282767 0.2185916
vn -0.5356989 0.7493623 0.3892080
vn -0.7071795 0.4857066 0.5137960
vn -0.7975080 0.1680756 0.5794235
vn -0.7975080 -0.1680756 0.5794235
vn -0.7071795 -0.4857066 0.5137960
vn -0.5356989 -0.7493623 0.3892080
vn -0.3008655 -0.9282767 0.2185916
vn -0.3718902 0.9282767 0.0000000
vn -0.6621602 0.7493623 -0.0000000
vn -0.8741219 0.4857066 -0.0000000
vn -0.9857741 0.1680756 0.0000000
vn -0.9857741 -0.1680756 0.0000000
vn -0.8741219 -0.4857066 0.0000000
vn -0.6621602 -0.7493623 0.0000000
vn -0.3718902 -0.9282767 -0.0000000
vn -0.3008655 0.9282767 -0.2185916
vn -0.5356989 0.7493623 -0.3892080
vn -0.7071795 0.4857066 -0.5137960
vn -0.7975080 0.1680756 -0.5794235
vn -0.7975080 -0.1680756 -0.5794235
vn -0.7071795 -0.4857066 -0.5137960
vn -0.5356989 -0.7493623 -0.3892080
vn -0.3008655 -0.9282767 -0.2185916
vn -0.1149204 0.9282767 -0.3536886
vn -0.2046188 0.7493623 -0.6297518
vn -0.2701185 0.4857066 -0.8313393
vn -0.3046210 0.1680756 -0.9375269
vn -0.3046210 -0.1680756 -0.9375269
vn -0.2701185 -0.4857066 -0.8313393
vn -0.2046188 -0.7493623 -0.6297518
vn -0.1149204 -0.9282767 -0.3536886
vn 0.1149204 0.9282767 -0.3536886
vn 0.2046188 0.7493623 -0.6297518
vn 0.2701185 0.4857066 -0.8313393
vn 0.3046210 0.1680756 -0.9375269
vn 0.3046210 -0.1680756 -0.9375269
vn 0.2701185 -0.4857066 -0.8313393
vn 0.2046188 -0.7493623 -0.6297518
vn 0.1149204 -0.9282767 -0.3536886
vn 0.3008655 0.9282767 -0.2185916
vn 0.5356989 0.7493623 -0.3892080
vn 0.7071795 0.4857066 -0.5137960
vn 0.7975080 0.1680756 -0.5794235
vn 0.7975080 -0.1680756 -0.5794235
vn 0.7071795 -0.4857066 -0.5137960
vn 0.5356989 -0.7493623 -0.3892080
vn 0.3008655 -0.9282767 -0.2185916
vn -0.4414655 0.8972782 -0.0000000
vn 0.4414655 0.8972782 -0.0000000
vn -0.4414655 -0.8972782 -0.0000000
vn 0.4414655 -0.8972782 -0.0000000
vn -0.0000000 -0.8762718 0.4818172
vn 0.0000000 0.8762718 0.4818172
vn -0.0000000 -0.8762718 -0.4818172
vn 0.0000000 0.8762718 -0.4818172
vn 0.9665341 0.0000000 -0.2565380
vn 0.9665341 -0.0000000 0.2565380
vn -0.9665341 0.0000000 -0.2565380
vn -0.9665341 -0.0000000 0.2565380
vn 0.0000000 1.0000000 -0.0000000
vn -0.0000000 -1.0000000 -0.0000000
vn -0.2856765 -0.9390379 0.1913028
vn 0.2856765 -0.9390379 0.1913028
vn -0.2856765 0.9390379 0.1913028
vn 0.2856765 0.9390379 0.1913028
vn 0.0000000 0.0000000 1.0000000
vn -0.2856765 -0.9390379 -0.1913028
vn 0.2856765 -0.9390379 -0.1913028
vn -0.2856765 0.9390379 -0.1913028
vn 0.2856765 0.9390379 -0.1913028
vn -0.0000000 0.0000000 -1.0000000
vn 0.7813342 0.6116746 -0.1239798
vn 0.7813342 -0.6116746 -0.1239798
vn 0.6967270 -0.5309170 -0.4823884
vn 0.6967270 0.5309170 -0.4823884
vn 0.7813342 0.6116746 0.1239798
vn 0.7813342 -0.6116746 0.1239798
vn 0.6967270 -0.5309170 0.4823884
vn 0.6967270 0.5309170 0.4823884
vn 1.0000000 -0.0000000 0.0000000
vn -0.7813342 0.6116746 -0.1239798
vn -0.7813342 -0.6116746 -0.1239798
vn -0.6967270 -0.5309170 -0.4823884
vn -0.6967270 0.5309170 -0.4823884
vn -0.7813342 0.6116746 0.1239798
vn -0.7813342 -0.6116746 0.1239798
vn -0.6967270 -0.5309170 0.4823884
vn -0.6967270 0.5309170 0.4823884
vn -1.0000000 0.0000000 0.0000000
vn -0.2178527 0.9759817 -0.0000000
vn 0.2178527 0.9759817 -0.0000000
vn -0.2178527 -0.9759817 -0.0000000
vn 0.2178527 -0.9759817 -0.0000000
vn -0.3711084 -0.9242135 0.0900443
vn -0.1679989 -0.9339705 0.3153973
vn -0.1249689 -0.9880274 0.0904694
vn 0.3711084 -0.9242135 0.0900443
vn 0.1679989 -0.9339705 0.3153973
vn 0.1249689 -0.9880274 0.0904694
vn 0.0000000 -0.9808674 0.1946768
vn -0.3711084 0.9242135 0.0900443
vn -0.1679989 0.9339705 0.3153973
vn -0.1249689 0.9880274 0.0904694
vn 0.3711084 0.9242135 0.0900443
vn 0.1679989 0.9339705 0.3153973
vn 0.1249689 0.9880274 0.0904694
vn 0.0000000 0.9808674 0.1946768
vn 0.0000000 -0.6188972 0.7854720
vn 0.0000000 0.6188972 0.7854720
vn -0.3711084 -0.9242135 -0.0900443
vn -0.1679989 -0.9339705 -0.3153973
vn -0.1249689 -0.9880274 -0.0904694
vn 0.3711084 -0.9242135 -0.0900443
vn 0.1679989 -0.9339705 -0.3153973
vn 0.1249689 -0.9880274 -0.0904694
vn 0.0000000 -0.9808674 -0.1946768
vn -0.3711084 0.9242135 -0.0900443
vn -0.1679989 0.9339705 -0.3153973
vn -0.1249689 0.9880274 -0.0904694
vn 0.3711084 0.9242135 -0.0900443
vn 0.1679989 0.9339705 -0.3153973
vn 0.1249689 0.9880274 -0.0904694
vn 0.0000000 0.9808674 -0.1946768
vn 0.0000000 -0.6188972 -0.7854720
vn -0.0000000 0.6188972 -0.7854720
vn 0.6128446 0.7879636 -0.0594551
vn 0.9171041 0.3495915 -0.1915877
vn 0.5562845 0.8130995 -0.1715130
vn 0.6128446 -0.7879636 -0.0594551
vn 0.9171041 -0.3495915 -0.1915877
vn 0.5562845 -0.8130995 -0.1715130
vn 0.3692398 -0.7659744 -0.5262558
vn 0.8923294 -0.2518545 -0.3745897
vn 0.4826067 -0.8156175 -0.3191532
vn 0.4994902 -0.3468241 -0.7938656
vn 0.7540461 -0.5984973 -0.2705837
vn 0.3692398 0.7659744 -0.5262558
vn 0.8923294 0.2518545 -0.3745897
vn 0.4826067 0.8156175 -0.3191532
vn 0.4994902 0.3468241 -0.7938656
vn 0.7540461 0.5984973 -0.2705837
vn 0.8092497 -0.0000000 -0.5874648
vn 0.6128446 0.7879636 0.0594551
vn 0.9171041 0.3495915 0.1915877
vn 0.5562845 0.8130995 0.1715130
vn 0.7935407 0.6085172 0.0000000
vn 0.6128446 -0.7879636 0.0594551
vn 0.9171041 -0.3495915 0.1915877
vn 0.5562845 -0.8130995 0.1715130
vn 0.7935407 -0.6085172 0.0000000
vn 0.3692398 -0.7659744 0.5262558
vn 0.8923294 -0.2518545 0.3745897
vn 0.4826067 -0.8156175 0.3191532
vn 0.4994902 -0.3468241 0.7938656
vn 0.7540461 -0.5984973 0.2705837
vn 0.3692398 0.7659744 0.5262558
vn 0.8923294 0.2518545 0.3745897
vn 0.4826067 0.8156175 0.3191532
vn 0.4994902 0.3468241 0.7938656
vn 0.7540461 0.5984973 0.2705837
vn 0.8092497 0.0000000 0.5874648
vn 0.9923296 0.0000000 -0.1236205
vn 0.9923296 -0.0000000 0.1236205
vn 0.9392612 0.3374202 -0.0627372
vn 0.9392612 -0.3374202 -0.0627372
vn 0.9392612 0.3374202 0.0627372
vn 0.9392612 -0.3374202 0.0627372
vn -0.6128446 0.7879636 -0.0594551
vn -0.9171041 0.3495915 -0.1915877
vn -0.5562845 0.8130995 -0.1715130
vn -0.6128446 -0.7879636 -0.0594551
vn -0.9171041 -0.3495915 -0.1915877
vn -0.5562845 -0.8130995 -0.1715130
vn -0.3692398 -0.7659744 -0.5262558
vn -0.8923294 -0.2518545 -0.3745897
vn -0.4826067 -0.8156175 -0.3191532
vn -0.4994902 -0.3468241 -0.7938656
vn -0.7540461 -0.5984973 -0.2705837
vn -0.3692398 0.7659744 -0.5262558
vn -0.8923294 0.2518545 -0.3745897
vn -0.4826067 0.8156175 -0.3191532
vn -0.4994902 0.3468241 -0.7938656
vn -0.7540461 0.5984973 -0.2705837
vn -0.8092497 0.0000000 -0.5874648
vn -0.6128446 0.7879636 0.0594551
vn -0.9171041 0.3495915 0.1915877
vn -0.5562845 0.8130995 0.1715130
vn -0.7935407 0.6085172 0.0000000
vn -0.6128446 -0.7879636 0.0594551
vn -0.9171041 -0.3495915 0.1915877
vn -0.5562845 -0.8130995 0.1715130
vn -0.7935407 -0.6085172 0.0000000
vn -0.3692398 -0.7659744 0.5262558
vn -0.8923294 -0.2518545 0.3745897
vn -0.4826067 -0.8156175 0.3191532
vn -0.4994902 -0.3468241 0.7938656
vn -0.7540461 -0.5984973 0.2705837
vn -0.3692398 0.7659744 0.5262558
vn -0.8923294 0.2518545 0.3745897
vn -0.4826067 0.8156175 0.3191532
vn -0.4994902 0.3468241 0.7938656
vn -0.7540461 0.5984973 0.2705837
vn -0.8092497 -0.0000000 0.5874648
vn -0.9923296 0.0000000 -0.1236205
vn -0.9923296 0.0000000 0.1236205
vn -0.9392612 0.3374202 -0.0627372
vn -0.9392612 -0.3374202 -0.0627372
vn -0.9392612 0.3374202 0.0627372
vn -0.9392612 -0.3374202 0.0627372
f 1//1 138//138 54//54
f 138//138 38//38 140//140
f 54//54 140//140 17//17
f 138//138 140//140 54//54
f 38//38 139//139 155//155
f 139//139 12//12 152//152
f 155//155 152//152 41//41
f 139//139 152//152 155//155
f 17//17 153//153 55//55
f 153//153 41//41 151//151
f 55//55 151//151 6//6
f 153//153 151//151 55//55
f 38//38 155//155 140//140
f 155//155 41//41 153//153
f 140//140 153//153 17//17
f 155//155 153//153 140//140
f 1//1 54//54 43//43
f 54//54 17//17 56//56
f 43//43 56//56 13//13
f 54//54 56//56 43//43
f 17//17 55//55 60//60
f 55//55 6//6 58//58
f 60//60 58//58 18//18
f 55//55 58//58 60//60
f 13//13 59//59 44//44
f 59//59 18//18 57//57
f 44//44 57//57 2//2
f 59//59 57//57 44//44
f 17//17 60//60 56//56
f 60//60 18//18 59//59
f 56//56 59//59 13//13
f 60//60 59//59 56//56
f 1//1 43//43 70//70
f 43//43 13//13 72//72
f 70//70 72//72 22//22
f 43//43 72//72 70//70
f 13//13 44//44 75//75
f 44//44 2//2 73//73
f 75//75 73//73 23//23
f 44//44 73//73 75//75
f 22//22 76//76 71//71
f 76//76 23//23 74//74
f 71//71 74//74 8//8
f 76//76 74//74 71//71
f 13//13 75//75 72//72
f 75//75 23//23 76//76
f 72//72 76//76 22//22
f 75//75 76//76 72//72
f 1//1 70//70 121//121
f 70//70 22//22 123//123
f 121//121 123//123 34//34
f 70//70 123//123 121//121
f 22//22 71//71 134//134
f 71//71 8//8 132//132
f 134//134 132//132 37//37
f 71//71 132//132 134//134
f 34//34 136//136 122//122
f 136//136 37//37 133//133
f 122//122 133//133 11//11
f 136//136 133//133 122//122
f 22//22 134//134 123//123
f 134//134 37//37 136//136
f 123//123 136//136 34//34
f 134//134 136//136 123//123
f 1//1 121//121 138//138
f 121//121 34//34 141//141
f 138//138 141//141 38//38
f 121//121 141//141 138//138
f 34//34 122//122 159//159
f 122//122 11//11 157//157
f 159//159 157//157 42//42
f 122//122 157//157 159//159
f 38//38 161//161 139//139
f 161//161 42//42 158//158
f 139//139 158//158 12//12
f 161//161 158//158 139//139
f 34//34 159//159 141//141
f 159//159 42//42 161//161
f 141//141 161//161 38//38
f 159//159 161//161 141//141
f 2//2 57//57 96//96
f 57//57 18//18 98//98
f 96//96 98//98 29//29
f 57//57 98//98 96//96
f 18//18 58//58 111//111
f 58//58 6//6 109//109
f 111//111 109//109 32//32
f 58//58 109//109 111//111
f 29//29 113//113 97//97
f 113//113 32//32 110//110
f 97//97 110//110 10//10
f 113//113 110//110 97//97
f 18//18 111//111 98//98
f 111//111 32//32 113//113
f 98//98 113//113 29//29
f 111//111 113//113 98//98
f 6//6 151//151 62//62
f 151//151 41//41 154//154
f 62//62 154//154 19//19
f 151//151 154//154 62//62
f 41//41 152//152 156//156
f 152//152 12//12 147//147
f 156//156 147//147 40//40
f 152//152 147//147 156//156
f 19//19 149//149 61//61
f 149//149 40//40 146//146
f 61//61 146//146 5//5
f 149//149 146//146 61//61
f 41//41 156//156 154//154
f 156//156 40//40 149//149
f 154//154 149//149 19//19
f 156//156 149//149 154//154
f 12//12 158//158 143//143
f 158//158 42//42 162//162
f 143//143 162//162 39//39
f 158//158 162//162 143//143
f 42//42 157//157 160//160
f 157//157 11//11 125//125
f 160//160 125//125 35//35
f 157//157 125//125 160//160
f 39//39 145//145 142//142
f 145//145 35//35 124//124
f 142//142 124//124 3//3
f 145//145 124//124 142//142
f 42//42 160//160 162//162
f 160//160 35//35 145//145
f 162//162 145//145 39//39
f 160//160 145//145 162//162
f 11//11 133//133 128//128
f 133//133 37//37 137//137
f 128//128 137//137 36//36
f 133//133 137//137 128//128
f 37//37 132//132 135//135
f 132//132 8//8 78//78
f 135//135 78//78 24//24
f 132//132 78//78 135//135
f 36//36 130//130 127//127
f 130//130 24//24 77//77
f 127//127 77//77 7//7
f 130//130 77//77 127//127
f 37//37 135//135 137//137
f 135//135 24//24 130//130
f 137//137 130//130 36//36
f 135//135 130//130 137//137
f 8//8 74//74 90//90
f 74//74 23//23 92//92
f 90//90 92//92 28//28
f 74//74 92//92 90//90
f 23//23 73//73 81//81
f 73//73 2//2 79//79
f 81//81 79//79 25//25
f 73//73 79//79 81//81
f 28//28 94//94 91//91
f 94//94 25//25 80//80
f 91//91 80//80 9//9
f 94//94 80//80 91//91
f 23//23 81//81 92//92
f 81//81 25//25 94//94
f 92//92 94//94 28//28
f 81//81 94//94 92//92
f 4//4 100//100 50//50
f 100//100 30//30 102//102
f 50//50 102//102 16//16
f 100//100 102//102 50//50
f 30//30 101//101 108//108
f 101//101 10//10 105//105
f 108//108 105//105 31//31
f 101//101 105//105 108//108
f 16//16 106//106 51//51
f 106//106 31//31 104//104
f 51//51 104//104 5//5
f 106//106 104//104 51//51
f 30//30 108//108 102//102
f 108//108 31//31 106//106
f 102//102 106//106 16//16
f 108//108 106//106 102//102
f 4//4 50//50 46//46
f 50//50 16//16 52//52
f 46//46 52//52 14//14
f 50//50 52//52 46//46
f 16//16 51//51 53//53
f 51//51 5//5 48//48
f 53//53 48//48 15//15
f 51//51 48//48 53//53
f 14//14 49//49 45//45
f 49//49 15//15 47//47
f 45//45 47//47 3//3
f 49//49 47//47 45//45
f 16//16 53//53 52//52
f 53//53 15//15 49//49
f 52//52 49//49 14//14
f 53//53 49//49 52//52
f 4//4 46//46 66//66
f 46//46 14//14 68//68
f 66//66 68//68 21//21
f 46//46 68//68 66//66
f 14//14 45//45 65//65
f 45//45 3//3 63//63
f 65//65 63//63 20//20
f 45//45 63//63 65//65
f 21//21 69//69 67//67
f 69//69 20//20 64//64
f 67//67 64//64 7//7
f 69//69 64//64 67//67
f 14//14 65//65 68//68
f 65//65 20//20 69//69
f 68//68 69//69 21//21
f 65//65 69//69 68//68
f 4//4 66//66 82//82
f 66//66 21//21 84//84
f 82//82 84//84 26//26
f 66//66 84//84 82//82
f 21//21 67//67 87//87
f 67//67 7//7 85//85
f 87//87 85//85 27//27
f 67//67 85//85 87//87
f 26//26 89//89 83//83
f 89//89 27//27 86//86
f 83//83 86//86 9//9
f 89//89 86//86 83//83
f 21//21 87//87 84//84
f 87//87 27//27 89//89
f 84//84 89//89 26//26
f 87//87 89//89 84//84
f 4//4 82//82 100//100
f 82//82 26//26 103//103
f 100//100 103//103 30//30
f 82//82 103//103 100//100
f 26//26 83//83 118//118
f 83//83 9//9 115//115
f 118//118 115//115 33//33
f 83//83 115//115 118//118
f 30//30 120//120 101//101
f 120//120 33//33 116//116
f 101//101 116//116 10//10
f 120//120 116//116 101//101
f 26//26 118//118 103//103
f 118//118 33//33 120//120
f 103//103 120//120 30//30
f 118//118 120//120 103//103
f 5//5 104//104 61//61
f 104//104 31//31 107//107
f 61//61 107//107 19//19
f 104//104 107//107 61//61
f 31//31 105//105 114//114
f 105//105 10//10 110//110
f 114//114 110//110 32//32
f 105//105 110//110 114//114
f 19//19 112//112 62//62
f 112//112 32//32 109//109
f 62//62 109//109 6//6
f 112//112 109//109 62//62
f 31//31 114//114 107//107
f 114//114 32//32 112//112
f 107//107 112//112 19//19
f 114//114 112//112 107//107
f 3//3 47//47 142//142
f 47//47 15//15 144//144
f 142//142 144//144 39//39
f 47//47 144//144 142//142
f 15//15 48//48 148//148
f 48//48 5//5 146//146
f 148//148 146//146 40//40
f 48//48 146//146 148//148
f 39//39 150//150 143//143
f 150//150 40//40 147//147
f 143//143 147//147 12//12
f 150//150 147//147 143//143
f 15//15 148//148 144//144
f 148//148 40//40 150//150
f 144//144 150//150 39//39
f 148//148 150//150 144//144
f 7//7 64//64 127//127
f 64//64 20//20 129//129
f 127//127 129//129 36//36
f 64//64 129//129 127//127
f 20//20 63//63 126//126
f 63//63 3//3 124//124
f 126//126 124//124 35//35
f 63//63 124//124 126//126
f 36//36 131//131 128//128
f 131//131 35//35 125//125
f 128//128 125//125 11//11
f 131//131 125//125 128//128
f 20//20 126//126 129//129
f 126//126 35//35 131//131
f 129//129 131//131 36//36
f 126//126 131//131 129//129
f 9//9 86//86 91//91
f 86//86 27//27 95//95
f 91//91 95//95 28//28
f 86//86 95//95 91//91
f 27//27 85//85 88//88
f 85//85 7//7 77//77
f 88//88 77//77 24//24
f 85//85 77//77 88//88
f 28//28 93//93 90//90
f 93//93 24//24 78//78
f 90//90 78//78 8//8
f 93//93 78//78 90//90
f 27//27 88//88 95//95
f 88//88 24//24 93//93
f 95//95 93//93 28//28
f 88//88 93//93 95//95
f 10//10 116//116 97//97
f 116//116 33//33 119//119
f 97//97 119//119 29//29
f 116//116 119//119 97//97
f 33//33 115//115 117//117
f 115//115 9//9 80//80
f 117//117 80//80 25//25
f 115//115 80//80 117//117
f 29//29 99//99 96//96
f 99//99 25//25 79//79
f 96//96 79//79 2//2
f 99//99 79//79 96//96
f 33//33 117//117 119//119
f 117//117 25//25 99//99
f 119//119 99//99 29//29
f 117//117 99//99 119//119
f 163//163 300//300 216//216
f 300//300 200//200 302//302
f 216//216 302//302 179//179
f 300//300 302//302 216//216
f 200//200 301//301 317//317
f 301//301 174//174 314//314
f 317//317 314//314 203//203
f 301//301 314//314 317//317
f 179//179 315//315 217//217
f 315//315 203//203 313//313
f 217//217 313//313 168//168
f 315//315 313//313 217//217
f 200//200 317//317 302//302
f 317//317 203//203 315//315
f 302//302 315//315 179//179
f 317//317 315//315 302//302
f 163//163 216//216 205//205
f 216//216 179//179 218//218
f 205//205 218//218 175//175
f 216//216 218//218 205//205
f 179//179 217//217 222//222
f 217//217 168//168 220//220
f 222//222 220//220 180//180
f 217//217 220//220 222//222
f 175//175 221//221 206//206
f 221//221 180//180 219//219
f 206//206 219//219 164//164
f 221//221 219//219 206//206
f 179//179 222//222 218//218
f 222//222 180//180 221//221
f 218//218 221//221 175//175
f 222//222 221//221 218//218
f 163//163 205//205 232//232
f 205//205 175//175 234//234
f 232//232 234//234 184//184
f 205//205 234//234 232//232
f 175//175 206//206 237//237
f 206//206 164//164 235//235
f 237//237 235//235 185//185
f 206//206 235//235 237//237
f 184//184 238//238 233//233
f 238//238 185//185 236//236
f 233//233 236//236 170//170
f 238//238 236//236 233//233
f 175//175 237//237 234//234
f 237//237 185//185 238//238
f 234//234 238//238 184//184
f 237//237 238//238 234//234
f 163//163 232//232 283//283
f 232//232 184//184 285//285
f 283//283 285//285 196//196
f 232//232 285//285 283//283
f 184//184 233//233 296//296
f 233//233 170//170 294//294
f 296//296 294//294 199//199
f 233//233 294//294 296//296
f 196//196 298//298 284//284
f 298//298 199//199 295//295
f 284//284 295//295 173//173
f 298//298 295//295 284//284
f 184//184 296//296 285//285
f 296//296 199//199 298//298
f 285//285 298//298 196//196
f 296//296 298//298 285//285
f 163//163 283//283 300//300
f 283//283 196//196 303//303
f 300//300 303//303 200//200
f 283//283 303//303 300//300
f 196//196 284//284 321//321
f 284//284 173//173 319//319
f 321//321 319//319 204//204
f 284//284 319//319 321//321
f 200//200 323//323 301//301
f 323//323 204//204 320//320
f 301//301 320//320 174//174
f 323//323 320//320 301//301
f 196//196 321//321 303//303
f 321//321 204//204 323//323
f 303//303 323//323 200//200
f 321//321 323//323 303//303
f 164//164 219//219 258//258
f 219//219 180//180 260//260
f 258//258 260//260 191//191
f 219//219 260//260 258//258
f 180//180 220//220 273//273
f 220//220 168//168 271//271
f 273//273 271//271 194//194
f 220//220 271//271 273//273
f 191//191 275//275 259//259
f 275//275 194//194 272//272
f 259//259 272//272 172//172
f 275//275 272//272 259//259
f 180//180 273//273 260//260
f 273//273 194//194 275//275
f 260//260 275//275 191//191
f 273//273 275//275 260//260
f 168//168 313//313 224//224
f 313//313 203//203 316//316
f 224//224 316//316 181//181
f 313//313 316//316 224//224
f 203//203 314//314 318//318
f 314//314 174//174 309//309
f 318//318 309//309 202//202
f 314//314 309//309 318//318
f 181//181 311//311 223//223
f 311//311 202//202 308//308
f 223//223 308//308 167//167
f 311//311 308//308 223//223
f 203//203 318//318 316//316
f 318//318 202//202 311//311
f 316//316 311//311 181//181
f 318//318 311//311 316//316
f 174//174 320//320 305//305
f 320//320 204//204 324//324
f 305//305 324//324 201//201
f 320//320 324//324 305//305
f 204//204 319//319 322//322
f 319//319 173//173 287//287
f 322//322 287//287 197//197
f 319//319 287//287 322//322
f 201//201 307//307 304//304
f 307//307 197//197 286//286
f 304//304 286//286 165//165
f 307//307 286//286 304//304
f 204//204 322//322 324//324
f 322//322 197//197 307//307
f 324//324 307//307 201//201
f 322//322 307//307 324//324
f 173//173 295//295 290//290
f 295//295 199//199 299//299
f 290//290 299//299 198//198
f 295//295 299//299 290//290
f 199//199 294//294 297//297
f 294//294 170//170 240//240
f 297//297 240//240 186//186
f 294//294 240//240 297//297
f 198//198 292//292 289//289
f 292//292 186//186 239//239
f 289//289 239//239 169//169
f 292//292 239//239 289//289
f 199//199 297//297 299//299
f 297//297 186//186 292//292
f 299//299 292//292 198//198
f 297//297 292//292 299//299
f 170//170 236//236 252//252
f 236//236 185//185 254//254
f 252//252 254//254 190//190
f 236//236 254//254 252//252
f 185//185 235//235 243//243
f 235//235 164//164 241//241
f 243//243 241//241 187//187
f 235//235 241//241 243//243
f 190//190 256//256 253//253
f 256//256 187//187 242//242
f 253//253 242//242 171//171
f 256//256 242//242 253//253
f 185//185 243//243 254//254
f 243//243 187//187 256//256
f 254//254 256//256 190//190
f 243//243 256//256 254//254
f 166//166 262//262 212//212
f 262//262 192//192 264//264
f 212//212 264//264 178//178
f 262//262 264//264 212//212
f 192//192 263//263 270//270
f 263//263 172//172 267//267
f 270//270 267//267 193//193
f 263//263 267//267 270//270
f 178//178 268//268 213//213
f 268//268 193//193 266//266
f 213//213 266//266 167//167
f 268//268 266//266 213//213
f 192//192 270//270 264//264
f 270//270 193//193 268//268
f 264//264 268//268 178//178
f 270//270 268//268 264//264
f 166//166 212//212 208//208
f 212//212 178//178 214//214
f 208//208 214//214 176//176
f 212//212 214//214 208//208
f 178//178 213//213 215//215
f 213//213 167//167 210//210
f 215//215 210//210 177//177
f 213//213 210//210 215//215
f 176//176 211//211 207//207
f 211//211 177//177 209//209
f 207//207 209//209 165//165
f 211//211 209//209 207//207
f 178//178 215//215 214//214
f 215//215 177//177 211//211
f 214//214 211//211 176//176
f 215//215 211//211 214//214
f 166//166 208//208 228//228
f 208//208 176//176 230//230
f 228//228 230//230 183//183
f 208//208 230//230 228//228
f 176//176 207//207 227//227
f 207//207 165//165 225//225
f 227//227 225//225 182//182
f 207//207 225//225 227//227
f 183//183 231//231 229//229
f 231//231 182//182 226//226
f 229//229 226//226 169//169
f 231//231 226//226 229//229
f 176//176 227//227 230//230
f 227//227 182//182 231//231
f 230//230 231//231 183//183
f 227//227 231//231 230//230
f 166//166 228//228 244//244
f 228//228 183//183 246//246
f 244//244 246//246 188//188
f 228//228 246//246 244//244
f 183//183 229//229 249//249
f 229//229 169//169 247//247
f 249//249 247//247 189//189
f 229//229 247//247 249//249
f 188//188 251//251 245//245
f 251//251 189//189 248//248
f 245//245 248//248 171//171
f 251//251 248//248 245//245
f 183//183 249//249 246//246
f 249//249 189//189 251//251
f 246//246 251//251 188//188
f 249//249 251//251 246//246
f 166//166 244//244 262//262
f 244//244 188//188 265//265
f 262//262 265//265 192//192
f 244//244 265//265 262//262
f 188//188 245//245 280//280
f 245//245 171//171 277//277
f 280//280 277//277 195//195
f 245//245 277//277 280//280
f 192//192 282//282 263//263
f 282//282 195//195 278//278
f 263//263 278//278 172//172
f 282//282 278//278 263//263
f 188//188 280//280 265//265
f 280//280 195//195 282//282
f 265//265 282//282 192//192
f 280//280 282//282 265//265
f 167//167 266//266 223//223
f 266//266 193//193 269//269
f 223//223 269//269 181//181
f 266//266 269//269 223//223
f 193//193 267//267 276//276
f 267//267 172//172 272//272
f 276//276 272//272 194//194
f 267//267 272//272 276//276
f 181//181 274//274 224//224
f 274//274 194//194 271//271
f 224//224 271//271 168//168
f 274//274 271//271 224//224
f 193//193 276//276 269//269
f 276//276 194//194 274//274
f 269//269 274//274 181//181
f 276//276 274//274 269//269
f 165//165 209//209 304//304
f 209//209 177//177 306//306
f 304//304 306//306 201//201
f 209//209 306//306 304//304
f 177//177 210//210 310//310
f 210//210 167//167 308//308
f 310//310 308//308 202//202
f 210//210 308//308 310//310
f 201//201 312//312 305//305
f 312//312 202//202 309//309
f 305//305 309//309 174//174
f 312//312 309//309 305//305
f 177//177 310//310 306//306
f 310//310 202//202 312//312
f 306//306 312//312 201//201
f 310//310 312//312 306//306
f 169//169 226//226 289//289
f 226//226 182//182 291//291
f 289//289 291//291 198//198
f 226//226 291//291 289//289
f 182//182 225//225 288//288
f 225//225 165//165 286//286
f 288//288 286//286 197//197
f 225//225 286//286 288//288
f 198//198 293//293 290//290
f 293//293 197//197 287//287
f 290//290 287//287 173//173
f 293//293 287//287 290//290
f 182//182 288//288 291//291
f 288//288 197//197 293//293
f 291//291 293//293 198//198
f 288//288 293//293 291//291
f 171//171 248//248 253//253
f 248//248 189//189 257//257
f 253//253 257//257 190//190
f 248//248 257//257 253//253
f 189//189 247//247 250//250
f 247//247 169//169 239//239
f 250//250 239//239 186//186
f 247//247 239//239 250//250
f 190//190 255//255 252//252
f 255//255 186//186 240//240
f 252//252 240//240 170//170
f 255//255 240//240 252//252
f 189//189 250//250 257//257
f 250//250 186//186 255//255
f 257//257 255//255 190//190
f 250//250 255//255 257//257
f 172//172 278//278 259//259
f 278//278 195//195 281//281
f 259//259 281//281 191//191
f 278//278 281//281 259//259
f 195//195 277//277 279//279
f 277//277 171//171 242//242
f 279//279 242//242 187//187
f 277//277 242//242 279//279
f 191//191 261//261 258//258
f 261//261 187//187 241//241
f 258//258 241//241 164//164
f 261//261 241//241 258//258
f 195//195 279//279 281//281
f 279//279 187//187 261//261
f 281//281 261//261 191//191
f 279//279 261//261 281//281
f 325//325 362//362 341//341
f 362//362 336//336 365//365
f 341//341 365//365 330//330
f 362//362 365//365 341//341
f 325//325 341//341 337//337
f 341//341 330//330 342//342
f 337//337 342//342 326//326
f 341//341 342//342 337//337
f 325//325 337//337 346//346
f 337//337 326//326 347//347
f 346//346 347//347 332//332
f 337//337 347//347 346//346
f 325//325 346//346 358//358
f 346//346 332//332 361//361
f 358//358 361//361 335//335
f 346//346 361//361 358//358
f 325//325 358//358 362//362
f 358//358 335//335 366//366
f 362//362 366//366 336//336
f 358//358 366//366 362//362
f 326//326 342//342 353//353
f 342//342 330//330 356//356
f 353//353 356//356 334//334
f 342//342 356//356 353//353
f 330//330 365//365 343//343
f 365//365 336//336 364//364
f 343//343 364//364 329//329
f 365//365 364//364 343//343
f 336//336 366//366 363//363
f 366//366 335//335 359//359
f 363//363 359//359 327//327
f 366//366 359//359 363//363
f 335//335 361//361 360//360
f 361//361 332//332 348//348
f 360//360 348//348 331//331
f 361//361 348//348 360//360
f 332//332 347//347 352//352
f 347//347 326//326 349//349
f 352//352 349//349 333//333
f 347//347 349//349 352//352
f 328//328 354//354 340//340
f 354//354 334//334 355//355
f 340//340 355//355 329//329
f 354//354 355//355 340//340
f 328//328 340//340 338//338
f 340//340 329//329 339//339
f 338//338 339//339 327//327
f 340//340 339//339 338//338
f 328//328 338//338 345//345
f 338//338 327//327 344//344
f 345//345 344//344 331//331
f 338//338 344//344 345//345
f 328//328 345//345 350//350
f 345//345 331//331 351//351
f 350//350 351//351 333//333
f 345//345 351//351 350//350
f 328//328 350//350 354//354
f 350//350 333//333 357//357
f 354//354 357//357 334//334
f 350//350 357//357 354//354
f 329//329 355//355 343//343
f 355//355 334//334 356//356
f 343//343 356//356 330//330
f 355//355 356//356 343//343
f 327//327 339//339 363//363
f 339//339 329//329 364//364
f 363//363 364//364 336//336
f 339//339 364//364 363//363
f 331//331 344//344 360//360
f 344//344 327//327 359//359
f 360//360 359//359 335//335
f 344//344 359//359 360//360
f 333//333 351//351 352//352
f 351//351 331//331 348//348
f 352//352 348//348 332//332
f 351//351 348//348 352//352
f 334//334 357//357 353//353
f 357//357 333//333 349//349
f 353//353 349//349 326//326
f 357//357 349//349 353//353
f 367//367 404//404 383//383
f 404//404 378//378 407//407
f 383//383 407//407 372//372
f 404//404 407//407 383//383
f 367//367 383//383 379//379
f 383//383 372//372 384//384
f 379//379 384//384 368//368
f 383//383 384//384 379//379
f 367//367 379//379 388//388
f 379//379 368//368 389//389
f 388//388 389//389 374//374
f 379//379 389//389 388//388
f 367//367 388//388 400//400
f 388//388 374//374 403//403
f 400//400 403//403 377//377
f 388//388 403//403 400//400
f 367//367 400//400 404//404
f 400//400 377//377 408//408
f 404//404 408//408 378//378
f 400//400 408//408 404//404
f 368//368 384//384 395//395
f 384//384 372//372 398//398
f 395//395 398//398 376//376
f 384//384 398//398 395//395
f 372//372 407//407 385//385
f 407//407 378//378 406//406
f 385//385 406//406 371//371
f 407//407 406//406 385//385
f 378//378 408//408 405//405
f 408//408 377//377 401//401
f 405//405 401//401 369//369
f 408//408 401//401 405//405
f 377//377 403//403 402//402
f 403//403 374//374 390//390
f 402//402 390//390 373//373
f 403//403 390//390 402//402
f 374//374 389//389 394//394
f 389//389 368//368 391//391
f 394//394 391//391 375//375
f 389//389 391//391 394//394
f 370//370 396//396 382//382
f 396//396 376//376 397//397
f 382//382 397//397 371//371
f 396//396 397//397 382//382
f 370//370 382//382 380//380
f 382//382 371//371 381//381
f 380//380 381//381 369//369
f 382//382 381//381 380//380
f 370//370 380//380 387//387
f 380//380 369//369 386//386
f 387//387 386//386 373//373
f 380//380 386//386 387//387
f 370//370 387//387 392//392
f 387//387 373//373 393//393
f 392//392 393//393 375//375
f 387//387 393//393 392//392
f 370//370 392//392 396//396
f 392//392 375//375 399//399
f 396//396 399//399 376//376
f 392//392 399//399 396//396
f 371//371 397//397 385//385
f 397//397 376//376 398//398
f 385//385 398//398 372//372
f 397//397 398//398 385//385
f 369//369 381//381 405//405
f 381//381 371//371 406//406
f 405//405 406//406 378//378
f 381//381 406//406 405//405
f 373//373 386//386 402//402
f 386//386 369//369 401//401
f 402//402 401//401 377//377
f 386//386 401//401 402//402
f 375//375 393//393 394//394
f 393//393 373//373 390//390
f 394//394 390//390 374//374
f 393//393 390//390 394//394
f 376//376 399//399 395//395
f 399//399 375//375 391//391
f 395//395 391//391 368//368
f 399//399 391//391 395//395
f 409//409 446//446 425//425
f 446//446 420//420 449//449
f 425//425 449//449 414//414
f 446//446 449//449 425//425
f 409//409 425//425 421//421
f 425//425 414//414 426//426
f 421//421 426//426 410//410
f 425//425 426//426 421//421
f 409//409 421//421 430//430
f 421//421 410//410 431//431
f 430//430 431//431 416//416
f 421//421 431//431 430//430
f 409//409 430//430 442//442
f 430//430 416//416 445//445
f 442//442 445//445 419//419
f 430//430 445//445 442//442
f 409//409 442//442 446//446
f 442//442 419//419 450//450
f 446//446 450//450 420//420
f 442//442 450//450 446//446
f 410//410 426//426 437//437
f 426//426 414//414 440//440
f 437//437 440//440 418//418
f 426//426 440//440 437//437
f 414//414 449//449 427//427
f 449//449 420//420 448//448
f 427//427 448//448 413//413
f 449//449 448//448 427//427
f 420//420 450//450 447//447
f 450//450 419//419 443//443
f 447//447 443//443 411//411
f 450//450 443//443 447//447
f 419//419 445//445 444//444
f 445//445 416//416 432//432
f 444//444 432//432 415//415
f 445//445 432//432 444//444
f 416//416 431//431 436//436
f 431//431 410//410 433//433
f 436//436 433//433 417//417
f 431//431 433//433 436//436
f 412//412 438//438 424//424
f 438//438 418//418 439//439
f 424//424 439//439 413//413
f 438//438 439//439 424//424
f 412//412 424//424 422//422
f 424//424 413//413 423//423
f 422//422 423//423 411//411
f 424//424 423//423 422//422
f 412//412 422//422 429//429
f 422//422 411//411 428//428
f 429//429 428//428 415//415
f 422//422 428//428 429//429
f 412//412 429//429 434//434
f 429//429 415//415 435//435
f 434//434 435//435 417//417
f 429//429 435//435 434//434
f 412//412 434//434 438//438
f 434//434 417//417 441//441
f 438//438 441//441 418//418
f 434//434 441//441 438//438
f 413//413 439//439 427//427
f 439//439 418//418 440//440
f 427//427 440//440 414//414
f 439//439 440//440 427//427
f 411//411 423//423 447//447
f 423//423 413//413 448//448
f 447//447 448//448 420//420
f 423//423 448//448 447//447
f 415//415 428//428 444//444
f 428//428 411//411 443//443
f 444//444 443//443 419//419
f 428//428 443//443 444//444
f 417//417 435//435 436//436
f 435//435 415//415 432//432
f 436//436 432//432 416//416
f 435//435 432//432 436//436
f 418//418 441//441 437//437
f 441//441 417//417 433//433
f 437//437 433//433 410//410
f 441//441 433//433 437//437
f 451//451 488//488 467//467
f 488//488 462//462 491//491
f 467//467 491//491 456//456
f 488//488 491//491 467//467
f 451//451 467//467 463//463
f 467//467 456//456 468//468
f 463//463 468//468 452//452
f 467//467 468//468 463//463
f 451//451 463//463 472//472
f 463//463 452//452 473//473
f 472//472 473//473 458//458
f 463//463 473//473 472//472
f 451//451 472//472 484//484
f 472//472 458//458 487//487
f 484//484 487//487 461//461
f 472//472 487//487 484//484
f 451//451 484//484 488//488
f 484//484 461//461 492//492
f 488//488 492//492 462//462
f 484//484 492//492 488//488
f 452//452 468//468 479//479
f 468//468 456//456 482//482
f 479//479 482//482 460//460
f 468//468 482//482 479//479
f 456//456 491//491 469//469
f 491//491 462//462 490//490
f 469//469 490//490 455//455
f 491//491 490//490 469//469
f 462//462 492//492 489//489
f 492//492 461//461 485//485
f 489//489 485//485 453//453
f 492//492 485//485 489//489
f 461//461 487//487 486//486
f 487//487 458//458 474//474
f 486//486 474//474 457//457
f 487//487 474//474 486//486
f 458//458 473//473 478//478
f 473//473 452//452 475//475
f 478//478 475//475 459//459
f 473//473 475//475 478//478
f 454//454 480//480 466//466
f 480//480 460//460 481//481
f 466//466 481//481 455//455
f 480//480 481//481 466//466
f 454//454 466//466 464//464
f 466//466 455//455 465//465
f 464//464 465//465 453//453
f 466//466 465//465 464//464
f 454//454 464//464 471//471
f 464//464 453//453 470//470
f 471//471 470//470 457//457
f 464//464 470//470 471//471
f 454//454 471//471 476//476
f 471//471 457//457 477//477
f 476//476 477//477 459//459
f 471//471 477//477 476//476
f 454//454 476//476 480//480
f 476//476 459//459 483//483
f 480//480 483//483 460//460
f 476//476 483//483 480//480
f 455//455 481//481 469//469
f 481//481 460//460 482//482
f 469//469 482//482 456//456
f 481//481 482//482 469//469
f 453//453 465//465 489//489
f 465//465 455//455 490//490
f 489//489 490//490 462//462
f 465//465 490//490 489//489
f 457//457 470//470 486//486
f 470//470 453//453 485//485
f 486//486 485//485 461//461
f 470//470 485//485 486//486
f 459//459 477//477 478//478
f 477//477 457//457 474//474
f 478//478 474//474 458//458
f 477//477 474//474 478//478
f 460//460 483//483 479//479
f 483//483 459//459 475//475
f 479//479 475//475 452//452
f 483//483 475//475 479//479
f 493//493 530//530 509//509
f 530//530 504//504 533//533
f 509//509 533//533 498//498
f 530//530 533//533 509//509
f 493//493 509//509 505//505
f 509//509 498//498 510//510
f 505//505 510//510 494//494
f 509//509 510//510 505//505
f 493//493 505//505 514//514
f 505//505 494//494 515//515
f 514//514 515//515 500//500
f 505//505 515//515 514//514
f 493//493 514//514 526//526
f 514//514 500//500 529//529
f 526//526 529//529 503//503
f 514//514 529//529 526//526
f 493//493 526//526 530//530
f 526//526 503//503 534//534
f 530//530 534//534 504//504
f 526//526 534//534 530//530
f 494//494 510//510 521//521
f 510//510 498//498 524//524
f 521//521 524//524 502//502
f 510//510 524//524 521//521
f 498//498 533//533 511//511
f 533//533 504//504 532//532
f 511//511 532//532 497//497
f 533//533 532//532 511//511
f 504//504 534//534 531//531
f 534//534 503//503 527//527
f 531//531 527//527 495//495
f 534//534 527//527 531//531
f 503//503 529//529 528//528
f 529//529 500//500 516//516
f 528//528 516//516 499//499
f 529//529 516//516 528//528
f 500//500 515//515 520//520
f 515//515 494//494 517//517
f 520//520 517//517 501//501
f 515//515 517//517 520//520
f 496//496 522//522 508//508
f 522//522 502//502 523//523
f 508//508 523//523 497//497
f 522//522 523//523 508//508
f 496//496 508//508 506//506
f 508//508 497//497 507//507
f 506//506 507//507 495//495
f 508//508 507//507 506//506
f 496//496 506//506 513//513
f 506//506 495//495 512//512
f 513//513 512//512 499//499
f 506//506 512//512 513//513
f 496//496 513//513 518//518
f 513//513 499//499 519//519
f 518//518 519//519 501//501
f 513//513 519//519 518//518
f 496//496 518//518 522//522
f 518//518 501//501 525//525
f 522//522 525//525 502//502
f 518//518 525//525 522//522
f 497//497 523//523 511//511
f 523//523 502//502 524//524
f 511//511 524//524 498//498
f 523//523 524//524 511//511
f 495//495 507//507 531//531
f 507//507 497//497 532//532
f 531//531 532//532 504//504
f 507//507 532//532 531//531
f 499//499 512//512 528//528
f 512//512 495//495 527//527
f 528//528 527//527 503//503
f 512//512 527//527 528//528
f 501//501 519//519 520//520
f 519//519 499//499 516//516
f 520//520 516//516 500//500
f 519//519 516//516 520//520
f 502//502 525//525 521//521
f 525//525 501//501 517//517
f 521//521 517//517 494//494
f 525//525 517//517 521//521
f 535//535 572//572 551//551
f 572//572 546//546 575//575
f 551//551 575//575 540//540
f 572//572 575//575 551//551
f 535//535 551//551 547//547
f 551//551 540//540 552//552
f 547//547 552//552 536//536
f 551//551 552//552 547//547
f 535//535 547//547 556//556
f 547//547 536//536 557//557
f 556//556 557//557 542//542
f 547//547 557//557 556//556
f 535//535 556//556 568//568
f 556//556 542//542 571//571
f 568//568 571//571 545//545
f 556//556 571//571 568//568
f 535//535 568//568 572//572
f 568//568 545//545 576//576
f 572//572 576//576 546//546
f 568//568 576//576 572//572
f 536//536 552//552 563//563
f 552//552 540//540 566//566
f 563//563 566//566 544//544
f 552//552 566//566 563//563
f 540//540 575//575 553//553
f 575//575 546//546 574//574
f 553//553 574//574 539//539
f 575//575 574//574 553//553
f 546//546 576//576 573//573
f 576//576 545//545 569//569
f 573//573 569//569 537//537
f 576//576 569//569 573//573
f 545//545 571//571 570//570
f 571//571 542//542 558//558
f 570//570 558//558 541//541
f 571//571 558//558 570//570
f 542//542 557//557 562//562
f 557//557 536//536 559//559
f 562//562 559//559 543//543
f 557//557 559//559 562//562
f 538//538 564//564 550//550
f 564//564 544//544 565//565
f 550//550 565//565 539//539
f 564//564 565//565 550//550
f 538//538 550//550 548//548
f 550//550 539//539 549//549
f 548//548 549//549 537//537
f 550//550 549//549 548//548
f 538//538 548//548 555//555
f 548//548 537//537 554//554
f 555//555 554//554 541//541
f 548//548 554//554 555//555
f 538//538 555//555 560//560
f 555//555 541//541 561//561
f 560//560 561//561 543//543
f 555//555 561//561 560//560
f 538//538 560//560 564//564
f 560//560 543//543 567//567
f 564//564 567//567 544//544
f 560//560 567//567 564//564
f 539//539 565//565 553//553
f 565//565 544//544 566//566
f 553//553 566//566 540//540
f 565//565 566//566 553//553
f 537//537 549//549 573//573
f 549//549 539//539 574//574
f 573//573 574//574 546//546
f 549//549 574//574 573//573
f 541//541 554//554 570//570
f 554//554 537//537 569//569
f 570//570 569//569 545//545
f 554//554 569//569 570//570
f 543//543 561//561 562//562
f 561//561 541//541 558//558
f 562//562 558//558 542//542
f 561//561 558//558 562//562
f 544//544 567//567 563//563
f 567//567 543//543 559//559
f 563//563 559//559 536//536
f 567//567 559//559 563//563
f 577//577 614//614 593//593
f 614//614 588//588 617//617
f 593//593 617//617 582//582
f 614//614 617//617 593//593
f 577//577 593//593 589//589
f 593//593 582//582 594//594
f 589//589 594//594 578//578
f 593//593 594//594 589//589
f 577//577 589//589 598//598
f 589//589 578//578 599//599
f 598//598 599//599 584//584
f 589//589 599//599 598//598
f 577//577 598//598 610//610
f 598//598 584//584 613//613
f 610//610 613//613 587//587
f 598//598 613//613 610//610
f 577//577 610//610 614//614
f 610//610 587//587 618//618
f 614//614 618//618 588//588
f 610//610 618//618 614//614
f 578//578 594//594 605//605
f 594//594 582//582 608//608
f 605//605 608//608 586//586
f 594//594 608//608 605//605
f 582//582 617//617 595//595
f 617//617 588//588 616//616
f 595//595 616//616 581//581
f 617//617 616//616 595//595
f 588//588 618//618 615//615
f 618//618 587//587 611//611
f 615//615 611//611 579//579
f 618//618 611//611 615//615
f 587//587 613//613 612//612
f 613//613 584//584 600//600
f 612//612 600//600 583//583
f 613//613 600//600 612//612
f 584//584 599//599 604//604
f 599//599 578//578 601//601
f 604//604 601//601 585//585
f 599//599 601//601 604//604
f 580//580 606//606 592//592
f 606//606 586//586 607//607
f 592//592 607//607 581//581
f 606//606 607//607 592//592
f 580//580 592//592 590//590
f 592//592 581//581 591//591
f 590//590 591//591 579//579
f 592//592 591//591 590//590
f 580//580 590//590 597//597
f 590//590 579//579 596//596
f 597//597 596//596 583//583
f 590//590 596//596 597//597
f 580//580 597//597 602//602
f 597//597 583//583 603//603
f 602//602 603//603 585//585
f 597//597 603//603 602//602
f 580//580 602//602 606//606
f 602//602 585//585 609//609
f 606//606 609//609 586//586
f 602//602 609//609 606//606
f 581//581 607//607 595//595
f 607//607 586//586 608//608
f 595//595 608//608 582//582
f 607//607 608//608 595//595
f 579//579 591//591 615//615
f 591//591 581//581 616//616
f 615//615 616//616 588//588
f 591//591 616//616 615//615
f 583//583 596//596 612//612
f 596//596 579//579 611//611
f 612//612 611//611 587//587
f 596//596 611//611 612//612
f 585//585 603//603 604//604
f 603//603 583//583 600//600
f 604//604 600//600 584//584
f 603//603 600//600 604//604
f 586//586 609//609 605//605
f 609//609 585//585 601//601
f 605//605 601//601 578//578
f 609//609 601//601 605//605
f 619//619 656//656 635//635
f 656//656 630//630 659//659
f 635//635 659//659 624//624
f 656//656 659//659 635//635
f 619//619 635//635 631//631
f 635//635 624//624 636//636
f 631//631 636//636 620//620
f 635//635 636//636 631//631
f 619//619 631//631 640//640
f 631//631 620//620 641//641
f 640//640 641//641 626//626
f 631//631 641//641 640//640
f 619//619 640//640 652//652
f 640//640 626//626 655//655
f 652//652 655//655 629//629
f 640//640 655//655 652//652
f 619//619 652//652 656//656
f 652//652 629//629 660//660
f 656//656 660//660 630//630
f 652//652 660//660 656//656
f 620//620 636//636 647//647
f 636//636 624//624 650//650
f 647//647 650//650 628//628
f 636//636 650//650 647//647
f 624//624 659//659 637//637
f 659//659 630//630 658//658
f 637//637 658//658 623//623
f 659//659 658//658 637//637
f 630//630 660//660 657//657
f 660//660 629//629 653//653
f 657//657 653//653 621//621
f 660//660 653//653 657//657
f 629//629 655//655 654//654
f 655//655 626//626 642//642
f 654//654 642//642 625//625
f 655//655 642//642 654//654
f 626//626 641//641 646//646
f 641//641 620//620 643//643
f 646//646 643//643 627//627
f 641//641 643//643 646//646
f 622//622 648//648 634//634
f 648//648 628//628 649//649
f 634//634 649//649 623//623
f 648//648 649//649 634//634
f 622//622 634//634 632//632
f 634//634 623//623 633//633
f 632//632 633//633 621//621
f 634//634 633//633 632//632
f 622//622 632//632 639//639
f 632//632 621//621 638//638
f 639//639 638//638 625//625
f 632//632 638//638 639//639
f 622//622 639//639 644//644
f 639//639 625//625 645//645
f 644//644 645//645 627//627
f 639//639 645//645 644//644
f 622//622 644//644 648//648
f 644//644 627//627 651//651
f 648//648 651//651 628//628
f 644//644 651//651 648//648
f 623//623 649//649 637//637
f 649//649 628//628 650//650
f 637//637 650//650 624//624
f 649//649 650//650 637//637
f 621//621 633//633 657//657
f 633//633 623//623 658//658
f 657//657 658//658 630//630
f 633//633 658//658 657//657
f 625//625 638//638 654//654
f 638//638 621//621 653//653
f 654//654 653//653 629//629
f 638//638 653//653 654//654
f 627//627 645//645 646//646
f 645//645 625//625 642//642
f 646//646 642//642 626//626
f 645//645 642//642 646//646
f 628//628 651//651 647//647
f 651//651 627//627 643//643
f 647//647 643//643 620//620
f 651//651 643//643 647//647
f 661//661 698//698 677//677
f 698//698 672//672 701//701
f 677//677 701//701 666//666
f 698//698 701//701 677//677
f 661//661 677//677 673//673
f 677//677 666//666 678//678
f 673//673 678//678 662//662
f 677//677 678//678 673//673
f 661//661 673//673 682//682
f 673//673 662//662 683//683
f 682//682 683//683 668//668
f 673//673 683//683 682//682
f 661//661 682//682 694//694
f 682//682 668//668 697//697
f 694//694 697//697 671//671
f 682//682 697//697 694//694
f 661//661 694//694 698//698
f 694//694 671//671 702//702
f 698//698 702//702 672//672
f 694//694 702//702 698//698
f 662//662 678//678 689//689
f 678//678 666//666 692//692
f 689//689 692//692 670//670
f 678//678 692//692 689//689
f 666//666 701//701 679//679
f 701//701 672//672 700//700
f 679//679 700//700 665//665
f 701//701 700//700 679//679
f 672//672 702//702 699//699
f 702//702 671//671 695//695
f 699//699 695//695 663//663
f 702//702 695//695 699//699
f 671//671 697//697 696//696
f 697//697 668//668 684//684
f 696//696 684//684 667//667
f 697//697 684//684 696//696
f 668//668 683//683 688//688
f 683//683 662//662 685//685
f 688//688 685//685 669//669
f 683//683 685//685 688//688
f 664//664 690//690 676//676
f 690//690 670//670 691//691
f 676//676 691//691 665//665
f 690//690 691//691 676//676
f 664//664 676//676 674//674
f 676//676 665//665 675//675
f 674//674 675//675 663//663
f 676//676 675//675 674//674
f 664//664 674//674 681//681
f 674//674 663//663 680//680
f 681//681 680//680 667//667
f 674//674 680//680 681//681
f 664//664 681//681 686//686
f 681//681 667//667 687//687
f 686//686 687//687 669//669
f 681//681 687//687 686//686
f 664//664 686//686 690//690
f 686//686 669//669 693//693
f 690//690 693//693 670//670
f 686//686 693//693 690//690
f 665//665 691//691 679//679
f 691//691 670//670 692//692
f 679//679 692//692 666//666
f 691//691 692//692 679//679
f 663//663 675//675 699//699
f 675//675 665//665 700//700
f 699//699 700//700 672//672
f 675//675 700//700 699//699
f 667//667 680//680 696//696
f 680//680 663//663 695//695
f 696//696 695//695 671//671
f 680//680 695//695 696//696
f 669//669 687//687 688//688
f 687//687 667//667 684//684
f 688//688 684//684 668//668
f 687//687 684//684 688//688
f 670//670 693//693 689//689
f 693//693 669//669 685//685
f 689//689 685//685 662//662
f 693//693 685//685 689//689
f 703//703 740//740 719//719
f 740//740 714//714 743//743
f 719//719 743//743 708//708
f 740//740 743//743 719//719
f 703//703 719//719 715//715
f 719//719 708//708 720//720
f 715//715 720//720 704//704
f 719//719 720//720 715//715
f 703//703 715//715 724//724
f 715//715 704//704 725//725
f 724//724 725//725 710//710
f 715//715 725//725 724//724
f 703//703 724//724 736//736
f 724//724 710//710 739//739
f 736//736 739//739 713//713
f 724//724 739//739 736//736
f 703//703 736//736 740//740
f 736//736 713//713 744//744
f 740//740 744//744 714//714
f 736//736 744//744 740//740
f 704//704 720//720 731//731
f 720//720 708//708 734//734
f 731//731 734//734 712//712
f 720//720 734//734 731//731
f 708//708 743//743 721//721
f 743//743 714//714 742//742
f 721//721 742//742 707//707
f 743//743 742//742 721//721
f 714//714 744//744 741//741
f 744//744 713//713 737//737
f 741//741 737//737 705//705
f 744//744 737//737 741//741
f 713//713 739//739 738//738
f 739//739 710//710 726//726
f 738//738 726//726 709//709
f 739//739 726//726 738//738
f 710//710 725//725 730//730
f 725//725 704//704 727//727
f 730//730 727//727 711//711
f 725//725 727//727 730//730
f 706//706 732//732 718//718
f 732//732 712//712 733//733
f 718//718 733//733 707//707
f 732//732 733//733 718//718
f 706//706 718//718 716//716
f 718//718 707//707 717//717
f 716//716 717//717 705//705
f 718//718 717//717 716//716
f 706//706 716//716 723//723
f 716//716 705//705 722//722
f 723//723 722//722 709//709
f 716//716 722//722 723//723
f 706//706 723//723 728//728
f 723//723 709//709 729//729
f 728//728 729//729 711//711
f 723//723 729//729 728//728
f 706//706 728//728 732//732
f 728//728 711//711 735//735
f 732//732 735//735 712//712
f 728//728 735//735 732//732
f 707//707 733//733 721//721
f 733//733 712//712 734//734
f 721//721 734//734 708//708
f 733//733 734//734 721//721
f 705//705 717//717 741//741
f 717//717 707//707 742//742
f 741//741 742//742 714//714
f 717//717 742//742 741//741
f 709//709 722//722 738//738
f 722//722 705//705 737//737
f 738//738 737//737 713//713
f 722//722 737//737 738//738
f 711//711 729//729 730//730
f 729//729 709//709 726//726
f 730//730 726//726 710//710
f 729//729 726//726 730//730
f 712//712 735//735 731//731
f 735//735 711//711 727//727
f 731//731 727//727 704//704
f 735//735 727//727 731//731
f 745//745 782//782 761//761
f 782//782 756//756 785//785
f 761//761 785//785 750//750
f 782//782 785//785 761//761
f 745//745 761//761 757//757
f 761//761 750//750 762//762
f 757//757 762//762 746//746
f 761//761 762//762 757//757
f 745//745 757//757 766//766
f 757//757 746//746 767//767
f 766//766 767//767 752//752
f 757//757 767//767 766//766
f 745//745 766//766 778//778
f 766//766 752//752 781//781
f 778//778 781//781 755//755
f 766//766 781//781 778//778
f 745//745 778//778 782//782
f 778//778 755//755 786//786
f 782//782 786//786 756//756
f 778//778 786//786 782//782
f 746//746 762//762 773//773
f 762//762 750//750 776//776
f 773//773 776//776 754//754
f 762//762 776//776 773//773
f 750//750 785//785 763//763
f 785//785 756//756 784//784
f 763//763 784//784 749//749
f 785//785 784//784 763//763
f 756//756 786//786 783//783
f 786//786 755//755 779//779
f 783//783 779//779 747//747
f 786//786 779//779 783//783
f 755//755 781//781 780//780
f 781//781 752//752 768//768
f 780//780 768//768 751//751
f 781//781 768//768 780//780
f 752//752 767//767 772//772
f 767//767 746//746 769//769
f 772//772 769//769 753//753
f 767//767 769//769 772//772
f 748//748 774//774 760//760
f 774//774 754//754 775//775
f 760//760 775//775 749//749
f 774//774 775//775 760//760
f 748//748 760//760 758//758
f 760//760 749//749 759//759
f 758//758 759//759 747//747
f 760//760 759//759 758//758
f 748//748 758//758 765//765
f 758//758 747//747 764//764
f 765//765 764//764 751//751
f 758//758 764//764 765//765
f 748//748 765//765 770//770
f 765//765 751//751 771//771
f 770//770 771//771 753//753
f 765//765 771//771 770//770
f 748//748 770//770 774//774
f 770//770 753//753 777//777
f 774//774 777//777 754//754
f 770//770 777//777 774//774
f 749//749 775//775 763//763
f 775//775 754//754 776//776
f 763//763 776//776 750//750
f 775//775 776//776 763//763
f 747//747 759//759 783//783
f 759//759 749//749 784//784
f 783//783 784//784 756//756
f 759//759 784//784 783//783
f 751//751 764//764 780//780
f 764//764 747//747 779//779
f 780//780 779//779 755//755
f 764//764 779//779 780//780
f 753//753 771//771 772//772
f 771//771 751//751 768//768
f 772//772 768//768 752//752
f 771//771 768//768 772//772
f 754//754 777//777 773//773
f 777//777 753//753 769//769
f 773//773 769//769 746//746
f 777//777 769//769 773//773
f 787//787 824//824 803//803
f 824//824 798//798 827//827
f 803//803 827//827 792//792
f 824//824 827//827 803//803
f 787//787 803//803 799//799
f 803//803 792//792 804//804
f 799//799 804//804 788//788
f 803//803 804//804 799//799
f 787//787 799//799 808//808
f 799//799 788//788 809//809
f 808//808 809//809 794//794
f 799//799 809//809 808//808
f 787//787 808//808 820//820
f 808//808 794//794 823//823
f 820//820 823//823 797//797
f 808//808 823//823 820//820
f 787//787 820//820 824//824
f 820//820 797//797 828//828
f 824//824 828//828 798//798
f 820//820 828//828 824//824
f 788//788 804//804 815//815
f 804//804 792//792 818//818
f 815//815 818//818 796//796
f 804//804 818//818 815//815
f 792//792 827//827 805//805
f 827//827 798//798 826//826
f 805//805 826//826 791//791
f 827//827 826//826 805//805
f 798//798 828//828 825//825
f 828//828 797//797 821//821
f 825//825 821//821 789//789
f 828//828 821//821 825//825
f 797//797 823//823 822//822
f 823//823 794//794 810//810
f 822//822 810//810 793//793
f 823//823 810//810 822//822
f 794//794 809//809 814//814
f 809//809 788//788 811//811
f 814//814 811//811 795//795
f 809//809 811//811 814//814
f 790//790 816//816 802//802
f 816//816 796//796 817//817
f 802//802 817//817 791//791
f 816//816 817//817 802//802
f 790//790 802//802 800//800
f 802//802 791//791 801//801
f 800//800 801//801 789//789
f 802//802 801//801 800//800
f 790//790 800//800 807//807
f 800//800 789//789 806//806
f 807//807 806//806 793//793
f 800//800 806//806 807//807
f 790//790 807//807 812//812
f 807//807 793//793 813//813
f 812//812 813//813 795//795
f 807//807 813//813 812//812
f 790//790 812//812 816//816
f 812//812 795//795 819//819
f 816//816 819//819 796//796
f 812//812 819//819 816//816
f 791//791 817//817 805//805
f 817//817 796//796 818//818
f 805//805 818//818 792//792
f 817//817 818//818 805//805
f 789//789 801//801 825//825
f 801//801 791//791 826//826
f 825//825 826//826 798//798
f 801//801 826//826 825//825
f 793//793 806//806 822//822
f 806//806 789//789 821//821
f 822//822 821//821 797//797
f 806//806 821//821 822//822
f 795//795 813//813 814//814
f 813//813 793//793 810//810
f 814//814 810//810 794//794
f 813//813 810//810 814//814
f 796//796 819//819 815//815
f 819//819 795//795 811//811
f 815//815 811//811 788//788
f 819//819 811//811 815//815
f 829//829 866//866 845//845
f 866//866 840//840 869//869
f 845//845 869//869 834//834
f 866//866 869//869 845//845
f 829//829 845//845 841//841
f 845//845 834//834 846//846
f 841//841 846//846 830//830
f 845//845 846//846 841//841
f 829//829 841//841 850//850
f 841//841 830//830 851//851
f 850//850 851//851 836//836
f 841//841 851//851 850//850
f 829//829 850//850 862//862
f 850//850 836//836 865//865
f 862//862 865//865 839//839
f 850//850 865//865 862//862
f 829//829 862//862 866//866
f 862//862 839//839 870//870
f 866//866 870//870 840//840
f 862//862 870//870 866//866
f 830//830 846//846 857//857
f 846//846 834//834 860//860
f 857//857 860//860 838//838
f 846//846 860//860 857//857
f 834//834 869//869 847//847
f 869//869 840//840 868//868
f 847//847 868//868 833//833
f 869//869 868//868 847//847
f 840//840 870//870 867//867
f 870//870 839//839 863//863
f 867//867 863//863 831//831
f 870//870 863//863 867//867
f 839//839 865//865 864//864
f 865//865 836//836 852//852
f 864//864 852//852 835//835
f 865//865 852//852 864//864
f 836//836 851//851 856//856
f 851//851 830//830 853//853
f 856//856 853//853 837//837
f 851//851 853//853 856//856
f 832//832 858//858 844//844
f 858//858 838//838 859//859
f 844//844 859//859 833//833
f 858//858 859//859 844//844
f 832//832 844//844 842//842
f 844//844 833//833 843//843
f 842//842 843//843 831//831
f 844//844 843//843 842//842
f 832//832 842//842 849//849
f 842//842 831//831 848//848
f 849//849 848//848 835//835
f 842//842 848//848 849//849
f 832//832 849//849 854//854
f 849//849 835//835 855//855
f 854//854 855//855 837//837
f 849//849 855//855 854//854
f 832//832 854//854 858//858
f 854//854 837//837 861//861
f 858//858 861//861 838//838
f 854//854 861//861 858//858
f 833//833 859//859 847//847
f 859//859 838//838 860//860
f 847//847 860//860 834//834
f 859//859 860//860 847//847
f 831//831 843//843 867//867
f 843//843 833//833 868//868
f 867//867 868//868 840//840
f 843//843 868//868 867//867
f 835//835 848//848 864//864
f 848//848 831//831 863//863
f 864//864 863//863 839//839
f 848//848 863//863 864//864
f 837//837 855//855 856//856
f 855//855 835//835 852//852
f 856//856 852//852 836//836
f 855//855 852//852 856//856
f 838//838 861//861 857//857
f 861//861 837//837 853//853
f 857//857 853//853 830//830
f 861//861 853//853 857//857
f 871//871 908//908 887//887
f 908//908 882//882 911//911
f 887//887 911//911 876//876
f 908//908 911//911 887//887
f 871//871 887//887 883//883
f 887//887 876//876 888//888
f 883//883 888//888 872//872
f 887//887 888//888 883//883
f 871//871 883//883 892//892
f 883//883 872//872 893//893
f 892//892 893//893 878//878
f 883//883 893//893 892//892
f 871//871 892//892 904//904
f 892//892 878//878 907//907
f 904//904 907//907 881//881
f 892//892 907//907 904//904
f 871//871 904//904 908//908
f 904//904 881//881 912//912
f 908//908 912//912 882//882
f 904//904 912//912 908//908
f 872//872 888//888 899//899
f 888//888 876//876 902//902
f 899//899 902//902 880//880
f 888//888 902//902 899//899
f 876//876 911//911 889//889
f 911//911 882//882 910//910
f 889//889 910//910 875//875
f 911//911 910//910 889//889
f 882//882 912//912 909//909
f 912//912 881//881 905//905
f 909//909 905//905 873//873
f 912//912 905//905 909//909
f 881//881 907//907 906//906
f 907//907 878//878 894//894
f 906//906 894//894 877//877
f 907//907 894//894 906//906
f 878//878 893//893 898//898
f 893//893 872//872 895//895
f 898//898 895//895 879//879
f 893//893 895//895 898//898
f 874//874 900//900 886//886
f 900//900 880//880 901//901
f 886//886 901//901 875//875
f 900//900 901//901 886//886
f 874//874 886//886 884//884
f 886//886 875//875 885//885
f 884//884 885//885 873//873
f 886//886 885//885 884//884
f 874//874 884//884 891//891
f 884//884 873//873 890//890
f 891//891 890//890 877//877
f 884//884 890//890 891//891
f 874//874 891//891 896//896
f 891//891 877//877 897//897
f 896//896 897//897 879//879
f 891//891 897//897 896//896
f 874//874 896//896 900//900
f 896//896 879//879 903//903
f 900//900 903//903 880//880
f 896//896 903//903 900//900
f 875//875 901//901 889//889
f 901//901 880//880 902//902
f 889//889 902//902 876//876
f 901//901 902//902 889//889
f 873//873 885//885 909//909
f 885//885 875//875 910//910
f 909//909 910//910 882//882
f 885//885 910//910 909//909
f 877//877 890//890 906//906
f 890//890 873//873 905//905
f 906//906 905//905 881//881
f 890//890 905//905 906//906
f 879//879 897//897 898//898
f 897//897 877//877 894//894
f 898//898 894//894 878//878
f 897//897 894//894 898//898
f 880//880 903//903 899//899
f 903//903 879//879 895//895
f 899//899 895//895 872//872
f 903//903 895//895 899//899
f 913//913 950//950 929//929
f 950//950 924//924 953//953
f 929//929 953//953 918//918
f 950//950 953//953 929//929
f 913//913 929//929 925//925
f 929//929 918//918 930//930
f 925//925 930//930 914//914
f 929//929 930//930 925//925
f 913//913 925//925 934//934
f 925//925 914//914 935//935
f 934//934 935//935 920//920
f 925//925 935//935 934//934
f 913//913 934//934 946//946
f 934//934 920//920 949//949
f 946//946 949//949 923//923
f 934//934 949//949 946//946
f 913//913 946//946 950//950
f 946//946 923//923 954//954
f 950//950 954//954 924//924
f 946//946 954//954 950//950
f 914//914 930//930 941//941
f 930//930 918//918 944//944
f 941//941 944//944 922//922
f 930//930 944//944 941//941
f 918//918 953//953 931//931
f 953//953 924//924 952//952
f 931//931 952//952 917//917
f 953//953 952//952 931//931
f 924//924 954//954 951//951
f 954//954 923//923 947//947
f 951//951 947//947 915//915
f 954//954 947//947 951//951
f 923//923 949//949 948//948
f 949//949 920//920 936//936
f 948//948 936//936 919//919
f 949//949 936//936 948//948
f 920//920 935//935 940//940
f 935//935 914//914 937//937
f 940//940 937//937 921//921
f 935//935 937//937 940//940
f 916//916 942//942 928//928
f 942//942 922//922 943//943
f 928//928 943//943 917//917
f 942//942 943//943 928//928
f 916//916 928//928 926//926
f 928//928 917//917 927//927
f 926//926 927//927 915//915
f 928//928 927//927 926//926
f 916//916 926//926 933//933
f 926//926 915//915 932//932
f 933//933 932//932 919//919
f 926//926 932//932 933//933
f 916//916 933//933 938//938
f 933//933 919//919 939//939
f 938//938 939//939 921//921
f 933//933 939//939 938//938
f 916//916 938//938 942//942
f 938//938 921//921 945//945
f 942//942 945//945 922//922
f 938//938 945//945 942//942
f 917//917 943//943 931//931
f 943//943 922//922 944//944
f 931//931 944//944 918//918
f 943//943 944//944 931//931
f 915//915 927//927 951//951
f 927//927 917//917 952//952
f 951//951 952//952 924//924
f 927//927 952//952 951//951
f 919//919 932//932 948//948
f 932//932 915//915 947//947
f 948//948 947//947 923//923
f 932//932 947//947 948//948
f 921//921 939//939 940//940
f 939//939 919//919 936//936
f 940//940 936//936 920//920
f 939//939 936//936 940//940
f 922//922 945//945 941//941
f 945//945 921//921 937//937
f 941//941 937//937 914//914
f 945//945 937//937 941//941
f 955//955 992//992 971//971
f 992//992 966//966 995//995
f 971//971 995//995 960//960
f 992//992 995//995 971//971
f 955//955 971//971 967//967
f 971//971 960//960 972//972
f 967//967 972//972 956//956
f 971//971 972//972 967//967
f 955//955 967//967 976//976
f 967//967 956//956 977//977
f 976//976 977//977 962//962
f 967//967 977//977 976//976
f 955//955 976//976 988//988
f 976//976 962//962 991//991
f 988//988 991//991 965//965
f 976//976 991//991 988//988
f 955//955 988//988 992//992
f 988//988 965//965 996//996
f 992//992 996//996 966//966
f 988//988 996//996 992//992
f 956//956 972//972 983//983
f 972//972 960//960 986//986
f 983//983 986//986 964//964
f 972//972 986//986 983//983
f 960//960 995//995 973//973
f 995//995 966//966 994//994
f 973//973 994//994 959//959
f 995//995 994//994 973//973
f 966//966 996//996 993//993
f 996//996 965//965 989//989
f 993//993 989//989 957//957
f 996//996 989//989 993//993
f 965//965 991//991 990//990
f 991//991 962//962 978//978
f 990//990 978//978 961//961
f 991//991 978//978 990//990
f 962//962 977//977 982//982
f 977//977 956//956 979//979
f 982//982 979//979 963//963
f 977//977 979//979 982//982
f 958//958 984//984 970//970
f 984//984 964//964 985//985
f 970//970 985//985 959//959
f 984//984 985//985 970//970
f 958//958 970//970 968//968
f 970//970 959//959 969//969
f 968//968 969//969 957//957
f 970//970 969//969 968//968
f 958//958 968//968 975//975
f 968//968 957//957 974//974
f 975//975 974//974 961//961
f 968//968 974//974 975//975
f 958//958 975//975 980//980
f 975//975 961//961 981//981
f 980//980 981//981 963//963
f 975//975 981//981 980//980
f 958//958 980//980 984//984
f 980//980 963//963 987//987
f 984//984 987//987 964//964
f 980//980 987//987 984//984
f 959//959 985//985 973//973
f 985//985 964//964 986//986
f 973//973 986//986 960//960
f 985//985 986//986 973//973
f 957//957 969//969 993//993
f 969//969 959//959 994//994
f 993//993 994//994 966//966
f 969//969 994//994 993//993
f 961//961 974//974 990//990
f 974//974 957//957 989//989
f 990//990 989//989 965//965
f 974//974 989//989 990//990
f 963//963 981//981 982//982
f 981//981 961//961 978//978
f 982//982 978//978 962//962
f 981//981 978//978 982//982
f 964//964 987//987 983//983
f 987//987 963//963 979//979
f 983//983 979//979 956//956
f 987//987 979//979 983//983
f 997//997 1034//1034 1013//1013
f 1034//1034 1008//1008 1037//1037
f 1013//1013 1037//1037 1002//1002
f 1034//1034 1037//1037 1013//1013
f 997//997 1013//1013 1009//1009
f 1013//1013 1002//1002 1014//1014
f 1009//1009 1014//1014 998//998
f 1013//1013 1014//1014 1009//1009
f 997//997 1009//1009 1018//1018
f 1009//1009 998//998 1019//1019
f 1018//1018 1019//1019 1004//1004
f 1009//1009 1019//1019 1018//1018
f 997//997 1018//1018 1030//1030
f 1018//1018 1004//1004 1033//1033
f 1030//1030 1033//1033 1007//1007
f 1018//1018 1033//1033 1030//1030
f 997//997 1030//1030 1034//1034
f 1030//1030 1007//1007 1038//1038
f 1034//1034 1038//1038 1008//1008
f 1030//1030 1038//1038 1034//1034
f 998//998 1014//1014 1025//1025
f 1014//1014 1002//1002 1028//1028
f 1025//1025 1028//1028 1006//1006
f 1014//1014 1028//1028 1025//1025
f 1002//1002 1037//1037 1015//1015
f 1037//1037 1008//1008 1036//1036
f 1015//1015 1036//1036 1001//1001
f 1037//1037 1036//1036 1015//1015
f 1008//1008 1038//1038 1035//1035
f 1038//1038 1007//1007 1031//1031
f 1035//1035 1031//1031 999//999
f 1038//1038 1031//1031 1035//1035
f 1007//1007 1033//1033 1032//1032
f 1033//1033 1004//1004 1020//1020
f 1032//1032 1020//1020 1003//1003
f 1033//1033 1020//1020 1032//1032
f 1004//1004 1019//1019 1024//1024
f 1019//1019 998//998 1021//1021
f 1024//1024 1021//1021 1005//1005
f 1019//1019 1021//1021 1024//1024
f 1000//1000 1026//1026 1012//1012
f 1026//1026 1006//1006 1027//1027
f 1012//1012 1027//1027 1001//1001
f 1026//1026 1027//1027 1012//1012
f 1000//1000 1012//1012 1010//1010
f 1012//1012 1001//1001 1011//1011
f 1010//1010 1011//1011 999//999
f 1012//1012 1011//1011 1010//1010
f 1000//1000 1010//1010 1017//1017
f 1010//1010 999//999 1016//1016
f 1017//1017 1016//1016 1003//1003
f 1010//1010 1016//1016 1017//1017
f 1000//1000 1017//1017 1022//1022
f 1017//1017 1003//1003 1023//1023
f 1022//1022 1023//1023 1005//1005
f 1017//1017 1023//1023 1022//1022
f 1000//1000 1022//1022 1026//1026
f 1022//1022 1005//1005 1029//1029
f 1026//1026 1029//1029 1006//1006
f 1022//1022 1029//1029 1026//1026
f 1001//1001 1027//1027 1015//1015
f 1027//1027 1006//1006 1028//1028
f 1015//1015 1028//1028 1002//1002
f 1027//1027 1028//1028 1015//1015
f 999//999 1011//1011 1035//1035
f 1011//1011 1001//1001 1036//1036
f 1035//1035 1036//1036 1008//1008
f 1011//1011 1036//1036 1035//1035
f 1003//1003 1016//1016 1032//1032
f 1016//1016 999//999 1031//1031
f 1032//1032 1031//1031 1007//1007
f 1016//1016 1031//1031 1032//1032
f 1005//1005 1023//1023 1024//1024
f 1023//1023 1003//1003 1020//1020
f 1024//1024 1020//1020 1004//1004
f 1023//1023 1020//1020 1024//1024
f 1006//1006 1029//1029 1025//1025
f 1029//1029 1005//1005 1021//1021
f 1025//1025 1021//1021 998//998
f 1029//1029 1021//1021 1025//1025
f 1039//1039 1076//1076 1055//1055
f 1076//1076 1050//1050 1079//1079
f 1055//1055 1079//1079 1044//1044
f 1076//1076 1079//1079 1055//1055
f 1039//1039 1055//1055 1051//1051
f 1055//1055 1044//1044 1056//1056
f 1051//1051 1056//1056 1040//1040
f 1055//1055 1056//1056 1051//1051
f 1039//1039 1051//1051 1060//1060
f 1051//1051 1040//1040 1061//1061
f 1060//1060 1061//1061 1046//1046
f 1051//1051 1061//1061 1060//1060
f 1039//1039 1060//1060 1072//1072
f 1060//1060 1046//1046 1075//1075
f 1072//1072 1075//1075 1049//1049
f 1060//1060 1075//1075 1072//1072
f 1039//1039 1072//1072 1076//1076
f 1072//1072 1049//1049 1080//1080
f 1076//1076 1080//1080 1050//1050
f 1072//1072 1080//1080 1076//1076
f 1040//1040 1056//1056 1067//1067
f 1056//1056 1044//1044 1070//1070
f 1067//1067 1070//1070 1048//1048
f 1056//1056 1070//1070 1067//1067
f 1044//1044 1079//1079 1057//1057
f 1079//1079 1050//1050 1078//1078
f 1057//1057 1078//1078 1043//1043
f 1079//1079 1078//1078 1057//1057
f 1050//1050 1080//1080 1077//1077
f 1080//1080 1049//1049 1073//1073
f 1077//1077 1073//1073 1041//1041
f 1080//1080 1073//1073 1077//1077
f 1049//1049 1075//1075 1074//1074
f 1075//1075 1046//1046 1062//1062
f 1074//1074 1062//1062 1045//1045
f 1075//1075 1062//1062 1074//1074
f 1046//1046 1061//1061 1066//1066
f 1061//1061 1040//1040 1063//1063
f 1066//1066 1063//1063 1047//1047
f 1061//1061 1063//1063 1066//1066
f 1042//1042 1068//1068 1054//1054
f 1068//1068 1048//1048 1069//1069
f 1054//1054 1069//1069 1043//1043
f 1068//1068 1069//1069 1054//1054
f 1042//1042 1054//1054 1052//1052
f 1054//1054 1043//1043 1053//1053
f 1052//1052 1053//1053 1041//1041
f 1054//1054 1053//1053 1052//1052
f 1042//1042 1052//1052 1059//1059
f 1052//1052 1041//1041 1058//1058
f 1059//1059 1058//1058 1045//1045
f 1052//1052 1058//1058 1059//1059
f 1042//1042 1059//1059 1064//1064
f 1059//1059 1045//1045 1065//1065
f 1064//1064 1065//1065 1047//1047
f 1059//1059 1065//1065 1064//1064
f 1042//1042 1064//1064 1068//1068
f 1064//1064 1047//1047 1071//1071
f 1068//1068 1071//1071 1048//1048
f 1064//1064 1071//1071 1068//1068
f 1043//1043 1069//1069 1057//1057
f 1069//1069 1048//1048 1070//1070
f 1057//1057 1070//1070 1044//1044
f 1069//1069 1070//1070 1057//1057
f 1041//1041 1053//1053 1077//1077
f 1053//1053 1043//1043 1078//1078
f 1077//1077 1078//1078 1050//1050
f 1053//1053 1078//1078 1077//1077
f 1045//1045 1058//1058 1074//1074
f 1058//1058 1041//1041 1073//1073
f 1074//1074 1073//1073 1049//1049
f 1058//1058 1073//1073 1074//1074
f 1047//1047 1065//1065 1066//1066
f 1065//1065 1045//1045 1062//1062
f 1066//1066 1062//1062 1046//1046
f 1065//1065 1062//1062 1066//1066
f 1048//1048 1071//1071 1067//1067
f 1071//1071 1047//1047 1063//1063
f 1067//1067 1063//1063 1040//1040
f 1071//1071 1063//1063 1067//1067
f 1082//1082 1081//1081 1091//1091
f 1082//1082 1091//1091 1083//1083
f 1083//1083 1091//1091 1092//1092
f 1083//1083 1092//1092 1084//1084
f 1084//1084 1092//1092 1093//1093
f 1084//1084 1093//1093 1085//1085
f 1085//1085 1093//1093 1094//1094
f 1085//1085 1094//1094 1086//1086
f 1086//1086 1094//1094 1095//1095
f 1086//1086 1095//1095 1087//1087
f 1087//1087 1095//1095 1096//1096
f 1087//1087 1096//1096 1088//1088
f 1088//1088 1096//1096 1097//1097
f 1088//1088 1097//1097 1089//1089
f 1089//1089 1097//1097 1098//1098
f 1089//1089 1098//1098 1090//1090
f 1091//1091 1081//1081 1099//1099
f 1091//1091 1099//1099 1092//1092
f 1092//1092 1099//1099 1100//1100
f 1092//1092 1100//1100 1093//1093
f 1093//1093 1100//1100 1101//1101
f 1093//1093 1101//1101 1094//1094
f 1094//1094 1101//1101 1102//1102
f 1094//1094 1102//1102 1095//1095
f 1095//1095 1102//1102 1103//1103
f 1095//1095 1103//1103 1096//1096
f 1096//1096 1103//1103 1104//1104
f 1096//1096 1104//1104 1097//1097
f 1097//1097 1104//1104 1105//1105
f 1097//1097 1105//1105 1098//1098
f 1098//1098 1105//1105 1106//1106
f 1098//1098 1106//1106 1090//1090
f 1099//1099 1081//1081 1107//1107
f 1099//1099 1107//1107 1100//1100
f 1100//1100 1107//1107 1108//1108
f 1100//1100 1108//1108 1101//1101
f 1101//1101 1108//1108 1109//1109
f 1101//1101 1109//1109 1102//1102
f 1102//1102 1109//1109 1110//1110
f 1102//1102 1110//1110 1103//1103
f 1103//1103 1110//1110 1111//1111
f 1103//1103 1111//1111 1104//1104
f 1104//1104 1111//1111 1112//1112
f 1104//1104 1112//1112 1105//1105
f 1105//1105 1112//1112 1113//1113
f 1105//1105 1113//1113 1106//1106
f 1106//1106 1113//1113 1114//1114
f 1106//1106 1114//1114 1090//1090
f 1107//1107 1081//1081 1115//1115
f 1107//1107 1115//1115 1108//1108
f 1108//1108 1115//1115 1116//1116
f 1108//1108 1116//1116 1109//1109
f 1109//1109 1116//1116 1117//1117
f 1109//1109 1117//1117 1110//1110
f 1110//1110 1117//1117 1118//1118
f 1110//1110 1118//1118 1111//1111
f 1111//1111 1118//1118 1119//1119
f 1111//1111 1119//1119 1112//1112
f 1112//1112 1119//1119 1120//1120
f 1112//1112 1120//1120 1113//1113
f 1113//1113 1120//1120 1121//1121
f 1113//1113 1121//1121 1114//1114
f 1114//1114 1121//1121 1122//1122
f 1114//1114 1122//1122 1090//1090
f 1115//1115 1081//1081 1123//1123
f 1115//1115 1123//1123 1116//1116
f 1116//1116 1123//1123 1124//1124
f 1116//1116 1124//1124 1117//1117
f 1117//1117 1124//1124 1125//1125
f 1117//1117 1125//1125 1118//1118
f 1118//1118 1125//1125 1126//1126
f 1118//1118 1126//1126 1119//1119
f 1119//1119 1126//1126 1127//1127
f 1119//1119 1127//1127 1120//1120
f 1120//1120 1127//1127 1128//1128
f 1120//1120 1128//1128 1121//1121
f 1121//1121 1128//1128 1129//1129
f 1121//1121 1129//1129 1122//1122
f 1122//1122 1129//1129 1130//1130
f 1122//1122 1130//1130 1090//1090
f 1123//1123 1081//1081 1131//1131
f 1123//1123 1131//1131 1124//1124
f 1124//1124 1131//1131 1132//1132
f 1124//1124 1132//1132 1125//1125
f 1125//1125 1132//1132 1133//1133
f 1125//1125 1133//1133 1126//1126
f 1126//1126 1133//1133 1134//1134
f 1126//1126 1134//1134 1127//1127
f 1127//1127 1134//1134 1135//1135
f 1127//1127 1135//1135 1128//1128
f 1128//1128 1135//1135 1136//1136
f 1128//1128 1136//1136 1129//1129
f 1129//1129 1136//1136 1137//1137
f 1129//1129 1137//1137 1130//1130
f 1130//1130 1137//1137 1138//1138
f 1130//1130 1138//1138 1090//1090
f 1131//1131 1081//1081 1139//1139
f 1131//1131 1139//1139 1132//1132
f 1132//1132 1139//1139 1140//1140
f 1132//1132 1140//1140 1133//1133
f 1133//1133 1140//1140 1141//1141
f 1133//1133 1141//1141 1134//1134
f 1134//1134 1141//1141 1142//1142
f 1134//1134 1142//1142 1135//1135
f 1135//1135 1142//1142 1143//1143
f 1135//1135 1143//1143 1136//1136
f 1136//1136 1143//1143 1144//1144
f 1136//1136 1144//1144 1137//1137
f 1137//1137 1144//1144 1145//1145
f 1137//1137 1145//1145 1138//1138
f 1138//1138 1145//1145 1146//1146
f 1138//1138 1146//1146 1090//1090
f 1139//1139 1081//1081 1147//1147
f 1139//1139 1147//1147 1140//1140
f 1140//1140 1147//1147 1148//1148
f 1140//1140 1148//1148 1141//1141
f 1141//1141 1148//1148 1149//1149
f 1141//1141 1149//1149 1142//1142
f 1142//1142 1149//1149 1150//1150
f 1142//1142 1150//1150 1143//1143
f 1143//1143 1150//1150 1151//1151
f 1143//1143 1151//1151 1144//1144
f 1144//1144 1151//1151 1152//1152
f 1144//1144 1152//1152 1145//1145
f 1145//1145 1152//1152 1153//1153
f 1145//1145 1153//1153 1146//1146
f 1146//1146 1153//1153 1154//1154
f 1146//1146 1154//1154 1090//1090
f 1147//1147 1081//1081 1155//1155
f 1147//1147 1155//1155 1148//1148
f 1148//1148 1155//1155 1156//1156
f 1148//1148 1156//1156 1149//1149
f 1149//1149 1156//1156 1157//1157
f 1149//1149 1157//1157 1150//1150
f 1150//1150 1157//1157 1158//1158
f 1150//1150 1158//1158 1151//1151
f 1151//1151 1158//1158 1159//1159
f 1151//1151 1159//1159 1152//1152
f 1152//1152 1159//1159 1160//1160
f 1152//1152 1160//1160 1153//1153
f 1153//1153 1160//1160 1161//1161
f 1153//1153 1161//1161 1154//1154
f 1154//1154 1161//1161 1162//1162
f 1154//1154 1162//1162 1090//1090
f 1155//1155 1081//1081 1082//1082
f 1155//1155 1082//1082 1156//1156
f 1156//1156 1082//1082 1083//1083
f 1156//1156 1083//1083 1157//1157
f 1157//1157 1083//1083 1084//1084
f 1157//1157 1084//1084 1158//1158
f 1158//1158 1084//1084 1085//1085
f 1158//1158 1085//1085 1159//1159
f 1159//1159 1085//1085 1086//1086
f 1159//1159 1086//1086 1160//1160
f 1160//1160 1086//1086 1087//1087
f 1160//1160 1087//1087 1161//1161
f 1161//1161 1087//1087 1088//1088
f 1161//1161 1088//1088 1162//1162
f 1162//1162 1088//1088 1089//1089
f 1162//1162 1089//1089 1090//1090
f 1164//1164 1163//1163 1173//1173
f 1164//1164 1173//1173 1165//1165
f 1165//1165 1173//1173 1174//1174
f 1165//1165 1174//1174 1166//1166
f 1166//1166 1174//1174 1175//1175
f 1166//1166 1175//1175 1167//1167
f 1167//1167 1175//1175 1176//1176
f 1167//1167 1176//1176 1168//1168
f 1168//1168 1176//1176 1177//1177
f 1168//1168 1177//1177 1169//1169
f 1169//1169 1177//1177 1178//1178
f 1169//1169 1178//1178 1170//1170
f 1170//1170 1178//1178 1179//1179
f 1170//1170 1179//1179 1171//1171
f 1171//1171 1179//1179 1180//1180
f 1171//1171 1180//1180 1172//1172
f 1173//1173 1163//1163 1181//1181
f 1173//1173 1181//1181 1174//1174
f 1174//1174 1181//1181 1182//1182
f 1174//1174 1182//1182 1175//1175
f 1175//1175 1182//1182 1183//1183
f 1175//1175 1183//1183 1176//1176
f 1176//1176 1183//1183 1184//1184
f 1176//1176 1184//1184 1177//1177
f 1177//1177 1184//1184 1185//1185
f 1177//1177 1185//1185 1178//1178
f 1178//1178 1185//1185 1186//1186
f 1178//1178 1186//1186 1179//1179
f 1179//1179 1186//1186 1187//1187
f 1179//1179 1187//1187 1180//1180
f 1180//1180 1187//1187 1188//1188
f 1180//1180 1188//1188 1172//1172
f 1181//1181 1163//1163 1189//1189
f 1181//1181 1189//1189 1182//1182
f 1182//1182 1189//1189 1190//1190
f 1182//1182 1190//1190 1183//1183
f 1183//1183 1190//1190 1191//1191
f 1183//1183 1191//1191 1184//1184
f 1184//1184 1191//1191 1192//1192
f 1184//1184 1192//1192 1185//1185
f 1185//1185 1192//1192 1193//1193
f 1185//1185 1193//1193 1186//1186
f 1186//1186 1193//1193 1194//1194
f 1186//1186 1194//1194 1187//1187
f 1187//1187 1194//1194 1195//1195
f 1187//1187 1195//1195 1188//1188
f 1188//1188 1195//1195 1196//1196
f 1188//1188 1196//1196 1172//1172
f 1189//1189 1163//1163 1197//1197
f 1189//1189 1197//1197 1190//1190
f 1190//1190 1197//1197 1198//1198
f 1190//1190 1198//1198 1191//1191
f 1191//1191 1198//1198 1199//1199
f 1191//1191 1199//1199 1192//1192
f 1192//1192 1199//1199 1200//1200
f 1192//1192 1200//1200 1193//1193
f 1193//1193 1200//1200 1201//1201
f 1193//1193 1201//1201 1194//1194
f 1194//1194 1201//1201 1202//1202
f 1194//1194 1202//1202 1195//1195
f 1195//1195 1202//1202 1203//1203
f 1195//1195 1203//1203 1196//1196
f 1196//1196 1203//1203 1204//1204
f 1196//1196 1204//1204 1172//1172
f 1197//1197 1163//1163 1205//1205
f 1197//1197 1205//1205 1198//1198
f 1198//1198 1205//1205 1206//1206
f 1198//1198 1206//1206 1199//1199
f 1199//1199 1206//1206 1207//1207
f 1199//1199 1207//1207 1200//1200
f 1200//1200 1207//1207 1208//1208
f 1200//1200 1208//1208 1201//1201
f 1201//1201 1208//1208 1209//1209
f 1201//1201 1209//1209 1202//1202
f 1202//1202 1209//1209 1210//1210
f 1202//1202 1210//1210 1203//1203
f 1203//1203 1210//1210 1211//1211
f 1203//1203 1211//1211 1204//1204
f 1204//1204 1211//1211 1212//1212
f 1204//1204 1212//1212 1172//1172
f 1205//1205 1163//1163 1213//1213
f 1205//1205 1213//1213 1206//1206
f 1206//1206 1213//1213 1214//1214
f 1206//1206 1214//1214 1207//1207
f 1207//1207 1214//1214 1215//1215
f 1207//1207 1215//1215 1208//1208
f 1208//1208 1215//1215 1216//1216
f 1208//1208 1216//1216 1209//1209
f 1209//1209 1216//1216 1217//1217
f 1209//1209 1217//1217 1210//1210
f 1210//1210 1217//1217 1218//1218
f 1210//1210 1218//1218 1211//1211
f 1211//1211 1218//1218 1219//1219
f 1211//1211 1219//1219 1212//1212
f 1212//1212 1219//1219 1220//1220
f 1212//1212 1220//1220 1172//1172
f 1213//1213 1163//1163 1221//1221
f 1213//1213 1221//1221 1214//1214
f 1214//1214 1221//1221 1222//1222
f 1214//1214 1222//1222 1215//1215
f 1215//1215 1222//1222 1223//1223
f 1215//1215 1223//1223 1216//1216
f 1216//1216 1223//1223 1224//1224
f 1216//1216 1224//1224 1217//1217
f 1217//1217 1224//1224 1225//1225
f 1217//1217 1225//1225 1218//1218
f 1218//1218 1225//1225 1226//1226
f 1218//1218 1226//1226 1219//1219
f 1219//1219 1226//1226 1227//1227
f 1219//1219 1227//1227 1220//1220
f 1220//1220 1227//1227 1228//1228
f 1220//1220 1228//1228 1172//1172
f 1221//1221 1163//1163 1229//1229
f 1221//1221 1229//1229 1222//1222
f 1222//1222 1229//1229 1230//1230
f 1222//1222 1230//1230 1223//1223
f 1223//1223 1230//1230 1231//1231
f 1223//1223 1231//1231 1224//1224
f 1224//1224 1231//1231 1232//1232
f 1224//1224 1232//1232 1225//1225
f 1225//1225 1232//1232 1233//1233
f 1225//1225 1233//1233 1226//1226
f 1226//1226 1233//1233 1234//1234
f 1226//1226 1234//1234 1227//1227
f 1227//1227 1234//1234 1235//1235
f 1227//1227 1235//1235 1228//1228
f 1228//1228 1235//1235 1236//1236
f 1228//1228 1236//1236 1172//1172
f 1229//1229 1163//1163 1237//1237
f 1229//1229 1237//1237 1230//1230
f 1230//1230 1237//1237 1238//1238
f 1230//1230 1238//1238 1231//1231
f 1231//1231 1238//1238 1239//1239
f 1231//1231 1239//1239 1232//1232
f 1232//1232 1239//1239 1240//1240
f 1232//1232 1240//1240 1233//1233
f 1233//1233 1240//1240 1241//1241
f 1233//1233 1241//1241 1234//1234
f 1234//1234 1241//1241 1242//1242
f 1234//1234 1242//1242 1235//1235
f 1235//1235 1242//1242 1243//1243
f 1235//1235 1243//1243 1236//1236
f 1236//1236 1243//1243 1244//1244
f 1236//1236 1244//1244 1172//1172
f 1237//1237 1163//1163 1164//1164
f 1237//1237 1164//1164 1238//1238
f 1238//1238 1164//1164 1165//1165
f 1238//1238 1165//1165 1239//1239
f 1239//1239 1165//1165 1166//1166
f 1239//1239 1166//1166 1240//1240
f 1240//1240 1166//1166 1167//1167
f 1240//1240 1167//1167 1241//1241
f 1241//1241 1167//1167 1168//1168
f 1241//1241 1168//1168 1242//1242
f 1242//1242 1168//1168 1169//1169
f 1242//1242 1169//1169 1243//1243
f 1243//1243 1169//1169 1170//1170
f 1243//1243 1170//1170 1244//1244
f 1244//1244 1170//1170 1171//1171
f 1244//1244 1171//1171 1172//1172
f 1246//1246 1245//1245 1255//1255
f 1246//1246 1255//1255 1247//1247
f 1247//1247 1255//1255 1256//1256
f 1247//1247 1256//1256 1248//1248
f 1248//1248 1256//1256 1257//1257
f 1248//1248 1257//1257 1249//1249
f 1249//1249 1257//1257 1258//1258
f 1249//1249 1258//1258 1250//1250
f 1250//1250 1258//1258 1259//1259
f 1250//1250 1259//1259 1251//1251
f 1251//1251 1259//1259 1260//1260
f 1251//1251 1260//1260 1252//1252
f 1252//1252 1260//1260 1261//1261
f 1252//1252 1261//1261 1253//1253
f 1253//1253 1261//1261 1262//1262
f 1253//1253 1262//1262 1254//1254
f 1255//1255 1245//1245 1263//1263
f 1255//1255 1263//1263 1256//1256
f 1256//1256 1263//1263 1264//1264
f 1256//1256 1264//1264 1257//1257
f 1257//1257 1264//1264 1265//1265
f 1257//1257 1265//1265 1258//1258
f 1258//1258 1265//1265 1266//1266
f 1258//1258 1266//1266 1259//1259
f 1259//1259 1266//1266 1267//1267
f 1259//1259 1267//1267 1260//1260
f 1260//1260 1267//1267 1268//1268
f 1260//1260 1268//1268 1261//1261
f 1261//1261 1268//1268 1269//1269
f 1261//1261 1269//1269 1262//1262
f 1262//1262 1269//1269 1270//1270
f 1262//1262 1270//1270 1254//1254
f 1263//1263 1245//1245 1271//1271
f 1263//1263 1271//1271 1264//1264
f 1264//1264 1271//1271 1272//1272
f 1264//1264 1272//1272 1265//1265
f 1265//1265 1272//1272 1273//1273
f 1265//1265 1273//1273 1266//1266
f 1266//1266 1273//1273 1274//1274
f 1266//1266 1274//1274 1267//1267
f 1267//1267 1274//1274 1275//1275
f 1267//1267 1275//1275 1268//1268
f 1268//1268 1275//1275 1276//1276
f 1268//1268 1276//1276 1269//1269
f 1269//1269 1276//1276 1277//1277
f 1269//1269 1277//1277 1270//1270
f 1270//1270 1277//1277 1278//1278
f 1270//1270 1278//1278 1254//1254
f 1271//1271 1245//1245 1279//1279
f 1271//1271 1279//1279 1272//1272
f 1272//1272 1279//1279 1280//1280
f 1272//1272 1280//1280 1273//1273
f 1273//1273 1280//1280 1281//1281
f 1273//1273 1281//1281 1274//1274
f 1274//1274 1281//1281 1282//1282
f 1274//1274 1282//1282 1275//1275
f 1275//1275 1282//1282 1283//1283
f 1275//1275 1283//1283 1276//1276
f 1276//1276 1283//1283 1284//1284
f 1276//1276 1284//1284 1277//1277
f 1277//1277 1284//1284 1285//1285
f 1277//1277 1285//1285 1278//1278
f 1278//1278 1285//1285 1286//1286
f 1278//1278 1286//1286 1254//1254
f 1279//1279 1245//1245 1287//1287
f 1279//1279 1287//1287 1280//1280
f 1280//1280 1287//1287 1288//1288
f 1280//1280 1288//1288 1281//1281
f 1281//1281 1288//1288 1289//1289
f 1281//1281 1289//1289 1282//1282
f 1282//1282 1289//1289 1290//1290
f 1282//1282 1290//1290 1283//1283
f 1283//1283 1290//1290 1291//1291
f 1283//1283 1291//1291 1284//1284
f 1284//1284 1291//1291 1292//1292
f 1284//1284 1292//1292 1285//1285
f 1285//1285 1292//1292 1293//1293
f 1285//1285 1293//1293 1286//1286
f 1286//1286 1293//1293 1294//1294
f 1286//1286 1294//1294 1254//1254
f 1287//1287 1245//1245 1295//1295
f 1287//1287 1295//1295 1288//1288
f 1288//1288 1295//1295 1296//1296
f 1288//1288 1296//1296 1289//1289
f 1289//1289 1296//1296 1297//1297
f 1289//1289 1297//1297 1290//1290
f 1290//1290 1297//1297 1298//1298
f 1290//1290 1298//1298 1291//1291
f 1291//1291 1298//1298 1299//1299
f 1291//1291 1299//1299 1292//1292
f 1292//1292 1299//1299 1300//1300
f 1292//1292 1300//1300 1293//1293
f 1293//1293 1300//1300 1301//1301
f 1293//1293 1301//1301 1294//1294
f 1294//1294 1301//1301 1302//1302
f 1294//1294 1302//1302 1254//1254
f 1295//1295 1245//1245 1303//1303
f 1295//1295 1303//1303 1296//1296
f 1296//1296 1303//1303 1304//1304
f 1296//1296 1304//1304 1297//1297
f 1297//1297 1304//1304 1305//1305
f 1297//1297 1305//1305 1298//1298
f 1298//1298 1305//1305 1306//1306
f 1298//1298 1306//1306 1299//1299
f 1299//1299 1306//1306 1307//1307
f 1299//1299 1307//1307 1300//1300
f 1300//1300 1307//1307 1308//1308
f 1300//1300 1308//1308 1301//1301
f 1301//1301 1308//1308 1309//1309
f 1301//1301 1309//1309 1302//1302
f 1302//1302 1309//1309 1310//1310
f 1302//1302 1310//1310 1254//1254
f 1303//1303 1245//1245 1311//1311
f 1303//1303 1311//1311 1304//1304
f 1304//1304 1311//1311 1312//1312
f 1304//1304 1312//1312 1305//1305
f 1305//1305 1312//1312 1313//1313
f 1305//1305 1313//1313 1306//1306
f 1306//1306 1313//1313 1314//1314
f 1306//1306 1314//1314 1307//1307
f 1307//1307 1314//1314 1315//1315
f 1307//1307 1315//1315 1308//1308
f 1308//1308 1315//1315 1316//1316
f 1308//1308 1316//1316 1309//1309
f 1309//1309 1316//1316 1317//1317
f 1309//1309 1317//1317 1310//1310
f 1310//1310 1317//1317 1318//1318
f 1310//1310 1318//1318 1254//1254
f 1311//1311 1245//1245 1319//1319
f 1311//1311 1319//1319 1312//1312
f 1312//1312 1319//1319 1320//1320
f 1312//1312 1320//1320 1313//1313
f 1313//1313 1320//1320 1321//1321
f 1313//1313 1321//1321 1314//1314
f 1314//1314 1321//1321 1322//1322
f 1314//1314 1322//1322 1315//1315
f 1315//1315 1322//1322 1323//1323
f 1315//1315 1323//1323 1316//1316
f 1316//1316 1323//1323 1324//1324
f 1316//1316 1324//1324 1317//1317
f 1317//1317 1324//1324 1325//1325
f 1317//1317 1325//1325 1318//1318
f 1318//1318 1325//1325 1326//1326
f 1318//1318 1326//1326 1254//1254
f 1319//1319 1245//1245 1246//1246
f 1319//1319 1246//1246 1320//1320
f 1320//1320 1246//1246 1247//1247
f 1320//1320 1247//1247 1321//1321
f 1321//1321 1247//1247 1248//1248
f 1321//1321 1248//1248 1322//1322
f 1322//1322 1248//1248 1249//1249
f 1322//1322 1249//1249 1323//1323
f 1323//1323 1249//1249 1250//1250
f 1323//1323 1250//1250 1324//1324
f 1324//1324 1250//1250 1251//1251
f 1324//1324 1251//1251 1325//1325
f 1325//1325 1251//1251 1252//1252
f 1325//1325 1252//1252 1326//1326
f 1326//1326 1252//1252 1253//1253
f 1326//1326 1253//1253 1254//1254
f 1328//1328 1327//1327 1337//1337
f 1328//1328 1337//1337 1329//1329
f 1329//1329 1337//1337 1338//1338
f 1329//1329 1338//1338 1330//1330
f 1330//1330 1338//1338 1339//1339
f 1330//1330 1339//1339 1331//1331
f 1331//1331 1339//1339 1340//1340
f 1331//1331 1340//1340 1332//1332
f 1332//1332 1340//1340 1341//1341
f 1332//1332 1341//1341 1333//1333
f 1333//1333 1341//1341 1342//1342
f 1333//1333 1342//1342 1334//1334
f 1334//1334 1342//1342 1343//1343
f 1334//1334 1343//1343 1335//1335
f 1335//1335 1343//1343 1344//1344
f 1335//1335 1344//1344 1336//1336
f 1337//1337 1327//1327 1345//1345
f 1337//1337 1345//1345 1338//1338
f 1338//1338 1345//1345 1346//1346
f 1338//1338 1346//1346 1339//1339
f 1339//1339 1346//1346 1347//1347
f 1339//1339 1347//1347 1340//1340
f 1340//1340 1347//1347 1348//1348
f 1340//1340 1348//1348 1341//1341
f 1341//1341 1348//1348 1349//1349
f 1341//1341 1349//1349 1342//1342
f 1342//1342 1349//1349 1350//1350
f 1342//1342 1350//1350 1343//1343
f 1343//1343 1350//1350 1351//1351
f 1343//1343 1351//1351 1344//1344
f 1344//1344 1351//1351 1352//1352
f 1344//1344 1352//1352 1336//1336
f 1345//1345 1327//1327 1353//1353
f 1345//1345 1353//1353 1346//1346
f 1346//1346 1353//1353 1354//1354
f 1346//1346 1354//1354 1347//1347
f 1347//1347 1354//1354 1355//1355
f 1347//1347 1355//1355 1348//1348
f 1348//1348 1355//1355 1356//1356
f 1348//1348 1356//1356 1349//1349
f 1349//1349 1356//1356 1357//1357
f 1349//1349 1357//1357 1350//1350
f 1350//1350 1357//1357 1358//1358
f 1350//1350 1358//1358 1351//1351
f 1351//1351 1358//1358 1359//1359
f 1351//1351 1359//1359 1352//1352
f 1352//1352 1359//1359 1360//1360
f 1352//1352 1360//1360 1336//1336
f 1353//1353 1327//1327 1361//1361
f 1353//1353 1361//1361 1354//1354
f 1354//1354 1361//1361 1362//1362
f 1354//1354 1362//1362 1355//1355
f 1355//1355 1362//1362 1363//1363
f 1355//1355 1363//1363 1356//1356
f 1356//1356 1363//1363 1364//1364
f 1356//1356 1364//1364 1357//1357
f 1357//1357 1364//1364 1365//1365
f 1357//1357 1365//1365 1358//1358
f 1358//1358 1365//1365 1366//1366
f 1358//1358 1366//1366 1359//1359
f 1359//1359 1366//1366 1367//1367
f 1359//1359 1367//1367 1360//1360
f 1360//1360 1367//1367 1368//1368
f 1360//1360 1368//1368 1336//1336
f 1361//1361 1327//1327 1369//1369
f 1361//1361 1369//1369 1362//1362
f 1362//1362 1369//1369 1370//1370
f 1362//1362 1370//1370 1363//1363
f 1363//1363 1370//1370 1371//1371
f 1363//1363 1371//1371 1364//1364
f 1364//1364 1371//1371 1372//1372
f 1364//1364 1372//1372 1365//1365
f 1365//1365 1372//1372 1373//1373
f 1365//1365 1373//1373 1366//1366
f 1366//1366 1373//1373 1374//1374
f 1366//1366 1374//1374 1367//1367
f 1367//1367 1374//1374 1375//1375
f 1367//1367 1375//1375 1368//1368
f 1368//1368 1375//1375 1376//1376
f 1368//1368 1376//1376 1336//1336
f 1369//1369 1327//1327 1377//1377
f 1369//1369 1377//1377 1370//1370
f 1370//1370 1377//1377 1378//1378
f 1370//1370 1378//1378 1371//1371
f 1371//1371 1378//1378 1379//1379
f 1371//1371 1379//1379 1372//1372
f 1372//1372 1379//1379 1380//1380
f 1372//1372 1380//1380 1373//1373
f 1373//1373 1380//1380 1381//1381
f 1373//1373 1381//1381 1374//1374
f 1374//1374 1381//1381 1382//1382
f 1374//1374 1382//1382 1375//1375
f 1375//1375 1382//1382 1383//1383
f 1375//1375 1383//1383 1376//1376
f 1376//1376 1383//1383 1384//1384
f 1376//1376 1384//1384 1336//1336
f 1377//1377 1327//1327 1385//1385
f 1377//1377 1385//1385 1378//1378
f 1378//1378 1385//1385 1386//1386
f 1378//1378 1386//1386 1379//1379
f 1379//1379 1386//1386 1387//1387
f 1379//1379 1387//1387 1380//1380
f 1380//1380 1387//1387 1388//1388
f 1380//1380 1388//1388 1381//1381
f 1381//1381 1388//1388 1389//1389
f 1381//1381 1389//1389 1382//1382
f 1382//1382 1389//1389 1390//1390
f 1382//1382 1390//1390 1383//1383
f 1383//1383 1390//1390 1391//1391
f 1383//1383 1391//1391 1384//1384
f 1384//1384 1391//1391 1392//1392
f 1384//1384 1392//1392 1336//1336
f 1385//1385 1327//1327 1393//1393
f 1385//1385 1393//1393 1386//1386
f 1386//1386 1393//1393 1394//1394
f 1386//1386 1394//1394 1387//1387
f 1387//1387 1394//1394 1395//1395
f 1387//1387 1395//1395 1388//1388
f 1388//1388 1395//1395 1396//1396
f 1388//1388 1396//1396 1389//1389
f 1389//1389 1396//1396 1397//1397
f 1389//1389 1397//1397 1390//1390
f 1390//1390 1397//1397 1398//1398
f 1390//1390 1398//1398 1391//1391
f 1391//1391 1398//1398 1399//1399
f 1391//1391 1399//1399 1392//1392
f 1392//1392 1399//1399 1400//1400
f 1392//1392 1400//1400 1336//1336
f 1393//1393 1327//1327 1401//1401
f 1393//1393 1401//1401 1394//1394
f 1394//1394 1401//1401 1402//1402
f 1394//1394 1402//1402 1395//1395
f 1395//1395 1402//1402 1403//1403
f 1395//1395 1403//1403 1396//1396
f 1396//1396 1403//1403 1404//1404
f 1396//1396 1404//1404 1397//1397
f 1397//1397 1404//1404 1405//1405
f 1397//1397 1405//1405 1398//1398
f 1398//1398 1405//1405 1406//1406
f 1398//1398 1406//1406 1399//1399
f 1399//1399 1406//1406 1407//1407
f 1399//1399 1407//1407 1400//1400
f 1400//1400 1407//1407 1408//1408
f 1400//1400 1408//1408 1336//1336
f 1401//1401 1327//1327 1328//1328
f 1401//1401 1328//1328 1402//1402
f 1402//1402 1328//1328 1329//1329
f 1402//1402 1329//1329 1403//1403
f 1403//1403 1329//1329 1330//1330
f 1403//1403 1330//1330 1404//1404
f 1404//1404 1330//1330 1331//1331
f 1404//1404 1331//1331 1405//1405
f 1405//1405 1331//1331 1332//1332
f 1405//1405 1332//1332 1406//1406
f 1406//1406 1332//1332 1333//1333
f 1406//1406 1333//1333 1407//1407
f 1407//1407 1333//1333 1334//1334
f 1407//1407 1334//1334 1408//1408
f 1408//1408 1334//1334 1335//1335
f 1408//1408 1335//1335 1336//1336
f 1410//1410 1409//1409 1419//1419
f 1410//1410 1419//1419 1411//1411
f 1411//1411 1419//1419 1420//1420
f 1411//1411 1420//1420 1412//1412
f 1412//1412 1420//1420 1421//1421
f 1412//1412 1421//1421 1413//1413
f 1413//1413 1421//1421 1422//1422
f 1413//1413 1422//1422 1414//1414
f 1414//1414 1422//1422 1423//1423
f 1414//1414 1423//1423 1415//1415
f 1415//1415 1423//1423 1424//1424
f 1415//1415 1424//1424 1416//1416
f 1416//1416 1424//1424 1425//1425
f 1416//1416 1425//1425 1417//1417
f 1417//1417 1425//1425 1426//1426
f 1417//1417 1426//1426 1418//1418
f 1419//1419 1409//1409 1427//1427
f 1419//1419 1427//1427 1420//1420
f 1420//1420 1427//1427 1428//1428
f 1420//1420 1428//1428 1421//1421
f 1421//1421 1428//1428 1429//1429
f 1421//1421 1429//1429 1422//1422
f 1422//1422 1429//1429 1430//1430
f 1422//1422 1430//1430 1423//1423
f 1423//1423 1430//1430 1431//1431
f 1423//1423 1431//1431 1424//1424
f 1424//1424 1431//1431 1432//1432
f 1424//1424 1432//1432 1425//1425
f 1425//1425 1432//1432 1433//1433
f 1425//1425 1433//1433 1426//1426
f 1426//1426 1433//1433 1434//1434
f 1426//1426 1434//1434 1418//1418
f 1427//1427 1409//1409 1435//1435
f 1427//1427 1435//1435 1428//1428
f 1428//1428 1435//1435 1436//1436
f 1428//1428 1436//1436 1429//1429
f 1429//1429 1436//1436 1437//1437
f 1429//1429 1437//1437 1430//1430
f 1430//1430 1437//1437 1438//1438
f 1430//1430 1438//1438 1431//1431
f 1431//1431 1438//1438 1439//1439
f 1431//1431 1439//1439 1432//1432
f 1432//1432 1439//1439 1440//1440
f 1432//1432 1440//1440 1433//1433
f 1433//1433 1440//1440 1441//1441
f 1433//1433 1441//1441 1434//1434
f 1434//1434 1441//1441 1442//1442
f 1434//1434 1442//1442 1418//1418
f 1435//1435 1409//1409 1443//1443
f 1435//1435 1443//1443 1436//1436
f 1436//1436 1443//1443 1444//1444
f 1436//1436 1444//1444 1437//1437
f 1437//1437 1444//1444 1445//1445
f 1437//1437 1445//1445 1438//1438
f 1438//1438 1445//1445 1446//1446
f 1438//1438 1446//1446 1439//1439
f 1439//1439 1446//1446 1447//1447
f 1439//1439 1447//1447 1440//1440
f 1440//1440 1447//1447 1448//1448
f 1440//1440 1448//1448 1441//1441
f 1441//1441 1448//1448 1449//1449
f 1441//1441 1449//1449 1442//1442
f 1442//1442 1449//1449 1450//1450
f 1442//1442 1450//1450 1418//1418
f 1443//1443 1409//1409 1451//1451
f 1443//1443 1451//1451 1444//1444
f 1444//1444 1451//1451 1452//1452
f 1444//1444 1452//1452 1445//1445
f 1445//1445 1452//1452 1453//1453
f 1445//1445 1453//1453 1446//1446
f 1446//1446 1453//1453 1454//1454
f 1446//1446 1454//1454 1447//1447
f 1447//1447 1454//1454 1455//1455
f 1447//1447 1455//1455 1448//1448
f 1448//1448 1455//1455 1456//1456
f 1448//1448 1456//1456 1449//1449
f 1449//1449 1456//1456 1457//1457
f 1449//1449 1457//1457 1450//1450
f 1450//1450 1457//1457 1458//1458
f 1450//1450 1458//1458 1418//1418
f 1451//1451 1409//1409 1459//1459
f 1451//1451 1459//1459 1452//1452
f 1452//1452 1459//1459 1460//1460
f 1452//1452 1460//1460 1453//1453
f 1453//1453 1460//1460 1461//1461
f 1453//1453 1461//1461 1454//1454
f 1454//1454 1461//1461 1462//1462
f 1454//1454 1462//1462 1455//1455
f 1455//1455 1462//1462 1463//1463
f 1455//1455 1463//1463 1456//1456
f 1456//1456 1463//1463 1464//1464
f 1456//1456 1464//1464 1457//1457
f 1457//1457 1464//1464 1465//1465
f 1457//1457 1465//1465 1458//1458
f 1458//1458 1465//1465 1466//1466
f 1458//1458 1466//1466 1418//1418
f 1459//1459 1409//1409 1467//1467
f 1459//1459 1467//1467 1460//1460
f 1460//1460 1467//1467 1468//1468
f 1460//1460 1468//1468 1461//1461
f 1461//1461 1468//1468 1469//1469
f 1461//1461 1469//1469 1462//1462
f 1462//1462 1469//1469 1470//1470
f 1462//1462 1470//1470 1463//1463
f 1463//1463 1470//1470 1471//1471
f 1463//1463 1471//1471 1464//1464
f 1464//1464 1471//1471 1472//1472
f 1464//1464 1472//1472 1465//1465
f 1465//1465 1472//1472 1473//1473
f 1465//1465 1473//1473 1466//1466
f 1466//1466 1473//1473 1474//1474
f 1466//1466 1474//1474 1418//1418
f 1467//1467 1409//1409 1475//1475
f 1467//1467 1475//1475 1468//1468
f 1468//1468 1475//1475 1476//1476
f 1468//1468 1476//1476 1469//1469
f 1469//1469 1476//1476 1477//1477
f 1469//1469 1477//1477 1470//1470
f 1470//1470 1477//1477 1478//1478
f 1470//1470 1478//1478 1471//1471
f 1471//1471 1478//1478 1479//1479
f 1471//1471 1479//1479 1472//1472
f 1472//1472 1479//1479 1480//1480
f 1472//1472 1480//1480 1473//1473
f 1473//1473 1480//1480 1481//1481
f 1473//1473 1481//1481 1474//1474
f 1474//1474 1481//1481 1482//1482
f 1474//1474 1482//1482 1418//1418
f 1475//1475 1409//1409 1483//1483
f 1475//1475 1483//1483 1476//1476
f 1476//1476 1483//1483 1484//1484
f 1476//1476 1484//1484 1477//1477
f 1477//1477 1484//1484 1485//1485
f 1477//1477 1485//1485 1478//1478
f 1478//1478 1485//1485 1486//1486
f 1478//1478 1486//1486 1479//1479
f 1479//1479 1486//1486 1487//1487
f 1479//1479 1487//1487 1480//1480
f 1480//1480 1487//1487 1488//1488
f 1480//1480 1488//1488 1481//1481
f 1481//1481 1488//1488 1489//1489
f 1481//1481 1489//1489 1482//1482
f 1482//1482 1489//1489 1490//1490
f 1482//1482 1490//1490 1418//1418
f 1483//1483 1409//1409 1410//1410
f 1483//1483 1410//1410 1484//1484
f 1484//1484 1410//1410 1411//1411
f 1484//1484 1411//1411 1485//1485
f 1485//1485 1411//1411 1412//1412
f 1485//1485 1412//1412 1486//1486
f 1486//1486 1412//1412 1413//1413
f 1486//1486 1413//1413 1487//1487
f 1487//1487 1413//1413 1414//1414
f 1487//1487 1414//1414 1488//1488
f 1488//1488 1414//1414 1415//1415
f 1488//1488 1415//1415 1489//1489
f 1489//1489 1415//1415 1416//1416
f 1489//1489 1416//1416 1490//1490
f 1490//1490 1416//1416 1417//1417
f 1490//1490 1417//1417 1418//1418
f 1492//1492 1491//1491 1501//1501
f 1492//1492 1501//1501 1493//1493
f 1493//1493 1501//1501 1502//1502
f 1493//1493 1502//1502 1494//1494
f 1494//1494 1502//1502 1503//1503
f 1494//1494 1503//1503 1495//1495
f 1495//1495 1503//1503 1504//1504
f 1495//1495 1504//1504 1496//1496
f 1496//1496 1504//1504 1505//1505
f 1496//1496 1505//1505 1497//1497
f 1497//1497 1505//1505 1506//1506
f 1497//1497 1506//1506 1498//1498
f 1498//1498 1506//1506 1507//1507
f 1498//1498 1507//1507 1499//1499
f 1499//1499 1507//1507 1508//1508
f 1499//1499 1508//1508 1500//1500
f 1501//1501 1491//1491 1509//1509
f 1501//1501 1509//1509 1502//1502
f 1502//1502 1509//1509 1510//1510
f 1502//1502 1510//1510 1503//1503
f 1503//1503 1510//1510 1511//1511
f 1503//1503 1511//1511 1504//1504
f 1504//1504 1511//1511 1512//1512
f 1504//1504 1512//1512 1505//1505
f 1505//1505 1512//1512 1513//1513
f 1505//1505 1513//1513 1506//1506
f 1506//1506 1513//1513 1514//1514
f 1506//1506 1514//1514 1507//1507
f 1507//1507 1514//1514 1515//1515
f 1507//1507 1515//1515 1508//1508
f 1508//1508 1515//1515 1516//1516
f 1508//1508 1516//1516 1500//1500
f 1509//1509 1491//1491 1517//1517
f 1509//1509 1517//1517 1510//1510
f 1510//1510 1517//1517 1518//1518
f 1510//1510 1518//1518 1511//1511
f 1511//1511 1518//1518 1519//1519
f 1511//1511 1519//1519 1512//1512
f 1512//1512 1519//1519 1520//1520
f 1512//1512 1520//1520 1513//1513
f 1513//1513 1520//1520 1521//1521
f 1513//1513 1521//1521 1514//1514
f 1514//1514 1521//1521 1522//1522
f 1514//1514 1522//1522 1515//1515
f 1515//1515 1522//1522 1523//1523
f 1515//1515 1523//1523 1516//1516
f 1516//1516 1523//1523 1524//1524
f 1516//1516 1524//1524 1500//1500
f 1517//1517 1491//1491 1525//1525
f 1517//1517 1525//1525 1518//1518
f 1518//1518 1525//1525 1526//1526
f 1518//1518 1526//1526 1519//1519
f 1519//1519 1526//1526 1527//1527
f 1519//1519 1527//1527 1520//1520
f 1520//1520 1527//1527 1528//1528
f 1520//1520 1528//1528 1521//1521
f 1521//1521 1528//1528 1529//1529
f 1521//1521 1529//1529 1522//1522
f 1522//1522 1529//1529 1530//1530
f 1522//1522 1530//1530 1523//1523
f 1523//1523 1530//1530 1531//1531
f 1523//1523 1531//1531 1524//1524
f 1524//1524 1531//1531 1532//1532
f 1524//1524 1532//1532 1500//1500
f 1525//1525 1491//1491 1533//1533
f 1525//1525 1533//1533 1526//1526
f 1526//1526 1533//1533 1534//1534
f 1526//1526 1534//1534 1527//1527
f 1527//1527 1534//1534 1535//1535
f 1527//1527 1535//1535 1528//1528
f 1528//1528 1535//1535 1536//1536
f 1528//1528 1536//1536 1529//1529
f 1529//1529 1536//1536 1537//1537
f 1529//1529 1537//1537 1530//1530
f 1530//1530 1537//1537 1538//1538
f 1530//1530 1538//1538 1531//1531
f 1531//1531 1538//1538 1539//1539
f 1531//1531 1539//1539 1532//1532
f 1532//1532 1539//1539 1540//1540
f 1532//1532 1540//1540 1500//1500
f 1533//1533 1491//1491 1541//1541
f 1533//1533 1541//1541 1534//1534
f 1534//1534 1541//1541 1542//1542
f 1534//1534 1542//1542 1535//1535
f 1535//1535 1542//1542 1543//1543
f 1535//1535 1543//1543 1536//1536
f 1536//1536 1543//1543 1544//1544
f 1536//1536 1544//1544 1537//1537
f 1537//1537 1544//1544 1545//1545
f 1537//1537 1545//1545 1538//1538
f 1538//1538 1545//1545 1546//1546
f 1538//1538 1546//1546 1539//1539
f 1539//1539 1546//1546 1547//1547
f 1539//1539 1547//1547 1540//1540
f 1540//1540 1547//1547 1548//1548
f 1540//1540 1548//1548 1500//1500
f 1541//1541 1491//1491 1549//1549
f 1541//1541 1549//1549 1542//1542
f 1542//1542 1549//1549 1550//1550
f 1542//1542 1550//1550 1543//1543
f 1543//1543 1550//1550 1551//1551
f 1543//1543 1551//1551 1544//1544
f 1544//1544 1551//1551 1552//1552
f 1544//1544 1552//1552 1545//1545
f 1545//1545 1552//1552 1553//1553
f 1545//1545 1553//1553 1546//1546
f 1546//1546 1553//1553 1554//1554
f 1546//1546 1554//1554 1547//1547
f 1547//1547 1554//1554 1555//1555
f 1547//1547 1555//1555 1548//1548
f 1548//1548 1555//1555 1556//1556
f 1548//1548 1556//1556 1500//1500
f 1549//1549 1491//1491 1557//1557
f 1549//1549 1557//1557 1550//1550
f 1550//1550 1557//1557 1558//1558
f 1550//1550 1558//1558 1551//1551
f 1551//1551 1558//1558 1559//1559
f 1551//1551 1559//1559 1552//1552
f 1552//1552 1559//1559 1560//1560
f 1552//1552 1560//1560 1553//1553
f 1553//1553 1560//1560 1561//1561
f 1553//1553 1561//1561 1554//1554
f 1554//1554 1561//1561 1562//1562
f 1554//1554 1562//1562 1555//1555
f 1555//1555 1562//1562 1563//1563
f 1555//1555 1563//1563 1556//1556
f 1556//1556 1563//1563 1564//1564
f 1556//1556 1564//1564 1500//1500
f 1557//1557 1491//1491 1565//1565
f 1557//1557 1565//1565 1558//1558
f 1558//1558 1565//1565 1566//1566
f 1558//1558 1566//1566 1559//1559
f 1559//1559 1566//1566 1567//1567
f 1559//1559 1567//1567 1560//1560
f 1560//1560 1567//1567 1568//1568
f 1560//1560 1568//1568 1561//1561
f 1561//1561 1568//1568 1569//1569
f 1561//1561 1569//1569 1562//1562
f 1562//1562 1569//1569 1570//1570
f 1562//1562 1570//1570 1563//1563
f 1563//1563 1570//1570 1571//1571
f 1563//1563 1571//1571 1564//1564
f 1564//1564 1571//1571 1572//1572
f 1564//1564 1572//1572 1500//1500
f 1565//1565 1491//1491 1492//1492
f 1565//1565 1492//1492 1566//1566
f 1566//1566 1492//1492 1493//1493
f 1566//1566 1493//1493 1567//1567
f 1567//1567 1493//1493 1494//1494
f 1567//1567 1494//1494 1568//1568
f 1568//1568 1494//1494 1495//1495
f 1568//1568 1495//1495 1569//1569
f 1569//1569 1495//1495 1496//1496
f 1569//1569 1496//1496 1570//1570
f 1570//1570 1496//1496 1497//1497
f 1570//1570 1497//1497 1571//1571
f 1571//1571 1497//1497 1498//1498
f 1571//1571 1498//1498 1572//1572
f 1572//1572 1498//1498 1499//1499
f 1572//1572 1499//1499 1500//1500
f 1574//1574 1573//1573 1583//1583
f 1574//1574 1583//1583 1575//1575
f 1575//1575 1583//1583 1584//1584
f 1575//1575 1584//1584 1576//1576
f 1576//1576 1584//1584 1585//1585
f 1576//1576 1585//1585 1577//1577
f 1577//1577 1585//1585 1586//1586
f 1577//1577 1586//1586 1578//1578
f 1578//1578 1586//1586 1587//1587
f 1578//1578 1587//1587 1579//1579
f 1579//1579 1587//1587 1588//1588
f 1579//1579 1588//1588 1580//1580
f 1580//1580 1588//1588 1589//1589
f 1580//1580 1589//1589 1581//1581
f 1581//1581 1589//1589 1590//1590
f 1581//1581 1590//1590 1582//1582
f 1583//1583 1573//1573 1591//1591
f 1583//1583 1591//1591 1584//1584
f 1584//1584 1591//1591 1592//1592
f 1584//1584 1592//1592 1585//1585
f 1585//1585 1592//1592 1593//1593
f 1585//1585 1593//1593 1586//1586
f 1586//1586 1593//1593 1594//1594
f 1586//1586 1594//1594 1587//1587
f 1587//1587 1594//1594 1595//1595
f 1587//1587 1595//1595 1588//1588
f 1588//1588 1595//1595 1596//1596
f 1588//1588 1596//1596 1589//1589
f 1589//1589 1596//1596 1597//1597
f 1589//1589 1597//1597 1590//1590
f 1590//1590 1597//1597 1598//1598
f 1590//1590 1598//1598 1582//1582
f 1591//1591 1573//1573 1599//1599
f 1591//1591 1599//1599 1592//1592
f 1592//1592 1599//1599 1600//1600
f 1592//1592 1600//1600 1593//1593
f 1593//1593 1600//1600 1601//1601
f 1593//1593 1601//1601 1594//1594
f 1594//1594 1601//1601 1602//1602
f 1594//1594 1602//1602 1595//1595
f 1595//1595 1602//1602 1603//1603
f 1595//1595 1603//1603 1596//1596
f 1596//1596 1603//1603 1604//1604
f 1596//1596 1604//1604 1597//1597
f 1597//1597 1604//1604 1605//1605
f 1597//1597 1605//1605 1598//1598
f 1598//1598 1605//1605 1606//1606
f 1598//1598 1606//1606 1582//1582
f 1599//1599 1573//1573 1607//1607
f 1599//1599 1607//1607 1600//1600
f 1600//1600 1607//1607 1608//1608
f 1600//1600 1608//1608 1601//1601
f 1601//1601 1608//1608 1609//1609
f 1601//1601 1609//1609 1602//1602
f 1602//1602 1609//1609 1610//1610
f 1602//1602 1610//1610 1603//1603
f 1603//1603 1610//1610 1611//1611
f 1603//1603 1611//1611 1604//1604
f 1604//1604 1611//1611 1612//1612
f 1604//1604 1612//1612 1605//1605
f 1605//1605 1612//1612 1613//1613
f 1605//1605 1613//1613 1606//1606
f 1606//1606 1613//1613 1614//1614
f 1606//1606 1614//1614 1582//1582
f 1607//1607 1573//1573 1615//1615
f 1607//1607 1615//1615 1608//1608
f 1608//1608 1615//1615 1616//1616
f 1608//1608 1616//1616 1609//1609
f 1609//1609 1616//1616 1617//1617
f 1609//1609 1617//1617 1610//1610
f 1610//1610 1617//1617 1618//1618
f 1610//1610 1618//1618 1611//1611
f 1611//1611 1618//1618 1619//1619
f 1611//1611 1619//1619 1612//1612
f 1612//1612 1619//1619 1620//1620
f 1612//1612 1620//1620 1613//1613
f 1613//1613 1620//1620 1621//1621
f 1613//1613 1621//1621 1614//1614
f 1614//1614 1621//1621 1622//1622
f 1614//1614 1622//1622 1582//1582
f 1615//1615 1573//1573 1623//1623
f 1615//1615 1623//1623 1616//1616
f 1616//1616 1623//1623 1624//1624
f 1616//1616 1624//1624 1617//1617
f 1617//1617 1624//1624 1625//1625
f 1617//1617 1625//1625 1618//1618
f 1618//1618 1625//1625 1626//1626
f 1618//1618 1626//1626 1619//1619
f 1619//1619 1626//1626 1627//1627
f 1619//1619 1627//1627 1620//1620
f 1620//1620 1627//1627 1628//1628
f 1620//1620 1628//1628 1621//1621
f 1621//1621 1628//1628 1629//1629
f 1621//1621 1629//1629 1622//1622
f 1622//1622 1629//1629 1630//1630
f 1622//1622 1630//1630 1582//1582
f 1623//1623 1573//1573 1631//1631
f 1623//1623 1631//1631 1624//1624
f 1624//1624 1631//1631 1632//1632
f 1624//1624 1632//1632 1625//1625
f 1625//1625 1632//1632 1633//1633
f 1625//1625 1633//1633 1626//1626
f 1626//1626 1633//1633 1634//1634
f 1626//1626 1634//1634 1627//1627
f 1627//1627 1634//1634 1635//1635
f 1627//1627 1635//1635 1628//1628
f 1628//1628 1635//1635 1636//1636
f 1628//1628 1636//1636 1629//1629
f 1629//1629 1636//1636 1637//1637
f 1629//1629 1637//1637 1630//1630
f 1630//1630 1637//1637 1638//1638
f 1630//1630 1638//1638 1582//1582
f 1631//1631 1573//1573 1639//1639
f 1631//1631 1639//1639 1632//1632
f 1632//1632 1639//1639 1640//1640
f 1632//1632 1640//1640 1633//1633
f 1633//1633 1640//1640 1641//1641
f 1633//1633 1641//1641 1634//1634
f 1634//1634 1641//1641 1642//1642
f 1634//1634 1642//1642 1635//1635
f 1635//1635 1642//1642 1643//1643
f 1635//1635 1643//1643 1636//1636
f 1636//1636 1643//1643 1644//1644
f 1636//1636 1644//1644 1637//1637
f 1637//1637 1644//1644 1645//1645
f 1637//1637 1645//1645 1638//1638
f 1638//1638 1645//1645 1646//1646
f 1638//1638 1646//1646 1582//1582
f 1639//1639 1573//1573 1647//1647
f 1639//1639 1647//1647 1640//1640
f 1640//1640 1647//1647 1648//1648
f 1640//1640 1648//1648 1641//1641
f 1641//1641 1648//1648 1649//1649
f 1641//1641 1649//1649 1642//1642
f 1642//1642 1649//1649 1650//1650
f 1642//1642 1650//1650 1643//1643
f 1643//1643 1650//1650 1651//1651
f 1643//1643 1651//1651 1644//1644
f 1644//1644 1651//1651 1652//1652
f 1644//1644 1652//1652 1645//1645
f 1645//1645 1652//1652 1653//1653
f 1645//1645 1653//1653 1646//1646
f 1646//1646 1653//1653 1654//1654
f 1646//1646 1654//1654 1582//1582
f 1647//1647 1573//1573 1574//1574
f 1647//1647 1574//1574 1648//1648
f 1648//1648 1574//1574 1575//1575
f 1648//1648 1575//1575 1649//1649
f 1649//1649 1575//1575 1576//1576
f 1649//1649 1576//1576 1650//1650
f 1650//1650 1576//1576 1577//1577
f 1650//1650 1577//1577 1651//1651
f 1651//1651 1577//1577 1578//1578
f 1651//1651 1578//1578 1652//1652
f 1652//1652 1578//1578 1579//1579
f 1652//1652 1579//1579 1653//1653
f 1653//1653 1579//1579 1580//1580
f 1653//1653 1580//1580 1654//1654
f 1654//1654 1580//1580 1581//1581
f 1654//1654 1581//1581 1582//1582
f 1656//1656 1655//1655 1665//1665
f 1656//1656 1665//1665 1657//1657
f 1657//1657 1665//1665 1666//1666
f 1657//1657 1666//1666 1658//1658
f 1658//1658 1666//1666 1667//1667
f 1658//1658 1667//1667 1659//1659
f 1659//1659 1667//1667 1668//1668
f 1659//1659 1668//1668 1660//1660
f 1660//1660 1668//1668 1669//1669
f 1660//1660 1669//1669 1661//1661
f 1661//1661 1669//1669 1670//1670
f 1661//1661 1670//1670 1662//1662
f 1662//1662 1670//1670 1671//1671
f 1662//1662 1671//1671 1663//1663
f 1663//1663 1671//1671 1672//1672
f 1663//1663 1672//1672 1664//1664
f 1665//1665 1655//1655 1673//1673
f 1665//1665 1673//1673 1666//1666
f 1666//1666 1673//1673 1674//1674
f 1666//1666 1674//1674 1667//1667
f 1667//1667 1674//1674 1675//1675
f 1667//1667 1675//1675 1668//1668
f 1668//1668 1675//1675 1676//1676
f 1668//1668 1676//1676 1669//1669
f 1669//1669 1676//1676 1677//1677
f 1669//1669 1677//1677 1670//1670
f 1670//1670 1677//1677 1678//1678
f 1670//1670 1678//1678 1671//1671
f 1671//1671 1678//1678 1679//1679
f 1671//1671 1679//1679 1672//1672
f 1672//1672 1679//1679 1680//1680
f 1672//1672 1680//1680 1664//1664
f 1673//1673 1655//1655 1681//1681
f 1673//1673 1681//1681 1674//1674
f 1674//1674 1681//1681 1682//1682
f 1674//1674 1682//1682 1675//1675
f 1675//1675 1682//1682 1683//1683
f 1675//1675 1683//1683 1676//1676
f 1676//1676 1683//1683 1684//1684
f 1676//1676 1684//1684 1677//1677
f 1677//1677 1684//1684 1685//1685
f 1677//1677 1685//1685 1678//1678
f 1678//1678 1685//1685 1686//1686
f 1678//1678 1686//1686 1679//1679
f 1679//1679 1686//1686 1687//1687
f 1679//1679 1687//1687 1680//1680
f 1680//1680 1687//1687 1688//1688
f 1680//1680 1688//1688 1664//1664
f 1681//1681 1655//1655 1689//1689
f 1681//1681 1689//1689 1682//1682
f 1682//1682 1689//1689 1690//1690
f 1682//1682 1690//1690 1683//1683
f 1683//1683 1690//1690 1691//1691
f 1683//1683 1691//1691 1684//1684
f 1684//1684 1691//1691 1692//1692
f 1684//1684 1692//1692 1685//1685
f 1685//1685 1692//1692 1693//1693
f 1685//1685 1693//1693 1686//1686
f 1686//1686 1693//1693 1694//1694
f 1686//1686 1694//1694 1687//1687
f 1687//1687 1694//1694 1695//1695
f 1687//1687 1695//1695 1688//1688
f 1688//1688 1695//1695 1696//1696
f 1688//1688 1696//1696 1664//1664
f 1689//1689 1655//1655 1697//1697
f 1689//1689 1697//1697 1690//1690
f 1690//1690 1697//1697 1698//1698
f 1690//1690 1698//1698 1691//1691
f 1691//1691 1698//1698 1699//1699
f 1691//1691 1699//1699 1692//1692
f 1692//1692 1699//1699 1700//1700
f 1692//1692 1700//1700 1693//1693
f 1693//1693 1700//1700 1701//1701
f 1693//1693 1701//1701 1694//1694
f 1694//1694 1701//1701 1702//1702
f 1694//1694 1702//1702 1695//1695
f 1695//1695 1702//1702 1703//1703
f 1695//1695 1703//1703 1696//1696
f 1696//1696 1703//1703 1704//1704
f 1696//1696 1704//1704 1664//1664
f 1697//1697 1655//1655 1705//1705
f 1697//1697 1705//1705 1698//1698
f 1698//1698 1705//1705 1706//1706
f 1698//1698 1706//1706 1699//1699
f 1699//1699 1706//1706 1707//1707
f 1699//1699 1707//1707 1700//1700
f 1700//1700 1707//1707 1708//1708
f 1700//1700 1708//1708 1701//1701
f 1701//1701 1708//1708 1709//1709
f 1701//1701 1709//1709 1702//1702
f 1702//1702 1709//1709 1710//1710
f 1702//1702 1710//1710 1703//1703
f 1703//1703 1710//1710 1711//1711
f 1703//1703 1711//1711 1704//1704
f 1704//1704 1711//1711 1712//1712
f 1704//1704 1712//1712 1664//1664
f 1705//1705 1655//1655 1713//1713
f 1705//1705 1713//1713 1706//1706
f 1706//1706 1713//1713 1714//1714
f 1706//1706 1714//1714 1707//1707
f 1707//1707 1714//1714 1715//1715
f 1707//1707 1715//1715 1708//1708
f 1708//1708 1715//1715 1716//1716
f 1708//1708 1716//1716 1709//1709
f 1709//1709 1716//1716 1717//1717
f 1709//1709 1717//1717 1710//1710
f 1710//1710 1717//1717 1718//1718
f 1710//1710 1718//1718 1711//1711
f 1711//1711 1718//1718 1719//1719
f 1711//1711 1719//1719 1712//1712
f 1712//1712 1719//1719 1720//1720
f 1712//1712 1720//1720 1664//1664
f 1713//1713 1655//1655 1721//1721
f 1713//1713 1721//1721 1714//1714
f 1714//1714 1721//1721 1722//1722
f 1714//1714 1722//1722 1715//1715
f 1715//1715 1722//1722 1723//1723
f 1715//1715 1723//1723 1716//1716
f 1716//1716 1723//1723 1724//1724
f 1716//1716 1724//1724 1717//1717
f 1717//1717 1724//1724 1725//1725
f 1717//1717 1725//1725 1718//1718
f 1718//1718 1725//1725 1726//1726
f 1718//1718 1726//1726 1719//1719
f 1719//1719 1726//1726 1727//1727
f 1719//1719 1727//1727 1720//1720
f 1720//1720 1727//1727 1728//1728
f 1720//1720 1728//1728 1664//1664
f 1721//1721 1655//1655 1729//1729
f 1721//1721 1729//1729 1722//1722
f 1722//1722 1729//1729 1730//1730
f 1722//1722 1730//1730 1723//1723
f 1723//1723 1730//1730 1731//1731
f 1723//1723 1731//1731 1724//1724
f 1724//1724 1731//1731 1732//1732
f 1724//1724 1732//1732 1725//1725
f 1725//1725 1732//1732 1733//1733
f 1725//1725 1733//1733 1726//1726
f 1726//1726 1733//1733 1734//1734
f 1726//1726 1734//1734 1727//1727
f 1727//1727 1734//1734 1735//1735
f 1727//1727 1735//1735 1728//1728
f 1728//1728 1735//1735 1736//1736
f 1728//1728 1736//1736 1664//1664
f 1729//1729 1655//1655 1656//1656
f 1729//1729 1656//1656 1730//1730
f 1730//1730 1656//1656 1657//1657
f 1730//1730 1657//1657 1731//1731
f 1731//1731 1657//1657 1658//1658
f 1731//1731 1658//1658 1732//1732
f 1732//1732 1658//1658 1659//1659
f 1732//1732 1659//1659 1733//1733
f 1733//1733 1659//1659 1660//1660
f 1733//1733 1660//1660 1734//1734
f 1734//1734 1660//1660 1661//1661
f 1734//1734 1661//1661 1735//1735
f 1735//1735 1661//1661 1662//1662
f 1735//1735 1662//1662 1736//1736
f 1736//1736 1662//1662 1663//1663
f 1736//1736 1663//1663 1664//1664
f 1738//1738 1737//1737 1747//1747
f 1738//1738 1747//1747 1739//1739
f 1739//1739 1747//1747 1748//1748
f 1739//1739 1748//1748 1740//1740
f 1740//1740 1748//1748 1749//1749
f 1740//1740 1749//1749 1741//1741
f 1741//1741 1749//1749 1750//1750
f 1741//1741 1750//1750 1742//1742
f 1742//1742 1750//1750 1751//1751
f 1742//1742 1751//1751 1743//1743
f 1743//1743 1751//1751 1752//1752
f 1743//1743 1752//1752 1744//1744
f 1744//1744 1752//1752 1753//1753
f 1744//1744 1753//1753 1745//1745
f 1745//1745 1753//1753 1754//1754
f 1745//1745 1754//1754 1746//1746
f 1747//1747 1737//1737 1755//1755
f 1747//1747 1755//1755 1748//1748
f 1748//1748 1755//1755 1756//1756
f 1748//1748 1756//1756 1749//1749
f 1749//1749 1756//1756 1757//1757
f 1749//1749 1757//1757 1750//1750
f 1750//1750 1757//1757 1758//1758
f 1750//1750 1758//1758 1751//1751
f 1751//1751 1758//1758 1759//1759
f 1751//1751 1759//1759 1752//1752
f 1752//1752 1759//1759 1760//1760
f 1752//1752 1760//1760 1753//1753
f 1753//1753 1760//1760 1761//1761
f 1753//1753 1761//1761 1754//1754
f 1754//1754 1761//1761 1762//1762
f 1754//1754 1762//1762 1746//1746
f 1755//1755 1737//1737 1763//1763
f 1755//1755 1763//1763 1756//1756
f 1756//1756 1763//1763 1764//1764
f 1756//1756 1764//1764 1757//1757
f 1757//1757 1764//1764 1765//1765
f 1757//1757 1765//1765 1758//1758
f 1758//1758 1765//1765 1766//1766
f 1758//1758 1766//1766 1759//1759
f 1759//1759 1766//1766 1767//1767
f 1759//1759 1767//1767 1760//1760
f 1760//1760 1767//1767 1768//1768
f 1760//1760 1768//1768 1761//1761
f 1761//1761 1768//1768 1769//1769
f 1761//1761 1769//1769 1762//1762
f 1762//1762 1769//1769 1770//1770
f 1762//1762 1770//1770 1746//1746
f 1763//1763 1737//1737 1771//1771
f 1763//1763 1771//1771 1764//1764
f 1764//1764 1771//1771 1772//1772
f 1764//1764 1772//1772 1765//1765
f 1765//1765 1772//1772 1773//1773
f 1765//1765 1773//1773 1766//1766
f 1766//1766 1773//1773 1774//1774
f 1766//1766 1774//1774 1767//1767
f 1767//1767 1774//1774 1775//1775
f 1767//1767 1775//1775 1768//1768
f 1768//1768 1775//1775 1776//1776
f 1768//1768 1776//1776 1769//1769
f 1769//1769 1776//1776 1777//1777
f 1769//1769 1777//1777 1770//1770
f 1770//1770 1777//1777 1778//1778
f 1770//1770 1778//1778 1746//1746
f 1771//1771 1737//1737 1779//1779
f 1771//1771 1779//1779 1772//1772
f 1772//1772 1779//1779 1780//1780
f 1772//1772 1780//1780 1773//1773
f 1773//1773 1780//1780 1781//1781
f 1773//1773 1781//1781 1774//1774
f 1774//1774 1781//1781 1782//1782
f 1774//1774 1782//1782 1775//1775
f 1775//1775 1782//1782 1783//1783
f 1775//1775 1783//1783 1776//1776
f 1776//1776 1783//1783 1784//1784
f 1776//1776 1784//1784 1777//1777
f 1777//1777 1784//1784 1785//1785
f 1777//1777 1785//1785 1778//1778
f 1778//1778 1785//1785 1786//1786
f 1778//1778 1786//1786 1746//1746
f 1779//1779 1737//1737 1787//1787
f 1779//1779 1787//1787 1780//1780
f 1780//1780 1787//1787 1788//1788
f 1780//1780 1788//1788 1781//1781
f 1781//1781 1788//1788 1789//1789
f 1781//1781 1789//1789 1782//1782
f 1782//1782 1789//1789 1790//1790
f 1782//1782 1790//1790 1783//1783
f 1783//1783 1790//1790 1791//1791
f 1783//1783 1791//1791 1784//1784
f 1784//1784 1791//1791 1792//1792
f 1784//1784 1792//1792 1785//1785
f 1785//1785 1792//1792 1793//1793
f 1785//1785 1793//1793 1786//1786
f 1786//1786 1793//1793 1794//1794
f 1786//1786 1794//1794 1746//1746
f 1787//1787 1737//1737 1795//1795
f 1787//1787 1795//1795 1788//1788
f 1788//1788 1795//1795 1796//1796
f 1788//1788 1796//1796 1789//1789
f 1789//1789 1796//1796 1797//1797
f 1789//1789 1797//1797 1790//1790
f 1790//1790 1797//1797 1798//1798
f 1790//1790 1798//1798 1791//1791
f 1791//1791 1798//1798 1799//1799
f 1791//1791 1799//1799 1792//1792
f 1792//1792 1799//1799 1800//1800
f 1792//1792 1800//1800 1793//1793
f 1793//1793 1800//1800 1801//1801
f 1793//1793 1801//1801 1794//1794
f 1794//1794 1801//1801 1802//1802
f 1794//1794 1802//1802 1746//1746
f 1795//1795 1737//1737 1803//1803
f 1795//1795 1803//1803 1796//1796
f 1796//1796 1803//1803 1804//1804
f 1796//1796 1804//1804 1797//1797
f 1797//1797 1804//1804 1805//1805
f 1797//1797 1805//1805 1798//1798
f 1798//1798 1805//1805 1806//1806
f 1798//1798 1806//1806 1799//1799
f 1799//1799 1806//1806 1807//1807
f 1799//1799 1807//1807 1800//1800
f 1800//1800 1807//1807 1808//1808
f 1800//1800 1808//1808 1801//1801
f 1801//1801 1808//1808 1809//1809
f 1801//1801 1809//1809 1802//1802
f 1802//1802 1809//1809 1810//1810
f 1802//1802 1810//1810 1746//1746
f 1803//1803 1737//1737 1811//1811
f 1803//1803 1811//1811 1804//1804
f 1804//1804 1811//1811 1812//1812
f 1804//1804 1812//1812 1805//1805
f 1805//1805 1812//1812 1813//1813
f 1805//1805 1813//1813 1806//1806
f 1806//1806 1813//1813 1814//1814
f 1806//1806 1814//1814 1807//1807
f 1807//1807 1814//1814 1815//1815
f 1807//1807 1815//1815 1808//1808
f 1808//1808 1815//1815 1816//1816
f 1808//1808 1816//1816 1809//1809
f 1809//1809 1816//1816 1817//1817
f 1809//1809 1817//1817 1810//1810
f 1810//1810 1817//1817 1818//1818
f 1810//1810 1818//1818 1746//1746
f 1811//1811 1737//1737 1738//1738
f 1811//1811 1738//1738 1812//1812
f 1812//1812 1738//1738 1739//1739
f 1812//1812 1739//1739 1813//1813
f 1813//1813 1739//1739 1740//1740
f 1813//1813 1740//1740 1814//1814
f 1814//1814 1740//1740 1741//1741
f 1814//1814 1741//1741 1815//1815
f 1815//1815 1741//1741 1742//1742
f 1815//1815 1742//1742 1816//1816
f 1816//1816 1742//1742 1743//1743
f 1816//1816 1743//1743 1817//1817
f 1817//1817 1743//1743 1744//1744
f 1817//1817 1744//1744 1818//1818
f 1818//1818 1744//1744 1745//1745
f 1818//1818 1745//1745 1746//1746
f 1820//1820 1819//1819 1829//1829
f 1820//1820 1829//1829 1821//1821
f 1821//1821 1829//1829 1830//1830
f 1821//1821 1830//1830 1822//1822
f 1822//1822 1830//1830 1831//1831
f 1822//1822 1831//1831 1823//1823
f 1823//1823 1831//1831 1832//1832
f 1823//1823 1832//1832 1824//1824
f 1824//1824 1832//1832 1833//1833
f 1824//1824 1833//1833 1825//1825
f 1825//1825 1833//1833 1834//1834
f 1825//1825 1834//1834 1826//1826
f 1826//1826 1834//1834 1835//1835
f 1826//1826 1835//1835 1827//1827
f 1827//1827 1835//1835 1836//1836
f 1827//1827 1836//1836 1828//1828
f 1829//1829 1819//1819 1837//1837
f 1829//1829 1837//1837 1830//1830
f 1830//1830 1837//1837 1838//1838
f 1830//1830 1838//1838 1831//1831
f 1831//1831 1838//1838 1839//1839
f 1831//1831 1839//1839 1832//1832
f 1832//1832 1839//1839 1840//1840
f 1832//1832 1840//1840 1833//1833
f 1833//1833 1840//1840 1841//1841
f 1833//1833 1841//1841 1834//1834
f 1834//1834 1841//1841 1842//1842
f 1834//1834 1842//1842 1835//1835
f 1835//1835 1842//1842 1843//1843
f 1835//1835 1843//1843 1836//1836
f 1836//1836 1843//1843 1844//1844
f 1836//1836 1844//1844 1828//1828
f 1837//1837 1819//1819 1845//1845
f 1837//1837 1845//1845 1838//1838
f 1838//1838 1845//1845 1846//1846
f 1838//1838 1846//1846 1839//1839
f 1839//1839 1846//1846 1847//1847
f 1839//1839 1847//1847 1840//1840
f 1840//1840 1847//1847 1848//1848
f 1840//1840 1848//1848 1841//1841
f 1841//1841 1848//1848 1849//1849
f 1841//1841 1849//1849 1842//1842
f 1842//1842 1849//1849 1850//1850
f 1842//1842 1850//1850 1843//1843
f 1843//1843 1850//1850 1851//1851
f 1843//1843 1851//1851 1844//1844
f 1844//1844 1851//1851 1852//1852
f 1844//1844 1852//1852 1828//1828
f 1845//1845 1819//1819 1853//1853
f 1845//1845 1853//1853 1846//1846
f 1846//1846 1853//1853 1854//1854
f 1846//1846 1854//1854 1847//1847
f 1847//1847 1854//1854 1855//1855
f 1847//1847 1855//1855 1848//1848
f 1848//1848 1855//1855 1856//1856
f 1848//1848 1856//1856 1849//1849
f 1849//1849 1856//1856 1857//1857
f 1849//1849 1857//1857 1850//1850
f 1850//1850 1857//1857 1858//1858
f 1850//1850 1858//1858 1851//1851
f 1851//1851 1858//1858 1859//1859
f 1851//1851 1859//1859 1852//1852
f 1852//1852 1859//1859 1860//1860
f 1852//1852 1860//1860 1828//1828
f 1853//1853 1819//1819 1861//1861
f 1853//1853 1861//1861 1854//1854
f 1854//1854 1861//1861 1862//1862
f 1854//1854 1862//1862 1855//1855
f 1855//1855 1862//1862 1863//1863
f 1855//1855 1863//1863 1856//1856
f 1856//1856 1863//1863 1864//1864
f 1856//1856 1864//1864 1857//1857
f 1857//1857 1864//1864 1865//1865
f 1857//1857 1865//1865 1858//1858
f 1858//1858 1865//1865 1866//1866
f 1858//1858 1866//1866 1859//1859
f 1859//1859 1866//1866 1867//1867
f 1859//1859 1867//1867 1860//1860
f 1860//1860 1867//1867 1868//1868
f 1860//1860 1868//1868 1828//1828
f 1861//1861 1819//1819 1869//1869
f 1861//1861 1869//1869 1862//1862
f 1862//1862 1869//1869 1870//1870
f 1862//1862 1870//1870 1863//1863
f 1863//1863 1870//1870 1871//1871
f 1863//1863 1871//1871 1864//1864
f 1864//1864 1871//1871 1872//1872
f 1864//1864 1872//1872 1865//1865
f 1865//1865 1872//1872 1873//1873
f 1865//1865 1873//1873 1866//1866
f 1866//1866 1873//1873 1874//1874
f 1866//1866 1874//1874 1867//1867
f 1867//1867 1874//1874 1875//1875
f 1867//1867 1875//1875 1868//1868
f 1868//1868 1875//1875 1876//1876
f 1868//1868 1876//1876 1828//1828
f 1869//1869 1819//1819 1877//1877
f 1869//1869 1877//1877 1870//1870
f 1870//1870 1877//1877 1878//1878
f 1870//1870 1878//1878 1871//1871
f 1871//1871 1878//1878 1879//1879
f 1871//1871 1879//1879 1872//1872
f 1872//1872 1879//1879 1880//1880
f 1872//1872 1880//1880 1873//1873
f 1873//1873 1880//1880 1881//1881
f 1873//1873 1881//1881 1874//1874
f 1874//1874 1881//1881 1882//1882
f 1874//1874 1882//1882 1875//1875
f 1875//1875 1882//1882 1883//1883
f 1875//1875 1883//1883 1876//1876
f 1876//1876 1883//1883 1884//1884
f 1876//1876 1884//1884 1828//1828
f 1877//1877 1819//1819 1885//1885
f 1877//1877 1885//1885 1878//1878
f 1878//1878 1885//1885 1886//1886
f 1878//1878 1886//1886 1879//1879
f 1879//1879 1886//1886 1887//1887
f 1879//1879 1887//1887 1880//1880
f 1880//1880 1887//1887 1888//1888
f 1880//1880 1888//1888 1881//1881
f 1881//1881 1888//1888 1889//1889
f 1881//1881 1889//1889 1882//1882
f 1882//1882 1889//1889 1890//1890
f 1882//1882 1890//1890 1883//1883
f 1883//1883 1890//1890 1891//1891
f 1883//1883 1891//1891 1884//1884
f 1884//1884 1891//1891 1892//1892
f 1884//1884 1892//1892 1828//1828
f 1885//1885 1819//1819 1893//1893
f 1885//1885 1893//1893 1886//1886
f 1886//1886 1893//1893 1894//1894
f 1886//1886 1894//1894 1887//1887
f 1887//1887 1894//1894 1895//1895
f 1887//1887 1895//1895 1888//1888
f 1888//1888 1895//1895 1896//1896
f 1888//1888 1896//1896 1889//1889
f 1889//1889 1896//1896 1897//1897
f 1889//1889 1897//1897 1890//1890
f 1890//1890 1897//1897 1898//1898
f 1890//1890 1898//1898 1891//1891
f 1891//1891 1898//1898 1899//1899
f 1891//1891 1899//1899 1892//1892
f 1892//1892 1899//1899 1900//1900
f 1892//1892 1900//1900 1828//1828
f 1893//1893 1819//1819 1820//1820
f 1893//1893 1820//1820 1894//1894
f 1894//1894 1820//1820 1821//1821
f 1894//1894 1821//1821 1895//1895
f 1895//1895 1821//1821 1822//1822
f 1895//1895 1822//1822 1896//1896
f 1896//1896 1822//1822 1823//1823
f 1896//1896 1823//1823 1897//1897
f 1897//1897 1823//1823 1824//1824
f 1897//1897 1824//1824 1898//1898
f 1898//1898 1824//1824 1825//1825
f 1898//1898 1825//1825 1899//1899
f 1899//1899 1825//1825 1826//1826
f 1899//1899 1826//1826 1900//1900
f 1900//1900 1826//1826 1827//1827
f 1900//1900 1827//1827 1828//1828
f 1902//1902 1901//1901 1911//1911
f 1902//1902 1911//1911 1903//1903
f 1903//1903 1911//1911 1912//1912
f 1903//1903 1912//1912 1904//1904
f 1904//1904 1912//1912 1913//1913
f 1904//1904 1913//1913 1905//1905
f 1905//1905 1913//1913 1914//1914
f 1905//1905 1914//1914 1906//1906
f 1906//1906 1914//1914 1915//1915
f 1906//1906 1915//1915 1907//1907
f 1907//1907 1915//1915 1916//1916
f 1907//1907 1916//1916 1908//1908
f 1908//1908 1916//1916 1917//1917
f 1908//1908 1917//1917 1909//1909
f 1909//1909 1917//1917 1918//1918
f 1909//1909 1918//1918 1910//1910
f 1911//1911 1901//1901 1919//1919
f 1911//1911 1919//1919 1912//1912
f 1912//1912 1919//1919 1920//1920
f 1912//1912 1920//1920 1913//1913
f 1913//1913 1920//1920 1921//1921
f 1913//1913 1921//1921 1914//1914
f 1914//1914 1921//1921 1922//1922
f 1914//1914 1922//1922 1915//1915
f 1915//1915 1922//1922 1923//1923
f 1915//1915 1923//1923 1916//1916
f 1916//1916 1923//1923 1924//1924
f 1916//1916 1924//1924 1917//1917
f 1917//1917 1924//1924 1925//1925
f 1917//1917 1925//1925 1918//1918
f 1918//1918 1925//1925 1926//1926
f 1918//1918 1926//1926 1910//1910
f 1919//1919 1901//1901 1927//1927
f 1919//1919 1927//1927 1920//1920
f 1920//1920 1927//1927 1928//1928
f 1920//1920 1928//1928 1921//1921
f 1921//1921 1928//1928 1929//1929
f 1921//1921 1929//1929 1922//1922
f 1922//1922 1929//1929 1930//1930
f 1922//1922 1930//1930 1923//1923
f 1923//1923 1930//1930 1931//1931
f 1923//1923 1931//1931 1924//1924
f 1924//1924 1931//1931 1932//1932
f 1924//1924 1932//1932 1925//1925
f 1925//1925 1932//1932 1933//1933
f 1925//1925 1933//1933 1926//1926
f 1926//1926 1933//1933 1934//1934
f 1926//1926 1934//1934 1910//1910
f 1927//1927 1901//1901 1935//1935
f 1927//1927 1935//1935 1928//1928
f 1928//1928 1935//1935 1936//1936
f 1928//1928 1936//1936 1929//1929
f 1929//1929 1936//1936 1937//1937
f 1929//1929 1937//1937 1930//1930
f 1930//1930 1937//1937 1938//1938
f 1930//1930 1938//1938 1931//1931
f 1931//1931 1938//1938 1939//1939
f 1931//1931 1939//1939 1932//1932
f 1932//1932 1939//1939 1940//1940
f 1932//1932 1940//1940 1933//1933
f 1933//1933 1940//1940 1941//1941
f 1933//1933 1941//1941 1934//1934
f 1934//1934 1941//1941 1942//1942
f 1934//1934 1942//1942 1910//1910
f 1935//1935 1901//1901 1943//1943
f 1935//1935 1943//1943 1936//1936
f 1936//1936 1943//1943 1944//1944
f 1936//1936 1944//1944 1937//1937
f 1937//1937 1944//1944 1945//1945
f 1937//1937 1945//1945 1938//1938
f 1938//1938 1945//1945 1946//1946
f 1938//1938 1946//1946 1939//1939
f 1939//1939 1946//1946 1947//1947
f 1939//1939 1947//1947 1940//1940
f 1940//1940 1947//1947 1948//1948
f 1940//1940 1948//1948 1941//1941
f 1941//1941 1948//1948 1949//1949
f 1941//1941 1949//1949 1942//1942
f 1942//1942 1949//1949 1950//1950
f 1942//1942 1950//1950 1910//1910
f 1943//1943 1901//1901 1951//1951
f 1943//1943 1951//1951 1944//1944
f 1944//1944 1951//1951 1952//1952
f 1944//1944 1952//1952 1945//1945
f 1945//1945 1952//1952 1953//1953
f 1945//1945 1953//1953 1946//1946
f 1946//1946 1953//1953 1954//1954
f 1946//1946 1954//1954 1947//1947
f 1947//1947 1954//1954 1955//1955
f 1947//1947 1955//1955 1948//1948
f 1948//1948 1955//1955 1956//1956
f 1948//1948 1956//1956 1949//1949
f 1949//1949 1956//1956 1957//1957
f 1949//1949 1957//1957 1950//1950
f 1950//1950 1957//1957 1958//1958
f 1950//1950 1958//1958 1910//1910
f 1951//1951 1901//1901 1959//1959
f 1951//1951 1959//1959 1952//1952
f 1952//1952 1959//1959 1960//1960
f 1952//1952 1960//1960 1953//1953
f 1953//1953 1960//1960 1961//1961
f 1953//1953 1961//1961 1954//1954
f 1954//1954 1961//1961 1962//1962
f 1954//1954 1962//1962 1955//1955
f 1955//1955 1962//1962 1963//1963
f 1955//1955 1963//1963 1956//1956
f 1956//1956 1963//1963 1964//1964
f 1956//1956 1964//1964 1957//1957
f 1957//1957 1964//1964 1965//1965
f 1957//1957 1965//1965 1958//1958
f 1958//1958 1965//1965 1966//1966
f 1958//1958 1966//1966 1910//1910
f 1959//1959 1901//1901 1967//1967
f 1959//1959 1967//1967 1960//1960
f 1960//1960 1967//1967 1968//1968
f 1960//1960 1968//1968 1961//1961
f 1961//1961 1968//1968 1969//1969
f 1961//1961 1969//1969 1962//1962
f 1962//1962 1969//1969 1970//1970
f 1962//1962 1970//1970 1963//1963
f 1963//1963 1970//1970 1971//1971
f 1963//1963 1971//1971 1964//1964
f 1964//1964 1971//1971 1972//1972
f 1964//1964 1972//1972 1965//1965
f 1965//1965 1972//1972 1973//1973
f 1965//1965 1973//1973 1966//1966
f 1966//1966 1973//1973 1974//1974
f 1966//1966 1974//1974 1910//1910
f 1967//1967 1901//1901 1975//1975
f 1967//1967 1975//1975 1968//1968
f 1968//1968 1975//1975 1976//1976
f 1968//1968 1976//1976 1969//1969
f 1969//1969 1976//1976 1977//1977
f 1969//1969 1977//1977 1970//1970
f 1970//1970 1977//1977 1978//1978
f 1970//1970 1978//1978 1971//1971
f 1971//1971 1978//1978 1979//1979
f 1971//1971 1979//1979 1972//1972
f 1972//1972 1979//1979 1980//1980
f 1972//1972 1980//1980 1973//1973
f 1973//1973 1980//1980 1981//1981
f 1973//1973 1981//1981 1974//1974
f 1974//1974 1981//1981 1982//1982
f 1974//1974 1982//1982 1910//1910
f 1975//1975 1901//1901 1902//1902
f 1975//1975 1902//1902 1976//1976
f 1976//1976 1902//1902 1903//1903
f 1976//1976 1903//1903 1977//1977
f 1977//1977 1903//1903 1904//1904
f 1977//1977 1904//1904 1978//1978
f 1978//1978 1904//1904 1905//1905
f 1978//1978 1905//1905 1979//1979
f 1979//1979 1905//1905 1906//1906
f 1979//1979 1906//1906 1980//1980
f 1980//1980 1906//1906 1907//1907
f 1980//1980 1907//1907 1981//1981
f 1981//1981 1907//1907 1908//1908
f 1981//1981 1908//1908 1982//1982
f 1982//1982 1908//1908 1909//1909
f 1982//1982 1909//1909 1910//1910
f 1984//1984 1983//1983 1993//1993
f 1984//1984 1993//1993 1985//1985
f 1985//1985 1993//1993 1994//1994
f 1985//1985 1994//1994 1986//1986
f 1986//1986 1994//1994 1995//1995
f 1986//1986 1995//1995 1987//1987
f 1987//1987 1995//1995 1996//1996
f 1987//1987 1996//1996 1988//1988
f 1988//1988 1996//1996 1997//1997
f 1988//1988 1997//1997 1989//1989
f 1989//1989 1997//1997 1998//1998
f 1989//1989 1998//1998 1990//1990
f 1990//1990 1998//1998 1999//1999
f 1990//1990 1999//1999 1991//1991
f 1991//1991 1999//1999 2000//2000
f 1991//1991 2000//2000 1992//1992
f 1993//1993 1983//1983 2001//2001
f 1993//1993 2001//2001 1994//1994
f 1994//1994 2001//2001 2002//2002
f 1994//1994 2002//2002 1995//1995
f 1995//1995 2002//2002 2003//2003
f 1995//1995 2003//2003 1996//1996
f 1996//1996 2003//2003 2004//2004
f 1996//1996 2004//2004 1997//1997
f 1997//1997 2004//2004 2005//2005
f 1997//1997 2005//2005 1998//1998
f 1998//1998 2005//2005 2006//2006
f 1998//1998 2006//2006 1999//1999
f 1999//1999 2006//2006 2007//2007
f 1999//1999 2007//2007 2000//2000
f 2000//2000 2007//2007 2008//2008
f 2000//2000 2008//2008 1992//1992
f 2001//2001 1983//1983 2009//2009
f 2001//2001 2009//2009 2002//2002
f 2002//2002 2009//2009 2010//2010
f 2002//2002 2010//2010 2003//2003
f 2003//2003 2010//2010 2011//2011
f 2003//2003 2011//2011 2004//2004
f 2004//2004 2011//2011 2012//2012
f 2004//2004 2012//2012 2005//2005
f 2005//2005 2012//2012 2013//2013
f 2005//2005 2013//2013 2006//2006
f 2006//2006 2013//2013 2014//2014
f 2006//2006 2014//2014 2007//2007
f 2007//2007 2014//2014 2015//2015
f 2007//2007 2015//2015 2008//2008
f 2008//2008 2015//2015 2016//2016
f 2008//2008 2016//2016 1992//1992
f 2009//2009 1983//1983 2017//2017
f 2009//2009 2017//2017 2010//2010
f 2010//2010 2017//2017 2018//2018
f 2010//2010 2018//2018 2011//2011
f 2011//2011 2018//2018 2019//2019
f 2011//2011 2019//2019 2012//2012
f 2012//2012 2019//2019 2020//2020
f 2012//2012 2020//2020 2013//2013
f 2013//2013 2020//2020 2021//2021
f 2013//2013 2021//2021 2014//2014
f 2014//2014 2021//2021 2022//2022
f 2014//2014 2022//2022 2015//2015
f 2015//2015 2022//2022 2023//2023
f 2015//2015 2023//2023 2016//2016
f 2016//2016 2023//2023 2024//2024
f 2016//2016 2024//2024 1992//1992
f 2017//2017 1983//1983 2025//2025
f 2017//2017 2025//2025 2018//2018
f 2018//2018 2025//2025 2026//2026
f 2018//2018 2026//2026 2019//2019
f 2019//2019 2026//2026 2027//2027
f 2019//2019 2027//2027 2020//2020
f 2020//2020 2027//2027 2028//2028
f 2020//2020 2028//2028 2021//2021
f 2021//2021 2028//2028 2029//2029
f 2021//2021 2029//2029 2022//2022
f 2022//2022 2029//2029 2030//2030
f 2022//2022 2030//2030 2023//2023
f 2023//2023 2030//2030 2031//2031
f 2023//2023 2031//2031 2024//2024
f 2024//2024 2031//2031 2032//2032
f 2024//2024 2032//2032 1992//1992
f 2025//2025 1983//1983 2033//2033
f 2025//2025 2033//2033 2026//2026
f 2026//2026 2033//2033 2034//2034
f 2026//2026 2034//2034 2027//2027
f 2027//2027 2034//2034 2035//2035
f 2027//2027 2035//2035 2028//2028
f 2028//2028 2035//2035 2036//2036
f 2028//2028 2036//2036 2029//2029
f 2029//2029 2036//2036 2037//2037
f 2029//2029 2037//2037 2030//2030
f 2030//2030 2037//2037 2038//2038
f 2030//2030 2038//2038 2031//2031
f 2031//2031 2038//2038 2039//2039
f 2031//2031 2039//2039 2032//2032
f 2032//2032 2039//2039 2040//2040
f 2032//2032 2040//2040 1992//1992
f 2033//2033 1983//1983 2041//2041
f 2033//2033 2041//2041 2034//2034
f 2034//2034 2041//2041 2042//2042
f 2034//2034 2042//2042 2035//2035
f 2035//2035 2042//2042 2043//2043
f 2035//2035 2043//2043 2036//2036
f 2036//2036 2043//2043 2044//2044
f 2036//2036 2044//2044 2037//2037
f 2037//2037 2044//2044 2045//2045
f 2037//2037 2045//2045 2038//2038
f 2038//2038 2045//2045 2046//2046
f 2038//2038 2046//2046 2039//2039
f 2039//2039 2046//2046 2047//2047
f 2039//2039 2047//2047 2040//2040
f 2040//2040 2047//2047 2048//2048
f 2040//2040 2048//2048 1992//1992
f 2041//2041 1983//1983 2049//2049
f 2041//2041 2049//2049 2042//2042
f 2042//2042 2049//2049 2050//2050
f 2042//2042 2050//2050 2043//2043
f 2043//2043 2050//2050 2051//2051
f 2043//2043 2051//2051 2044//2044
f 2044//2044 2051//2051 2052//2052
f 2044//2044 2052//2052 2045//2045
f 2045//2045 2052//2052 2053//2053
f 2045//2045 2053//2053 2046//2046
f 2046//2046 2053//2053 2054//2054
f 2046//2046 2054//2054 2047//2047
f 2047//2047 2054//2054 2055//2055
f 2047//2047 2055//2055 2048//2048
f 2048//2048 2055//2055 2056//2056
f 2048//2048 2056//2056 1992//1992
f 2049//2049 1983//1983 2057//2057
f 2049//2049 2057//2057 2050//2050
f 2050//2050 2057//2057 2058//2058
f 2050//2050 2058//2058 2051//2051
f 2051//2051 2058//2058 2059//2059
f 2051//2051 2059//2059 2052//2052
f 2052//2052 2059//2059 2060//2060
f 2052//2052 2060//2060 2053//2053
f 2053//2053 2060//2060 2061//2061
f 2053//2053 2061//2061 2054//2054
f 2054//2054 2061//2061 2062//2062
f 2054//2054 2062//2062 2055//2055
f 2055//2055 2062//2062 2063//2063
f 2055//2055 2063//2063 2056//2056
f 2056//2056 2063//2063 2064//2064
f 2056//2056 2064//2064 1992//1992
f 2057//2057 1983//1983 1984//1984
f 2057//2057 1984//1984 2058//2058
f 2058//2058 1984//1984 1985//1985
f 2058//2058 1985//1985 2059//2059
f 2059//2059 1985//1985 1986//1986
f 2059//2059 1986//1986 2060//2060
f 2060//2060 1986//1986 1987//1987
f 2060//2060 1987//1987 2061//2061
f 2061//2061 1987//1987 1988//1988
f 2061//2061 1988//1988 2062//2062
f 2062//2062 1988//1988 1989//1989
f 2062//2062 1989//1989 2063//2063
f 2063//2063 1989//1989 1990//1990
f 2063//2063 1990//1990 2064//2064
f 2064//2064 1990//1990 1991//1991
f 2064//2064 1991//1991 1992//1992
f 2066//2066 2065//2065 2075//2075
f 2066//2066 2075//2075 2067//2067
f 2067//2067 2075//2075 2076//2076
f 2067//2067 2076//2076 2068//2068
f 2068//2068 2076//2076 2077//2077
f 2068//2068 2077//2077 2069//2069
f 2069//2069 2077//2077 2078//2078
f 2069//2069 2078//2078 2070//2070
f 2070//2070 2078//2078 2079//2079
f 2070//2070 2079//2079 2071//2071
f 2071//2071 2079//2079 2080//2080
f 2071//2071 2080//2080 2072//2072
f 2072//2072 2080//2080 2081//2081
f 2072//2072 2081//2081 2073//2073
f 2073//2073 2081//2081 2082//2082
f 2073//2073 2082//2082 2074//2074
f 2075//2075 2065//2065 2083//2083
f 2075//2075 2083//2083 2076//2076
f 2076//2076 2083//2083 2084//2084
f 2076//2076 2084//2084 2077//2077
f 2077//2077 2084//2084 2085//2085
f 2077//2077 2085//2085 2078//2078
f 2078//2078 2085//2085 2086//2086
f 2078//2078 2086//2086 2079//2079
f 2079//2079 2086//2086 2087//2087
f 2079//2079 2087//2087 2080//2080
f 2080//2080 2087//2087 2088//2088
f 2080//2080 2088//2088 2081//2081
f 2081//2081 2088//2088 2089//2089
f 2081//2081 2089//2089 2082//2082
f 2082//2082 2089//2089 2090//2090
f 2082//2082 2090//2090 2074//2074
f 2083//2083 2065//2065 2091//2091
f 2083//2083 2091//2091 2084//2084
f 2084//2084 2091//2091 2092//2092
f 2084//2084 2092//2092 2085//2085
f 2085//2085 2092//2092 2093//2093
f 2085//2085 2093//2093 2086//2086
f 2086//2086 2093//2093 2094//2094
f 2086//2086 2094//2094 2087//2087
f 2087//2087 2094//2094 2095//2095
f 2087//2087 2095//2095 2088//2088
f 2088//2088 2095//2095 2096//2096
f 2088//2088 2096//2096 2089//2089
f 2089//2089 2096//2096 2097//2097
f 2089//2089 2097//2097 2090//2090
f 2090//2090 2097//2097 2098//2098
f 2090//2090 2098//2098 2074//2074
f 2091//2091 2065//2065 2099//2099
f 2091//2091 2099//2099 2092//2092
f 2092//2092 2099//2099 2100//2100
f 2092//2092 2100//2100 2093//2093
f 2093//2093 2100//2100 2101//2101
f 2093//2093 2101//2101 2094//2094
f 2094//2094 2101//2101 2102//2102
f 2094//2094 2102//2102 2095//2095
f 2095//2095 2102//2102 2103//2103
f 2095//2095 2103//2103 2096//2096
f 2096//2096 2103//2103 2104//2104
f 2096//2096 2104//2104 2097//2097
f 2097//2097 2104//2104 2105//2105
f 2097//2097 2105//2105 2098//2098
f 2098//2098 2105//2105 2106//2106
f 2098//2098 2106//2106 2074//2074
f 2099//2099 2065//2065 2107//2107
f 2099//2099 2107//2107 2100//2100
f 2100//2100 2107//2107 2108//2108
f 2100//2100 2108//2108 2101//2101
f 2101//2101 2108//2108 2109//2109
f 2101//2101 2109//2109 2102//2102
f 2102//2102 2109//2109 2110//2110
f 2102//2102 2110//2110 2103//2103
f 2103//2103 2110//2110 2111//2111
f 2103//2103 2111//2111 2104//2104
f 2104//2104 2111//2111 2112//2112
f 2104//2104 2112//2112 2105//2105
f 2105//2105 2112//2112 2113//2113
f 2105//2105 2113//2113 2106//2106
f 2106//2106 2113//2113 2114//2114
f 2106//2106 2114//2114 2074//2074
f 2107//2107 2065//2065 2115//2115
f 2107//2107 2115//2115 2108//2108
f 2108//2108 2115//2115 2116//2116
f 2108//2108 2116//2116 2109//2109
f 2109//2109 2116//2116 2117//2117
f 2109//2109 2117//2117 2110//2110
f 2110//2110 2117//2117 2118//2118
f 2110//2110 2118//2118 2111//2111
f 2111//2111 2118//2118 2119//2119
f 2111//2111 2119//2119 2112//2112
f 2112//2112 2119//2119 2120//2120
f 2112//2112 2120//2120 2113//2113
f 2113//2113 2120//2120 2121//2121
f 2113//2113 2121//2121 2114//2114
f 2114//2114 2121//2121 2122//2122
f 2114//2114 2122//2122 2074//2074
f 2115//2115 2065//2065 2123//2123
f 2115//2115 2123//2123 2116//2116
f 2116//2116 2123//2123 2124//2124
f 2116//2116 2124//2124 2117//2117
f 2117//2117 2124//2124 2125//2125
f 2117//2117 2125//2125 2118//2118
f 2118//2118 2125//2125 2126//2126
f 2118//2118 2126//2126 2119//2119
f 2119//2119 2126//2126 2127//2127
f 2119//2119 2127//2127 2120//2120
f 2120//2120 2127//2127 2128//2128
f 2120//2120 2128//2128 2121//2121
f 2121//2121 2128//2128 2129//2129
f 2121//2121 2129//2129 2122//2122
f 2122//2122 2129//2129 2130//2130
f 2122//2122 2130//2130 2074//2074
f 2123//2123 2065//2065 2131//2131
f 2123//2123 2131//2131 2124//2124
f 2124//2124 2131//2131 2132//2132
f 2124//2124 2132//2132 2125//2125
f 2125//2125 2132//2132 2133//2133
f 2125//2125 2133//2133 2126//2126
f 2126//2126 2133//2133 2134//2134
f 2126//2126 2134//2134 2127//2127
f 2127//2127 2134//2134 2135//2135
f 2127//2127 2135//2135 2128//2128
f 2128//2128 2135//2135 2136//2136
f 2128//2128 2136//2136 2129//2129
f 2129//2129 2136//2136 2137//2137
f 2129//2129 2137//2137 2130//2130
f 2130//2130 2137//2137 2138//2138
f 2130//2130 2138//2138 2074//2074
f 2131//2131 2065//2065 2139//2139
f 2131//2131 2139//2139 2132//2132
f 2132//2132 2139//2139 2140//2140
f 2132//2132 2140//2140 2133//2133
f 2133//2133 2140//2140 2141//2141
f 2133//2133 2141//2141 2134//2134
f 2134//2134 2141//2141 2142//2142
f 2134//2134 2142//2142 2135//2135
f 2135//2135 2142//2142 2143//2143
f 2135//2135 2143//2143 2136//2136
f 2136//2136 2143//2143 2144//2144
f 2136//2136 2144//2144 2137//2137
f 2137//2137 2144//2144 2145//2145
f 2137//2137 2145//2145 2138//2138
f 2138//2138 2145//2145 2146//2146
f 2138//2138 2146//2146 2074//2074
f 2139//2139 2065//2065 2066//2066
f 2139//2139 2066//2066 2140//2140
f 2140//2140 2066//2066 2067//2067
f 2140//2140 2067//2067 2141//2141
f 2141//2141 2067//2067 2068//2068
f 2141//2141 2068//2068 2142//2142
f 2142//2142 2068//2068 2069//2069
f 2142//2142 2069//2069 2143//2143
f 2143//2143 2069//2069 2070//2070
f 2143//2143 2070//2070 2144//2144
f 2144//2144 2070//2070 2071//2071
f 2144//2144 2071//2071 2145//2145
f 2145//2145 2071//2071 2072//2072
f 2145//2145 2072//2072 2146//2146
f 2146//2146 2072//2072 2073//2073
f 2146//2146 2073//2073 2074//2074
f 2148//2148 2147//2147 2157//2157
f 2148//2148 2157//2157 2149//2149
f 2149//2149 2157//2157 2158//2158
f 2149//2149 2158//2158 2150//2150
f 2150//2150 2158//2158 2159//2159
f 2150//2150 2159//2159 2151//2151
f 2151//2151 2159//2159 2160//2160
f 2151//2151 2160//2160 2152//2152
f 2152//2152 2160//2160 2161//2161
f 2152//2152 2161//2161 2153//2153
f 2153//2153 2161//2161 2162//2162
f 2153//2153 2162//2162 2154//2154
f 2154//2154 2162//2162 2163//2163
f 2154//2154 2163//2163 2155//2155
f 2155//2155 2163//2163 2164//2164
f 2155//2155 2164//2164 2156//2156
f 2157//2157 2147//2147 2165//2165
f 2157//2157 2165//2165 2158//2158
f 2158//2158 2165//2165 2166//2166
f 2158//2158 2166//2166 2159//2159
f 2159//2159 2166//2166 2167//2167
f 2159//2159 2167//2167 2160//2160
f 2160//2160 2167//2167 2168//2168
f 2160//2160 2168//2168 2161//2161
f 2161//2161 2168//2168 2169//2169
f 2161//2161 2169//2169 2162//2162
f 2162//2162 2169//2169 2170//2170
f 2162//2162 2170//2170 2163//2163
f 2163//2163 2170//2170 2171//2171
f 2163//2163 2171//2171 2164//2164
f 2164//2164 2171//2171 2172//2172
f 2164//2164 2172//2172 2156//2156
f 2165//2165 2147//2147 2173//2173
f 2165//2165 2173//2173 2166//2166
f 2166//2166 2173//2173 2174//2174
f 2166//2166 2174//2174 2167//2167
f 2167//2167 2174//2174 2175//2175
f 2167//2167 2175//2175 2168//2168
f 2168//2168 2175//2175 2176//2176
f 2168//2168 2176//2176 2169//2169
f 2169//2169 2176//2176 2177//2177
f 2169//2169 2177//2177 2170//2170
f 2170//2170 2177//2177 2178//2178
f 2170//2170 2178//2178 2171//2171
f 2171//2171 2178//2178 2179//2179
f 2171//2171 2179//2179 2172//2172
f 2172//2172 2179//2179 2180//2180
f 2172//2172 2180//2180 2156//2156
f 2173//2173 2147//2147 2181//2181
f 2173//2173 2181//2181 2174//2174
f 2174//2174 2181//2181 2182//2182
f 2174//2174 2182//2182 2175//2175
f 2175//2175 2182//2182 2183//2183
f 2175//2175 2183//2183 2176//2176
f 2176//2176 2183//2183 2184//2184
f 2176//2176 2184//2184 2177//2177
f 2177//2177 2184//2184 2185//2185
f 2177//2177 2185//2185 2178//2178
f 2178//2178 2185//2185 2186//2186
f 2178//2178 2186//2186 2179//2179
f 2179//2179 2186//2186 2187//2187
f 2179//2179 2187//2187 2180//2180
f 2180//2180 2187//2187 2188//2188
f 2180//2180 2188//2188 2156//2156
f 2181//2181 2147//2147 2189//2189
f 2181//2181 2189//2189 2182//2182
f 2182//2182 2189//2189 2190//2190
f 2182//2182 2190//2190 2183//2183
f 2183//2183 2190//2190 2191//2191
f 2183//2183 2191//2191 2184//2184
f 2184//2184 2191//2191 2192//2192
f 2184//2184 2192//2192 2185//2185
f 2185//2185 2192//2192 2193//2193
f 2185//2185 2193//2193 2186//2186
f 2186//2186 2193//2193 2194//2194
f 2186//2186 2194//2194 2187//2187
f 2187//2187 2194//2194 2195//2195
f 2187//2187 2195//2195 2188//2188
f 2188//2188 2195//2195 2196//2196
f 2188//2188 2196//2196 2156//2156
f 2189//2189 2147//2147 2197//2197
f 2189//2189 2197//2197 2190//2190
f 2190//2190 2197//2197 2198//2198
f 2190//2190 2198//2198 2191//2191
f 2191//2191 2198//2198 2199//2199
f 2191//2191 2199//2199 2192//2192
f 2192//2192 2199//2199 2200//2200
f 2192//2192 2200//2200 2193//2193
f 2193//2193 2200//2200 2201//2201
f 2193//2193 2201//2201 2194//2194
f 2194//2194 2201//2201 2202//2202
f 2194//2194 2202//2202 2195//2195
f 2195//2195 2202//2202 2203//2203
f 2195//2195 2203//2203 2196//2196
f 2196//2196 2203//2203 2204//2204
f 2196//2196 2204//2204 2156//2156
f 2197//2197 2147//2147 2205//2205
f 2197//2197 2205//2205 2198//2198
f 2198//2198 2205//2205 2206//2206
f 2198//2198 2206//2206 2199//2199
f 2199//2199 2206//2206 2207//2207
f 2199//2199 2207//2207 2200//2200
f 2200//2200 2207//2207 2208//2208
f 2200//2200 2208//2208 2201//2201
f 2201//2201 2208//2208 2209//2209
f 2201//2201 2209//2209 2202//2202
f 2202//2202 2209//2209 2210//2210
f 2202//2202 2210//2210 2203//2203
f 2203//2203 2210//2210 2211//2211
f 2203//2203 2211//2211 2204//2204
f 2204//2204 2211//2211 2212//2212
f 2204//2204 2212//2212 2156//2156
f 2205//2205 2147//2147 2213//2213
f 2205//2205 2213//2213 2206//2206
f 2206//2206 2213//2213 2214//2214
f 2206//2206 2214//2214 2207//2207
f 2207//2207 2214//2214 2215//2215
f 2207//2207 2215//2215 2208//2208
f 2208//2208 2215//2215 2216//2216
f 2208//2208 2216//2216 2209//2209
f 2209//2209 2216//2216 2217//2217
f 2209//2209 2217//2217 2210//2210
f 2210//2210 2217//2217 2218//2218
f 2210//2210 2218//2218 2211//2211
f 2211//2211 2218//2218 2219//2219
f 2211//2211 2219//2219 2212//2212
f 2212//2212 2219//2219 2220//2220
f 2212//2212 2220//2220 2156//2156
f 2213//2213 2147//2147 2221//2221
f 2213//2213 2221//2221 2214//2214
f 2214//2214 2221//2221 2222//2222
f 2214//2214 2222//2222 2215//2215
f 2215//2215 2222//2222 2223//2223
f 2215//2215 2223//2223 2216//2216
f 2216//2216 2223//2223 2224//2224
f 2216//2216 2224//2224 2217//2217
f 2217//2217 2224//2224 2225//2225
f 2217//2217 2225//2225 2218//2218
f 2218//2218 2225//2225 2226//2226
f 2218//2218 2226//2226 2219//2219
f 2219//2219 2226//2226 2227//2227
f 2219//2219 2227//2227 2220//2220
f 2220//2220 2227//2227 2228//2228
f 2220//2220 2228//2228 2156//2156
f 2221//2221 2147//2147 2148//2148
f 2221//2221 2148//2148 2222//2222
f 2222//2222 2148//2148 2149//2149
f 2222//2222 2149//2149 2223//2223
f 2223//2223 2149//2149 2150//2150
f 2223//2223 2150//2150 2224//2224
f 2224//2224 2150//2150 2151//2151
f 2224//2224 2151//2151 2225//2225
f 2225//2225 2151//2151 2152//2152
f 2225//2225 2152//2152 2226//2226
f 2226//2226 2152//2152 2153//2153
f 2226//2226 2153//2153 2227//2227
f 2227//2227 2153//2153 2154//2154
f 2227//2227 2154//2154 2228//2228
f 2228//2228 2154//2154 2155//2155
f 2228//2228 2155//2155 2156//2156
f 2230//2230 2229//2229 2239//2239
f 2230//2230 2239//2239 2231//2231
f 2231//2231 2239//2239 2240//2240
f 2231//2231 2240//2240 2232//2232
f 2232//2232 2240//2240 2241//2241
f 2232//2232 2241//2241 2233//2233
f 2233//2233 2241//2241 2242//2242
f 2233//2233 2242//2242 2234//2234
f 2234//2234 2242//2242 2243//2243
f 2234//2234 2243//2243 2235//2235
f 2235//2235 2243//2243 2244//2244
f 2235//2235 2244//2244 2236//2236
f 2236//2236 2244//2244 2245//2245
f 2236//2236 2245//2245 2237//2237
f 2237//2237 2245//2245 2246//2246
f 2237//2237 2246//2246 2238//2238
f 2239//2239 2229//2229 2247//2247
f 2239//2239 2247//2247 2240//2240
f 2240//2240 2247//2247 2248//2248
f 2240//2240 2248//2248 2241//2241
f 2241//2241 2248//2248 2249//2249
f 2241//2241 2249//2249 2242//2242
f 2242//2242 2249//2249 2250//2250
f 2242//2242 2250//2250 2243//2243
f 2243//2243 2250//2250 2251//2251
f 2243//2243 2251//2251 2244//2244
f 2244//2244 2251//2251 2252//2252
f 2244//2244 2252//2252 2245//2245
f 2245//2245 2252//2252 2253//2253
f 2245//2245 2253//2253 2246//2246
f 2246//2246 2253//2253 2254//2254
f 2246//2246 2254//2254 2238//2238
f 2247//2247 2229//2229 2255//2255
f 2247//2247 2255//2255 2248//2248
f 2248//2248 2255//2255 2256//2256
f 2248//2248 2256//2256 2249//2249
f 2249//2249 2256//2256 2257//2257
f 2249//2249 2257//2257 2250//2250
f 2250//2250 2257//2257 2258//2258
f 2250//2250 2258//2258 2251//2251
f 2251//2251 2258//2258 2259//2259
f 2251//2251 2259//2259 2252//2252
f 2252//2252 2259//2259 2260//2260
f 2252//2252 2260//2260 2253//2253
f 2253//2253 2260//2260 2261//2261
f 2253//2253 2261//2261 2254//2254
f 2254//2254 2261//2261 2262//2262
f 2254//2254 2262//2262 2238//2238
f 2255//2255 2229//2229 2263//2263
f 2255//2255 2263//2263 2256//2256
f 2256//2256 2263//2263 2264//2264
f 2256//2256 2264//2264 2257//2257
f 2257//2257 2264//2264 2265//2265
f 2257//2257 2265//2265 2258//2258
f 2258//2258 2265//2265 2266//2266
f 2258//2258 2266//2266 2259//2259
f 2259//2259 2266//2266 2267//2267
f 2259//2259 2267//2267 2260//2260
f 2260//2260 2267//2267 2268//2268
f 2260//2260 2268//2268 2261//2261
f 2261//2261 2268//2268 2269//2269
f 2261//2261 2269//2269 2262//2262
f 2262//2262 2269//2269 2270//2270
f 2262//2262 2270//2270 2238//2238
f 2263//2263 2229//2229 2271//2271
f 2263//2263 2271//2271 2264//2264
f 2264//2264 2271//2271 2272//2272
f 2264//2264 2272//2272 2265//2265
f 2265//2265 2272//2272 2273//2273
f 2265//2265 2273//2273 2266//2266
f 2266//2266 2273//2273 2274//2274
f 2266//2266 2274//2274 2267//2267
f 2267//2267 2274//2274 2275//2275
f 2267//2267 2275//2275 2268//2268
f 2268//2268 2275//2275 2276//2276
f 2268//2268 2276//2276 2269//2269
f 2269//2269 2276//2276 2277//2277
f 2269//2269 2277//2277 2270//2270
f 2270//2270 2277//2277 2278//2278
f 2270//2270 2278//2278 2238//2238
f 2271//2271 2229//2229 2279//2279
f 2271//2271 2279//2279 2272//2272
f 2272//2272 2279//2279 2280//2280
f 2272//2272 2280//2280 2273//2273
f 2273//2273 2280//2280 2281//2281
f 2273//2273 2281//2281 2274//2274
f 2274//2274 2281//2281 2282//2282
f 2274//2274 2282//2282 2275//2275
f 2275//2275 2282//2282 2283//2283
f 2275//2275 2283//2283 2276//2276
f 2276//2276 2283//2283 2284//2284
f 2276//2276 2284//2284 2277//2277
f 2277//2277 2284//2284 2285//2285
f 2277//2277 2285//2285 2278//2278
f 2278//2278 2285//2285 2286//2286
f 2278//2278 2286//2286 2238//2238
f 2279//2279 2229//2229 2287//2287
f 2279//2279 2287//2287 2280//2280
f 2280//2280 2287//2287 2288//2288
f 2280//2280 2288//2288 2281//2281
f 2281//2281 2288//2288 2289//2289
f 2281//2281 2289//2289 2282//2282
f 2282//2282 2289//2289 2290//2290
f 2282//2282 2290//2290 2283//2283
f 2283//2283 2290//2290 2291//2291
f 2283//2283 2291//2291 2284//2284
f 2284//2284 2291//2291 2292//2292
f 2284//2284 2292//2292 2285//2285
f 2285//2285 2292//2292 2293//2293
f 2285//2285 2293//2293 2286//2286
f 2286//2286 2293//2293 2294//2294
f 2286//2286 2294//2294 2238//2238
f 2287//2287 2229//2229 2295//2295
f 2287//2287 2295//2295 2288//2288
f 2288//2288 2295//2295 2296//2296
f 2288//2288 2296//2296 2289//2289
f 2289//2289 2296//2296 2297//2297
f 2289//2289 2297//2297 2290//2290
f 2290//2290 2297//2297 2298//2298
f 2290//2290 2298//2298 2291//2291
f 2291//2291 2298//2298 2299//2299
f 2291//2291 2299//2299 2292//2292
f 2292//2292 2299//2299 2300//2300
f 2292//2292 2300//2300 2293//2293
f 2293//2293 2300//2300 2301//2301
f 2293//2293 2301//2301 2294//2294
f 2294//2294 2301//2301 2302//2302
f 2294//2294 2302//2302 2238//2238
f 2295//2295 2229//2229 2303//2303
f 2295//2295 2303//2303 2296//2296
f 2296//2296 2303//2303 2304//2304
f 2296//2296 2304//2304 2297//2297
f 2297//2297 2304//2304 2305//2305
f 2297//2297 2305//2305 2298//2298
f 2298//2298 2305//2305 2306//2306
f 2298//2298 2306//2306 2299//2299
f 2299//2299 2306//2306 2307//2307
f 2299//2299 2307//2307 2300//2300
f 2300//2300 2307//2307 2308//2308
f 2300//2300 2308//2308 2301//2301
f 2301//2301 2308//2308 2309//2309
f 2301//2301 2309//2309 2302//2302
f 2302//2302 2309//2309 2310//2310
f 2302//2302 2310//2310 2238//2238
f 2303//2303 2229//2229 2230//2230
f 2303//2303 2230//2230 2304//2304
f 2304//2304 2230//2230 2231//2231
f 2304//2304 2231//2231 2305//2305
f 2305//2305 2231//2231 2232//2232
f 2305//2305 2232//2232 2306//2306
f 2306//2306 2232//2232 2233//2233
f 2306//2306 2233//2233 2307//2307
f 2307//2307 2233//2233 2234//2234
f 2307//2307 2234//2234 2308//2308
f 2308//2308 2234//2234 2235//2235
f 2308//2308 2235//2235 2309//2309
f 2309//2309 2235//2235 2236//2236
f 2309//2309 2236//2236 2310//2310
f 2310//2310 2236//2236 2237//2237
f 2310//2310 2237//2237 2238//2238
f 2312//2312 2311//2311 2321//2321
f 2312//2312 2321//2321 2313//2313
f 2313//2313 2321//2321 2322//2322
f 2313//2313 2322//2322 2314//2314
f 2314//2314 2322//2322 2323//2323
f 2314//2314 2323//2323 2315//2315
f 2315//2315 2323//2323 2324//2324
f 2315//2315 2324//2324 2316//2316
f 2316//2316 2324//2324 2325//2325
f 2316//2316 2325//2325 2317//2317
f 2317//2317 2325//2325 2326//2326
f 2317//2317 2326//2326 2318//2318
f 2318//2318 2326//2326 2327//2327
f 2318//2318 2327//2327 2319//2319
f 2319//2319 2327//2327 2328//2328
f 2319//2319 2328//2328 2320//2320
f 2321//2321 2311//2311 2329//2329
f 2321//2321 2329//2329 2322//2322
f 2322//2322 2329//2329 2330//2330
f 2322//2322 2330//2330 2323//2323
f 2323//2323 2330//2330 2331//2331
f 2323//2323 2331//2331 2324//2324
f 2324//2324 2331//2331 2332//2332
f 2324//2324 2332//2332 2325//2325
f 2325//2325 2332//2332 2333//2333
f 2325//2325 2333//2333 2326//2326
f 2326//2326 2333//2333 2334//2334
f 2326//2326 2334//2334 2327//2327
f 2327//2327 2334//2334 2335//2335
f 2327//2327 2335//2335 2328//2328
f 2328//2328 2335//2335 2336//2336
f 2328//2328 2336//2336 2320//2320
f 2329//2329 2311//2311 2337//2337
f 2329//2329 2337//2337 2330//2330
f 2330//2330 2337//2337 2338//2338
f 2330//2330 2338//2338 2331//2331
f 2331//2331 2338//2338 2339//2339
f 2331//2331 2339//2339 2332//2332
f 2332//2332 2339//2339 2340//2340
f 2332//2332 2340//2340 2333//2333
f 2333//2333 2340//2340 2341//2341
f 2333//2333 2341//2341 2334//2334
f 2334//2334 2341//2341 2342//2342
f 2334//2334 2342//2342 2335//2335
f 2335//2335 2342//2342 2343//2343
f 2335//2335 2343//2343 2336//2336
f 2336//2336 2343//2343 2344//2344
f 2336//2336 2344//2344 2320//2320
f 2337//2337 2311//2311 2345//2345
f 2337//2337 2345//2345 2338//2338
f 2338//2338 2345//2345 2346//2346
f 2338//2338 2346//2346 2339//2339
f 2339//2339 2346//2346 2347//2347
f 2339//2339 2347//2347 2340//2340
f 2340//2340 2347//2347 2348//2348
f 2340//2340 2348//2348 2341//2341
f 2341//2341 2348//2348 2349//2349
f 2341//2341 2349//2349 2342//2342
f 2342//2342 2349//2349 2350//2350
f 2342//2342 2350//2350 2343//2343
f 2343//2343 2350//2350 2351//2351
f 2343//2343 2351//2351 2344//2344
f 2344//2344 2351//2351 2352//2352
f 2344//2344 2352//2352 2320//2320
f 2345//2345 2311//2311 2353//2353
f 2345//2345 2353//2353 2346//2346
f 2346//2346 2353//2353 2354//2354
f 2346//2346 2354//2354 2347//2347
f 2347//2347 2354//2354 2355//2355
f 2347//2347 2355//2355 2348//2348
f 2348//2348 2355//2355 2356//2356
f 2348//2348 2356//2356 2349//2349
f 2349//2349 2356//2356 2357//2357
f 2349//2349 2357//2357 2350//2350
f 2350//2350 2357//2357 2358//2358
f 2350//2350 2358//2358 2351//2351
f 2351//2351 2358//2358 2359//2359
f 2351//2351 2359//2359 2352//2352
f 2352//2352 2359//2359 2360//2360
f 2352//2352 2360//2360 2320//2320
f 2353//2353 2311//2311 2361//2361
f 2353//2353 2361//2361 2354//2354
f 2354//2354 2361//2361 2362//2362
f 2354//2354 2362//2362 2355//2355
f 2355//2355 2362//2362 2363//2363
f 2355//2355 2363//2363 2356//2356
f 2356//2356 2363//2363 2364//2364
f 2356//2356 2364//2364 2357//2357
f 2357//2357 2364//2364 2365//2365
f 2357//2357 2365//2365 2358//2358
f 2358//2358 2365//2365 2366//2366
f 2358//2358 2366//2366 2359//2359
f 2359//2359 2366//2366 2367//2367
f 2359//2359 2367//2367 2360//2360
f 2360//2360 2367//2367 2368//2368
f 2360//2360 2368//2368 2320//2320
f 2361//2361 2311//2311 2369//2369
f 2361//2361 2369//2369 2362//2362
f 2362//2362 2369//2369 2370//2370
f 2362//2362 2370//2370 2363//2363
f 2363//2363 2370//2370 2371//2371
f 2363//2363 2371//2371 2364//2364
f 2364//2364 2371//2371 2372//2372
f 2364//2364 2372//2372 2365//2365
f 2365//2365 2372//2372 2373//2373
f 2365//2365 2373//2373 2366//2366
f 2366//2366 2373//2373 2374//2374
f 2366//2366 2374//2374 2367//2367
f 2367//2367 2374//2374 2375//2375
f 2367//2367 2375//2375 2368//2368
f 2368//2368 2375//2375 2376//2376
f 2368//2368 2376//2376 2320//2320
f 2369//2369 2311//2311 2377//2377
f 2369//2369 2377//2377 2370//2370
f 2370//2370 2377//2377 2378//2378
f 2370//2370 2378//2378 2371//2371
f 2371//2371 2378//2378 2379//2379
f 2371//2371 2379//2379 2372//2372
f 2372//2372 2379//2379 2380//2380
f 2372//2372 2380//2380 2373//2373
f 2373//2373 2380//2380 2381//2381
f 2373//2373 2381//2381 2374//2374
f 2374//2374 2381//2381 2382//2382
f 2374//2374 2382//2382 2375//2375
f 2375//2375 2382//2382 2383//2383
f 2375//2375 2383//2383 2376//2376
f 2376//2376 2383//2383 2384//2384
f 2376//2376 2384//2384 2320//2320
f 2377//2377 2311//2311 2385//2385
f 2377//2377 2385//2385 2378//2378
f 2378//2378 2385//2385 2386//2386
f 2378//2378 2386//2386 2379//2379
f 2379//2379 2386//2386 2387//2387
f 2379//2379 2387//2387 2380//2380
f 2380//2380 2387//2387 2388//2388
f 2380//2380 2388//2388 2381//2381
f 2381//2381 2388//2388 2389//2389
f 2381//2381 2389//2389 2382//2382
f 2382//2382 2389//2389 2390//2390
f 2382//2382 2390//2390 2383//2383
f 2383//2383 2390//2390 2391//2391
f 2383//2383 2391//2391 2384//2384
f 2384//2384 2391//2391 2392//2392
f 2384//2384 2392//2392 2320//2320
f 2385//2385 2311//2311 2312//2312
f 2385//2385 2312//2312 2386//2386
f 2386//2386 2312//2312 2313//2313
f 2386//2386 2313//2313 2387//2387
f 2387//2387 2313//2313 2314//2314
f 2387//2387 2314//2314 2388//2388
f 2388//2388 2314//2314 2315//2315
f 2388//2388 2315//2315 2389//2389
f 2389//2389 2315//2315 2316//2316
f 2389//2389 2316//2316 2390//2390
f 2390//2390 2316//2316 2317//2317
f 2390//2390 2317//2317 2391//2391
f 2391//2391 2317//2317 2318//2318
f 2391//2391 2318//2318 2392//2392
f 2392//2392 2318//2318 2319//2319
f 2392//2392 2319//2319 2320//2320
f 2394//2394 2393//2393 2403//2403
f 2394//2394 2403//2403 2395//2395
f 2395//2395 2403//2403 2404//2404
f 2395//2395 2404//2404 2396//2396
f 2396//2396 2404//2404 2405//2405
f 2396//2396 2405//2405 2397//2397
f 2397//2397 2405//2405 2406//2406
f 2397//2397 2406//2406 2398//2398
f 2398//2398 2406//2406 2407//2407
f 2398//2398 2407//2407 2399//2399
f 2399//2399 2407//2407 2408//2408
f 2399//2399 2408//2408 2400//2400
f 2400//2400 2408//2408 2409//2409
f 2400//2400 2409//2409 2401//2401
f 2401//2401 2409//2409 2410//2410
f 2401//2401 2410//2410 2402//2402
f 2403//2403 2393//2393 2411//2411
f 2403//2403 2411//2411 2404//2404
f 2404//2404 2411//2411 2412//2412
f 2404//2404 2412//2412 2405//2405
f 2405//2405 2412//2412 2413//2413
f 2405//2405 2413//2413 2406//2406
f 2406//2406 2413//2413 2414//2414
f 2406//2406 2414//2414 2407//2407
f 2407//2407 2414//2414 2415//2415
f 2407//2407 2415//2415 2408//2408
f 2408//2408 2415//2415 2416//2416
f 2408//2408 2416//2416 2409//2409
f 2409//2409 2416//2416 2417//2417
f 2409//2409 2417//2417 2410//2410
f 2410//2410 2417//2417 2418//2418
f 2410//2410 2418//2418 2402//2402
f 2411//2411 2393//2393 2419//2419
f 2411//2411 2419//2419 2412//2412
f 2412//2412 2419//2419 2420//2420
f 2412//2412 2420//2420 2413//2413
f 2413//2413 2420//2420 2421//2421
f 2413//2413 2421//2421 2414//2414
f 2414//2414 2421//2421 2422//2422
f 2414//2414 2422//2422 2415//2415
f 2415//2415 2422//2422 2423//2423
f 2415//2415 2423//2423 2416//2416
f 2416//2416 2423//2423 2424//2424
f 2416//2416 2424//2424 2417//2417
f 2417//2417 2424//2424 2425//2425
f 2417//2417 2425//2425 2418//2418
f 2418//2418 2425//2425 2426//2426
f 2418//2418 2426//2426 2402//2402
f 2419//2419 2393//2393 2427//2427
f 2419//2419 2427//2427 2420//2420
f 2420//2420 2427//2427 2428//2428
f 2420//2420 2428//2428 2421//2421
f 2421//2421 2428//2428 2429//2429
f 2421//2421 2429//2429 2422//2422
f 2422//2422 2429//2429 2430//2430
f 2422//2422 2430//2430 2423//2423
f 2423//2423 2430//2430 2431//2431
f 2423//2423 2431//2431 2424//2424
f 2424//2424 2431//2431 2432//2432
f 2424//2424 2432//2432 2425//2425
f 2425//2425 2432//2432 2433//2433
f 2425//2425 2433//2433 2426//2426
f 2426//2426 2433//2433 2434//2434
f 2426//2426 2434//2434 2402//2402
f 2427//2427 2393//2393 2435//2435
f 2427//2427 2435//2435 2428//2428
f 2428//2428 2435//2435 2436//2436
f 2428//2428 2436//2436 2429//2429
f 2429//2429 2436//2436 2437//2437
f 2429//2429 2437//2437 2430//2430
f 2430//2430 2437//2437 2438//2438
f 2430//2430 2438//2438 2431//2431
f 2431//2431 2438//2438 2439//2439
f 2431//2431 2439//2439 2432//2432
f 2432//2432 2439//2439 2440//2440
f 2432//2432 2440//2440 2433//2433
f 2433//2433 2440//2440 2441//2441
f 2433//2433 2441//2441 2434//2434
f 2434//2434 2441//2441 2442//2442
f 2434//2434 2442//2442 2402//2402
f 2435//2435 2393//2393 2443//2443
f 2435//2435 2443//2443 2436//2436
f 2436//2436 2443//2443 2444//2444
f 2436//2436 2444//2444 2437//2437
f 2437//2437 2444//2444 2445//2445
f 2437//2437 2445//2445 2438//2438
f 2438//2438 2445//2445 2446//2446
f 2438//2438 2446//2446 2439//2439
f 2439//2439 2446//2446 2447//2447
f 2439//2439 2447//2447 2440//2440
f 2440//2440 2447//2447 2448//2448
f 2440//2440 2448//2448 2441//2441
f 2441//2441 2448//2448 2449//2449
f 2441//2441 2449//2449 2442//2442
f 2442//2442 2449//2449 2450//2450
f 2442//2442 2450//2450 2402//2402
f 2443//2443 2393//2393 2451//2451
f 2443//2443 2451//2451 2444//2444
f 2444//2444 2451//2451 2452//2452
f 2444//2444 2452//2452 2445//2445
f 2445//2445 2452//2452 2453//2453
f 2445//2445 2453//2453 2446//2446
f 2446//2446 2453//2453 2454//2454
f 2446//2446 2454//2454 2447//2447
f 2447//2447 2454//2454 2455//2455
f 2447//2447 2455//2455 2448//2448
f 2448//2448 2455//2455 2456//2456
f 2448//2448 2456//2456 2449//2449
f 2449//2449 2456//2456 2457//2457
f 2449//2449 2457//2457 2450//2450
f 2450//2450 2457//2457 2458//2458
f 2450//2450 2458//2458 2402//2402
f 2451//2451 2393//2393 2459//2459
f 2451//2451 2459//2459 2452//2452
f 2452//2452 2459//2459 2460//2460
f 2452//2452 2460//2460 2453//2453
f 2453//2453 2460//2460 2461//2461
f 2453//2453 2461//2461 2454//2454
f 2454//2454 2461//2461 2462//2462
f 2454//2454 2462//2462 2455//2455
f 2455//2455 2462//2462 2463//2463
f 2455//2455 2463//2463 2456//2456
f 2456//2456 2463//2463 2464//2464
f 2456//2456 2464//2464 2457//2457
f 2457//2457 2464//2464 2465//2465
f 2457//2457 2465//2465 2458//2458
f 2458//2458 2465//2465 2466//2466
f 2458//2458 2466//2466 2402//2402
f 2459//2459 2393//2393 2467//2467
f 2459//2459 2467//2467 2460//2460
f 2460//2460 2467//2467 2468//2468
f 2460//2460 2468//2468 2461//2461
f 2461//2461 2468//2468 2469//2469
f 2461//2461 2469//2469 2462//2462
f 2462//2462 2469//2469 2470//2470
f 2462//2462 2470//2470 2463//2463
f 2463//2463 2470//2470 2471//2471
f 2463//2463 2471//2471 2464//2464
f 2464//2464 2471//2471 2472//2472
f 2464//2464 2472//2472 2465//2465
f 2465//2465 2472//2472 2473//2473
f 2465//2465 2473//2473 2466//2466
f 2466//2466 2473//2473 2474//2474
f 2466//2466 2474//2474 2402//2402
f 2467//2467 2393//2393 2394//2394
f 2467//2467 2394//2394 2468//2468
f 2468//2468 2394//2394 2395//2395
f 2468//2468 2395//2395 2469//2469
f 2469//2469 2395//2395 2396//2396
f 2469//2469 2396//2396 2470//2470
f 2470//2470 2396//2396 2397//2397
f 2470//2470 2397//2397 2471//2471
f 2471//2471 2397//2397 2398//2398
f 2471//2471 2398//2398 2472//2472
f 2472//2472 2398//2398 2399//2399
f 2472//2472 2399//2399 2473//2473
f 2473//2473 2399//2399 2400//2400
f 2473//2473 2400//2400 2474//2474
f 2474//2474 2400//2400 2401//2401
f 2474//2474 2401//2401 2402//2402
f 2476//2476 2475//2475 2485//2485
f 2476//2476 2485//2485 2477//2477
f 2477//2477 2485//2485 2486//2486
f 2477//2477 2486//2486 2478//2478
f 2478//2478 2486//2486 2487//2487
f 2478//2478 2487//2487 2479//2479
f 2479//2479 2487//2487 2488//2488
f 2479//2479 2488//2488 2480//2480
f 2480//2480 2488//2488 2489//2489
f 2480//2480 2489//2489 2481//2481
f 2481//2481 2489//2489 2490//2490
f 2481//2481 2490//2490 2482//2482
f 2482//2482 2490//2490 2491//2491
f 2482//2482 2491//2491 2483//2483
f 2483//2483 2491//2491 2492//2492
f 2483//2483 2492//2492 2484//2484
f 2485//2485 2475//2475 2493//2493
f 2485//2485 2493//2493 2486//2486
f 2486//2486 2493//2493 2494//2494
f 2486//2486 2494//2494 2487//2487
f 2487//2487 2494//2494 2495//2495
f 2487//2487 2495//2495 2488//2488
f 2488//2488 2495//2495 2496//2496
f 2488//2488 2496//2496 2489//2489
f 2489//2489 2496//2496 2497//2497
f 2489//2489 2497//2497 2490//2490
f 2490//2490 2497//2497 2498//2498
f 2490//2490 2498//2498 2491//2491
f 2491//2491 2498//2498 2499//2499
f 2491//2491 2499//2499 2492//2492
f 2492//2492 2499//2499 2500//2500
f 2492//2492 2500//2500 2484//2484
f 2493//2493 2475//2475 2501//2501
f 2493//2493 2501//2501 2494//2494
f 2494//2494 2501//2501 2502//2502
f 2494//2494 2502//2502 2495//2495
f 2495//2495 2502//2502 2503//2503
f 2495//2495 2503//2503 2496//2496
f 2496//2496 2503//2503 2504//2504
f 2496//2496 2504//2504 2497//2497
f 2497//2497 2504//2504 2505//2505
f 2497//2497 2505//2505 2498//2498
f 2498//2498 2505//2505 2506//2506
f 2498//2498 2506//2506 2499//2499
f 2499//2499 2506//2506 2507//2507
f 2499//2499 2507//2507 2500//2500
f 2500//2500 2507//2507 2508//2508
f 2500//2500 2508//2508 2484//2484
f 2501//2501 2475//2475 2509//2509
f 2501//2501 2509//2509 2502//2502
f 2502//2502 2509//2509 2510//2510
f 2502//2502 2510//2510 2503//2503
f 2503//2503 2510//2510 2511//2511
f 2503//2503 2511//2511 2504//2504
f 2504//2504 2511//2511 2512//2512
f 2504//2504 2512//2512 2505//2505
f 2505//2505 2512//2512 2513//2513
f 2505//2505 2513//2513 2506//2506
f 2506//2506 2513//2513 2514//2514
f 2506//2506 2514//2514 2507//2507
f 2507//2507 2514//2514 2515//2515
f 2507//2507 2515//2515 2508//2508
f 2508//2508 2515//2515 2516//2516
f 2508//2508 2516//2516 2484//2484
f 2509//2509 2475//2475 2517//2517
f 2509//2509 2517//2517 2510//2510
f 2510//2510 2517//2517 2518//2518
f 2510//2510 2518//2518 2511//2511
f 2511//2511 2518//2518 2519//2519
f 2511//2511 2519//2519 2512//2512
f 2512//2512 2519//2519 2520//2520
f 2512//2512 2520//2520 2513//2513
f 2513//2513 2520//2520 2521//2521
f 2513//2513 2521//2521 2514//2514
f 2514//2514 2521//2521 2522//2522
f 2514//2514 2522//2522 2515//2515
f 2515//2515 2522//2522 2523//2523
f 2515//2515 2523//2523 2516//2516
f 2516//2516 2523//2523 2524//2524
f 2516//2516 2524//2524 2484//2484
f 2517//2517 2475//2475 2525//2525
f 2517//2517 2525//2525 2518//2518
f 2518//2518 2525//2525 2526//2526
f 2518//2518 2526//2526 2519//2519
f 2519//2519 2526//2526 2527//2527
f 2519//2519 2527//2527 2520//2520
f 2520//2520 2527//2527 2528//2528
f 2520//2520 2528//2528 2521//2521
f 2521//2521 2528//2528 2529//2529
f 2521//2521 2529//2529 2522//2522
f 2522//2522 2529//2529 2530//2530
f 2522//2522 2530//2530 2523//2523
f 2523//2523 2530//2530 2531//2531
f 2523//2523 2531//2531 2524//2524
f 2524//2524 2531//2531 2532//2532
f 2524//2524 2532//2532 2484//2484
f 2525//2525 2475//2475 2533//2533
f 2525//2525 2533//2533 2526//2526
f 2526//2526 2533//2533 2534//2534
f 2526//2526 2534//2534 2527//2527
f 2527//2527 2534//2534 2535//2535
f 2527//2527 2535//2535 2528//2528
f 2528//2528 2535//2535 2536//2536
f 2528//2528 2536//2536 2529//2529
f 2529//2529 2536//2536 2537//2537
f 2529//2529 2537//2537 2530//2530
f 2530//2530 2537//2537 2538//2538
f 2530//2530 2538//2538 2531//2531
f 2531//2531 2538//2538 2539//2539
f 2531//2531 2539//2539 2532//2532
f 2532//2532 2539//2539 2540//2540
f 2532//2532 2540//2540 2484//2484
f 2533//2533 2475//2475 2541//2541
f 2533//2533 2541//2541 2534//2534
f 2534//2534 2541//2541 2542//2542
f 2534//2534 2542//2542 2535//2535
f 2535//2535 2542//2542 2543//2543
f 2535//2535 2543//2543 2536//2536
f 2536//2536 2543//2543 2544//2544
f 2536//2536 2544//2544 2537//2537
f 2537//2537 2544//2544 2545//2545
f 2537//2537 2545//2545 2538//2538
f 2538//2538 2545//2545 2546//2546
f 2538//2538 2546//2546 2539//2539
f 2539//2539 2546//2546 2547//2547
f 2539//2539 2547//2547 2540//2540
f 2540//2540 2547//2547 2548//2548
f 2540//2540 2548//2548 2484//2484
f 2541//2541 2475//2475 2549//2549
f 2541//2541 2549//2549 2542//2542
f 2542//2542 2549//2549 2550//2550
f 2542//2542 2550//2550 2543//2543
f 2543//2543 2550//2550 2551//2551
f 2543//2543 2551//2551 2544//2544
f 2544//2544 2551//2551 2552//2552
f 2544//2544 2552//2552 2545//2545
f 2545//2545 2552//2552 2553//2553
f 2545//2545 2553//2553 2546//2546
f 2546//2546 2553//2553 2554//2554
f 2546//2546 2554//2554 2547//2547
f 2547//2547 2554//2554 2555//2555
f 2547//2547 2555//2555 2548//2548
f 2548//2548 2555//2555 2556//2556
f 2548//2548 2556//2556 2484//2484
f 2549//2549 2475//2475 2476//2476
f 2549//2549 2476//2476 2550//2550
f 2550//2550 2476//2476 2477//2477
f 2550//2550 2477//2477 2551//2551
f 2551//2551 2477//2477 2478//2478
f 2551//2551 2478//2478 2552//2552
f 2552//2552 2478//2478 2479//2479
f 2552//2552 2479//2479 2553//2553
f 2553//2553 2479//2479 2480//2480
f 2553//2553 2480//2480 2554//2554
f 2554//2554 2480//2480 2481//2481
f 2554//2554 2481//2481 2555//2555
f 2555//2555 2481//2481 2482//2482
f 2555//2555 2482//2482 2556//2556
f 2556//2556 2482//2482 2483//2483
f 2556//2556 2483//2483 2484//2484
f 2558//2558 2557//2557 2567//2567
f 2558//2558 2567//2567 2559//2559
f 2559//2559 2567//2567 2568//2568
f 2559//2559 2568//2568 2560//2560
f 2560//2560 2568//2568 2569//2569
f 2560//2560 2569//2569 2561//2561
f 2561//2561 2569//2569 2570//2570
f 2561//2561 2570//2570 2562//2562
f 2562//2562 2570//2570 2571//2571
f 2562//2562 2571//2571 2563//2563
f 2563//2563 2571//2571 2572//2572
f 2563//2563 2572//2572 2564//2564
f 2564//2564 2572//2572 2573//2573
f 2564//2564 2573//2573 2565//2565
f 2565//2565 2573//2573 2574//2574
f 2565//2565 2574//2574 2566//2566
f 2567//2567 2557//2557 2575//2575
f 2567//2567 2575//2575 2568//2568
f 2568//2568 2575//2575 2576//2576
f 2568//2568 2576//2576 2569//2569
f 2569//2569 2576//2576 2577//2577
f 2569//2569 2577//2577 2570//2570
f 2570//2570 2577//2577 2578//2578
f 2570//2570 2578//2578 2571//2571
f 2571//2571 2578//2578 2579//2579
f 2571//2571 2579//2579 2572//2572
f 2572//2572 2579//2579 2580//2580
f 2572//2572 2580//2580 2573//2573
f 2573//2573 2580//2580 2581//2581
f 2573//2573 2581//2581 2574//2574
f 2574//2574 2581//2581 2582//2582
f 2574//2574 2582//2582 2566//2566
f 2575//2575 2557//2557 2583//2583
f 2575//2575 2583//2583 2576//2576
f 2576//2576 2583//2583 2584//2584
f 2576//2576 2584//2584 2577//2577
f 2577//2577 2584//2584 2585//2585
f 2577//2577 2585//2585 2578//2578
f 2578//2578 2585//2585 2586//2586
f 2578//2578 2586//2586 2579//2579
f 2579//2579 2586//2586 2587//2587
f 2579//2579 2587//2587 2580//2580
f 2580//2580 2587//2587 2588//2588
f 2580//2580 2588//2588 2581//2581
f 2581//2581 2588//2588 2589//2589
f 2581//2581 2589//2589 2582//2582
f 2582//2582 2589//2589 2590//2590
f 2582//2582 2590//2590 2566//2566
f 2583//2583 2557//2557 2591//2591
f 2583//2583 2591//2591 2584//2584
f 2584//2584 2591//2591 2592//2592
f 2584//2584 2592//2592 2585//2585
f 2585//2585 2592//2592 2593//2593
f 2585//2585 2593//2593 2586//2586
f 2586//2586 2593//2593 2594//2594
f 2586//2586 2594//2594 2587//2587
f 2587//2587 2594//2594 2595//2595
f 2587//2587 2595//2595 2588//2588
f 2588//2588 2595//2595 2596//2596
f 2588//2588 2596//2596 2589//2589
f 2589//2589 2596//2596 2597//2597
f 2589//2589 2597//2597 2590//2590
f 2590//2590 2597//2597 2598//2598
f 2590//2590 2598//2598 2566//2566
f 2591//2591 2557//2557 2599//2599
f 2591//2591 2599//2599 2592//2592
f 2592//2592 2599//2599 2600//2600
f 2592//2592 2600//2600 2593//2593
f 2593//2593 2600//2600 2601//2601
f 2593//2593 2601//2601 2594//2594
f 2594//2594 2601//2601 2602//2602
f 2594//2594 2602//2602 2595//2595
f 2595//2595 2602//2602 2603//2603
f 2595//2595 2603//2603 2596//2596
f 2596//2596 2603//2603 2604//2604
f 2596//2596 2604//2604 2597//2597
f 2597//2597 2604//2604 2605//2605
f 2597//2597 2605//2605 2598//2598
f 2598//2598 2605//2605 2606//2606
f 2598//2598 2606//2606 2566//2566
f 2599//2599 2557//2557 2607//2607
f 2599//2599 2607//2607 2600//2600
f 2600//2600 2607//2607 2608//2608
f 2600//2600 2608//2608 2601//2601
f 2601//2601 2608//2608 2609//2609
f 2601//2601 2609//2609 2602//2602
f 2602//2602 2609//2609 2610//2610
f 2602//2602 2610//2610 2603//2603
f 2603//2603 2610//2610 2611//2611
f 2603//2603 2611//2611 2604//2604
f 2604//2604 2611//2611 2612//2612
f 2604//2604 2612//2612 2605//2605
f 2605//2605 2612//2612 2613//2613
f 2605//2605 2613//2613 2606//2606
f 2606//2606 2613//2613 2614//2614
f 2606//2606 2614//2614 2566//2566
f 2607//2607 2557//2557 2615//2615
f 2607//2607 2615//2615 2608//2608
f 2608//2608 2615//2615 2616//2616
f 2608//2608 2616//2616 2609//2609
f 2609//2609 2616//2616 2617//2617
f 2609//2609 2617//2617 2610//2610
f 2610//2610 2617//2617 2618//2618
f 2610//2610 2618//2618 2611//2611
f 2611//2611 2618//2618 2619//2619
f 2611//2611 2619//2619 2612//2612
f 2612//2612 2619//2619 2620//2620
f 2612//2612 2620//2620 2613//2613
f 2613//2613 2620//2620 2621//2621
f 2613//2613 2621//2621 2614//2614
f 2614//2614 2621//2621 2622//2622
f 2614//2614 2622//2622 2566//2566
f 2615//2615 2557//2557 2623//2623
f 2615//2615 2623//2623 2616//2616
f 2616//2616 2623//2623 2624//2624
f 2616//2616 2624//2624 2617//2617
f 2617//2617 2624//2624 2625//2625
f 2617//2617 2625//2625 2618//2618
f 2618//2618 2625//2625 2626//2626
f 2618//2618 2626//2626 2619//2619
f 2619//2619 2626//2626 2627//2627
f 2619//2619 2627//2627 2620//2620
f 2620//2620 2627//2627 2628//2628
f 2620//2620 2628//2628 2621//2621
f 2621//2621 2628//2628 2629//2629
f 2621//2621 2629//2629 2622//2622
f 2622//2622 2629//2629 2630//2630
f 2622//2622 2630//2630 2566//2566
f 2623//2623 2557//2557 2631//2631
f 2623//2623 2631//2631 2624//2624
f 2624//2624 2631//2631 2632//2632
f 2624//2624 2632//2632 2625//2625
f 2625//2625 2632//2632 2633//2633
f 2625//2625 2633//2633 2626//2626
f 2626//2626 2633//2633 2634//2634
f 2626//2626 2634//2634 2627//2627
f 2627//2627 2634//2634 2635//2635
f 2627//2627 2635//2635 2628//2628
f 2628//2628 2635//2635 2636//2636
f 2628//2628 2636//2636 2629//2629
f 2629//2629 2636//2636 2637//2637
f 2629//2629 2637//2637 2630//2630
f 2630//2630 2637//2637 2638//2638
f 2630//2630 2638//2638 2566//2566
f 2631//2631 2557//2557 2558//2558
f 2631//2631 2558//2558 2632//2632
f 2632//2632 2558//2558 2559//2559
f 2632//2632 2559//2559 2633//2633
f 2633//2633 2559//2559 2560//2560
f 2633//2633 2560//2560 2634//2634
f 2634//2634 2560//2560 2561//2561
f 2634//2634 2561//2561 2635//2635
f 2635//2635 2561//2561 2562//2562
f 2635//2635 2562//2562 2636//2636
f 2636//2636 2562//2562 2563//2563
f 2636//2636 2563//2563 2637//2637
f 2637//2637 2563//2563 2564//2564
f 2637//2637 2564//2564 2638//2638
f 2638//2638 2564//2564 2565//2565
f 2638//2638 2565//2565 2566//2566
f 2640//2640 2639//2639 2649//2649
f 2640//2640 2649//2649 2641//2641
f 2641//2641 2649//2649 2650//2650
f 2641//2641 2650//2650 2642//2642
f 2642//2642 2650//2650 2651//2651
f 2642//2642 2651//2651 2643//2643
f 2643//2643 2651//2651 2652//2652
f 2643//2643 2652//2652 2644//2644
f 2644//2644 2652//2652 2653//2653
f 2644//2644 2653//2653 2645//2645
f 2645//2645 2653//2653 2654//2654
f 2645//2645 2654//2654 2646//2646
f 2646//2646 2654//2654 2655//2655
f 2646//2646 2655//2655 2647//2647
f 2647//2647 2655//2655 2656//2656
f 2647//2647 2656//2656 2648//2648
f 2649//2649 2639//2639 2657//2657
f 2649//2649 2657//2657 2650//2650
f 2650//2650 2657//2657 2658//2658
f 2650//2650 2658//2658 2651//2651
f 2651//2651 2658//2658 2659//2659
f 2651//2651 2659//2659 2652//2652
f 2652//2652 2659//2659 2660//2660
f 2652//2652 2660//2660 2653//2653
f 2653//2653 2660//2660 2661//2661
f 2653//2653 2661//2661 2654//2654
f 2654//2654 2661//2661 2662//2662
f 2654//2654 2662//2662 2655//2655
f 2655//2655 2662//2662 2663//2663
f 2655//2655 2663//2663 2656//2656
f 2656//2656 2663//2663 2664//2664
f 2656//2656 2664//2664 2648//2648
f 2657//2657 2639//2639 2665//2665
f 2657//2657 2665//2665 2658//2658
f 2658//2658 2665//2665 2666//2666
f 2658//2658 2666//2666 2659//2659
f 2659//2659 2666//2666 2667//2667
f 2659//2659 2667//2667 2660//2660
f 2660//2660 2667//2667 2668//2668
f 2660//2660 2668//2668 2661//2661
f 2661//2661 2668//2668 2669//2669
f 2661//2661 2669//2669 2662//2662
f 2662//2662 2669//2669 2670//2670
f 2662//2662 2670//2670 2663//2663
f 2663//2663 2670//2670 2671//2671
f 2663//2663 2671//2671 2664//2664
f 2664//2664 2671//2671 2672//2672
f 2664//2664 2672//2672 2648//2648
f 2665//2665 2639//2639 2673//2673
f 2665//2665 2673//2673 2666//2666
f 2666//2666 2673//2673 2674//2674
f 2666//2666 2674//2674 2667//2667
f 2667//2667 2674//2674 2675//2675
f 2667//2667 2675//2675 2668//2668
f 2668//2668 2675//2675 2676//2676
f 2668//2668 2676//2676 2669//2669
f 2669//2669 2676//2676 2677//2677
f 2669//2669 2677//2677 2670//2670
f 2670//2670 2677//2677 2678//2678
f 2670//2670 2678//2678 2671//2671
f 2671//2671 2678//2678 2679//2679
f 2671//2671 2679//2679 2672//2672
f 2672//2672 2679//2679 2680//2680
f 2672//2672 2680//2680 2648//2648
f 2673//2673 2639//2639 2681//2681
f 2673//2673 2681//2681 2674//2674
f 2674//2674 2681//2681 2682//2682
f 2674//2674 2682//2682 2675//2675
f 2675//2675 2682//2682 2683//2683
f 2675//2675 2683//2683 2676//2676
f 2676//2676 2683//2683 2684//2684
f 2676//2676 2684//2684 2677//2677
f 2677//2677 2684//2684 2685//2685
f 2677//2677 2685//2685 2678//2678
f 2678//2678 2685//2685 2686//2686
f 2678//2678 2686//2686 2679//2679
f 2679//2679 2686//2686 2687//2687
f 2679//2679 2687//2687 2680//2680
f 2680//2680 2687//2687 2688//2688
f 2680//2680 2688//2688 2648//2648
f 2681//2681 2639//2639 2689//2689
f 2681//2681 2689//2689 2682//2682
f 2682//2682 2689//2689 2690//2690
f 2682//2682 2690//2690 2683//2683
f 2683//2683 2690//2690 2691//2691
f 2683//2683 2691//2691 2684//2684
f 2684//2684 2691//2691 2692//2692
f 2684//2684 2692//2692 2685//2685
f 2685//2685 2692//2692 2693//2693
f 2685//2685 2693//2693 2686//2686
f 2686//2686 2693//2693 2694//2694
f 2686//2686 2694//2694 2687//2687
f 2687//2687 2694//2694 2695//2695
f 2687//2687 2695//2695 2688//2688
f 2688//2688 2695//2695 2696//2696
f 2688//2688 2696//2696 2648//2648
f 2689//2689 2639//2639 2697//2697
f 2689//2689 2697//2697 2690//2690
f 2690//2690 2697//2697 2698//2698
f 2690//2690 2698//2698 2691//2691
f 2691//2691 2698//2698 2699//2699
f 2691//2691 2699//2699 2692//2692
f 2692//2692 2699//2699 2700//2700
f 2692//2692 2700//2700 2693//2693
f 2693//2693 2700//2700 2701//2701
f 2693//2693 2701//2701 2694//2694
f 2694//2694 2701//2701 2702//2702
f 2694//2694 2702//2702 2695//2695
f 2695//2695 2702//2702 2703//2703
f 2695//2695 2703//2703 2696//2696
f 2696//2696 2703//2703 2704//2704
f 2696//2696 2704//2704 2648//2648
f 2697//2697 2639//2639 2705//2705
f 2697//2697 2705//2705 2698//2698
f 2698//2698 2705//2705 2706//2706
f 2698//2698 2706//2706 2699//2699
f 2699//2699 2706//2706 2707//2707
f 2699//2699 2707//2707 2700//2700
f 2700//2700 2707//2707 2708//2708
f 2700//2700 2708//2708 2701//2701
f 2701//2701 2708//2708 2709//2709
f 2701//2701 2709//2709 2702//2702
f 2702//2702 2709//2709 2710//2710
f 2702//2702 2710//2710 2703//2703
f 2703//2703 2710//2710 2711//2711
f 2703//2703 2711//2711 2704//2704
f 2704//2704 2711//2711 2712//2712
f 2704//2704 2712//2712 2648//2648
f 2705//2705 2639//2639 2713//2713
f 2705//2705 2713//2713 2706//2706
f 2706//2706 2713//2713 2714//2714
f 2706//2706 2714//2714 2707//2707
f 2707//2707 2714//2714 2715//2715
f 2707//2707 2715//2715 2708//2708
f 2708//2708 2715//2715 2716//2716
f 2708//2708 2716//2716 2709//2709
f 2709//2709 2716//2716 2717//2717
f 2709//2709 2717//2717 2710//2710
f 2710//2710 2717//2717 2718//2718
f 2710//2710 2718//2718 2711//2711
f 2711//2711 2718//2718 2719//2719
f 2711//2711 2719//2719 2712//2712
f 2712//2712 2719//2719 2720//2720
f 2712//2712 2720//2720 2648//2648
f 2713//2713 2639//2639 2640//2640
f 2713//2713 2640//2640 2714//2714
f 2714//2714 2640//2640 2641//2641
f 2714//2714 2641//2641 2715//2715
f 2715//2715 2641//2641 2642//2642
f 2715//2715 2642//2642 2716//2716
f 2716//2716 2642//2642 2643//2643
f 2716//2716 2643//2643 2717//2717
f 2717//2717 2643//2643 2644//2644
f 2717//2717 2644//2644 2718//2718
f 2718//2718 2644//2644 2645//2645
f 2718//2718 2645//2645 2719//2719
f 2719//2719 2645//2645 2646//2646
f 2719//2719 2646//2646 2720//2720
f 2720//2720 2646//2646 2647//2647
f 2720//2720 2647//2647 2648//2648
f 2722//2722 2721//2721 2731//2731
f 2722//2722 2731//2731 2723//2723
f 2723//2723 2731//2731 2732//2732
f 2723//2723 2732//2732 2724//2724
f 2724//2724 2732//2732 2733//2733
f 2724//2724 2733//2733 2725//2725
f 2725//2725 2733//2733 2734//2734
f 2725//2725 2734//2734 2726//2726
f 2726//2726 2734//2734 2735//2735
f 2726//2726 2735//2735 2727//2727
f 2727//2727 2735//2735 2736//2736
f 2727//2727 2736//2736 2728//2728
f 2728//2728 2736//2736 2737//2737
f 2728//2728 2737//2737 2729//2729
f 2729//2729 2737//2737 2738//2738
f 2729//2729 2738//2738 2730//2730
f 2731//2731 2721//2721 2739//2739
f 2731//2731 2739//2739 2732//2732
f 2732//2732 2739//2739 2740//2740
f 2732//2732 2740//2740 2733//2733
f 2733//2733 2740//2740 2741//2741
f 2733//2733 2741//2741 2734//2734
f 2734//2734 2741//2741 2742//2742
f 2734//2734 2742//2742 2735//2735
f 2735//2735 2742//2742 2743//2743
f 2735//2735 2743//2743 2736//2736
f 2736//2736 2743//2743 2744//2744
f 2736//2736 2744//2744 2737//2737
f 2737//2737 2744//2744 2745//2745
f 2737//2737 2745//2745 2738//2738
f 2738//2738 2745//2745 2746//2746
f 2738//2738 2746//2746 2730//2730
f 2739//2739 2721//2721 2747//2747
f 2739//2739 2747//2747 2740//2740
f 2740//2740 2747//2747 2748//2748
f 2740//2740 2748//2748 2741//2741
f 2741//2741 2748//2748 2749//2749
f 2741//2741 2749//2749 2742//2742
f 2742//2742 2749//2749 2750//2750
f 2742//2742 2750//2750 2743//2743
f 2743//2743 2750//2750 2751//2751
f 2743//2743 2751//2751 2744//2744
f 2744//2744 2751//2751 2752//2752
f 2744//2744 2752//2752 2745//2745
f 2745//2745 2752//2752 2753//2753
f 2745//2745 2753//2753 2746//2746
f 2746//2746 2753//2753 2754//2754
f 2746//2746 2754//2754 2730//2730
f 2747//2747 2721//2721 2755//2755
f 2747//2747 2755//2755 2748//2748
f 2748//2748 2755//2755 2756//2756
f 2748//2748 2756//2756 2749//2749
f 2749//2749 2756//2756 2757//2757
f 2749//2749 2757//2757 2750//2750
f 2750//2750 2757//2757 2758//2758
f 2750//2750 2758//2758 2751//2751
f 2751//2751 2758//2758 2759//2759
f 2751//2751 2759//2759 2752//2752
f 2752//2752 2759//2759 2760//2760
f 2752//2752 2760//2760 2753//2753
f 2753//2753 2760//2760 2761//2761
f 2753//2753 2761//2761 2754//2754
f 2754//2754 2761//2761 2762//2762
f 2754//2754 2762//2762 2730//2730
f 2755//2755 2721//2721 2763//2763
f 2755//2755 2763//2763 2756//2756
f 2756//2756 2763//2763 2764//2764
f 2756//2756 2764//2764 2757//2757
f 2757//2757 2764//2764 2765//2765
f 2757//2757 2765//2765 2758//2758
f 2758//2758 2765//2765 2766//2766
f 2758//2758 2766//2766 2759//2759
f 2759//2759 2766//2766 2767//2767
f 2759//2759 2767//2767 2760//2760
f 2760//2760 2767//2767 2768//2768
f 2760//2760 2768//2768 2761//2761
f 2761//2761 2768//2768 2769//2769
f 2761//2761 2769//2769 2762//2762
f 2762//2762 2769//2769 2770//2770
f 2762//2762 2770//2770 2730//2730
f 2763//2763 2721//2721 2771//2771
f 2763//2763 2771//2771 2764//2764
f 2764//2764 2771//2771 2772//2772
f 2764//2764 2772//2772 2765//2765
f 2765//2765 2772//2772 2773//2773
f 2765//2765 2773//2773 2766//2766
f 2766//2766 2773//2773 2774//2774
f 2766//2766 2774//2774 2767//2767
f 2767//2767 2774//2774 2775//2775
f 2767//2767 2775//2775 2768//2768
f 2768//2768 2775//2775 2776//2776
f 2768//2768 2776//2776 2769//2769
f 2769//2769 2776//2776 2777//2777
f 2769//2769 2777//2777 2770//2770
f 2770//2770 2777//2777 2778//2778
f 2770//2770 2778//2778 2730//2730
f 2771//2771 2721//2721 2779//2779
f 2771//2771 2779//2779 2772//2772
f 2772//2772 2779//2779 2780//2780
f 2772//2772 2780//2780 2773//2773
f 2773//2773 2780//2780 2781//2781
f 2773//2773 2781//2781 2774//2774
f 2774//2774 2781//2781 2782//2782
f 2774//2774 2782//2782 2775//2775
f 2775//2775 2782//2782 2783//2783
f 2775//2775 2783//2783 2776//2776
f 2776//2776 2783//2783 2784//2784
f 2776//2776 2784//2784 2777//2777
f 2777//2777 2784//2784 2785//2785
f 2777//2777 2785//2785 2778//2778
f 2778//2778 2785//2785 2786//2786
f 2778//2778 2786//2786 2730//2730
f 2779//2779 2721//2721 2787//2787
f 2779//2779 2787//2787 2780//2780
f 2780//2780 2787//2787 2788//2788
f 2780//2780 2788//2788 2781//2781
f 2781//2781 2788//2788 2789//2789
f 2781//2781 2789//2789 2782//2782
f 2782//2782 2789//2789 2790//2790
f 2782//2782 2790//2790 2783//2783
f 2783//2783 2790//2790 2791//2791
f 2783//2783 2791//2791 2784//2784
f 2784//2784 2791//2791 2792//2792
f 2784//2784 2792//2792 2785//2785
f 2785//2785 2792//2792 2793//2793
f 2785//2785 2793//2793 2786//2786
f 2786//2786 2793//2793 2794//2794
f 2786//2786 2794//2794 2730//2730
f 2787//2787 2721//2721 2795//2795
f 2787//2787 2795//2795 2788//2788
f 2788//2788 2795//2795 2796//2796
f 2788//2788 2796//2796 2789//2789
f 2789//2789 2796//2796 2797//2797
f 2789//2789 2797//2797 2790//2790
f 2790//2790 2797//2797 2798//2798
f 2790//2790 2798//2798 2791//2791
f 2791//2791 2798//2798 2799//2799
f 2791//2791 2799//2799 2792//2792
f 2792//2792 2799//2799 2800//2800
f 2792//2792 2800//2800 2793//2793
f 2793//2793 2800//2800 2801//2801
f 2793//2793 2801//2801 2794//2794
f 2794//2794 2801//2801 2802//2802
f 2794//2794 2802//2802 2730//2730
f 2795//2795 2721//2721 2722//2722
f 2795//2795 2722//2722 2796//2796
f 2796//2796 2722//2722 2723//2723
f 2796//2796 2723//2723 2797//2797
f 2797//2797 2723//2723 2724//2724
f 2797//2797 2724//2724 2798//2798
f 2798//2798 2724//2724 2725//2725
f 2798//2798 2725//2725 2799//2799
f 2799//2799 2725//2725 2726//2726
f 2799//2799 2726//2726 2800//2800
f 2800//2800 2726//2726 2727//2727
f 2800//2800 2727//2727 2801//2801
f 2801//2801 2727//2727 2728//2728
f 2801//2801 2728//2728 2802//2802
f 2802//2802 2728//2728 2729//2729
f 2802//2802 2729//2729 2730//2730
f 2804//2804 2803//2803 2813//2813
f 2804//2804 2813//2813 2805//2805
f 2805//2805 2813//2813 2814//2814
f 2805//2805 2814//2814 2806//2806
f 2806//2806 2814//2814 2815//2815
f 2806//2806 2815//2815 2807//2807
f 2807//2807 2815//2815 2816//2816
f 2807//2807 2816//2816 2808//2808
f 2808//2808 2816//2816 2817//2817
f 2808//2808 2817//2817 2809//2809
f 2809//2809 2817//2817 2818//2818
f 2809//2809 2818//2818 2810//2810
f 2810//2810 2818//2818 2819//2819
f 2810//2810 2819//2819 2811//2811
f 2811//2811 2819//2819 2820//2820
f 2811//2811 2820//2820 2812//2812
f 2813//2813 2803//2803 2821//2821
f 2813//2813 2821//2821 2814//2814
f 2814//2814 2821//2821 2822//2822
f 2814//2814 2822//2822 2815//2815
f 2815//2815 2822//2822 2823//2823
f 2815//2815 2823//2823 2816//2816
f 2816//2816 2823//2823 2824//2824
f 2816//2816 2824//2824 2817//2817
f 2817//2817 2824//2824 2825//2825
f 2817//2817 2825//2825 2818//2818
f 2818//2818 2825//2825 2826//2826
f 2818//2818 2826//2826 2819//2819
f 2819//2819 2826//2826 2827//2827
f 2819//2819 2827//2827 2820//2820
f 2820//2820 2827//2827 2828//2828
f 2820//2820 2828//2828 2812//2812
f 2821//2821 2803//2803 2829//2829
f 2821//2821 2829//2829 2822//2822
f 2822//2822 2829//2829 2830//2830
f 2822//2822 2830//2830 2823//2823
f 2823//2823 2830//2830 2831//2831
f 2823//2823 2831//2831 2824//2824
f 2824//2824 2831//2831 2832//2832
f 2824//2824 2832//2832 2825//2825
f 2825//2825 2832//2832 2833//2833
f 2825//2825 2833//2833 2826//2826
f 2826//2826 2833//2833 2834//2834
f 2826//2826 2834//2834 2827//2827
f 2827//2827 2834//2834 2835//2835
f 2827//2827 2835//2835 2828//2828
f 2828//2828 2835//2835 2836//2836
f 2828//2828 2836//2836 2812//2812
f 2829//2829 2803//2803 2837//2837
f 2829//2829 2837//2837 2830//2830
f 2830//2830 2837//2837 2838//2838
f 2830//2830 2838//2838 2831//2831
f 2831//2831 2838//2838 2839//2839
f 2831//2831 2839//2839 2832//2832
f 2832//2832 2839//2839 2840//2840
f 2832//2832 2840//2840 2833//2833
f 2833//2833 2840//2840 2841//2841
f 2833//2833 2841//2841 2834//2834
f 2834//2834 2841//2841 2842//2842
f 2834//2834 2842//2842 2835//2835
f 2835//2835 2842//2842 2843//2843
f 2835//2835 2843//2843 2836//2836
f 2836//2836 2843//2843 2844//2844
f 2836//2836 2844//2844 2812//2812
f 2837//2837 2803//2803 2845//2845
f 2837//2837 2845//2845 2838//2838
f 2838//2838 2845//2845 2846//2846
f 2838//2838 2846//2846 2839//2839
f 2839//2839 2846//2846 2847//2847
f 2839//2839 2847//2847 2840//2840
f 2840//2840 2847//2847 2848//2848
f 2840//2840 2848//2848 2841//2841
f 2841//2841 2848//2848 2849//2849
f 2841//2841 2849//2849 2842//2842
f 2842//2842 2849//2849 2850//2850
f 2842//2842 2850//2850 2843//2843
f 2843//2843 2850//2850 2851//2851
f 2843//2843 2851//2851 2844//2844
f 2844//2844 2851//2851 2852//2852
f 2844//2844 2852//2852 2812//2812
f 2845//2845 2803//2803 2853//2853
f 2845//2845 2853//2853 2846//2846
f 2846//2846 2853//2853 2854//2854
f 2846//2846 2854//2854 2847//2847
f 2847//2847 2854//2854 2855//2855
f 2847//2847 2855//2855 2848//2848
f 2848//2848 2855//2855 2856//2856
f 2848//2848 2856//2856 2849//2849
f 2849//2849 2856//2856 2857//2857
f 2849//2849 2857//2857 2850//2850
f 2850//2850 2857//2857 2858//2858
f 2850//2850 2858//2858 2851//2851
f 2851//2851 2858//2858 2859//2859
f 2851//2851 2859//2859 2852//2852
f 2852//2852 2859//2859 2860//2860
f 2852//2852 2860//2860 2812//2812
f 2853//2853 2803//2803 2861//2861
f 2853//2853 2861//2861 2854//2854
f 2854//2854 2861//2861 2862//2862
f 2854//2854 2862//2862 2855//2855
f 2855//2855 2862//2862 2863//2863
f 2855//2855 2863//2863 2856//2856
f 2856//2856 2863//2863 2864//2864
f 2856//2856 2864//2864 2857//2857
f 2857//2857 2864//2864 2865//2865
f 2857//2857 2865//2865 2858//2858
f 2858//2858 2865//2865 2866//2866
f 2858//2858 2866//2866 2859//2859
f 2859//2859 2866//2866 2867//2867
f 2859//2859 2867//2867 2860//2860
f 2860//2860 2867//2867 2868//2868
f 2860//2860 2868//2868 2812//2812
f 2861//2861 2803//2803 2869//2869
f 2861//2861 2869//2869 2862//2862
f 2862//2862 2869//2869 2870//2870
f 2862//2862 2870//2870 2863//2863
f 2863//2863 2870//2870 2871//2871
f 2863//2863 2871//2871 2864//2864
f 2864//2864 2871//2871 2872//2872
f 2864//2864 2872//2872 2865//2865
f 2865//2865 2872//2872 2873//2873
f 2865//2865 2873//2873 2866//2866
f 2866//2866 2873//2873 2874//2874
f 2866//2866 2874//2874 2867//2867
f 2867//2867 2874//2874 2875//2875
f 2867//2867 2875//2875 2868//2868
f 2868//2868 2875//2875 2876//2876
f 2868//2868 2876//2876 2812//2812
f 2869//2869 2803//2803 2877//2877
f 2869//2869 2877//2877 2870//2870
f 2870//2870 2877//2877 2878//2878
f 2870//2870 2878//2878 2871//2871
f 2871//2871 2878//2878 2879//2879
f 2871//2871 2879//2879 2872//2872
f 2872//2872 2879//2879 2880//2880
f 2872//2872 2880//2880 2873//2873
f 2873//2873 2880//2880 2881//2881
f 2873//2873 2881//2881 2874//2874
f 2874//2874 2881//2881 2882//2882
f 2874//2874 2882//2882 2875//2875
f 2875//2875 2882//2882 2883//2883
f 2875//2875 2883//2883 2876//2876
f 2876//2876 2883//2883 2884//2884
f 2876//2876 2884//2884 2812//2812
f 2877//2877 2803//2803 2804//2804
f 2877//2877 2804//2804 2878//2878
f 2878//2878 2804//2804 2805//2805
f 2878//2878 2805//2805 2879//2879
f 2879//2879 2805//2805 2806//2806
f 2879//2879 2806//2806 2880//2880
f 2880//2880 2806//2806 2807//2807
f 2880//2880 2807//2807 2881//2881
f 2881//2881 2807//2807 2808//2808
f 2881//2881 2808//2808 2882//2882
f 2882//2882 2808//2808 2809//2809
f 2882//2882 2809//2809 2883//2883
f 2883//2883 2809//2809 2810//2810
f 2883//2883 2810//2810 2884//2884
f 2884//2884 2810//2810 2811//2811
f 2884//2884 2811//2811 2812//2812
f 2886//2886 2885//2885 2895//2895
f 2886//2886 2895//2895 2887//2887
f 2887//2887 2895//2895 2896//2896
f 2887//2887 2896//2896 2888//2888
f 2888//2888 2896//2896 2897//2897
f 2888//2888 2897//2897 2889//2889
f 2889//2889 2897//2897 2898//2898
f 2889//2889 2898//2898 2890//2890
f 2890//2890 2898//2898 2899//2899
f 2890//2890 2899//2899 2891//2891
f 2891//2891 2899//2899 2900//2900
f 2891//2891 2900//2900 2892//2892
f 2892//2892 2900//2900 2901//2901
f 2892//2892 2901//2901 2893//2893
f 2893//2893 2901//2901 2902//2902
f 2893//2893 2902//2902 2894//2894
f 2895//2895 2885//2885 2903//2903
f 2895//2895 2903//2903 2896//2896
f 2896//2896 2903//2903 2904//2904
f 2896//2896 2904//2904 2897//2897
f 2897//2897 2904//2904 2905//2905
f 2897//2897 2905//2905 2898//2898
f 2898//2898 2905//2905 2906//2906
f 2898//2898 2906//2906 2899//2899
f 2899//2899 2906//2906 2907//2907
f 2899//2899 2907//2907 2900//2900
f 2900//2900 2907//2907 2908//2908
f 2900//2900 2908//2908 2901//2901
f 2901//2901 2908//2908 2909//2909
f 2901//2901 2909//2909 2902//2902
f 2902//2902 2909//2909 2910//2910
f 2902//2902 2910//2910 2894//2894
f 2903//2903 2885//2885 2911//2911
f 2903//2903 2911//2911 2904//2904
f 2904//2904 2911//2911 2912//2912
f 2904//2904 2912//2912 2905//2905
f 2905//2905 2912//2912 2913//2913
f 2905//2905 2913//2913 2906//2906
f 2906//2906 2913//2913 2914//2914
f 2906//2906 2914//2914 2907//2907
f 2907//2907 2914//2914 2915//2915
f 2907//2907 2915//2915 2908//2908
f 2908//2908 2915//2915 2916//2916
f 2908//2908 2916//2916 2909//2909
f 2909//2909 2916//2916 2917//2917
f 2909//2909 2917//2917 2910//2910
f 2910//2910 2917//2917 2918//2918
f 2910//2910 2918//2918 2894//2894
f 2911//2911 2885//2885 2919//2919
f 2911//2911 2919//2919 2912//2912
f 2912//2912 2919//2919 2920//2920
f 2912//2912 2920//2920 2913//2913
f 2913//2913 2920//2920 2921//2921
f 2913//2913 2921//2921 2914//2914
f 2914//2914 2921//2921 2922//2922
f 2914//2914 2922//2922 2915//2915
f 2915//2915 2922//2922 2923//2923
f 2915//2915 2923//2923 2916//2916
f 2916//2916 2923//2923 2924//2924
f 2916//2916 2924//2924 2917//2917
f 2917//2917 2924//2924 2925//2925
f 2917//2917 2925//2925 2918//2918
f 2918//2918 2925//2925 2926//2926
f 2918//2918 2926//2926 2894//2894
f 2919//2919 2885//2885 2927//2927
f 2919//2919 2927//2927 2920//2920
f 2920//2920 2927//2927 2928//2928
f 2920//2920 2928//2928 2921//2921
f 2921//2921 2928//2928 2929//2929
f 2921//2921 2929//2929 2922//2922
f 2922//2922 2929//2929 2930//2930
f 2922//2922 2930//2930 2923//2923
f 2923//2923 2930//2930 2931//2931
f 2923//2923 2931//2931 2924//2924
f 2924//2924 2931//2931 2932//2932
f 2924//2924 2932//2932 2925//2925
f 2925//2925 2932//2932 2933//2933
f 2925//2925 2933//2933 2926//2926
f 2926//2926 2933//2933 2934//2934
f 2926//2926 2934//2934 2894//2894
f 2927//2927 2885//2885 2935//2935
f 2927//2927 2935//2935 2928//2928
f 2928//2928 2935//2935 2936//2936
f 2928//2928 2936//2936 2929//2929
f 2929//2929 2936//2936 2937//2937
f 2929//2929 2937//2937 2930//2930
f 2930//2930 2937//2937 2938//2938
f 2930//2930 2938//2938 2931//2931
f 2931//2931 2938//2938 2939//2939
f 2931//2931 2939//2939 2932//2932
f 2932//2932 2939//2939 2940//2940
f 2932//2932 2940//2940 2933//2933
f 2933//2933 2940//2940 2941//2941
f 2933//2933 2941//2941 2934//2934
f 2934//2934 2941//2941 2942//2942
f 2934//2934 2942//2942 2894//2894
f 2935//2935 2885//2885 2943//2943
f 2935//2935 2943//2943 2936//2936
f 2936//2936 2943//2943 2944//2944
f 2936//2936 2944//2944 2937//2937
f 2937//2937 2944//2944 2945//2945
f 2937//2937 2945//2945 2938//2938
f 2938//2938 2945//2945 2946//2946
f 2938//2938 2946//2946 2939//2939
f 2939//2939 2946//2946 2947//2947
f 2939//2939 2947//2947 2940//2940
f 2940//2940 2947//2947 2948//2948
f 2940//2940 2948//2948 2941//2941
f 2941//2941 2948//2948 2949//2949
f 2941//2941 2949//2949 2942//2942
f 2942//2942 2949//2949 2950//2950
f 2942//2942 2950//2950 2894//2894
f 2943//2943 2885//2885 2951//2951
f 2943//2943 2951//2951 2944//2944
f 2944//2944 2951//2951 2952//2952
f 2944//2944 2952//2952 2945//2945
f 2945//2945 2952//2952 2953//2953
f 2945//2945 2953//2953 2946//2946
f 2946//2946 2953//2953 2954//2954
f 2946//2946 2954//2954 2947//2947
f 2947//2947 2954//2954 2955//2955
f 2947//2947 2955//2955 2948//2948
f 2948//2948 2955//2955 2956//2956
f 2948//2948 2956//2956 2949//2949
f 2949//2949 2956//2956 2957//2957
f 2949//2949 2957//2957 2950//2950
f 2950//2950 2957//2957 2958//2958
f 2950//2950 2958//2958 2894//2894
f 2951//2951 2885//2885 2959//2959
f 2951//2951 2959//2959 2952//2952
f 2952//2952 2959//2959 2960//2960
f 2952//2952 2960//2960 2953//2953
f 2953//2953 2960//2960 2961//2961
f 2953//2953 2961//2961 2954//2954
f 2954//2954 2961//2961 2962//2962
f 2954//2954 2962//2962 2955//2955
f 2955//2955 2962//2962 2963//2963
f 2955//2955 2963//2963 2956//2956
f 2956//2956 2963//2963 2964//2964
f 2956//2956 2964//2964 2957//2957
f 2957//2957 2964//2964 2965//2965
f 2957//2957 2965//2965 2958//2958
f 2958//2958 2965//2965 2966//2966
f 2958//2958 2966//2966 2894//2894
f 2959//2959 2885//2885 2886//2886
f 2959//2959 2886//2886 2960//2960
f 2960//2960 2886//2886 2887//2887
f 2960//2960 2887//2887 2961//2961
f 2961//2961 2887//2887 2888//2888
f 2961//2961 2888//2888 2962//2962
f 2962//2962 2888//2888 2889//2889
f 2962//2962 2889//2889 2963//2963
f 2963//2963 2889//2889 2890//2890
f 2963//2963 2890//2890 2964//2964
f 2964//2964 2890//2890 2891//2891
f 2964//2964 2891//2891 2965//2965
f 2965//2965 2891//2891 2892//2892
f 2965//2965 2892//2892 2966//2966
f 2966//2966 2892//2892 2893//2893
f 2966//2966 2893//2893 2894//2894
f 2968//2968 2967//2967 2977//2977
f 2968//2968 2977//2977 2969//2969
f 2969//2969 2977//2977 2978//2978
f 2969//2969 2978//2978 2970//2970
f 2970//2970 2978//2978 2979//2979
f 2970//2970 2979//2979 2971//2971
f 2971//2971 2979//2979 2980//2980
f 2971//2971 2980//2980 2972//2972
f 2972//2972 2980//2980 2981//2981
f 2972//2972 2981//2981 2973//2973
f 2973//2973 2981//2981 2982//2982
f 2973//2973 2982//2982 2974//2974
f 2974//2974 2982//2982 2983//2983
f 2974//2974 2983//2983 2975//2975
f 2975//2975 2983//2983 2984//2984
f 2975//2975 2984//2984 2976//2976
f 2977//2977 2967//2967 2985//2985
f 2977//2977 2985//2985 2978//2978
f 2978//2978 2985//2985 2986//2986
f 2978//2978 2986//2986 2979//2979
f 2979//2979 2986//2986 2987//2987
f 2979//2979 2987//2987 2980//2980
f 2980//2980 2987//2987 2988//2988
f 2980//2980 2988//2988 2981//2981
f 2981//2981 2988//2988 2989//2989
f 2981//2981 2989//2989 2982//2982
f 2982//2982 2989//2989 2990//2990
f 2982//2982 2990//2990 2983//2983
f 2983//2983 2990//2990 2991//2991
f 2983//2983 2991//2991 2984//2984
f 2984//2984 2991//2991 2992//2992
f 2984//2984 2992//2992 2976//2976
f 2985//2985 2967//2967 2993//2993
f 2985//2985 2993//2993 2986//2986
f 2986//2986 2993//2993 2994//2994
f 2986//2986 2994//2994 2987//2987
f 2987//2987 2994//2994 2995//2995
f 2987//2987 2995//2995 2988//2988
f 2988//2988 2995//2995 2996//2996
f 2988//2988 2996//2996 2989//2989
f 2989//2989 2996//2996 2997//2997
f 2989//2989 2997//2997 2990//2990
f 2990//2990 2997//2997 2998//2998
f 2990//2990 2998//2998 2991//2991
f 2991//2991 2998//2998 2999//2999
f 2991//2991 2999//2999 2992//2992
f 2992//2992 2999//2999 3000//3000
f 2992//2992 3000//3000 2976//2976
f 2993//2993 2967//2967 3001//3001
f 2993//2993 3001//3001 2994//2994
f 2994//2994 3001//3001 3002//3002
f 2994//2994 3002//3002 2995//2995
f 2995//2995 3002//3002 3003//3003
f 2995//2995 3003//3003 2996//2996
f 2996//2996 3003//3003 3004//3004
f 2996//2996 3004//3004 2997//2997
f 2997//2997 3004//3004 3005//3005
f 2997//2997 3005//3005 2998//2998
f 2998//2998 3005//3005 3006//3006
f 2998//2998 3006//3006 2999//2999
f 2999//2999 3006//3006 3007//3007
f 2999//2999 3007//3007 3000//3000
f 3000//3000 3007//3007 3008//3008
f 3000//3000 3008//3008 2976//2976
f 3001//3001 2967//2967 3009//3009
f 3001//3001 3009//3009 3002//3002
f 3002//3002 3009//3009 3010//3010
f 3002//3002 3010//3010 3003//3003
f 3003//3003 3010//3010 3011//3011
f 3003//3003 3011//3011 3004//3004
f 3004//3004 3011//3011 3012//3012
f 3004//3004 3012//3012 3005//3005
f 3005//3005 3012//3012 3013//3013
f 3005//3005 3013//3013 3006//3006
f 3006//3006 3013//3013 3014//3014
f 3006//3006 3014//3014 3007//3007
f 3007//3007 3014//3014 3015//3015
f 3007//3007 3015//3015 3008//3008
f 3008//3008 3015//3015 3016//3016
f 3008//3008 3016//3016 2976//2976
f 3009//3009 2967//2967 3017//3017
f 3009//3009 3017//3017 3010//3010
f 3010//3010 3017//3017 3018//3018
f 3010//3010 3018//3018 3011//3011
f 3011//3011 3018//3018 3019//3019
f 3011//3011 3019//3019 3012//3012
f 3012//3012 3019//3019 3020//3020
f 3012//3012 3020//3020 3013//3013
f 3013//3013 3020//3020 3021//3021
f 3013//3013 3021//3021 3014//3014
f 3014//3014 3021//3021 3022//3022
f 3014//3014 3022//3022 3015//3015
f 3015//3015 3022//3022 3023//3023
f 3015//3015 3023//3023 3016//3016
f 3016//3016 3023//3023 3024//3024
f 3016//3016 3024//3024 2976//2976
f 3017//3017 2967//2967 3025//3025
f 3017//3017 3025//3025 3018//3018
f 3018//3018 3025//3025 3026//3026
f 3018//3018 3026//3026 3019//3019
f 3019//3019 3026//3026 3027//3027
f 3019//3019 3027//3027 3020//3020
f 3020//3020 3027//3027 3028//3028
f 3020//3020 3028//3028 3021//3021
f 3021//3021 3028//3028 3029//3029
f 3021//3021 3029//3029 3022//3022
f 3022//3022 3029//3029 3030//3030
f 3022//3022 3030//3030 3023//3023
f 3023//3023 3030//3030 3031//3031
f 3023//3023 3031//3031 3024//3024
f 3024//3024 3031//3031 3032//3032
f 3024//3024 3032//3032 2976//2976
f 3025//3025 2967//2967 3033//3033
f 3025//3025 3033//3033 3026//3026
f 3026//3026 3033//3033 3034//3034
f 3026//3026 3034//3034 3027//3027
f 3027//3027 3034//3034 3035//3035
f 3027//3027 3035//3035 3028//3028
f 3028//3028 3035//3035 3036//3036
f 3028//3028 3036//3036 3029//3029
f 3029//3029 3036//3036 3037//3037
f 3029//3029 3037//3037 3030//3030
f 3030//3030 3037//3037 3038//3038
f 3030//3030 3038//3038 3031//3031
f 3031//3031 3038//3038 3039//3039
f 3031//3031 3039//3039 3032//3032
f 3032//3032 3039//3039 3040//3040
f 3032//3032 3040//3040 2976//2976
f 3033//3033 2967//2967 3041//3041
f 3033//3033 3041//3041 3034//3034
f 3034//3034 3041//3041 3042//3042
f 3034//3034 3042//3042 3035//3035
f 3035//3035 3042//3042 3043//3043
f 3035//3035 3043//3043 3036//3036
f 3036//3036 3043//3043 3044//3044
f 3036//3036 3044//3044 3037//3037
f 3037//3037 3044//3044 3045//3045
f 3037//3037 3045//3045 3038//3038
f 3038//3038 3045//3045 3046//3046
f 3038//3038 3046//3046 3039//3039
f 3039//3039 3046//3046 3047//3047
f 3039//3039 3047//3047 3040//3040
f 3040//3040 3047//3047 3048//3048
f 3040//3040 3048//3048 2976//2976
f 3041//3041 2967//2967 2968//2968
f 3041//3041 2968//2968 3042//3042
f 3042//3042 2968//2968 2969//2969
f 3042//3042 2969//2969 3043//3043
f 3043//3043 2969//2969 2970//2970
f 3043//3043 2970//2970 3044//3044
f 3044//3044 2970//2970 2971//2971
f 3044//3044 2971//2971 3045//3045
f 3045//3045 2971//2971 2972//2972
f 3045//3045 2972//2972 3046//3046
f 3046//3046 2972//2972 2973//2973
f 3046//3046 2973//2973 3047//3047
f 3047//3047 2973//2973 2974//2974
f 3047//3047 2974//2974 3048//3048
f 3048//3048 2974//2974 2975//2975
f 3048//3048 2975//2975 2976//2976
f 3050//3050 3049//3049 3059//3059
f 3050//3050 3059//3059 3051//3051
f 3051//3051 3059//3059 3060//3060
f 3051//3051 3060//3060 3052//3052
f 3052//3052 3060//3060 3061//3061
f 3052//3052 3061//3061 3053//3053
f 3053//3053 3061//3061 3062//3062
f 3053//3053 3062//3062 3054//3054
f 3054//3054 3062//3062 3063//3063
f 3054//3054 3063//3063 3055//3055
f 3055//3055 3063//3063 3064//3064
f 3055//3055 3064//3064 3056//3056
f 3056//3056 3064//3064 3065//3065
f 3056//3056 3065//3065 3057//3057
f 3057//3057 3065//3065 3066//3066
f 3057//3057 3066//3066 3058//3058
f 3059//3059 3049//3049 3067//3067
f 3059//3059 3067//3067 3060//3060
f 3060//3060 3067//3067 3068//3068
f 3060//3060 3068//3068 3061//3061
f 3061//3061 3068//3068 3069//3069
f 3061//3061 3069//3069 3062//3062
f 3062//3062 3069//3069 3070//3070
f 3062//3062 3070//3070 3063//3063
f 3063//3063 3070//3070 3071//3071
f 3063//3063 3071//3071 3064//3064
f 3064//3064 3071//3071 3072//3072
f 3064//3064 3072//3072 3065//3065
f 3065//3065 3072//3072 3073//3073
f 3065//3065 3073//3073 3066//3066
f 3066//3066 3073//3073 3074//3074
f 3066//3066 3074//3074 3058//3058
f 3067//3067 3049//3049 3075//3075
f 3067//3067 3075//3075 3068//3068
f 3068//3068 3075//3075 3076//3076
f 3068//3068 3076//3076 3069//3069
f 3069//3069 3076//3076 3077//3077
f 3069//3069 3077//3077 3070//3070
f 3070//3070 3077//3077 3078//3078
f 3070//3070 3078//3078 3071//3071
f 3071//3071 3078//3078 3079//3079
f 3071//3071 3079//3079 3072//3072
f 3072//3072 3079//3079 3080//3080
f 3072//3072 3080//3080 3073//3073
f 3073//3073 3080//3080 3081//3081
f 3073//3073 3081//3081 3074//3074
f 3074//3074 3081//3081 3082//3082
f 3074//3074 3082//3082 3058//3058
f 3075//3075 3049//3049 3083//3083
f 3075//3075 3083//3083 3076//3076
f 3076//3076 3083//3083 3084//3084
f 3076//3076 3084//3084 3077//3077
f 3077//3077 3084//3084 3085//3085
f 3077//3077 3085//3085 3078//3078
f 3078//3078 3085//3085 3086//3086
f 3078//3078 3086//3086 3079//3079
f 3079//3079 3086//3086 3087//3087
f 3079//3079 3087//3087 3080//3080
f 3080//3080 3087//3087 3088//3088
f 3080//3080 3088//3088 3081//3081
f 3081//3081 3088//3088 3089//3089
f 3081//3081 3089//3089 3082//3082
f 3082//3082 3089//3089 3090//3090
f 3082//3082 3090//3090 3058//3058
f 3083//3083 3049//3049 3091//3091
f 3083//3083 3091//3091 3084//3084
f 3084//3084 3091//3091 3092//3092
f 3084//3084 3092//3092 3085//3085
f 3085//3085 3092//3092 3093//3093
f 3085//3085 3093//3093 3086//3086
f 3086//3086 3093//3093 3094//3094
f 3086//3086 3094//3094 3087//3087
f 3087//3087 3094//3094 3095//3095
f 3087//3087 3095//3095 3088//3088
f 3088//3088 3095//3095 3096//3096
f 3088//3088 3096//3096 3089//3089
f 3089//3089 3096//3096 3097//3097
f 3089//3089 3097//3097 3090//3090
f 3090//3090 3097//3097 3098//3098
f 3090//3090 3098//3098 3058//3058
f 3091//3091 3049//3049 3099//3099
f 3091//3091 3099//3099 3092//3092
f 3092//3092 3099//3099 3100//3100
f 3092//3092 3100//3100 3093//3093
f 3093//3093 3100//3100 3101//3101
f 3093//3093 3101//3101 3094//3094
f 3094//3094 3101//3101 3102//3102
f 3094//3094 3102//3102 3095//3095
f 3095//3095 3102//3102 3103//3103
f 3095//3095 3103//3103 3096//3096
f 3096//3096 3103//3103 3104//3104
f 3096//3096 3104//3104 3097//3097
f 3097//3097 3104//3104 3105//3105
f 3097//3097 3105//3105 3098//3098
f 3098//3098 3105//3105 3106//3106
f 3098//3098 3106//3106 3058//3058
f 3099//3099 3049//3049 3107//3107
f 3099//3099 3107//3107 3100//3100
f 3100//3100 3107//3107 3108//3108
f 3100//3100 3108//3108 3101//3101
f 3101//3101 3108//3108 3109//3109
f 3101//3101 3109//3109 3102//3102
f 3102//3102 3109//3109 3110//3110
f 3102//3102 3110//3110 3103//3103
f 3103//3103 3110//3110 3111//3111
f 3103//3103 3111//3111 3104//3104
f 3104//3104 3111//3111 3112//3112
f 3104//3104 3112//3112 3105//3105
f 3105//3105 3112//3112 3113//3113
f 3105//3105 3113//3113 3106//3106
f 3106//3106 3113//3113 3114//3114
f 3106//3106 3114//3114 3058//3058
f 3107//3107 3049//3049 3115//3115
f 3107//3107 3115//3115 3108//3108
f 3108//3108 3115//3115 3116//3116
f 3108//3108 3116//3116 3109//3109
f 3109//3109 3116//3116 3117//3117
f 3109//3109 3117//3117 3110//3110
f 3110//3110 3117//3117 3118//3118
f 3110//3110 3118//3118 3111//3111
f 3111//3111 3118//3118 3119//3119
f 3111//3111 3119//3119 3112//3112
f 3112//3112 3119//3119 3120//3120
f 3112//3112 3120//3120 3113//3113
f 3113//3113 3120//3120 3121//3121
f 3113//3113 3121//3121 3114//3114
f 3114//3114 3121//3121 3122//3122
f 3114//3114 3122//3122 3058//3058
f 3115//3115 3049//3049 3123//3123
f 3115//3115 3123//3123 3116//3116
f 3116//3116 3123//3123 3124//3124
f 3116//3116 3124//3124 3117//3117
f 3117//3117 3124//3124 3125//3125
f 3117//3117 3125//3125 3118//3118
f 3118//3118 3125//3125 3126//3126
f 3118//3118 3126//3126 3119//3119
f 3119//3119 3126//3126 3127//3127
f 3119//3119 3127//3127 3120//3120
f 3120//3120 3127//3127 3128//3128
f 3120//3120 3128//3128 3121//3121
f 3121//3121 3128//3128 3129//3129
f 3121//3121 3129//3129 3122//3122
f 3122//3122 3129//3129 3130//3130
f 3122//3122 3130//3130 3058//3058
f 3123//3123 3049//3049 3050//3050
f 3123//3123 3050//3050 3124//3124
f 3124//3124 3050//3050 3051//3051
f 3124//3124 3051//3051 3125//3125
f 3125//3125 3051//3051 3052//3052
f 3125//3125 3052//3052 3126//3126
f 3126//3126 3052//3052 3053//3053
f 3126//3126 3053//3053 3127//3127
f 3127//3127 3053//3053 3054//3054
f 3127//3127 3054//3054 3128//3128
f 3128//3128 3054//3054 3055//3055
f 3128//3128 3055//3055 3129//3129
f 3129//3129 3055//3055 3056//3056
f 3129//3129 3056//3056 3130//3130
f 3130//3130 3056//3056 3057//3057
f 3130//3130 3057//3057 3058//3058
f 3132//3132 3131//3131 3141//3141
f 3132//3132 3141//3141 3133//3133
f 3133//3133 3141//3141 3142//3142
f 3133//3133 3142//3142 3134//3134
f 3134//3134 3142//3142 3143//3143
f 3134//3134 3143//3143 3135//3135
f 3135//3135 3143//3143 3144//3144
f 3135//3135 3144//3144 3136//3136
f 3136//3136 3144//3144 3145//3145
f 3136//3136 3145//3145 3137//3137
f 3137//3137 3145//3145 3146//3146
f 3137//3137 3146//3146 3138//3138
f 3138//3138 3146//3146 3147//3147
f 3138//3138 3147//3147 3139//3139
f 3139//3139 3147//3147 3148//3148
f 3139//3139 3148//3148 3140//3140
f 3141//3141 3131//3131 3149//3149
f 3141//3141 3149//3149 3142//3142
f 3142//3142 3149//3149 3150//3150
f 3142//3142 3150//3150 3143//3143
f 3143//3143 3150//3150 3151//3151
f 3143//3143 3151//3151 3144//3144
f 3144//3144 3151//3151 3152//3152
f 3144//3144 3152//3152 3145//3145
f 3145//3145 3152//3152 3153//3153
f 3145//3145 3153//3153 3146//3146
f 3146//3146 3153//3153 3154//3154
f 3146//3146 3154//3154 3147//3147
f 3147//3147 3154//3154 3155//3155
f 3147//3147 3155//3155 3148//3148
f 3148//3148 3155//3155 3156//3156
f 3148//3148 3156//3156 3140//3140
f 3149//3149 3131//3131 3157//3157
f 3149//3149 3157//3157 3150//3150
f 3150//3150 3157//3157 3158//3158
f 3150//3150 3158//3158 3151//3151
f 3151//3151 3158//3158 3159//3159
f 3151//3151 3159//3159 3152//3152
f 3152//3152 3159//3159 3160//3160
f 3152//3152 3160//3160 3153//3153
f 3153//3153 3160//3160 3161//3161
f 3153//3153 3161//3161 3154//3154
f 3154//3154 3161//3161 3162//3162
f 3154//3154 3162//3162 3155//3155
f 3155//3155 3162//3162 3163//3163
f 3155//3155 3163//3163 3156//3156
f 3156//3156 3163//3163 3164//3164
f 3156//3156 3164//3164 3140//3140
f 3157//3157 3131//3131 3165//3165
f 3157//3157 3165//3165 3158//3158
f 3158//3158 3165//3165 3166//3166
f 3158//3158 3166//3166 3159//3159
f 3159//3159 3166//3166 3167//3167
f 3159//3159 3167//3167 3160//3160
f 3160//3160 3167//3167 3168//3168
f 3160//3160 3168//3168 3161//3161
f 3161//3161 3168//3168 3169//3169
f 3161//3161 3169//3169 3162//3162
f 3162//3162 3169//3169 3170//3170
f 3162//3162 3170//3170 3163//3163
f 3163//3163 3170//3170 3171//3171
f 3163//3163 3171//3171 3164//3164
f 3164//3164 3171//3171 3172//3172
f 3164//3164 3172//3172 3140//3140
f 3165//3165 3131//3131 3173//3173
f 3165//3165 3173//3173 3166//3166
f 3166//3166 3173//3173 3174//3174
f 3166//3166 3174//3174 3167//3167
f 3167//3167 3174//3174 3175//3175
f 3167//3167 3175//3175 3168//3168
f 3168//3168 3175//3175 3176//3176
f 3168//3168 3176//3176 3169//3169
f 3169//3169 3176//3176 3177//3177
f 3169//3169 3177//3177 3170//3170
f 3170//3170 3177//3177 3178//3178
f 3170//3170 3178//3178 3171//3171
f 3171//3171 3178//3178 3179//3179
f 3171//3171 3179//3179 3172//3172
f 3172//3172 3179//3179 3180//3180
f 3172//3172 3180//3180 3140//3140
f 3173//3173 3131//3131 3181//3181
f 3173//3173 3181//3181 3174//3174
f 3174//3174 3181//3181 3182//3182
f 3174//3174 3182//3182 3175//3175
f 3175//3175 3182//3182 3183//3183
f 3175//3175 3183//3183 3176//3176
f 3176//3176 3183//3183 3184//3184
f 3176//3176 3184//3184 3177//3177
f 3177//3177 3184//3184 3185//3185
f 3177//3177 3185//3185 3178//3178
f 3178//3178 3185//3185 3186//3186
f 3178//3178 3186//3186 3179//3179
f 3179//3179 3186//3186 3187//3187
f 3179//3179 3187//3187 3180//3180
f 3180//3180 3187//3187 3188//3188
f 3180//3180 3188//3188 3140//3140
f 3181//3181 3131//3131 3189//3189
f 3181//3181 3189//3189 3182//3182
f 3182//3182 3189//3189 3190//3190
f 3182//3182 3190//3190 3183//3183
f 3183//3183 3190//3190 3191//3191
f 3183//3183 3191//3191 3184//3184
f 3184//3184 3191//3191 3192//3192
f 3184//3184 3192//3192 3185//3185
f 3185//3185 3192//3192 3193//3193
f 3185//3185 3193//3193 3186//3186
f 3186//3186 3193//3193 3194//3194
f 3186//3186 3194//3194 3187//3187
f 3187//3187 3194//3194 3195//3195
f 3187//3187 3195//3195 3188//3188
f 3188//3188 3195//3195 3196//3196
f 3188//3188 3196//3196 3140//3140
f 3189//3189 3131//3131 3197//3197
f 3189//3189 3197//3197 3190//3190
f 3190//3190 3197//3197 3198//3198
f 3190//3190 3198//3198 3191//3191
f 3191//3191 3198//3198 3199//3199
f 3191//3191 3199//3199 3192//3192
f 3192//3192 3199//3199 3200//3200
f 3192//3192 3200//3200 3193//3193
f 3193//3193 3200//3200 3201//3201
f 3193//3193 3201//3201 3194//3194
f 3194//3194 3201//3201 3202//3202
f 3194//3194 3202//3202 3195//3195
f 3195//3195 3202//3202 3203//3203
f 3195//3195 3203//3203 3196//3196
f 3196//3196 3203//3203 3204//3204
f 3196//3196 3204//3204 3140//3140
f 3197//3197 3131//3131 3205//3205
f 3197//3197 3205//3205 3198//3198
f 3198//3198 3205//3205 3206//3206
f 3198//3198 3206//3206 3199//3199
f 3199//3199 3206//3206 3207//3207
f 3199//3199 3207//3207 3200//3200
f 3200//3200 3207//3207 3208//3208
f 3200//3200 3208//3208 3201//3201
f 3201//3201 3208//3208 3209//3209
f 3201//3201 3209//3209 3202//3202
f 3202//3202 3209//3209 3210//3210
f 3202//3202 3210//3210 3203//3203
f 3203//3203 3210//3210 3211//3211
f 3203//3203 3211//3211 3204//3204
f 3204//3204 3211//3211 3212//3212
f 3204//3204 3212//3212 3140//3140
f 3205//3205 3131//3131 3132//3132
f 3205//3205 3132//3132 3206//3206
f 3206//3206 3132//3132 3133//3133
f 3206//3206 3133//3133 3207//3207
f 3207//3207 3133//3133 3134//3134
f 3207//3207 3134//3134 3208//3208
f 3208//3208 3134//3134 3135//3135
f 3208//3208 3135//3135 3209//3209
f 3209//3209 3135//3135 3136//3136
f 3209//3209 3136//3136 3210//3210
f 3210//3210 3136//3136 3137//3137
f 3210//3210 3137//3137 3211//3211
f 3211//3211 3137//3137 3138//3138
f 3211//3211 3138//3138 3212//3212
f 3212//3212 3138//3138 3139//3139
f 3212//3212 3139//3139 3140//3140
f 3214//3214 3213//3213 3223//3223
f 3214//3214 3223//3223 3215//3215
f 3215//3215 3223//3223 3224//3224
f 3215//3215 3224//3224 3216//3216
f 3216//3216 3224//3224 3225//3225
f 3216//3216 3225//3225 3217//3217
f 3217//3217 3225//3225 3226//3226
f 3217//3217 3226//3226 3218//3218
f 3218//3218 3226//3226 3227//3227
f 3218//3218 3227//3227 3219//3219
f 3219//3219 3227//3227 3228//3228
f 3219//3219 3228//3228 3220//3220
f 3220//3220 3228//3228 3229//3229
f 3220//3220 3229//3229 3221//3221
f 3221//3221 3229//3229 3230//3230
f 3221//3221 3230//3230 3222//3222
f 3223//3223 3213//3213 3231//3231
f 3223//3223 3231//3231 3224//3224
f 3224//3224 3231//3231 3232//3232
f 3224//3224 3232//3232 3225//3225
f 3225//3225 3232//3232 3233//3233
f 3225//3225 3233//3233 3226//3226
f 3226//3226 3233//3233 3234//3234
f 3226//3226 3234//3234 3227//3227
f 3227//3227 3234//3234 3235//3235
f 3227//3227 3235//3235 3228//3228
f 3228//3228 3235//3235 3236//3236
f 3228//3228 3236//3236 3229//3229
f 3229//3229 3236//3236 3237//3237
f 3229//3229 3237//3237 3230//3230
f 3230//3230 3237//3237 3238//3238
f 3230//3230 3238//3238 3222//3222
f 3231//3231 3213//3213 3239//3239
f 3231//3231 3239//3239 3232//3232
f 3232//3232 3239//3239 3240//3240
f 3232//3232 3240//3240 3233//3233
f 3233//3233 3240//3240 3241//3241
f 3233//3233 3241//3241 3234//3234
f 3234//3234 3241//3241 3242//3242
f 3234//3234 3242//3242 3235//3235
f 3235//3235 3242//3242 3243//3243
f 3235//3235 3243//3243 3236//3236
f 3236//3236 3243//3243 3244//3244
f 3236//3236 3244//3244 3237//3237
f 3237//3237 3244//3244 3245//3245
f 3237//3237 3245//3245 3238//3238
f 3238//3238 3245//3245 3246//3246
f 3238//3238 3246//3246 3222//3222
f 3239//3239 3213//3213 3247//3247
f 3239//3239 3247//3247 3240//3240
f 3240//3240 3247//3247 3248//3248
f 3240//3240 3248//3248 3241//3241
f 3241//3241 3248//3248 3249//3249
f 3241//3241 3249//3249 3242//3242
f 3242//3242 3249//3249 3250//3250
f 3242//3242 3250//3250 3243//3243
f 3243//3243 3250//3250 3251//3251
f 3243//3243 3251//3251 3244//3244
f 3244//3244 3251//3251 3252//3252
f 3244//3244 3252//3252 3245//3245
f 3245//3245 3252//3252 3253//3253
f 3245//3245 3253//3253 3246//3246
f 3246//3246 3253//3253 3254//3254
f 3246//3246 3254//3254 3222//3222
f 3247//3247 3213//3213 3255//3255
f 3247//3247 3255//3255 3248//3248
f 3248//3248 3255//3255 3256//3256
f 3248//3248 3256//3256 3249//3249
f 3249//3249 3256//3256 3257//3257
f 3249//3249 3257//3257 3250//3250
f 3250//3250 3257//3257 3258//3258
f 3250//3250 3258//3258 3251//3251
f 3251//3251 3258//3258 3259//3259
f 3251//3251 3259//3259 3252//3252
f 3252//3252 3259//3259 3260//3260
f 3252//3252 3260//3260 3253//3253
f 3253//3253 3260//3260 3261//3261
f 3253//3253 3261//3261 3254//3254
f 3254//3254 3261//3261 3262//3262
f 3254//3254 3262//3262 3222//3222
f 3255//3255 3213//3213 3263//3263
f 3255//3255 3263//3263 3256//3256
f 3256//3256 3263//3263 3264//3264
f 3256//3256 3264//3264 3257//3257
f 3257//3257 3264//3264 3265//3265
f 3257//3257 3265//3265 3258//3258
f 3258//3258 3265//3265 3266//3266
f 3258//3258 3266//3266 3259//3259
f 3259//3259 3266//3266 3267//3267
f 3259//3259 3267//3267 3260//3260
f 3260//3260 3267//3267 3268//3268
f 3260//3260 3268//3268 3261//3261
f 3261//3261 3268//3268 3269//3269
f 3261//3261 3269//3269 3262//3262
f 3262//3262 3269//3269 3270//3270
f 3262//3262 3270//3270 3222//3222
f 3263//3263 3213//3213 3271//3271
f 3263//3263 3271//3271 3264//3264
f 3264//3264 3271//3271 3272//3272
f 3264//3264 3272//3272 3265//3265
f 3265//3265 3272//3272 3273//3273
f 3265//3265 3273//3273 3266//3266
f 3266//3266 3273//3273 3274//3274
f 3266//3266 3274//3274 3267//3267
f 3267//3267 3274//3274 3275//3275
f 3267//3267 3275//3275 3268//3268
f 3268//3268 3275//3275 3276//3276
f 3268//3268 3276//3276 3269//3269
f 3269//3269 3276//3276 3277//3277
f 3269//3269 3277//3277 3270//3270
f 3270//3270 3277//3277 3278//3278
f 3270//3270 3278//3278 3222//3222
f 3271//3271 3213//3213 3279//3279
f 3271//3271 3279//3279 3272//3272
f 3272//3272 3279//3279 3280//3280
f 3272//3272 3280//3280 3273//3273
f 3273//3273 3280//3280 3281//3281
f 3273//3273 3281//3281 3274//3274
f 3274//3274 3281//3281 3282//3282
f 3274//3274 3282//3282 3275//3275
f 3275//3275 3282//3282 3283//3283
f 3275//3275 3283//3283 3276//3276
f 3276//3276 3283//3283 3284//3284
f 3276//3276 3284//3284 3277//3277
f 3277//3277 3284//3284 3285//3285
f 3277//3277 3285//3285 3278//3278
f 3278//3278 3285//3285 3286//3286
f 3278//3278 3286//3286 3222//3222
f 3279//3279 3213//3213 3287//3287
f 3279//3279 3287//3287 3280//3280
f 3280//3280 3287//3287 3288//3288
f 3280//3280 3288//3288 3281//3281
f 3281//3281 3288//3288 3289//3289
f 3281//3281 3289//3289 3282//3282
f 3282//3282 3289//3289 3290//3290
f 3282//3282 3290//3290 3283//3283
f 3283//3283 3290//3290 3291//3291
f 3283//3283 3291//3291 3284//3284
f 3284//3284 3291//3291 3292//3292
f 3284//3284 3292//3292 3285//3285
f 3285//3285 3292//3292 3293//3293
f 3285//3285 3293//3293 3286//3286
f 3286//3286 3293//3293 3294//3294
f 3286//3286 3294//3294 3222//3222
f 3287//3287 3213//3213 3214//3214
f 3287//3287 3214//3214 3288//3288
f 3288//3288 3214//3214 3215//3215
f 3288//3288 3215//3215 3289//3289
f 3289//3289 3215//3215 3216//3216
f 3289//3289 3216//3216 3290//3290
f 3290//3290 3216//3216 3217//3217
f 3290//3290 3217//3217 3291//3291
f 3291//3291 3217//3217 3218//3218
f 3291//3291 3218//3218 3292//3292
f 3292//3292 3218//3218 3219//3219
f 3292//3292 3219//3219 3293//3293
f 3293//3293 3219//3219 3220//3220
f 3293//3293 3220//3220 3294//3294
f 3294//3294 3220//3220 3221//3221
f 3294//3294 3221//3221 3222//3222
f 3296//3296 3295//3295 3305//3305
f 3296//3296 3305//3305 3297//3297
f 3297//3297 3305//3305 3306//3306
f 3297//3297 3306//3306 3298//3298
f 3298//3298 3306//3306 3307//3307
f 3298//3298 3307//3307 3299//3299
f 3299//3299 3307//3307 3308//3308
f 3299//3299 3308//3308 3300//3300
f 3300//3300 3308//3308 3309//3309
f 3300//3300 3309//3309 3301//3301
f 3301//3301 3309//3309 3310//3310
f 3301//3301 3310//3310 3302//3302
f 3302//3302 3310//3310 3311//3311
f 3302//3302 3311//3311 3303//3303
f 3303//3303 3311//3311 3312//3312
f 3303//3303 3312//3312 3304//3304
f 3305//3305 3295//3295 3313//3313
f 3305//3305 3313//3313 3306//3306
f 3306//3306 3313//3313 3314//3314
f 3306//3306 3314//3314 3307//3307
f 3307//3307 3314//3314 3315//3315
f 3307//3307 3315//3315 3308//3308
f 3308//3308 3315//3315 3316//3316
f 3308//3308 3316//3316 3309//3309
f 3309//3309 3316//3316 3317//3317
f 3309//3309 3317//3317 3310//3310
f 3310//3310 3317//3317 3318//3318
f 3310//3310 3318//3318 3311//3311
f 3311//3311 3318//3318 3319//3319
f 3311//3311 3319//3319 3312//3312
f 3312//3312 3319//3319 3320//3320
f 3312//3312 3320//3320 3304//3304
f 3313//3313 3295//3295 3321//3321
f 3313//3313 3321//3321 3314//3314
f 3314//3314 3321//3321 3322//3322
f 3314//3314 3322//3322 3315//3315
f 3315//3315 3322//3322 3323//3323
f 3315//3315 3323//3323 3316//3316
f 3316//3316 3323//3323 3324//3324
f 3316//3316 3324//3324 3317//3317
f 3317//3317 3324//3324 3325//3325
f 3317//3317 3325//3325 3318//3318
f 3318//3318 3325//3325 3326//3326
f 3318//3318 3326//3326 3319//3319
f 3319//3319 3326//3326 3327//3327
f 3319//3319 3327//3327 3320//3320
f 3320//3320 3327//3327 3328//3328
f 3320//3320 3328//3328 3304//3304
f 3321//3321 3295//3295 3329//3329
f 3321//3321 3329//3329 3322//3322
f 3322//3322 3329//3329 3330//3330
f 3322//3322 3330//3330 3323//3323
f 3323//3323 3330//3330 3331//3331
f 3323//3323 3331//3331 3324//3324
f 3324//3324 3331//3331 3332//3332
f 3324//3324 3332//3332 3325//3325
f 3325//3325 3332//3332 3333//3333
f 3325//3325 3333//3333 3326//3326
f 3326//3326 3333//3333 3334//3334
f 3326//3326 3334//3334 3327//3327
f 3327//3327 3334//3334 3335//3335
f 3327//3327 3335//3335 3328//3328
f 3328//3328 3335//3335 3336//3336
f 3328//3328 3336//3336 3304//3304
f 3329//3329 3295//3295 3337//3337
f 3329//3329 3337//3337 3330//3330
f 3330//3330 3337//3337 3338//3338
f 3330//3330 3338//3338 3331//3331
f 3331//3331 3338//3338 3339//3339
f 3331//3331 3339//3339 3332//3332
f 3332//3332 3339//3339 3340//3340
f 3332//3332 3340//3340 3333//3333
f 3333//3333 3340//3340 3341//3341
f 3333//3333 3341//3341 3334//3334
f 3334//3334 3341//3341 3342//3342
f 3334//3334 3342//3342 3335//3335
f 3335//3335 3342//3342 3343//3343
f 3335//3335 3343//3343 3336//3336
f 3336//3336 3343//3343 3344//3344
f 3336//3336 3344//3344 3304//3304
f 3337//3337 3295//3295 3345//3345
f 3337//3337 3345//3345 3338//3338
f 3338//3338 3345//3345 3346//3346
f 3338//3338 3346//3346 3339//3339
f 3339//3339 3346//3346 3347//3347
f 3339//3339 3347//3347 3340//3340
f 3340//3340 3347//3347 3348//3348
f 3340//3340 3348//3348 3341//3341
f 3341//3341 3348//3348 3349//3349
f 3341//3341 3349//3349 3342//3342
f 3342//3342 3349//3349 3350//3350
f 3342//3342 3350//3350 3343//3343
f 3343//3343 3350//3350 3351//3351
f 3343//3343 3351//3351 3344//3344
f 3344//3344 3351//3351 3352//3352
f 3344//3344 3352//3352 3304//3304
f 3345//3345 3295//3295 3353//3353
f 3345//3345 3353//3353 3346//3346
f 3346//3346 3353//3353 3354//3354
f 3346//3346 3354//3354 3347//3347
f 3347//3347 3354//3354 3355//3355
f 3347//3347 3355//3355 3348//3348
f 3348//3348 3355//3355 3356//3356
f 3348//3348 3356//3356 3349//3349
f 3349//3349 3356//3356 3357//3357
f 3349//3349 3357//3357 3350//3350
f 3350//3350 3357//3357 3358//3358
f 3350//3350 3358//3358 3351//3351
f 3351//3351 3358//3358 3359//3359
f 3351//3351 3359//3359 3352//3352
f 3352//3352 3359//3359 3360//3360
f 3352//3352 3360//3360 3304//3304
f 3353//3353 3295//3295 3361//3361
f 3353//3353 3361//3361 3354//3354
f 3354//3354 3361//3361 3362//3362
f 3354//3354 3362//3362 3355//3355
f 3355//3355 3362//3362 3363//3363
f 3355//3355 3363//3363 3356//3356
f 3356//3356 3363//3363 3364//3364
f 3356//3356 3364//3364 3357//3357
f 3357//3357 3364//3364 3365//3365
f 3357//3357 3365//3365 3358//3358
f 3358//3358 3365//3365 3366//3366
f 3358//3358 3366//3366 3359//3359
f 3359//3359 3366//3366 3367//3367
f 3359//3359 3367//3367 3360//3360
f 3360//3360 3367//3367 3368//3368
f 3360//3360 3368//3368 3304//3304
f 3361//3361 3295//3295 3369//3369
f 3361//3361 3369//3369 3362//3362
f 3362//3362 3369//3369 3370//3370
f 3362//3362 3370//3370 3363//3363
f 3363//3363 3370//3370 3371//3371
f 3363//3363 3371//3371 3364//3364
f 3364//3364 3371//3371 3372//3372
f 3364//3364 3372//3372 3365//3365
f 3365//3365 3372//3372 3373//3373
f 3365//3365 3373//3373 3366//3366
f 3366//3366 3373//3373 3374//3374
f 3366//3366 3374//3374 3367//3367
f 3367//3367 3374//3374 3375//3375
f 3367//3367 3375//3375 3368//3368
f 3368//3368 3375//3375 3376//3376
f 3368//3368 3376//3376 3304//3304
f 3369//3369 3295//3295 3296//3296
f 3369//3369 3296//3296 3370//3370
f 3370//3370 3296//3296 3297//3297
f 3370//3370 3297//3297 3371//3371
f 3371//3371 3297//3297 3298//3298
f 3371//3371 3298//3298 3372//3372
f 3372//3372 3298//3298 3299//3299
f 3372//3372 3299//3299 3373//3373
f 3373//3373 3299//3299 3300//3300
f 3373//3373 3300//3300 3374//3374
f 3374//3374 3300//3300 3301//3301
f 3374//3374 3301//3301 3375//3375
f 3375//3375 3301//3301 3302//3302
f 3375//3375 3302//3302 3376//3376
f 3376//3376 3302//3302 3303//3303
f 3376//3376 3303//3303 3304//3304
f 3378//3378 3377//3377 3387//3387
f 3378//3378 3387//3387 3379//3379
f 3379//3379 3387//3387 3388//3388
f 3379//3379 3388//3388 3380//3380
f 3380//3380 3388//3388 3389//3389
f 3380//3380 3389//3389 3381//3381
f 3381//3381 3389//3389 3390//3390
f 3381//3381 3390//3390 3382//3382
f 3382//3382 3390//3390 3391//3391
f 3382//3382 3391//3391 3383//3383
f 3383//3383 3391//3391 3392//3392
f 3383//3383 3392//3392 3384//3384
f 3384//3384 3392//3392 3393//3393
f 3384//3384 3393//3393 3385//3385
f 3385//3385 3393//3393 3394//3394
f 3385//3385 3394//3394 3386//3386
f 3387//3387 3377//3377 3395//3395
f 3387//3387 3395//3395 3388//3388
f 3388//3388 3395//3395 3396//3396
f 3388//3388 3396//3396 3389//3389
f 3389//3389 3396//3396 3397//3397
f 3389//3389 3397//3397 3390//3390
f 3390//3390 3397//3397 3398//3398
f 3390//3390 3398//3398 3391//3391
f 3391//3391 3398//3398 3399//3399
f 3391//3391 3399//3399 3392//3392
f 3392//3392 3399//3399 3400//3400
f 3392//3392 3400//3400 3393//3393
f 3393//3393 3400//3400 3401//3401
f 3393//3393 3401//3401 3394//3394
f 3394//3394 3401//3401 3402//3402
f 3394//3394 3402//3402 3386//3386
f 3395//3395 3377//3377 3403//3403
f 3395//3395 3403//3403 3396//3396
f 3396//3396 3403//3403 3404//3404
f 3396//3396 3404//3404 3397//3397
f 3397//3397 3404//3404 3405//3405
f 3397//3397 3405//3405 3398//3398
f 3398//3398 3405//3405 3406//3406
f 3398//3398 3406//3406 3399//3399
f 3399//3399 3406//3406 3407//3407
f 3399//3399 3407//3407 3400//3400
f 3400//3400 3407//3407 3408//3408
f 3400//3400 3408//3408 3401//3401
f 3401//3401 3408//3408 3409//3409
f 3401//3401 3409//3409 3402//3402
f 3402//3402 3409//3409 3410//3410
f 3402//3402 3410//3410 3386//3386
f 3403//3403 3377//3377 3411//3411
f 3403//3403 3411//3411 3404//3404
f 3404//3404 3411//3411 3412//3412
f 3404//3404 3412//3412 3405//3405
f 3405//3405 3412//3412 3413//3413
f 3405//3405 3413//3413 3406//3406
f 3406//3406 3413//3413 3414//3414
f 3406//3406 3414//3414 3407//3407
f 3407//3407 3414//3414 3415//3415
f 3407//3407 3415//3415 3408//3408
f 3408//3408 3415//3415 3416//3416
f 3408//3408 3416//3416 3409//3409
f 3409//3409 3416//3416 3417//3417
f 3409//3409 3417//3417 3410//3410
f 3410//3410 3417//3417 3418//3418
f 3410//3410 3418//3418 3386//3386
f 3411//3411 3377//3377 3419//3419
f 3411//3411 3419//3419 3412//3412
f 3412//3412 3419//3419 3420//3420
f 3412//3412 3420//3420 3413//3413
f 3413//3413 3420//3420 3421//3421
f 3413//3413 3421//3421 3414//3414
f 3414//3414 3421//3421 3422//3422
f 3414//3414 3422//3422 3415//3415
f 3415//3415 3422//3422 3423//3423
f 3415//3415 3423//3423 3416//3416
f 3416//3416 3423//3423 3424//3424
f 3416//3416 3424//3424 3417//3417
f 3417//3417 3424//3424 3425//3425
f 3417//3417 3425//3425 3418//3418
f 3418//3418 3425//3425 3426//3426
f 3418//3418 3426//3426 3386//3386
f 3419//3419 3377//3377 3427//3427
f 3419//3419 3427//3427 3420//3420
f 3420//3420 3427//3427 3428//3428
f 3420//3420 3428//3428 3421//3421
f 3421//3421 3428//3428 3429//3429
f 3421//3421 3429//3429 3422//3422
f 3422//3422 3429//3429 3430//3430
f 3422//3422 3430//3430 3423//3423
f 3423//3423 3430//3430 3431//3431
f 3423//3423 3431//3431 3424//3424
f 3424//3424 3431//3431 3432//3432
f 3424//3424 3432//3432 3425//3425
f 3425//3425 3432//3432 3433//3433
f 3425//3425 3433//3433 3426//3426
f 3426//3426 3433//3433 3434//3434
f 3426//3426 3434//3434 3386//3386
f 3427//3427 3377//3377 3435//3435
f 3427//3427 3435//3435 3428//3428
f 3428//3428 3435//3435 3436//3436
f 3428//3428 3436//3436 3429//3429
f 3429//3429 3436//3436 3437//3437
f 3429//3429 3437//3437 3430//3430
f 3430//3430 3437//3437 3438//3438
f 3430//3430 3438//3438 3431//3431
f 3431//3431 3438//3438 3439//3439
f 3431//3431 3439//3439 3432//3432
f 3432//3432 3439//3439 3440//3440
f 3432//3432 3440//3440 3433//3433
f 3433//3433 3440//3440 3441//3441
f 3433//3433 3441//3441 3434//3434
f 3434//3434 3441//3441 3442//3442
f 3434//3434 3442//3442 3386//3386
f 3435//3435 3377//3377 3443//3443
f 3435//3435 3443//3443 3436//3436
f 3436//3436 3443//3443 3444//3444
f 3436//3436 3444//3444 3437//3437
f 3437//3437 3444//3444 3445//3445
f 3437//3437 3445//3445 3438//3438
f 3438//3438 3445//3445 3446//3446
f 3438//3438 3446//3446 3439//3439
f 3439//3439 3446//3446 3447//3447
f 3439//3439 3447//3447 3440//3440
f 3440//3440 3447//3447 3448//3448
f 3440//3440 3448//3448 3441//3441
f 3441//3441 3448//3448 3449//3449
f 3441//3441 3449//3449 3442//3442
f 3442//3442 3449//3449 3450//3450
f 3442//3442 3450//3450 3386//3386
f 3443//3443 3377//3377 3451//3451
f 3443//3443 3451//3451 3444//3444
f 3444//3444 3451//3451 3452//3452
f 3444//3444 3452//3452 3445//3445
f 3445//3445 3452//3452 3453//3453
f 3445//3445 3453//3453 3446//3446
f 3446//3446 3453//3453 3454//3454
f 3446//3446 3454//3454 3447//3447
f 3447//3447 3454//3454 3455//3455
f 3447//3447 3455//3455 3448//3448
f 3448//3448 3455//3455 3456//3456
f 3448//3448 3456//3456 3449//3449
f 3449//3449 3456//3456 3457//3457
f 3449//3449 3457//3457 3450//3450
f 3450//3450 3457//3457 3458//3458
f 3450//3450 3458//3458 3386//3386
f 3451//3451 3377//3377 3378//3378
f 3451//3451 3378//3378 3452//3452
f 3452//3452 3378//3378 3379//3379
f 3452//3452 3379//3379 3453//3453
f 3453//3453 3379//3379 3380//3380
f 3453//3453 3380//3380 3454//3454
f 3454//3454 3380//3380 3381//3381
f 3454//3454 3381//3381 3455//3455
f 3455//3455 3381//3381 3382//3382
f 3455//3455 3382//3382 3456//3456
f 3456//3456 3382//3382 3383//3383
f 3456//3456 3383//3383 3457//3457
f 3457//3457 3383//3383 3384//3384
f 3457//3457 3384//3384 3458//3458
f 3458//3458 3384//3384 3385//3385
f 3458//3458 3385//3385 3386//3386
f 3460//3460 3459//3459 3469//3469
f 3460//3460 3469//3469 3461//3461
f 3461//3461 3469//3469 3470//3470
f 3461//3461 3470//3470 3462//3462
f 3462//3462 3470//3470 3471//3471
f 3462//3462 3471//3471 3463//3463
f 3463//3463 3471//3471 3472//3472
f 3463//3463 3472//3472 3464//3464
f 3464//3464 3472//3472 3473//3473
f 3464//3464 3473//3473 3465//3465
f 3465//3465 3473//3473 3474//3474
f 3465//3465 3474//3474 3466//3466
f 3466//3466 3474//3474 3475//3475
f 3466//3466 3475//3475 3467//3467
f 3467//3467 3475//3475 3476//3476
f 3467//3467 3476//3476 3468//3468
f 3469//3469 3459//3459 3477//3477
f 3469//3469 3477//3477 3470//3470
f 3470//3470 3477//3477 3478//3478
f 3470//3470 3478//3478 3471//3471
f 3471//3471 3478//3478 3479//3479
f 3471//3471 3479//3479 3472//3472
f 3472//3472 3479//3479 3480//3480
f 3472//3472 3480//3480 3473//3473
f 3473//3473 3480//3480 3481//3481
f 3473//3473 3481//3481 3474//3474
f 3474//3474 3481//3481 3482//3482
f 3474//3474 3482//3482 3475//3475
f 3475//3475 3482//3482 3483//3483
f 3475//3475 3483//3483 3476//3476
f 3476//3476 3483//3483 3484//3484
f 3476//3476 3484//3484 3468//3468
f 3477//3477 3459//3459 3485//3485
f 3477//3477 3485//3485 3478//3478
f 3478//3478 3485//3485 3486//3486
f 3478//3478 3486//3486 3479//3479
f 3479//3479 3486//3486 3487//3487
f 3479//3479 3487//3487 3480//3480
f 3480//3480 3487//3487 3488//3488
f 3480//3480 3488//3488 3481//3481
f 3481//3481 3488//3488 3489//3489
f 3481//3481 3489//3489 3482//3482
f 3482//3482 3489//3489 3490//3490
f 3482//3482 3490//3490 3483//3483
f 3483//3483 3490//3490 3491//3491
f 3483//3483 3491//3491 3484//3484
f 3484//3484 3491//3491 3492//3492
f 3484//3484 3492//3492 3468//3468
f 3485//3485 3459//3459 3493//3493
f 3485//3485 3493//3493 3486//3486
f 3486//3486 3493//3493 3494//3494
f 3486//3486 3494//3494 3487//3487
f 3487//3487 3494//3494 3495//3495
f 3487//3487 3495//3495 3488//3488
f 3488//3488 3495//3495 3496//3496
f 3488//3488 3496//3496 3489//3489
f 3489//3489 3496//3496 3497//3497
f 3489//3489 3497//3497 3490//3490
f 3490//3490 3497//3497 3498//3498
f 3490//3490 3498//3498 3491//3491
f 3491//3491 3498//3498 3499//3499
f 3491//3491 3499//3499 3492//3492
f 3492//3492 3499//3499 3500//3500
f 3492//3492 3500//3500 3468//3468
f 3493//3493 3459//3459 3501//3501
f 3493//3493 3501//3501 3494//3494
f 3494//3494 3501//3501 3502//3502
f 3494//3494 3502//3502 3495//3495
f 3495//3495 3502//3502 3503//3503
f 3495//3495 3503//3503 3496//3496
f 3496//3496 3503//3503 3504//3504
f 3496//3496 3504//3504 3497//3497
f 3497//3497 3504//3504 3505//3505
f 3497//3497 3505//3505 3498//3498
f 3498//3498 3505//3505 3506//3506
f 3498//3498 3506//3506 3499//3499
f 3499//3499 3506//3506 3507//3507
f 3499//3499 3507//3507 3500//3500
f 3500//3500 3507//3507 3508//3508
f 3500//3500 3508//3508 3468//3468
f 3501//3501 3459//3459 3509//3509
f 3501//3501 3509//3509 3502//3502
f 3502//3502 3509//3509 3510//3510
f 3502//3502 3510//3510 3503//3503
f 3503//3503 3510//3510 3511//3511
f 3503//3503 3511//3511 3504//3504
f 3504//3504 3511//3511 3512//3512
f 3504//3504 3512//3512 3505//3505
f 3505//3505 3512//3512 3513//3513
f 3505//3505 3513//3513 3506//3506
f 3506//3506 3513//3513 3514//3514
f 3506//3506 3514//3514 3507//3507
f 3507//3507 3514//3514 3515//3515
f 3507//3507 3515//3515 3508//3508
f 3508//3508 3515//3515 3516//3516
f 3508//3508 3516//3516 3468//3468
f 3509//3509 3459//3459 3517//3517
f 3509//3509 3517//3517 3510//3510
f 3510//3510 3517//3517 3518//3518
f 3510//3510 3518//3518 3511//3511
f 3511//3511 3518//3518 3519//3519
f 3511//3511 3519//3519 3512//3512
f 3512//3512 3519//3519 3520//3520
f 3512//3512 3520//3520 3513//3513
f 3513//3513 3520//3520 3521//3521
f 3513//3513 3521//3521 3514//3514
f 3514//3514 3521//3521 3522//3522
f 3514//3514 3522//3522 3515//3515
f 3515//3515 3522//3522 3523//3523
f 3515//3515 3523//3523 3516//3516
f 3516//3516 3523//3523 3524//3524
f 3516//3516 3524//3524 3468//3468
f 3517//3517 3459//3459 3525//3525
f 3517//3517 3525//3525 3518//3518
f 3518//3518 3525//3525 3526//3526
f 3518//3518 3526//3526 3519//3519
f 3519//3519 3526//3526 3527//3527
f 3519//3519 3527//3527 3520//3520
f 3520//3520 3527//3527 3528//3528
f 3520//3520 3528//3528 3521//3521
f 3521//3521 3528//3528 3529//3529
f 3521//3521 3529//3529 3522//3522
f 3522//3522 3529//3529 3530//3530
f 3522//3522 3530//3530 3523//3523
f 3523//3523 3530//3530 3531//3531
f 3523//3523 3531//3531 3524//3524
f 3524//3524 3531//3531 3532//3532
f 3524//3524 3532//3532 3468//3468
f 3525//3525 3459//3459 3533//3533
f 3525//3525 3533//3533 3526//3526
f 3526//3526 3533//3533 3534//3534
f 3526//3526 3534//3534 3527//3527
f 3527//3527 3534//3534 3535//3535
f 3527//3527 3535//3535 3528//3528
f 3528//3528 3535//3535 3536//3536
f 3528//3528 3536//3536 3529//3529
f 3529//3529 3536//3536 3537//3537
f 3529//3529 3537//3537 3530//3530
f 3530//3530 3537//3537 3538//3538
f 3530//3530 3538//3538 3531//3531
f 3531//3531 3538//3538 3539//3539
f 3531//3531 3539//3539 3532//3532
f 3532//3532 3539//3539 3540//3540
f 3532//3532 3540//3540 3468//3468
f 3533//3533 3459//3459 3460//3460
f 3533//3533 3460//3460 3534//3534
f 3534//3534 3460//3460 3461//3461
f 3534//3534 3461//3461 3535//3535
f 3535//3535 3461//3461 3462//3462
f 3535//3535 3462//3462 3536//3536
f 3536//3536 3462//3462 3463//3463
f 3536//3536 3463//3463 3537//3537
f 3537//3537 3463//3463 3464//3464
f 3537//3537 3464//3464 3538//3538
f 3538//3538 3464//3464 3465//3465
f 3538//3538 3465//3465 3539//3539
f 3539//3539 3465//3465 3466//3466
f 3539//3539 3466//3466 3540//3540
f 3540//3540 3466//3466 3467//3467
f 3540//3540 3467//3467 3468//3468
f 3542//3542 3541//3541 3551//3551
f 3542//3542 3551//3551 3543//3543
f 3543//3543 3551//3551 3552//3552
f 3543//3543 3552//3552 3544//3544
f 3544//3544 3552//3552 3553//3553
f 3544//3544 3553//3553 3545//3545
f 3545//3545 3553//3553 3554//3554
f 3545//3545 3554//3554 3546//3546
f 3546//3546 3554//3554 3555//3555
f 3546//3546 3555//3555 3547//3547
f 3547//3547 3555//3555 3556//3556
f 3547//3547 3556//3556 3548//3548
f 3548//3548 3556//3556 3557//3557
f 3548//3548 3557//3557 3549//3549
f 3549//3549 3557//3557 3558//3558
f 3549//3549 3558//3558 3550//3550
f 3551//3551 3541//3541 3559//3559
f 3551//3551 3559//3559 3552//3552
f 3552//3552 3559//3559 3560//3560
f 3552//3552 3560//3560 3553//3553
f 3553//3553 3560//3560 3561//3561
f 3553//3553 3561//3561 3554//3554
f 3554//3554 3561//3561 3562//3562
f 3554//3554 3562//3562 3555//3555
f 3555//3555 3562//3562 3563//3563
f 3555//3555 3563//3563 3556//3556
f 3556//3556 3563//3563 3564//3564
f 3556//3556 3564//3564 3557//3557
f 3557//3557 3564//3564 3565//3565
f 3557//3557 3565//3565 3558//3558
f 3558//3558 3565//3565 3566//3566
f 3558//3558 3566//3566 3550//3550
f 3559//3559 3541//3541 3567//3567
f 3559//3559 3567//3567 3560//3560
f 3560//3560 3567//3567 3568//3568
f 3560//3560 3568//3568 3561//3561
f 3561//3561 3568//3568 3569//3569
f 3561//3561 3569//3569 3562//3562
f 3562//3562 3569//3569 3570//3570
f 3562//3562 3570//3570 3563//3563
f 3563//3563 3570//3570 3571//3571
f 3563//3563 3571//3571 3564//3564
f 3564//3564 3571//3571 3572//3572
f 3564//3564 3572//3572 3565//3565
f 3565//3565 3572//3572 3573//3573
f 3565//3565 3573//3573 3566//3566
f 3566//3566 3573//3573 3574//3574
f 3566//3566 3574//3574 3550//3550
f 3567//3567 3541//3541 3575//3575
f 3567//3567 3575//3575 3568//3568
f 3568//3568 3575//3575 3576//3576
f 3568//3568 3576//3576 3569//3569
f 3569//3569 3576//3576 3577//3577
f 3569//3569 3577//3577 3570//3570
f 3570//3570 3577//3577 3578//3578
f 3570//3570 3578//3578 3571//3571
f 3571//3571 3578//3578 3579//3579
f 3571//3571 3579//3579 3572//3572
f 3572//3572 3579//3579 3580//3580
f 3572//3572 3580//3580 3573//3573
f 3573//3573 3580//3580 3581//3581
f 3573//3573 3581//3581 3574//3574
f 3574//3574 3581//3581 3582//3582
f 3574//3574 3582//3582 3550//3550
f 3575//3575 3541//3541 3583//3583
f 3575//3575 3583//3583 3576//3576
f 3576//3576 3583//3583 3584//3584
f 3576//3576 3584//3584 3577//3577
f 3577//3577 3584//3584 3585//3585
f 3577//3577 3585//3585 3578//3578
f 3578//3578 3585//3585 3586//3586
f 3578//3578 3586//3586 3579//3579
f 3579//3579 3586//3586 3587//3587
f 3579//3579 3587//3587 3580//3580
f 3580//3580 3587//3587 3588//3588
f 3580//3580 3588//3588 3581//3581
f 3581//3581 3588//3588 3589//3589
f 3581//3581 3589//3589 3582//3582
f 3582//3582 3589//3589 3590//3590
f 3582//3582 3590//3590 3550//3550
f 3583//3583 3541//3541 3591//3591
f 3583//3583 3591//3591 3584//3584
f 3584//3584 3591//3591 3592//3592
f 3584//3584 3592//3592 3585//3585
f 3585//3585 3592//3592 3593//3593
f 3585//3585 3593//3593 3586//3586
f 3586//3586 3593//3593 3594//3594
f 3586//3586 3594//3594 3587//3587
f 3587//3587 3594//3594 3595//3595
f 3587//3587 3595//3595 3588//3588
f 3588//3588 3595//3595 3596//3596
f 3588//3588 3596//3596 3589//3589
f 3589//3589 3596//3596 3597//3597
f 3589//3589 3597//3597 3590//3590
f 3590//3590 3597//3597 3598//3598
f 3590//3590 3598//3598 3550//3550
f 3591//3591 3541//3541 3599//3599
f 3591//3591 3599//3599 3592//3592
f 3592//3592 3599//3599 3600//3600
f 3592//3592 3600//3600 3593//3593
f 3593//3593 3600//3600 3601//3601
f 3593//3593 3601//3601 3594//3594
f 3594//3594 3601//3601 3602//3602
f 3594//3594 3602//3602 3595//3595
f 3595//3595 3602//3602 3603//3603
f 3595//3595 3603//3603 3596//3596
f 3596//3596 3603//3603 3604//3604
f 3596//3596 3604//3604 3597//3597
f 3597//3597 3604//3604 3605//3605
f 3597//3597 3605//3605 3598//3598
f 3598//3598 3605//3605 3606//3606
f 3598//3598 3606//3606 3550//3550
f 3599//3599 3541//3541 3607//3607
f 3599//3599 3607//3607 3600//3600
f 3600//3600 3607//3607 3608//3608
f 3600//3600 3608//3608 3601//3601
f 3601//3601 3608//3608 3609//3609
f 3601//3601 3609//3609 3602//3602
f 3602//3602 3609//3609 3610//3610
f 3602//3602 3610//3610 3603//3603
f 3603//3603 3610//3610 3611//3611
f 3603//3603 3611//3611 3604//3604
f 3604//3604 3611//3611 3612//3612
f 3604//3604 3612//3612 3605//3605
f 3605//3605 3612//3612 3613//3613
f 3605//3605 3613//3613 3606//3606
f 3606//3606 3613//3613 3614//3614
f 3606//3606 3614//3614 3550//3550
f 3607//3607 3541//3541 3615//3615
f 3607//3607 3615//3615 3608//3608
f 3608//3608 3615//3615 3616//3616
f 3608//3608 3616//3616 3609//3609
f 3609//3609 3616//3616 3617//3617
f 3609//3609 3617//3617 3610//3610
f 3610//3610 3617//3617 3618//3618
f 3610//3610 3618//3618 3611//3611
f 3611//3611 3618//3618 3619//3619
f 3611//3611 3619//3619 3612//3612
f 3612//3612 3619//3619 3620//3620
f 3612//3612 3620//3620 3613//3613
f 3613//3613 3620//3620 3621//3621
f 3613//3613 3621//3621 3614//3614
f 3614//3614 3621//3621 3622//3622
f 3614//3614 3622//3622 3550//3550
f 3615//3615 3541//3541 3542//3542
f 3615//3615 3542//3542 3616//3616
f 3616//3616 3542//3542 3543//3543
f 3616//3616 3543//3543 3617//3617
f 3617//3617 3543//3543 3544//3544
f 3617//3617 3544//3544 3618//3618
f 3618//3618 3544//3544 3545//3545
f 3618//3618 3545//3545 3619//3619
f 3619//3619 3545//3545 3546//3546
f 3619//3619 3546//3546 3620//3620
f 3620//3620 3546//3546 3547//3547
f 3620//3620 3547//3547 3621//3621
f 3621//3621 3547//3547 3548//3548
f 3621//3621 3548//3548 3622//3622
f 3622//3622 3548//3548 3549//3549
f 3622//3622 3549//3549 3550//3550
f 3624//3624 3623//3623 3633//3633
f 3624//3624 3633//3633 3625//3625
f 3625//3625 3633//3633 3634//3634
f 3625//3625 3634//3634 3626//3626
f 3626//3626 3634//3634 3635//3635
f 3626//3626 3635//3635 3627//3627
f 3627//3627 3635//3635 3636//3636
f 3627//3627 3636//3636 3628//3628
f 3628//3628 3636//3636 3637//3637
f 3628//3628 3637//3637 3629//3629
f 3629//3629 3637//3637 3638//3638
f 3629//3629 3638//3638 3630//3630
f 3630//3630 3638//3638 3639//3639
f 3630//3630 3639//3639 3631//3631
f 3631//3631 3639//3639 3640//3640
f 3631//3631 3640//3640 3632//3632
f 3633//3633 3623//3623 3641//3641
f 3633//3633 3641//3641 3634//3634
f 3634//3634 3641//3641 3642//3642
f 3634//3634 3642//3642 3635//3635
f 3635//3635 3642//3642 3643//3643
f 3635//3635 3643//3643 3636//3636
f 3636//3636 3643//3643 3644//3644
f 3636//3636 3644//3644 3637//3637
f 3637//3637 3644//3644 3645//3645
f 3637//3637 3645//3645 3638//3638
f 3638//3638 3645//3645 3646//3646
f 3638//3638 3646//3646 3639//3639
f 3639//3639 3646//3646 3647//3647
f 3639//3639 3647//3647 3640//3640
f 3640//3640 3647//3647 3648//3648
f 3640//3640 3648//3648 3632//3632
f 3641//3641 3623//3623 3649//3649
f 3641//3641 3649//3649 3642//3642
f 3642//3642 3649//3649 3650//3650
f 3642//3642 3650//3650 3643//3643
f 3643//3643 3650//3650 3651//3651
f 3643//3643 3651//3651 3644//3644
f 3644//3644 3651//3651 3652//3652
f 3644//3644 3652//3652 3645//3645
f 3645//3645 3652//3652 3653//3653
f 3645//3645 3653//3653 3646//3646
f 3646//3646 3653//3653 3654//3654
f 3646//3646 3654//3654 3647//3647
f 3647//3647 3654//3654 3655//3655
f 3647//3647 3655//3655 3648//3648
f 3648//3648 3655//3655 3656//3656
f 3648//3648 3656//3656 3632//3632
f 3649//3649 3623//3623 3657//3657
f 3649//3649 3657//3657 3650//3650
f 3650//3650 3657//3657 3658//3658
f 3650//3650 3658//3658 3651//3651
f 3651//3651 3658//3658 3659//3659
f 3651//3651 3659//3659 3652//3652
f 3652//3652 3659//3659 3660//3660
f 3652//3652 3660//3660 3653//3653
f 3653//3653 3660//3660 3661//3661
f 3653//3653 3661//3661 3654//3654
f 3654//3654 3661//3661 3662//3662
f 3654//3654 3662//3662 3655//3655
f 3655//3655 3662//3662 3663//3663
f 3655//3655 3663//3663 3656//3656
f 3656//3656 3663//3663 3664//3664
f 3656//3656 3664//3664 3632//3632
f 3657//3657 3623//3623 3665//3665
f 3657//3657 3665//3665 3658//3658
f 3658//3658 3665//3665 3666//3666
f 3658//3658 3666//3666 3659//3659
f 3659//3659 3666//3666 3667//3667
f 3659//3659 3667//3667 3660//3660
f 3660//3660 3667//3667 3668//3668
f 3660//3660 3668//3668 3661//3661
f 3661//3661 3668//3668 3669//3669
f 3661//3661 3669//3669 3662//3662
f 3662//3662 3669//3669 3670//3670
f 3662//3662 3670//3670 3663//3663
f 3663//3663 3670//3670 3671//3671
f 3663//3663 3671//3671 3664//3664
f 3664//3664 3671//3671 3672//3672
f 3664//3664 3672//3672 3632//3632
f 3665//3665 3623//3623 3673//3673
f 3665//3665 3673//3673 3666//3666
f 3666//3666 3673//3673 3674//3674
f 3666//3666 3674//3674 3667//3667
f 3667//3667 3674//3674 3675//3675
f 3667//3667 3675//3675 3668//3668
f 3668//3668 3675//3675 3676//3676
f 3668//3668 3676//3676 3669//3669
f 3669//3669 3676//3676 3677//3677
f 3669//3669 3677//3677 3670//3670
f 3670//3670 3677//3677 3678//3678
f 3670//3670 3678//3678 3671//3671
f 3671//3671 3678//3678 3679//3679
f 3671//3671 3679//3679 3672//3672
f 3672//3672 3679//3679 3680//3680
f 3672//3672 3680//3680 3632//3632
f 3673//3673 3623//3623 3681//3681
f 3673//3673 3681//3681 3674//3674
f 3674//3674 3681//3681 3682//3682
f 3674//3674 3682//3682 3675//3675
f 3675//3675 3682//3682 3683//3683
f 3675//3675 3683//3683 3676//3676
f 3676//3676 3683//3683 3684//3684
f 3676//3676 3684//3684 3677//3677
f 3677//3677 3684//3684 3685//3685
f 3677//3677 3685//3685 3678//3678
f 3678//3678 3685//3685 3686//3686
f 3678//3678 3686//3686 3679//3679
f 3679//3679 3686//3686 3687//3687
f 3679//3679 3687//3687 3680//3680
f 3680//3680 3687//3687 3688//3688
f 3680//3680 3688//3688 3632//3632
f 3681//3681 3623//3623 3689//3689
f 3681//3681 3689//3689 3682//3682
f 3682//3682 3689//3689 3690//3690
f 3682//3682 3690//3690 3683//3683
f 3683//3683 3690//3690 3691//3691
f 3683//3683 3691//3691 3684//3684
f 3684//3684 3691//3691 3692//3692
f 3684//3684 3692//3692 3685//3685
f 3685//3685 3692//3692 3693//3693
f 3685//3685 3693//3693 3686//3686
f 3686//3686 3693//3693 3694//3694
f 3686//3686 3694//3694 3687//3687
f 3687//3687 3694//3694 3695//3695
f 3687//3687 3695//3695 3688//3688
f 3688//3688 3695//3695 3696//3696
f 3688//3688 3696//3696 3632//3632
f 3689//3689 3623//3623 3697//3697
f 3689//3689 3697//3697 3690//3690
f 3690//3690 3697//3697 3698//3698
f 3690//3690 3698//3698 3691//3691
f 3691//3691 3698//3698 3699//3699
f 3691//3691 3699//3699 3692//3692
f 3692//3692 3699//3699 3700//3700
f 3692//3692 3700//3700 3693//3693
f 3693//3693 3700//3700 3701//3701
f 3693//3693 3701//3701 3694//3694
f 3694//3694 3701//3701 3702//3702
f 3694//3694 3702//3702 3695//3695
f 3695//3695 3702//3702 3703//3703
f 3695//3695 3703//3703 3696//3696
f 3696//3696 3703//3703 3704//3704
f 3696//3696 3704//3704 3632//3632
f 3697//3697 3623//3623 3624//3624
f 3697//3697 3624//3624 3698//3698
f 3698//3698 3624//3624 3625//3625
f 3698//3698 3625//3625 3699//3699
f 3699//3699 3625//3625 3626//3626
f 3699//3699 3626//3626 3700//3700
f 3700//3700 3626//3626 3627//3627
f 3700//3700 3627//3627 3701//3701
f 3701//3701 3627//3627 3628//3628
f 3701//3701 3628//3628 3702//3702
f 3702//3702 3628//3628 3629//3629
f 3702//3702 3629//3629 3703//3703
f 3703//3703 3629//3629 3630//3630
f 3703//3703 3630//3630 3704//3704
f 3704//3704 3630//3630 3631//3631
f 3704//3704 3631//3631 3632//3632
f 3706//3706 3705//3705 3715//3715
f 3706//3706 3715//3715 3707//3707
f 3707//3707 3715//3715 3716//3716
f 3707//3707 3716//3716 3708//3708
f 3708//3708 3716//3716 3717//3717
f 3708//3708 3717//3717 3709//3709
f 3709//3709 3717//3717 3718//3718
f 3709//3709 3718//3718 3710//3710
f 3710//3710 3718//3718 3719//3719
f 3710//3710 3719//3719 3711//3711
f 3711//3711 3719//3719 3720//3720
f 3711//3711 3720//3720 3712//3712
f 3712//3712 3720//3720 3721//3721
f 3712//3712 3721//3721 3713//3713
f 3713//3713 3721//3721 3722//3722
f 3713//3713 3722//3722 3714//3714
f 3715//3715 3705//3705 3723//3723
f 3715//3715 3723//3723 3716//3716
f 3716//3716 3723//3723 3724//3724
f 3716//3716 3724//3724 3717//3717
f 3717//3717 3724//3724 3725//3725
f 3717//3717 3725//3725 3718//3718
f 3718//3718 3725//3725 3726//3726
f 3718//3718 3726//3726 3719//3719
f 3719//3719 3726//3726 3727//3727
f 3719//3719 3727//3727 3720//3720
f 3720//3720 3727//3727 3728//3728
f 3720//3720 3728//3728 3721//3721
f 3721//3721 3728//3728 3729//3729
f 3721//3721 3729//3729 3722//3722
f 3722//3722 3729//3729 3730//3730
f 3722//3722 3730//3730 3714//3714
f 3723//3723 3705//3705 3731//3731
f 3723//3723 3731//3731 3724//3724
f 3724//3724 3731//3731 3732//3732
f 3724//3724 3732//3732 3725//3725
f 3725//3725 3732//3732 3733//3733
f 3725//3725 3733//3733 3726//3726
f 3726//3726 3733//3733 3734//3734
f 3726//3726 3734//3734 3727//3727
f 3727//3727 3734//3734 3735//3735
f 3727//3727 3735//3735 3728//3728
f 3728//3728 3735//3735 3736//3736
f 3728//3728 3736//3736 3729//3729
f 3729//3729 3736//3736 3737//3737
f 3729//3729 3737//3737 3730//3730
f 3730//3730 3737//3737 3738//3738
f 3730//3730 3738//3738 3714//3714
f 3731//3731 3705//3705 3739//3739
f 3731//3731 3739//3739 3732//3732
f 3732//3732 3739//3739 3740//3740
f 3732//3732 3740//3740 3733//3733
f 3733//3733 3740//3740 3741//3741
f 3733//3733 3741//3741 3734//3734
f 3734//3734 3741//3741 3742//3742
f 3734//3734 3742//3742 3735//3735
f 3735//3735 3742//3742 3743//3743
f 3735//3735 3743//3743 3736//3736
f 3736//3736 3743//3743 3744//3744
f 3736//3736 3744//3744 3737//3737
f 3737//3737 3744//3744 3745//3745
f 3737//3737 3745//3745 3738//3738
f 3738//3738 3745//3745 3746//3746
f 3738//3738 3746//3746 3714//3714
f 3739//3739 3705//3705 3747//3747
f 3739//3739 3747//3747 3740//3740
f 3740//3740 3747//3747 3748//3748
f 3740//3740 3748//3748 3741//3741
f 3741//3741 3748//3748 3749//3749
f 3741//3741 3749//3749 3742//3742
f 3742//3742 3749//3749 3750//3750
f 3742//3742 3750//3750 3743//3743
f 3743//3743 3750//3750 3751//3751
f 3743//3743 3751//3751 3744//3744
f 3744//3744 3751//3751 3752//3752
f 3744//3744 3752//3752 3745//3745
f 3745//3745 3752//3752 3753//3753
f 3745//3745 3753//3753 3746//3746
f 3746//3746 3753//3753 3754//3754
f 3746//3746 3754//3754 3714//3714
f 3747//3747 3705//3705 3755//3755
f 3747//3747 3755//3755 3748//3748
f 3748//3748 3755//3755 3756//3756
f 3748//3748 3756//3756 3749//3749
f 3749//3749 3756//3756 3757//3757
f 3749//3749 3757//3757 3750//3750
f 3750//3750 3757//3757 3758//3758
f 3750//3750 3758//3758 3751//3751
f 3751//3751 3758//3758 3759//3759
f 3751//3751 3759//3759 3752//3752
f 3752//3752 3759//3759 3760//3760
f 3752//3752 3760//3760 3753//3753
f 3753//3753 3760//3760 3761//3761
f 3753//3753 3761//3761 3754//3754
f 3754//3754 3761//3761 3762//3762
f 3754//3754 3762//3762 3714//3714
f 3755//3755 3705//3705 3763//3763
f 3755//3755 3763//3763 3756//3756
f 3756//3756 3763//3763 3764//3764
f 3756//3756 3764//3764 3757//3757
f 3757//3757 3764//3764 3765//3765
f 3757//3757 3765//3765 3758//3758
f 3758//3758 3765//3765 3766//3766
f 3758//3758 3766//3766 3759//3759
f 3759//3759 3766//3766 3767//3767
f 3759//3759 3767//3767 3760//3760
f 3760//3760 3767//3767 3768//3768
f 3760//3760 3768//3768 3761//3761
f 3761//3761 3768//3768 3769//3769
f 3761//3761 3769//3769 3762//3762
f 3762//3762 3769//3769 3770//3770
f 3762//3762 3770//3770 3714//3714
f 3763//3763 3705//3705 3771//3771
f 3763//3763 3771//3771 3764//3764
f 3764//3764 3771//3771 3772//3772
f 3764//3764 3772//3772 3765//3765
f 3765//3765 3772//3772 3773//3773
f 3765//3765 3773//3773 3766//3766
f 3766//3766 3773//3773 3774//3774
f 3766//3766 3774//3774 3767//3767
f 3767//3767 3774//3774 3775//3775
f 3767//3767 3775//3775 3768//3768
f 3768//3768 3775//3775 3776//3776
f 3768//3768 3776//3776 3769//3769
f 3769//3769 3776//3776 3777//3777
f 3769//3769 3777//3777 3770//3770
f 3770//3770 3777//3777 3778//3778
f 3770//3770 3778//3778 3714//3714
f 3771//3771 3705//3705 3779//3779
f 3771//3771 3779//3779 3772//3772
f 3772//3772 3779//3779 3780//3780
f 3772//3772 3780//3780 3773//3773
f 3773//3773 3780//3780 3781//3781
f 3773//3773 3781//3781 3774//3774
f 3774//3774 3781//3781 3782//3782
f 3774//3774 3782//3782 3775//3775
f 3775//3775 3782//3782 3783//3783
f 3775//3775 3783//3783 3776//3776
f 3776//3776 3783//3783 3784//3784
f 3776//3776 3784//3784 3777//3777
f 3777//3777 3784//3784 3785//3785
f 3777//3777 3785//3785 3778//3778
f 3778//3778 3785//3785 3786//3786
f 3778//3778 3786//3786 3714//3714
f 3779//3779 3705//3705 3706//3706
f 3779//3779 3706//3706 3780//3780
f 3780//3780 3706//3706 3707//3707
f 3780//3780 3707//3707 3781//3781
f 3781//3781 3707//3707 3708//3708
f 3781//3781 3708//3708 3782//3782
f 3782//3782 3708//3708 3709//3709
f 3782//3782 3709//3709 3783//3783
f 3783//3783 3709//3709 3710//3710
f 3783//3783 3710//3710 3784//3784
f 3784//3784 3710//3710 3711//3711
f 3784//3784 3711//3711 3785//3785
f 3785//3785 3711//3711 3712//3712
f 3785//3785 3712//3712 3786//3786
f 3786//3786 3712//3712 3713//3713
f 3786//3786 3713//3713 3714//3714
f 3788//3788 3787//3787 3797//3797
f 3788//3788 3797//3797 3789//3789
f 3789//3789 3797//3797 3798//3798
f 3789//3789 3798//3798 3790//3790
f 3790//3790 3798//3798 3799//3799
f 3790//3790 3799//3799 3791//3791
f 3791//3791 3799//3799 3800//3800
f 3791//3791 3800//3800 3792//3792
f 3792//3792 3800//3800 3801//3801
f 3792//3792 3801//3801 3793//3793
f 3793//3793 3801//3801 3802//3802
f 3793//3793 3802//3802 3794//3794
f 3794//3794 3802//3802 3803//3803
f 3794//3794 3803//3803 3795//3795
f 3795//3795 3803//3803 3804//3804
f 3795//3795 3804//3804 3796//3796
f 3797//3797 3787//3787 3805//3805
f 3797//3797 3805//3805 3798//3798
f 3798//3798 3805//3805 3806//3806
f 3798//3798 3806//3806 3799//3799
f 3799//3799 3806//3806 3807//3807
f 3799//3799 3807//3807 3800//3800
f 3800//3800 3807//3807 3808//3808
f 3800//3800 3808//3808 3801//3801
f 3801//3801 3808//3808 3809//3809
f 3801//3801 3809//3809 3802//3802
f 3802//3802 3809//3809 3810//3810
f 3802//3802 3810//3810 3803//3803
f 3803//3803 3810//3810 3811//3811
f 3803//3803 3811//3811 3804//3804
f 3804//3804 3811//3811 3812//3812
f 3804//3804 3812//3812 3796//3796
f 3805//3805 3787//3787 3813//3813
f 3805//3805 3813//3813 3806//3806
f 3806//3806 3813//3813 3814//3814
f 3806//3806 3814//3814 3807//3807
f 3807//3807 3814//3814 3815//3815
f 3807//3807 3815//3815 3808//3808
f 3808//3808 3815//3815 3816//3816
f 3808//3808 3816//3816 3809//3809
f 3809//3809 3816//3816 3817//3817
f 3809//3809 3817//3817 3810//3810
f 3810//3810 3817//3817 3818//3818
f 3810//3810 3818//3818 3811//3811
f 3811//3811 3818//3818 3819//3819
f 3811//3811 3819//3819 3812//3812
f 3812//3812 3819//3819 3820//3820
f 3812//3812 3820//3820 3796//3796
f 3813//3813 3787//3787 3821//3821
f 3813//3813 3821//3821 3814//3814
f 3814//3814 3821//3821 3822//3822
f 3814//3814 3822//3822 3815//3815
f 3815//3815 3822//3822 3823//3823
f 3815//3815 3823//3823 3816//3816
f 3816//3816 3823//3823 3824//3824
f 3816//3816 3824//3824 3817//3817
f 3817//3817 3824//3824 3825//3825
f 3817//3817 3825//3825 3818//3818
f 3818//3818 3825//3825 3826//3826
f 3818//3818 3826//3826 3819//3819
f 3819//3819 3826//3826 3827//3827
f 3819//3819 3827//3827 3820//3820
f 3820//3820 3827//3827 3828//3828
f 3820//3820 3828//3828 3796//3796
f 3821//3821 3787//3787 3829//3829
f 3821//3821 3829//3829 3822//3822
f 3822//3822 3829//3829 3830//3830
f 3822//3822 3830//3830 3823//3823
f 3823//3823 3830//3830 3831//3831
f 3823//3823 3831//3831 3824//3824
f 3824//3824 3831//3831 3832//3832
f 3824//3824 3832//3832 3825//3825
f 3825//3825 3832//3832 3833//3833
f 3825//3825 3833//3833 3826//3826
f 3826//3826 3833//3833 3834//3834
f 3826//3826 3834//3834 3827//3827
f 3827//3827 3834//3834 3835//3835
f 3827//3827 3835//3835 3828//3828
f 3828//3828 3835//3835 3836//3836
f 3828//3828 3836//3836 3796//3796
f 3829//3829 3787//3787 3837//3837
f 3829//3829 3837//3837 3830//3830
f 3830//3830 3837//3837 3838//3838
f 3830//3830 3838//3838 3831//3831
f 3831//3831 3838//3838 3839//3839
f 3831//3831 3839//3839 3832//3832
f 3832//3832 3839//3839 3840//3840
f 3832//3832 3840//3840 3833//3833
f 3833//3833 3840//3840 3841//3841
f 3833//3833 3841//3841 3834//3834
f 3834//3834 3841//3841 3842//3842
f 3834//3834 3842//3842 3835//3835
f 3835//3835 3842//3842 3843//3843
f 3835//3835 3843//3843 3836//3836
f 3836//3836 3843//3843 3844//3844
f 3836//3836 3844//3844 3796//3796
f 3837//3837 3787//3787 3845//3845
f 3837//3837 3845//3845 3838//3838
f 3838//3838 3845//3845 3846//3846
f 3838//3838 3846//3846 3839//3839
f 3839//3839 3846//3846 3847//3847
f 3839//3839 3847//3847 3840//3840
f 3840//3840 3847//3847 3848//3848
f 3840//3840 3848//3848 3841//3841
f 3841//3841 3848//3848 3849//3849
f 3841//3841 3849//3849 3842//3842
f 3842//3842 3849//3849 3850//3850
f 3842//3842 3850//3850 3843//3843
f 3843//3843 3850//3850 3851//3851
f 3843//3843 3851//3851 3844//3844
f 3844//3844 3851//3851 3852//3852
f 3844//3844 3852//3852 3796//3796
f 3845//3845 3787//3787 3853//3853
f 3845//3845 3853//3853 3846//3846
f 3846//3846 3853//3853 3854//3854
f 3846//3846 3854//3854 3847//3847
f 3847//3847 3854//3854 3855//3855
f 3847//3847 3855//3855 3848//3848
f 3848//3848 3855//3855 3856//3856
f 3848//3848 3856//3856 3849//3849
f 3849//3849 3856//3856 3857//3857
f 3849//3849 3857//3857 3850//3850
f 3850//3850 3857//3857 3858//3858
f 3850//3850 3858//3858 3851//3851
f 3851//3851 3858//3858 3859//3859
f 3851//3851 3859//3859 3852//3852
f 3852//3852 3859//3859 3860//3860
f 3852//3852 3860//3860 3796//3796
f 3853//3853 3787//3787 3861//3861
f 3853//3853 3861//3861 3854//3854
f 3854//3854 3861//3861 3862//3862
f 3854//3854 3862//3862 3855//3855
f 3855//3855 3862//3862 3863//3863
f 3855//3855 3863//3863 3856//3856
f 3856//3856 3863//3863 3864//3864
f 3856//3856 3864//3864 3857//3857
f 3857//3857 3864//3864 3865//3865
f 3857//3857 3865//3865 3858//3858
f 3858//3858 3865//3865 3866//3866
f 3858//3858 3866//3866 3859//3859
f 3859//3859 3866//3866 3867//3867
f 3859//3859 3867//3867 3860//3860
f 3860//3860 3867//3867 3868//3868
f 3860//3860 3868//3868 3796//3796
f 3861//3861 3787//3787 3788//3788
f 3861//3861 3788//3788 3862//3862
f 3862//3862 3788//3788 3789//3789
f 3862//3862 3789//3789 3863//3863
f 3863//3863 3789//3789 3790//3790
f 3863//3863 3790//3790 3864//3864
f 3864//3864 3790//3790 3791//3791
f 3864//3864 3791//3791 3865//3865
f 3865//3865 3791//3791 3792//3792
f 3865//3865 3792//3792 3866//3866
f 3866//3866 3792//3792 3793//3793
f 3866//3866 3793//3793 3867//3867
f 3867//3867 3793//3793 3794//3794
f 3867//3867 3794//3794 3868//3868
f 3868//3868 3794//3794 3795//3795
f 3868//3868 3795//3795 3796//3796
f 3870//3870 3869//3869 3879//3879
f 3870//3870 3879//3879 3871//3871
f 3871//3871 3879//3879 3880//3880
f 3871//3871 3880//3880 3872//3872
f 3872//3872 3880//3880 3881//3881
f 3872//3872 3881//3881 3873//3873
f 3873//3873 3881//3881 3882//3882
f 3873//3873 3882//3882 3874//3874
f 3874//3874 3882//3882 3883//3883
f 3874//3874 3883//3883 3875//3875
f 3875//3875 3883//3883 3884//3884
f 3875//3875 3884//3884 3876//3876
f 3876//3876 3884//3884 3885//3885
f 3876//3876 3885//3885 3877//3877
f 3877//3877 3885//3885 3886//3886
f 3877//3877 3886//3886 3878//3878
f 3879//3879 3869//3869 3887//3887
f 3879//3879 3887//3887 3880//3880
f 3880//3880 3887//3887 3888//3888
f 3880//3880 3888//3888 3881//3881
f 3881//3881 3888//3888 3889//3889
f 3881//3881 3889//3889 3882//3882
f 3882//3882 3889//3889 3890//3890
f 3882//3882 3890//3890 3883//3883
f 3883//3883 3890//3890 3891//3891
f 3883//3883 3891//3891 3884//3884
f 3884//3884 3891//3891 3892//3892
f 3884//3884 3892//3892 3885//3885
f 3885//3885 3892//3892 3893//3893
f 3885//3885 3893//3893 3886//3886
f 3886//3886 3893//3893 3894//3894
f 3886//3886 3894//3894 3878//3878
f 3887//3887 3869//3869 3895//3895
f 3887//3887 3895//3895 3888//3888
f 3888//3888 3895//3895 3896//3896
f 3888//3888 3896//3896 3889//3889
f 3889//3889 3896//3896 3897//3897
f 3889//3889 3897//3897 3890//3890
f 3890//3890 3897//3897 3898//3898
f 3890//3890 3898//3898 3891//3891
f 3891//3891 3898//3898 3899//3899
f 3891//3891 3899//3899 3892//3892
f 3892//3892 3899//3899 3900//3900
f 3892//3892 3900//3900 3893//3893
f 3893//3893 3900//3900 3901//3901
f 3893//3893 3901//3901 3894//3894
f 3894//3894 3901//3901 3902//3902
f 3894//3894 3902//3902 3878//3878
f 3895//3895 3869//3869 3903//3903
f 3895//3895 3903//3903 3896//3896
f 3896//3896 3903//3903 3904//3904
f 3896//3896 3904//3904 3897//3897
f 3897//3897 3904//3904 3905//3905
f 3897//3897 3905//3905 3898//3898
f 3898//3898 3905//3905 3906//3906
f 3898//3898 3906//3906 3899//3899
f 3899//3899 3906//3906 3907//3907
f 3899//3899 3907//3907 3900//3900
f 3900//3900 3907//3907 3908//3908
f 3900//3900 3908//3908 3901//3901
f 3901//3901 3908//3908 3909//3909
f 3901//3901 3909//3909 3902//3902
f 3902//3902 3909//3909 3910//3910
f 3902//3902 3910//3910 3878//3878
f 3903//3903 3869//3869 3911//3911
f 3903//3903 3911//3911 3904//3904
f 3904//3904 3911//3911 3912//3912
f 3904//3904 3912//3912 3905//3905
f 3905//3905 3912//3912 3913//3913
f 3905//3905 3913//3913 3906//3906
f 3906//3906 3913//3913 3914//3914
f 3906//3906 3914//3914 3907//3907
f 3907//3907 3914//3914 3915//3915
f 3907//3907 3915//3915 3908//3908
f 3908//3908 3915//3915 3916//3916
f 3908//3908 3916//3916 3909//3909
f 3909//3909 3916//3916 3917//3917
f 3909//3909 3917//3917 3910//3910
f 3910//3910 3917//3917 3918//3918
f 3910//3910 3918//3918 3878//3878
f 3911//3911 3869//3869 3919//3919
f 3911//3911 3919//3919 3912//3912
f 3912//3912 3919//3919 3920//3920
f 3912//3912 3920//3920 3913//3913
f 3913//3913 3920//3920 3921//3921
f 3913//3913 3921//3921 3914//3914
f 3914//3914 3921//3921 3922//3922
f 3914//3914 3922//3922 3915//3915
f 3915//3915 3922//3922 3923//3923
f 3915//3915 3923//3923 3916//3916
f 3916//3916 3923//3923 3924//3924
f 3916//3916 3924//3924 3917//3917
f 3917//3917 3924//3924 3925//3925
f 3917//3917 3925//3925 3918//3918
f 3918//3918 3925//3925 3926//3926
f 3918//3918 3926//3926 3878//3878
f 3919//3919 3869//3869 3927//3927
f 3919//3919 3927//3927 3920//3920
f 3920//3920 3927//3927 3928//3928
f 3920//3920 3928//3928 3921//3921
f 3921//3921 3928//3928 3929//3929
f 3921//3921 3929//3929 3922//3922
f 3922//3922 3929//3929 3930//3930
f 3922//3922 3930//3930 3923//3923
f 3923//3923 3930//3930 3931//3931
f 3923//3923 3931//3931 3924//3924
f 3924//3924 3931//3931 3932//3932
f 3924//3924 3932//3932 3925//3925
f 3925//3925 3932//3932 3933//3933
f 3925//3925 3933//3933 3926//3926
f 3926//3926 3933//3933 3934//3934
f 3926//3926 3934//3934 3878//3878
f 3927//3927 3869//3869 3935//3935
f 3927//3927 3935//3935 3928//3928
f 3928//3928 3935//3935 3936//3936
f 3928//3928 3936//3936 3929//3929
f 3929//3929 3936//3936 3937//3937
f 3929//3929 3937//3937 3930//3930
f 3930//3930 3937//3937 3938//3938
f 3930//3930 3938//3938 3931//3931
f 3931//3931 3938//3938 3939//3939
f 3931//3931 3939//3939 3932//3932
f 3932//3932 3939//3939 3940//3940
f 3932//3932 3940//3940 3933//3933
f 3933//3933 3940//3940 3941//3941
f 3933//3933 3941//3941 3934//3934
f 3934//3934 3941//3941 3942//3942
f 3934//3934 3942//3942 3878//3878
f 3935//3935 3869//3869 3943//3943
f 3935//3935 3943//3943 3936//3936
f 3936//3936 3943//3943 3944//3944
f 3936//3936 3944//3944 3937//3937
f 3937//3937 3944//3944 3945//3945
f 3937//3937 3945//3945 3938//3938
f 3938//3938 3945//3945 3946//3946
f 3938//3938 3946//3946 3939//3939
f 3939//3939 3946//3946 3947//3947
f 3939//3939 3947//3947 3940//3940
f 3940//3940 3947//3947 3948//3948
f 3940//3940 3948//3948 3941//3941
f 3941//3941 3948//3948 3949//3949
f 3941//3941 3949//3949 3942//3942
f 3942//3942 3949//3949 3950//3950
f 3942//3942 3950//3950 3878//3878
f 3943//3943 3869//3869 3870//3870
f 3943//3943 3870//3870 3944//3944
f 3944//3944 3870//3870 3871//3871
f 3944//3944 3871//3871 3945//3945
f 3945//3945 3871//3871 3872//3872
f 3945//3945 3872//3872 3946//3946
f 3946//3946 3872//3872 3873//3873
f 3946//3946 3873//3873 3947//3947
f 3947//3947 3873//3873 3874//3874
f 3947//3947 3874//3874 3948//3948
f 3948//3948 3874//3874 3875//3875
f 3948//3948 3875//3875 3949//3949
f 3949//3949 3875//3875 3876//3876
f 3949//3949 3876//3876 3950//3950
f 3950//3950 3876//3876 3877//3877
f 3950//3950 3877//3877 3878//3878
f 3952//3952 3951//3951 3961//3961
f 3952//3952 3961//3961 3953//3953
f 3953//3953 3961//3961 3962//3962
f 3953//3953 3962//3962 3954//3954
f 3954//3954 3962//3962 3963//3963
f 3954//3954 3963//3963 3955//3955
f 3955//3955 3963//3963 3964//3964
f 3955//3955 3964//3964 3956//3956
f 3956//3956 3964//3964 3965//3965
f 3956//3956 3965//3965 3957//3957
f 3957//3957 3965//3965 3966//3966
f 3957//3957 3966//3966 3958//3958
f 3958//3958 3966//3966 3967//3967
f 3958//3958 3967//3967 3959//3959
f 3959//3959 3967//3967 3968//3968
f 3959//3959 3968//3968 3960//3960
f 3961//3961 3951//3951 3969//3969
f 3961//3961 3969//3969 3962//3962
f 3962//3962 3969//3969 3970//3970
f 3962//3962 3970//3970 3963//3963
f 3963//3963 3970//3970 3971//3971
f 3963//3963 3971//3971 3964//3964
f 3964//3964 3971//3971 3972//3972
f 3964//3964 3972//3972 3965//3965
f 3965//3965 3972//3972 3973//3973
f 3965//3965 3973//3973 3966//3966
f 3966//3966 3973//3973 3974//3974
f 3966//3966 3974//3974 3967//3967
f 3967//3967 3974//3974 3975//3975
f 3967//3967 3975//3975 3968//3968
f 3968//3968 3975//3975 3976//3976
f 3968//3968 3976//3976 3960//3960
f 3969//3969 3951//3951 3977//3977
f 3969//3969 3977//3977 3970//3970
f 3970//3970 3977//3977 3978//3978
f 3970//3970 3978//3978 3971//3971
f 3971//3971 3978//3978 3979//3979
f 3971//3971 3979//3979 3972//3972
f 3972//3972 3979//3979 3980//3980
f 3972//3972 3980//3980 3973//3973
f 3973//3973 3980//3980 3981//3981
f 3973//3973 3981//3981 3974//3974
f 3974//3974 3981//3981 3982//3982
f 3974//3974 3982//3982 3975//3975
f 3975//3975 3982//3982 3983//3983
f 3975//3975 3983//3983 3976//3976
f 3976//3976 3983//3983 3984//3984
f 3976//3976 3984//3984 3960//3960
f 3977//3977 3951//3951 3985//3985
f 3977//3977 3985//3985 3978//3978
f 3978//3978 3985//3985 3986//3986
f 3978//3978 3986//3986 3979//3979
f 3979//3979 3986//3986 3987//3987
f 3979//3979 3987//3987 3980//3980
f 3980//3980 3987//3987 3988//3988
f 3980//3980 3988//3988 3981//3981
f 3981//3981 3988//3988 3989//3989
f 3981//3981 3989//3989 3982//3982
f 3982//3982 3989//3989 3990//3990
f 3982//3982 3990//3990 3983//3983
f 3983//3983 3990//3990 3991//3991
f 3983//3983 3991//3991 3984//3984
f 3984//3984 3991//3991 3992//3992
f 3984//3984 3992//3992 3960//3960
f 3985//3985 3951//3951 3993//3993
f 3985//3985 3993//3993 3986//3986
f 3986//3986 3993//3993 3994//3994
f 3986//3986 3994//3994 3987//3987
f 3987//3987 3994//3994 3995//3995
f 3987//3987 3995//3995 3988//3988
f 3988//3988 3995//3995 3996//3996
f 3988//3988 3996//3996 3989//3989
f 3989//3989 3996//3996 3997//3997
f 3989//3989 3997//3997 3990//3990
f 3990//3990 3997//3997 3998//3998
f 3990//3990 3998//3998 3991//3991
f 3991//3991 3998//3998 3999//3999
f 3991//3991 3999//3999 3992//3992
f 3992//3992 3999//3999 4000//4000
f 3992//3992 4000//4000 3960//3960
f 3993//3993 3951//3951 4001//4001
f 3993//3993 4001//4001 3994//3994
f 3994//3994 4001//4001 4002//4002
f 3994//3994 4002//4002 3995//3995
f 3995//3995 4002//4002 4003//4003
f 3995//3995 4003//4003 3996//3996
f 3996//3996 4003//4003 4004//4004
f 3996//3996 4004//4004 3997//3997
f 3997//3997 4004//4004 4005//4005
f 3997//3997 4005//4005 3998//3998
f 3998//3998 4005//4005 4006//4006
f 3998//3998 4006//4006 3999//3999
f 3999//3999 4006//4006 4007//4007
f 3999//3999 4007//4007 4000//4000
f 4000//4000 4007//4007 4008//4008
f 4000//4000 4008//4008 3960//3960
f 4001//4001 3951//3951 4009//4009
f 4001//4001 4009//4009 4002//4002
f 4002//4002 4009//4009 4010//4010
f 4002//4002 4010//4010 4003//4003
f 4003//4003 4010//4010 4011//4011
f 4003//4003 4011//4011 4004//4004
f 4004//4004 4011//4011 4012//4012
f 4004//4004 4012//4012 4005//4005
f 4005//4005 4012//4012 4013//4013
f 4005//4005 4013//4013 4006//4006
f 4006//4006 4013//4013 4014//4014
f 4006//4006 4014//4014 4007//4007
f 4007//4007 4014//4014 4015//4015
f 4007//4007 4015//4015 4008//4008
f 4008//4008 4015//4015 4016//4016
f 4008//4008 4016//4016 3960//3960
f 4009//4009 3951//3951 4017//4017
f 4009//4009 4017//4017 4010//4010
f 4010//4010 4017//4017 4018//4018
f 4010//4010 4018//4018 4011//4011
f 4011//4011 4018//4018 4019//4019
f 4011//4011 4019//4019 4012//4012
f 4012//4012 4019//4019 4020//4020
f 4012//4012 4020//4020 4013//4013
f 4013//4013 4020//4020 4021//4021
f 4013//4013 4021//4021 4014//4014
f 4014//4014 4021//4021 4022//4022
f 4014//4014 4022//4022 4015//4015
f 4015//4015 4022//4022 4023//4023
f 4015//4015 4023//4023 4016//4016
f 4016//4016 4023//4023 4024//4024
f 4016//4016 4024//4024 3960//3960
f 4017//4017 3951//3951 4025//4025
f 4017//4017 4025//4025 4018//4018
f 4018//4018 4025//4025 4026//4026
f 4018//4018 4026//4026 4019//4019
f 4019//4019 4026//4026 4027//4027
f 4019//4019 4027//4027 4020//4020
f 4020//4020 4027//4027 4028//4028
f 4020//4020 4028//4028 4021//4021
f 4021//4021 4028//4028 4029//4029
f 4021//4021 4029//4029 4022//4022
f 4022//4022 4029//4029 4030//4030
f 4022//4022 4030//4030 4023//4023
f 4023//4023 4030//4030 4031//4031
f 4023//4023 4031//4031 4024//4024
f 4024//4024 4031//4031 4032//4032
f 4024//4024 4032//4032 3960//3960
f 4025//4025 3951//3951 3952//3952
f 4025//4025 3952//3952 4026//4026
f 4026//4026 3952//3952 3953//3953
f 4026//4026 3953//3953 4027//4027
f 4027//4027 3953//3953 3954//3954
f 4027//4027 3954//3954 4028//4028
f 4028//4028 3954//3954 3955//3955
f 4028//4028 3955//3955 4029//4029
f 4029//4029 3955//3955 3956//3956
f 4029//4029 3956//3956 4030//4030
f 4030//4030 3956//3956 3957//3957
f 4030//4030 3957//3957 4031//4031
f 4031//4031 3957//3957 3958//3958
f 4031//4031 3958//3958 4032//4032
f 4032//4032 3958//3958 3959//3959
f 4032//4032 3959//3959 3960//3960
f 4034//4034 4033//4033 4043//4043
f 4034//4034 4043//4043 4035//4035
f 4035//4035 4043//4043 4044//4044
f 4035//4035 4044//4044 4036//4036
f 4036//4036 4044//4044 4045//4045
f 4036//4036 4045//4045 4037//4037
f 4037//4037 4045//4045 4046//4046
f 4037//4037 4046//4046 4038//4038
f 4038//4038 4046//4046 4047//4047
f 4038//4038 4047//4047 4039//4039
f 4039//4039 4047//4047 4048//4048
f 4039//4039 4048//4048 4040//4040
f 4040//4040 4048//4048 4049//4049
f 4040//4040 4049//4049 4041//4041
f 4041//4041 4049//4049 4050//4050
f 4041//4041 4050//4050 4042//4042
f 4043//4043 4033//4033 4051//4051
f 4043//4043 4051//4051 4044//4044
f 4044//4044 4051//4051 4052//4052
f 4044//4044 4052//4052 4045//4045
f 4045//4045 4052//4052 4053//4053
f 4045//4045 4053//4053 4046//4046
f 4046//4046 4053//4053 4054//4054
f 4046//4046 4054//4054 4047//4047
f 4047//4047 4054//4054 4055//4055
f 4047//4047 4055//4055 4048//4048
f 4048//4048 4055//4055 4056//4056
f 4048//4048 4056//4056 4049//4049
f 4049//4049 4056//4056 4057//4057
f 4049//4049 4057//4057 4050//4050
f 4050//4050 4057//4057 4058//4058
f 4050//4050 4058//4058 4042//4042
f 4051//4051 4033//4033 4059//4059
f 4051//4051 4059//4059 4052//4052
f 4052//4052 4059//4059 4060//4060
f 4052//4052 4060//4060 4053//4053
f 4053//4053 4060//4060 4061//4061
f 4053//4053 4061//4061 4054//4054
f 4054//4054 4061//4061 4062//4062
f 4054//4054 4062//4062 4055//4055
f 4055//4055 4062//4062 4063//4063
f 4055//4055 4063//4063 4056//4056
f 4056//4056 4063//4063 4064//4064
f 4056//4056 4064//4064 4057//4057
f 4057//4057 4064//4064 4065//4065
f 4057//4057 4065//4065 4058//4058
f 4058//4058 4065//4065 4066//4066
f 4058//4058 4066//4066 4042//4042
f 4059//4059 4033//4033 4067//4067
f 4059//4059 4067//4067 4060//4060
f 4060//4060 4067//4067 4068//4068
f 4060//4060 4068//4068 4061//4061
f 4061//4061 4068//4068 4069//4069
f 4061//4061 4069//4069 4062//4062
f 4062//4062 4069//4069 4070//4070
f 4062//4062 4070//4070 4063//4063
f 4063//4063 4070//4070 4071//4071
f 4063//4063 4071//4071 4064//4064
f 4064//4064 4071//4071 4072//4072
f 4064//4064 4072//4072 4065//4065
f 4065//4065 4072//4072 4073//4073
f 4065//4065 4073//4073 4066//4066
f 4066//4066 4073//4073 4074//4074
f 4066//4066 4074//4074 4042//4042
f 4067//4067 4033//4033 4075//4075
f 4067//4067 4075//4075 4068//4068
f 4068//4068 4075//4075 4076//4076
f 4068//4068 4076//4076 4069//4069
f 4069//4069 4076//4076 4077//4077
f 4069//4069 4077//4077 4070//4070
f 4070//4070 4077//4077 4078//4078
f 4070//4070 4078//4078 4071//4071
f 4071//4071 4078//4078 4079//4079
f 4071//4071 4079//4079 4072//4072
f 4072//4072 4079//4079 4080//4080
f 4072//4072 4080//4080 4073//4073
f 4073//4073 4080//4080 4081//4081
f 4073//4073 4081//4081 4074//4074
f 4074//4074 4081//4081 4082//4082
f 4074//4074 4082//4082 4042//4042
f 4075//4075 4033//4033 4083//4083
f 4075//4075 4083//4083 4076//4076
f 4076//4076 4083//4083 4084//4084
f 4076//4076 4084//4084 4077//4077
f 4077//4077 4084//4084 4085//4085
f 4077//4077 4085//4085 4078//4078
f 4078//4078 4085//4085 4086//4086
f 4078//4078 4086//4086 4079//4079
f 4079//4079 4086//4086 4087//4087
f 4079//4079 4087//4087 4080//4080
f 4080//4080 4087//4087 4088//4088
f 4080//4080 4088//4088 4081//4081
f 4081//4081 4088//4088 4089//4089
f 4081//4081 4089//4089 4082//4082
f 4082//4082 4089//4089 4090//4090
f 4082//4082 4090//4090 4042//4042
f 4083//4083 4033//4033 4091//4091
f 4083//4083 4091//4091 4084//4084
f 4084//4084 4091//4091 4092//4092
f 4084//4084 4092//4092 4085//4085
f 4085//4085 4092//4092 4093//4093
f 4085//4085 4093//4093 4086//4086
f 4086//4086 4093//4093 4094//4094
f 4086//4086 4094//4094 4087//4087
f 4087//4087 4094//4094 4095//4095
f 4087//4087 4095//4095 4088//4088
f 4088//4088 4095//4095 4096//4096
f 4088//4088 4096//4096 4089//4089
f 4089//4089 4096//4096 4097//4097
f 4089//4089 4097//4097 4090//4090
f 4090//4090 4097//4097 4098//4098
f 4090//4090 4098//4098 4042//4042
f 4091//4091 4033//4033 4099//4099
f 4091//4091 4099//4099 4092//4092
f 4092//4092 4099//4099 4100//4100
f 4092//4092 4100//4100 4093//4093
f 4093//4093 4100//4100 4101//4101
f 4093//4093 4101//4101 4094//4094
f 4094//4094 4101//4101 4102//4102
f 4094//4094 4102//4102 4095//4095
f 4095//4095 4102//4102 4103//4103
f 4095//4095 4103//4103 4096//4096
f 4096//4096 4103//4103 4104//4104
f 4096//4096 4104//4104 4097//4097
f 4097//4097 4104//4104 4105//4105
f 4097//4097 4105//4105 4098//4098
f 4098//4098 4105//4105 4106//4106
f 4098//4098 4106//4106 4042//4042
f 4099//4099 4033//4033 4107//4107
f 4099//4099 4107//4107 4100//4100
f 4100//4100 4107//4107 4108//4108
f 4100//4100 4108//4108 4101//4101
f 4101//4101 4108//4108 4109//4109
f 4101//4101 4109//4109 4102//4102
f 4102//4102 4109//4109 4110//4110
f 4102//4102 4110//4110 4103//4103
f 4103//4103 4110//4110 4111//4111
f 4103//4103 4111//4111 4104//4104
f 4104//4104 4111//4111 4112//4112
f 4104//4104 4112//4112 4105//4105
f 4105//4105 4112//4112 4113//4113
f 4105//4105 4113//4113 4106//4106
f 4106//4106 4113//4113 4114//4114
f 4106//4106 4114//4114 4042//4042
f 4107//4107 4033//4033 4034//4034
f 4107//4107 4034//4034 4108//4108
f 4108//4108 4034//4034 4035//4035
f 4108//4108 4035//4035 4109//4109
f 4109//4109 4035//4035 4036//4036
f 4109//4109 4036//4036 4110//4110
f 4110//4110 4036//4036 4037//4037
f 4110//4110 4037//4037 4111//4111
f 4111//4111 4037//4037 4038//4038
f 4111//4111 4038//4038 4112//4112
f 4112//4112 4038//4038 4039//4039
f 4112//4112 4039//4039 4113//4113
f 4113//4113 4039//4039 4040//4040
f 4113//4113 4040//4040 4114//4114
f 4114//4114 4040//4040 4041//4041
f 4114//4114 4041//4041 4042//4042
f 4116//4116 4115//4115 4125//4125
f 4116//4116 4125//4125 4117//4117
f 4117//4117 4125//4125 4126//4126
f 4117//4117 4126//4126 4118//4118
f 4118//4118 4126//4126 4127//4127
f 4118//4118 4127//4127 4119//4119
f 4119//4119 4127//4127 4128//4128
f 4119//4119 4128//4128 4120//4120
f 4120//4120 4128//4128 4129//4129
f 4120//4120 4129//4129 4121//4121
f 4121//4121 4129//4129 4130//4130
f 4121//4121 4130//4130 4122//4122
f 4122//4122 4130//4130 4131//4131
f 4122//4122 4131//4131 4123//4123
f 4123//4123 4131//4131 4132//4132
f 4123//4123 4132//4132 4124//4124
f 4125//4125 4115//4115 4133//4133
f 4125//4125 4133//4133 4126//4126
f 4126//4126 4133//4133 4134//4134
f 4126//4126 4134//4134 4127//4127
f 4127//4127 4134//4134 4135//4135
f 4127//4127 4135//4135 4128//4128
f 4128//4128 4135//4135 4136//4136
f 4128//4128 4136//4136 4129//4129
f 4129//4129 4136//4136 4137//4137
f 4129//4129 4137//4137 4130//4130
f 4130//4130 4137//4137 4138//4138
f 4130//4130 4138//4138 4131//4131
f 4131//4131 4138//4138 4139//4139
f 4131//4131 4139//4139 4132//4132
f 4132//4132 4139//4139 4140//4140
f 4132//4132 4140//4140 4124//4124
f 4133//4133 4115//4115 4141//4141
f 4133//4133 4141//4141 4134//4134
f 4134//4134 4141//4141 4142//4142
f 4134//4134 4142//4142 4135//4135
f 4135//4135 4142//4142 4143//4143
f 4135//4135 4143//4143 4136//4136
f 4136//4136 4143//4143 4144//4144
f 4136//4136 4144//4144 4137//4137
f 4137//4137 4144//4144 4145//4145
f 4137//4137 4145//4145 4138//4138
f 4138//4138 4145//4145 4146//4146
f 4138//4138 4146//4146 4139//4139
f 4139//4139 4146//4146 4147//4147
f 4139//4139 4147//4147 4140//4140
f 4140//4140 4147//4147 4148//4148
f 4140//4140 4148//4148 4124//4124
f 4141//4141 4115//4115 4149//4149
f 4141//4141 4149//4149 4142//4142
f 4142//4142 4149//4149 4150//4150
f 4142//4142 4150//4150 4143//4143
f 4143//4143 4150//4150 4151//4151
f 4143//4143 4151//4151 4144//4144
f 4144//4144 4151//4151 4152//4152
f 4144//4144 4152//4152 4145//4145
f 4145//4145 4152//4152 4153//4153
f 4145//4145 4153//4153 4146//4146
f 4146//4146 4153//4153 4154//4154
f 4146//4146 4154//4154 4147//4147
f 4147//4147 4154//4154 4155//4155
f 4147//4147 4155//4155 4148//4148
f 4148//4148 4155//4155 4156//4156
f 4148//4148 4156//4156 4124//4124
f 4149//4149 4115//4115 4157//4157
f 4149//4149 4157//4157 4150//4150
f 4150//4150 4157//4157 4158//4158
f 4150//4150 4158//4158 4151//4151
f 4151//4151 4158//4158 4159//4159
f 4151//4151 4159//4159 4152//4152
f 4152//4152 4159//4159 4160//4160
f 4152//4152 4160//4160 4153//4153
f 4153//4153 4160//4160 4161//4161
f 4153//4153 4161//4161 4154//4154
f 4154//4154 4161//4161 4162//4162
f 4154//4154 4162//4162 4155//4155
f 4155//4155 4162//4162 4163//4163
f 4155//4155 4163//4163 4156//4156
f 4156//4156 4163//4163 4164//4164
f 4156//4156 4164//4164 4124//4124
f 4157//4157 4115//4115 4165//4165
f 4157//4157 4165//4165 4158//4158
f 4158//4158 4165//4165 4166//4166
f 4158//4158 4166//4166 4159//4159
f 4159//4159 4166//4166 4167//4167
f 4159//4159 4167//4167 4160//4160
f 4160//4160 4167//4167 4168//4168
f 4160//4160 4168//4168 4161//4161
f 4161//4161 4168//4168 4169//4169
f 4161//4161 4169//4169 4162//4162
f 4162//4162 4169//4169 4170//4170
f 4162//4162 4170//4170 4163//4163
f 4163//4163 4170//4170 4171//4171
f 4163//4163 4171//4171 4164//4164
f 4164//4164 4171//4171 4172//4172
f 4164//4164 4172//4172 4124//4124
f 4165//4165 4115//4115 4173//4173
f 4165//4165 4173//4173 4166//4166
f 4166//4166 4173//4173 4174//4174
f 4166//4166 4174//4174 4167//4167
f 4167//4167 4174//4174 4175//4175
f 4167//4167 4175//4175 4168//4168
f 4168//4168 4175//4175 4176//4176
f 4168//4168 4176//4176 4169//4169
f 4169//4169 4176//4176 4177//4177
f 4169//4169 4177//4177 4170//4170
f 4170//4170 4177//4177 4178//4178
f 4170//4170 4178//4178 4171//4171
f 4171//4171 4178//4178 4179//4179
f 4171//4171 4179//4179 4172//4172
f 4172//4172 4179//4179 4180//4180
f 4172//4172 4180//4180 4124//4124
f 4173//4173 4115//4115 4181//4181
f 4173//4173 4181//4181 4174//4174
f 4174//4174 4181//4181 4182//4182
f 4174//4174 4182//4182 4175//4175
f 4175//4175 4182//4182 4183//4183
f 4175//4175 4183//4183 4176//4176
f 4176//4176 4183//4183 4184//4184
f 4176//4176 4184//4184 4177//4177
f 4177//4177 4184//4184 4185//4185
f 4177//4177 4185//4185 4178//4178
f 4178//4178 4185//4185 4186//4186
f 4178//4178 4186//4186 4179//4179
f 4179//4179 4186//4186 4187//4187
f 4179//4179 4187//4187 4180//4180
f 4180//4180 4187//4187 4188//4188
f 4180//4180 4188//4188 4124//4124
f 4181//4181 4115//4115 4189//4189
f 4181//4181 4189//4189 4182//4182
f 4182//4182 4189//4189 4190//4190
f 4182//4182 4190//4190 4183//4183
f 4183//4183 4190//4190 4191//4191
f 4183//4183 4191//4191 4184//4184
f 4184//4184 4191//4191 4192//4192
f 4184//4184 4192//4192 4185//4185
f 4185//4185 4192//4192 4193//4193
f 4185//4185 4193//4193 4186//4186
f 4186//4186 4193//4193 4194//4194
f 4186//4186 4194//4194 4187//4187
f 4187//4187 4194//4194 4195//4195
f 4187//4187 4195//4195 4188//4188
f 4188//4188 4195//4195 4196//4196
f 4188//4188 4196//4196 4124//4124
f 4189//4189 4115//4115 4116//4116
f 4189//4189 4116//4116 4190//4190
f 4190//4190 4116//4116 4117//4117
f 4190//4190 4117//4117 4191//4191
f 4191//4191 4117//4117 4118//4118
f 4191//4191 4118//4118 4192//4192
f 4192//4192 4118//4118 4119//4119
f 4192//4192 4119//4119 4193//4193
f 4193//4193 4119//4119 4120//4120
f 4193//4193 4120//4120 4194//4194
f 4194//4194 4120//4120 4121//4121
f 4194//4194 4121//4121 4195//4195
f 4195//4195 4121//4121 4122//4122
f 4195//4195 4122//4122 4196//4196
f 4196//4196 4122//4122 4123//4123
f 4196//4196 4123//4123 4124//4124
f 4198//4198 4197//4197 4207//4207
f 4198//4198 4207//4207 4199//4199
f 4199//4199 4207//4207 4208//4208
f 4199//4199 4208//4208 4200//4200
f 4200//4200 4208//4208 4209//4209
f 4200//4200 4209//4209 4201//4201
f 4201//4201 4209//4209 4210//4210
f 4201//4201 4210//4210 4202//4202
f 4202//4202 4210//4210 4211//4211
f 4202//4202 4211//4211 4203//4203
f 4203//4203 4211//4211 4212//4212
f 4203//4203 4212//4212 4204//4204
f 4204//4204 4212//4212 4213//4213
f 4204//4204 4213//4213 4205//4205
f 4205//4205 4213//4213 4214//4214
f 4205//4205 4214//4214 4206//4206
f 4207//4207 4197//4197 4215//4215
f 4207//4207 4215//4215 4208//4208
f 4208//4208 4215//4215 4216//4216
f 4208//4208 4216//4216 4209//4209
f 4209//4209 4216//4216 4217//4217
f 4209//4209 4217//4217 4210//4210
f 4210//4210 4217//4217 4218//4218
f 4210//4210 4218//4218 4211//4211
f 4211//4211 4218//4218 4219//4219
f 4211//4211 4219//4219 4212//4212
f 4212//4212 4219//4219 4220//4220
f 4212//4212 4220//4220 4213//4213
f 4213//4213 4220//4220 4221//4221
f 4213//4213 4221//4221 4214//4214
f 4214//4214 4221//4221 4222//4222
f 4214//4214 4222//4222 4206//4206
f 4215//4215 4197//4197 4223//4223
f 4215//4215 4223//4223 4216//4216
f 4216//4216 4223//4223 4224//4224
f 4216//4216 4224//4224 4217//4217
f 4217//4217 4224//4224 4225//4225
f 4217//4217 4225//4225 4218//4218
f 4218//4218 4225//4225 4226//4226
f 4218//4218 4226//4226 4219//4219
f 4219//4219 4226//4226 4227//4227
f 4219//4219 4227//4227 4220//4220
f 4220//4220 4227//4227 4228//4228
f 4220//4220 4228//4228 4221//4221
f 4221//4221 4228//4228 4229//4229
f 4221//4221 4229//4229 4222//4222
f 4222//4222 4229//4229 4230//4230
f 4222//4222 4230//4230 4206//4206
f 4223//4223 4197//4197 4231//4231
f 4223//4223 4231//4231 4224//4224
f 4224//4224 4231//4231 4232//4232
f 4224//4224 4232//4232 4225//4225
f 4225//4225 4232//4232 4233//4233
f 4225//4225 4233//4233 4226//4226
f 4226//4226 4233//4233 4234//4234
f 4226//4226 4234//4234 4227//4227
f 4227//4227 4234//4234 4235//4235
f 4227//4227 4235//4235 4228//4228
f 4228//4228 4235//4235 4236//4236
f 4228//4228 4236//4236 4229//4229
f 4229//4229 4236//4236 4237//4237
f 4229//4229 4237//4237 4230//4230
f 4230//4230 4237//4237 4238//4238
f 4230//4230 4238//4238 4206//4206
f 4231//4231 4197//4197 4239//4239
f 4231//4231 4239//4239 4232//4232
f 4232//4232 4239//4239 4240//4240
f 4232//4232 4240//4240 4233//4233
f 4233//4233 4240//4240 4241//4241
f 4233//4233 4241//4241 4234//4234
f 4234//4234 4241//4241 4242//4242
f 4234//4234 4242//4242 4235//4235
f 4235//4235 4242//4242 4243//4243
f 4235//4235 4243//4243 4236//4236
f 4236//4236 4243//4243 4244//4244
f 4236//4236 4244//4244 4237//4237
f 4237//4237 4244//4244 4245//4245
f 4237//4237 4245//4245 4238//4238
f 4238//4238 4245//4245 4246//4246
f 4238//4238 4246//4246 4206//4206
f 4239//4239 4197//4197 4247//4247
f 4239//4239 4247//4247 4240//4240
f 4240//4240 4247//4247 4248//4248
f 4240//4240 4248//4248 4241//4241
f 4241//4241 4248//4248 4249//4249
f 4241//4241 4249//4249 4242//4242
f 4242//4242 4249//4249 4250//4250
f 4242//4242 4250//4250 4243//4243
f 4243//4243 4250//4250 4251//4251
f 4243//4243 4251//4251 4244//4244
f 4244//4244 4251//4251 4252//4252
f 4244//4244 4252//4252 4245//4245
f 4245//4245 4252//4252 4253//4253
f 4245//4245 4253//4253 4246//4246
f 4246//4246 4253//4253 4254//4254
f 4246//4246 4254//4254 4206//4206
f 4247//4247 4197//4197 4255//4255
f 4247//4247 4255//4255 4248//4248
f 4248//4248 4255//4255 4256//4256
f 4248//4248 4256//4256 4249//4249
f 4249//4249 4256//4256 4257//4257
f 4249//4249 4257//4257 4250//4250
f 4250//4250 4257//4257 4258//4258
f 4250//4250 4258//4258 4251//4251
f 4251//4251 4258//4258 4259//4259
f 4251//4251 4259//4259 4252//4252
f 4252//4252 4259//4259 4260//4260
f 4252//4252 4260//4260 4253//4253
f 4253//4253 4260//4260 4261//4261
f 4253//4253 4261//4261 4254//4254
f 4254//4254 4261//4261 4262//4262
f 4254//4254 4262//4262 4206//4206
f 4255//4255 4197//4197 4263//4263
f 4255//4255 4263//4263 4256//4256
f 4256//4256 4263//4263 4264//4264
f 4256//4256 4264//4264 4257//4257
f 4257//4257 4264//4264 4265//4265
f 4257//4257 4265//4265 4258//4258
f 4258//4258 4265//4265 4266//4266
f 4258//4258 4266//4266 4259//4259
f 4259//4259 4266//4266 4267//4267
f 4259//4259 4267//4267 4260//4260
f 4260//4260 4267//4267 4268//4268
f 4260//4260 4268//4268 4261//4261
f 4261//4261 4268//4268 4269//4269
f 4261//4261 4269//4269 4262//4262
f 4262//4262 4269//4269 4270//4270
f 4262//4262 4270//4270 4206//4206
f 4263//4263 4197//4197 4271//4271
f 4263//4263 4271//4271 4264//4264
f 4264//4264 4271//4271 4272//4272
f 4264//4264 4272//4272 4265//4265
f 4265//4265 4272//4272 4273//4273
f 4265//4265 4273//4273 4266//4266
f 4266//4266 4273//4273 4274//4274
f 4266//4266 4274//4274 4267//4267
f 4267//4267 4274//4274 4275//4275
f 4267//4267 4275//4275 4268//4268
f 4268//4268 4275//4275 4276//4276
f 4268//4268 4276//4276 4269//4269
f 4269//4269 4276//4276 4277//4277
f 4269//4269 4277//4277 4270//4270
f 4270//4270 4277//4277 4278//4278
f 4270//4270 4278//4278 4206//4206
f 4271//4271 4197//4197 4198//4198
f 4271//4271 4198//4198 4272//4272
f 4272//4272 4198//4198 4199//4199
f 4272//4272 4199//4199 4273//4273
f 4273//4273 4199//4199 4200//4200
f 4273//4273 4200//4200 4274//4274
f 4274//4274 4200//4200 4201//4201
f 4274//4274 4201//4201 4275//4275
f 4275//4275 4201//4201 4202//4202
f 4275//4275 4202//4202 4276//4276
f 4276//4276 4202//4202 4203//4203
f 4276//4276 4203//4203 4277//4277
f 4277//4277 4203//4203 4204//4204
f 4277//4277 4204//4204 4278//4278
f 4278//4278 4204//4204 4205//4205
f 4278//4278 4205//4205 4206//4206
f 4280//4280 4279//4279 4289//4289
f 4280//4280 4289//4289 4281//4281
f 4281//4281 4289//4289 4290//4290
f 4281//4281 4290//4290 4282//4282
f 4282//4282 4290//4290 4291//4291
f 4282//4282 4291//4291 4283//4283
f 4283//4283 4291//4291 4292//4292
f 4283//4283 4292//4292 4284//4284
f 4284//4284 4292//4292 4293//4293
f 4284//4284 4293//4293 4285//4285
f 4285//4285 4293//4293 4294//4294
f 4285//4285 4294//4294 4286//4286
f 4286//4286 4294//4294 4295//4295
f 4286//4286 4295//4295 4287//4287
f 4287//4287 4295//4295 4296//4296
f 4287//4287 4296//4296 4288//4288
f 4289//4289 4279//4279 4297//4297
f 4289//4289 4297//4297 4290//4290
f 4290//4290 4297//4297 4298//4298
f 4290//4290 4298//4298 4291//4291
f 4291//4291 4298//4298 4299//4299
f 4291//4291 4299//4299 4292//4292
f 4292//4292 4299//4299 4300//4300
f 4292//4292 4300//4300 4293//4293
f 4293//4293 4300//4300 4301//4301
f 4293//4293 4301//4301 4294//4294
f 4294//4294 4301//4301 4302//4302
f 4294//4294 4302//4302 4295//4295
f 4295//4295 4302//4302 4303//4303
f 4295//4295 4303//4303 4296//4296
f 4296//4296 4303//4303 4304//4304
f 4296//4296 4304//4304 4288//4288
f 4297//4297 4279//4279 4305//4305
f 4297//4297 4305//4305 4298//4298
f 4298//4298 4305//4305 4306//4306
f 4298//4298 4306//4306 4299//4299
f 4299//4299 4306//4306 4307//4307
f 4299//4299 4307//4307 4300//4300
f 4300//4300 4307//4307 4308//4308
f 4300//4300 4308//4308 4301//4301
f 4301//4301 4308//4308 4309//4309
f 4301//4301 4309//4309 4302//4302
f 4302//4302 4309//4309 4310//4310
f 4302//4302 4310//4310 4303//4303
f 4303//4303 4310//4310 4311//4311
f 4303//4303 4311//4311 4304//4304
f 4304//4304 4311//4311 4312//4312
f 4304//4304 4312//4312 4288//4288
f 4305//4305 4279//4279 4313//4313
f 4305//4305 4313//4313 4306//4306
f 4306//4306 4313//4313 4314//4314
f 4306//4306 4314//4314 4307//4307
f 4307//4307 4314//4314 4315//4315
f 4307//4307 4315//4315 4308//4308
f 4308//4308 4315//4315 4316//4316
f 4308//4308 4316//4316 4309//4309
f 4309//4309 4316//4316 4317//4317
f 4309//4309 4317//4317 4310//4310
f 4310//4310 4317//4317 4318//4318
f 4310//4310 4318//4318 4311//4311
f 4311//4311 4318//4318 4319//4319
f 4311//4311 4319//4319 4312//4312
f 4312//4312 4319//4319 4320//4320
f 4312//4312 4320//4320 4288//4288
f 4313//4313 4279//4279 4321//4321
f 4313//4313 4321//4321 4314//4314
f 4314//4314 4321//4321 4322//4322
f 4314//4314 4322//4322 4315//4315
f 4315//4315 4322//4322 4323//4323
f 4315//4315 4323//4323 4316//4316
f 4316//4316 4323//4323 4324//4324
f 4316//4316 4324//4324 4317//4317
f 4317//4317 4324//4324 4325//4325
f 4317//4317 4325//4325 4318//4318
f 4318//4318 4325//4325 4326//4326
f 4318//4318 4326//4326 4319//4319
f 4319//4319 4326//4326 4327//4327
f 4319//4319 4327//4327 4320//4320
f 4320//4320 4327//4327 4328//4328
f 4320//4320 4328//4328 4288//4288
f 4321//4321 4279//4279 4329//4329
f 4321//4321 4329//4329 4322//4322
f 4322//4322 4329//4329 4330//4330
f 4322//4322 4330//4330 4323//4323
f 4323//4323 4330//4330 4331//4331
f 4323//4323 4331//4331 4324//4324
f 4324//4324 4331//4331 4332//4332
f 4324//4324 4332//4332 4325//4325
f 4325//4325 4332//4332 4333//4333
f 4325//4325 4333//4333 4326//4326
f 4326//4326 4333//4333 4334//4334
f 4326//4326 4334//4334 4327//4327
f 4327//4327 4334//4334 4335//4335
f 4327//4327 4335//4335 4328//4328
f 4328//4328 4335//4335 4336//4336
f 4328//4328 4336//4336 4288//4288
f 4329//4329 4279//4279 4337//4337
f 4329//4329 4337//4337 4330//4330
f 4330//4330 4337//4337 4338//4338
f 4330//4330 4338//4338 4331//4331
f 4331//4331 4338//4338 4339//4339
f 4331//4331 4339//4339 4332//4332
f 4332//4332 4339//4339 4340//4340
f 4332//4332 4340//4340 4333//4333
f 4333//4333 4340//4340 4341//4341
f 4333//4333 4341//4341 4334//4334
f 4334//4334 4341//4341 4342//4342
f 4334//4334 4342//4342 4335//4335
f 4335//4335 4342//4342 4343//4343
f 4335//4335 4343//4343 4336//4336
f 4336//4336 4343//4343 4344//4344
f 4336//4336 4344//4344 4288//4288
f 4337//4337 4279//4279 4345//4345
f 4337//4337 4345//4345 4338//4338
f 4338//4338 4345//4345 4346//4346
f 4338//4338 4346//4346 4339//4339
f 4339//4339 4346//4346 4347//4347
f 4339//4339 4347//4347 4340//4340
f 4340//4340 4347//4347 4348//4348
f 4340//4340 4348//4348 4341//4341
f 4341//4341 4348//4348 4349//4349
f 4341//4341 4349//4349 4342//4342
f 4342//4342 4349//4349 4350//4350
f 4342//4342 4350//4350 4343//4343
f 4343//4343 4350//4350 4351//4351
f 4343//4343 4351//4351 4344//4344
f 4344//4344 4351//4351 4352//4352
f 4344//4344 4352//4352 4288//4288
f 4345//4345 4279//4279 4353//4353
f 4345//4345 4353//4353 4346//4346
f 4346//4346 4353//4353 4354//4354
f 4346//4346 4354//4354 4347//4347
f 4347//4347 4354//4354 4355//4355
f 4347//4347 4355//4355 4348//4348
f 4348//4348 4355//4355 4356//4356
f 4348//4348 4356//4356 4349//4349
f 4349//4349 4356//4356 4357//4357
f 4349//4349 4357//4357 4350//4350
f 4350//4350 4357//4357 4358//4358
f 4350//4350 4358//4358 4351//4351
f 4351//4351 4358//4358 4359//4359
f 4351//4351 4359//4359 4352//4352
f 4352//4352 4359//4359 4360//4360
f 4352//4352 4360//4360 4288//4288
f 4353//4353 4279//4279 4280//4280
f 4353//4353 4280//4280 4354//4354
f 4354//4354 4280//4280 4281//4281
f 4354//4354 4281//4281 4355//4355
f 4355//4355 4281//4281 4282//4282
f 4355//4355 4282//4282 4356//4356
f 4356//4356 4282//4282 4283//4283
f 4356//4356 4283//4283 4357//4357
f 4357//4357 4283//4283 4284//4284
f 4357//4357 4284//4284 4358//4358
f 4358//4358 4284//4284 4285//4285
f 4358//4358 4285//4285 4359//4359
f 4359//4359 4285//4285 4286//4286
f 4359//4359 4286//4286 4360//4360
f 4360//4360 4286//4286 4287//4287
f 4360//4360 4287//4287 4288//4288
f 4362//4362 4361//4361 4371//4371
f 4362//4362 4371//4371 4363//4363
f 4363//4363 4371//4371 4372//4372
f 4363//4363 4372//4372 4364//4364
f 4364//4364 4372//4372 4373//4373
f 4364//4364 4373//4373 4365//4365
f 4365//4365 4373//4373 4374//4374
f 4365//4365 4374//4374 4366//4366
f 4366//4366 4374//4374 4375//4375
f 4366//4366 4375//4375 4367//4367
f 4367//4367 4375//4375 4376//4376
f 4367//4367 4376//4376 4368//4368
f 4368//4368 4376//4376 4377//4377
f 4368//4368 4377//4377 4369//4369
f 4369//4369 4377//4377 4378//4378
f 4369//4369 4378//4378 4370//4370
f 4371//4371 4361//4361 4379//4379
f 4371//4371 4379//4379 4372//4372
f 4372//4372 4379//4379 4380//4380
f 4372//4372 4380//4380 4373//4373
f 4373//4373 4380//4380 4381//4381
f 4373//4373 4381//4381 4374//4374
f 4374//4374 4381//4381 4382//4382
f 4374//4374 4382//4382 4375//4375
f 4375//4375 4382//4382 4383//4383
f 4375//4375 4383//4383 4376//4376
f 4376//4376 4383//4383 4384//4384
f 4376//4376 4384//4384 4377//4377
f 4377//4377 4384//4384 4385//4385
f 4377//4377 4385//4385 4378//4378
f 4378//4378 4385//4385 4386//4386
f 4378//4378 4386//4386 4370//4370
f 4379//4379 4361//4361 4387//4387
f 4379//4379 4387//4387 4380//4380
f 4380//4380 4387//4387 4388//4388
f 4380//4380 4388//4388 4381//4381
f 4381//4381 4388//4388 4389//4389
f 4381//4381 4389//4389 4382//4382
f 4382//4382 4389//4389 4390//4390
f 4382//4382 4390//4390 4383//4383
f 4383//4383 4390//4390 4391//4391
f 4383//4383 4391//4391 4384//4384
f 4384//4384 4391//4391 4392//4392
f 4384//4384 4392//4392 4385//4385
f 4385//4385 4392//4392 4393//4393
f 4385//4385 4393//4393 4386//4386
f 4386//4386 4393//4393 4394//4394
f 4386//4386 4394//4394 4370//4370
f 4387//4387 4361//4361 4395//4395
f 4387//4387 4395//4395 4388//4388
f 4388//4388 4395//4395 4396//4396
f 4388//4388 4396//4396 4389//4389
f 4389//4389 4396//4396 4397//4397
f 4389//4389 4397//4397 4390//4390
f 4390//4390 4397//4397 4398//4398
f 4390//4390 4398//4398 4391//4391
f 4391//4391 4398//4398 4399//4399
f 4391//4391 4399//4399 4392//4392
f 4392//4392 4399//4399 4400//4400
f 4392//4392 4400//4400 4393//4393
f 4393//4393 4400//4400 4401//4401
f 4393//4393 4401//4401 4394//4394
f 4394//4394 4401//4401 4402//4402
f 4394//4394 4402//4402 4370//4370
f 4395//4395 4361//4361 4403//4403
f 4395//4395 4403//4403 4396//4396
f 4396//4396 4403//4403 4404//4404
f 4396//4396 4404//4404 4397//4397
f 4397//4397 4404//4404 4405//4405
f 4397//4397 4405//4405 4398//4398
f 4398//4398 4405//4405 4406//4406
f 4398//4398 4406//4406 4399//4399
f 4399//4399 4406//4406 4407//4407
f 4399//4399 4407//4407 4400//4400
f 4400//4400 4407//4407 4408//4408
f 4400//4400 4408//4408 4401//4401
f 4401//4401 4408//4408 4409//4409
f 4401//4401 4409//4409 4402//4402
f 4402//4402 4409//4409 4410//4410
f 4402//4402 4410//4410 4370//4370
f 4403//4403 4361//4361 4411//4411
f 4403//4403 4411//4411 4404//4404
f 4404//4404 4411//4411 4412//4412
f 4404//4404 4412//4412 4405//4405
f 4405//4405 4412//4412 4413//4413
f 4405//4405 4413//4413 4406//4406
f 4406//4406 4413//4413 4414//4414
f 4406//4406 4414//4414 4407//4407
f 4407//4407 4414//4414 4415//4415
f 4407//4407 4415//4415 4408//4408
f 4408//4408 4415//4415 4416//4416
f 4408//4408 4416//4416 4409//4409
f 4409//4409 4416//4416 4417//4417
f 4409//4409 4417//4417 4410//4410
f 4410//4410 4417//4417 4418//4418
f 4410//4410 4418//4418 4370//4370
f 4411//4411 4361//4361 4419//4419
f 4411//4411 4419//4419 4412//4412
f 4412//4412 4419//4419 4420//4420
f 4412//4412 4420//4420 4413//4413
f 4413//4413 4420//4420 4421//4421
f 4413//4413 4421//4421 4414//4414
f 4414//4414 4421//4421 4422//4422
f 4414//4414 4422//4422 4415//4415
f 4415//4415 4422//4422 4423//4423
f 4415//4415 4423//4423 4416//4416
f 4416//4416 4423//4423 4424//4424
f 4416//4416 4424//4424 4417//4417
f 4417//4417 4424//4424 4425//4425
f 4417//4417 4425//4425 4418//4418
f 4418//4418 4425//4425 4426//4426
f 4418//4418 4426//4426 4370//4370
f 4419//4419 4361//4361 4427//4427
f 4419//4419 4427//4427 4420//4420
f 4420//4420 4427//4427 4428//4428
f 4420//4420 4428//4428 4421//4421
f 4421//4421 4428//4428 4429//4429
f 4421//4421 4429//4429 4422//4422
f 4422//4422 4429//4429 4430//4430
f 4422//4422 4430//4430 4423//4423
f 4423//4423 4430//4430 4431//4431
f 4423//4423 4431//4431 4424//4424
f 4424//4424 4431//4431 4432//4432
f 4424//4424 4432//4432 4425//4425
f 4425//4425 4432//4432 4433//4433
f 4425//4425 4433//4433 4426//4426
f 4426//4426 4433//4433 4434//4434
f 4426//4426 4434//4434 4370//4370
f 4427//4427 4361//4361 4435//4435
f 4427//4427 4435//4435 4428//4428
f 4428//4428 4435//4435 4436//4436
f 4428//4428 4436//4436 4429//4429
f 4429//4429 4436//4436 4437//4437
f 4429//4429 4437//4437 4430//4430
f 4430//4430 4437//4437 4438//4438
f 4430//4430 4438//4438 4431//4431
f 4431//4431 4438//4438 4439//4439
f 4431//4431 4439//4439 4432//4432
f 4432//4432 4439//4439 4440//4440
f 4432//4432 4440//4440 4433//4433
f 4433//4433 4440//4440 4441//4441
f 4433//4433 4441//4441 4434//4434
f 4434//4434 4441//4441 4442//4442
f 4434//4434 4442//4442 4370//4370
f 4435//4435 4361//4361 4362//4362
f 4435//4435 4362//4362 4436//4436
f 4436//4436 4362//4362 4363//4363
f 4436//4436 4363//4363 4437//4437
f 4437//4437 4363//4363 4364//4364
f 4437//4437 4364//4364 4438//4438
f 4438//4438 4364//4364 4365//4365
f 4438//4438 4365//4365 4439//4439
f 4439//4439 4365//4365 4366//4366
f 4439//4439 4366//4366 4440//4440
f 4440//4440 4366//4366 4367//4367
f 4440//4440 4367//4367 4441//4441
f 4441//4441 4367//4367 4368//4368
f 4441//4441 4368//4368 4442//4442
f 4442//4442 4368//4368 4369//4369
f 4442//4442 4369//4369 4370//4370
f 4444//4444 4443//4443 4453//4453
f 4444//4444 4453//4453 4445//4445
f 4445//4445 4453//4453 4454//4454
f 4445//4445 4454//4454 4446//4446
f 4446//4446 4454//4454 4455//4455
f 4446//4446 4455//4455 4447//4447
f 4447//4447 4455//4455 4456//4456
f 4447//4447 4456//4456 4448//4448
f 4448//4448 4456//4456 4457//4457
f 4448//4448 4457//4457 4449//4449
f 4449//4449 4457//4457 4458//4458
f 4449//4449 4458//4458 4450//4450
f 4450//4450 4458//4458 4459//4459
f 4450//4450 4459//4459 4451//4451
f 4451//4451 4459//4459 4460//4460
f 4451//4451 4460//4460 4452//4452
f 4453//4453 4443//4443 4461//4461
f 4453//4453 4461//4461 4454//4454
f 4454//4454 4461//4461 4462//4462
f 4454//4454 4462//4462 4455//4455
f 4455//4455 4462//4462 4463//4463
f 4455//4455 4463//4463 4456//4456
f 4456//4456 4463//4463 4464//4464
f 4456//4456 4464//4464 4457//4457
f 4457//4457 4464//4464 4465//4465
f 4457//4457 4465//4465 4458//4458
f 4458//4458 4465//4465 4466//4466
f 4458//4458 4466//4466 4459//4459
f 4459//4459 4466//4466 4467//4467
f 4459//4459 4467//4467 4460//4460
f 4460//4460 4467//4467 4468//4468
f 4460//4460 4468//4468 4452//4452
f 4461//4461 4443//4443 4469//4469
f 4461//4461 4469//4469 4462//4462
f 4462//4462 4469//4469 4470//4470
f 4462//4462 4470//4470 4463//4463
f 4463//4463 4470//4470 4471//4471
f 4463//4463 4471//4471 4464//4464
f 4464//4464 4471//4471 4472//4472
f 4464//4464 4472//4472 4465//4465
f 4465//4465 4472//4472 4473//4473
f 4465//4465 4473//4473 4466//4466
f 4466//4466 4473//4473 4474//4474
f 4466//4466 4474//4474 4467//4467
f 4467//4467 4474//4474 4475//4475
f 4467//4467 4475//4475 4468//4468
f 4468//4468 4475//4475 4476//4476
f 4468//4468 4476//4476 4452//4452
f 4469//4469 4443//4443 4477//4477
f 4469//4469 4477//4477 4470//4470
f 4470//4470 4477//4477 4478//4478
f 4470//4470 4478//4478 4471//4471
f 4471//4471 4478//4478 4479//4479
f 4471//4471 4479//4479 4472//4472
f 4472//4472 4479//4479 4480//4480
f 4472//4472 4480//4480 4473//4473
f 4473//4473 4480//4480 4481//4481
f 4473//4473 4481//4481 4474//4474
f 4474//4474 4481//4481 4482//4482
f 4474//4474 4482//4482 4475//4475
f 4475//4475 4482//4482 4483//4483
f 4475//4475 4483//4483 4476//4476
f 4476//4476 4483//4483 4484//4484
f 4476//4476 4484//4484 4452//4452
f 4477//4477 4443//4443 4485//4485
f 4477//4477 4485//4485 4478//4478
f 4478//4478 4485//4485 4486//4486
f 4478//4478 4486//4486 4479//4479
f 4479//4479 4486//4486 4487//4487
f 4479//4479 4487//4487 4480//4480
f 4480//4480 4487//4487 4488//4488
f 4480//4480 4488//4488 4481//4481
f 4481//4481 4488//4488 4489//4489
f 4481//4481 4489//4489 4482//4482
f 4482//4482 4489//4489 4490//4490
f 4482//4482 4490//4490 4483//4483
f 4483//4483 4490//4490 4491//4491
f 4483//4483 4491//4491 4484//4484
f 4484//4484 4491//4491 4492//4492
f 4484//4484 4492//4492 4452//4452
f 4485//4485 4443//4443 4493//4493
f 4485//4485 4493//4493 4486//4486
f 4486//4486 4493//4493 4494//4494
f 4486//4486 4494//4494 4487//4487
f 4487//4487 4494//4494 4495//4495
f 4487//4487 4495//4495 4488//4488
f 4488//4488 4495//4495 4496//4496
f 4488//4488 4496//4496 4489//4489
f 4489//4489 4496//4496 4497//4497
f 4489//4489 4497//4497 4490//4490
f 4490//4490 4497//4497 4498//4498
f 4490//4490 4498//4498 4491//4491
f 4491//4491 4498//4498 4499//4499
f 4491//4491 4499//4499 4492//4492
f 4492//4492 4499//4499 4500//4500
f 4492//4492 4500//4500 4452//4452
f 4493//4493 4443//4443 4501//4501
f 4493//4493 4501//4501 4494//4494
f 4494//4494 4501//4501 4502//4502
f 4494//4494 4502//4502 4495//4495
f 4495//4495 4502//4502 4503//4503
f 4495//4495 4503//4503 4496//4496
f 4496//4496 4503//4503 4504//4504
f 4496//4496 4504//4504 4497//4497
f 4497//4497 4504//4504 4505//4505
f 4497//4497 4505//4505 4498//4498
f 4498//4498 4505//4505 4506//4506
f 4498//4498 4506//4506 4499//4499
f 4499//4499 4506//4506 4507//4507
f 4499//4499 4507//4507 4500//4500
f 4500//4500 4507//4507 4508//4508
f 4500//4500 4508//4508 4452//4452
f 4501//4501 4443//4443 4509//4509
f 4501//4501 4509//4509 4502//4502
f 4502//4502 4509//4509 4510//4510
f 4502//4502 4510//4510 4503//4503
f 4503//4503 4510//4510 4511//4511
f 4503//4503 4511//4511 4504//4504
f 4504//4504 4511//4511 4512//4512
f 4504//4504 4512//4512 4505//4505
f 4505//4505 4512//4512 4513//4513
f 4505//4505 4513//4513 4506//4506
f 4506//4506 4513//4513 4514//4514
f 4506//4506 4514//4514 4507//4507
f 4507//4507 4514//4514 4515//4515
f 4507//4507 4515//4515 4508//4508
f 4508//4508 4515//4515 4516//4516
f 4508//4508 4516//4516 4452//4452
f 4509//4509 4443//4443 4517//4517
f 4509//4509 4517//4517 4510//4510
f 4510//4510 4517//4517 4518//4518
f 4510//4510 4518//4518 4511//4511
f 4511//4511 4518//4518 4519//4519
f 4511//4511 4519//4519 4512//4512
f 4512//4512 4519//4519 4520//4520
f 4512//4512 4520//4520 4513//4513
f 4513//4513 4520//4520 4521//4521
f 4513//4513 4521//4521 4514//4514
f 4514//4514 4521//4521 4522//4522
f 4514//4514 4522//4522 4515//4515
f 4515//4515 4522//4522 4523//4523
f 4515//4515 4523//4523 4516//4516
f 4516//4516 4523//4523 4524//4524
f 4516//4516 4524//4524 4452//4452
f 4517//4517 4443//4443 4444//4444
f 4517//4517 4444//4444 4518//4518
f 4518//4518 4444//4444 4445//4445
f 4518//4518 4445//4445 4519//4519
f 4519//4519 4445//4445 4446//4446
f 4519//4519 4446//4446 4520//4520
f 4520//4520 4446//4446 4447//4447
f 4520//4520 4447//4447 4521//4521
f 4521//4521 4447//4447 4448//4448
f 4521//4521 4448//4448 4522//4522
f 4522//4522 4448//4448 4449//4449
f 4522//4522 4449//4449 4523//4523
f 4523//4523 4449//4449 4450//4450
f 4523//4523 4450//4450 4524//4524
f 4524//4524 4450//4450 4451//4451
f 4524//4524 4451//4451 4452//4452
f 4526//4526 4525//4525 4535//4535
f 4526//4526 4535//4535 4527//4527
f 4527//4527 4535//4535 4536//4536
f 4527//4527 4536//4536 4528//4528
f 4528//4528 4536//4536 4537//4537
f 4528//4528 4537//4537 4529//4529
f 4529//4529 4537//4537 4538//4538
f 4529//4529 4538//4538 4530//4530
f 4530//4530 4538//4538 4539//4539
f 4530//4530 4539//4539 4531//4531
f 4531//4531 4539//4539 4540//4540
f 4531//4531 4540//4540 4532//4532
f 4532//4532 4540//4540 4541//4541
f 4532//4532 4541//4541 4533//4533
f 4533//4533 4541//4541 4542//4542
f 4533//4533 4542//4542 4534//4534
f 4535//4535 4525//4525 4543//4543
f 4535//4535 4543//4543 4536//4536
f 4536//4536 4543//4543 4544//4544
f 4536//4536 4544//4544 4537//4537
f 4537//4537 4544//4544 4545//4545
f 4537//4537 4545//4545 4538//4538
f 4538//4538 4545//4545 4546//4546
f 4538//4538 4546//4546 4539//4539
f 4539//4539 4546//4546 4547//4547
f 4539//4539 4547//4547 4540//4540
f 4540//4540 4547//4547 4548//4548
f 4540//4540 4548//4548 4541//4541
f 4541//4541 4548//4548 4549//4549
f 4541//4541 4549//4549 4542//4542
f 4542//4542 4549//4549 4550//4550
f 4542//4542 4550//4550 4534//4534
f 4543//4543 4525//4525 4551//4551
f 4543//4543 4551//4551 4544//4544
f 4544//4544 4551//4551 4552//4552
f 4544//4544 4552//4552 4545//4545
f 4545//4545 4552//4552 4553//4553
f 4545//4545 4553//4553 4546//4546
f 4546//4546 4553//4553 4554//4554
f 4546//4546 4554//4554 4547//4547
f 4547//4547 4554//4554 4555//4555
f 4547//4547 4555//4555 4548//4548
f 4548//4548 4555//4555 4556//4556
f 4548//4548 4556//4556 4549//4549
f 4549//4549 4556//4556 4557//4557
f 4549//4549 4557//4557 4550//4550
f 4550//4550 4557//4557 4558//4558
f 4550//4550 4558//4558 4534//4534
f 4551//4551 4525//4525 4559//4559
f 4551//4551 4559//4559 4552//4552
f 4552//4552 4559//4559 4560//4560
f 4552//4552 4560//4560 4553//4553
f 4553//4553 4560//4560 4561//4561
f 4553//4553 4561//4561 4554//4554
f 4554//4554 4561//4561 4562//4562
f 4554//4554 4562//4562 4555//4555
f 4555//4555 4562//4562 4563//4563
f 4555//4555 4563//4563 4556//4556
f 4556//4556 4563//4563 4564//4564
f 4556//4556 4564//4564 4557//4557
f 4557//4557 4564//4564 4565//4565
f 4557//4557 4565//4565 4558//4558
f 4558//4558 4565//4565 4566//4566
f 4558//4558 4566//4566 4534//4534
f 4559//4559 4525//4525 4567//4567
f 4559//4559 4567//4567 4560//4560
f 4560//4560 4567//4567 4568//4568
f 4560//4560 4568//4568 4561//4561
f 4561//4561 4568//4568 4569//4569
f 4561//4561 4569//4569 4562//4562
f 4562//4562 4569//4569 4570//4570
f 4562//4562 4570//4570 4563//4563
f 4563//4563 4570//4570 4571//4571
f 4563//4563 4571//4571 4564//4564
f 4564//4564 4571//4571 4572//4572
f 4564//4564 4572//4572 4565//4565
f 4565//4565 4572//4572 4573//4573
f 4565//4565 4573//4573 4566//4566
f 4566//4566 4573//4573 4574//4574
f 4566//4566 4574//4574 4534//4534
f 4567//4567 4525//4525 4575//4575
f 4567//4567 4575//4575 4568//4568
f 4568//4568 4575//4575 4576//4576
f 4568//4568 4576//4576 4569//4569
f 4569//4569 4576//4576 4577//4577
f 4569//4569 4577//4577 4570//4570
f 4570//4570 4577//4577 4578//4578
f 4570//4570 4578//4578 4571//4571
f 4571//4571 4578//4578 4579//4579
f 4571//4571 4579//4579 4572//4572
f 4572//4572 4579//4579 4580//4580
f 4572//4572 4580//4580 4573//4573
f 4573//4573 4580//4580 4581//4581
f 4573//4573 4581//4581 4574//4574
f 4574//4574 4581//4581 4582//4582
f 4574//4574 4582//4582 4534//4534
f 4575//4575 4525//4525 4583//4583
f 4575//4575 4583//4583 4576//4576
f 4576//4576 4583//4583 4584//4584
f 4576//4576 4584//4584 4577//4577
f 4577//4577 4584//4584 4585//4585
f 4577//4577 4585//4585 4578//4578
f 4578//4578 4585//4585 4586//4586
f 4578//4578 4586//4586 4579//4579
f 4579//4579 4586//4586 4587//4587
f 4579//4579 4587//4587 4580//4580
f 4580//4580 4587//4587 4588//4588
f 4580//4580 4588//4588 4581//4581
f 4581//4581 4588//4588 4589//4589
f 4581//4581 4589//4589 4582//4582
f 4582//4582 4589//4589 4590//4590
f 4582//4582 4590//4590 4534//4534
f 4583//4583 4525//4525 4591//4591
f 4583//4583 4591//4591 4584//4584
f 4584//4584 4591//4591 4592//4592
f 4584//4584 4592//4592 4585//4585
f 4585//4585 4592//4592 4593//4593
f 4585//4585 4593//4593 4586//4586
f 4586//4586 4593//4593 4594//4594
f 4586//4586 4594//4594 4587//4587
f 4587//4587 4594//4594 4595//4595
f 4587//4587 4595//4595 4588//4588
f 4588//4588 4595//4595 4596//4596
f 4588//4588 4596//4596 4589//4589
f 4589//4589 4596//4596 4597//4597
f 4589//4589 4597//4597 4590//4590
f 4590//4590 4597//4597 4598//4598
f 4590//4590 4598//4598 4534//4534
f 4591//4591 4525//4525 4599//4599
f 4591//4591 4599//4599 4592//4592
f 4592//4592 4599//4599 4600//4600
f 4592//4592 4600//4600 4593//4593
f 4593//4593 4600//4600 4601//4601
f 4593//4593 4601//4601 4594//4594
f 4594//4594 4601//4601 4602//4602
f 4594//4594 4602//4602 4595//4595
f 4595//4595 4602//4602 4603//4603
f 4595//4595 4603//4603 4596//4596
f 4596//4596 4603//4603 4604//4604
f 4596//4596 4604//4604 4597//4597
f 4597//4597 4604//4604 4605//4605
f 4597//4597 4605//4605 4598//4598
f 4598//4598 4605//4605 4606//4606
f 4598//4598 4606//4606 4534//4534
f 4599//4599 4525//4525 4526//4526
f 4599//4599 4526//4526 4600//4600
f 4600//4600 4526//4526 4527//4527
f 4600//4600 4527//4527 4601//4601
f 4601//4601 4527//4527 4528//4528
f 4601//4601 4528//4528 4602//4602
f 4602//4602 4528//4528 4529//4529
f 4602//4602 4529//4529 4603//4603
f 4603//4603 4529//4529 4530//4530
f 4603//4603 4530//4530 4604//4604
f 4604//4604 4530//4530 4531//4531
f 4604//4604 4531//4531 4605//4605
f 4605//4605 4531//4531 4532//4532
f 4605//4605 4532//4532 4606//4606
f 4606//4606 4532//4532 4533//4533
f 4606//4606 4533//4533 4534//4534
f 4608//4608 4607//4607 4617//4617
f 4608//4608 4617//4617 4609//4609
f 4609//4609 4617//4617 4618//4618
f 4609//4609 4618//4618 4610//4610
f 4610//4610 4618//4618 4619//4619
f 4610//4610 4619//4619 4611//4611
f 4611//4611 4619//4619 4620//4620
f 4611//4611 4620//4620 4612//4612
f 4612//4612 4620//4620 4621//4621
f 4612//4612 4621//4621 4613//4613
f 4613//4613 4621//4621 4622//4622
f 4613//4613 4622//4622 4614//4614
f 4614//4614 4622//4622 4623//4623
f 4614//4614 4623//4623 4615//4615
f 4615//4615 4623//4623 4624//4624
f 4615//4615 4624//4624 4616//4616
f 4617//4617 4607//4607 4625//4625
f 4617//4617 4625//4625 4618//4618
f 4618//4618 4625//4625 4626//4626
f 4618//4618 4626//4626 4619//4619
f 4619//4619 4626//4626 4627//4627
f 4619//4619 4627//4627 4620//4620
f 4620//4620 4627//4627 4628//4628
f 4620//4620 4628//4628 4621//4621
f 4621//4621 4628//4628 4629//4629
f 4621//4621 4629//4629 4622//4622
f 4622//4622 4629//4629 4630//4630
f 4622//4622 4630//4630 4623//4623
f 4623//4623 4630//4630 4631//4631
f 4623//4623 4631//4631 4624//4624
f 4624//4624 4631//4631 4632//4632
f 4624//4624 4632//4632 4616//4616
f 4625//4625 4607//4607 4633//4633
f 4625//4625 4633//4633 4626//4626
f 4626//4626 4633//4633 4634//4634
f 4626//4626 4634//4634 4627//4627
f 4627//4627 4634//4634 4635//4635
f 4627//4627 4635//4635 4628//4628
f 4628//4628 4635//4635 4636//4636
f 4628//4628 4636//4636 4629//4629
f 4629//4629 4636//4636 4637//4637
f 4629//4629 4637//4637 4630//4630
f 4630//4630 4637//4637 4638//4638
f 4630//4630 4638//4638 4631//4631
f 4631//4631 4638//4638 4639//4639
f 4631//4631 4639//4639 4632//4632
f 4632//4632 4639//4639 4640//4640
f 4632//4632 4640//4640 4616//4616
f 4633//4633 4607//4607 4641//4641
f 4633//4633 4641//4641 4634//4634
f 4634//4634 4641//4641 4642//4642
f 4634//4634 4642//4642 4635//4635
f 4635//4635 4642//4642 4643//4643
f 4635//4635 4643//4643 4636//4636
f 4636//4636 4643//4643 4644//4644
f 4636//4636 4644//4644 4637//4637
f 4637//4637 4644//4644 4645//4645
f 4637//4637 4645//4645 4638//4638
f 4638//4638 4645//4645 4646//4646
f 4638//4638 4646//4646 4639//4639
f 4639//4639 4646//4646 4647//4647
f 4639//4639 4647//4647 4640//4640
f 4640//4640 4647//4647 4648//4648
f 4640//4640 4648//4648 4616//4616
f 4641//4641 4607//4607 4649//4649
f 4641//4641 4649//4649 4642//4642
f 4642//4642 4649//4649 4650//4650
f 4642//4642 4650//4650 4643//4643
f 4643//4643 4650//4650 4651//4651
f 4643//4643 4651//4651 4644//4644
f 4644//4644 4651//4651 4652//4652
f 4644//4644 4652//4652 4645//4645
f 4645//4645 4652//4652 4653//4653
f 4645//4645 4653//4653 4646//4646
f 4646//4646 4653//4653 4654//4654
f 4646//4646 4654//4654 4647//4647
f 4647//4647 4654//4654 4655//4655
f 4647//4647 4655//4655 4648//4648
f 4648//4648 4655//4655 4656//4656
f 4648//4648 4656//4656 4616//4616
f 4649//4649 4607//4607 4657//4657
f 4649//4649 4657//4657 4650//4650
f 4650//4650 4657//4657 4658//4658
f 4650//4650 4658//4658 4651//4651
f 4651//4651 4658//4658 4659//4659
f 4651//4651 4659//4659 4652//4652
f 4652//4652 4659//4659 4660//4660
f 4652//4652 4660//4660 4653//4653
f 4653//4653 4660//4660 4661//4661
f 4653//4653 4661//4661 4654//4654
f 4654//4654 4661//4661 4662//4662
f 4654//4654 4662//4662 4655//4655
f 4655//4655 4662//4662 4663//4663
f 4655//4655 4663//4663 4656//4656
f 4656//4656 4663//4663 4664//4664
f 4656//4656 4664//4664 4616//4616
f 4657//4657 4607//4607 4665//4665
f 4657//4657 4665//4665 4658//4658
f 4658//4658 4665//4665 4666//4666
f 4658//4658 4666//4666 4659//4659
f 4659//4659 4666//4666 4667//4667
f 4659//4659 4667//4667 4660//4660
f 4660//4660 4667//4667 4668//4668
f 4660//4660 4668//4668 4661//4661
f 4661//4661 4668//4668 4669//4669
f 4661//4661 4669//4669 4662//4662
f 4662//4662 4669//4669 4670//4670
f 4662//4662 4670//4670 4663//4663
f 4663//4663 4670//4670 4671//4671
f 4663//4663 4671//4671 4664//4664
f 4664//4664 4671//4671 4672//4672
f 4664//4664 4672//4672 4616//4616
f 4665//4665 4607//4607 4673//4673
f 4665//4665 4673//4673 4666//4666
f 4666//4666 4673//4673 4674//4674
f 4666//4666 4674//4674 4667//4667
f 4667//4667 4674//4674 4675//4675
f 4667//4667 4675//4675 4668//4668
f 4668//4668 4675//4675 4676//4676
f 4668//4668 4676//4676 4669//4669
f 4669//4669 4676//4676 4677//4677
f 4669//4669 4677//4677 4670//4670
f 4670//4670 4677//4677 4678//4678
f 4670//4670 4678//4678 4671//4671
f 4671//4671 4678//4678 4679//4679
f 4671//4671 4679//4679 4672//4672
f 4672//4672 4679//4679 4680//4680
f 4672//4672 4680//4680 4616//4616
f 4673//4673 4607//4607 4681//4681
f 4673//4673 4681//4681 4674//4674
f 4674//4674 4681//4681 4682//4682
f 4674//4674 4682//4682 4675//4675
f 4675//4675 4682//4682 4683//4683
f 4675//4675 4683//4683 4676//4676
f 4676//4676 4683//4683 4684//4684
f 4676//4676 4684//4684 4677//4677
f 4677//4677 4684//4684 4685//4685
f 4677//4677 4685//4685 4678//4678
f 4678//4678 4685//4685 4686//4686
f 4678//4678 4686//4686 4679//4679
f 4679//4679 4686//4686 4687//4687
f 4679//4679 4687//4687 4680//4680
f 4680//4680 4687//4687 4688//4688
f 4680//4680 4688//4688 4616//4616
f 4681//4681 4607//4607 4608//4608
f 4681//4681 4608//4608 4682//4682
f 4682//4682 4608//4608 4609//4609
f 4682//4682 4609//4609 4683//4683
f 4683//4683 4609//4609 4610//4610
f 4683//4683 4610//4610 4684//4684
f 4684//4684 4610//4610 4611//4611
f 4684//4684 4611//4611 4685//4685
f 4685//4685 4611//4611 4612//4612
f 4685//4685 4612//4612 4686//4686
f 4686//4686 4612//4612 4613//4613
f 4686//4686 4613//4613 4687//4687
f 4687//4687 4613//4613 4614//4614
f 4687//4687 4614//4614 4688//4688
f 4688//4688 4614//4614 4615//4615
f 4688//4688 4615//4615 4616//4616
f 4690//4690 4689//4689 4699//4699
f 4690//4690 4699//4699 4691//4691
f 4691//4691 4699//4699 4700//4700
f 4691//4691 4700//4700 4692//4692
f 4692//4692 4700//4700 4701//4701
f 4692//4692 4701//4701 4693//4693
f 4693//4693 4701//4701 4702//4702
f 4693//4693 4702//4702 4694//4694
f 4694//4694 4702//4702 4703//4703
f 4694//4694 4703//4703 4695//4695
f 4695//4695 4703//4703 4704//4704
f 4695//4695 4704//4704 4696//4696
f 4696//4696 4704//4704 4705//4705
f 4696//4696 4705//4705 4697//4697
f 4697//4697 4705//4705 4706//4706
f 4697//4697 4706//4706 4698//4698
f 4699//4699 4689//4689 4707//4707
f 4699//4699 4707//4707 4700//4700
f 4700//4700 4707//4707 4708//4708
f 4700//4700 4708//4708 4701//4701
f 4701//4701 4708//4708 4709//4709
f 4701//4701 4709//4709 4702//4702
f 4702//4702 4709//4709 4710//4710
f 4702//4702 4710//4710 4703//4703
f 4703//4703 4710//4710 4711//4711
f 4703//4703 4711//4711 4704//4704
f 4704//4704 4711//4711 4712//4712
f 4704//4704 4712//4712 4705//4705
f 4705//4705 4712//4712 4713//4713
f 4705//4705 4713//4713 4706//4706
f 4706//4706 4713//4713 4714//4714
f 4706//4706 4714//4714 4698//4698
f 4707//4707 4689//4689 4715//4715
f 4707//4707 4715//4715 4708//4708
f 4708//4708 4715//4715 4716//4716
f 4708//4708 4716//4716 4709//4709
f 4709//4709 4716//4716 4717//4717
f 4709//4709 4717//4717 4710//4710
f 4710//4710 4717//4717 4718//4718
f 4710//4710 4718//4718 4711//4711
f 4711//4711 4718//4718 4719//4719
f 4711//4711 4719//4719 4712//4712
f 4712//4712 4719//4719 4720//4720
f 4712//4712 4720//4720 4713//4713
f 4713//4713 4720//4720 4721//4721
f 4713//4713 4721//4721 4714//4714
f 4714//4714 4721//4721 4722//4722
f 4714//4714 4722//4722 4698//4698
f 4715//4715 4689//4689 4723//4723
f 4715//4715 4723//4723 4716//4716
f 4716//4716 4723//4723 4724//4724
f 4716//4716 4724//4724 4717//4717
f 4717//4717 4724//4724 4725//4725
f 4717//4717 4725//4725 4718//4718
f 4718//4718 4725//4725 4726//4726
f 4718//4718 4726//4726 4719//4719
f 4719//4719 4726//4726 4727//4727
f 4719//4719 4727//4727 4720//4720
f 4720//4720 4727//4727 4728//4728
f 4720//4720 4728//4728 4721//4721
f 4721//4721 4728//4728 4729//4729
f 4721//4721 4729//4729 4722//4722
f 4722//4722 4729//4729 4730//4730
f 4722//4722 4730//4730 4698//4698
f 4723//4723 4689//4689 4731//4731
f 4723//4723 4731//4731 4724//4724
f 4724//4724 4731//4731 4732//4732
f 4724//4724 4732//4732 4725//4725
f 4725//4725 4732//4732 4733//4733
f 4725//4725 4733//4733 4726//4726
f 4726//4726 4733//4733 4734//4734
f 4726//4726 4734//4734 4727//4727
f 4727//4727 4734//4734 4735//4735
f 4727//4727 4735//4735 4728//4728
f 4728//4728 4735//4735 4736//4736
f 4728//4728 4736//4736 4729//4729
f 4729//4729 4736//4736 4737//4737
f 4729//4729 4737//4737 4730//4730
f 4730//4730 4737//4737 4738//4738
f 4730//4730 4738//4738 4698//4698
f 4731//4731 4689//4689 4739//4739
f 4731//4731 4739//4739 4732//4732
f 4732//4732 4739//4739 4740//4740
f 4732//4732 4740//4740 4733//4733
f 4733//4733 4740//4740 4741//4741
f 4733//4733 4741//4741 4734//4734
f 4734//4734 4741//4741 4742//4742
f 4734//4734 4742//4742 4735//4735
f 4735//4735 4742//4742 4743//4743
f 4735//4735 4743//4743 4736//4736
f 4736//4736 4743//4743 4744//4744
f 4736//4736 4744//4744 4737//4737
f 4737//4737 4744//4744 4745//4745
f 4737//4737 4745//4745 4738//4738
f 4738//4738 4745//4745 4746//4746
f 4738//4738 4746//4746 4698//4698
f 4739//4739 4689//4689 4747//4747
f 4739//4739 4747//4747 4740//4740
f 4740//4740 4747//4747 4748//4748
f 4740//4740 4748//4748 4741//4741
f 4741//4741 4748//4748 4749//4749
f 4741//4741 4749//4749 4742//4742
f 4742//4742 4749//4749 4750//4750
f 4742//4742 4750//4750 4743//4743
f 4743//4743 4750//4750 4751//4751
f 4743//4743 4751//4751 4744//4744
f 4744//4744 4751//4751 4752//4752
f 4744//4744 4752//4752 4745//4745
f 4745//4745 4752//4752 4753//4753
f 4745//4745 4753//4753 4746//4746
f 4746//4746 4753//4753 4754//4754
f 4746//4746 4754//4754 4698//4698
f 4747//4747 4689//4689 4755//4755
f 4747//4747 4755//4755 4748//4748
f 4748//4748 4755//4755 4756//4756
f 4748//4748 4756//4756 4749//4749
f 4749//4749 4756//4756 4757//4757
f 4749//4749 4757//4757 4750//4750
f 4750//4750 4757//4757 4758//4758
f 4750//4750 4758//4758 4751//4751
f 4751//4751 4758//4758 4759//4759
f 4751//4751 4759//4759 4752//4752
f 4752//4752 4759//4759 4760//4760
f 4752//4752 4760//4760 4753//4753
f 4753//4753 4760//4760 4761//4761
f 4753//4753 4761//4761 4754//4754
f 4754//4754 4761//4761 4762//4762
f 4754//4754 4762//4762 4698//4698
f 4755//4755 4689//4689 4763//4763
f 4755//4755 4763//4763 4756//4756
f 4756//4756 4763//4763 4764//4764
f 4756//4756 4764//4764 4757//4757
f 4757//4757 4764//4764 4765//4765
f 4757//4757 4765//4765 4758//4758
f 4758//4758 4765//4765 4766//4766
f 4758//4758 4766//4766 4759//4759
f 4759//4759 4766//4766 4767//4767
f 4759//4759 4767//4767 4760//4760
f 4760//4760 4767//4767 4768//4768
f 4760//4760 4768//4768 4761//4761
f 4761//4761 4768//4768 4769//4769
f 4761//4761 4769//4769 4762//4762
f 4762//4762 4769//4769 4770//4770
f 4762//4762 4770//4770 4698//4698
f 4763//4763 4689//4689 4690//4690
f 4763//4763 4690//4690 4764//4764
f 4764//4764 4690//4690 4691//4691
f 4764//4764 4691//4691 4765//4765
f 4765//4765 4691//4691 4692//4692
f 4765//4765 4692//4692 4766//4766
f 4766//4766 4692//4692 4693//4693
f 4766//4766 4693//4693 4767//4767
f 4767//4767 4693//4693 4694//4694
f 4767//4767 4694//4694 4768//4768
f 4768//4768 4694//4694 4695//4695
f 4768//4768 4695//4695 4769//4769
f 4769//4769 4695//4695 4696//4696
f 4769//4769 4696//4696 4770//4770
f 4770//4770 4696//4696 4697//4697
f 4770//4770 4697//4697 4698//4698
f 4772//4772 4771//4771 4781//4781
f 4772//4772 4781//4781 4773//4773
f 4773//4773 4781//4781 4782//4782
f 4773//4773 4782//4782 4774//4774
f 4774//4774 4782//4782 4783//4783
f 4774//4774 4783//4783 4775//4775
f 4775//4775 4783//4783 4784//4784
f 4775//4775 4784//4784 4776//4776
f 4776//4776 4784//4784 4785//4785
f 4776//4776 4785//4785 4777//4777
f 4777//4777 4785//4785 4786//4786
f 4777//4777 4786//4786 4778//4778
f 4778//4778 4786//4786 4787//4787
f 4778//4778 4787//4787 4779//4779
f 4779//4779 4787//4787 4788//4788
f 4779//4779 4788//4788 4780//4780
f 4781//4781 4771//4771 4789//4789
f 4781//4781 4789//4789 4782//4782
f 4782//4782 4789//4789 4790//4790
f 4782//4782 4790//4790 4783//4783
f 4783//4783 4790//4790 4791//4791
f 4783//4783 4791//4791 4784//4784
f 4784//4784 4791//4791 4792//4792
f 4784//4784 4792//4792 4785//4785
f 4785//4785 4792//4792 4793//4793
f 4785//4785 4793//4793 4786//4786
f 4786//4786 4793//4793 4794//4794
f 4786//4786 4794//4794 4787//4787
f 4787//4787 4794//4794 4795//4795
f 4787//4787 4795//4795 4788//4788
f 4788//4788 4795//4795 4796//4796
f 4788//4788 4796//4796 4780//4780
f 4789//4789 4771//4771 4797//4797
f 4789//4789 4797//4797 4790//4790
f 4790//4790 4797//4797 4798//4798
f 4790//4790 4798//4798 4791//4791
f 4791//4791 4798//4798 4799//4799
f 4791//4791 4799//4799 4792//4792
f 4792//4792 4799//4799 4800//4800
f 4792//4792 4800//4800 4793//4793
f 4793//4793 4800//4800 4801//4801
f 4793//4793 4801//4801 4794//4794
f 4794//4794 4801//4801 4802//4802
f 4794//4794 4802//4802 4795//4795
f 4795//4795 4802//4802 4803//4803
f 4795//4795 4803//4803 4796//4796
f 4796//4796 4803//4803 4804//4804
f 4796//4796 4804//4804 4780//4780
f 4797//4797 4771//4771 4805//4805
f 4797//4797 4805//4805 4798//4798
f 4798//4798 4805//4805 4806//4806
f 4798//4798 4806//4806 4799//4799
f 4799//4799 4806//4806 4807//4807
f 4799//4799 4807//4807 4800//4800
f 4800//4800 4807//4807 4808//4808
f 4800//4800 4808//4808 4801//4801
f 4801//4801 4808//4808 4809//4809
f 4801//4801 4809//4809 4802//4802
f 4802//4802 4809//4809 4810//4810
f 4802//4802 4810//4810 4803//4803
f 4803//4803 4810//4810 4811//4811
f 4803//4803 4811//4811 4804//4804
f 4804//4804 4811//4811 4812//4812
f 4804//4804 4812//4812 4780//4780
f 4805//4805 4771//4771 4813//4813
f 4805//4805 4813//4813 4806//4806
f 4806//4806 4813//4813 4814//4814
f 4806//4806 4814//4814 4807//4807
f 4807//4807 4814//4814 4815//4815
f 4807//4807 4815//4815 4808//4808
f 4808//4808 4815//4815 4816//4816
f 4808//4808 4816//4816 4809//4809
f 4809//4809 4816//4816 4817//4817
f 4809//4809 4817//4817 4810//4810
f 4810//4810 4817//4817 4818//4818
f 4810//4810 4818//4818 4811//4811
f 4811//4811 4818//4818 4819//4819
f 4811//4811 4819//4819 4812//4812
f 4812//4812 4819//4819 4820//4820
f 4812//4812 4820//4820 4780//4780
f 4813//4813 4771//4771 4821//4821
f 4813//4813 4821//4821 4814//4814
f 4814//4814 4821//4821 4822//4822
f 4814//4814 4822//4822 4815//4815
f 4815//4815 4822//4822 4823//4823
f 4815//4815 4823//4823 4816//4816
f 4816//4816 4823//4823 4824//4824
f 4816//4816 4824//4824 4817//4817
f 4817//4817 4824//4824 4825//4825
f 4817//4817 4825//4825 4818//4818
f 4818//4818 4825//4825 4826//4826
f 4818//4818 4826//4826 4819//4819
f 4819//4819 4826//4826 4827//4827
f 4819//4819 4827//4827 4820//4820
f 4820//4820 4827//4827 4828//4828
f 4820//4820 4828//4828 4780//4780
f 4821//4821 4771//4771 4829//4829
f 4821//4821 4829//4829 4822//4822
f 4822//4822 4829//4829 4830//4830
f 4822//4822 4830//4830 4823//4823
f 4823//4823 4830//4830 4831//4831
f 4823//4823 4831//4831 4824//4824
f 4824//4824 4831//4831 4832//4832
f 4824//4824 4832//4832 4825//4825
f 4825//4825 4832//4832 4833//4833
f 4825//4825 4833//4833 4826//4826
f 4826//4826 4833//4833 4834//4834
f 4826//4826 4834//4834 4827//4827
f 4827//4827 4834//4834 4835//4835
f 4827//4827 4835//4835 4828//4828
f 4828//4828 4835//4835 4836//4836
f 4828//4828 4836//4836 4780//4780
f 4829//4829 4771//4771 4837//4837
f 4829//4829 4837//4837 4830//4830
f 4830//4830 4837//4837 4838//4838
f 4830//4830 4838//4838 4831//4831
f 4831//4831 4838//4838 4839//4839
f 4831//4831 4839//4839 4832//4832
f 4832//4832 4839//4839 4840//4840
f 4832//4832 4840//4840 4833//4833
f 4833//4833 4840//4840 4841//4841
f 4833//4833 4841//4841 4834//4834
f 4834//4834 4841//4841 4842//4842
f 4834//4834 4842//4842 4835//4835
f 4835//4835 4842//4842 4843//4843
f 4835//4835 4843//4843 4836//4836
f 4836//4836 4843//4843 4844//4844
f 4836//4836 4844//4844 4780//4780
f 4837//4837 4771//4771 4845//4845
f 4837//4837 4845//4845 4838//4838
f 4838//4838 4845//4845 4846//4846
f 4838//4838 4846//4846 4839//4839
f 4839//4839 4846//4846 4847//4847
f 4839//4839 4847//4847 4840//4840
f 4840//4840 4847//4847 4848//4848
f 4840//4840 4848//4848 4841//4841
f 4841//4841 4848//4848 4849//4849
f 4841//4841 4849//4849 4842//4842
f 4842//4842 4849//4849 4850//4850
f 4842//4842 4850//4850 4843//4843
f 4843//4843 4850//4850 4851//4851
f 4843//4843 4851//4851 4844//4844
f 4844//4844 4851//4851 4852//4852
f 4844//4844 4852//4852 4780//4780
f 4845//4845 4771//4771 4772//4772
f 4845//4845 4772//4772 4846//4846
f 4846//4846 4772//4772 4773//4773
f 4846//4846 4773//4773 4847//4847
f 4847//4847 4773//4773 4774//4774
f 4847//4847 4774//4774 4848//4848
f 4848//4848 4774//4774 4775//4775
f 4848//4848 4775//4775 4849//4849
f 4849//4849 4775//4775 4776//4776
f 4849//4849 4776//4776 4850//4850
f 4850//4850 4776//4776 4777//4777
f 4850//4850 4777//4777 4851//4851
f 4851//4851 4777//4777 4778//4778
f 4851//4851 4778//4778 4852//4852
f 4852//4852 4778//4778 4779//4779
f 4852//4852 4779//4779 4780//4780
f 4853//4853 4990//4990 4906//4906
f 4990//4990 4890//4890 4992//4992
f 4906//4906 4992//4992 4869//4869
f 4990//4990 4992//4992 4906//4906
f 4890//4890 4991//4991 5007//5007
f 4991//4991 4864//4864 5004//5004
f 5007//5007 5004//5004 4893//4893
f 4991//4991 5004//5004 5007//5007
f 4869//4869 5005//5005 4907//4907
f 5005//5005 4893//4893 5003//5003
f 4907//4907 5003//5003 4858//4858
f 5005//5005 5003//5003 4907//4907
f 4890//4890 5007//5007 4992//4992
f 5007//5007 4893//4893 5005//5005
f 4992//4992 5005//5005 4869//4869
f 5007//5007 5005//5005 4992//4992
f 4853//4853 4906//4906 4895//4895
f 4906//4906 4869//4869 4908//4908
f 4895//4895 4908//4908 4865//4865
f 4906//4906 4908//4908 4895//4895
f 4869//4869 4907//4907 4912//4912
f 4907//4907 4858//4858 4910//4910
f 4912//4912 4910//4910 4870//4870
f 4907//4907 4910//4910 4912//4912
f 4865//4865 4911//4911 4896//4896
f 4911//4911 4870//4870 4909//4909
f 4896//4896 4909//4909 4854//4854
f 4911//4911 4909//4909 4896//4896
f 4869//4869 4912//4912 4908//4908
f 4912//4912 4870//4870 4911//4911
f 4908//4908 4911//4911 4865//4865
f 4912//4912 4911//4911 4908//4908
f 4853//4853 4895//4895 4922//4922
f 4895//4895 4865//4865 4924//4924
f 4922//4922 4924//4924 4874//4874
f 4895//4895 4924//4924 4922//4922
f 4865//4865 4896//4896 4927//4927
f 4896//4896 4854//4854 4925//4925
f 4927//4927 4925//4925 4875//4875
f 4896//4896 4925//4925 4927//4927
f 4874//4874 4928//4928 4923//4923
f 4928//4928 4875//4875 4926//4926
f 4923//4923 4926//4926 4860//4860
f 4928//4928 4926//4926 4923//4923
f 4865//4865 4927//4927 4924//4924
f 4927//4927 4875//4875 4928//4928
f 4924//4924 4928//4928 4874//4874
f 4927//4927 4928//4928 4924//4924
f 4853//4853 4922//4922 4973//4973
f 4922//4922 4874//4874 4975//4975
f 4973//4973 4975//4975 4886//4886
f 4922//4922 4975//4975 4973//4973
f 4874//4874 4923//4923 4986//4986
f 4923//4923 4860//4860 4984//4984
f 4986//4986 4984//4984 4889//4889
f 4923//4923 4984//4984 4986//4986
f 4886//4886 4988//4988 4974//4974
f 4988//4988 4889//4889 4985//4985
f 4974//4974 4985//4985 4863//4863
f 4988//4988 4985//4985 4974//4974
f 4874//4874 4986//4986 4975//4975
f 4986//4986 4889//4889 4988//4988
f 4975//4975 4988//4988 4886//4886
f 4986//4986 4988//4988 4975//4975
f 4853//4853 4973//4973 4990//4990
f 4973//4973 4886//4886 4993//4993
f 4990//4990 4993//4993 4890//4890
f 4973//4973 4993//4993 4990//4990
f 4886//4886 4974//4974 5011//5011
f 4974//4974 4863//4863 5009//5009
f 5011//5011 5009//5009 4894//4894
f 4974//4974 5009//5009 5011//5011
f 4890//4890 5013//5013 4991//4991
f 5013//5013 4894//4894 5010//5010
f 4991//4991 5010//5010 4864//4864
f 5013//5013 5010//5010 4991//4991
f 4886//4886 5011//5011 4993//4993
f 5011//5011 4894//4894 5013//5013
f 4993//4993 5013//5013 4890//4890
f 5011//5011 5013//5013 4993//4993
f 4854//4854 4909//4909 4948//4948
f 4909//4909 4870//4870 4950//4950
f 4948//4948 4950//4950 4881//4881
f 4909//4909 4950//4950 4948//4948
f 4870//4870 4910//4910 4963//4963
f 4910//4910 4858//4858 4961//4961
f 4963//4963 4961//4961 4884//4884
f 4910//4910 4961//4961 4963//4963
f 4881//4881 4965//4965 4949//4949
f 4965//4965 4884//4884 4962//4962
f 4949//4949 4962//4962 4862//4862
f 4965//4965 4962//4962 4949//4949
f 4870//4870 4963//4963 4950//4950
f 4963//4963 4884//4884 4965//4965
f 4950//4950 4965//4965 4881//4881
f 4963//4963 4965//4965 4950//4950
f 4858//4858 5003//5003 4914//4914
f 5003//5003 4893//4893 5006//5006
f 4914//4914 5006//5006 4871//4871
f 5003//5003 5006//5006 4914//4914
f 4893//4893 5004//5004 5008//5008
f 5004//5004 4864//4864 4999//4999
f 5008//5008 4999//4999 4892//4892
f 5004//5004 4999//4999 5008//5008
f 4871//4871 5001//5001 4913//4913
f 5001//5001 4892//4892 4998//4998
f 4913//4913 4998//4998 4857//4857
f 5001//5001 4998//4998 4913//4913
f 4893//4893 5008//5008 5006//5006
f 5008//5008 4892//4892 5001//5001
f 5006//5006 5001//5001 4871//4871
f 5008//5008 5001//5001 5006//5006
f 4864//4864 5010//5010 4995//4995
f 5010//5010 4894//4894 5014//5014
f 4995//4995 5014//5014 4891//4891
f 5010//5010 5014//5014 4995//4995
f 4894//4894 5009//5009 5012//5012
f 5009//5009 4863//4863 4977//4977
f 5012//5012 4977//4977 4887//4887
f 5009//5009 4977//4977 5012//5012
f 4891//4891 4997//4997 4994//4994
f 4997//4997 4887//4887 4976//4976
f 4994//4994 4976//4976 4855//4855
f 4997//4997 4976//4976 4994//4994
f 4894//4894 5012//5012 5014//5014
f 5012//5012 4887//4887 4997//4997
f 5014//5014 4997//4997 4891//4891
f 5012//5012 4997//4997 5014//5014
f 4863//4863 4985//4985 4980//4980
f 4985//4985 4889//4889 4989//4989
f 4980//4980 4989//4989 4888//4888
f 4985//4985 4989//4989 4980//4980
f 4889//4889 4984//4984 4987//4987
f 4984//4984 4860//4860 4930//4930
f 4987//4987 4930//4930 4876//4876
f 4984//4984 4930//4930 4987//4987
f 4888//4888 4982//4982 4979//4979
f 4982//4982 4876//4876 4929//4929
f 4979//4979 4929//4929 4859//4859
f 4982//4982 4929//4929 4979//4979
f 4889//4889 4987//4987 4989//4989
f 4987//4987 4876//4876 4982//4982
f 4989//4989 4982//4982 4888//4888
f 4987//4987 4982//4982 4989//4989
f 4860//4860 4926//4926 4942//4942
f 4926//4926 4875//4875 4944//4944
f 4942//4942 4944//4944 4880//4880
f 4926//4926 4944//4944 4942//4942
f 4875//4875 4925//4925 4933//4933
f 4925//4925 4854//4854 4931//4931
f 4933//4933 4931//4931 4877//4877
f 4925//4925 4931//4931 4933//4933
f 4880//4880 4946//4946 4943//4943
f 4946//4946 4877//4877 4932//4932
f 4943//4943 4932//4932 4861//4861
f 4946//4946 4932//4932 4943//4943
f 4875//4875 4933//4933 4944//4944
f 4933//4933 4877//4877 4946//4946
f 4944//4944 4946//4946 4880//4880
f 4933//4933 4946//4946 4944//4944
f 4856//4856 4952//4952 4902//4902
f 4952//4952 4882//4882 4954//4954
f 4902//4902 4954//4954 4868//4868
f 4952//4952 4954//4954 4902//4902
f 4882//4882 4953//4953 4960//4960
f 4953//4953 4862//4862 4957//4957
f 4960//4960 4957//4957 4883//4883
f 4953//4953 4957//4957 4960//4960
f 4868//4868 4958//4958 4903//4903
f 4958//4958 4883//4883 4956//4956
f 4903//4903 4956//4956 4857//4857
f 4958//4958 4956//4956 4903//4903
f 4882//4882 4960//4960 4954//4954
f 4960//4960 4883//4883 4958//4958
f 4954//4954 4958//4958 4868//4868
f 4960//4960 4958//4958 4954//4954
f 4856//4856 4902//4902 4898//4898
f 4902//4902 4868//4868 4904//4904
f 4898//4898 4904//4904 4866//4866
f 4902//4902 4904//4904 4898//4898
f 4868//4868 4903//4903 4905//4905
f 4903//4903 4857//4857 4900//4900
f 4905//4905 4900//4900 4867//4867
f 4903//4903 4900//4900 4905//4905
f 4866//4866 4901//4901 4897//4897
f 4901//4901 4867//4867 4899//4899
f 4897//4897 4899//4899 4855//4855
f 4901//4901 4899//4899 4897//4897
f 4868//4868 4905//4905 4904//4904
f 4905//4905 4867//4867 4901//4901
f 4904//4904 4901//4901 4866//4866
f 4905//4905 4901//4901 4904//4904
f 4856//4856 4898//4898 4918//4918
f 4898//4898 4866//4866 4920//4920
f 4918//4918 4920//4920 4873//4873
f 4898//4898 4920//4920 4918//4918
f 4866//4866 4897//4897 4917//4917
f 4897//4897 4855//4855 4915//4915
f 4917//4917 4915//4915 4872//4872
f 4897//4897 4915//4915 4917//4917
f 4873//4873 4921//4921 4919//4919
f 4921//4921 4872//4872 4916//4916
f 4919//4919 4916//4916 4859//4859
f 4921//4921 4916//4916 4919//4919
f 4866//4866 4917//4917 4920//4920
f 4917//4917 4872//4872 4921//4921
f 4920//4920 4921//4921 4873//4873
f 4917//4917 4921//4921 4920//4920
f 4856//4856 4918//4918 4934//4934
f 4918//4918 4873//4873 4936//4936
f 4934//4934 4936//4936 4878//4878
f 4918//4918 4936//4936 4934//4934
f 4873//4873 4919//4919 4939//4939
f 4919//4919 4859//4859 4937//4937
f 4939//4939 4937//4937 4879//4879
f 4919//4919 4937//4937 4939//4939
f 4878//4878 4941//4941 4935//4935
f 4941//4941 4879//4879 4938//4938
f 4935//4935 4938//4938 4861//4861
f 4941//4941 4938//4938 4935//4935
f 4873//4873 4939//4939 4936//4936
f 4939//4939 4879//4879 4941//4941
f 4936//4936 4941//4941 4878//4878
f 4939//4939 4941//4941 4936//4936
f 4856//4856 4934//4934 4952//4952
f 4934//4934 4878//4878 4955//4955
f 4952//4952 4955//4955 4882//4882
f 4934//4934 4955//4955 4952//4952
f 4878//4878 4935//4935 4970//4970
f 4935//4935 4861//4861 4967//4967
f 4970//4970 4967//4967 4885//4885
f 4935//4935 4967//4967 4970//4970
f 4882//4882 4972//4972 4953//4953
f 4972//4972 4885//4885 4968//4968
f 4953//4953 4968//4968 4862//4862
f 4972//4972 4968//4968 4953//4953
f 4878//4878 4970//4970 4955//4955
f 4970//4970 4885//4885 4972//4972
f 4955//4955 4972//4972 4882//4882
f 4970//4970 4972//4972 4955//4955
f 4857//4857 4956//4956 4913//4913
f 4956//4956 4883//4883 4959//4959
f 4913//4913 4959//4959 4871//4871
f 4956//4956 4959//4959 4913//4913
f 4883//4883 4957//4957 4966//4966
f 4957//4957 4862//4862 4962//4962
f 4966//4966 4962//4962 4884//4884
f 4957//4957 4962//4962 4966//4966
f 4871//4871 4964//4964 4914//4914
f 4964//4964 4884//4884 4961//4961
f 4914//4914 4961//4961 4858//4858
f 4964//4964 4961//4961 4914//4914
f 4883//4883 4966//4966 4959//4959
f 4966//4966 4884//4884 4964//4964
f 4959//4959 4964//4964 4871//4871
f 4966//4966 4964//4964 4959//4959
f 4855//4855 4899//4899 4994//4994
f 4899//4899 4867//4867 4996//4996
f 4994//4994 4996//4996 4891//4891
f 4899//4899 4996//4996 4994//4994
f 4867//4867 4900//4900 5000//5000
f 4900//4900 4857//4857 4998//4998
f 5000//5000 4998//4998 4892//4892
f 4900//4900 4998//4998 5000//5000
f 4891//4891 5002//5002 4995//4995
f 5002//5002 4892//4892 4999//4999
f 4995//4995 4999//4999 4864//4864
f 5002//5002 4999//4999 4995//4995
f 4867//4867 5000//5000 4996//4996
f 5000//5000 4892//4892 5002//5002
f 4996//4996 5002//5002 4891//4891
f 5000//5000 5002//5002 4996//4996
f 4859//4859 4916//4916 4979//4979
f 4916//4916 4872//4872 4981//4981
f 4979//4979 4981//4981 4888//4888
f 4916//4916 4981//4981 4979//4979
f 4872//4872 4915//4915 4978//4978
f 4915//4915 4855//4855 4976//4976
f 4978//4978 4976//4976 4887//4887
f 4915//4915 4976//4976 4978//4978
f 4888//4888 4983//4983 4980//4980
f 4983//4983 4887//4887 4977//4977
f 4980//4980 4977//4977 4863//4863
f 4983//4983 4977//4977 4980//4980
f 4872//4872 4978//4978 4981//4981
f 4978//4978 4887//4887 4983//4983
f 4981//4981 4983//4983 4888//4888
f 4978//4978 4983//4983 4981//4981
f 4861//4861 4938//4938 4943//4943
f 4938//4938 4879//4879 4947//4947
f 4943//4943 4947//4947 4880//4880
f 4938//4938 4947//4947 4943//4943
f 4879//4879 4937//4937 4940//4940
f 4937//4937 4859//4859 4929//4929
f 4940//4940 4929//4929 4876//4876
f 4937//4937 4929//4929 4940//4940
f 4880//4880 4945//4945 4942//4942
f 4945//4945 4876//4876 4930//4930
f 4942//4942 4930//4930 4860//4860
f 4945//4945 4930//4930 4942//4942
f 4879//4879 4940//4940 4947//4947
f 4940//4940 4876//4876 4945//4945
f 4947//4947 4945//4945 4880//4880
f 4940//4940 4945//4945 4947//4947
f 4862//4862 4968//4968 4949//4949
f 4968//4968 4885//4885 4971//4971
f 4949//4949 4971//4971 4881//4881
f 4968//4968 4971//4971 4949//4949
f 4885//4885 4967//4967 4969//4969
f 4967//4967 4861//4861 4932//4932
f 4969//4969 4932//4932 4877//4877
f 4967//4967 4932//4932 4969//4969
f 4881//4881 4951//4951 4948//4948
f 4951//4951 4877//4877 4931//4931
f 4948//4948 4931//4931 4854//4854
f 4951//4951 4931//4931 4948//4948
f 4885//4885 4969//4969 4971//4971
f 4969//4969 4877//4877 4951//4951
f 4971//4971 4951//4951 4881//4881
f 4969//4969 4951//4951 4971//4971
f 5016//5016 5015//5015 5025//5025
f 5016//5016 5025//5025 5017//5017
f 5017//5017 5025//5025 5026//5026
f 5017//5017 5026//5026 5018//5018
f 5018//5018 5026//5026 5027//5027
f 5018//5018 5027//5027 5019//5019
f 5019//5019 5027//5027 5028//5028
f 5019//5019 5028//5028 5020//5020
f 5020//5020 5028//5028 5029//5029
f 5020//5020 5029//5029 5021//5021
f 5021//5021 5029//5029 5030//5030
f 5021//5021 5030//5030 5022//5022
f 5022//5022 5030//5030 5031//5031
f 5022//5022 5031//5031 5023//5023
f 5023//5023 5031//5031 5032//5032
f 5023//5023 5032//5032 5024//5024
f 5025//5025 5015//5015 5033//5033
f 5025//5025 5033//5033 5026//5026
f 5026//5026 5033//5033 5034//5034
f 5026//5026 5034//5034 5027//5027
f 5027//5027 5034//5034 5035//5035
f 5027//5027 5035//5035 5028//5028
f 5028//5028 5035//5035 5036//5036
f 5028//5028 5036//5036 5029//5029
f 5029//5029 5036//5036 5037//5037
f 5029//5029 5037//5037 5030//5030
f 5030//5030 5037//5037 5038//5038
f 5030//5030 5038//5038 5031//5031
f 5031//5031 5038//5038 5039//5039
f 5031//5031 5039//5039 5032//5032
f 5032//5032 5039//5039 5040//5040
f 5032//5032 5040//5040 5024//5024
f 5033//5033 5015//5015 5041//5041
f 5033//5033 5041//5041 5034//5034
f 5034//5034 5041//5041 5042//5042
f 5034//5034 5042//5042 5035//5035
f 5035//5035 5042//5042 5043//5043
f 5035//5035 5043//5043 5036//5036
f 5036//5036 5043//5043 5044//5044
f 5036//5036 5044//5044 5037//5037
f 5037//5037 5044//5044 5045//5045
f 5037//5037 5045//5045 5038//5038
f 5038//5038 5045//5045 5046//5046
f 5038//5038 5046//5046 5039//5039
f 5039//5039 5046//5046 5047//5047
f 5039//5039 5047//5047 5040//5040
f 5040//5040 5047//5047 5048//5048
f 5040//5040 5048//5048 5024//5024
f 5041//5041 5015//5015 5049//5049
f 5041//5041 5049//5049 5042//5042
f 5042//5042 5049//5049 5050//5050
f 5042//5042 5050//5050 5043//5043
f 5043//5043 5050//5050 5051//5051
f 5043//5043 5051//5051 5044//5044
f 5044//5044 5051//5051 5052//5052
f 5044//5044 5052//5052 5045//5045
f 5045//5045 5052//5052 5053//5053
f 5045//5045 5053//5053 5046//5046
f 5046//5046 5053//5053 5054//5054
f 5046//5046 5054//5054 5047//5047
f 5047//5047 5054//5054 5055//5055
f 5047//5047 5055//5055 5048//5048
f 5048//5048 5055//5055 5056//5056
f 5048//5048 5056//5056 5024//5024
f 5049//5049 5015//5015 5057//5057
f 5049//5049 5057//5057 5050//5050
f 5050//5050 5057//5057 5058//5058
f 5050//5050 5058//5058 5051//5051
f 5051//5051 5058//5058 5059//5059
f 5051//5051 5059//5059 5052//5052
f 5052//5052 5059//5059 5060//5060
f 5052//5052 5060//5060 5053//5053
f 5053//5053 5060//5060 5061//5061
f 5053//5053 5061//5061 5054//5054
f 5054//5054 5061//5061 5062//5062
f 5054//5054 5062//5062 5055//5055
f 5055//5055 5062//5062 5063//5063
f 5055//5055 5063//5063 5056//5056
f 5056//5056 5063//5063 5064//5064
f 5056//5056 5064//5064 5024//5024
f 5057//5057 5015//5015 5065//5065
f 5057//5057 5065//5065 5058//5058
f 5058//5058 5065//5065 5066//5066
f 5058//5058 5066//5066 5059//5059
f 5059//5059 5066//5066 5067//5067
f 5059//5059 5067//5067 5060//5060
f 5060//5060 5067//5067 5068//5068
f 5060//5060 5068//5068 5061//5061
f 5061//5061 5068//5068 5069//5069
f 5061//5061 5069//5069 5062//5062
f 5062//5062 5069//5069 5070//5070
f 5062//5062 5070//5070 5063//5063
f 5063//5063 5070//5070 5071//5071
f 5063//5063 5071//5071 5064//5064
f 5064//5064 5071//5071 5072//5072
f 5064//5064 5072//5072 5024//5024
f 5065//5065 5015//5015 5073//5073
f 5065//5065 5073//5073 5066//5066
f 5066//5066 5073//5073 5074//5074
f 5066//5066 5074//5074 5067//5067
f 5067//5067 5074//5074 5075//5075
f 5067//5067 5075//5075 5068//5068
f 5068//5068 5075//5075 5076//5076
f 5068//5068 5076//5076 5069//5069
f 5069//5069 5076//5076 5077//5077
f 5069//5069 5077//5077 5070//5070
f 5070//5070 5077//5077 5078//5078
f 5070//5070 5078//5078 5071//5071
f 5071//5071 5078//5078 5079//5079
f 5071//5071 5079//5079 5072//5072
f 5072//5072 5079//5079 5080//5080
f 5072//5072 5080//5080 5024//5024
f 5073//5073 5015//5015 5081//5081
f 5073//5073 5081//5081 5074//5074
f 5074//5074 5081//5081 5082//5082
f 5074//5074 5082//5082 5075//5075
f 5075//5075 5082//5082 5083//5083
f 5075//5075 5083//5083 5076//5076
f 5076//5076 5083//5083 5084//5084
f 5076//5076 5084//5084 5077//5077
f 5077//5077 5084//5084 5085//5085
f 5077//5077 5085//5085 5078//5078
f 5078//5078 5085//5085 5086//5086
f 5078//5078 5086//5086 5079//5079
f 5079//5079 5086//5086 5087//5087
f 5079//5079 5087//5087 5080//5080
f 5080//5080 5087//5087 5088//5088
f 5080//5080 5088//5088 5024//5024
f 5081//5081 5015//5015 5089//5089
f 5081//5081 5089//5089 5082//5082
f 5082//5082 5089//5089 5090//5090
f 5082//5082 5090//5090 5083//5083
f 5083//5083 5090//5090 5091//5091
f 5083//5083 5091//5091 5084//5084
f 5084//5084 5091//5091 5092//5092
f 5084//5084 5092//5092 5085//5085
f 5085//5085 5092//5092 5093//5093
f 5085//5085 5093//5093 5086//5086
f 5086//5086 5093//5093 5094//5094
f 5086//5086 5094//5094 5087//5087
f 5087//5087 5094//5094 5095//5095
f 5087//5087 5095//5095 5088//5088
f 5088//5088 5095//5095 5096//5096
f 5088//5088 5096//5096 5024//5024
f 5089//5089 5015//5015 5016//5016
f 5089//5089 5016//5016 5090//5090
f 5090//5090 5016//5016 5017//5017
f 5090//5090 5017//5017 5091//5091
f 5091//5091 5017//5017 5018//5018
f 5091//5091 5018//5018 5092//5092
f 5092//5092 5018//5018 5019//5019
f 5092//5092 5019//5019 5093//5093
f 5093//5093 5019//5019 5020//5020
f 5093//5093 5020//5020 5094//5094
f 5094//5094 5020//5020 5021//5021
f 5094//5094 5021//5021 5095//5095
f 5095//5095 5021//5021 5022//5022
f 5095//5095 5022//5022 5096//5096
f 5096//5096 5022//5022 5023//5023
f 5096//5096 5023//5023 5024//5024
f 5098//5098 5097//5097 5107//5107
f 5098//5098 5107//5107 5099//5099
f 5099//5099 5107//5107 5108//5108
f 5099//5099 5108//5108 5100//5100
f 5100//5100 5108//5108 5109//5109
f 5100//5100 5109//5109 5101//5101
f 5101//5101 5109//5109 5110//5110
f 5101//5101 5110//5110 5102//5102
f 5102//5102 5110//5110 5111//5111
f 5102//5102 5111//5111 5103//5103
f 5103//5103 5111//5111 5112//5112
f 5103//5103 5112//5112 5104//5104
f 5104//5104 5112//5112 5113//5113
f 5104//5104 5113//5113 5105//5105
f 5105//5105 5113//5113 5114//5114
f 5105//5105 5114//5114 5106//5106
f 5107//5107 5097//5097 5115//5115
f 5107//5107 5115//5115 5108//5108
f 5108//5108 5115//5115 5116//5116
f 5108//5108 5116//5116 5109//5109
f 5109//5109 5116//5116 5117//5117
f 5109//5109 5117//5117 5110//5110
f 5110//5110 5117//5117 5118//5118
f 5110//5110 5118//5118 5111//5111
f 5111//5111 5118//5118 5119//5119
f 5111//5111 5119//5119 5112//5112
f 5112//5112 5119//5119 5120//5120
f 5112//5112 5120//5120 5113//5113
f 5113//5113 5120//5120 5121//5121
f 5113//5113 5121//5121 5114//5114
f 5114//5114 5121//5121 5122//5122
f 5114//5114 5122//5122 5106//5106
f 5115//5115 5097//5097 5123//5123
f 5115//5115 5123//5123 5116//5116
f 5116//5116 5123//5123 5124//5124
f 5116//5116 5124//5124 5117//5117
f 5117//5117 5124//5124 5125//5125
f 5117//5117 5125//5125 5118//5118
f 5118//5118 5125//5125 5126//5126
f 5118//5118 5126//5126 5119//5119
f 5119//5119 5126//5126 5127//5127
f 5119//5119 5127//5127 5120//5120
f 5120//5120 5127//5127 5128//5128
f 5120//5120 5128//5128 5121//5121
f 5121//5121 5128//5128 5129//5129
f 5121//5121 5129//5129 5122//5122
f 5122//5122 5129//5129 5130//5130
f 5122//5122 5130//5130 5106//5106
f 5123//5123 5097//5097 5131//5131
f 5123//5123 5131//5131 5124//5124
f 5124//5124 5131//5131 5132//5132
f 5124//5124 5132//5132 5125//5125
f 5125//5125 5132//5132 5133//5133
f 5125//5125 5133//5133 5126//5126
f 5126//5126 5133//5133 5134//5134
f 5126//5126 5134//5134 5127//5127
f 5127//5127 5134//5134 5135//5135
f 5127//5127 5135//5135 5128//5128
f 5128//5128 5135//5135 5136//5136
f 5128//5128 5136//5136 5129//5129
f 5129//5129 5136//5136 5137//5137
f 5129//5129 5137//5137 5130//5130
f 5130//5130 5137//5137 5138//5138
f 5130//5130 5138//5138 5106//5106
f 5131//5131 5097//5097 5139//5139
f 5131//5131 5139//5139 5132//5132
f 5132//5132 5139//5139 5140//5140
f 5132//5132 5140//5140 5133//5133
f 5133//5133 5140//5140 5141//5141
f 5133//5133 5141//5141 5134//5134
f 5134//5134 5141//5141 5142//5142
f 5134//5134 5142//5142 5135//5135
f 5135//5135 5142//5142 5143//5143
f 5135//5135 5143//5143 5136//5136
f 5136//5136 5143//5143 5144//5144
f 5136//5136 5144//5144 5137//5137
f 5137//5137 5144//5144 5145//5145
f 5137//5137 5145//5145 5138//5138
f 5138//5138 5145//5145 5146//5146
f 5138//5138 5146//5146 5106//5106
f 5139//5139 5097//5097 5147//5147
f 5139//5139 5147//5147 5140//5140
f 5140//5140 5147//5147 5148//5148
f 5140//5140 5148//5148 5141//5141
f 5141//5141 5148//5148 5149//5149
f 5141//5141 5149//5149 5142//5142
f 5142//5142 5149//5149 5150//5150
f 5142//5142 5150//5150 5143//5143
f 5143//5143 5150//5150 5151//5151
f 5143//5143 5151//5151 5144//5144
f 5144//5144 5151//5151 5152//5152
f 5144//5144 5152//5152 5145//5145
f 5145//5145 5152//5152 5153//5153
f 5145//5145 5153//5153 5146//5146
f 5146//5146 5153//5153 5154//5154
f 5146//5146 5154//5154 5106//5106
f 5147//5147 5097//5097 5155//5155
f 5147//5147 5155//5155 5148//5148
f 5148//5148 5155//5155 5156//5156
f 5148//5148 5156//5156 5149//5149
f 5149//5149 5156//5156 5157//5157
f 5149//5149 5157//5157 5150//5150
f 5150//5150 5157//5157 5158//5158
f 5150//5150 5158//5158 5151//5151
f 5151//5151 5158//5158 5159//5159
f 5151//5151 5159//5159 5152//5152
f 5152//5152 5159//5159 5160//5160
f 5152//5152 5160//5160 5153//5153
f 5153//5153 5160//5160 5161//5161
f 5153//5153 5161//5161 5154//5154
f 5154//5154 5161//5161 5162//5162
f 5154//5154 5162//5162 5106//5106
f 5155//5155 5097//5097 5163//5163
f 5155//5155 5163//5163 5156//5156
f 5156//5156 5163//5163 5164//5164
f 5156//5156 5164//5164 5157//5157
f 5157//5157 5164//5164 5165//5165
f 5157//5157 5165//5165 5158//5158
f 5158//5158 5165//5165 5166//5166
f 5158//5158 5166//5166 5159//5159
f 5159//5159 5166//5166 5167//5167
f 5159//5159 5167//5167 5160//5160
f 5160//5160 5167//5167 5168//5168
f 5160//5160 5168//5168 5161//5161
f 5161//5161 5168//5168 5169//5169
f 5161//5161 5169//5169 5162//5162
f 5162//5162 5169//5169 5170//5170
f 5162//5162 5170//5170 5106//5106
f 5163//5163 5097//5097 5171//5171
f 5163//5163 5171//5171 5164//5164
f 5164//5164 5171//5171 5172//5172
f 5164//5164 5172//5172 5165//5165
f 5165//5165 5172//5172 5173//5173
f 5165//5165 5173//5173 5166//5166
f 5166//5166 5173//5173 5174//5174
f 5166//5166 5174//5174 5167//5167
f 5167//5167 5174//5174 5175//5175
f 5167//5167 5175//5175 5168//5168
f 5168//5168 5175//5175 5176//5176
f 5168//5168 5176//5176 5169//5169
f 5169//5169 5176//5176 5177//5177
f 5169//5169 5177//5177 5170//5170
f 5170//5170 5177//5177 5178//5178
f 5170//5170 5178//5178 5106//5106
f 5171//5171 5097//5097 5098//5098
f 5171//5171 5098//5098 5172//5172
f 5172//5172 5098//5098 5099//5099
f 5172//5172 5099//5099 5173//5173
f 5173//5173 5099//5099 5100//5100
f 5173//5173 5100//5100 5174//5174
f 5174//5174 5100//5100 5101//5101
f 5174//5174 5101//5101 5175//5175
f 5175//5175 5101//5101 5102//5102
f 5175//5175 5102//5102 5176//5176
f 5176//5176 5102//5102 5103//5103
f 5176//5176 5103//5103 5177//5177
f 5177//5177 5103//5103 5104//5104
f 5177//5177 5104//5104 5178//5178
f 5178//5178 5104//5104 5105//5105
f 5178//5178 5105//5105 5106//5106
f 5180//5180 5179//5179 5189//5189
f 5180//5180 5189//5189 5181//5181
f 5181//5181 5189//5189 5190//5190
f 5181//5181 5190//5190 5182//5182
f 5182//5182 5190//5190 5191//5191
f 5182//5182 5191//5191 5183//5183
f 5183//5183 5191//5191 5192//5192
f 5183//5183 5192//5192 5184//5184
f 5184//5184 5192//5192 5193//5193
f 5184//5184 5193//5193 5185//5185
f 5185//5185 5193//5193 5194//5194
f 5185//5185 5194//5194 5186//5186
f 5186//5186 5194//5194 5195//5195
f 5186//5186 5195//5195 5187//5187
f 5187//5187 5195//5195 5196//5196
f 5187//5187 5196//5196 5188//5188
f 5189//5189 5179//5179 5197//5197
f 5189//5189 5197//5197 5190//5190
f 5190//5190 5197//5197 5198//5198
f 5190//5190 5198//5198 5191//5191
f 5191//5191 5198//5198 5199//5199
f 5191//5191 5199//5199 5192//5192
f 5192//5192 5199//5199 5200//5200
f 5192//5192 5200//5200 5193//5193
f 5193//5193 5200//5200 5201//5201
f 5193//5193 5201//5201 5194//5194
f 5194//5194 5201//5201 5202//5202
f 5194//5194 5202//5202 5195//5195
f 5195//5195 5202//5202 5203//5203
f 5195//5195 5203//5203 5196//5196
f 5196//5196 5203//5203 5204//5204
f 5196//5196 5204//5204 5188//5188
f 5197//5197 5179//5179 5205//5205
f 5197//5197 5205//5205 5198//5198
f 5198//5198 5205//5205 5206//5206
f 5198//5198 5206//5206 5199//5199
f 5199//5199 5206//5206 5207//5207
f 5199//5199 5207//5207 5200//5200
f 5200//5200 5207//5207 5208//5208
f 5200//5200 5208//5208 5201//5201
f 5201//5201 5208//5208 5209//5209
f 5201//5201 5209//5209 5202//5202
f 5202//5202 5209//5209 5210//5210
f 5202//5202 5210//5210 5203//5203
f 5203//5203 5210//5210 5211//5211
f 5203//5203 5211//5211 5204//5204
f 5204//5204 5211//5211 5212//5212
f 5204//5204 5212//5212 5188//5188
f 5205//5205 5179//5179 5213//5213
f 5205//5205 5213//5213 5206//5206
f 5206//5206 5213//5213 5214//5214
f 5206//5206 5214//5214 5207//5207
f 5207//5207 5214//5214 5215//5215
f 5207//5207 5215//5215 5208//5208
f 5208//5208 5215//5215 5216//5216
f 5208//5208 5216//5216 5209//5209
f 5209//5209 5216//5216 5217//5217
f 5209//5209 5217//5217 5210//5210
f 5210//5210 5217//5217 5218//5218
f 5210//5210 5218//5218 5211//5211
f 5211//5211 5218//5218 5219//5219
f 5211//5211 5219//5219 5212//5212
f 5212//5212 5219//5219 5220//5220
f 5212//5212 5220//5220 5188//5188
f 5213//5213 5179//5179 5221//5221
f 5213//5213 5221//5221 5214//5214
f 5214//5214 5221//5221 5222//5222
f 5214//5214 5222//5222 5215//5215
f 5215//5215 5222//5222 5223//5223
f 5215//5215 5223//5223 5216//5216
f 5216//5216 5223//5223 5224//5224
f 5216//5216 5224//5224 5217//5217
f 5217//5217 5224//5224 5225//5225
f 5217//5217 5225//5225 5218//5218
f 5218//5218 5225//5225 5226//5226
f 5218//5218 5226//5226 5219//5219
f 5219//5219 5226//5226 5227//5227
f 5219//5219 5227//5227 5220//5220
f 5220//5220 5227//5227 5228//5228
f 5220//5220 5228//5228 5188//5188
f 5221//5221 5179//5179 5229//5229
f 5221//5221 5229//5229 5222//5222
f 5222//5222 5229//5229 5230//5230
f 5222//5222 5230//5230 5223//5223
f 5223//5223 5230//5230 5231//5231
f 5223//5223 5231//5231 5224//5224
f 5224//5224 5231//5231 5232//5232
f 5224//5224 5232//5232 5225//5225
f 5225//5225 5232//5232 5233//5233
f 5225//5225 5233//5233 5226//5226
f 5226//5226 5233//5233 5234//5234
f 5226//5226 5234//5234 5227//5227
f 5227//5227 5234//5234 5235//5235
f 5227//5227 5235//5235 5228//5228
f 5228//5228 5235//5235 5236//5236
f 5228//5228 5236//5236 5188//5188
f 5229//5229 5179//5179 5237//5237
f 5229//5229 5237//5237 5230//5230
f 5230//5230 5237//5237 5238//5238
f 5230//5230 5238//5238 5231//5231
f 5231//5231 5238//5238 5239//5239
f 5231//5231 5239//5239 5232//5232
f 5232//5232 5239//5239 5240//5240
f 5232//5232 5240//5240 5233//5233
f 5233//5233 5240//5240 5241//5241
f 5233//5233 5241//5241 5234//5234
f 5234//5234 5241//5241 5242//5242
f 5234//5234 5242//5242 5235//5235
f 5235//5235 5242//5242 5243//5243
f 5235//5235 5243//5243 5236//5236
f 5236//5236 5243//5243 5244//5244
f 5236//5236 5244//5244 5188//5188
f 5237//5237 5179//5179 5245//5245
f 5237//5237 5245//5245 5238//5238
f 5238//5238 5245//5245 5246//5246
f 5238//5238 5246//5246 5239//5239
f 5239//5239 5246//5246 5247//5247
f 5239//5239 5247//5247 5240//5240
f 5240//5240 5247//5247 5248//5248
f 5240//5240 5248//5248 5241//5241
f 5241//5241 5248//5248 5249//5249
f 5241//5241 5249//5249 5242//5242
f 5242//5242 5249//5249 5250//5250
f 5242//5242 5250//5250 5243//5243
f 5243//5243 5250//5250 5251//5251
f 5243//5243 5251//5251 5244//5244
f 5244//5244 5251//5251 5252//5252
f 5244//5244 5252//5252 5188//5188
f 5245//5245 5179//5179 5253//5253
f 5245//5245 5253//5253 5246//5246
f 5246//5246 5253//5253 5254//5254
f 5246//5246 5254//5254 5247//5247
f 5247//5247 5254//5254 5255//5255
f 5247//5247 5255//5255 5248//5248
f 5248//5248 5255//5255 5256//5256
f 5248//5248 5256//5256 5249//5249
f 5249//5249 5256//5256 5257//5257
f 5249//5249 5257//5257 5250//5250
f 5250//5250 5257//5257 5258//5258
f 5250//5250 5258//5258 5251//5251
f 5251//5251 5258//5258 5259//5259
f 5251//5251 5259//5259 5252//5252
f 5252//5252 5259//5259 5260//5260
f 5252//5252 5260//5260 5188//5188
f 5253//5253 5179//5179 5180//5180
f 5253//5253 5180//5180 5254//5254
f 5254//5254 5180//5180 5181//5181
f 5254//5254 5181//5181 5255//5255
f 5255//5255 5181//5181 5182//5182
f 5255//5255 5182//5182 5256//5256
f 5256//5256 5182//5182 5183//5183
f 5256//5256 5183//5183 5257//5257
f 5257//5257 5183//5183 5184//5184
f 5257//5257 5184//5184 5258//5258
f 5258//5258 5184//5184 5185//5185
f 5258//5258 5185//5185 5259//5259
f 5259//5259 5185//5185 5186//5186
f 5259//5259 5186//5186 5260//5260
f 5260//5260 5186//5186 5187//5187
f 5260//5260 5187//5187 5188//5188
f 5261//5261 5398//5398 5314//5314
f 5398//5398 5298//5298 5400//5400
f 5314//5314 5400//5400 5277//5277
f 5398//5398 5400//5400 5314//5314
f 5298//5298 5399//5399 5415//5415
f 5399//5399 5272//5272 5412//5412
f 5415//5415 5412//5412 5301//5301
f 5399//5399 5412//5412 5415//5415
f 5277//5277 5413//5413 5315//5315
f 5413//5413 5301//5301 5411//5411
f 5315//5315 5411//5411 5266//5266
f 5413//5413 5411//5411 5315//5315
f 5298//5298 5415//5415 5400//5400
f 5415//5415 5301//5301 5413//5413
f 5400//5400 5413//5413 5277//5277
f 5415//5415 5413//5413 5400//5400
f 5261//5261 5314//5314 5303//5303
f 5314//5314 5277//5277 5316//5316
f 5303//5303 5316//5316 5273//5273
f 5314//5314 5316//5316 5303//5303
f 5277//5277 5315//5315 5320//5320
f 5315//5315 5266//5266 5318//5318
f 5320//5320 5318//5318 5278//5278
f 5315//5315 5318//5318 5320//5320
f 5273//5273 5319//5319 5304//5304
f 5319//5319 5278//5278 5317//5317
f 5304//5304 5317//5317 5262//5262
f 5319//5319 5317//5317 5304//5304
f 5277//5277 5320//5320 5316//5316
f 5320//5320 5278//5278 5319//5319
f 5316//5316 5319//5319 5273//5273
f 5320//5320 5319//5319 5316//5316
f 5261//5261 5303//5303 5330//5330
f 5303//5303 5273//5273 5332//5332
f 5330//5330 5332//5332 5282//5282
f 5303//5303 5332//5332 5330//5330
f 5273//5273 5304//5304 5335//5335
f 5304//5304 5262//5262 5333//5333
f 5335//5335 5333//5333 5283//5283
f 5304//5304 5333//5333 5335//5335
f 5282//5282 5336//5336 5331//5331
f 5336//5336 5283//5283 5334//5334
f 5331//5331 5334//5334 5268//5268
f 5336//5336 5334//5334 5331//5331
f 5273//5273 5335//5335 5332//5332
f 5335//5335 5283//5283 5336//5336
f 5332//5332 5336//5336 5282//5282
f 5335//5335 5336//5336 5332//5332
f 5261//5261 5330//5330 5381//5381
f 5330//5330 5282//5282 5383//5383
f 5381//5381 5383//5383 5294//5294
f 5330//5330 5383//5383 5381//5381
f 5282//5282 5331//5331 5394//5394
f 5331//5331 5268//5268 5392//5392
f 5394//5394 5392//5392 5297//5297
f 5331//5331 5392//5392 5394//5394
f 5294//5294 5396//5396 5382//5382
f 5396//5396 5297//5297 5393//5393
f 5382//5382 5393//5393 5271//5271
f 5396//5396 5393//5393 5382//5382
f 5282//5282 5394//5394 5383//5383
f 5394//5394 5297//5297 5396//5396
f 5383//5383 5396//5396 5294//5294
f 5394//5394 5396//5396 5383//5383
f 5261//5261 5381//5381 5398//5398
f 5381//5381 5294//5294 5401//5401
f 5398//5398 5401//5401 5298//5298
f 5381//5381 5401//5401 5398//5398
f 5294//5294 5382//5382 5419//5419
f 5382//5382 5271//5271 5417//5417
f 5419//5419 5417//5417 5302//5302
f 5382//5382 5417//5417 5419//5419
f 5298//5298 5421//5421 5399//5399
f 5421//5421 5302//5302 5418//5418
f 5399//5399 5418//5418 5272//5272
f 5421//5421 5418//5418 5399//5399
f 5294//5294 5419//5419 5401//5401
f 5419//5419 5302//5302 5421//5421
f 5401//5401 5421//5421 5298//5298
f 5419//5419 5421//5421 5401//5401
f 5262//5262 5317//5317 5356//5356
f 5317//5317 5278//5278 5358//5358
f 5356//5356 5358//5358 5289//5289
f 5317//5317 5358//5358 5356//5356
f 5278//5278 5318//5318 5371//5371
f 5318//5318 5266//5266 5369//5369
f 5371//5371 5369//5369 5292//5292
f 5318//5318 5369//5369 5371//5371
f 5289//5289 5373//5373 5357//5357
f 5373//5373 5292//5292 5370//5370
f 5357//5357 5370//5370 5270//5270
f 5373//5373 5370//5370 5357//5357
f 5278//5278 5371//5371 5358//5358
f 5371//5371 5292//5292 5373//5373
f 5358//5358 5373//5373 5289//5289
f 5371//5371 5373//5373 5358//5358
f 5266//5266 5411//5411 5322//5322
f 5411//5411 5301//5301 5414//5414
f 5322//5322 5414//5414 5279//5279
f 5411//5411 5414//5414 5322//5322
f 5301//5301 5412//5412 5416//5416
f 5412//5412 5272//5272 5407//5407
f 5416//5416 5407//5407 5300//5300
f 5412//5412 5407//5407 5416//5416
f 5279//5279 5409//5409 5321//5321
f 5409//5409 5300//5300 5406//5406
f 5321//5321 5406//5406 5265//5265
f 5409//5409 5406//5406 5321//5321
f 5301//5301 5416//5416 5414//5414
f 5416//5416 5300//5300 5409//5409
f 5414//5414 5409//5409 5279//5279
f 5416//5416 5409//5409 5414//5414
f 5272//5272 5418//5418 5403//5403
f 5418//5418 5302//5302 5422//5422
f 5403//5403 5422//5422 5299//5299
f 5418//5418 5422//5422 5403//5403
f 5302//5302 5417//5417 5420//5420
f 5417//5417 5271//5271 5385//5385
f 5420//5420 5385//5385 5295//5295
f 5417//5417 5385//5385 5420//5420
f 5299//5299 5405//5405 5402//5402
f 5405//5405 5295//5295 5384//5384
f 5402//5402 5384//5384 5263//5263
f 5405//5405 5384//5384 5402//5402
f 5302//5302 5420//5420 5422//5422
f 5420//5420 5295//5295 5405//5405
f 5422//5422 5405//5405 5299//5299
f 5420//5420 5405//5405 5422//5422
f 5271//5271 5393//5393 5388//5388
f 5393//5393 5297//5297 5397//5397
f 5388//5388 5397//5397 5296//5296
f 5393//5393 5397//5397 5388//5388
f 5297//5297 5392//5392 5395//5395
f 5392//5392 5268//5268 5338//5338
f 5395//5395 5338//5338 5284//5284
f 5392//5392 5338//5338 5395//5395
f 5296//5296 5390//5390 5387//5387
f 5390//5390 5284//5284 5337//5337
f 5387//5387 5337//5337 5267//5267
f 5390//5390 5337//5337 5387//5387
f 5297//5297 5395//5395 5397//5397
f 5395//5395 5284//5284 5390//5390
f 5397//5397 5390//5390 5296//5296
f 5395//5395 5390//5390 5397//5397
f 5268//5268 5334//5334 5350//5350
f 5334//5334 5283//5283 5352//5352
f 5350//5350 5352//5352 5288//5288
f 5334//5334 5352//5352 5350//5350
f 5283//5283 5333//5333 5341//5341
f 5333//5333 5262//5262 5339//5339
f 5341//5341 5339//5339 5285//5285
f 5333//5333 5339//5339 5341//5341
f 5288//5288 5354//5354 5351//5351
f 5354//5354 5285//5285 5340//5340
f 5351//5351 5340//5340 5269//5269
f 5354//5354 5340//5340 5351//5351
f 5283//5283 5341//5341 5352//5352
f 5341//5341 5285//5285 5354//5354
f 5352//5352 5354//5354 5288//5288
f 5341//5341 5354//5354 5352//5352
f 5264//5264 5360//5360 5310//5310
f 5360//5360 5290//5290 5362//5362
f 5310//5310 5362//5362 5276//5276
f 5360//5360 5362//5362 5310//5310
f 5290//5290 5361//5361 5368//5368
f 5361//5361 5270//5270 5365//5365
f 5368//5368 5365//5365 5291//5291
f 5361//5361 5365//5365 5368//5368
f 5276//5276 5366//5366 5311//5311
f 5366//5366 5291//5291 5364//5364
f 5311//5311 5364//5364 5265//5265
f 5366//5366 5364//5364 5311//5311
f 5290//5290 5368//5368 5362//5362
f 5368//5368 5291//5291 5366//5366
f 5362//5362 5366//5366 5276//5276
f 5368//5368 5366//5366 5362//5362
f 5264//5264 5310//5310 5306//5306
f 5310//5310 5276//5276 5312//5312
f 5306//5306 5312//5312 5274//5274
f 5310//5310 5312//5312 5306//5306
f 5276//5276 5311//5311 5313//5313
f 5311//5311 5265//5265 5308//5308
f 5313//5313 5308//5308 5275//5275
f 5311//5311 5308//5308 5313//5313
f 5274//5274 5309//5309 5305//5305
f 5309//5309 5275//5275 5307//5307
f 5305//5305 5307//5307 5263//5263
f 5309//5309 5307//5307 5305//5305
f 5276//5276 5313//5313 5312//5312
f 5313//5313 5275//5275 5309//5309
f 5312//5312 5309//5309 5274//5274
f 5313//5313 5309//5309 5312//5312
f 5264//5264 5306//5306 5326//5326
f 5306//5306 5274//5274 5328//5328
f 5326//5326 5328//5328 5281//5281
f 5306//5306 5328//5328 5326//5326
f 5274//5274 5305//5305 5325//5325
f 5305//5305 5263//5263 5323//5323
f 5325//5325 5323//5323 5280//5280
f 5305//5305 5323//5323 5325//5325
f 5281//5281 5329//5329 5327//5327
f 5329//5329 5280//5280 5324//5324
f 5327//5327 5324//5324 5267//5267
f 5329//5329 5324//5324 5327//5327
f 5274//5274 5325//5325 5328//5328
f 5325//5325 5280//5280 5329//5329
f 5328//5328 5329//5329 5281//5281
f 5325//5325 5329//5329 5328//5328
f 5264//5264 5326//5326 5342//5342
f 5326//5326 5281//5281 5344//5344
f 5342//5342 5344//5344 5286//5286
f 5326//5326 5344//5344 5342//5342
f 5281//5281 5327//5327 5347//5347
f 5327//5327 5267//5267 5345//5345
f 5347//5347 5345//5345 5287//5287
f 5327//5327 5345//5345 5347//5347
f 5286//5286 5349//5349 5343//5343
f 5349//5349 5287//5287 5346//5346
f 5343//5343 5346//5346 5269//5269
f 5349//5349 5346//5346 5343//5343
f 5281//5281 5347//5347 5344//5344
f 5347//5347 5287//5287 5349//5349
f 5344//5344 5349//5349 5286//5286
f 5347//5347 5349//5349 5344//5344
f 5264//5264 5342//5342 5360//5360
f 5342//5342 5286//5286 5363//5363
f 5360//5360 5363//5363 5290//5290
f 5342//5342 5363//5363 5360//5360
f 5286//5286 5343//5343 5378//5378
f 5343//5343 5269//5269 5375//5375
f 5378//5378 5375//5375 5293//5293
f 5343//5343 5375//5375 5378//5378
f 5290//5290 5380//5380 5361//5361
f 5380//5380 5293//5293 5376//5376
f 5361//5361 5376//5376 5270//5270
f 5380//5380 5376//5376 5361//5361
f 5286//5286 5378//5378 5363//5363
f 5378//5378 5293//5293 5380//5380
f 5363//5363 5380//5380 5290//5290
f 5378//5378 5380//5380 5363//5363
f 5265//5265 5364//5364 5321//5321
f 5364//5364 5291//5291 5367//5367
f 5321//5321 5367//5367 5279//5279
f 5364//5364 5367//5367 5321//5321
f 5291//5291 5365//5365 5374//5374
f 5365//5365 5270//5270 5370//5370
f 5374//5374 5370//5370 5292//5292
f 5365//5365 5370//5370 5374//5374
f 5279//5279 5372//5372 5322//5322
f 5372//5372 5292//5292 5369//5369
f 5322//5322 5369//5369 5266//5266
f 5372//5372 5369//5369 5322//5322
f 5291//5291 5374//5374 5367//5367
f 5374//5374 5292//5292 5372//5372
f 5367//5367 5372//5372 5279//5279
f 5374//5374 5372//5372 5367//5367
f 5263//5263 5307//5307 5402//5402
f 5307//5307 5275//5275 5404//5404
f 5402//5402 5404//5404 5299//5299
f 5307//5307 5404//5404 5402//5402
f 5275//5275 5308//5308 5408//5408
f 5308//5308 5265//5265 5406//5406
f 5408//5408 5406//5406 5300//5300
f 5308//5308 5406//5406 5408//5408
f 5299//5299 5410//5410 5403//5403
f 5410//5410 5300//5300 5407//5407
f 5403//5403 5407//5407 5272//5272
f 5410//5410 5407//5407 5403//5403
f 5275//5275 5408//5408 5404//5404
f 5408//5408 5300//5300 5410//5410
f 5404//5404 5410//5410 5299//5299
f 5408//5408 5410//5410 5404//5404
f 5267//5267 5324//5324 5387//5387
f 5324//5324 5280//5280 5389//5389
f 5387//5387 5389//5389 5296//5296
f 5324//5324 5389//5389 5387//5387
f 5280//5280 5323//5323 5386//5386
f 5323//5323 5263//5263 5384//5384
f 5386//5386 5384//5384 5295//5295
f 5323//5323 5384//5384 5386//5386
f 5296//5296 5391//5391 5388//5388
f 5391//5391 5295//5295 5385//5385
f 5388//5388 5385//5385 5271//5271
f 5391//5391 5385//5385 5388//5388
f 5280//5280 5386//5386 5389//5389
f 5386//5386 5295//5295 5391//5391
f 5389//5389 5391//5391 5296//5296
f 5386//5386 5391//5391 5389//5389
f 5269//5269 5346//5346 5351//5351
f 5346//5346 5287//5287 5355//5355
f 5351//5351 5355//5355 5288//5288
f 5346//5346 5355//5355 5351//5351
f 5287//5287 5345//5345 5348//5348
f 5345//5345 5267//5267 5337//5337
f 5348//5348 5337//5337 5284//5284
f 5345//5345 5337//5337 5348//5348
f 5288//5288 5353//5353 5350//5350
f 5353//5353 5284//5284 5338//5338
f 5350//5350 5338//5338 5268//5268
f 5353//5353 5338//5338 5350//5350
f 5287//5287 5348//5348 5355//5355
f 5348//5348 5284//5284 5353//5353
f 5355//5355 5353//5353 5288//5288
f 5348//5348 5353//5353 5355//5355
f 5270//5270 5376//5376 5357//5357
f 5376//5376 5293//5293 5379//5379
f 5357//5357 5379//5379 5289//5289
f 5376//5376 5379//5379 5357//5357
f 5293//5293 5375//5375 5377//5377
f 5375//5375 5269//5269 5340//5340
f 5377//5377 5340//5340 5285//5285
f 5375//5375 5340//5340 5377//5377
f 5289//5289 5359//5359 5356//5356
f 5359//5359 5285//5285 5339//5339
f 5356//5356 5339//5339 5262//5262
f 5359//5359 5339//5339 5356//5356
f 5293//5293 5377//5377 5379//5379
f 5377//5377 5285//5285 5359//5359
f 5379//5379 5359//5359 5289//5289
f 5377//5377 5359//5359 5379//5379
f 5423//5423 5560//5560 5476//5476
f 5560//5560 5460//5460 5562//5562
f 5476//5476 5562//5562 5439//5439
f 5560//5560 5562//5562 5476//5476
f 5460//5460 5561//5561 5577//5577
f 5561//5561 5434//5434 5574//5574
f 5577//5577 5574//5574 5463//5463
f 5561//5561 5574//5574 5577//5577
f 5439//5439 5575//5575 5477//5477
f 5575//5575 5463//5463 5573//5573
f 5477//5477 5573//5573 5428//5428
f 5575//5575 5573//5573 5477//5477
f 5460//5460 5577//5577 5562//5562
f 5577//5577 5463//5463 5575//5575
f 5562//5562 5575//5575 5439//5439
f 5577//5577 5575//5575 5562//5562
f 5423//5423 5476//5476 5465//5465
f 5476//5476 5439//5439 5478//5478
f 5465//5465 5478//5478 5435//5435
f 5476//5476 5478//5478 5465//5465
f 5439//5439 5477//5477 5482//5482
f 5477//5477 5428//5428 5480//5480
f 5482//5482 5480//5480 5440//5440
f 5477//5477 5480//5480 5482//5482
f 5435//5435 5481//5481 5466//5466
f 5481//5481 5440//5440 5479//5479
f 5466//5466 5479//5479 5424//5424
f 5481//5481 5479//5479 5466//5466
f 5439//5439 5482//5482 5478//5478
f 5482//5482 5440//5440 5481//5481
f 5478//5478 5481//5481 5435//5435
f 5482//5482 5481//5481 5478//5478
f 5423//5423 5465//5465 5492//5492
f 5465//5465 5435//5435 5494//5494
f 5492//5492 5494//5494 5444//5444
f 5465//5465 5494//5494 5492//5492
f 5435//5435 5466//5466 5497//5497
f 5466//5466 5424//5424 5495//5495
f 5497//5497 5495//5495 5445//5445
f 5466//5466 5495//5495 5497//5497
f 5444//5444 5498//5498 5493//5493
f 5498//5498 5445//5445 5496//5496
f 5493//5493 5496//5496 5430//5430
f 5498//5498 5496//5496 5493//5493
f 5435//5435 5497//5497 5494//5494
f 5497//5497 5445//5445 5498//5498
f 5494//5494 5498//5498 5444//5444
f 5497//5497 5498//5498 5494//5494
f 5423//5423 5492//5492 5543//5543
f 5492//5492 5444//5444 5545//5545
f 5543//5543 5545//5545 5456//5456
f 5492//5492 5545//5545 5543//5543
f 5444//5444 5493//5493 5556//5556
f 5493//5493 5430//5430 5554//5554
f 5556//5556 5554//5554 5459//5459
f 5493//5493 5554//5554 5556//5556
f 5456//5456 5558//5558 5544//5544
f 5558//5558 5459//5459 5555//5555
f 5544//5544 5555//5555 5433//5433
f 5558//5558 5555//5555 5544//5544
f 5444//5444 5556//5556 5545//5545
f 5556//5556 5459//5459 5558//5558
f 5545//5545 5558//5558 5456//5456
f 5556//5556 5558//5558 5545//5545
f 5423//5423 5543//5543 5560//5560
f 5543//5543 5456//5456 5563//5563
f 5560//5560 5563//5563 5460//5460
f 5543//5543 5563//5563 5560//5560
f 5456//5456 5544//5544 5581//5581
f 5544//5544 5433//5433 5579//5579
f 5581//5581 5579//5579 5464//5464
f 5544//5544 5579//5579 5581//5581
f 5460//5460 5583//5583 5561//5561
f 5583//5583 5464//5464 5580//5580
f 5561//5561 5580//5580 5434//5434
f 5583//5583 5580//5580 5561//5561
f 5456//5456 5581//5581 5563//5563
f 5581//5581 5464//5464 5583//5583
f 5563//5563 5583//5583 5460//5460
f 5581//5581 5583//5583 5563//5563
f 5424//5424 5479//5479 5518//5518
f 5479//5479 5440//5440 5520//5520
f 5518//5518 5520//5520 5451//5451
f 5479//5479 5520//5520 5518//5518
f 5440//5440 5480//5480 5533//5533
f 5480//5480 5428//5428 5531//5531
f 5533//5533 5531//5531 5454//5454
f 5480//5480 5531//5531 5533//5533
f 5451//5451 5535//5535 5519//5519
f 5535//5535 5454//5454 5532//5532
f 5519//5519 5532//5532 5432//5432
f 5535//5535 5532//5532 5519//5519
f 5440//5440 5533//5533 5520//5520
f 5533//5533 5454//5454 5535//5535
f 5520//5520 5535//5535 5451//5451
f 5533//5533 5535//5535 5520//5520
f 5428//5428 5573//5573 5484//5484
f 5573//5573 5463//5463 5576//5576
f 5484//5484 5576//5576 5441//5441
f 5573//5573 5576//5576 5484//5484
f 5463//5463 5574//5574 5578//5578
f 5574//5574 5434//5434 5569//5569
f 5578//5578 5569//5569 5462//5462
f 5574//5574 5569//5569 5578//5578
f 5441//5441 5571//5571 5483//5483
f 5571//5571 5462//5462 5568//5568
f 5483//5483 5568//5568 5427//5427
f 5571//5571 5568//5568 5483//5483
f 5463//5463 5578//5578 5576//5576
f 5578//5578 5462//5462 5571//5571
f 5576//5576 5571//5571 5441//5441
f 5578//5578 5571//5571 5576//5576
f 5434//5434 5580//5580 5565//5565
f 5580//5580 5464//5464 5584//5584
f 5565//5565 5584//5584 5461//5461
f 5580//5580 5584//5584 5565//5565
f 5464//5464 5579//5579 5582//5582
f 5579//5579 5433//5433 5547//5547
f 5582//5582 5547//5547 5457//5457
f 5579//5579 5547//5547 5582//5582
f 5461//5461 5567//5567 5564//5564
f 5567//5567 5457//5457 5546//5546
f 5564//5564 5546//5546 5425//5425
f 5567//5567 5546//5546 5564//5564
f 5464//5464 5582//5582 5584//5584
f 5582//5582 5457//5457 5567//5567
f 5584//5584 5567//5567 5461//5461
f 5582//5582 5567//5567 5584//5584
f 5433//5433 5555//5555 5550//5550
f 5555//5555 5459//5459 5559//5559
f 5550//5550 5559//5559 5458//5458
f 5555//5555 5559//5559 5550//5550
f 5459//5459 5554//5554 5557//5557
f 5554//5554 5430//5430 5500//5500
f 5557//5557 5500//5500 5446//5446
f 5554//5554 5500//5500 5557//5557
f 5458//5458 5552//5552 5549//5549
f 5552//5552 5446//5446 5499//5499
f 5549//5549 5499//5499 5429//5429
f 5552//5552 5499//5499 5549//5549
f 5459//5459 5557//5557 5559//5559
f 5557//5557 5446//5446 5552//5552
f 5559//5559 5552//5552 5458//5458
f 5557//5557 5552//5552 5559//5559
f 5430//5430 5496//5496 5512//5512
f 5496//5496 5445//5445 5514//5514
f 5512//5512 5514//5514 5450//5450
f 5496//5496 5514//5514 5512//5512
f 5445//5445 5495//5495 5503//5503
f 5495//5495 5424//5424 5501//5501
f 5503//5503 5501//5501 5447//5447
f 5495//5495 5501//5501 5503//5503
f 5450//5450 5516//5516 5513//5513
f 5516//5516 5447//5447 5502//5502
f 5513//5513 5502//5502 5431//5431
f 5516//5516 5502//5502 5513//5513
f 5445//5445 5503//5503 5514//5514
f 5503//5503 5447//5447 5516//5516
f 5514//5514 5516//5516 5450//5450
f 5503//5503 5516//5516 5514//5514
f 5426//5426 5522//5522 5472//5472
f 5522//5522 5452//5452 5524//5524
f 5472//5472 5524//5524 5438//5438
f 5522//5522 5524//5524 5472//5472
f 5452//5452 5523//5523 5530//5530
f 5523//5523 5432//5432 5527//5527
f 5530//5530 5527//5527 5453//5453
f 5523//5523 5527//5527 5530//5530
f 5438//5438 5528//5528 5473//5473
f 5528//5528 5453//5453 5526//5526
f 5473//5473 5526//5526 5427//5427
f 5528//5528 5526//5526 5473//5473
f 5452//5452 5530//5530 5524//5524
f 5530//5530 5453//5453 5528//5528
f 5524//5524 5528//5528 5438//5438
f 5530//5530 5528//5528 5524//5524
f 5426//5426 5472//5472 5468//5468
f 5472//5472 5438//5438 5474//5474
f 5468//5468 5474//5474 5436//5436
f 5472//5472 5474//5474 5468//5468
f 5438//5438 5473//5473 5475//5475
f 5473//5473 5427//5427 5470//5470
f 5475//5475 5470//5470 5437//5437
f 5473//5473 5470//5470 5475//5475
f 5436//5436 5471//5471 5467//5467
f 5471//5471 5437//5437 5469//5469
f 5467//5467 5469//5469 5425//5425
f 5471//5471 5469//5469 5467//5467
f 5438//5438 5475//5475 5474//5474
f 5475//5475 5437//5437 5471//5471
f 5474//5474 5471//5471 5436//5436
f 5475//5475 5471//5471 5474//5474
f 5426//5426 5468//5468 5488//5488
f 5468//5468 5436//5436 5490//5490
f 5488//5488 5490//5490 5443//5443
f 5468//5468 5490//5490 5488//5488
f 5436//5436 5467//5467 5487//5487
f 5467//5467 5425//5425 5485//5485
f 5487//5487 5485//5485 5442//5442
f 5467//5467 5485//5485 5487//5487
f 5443//5443 5491//5491 5489//5489
f 5491//5491 5442//5442 5486//5486
f 5489//5489 5486//5486 5429//5429
f 5491//5491 5486//5486 5489//5489
f 5436//5436 5487//5487 5490//5490
f 5487//5487 5442//5442 5491//5491
f 5490//5490 5491//5491 5443//5443
f 5487//5487 5491//5491 5490//5490
f 5426//5426 5488//5488 5504//5504
f 5488//5488 5443//5443 5506//5506
f 5504//5504 5506//5506 5448//5448
f 5488//5488 5506//5506 5504//5504
f 5443//5443 5489//5489 5509//5509
f 5489//5489 5429//5429 5507//5507
f 5509//5509 5507//5507 5449//5449
f 5489//5489 5507//5507 5509//5509
f 5448//5448 5511//5511 5505//5505
f 5511//5511 5449//5449 5508//5508
f 5505//5505 5508//5508 5431//5431
f 5511//5511 5508//5508 5505//5505
f 5443//5443 5509//5509 5506//5506
f 5509//5509 5449//5449 5511//5511
f 5506//5506 5511//5511 5448//5448
f 5509//5509 5511//5511 5506//5506
f 5426//5426 5504//5504 5522//5522
f 5504//5504 5448//5448 5525//5525
f 5522//5522 5525//5525 5452//5452
f 5504//5504 5525//5525 5522//5522
f 5448//5448 5505//5505 5540//5540
f 5505//5505 5431//5431 5537//5537
f 5540//5540 5537//5537 5455//5455
f 5505//5505 5537//5537 5540//5540
f 5452//5452 5542//5542 5523//5523
f 5542//5542 5455//5455 5538//5538
f 5523//5523 5538//5538 5432//5432
f 5542//5542 5538//5538 5523//5523
f 5448//5448 5540//5540 5525//5525
f 5540//5540 5455//5455 5542//5542
f 5525//5525 5542//5542 5452//5452
f 5540//5540 5542//5542 5525//5525
f 5427//5427 5526//5526 5483//5483
f 5526//5526 5453//5453 5529//5529
f 5483//5483 5529//5529 5441//5441
f 5526//5526 5529//5529 5483//5483
f 5453//5453 5527//5527 5536//5536
f 5527//5527 5432//5432 5532//5532
f 5536//5536 5532//5532 5454//5454
f 5527//5527 5532//5532 5536//5536
f 5441//5441 5534//5534 5484//5484
f 5534//5534 5454//5454 5531//5531
f 5484//5484 5531//5531 5428//5428
f 5534//5534 5531//5531 5484//5484
f 5453//5453 5536//5536 5529//5529
f 5536//5536 5454//5454 5534//5534
f 5529//5529 5534//5534 5441//5441
f 5536//5536 5534//5534 5529//5529
f 5425//5425 5469//5469 5564//5564
f 5469//5469 5437//5437 5566//5566
f 5564//5564 5566//5566 5461//5461
f 5469//5469 5566//5566 5564//5564
f 5437//5437 5470//5470 5570//5570
f 5470//5470 5427//5427 5568//5568
f 5570//5570 5568//5568 5462//5462
f 5470//5470 5568//5568 5570//5570
f 5461//5461 5572//5572 5565//5565
f 5572//5572 5462//5462 5569//5569
f 5565//5565 5569//5569 5434//5434
f 5572//5572 5569//5569 5565//5565
f 5437//5437 5570//5570 5566//5566
f 5570//5570 5462//5462 5572//5572
f 5566//5566 5572//5572 5461//5461
f 5570//5570 5572//5572 5566//5566
f 5429//5429 5486//5486 5549//5549
f 5486//5486 5442//5442 5551//5551
f 5549//5549 5551//5551 5458//5458
f 5486//5486 5551//5551 5549//5549
f 5442//5442 5485//5485 5548//5548
f 5485//5485 5425//5425 5546//5546
f 5548//5548 5546//5546 5457//5457
f 5485//5485 5546//5546 5548//5548
f 5458//5458 5553//5553 5550//5550
f 5553//5553 5457//5457 5547//5547
f 5550//5550 5547//5547 5433//5433
f 5553//5553 5547//5547 5550//5550
f 5442//5442 5548//5548 5551//5551
f 5548//5548 5457//5457 5553//5553
f 5551//5551 5553//5553 5458//5458
f 5548//5548 5553//5553 5551//5551
f 5431//5431 5508//5508 5513//5513
f 5508//5508 5449//5449 5517//5517
f 5513//5513 5517//5517 5450//5450
f 5508//5508 5517//5517 5513//5513
f 5449//5449 5507//5507 5510//5510
f 5507//5507 5429//5429 5499//5499
f 5510//5510 5499//5499 5446//5446
f 5507//5507 5499//5499 5510//5510
f 5450//5450 5515//5515 5512//5512
f 5515//5515 5446//5446 5500//5500
f 5512//5512 5500//5500 5430//5430
f 5515//5515 5500//5500 5512//5512
f 5449//5449 5510//5510 5517//5517
f 5510//5510 5446//5446 5515//5515
f 5517//5517 5515//5515 5450//5450
f 5510//5510 5515//5515 5517//5517
f 5432//5432 5538//5538 5519//5519
f 5538//5538 5455//5455 5541//5541
f 5519//5519 5541//5541 5451//5451
f 5538//5538 5541//5541 5519//5519
f 5455//5455 5537//5537 5539//5539
f 5537//5537 5431//5431 5502//5502
f 5539//5539 5502//5502 5447//5447
f 5537//5537 5502//5502 5539//5539
f 5451//5451 5521//5521 5518//5518
f 5521//5521 5447//5447 5501//5501
f 5518//5518 5501//5501 5424//5424
f 5521//5521 5501//5501 5518//5518
f 5455//5455 5539//5539 5541//5541
f 5539//5539 5447//5447 5521//5521
f 5541//5541 5521//5521 5451//5451
f 5539//5539 5521//5521 5541//5541
f 5585//5585 5722//5722 5638//5638
f 5722//5722 5622//5622 5724//5724
f 5638//5638 5724//5724 5601//5601
f 5722//5722 5724//5724 5638//5638
f 5622//5622 5723//5723 5739//5739
f 5723//5723 5596//5596 5736//5736
f 5739//5739 5736//5736 5625//5625
f 5723//5723 5736//5736 5739//5739
f 5601//5601 5737//5737 5639//5639
f 5737//5737 5625//5625 5735//5735
f 5639//5639 5735//5735 5590//5590
f 5737//5737 5735//5735 5639//5639
f 5622//5622 5739//5739 5724//5724
f 5739//5739 5625//5625 5737//5737
f 5724//5724 5737//5737 5601//5601
f 5739//5739 5737//5737 5724//5724
f 5585//5585 5638//5638 5627//5627
f 5638//5638 5601//5601 5640//5640
f 5627//5627 5640//5640 5597//5597
f 5638//5638 5640//5640 5627//5627
f 5601//5601 5639//5639 5644//5644
f 5639//5639 5590//5590 5642//5642
f 5644//5644 5642//5642 5602//5602
f 5639//5639 5642//5642 5644//5644
f 5597//5597 5643//5643 5628//5628
f 5643//5643 5602//5602 5641//5641
f 5628//5628 5641//5641 5586//5586
f 5643//5643 5641//5641 5628//5628
f 5601//5601 5644//5644 5640//5640
f 5644//5644 5602//5602 5643//5643
f 5640//5640 5643//5643 5597//5597
f 5644//5644 5643//5643 5640//5640
f 5585//5585 5627//5627 5654//5654
f 5627//5627 5597//5597 5656//5656
f 5654//5654 5656//5656 5606//5606
f 5627//5627 5656//5656 5654//5654
f 5597//5597 5628//5628 5659//5659
f 5628//5628 5586//5586 5657//5657
f 5659//5659 5657//5657 5607//5607
f 5628//5628 5657//5657 5659//5659
f 5606//5606 5660//5660 5655//5655
f 5660//5660 5607//5607 5658//5658
f 5655//5655 5658//5658 5592//5592
f 5660//5660 5658//5658 5655//5655
f 5597//5597 5659//5659 5656//5656
f 5659//5659 5607//5607 5660//5660
f 5656//5656 5660//5660 5606//5606
f 5659//5659 5660//5660 5656//5656
f 5585//5585 5654//5654 5705//5705
f 5654//5654 5606//5606 5707//5707
f 5705//5705 5707//5707 5618//5618
f 5654//5654 5707//5707 5705//5705
f 5606//5606 5655//5655 5718//5718
f 5655//5655 5592//5592 5716//5716
f 5718//5718 5716//5716 5621//5621
f 5655//5655 5716//5716 5718//5718
f 5618//5618 5720//5720 5706//5706
f 5720//5720 5621//5621 5717//5717
f 5706//5706 5717//5717 5595//5595
f 5720//5720 5717//5717 5706//5706
f 5606//5606 5718//5718 5707//5707
f 5718//5718 5621//5621 5720//5720
f 5707//5707 5720//5720 5618//5618
f 5718//5718 5720//5720 5707//5707
f 5585//5585 5705//5705 5722//5722
f 5705//5705 5618//5618 5725//5725
f 5722//5722 5725//5725 5622//5622
f 5705//5705 5725//5725 5722//5722
f 5618//5618 5706//5706 5743//5743
f 5706//5706 5595//5595 5741//5741
f 5743//5743 5741//5741 5626//5626
f 5706//5706 5741//5741 5743//5743
f 5622//5622 5745//5745 5723//5723
f 5745//5745 5626//5626 5742//5742
f 5723//5723 5742//5742 5596//5596
f 5745//5745 5742//5742 5723//5723
f 5618//5618 5743//5743 5725//5725
f 5743//5743 5626//5626 5745//5745
f 5725//5725 5745//5745 5622//5622
f 5743//5743 5745//5745 5725//5725
f 5586//5586 5641//5641 5680//5680
f 5641//5641 5602//5602 5682//5682
f 5680//5680 5682//5682 5613//5613
f 5641//5641 5682//5682 5680//5680
f 5602//5602 5642//5642 5695//5695
f 5642//5642 5590//5590 5693//5693
f 5695//5695 5693//5693 5616//5616
f 5642//5642 5693//5693 5695//5695
f 5613//5613 5697//5697 5681//5681
f 5697//5697 5616//5616 5694//5694
f 5681//5681 5694//5694 5594//5594
f 5697//5697 5694//5694 5681//5681
f 5602//5602 5695//5695 5682//5682
f 5695//5695 5616//5616 5697//5697
f 5682//5682 5697//5697 5613//5613
f 5695//5695 5697//5697 5682//5682
f 5590//5590 5735//5735 5646//5646
f 5735//5735 5625//5625 5738//5738
f 5646//5646 5738//5738 5603//5603
f 5735//5735 5738//5738 5646//5646
f 5625//5625 5736//5736 5740//5740
f 5736//5736 5596//5596 5731//5731
f 5740//5740 5731//5731 5624//5624
f 5736//5736 5731//5731 5740//5740
f 5603//5603 5733//5733 5645//5645
f 5733//5733 5624//5624 5730//5730
f 5645//5645 5730//5730 5589//5589
f 5733//5733 5730//5730 5645//5645
f 5625//5625 5740//5740 5738//5738
f 5740//5740 5624//5624 5733//5733
f 5738//5738 5733//5733 5603//5603
f 5740//5740 5733//5733 5738//5738
f 5596//5596 5742//5742 5727//5727
f 5742//5742 5626//5626 5746//5746
f 5727//5727 5746//5746 5623//5623
f 5742//5742 5746//5746 5727//5727
f 5626//5626 5741//5741 5744//5744
f 5741//5741 5595//5595 5709//5709
f 5744//5744 5709//5709 5619//5619
f 5741//5741 5709//5709 5744//5744
f 5623//5623 5729//5729 5726//5726
f 5729//5729 5619//5619 5708//5708
f 5726//5726 5708//5708 5587//5587
f 5729//5729 5708//5708 5726//5726
f 5626//5626 5744//5744 5746//5746
f 5744//5744 5619//5619 5729//5729
f 5746//5746 5729//5729 5623//5623
f 5744//5744 5729//5729 5746//5746
f 5595//5595 5717//5717 5712//5712
f 5717//5717 5621//5621 5721//5721
f 5712//5712 5721//5721 5620//5620
f 5717//5717 5721//5721 5712//5712
f 5621//5621 5716//5716 5719//5719
f 5716//5716 5592//5592 5662//5662
f 5719//5719 5662//5662 5608//5608
f 5716//5716 5662//5662 5719//5719
f 5620//5620 5714//5714 5711//5711
f 5714//5714 5608//5608 5661//5661
f 5711//5711 5661//5661 5591//5591
f 5714//5714 5661//5661 5711//5711
f 5621//5621 5719//5719 5721//5721
f 5719//5719 5608//5608 5714//5714
f 5721//5721 5714//5714 5620//5620
f 5719//5719 5714//5714 5721//5721
f 5592//5592 5658//5658 5674//5674
f 5658//5658 5607//5607 5676//5676
f 5674//5674 5676//5676 5612//5612
f 5658//5658 5676//5676 5674//5674
f 5607//5607 5657//5657 5665//5665
f 5657//5657 5586//5586 5663//5663
f 5665//5665 5663//5663 5609//5609
f 5657//5657 5663//5663 5665//5665
f 5612//5612 5678//5678 5675//5675
f 5678//5678 5609//5609 5664//5664
f 5675//5675 5664//5664 5593//5593
f 5678//5678 5664//5664 5675//5675
f 5607//5607 5665//5665 5676//5676
f 5665//5665 5609//5609 5678//5678
f 5676//5676 5678//5678 5612//5612
f 5665//5665 5678//5678 5676//5676
f 5588//5588 5684//5684 5634//5634
f 5684//5684 5614//5614 5686//5686
f 5634//5634 5686//5686 5600//5600
f 5684//5684 5686//5686 5634//5634
f 5614//5614 5685//5685 5692//5692
f 5685//5685 5594//5594 5689//5689
f 5692//5692 5689//5689 5615//5615
f 5685//5685 5689//5689 5692//5692
f 5600//5600 5690//5690 5635//5635
f 5690//5690 5615//5615 5688//5688
f 5635//5635 5688//5688 5589//5589
f 5690//5690 5688//5688 5635//5635
f 5614//5614 5692//5692 5686//5686
f 5692//5692 5615//5615 5690//5690
f 5686//5686 5690//5690 5600//5600
f 5692//5692 5690//5690 5686//5686
f 5588//5588 5634//5634 5630//5630
f 5634//5634 5600//5600 5636//5636
f 5630//5630 5636//5636 5598//5598
f 5634//5634 5636//5636 5630//5630
f 5600//5600 5635//5635 5637//5637
f 5635//5635 5589//5589 5632//5632
f 5637//5637 5632//5632 5599//5599
f 5635//5635 5632//5632 5637//5637
f 5598//5598 5633//5633 5629//5629
f 5633//5633 5599//5599 5631//5631
f 5629//5629 5631//5631 5587//5587
f 5633//5633 5631//5631 5629//5629
f 5600//5600 5637//5637 5636//5636
f 5637//5637 5599//5599 5633//5633
f 5636//5636 5633//5633 5598//5598
f 5637//5637 5633//5633 5636//5636
f 5588//5588 5630//5630 5650//5650
f 5630//5630 5598//5598 5652//5652
f 5650//5650 5652//5652 5605//5605
f 5630//5630 5652//5652 5650//5650
f 5598//5598 5629//5629 5649//5649
f 5629//5629 5587//5587 5647//5647
f 5649//5649 5647//5647 5604//5604
f 5629//5629 5647//5647 5649//5649
f 5605//5605 5653//5653 5651//5651
f 5653//5653 5604//5604 5648//5648
f 5651//5651 5648//5648 5591//5591
f 5653//5653 5648//5648 5651//5651
f 5598//5598 5649//5649 5652//5652
f 5649//5649 5604//5604 5653//5653
f 5652//5652 5653//5653 5605//5605
f 5649//5649 5653//5653 5652//5652
f 5588//5588 5650//5650 5666//5666
f 5650//5650 5605//5605 5668//5668
f 5666//5666 5668//5668 5610//5610
f 5650//5650 5668//5668 5666//5666
f 5605//5605 5651//5651 5671//5671
f 5651//5651 5591//5591 5669//5669
f 5671//5671 5669//5669 5611//5611
f 5651//5651 5669//5669 5671//5671
f 5610//5610 5673//5673 5667//5667
f 5673//5673 5611//5611 5670//5670
f 5667//5667 5670//5670 5593//5593
f 5673//5673 5670//5670 5667//5667
f 5605//5605 5671//5671 5668//5668
f 5671//5671 5611//5611 5673//5673
f 5668//5668 5673//5673 5610//5610
f 5671//5671 5673//5673 5668//5668
f 5588//5588 5666//5666 5684//5684
f 5666//5666 5610//5610 5687//5687
f 5684//5684 5687//5687 5614//5614
f 5666//5666 5687//5687 5684//5684
f 5610//5610 5667//5667 5702//5702
f 5667//5667 5593//5593 5699//5699
f 5702//5702 5699//5699 5617//5617
f 5667//5667 5699//5699 5702//5702
f 5614//5614 5704//5704 5685//5685
f 5704//5704 5617//5617 5700//5700
f 5685//5685 5700//5700 5594//5594
f 5704//5704 5700//5700 5685//5685
f 5610//5610 5702//5702 5687//5687
f 5702//5702 5617//5617 5704//5704
f 5687//5687 5704//5704 5614//5614
f 5702//5702 5704//5704 5687//5687
f 5589//5589 5688//5688 5645//5645
f 5688//5688 5615//5615 5691//5691
f 5645//5645 5691//5691 5603//5603
f 5688//5688 5691//5691 5645//5645
f 5615//5615 5689//5689 5698//5698
f 5689//5689 5594//5594 5694//5694
f 5698//5698 5694//5694 5616//5616
f 5689//5689 5694//5694 5698//5698
f 5603//5603 5696//5696 5646//5646
f 5696//5696 5616//5616 5693//5693
f 5646//5646 5693//5693 5590//5590
f 5696//5696 5693//5693 5646//5646
f 5615//5615 5698//5698 5691//5691
f 5698//5698 5616//5616 5696//5696
f 5691//5691 5696//5696 5603//5603
f 5698//5698 5696//5696 5691//5691
f 5587//5587 5631//5631 5726//5726
f 5631//5631 5599//5599 5728//5728
f 5726//5726 5728//5728 5623//5623
f 5631//5631 5728//5728 5726//5726
f 5599//5599 5632//5632 5732//5732
f 5632//5632 5589//5589 5730//5730
f 5732//5732 5730//5730 5624//5624
f 5632//5632 5730//5730 5732//5732
f 5623//5623 5734//5734 5727//5727
f 5734//5734 5624//5624 5731//5731
f 5727//5727 5731//5731 5596//5596
f 5734//5734 5731//5731 5727//5727
f 5599//5599 5732//5732 5728//5728
f 5732//5732 5624//5624 5734//5734
f 5728//5728 5734//5734 5623//5623
f 5732//5732 5734//5734 5728//5728
f 5591//5591 5648//5648 5711//5711
f 5648//5648 5604//5604 5713//5713
f 5711//5711 5713//5713 5620//5620
f 5648//5648 5713//5713 5711//5711
f 5604//5604 5647//5647 5710//5710
f 5647//5647 5587//5587 5708//5708
f 5710//5710 5708//5708 5619//5619
f 5647//5647 5708//5708 5710//5710
f 5620//5620 5715//5715 5712//5712
f 5715//5715 5619//5619 5709//5709
f 5712//5712 5709//5709 5595//5595
f 5715//5715 5709//5709 5712//5712
f 5604//5604 5710//5710 5713//5713
f 5710//5710 5619//5619 5715//5715
f 5713//5713 5715//5715 5620//5620
f 5710//5710 5715//5715 5713//5713
f 5593//5593 5670//5670 5675//5675
f 5670//5670 5611//5611 5679//5679
f 5675//5675 5679//5679 5612//5612
f 5670//5670 5679//5679 5675//5675
f 5611//5611 5669//5669 5672//5672
f 5669//5669 5591//5591 5661//5661
f 5672//5672 5661//5661 5608//5608
f 5669//5669 5661//5661 5672//5672
f 5612//5612 5677//5677 5674//5674
f 5677//5677 5608//5608 5662//5662
f 5674//5674 5662//5662 5592//5592
f 5677//5677 5662//5662 5674//5674
f 5611//5611 5672//5672 5679//5679
f 5672//5672 5608//5608 5677//5677
f 5679//5679 5677//5677 5612//5612
f 5672//5672 5677//5677 5679//5679
f 5594//5594 5700//5700 5681//5681
f 5700//5700 5617//5617 5703//5703
f 5681//5681 5703//5703 5613//5613
f 5700//5700 5703//5703 5681//5681
f 5617//5617 5699//5699 5701//5701
f 5699//5699 5593//5593 5664//5664
f 5701//5701 5664//5664 5609//5609
f 5699//5699 5664//5664 5701//5701
f 5613//5613 5683//5683 5680//5680
f 5683//5683 5609//5609 5663//5663
f 5680//5680 5663//5663 5586//5586
f 5683//5683 5663//5663 5680//5680
f 5617//5617 5701//5701 5703//5703
f 5701//5701 5609//5609 5683//5683
f 5703//5703 5683//5683 5613//5613
f 5701//5701 5683//5683 5703//5703
f 5747//5747 5884//5884 5800//5800
f 5884//5884 5784//5784 5886//5886
f 5800//5800 5886//5886 5763//5763
f 5884//5884 5886//5886 5800//5800
f 5784//5784 5885//5885 5901//5901
f 5885//5885 5758//5758 5898//5898
f 5901//5901 5898//5898 5787//5787
f 5885//5885 5898//5898 5901//5901
f 5763//5763 5899//5899 5801//5801
f 5899//5899 5787//5787 5897//5897
f 5801//5801 5897//5897 5752//5752
f 5899//5899 5897//5897 5801//5801
f 5784//5784 5901//5901 5886//5886
f 5901//5901 5787//5787 5899//5899
f 5886//5886 5899//5899 5763//5763
f 5901//5901 5899//5899 5886//5886
f 5747//5747 5800//5800 5789//5789
f 5800//5800 5763//5763 5802//5802
f 5789//5789 5802//5802 5759//5759
f 5800//5800 5802//5802 5789//5789
f 5763//5763 5801//5801 5806//5806
f 5801//5801 5752//5752 5804//5804
f 5806//5806 5804//5804 5764//5764
f 5801//5801 5804//5804 5806//5806
f 5759//5759 5805//5805 5790//5790
f 5805//5805 5764//5764 5803//5803
f 5790//5790 5803//5803 5748//5748
f 5805//5805 5803//5803 5790//5790
f 5763//5763 5806//5806 5802//5802
f 5806//5806 5764//5764 5805//5805
f 5802//5802 5805//5805 5759//5759
f 5806//5806 5805//5805 5802//5802
f 5747//5747 5789//5789 5816//5816
f 5789//5789 5759//5759 5818//5818
f 5816//5816 5818//5818 5768//5768
f 5789//5789 5818//5818 5816//5816
f 5759//5759 5790//5790 5821//5821
f 5790//5790 5748//5748 5819//5819
f 5821//5821 5819//5819 5769//5769
f 5790//5790 5819//5819 5821//5821
f 5768//5768 5822//5822 5817//5817
f 5822//5822 5769//5769 5820//5820
f 5817//5817 5820//5820 5754//5754
f 5822//5822 5820//5820 5817//5817
f 5759//5759 5821//5821 5818//5818
f 5821//5821 5769//5769 5822//5822
f 5818//5818 5822//5822 5768//5768
f 5821//5821 5822//5822 5818//5818
f 5747//5747 5816//5816 5867//5867
f 5816//5816 5768//5768 5869//5869
f 5867//5867 5869//5869 5780//5780
f 5816//5816 5869//5869 5867//5867
f 5768//5768 5817//5817 5880//5880
f 5817//5817 5754//5754 5878//5878
f 5880//5880 5878//5878 5783//5783
f 5817//5817 5878//5878 5880//5880
f 5780//5780 5882//5882 5868//5868
f 5882//5882 5783//5783 5879//5879
f 5868//5868 5879//5879 5757//5757
f 5882//5882 5879//5879 5868//5868
f 5768//5768 5880//5880 5869//5869
f 5880//5880 5783//5783 5882//5882
f 5869//5869 5882//5882 5780//5780
f 5880//5880 5882//5882 5869//5869
f 5747//5747 5867//5867 5884//5884
f 5867//5867 5780//5780 5887//5887
f 5884//5884 5887//5887 5784//5784
f 5867//5867 5887//5887 5884//5884
f 5780//5780 5868//5868 5905//5905
f 5868//5868 5757//5757 5903//5903
f 5905//5905 5903//5903 5788//5788
f 5868//5868 5903//5903 5905//5905
f 5784//5784 5907//5907 5885//5885
f 5907//5907 5788//5788 5904//5904
f 5885//5885 5904//5904 5758//5758
f 5907//5907 5904//5904 5885//5885
f 5780//5780 5905//5905 5887//5887
f 5905//5905 5788//5788 5907//5907
f 5887//5887 5907//5907 5784//5784
f 5905//5905 5907//5907 5887//5887
f 5748//5748 5803//5803 5842//5842
f 5803//5803 5764//5764 5844//5844
f 5842//5842 5844//5844 5775//5775
f 5803//5803 5844//5844 5842//5842
f 5764//5764 5804//5804 5857//5857
f 5804//5804 5752//5752 5855//5855
f 5857//5857 5855//5855 5778//5778
f 5804//5804 5855//5855 5857//5857
f 5775//5775 5859//5859 5843//5843
f 5859//5859 5778//5778 5856//5856
f 5843//5843 5856//5856 5756//5756
f 5859//5859 5856//5856 5843//5843
f 5764//5764 5857//5857 5844//5844
f 5857//5857 5778//5778 5859//5859
f 5844//5844 5859//5859 5775//5775
f 5857//5857 5859//5859 5844//5844
f 5752//5752 5897//5897 5808//5808
f 5897//5897 5787//5787 5900//5900
f 5808//5808 5900//5900 5765//5765
f 5897//5897 5900//5900 5808//5808
f 5787//5787 5898//5898 5902//5902
f 5898//5898 5758//5758 5893//5893
f 5902//5902 5893//5893 5786//5786
f 5898//5898 5893//5893 5902//5902
f 5765//5765 5895//5895 5807//5807
f 5895//5895 5786//5786 5892//5892
f 5807//5807 5892//5892 5751//5751
f 5895//5895 5892//5892 5807//5807
f 5787//5787 5902//5902 5900//5900
f 5902//5902 5786//5786 5895//5895
f 5900//5900 5895//5895 5765//5765
f 5902//5902 5895//5895 5900//5900
f 5758//5758 5904//5904 5889//5889
f 5904//5904 5788//5788 5908//5908
f 5889//5889 5908//5908 5785//5785
f 5904//5904 5908//5908 5889//5889
f 5788//5788 5903//5903 5906//5906
f 5903//5903 5757//5757 5871//5871
f 5906//5906 5871//5871 5781//5781
f 5903//5903 5871//5871 5906//5906
f 5785//5785 5891//5891 5888//5888
f 5891//5891 5781//5781 5870//5870
f 5888//5888 5870//5870 5749//5749
f 5891//5891 5870//5870 5888//5888
f 5788//5788 5906//5906 5908//5908
f 5906//5906 5781//5781 5891//5891
f 5908//5908 5891//5891 5785//5785
f 5906//5906 5891//5891 5908//5908
f 5757//5757 5879//5879 5874//5874
f 5879//5879 5783//5783 5883//5883
f 5874//5874 5883//5883 5782//5782
f 5879//5879 5883//5883 5874//5874
f 5783//5783 5878//5878 5881//5881
f 5878//5878 5754//5754 5824//5824
f 5881//5881 5824//5824 5770//5770
f 5878//5878 5824//5824 5881//5881
f 5782//5782 5876//5876 5873//5873
f 5876//5876 5770//5770 5823//5823
f 5873//5873 5823//5823 5753//5753
f 5876//5876 5823//5823 5873//5873
f 5783//5783 5881//5881 5883//5883
f 5881//5881 5770//5770 5876//5876
f 5883//5883 5876//5876 5782//5782
f 5881//5881 5876//5876 5883//5883
f 5754//5754 5820//5820 5836//5836
f 5820//5820 5769//5769 5838//5838
f 5836//5836 5838//5838 5774//5774
f 5820//5820 5838//5838 5836//5836
f 5769//5769 5819//5819 5827//5827
f 5819//5819 5748//5748 5825//5825
f 5827//5827 5825//5825 5771//5771
f 5819//5819 5825//5825 5827//5827
f 5774//5774 5840//5840 5837//5837
f 5840//5840 5771//5771 5826//5826
f 5837//5837 5826//5826 5755//5755
f 5840//5840 5826//5826 5837//5837
f 5769//5769 5827//5827 5838//5838
f 5827//5827 5771//5771 5840//5840
f 5838//5838 5840//5840 5774//5774
f 5827//5827 5840//5840 5838//5838
f 5750//5750 5846//5846 5796//5796
f 5846//5846 5776//5776 5848//5848
f 5796//5796 5848//5848 5762//5762
f 5846//5846 5848//5848 5796//5796
f 5776//5776 5847//5847 5854//5854
f 5847//5847 5756//5756 5851//5851
f 5854//5854 5851//5851 5777//5777
f 5847//5847 5851//5851 5854//5854
f 5762//5762 5852//5852 5797//5797
f 5852//5852 5777//5777 5850//5850
f 5797//5797 5850//5850 5751//5751
f 5852//5852 5850//5850 5797//5797
f 5776//5776 5854//5854 5848//5848
f 5854//5854 5777//5777 5852//5852
f 5848//5848 5852//5852 5762//5762
f 5854//5854 5852//5852 5848//5848
f 5750//5750 5796//5796 5792//5792
f 5796//5796 5762//5762 5798//5798
f 5792//5792 5798//5798 5760//5760
f 5796//5796 5798//5798 5792//5792
f 5762//5762 5797//5797 5799//5799
f 5797//5797 5751//5751 5794//5794
f 5799//5799 5794//5794 5761//5761
f 5797//5797 5794//5794 5799//5799
f 5760//5760 5795//5795 5791//5791
f 5795//5795 5761//5761 5793//5793
f 5791//5791 5793//5793 5749//5749
f 5795//5795 5793//5793 5791//5791
f 5762//5762 5799//5799 5798//5798
f 5799//5799 5761//5761 5795//5795
f 5798//5798 5795//5795 5760//5760
f 5799//5799 5795//5795 5798//5798
f 5750//5750 5792//5792 5812//5812
f 5792//5792 5760//5760 5814//5814
f 5812//5812 5814//5814 5767//5767
f 5792//5792 5814//5814 5812//5812
f 5760//5760 5791//5791 5811//5811
f 5791//5791 5749//5749 5809//5809
f 5811//5811 5809//5809 5766//5766
f 5791//5791 5809//5809 5811//5811
f 5767//5767 5815//5815 5813//5813
f 5815//5815 5766//5766 5810//5810
f 5813//5813 5810//5810 5753//5753
f 5815//5815 5810//5810 5813//5813
f 5760//5760 5811//5811 5814//5814
f 5811//5811 5766//5766 5815//5815
f 5814//5814 5815//5815 5767//5767
f 5811//5811 5815//5815 5814//5814
f 5750//5750 5812//5812 5828//5828
f 5812//5812 5767//5767 5830//5830
f 5828//5828 5830//5830 5772//5772
f 5812//5812 5830//5830 5828//5828
f 5767//5767 5813//5813 5833//5833
f 5813//5813 5753//5753 5831//5831
f 5833//5833 5831//5831 5773//5773
f 5813//5813 5831//5831 5833//5833
f 5772//5772 5835//5835 5829//5829
f 5835//5835 5773//5773 5832//5832
f 5829//5829 5832//5832 5755//5755
f 5835//5835 5832//5832 5829//5829
f 5767//5767 5833//5833 5830//5830
f 5833//5833 5773//5773 5835//5835
f 5830//5830 5835//5835 5772//5772
f 5833//5833 5835//5835 5830//5830
f 5750//5750 5828//5828 5846//5846
f 5828//5828 5772//5772 5849//5849
f 5846//5846 5849//5849 5776//5776
f 5828//5828 5849//5849 5846//5846
f 5772//5772 5829//5829 5864//5864
f 5829//5829 5755//5755 5861//5861
f 5864//5864 5861//5861 5779//5779
f 5829//5829 5861//5861 5864//5864
f 5776//5776 5866//5866 5847//5847
f 5866//5866 5779//5779 5862//5862
f 5847//5847 5862//5862 5756//5756
f 5866//5866 5862//5862 5847//5847
f 5772//5772 5864//5864 5849//5849
f 5864//5864 5779//5779 5866//5866
f 5849//5849 5866//5866 5776//5776
f 5864//5864 5866//5866 5849//5849
f 5751//5751 5850//5850 5807//5807
f 5850//5850 5777//5777 5853//5853
f 5807//5807 5853//5853 5765//5765
f 5850//5850 5853//5853 5807//5807
f 5777//5777 5851//5851 5860//5860
f 5851//5851 5756//5756 5856//5856
f 5860//5860 5856//5856 5778//5778
f 5851//5851 5856//5856 5860//5860
f 5765//5765 5858//5858 5808//5808
f 5858//5858 5778//5778 5855//5855
f 5808//5808 5855//5855 5752//5752
f 5858//5858 5855//5855 5808//5808
f 5777//5777 5860//5860 5853//5853
f 5860//5860 5778//5778 5858//5858
f 5853//5853 5858//5858 5765//5765
f 5860//5860 5858//5858 5853//5853
f 5749//5749 5793//5793 5888//5888
f 5793//5793 5761//5761 5890//5890
f 5888//5888 5890//5890 5785//5785
f 5793//5793 5890//5890 5888//5888
f 5761//5761 5794//5794 5894//5894
f 5794//5794 5751//5751 5892//5892
f 5894//5894 5892//5892 5786//5786
f 5794//5794 5892//5892 5894//5894
f 5785//5785 5896//5896 5889//5889
f 5896//5896 5786//5786 5893//5893
f 5889//5889 5893//5893 5758//5758
f 5896//5896 5893//5893 5889//5889
f 5761//5761 5894//5894 5890//5890
f 5894//5894 5786//5786 5896//5896
f 5890//5890 5896//5896 5785//5785
f 5894//5894 5896//5896 5890//5890
f 5753//5753 5810//5810 5873//5873
f 5810//5810 5766//5766 5875//5875
f 5873//5873 5875//5875 5782//5782
f 5810//5810 5875//5875 5873//5873
f 5766//5766 5809//5809 5872//5872
f 5809//5809 5749//5749 5870//5870
f 5872//5872 5870//5870 5781//5781
f 5809//5809 5870//5870 5872//5872
f 5782//5782 5877//5877 5874//5874
f 5877//5877 5781//5781 5871//5871
f 5874//5874 5871//5871 5757//5757
f 5877//5877 5871//5871 5874//5874
f 5766//5766 5872//5872 5875//5875
f 5872//5872 5781//5781 5877//5877
f 5875//5875 5877//5877 5782//5782
f 5872//5872 5877//5877 5875//5875
f 5755//5755 5832//5832 5837//5837
f 5832//5832 5773//5773 5841//5841
f 5837//5837 5841//5841 5774//5774
f 5832//5832 5841//5841 5837//5837
f 5773//5773 5831//5831 5834//5834
f 5831//5831 5753//5753 5823//5823
f 5834//5834 5823//5823 5770//5770
f 5831//5831 5823//5823 5834//5834
f 5774//5774 5839//5839 5836//5836
f 5839//5839 5770//5770 5824//5824
f 5836//5836 5824//5824 5754//5754
f 5839//5839 5824//5824 5836//5836
f 5773//5773 5834//5834 5841//5841
f 5834//5834 5770//5770 5839//5839
f 5841//5841 5839//5839 5774//5774
f 5834//5834 5839//5839 5841//5841
f 5756//5756 5862//5862 5843//5843
f 5862//5862 5779//5779 5865//5865
f 5843//5843 5865//5865 5775//5775
f 5862//5862 5865//5865 5843//5843
f 5779//5779 5861//5861 5863//5863
f 5861//5861 5755//5755 5826//5826
f 5863//5863 5826//5826 5771//5771
f 5861//5861 5826//5826 5863//5863
f 5775//5775 5845//5845 5842//5842
f 5845//5845 5771//5771 5825//5825
f 5842//5842 5825//5825 5748//5748
f 5845//5845 5825//5825 5842//5842
f 5779//5779 5863//5863 5865//5865
f 5863//5863 5771//5771 5845//5845
f 5865//5865 5845//5845 5775//5775
f 5863//5863 5845//5845 5865//5865
f 5910//5910 5909//5909 5919//5919
f 5910//5910 5919//5919 5911//5911
f 5911//5911 5919//5919 5920//5920
f 5911//5911 5920//5920 5912//5912
f 5912//5912 5920//5920 5921//5921
f 5912//5912 5921//5921 5913//5913
f 5913//5913 5921//5921 5922//5922
f 5913//5913 5922//5922 5914//5914
f 5914//5914 5922//5922 5923//5923
f 5914//5914 5923//5923 5915//5915
f 5915//5915 5923//5923 5924//5924
f 5915//5915 5924//5924 5916//5916
f 5916//5916 5924//5924 5925//5925
f 5916//5916 5925//5925 5917//5917
f 5917//5917 5925//5925 5926//5926
f 5917//5917 5926//5926 5918//5918
f 5919//5919 5909//5909 5927//5927
f 5919//5919 5927//5927 5920//5920
f 5920//5920 5927//5927 5928//5928
f 5920//5920 5928//5928 5921//5921
f 5921//5921 5928//5928 5929//5929
f 5921//5921 5929//5929 5922//5922
f 5922//5922 5929//5929 5930//5930
f 5922//5922 5930//5930 5923//5923
f 5923//5923 5930//5930 5931//5931
f 5923//5923 5931//5931 5924//5924
f 5924//5924 5931//5931 5932//5932
f 5924//5924 5932//5932 5925//5925
f 5925//5925 5932//5932 5933//5933
f 5925//5925 5933//5933 5926//5926
f 5926//5926 5933//5933 5934//5934
f 5926//5926 5934//5934 5918//5918
f 5927//5927 5909//5909 5935//5935
f 5927//5927 5935//5935 5928//5928
f 5928//5928 5935//5935 5936//5936
f 5928//5928 5936//5936 5929//5929
f 5929//5929 5936//5936 5937//5937
f 5929//5929 5937//5937 5930//5930
f 5930//5930 5937//5937 5938//5938
f 5930//5930 5938//5938 5931//5931
f 5931//5931 5938//5938 5939//5939
f 5931//5931 5939//5939 5932//5932
f 5932//5932 5939//5939 5940//5940
f 5932//5932 5940//5940 5933//5933
f 5933//5933 5940//5940 5941//5941
f 5933//5933 5941//5941 5934//5934
f 5934//5934 5941//5941 5942//5942
f 5934//5934 5942//5942 5918//5918
f 5935//5935 5909//5909 5943//5943
f 5935//5935 5943//5943 5936//5936
f 5936//5936 5943//5943 5944//5944
f 5936//5936 5944//5944 5937//5937
f 5937//5937 5944//5944 5945//5945
f 5937//5937 5945//5945 5938//5938
f 5938//5938 5945//5945 5946//5946
f 5938//5938 5946//5946 5939//5939
f 5939//5939 5946//5946 5947//5947
f 5939//5939 5947//5947 5940//5940
f 5940//5940 5947//5947 5948//5948
f 5940//5940 5948//5948 5941//5941
f 5941//5941 5948//5948 5949//5949
f 5941//5941 5949//5949 5942//5942
f 5942//5942 5949//5949 5950//5950
f 5942//5942 5950//5950 5918//5918
f 5943//5943 5909//5909 5951//5951
f 5943//5943 5951//5951 5944//5944
f 5944//5944 5951//5951 5952//5952
f 5944//5944 5952//5952 5945//5945
f 5945//5945 5952//5952 5953//5953
f 5945//5945 5953//5953 5946//5946
f 5946//5946 5953//5953 5954//5954
f 5946//5946 5954//5954 5947//5947
f 5947//5947 5954//5954 5955//5955
f 5947//5947 5955//5955 5948//5948
f 5948//5948 5955//5955 5956//5956
f 5948//5948 5956//5956 5949//5949
f 5949//5949 5956//5956 5957//5957
f 5949//5949 5957//5957 5950//5950
f 5950//5950 5957//5957 5958//5958
f 5950//5950 5958//5958 5918//5918
f 5951//5951 5909//5909 5959//5959
f 5951//5951 5959//5959 5952//5952
f 5952//5952 5959//5959 5960//5960
f 5952//5952 5960//5960 5953//5953
f 5953//5953 5960//5960 5961//5961
f 5953//5953 5961//5961 5954//5954
f 5954//5954 5961//5961 5962//5962
f 5954//5954 5962//5962 5955//5955
f 5955//5955 5962//5962 5963//5963
f 5955//5955 5963//5963 5956//5956
f 5956//5956 5963//5963 5964//5964
f 5956//5956 5964//5964 5957//5957
f 5957//5957 5964//5964 5965//5965
f 5957//5957 5965//5965 5958//5958
f 5958//5958 5965//5965 5966//5966
f 5958//5958 5966//5966 5918//5918
f 5959//5959 5909//5909 5967//5967
f 5959//5959 5967//5967 5960//5960
f 5960//5960 5967//5967 5968//5968
f 5960//5960 5968//5968 5961//5961
f 5961//5961 5968//5968 5969//5969
f 5961//5961 5969//5969 5962//5962
f 5962//5962 5969//5969 5970//5970
f 5962//5962 5970//5970 5963//5963
f 5963//5963 5970//5970 5971//5971
f 5963//5963 5971//5971 5964//5964
f 5964//5964 5971//5971 5972//5972
f 5964//5964 5972//5972 5965//5965
f 5965//5965 5972//5972 5973//5973
f 5965//5965 5973//5973 5966//5966
f 5966//5966 5973//5973 5974//5974
f 5966//5966 5974//5974 5918//5918
f 5967//5967 5909//5909 5975//5975
f 5967//5967 5975//5975 5968//5968
f 5968//5968 5975//5975 5976//5976
f 5968//5968 5976//5976 5969//5969
f 5969//5969 5976//5976 5977//5977
f 5969//5969 5977//5977 5970//5970
f 5970//5970 5977//5977 5978//5978
f 5970//5970 5978//5978 5971//5971
f 5971//5971 5978//5978 5979//5979
f 5971//5971 5979//5979 5972//5972
f 5972//5972 5979//5979 5980//5980
f 5972//5972 5980//5980 5973//5973
f 5973//5973 5980//5980 5981//5981
f 5973//5973 5981//5981 5974//5974
f 5974//5974 5981//5981 5982//5982
f 5974//5974 5982//5982 5918//5918
f 5975//5975 5909//5909 5983//5983
f 5975//5975 5983//5983 5976//5976
f 5976//5976 5983//5983 5984//5984
f 5976//5976 5984//5984 5977//5977
f 5977//5977 5984//5984 5985//5985
f 5977//5977 5985//5985 5978//5978
f 5978//5978 5985//5985 5986//5986
f 5978//5978 5986//5986 5979//5979
f 5979//5979 5986//5986 5987//5987
f 5979//5979 5987//5987 5980//5980
f 5980//5980 5987//5987 5988//5988
f 5980//5980 5988//5988 5981//5981
f 5981//5981 5988//5988 5989//5989
f 5981//5981 5989//5989 5982//5982
f 5982//5982 5989//5989 5990//5990
f 5982//5982 5990//5990 5918//5918
f 5983//5983 5909//5909 5910//5910
f 5983//5983 5910//5910 5984//5984
f 5984//5984 5910//5910 5911//5911
f 5984//5984 5911//5911 5985//5985
f 5985//5985 5911//5911 5912//5912
f 5985//5985 5912//5912 5986//5986
f 5986//5986 5912//5912 5913//5913
f 5986//5986 5913//5913 5987//5987
f 5987//5987 5913//5913 5914//5914
f 5987//5987 5914//5914 5988//5988
f 5988//5988 5914//5914 5915//5915
f 5988//5988 5915//5915 5989//5989
f 5989//5989 5915//5915 5916//5916
f 5989//5989 5916//5916 5990//5990
f 5990//5990 5916//5916 5917//5917
f 5990//5990 5917//5917 5918//5918
f 5991//5991 6128//6128 6044//6044
f 6128//6128 6028//6028 6130//6130
f 6044//6044 6130//6130 6007//6007
f 6128//6128 6130//6130 6044//6044
f 6028//6028 6129//6129 6145//6145
f 6129//6129 6002//6002 6142//6142
f 6145//6145 6142//6142 6031//6031
f 6129//6129 6142//6142 6145//6145
f 6007//6007 6143//6143 6045//6045
f 6143//6143 6031//6031 6141//6141
f 6045//6045 6141//6141 5996//5996
f 6143//6143 6141//6141 6045//6045
f 6028//6028 6145//6145 6130//6130
f 6145//6145 6031//6031 6143//6143
f 6130//6130 6143//6143 6007//6007
f 6145//6145 6143//6143 6130//6130
f 5991//5991 6044//6044 6033//6033
f 6044//6044 6007//6007 6046//6046
f 6033//6033 6046//6046 6003//6003
f 6044//6044 6046//6046 6033//6033
f 6007//6007 6045//6045 6050//6050
f 6045//6045 5996//5996 6048//6048
f 6050//6050 6048//6048 6008//6008
f 6045//6045 6048//6048 6050//6050
f 6003//6003 6049//6049 6034//6034
f 6049//6049 6008//6008 6047//6047
f 6034//6034 6047//6047 5992//5992
f 6049//6049 6047//6047 6034//6034
f 6007//6007 6050//6050 6046//6046
f 6050//6050 6008//6008 6049//6049
f 6046//6046 6049//6049 6003//6003
f 6050//6050 6049//6049 6046//6046
f 5991//5991 6033//6033 6060//6060
f 6033//6033 6003//6003 6062//6062
f 6060//6060 6062//6062 6012//6012
f 6033//6033 6062//6062 6060//6060
f 6003//6003 6034//6034 6065//6065
f 6034//6034 5992//5992 6063//6063
f 6065//6065 6063//6063 6013//6013
f 6034//6034 6063//6063 6065//6065
f 6012//6012 6066//6066 6061//6061
f 6066//6066 6013//6013 6064//6064
f 6061//6061 6064//6064 5998//5998
f 6066//6066 6064//6064 6061//6061
f 6003//6003 6065//6065 6062//6062
f 6065//6065 6013//6013 6066//6066
f 6062//6062 6066//6066 6012//6012
f 6065//6065 6066//6066 6062//6062
f 5991//5991 6060//6060 6111//6111
f 6060//6060 6012//6012 6113//6113
f 6111//6111 6113//6113 6024//6024
f 6060//6060 6113//6113 6111//6111
f 6012//6012 6061//6061 6124//6124
f 6061//6061 5998//5998 6122//6122
f 6124//6124 6122//6122 6027//6027
f 6061//6061 6122//6122 6124//6124
f 6024//6024 6126//6126 6112//6112
f 6126//6126 6027//6027 6123//6123
f 6112//6112 6123//6123 6001//6001
f 6126//6126 6123//6123 6112//6112
f 6012//6012 6124//6124 6113//6113
f 6124//6124 6027//6027 6126//6126
f 6113//6113 6126//6126 6024//6024
f 6124//6124 6126//6126 6113//6113
f 5991//5991 6111//6111 6128//6128
f 6111//6111 6024//6024 6131//6131
f 6128//6128 6131//6131 6028//6028
f 6111//6111 6131//6131 6128//6128
f 6024//6024 6112//6112 6149//6149
f 6112//6112 6001//6001 6147//6147
f 6149//6149 6147//6147 6032//6032
f 6112//6112 6147//6147 6149//6149
f 6028//6028 6151//6151 6129//6129
f 6151//6151 6032//6032 6148//6148
f 6129//6129 6148//6148 6002//6002
f 6151//6151 6148//6148 6129//6129
f 6024//6024 6149//6149 6131//6131
f 6149//6149 6032//6032 6151//6151
f 6131//6131 6151//6151 6028//6028
f 6149//6149 6151//6151 6131//6131
f 5992//5992 6047//6047 6086//6086
f 6047//6047 6008//6008 6088//6088
f 6086//6086 6088//6088 6019//6019
f 6047//6047 6088//6088 6086//6086
f 6008//6008 6048//6048 6101//6101
f 6048//6048 5996//5996 6099//6099
f 6101//6101 6099//6099 6022//6022
f 6048//6048 6099//6099 6101//6101
f 6019//6019 6103//6103 6087//6087
f 6103//6103 6022//6022 6100//6100
f 6087//6087 6100//6100 6000//6000
f 6103//6103 6100//6100 6087//6087
f 6008//6008 6101//6101 6088//6088
f 6101//6101 6022//6022 6103//6103
f 6088//6088 6103//6103 6019//6019
f 6101//6101 6103//6103 6088//6088
f 5996//5996 6141//6141 6052//6052
f 6141//6141 6031//6031 6144//6144
f 6052//6052 6144//6144 6009//6009
f 6141//6141 6144//6144 6052//6052
f 6031//6031 6142//6142 6146//6146
f 6142//6142 6002//6002 6137//6137
f 6146//6146 6137//6137 6030//6030
f 6142//6142 6137//6137 6146//6146
f 6009//6009 6139//6139 6051//6051
f 6139//6139 6030//6030 6136//6136
f 6051//6051 6136//6136 5995//5995
f 6139//6139 6136//6136 6051//6051
f 6031//6031 6146//6146 6144//6144
f 6146//6146 6030//6030 6139//6139
f 6144//6144 6139//6139 6009//6009
f 6146//6146 6139//6139 6144//6144
f 6002//6002 6148//6148 6133//6133
f 6148//6148 6032//6032 6152//6152
f 6133//6133 6152//6152 6029//6029
f 6148//6148 6152//6152 6133//6133
f 6032//6032 6147//6147 6150//6150
f 6147//6147 6001//6001 6115//6115
f 6150//6150 6115//6115 6025//6025
f 6147//6147 6115//6115 6150//6150
f 6029//6029 6135//6135 6132//6132
f 6135//6135 6025//6025 6114//6114
f 6132//6132 6114//6114 5993//5993
f 6135//6135 6114//6114 6132//6132
f 6032//6032 6150//6150 6152//6152
f 6150//6150 6025//6025 6135//6135
f 6152//6152 6135//6135 6029//6029
f 6150//6150 6135//6135 6152//6152
f 6001//6001 6123//6123 6118//6118
f 6123//6123 6027//6027 6127//6127
f 6118//6118 6127//6127 6026//6026
f 6123//6123 6127//6127 6118//6118
f 6027//6027 6122//6122 6125//6125
f 6122//6122 5998//5998 6068//6068
f 6125//6125 6068//6068 6014//6014
f 6122//6122 6068//6068 6125//6125
f 6026//6026 6120//6120 6117//6117
f 6120//6120 6014//6014 6067//6067
f 6117//6117 6067//6067 5997//5997
f 6120//6120 6067//6067 6117//6117
f 6027//6027 6125//6125 6127//6127
f 6125//6125 6014//6014 6120//6120
f 6127//6127 6120//6120 6026//6026
f 6125//6125 6120//6120 6127//6127
f 5998//5998 6064//6064 6080//6080
f 6064//6064 6013//6013 6082//6082
f 6080//6080 6082//6082 6018//6018
f 6064//6064 6082//6082 6080//6080
f 6013//6013 6063//6063 6071//6071
f 6063//6063 5992//5992 6069//6069
f 6071//6071 6069//6069 6015//6015
f 6063//6063 6069//6069 6071//6071
f 6018//6018 6084//6084 6081//6081
f 6084//6084 6015//6015 6070//6070
f 6081//6081 6070//6070 5999//5999
f 6084//6084 6070//6070 6081//6081
f 6013//6013 6071//6071 6082//6082
f 6071//6071 6015//6015 6084//6084
f 6082//6082 6084//6084 6018//6018
f 6071//6071 6084//6084 6082//6082
f 5994//5994 6090//6090 6040//6040
f 6090//6090 6020//6020 6092//6092
f 6040//6040 6092//6092 6006//6006
f 6090//6090 6092//6092 6040//6040
f 6020//6020 6091//6091 6098//6098
f 6091//6091 6000//6000 6095//6095
f 6098//6098 6095//6095 6021//6021
f 6091//6091 6095//6095 6098//6098
f 6006//6006 6096//6096 6041//6041
f 6096//6096 6021//6021 6094//6094
f 6041//6041 6094//6094 5995//5995
f 6096//6096 6094//6094 6041//6041
f 6020//6020 6098//6098 6092//6092
f 6098//6098 6021//6021 6096//6096
f 6092//6092 6096//6096 6006//6006
f 6098//6098 6096//6096 6092//6092
f 5994//5994 6040//6040 6036//6036
f 6040//6040 6006//6006 6042//6042
f 6036//6036 6042//6042 6004//6004
f 6040//6040 6042//6042 6036//6036
f 6006//6006 6041//6041 6043//6043
f 6041//6041 5995//5995 6038//6038
f 6043//6043 6038//6038 6005//6005
f 6041//6041 6038//6038 6043//6043
f 6004//6004 6039//6039 6035//6035
f 6039//6039 6005//6005 6037//6037
f 6035//6035 6037//6037 5993//5993
f 6039//6039 6037//6037 6035//6035
f 6006//6006 6043//6043 6042//6042
f 6043//6043 6005//6005 6039//6039
f 6042//6042 6039//6039 6004//6004
f 6043//6043 6039//6039 6042//6042
f 5994//5994 6036//6036 6056//6056
f 6036//6036 6004//6004 6058//6058
f 6056//6056 6058//6058 6011//6011
f 6036//6036 6058//6058 6056//6056
f 6004//6004 6035//6035 6055//6055
f 6035//6035 5993//5993 6053//6053
f 6055//6055 6053//6053 6010//6010
f 6035//6035 6053//6053 6055//6055
f 6011//6011 6059//6059 6057//6057
f 6059//6059 6010//6010 6054//6054
f 6057//6057 6054//6054 5997//5997
f 6059//6059 6054//6054 6057//6057
f 6004//6004 6055//6055 6058//6058
f 6055//6055 6010//6010 6059//6059
f 6058//6058 6059//6059 6011//6011
f 6055//6055 6059//6059 6058//6058
f 5994//5994 6056//6056 6072//6072
f 6056//6056 6011//6011 6074//6074
f 6072//6072 6074//6074 6016//6016
f 6056//6056 6074//6074 6072//6072
f 6011//6011 6057//6057 6077//6077
f 6057//6057 5997//5997 6075//6075
f 6077//6077 6075//6075 6017//6017
f 6057//6057 6075//6075 6077//6077
f 6016//6016 6079//6079 6073//6073
f 6079//6079 6017//6017 6076//6076
f 6073//6073 6076//6076 5999//5999
f 6079//6079 6076//6076 6073//6073
f 6011//6011 6077//6077 6074//6074
f 6077//6077 6017//6017 6079//6079
f 6074//6074 6079//6079 6016//6016
f 6077//6077 6079//6079 6074//6074
f 5994//5994 6072//6072 6090//6090
f 6072//6072 6016//6016 6093//6093
f 6090//6090 6093//6093 6020//6020
f 6072//6072 6093//6093 6090//6090
f 6016//6016 6073//6073 6108//6108
f 6073//6073 5999//5999 6105//6105
f 6108//6108 6105//6105 6023//6023
f 6073//6073 6105//6105 6108//6108
f 6020//6020 6110//6110 6091//6091
f 6110//6110 6023//6023 6106//6106
f 6091//6091 6106//6106 6000//6000
f 6110//6110 6106//6106 6091//6091
f 6016//6016 6108//6108 6093//6093
f 6108//6108 6023//6023 6110//6110
f 6093//6093 6110//6110 6020//6020
f 6108//6108 6110//6110 6093//6093
f 5995//5995 6094//6094 6051//6051
f 6094//6094 6021//6021 6097//6097
f 6051//6051 6097//6097 6009//6009
f 6094//6094 6097//6097 6051//6051
f 6021//6021 6095//6095 6104//6104
f 6095//6095 6000//6000 6100//6100
f 6104//6104 6100//6100 6022//6022
f 6095//6095 6100//6100 6104//6104
f 6009//6009 6102//6102 6052//6052
f 6102//6102 6022//6022 6099//6099
f 6052//6052 6099//6099 5996//5996
f 6102//6102 6099//6099 6052//6052
f 6021//6021 6104//6104 6097//6097
f 6104//6104 6022//6022 6102//6102
f 6097//6097 6102//6102 6009//6009
f 6104//6104 6102//6102 6097//6097
f 5993//5993 6037//6037 6132//6132
f 6037//6037 6005//6005 6134//6134
f 6132//6132 6134//6134 6029//6029
f 6037//6037 6134//6134 6132//6132
f 6005//6005 6038//6038 6138//6138
f 6038//6038 5995//5995 6136//6136
f 6138//6138 6136//6136 6030//6030
f 6038//6038 6136//6136 6138//6138
f 6029//6029 6140//6140 6133//6133
f 6140//6140 6030//6030 6137//6137
f 6133//6133 6137//6137 6002//6002
f 6140//6140 6137//6137 6133//6133
f 6005//6005 6138//6138 6134//6134
f 6138//6138 6030//6030 6140//6140
f 6134//6134 6140//6140 6029//6029
f 6138//6138 6140//6140 6134//6134
f 5997//5997 6054//6054 6117//6117
f 6054//6054 6010//6010 6119//6119
f 6117//6117 6119//6119 6026//6026
f 6054//6054 6119//6119 6117//6117
f 6010//6010 6053//6053 6116//6116
f 6053//6053 5993//5993 6114//6114
f 6116//6116 6114//6114 6025//6025
f 6053//6053 6114//6114 6116//6116
f 6026//6026 6121//6121 6118//6118
f 6121//6121 6025//6025 6115//6115
f 6118//6118 6115//6115 6001//6001
f 6121//6121 6115//6115 6118//6118
f 6010//6010 6116//6116 6119//6119
f 6116//6116 6025//6025 6121//6121
f 6119//6119 6121//6121 6026//6026
f 6116//6116 6121//6121 6119//6119
f 5999//5999 6076//6076 6081//6081
f 6076//6076 6017//6017 6085//6085
f 6081//6081 6085//6085 6018//6018
f 6076//6076 6085//6085 6081//6081
f 6017//6017 6075//6075 6078//6078
f 6075//6075 5997//5997 6067//6067
f 6078//6078 6067//6067 6014//6014
f 6075//6075 6067//6067 6078//6078
f 6018//6018 6083//6083 6080//6080
f 6083//6083 6014//6014 6068//6068
f 6080//6080 6068//6068 5998//5998
f 6083//6083 6068//6068 6080//6080
f 6017//6017 6078//6078 6085//6085
f 6078//6078 6014//6014 6083//6083
f 6085//6085 6083//6083 6018//6018
f 6078//6078 6083//6083 6085//6085
f 6000//6000 6106//6106 6087//6087
f 6106//6106 6023//6023 6109//6109
f 6087//6087 6109//6109 6019//6019
f 6106//6106 6109//6109 6087//6087
f 6023//6023 6105//6105 6107//6107
f 6105//6105 5999//5999 6070//6070
f 6107//6107 6070//6070 6015//6015
f 6105//6105 6070//6070 6107//6107
f 6019//6019 6089//6089 6086//6086
f 6089//6089 6015//6015 6069//6069
f 6086//6086 6069//6069 5992//5992
f 6089//6089 6069//6069 6086//6086
f 6023//6023 6107//6107 6109//6109
f 6107//6107 6015//6015 6089//6089
f 6109//6109 6089//6089 6019//6019
f 6107//6107 6089//6089 6109//6109
f 6154//6154 6153//6153 6163//6163
f 6154//6154 6163//6163 6155//6155
f 6155//6155 6163//6163 6164//6164
f 6155//6155 6164//6164 6156//6156
f 6156//6156 6164//6164 6165//6165
f 6156//6156 6165//6165 6157//6157
f 6157//6157 6165//6165 6166//6166
f 6157//6157 6166//6166 6158//6158
f 6158//6158 6166//6166 6167//6167
f 6158//6158 6167//6167 6159//6159
f 6159//6159 6167//6167 6168//6168
f 6159//6159 6168//6168 6160//6160
f 6160//6160 6168//6168 6169//6169
f 6160//6160 6169//6169 6161//6161
f 6161//6161 6169//6169 6170//6170
f 6161//6161 6170//6170 6162//6162
f 6163//6163 6153//6153 6171//6171
f 6163//6163 6171//6171 6164//6164
f 6164//6164 6171//6171 6172//6172
f 6164//6164 6172//6172 6165//6165
f 6165//6165 6172//6172 6173//6173
f 6165//6165 6173//6173 6166//6166
f 6166//6166 6173//6173 6174//6174
f 6166//6166 6174//6174 6167//6167
f 6167//6167 6174//6174 6175//6175
f 6167//6167 6175//6175 6168//6168
f 6168//6168 6175//6175 6176//6176
f 6168//6168 6176//6176 6169//6169
f 6169//6169 6176//6176 6177//6177
f 6169//6169 6177//6177 6170//6170
f 6170//6170 6177//6177 6178//6178
f 6170//6170 6178//6178 6162//6162
f 6171//6171 6153//6153 6179//6179
f 6171//6171 6179//6179 6172//6172
f 6172//6172 6179//6179 6180//6180
f 6172//6172 6180//6180 6173//6173
f 6173//6173 6180//6180 6181//6181
f 6173//6173 6181//6181 6174//6174
f 6174//6174 6181//6181 6182//6182
f 6174//6174 6182//6182 6175//6175
f 6175//6175 6182//6182 6183//6183
f 6175//6175 6183//6183 6176//6176
f 6176//6176 6183//6183 6184//6184
f 6176//6176 6184//6184 6177//6177
f 6177//6177 6184//6184 6185//6185
f 6177//6177 6185//6185 6178//6178
f 6178//6178 6185//6185 6186//6186
f 6178//6178 6186//6186 6162//6162
f 6179//6179 6153//6153 6187//6187
f 6179//6179 6187//6187 6180//6180
f 6180//6180 6187//6187 6188//6188
f 6180//6180 6188//6188 6181//6181
f 6181//6181 6188//6188 6189//6189
f 6181//6181 6189//6189 6182//6182
f 6182//6182 6189//6189 6190//6190
f 6182//6182 6190//6190 6183//6183
f 6183//6183 6190//6190 6191//6191
f 6183//6183 6191//6191 6184//6184
f 6184//6184 6191//6191 6192//6192
f 6184//6184 6192//6192 6185//6185
f 6185//6185 6192//6192 6193//6193
f 6185//6185 6193//6193 6186//6186
f 6186//6186 6193//6193 6194//6194
f 6186//6186 6194//6194 6162//6162
f 6187//6187 6153//6153 6195//6195
f 6187//6187 6195//6195 6188//6188
f 6188//6188 6195//6195 6196//6196
f 6188//6188 6196//6196 6189//6189
f 6189//6189 6196//6196 6197//6197
f 6189//6189 6197//6197 6190//6190
f 6190//6190 6197//6197 6198//6198
f 6190//6190 6198//6198 6191//6191
f 6191//6191 6198//6198 6199//6199
f 6191//6191 6199//6199 6192//6192
f 6192//6192 6199//6199 6200//6200
f 6192//6192 6200//6200 6193//6193
f 6193//6193 6200//6200 6201//6201
f 6193//6193 6201//6201 6194//6194
f 6194//6194 6201//6201 6202//6202
f 6194//6194 6202//6202 6162//6162
f 6195//6195 6153//6153 6203//6203
f 6195//6195 6203//6203 6196//6196
f 6196//6196 6203//6203 6204//6204
f 6196//6196 6204//6204 6197//6197
f 6197//6197 6204//6204 6205//6205
f 6197//6197 6205//6205 6198//6198
f 6198//6198 6205//6205 6206//6206
f 6198//6198 6206//6206 6199//6199
f 6199//6199 6206//6206 6207//6207
f 6199//6199 6207//6207 6200//6200
f 6200//6200 6207//6207 6208//6208
f 6200//6200 6208//6208 6201//6201
f 6201//6201 6208//6208 6209//6209
f 6201//6201 6209//6209 6202//6202
f 6202//6202 6209//6209 6210//6210
f 6202//6202 6210//6210 6162//6162
f 6203//6203 6153//6153 6211//6211
f 6203//6203 6211//6211 6204//6204
f 6204//6204 6211//6211 6212//6212
f 6204//6204 6212//6212 6205//6205
f 6205//6205 6212//6212 6213//6213
f 6205//6205 6213//6213 6206//6206
f 6206//6206 6213//6213 6214//6214
f 6206//6206 6214//6214 6207//6207
f 6207//6207 6214//6214 6215//6215
f 6207//6207 6215//6215 6208//6208
f 6208//6208 6215//6215 6216//6216
f 6208//6208 6216//6216 6209//6209
f 6209//6209 6216//6216 6217//6217
f 6209//6209 6217//6217 6210//6210
f 6210//6210 6217//6217 6218//6218
f 6210//6210 6218//6218 6162//6162
f 6211//6211 6153//6153 6219//6219
f 6211//6211 6219//6219 6212//6212
f 6212//6212 6219//6219 6220//6220
f 6212//6212 6220//6220 6213//6213
f 6213//6213 6220//6220 6221//6221
f 6213//6213 6221//6221 6214//6214
f 6214//6214 6221//6221 6222//6222
f 6214//6214 6222//6222 6215//6215
f 6215//6215 6222//6222 6223//6223
f 6215//6215 6223//6223 6216//6216
f 6216//6216 6223//6223 6224//6224
f 6216//6216 6224//6224 6217//6217
f 6217//6217 6224//6224 6225//6225
f 6217//6217 6225//6225 6218//6218
f 6218//6218 6225//6225 6226//6226
f 6218//6218 6226//6226 6162//6162
f 6219//6219 6153//6153 6227//6227
f 6219//6219 6227//6227 6220//6220
f 6220//6220 6227//6227 6228//6228
f 6220//6220 6228//6228 6221//6221
f 6221//6221 6228//6228 6229//6229
f 6221//6221 6229//6229 6222//6222
f 6222//6222 6229//6229 6230//6230
f 6222//6222 6230//6230 6223//6223
f 6223//6223 6230//6230 6231//6231
f 6223//6223 6231//6231 6224//6224
f 6224//6224 6231//6231 6232//6232
f 6224//6224 6232//6232 6225//6225
f 6225//6225 6232//6232 6233//6233
f 6225//6225 6233//6233 6226//6226
f 6226//6226 6233//6233 6234//6234
f 6226//6226 6234//6234 6162//6162
f 6227//6227 6153//6153 6154//6154
f 6227//6227 6154//6154 6228//6228
f 6228//6228 6154//6154 6155//6155
f 6228//6228 6155//6155 6229//6229
f 6229//6229 6155//6155 6156//6156
f 6229//6229 6156//6156 6230//6230
f 6230//6230 6156//6156 6157//6157
f 6230//6230 6157//6157 6231//6231
f 6231//6231 6157//6157 6158//6158
f 6231//6231 6158//6158 6232//6232
f 6232//6232 6158//6158 6159//6159
f 6232//6232 6159//6159 6233//6233
f 6233//6233 6159//6159 6160//6160
f 6233//6233 6160//6160 6234//6234
f 6234//6234 6160//6160 6161//6161
f 6234//6234 6161//6161 6162//6162
f 6236//6236 6235//6235 6245//6245
f 6236//6236 6245//6245 6237//6237
f 6237//6237 6245//6245 6246//6246
f 6237//6237 6246//6246 6238//6238
f 6238//6238 6246//6246 6247//6247
f 6238//6238 6247//6247 6239//6239
f 6239//6239 6247//6247 6248//6248
f 6239//6239 6248//6248 6240//6240
f 6240//6240 6248//6248 6249//6249
f 6240//6240 6249//6249 6241//6241
f 6241//6241 6249//6249 6250//6250
f 6241//6241 6250//6250 6242//6242
f 6242//6242 6250//6250 6251//6251
f 6242//6242 6251//6251 6243//6243
f 6243//6243 6251//6251 6252//6252
f 6243//6243 6252//6252 6244//6244
f 6245//6245 6235//6235 6253//6253
f 6245//6245 6253//6253 6246//6246
f 6246//6246 6253//6253 6254//6254
f 6246//6246 6254//6254 6247//6247
f 6247//6247 6254//6254 6255//6255
f 6247//6247 6255//6255 6248//6248
f 6248//6248 6255//6255 6256//6256
f 6248//6248 6256//6256 6249//6249
f 6249//6249 6256//6256 6257//6257
f 6249//6249 6257//6257 6250//6250
f 6250//6250 6257//6257 6258//6258
f 6250//6250 6258//6258 6251//6251
f 6251//6251 6258//6258 6259//6259
f 6251//6251 6259//6259 6252//6252
f 6252//6252 6259//6259 6260//6260
f 6252//6252 6260//6260 6244//6244
f 6253//6253 6235//6235 6261//6261
f 6253//6253 6261//6261 6254//6254
f 6254//6254 6261//6261 6262//6262
f 6254//6254 6262//6262 6255//6255
f 6255//6255 6262//6262 6263//6263
f 6255//6255 6263//6263 6256//6256
f 6256//6256 6263//6263 6264//6264
f 6256//6256 6264//6264 6257//6257
f 6257//6257 6264//6264 6265//6265
f 6257//6257 6265//6265 6258//6258
f 6258//6258 6265//6265 6266//6266
f 6258//6258 6266//6266 6259//6259
f 6259//6259 6266//6266 6267//6267
f 6259//6259 6267//6267 6260//6260
f 6260//6260 6267//6267 6268//6268
f 6260//6260 6268//6268 6244//6244
f 6261//6261 6235//6235 6269//6269
f 6261//6261 6269//6269 6262//6262
f 6262//6262 6269//6269 6270//6270
f 6262//6262 6270//6270 6263//6263
f 6263//6263 6270//6270 6271//6271
f 6263//6263 6271//6271 6264//6264
f 6264//6264 6271//6271 6272//6272
f 6264//6264 6272//6272 6265//6265
f 6265//6265 6272//6272 6273//6273
f 6265//6265 6273//6273 6266//6266
f 6266//6266 6273//6273 6274//6274
f 6266//6266 6274//6274 6267//6267
f 6267//6267 6274//6274 6275//6275
f 6267//6267 6275//6275 6268//6268
f 6268//6268 6275//6275 6276//6276
f 6268//6268 6276//6276 6244//6244
f 6269//6269 6235//6235 6277//6277
f 6269//6269 6277//6277 6270//6270
f 6270//6270 6277//6277 6278//6278
f 6270//6270 6278//6278 6271//6271
f 6271//6271 6278//6278 6279//6279
f 6271//6271 6279//6279 6272//6272
f 6272//6272 6279//6279 6280//6280
f 6272//6272 6280//6280 6273//6273
f 6273//6273 6280//6280 6281//6281
f 6273//6273 6281//6281 6274//6274
f 6274//6274 6281//6281 6282//6282
f 6274//6274 6282//6282 6275//6275
f 6275//6275 6282//6282 6283//6283
f 6275//6275 6283//6283 6276//6276
f 6276//6276 6283//6283 6284//6284
f 6276//6276 6284//6284 6244//6244
f 6277//6277 6235//6235 6285//6285
f 6277//6277 6285//6285 6278//6278
f 6278//6278 6285//6285 6286//6286
f 6278//6278 6286//6286 6279//6279
f 6279//6279 6286//6286 6287//6287
f 6279//6279 6287//6287 6280//6280
f 6280//6280 6287//6287 6288//6288
f 6280//6280 6288//6288 6281//6281
f 6281//6281 6288//6288 6289//6289
f 6281//6281 6289//6289 6282//6282
f 6282//6282 6289//6289 6290//6290
f 6282//6282 6290//6290 6283//6283
f 6283//6283 6290//6290 6291//6291
f 6283//6283 6291//6291 6284//6284
f 6284//6284 6291//6291 6292//6292
f 6284//6284 6292//6292 6244//6244
f 6285//6285 6235//6235 6293//6293
f 6285//6285 6293//6293 6286//6286
f 6286//6286 6293//6293 6294//6294
f 6286//6286 6294//6294 6287//6287
f 6287//6287 6294//6294 6295//6295
f 6287//6287 6295//6295 6288//6288
f 6288//6288 6295//6295 6296//6296
f 6288//6288 6296//6296 6289//6289
f 6289//6289 6296//6296 6297//6297
f 6289//6289 6297//6297 6290//6290
f 6290//6290 6297//6297 6298//6298
f 6290//6290 6298//6298 6291//6291
f 6291//6291 6298//6298 6299//6299
f 6291//6291 6299//6299 6292//6292
f 6292//6292 6299//6299 6300//6300
f 6292//6292 6300//6300 6244//6244
f 6293//6293 6235//6235 6301//6301
f 6293//6293 6301//6301 6294//6294
f 6294//6294 6301//6301 6302//6302
f 6294//6294 6302//6302 6295//6295
f 6295//6295 6302//6302 6303//6303
f 6295//6295 6303//6303 6296//6296
f 6296//6296 6303//6303 6304//6304
f 6296//6296 6304//6304 6297//6297
f 6297//6297 6304//6304 6305//6305
f 6297//6297 6305//6305 6298//6298
f 6298//6298 6305//6305 6306//6306
f 6298//6298 6306//6306 6299//6299
f 6299//6299 6306//6306 6307//6307
f 6299//6299 6307//6307 6300//6300
f 6300//6300 6307//6307 6308//6308
f 6300//6300 6308//6308 6244//6244
f 6301//6301 6235//6235 6309//6309
f 6301//6301 6309//6309 6302//6302
f 6302//6302 6309//6309 6310//6310
f 6302//6302 6310//6310 6303//6303
f 6303//6303 6310//6310 6311//6311
f 6303//6303 6311//6311 6304//6304
f 6304//6304 6311//6311 6312//6312
f 6304//6304 6312//6312 6305//6305
f 6305//6305 6312//6312 6313//6313
f 6305//6305 6313//6313 6306//6306
f 6306//6306 6313//6313 6314//6314
f 6306//6306 6314//6314 6307//6307
f 6307//6307 6314//6314 6315//6315
f 6307//6307 6315//6315 6308//6308
f 6308//6308 6315//6315 6316//6316
f 6308//6308 6316//6316 6244//6244
f 6309//6309 6235//6235 6236//6236
f 6309//6309 6236//6236 6310//6310
f 6310//6310 6236//6236 6237//6237
f 6310//6310 6237//6237 6311//6311
f 6311//6311 6237//6237 6238//6238
f 6311//6311 6238//6238 6312//6312
f 6312//6312 6238//6238 6239//6239
f 6312//6312 6239//6239 6313//6313
f 6313//6313 6239//6239 6240//6240
f 6313//6313 6240//6240 6314//6314
f 6314//6314 6240//6240 6241//6241
f 6314//6314 6241//6241 6315//6315
f 6315//6315 6241//6241 6242//6242
f 6315//6315 6242//6242 6316//6316
f 6316//6316 6242//6242 6243//6243
f 6316//6316 6243//6243 6244//6244
f 6317//6317 6454//6454 6370//6370
f 6454//6454 6354//6354 6456//6456
f 6370//6370 6456//6456 6333//6333
f 6454//6454 6456//6456 6370//6370
f 6354//6354 6455//6455 6471//6471
f 6455//6455 6328//6328 6468//6468
f 6471//6471 6468//6468 6357//6357
f 6455//6455 6468//6468 6471//6471
f 6333//6333 6469//6469 6371//6371
f 6469//6469 6357//6357 6467//6467
f 6371//6371 6467//6467 6322//6322
f 6469//6469 6467//6467 6371//6371
f 6354//6354 6471//6471 6456//6456
f 6471//6471 6357//6357 6469//6469
f 6456//6456 6469//6469 6333//6333
f 6471//6471 6469//6469 6456//6456
f 6317//6317 6370//6370 6359//6359
f 6370//6370 6333//6333 6372//6372
f 6359//6359 6372//6372 6329//6329
f 6370//6370 6372//6372 6359//6359
f 6333//6333 6371//6371 6376//6376
f 6371//6371 6322//6322 6374//6374
f 6376//6376 6374//6374 6334//6334
f 6371//6371 6374//6374 6376//6376
f 6329//6329 6375//6375 6360//6360
f 6375//6375 6334//6334 6373//6373
f 6360//6360 6373//6373 6318//6318
f 6375//6375 6373//6373 6360//6360
f 6333//6333 6376//6376 6372//6372
f 6376//6376 6334//6334 6375//6375
f 6372//6372 6375//6375 6329//6329
f 6376//6376 6375//6375 6372//6372
f 6317//6317 6359//6359 6386//6386
f 6359//6359 6329//6329 6388//6388
f 6386//6386 6388//6388 6338//6338
f 6359//6359 6388//6388 6386//6386
f 6329//6329 6360//6360 6391//6391
f 6360//6360 6318//6318 6389//6389
f 6391//6391 6389//6389 6339//6339
f 6360//6360 6389//6389 6391//6391
f 6338//6338 6392//6392 6387//6387
f 6392//6392 6339//6339 6390//6390
f 6387//6387 6390//6390 6324//6324
f 6392//6392 6390//6390 6387//6387
f 6329//6329 6391//6391 6388//6388
f 6391//6391 6339//6339 6392//6392
f 6388//6388 6392//6392 6338//6338
f 6391//6391 6392//6392 6388//6388
f 6317//6317 6386//6386 6437//6437
f 6386//6386 6338//6338 6439//6439
f 6437//6437 6439//6439 6350//6350
f 6386//6386 6439//6439 6437//6437
f 6338//6338 6387//6387 6450//6450
f 6387//6387 6324//6324 6448//6448
f 6450//6450 6448//6448 6353//6353
f 6387//6387 6448//6448 6450//6450
f 6350//6350 6452//6452 6438//6438
f 6452//6452 6353//6353 6449//6449
f 6438//6438 6449//6449 6327//6327
f 6452//6452 6449//6449 6438//6438
f 6338//6338 6450//6450 6439//6439
f 6450//6450 6353//6353 6452//6452
f 6439//6439 6452//6452 6350//6350
f 6450//6450 6452//6452 6439//6439
f 6317//6317 6437//6437 6454//6454
f 6437//6437 6350//6350 6457//6457
f 6454//6454 6457//6457 6354//6354
f 6437//6437 6457//6457 6454//6454
f 6350//6350 6438//6438 6475//6475
f 6438//6438 6327//6327 6473//6473
f 6475//6475 6473//6473 6358//6358
f 6438//6438 6473//6473 6475//6475
f 6354//6354 6477//6477 6455//6455
f 6477//6477 6358//6358 6474//6474
f 6455//6455 6474//6474 6328//6328
f 6477//6477 6474//6474 6455//6455
f 6350//6350 6475//6475 6457//6457
f 6475//6475 6358//6358 6477//6477
f 6457//6457 6477//6477 6354//6354
f 6475//6475 6477//6477 6457//6457
f 6318//6318 6373//6373 6412//6412
f 6373//6373 6334//6334 6414//6414
f 6412//6412 6414//6414 6345//6345
f 6373//6373 6414//6414 6412//6412
f 6334//6334 6374//6374 6427//6427
f 6374//6374 6322//6322 6425//6425
f 6427//6427 6425//6425 6348//6348
f 6374//6374 6425//6425 6427//6427
f 6345//6345 6429//6429 6413//6413
f 6429//6429 6348//6348 6426//6426
f 6413//6413 6426//6426 6326//6326
f 6429//6429 6426//6426 6413//6413
f 6334//6334 6427//6427 6414//6414
f 6427//6427 6348//6348 6429//6429
f 6414//6414 6429//6429 6345//6345
f 6427//6427 6429//6429 6414//6414
f 6322//6322 6467//6467 6378//6378
f 6467//6467 6357//6357 6470//6470
f 6378//6378 6470//6470 6335//6335
f 6467//6467 6470//6470 6378//6378
f 6357//6357 6468//6468 6472//6472
f 6468//6468 6328//6328 6463//6463
f 6472//6472 6463//6463 6356//6356
f 6468//6468 6463//6463 6472//6472
f 6335//6335 6465//6465 6377//6377
f 6465//6465 6356//6356 6462//6462
f 6377//6377 6462//6462 6321//6321
f 6465//6465 6462//6462 6377//6377
f 6357//6357 6472//6472 6470//6470
f 6472//6472 6356//6356 6465//6465
f 6470//6470 6465//6465 6335//6335
f 6472//6472 6465//6465 6470//6470
f 6328//6328 6474//6474 6459//6459
f 6474//6474 6358//6358 6478//6478
f 6459//6459 6478//6478 6355//6355
f 6474//6474 6478//6478 6459//6459
f 6358//6358 6473//6473 6476//6476
f 6473//6473 6327//6327 6441//6441
f 6476//6476 6441//6441 6351//6351
f 6473//6473 6441//6441 6476//6476
f 6355//6355 6461//6461 6458//6458
f 6461//6461 6351//6351 6440//6440
f 6458//6458 6440//6440 6319//6319
f 6461//6461 6440//6440 6458//6458
f 6358//6358 6476//6476 6478//6478
f 6476//6476 6351//6351 6461//6461
f 6478//6478 6461//6461 6355//6355
f 6476//6476 6461//6461 6478//6478
f 6327//6327 6449//6449 6444//6444
f 6449//6449 6353//6353 6453//6453
f 6444//6444 6453//6453 6352//6352
f 6449//6449 6453//6453 6444//6444
f 6353//6353 6448//6448 6451//6451
f 6448//6448 6324//6324 6394//6394
f 6451//6451 6394//6394 6340//6340
f 6448//6448 6394//6394 6451//6451
f 6352//6352 6446//6446 6443//6443
f 6446//6446 6340//6340 6393//6393
f 6443//6443 6393//6393 6323//6323
f 6446//6446 6393//6393 6443//6443
f 6353//6353 6451//6451 6453//6453
f 6451//6451 6340//6340 6446//6446
f 6453//6453 6446//6446 6352//6352
f 6451//6451 6446//6446 6453//6453
f 6324//6324 6390//6390 6406//6406
f 6390//6390 6339//6339 6408//6408
f 6406//6406 6408//6408 6344//6344
f 6390//6390 6408//6408 6406//6406
f 6339//6339 6389//6389 6397//6397
f 6389//6389 6318//6318 6395//6395
f 6397//6397 6395//6395 6341//6341
f 6389//6389 6395//6395 6397//6397
f 6344//6344 6410//6410 6407//6407
f 6410//6410 6341//6341 6396//6396
f 6407//6407 6396//6396 6325//6325
f 6410//6410 6396//6396 6407//6407
f 6339//6339 6397//6397 6408//6408
f 6397//6397 6341//6341 6410//6410
f 6408//6408 6410//6410 6344//6344
f 6397//6397 6410//6410 6408//6408
f 6320//6320 6416//6416 6366//6366
f 6416//6416 6346//6346 6418//6418
f 6366//6366 6418//6418 6332//6332
f 6416//6416 6418//6418 6366//6366
f 6346//6346 6417//6417 6424//6424
f 6417//6417 6326//6326 6421//6421
f 6424//6424 6421//6421 6347//6347
f 6417//6417 6421//6421 6424//6424
f 6332//6332 6422//6422 6367//6367
f 6422//6422 6347//6347 6420//6420
f 6367//6367 6420//6420 6321//6321
f 6422//6422 6420//6420 6367//6367
f 6346//6346 6424//6424 6418//6418
f 6424//6424 6347//6347 6422//6422
f 6418//6418 6422//6422 6332//6332
f 6424//6424 6422//6422 6418//6418
f 6320//6320 6366//6366 6362//6362
f 6366//6366 6332//6332 6368//6368
f 6362//6362 6368//6368 6330//6330
f 6366//6366 6368//6368 6362//6362
f 6332//6332 6367//6367 6369//6369
f 6367//6367 6321//6321 6364//6364
f 6369//6369 6364//6364 6331//6331
f 6367//6367 6364//6364 6369//6369
f 6330//6330 6365//6365 6361//6361
f 6365//6365 6331//6331 6363//6363
f 6361//6361 6363//6363 6319//6319
f 6365//6365 6363//6363 6361//6361
f 6332//6332 6369//6369 6368//6368
f 6369//6369 6331//6331 6365//6365
f 6368//6368 6365//6365 6330//6330
f 6369//6369 6365//6365 6368//6368
f 6320//6320 6362//6362 6382//6382
f 6362//6362 6330//6330 6384//6384
f 6382//6382 6384//6384 6337//6337
f 6362//6362 6384//6384 6382//6382
f 6330//6330 6361//6361 6381//6381
f 6361//6361 6319//6319 6379//6379
f 6381//6381 6379//6379 6336//6336
f 6361//6361 6379//6379 6381//6381
f 6337//6337 6385//6385 6383//6383
f 6385//6385 6336//6336 6380//6380
f 6383//6383 6380//6380 6323//6323
f 6385//6385 6380//6380 6383//6383
f 6330//6330 6381//6381 6384//6384
f 6381//6381 6336//6336 6385//6385
f 6384//6384 6385//6385 6337//6337
f 6381//6381 6385//6385 6384//6384
f 6320//6320 6382//6382 6398//6398
f 6382//6382 6337//6337 6400//6400
f 6398//6398 6400//6400 6342//6342
f 6382//6382 6400//6400 6398//6398
f 6337//6337 6383//6383 6403//6403
f 6383//6383 6323//6323 6401//6401
f 6403//6403 6401//6401 6343//6343
f 6383//6383 6401//6401 6403//6403
f 6342//6342 6405//6405 6399//6399
f 6405//6405 6343//6343 6402//6402
f 6399//6399 6402//6402 6325//6325
f 6405//6405 6402//6402 6399//6399
f 6337//6337 6403//6403 6400//6400
f 6403//6403 6343//6343 6405//6405
f 6400//6400 6405//6405 6342//6342
f 6403//6403 6405//6405 6400//6400
f 6320//6320 6398//6398 6416//6416
f 6398//6398 6342//6342 6419//6419
f 6416//6416 6419//6419 6346//6346
f 6398//6398 6419//6419 6416//6416
f 6342//6342 6399//6399 6434//6434
f 6399//6399 6325//6325 6431//6431
f 6434//6434 6431//6431 6349//6349
f 6399//6399 6431//6431 6434//6434
f 6346//6346 6436//6436 6417//6417
f 6436//6436 6349//6349 6432//6432
f 6417//6417 6432//6432 6326//6326
f 6436//6436 6432//6432 6417//6417
f 6342//6342 6434//6434 6419//6419
f 6434//6434 6349//6349 6436//6436
f 6419//6419 6436//6436 6346//6346
f 6434//6434 6436//6436 6419//6419
f 6321//6321 6420//6420 6377//6377
f 6420//6420 6347//6347 6423//6423
f 6377//6377 6423//6423 6335//6335
f 6420//6420 6423//6423 6377//6377
f 6347//6347 6421//6421 6430//6430
f 6421//6421 6326//6326 6426//6426
f 6430//6430 6426//6426 6348//6348
f 6421//6421 6426//6426 6430//6430
f 6335//6335 6428//6428 6378//6378
f 6428//6428 6348//6348 6425//6425
f 6378//6378 6425//6425 6322//6322
f 6428//6428 6425//6425 6378//6378
f 6347//6347 6430//6430 6423//6423
f 6430//6430 6348//6348 6428//6428
f 6423//6423 6428//6428 6335//6335
f 6430//6430 6428//6428 6423//6423
f 6319//6319 6363//6363 6458//6458
f 6363//6363 6331//6331 6460//6460
f 6458//6458 6460//6460 6355//6355
f 6363//6363 6460//6460 6458//6458
f 6331//6331 6364//6364 6464//6464
f 6364//6364 6321//6321 6462//6462
f 6464//6464 6462//6462 6356//6356
f 6364//6364 6462//6462 6464//6464
f 6355//6355 6466//6466 6459//6459
f 6466//6466 6356//6356 6463//6463
f 6459//6459 6463//6463 6328//6328
f 6466//6466 6463//6463 6459//6459
f 6331//6331 6464//6464 6460//6460
f 6464//6464 6356//6356 6466//6466
f 6460//6460 6466//6466 6355//6355
f 6464//6464 6466//6466 6460//6460
f 6323//6323 6380//6380 6443//6443
f 6380//6380 6336//6336 6445//6445
f 6443//6443 6445//6445 6352//6352
f 6380//6380 6445//6445 6443//6443
f 6336//6336 6379//6379 6442//6442
f 6379//6379 6319//6319 6440//6440
f 6442//6442 6440//6440 6351//6351
f 6379//6379 6440//6440 6442//6442
f 6352//6352 6447//6447 6444//6444
f 6447//6447 6351//6351 6441//6441
f 6444//6444 6441//6441 6327//6327
f 6447//6447 6441//6441 6444//6444
f 6336//6336 6442//6442 6445//6445
f 6442//6442 6351//6351 6447//6447
f 6445//6445 6447//6447 6352//6352
f 6442//6442 6447//6447 6445//6445
f 6325//6325 6402//6402 6407//6407
f 6402//6402 6343//6343 6411//6411
f 6407//6407 6411//6411 6344//6344
f 6402//6402 6411//6411 6407//6407
f 6343//6343 6401//6401 6404//6404
f 6401//6401 6323//6323 6393//6393
f 6404//6404 6393//6393 6340//6340
f 6401//6401 6393//6393 6404//6404
f 6344//6344 6409//6409 6406//6406
f 6409//6409 6340//6340 6394//6394
f 6406//6406 6394//6394 6324//6324
f 6409//6409 6394//6394 6406//6406
f 6343//6343 6404//6404 6411//6411
f 6404//6404 6340//6340 6409//6409
f 6411//6411 6409//6409 6344//6344
f 6404//6404 6409//6409 6411//6411
f 6326//6326 6432//6432 6413//6413
f 6432//6432 6349//6349 6435//6435
f 6413//6413 6435//6435 6345//6345
f 6432//6432 6435//6435 6413//6413
f 6349//6349 6431//6431 6433//6433
f 6431//6431 6325//6325 6396//6396
f 6433//6433 6396//6396 6341//6341
f 6431//6431 6396//6396 6433//6433
f 6345//6345 6415//6415 6412//6412
f 6415//6415 6341//6341 6395//6395
f 6412//6412 6395//6395 6318//6318
f 6415//6415 6395//6395 6412//6412
f 6349//6349 6433//6433 6435//6435
f 6433//6433 6341//6341 6415//6415
f 6435//6435 6415//6415 6345//6345
f 6433//6433 6415//6415 6435//6435
f 6480//6480 6479//6479 6489//6489
f 6480//6480 6489//6489 6481//6481
f 6481//6481 6489//6489 6490//6490
f 6481//6481 6490//6490 6482//6482
f 6482//6482 6490//6490 6491//6491
f 6482//6482 6491//6491 6483//6483
f 6483//6483 6491//6491 6492//6492
f 6483//6483 6492//6492 6484//6484
f 6484//6484 6492//6492 6493//6493
f 6484//6484 6493//6493 6485//6485
f 6485//6485 6493//6493 6494//6494
f 6485//6485 6494//6494 6486//6486
f 6486//6486 6494//6494 6495//6495
f 6486//6486 6495//6495 6487//6487
f 6487//6487 6495//6495 6496//6496
f 6487//6487 6496//6496 6488//6488
f 6489//6489 6479//6479 6497//6497
f 6489//6489 6497//6497 6490//6490
f 6490//6490 6497//6497 6498//6498
f 6490//6490 6498//6498 6491//6491
f 6491//6491 6498//6498 6499//6499
f 6491//6491 6499//6499 6492//6492
f 6492//6492 6499//6499 6500//6500
f 6492//6492 6500//6500 6493//6493
f 6493//6493 6500//6500 6501//6501
f 6493//6493 6501//6501 6494//6494
f 6494//6494 6501//6501 6502//6502
f 6494//6494 6502//6502 6495//6495
f 6495//6495 6502//6502 6503//6503
f 6495//6495 6503//6503 6496//6496
f 6496//6496 6503//6503 6504//6504
f 6496//6496 6504//6504 6488//6488
f 6497//6497 6479//6479 6505//6505
f 6497//6497 6505//6505 6498//6498
f 6498//6498 6505//6505 6506//6506
f 6498//6498 6506//6506 6499//6499
f 6499//6499 6506//6506 6507//6507
f 6499//6499 6507//6507 6500//6500
f 6500//6500 6507//6507 6508//6508
f 6500//6500 6508//6508 6501//6501
f 6501//6501 6508//6508 6509//6509
f 6501//6501 6509//6509 6502//6502
f 6502//6502 6509//6509 6510//6510
f 6502//6502 6510//6510 6503//6503
f 6503//6503 6510//6510 6511//6511
f 6503//6503 6511//6511 6504//6504
f 6504//6504 6511//6511 6512//6512
f 6504//6504 6512//6512 6488//6488
f 6505//6505 6479//6479 6513//6513
f 6505//6505 6513//6513 6506//6506
f 6506//6506 6513//6513 6514//6514
f 6506//6506 6514//6514 6507//6507
f 6507//6507 6514//6514 6515//6515
f 6507//6507 6515//6515 6508//6508
f 6508//6508 6515//6515 6516//6516
f 6508//6508 6516//6516 6509//6509
f 6509//6509 6516//6516 6517//6517
f 6509//6509 6517//6517 6510//6510
f 6510//6510 6517//6517 6518//6518
f 6510//6510 6518//6518 6511//6511
f 6511//6511 6518//6518 6519//6519
f 6511//6511 6519//6519 6512//6512
f 6512//6512 6519//6519 6520//6520
f 6512//6512 6520//6520 6488//6488
f 6513//6513 6479//6479 6521//6521
f 6513//6513 6521//6521 6514//6514
f 6514//6514 6521//6521 6522//6522
f 6514//6514 6522//6522 6515//6515
f 6515//6515 6522//6522 6523//6523
f 6515//6515 6523//6523 6516//6516
f 6516//6516 6523//6523 6524//6524
f 6516//6516 6524//6524 6517//6517
f 6517//6517 6524//6524 6525//6525
f 6517//6517 6525//6525 6518//6518
f 6518//6518 6525//6525 6526//6526
f 6518//6518 6526//6526 6519//6519
f 6519//6519 6526//6526 6527//6527
f 6519//6519 6527//6527 6520//6520
f 6520//6520 6527//6527 6528//6528
f 6520//6520 6528//6528 6488//6488
f 6521//6521 6479//6479 6529//6529
f 6521//6521 6529//6529 6522//6522
f 6522//6522 6529//6529 6530//6530
f 6522//6522 6530//6530 6523//6523
f 6523//6523 6530//6530 6531//6531
f 6523//6523 6531//6531 6524//6524
f 6524//6524 6531//6531 6532//6532
f 6524//6524 6532//6532 6525//6525
f 6525//6525 6532//6532 6533//6533
f 6525//6525 6533//6533 6526//6526
f 6526//6526 6533//6533 6534//6534
f 6526//6526 6534//6534 6527//6527
f 6527//6527 6534//6534 6535//6535
f 6527//6527 6535//6535 6528//6528
f 6528//6528 6535//6535 6536//6536
f 6528//6528 6536//6536 6488//6488
f 6529//6529 6479//6479 6537//6537
f 6529//6529 6537//6537 6530//6530
f 6530//6530 6537//6537 6538//6538
f 6530//6530 6538//6538 6531//6531
f 6531//6531 6538//6538 6539//6539
f 6531//6531 6539//6539 6532//6532
f 6532//6532 6539//6539 6540//6540
f 6532//6532 6540//6540 6533//6533
f 6533//6533 6540//6540 6541//6541
f 6533//6533 6541//6541 6534//6534
f 6534//6534 6541//6541 6542//6542
f 6534//6534 6542//6542 6535//6535
f 6535//6535 6542//6542 6543//6543
f 6535//6535 6543//6543 6536//6536
f 6536//6536 6543//6543 6544//6544
f 6536//6536 6544//6544 6488//6488
f 6537//6537 6479//6479 6545//6545
f 6537//6537 6545//6545 6538//6538
f 6538//6538 6545//6545 6546//6546
f 6538//6538 6546//6546 6539//6539
f 6539//6539 6546//6546 6547//6547
f 6539//6539 6547//6547 6540//6540
f 6540//6540 6547//6547 6548//6548
f 6540//6540 6548//6548 6541//6541
f 6541//6541 6548//6548 6549//6549
f 6541//6541 6549//6549 6542//6542
f 6542//6542 6549//6549 6550//6550
f 6542//6542 6550//6550 6543//6543
f 6543//6543 6550//6550 6551//6551
f 6543//6543 6551//6551 6544//6544
f 6544//6544 6551//6551 6552//6552
f 6544//6544 6552//6552 6488//6488
f 6545//6545 6479//6479 6553//6553
f 6545//6545 6553//6553 6546//6546
f 6546//6546 6553//6553 6554//6554
f 6546//6546 6554//6554 6547//6547
f 6547//6547 6554//6554 6555//6555
f 6547//6547 6555//6555 6548//6548
f 6548//6548 6555//6555 6556//6556
f 6548//6548 6556//6556 6549//6549
f 6549//6549 6556//6556 6557//6557
f 6549//6549 6557//6557 6550//6550
f 6550//6550 6557//6557 6558//6558
f 6550//6550 6558//6558 6551//6551
f 6551//6551 6558//6558 6559//6559
f 6551//6551 6559//6559 6552//6552
f 6552//6552 6559//6559 6560//6560
f 6552//6552 6560//6560 6488//6488
f 6553//6553 6479//6479 6480//6480
f 6553//6553 6480//6480 6554//6554
f 6554//6554 6480//6480 6481//6481
f 6554//6554 6481//6481 6555//6555
f 6555//6555 6481//6481 6482//6482
f 6555//6555 6482//6482 6556//6556
f 6556//6556 6482//6482 6483//6483
f 6556//6556 6483//6483 6557//6557
f 6557//6557 6483//6483 6484//6484
f 6557//6557 6484//6484 6558//6558
f 6558//6558 6484//6484 6485//6485
f 6558//6558 6485//6485 6559//6559
f 6559//6559 6485//6485 6486//6486
f 6559//6559 6486//6486 6560//6560
f 6560//6560 6486//6486 6487//6487
f 6560//6560 6487//6487 6488//6488
f 6561//6561 6698//6698 6614//6614
f 6698//6698 6598//6598 6700//6700
f 6614//6614 6700//6700 6577//6577
f 6698//6698 6700//6700 6614//6614
f 6598//6598 6699//6699 6715//6715
f 6699//6699 6572//6572 6712//6712
f 6715//6715 6712//6712 6601//6601
f 6699//6699 6712//6712 6715//6715
f 6577//6577 6713//6713 6615//6615
f 6713//6713 6601//6601 6711//6711
f 6615//6615 6711//6711 6566//6566
f 6713//6713 6711//6711 6615//6615
f 6598//6598 6715//6715 6700//6700
f 6715//6715 6601//6601 6713//6713
f 6700//6700 6713//6713 6577//6577
f 6715//6715 6713//6713 6700//6700
f 6561//6561 6614//6614 6603//6603
f 6614//6614 6577//6577 6616//6616
f 6603//6603 6616//6616 6573//6573
f 6614//6614 6616//6616 6603//6603
f 6577//6577 6615//6615 6620//6620
f 6615//6615 6566//6566 6618//6618
f 6620//6620 6618//6618 6578//6578
f 6615//6615 6618//6618 6620//6620
f 6573//6573 6619//6619 6604//6604
f 6619//6619 6578//6578 6617//6617
f 6604//6604 6617//6617 6562//6562
f 6619//6619 6617//6617 6604//6604
f 6577//6577 6620//6620 6616//6616
f 6620//6620 6578//6578 6619//6619
f 6616//6616 6619//6619 6573//6573
f 6620//6620 6619//6619 6616//6616
f 6561//6561 6603//6603 6630//6630
f 6603//6603 6573//6573 6632//6632
f 6630//6630 6632//6632 6582//6582
f 6603//6603 6632//6632 6630//6630
f 6573//6573 6604//6604 6635//6635
f 6604//6604 6562//6562 6633//6633
f 6635//6635 6633//6633 6583//6583
f 6604//6604 6633//6633 6635//6635
f 6582//6582 6636//6636 6631//6631
f 6636//6636 6583//6583 6634//6634
f 6631//6631 6634//6634 6568//6568
f 6636//6636 6634//6634 6631//6631
f 6573//6573 6635//6635 6632//6632
f 6635//6635 6583//6583 6636//6636
f 6632//6632 6636//6636 6582//6582
f 6635//6635 6636//6636 6632//6632
f 6561//6561 6630//6630 6681//6681
f 6630//6630 6582//6582 6683//6683
f 6681//6681 6683//6683 6594//6594
f 6630//6630 6683//6683 6681//6681
f 6582//6582 6631//6631 6694//6694
f 6631//6631 6568//6568 6692//6692
f 6694//6694 6692//6692 6597//6597
f 6631//6631 6692//6692 6694//6694
f 6594//6594 6696//6696 6682//6682
f 6696//6696 6597//6597 6693//6693
f 6682//6682 6693//6693 6571//6571
f 6696//6696 6693//6693 6682//6682
f 6582//6582 6694//6694 6683//6683
f 6694//6694 6597//6597 6696//6696
f 6683//6683 6696//6696 6594//6594
f 6694//6694 6696//6696 6683//6683
f 6561//6561 6681//6681 6698//6698
f 6681//6681 6594//6594 6701//6701
f 6698//6698 6701//6701 6598//6598
f 6681//6681 6701//6701 6698//6698
f 6594//6594 6682//6682 6719//6719
f 6682//6682 6571//6571 6717//6717
f 6719//6719 6717//6717 6602//6602
f 6682//6682 6717//6717 6719//6719
f 6598//6598 6721//6721 6699//6699
f 6721//6721 6602//6602 6718//6718
f 6699//6699 6718//6718 6572//6572
f 6721//6721 6718//6718 6699//6699
f 6594//6594 6719//6719 6701//6701
f 6719//6719 6602//6602 6721//6721
f 6701//6701 6721//6721 6598//6598
f 6719//6719 6721//6721 6701//6701
f 6562//6562 6617//6617 6656//6656
f 6617//6617 6578//6578 6658//6658
f 6656//6656 6658//6658 6589//6589
f 6617//6617 6658//6658 6656//6656
f 6578//6578 6618//6618 6671//6671
f 6618//6618 6566//6566 6669//6669
f 6671//6671 6669//6669 6592//6592
f 6618//6618 6669//6669 6671//6671
f 6589//6589 6673//6673 6657//6657
f 6673//6673 6592//6592 6670//6670
f 6657//6657 6670//6670 6570//6570
f 6673//6673 6670//6670 6657//6657
f 6578//6578 6671//6671 6658//6658
f 6671//6671 6592//6592 6673//6673
f 6658//6658 6673//6673 6589//6589
f 6671//6671 6673//6673 6658//6658
f 6566//6566 6711//6711 6622//6622
f 6711//6711 6601//6601 6714//6714
f 6622//6622 6714//6714 6579//6579
f 6711//6711 6714//6714 6622//6622
f 6601//6601 6712//6712 6716//6716
f 6712//6712 6572//6572 6707//6707
f 6716//6716 6707//6707 6600//6600
f 6712//6712 6707//6707 6716//6716
f 6579//6579 6709//6709 6621//6621
f 6709//6709 6600//6600 6706//6706
f 6621//6621 6706//6706 6565//6565
f 6709//6709 6706//6706 6621//6621
f 6601//6601 6716//6716 6714//6714
f 6716//6716 6600//6600 6709//6709
f 6714//6714 6709//6709 6579//6579
f 6716//6716 6709//6709 6714//6714
f 6572//6572 6718//6718 6703//6703
f 6718//6718 6602//6602 6722//6722
f 6703//6703 6722//6722 6599//6599
f 6718//6718 6722//6722 6703//6703
f 6602//6602 6717//6717 6720//6720
f 6717//6717 6571//6571 6685//6685
f 6720//6720 6685//6685 6595//6595
f 6717//6717 6685//6685 6720//6720
f 6599//6599 6705//6705 6702//6702
f 6705//6705 6595//6595 6684//6684
f 6702//6702 6684//6684 6563//6563
f 6705//6705 6684//6684 6702//6702
f 6602//6602 6720//6720 6722//6722
f 6720//6720 6595//6595 6705//6705
f 6722//6722 6705//6705 6599//6599
f 6720//6720 6705//6705 6722//6722
f 6571//6571 6693//6693 6688//6688
f 6693//6693 6597//6597 6697//6697
f 6688//6688 6697//6697 6596//6596
f 6693//6693 6697//6697 6688//6688
f 6597//6597 6692//6692 6695//6695
f 6692//6692 6568//6568 6638//6638
f 6695//6695 6638//6638 6584//6584
f 6692//6692 6638//6638 6695//6695
f 6596//6596 6690//6690 6687//6687
f 6690//6690 6584//6584 6637//6637
f 6687//6687 6637//6637 6567//6567
f 6690//6690 6637//6637 6687//6687
f 6597//6597 6695//6695 6697//6697
f 6695//6695 6584//6584 6690//6690
f 6697//6697 6690//6690 6596//6596
f 6695//6695 6690//6690 6697//6697
f 6568//6568 6634//6634 6650//6650
f 6634//6634 6583//6583 6652//6652
f 6650//6650 6652//6652 6588//6588
f 6634//6634 6652//6652 6650//6650
f 6583//6583 6633//6633 6641//6641
f 6633//6633 6562//6562 6639//6639
f 6641//6641 6639//6639 6585//6585
f 6633//6633 6639//6639 6641//6641
f 6588//6588 6654//6654 6651//6651
f 6654//6654 6585//6585 6640//6640
f 6651//6651 6640//6640 6569//6569
f 6654//6654 6640//6640 6651//6651
f 6583//6583 6641//6641 6652//6652
f 6641//6641 6585//6585 6654//6654
f 6652//6652 6654//6654 6588//6588
f 6641//6641 6654//6654 6652//6652
f 6564//6564 6660//6660 6610//6610
f 6660//6660 6590//6590 6662//6662
f 6610//6610 6662//6662 6576//6576
f 6660//6660 6662//6662 6610//6610
f 6590//6590 6661//6661 6668//6668
f 6661//6661 6570//6570 6665//6665
f 6668//6668 6665//6665 6591//6591
f 6661//6661 6665//6665 6668//6668
f 6576//6576 6666//6666 6611//6611
f 6666//6666 6591//6591 6664//6664
f 6611//6611 6664//6664 6565//6565
f 6666//6666 6664//6664 6611//6611
f 6590//6590 6668//6668 6662//6662
f 6668//6668 6591//6591 6666//6666
f 6662//6662 6666//6666 6576//6576
f 6668//6668 6666//6666 6662//6662
f 6564//6564 6610//6610 6606//6606
f 6610//6610 6576//6576 6612//6612
f 6606//6606 6612//6612 6574//6574
f 6610//6610 6612//6612 6606//6606
f 6576//6576 6611//6611 6613//6613
f 6611//6611 6565//6565 6608//6608
f 6613//6613 6608//6608 6575//6575
f 6611//6611 6608//6608 6613//6613
f 6574//6574 6609//6609 6605//6605
f 6609//6609 6575//6575 6607//6607
f 6605//6605 6607//6607 6563//6563
f 6609//6609 6607//6607 6605//6605
f 6576//6576 6613//6613 6612//6612
f 6613//6613 6575//6575 6609//6609
f 6612//6612 6609//6609 6574//6574
f 6613//6613 6609//6609 6612//6612
f 6564//6564 6606//6606 6626//6626
f 6606//6606 6574//6574 6628//6628
f 6626//6626 6628//6628 6581//6581
f 6606//6606 6628//6628 6626//6626
f 6574//6574 6605//6605 6625//6625
f 6605//6605 6563//6563 6623//6623
f 6625//6625 6623//6623 6580//6580
f 6605//6605 6623//6623 6625//6625
f 6581//6581 6629//6629 6627//6627
f 6629//6629 6580//6580 6624//6624
f 6627//6627 6624//6624 6567//6567
f 6629//6629 6624//6624 6627//6627
f 6574//6574 6625//6625 6628//6628
f 6625//6625 6580//6580 6629//6629
f 6628//6628 6629//6629 6581//6581
f 6625//6625 6629//6629 6628//6628
f 6564//6564 6626//6626 6642//6642
f 6626//6626 6581//6581 6644//6644
f 6642//6642 6644//6644 6586//6586
f 6626//6626 6644//6644 6642//6642
f 6581//6581 6627//6627 6647//6647
f 6627//6627 6567//6567 6645//6645
f 6647//6647 6645//6645 6587//6587
f 6627//6627 6645//6645 6647//6647
f 6586//6586 6649//6649 6643//6643
f 6649//6649 6587//6587 6646//6646
f 6643//6643 6646//6646 6569//6569
f 6649//6649 6646//6646 6643//6643
f 6581//6581 6647//6647 6644//6644
f 6647//6647 6587//6587 6649//6649
f 6644//6644 6649//6649 6586//6586
f 6647//6647 6649//6649 6644//6644
f 6564//6564 6642//6642 6660//6660
f 6642//6642 6586//6586 6663//6663
f 6660//6660 6663//6663 6590//6590
f 6642//6642 6663//6663 6660//6660
f 6586//6586 6643//6643 6678//6678
f 6643//6643 6569//6569 6675//6675
f 6678//6678 6675//6675 6593//6593
f 6643//6643 6675//6675 6678//6678
f 6590//6590 6680//6680 6661//6661
f 6680//6680 6593//6593 6676//6676
f 6661//6661 6676//6676 6570//6570
f 6680//6680 6676//6676 6661//6661
f 6586//6586 6678//6678 6663//6663
f 6678//6678 6593//6593 6680//6680
f 6663//6663 6680//6680 6590//6590
f 6678//6678 6680//6680 6663//6663
f 6565//6565 6664//6664 6621//6621
f 6664//6664 6591//6591 6667//6667
f 6621//6621 6667//6667 6579//6579
f 6664//6664 6667//6667 6621//6621
f 6591//6591 6665//6665 6674//6674
f 6665//6665 6570//6570 6670//6670
f 6674//6674 6670//6670 6592//6592
f 6665//6665 6670//6670 6674//6674
f 6579//6579 6672//6672 6622//6622
f 6672//6672 6592//6592 6669//6669
f 6622//6622 6669//6669 6566//6566
f 6672//6672 6669//6669 6622//6622
f 6591//6591 6674//6674 6667//6667
f 6674//6674 6592//6592 6672//6672
f 6667//6667 6672//6672 6579//6579
f 6674//6674 6672//6672 6667//6667
f 6563//6563 6607//6607 6702//6702
f 6607//6607 6575//6575 6704//6704
f 6702//6702 6704//6704 6599//6599
f 6607//6607 6704//6704 6702//6702
f 6575//6575 6608//6608 6708//6708
f 6608//6608 6565//6565 6706//6706
f 6708//6708 6706//6706 6600//6600
f 6608//6608 6706//6706 6708//6708
f 6599//6599 6710//6710 6703//6703
f 6710//6710 6600//6600 6707//6707
f 6703//6703 6707//6707 6572//6572
f 6710//6710 6707//6707 6703//6703
f 6575//6575 6708//6708 6704//6704
f 6708//6708 6600//6600 6710//6710
f 6704//6704 6710//6710 6599//6599
f 6708//6708 6710//6710 6704//6704
f 6567//6567 6624//6624 6687//6687
f 6624//6624 6580//6580 6689//6689
f 6687//6687 6689//6689 6596//6596
f 6624//6624 6689//6689 6687//6687
f 6580//6580 6623//6623 6686//6686
f 6623//6623 6563//6563 6684//6684
f 6686//6686 6684//6684 6595//6595
f 6623//6623 6684//6684 6686//6686
f 6596//6596 6691//6691 6688//6688
f 6691//6691 6595//6595 6685//6685
f 6688//6688 6685//6685 6571//6571
f 6691//6691 6685//6685 6688//6688
f 6580//6580 6686//6686 6689//6689
f 6686//6686 6595//6595 6691//6691
f 6689//6689 6691//6691 6596//6596
f 6686//6686 6691//6691 6689//6689
f 6569//6569 6646//6646 6651//6651
f 6646//6646 6587//6587 6655//6655
f 6651//6651 6655//6655 6588//6588
f 6646//6646 6655//6655 6651//6651
f 6587//6587 6645//6645 6648//6648
f 6645//6645 6567//6567 6637//6637
f 6648//6648 6637//6637 6584//6584
f 6645//6645 6637//6637 6648//6648
f 6588//6588 6653//6653 6650//6650
f 6653//6653 6584//6584 6638//6638
f 6650//6650 6638//6638 6568//6568
f 6653//6653 6638//6638 6650//6650
f 6587//6587 6648//6648 6655//6655
f 6648//6648 6584//6584 6653//6653
f 6655//6655 6653//6653 6588//6588
f 6648//6648 6653//6653 6655//6655
f 6570//6570 6676//6676 6657//6657
f 6676//6676 6593//6593 6679//6679
f 6657//6657 6679//6679 6589//6589
f 6676//6676 6679//6679 6657//6657
f 6593//6593 6675//6675 6677//6677
f 6675//6675 6569//6569 6640//6640
f 6677//6677 6640//6640 6585//6585
f 6675//6675 6640//6640 6677//6677
f 6589//6589 6659//6659 6656//6656
f 6659//6659 6585//6585 6639//6639
f 6656//6656 6639//6639 6562//6562
f 6659//6659 6639//6639 6656//6656
f 6593//6593 6677//6677 6679//6679
f 6677//6677 6585//6585 6659//6659
f 6679//6679 6659//6659 6589//6589
f 6677//6677 6659//6659 6679//6679
f 6724//6724 6723//6723 6733//6733
f 6724//6724 6733//6733 6725//6725
f 6725//6725 6733//6733 6734//6734
f 6725//6725 6734//6734 6726//6726
f 6726//6726 6734//6734 6735//6735
f 6726//6726 6735//6735 6727//6727
f 6727//6727 6735//6735 6736//6736
f 6727//6727 6736//6736 6728//6728
f 6728//6728 6736//6736 6737//6737
f 6728//6728 6737//6737 6729//6729
f 6729//6729 6737//6737 6738//6738
f 6729//6729 6738//6738 6730//6730
f 6730//6730 6738//6738 6739//6739
f 6730//6730 6739//6739 6731//6731
f 6731//6731 6739//6739 6740//6740
f 6731//6731 6740//6740 6732//6732
f 6733//6733 6723//6723 6741//6741
f 6733//6733 6741//6741 6734//6734
f 6734//6734 6741//6741 6742//6742
f 6734//6734 6742//6742 6735//6735
f 6735//6735 6742//6742 6743//6743
f 6735//6735 6743//6743 6736//6736
f 6736//6736 6743//6743 6744//6744
f 6736//6736 6744//6744 6737//6737
f 6737//6737 6744//6744 6745//6745
f 6737//6737 6745//6745 6738//6738
f 6738//6738 6745//6745 6746//6746
f 6738//6738 6746//6746 6739//6739
f 6739//6739 6746//6746 6747//6747
f 6739//6739 6747//6747 6740//6740
f 6740//6740 6747//6747 6748//6748
f 6740//6740 6748//6748 6732//6732
f 6741//6741 6723//6723 6749//6749
f 6741//6741 6749//6749 6742//6742
f 6742//6742 6749//6749 6750//6750
f 6742//6742 6750//6750 6743//6743
f 6743//6743 6750//6750 6751//6751
f 6743//6743 6751//6751 6744//6744
f 6744//6744 6751//6751 6752//6752
f 6744//6744 6752//6752 6745//6745
f 6745//6745 6752//6752 6753//6753
f 6745//6745 6753//6753 6746//6746
f 6746//6746 6753//6753 6754//6754
f 6746//6746 6754//6754 6747//6747
f 6747//6747 6754//6754 6755//6755
f 6747//6747 6755//6755 6748//6748
f 6748//6748 6755//6755 6756//6756
f 6748//6748 6756//6756 6732//6732
f 6749//6749 6723//6723 6757//6757
f 6749//6749 6757//6757 6750//6750
f 6750//6750 6757//6757 6758//6758
f 6750//6750 6758//6758 6751//6751
f 6751//6751 6758//6758 6759//6759
f 6751//6751 6759//6759 6752//6752
f 6752//6752 6759//6759 6760//6760
f 6752//6752 6760//6760 6753//6753
f 6753//6753 6760//6760 6761//6761
f 6753//6753 6761//6761 6754//6754
f 6754//6754 6761//6761 6762//6762
f 6754//6754 6762//6762 6755//6755
f 6755//6755 6762//6762 6763//6763
f 6755//6755 6763//6763 6756//6756
f 6756//6756 6763//6763 6764//6764
f 6756//6756 6764//6764 6732//6732
f 6757//6757 6723//6723 6765//6765
f 6757//6757 6765//6765 6758//6758
f 6758//6758 6765//6765 6766//6766
f 6758//6758 6766//6766 6759//6759
f 6759//6759 6766//6766 6767//6767
f 6759//6759 6767//6767 6760//6760
f 6760//6760 6767//6767 6768//6768
f 6760//6760 6768//6768 6761//6761
f 6761//6761 6768//6768 6769//6769
f 6761//6761 6769//6769 6762//6762
f 6762//6762 6769//6769 6770//6770
f 6762//6762 6770//6770 6763//6763
f 6763//6763 6770//6770 6771//6771
f 6763//6763 6771//6771 6764//6764
f 6764//6764 6771//6771 6772//6772
f 6764//6764 6772//6772 6732//6732
f 6765//6765 6723//6723 6773//6773
f 6765//6765 6773//6773 6766//6766
f 6766//6766 6773//6773 6774//6774
f 6766//6766 6774//6774 6767//6767
f 6767//6767 6774//6774 6775//6775
f 6767//6767 6775//6775 6768//6768
f 6768//6768 6775//6775 6776//6776
f 6768//6768 6776//6776 6769//6769
f 6769//6769 6776//6776 6777//6777
f 6769//6769 6777//6777 6770//6770
f 6770//6770 6777//6777 6778//6778
f 6770//6770 6778//6778 6771//6771
f 6771//6771 6778//6778 6779//6779
f 6771//6771 6779//6779 6772//6772
f 6772//6772 6779//6779 6780//6780
f 6772//6772 6780//6780 6732//6732
f 6773//6773 6723//6723 6781//6781
f 6773//6773 6781//6781 6774//6774
f 6774//6774 6781//6781 6782//6782
f 6774//6774 6782//6782 6775//6775
f 6775//6775 6782//6782 6783//6783
f 6775//6775 6783//6783 6776//6776
f 6776//6776 6783//6783 6784//6784
f 6776//6776 6784//6784 6777//6777
f 6777//6777 6784//6784 6785//6785
f 6777//6777 6785//6785 6778//6778
f 6778//6778 6785//6785 6786//6786
f 6778//6778 6786//6786 6779//6779
f 6779//6779 6786//6786 6787//6787
f 6779//6779 6787//6787 6780//6780
f 6780//6780 6787//6787 6788//6788
f 6780//6780 6788//6788 6732//6732
f 6781//6781 6723//6723 6789//6789
f 6781//6781 6789//6789 6782//6782
f 6782//6782 6789//6789 6790//6790
f 6782//6782 6790//6790 6783//6783
f 6783//6783 6790//6790 6791//6791
f 6783//6783 6791//6791 6784//6784
f 6784//6784 6791//6791 6792//6792
f 6784//6784 6792//6792 6785//6785
f 6785//6785 6792//6792 6793//6793
f 6785//6785 6793//6793 6786//6786
f 6786//6786 6793//6793 6794//6794
f 6786//6786 6794//6794 6787//6787
f 6787//6787 6794//6794 6795//6795
f 6787//6787 6795//6795 6788//6788
f 6788//6788 6795//6795 6796//6796
f 6788//6788 6796//6796 6732//6732
f 6789//6789 6723//6723 6797//6797
f 6789//6789 6797//6797 6790//6790
f 6790//6790 6797//6797 6798//6798
f 6790//6790 6798//6798 6791//6791
f 6791//6791 6798//6798 6799//6799
f 6791//6791 6799//6799 6792//6792
f 6792//6792 6799//6799 6800//6800
f 6792//6792 6800//6800 6793//6793
f 6793//6793 6800//6800 6801//6801
f 6793//6793 6801//6801 6794//6794
f 6794//6794 6801//6801 6802//6802
f 6794//6794 6802//6802 6795//6795
f 6795//6795 6802//6802 6803//6803
f 6795//6795 6803//6803 6796//6796
f 6796//6796 6803//6803 6804//6804
f 6796//6796 6804//6804 6732//6732
f 6797//6797 6723//6723 6724//6724
f 6797//6797 6724//6724 6798//6798
f 6798//6798 6724//6724 6725//6725
f 6798//6798 6725//6725 6799//6799
f 6799//6799 6725//6725 6726//6726
f 6799//6799 6726//6726 6800//6800
f 6800//6800 6726//6726 6727//6727
f 6800//6800 6727//6727 6801//6801
f 6801//6801 6727//6727 6728//6728
f 6801//6801 6728//6728 6802//6802
f 6802//6802 6728//6728 6729//6729
f 6802//6802 6729//6729 6803//6803
f 6803//6803 6729//6729 6730//6730
f 6803//6803 6730//6730 6804//6804
f 6804//6804 6730//6730 6731//6731
f 6804//6804 6731//6731 6732//6732
f 6806//6806 6805//6805 6815//6815
f 6806//6806 6815//6815 6807//6807
f 6807//6807 6815//6815 6816//6816
f 6807//6807 6816//6816 6808//6808
f 6808//6808 6816//6816 6817//6817
f 6808//6808 6817//6817 6809//6809
f 6809//6809 6817//6817 6818//6818
f 6809//6809 6818//6818 6810//6810
f 6810//6810 6818//6818 6819//6819
f 6810//6810 6819//6819 6811//6811
f 6811//6811 6819//6819 6820//6820
f 6811//6811 6820//6820 6812//6812
f 6812//6812 6820//6820 6821//6821
f 6812//6812 6821//6821 6813//6813
f 6813//6813 6821//6821 6822//6822
f 6813//6813 6822//6822 6814//6814
f 6815//6815 6805//6805 6823//6823
f 6815//6815 6823//6823 6816//6816
f 6816//6816 6823//6823 6824//6824
f 6816//6816 6824//6824 6817//6817
f 6817//6817 6824//6824 6825//6825
f 6817//6817 6825//6825 6818//6818
f 6818//6818 6825//6825 6826//6826
f 6818//6818 6826//6826 6819//6819
f 6819//6819 6826//6826 6827//6827
f 6819//6819 6827//6827 6820//6820
f 6820//6820 6827//6827 6828//6828
f 6820//6820 6828//6828 6821//6821
f 6821//6821 6828//6828 6829//6829
f 6821//6821 6829//6829 6822//6822
f 6822//6822 6829//6829 6830//6830
f 6822//6822 6830//6830 6814//6814
f 6823//6823 6805//6805 6831//6831
f 6823//6823 6831//6831 6824//6824
f 6824//6824 6831//6831 6832//6832
f 6824//6824 6832//6832 6825//6825
f 6825//6825 6832//6832 6833//6833
f 6825//6825 6833//6833 6826//6826
f 6826//6826 6833//6833 6834//6834
f 6826//6826 6834//6834 6827//6827
f 6827//6827 6834//6834 6835//6835
f 6827//6827 6835//6835 6828//6828
f 6828//6828 6835//6835 6836//6836
f 6828//6828 6836//6836 6829//6829
f 6829//6829 6836//6836 6837//6837
f 6829//6829 6837//6837 6830//6830
f 6830//6830 6837//6837 6838//6838
f 6830//6830 6838//6838 6814//6814
f 6831//6831 6805//6805 6839//6839
f 6831//6831 6839//6839 6832//6832
f 6832//6832 6839//6839 6840//6840
f 6832//6832 6840//6840 6833//6833
f 6833//6833 6840//6840 6841//6841
f 6833//6833 6841//6841 6834//6834
f 6834//6834 6841//6841 6842//6842
f 6834//6834 6842//6842 6835//6835
f 6835//6835 6842//6842 6843//6843
f 6835//6835 6843//6843 6836//6836
f 6836//6836 6843//6843 6844//6844
f 6836//6836 6844//6844 6837//6837
f 6837//6837 6844//6844 6845//6845
f 6837//6837 6845//6845 6838//6838
f 6838//6838 6845//6845 6846//6846
f 6838//6838 6846//6846 6814//6814
f 6839//6839 6805//6805 6847//6847
f 6839//6839 6847//6847 6840//6840
f 6840//6840 6847//6847 6848//6848
f 6840//6840 6848//6848 6841//6841
f 6841//6841 6848//6848 6849//6849
f 6841//6841 6849//6849 6842//6842
f 6842//6842 6849//6849 6850//6850
f 6842//6842 6850//6850 6843//6843
f 6843//6843 6850//6850 6851//6851
f 6843//6843 6851//6851 6844//6844
f 6844//6844 6851//6851 6852//6852
f 6844//6844 6852//6852 6845//6845
f 6845//6845 6852//6852 6853//6853
f 6845//6845 6853//6853 6846//6846
f 6846//6846 6853//6853 6854//6854
f 6846//6846 6854//6854 6814//6814
f 6847//6847 6805//6805 6855//6855
f 6847//6847 6855//6855 6848//6848
f 6848//6848 6855//6855 6856//6856
f 6848//6848 6856//6856 6849//6849
f 6849//6849 6856//6856 6857//6857
f 6849//6849 6857//6857 6850//6850
f 6850//6850 6857//6857 6858//6858
f 6850//6850 6858//6858 6851//6851
f 6851//6851 6858//6858 6859//6859
f 6851//6851 6859//6859 6852//6852
f 6852//6852 6859//6859 6860//6860
f 6852//6852 6860//6860 6853//6853
f 6853//6853 6860//6860 6861//6861
f 6853//6853 6861//6861 6854//6854
f 6854//6854 6861//6861 6862//6862
f 6854//6854 6862//6862 6814//6814
f 6855//6855 6805//6805 6863//6863
f 6855//6855 6863//6863 6856//6856
f 6856//6856 6863//6863 6864//6864
f 6856//6856 6864//6864 6857//6857
f 6857//6857 6864//6864 6865//6865
f 6857//6857 6865//6865 6858//6858
f 6858//6858 6865//6865 6866//6866
f 6858//6858 6866//6866 6859//6859
f 6859//6859 6866//6866 6867//6867
f 6859//6859 6867//6867 6860//6860
f 6860//6860 6867//6867 6868//6868
f 6860//6860 6868//6868 6861//6861
f 6861//6861 6868//6868 6869//6869
f 6861//6861 6869//6869 6862//6862
f 6862//6862 6869//6869 6870//6870
f 6862//6862 6870//6870 6814//6814
f 6863//6863 6805//6805 6871//6871
f 6863//6863 6871//6871 6864//6864
f 6864//6864 6871//6871 6872//6872
f 6864//6864 6872//6872 6865//6865
f 6865//6865 6872//6872 6873//6873
f 6865//6865 6873//6873 6866//6866
f 6866//6866 6873//6873 6874//6874
f 6866//6866 6874//6874 6867//6867
f 6867//6867 6874//6874 6875//6875
f 6867//6867 6875//6875 6868//6868
f 6868//6868 6875//6875 6876//6876
f 6868//6868 6876//6876 6869//6869
f 6869//6869 6876//6876 6877//6877
f 6869//6869 6877//6877 6870//6870
f 6870//6870 6877//6877 6878//6878
f 6870//6870 6878//6878 6814//6814
f 6871//6871 6805//6805 6879//6879
f 6871//6871 6879//6879 6872//6872
f 6872//6872 6879//6879 6880//6880
f 6872//6872 6880//6880 6873//6873
f 6873//6873 6880//6880 6881//6881
f 6873//6873 6881//6881 6874//6874
f 6874//6874 6881//6881 6882//6882
f 6874//6874 6882//6882 6875//6875
f 6875//6875 6882//6882 6883//6883
f 6875//6875 6883//6883 6876//6876
f 6876//6876 6883//6883 6884//6884
f 6876//6876 6884//6884 6877//6877
f 6877//6877 6884//6884 6885//6885
f 6877//6877 6885//6885 6878//6878
f 6878//6878 6885//6885 6886//6886
f 6878//6878 6886//6886 6814//6814
f 6879//6879 6805//6805 6806//6806
f 6879//6879 6806//6806 6880//6880
f 6880//6880 6806//6806 6807//6807
f 6880//6880 6807//6807 6881//6881
f 6881//6881 6807//6807 6808//6808
f 6881//6881 6808//6808 6882//6882
f 6882//6882 6808//6808 6809//6809
f 6882//6882 6809//6809 6883//6883
f 6883//6883 6809//6809 6810//6810
f 6883//6883 6810//6810 6884//6884
f 6884//6884 6810//6810 6811//6811
f 6884//6884 6811//6811 6885//6885
f 6885//6885 6811//6811 6812//6812
f 6885//6885 6812//6812 6886//6886
f 6886//6886 6812//6812 6813//6813
f 6886//6886 6813//6813 6814//6814
f 6887//6887 7024//7024 6940//6940
f 7024//7024 6924//6924 7026//7026
f 6940//6940 7026//7026 6903//6903
f 7024//7024 7026//7026 6940//6940
f 6924//6924 7025//7025 7041//7041
f 7025//7025 6898//6898 7038//7038
f 7041//7041 7038//7038 6927//6927
f 7025//7025 7038//7038 7041//7041
f 6903//6903 7039//7039 6941//6941
f 7039//7039 6927//6927 7037//7037
f 6941//6941 7037//7037 6892//6892
f 7039//7039 7037//7037 6941//6941
f 6924//6924 7041//7041 7026//7026
f 7041//7041 6927//6927 7039//7039
f 7026//7026 7039//7039 6903//6903
f 7041//7041 7039//7039 7026//7026
f 6887//6887 6940//6940 6929//6929
f 6940//6940 6903//6903 6942//6942
f 6929//6929 6942//6942 6899//6899
f 6940//6940 6942//6942 6929//6929
f 6903//6903 6941//6941 6946//6946
f 6941//6941 6892//6892 6944//6944
f 6946//6946 6944//6944 6904//6904
f 6941//6941 6944//6944 6946//6946
f 6899//6899 6945//6945 6930//6930
f 6945//6945 6904//6904 6943//6943
f 6930//6930 6943//6943 6888//6888
f 6945//6945 6943//6943 6930//6930
f 6903//6903 6946//6946 6942//6942
f 6946//6946 6904//6904 6945//6945
f 6942//6942 6945//6945 6899//6899
f 6946//6946 6945//6945 6942//6942
f 6887//6887 6929//6929 6956//6956
f 6929//6929 6899//6899 6958//6958
f 6956//6956 6958//6958 6908//6908
f 6929//6929 6958//6958 6956//6956
f 6899//6899 6930//6930 6961//6961
f 6930//6930 6888//6888 6959//6959
f 6961//6961 6959//6959 6909//6909
f 6930//6930 6959//6959 6961//6961
f 6908//6908 6962//6962 6957//6957
f 6962//6962 6909//6909 6960//6960
f 6957//6957 6960//6960 6894//6894
f 6962//6962 6960//6960 6957//6957
f 6899//6899 6961//6961 6958//6958
f 6961//6961 6909//6909 6962//6962
f 6958//6958 6962//6962 6908//6908
f 6961//6961 6962//6962 6958//6958
f 6887//6887 6956//6956 7007//7007
f 6956//6956 6908//6908 7009//7009
f 7007//7007 7009//7009 6920//6920
f 6956//6956 7009//7009 7007//7007
f 6908//6908 6957//6957 7020//7020
f 6957//6957 6894//6894 7018//7018
f 7020//7020 7018//7018 6923//6923
f 6957//6957 7018//7018 7020//7020
f 6920//6920 7022//7022 7008//7008
f 7022//7022 6923//6923 7019//7019
f 7008//7008 7019//7019 6897//6897
f 7022//7022 7019//7019 7008//7008
f 6908//6908 7020//7020 7009//7009
f 7020//7020 6923//6923 7022//7022
f 7009//7009 7022//7022 6920//6920
f 7020//7020 7022//7022 7009//7009
f 6887//6887 7007//7007 7024//7024
f 7007//7007 6920//6920 7027//7027
f 7024//7024 7027//7027 6924//6924
f 7007//7007 7027//7027 7024//7024
f 6920//6920 7008//7008 7045//7045
f 7008//7008 6897//6897 7043//7043
f 7045//7045 7043//7043 6928//6928
f 7008//7008 7043//7043 7045//7045
f 6924//6924 7047//7047 7025//7025
f 7047//7047 6928//6928 7044//7044
f 7025//7025 7044//7044 6898//6898
f 7047//7047 7044//7044 7025//7025
f 6920//6920 7045//7045 7027//7027
f 7045//7045 6928//6928 7047//7047
f 7027//7027 7047//7047 6924//6924
f 7045//7045 7047//7047 7027//7027
f 6888//6888 6943//6943 6982//6982
f 6943//6943 6904//6904 6984//6984
f 6982//6982 6984//6984 6915//6915
f 6943//6943 6984//6984 6982//6982
f 6904//6904 6944//6944 6997//6997
f 6944//6944 6892//6892 6995//6995
f 6997//6997 6995//6995 6918//6918
f 6944//6944 6995//6995 6997//6997
f 6915//6915 6999//6999 6983//6983
f 6999//6999 6918//6918 6996//6996
f 6983//6983 6996//6996 6896//6896
f 6999//6999 6996//6996 6983//6983
f 6904//6904 6997//6997 6984//6984
f 6997//6997 6918//6918 6999//6999
f 6984//6984 6999//6999 6915//6915
f 6997//6997 6999//6999 6984//6984
f 6892//6892 7037//7037 6948//6948
f 7037//7037 6927//6927 7040//7040
f 6948//6948 7040//7040 6905//6905
f 7037//7037 7040//7040 6948//6948
f 6927//6927 7038//7038 7042//7042
f 7038//7038 6898//6898 7033//7033
f 7042//7042 7033//7033 6926//6926
f 7038//7038 7033//7033 7042//7042
f 6905//6905 7035//7035 6947//6947
f 7035//7035 6926//6926 7032//7032
f 6947//6947 7032//7032 6891//6891
f 7035//7035 7032//7032 6947//6947
f 6927//6927 7042//7042 7040//7040
f 7042//7042 6926//6926 7035//7035
f 7040//7040 7035//7035 6905//6905
f 7042//7042 7035//7035 7040//7040
f 6898//6898 7044//7044 7029//7029
f 7044//7044 6928//6928 7048//7048
f 7029//7029 7048//7048 6925//6925
f 7044//7044 7048//7048 7029//7029
f 6928//6928 7043//7043 7046//7046
f 7043//7043 6897//6897 7011//7011
f 7046//7046 7011//7011 6921//6921
f 7043//7043 7011//7011 7046//7046
f 6925//6925 7031//7031 7028//7028
f 7031//7031 6921//6921 7010//7010
f 7028//7028 7010//7010 6889//6889
f 7031//7031 7010//7010 7028//7028
f 6928//6928 7046//7046 7048//7048
f 7046//7046 6921//6921 7031//7031
f 7048//7048 7031//7031 6925//6925
f 7046//7046 7031//7031 7048//7048
f 6897//6897 7019//7019 7014//7014
f 7019//7019 6923//6923 7023//7023
f 7014//7014 7023//7023 6922//6922
f 7019//7019 7023//7023 7014//7014
f 6923//6923 7018//7018 7021//7021
f 7018//7018 6894//6894 6964//6964
f 7021//7021 6964//6964 6910//6910
f 7018//7018 6964//6964 7021//7021
f 6922//6922 7016//7016 7013//7013
f 7016//7016 6910//6910 6963//6963
f 7013//7013 6963//6963 6893//6893
f 7016//7016 6963//6963 7013//7013
f 6923//6923 7021//7021 7023//7023
f 7021//7021 6910//6910 7016//7016
f 7023//7023 7016//7016 6922//6922
f 7021//7021 7016//7016 7023//7023
f 6894//6894 6960//6960 6976//6976
f 6960//6960 6909//6909 6978//6978
f 6976//6976 6978//6978 6914//6914
f 6960//6960 6978//6978 6976//6976
f 6909//6909 6959//6959 6967//6967
f 6959//6959 6888//6888 6965//6965
f 6967//6967 6965//6965 6911//6911
f 6959//6959 6965//6965 6967//6967
f 6914//6914 6980//6980 6977//6977
f 6980//6980 6911//6911 6966//6966
f 6977//6977 6966//6966 6895//6895
f 6980//6980 6966//6966 6977//6977
f 6909//6909 6967//6967 6978//6978
f 6967//6967 6911//6911 6980//6980
f 6978//6978 6980//6980 6914//6914
f 6967//6967 6980//6980 6978//6978
f 6890//6890 6986//6986 6936//6936
f 6986//6986 6916//6916 6988//6988
f 6936//6936 6988//6988 6902//6902
f 6986//6986 6988//6988 6936//6936
f 6916//6916 6987//6987 6994//6994
f 6987//6987 6896//6896 6991//6991
f 6994//6994 6991//6991 6917//6917
f 6987//6987 6991//6991 6994//6994
f 6902//6902 6992//6992 6937//6937
f 6992//6992 6917//6917 6990//6990
f 6937//6937 6990//6990 6891//6891
f 6992//6992 6990//6990 6937//6937
f 6916//6916 6994//6994 6988//6988
f 6994//6994 6917//6917 6992//6992
f 6988//6988 6992//6992 6902//6902
f 6994//6994 6992//6992 6988//6988
f 6890//6890 6936//6936 6932//6932
f 6936//6936 6902//6902 6938//6938
f 6932//6932 6938//6938 6900//6900
f 6936//6936 6938//6938 6932//6932
f 6902//6902 6937//6937 6939//6939
f 6937//6937 6891//6891 6934//6934
f 6939//6939 6934//6934 6901//6901
f 6937//6937 6934//6934 6939//6939
f 6900//6900 6935//6935 6931//6931
f 6935//6935 6901//6901 6933//6933
f 6931//6931 6933//6933 6889//6889
f 6935//6935 6933//6933 6931//6931
f 6902//6902 6939//6939 6938//6938
f 6939//6939 6901//6901 6935//6935
f 6938//6938 6935//6935 6900//6900
f 6939//6939 6935//6935 6938//6938
f 6890//6890 6932//6932 6952//6952
f 6932//6932 6900//6900 6954//6954
f 6952//6952 6954//6954 6907//6907
f 6932//6932 6954//6954 6952//6952
f 6900//6900 6931//6931 6951//6951
f 6931//6931 6889//6889 6949//6949
f 6951//6951 6949//6949 6906//6906
f 6931//6931 6949//6949 6951//6951
f 6907//6907 6955//6955 6953//6953
f 6955//6955 6906//6906 6950//6950
f 6953//6953 6950//6950 6893//6893
f 6955//6955 6950//6950 6953//6953
f 6900//6900 6951//6951 6954//6954
f 6951//6951 6906//6906 6955//6955
f 6954//6954 6955//6955 6907//6907
f 6951//6951 6955//6955 6954//6954
f 6890//6890 6952//6952 6968//6968
f 6952//6952 6907//6907 6970//6970
f 6968//6968 6970//6970 6912//6912
f 6952//6952 6970//6970 6968//6968
f 6907//6907 6953//6953 6973//6973
f 6953//6953 6893//6893 6971//6971
f 6973//6973 6971//6971 6913//6913
f 6953//6953 6971//6971 6973//6973
f 6912//6912 6975//6975 6969//6969
f 6975//6975 6913//6913 6972//6972
f 6969//6969 6972//6972 6895//6895
f 6975//6975 6972//6972 6969//6969
f 6907//6907 6973//6973 6970//6970
f 6973//6973 6913//6913 6975//6975
f 6970//6970 6975//6975 6912//6912
f 6973//6973 6975//6975 6970//6970
f 6890//6890 6968//6968 6986//6986
f 6968//6968 6912//6912 6989//6989
f 6986//6986 6989//6989 6916//6916
f 6968//6968 6989//6989 6986//6986
f 6912//6912 6969//6969 7004//7004
f 6969//6969 6895//6895 7001//7001
f 7004//7004 7001//7001 6919//6919
f 6969//6969 7001//7001 7004//7004
f 6916//6916 7006//7006 6987//6987
f 7006//7006 6919//6919 7002//7002
f 6987//6987 7002//7002 6896//6896
f 7006//7006 7002//7002 6987//6987
f 6912//6912 7004//7004 6989//6989
f 7004//7004 6919//6919 7006//7006
f 6989//6989 7006//7006 6916//6916
f 7004//7004 7006//7006 6989//6989
f 6891//6891 6990//6990 6947//6947
f 6990//6990 6917//6917 6993//6993
f 6947//6947 6993//6993 6905//6905
f 6990//6990 6993//6993 6947//6947
f 6917//6917 6991//6991 7000//7000
f 6991//6991 6896//6896 6996//6996
f 7000//7000 6996//6996 6918//6918
f 6991//6991 6996//6996 7000//7000
f 6905//6905 6998//6998 6948//6948
f 6998//6998 6918//6918 6995//6995
f 6948//6948 6995//6995 6892//6892
f 6998//6998 6995//6995 6948//6948
f 6917//6917 7000//7000 6993//6993
f 7000//7000 6918//6918 6998//6998
f 6993//6993 6998//6998 6905//6905
f 7000//7000 6998//6998 6993//6993
f 6889//6889 6933//6933 7028//7028
f 6933//6933 6901//6901 7030//7030
f 7028//7028 7030//7030 6925//6925
f 6933//6933 7030//7030 7028//7028
f 6901//6901 6934//6934 7034//7034
f 6934//6934 6891//6891 7032//7032
f 7034//7034 7032//7032 6926//6926
f 6934//6934 7032//7032 7034//7034
f 6925//6925 7036//7036 7029//7029
f 7036//7036 6926//6926 7033//7033
f 7029//7029 7033//7033 6898//6898
f 7036//7036 7033//7033 7029//7029
f 6901//6901 7034//7034 7030//7030
f 7034//7034 6926//6926 7036//7036
f 7030//7030 7036//7036 6925//6925
f 7034//7034 7036//7036 7030//7030
f 6893//6893 6950//6950 7013//7013
f 6950//6950 6906//6906 7015//7015
f 7013//7013 7015//7015 6922//6922
f 6950//6950 7015//7015 7013//7013
f 6906//6906 6949//6949 7012//7012
f 6949//6949 6889//6889 7010//7010
f 7012//7012 7010//7010 6921//6921
f 6949//6949 7010//7010 7012//7012
f 6922//6922 7017//7017 7014//7014
f 7017//7017 6921//6921 7011//7011
f 7014//7014 7011//7011 6897//6897
f 7017//7017 7011//7011 7014//7014
f 6906//6906 7012//7012 7015//7015
f 7012//7012 6921//6921 7017//7017
f 7015//7015 7017//7017 6922//6922
f 7012//7012 7017//7017 7015//7015
f 6895//6895 6972//6972 6977//6977
f 6972//6972 6913//6913 6981//6981
f 6977//6977 6981//6981 6914//6914
f 6972//6972 6981//6981 6977//6977
f 6913//6913 6971//6971 6974//6974
f 6971//6971 6893//6893 6963//6963
f 6974//6974 6963//6963 6910//6910
f 6971//6971 6963//6963 6974//6974
f 6914//6914 6979//6979 6976//6976
f 6979//6979 6910//6910 6964//6964
f 6976//6976 6964//6964 6894//6894
f 6979//6979 6964//6964 6976//6976
f 6913//6913 6974//6974 6981//6981
f 6974//6974 6910//6910 6979//6979
f 6981//6981 6979//6979 6914//6914
f 6974//6974 6979//6979 6981//6981
f 6896//6896 7002//7002 6983//6983
f 7002//7002 6919//6919 7005//7005
f 6983//6983 7005//7005 6915//6915
f 7002//7002 7005//7005 6983//6983
f 6919//6919 7001//7001 7003//7003
f 7001//7001 6895//6895 6966//6966
f 7003//7003 6966//6966 6911//6911
f 7001//7001 6966//6966 7003//7003
f 6915//6915 6985//6985 6982//6982
f 6985//6985 6911//6911 6965//6965
f 6982//6982 6965//6965 6888//6888
f 6985//6985 6965//6965 6982//6982
f 6919//6919 7003//7003 7005//7005
f 7003//7003 6911//6911 6985//6985
f 7005//7005 6985//6985 6915//6915
f 7003//7003 6985//6985 7005//7005

