# https://github.com/mikedh/trimesh
v -0.0893743 1.8501302 0.0000000
v 0.0893743 1.8501302 0.0000000
v -0.0893743 1.5098698 0.0000000
v 0.0893743 1.5098698 0.0000000
v 0.0000000 1.5748538 0.1275976
v 0.0000000 1.7851462 0.1275976
v 0.0000000 1.5748538 -0.1275976
v 0.0000000 1.7851462 -0.1275976
v 0.1446106 1.6800000 -0.0788597
v 0.1446106 1.6800000 0.0788597
v -0.1446106 1.6800000 -0.0788597
v -0.1446106 1.6800000 0.0788597
v 0.0000000 1.8800000 0.0000000
v 0.0000000 1.4800000 0.0000000
v -0.0525329 1.5181966 0.0750000
v 0.0525329 1.5181966 0.0750000
v -0.0525329 1.8418034 0.0750000
v 0.0525329 1.8418034 0.0750000
v 0.0000000 1.6800000 0.1500000
v -0.0525329 1.5181966 -0.0750000
v 0.0525329 1.5181966 -0.0750000
v -0.0525329 1.8418034 -0.0750000
v 0.0525329 1.8418034 -0.0750000
v 0.0000000 1.6800000 -0.1500000
v 0.1375329 1.7800000 -0.0463525
v 0.1375329 1.5800000 -0.0463525
v 0.0850000 1.6181966 -0.1213525
v 0.0850000 1.7418034 -0.1213525
v 0.1375329 1.7800000 0.0463525
v 0.1375329 1.5800000 0.0463525
v 0.0850000 1.6181966 0.1213525
v 0.0850000 1.7418034 0.1213525
v 0.1700000 1.6800000 0.0000000
v -0.1375329 1.7800000 -0.0463525
v -0.1375329 1.5800000 -0.0463525
v -0.0850000 1.6181966 -0.1213525
v -0.0850000 1.7418034 -0.1213525
v -0.1375329 1.7800000 0.0463525
v -0.1375329 1.5800000 0.0463525
v -0.0850000 1.6181966 0.1213525
v -0.0850000 1.7418034 0.1213525
v -0.1700000 1.6800000 0.0000000
v -0.0464553 1.8723877 0.0000000
v 0.0464553 1.8723877 0.0000000
v -0.0464553 1.4876123 0.0000000
v 0.0464553 1.4876123 0.0000000
v -0.0737611 1.5074663 0.0389838
v -0.0273057 1.5412439 0.1053070
v -0.0276182 1.4897887 0.0394298
v 0.0737611 1.5074663 0.0389838
v 0.0273057 1.5412439 0.1053070
v 0.0276182 1.4897887 0.0394298
v 0.0000000 1.5098698 0.0788597
v -0.0737611 1.8525337 0.0389838
v -0.0273057 1.8187561 0.1053070
v -0.0276182 1.8702113 0.0394298
v 0.0737611 1.8525337 0.0389838
v 0.0273057 1.8187561 0.1053070
v 0.0276182 1.8702113 0.0394298
v 0.0000000 1.8501302 0.0788597
v 0.0000000 1.6253467 0.1442908
v 0.0000000 1.7346533 0.1442908
v -0.0737611 1.5074663 -0.0389838
v -0.0273057 1.5412439 -0.1053070
v -0.0276182 1.4897887 -0.0394298
v 0.0737611 1.5074663 -0.0389838
v 0.0273057 1.5412439 -0.1053070
v 0.0276182 1.4897887 -0.0394298
v 0.0000000 1.5098698 -0.0788597
v -0.0737611 1.8525337 -0.0389838
v -0.0273057 1.8187561 -0.1053070
v -0.0276182 1.8702113 -0.0394298
v 0.0737611 1.8525337 -0.0389838
v 0.0273057 1.8187561 -0.1053070
v 0.0276182 1.8702113 -0.0394298
v 0.0000000 1.8501302 -0.0788597
v 0.0000000 1.6253467 -0.1442908
v 0.0000000 1.7346533 -0.1442908
v 0.1179427 1.8204093 -0.0240933
v 0.1466536 1.7319784 -0.0650833
v 0.0999235 1.8176382 -0.0637988
v 0.1179427 1.5395907 -0.0240933
v 0.1466536 1.6280216 -0.0650833
v 0.0999235 1.5423618 -0.0637988
v 0.0441816 1.5932223 -0.1294003
v 0.1193479 1.6478756 -0.1040671
v 0.0723053 1.5624429 -0.1032286
v 0.0446871 1.6475080 -0.1426585
v 0.1169925 1.5949349 -0.0881678
v 0.0441816 1.7667777 -0.1294003
v 0.1193479 1.7121244 -0.1040671
v 0.0723053 1.7975571 -0.1032286
v 0.0446871 1.7124920 -0.1426585
v 0.1169925 1.7650651 -0.0881678
v 0.0893743 1.6800000 -0.1275976
v 0.1179427 1.8204093 0.0240933
v 0.1466536 1.7319784 0.0650833
v 0.0999235 1.8176382 0.0637988
v 0.1446106 1.7851462 0.0000000
v 0.1179427 1.5395907 0.0240933
v 0.1466536 1.6280216 0.0650833
v 0.0999235 1.5423618 0.0637988
v 0.1446106 1.5748538 0.0000000
v 0.0441816 1.5932223 0.1294003
v 0.1193479 1.6478756 0.1040671
v 0.0723053 1.5624429 0.1032286
v 0.0446871 1.6475080 0.1426585
v 0.1169925 1.5949349 0.0881678
v 0.0441816 1.7667777 0.1294003
v 0.1193479 1.7121244 0.1040671
v 0.0723053 1.7975571 0.1032286
v 0.0446871 1.7124920 0.1426585
v 0.1169925 1.7650651 0.0881678
v 0.0893743 1.6800000 0.1275976
v 0.1635295 1.6800000 -0.0409900
v 0.1635295 1.6800000 0.0409900
v 0.1616796 1.7325731 -0.0243690
v 0.1616796 1.6274269 -0.0243690
v 0.1616796 1.7325731 0.0243690
v 0.1616796 1.6274269 0.0243690
v -0.1179427 1.8204093 -0.0240933
v -0.1466536 1.7319784 -0.0650833
v -0.0999235 1.8176382 -0.0637988
v -0.1179427 1.5395907 -0.0240933
v -0.1466536 1.6280216 -0.0650833
v -0.0999235 1.5423618 -0.0637988
v -0.0441816 1.5932223 -0.1294003
v -0.1193479 1.6478756 -0.1040671
v -0.0723053 1.5624429 -0.1032286
v -0.0446871 1.6475080 -0.1426585
v -0.1169925 1.5949349 -0.0881678
v -0.0441816 1.7667777 -0.1294003
v -0.1193479 1.7121244 -0.1040671
v -0.0723053 1.7975571 -0.1032286
v -0.0446871 1.7124920 -0.1426585
v -0.1169925 1.7650651 -0.0881678
v -0.0893743 1.6800000 -0.1275976
v -0.1179427 1.8204093 0.0240933
v -0.1466536 1.7319784 0.0650833
v -0.0999235 1.8176382 0.0637988
v -0.1446106 1.7851462 0.0000000
v -0.1179427 1.5395907 0.0240933
v -0.1466536 1.6280216 0.0650833
v -0.0999235 1.5423618 0.0637988
v -0.1446106 1.5748538 0.0000000
v -0.0441816 1.5932223 0.1294003
v -0.1193479 1.6478756 0.1040671
v -0.0723053 1.5624429 0.1032286
v -0.0446871 1.6475080 0.1426585
v -0.1169925 1.5949349 0.0881678
v -0.0441816 1.7667777 0.1294003
v -0.1193479 1.7121244 0.1040671
v -0.0723053 1.7975571 0.1032286
v -0.0446871 1.7124920 0.1426585
v -0.1169925 1.7650651 0.0881678
v -0.0893743 1.6800000 0.1275976
v -0.1635295 1.6800000 -0.0409900
v -0.1635295 1.6800000 0.0409900
v -0.1616796 1.7325731 -0.0243690
v -0.1616796 1.6274269 -0.0243690
v -0.1616796 1.7325731 0.0243690
v -0.1616796 1.6274269 0.0243690
v 0.0000000 1.4250000 -0.0200000
v 0.0085505 1.4234923 -0.0200000
v 0.0160697 1.4191511 -0.0200000
v 0.0216506 1.4125000 -0.0200000
v 0.0246202 1.4043412 -0.0200000
v 0.0246202 -0.5543412 -0.0200000
v 0.0216506 -0.5625000 -0.0200000
v 0.0160697 -0.5691511 -0.0200000
v 0.0085505 -0.5734923 -0.0200000
v 0.0000000 -0.5750000 -0.0200000
v 0.0069175 1.4234923 -0.0149741
v 0.0130007 1.4191511 -0.0105545
v 0.0175157 1.4125000 -0.0072741
v 0.0199182 1.4043412 -0.0055286
v 0.0199182 -0.5543412 -0.0055286
v 0.0175157 -0.5625000 -0.0072741
v 0.0130007 -0.5691511 -0.0105545
v 0.0069175 -0.5734923 -0.0149741
v 0.0026423 1.4234923 -0.0118680
v 0.0049658 1.4191511 -0.0047168
v 0.0066904 1.4125000 0.0005910
v 0.0076081 1.4043412 0.0034152
v 0.0076081 -0.5543412 0.0034152
v 0.0066904 -0.5625000 0.0005910
v 0.0049658 -0.5691511 -0.0047168
v 0.0026423 -0.5734923 -0.0118680
v -0.0026423 1.4234923 -0.0118680
v -0.0049658 1.4191511 -0.0047168
v -0.0066904 1.4125000 0.0005910
v -0.0076081 1.4043412 0.0034152
v -0.0076081 -0.5543412 0.0034152
v -0.0066904 -0.5625000 0.0005910
v -0.0049658 -0.5691511 -0.0047168
v -0.0026423 -0.5734923 -0.0118680
v -0.0069175 1.4234923 -0.0149741
v -0.0130007 1.4191511 -0.0105545
v -0.0175157 1.4125000 -0.0072741
v -0.0199182 1.4043412 -0.0055286
v -0.0199182 -0.5543412 -0.0055286
v -0.0175157 -0.5625000 -0.0072741
v -0.0130007 -0.5691511 -0.0105545
v -0.0069175 -0.5734923 -0.0149741
v -0.0085505 1.4234923 -0.0200000
v -0.0160697 1.4191511 -0.0200000
v -0.0216506 1.4125000 -0.0200000
v -0.0246202 1.4043412 -0.0200000
v -0.0246202 -0.5543412 -0.0200000
v -0.0216506 -0.5625000 -0.0200000
v -0.0160697 -0.5691511 -0.0200000
v -0.0085505 -0.5734923 -0.0200000
v -0.0069175 1.4234923 -0.0250259
v -0.0130007 1.4191511 -0.0294455
v -0.0175157 1.4125000 -0.0327259
v -0.0199182 1.4043412 -0.0344714
v -0.0199182 -0.5543412 -0.0344714
v -0.0175157 -0.5625000 -0.0327259
v -0.0130007 -0.5691511 -0.0294455
v -0.0069175 -0.5734923 -0.0250259
v -0.0026423 1.4234923 -0.0281320
v -0.0049658 1.4191511 -0.0352832
v -0.0066904 1.4125000 -0.0405910
v -0.0076081 1.4043412 -0.0434152
v -0.0076081 -0.5543412 -0.0434152
v -0.0066904 -0.5625000 -0.0405910
v -0.0049658 -0.5691511 -0.0352832
v -0.0026423 -0.5734923 -0.0281320
v 0.0026423 1.4234923 -0.0281320
v 0.0049658 1.4191511 -0.0352832
v 0.0066904 1.4125000 -0.0405910
v 0.0076081 1.4043412 -0.0434152
v 0.0076081 -0.5543412 -0.0434152
v 0.0066904 -0.5625000 -0.0405910
v 0.0049658 -0.5691511 -0.0352832
v 0.0026423 -0.5734923 -0.0281320
v 0.0069175 1.4234923 -0.0250259
v 0.0130007 1.4191511 -0.0294455
v 0.0175157 1.4125000 -0.0327259
v 0.0199182 1.4043412 -0.0344714
v 0.0199182 -0.5543412 -0.0344714
v 0.0175157 -0.5625000 -0.0327259
v 0.0130007 -0.5691511 -0.0294455
v 0.0069175 -0.5734923 -0.0250259
v 0.0000000 0.7499825 0.1010250
v 0.0102606 0.7481743 0.1009632
v 0.0192836 0.7429679 0.1007852
v 0.0259808 0.7349912 0.1005125
v 0.0295442 0.7252064 0.1001780
v 0.0295442 -0.4552064 0.0598220
v 0.0259808 -0.4649912 0.0594875
v 0.0192836 -0.4729679 0.0592148
v 0.0102606 -0.4781743 0.0590368
v 0.0000000 -0.4799825 0.0589750
v 0.0083010 0.7479682 0.1069907
v 0.0156008 0.7425806 0.1121132
v 0.0210189 0.7344695 0.1157747
v 0.0239018 0.7246131 0.1175335
v 0.0239018 -0.4557998 0.0771775
v 0.0210189 -0.4655130 0.0747497
v 0.0156008 -0.4733552 0.0705428
v 0.0083010 -0.4783804 0.0650643
v 0.0031707 0.7478409 0.1107159
v 0.0059590 0.7423413 0.1191143
v 0.0080285 0.7341470 0.1252073
v 0.0091297 0.7242463 0.1282598
v 0.0091297 -0.4561665 0.0879038
v 0.0080285 -0.4658355 0.0841822
v 0.0059590 -0.4735946 0.0775439
v 0.0031707 -0.4785077 0.0687895
v -0.0031707 0.7478409 0.1107159
v -0.0059590 0.7423413 0.1191143
v -0.0080285 0.7341470 0.1252073
v -0.0091297 0.7242463 0.1282598
v -0.0091297 -0.4561665 0.0879038
v -0.0080285 -0.4658355 0.0841822
v -0.0059590 -0.4735946 0.0775439
v -0.0031707 -0.4785077 0.0687895
v -0.0083010 0.7479682 0.1069907
v -0.0156008 0.7425806 0.1121132
v -0.0210189 0.7344695 0.1157747
v -0.0239018 0.7246131 0.1175335
v -0.0239018 -0.4557998 0.0771775
v -0.0210189 -0.4655130 0.0747497
v -0.0156008 -0.4733552 0.0705428
v -0.0083010 -0.4783804 0.0650643
v -0.0102606 0.7481743 0.1009632
v -0.0192836 0.7429679 0.1007852
v -0.0259808 0.7349912 0.1005125
v -0.0295442 0.7252064 0.1001780
v -0.0295442 -0.4552064 0.0598220
v -0.0259808 -0.4649912 0.0594875
v -0.0192836 -0.4729679 0.0592148
v -0.0102606 -0.4781743 0.0590368
v -0.0083010 0.7483804 0.0949357
v -0.0156008 0.7433552 0.0894572
v -0.0210189 0.7355130 0.0852503
v -0.0239018 0.7257998 0.0828225
v -0.0239018 -0.4546131 0.0424665
v -0.0210189 -0.4644695 0.0442253
v -0.0156008 -0.4725806 0.0478868
v -0.0083010 -0.4779682 0.0530093
v -0.0031707 0.7485077 0.0912105
v -0.0059590 0.7435946 0.0824561
v -0.0080285 0.7358355 0.0758178
v -0.0091297 0.7261665 0.0720962
v -0.0091297 -0.4542463 0.0317402
v -0.0080285 -0.4641470 0.0347927
v -0.0059590 -0.4723413 0.0408857
v -0.0031707 -0.4778409 0.0492841
v 0.0031707 0.7485077 0.0912105
v 0.0059590 0.7435946 0.0824561
v 0.0080285 0.7358355 0.0758178
v 0.0091297 0.7261665 0.0720962
v 0.0091297 -0.4542463 0.0317402
v 0.0080285 -0.4641470 0.0347927
v 0.0059590 -0.4723413 0.0408857
v 0.0031707 -0.4778409 0.0492841
v 0.0083010 0.7483804 0.0949357
v 0.0156008 0.7433552 0.0894572
v 0.0210189 0.7355130 0.0852503
v 0.0239018 0.7257998 0.0828225
v 0.0239018 -0.4546131 0.0424665
v 0.0210189 -0.4644695 0.0442253
v 0.0156008 -0.4725806 0.0478868
v 0.0083010 -0.4779682 0.0530093
v 0.0212596 0.7449382 0.1025309
v 0.0195620 0.7471339 0.1096495
v 0.0155049 0.7496753 0.1156042
v 0.0095777 0.7522559 0.1196768
v 0.0024953 0.7545644 0.1213762
v -0.4248881 0.8563224 0.0704972
v -0.4316819 0.8573177 0.0671459
v -0.4370667 0.8574305 0.0617266
v -0.4403930 0.8566470 0.0548929
v -0.4412596 0.8550618 0.0474691
v 0.0207526 0.7509311 0.1072432
v 0.0177424 0.7568116 0.1110819
v 0.0125923 0.7618706 0.1135839
v 0.0059233 0.7654978 0.1144475
v -0.4214601 0.8672558 0.0635686
v -0.4286674 0.8669324 0.0610530
v -0.4348292 0.8645668 0.0572043
v -0.4392025 0.8604442 0.0524867
v 0.0216471 0.7525557 0.1029787
v 0.0194235 0.7598650 0.1030672
v 0.0148572 0.7659844 0.1027858
v 0.0084989 0.7701759 0.1021683
v -0.4188845 0.8719338 0.0512894
v -0.4264024 0.8710462 0.0502549
v -0.4331481 0.8676202 0.0491896
v -0.4383080 0.8620688 0.0482221
v 0.0219039 0.7513873 0.0984848
v 0.0199062 0.7576692 0.0946215
v 0.0155075 0.7630260 0.0914069
v 0.0092384 0.7668117 0.0892288
v -0.4181450 0.8685696 0.0383498
v -0.4257522 0.8680878 0.0388760
v -0.4326655 0.8654243 0.0407439
v -0.4380512 0.8609005 0.0437283
v 0.0214249 0.7478722 0.0954781
v 0.0190059 0.7510629 0.0889708
v 0.0142946 0.7541254 0.0837937
v 0.0078592 0.7566903 0.0805713
v -0.4195242 0.8584482 0.0296923
v -0.4269650 0.8591872 0.0312628
v -0.4335657 0.8588180 0.0350932
v -0.4385302 0.8573853 0.0407216
v 0.0203930 0.7433530 0.0951071
v 0.0170667 0.7425695 0.0882734
v 0.0116819 0.7426823 0.0828541
v 0.0048881 0.7436776 0.0795028
v -0.4224953 0.8454356 0.0286238
v -0.4295777 0.8477441 0.0303232
v -0.4355049 0.8503247 0.0343958
v -0.4395620 0.8528661 0.0403505
v 0.0192025 0.7395558 0.0975133
v 0.0148292 0.7354332 0.0927957
v 0.0086674 0.7330676 0.0889470
v 0.0014601 0.7327442 0.0864314
v -0.4259233 0.8345022 0.0355525
v -0.4325923 0.8381294 0.0364161
v -0.4377424 0.8431884 0.0389181
v -0.4407526 0.8490689 0.0427568
v 0.0183080 0.7379312 0.1017779
v 0.0131481 0.7323798 0.1008104
v 0.0064024 0.7289538 0.0997451
v -0.0011155 0.7280662 0.0987106
v -0.4284989 0.8298241 0.0478317
v -0.4348572 0.8340156 0.0472142
v -0.4394235 0.8401350 0.0469328
v -0.4416471 0.8474443 0.0470213
v 0.0180512 0.7390995 0.1062717
v 0.0126655 0.7345757 0.1092561
v 0.0057522 0.7319122 0.1111240
v -0.0018550 0.7314304 0.1116502
v -0.4292384 0.8331883 0.0607712
v -0.4355075 0.8369740 0.0585931
v -0.4399062 0.8423308 0.0553785
v -0.4419039 0.8486127 0.0515152
v 0.0185302 0.7426147 0.1092784
v 0.0135657 0.7411820 0.1149068
v 0.0069650 0.7408128 0.1187372
v -0.0004758 0.7415518 0.1203077
v -0.4278592 0.8433097 0.0694287
v -0.4342946 0.8458746 0.0662063
v -0.4390059 0.8489371 0.0610292
v -0.4414249 0.8521278 0.0545219
v -0.0212596 0.7449382 0.1025309
v -0.0203930 0.7433530 0.0951071
v -0.0170667 0.7425695 0.0882734
v -0.0116819 0.7426823 0.0828541
v -0.0048881 0.7436776 0.0795028
v 0.4224953 0.8454356 0.0286238
v 0.4295777 0.8477441 0.0303232
v 0.4355049 0.8503247 0.0343958
v 0.4395620 0.8528661 0.0403505
v 0.4412596 0.8550618 0.0474691
v -0.0214249 0.7478722 0.0954781
v -0.0190059 0.7510629 0.0889708
v -0.0142946 0.7541254 0.0837937
v -0.0078592 0.7566903 0.0805713
v 0.4195242 0.8584482 0.0296923
v 0.4269650 0.8591872 0.0312628
v 0.4335657 0.8588180 0.0350932
v 0.4385302 0.8573853 0.0407216
v -0.0219039 0.7513873 0.0984848
v -0.0199062 0.7576692 0.0946215
v -0.0155075 0.7630260 0.0914069
v -0.0092384 0.7668117 0.0892288
v 0.4181450 0.8685696 0.0383498
v 0.4257522 0.8680878 0.0388760
v 0.4326655 0.8654243 0.0407439
v 0.4380512 0.8609005 0.0437283
v -0.0216471 0.7525557 0.1029787
v -0.0194235 0.7598650 0.1030672
v -0.0148572 0.7659844 0.1027858
v -0.0084989 0.7701759 0.1021683
v 0.4188845 0.8719338 0.0512894
v 0.4264024 0.8710462 0.0502549
v 0.4331481 0.8676202 0.0491896
v 0.4383080 0.8620688 0.0482221
v -0.0207526 0.7509311 0.1072432
v -0.0177424 0.7568116 0.1110819
v -0.0125923 0.7618706 0.1135839
v -0.0059233 0.7654978 0.1144475
v 0.4214601 0.8672558 0.0635686
v 0.4286674 0.8669324 0.0610530
v 0.4348292 0.8645668 0.0572043
v 0.4392025 0.8604442 0.0524867
v -0.0195620 0.7471339 0.1096495
v -0.0155049 0.7496753 0.1156042
v -0.0095777 0.7522559 0.1196768
v -0.0024953 0.7545644 0.1213762
v 0.4248881 0.8563224 0.0704972
v 0.4316819 0.8573177 0.0671459
v 0.4370667 0.8574305 0.0617266
v 0.4403930 0.8566470 0.0548929
v -0.0185302 0.7426147 0.1092784
v -0.0135657 0.7411820 0.1149068
v -0.0069650 0.7408128 0.1187372
v 0.0004758 0.7415518 0.1203077
v 0.4278592 0.8433097 0.0694287
v 0.4342946 0.8458746 0.0662063
v 0.4390059 0.8489371 0.0610292
v 0.4414249 0.8521278 0.0545219
v -0.0180512 0.7390995 0.1062717
v -0.0126655 0.7345757 0.1092561
v -0.0057522 0.7319122 0.1111240
v 0.0018550 0.7314304 0.1116502
v 0.4292384 0.8331883 0.0607712
v 0.4355075 0.8369740 0.0585931
v 0.4399062 0.8423308 0.0553785
v 0.4419039 0.8486127 0.0515152
v -0.0183080 0.7379312 0.1017779
v -0.0131481 0.7323798 0.1008104
v -0.0064024 0.7289538 0.0997451
v 0.0011155 0.7280662 0.0987106
v 0.4284989 0.8298241 0.0478317
v 0.4348572 0.8340156 0.0472142
v 0.4394235 0.8401350 0.0469328
v 0.4416471 0.8474443 0.0470213
v -0.0192025 0.7395558 0.0975133
v -0.0148292 0.7354332 0.0927957
v -0.0086674 0.7330676 0.0889470
v -0.0014601 0.7327442 0.0864314
v 0.4259233 0.8345022 0.0355525
v 0.4325923 0.8381294 0.0364161
v 0.4377424 0.8431884 0.0389181
v 0.4407526 0.8490689 0.0427568
v 0.0134006 1.1920047 -0.0205584
v 0.0154393 1.1883160 -0.0159414
v 0.0156158 1.1836242 -0.0118140
v 0.0139089 1.1784954 -0.0086739
v 0.0105243 1.1735480 -0.0069000
v -0.4741297 0.7393788 0.0132940
v -0.4794917 0.7364907 0.0118844
v -0.4849151 0.7352320 0.0090415
v -0.4897455 0.7357545 0.0051080
v -0.4934006 0.7379953 0.0005584
v 0.0131530 1.1909397 -0.0144034
v 0.0113189 1.1885552 -0.0089234
v 0.0081196 1.1851389 -0.0047795
v 0.0039410 1.1811027 -0.0024714
v -0.4807130 0.7469335 0.0177225
v -0.4852809 0.7431342 0.0157789
v -0.4892120 0.7401630 0.0119320
v -0.4920319 0.7383783 0.0066460
v 0.0106525 1.1936937 -0.0152035
v 0.0066196 1.1937310 -0.0104271
v 0.0017883 1.1921122 -0.0068054
v -0.0032587 1.1890325 -0.0047752
v -0.4879127 0.7548633 0.0154187
v -0.4916123 0.7501075 0.0137529
v -0.4939113 0.7453388 0.0104283
v -0.4945323 0.7411323 0.0058459
v 0.0088931 1.1955260 -0.0180361
v 0.0033129 1.1971746 -0.0157507
v -0.0026668 1.1967518 -0.0139779
v -0.0083249 1.1943084 -0.0129314
v -0.4929789 0.7601392 0.0072625
v -0.4960674 0.7547471 0.0065805
v -0.4972180 0.7487824 0.0051047
v -0.4962918 0.7429646 0.0030133
v 0.0085466 1.1957368 -0.0218193
v 0.0026618 1.1975707 -0.0228608
v -0.0035441 1.1972854 -0.0235572
v -0.0093225 1.1949152 -0.0238246
v -0.4939764 0.7607461 -0.0036307
v -0.4969446 0.7552807 -0.0029988
v -0.4978691 0.7491785 -0.0020053
v -0.4966382 0.7431753 -0.0007699
v 0.0097455 1.1942455 -0.0251080
v 0.0049151 1.1947680 -0.0290415
v -0.0005083 1.1935093 -0.0318844
v -0.0058703 1.1906212 -0.0332940
v -0.4905243 0.7564520 -0.0131000
v -0.4939089 0.7515046 -0.0113261
v -0.4956158 0.7463758 -0.0081860
v -0.4954393 0.7416840 -0.0040586
v 0.0120319 1.1916217 -0.0266460
v 0.0092120 1.1898370 -0.0319320
v 0.0052809 1.1868658 -0.0357789
v 0.0007130 1.1830665 -0.0377225
v -0.4839410 0.7488973 -0.0175286
v -0.4881196 0.7448611 -0.0152205
v -0.4913189 0.7414448 -0.0110766
v -0.4931530 0.7390603 -0.0055966
v 0.0145323 1.1888677 -0.0258459
v 0.0139113 1.1846612 -0.0304283
v 0.0116123 1.1798925 -0.0337529
v 0.0079127 1.1751367 -0.0354187
v -0.4767413 0.7409675 -0.0152248
v -0.4817883 0.7378878 -0.0131946
v -0.4866196 0.7362690 -0.0095729
v -0.4906525 0.7363063 -0.0047965
v 0.0162918 1.1870354 -0.0230133
v 0.0172180 1.1812176 -0.0251047
v 0.0160674 1.1752529 -0.0265805
v 0.0129789 1.1698608 -0.0272625
v -0.4716751 0.7356916 -0.0070686
v -0.4773332 0.7332482 -0.0060221
v -0.4833129 0.7328254 -0.0042493
v -0.4888931 0.7344740 -0.0019639
v 0.0166382 1.1868247 -0.0192301
v 0.0178691 1.1808215 -0.0179947
v 0.0169446 1.1747193 -0.0170012
v 0.0139764 1.1692539 -0.0163693
v -0.4706775 0.7350848 0.0038246
v -0.4764559 0.7327146 0.0035572
v -0.4826618 0.7324293 0.0028608
v -0.4885466 0.7342632 0.0018193
v -0.4784103 0.7639095 -0.0000000
v -0.4737797 0.7625304 0.0005437
v -0.4698993 0.7596401 0.0010218
v -0.4672371 0.7555870 0.0013767
v -0.4661144 0.7508600 0.0015655
v -0.5466665 0.0460293 0.0015655
v -0.5488268 0.0416775 0.0013767
v -0.5523347 0.0383295 0.0010218
v -0.5567672 0.0363892 0.0005437
v -0.5615897 0.0360905 0.0000000
v -0.4749999 0.7626699 0.0032361
v -0.4721925 0.7599021 0.0060819
v -0.4703268 0.7559401 0.0081942
v -0.4696278 0.7512615 0.0093181
v -0.5501799 0.0464308 0.0093181
v -0.5519164 0.0420306 0.0081942
v -0.5546280 0.0385916 0.0060819
v -0.5579874 0.0365287 0.0032361
v -0.4775594 0.7629624 0.0046925
v -0.4770028 0.7604519 0.0088190
v -0.4768077 0.7566807 0.0118818
v -0.4769976 0.7521038 0.0135115
v -0.5575497 0.0472731 0.0135115
v -0.5583973 0.0427713 0.0118818
v -0.5594383 0.0391414 0.0088190
v -0.5605469 0.0368212 0.0046925
v -0.4804805 0.7632963 0.0043565
v -0.4824928 0.7610793 0.0081875
v -0.4842043 0.7575261 0.0110310
v -0.4854088 0.7530650 0.0125439
v -0.5659609 0.0482343 0.0125439
v -0.5657940 0.0436166 0.0110310
v -0.5649283 0.0397688 0.0081875
v -0.5634681 0.0371550 0.0043565
v -0.4826476 0.7635439 0.0023564
v -0.4865655 0.7615448 0.0044286
v -0.4896915 0.7581532 0.0059667
v -0.4916485 0.7537782 0.0067850
v -0.5722006 0.0489475 0.0067850
v -0.5712811 0.0442437 0.0059667
v -0.5690010 0.0402342 0.0044286
v -0.5656351 0.0374027 0.0023564
v -0.4832328 0.7636108 -0.0005437
v -0.4876653 0.7616705 -0.0010218
v -0.4911732 0.7583225 -0.0013767
v -0.4933335 0.7539707 -0.0015655
v -0.5738856 0.0491400 -0.0015655
v -0.5727629 0.0444130 -0.0013767
v -0.5701007 0.0403599 -0.0010218
v -0.5662203 0.0374696 -0.0005437
v -0.4820126 0.7634713 -0.0032361
v -0.4853720 0.7614084 -0.0060819
v -0.4880836 0.7579694 -0.0081942
v -0.4898201 0.7535692 -0.0093181
v -0.5703722 0.0487385 -0.0093181
v -0.5696732 0.0440599 -0.0081942
v -0.5678075 0.0400979 -0.0060819
v -0.5650001 0.0373301 -0.0032361
v -0.4794531 0.7631788 -0.0046925
v -0.4805617 0.7608586 -0.0088190
v -0.4816027 0.7572287 -0.0118818
v -0.4824503 0.7527269 -0.0135115
v -0.5630024 0.0478962 -0.0135115
v -0.5631923 0.0433193 -0.0118818
v -0.5629972 0.0395481 -0.0088190
v -0.5624406 0.0370376 -0.0046925
v -0.4765319 0.7628450 -0.0043565
v -0.4750717 0.7602312 -0.0081875
v -0.4742060 0.7563834 -0.0110310
v -0.4740391 0.7517657 -0.0125439
v -0.5545912 0.0469350 -0.0125439
v -0.5557957 0.0424739 -0.0110310
v -0.5575072 0.0389207 -0.0081875
v -0.5595195 0.0367037 -0.0043565
v -0.4743649 0.7625973 -0.0023564
v -0.4709990 0.7597658 -0.0044286
v -0.4687189 0.7557563 -0.0059667
v -0.4677994 0.7510525 -0.0067850
v -0.5483515 0.0462218 -0.0067850
v -0.5503085 0.0418468 -0.0059667
v -0.5534345 0.0384552 -0.0044286
v -0.5573524 0.0364561 -0.0023564
v 0.0043641 -0.3625438 -0.0204849
v 0.0099049 -0.3650060 -0.0189631
v 0.0142510 -0.3692768 -0.0175663
v 0.0168782 -0.3748410 -0.0164631
v 0.0174697 -0.3810273 -0.0157864
v -0.1640459 -1.1070898 0.0043820
v -0.1674858 -1.1122972 0.0040218
v -0.1724351 -1.1160213 0.0031766
v -0.1782969 -1.1178130 0.0019482
v -0.1843641 -1.1174562 0.0004849
v 0.0079679 -0.3644322 -0.0157388
v 0.0106107 -0.3681984 -0.0115067
v 0.0119737 -0.3733880 -0.0082990
v 0.0118924 -0.3793751 -0.0065026
v -0.1696232 -1.1054376 0.0136658
v -0.1723904 -1.1108443 0.0121859
v -0.1760755 -1.1149429 0.0092362
v -0.1802339 -1.1172392 0.0051725
v 0.0045539 -0.3635392 -0.0143162
v 0.0041944 -0.3665201 -0.0088331
v 0.0033290 -0.3711268 -0.0046969
v 0.0020621 -0.3768038 -0.0024065
v -0.1794535 -1.1028663 0.0177619
v -0.1810350 -1.1085830 0.0157880
v -0.1824917 -1.1132646 0.0119098
v -0.1836479 -1.1163462 0.0065951
v 0.0009668 -0.3626681 -0.0152387
v -0.0025471 -0.3648829 -0.0105668
v -0.0057537 -0.3689210 -0.0070327
v -0.0082664 -0.3742954 -0.0050626
v -0.1897820 -1.1003579 0.0151058
v -0.1901178 -1.1063772 0.0134522
v -0.1892332 -1.1116274 0.0101761
v -0.1872349 -1.1154751 0.0056726
v -0.0014231 -0.3621516 -0.0181539
v -0.0070387 -0.3639121 -0.0160455
v -0.0118053 -0.3676132 -0.0144142
v -0.0151480 -0.3728082 -0.0134565
v -0.1966636 -1.0988707 0.0067119
v -0.1961693 -1.1050694 0.0060707
v -0.1937248 -1.1106566 0.0046974
v -0.1896249 -1.1149585 0.0027574
v -0.0017031 -0.3621870 -0.0219482
v -0.0075649 -0.3639787 -0.0231766
v -0.0125142 -0.3677028 -0.0240218
v -0.0159541 -0.3729102 -0.0243820
v -0.1974697 -1.0989727 -0.0042136
v -0.1968782 -1.1051590 -0.0035369
v -0.1942510 -1.1107232 -0.0024337
v -0.1899049 -1.1149940 -0.0010369
v 0.0002339 -0.3627608 -0.0251725
v -0.0039245 -0.3650571 -0.0292362
v -0.0076096 -0.3691557 -0.0321859
v -0.0103768 -0.3745624 -0.0336658
v -0.1918924 -1.1006249 -0.0134974
v -0.1919737 -1.1066120 -0.0117010
v -0.1906107 -1.1118016 -0.0084933
v -0.1879679 -1.1155678 -0.0042612
v 0.0036479 -0.3636538 -0.0265951
v 0.0024917 -0.3667354 -0.0319098
v 0.0010350 -0.3714170 -0.0357880
v -0.0005465 -0.3771337 -0.0377619
v -0.1820621 -1.1031962 -0.0175935
v -0.1833290 -1.1088732 -0.0153031
v -0.1841944 -1.1134799 -0.0111669
v -0.1845539 -1.1164608 -0.0056838
v 0.0072349 -0.3645249 -0.0256726
v 0.0092332 -0.3683726 -0.0301761
v 0.0101178 -0.3736228 -0.0334522
v 0.0097820 -0.3796421 -0.0351058
v -0.1717336 -1.1057046 -0.0149374
v -0.1742463 -1.1110790 -0.0129673
v -0.1774529 -1.1151171 -0.0094332
v -0.1809668 -1.1173319 -0.0047613
v 0.0096249 -0.3650415 -0.0227574
v 0.0137248 -0.3693434 -0.0246974
v 0.0161693 -0.3749306 -0.0260707
v 0.0166636 -0.3811293 -0.0267119
v -0.1648520 -1.1071918 -0.0065435
v -0.1681947 -1.1123868 -0.0055858
v -0.1729613 -1.1160879 -0.0039545
v -0.1785769 -1.1178484 -0.0018461
v -0.1800000 -1.0860000 -0.0000000
v -0.1752117 -1.0868443 -0.0000000
v -0.1710010 -1.0892754 -0.0000000
v -0.1678756 -1.0930000 -0.0000000
v -0.1662127 -1.0975689 -0.0000000
v -0.1662127 -2.0524311 0.0000000
v -0.1678756 -2.0570000 0.0000000
v -0.1710010 -2.0607246 0.0000000
v -0.1752117 -2.0631557 0.0000000
v -0.1800000 -2.0640000 0.0000000
v -0.1761262 -1.0868443 0.0028145
v -0.1727196 -1.0892754 0.0052895
v -0.1701912 -1.0930000 0.0071265
v -0.1688458 -1.0975689 0.0081040
v -0.1688458 -2.0524311 0.0081040
v -0.1701912 -2.0570000 0.0071265
v -0.1727196 -2.0607246 0.0052895
v -0.1761262 -2.0631557 0.0028145
v -0.1785203 -1.0868443 0.0045539
v -0.1772191 -1.0892754 0.0085586
v -0.1762534 -1.0930000 0.0115309
v -0.1757395 -1.0975689 0.0131125
v -0.1757395 -2.0524311 0.0131125
v -0.1762534 -2.0570000 0.0115309
v -0.1772191 -2.0607246 0.0085586
v -0.1785203 -2.0631557 0.0045539
v -0.1814797 -1.0868443 0.0045539
v -0.1827809 -1.0892754 0.0085586
v -0.1837466 -1.0930000 0.0115309
v -0.1842605 -1.0975689 0.0131125
v -0.1842605 -2.0524311 0.0131125
v -0.1837466 -2.0570000 0.0115309
v -0.1827809 -2.0607246 0.0085586
v -0.1814797 -2.0631557 0.0045539
v -0.1838738 -1.0868443 0.0028145
v -0.1872804 -1.0892754 0.0052895
v -0.1898088 -1.0930000 0.0071265
v -0.1911542 -1.0975689 0.0081040
v -0.1911542 -2.0524311 0.0081040
v -0.1898088 -2.0570000 0.0071265
v -0.1872804 -2.0607246 0.0052895
v -0.1838738 -2.0631557 0.0028145
v -0.1847883 -1.0868443 -0.0000000
v -0.1889990 -1.0892754 -0.0000000
v -0.1921244 -1.0930000 -0.0000000
v -0.1937873 -1.0975689 -0.0000000
v -0.1937873 -2.0524311 0.0000000
v -0.1921244 -2.0570000 0.0000000
v -0.1889990 -2.0607246 0.0000000
v -0.1847883 -2.0631557 0.0000000
v -0.1838738 -1.0868443 -0.0028145
v -0.1872804 -1.0892754 -0.0052895
v -0.1898088 -1.0930000 -0.0071265
v -0.1911542 -1.0975689 -0.0081040
v -0.1911542 -2.0524311 -0.0081040
v -0.1898088 -2.0570000 -0.0071265
v -0.1872804 -2.0607246 -0.0052895
v -0.1838738 -2.0631557 -0.0028145
v -0.1814797 -1.0868443 -0.0045539
v -0.1827809 -1.0892754 -0.0085586
v -0.1837466 -1.0930000 -0.0115309
v -0.1842605 -1.0975689 -0.0131125
v -0.1842605 -2.0524311 -0.0131125
v -0.1837466 -2.0570000 -0.0115309
v -0.1827809 -2.0607246 -0.0085586
v -0.1814797 -2.0631557 -0.0045539
v -0.1785203 -1.0868443 -0.0045539
v -0.1772191 -1.0892754 -0.0085586
v -0.1762534 -1.0930000 -0.0115309
v -0.1757395 -1.0975689 -0.0131125
v -0.1757395 -2.0524311 -0.0131125
v -0.1762534 -2.0570000 -0.0115309
v -0.1772191 -2.0607246 -0.0085586
v -0.1785203 -2.0631557 -0.0045539
v -0.1761262 -1.0868443 -0.0028145
v -0.1727196 -1.0892754 -0.0052895
v -0.1701912 -1.0930000 -0.0071265
v -0.1688458 -1.0975689 -0.0081040
v -0.1688458 -2.0524311 -0.0081040
v -0.1701912 -2.0570000 -0.0071265
v -0.1727196 -2.0607246 -0.0052895
v -0.1761262 -2.0631557 -0.0028145
v -0.0134006 1.1920047 -0.0205584
v -0.0097455 1.1942455 -0.0251080
v -0.0049151 1.1947680 -0.0290415
v 0.0005083 1.1935093 -0.0318844
v 0.0058703 1.1906212 -0.0332940
v 0.4905243 0.7564520 -0.0131000
v 0.4939089 0.7515046 -0.0113261
v 0.4956158 0.7463758 -0.0081860
v 0.4954393 0.7416840 -0.0040586
v 0.4934006 0.7379953 0.0005584
v -0.0085466 1.1957368 -0.0218193
v -0.0026618 1.1975707 -0.0228608
v 0.0035441 1.1972854 -0.0235572
v 0.0093225 1.1949152 -0.0238246
v 0.4939764 0.7607461 -0.0036307
v 0.4969446 0.7552807 -0.0029988
v 0.4978691 0.7491785 -0.0020053
v 0.4966382 0.7431753 -0.0007699
v -0.0088931 1.1955260 -0.0180361
v -0.0033129 1.1971746 -0.0157507
v 0.0026668 1.1967518 -0.0139779
v 0.0083249 1.1943084 -0.0129314
v 0.4929789 0.7601392 0.0072625
v 0.4960674 0.7547471 0.0065805
v 0.4972180 0.7487824 0.0051047
v 0.4962918 0.7429646 0.0030133
v -0.0106525 1.1936937 -0.0152035
v -0.0066196 1.1937310 -0.0104271
v -0.0017883 1.1921122 -0.0068054
v 0.0032587 1.1890325 -0.0047752
v 0.4879127 0.7548633 0.0154187
v 0.4916123 0.7501075 0.0137529
v 0.4939113 0.7453388 0.0104283
v 0.4945323 0.7411323 0.0058459
v -0.0131530 1.1909397 -0.0144034
v -0.0113189 1.1885552 -0.0089234
v -0.0081196 1.1851389 -0.0047795
v -0.0039410 1.1811027 -0.0024714
v 0.4807130 0.7469335 0.0177225
v 0.4852809 0.7431342 0.0157789
v 0.4892120 0.7401630 0.0119320
v 0.4920319 0.7383783 0.0066460
v -0.0154393 1.1883160 -0.0159414
v -0.0156158 1.1836242 -0.0118140
v -0.0139089 1.1784954 -0.0086739
v -0.0105243 1.1735480 -0.0069000
v 0.4741297 0.7393788 0.0132940
v 0.4794917 0.7364907 0.0118844
v 0.4849151 0.7352320 0.0090415
v 0.4897455 0.7357545 0.0051080
v -0.0166382 1.1868247 -0.0192301
v -0.0178691 1.1808215 -0.0179947
v -0.0169446 1.1747193 -0.0170012
v -0.0139764 1.1692539 -0.0163693
v 0.4706775 0.7350848 0.0038246
v 0.4764559 0.7327146 0.0035572
v 0.4826618 0.7324293 0.0028608
v 0.4885466 0.7342632 0.0018193
v -0.0162918 1.1870354 -0.0230133
v -0.0172180 1.1812176 -0.0251047
v -0.0160674 1.1752529 -0.0265805
v -0.0129789 1.1698608 -0.0272625
v 0.4716751 0.7356916 -0.0070686
v 0.4773332 0.7332482 -0.0060221
v 0.4833129 0.7328254 -0.0042493
v 0.4888931 0.7344740 -0.0019639
v -0.0145323 1.1888677 -0.0258459
v -0.0139113 1.1846612 -0.0304283
v -0.0116123 1.1798925 -0.0337529
v -0.0079127 1.1751367 -0.0354187
v 0.4767413 0.7409675 -0.0152248
v 0.4817883 0.7378878 -0.0131946
v 0.4866196 0.7362690 -0.0095729
v 0.4906525 0.7363063 -0.0047965
v -0.0120319 1.1916217 -0.0266460
v -0.0092120 1.1898370 -0.0319320
v -0.0052809 1.1868658 -0.0357789
v -0.0007130 1.1830665 -0.0377225
v 0.4839410 0.7488973 -0.0175286
v 0.4881196 0.7448611 -0.0152205
v 0.4913189 0.7414448 -0.0110766
v 0.4931530 0.7390603 -0.0055966
v 0.4784103 0.7639095 -0.0000000
v 0.4832328 0.7636108 -0.0005437
v 0.4876653 0.7616705 -0.0010218
v 0.4911732 0.7583225 -0.0013767
v 0.4933335 0.7539707 -0.0015655
v 0.5738856 0.0491400 -0.0015655
v 0.5727629 0.0444130 -0.0013767
v 0.5701007 0.0403599 -0.0010218
v 0.5662203 0.0374696 -0.0005437
v 0.5615897 0.0360905 0.0000000
v 0.4826476 0.7635439 0.0023564
v 0.4865655 0.7615448 0.0044286
v 0.4896915 0.7581532 0.0059667
v 0.4916485 0.7537782 0.0067850
v 0.5722006 0.0489475 0.0067850
v 0.5712811 0.0442437 0.0059667
v 0.5690010 0.0402342 0.0044286
v 0.5656351 0.0374027 0.0023564
v 0.4804805 0.7632963 0.0043565
v 0.4824928 0.7610793 0.0081875
v 0.4842043 0.7575261 0.0110310
v 0.4854088 0.7530650 0.0125439
v 0.5659609 0.0482343 0.0125439
v 0.5657940 0.0436166 0.0110310
v 0.5649283 0.0397688 0.0081875
v 0.5634681 0.0371550 0.0043565
v 0.4775594 0.7629624 0.0046925
v 0.4770028 0.7604519 0.0088190
v 0.4768077 0.7566807 0.0118818
v 0.4769976 0.7521038 0.0135115
v 0.5575497 0.0472731 0.0135115
v 0.5583973 0.0427713 0.0118818
v 0.5594383 0.0391414 0.0088190
v 0.5605469 0.0368212 0.0046925
v 0.4749999 0.7626699 0.0032361
v 0.4721925 0.7599021 0.0060819
v 0.4703268 0.7559401 0.0081942
v 0.4696278 0.7512615 0.0093181
v 0.5501799 0.0464308 0.0093181
v 0.5519164 0.0420306 0.0081942
v 0.5546280 0.0385916 0.0060819
v 0.5579874 0.0365287 0.0032361
v 0.4737797 0.7625304 0.0005437
v 0.4698993 0.7596401 0.0010218
v 0.4672371 0.7555870 0.0013767
v 0.4661144 0.7508600 0.0015655
v 0.5466665 0.0460293 0.0015655
v 0.5488268 0.0416775 0.0013767
v 0.5523347 0.0383295 0.0010218
v 0.5567672 0.0363892 0.0005437
v 0.4743649 0.7625973 -0.0023564
v 0.4709990 0.7597658 -0.0044286
v 0.4687189 0.7557563 -0.0059667
v 0.4677994 0.7510525 -0.0067850
v 0.5483515 0.0462218 -0.0067850
v 0.5503085 0.0418468 -0.0059667
v 0.5534345 0.0384552 -0.0044286
v 0.5573524 0.0364561 -0.0023564
v 0.4765319 0.7628450 -0.0043565
v 0.4750717 0.7602312 -0.0081875
v 0.4742060 0.7563834 -0.0110310
v 0.4740391 0.7517657 -0.0125439
v 0.5545912 0.0469350 -0.0125439
v 0.5557957 0.0424739 -0.0110310
v 0.5575072 0.0389207 -0.0081875
v 0.5595195 0.0367037 -0.0043565
v 0.4794531 0.7631788 -0.0046925
v 0.4805617 0.7608586 -0.0088190
v 0.4816027 0.7572287 -0.0118818
v 0.4824503 0.7527269 -0.0135115
v 0.5630024 0.0478962 -0.0135115
v 0.5631923 0.0433193 -0.0118818
v 0.5629972 0.0395481 -0.0088190
v 0.5624406 0.0370376 -0.0046925
v 0.4820126 0.7634713 -0.0032361
v 0.4853720 0.7614084 -0.0060819
v 0.4880836 0.7579694 -0.0081942
v 0.4898201 0.7535692 -0.0093181
v 0.5703722 0.0487385 -0.0093181
v 0.5696732 0.0440599 -0.0081942
v 0.5678075 0.0400979 -0.0060819
v 0.5650001 0.0373301 -0.0032361
v -0.0043641 -0.3625438 -0.0204849
v 0.0017031 -0.3621870 -0.0219482
v 0.0075649 -0.3639787 -0.0231766
v 0.0125142 -0.3677028 -0.0240218
v 0.0159541 -0.3729102 -0.0243820
v 0.1974697 -1.0989727 -0.0042136
v 0.1968782 -1.1051590 -0.0035369
v 0.1942510 -1.1107232 -0.0024337
v 0.1899049 -1.1149940 -0.0010369
v 0.1843641 -1.1174562 0.0004849
v 0.0014231 -0.3621516 -0.0181539
v 0.0070387 -0.3639121 -0.0160455
v 0.0118053 -0.3676132 -0.0144142
v 0.0151480 -0.3728082 -0.0134565
v 0.1966636 -1.0988707 0.0067119
v 0.1961693 -1.1050694 0.0060707
v 0.1937248 -1.1106566 0.0046974
v 0.1896249 -1.1149585 0.0027574
v -0.0009668 -0.3626681 -0.0152387
v 0.0025471 -0.3648829 -0.0105668
v 0.0057537 -0.3689210 -0.0070327
v 0.0082664 -0.3742954 -0.0050626
v 0.1897820 -1.1003579 0.0151058
v 0.1901178 -1.1063772 0.0134522
v 0.1892332 -1.1116274 0.0101761
v 0.1872349 -1.1154751 0.0056726
v -0.0045539 -0.3635392 -0.0143162
v -0.0041944 -0.3665201 -0.0088331
v -0.0033290 -0.3711268 -0.0046969
v -0.0020621 -0.3768038 -0.0024065
v 0.1794535 -1.1028663 0.0177619
v 0.1810350 -1.1085830 0.0157880
v 0.1824917 -1.1132646 0.0119098
v 0.1836479 -1.1163462 0.0065951
v -0.0079679 -0.3644322 -0.0157388
v -0.0106107 -0.3681984 -0.0115067
v -0.0119737 -0.3733880 -0.0082990
v -0.0118924 -0.3793751 -0.0065026
v 0.1696232 -1.1054376 0.0136658
v 0.1723904 -1.1108443 0.0121859
v 0.1760755 -1.1149429 0.0092362
v 0.1802339 -1.1172392 0.0051725
v -0.0099049 -0.3650060 -0.0189631
v -0.0142510 -0.3692768 -0.0175663
v -0.0168782 -0.3748410 -0.0164631
v -0.0174697 -0.3810273 -0.0157864
v 0.1640459 -1.1070898 0.0043820
v 0.1674858 -1.1122972 0.0040218
v 0.1724351 -1.1160213 0.0031766
v 0.1782969 -1.1178130 0.0019482
v -0.0096249 -0.3650415 -0.0227574
v -0.0137248 -0.3693434 -0.0246974
v -0.0161693 -0.3749306 -0.0260707
v -0.0166636 -0.3811293 -0.0267119
v 0.1648520 -1.1071918 -0.0065435
v 0.1681947 -1.1123868 -0.0055858
v 0.1729613 -1.1160879 -0.0039545
v 0.1785769 -1.1178484 -0.0018461
v -0.0072349 -0.3645249 -0.0256726
v -0.0092332 -0.3683726 -0.0301761
v -0.0101178 -0.3736228 -0.0334522
v -0.0097820 -0.3796421 -0.0351058
v 0.1717336 -1.1057046 -0.0149374
v 0.1742463 -1.1110790 -0.0129673
v 0.1774529 -1.1151171 -0.0094332
v 0.1809668 -1.1173319 -0.0047613
v -0.0036479 -0.3636538 -0.0265951
v -0.0024917 -0.3667354 -0.0319098
v -0.0010350 -0.3714170 -0.0357880
v 0.0005465 -0.3771337 -0.0377619
v 0.1820621 -1.1031962 -0.0175935
v 0.1833290 -1.1088732 -0.0153031
v 0.1841944 -1.1134799 -0.0111669
v 0.1845539 -1.1164608 -0.0056838
v -0.0002339 -0.3627608 -0.0251725
v 0.0039245 -0.3650571 -0.0292362
v 0.0076096 -0.3691557 -0.0321859
v 0.0103768 -0.3745624 -0.0336658
v 0.1918924 -1.1006249 -0.0134974
v 0.1919737 -1.1066120 -0.0117010
v 0.1906107 -1.1118016 -0.0084933
v 0.1879679 -1.1155678 -0.0042612
v 0.1800000 -1.0860000 -0.0000000
v 0.1847883 -1.0868443 -0.0000000
v 0.1889990 -1.0892754 -0.0000000
v 0.1921244 -1.0930000 -0.0000000
v 0.1937873 -1.0975689 -0.0000000
v 0.1937873 -2.0524311 0.0000000
v 0.1921244 -2.0570000 0.0000000
v 0.1889990 -2.0607246 0.0000000
v 0.1847883 -2.0631557 0.0000000
v 0.1800000 -2.0640000 0.0000000
v 0.1838738 -1.0868443 0.0028145
v 0.1872804 -1.0892754 0.0052895
v 0.1898088 -1.0930000 0.0071265
v 0.1911542 -1.0975689 0.0081040
v 0.1911542 -2.0524311 0.0081040
v 0.1898088 -2.0570000 0.0071265
v 0.1872804 -2.0607246 0.0052895
v 0.1838738 -2.0631557 0.0028145
v 0.1814797 -1.0868443 0.0045539
v 0.1827809 -1.0892754 0.0085586
v 0.1837466 -1.0930000 0.0115309
v 0.1842605 -1.0975689 0.0131125
v 0.1842605 -2.0524311 0.0131125
v 0.1837466 -2.0570000 0.0115309
v 0.1827809 -2.0607246 0.0085586
v 0.1814797 -2.0631557 0.0045539
v 0.1785203 -1.0868443 0.0045539
v 0.1772191 -1.0892754 0.0085586
v 0.1762534 -1.0930000 0.0115309
v 0.1757395 -1.0975689 0.0131125
v 0.1757395 -2.0524311 0.0131125
v 0.1762534 -2.0570000 0.0115309
v 0.1772191 -2.0607246 0.0085586
v 0.1785203 -2.0631557 0.0045539
v 0.1761262 -1.0868443 0.0028145
v 0.1727196 -1.0892754 0.0052895
v 0.1701912 -1.0930000 0.0071265
v 0.1688458 -1.0975689 0.0081040
v 0.1688458 -2.0524311 0.0081040
v 0.1701912 -2.0570000 0.0071265
v 0.1727196 -2.0607246 0.0052895
v 0.1761262 -2.0631557 0.0028145
v 0.1752117 -1.0868443 -0.0000000
v 0.1710010 -1.0892754 -0.0000000
v 0.1678756 -1.0930000 -0.0000000
v 0.1662127 -1.0975689 -0.0000000
v 0.1662127 -2.0524311 0.0000000
v 0.1678756 -2.0570000 0.0000000
v 0.1710010 -2.0607246 0.0000000
v 0.1752117 -2.0631557 0.0000000
v 0.1761262 -1.0868443 -0.0028145
v 0.1727196 -1.0892754 -0.0052895
v 0.1701912 -1.0930000 -0.0071265
v 0.1688458 -1.0975689 -0.0081040
v 0.1688458 -2.0524311 -0.0081040
v 0.1701912 -2.0570000 -0.0071265
v 0.1727196 -2.0607246 -0.0052895
v 0.1761262 -2.0631557 -0.0028145
v 0.1785203 -1.0868443 -0.0045539
v 0.1772191 -1.0892754 -0.0085586
v 0.1762534 -1.0930000 -0.0115309
v 0.1757395 -1.0975689 -0.0131125
v 0.1757395 -2.0524311 -0.0131125
v 0.1762534 -2.0570000 -0.0115309
v 0.1772191 -2.0607246 -0.0085586
v 0.1785203 -2.0631557 -0.0045539
v 0.1814797 -1.0868443 -0.0045539
v 0.1827809 -1.0892754 -0.0085586
v 0.1837466 -1.0930000 -0.0115309
v 0.1842605 -1.0975689 -0.0131125
v 0.1842605 -2.0524311 -0.0131125
v 0.1837466 -2.0570000 -0.0115309
v 0.1827809 -2.0607246 -0.0085586
v 0.1814797 -2.0631557 -0.0045539
v 0.1838738 -1.0868443 -0.0028145
v 0.1872804 -1.0892754 -0.0052895
v 0.1898088 -1.0930000 -0.0071265
v 0.1911542 -1.0975689 -0.0081040
v 0.1911542 -2.0524311 -0.0081040
v 0.1898088 -2.0570000 -0.0071265
v 0.1872804 -2.0607246 -0.0052895
v 0.1838738 -2.0631557 -0.0028145
v -0.2384006 1.0225325 0.0500000
v -0.2015994 1.0225325 0.0500000
v -0.2384006 0.9374675 0.0500000
v -0.2015994 0.9374675 0.0500000
v -0.2200000 0.9537134 0.0797728
v -0.2200000 1.0062866 0.0797728
v -0.2200000 0.9537134 0.0202272
v -0.2200000 1.0062866 0.0202272
v -0.1902272 0.9800000 0.0315994
v -0.1902272 0.9800000 0.0684006
v -0.2497728 0.9800000 0.0315994
v -0.2497728 0.9800000 0.0684006
v -0.2200000 1.0300000 0.0500000
v -0.2200000 0.9300000 0.0500000
v -0.2308156 0.9395492 0.0675000
v -0.2091844 0.9395492 0.0675000
v -0.2308156 1.0204508 0.0675000
v -0.2091844 1.0204508 0.0675000
v -0.2200000 0.9800000 0.0850000
v -0.2308156 0.9395492 0.0325000
v -0.2091844 0.9395492 0.0325000
v -0.2308156 1.0204508 0.0325000
v -0.2091844 1.0204508 0.0325000
v -0.2200000 0.9800000 0.0150000
v -0.1916844 1.0050000 0.0391844
v -0.1916844 0.9550000 0.0391844
v -0.2025000 0.9645492 0.0216844
v -0.2025000 0.9954508 0.0216844
v -0.1916844 1.0050000 0.0608156
v -0.1916844 0.9550000 0.0608156
v -0.2025000 0.9645492 0.0783156
v -0.2025000 0.9954508 0.0783156
v -0.1850000 0.9800000 0.0500000
v -0.2483156 1.0050000 0.0391844
v -0.2483156 0.9550000 0.0391844
v -0.2375000 0.9645492 0.0216844
v -0.2375000 0.9954508 0.0216844
v -0.2483156 1.0050000 0.0608156
v -0.2483156 0.9550000 0.0608156
v -0.2375000 0.9645492 0.0783156
v -0.2375000 0.9954508 0.0783156
v -0.2550000 0.9800000 0.0500000
v -0.2295643 1.0280969 0.0500000
v -0.2104357 1.0280969 0.0500000
v -0.2295643 0.9319031 0.0500000
v -0.2104357 0.9319031 0.0500000
v -0.2351861 0.9368666 0.0590962
v -0.2256218 0.9453110 0.0745716
v -0.2256861 0.9324472 0.0592003
v -0.2048139 0.9368666 0.0590962
v -0.2143782 0.9453110 0.0745716
v -0.2143139 0.9324472 0.0592003
v -0.2200000 0.9374675 0.0684006
v -0.2351861 1.0231334 0.0590962
v -0.2256218 1.0146890 0.0745716
v -0.2256861 1.0275528 0.0592003
v -0.2048139 1.0231334 0.0590962
v -0.2143782 1.0146890 0.0745716
v -0.2143139 1.0275528 0.0592003
v -0.2200000 1.0225325 0.0684006
v -0.2200000 0.9663367 0.0836678
v -0.2200000 0.9936633 0.0836678
v -0.2351861 0.9368666 0.0409038
v -0.2256218 0.9453110 0.0254284
v -0.2256861 0.9324472 0.0407997
v -0.2048139 0.9368666 0.0409038
v -0.2143782 0.9453110 0.0254284
v -0.2143139 0.9324472 0.0407997
v -0.2200000 0.9374675 0.0315994
v -0.2351861 1.0231334 0.0409038
v -0.2256218 1.0146890 0.0254284
v -0.2256861 1.0275528 0.0407997
v -0.2048139 1.0231334 0.0409038
v -0.2143782 1.0146890 0.0254284
v -0.2143139 1.0275528 0.0407997
v -0.2200000 1.0225325 0.0315994
v -0.2200000 0.9663367 0.0163322
v -0.2200000 0.9936633 0.0163322
v -0.1957177 1.0151023 0.0443782
v -0.1898066 0.9929946 0.0348139
v -0.1994275 1.0144095 0.0351136
v -0.1957177 0.9448977 0.0443782
v -0.1898066 0.9670054 0.0348139
v -0.1994275 0.9455905 0.0351136
v -0.2109038 0.9583056 0.0198066
v -0.1954284 0.9719689 0.0257177
v -0.2051136 0.9506107 0.0259133
v -0.2107997 0.9718770 0.0167130
v -0.1959133 0.9587337 0.0294275
v -0.2109038 1.0016944 0.0198066
v -0.1954284 0.9880311 0.0257177
v -0.2051136 1.0093893 0.0259133
v -0.2107997 0.9881230 0.0167130
v -0.1959133 1.0012663 0.0294275
v -0.2015994 0.9800000 0.0202272
v -0.1957177 1.0151023 0.0556218
v -0.1898066 0.9929946 0.0651861
v -0.1994275 1.0144095 0.0648864
v -0.1902272 1.0062866 0.0500000
v -0.1957177 0.9448977 0.0556218
v -0.1898066 0.9670054 0.0651861
v -0.1994275 0.9455905 0.0648864
v -0.1902272 0.9537134 0.0500000
v -0.2109038 0.9583056 0.0801934
v -0.1954284 0.9719689 0.0742823
v -0.2051136 0.9506107 0.0740867
v -0.2107997 0.9718770 0.0832870
v -0.1959133 0.9587337 0.0705725
v -0.2109038 1.0016944 0.0801934
v -0.1954284 0.9880311 0.0742823
v -0.2051136 1.0093893 0.0740867
v -0.2107997 0.9881230 0.0832870
v -0.1959133 1.0012663 0.0705725
v -0.2015994 0.9800000 0.0797728
v -0.1863322 0.9800000 0.0404357
v -0.1863322 0.9800000 0.0595643
v -0.1867130 0.9931433 0.0443139
v -0.1867130 0.9668567 0.0443139
v -0.1867130 0.9931433 0.0556861
v -0.1867130 0.9668567 0.0556861
v -0.2442823 1.0151023 0.0443782
v -0.2501934 0.9929946 0.0348139
v -0.2405725 1.0144095 0.0351136
v -0.2442823 0.9448977 0.0443782
v -0.2501934 0.9670054 0.0348139
v -0.2405725 0.9455905 0.0351136
v -0.2290962 0.9583056 0.0198066
v -0.2445716 0.9719689 0.0257177
v -0.2348864 0.9506107 0.0259133
v -0.2292003 0.9718770 0.0167130
v -0.2440867 0.9587337 0.0294275
v -0.2290962 1.0016944 0.0198066
v -0.2445716 0.9880311 0.0257177
v -0.2348864 1.0093893 0.0259133
v -0.2292003 0.9881230 0.0167130
v -0.2440867 1.0012663 0.0294275
v -0.2384006 0.9800000 0.0202272
v -0.2442823 1.0151023 0.0556218
v -0.2501934 0.9929946 0.0651861
v -0.2405725 1.0144095 0.0648864
v -0.2497728 1.0062866 0.0500000
v -0.2442823 0.9448977 0.0556218
v -0.2501934 0.9670054 0.0651861
v -0.2405725 0.9455905 0.0648864
v -0.2497728 0.9537134 0.0500000
v -0.2290962 0.9583056 0.0801934
v -0.2445716 0.9719689 0.0742823
v -0.2348864 0.9506107 0.0740867
v -0.2292003 0.9718770 0.0832870
v -0.2440867 0.9587337 0.0705725
v -0.2290962 1.0016944 0.0801934
v -0.2445716 0.9880311 0.0742823
v -0.2348864 1.0093893 0.0740867
v -0.2292003 0.9881230 0.0832870
v -0.2440867 1.0012663 0.0705725
v -0.2384006 0.9800000 0.0797728
v -0.2536678 0.9800000 0.0404357
v -0.2536678 0.9800000 0.0595643
v -0.2532870 0.9931433 0.0443139
v -0.2532870 0.9668567 0.0443139
v -0.2532870 0.9931433 0.0556861
v -0.2532870 0.9668567 0.0556861
v 0.2015994 1.0225325 0.0500000
v 0.2384006 1.0225325 0.0500000
v 0.2015994 0.9374675 0.0500000
v 0.2384006 0.9374675 0.0500000
v 0.2200000 0.9537134 0.0797728
v 0.2200000 1.0062866 0.0797728
v 0.2200000 0.9537134 0.0202272
v 0.2200000 1.0062866 0.0202272
v 0.2497728 0.9800000 0.0315994
v 0.2497728 0.9800000 0.0684006
v 0.1902272 0.9800000 0.0315994
v 0.1902272 0.9800000 0.0684006
v 0.2200000 1.0300000 0.0500000
v 0.2200000 0.9300000 0.0500000
v 0.2091844 0.9395492 0.0675000
v 0.2308156 0.9395492 0.0675000
v 0.2091844 1.0204508 0.0675000
v 0.2308156 1.0204508 0.0675000
v 0.2200000 0.9800000 0.0850000
v 0.2091844 0.9395492 0.0325000
v 0.2308156 0.9395492 0.0325000
v 0.2091844 1.0204508 0.0325000
v 0.2308156 1.0204508 0.0325000
v 0.2200000 0.9800000 0.0150000
v 0.2483156 1.0050000 0.0391844
v 0.2483156 0.9550000 0.0391844
v 0.2375000 0.9645492 0.0216844
v 0.2375000 0.9954508 0.0216844
v 0.2483156 1.0050000 0.0608156
v 0.2483156 0.9550000 0.0608156
v 0.2375000 0.9645492 0.0783156
v 0.2375000 0.9954508 0.0783156
v 0.2550000 0.9800000 0.0500000
v 0.1916844 1.0050000 0.0391844
v 0.1916844 0.9550000 0.0391844
v 0.2025000 0.9645492 0.0216844
v 0.2025000 0.9954508 0.0216844
v 0.1916844 1.0050000 0.0608156
v 0.1916844 0.9550000 0.0608156
v 0.2025000 0.9645492 0.0783156
v 0.2025000 0.9954508 0.0783156
v 0.1850000 0.9800000 0.0500000
v 0.2104357 1.0280969 0.0500000
v 0.2295643 1.0280969 0.0500000
v 0.2104357 0.9319031 0.0500000
v 0.2295643 0.9319031 0.0500000
v 0.2048139 0.9368666 0.0590962
v 0.2143782 0.9453110 0.0745716
v 0.2143139 0.9324472 0.0592003
v 0.2351861 0.9368666 0.0590962
v 0.2256218 0.9453110 0.0745716
v 0.2256861 0.9324472 0.0592003
v 0.2200000 0.9374675 0.0684006
v 0.2048139 1.0231334 0.0590962
v 0.2143782 1.0146890 0.0745716
v 0.2143139 1.0275528 0.0592003
v 0.2351861 1.0231334 0.0590962
v 0.2256218 1.0146890 0.0745716
v 0.2256861 1.0275528 0.0592003
v 0.2200000 1.0225325 0.0684006
v 0.2200000 0.9663367 0.0836678
v 0.2200000 0.9936633 0.0836678
v 0.2048139 0.9368666 0.0409038
v 0.2143782 0.9453110 0.0254284
v 0.2143139 0.9324472 0.0407997
v 0.2351861 0.9368666 0.0409038
v 0.2256218 0.9453110 0.0254284
v 0.2256861 0.9324472 0.0407997
v 0.2200000 0.9374675 0.0315994
v 0.2048139 1.0231334 0.0409038
v 0.2143782 1.0146890 0.0254284
v 0.2143139 1.0275528 0.0407997
v 0.2351861 1.0231334 0.0409038
v 0.2256218 1.0146890 0.0254284
v 0.2256861 1.0275528 0.0407997
v 0.2200000 1.0225325 0.0315994
v 0.2200000 0.9663367 0.0163322
v 0.2200000 0.9936633 0.0163322
v 0.2442823 1.0151023 0.0443782
v 0.2501934 0.9929946 0.0348139
v 0.2405725 1.0144095 0.0351136
v 0.2442823 0.9448977 0.0443782
v 0.2501934 0.9670054 0.0348139
v 0.2405725 0.9455905 0.0351136
v 0.2290962 0.9583056 0.0198066
v 0.2445716 0.9719689 0.0257177
v 0.2348864 0.9506107 0.0259133
v 0.2292003 0.9718770 0.0167130
v 0.2440867 0.9587337 0.0294275
v 0.2290962 1.0016944 0.0198066
v 0.2445716 0.9880311 0.0257177
v 0.2348864 1.0093893 0.0259133
v 0.2292003 0.9881230 0.0167130
v 0.2440867 1.0012663 0.0294275
v 0.2384006 0.9800000 0.0202272
v 0.2442823 1.0151023 0.0556218
v 0.2501934 0.9929946 0.0651861
v 0.2405725 1.0144095 0.0648864
v 0.2497728 1.0062866 0.0500000
v 0.2442823 0.9448977 0.0556218
v 0.2501934 0.9670054 0.0651861
v 0.2405725 0.9455905 0.0648864
v 0.2497728 0.9537134 0.0500000
v 0.2290962 0.9583056 0.0801934
v 0.2445716 0.9719689 0.0742823
v 0.2348864 0.9506107 0.0740867
v 0.2292003 0.9718770 0.0832870
v 0.2440867 0.9587337 0.0705725
v 0.2290962 1.0016944 0.0801934
v 0.2445716 0.9880311 0.0742823
v 0.2348864 1.0093893 0.0740867
v 0.2292003 0.9881230 0.0832870
v 0.2440867 1.0012663 0.0705725
v 0.2384006 0.9800000 0.0797728
v 0.2536678 0.9800000 0.0404357
v 0.2536678 0.9800000 0.0595643
v 0.2532870 0.9931433 0.0443139
v 0.2532870 0.9668567 0.0443139
v 0.2532870 0.9931433 0.0556861
v 0.2532870 0.9668567 0.0556861
v 0.1957177 1.0151023 0.0443782
v 0.1898066 0.9929946 0.0348139
v 0.1994275 1.0144095 0.0351136
v 0.1957177 0.9448977 0.0443782
v 0.1898066 0.9670054 0.0348139
v 0.1994275 0.9455905 0.0351136
v 0.2109038 0.9583056 0.0198066
v 0.1954284 0.9719689 0.0257177
v 0.2051136 0.9506107 0.0259133
v 0.2107997 0.9718770 0.0167130
v 0.1959133 0.9587337 0.0294275
v 0.2109038 1.0016944 0.0198066
v 0.1954284 0.9880311 0.0257177
v 0.2051136 1.0093893 0.0259133
v 0.2107997 0.9881230 0.0167130
v 0.1959133 1.0012663 0.0294275
v 0.2015994 0.9800000 0.0202272
v 0.1957177 1.0151023 0.0556218
v 0.1898066 0.9929946 0.0651861
v 0.1994275 1.0144095 0.0648864
v 0.1902272 1.0062866 0.0500000
v 0.1957177 0.9448977 0.0556218
v 0.1898066 0.9670054 0.0651861
v 0.1994275 0.9455905 0.0648864
v 0.1902272 0.9537134 0.0500000
v 0.2109038 0.9583056 0.0801934
v 0.1954284 0.9719689 0.0742823
v 0.2051136 0.9506107 0.0740867
v 0.2107997 0.9718770 0.0832870
v 0.1959133 0.9587337 0.0705725
v 0.2109038 1.0016944 0.0801934
v 0.1954284 0.9880311 0.0742823
v 0.2051136 1.0093893 0.0740867
v 0.2107997 0.9881230 0.0832870
v 0.1959133 1.0012663 0.0705725
v 0.2015994 0.9800000 0.0797728
v 0.1863322 0.9800000 0.0404357
v 0.1863322 0.9800000 0.0595643
v 0.1867130 0.9931433 0.0443139
v 0.1867130 0.9668567 0.0443139
v 0.1867130 0.9931433 0.0556861
v 0.1867130 0.9668567 0.0556861
v -0.1984006 0.2225325 0.0500000
v -0.1615994 0.2225325 0.0500000
v -0.1984006 0.1374675 0.0500000
v -0.1615994 0.1374675 0.0500000
v -0.1800000 0.1537134 0.0797728
v -0.1800000 0.2062866 0.0797728
v -0.1800000 0.1537134 0.0202272
v -0.1800000 0.2062866 0.0202272
v -0.1502272 0.1800000 0.0315994
v -0.1502272 0.1800000 0.0684006
v -0.2097728 0.1800000 0.0315994
v -0.2097728 0.1800000 0.0684006
v -0.1800000 0.2300000 0.0500000
v -0.1800000 0.1300000 0.0500000
v -0.1908156 0.1395492 0.0675000
v -0.1691844 0.1395492 0.0675000
v -0.1908156 0.2204508 0.0675000
v -0.1691844 0.2204508 0.0675000
v -0.1800000 0.1800000 0.0850000
v -0.1908156 0.1395492 0.0325000
v -0.1691844 0.1395492 0.0325000
v -0.1908156 0.2204508 0.0325000
v -0.1691844 0.2204508 0.0325000
v -0.1800000 0.1800000 0.0150000
v -0.1516844 0.2050000 0.0391844
v -0.1516844 0.1550000 0.0391844
v -0.1625000 0.1645492 0.0216844
v -0.1625000 0.1954508 0.0216844
v -0.1516844 0.2050000 0.0608156
v -0.1516844 0.1550000 0.0608156
v -0.1625000 0.1645492 0.0783156
v -0.1625000 0.1954508 0.0783156
v -0.1450000 0.1800000 0.0500000
v -0.2083156 0.2050000 0.0391844
v -0.2083156 0.1550000 0.0391844
v -0.1975000 0.1645492 0.0216844
v -0.1975000 0.1954508 0.0216844
v -0.2083156 0.2050000 0.0608156
v -0.2083156 0.1550000 0.0608156
v -0.1975000 0.1645492 0.0783156
v -0.1975000 0.1954508 0.0783156
v -0.2150000 0.1800000 0.0500000
v -0.1895643 0.2280969 0.0500000
v -0.1704357 0.2280969 0.0500000
v -0.1895643 0.1319031 0.0500000
v -0.1704357 0.1319031 0.0500000
v -0.1951861 0.1368666 0.0590962
v -0.1856218 0.1453110 0.0745716
v -0.1856861 0.1324472 0.0592003
v -0.1648139 0.1368666 0.0590962
v -0.1743782 0.1453110 0.0745716
v -0.1743139 0.1324472 0.0592003
v -0.1800000 0.1374675 0.0684006
v -0.1951861 0.2231334 0.0590962
v -0.1856218 0.2146890 0.0745716
v -0.1856861 0.2275528 0.0592003
v -0.1648139 0.2231334 0.0590962
v -0.1743782 0.2146890 0.0745716
v -0.1743139 0.2275528 0.0592003
v -0.1800000 0.2225325 0.0684006
v -0.1800000 0.1663367 0.0836678
v -0.1800000 0.1936633 0.0836678
v -0.1951861 0.1368666 0.0409038
v -0.1856218 0.1453110 0.0254284
v -0.1856861 0.1324472 0.0407997
v -0.1648139 0.1368666 0.0409038
v -0.1743782 0.1453110 0.0254284
v -0.1743139 0.1324472 0.0407997
v -0.1800000 0.1374675 0.0315994
v -0.1951861 0.2231334 0.0409038
v -0.1856218 0.2146890 0.0254284
v -0.1856861 0.2275528 0.0407997
v -0.1648139 0.2231334 0.0409038
v -0.1743782 0.2146890 0.0254284
v -0.1743139 0.2275528 0.0407997
v -0.1800000 0.2225325 0.0315994
v -0.1800000 0.1663367 0.0163322
v -0.1800000 0.1936633 0.0163322
v -0.1557177 0.2151023 0.0443782
v -0.1498066 0.1929946 0.0348139
v -0.1594275 0.2144095 0.0351136
v -0.1557177 0.1448977 0.0443782
v -0.1498066 0.1670054 0.0348139
v -0.1594275 0.1455905 0.0351136
v -0.1709038 0.1583056 0.0198066
v -0.1554284 0.1719689 0.0257177
v -0.1651136 0.1506107 0.0259133
v -0.1707997 0.1718770 0.0167130
v -0.1559133 0.1587337 0.0294275
v -0.1709038 0.2016944 0.0198066
v -0.1554284 0.1880311 0.0257177
v -0.1651136 0.2093893 0.0259133
v -0.1707997 0.1881230 0.0167130
v -0.1559133 0.2012663 0.0294275
v -0.1615994 0.1800000 0.0202272
v -0.1557177 0.2151023 0.0556218
v -0.1498066 0.1929946 0.0651861
v -0.1594275 0.2144095 0.0648864
v -0.1502272 0.2062866 0.0500000
v -0.1557177 0.1448977 0.0556218
v -0.1498066 0.1670054 0.0651861
v -0.1594275 0.1455905 0.0648864
v -0.1502272 0.1537134 0.0500000
v -0.1709038 0.1583056 0.0801934
v -0.1554284 0.1719689 0.0742823
v -0.1651136 0.1506107 0.0740867
v -0.1707997 0.1718770 0.0832870
v -0.1559133 0.1587337 0.0705725
v -0.1709038 0.2016944 0.0801934
v -0.1554284 0.1880311 0.0742823
v -0.1651136 0.2093893 0.0740867
v -0.1707997 0.1881230 0.0832870
v -0.1559133 0.2012663 0.0705725
v -0.1615994 0.1800000 0.0797728
v -0.1463322 0.1800000 0.0404357
v -0.1463322 0.1800000 0.0595643
v -0.1467130 0.1931433 0.0443139
v -0.1467130 0.1668567 0.0443139
v -0.1467130 0.1931433 0.0556861
v -0.1467130 0.1668567 0.0556861
v -0.2042823 0.2151023 0.0443782
v -0.2101934 0.1929946 0.0348139
v -0.2005725 0.2144095 0.0351136
v -0.2042823 0.1448977 0.0443782
v -0.2101934 0.1670054 0.0348139
v -0.2005725 0.1455905 0.0351136
v -0.1890962 0.1583056 0.0198066
v -0.2045716 0.1719689 0.0257177
v -0.1948864 0.1506107 0.0259133
v -0.1892003 0.1718770 0.0167130
v -0.2040867 0.1587337 0.0294275
v -0.1890962 0.2016944 0.0198066
v -0.2045716 0.1880311 0.0257177
v -0.1948864 0.2093893 0.0259133
v -0.1892003 0.1881230 0.0167130
v -0.2040867 0.2012663 0.0294275
v -0.1984006 0.1800000 0.0202272
v -0.2042823 0.2151023 0.0556218
v -0.2101934 0.1929946 0.0651861
v -0.2005725 0.2144095 0.0648864
v -0.2097728 0.2062866 0.0500000
v -0.2042823 0.1448977 0.0556218
v -0.2101934 0.1670054 0.0651861
v -0.2005725 0.1455905 0.0648864
v -0.2097728 0.1537134 0.0500000
v -0.1890962 0.1583056 0.0801934
v -0.2045716 0.1719689 0.0742823
v -0.1948864 0.1506107 0.0740867
v -0.1892003 0.1718770 0.0832870
v -0.2040867 0.1587337 0.0705725
v -0.1890962 0.2016944 0.0801934
v -0.2045716 0.1880311 0.0742823
v -0.1948864 0.2093893 0.0740867
v -0.1892003 0.1881230 0.0832870
v -0.2040867 0.2012663 0.0705725
v -0.1984006 0.1800000 0.0797728
v -0.2136678 0.1800000 0.0404357
v -0.2136678 0.1800000 0.0595643
v -0.2132870 0.1931433 0.0443139
v -0.2132870 0.1668567 0.0443139
v -0.2132870 0.1931433 0.0556861
v -0.2132870 0.1668567 0.0556861
v 0.1615994 0.2225325 0.0500000
v 0.1984006 0.2225325 0.0500000
v 0.1615994 0.1374675 0.0500000
v 0.1984006 0.1374675 0.0500000
v 0.1800000 0.1537134 0.0797728
v 0.1800000 0.2062866 0.0797728
v 0.1800000 0.1537134 0.0202272
v 0.1800000 0.2062866 0.0202272
v 0.2097728 0.1800000 0.0315994
v 0.2097728 0.1800000 0.0684006
v 0.1502272 0.1800000 0.0315994
v 0.1502272 0.1800000 0.0684006
v 0.1800000 0.2300000 0.0500000
v 0.1800000 0.1300000 0.0500000
v 0.1691844 0.1395492 0.0675000
v 0.1908156 0.1395492 0.0675000
v 0.1691844 0.2204508 0.0675000
v 0.1908156 0.2204508 0.0675000
v 0.1800000 0.1800000 0.0850000
v 0.1691844 0.1395492 0.0325000
v 0.1908156 0.1395492 0.0325000
v 0.1691844 0.2204508 0.0325000
v 0.1908156 0.2204508 0.0325000
v 0.1800000 0.1800000 0.0150000
v 0.2083156 0.2050000 0.0391844
v 0.2083156 0.1550000 0.0391844
v 0.1975000 0.1645492 0.0216844
v 0.1975000 0.1954508 0.0216844
v 0.2083156 0.2050000 0.0608156
v 0.2083156 0.1550000 0.0608156
v 0.1975000 0.1645492 0.0783156
v 0.1975000 0.1954508 0.0783156
v 0.2150000 0.1800000 0.0500000
v 0.1516844 0.2050000 0.0391844
v 0.1516844 0.1550000 0.0391844
v 0.1625000 0.1645492 0.0216844
v 0.1625000 0.1954508 0.0216844
v 0.1516844 0.2050000 0.0608156
v 0.1516844 0.1550000 0.0608156
v 0.1625000 0.1645492 0.0783156
v 0.1625000 0.1954508 0.0783156
v 0.1450000 0.1800000 0.0500000
v 0.1704357 0.2280969 0.0500000
v 0.1895643 0.2280969 0.0500000
v 0.1704357 0.1319031 0.0500000
v 0.1895643 0.1319031 0.0500000
v 0.1648139 0.1368666 0.0590962
v 0.1743782 0.1453110 0.0745716
v 0.1743139 0.1324472 0.0592003
v 0.1951861 0.1368666 0.0590962
v 0.1856218 0.1453110 0.0745716
v 0.1856861 0.1324472 0.0592003
v 0.1800000 0.1374675 0.0684006
v 0.1648139 0.2231334 0.0590962
v 0.1743782 0.2146890 0.0745716
v 0.1743139 0.2275528 0.0592003
v 0.1951861 0.2231334 0.0590962
v 0.1856218 0.2146890 0.0745716
v 0.1856861 0.2275528 0.0592003
v 0.1800000 0.2225325 0.0684006
v 0.1800000 0.1663367 0.0836678
v 0.1800000 0.1936633 0.0836678
v 0.1648139 0.1368666 0.0409038
v 0.1743782 0.1453110 0.0254284
v 0.1743139 0.1324472 0.0407997
v 0.1951861 0.1368666 0.0409038
v 0.1856218 0.1453110 0.0254284
v 0.1856861 0.1324472 0.0407997
v 0.1800000 0.1374675 0.0315994
v 0.1648139 0.2231334 0.0409038
v 0.1743782 0.2146890 0.0254284
v 0.1743139 0.2275528 0.0407997
v 0.1951861 0.2231334 0.0409038
v 0.1856218 0.2146890 0.0254284
v 0.1856861 0.2275528 0.0407997
v 0.1800000 0.2225325 0.0315994
v 0.1800000 0.1663367 0.0163322
v 0.1800000 0.1936633 0.0163322
v 0.2042823 0.2151023 0.0443782
v 0.2101934 0.1929946 0.0348139
v 0.2005725 0.2144095 0.0351136
v 0.2042823 0.1448977 0.0443782
v 0.2101934 0.1670054 0.0348139
v 0.2005725 0.1455905 0.0351136
v 0.1890962 0.1583056 0.0198066
v 0.2045716 0.1719689 0.0257177
v 0.1948864 0.1506107 0.0259133
v 0.1892003 0.1718770 0.0167130
v 0.2040867 0.1587337 0.0294275
v 0.1890962 0.2016944 0.0198066
v 0.2045716 0.1880311 0.0257177
v 0.1948864 0.2093893 0.0259133
v 0.1892003 0.1881230 0.0167130
v 0.2040867 0.2012663 0.0294275
v 0.1984006 0.1800000 0.0202272
v 0.2042823 0.2151023 0.0556218
v 0.2101934 0.1929946 0.0651861
v 0.2005725 0.2144095 0.0648864
v 0.2097728 0.2062866 0.0500000
v 0.2042823 0.1448977 0.0556218
v 0.2101934 0.1670054 0.0651861
v 0.2005725 0.1455905 0.0648864
v 0.2097728 0.1537134 0.0500000
v 0.1890962 0.1583056 0.0801934
v 0.2045716 0.1719689 0.0742823
v 0.1948864 0.1506107 0.0740867
v 0.1892003 0.1718770 0.0832870
v 0.2040867 0.1587337 0.0705725
v 0.1890962 0.2016944 0.0801934
v 0.2045716 0.1880311 0.0742823
v 0.1948864 0.2093893 0.0740867
v 0.1892003 0.1881230 0.0832870
v 0.2040867 0.2012663 0.0705725
v 0.1984006 0.1800000 0.0797728
v 0.2136678 0.1800000 0.0404357
v 0.2136678 0.1800000 0.0595643
v 0.2132870 0.1931433 0.0443139
v 0.2132870 0.1668567 0.0443139
v 0.2132870 0.1931433 0.0556861
v 0.2132870 0.1668567 0.0556861
v 0.1557177 0.2151023 0.0443782
v 0.1498066 0.1929946 0.0348139
v 0.1594275 0.2144095 0.0351136
v 0.1557177 0.1448977 0.0443782
v 0.1498066 0.1670054 0.0348139
v 0.1594275 0.1455905 0.0351136
v 0.1709038 0.1583056 0.0198066
v 0.1554284 0.1719689 0.0257177
v 0.1651136 0.1506107 0.0259133
v 0.1707997 0.1718770 0.0167130
v 0.1559133 0.1587337 0.0294275
v 0.1709038 0.2016944 0.0198066
v 0.1554284 0.1880311 0.0257177
v 0.1651136 0.2093893 0.0259133
v 0.1707997 0.1881230 0.0167130
v 0.1559133 0.2012663 0.0294275
v 0.1615994 0.1800000 0.0202272
v 0.1557177 0.2151023 0.0556218
v 0.1498066 0.1929946 0.0651861
v 0.1594275 0.2144095 0.0648864
v 0.1502272 0.2062866 0.0500000
v 0.1557177 0.1448977 0.0556218
v 0.1498066 0.1670054 0.0651861
v 0.1594275 0.1455905 0.0648864
v 0.1502272 0.1537134 0.0500000
v 0.1709038 0.1583056 0.0801934
v 0.1554284 0.1719689 0.0742823
v 0.1651136 0.1506107 0.0740867
v 0.1707997 0.1718770 0.0832870
v 0.1559133 0.1587337 0.0705725
v 0.1709038 0.2016944 0.0801934
v 0.1554284 0.1880311 0.0742823
v 0.1651136 0.2093893 0.0740867
v 0.1707997 0.1881230 0.0832870
v 0.1559133 0.2012663 0.0705725
v 0.1615994 0.1800000 0.0797728
v 0.1463322 0.1800000 0.0404357
v 0.1463322 0.1800000 0.0595643
v 0.1467130 0.1931433 0.0443139
v 0.1467130 0.1668567 0.0443139
v 0.1467130 0.1931433 0.0556861
v 0.1467130 0.1668567 0.0556861
v -0.1784006 -0.4074675 0.0500000
v -0.1415994 -0.4074675 0.0500000
v -0.1784006 -0.4925325 0.0500000
v -0.1415994 -0.4925325 0.0500000
v -0.1600000 -0.4762866 0.0797728
v -0.1600000 -0.4237134 0.0797728
v -0.1600000 -0.4762866 0.0202272
v -0.1600000 -0.4237134 0.0202272
v -0.1302272 -0.4500000 0.0315994
v -0.1302272 -0.4500000 0.0684006
v -0.1897728 -0.4500000 0.0315994
v -0.1897728 -0.4500000 0.0684006
v -0.1600000 -0.4000000 0.0500000
v -0.1600000 -0.5000000 0.0500000
v -0.1708156 -0.4904508 0.0675000
v -0.1491844 -0.4904508 0.0675000
v -0.1708156 -0.4095492 0.0675000
v -0.1491844 -0.4095492 0.0675000
v -0.1600000 -0.4500000 0.0850000
v -0.1708156 -0.4904508 0.0325000
v -0.1491844 -0.4904508 0.0325000
v -0.1708156 -0.4095492 0.0325000
v -0.1491844 -0.4095492 0.0325000
v -0.1600000 -0.4500000 0.0150000
v -0.1316844 -0.4250000 0.0391844
v -0.1316844 -0.4750000 0.0391844
v -0.1425000 -0.4654508 0.0216844
v -0.1425000 -0.4345492 0.0216844
v -0.1316844 -0.4250000 0.0608156
v -0.1316844 -0.4750000 0.0608156
v -0.1425000 -0.4654508 0.0783156
v -0.1425000 -0.4345492 0.0783156
v -0.1250000 -0.4500000 0.0500000
v -0.1883156 -0.4250000 0.0391844
v -0.1883156 -0.4750000 0.0391844
v -0.1775000 -0.4654508 0.0216844
v -0.1775000 -0.4345492 0.0216844
v -0.1883156 -0.4250000 0.0608156
v -0.1883156 -0.4750000 0.0608156
v -0.1775000 -0.4654508 0.0783156
v -0.1775000 -0.4345492 0.0783156
v -0.1950000 -0.4500000 0.0500000
v -0.1695643 -0.4019031 0.0500000
v -0.1504357 -0.4019031 0.0500000
v -0.1695643 -0.4980969 0.0500000
v -0.1504357 -0.4980969 0.0500000
v -0.1751861 -0.4931334 0.0590962
v -0.1656218 -0.4846890 0.0745716
v -0.1656861 -0.4975528 0.0592003
v -0.1448139 -0.4931334 0.0590962
v -0.1543782 -0.4846890 0.0745716
v -0.1543139 -0.4975528 0.0592003
v -0.1600000 -0.4925325 0.0684006
v -0.1751861 -0.4068666 0.0590962
v -0.1656218 -0.4153110 0.0745716
v -0.1656861 -0.4024472 0.0592003
v -0.1448139 -0.4068666 0.0590962
v -0.1543782 -0.4153110 0.0745716
v -0.1543139 -0.4024472 0.0592003
v -0.1600000 -0.4074675 0.0684006
v -0.1600000 -0.4636633 0.0836678
v -0.1600000 -0.4363367 0.0836678
v -0.1751861 -0.4931334 0.0409038
v -0.1656218 -0.4846890 0.0254284
v -0.1656861 -0.4975528 0.0407997
v -0.1448139 -0.4931334 0.0409038
v -0.1543782 -0.4846890 0.0254284
v -0.1543139 -0.4975528 0.0407997
v -0.1600000 -0.4925325 0.0315994
v -0.1751861 -0.4068666 0.0409038
v -0.1656218 -0.4153110 0.0254284
v -0.1656861 -0.4024472 0.0407997
v -0.1448139 -0.4068666 0.0409038
v -0.1543782 -0.4153110 0.0254284
v -0.1543139 -0.4024472 0.0407997
v -0.1600000 -0.4074675 0.0315994
v -0.1600000 -0.4636633 0.0163322
v -0.1600000 -0.4363367 0.0163322
v -0.1357177 -0.4148977 0.0443782
v -0.1298066 -0.4370054 0.0348139
v -0.1394275 -0.4155905 0.0351136
v -0.1357177 -0.4851023 0.0443782
v -0.1298066 -0.4629946 0.0348139
v -0.1394275 -0.4844095 0.0351136
v -0.1509038 -0.4716944 0.0198066
v -0.1354284 -0.4580311 0.0257177
v -0.1451136 -0.4793893 0.0259133
v -0.1507997 -0.4581230 0.0167130
v -0.1359133 -0.4712663 0.0294275
v -0.1509038 -0.4283056 0.0198066
v -0.1354284 -0.4419689 0.0257177
v -0.1451136 -0.4206107 0.0259133
v -0.1507997 -0.4418770 0.0167130
v -0.1359133 -0.4287337 0.0294275
v -0.1415994 -0.4500000 0.0202272
v -0.1357177 -0.4148977 0.0556218
v -0.1298066 -0.4370054 0.0651861
v -0.1394275 -0.4155905 0.0648864
v -0.1302272 -0.4237134 0.0500000
v -0.1357177 -0.4851023 0.0556218
v -0.1298066 -0.4629946 0.0651861
v -0.1394275 -0.4844095 0.0648864
v -0.1302272 -0.4762866 0.0500000
v -0.1509038 -0.4716944 0.0801934
v -0.1354284 -0.4580311 0.0742823
v -0.1451136 -0.4793893 0.0740867
v -0.1507997 -0.4581230 0.0832870
v -0.1359133 -0.4712663 0.0705725
v -0.1509038 -0.4283056 0.0801934
v -0.1354284 -0.4419689 0.0742823
v -0.1451136 -0.4206107 0.0740867
v -0.1507997 -0.4418770 0.0832870
v -0.1359133 -0.4287337 0.0705725
v -0.1415994 -0.4500000 0.0797728
v -0.1263322 -0.4500000 0.0404357
v -0.1263322 -0.4500000 0.0595643
v -0.1267130 -0.4368567 0.0443139
v -0.1267130 -0.4631433 0.0443139
v -0.1267130 -0.4368567 0.0556861
v -0.1267130 -0.4631433 0.0556861
v -0.1842823 -0.4148977 0.0443782
v -0.1901934 -0.4370054 0.0348139
v -0.1805725 -0.4155905 0.0351136
v -0.1842823 -0.4851023 0.0443782
v -0.1901934 -0.4629946 0.0348139
v -0.1805725 -0.4844095 0.0351136
v -0.1690962 -0.4716944 0.0198066
v -0.1845716 -0.4580311 0.0257177
v -0.1748864 -0.4793893 0.0259133
v -0.1692003 -0.4581230 0.0167130
v -0.1840867 -0.4712663 0.0294275
v -0.1690962 -0.4283056 0.0198066
v -0.1845716 -0.4419689 0.0257177
v -0.1748864 -0.4206107 0.0259133
v -0.1692003 -0.4418770 0.0167130
v -0.1840867 -0.4287337 0.0294275
v -0.1784006 -0.4500000 0.0202272
v -0.1842823 -0.4148977 0.0556218
v -0.1901934 -0.4370054 0.0651861
v -0.1805725 -0.4155905 0.0648864
v -0.1897728 -0.4237134 0.0500000
v -0.1842823 -0.4851023 0.0556218
v -0.1901934 -0.4629946 0.0651861
v -0.1805725 -0.4844095 0.0648864
v -0.1897728 -0.4762866 0.0500000
v -0.1690962 -0.4716944 0.0801934
v -0.1845716 -0.4580311 0.0742823
v -0.1748864 -0.4793893 0.0740867
v -0.1692003 -0.4581230 0.0832870
v -0.1840867 -0.4712663 0.0705725
v -0.1690962 -0.4283056 0.0801934
v -0.1845716 -0.4419689 0.0742823
v -0.1748864 -0.4206107 0.0740867
v -0.1692003 -0.4418770 0.0832870
v -0.1840867 -0.4287337 0.0705725
v -0.1784006 -0.4500000 0.0797728
v -0.1936678 -0.4500000 0.0404357
v -0.1936678 -0.4500000 0.0595643
v -0.1932870 -0.4368567 0.0443139
v -0.1932870 -0.4631433 0.0443139
v -0.1932870 -0.4368567 0.0556861
v -0.1932870 -0.4631433 0.0556861
v 0.1415994 -0.4074675 0.0500000
v 0.1784006 -0.4074675 0.0500000
v 0.1415994 -0.4925325 0.0500000
v 0.1784006 -0.4925325 0.0500000
v 0.1600000 -0.4762866 0.0797728
v 0.1600000 -0.4237134 0.0797728
v 0.1600000 -0.4762866 0.0202272
v 0.1600000 -0.4237134 0.0202272
v 0.1897728 -0.4500000 0.0315994
v 0.1897728 -0.4500000 0.0684006
v 0.1302272 -0.4500000 0.0315994
v 0.1302272 -0.4500000 0.0684006
v 0.1600000 -0.4000000 0.0500000
v 0.1600000 -0.5000000 0.0500000
v 0.1491844 -0.4904508 0.0675000
v 0.1708156 -0.4904508 0.0675000
v 0.1491844 -0.4095492 0.0675000
v 0.1708156 -0.4095492 0.0675000
v 0.1600000 -0.4500000 0.0850000
v 0.1491844 -0.4904508 0.0325000
v 0.1708156 -0.4904508 0.0325000
v 0.1491844 -0.4095492 0.0325000
v 0.1708156 -0.4095492 0.0325000
v 0.1600000 -0.4500000 0.0150000
v 0.1883156 -0.4250000 0.0391844
v 0.1883156 -0.4750000 0.0391844
v 0.1775000 -0.4654508 0.0216844
v 0.1775000 -0.4345492 0.0216844
v 0.1883156 -0.4250000 0.0608156
v 0.1883156 -0.4750000 0.0608156
v 0.1775000 -0.4654508 0.0783156
v 0.1775000 -0.4345492 0.0783156
v 0.1950000 -0.4500000 0.0500000
v 0.1316844 -0.4250000 0.0391844
v 0.1316844 -0.4750000 0.0391844
v 0.1425000 -0.4654508 0.0216844
v 0.1425000 -0.4345492 0.0216844
v 0.1316844 -0.4250000 0.0608156
v 0.1316844 -0.4750000 0.0608156
v 0.1425000 -0.4654508 0.0783156
v 0.1425000 -0.4345492 0.0783156
v 0.1250000 -0.4500000 0.0500000
v 0.1504357 -0.4019031 0.0500000
v 0.1695643 -0.4019031 0.0500000
v 0.1504357 -0.4980969 0.0500000
v 0.1695643 -0.4980969 0.0500000
v 0.1448139 -0.4931334 0.0590962
v 0.1543782 -0.4846890 0.0745716
v 0.1543139 -0.4975528 0.0592003
v 0.1751861 -0.4931334 0.0590962
v 0.1656218 -0.4846890 0.0745716
v 0.1656861 -0.4975528 0.0592003
v 0.1600000 -0.4925325 0.0684006
v 0.1448139 -0.4068666 0.0590962
v 0.1543782 -0.4153110 0.0745716
v 0.1543139 -0.4024472 0.0592003
v 0.1751861 -0.4068666 0.0590962
v 0.1656218 -0.4153110 0.0745716
v 0.1656861 -0.4024472 0.0592003
v 0.1600000 -0.4074675 0.0684006
v 0.1600000 -0.4636633 0.0836678
v 0.1600000 -0.4363367 0.0836678
v 0.1448139 -0.4931334 0.0409038
v 0.1543782 -0.4846890 0.0254284
v 0.1543139 -0.4975528 0.0407997
v 0.1751861 -0.4931334 0.0409038
v 0.1656218 -0.4846890 0.0254284
v 0.1656861 -0.4975528 0.0407997
v 0.1600000 -0.4925325 0.0315994
v 0.1448139 -0.4068666 0.0409038
v 0.1543782 -0.4153110 0.0254284
v 0.1543139 -0.4024472 0.0407997
v 0.1751861 -0.4068666 0.0409038
v 0.1656218 -0.4153110 0.0254284
v 0.1656861 -0.4024472 0.0407997
v 0.1600000 -0.4074675 0.0315994
v 0.1600000 -0.4636633 0.0163322
v 0.1600000 -0.4363367 0.0163322
v 0.1842823 -0.4148977 0.0443782
v 0.1901934 -0.4370054 0.0348139
v 0.1805725 -0.4155905 0.0351136
v 0.1842823 -0.4851023 0.0443782
v 0.1901934 -0.4629946 0.0348139
v 0.1805725 -0.4844095 0.0351136
v 0.1690962 -0.4716944 0.0198066
v 0.1845716 -0.4580311 0.0257177
v 0.1748864 -0.4793893 0.0259133
v 0.1692003 -0.4581230 0.0167130
v 0.1840867 -0.4712663 0.0294275
v 0.1690962 -0.4283056 0.0198066
v 0.1845716 -0.4419689 0.0257177
v 0.1748864 -0.4206107 0.0259133
v 0.1692003 -0.4418770 0.0167130
v 0.1840867 -0.4287337 0.0294275
v 0.1784006 -0.4500000 0.0202272
v 0.1842823 -0.4148977 0.0556218
v 0.1901934 -0.4370054 0.0651861
v 0.1805725 -0.4155905 0.0648864
v 0.1897728 -0.4237134 0.0500000
v 0.1842823 -0.4851023 0.0556218
v 0.1901934 -0.4629946 0.0651861
v 0.1805725 -0.4844095 0.0648864
v 0.1897728 -0.4762866 0.0500000
v 0.1690962 -0.4716944 0.0801934
v 0.1845716 -0.4580311 0.0742823
v 0.1748864 -0.4793893 0.0740867
v 0.1692003 -0.4581230 0.0832870
v 0.1840867 -0.4712663 0.0705725
v 0.1690962 -0.4283056 0.0801934
v 0.1845716 -0.4419689 0.0742823
v 0.1748864 -0.4206107 0.0740867
v 0.1692003 -0.4418770 0.0832870
v 0.1840867 -0.4287337 0.0705725
v 0.1784006 -0.4500000 0.0797728
v 0.1936678 -0.4500000 0.0404357
v 0.1936678 -0.4500000 0.0595643
v 0.1932870 -0.4368567 0.0443139
v 0.1932870 -0.4631433 0.0443139
v 0.1932870 -0.4368567 0.0556861
v 0.1932870 -0.4631433 0.0556861
v 0.1357177 -0.4148977 0.0443782
v 0.1298066 -0.4370054 0.0348139
v 0.1394275 -0.4155905 0.0351136
v 0.1357177 -0.4851023 0.0443782
v 0.1298066 -0.4629946 0.0348139
v 0.1394275 -0.4844095 0.0351136
v 0.1509038 -0.4716944 0.0198066
v 0.1354284 -0.4580311 0.0257177
v 0.1451136 -0.4793893 0.0259133
v 0.1507997 -0.4581230 0.0167130
v 0.1359133 -0.4712663 0.0294275
v 0.1509038 -0.4283056 0.0198066
v 0.1354284 -0.4419689 0.0257177
v 0.1451136 -0.4206107 0.0259133
v 0.1507997 -0.4418770 0.0167130
v 0.1359133 -0.4287337 0.0294275
v 0.1415994 -0.4500000 0.0202272
v 0.1357177 -0.4148977 0.0556218
v 0.1298066 -0.4370054 0.0651861
v 0.1394275 -0.4155905 0.0648864
v 0.1302272 -0.4237134 0.0500000
v 0.1357177 -0.4851023 0.0556218
v 0.1298066 -0.4629946 0.0651861
v 0.1394275 -0.4844095 0.0648864
v 0.1302272 -0.4762866 0.0500000
v 0.1509038 -0.4716944 0.0801934
v 0.1354284 -0.4580311 0.0742823
v 0.1451136 -0.4793893 0.0740867
v 0.1507997 -0.4581230 0.0832870
v 0.1359133 -0.4712663 0.0705725
v 0.1509038 -0.4283056 0.0801934
v 0.1354284 -0.4419689 0.0742823
v 0.1451136 -0.4206107 0.0740867
v 0.1507997 -0.4418770 0.0832870
v 0.1359133 -0.4287337 0.0705725
v 0.1415994 -0.4500000 0.0797728
v 0.1263322 -0.4500000 0.0404357
v 0.1263322 -0.4500000 0.0595643
v 0.1267130 -0.4368567 0.0443139
v 0.1267130 -0.4631433 0.0443139
v 0.1267130 -0.4368567 0.0556861
v 0.1267130 -0.4631433 0.0556861
vn -0.5849458 0.8110724 0.0000000
vn 0.5849458 0.8110724 0.0000000
vn -0.5849458 -0.8110724 0.0000000
vn 0.5849458 -0.8110724 0.0000000
vn 0.0000000 -0.4250092 0.9051890
vn 0.0000000 0.4250092 0.9051890
vn 0.0000000 -0.4250092 -0.9051890
vn -0.0000000 0.4250092 -0.9051890
vn 0.8205346 0.0000000 -0.5715968
vn 0.8205346 -0.0000000 0.5715968
vn -0.8205346 -0.0000000 -0.5715968
vn -0.8205346 0.0000000 0.5715968
vn 0.0000000 1.0000000 0.0000000
vn 0.0000000 -1.0000000 0.0000000
vn -0.3262103 -0.7343991 0.5951847
vn 0.3262103 -0.7343991 0.5951847
vn -0.3262103 0.7343991 0.5951847
vn 0.3262103 0.7343991 0.5951847
vn -0.0000000 0.0000000 1.0000000
vn -0.3262103 -0.7343991 -0.5951847
vn 0.3262103 -0.7343991 -0.5951847
vn -0.3262103 0.7343991 -0.5951847
vn 0.3262103 0.7343991 -0.5951847
vn 0.0000000 0.0000000 -1.0000000
vn 0.8263936 0.4370683 -0.3550281
vn 0.8263936 -0.4370683 -0.3550281
vn 0.4665367 -0.2470539 -0.8492984
vn 0.4665367 0.2470539 -0.8492984
vn 0.8263936 0.4370683 0.3550281
vn 0.8263936 -0.4370683 0.3550281
vn 0.4665367 -0.2470539 0.8492984
vn 0.4665367 0.2470539 0.8492984
vn 1.0000000 -0.0000000 0.0000000
vn -0.8263936 0.4370683 -0.3550281
vn -0.8263936 -0.4370683 -0.3550281
vn -0.4665367 -0.2470539 -0.8492984
vn -0.4665367 0.2470539 -0.8492984
vn -0.8263936 0.4370683 0.3550281
vn -0.8263936 -0.4370683 0.3550281
vn -0.4665367 -0.2470539 0.8492984
vn -0.4665367 0.2470539 0.8492984
vn -1.0000000 0.0000000 0.0000000
vn -0.3172352 0.9483469 0.0000000
vn 0.3172352 0.9483469 0.0000000
vn -0.3172352 -0.9483469 0.0000000
vn 0.3172352 -0.9483469 0.0000000
vn -0.4791619 -0.8171335 0.3204633
vn -0.1588088 -0.5922315 0.7899630
vn -0.1739063 -0.9238763 0.3408948
vn 0.4791619 -0.8171335 0.3204633
vn 0.1588088 -0.5922315 0.7899630
vn 0.1739063 -0.9238763 0.3408948
vn 0.0000000 -0.7845919 0.6200126
vn -0.4791619 0.8171335 0.3204633
vn -0.1588088 0.5922315 0.7899630
vn -0.1739063 0.9238763 0.3408948
vn 0.4791619 0.8171335 0.3204633
vn 0.1588088 0.5922315 0.7899630
vn 0.1739063 0.9238763 0.3408948
vn -0.0000000 0.7845919 0.6200126
vn -0.0000000 -0.2128111 0.9770934
vn 0.0000000 0.2128111 0.9770934
vn -0.4791619 -0.8171335 -0.3204633
vn -0.1588088 -0.5922315 -0.7899630
vn -0.1739063 -0.9238763 -0.3408948
vn 0.4791619 -0.8171335 -0.3204633
vn 0.1588088 -0.5922315 -0.7899630
vn 0.1739063 -0.9238763 -0.3408948
vn 0.0000000 -0.7845919 -0.6200126
vn -0.4791619 0.8171335 -0.3204633
vn -0.1588088 0.5922315 -0.7899630
vn -0.1739063 0.9238763 -0.3408948
vn 0.4791619 0.8171335 -0.3204633
vn 0.1588088 0.5922315 -0.7899630
vn 0.1739063 0.9238763 -0.3408948
vn -0.0000000 0.7845919 -0.6200126
vn -0.0000000 -0.2128111 -0.9770934
vn 0.0000000 0.2128111 -0.9770934
vn 0.7407539 0.6441779 -0.1905743
vn 0.8486889 0.2168704 -0.4823841
vn 0.6103957 0.6087716 -0.5067685
vn 0.7407539 -0.6441779 -0.1905743
vn 0.8486889 -0.2168704 -0.4823841
vn 0.6103957 -0.6087716 -0.5067685
vn 0.2409829 -0.3466267 -0.9065193
vn 0.6642418 -0.1297135 -0.7361774
vn 0.4272124 -0.4958060 -0.7560859
vn 0.2417801 -0.1181934 -0.9631057
vn 0.6686007 -0.3647895 -0.6479982
vn 0.2409829 0.3466267 -0.9065193
vn 0.6642418 0.1297135 -0.7361774
vn 0.4272124 0.4958060 -0.7560859
vn 0.2417801 0.1181934 -0.9631057
vn 0.6686007 0.3647895 -0.6479982
vn 0.4732365 0.0000000 -0.8809354
vn 0.7407539 0.6441779 0.1905743
vn 0.8486889 0.2168704 0.4823841
vn 0.6103957 0.6087716 0.5067685
vn 0.8883829 0.4591033 -0.0000000
vn 0.7407539 -0.6441779 0.1905743
vn 0.8486889 -0.2168704 0.4823841
vn 0.6103957 -0.6087716 0.5067685
vn 0.8883829 -0.4591033 0.0000000
vn 0.2409829 -0.3466267 0.9065193
vn 0.6642418 -0.1297135 0.7361774
vn 0.4272124 -0.4958060 0.7560859
vn 0.2417801 -0.1181934 0.9631057
vn 0.6686007 -0.3647895 0.6479982
vn 0.2409829 0.3466267 0.9065193
vn 0.6642418 0.1297135 0.7361774
vn 0.4272124 0.4958060 0.7560859
vn 0.2417801 0.1181934 0.9631057
vn 0.6686007 0.3647895 0.6479982
vn 0.4732365 0.0000000 0.8809354
vn 0.9521053 -0.0000000 -0.3057703
vn 0.9521053 -0.0000000 0.3057703
vn 0.9574096 0.2306899 -0.1736349
vn 0.9574096 -0.2306899 -0.1736349
vn 0.9574096 0.2306899 0.1736349
vn 0.9574096 -0.2306899 0.1736349
vn -0.7407539 0.6441779 -0.1905743
vn -0.8486889 0.2168704 -0.4823841
vn -0.6103957 0.6087716 -0.5067685
vn -0.7407539 -0.6441779 -0.1905743
vn -0.8486889 -0.2168704 -0.4823841
vn -0.6103957 -0.6087716 -0.5067685
vn -0.2409829 -0.3466267 -0.9065193
vn -0.6642418 -0.1297135 -0.7361774
vn -0.4272124 -0.4958060 -0.7560859
vn -0.2417801 -0.1181934 -0.9631057
vn -0.6686007 -0.3647895 -0.6479982
vn -0.2409829 0.3466267 -0.9065193
vn -0.6642418 0.1297135 -0.7361774
vn -0.4272124 0.4958060 -0.7560859
vn -0.2417801 0.1181934 -0.9631057
vn -0.6686007 0.3647895 -0.6479982
vn -0.4732365 -0.0000000 -0.8809354
vn -0.7407539 0.6441779 0.1905743
vn -0.8486889 0.2168704 0.4823841
vn -0.6103957 0.6087716 0.5067685
vn -0.8883829 0.4591033 0.0000000
vn -0.7407539 -0.6441779 0.1905743
vn -0.8486889 -0.2168704 0.4823841
vn -0.6103957 -0.6087716 0.5067685
vn -0.8883829 -0.4591033 -0.0000000
vn -0.2409829 -0.3466267 0.9065193
vn -0.6642418 -0.1297135 0.7361774
vn -0.4272124 -0.4958060 0.7560859
vn -0.2417801 -0.1181934 0.9631057
vn -0.6686007 -0.3647895 0.6479982
vn -0.2409829 0.3466267 0.9065193
vn -0.6642418 0.1297135 0.7361774
vn -0.4272124 0.4958060 0.7560859
vn -0.2417801 0.1181934 0.9631057
vn -0.6686007 0.3647895 0.6479982
vn -0.4732365 -0.0000000 0.8809354
vn -0.9521053 0.0000000 -0.3057703
vn -0.9521053 0.0000000 0.3057703
vn -0.9574096 0.2306899 -0.1736349
vn -0.9574096 -0.2306899 -0.1736349
vn -0.9574096 0.2306899 0.1736349
vn -0.9574096 -0.2306899 0.1736349
vn 0.0000000 1.0000000 -0.0000000
vn 0.3718902 0.9282767 0.0000000
vn 0.6621602 0.7493623 -0.0000000
vn 0.8741219 0.4857066 -0.0000000
vn 0.9857741 0.1680756 -0.0000000
vn 0.9857741 -0.1680756 0.0000000
vn 0.8741219 -0.4857066 -0.0000000
vn 0.6621602 -0.7493623 0.0000000
vn 0.3718902 -0.9282767 0.0000000
vn 0.0000000 -1.0000000 0.0000000
vn 0.3008655 0.9282767 0.2185916
vn 0.5356989 0.7493623 0.3892080
vn 0.7071795 0.4857066 0.5137960
vn 0.7975080 0.1680756 0.5794235
vn 0.7975080 -0.1680756 0.5794235
vn 0.7071795 -0.4857066 0.5137960
vn 0.5356989 -0.7493623 0.3892080
vn 0.3008655 -0.9282767 0.2185916
vn 0.1149204 0.9282767 0.3536886
vn 0.2046188 0.7493623 0.6297518
vn 0.2701185 0.4857066 0.8313393
vn 0.3046210 0.1680756 0.9375269
vn 0.3046210 -0.1680756 0.9375269
vn 0.2701185 -0.4857066 0.8313393
vn 0.2046188 -0.7493623 0.6297518
vn 0.1149204 -0.9282767 0.3536886
vn -0.1149204 0.9282767 0.3536886
vn -0.2046188 0.7493623 0.6297518
vn -0.2701185 0.4857066 0.8313393
vn -0.3046210 0.1680756 0.9375269
vn -0.3046210 -0.1680756 0.9375269
vn -0.2701185 -0.4857066 0.8313393
vn -0.2046188 -0.7493623 0.6297518
vn -0.1149204 -0.9282767 0.3536886
vn -0.3008655 0.9282767 0.2185916
vn -0.5356989 0.7493623 0.3892080
vn -0.7071795 0.4857066 0.5137960
vn -0.7975080 0.1680756 0.5794235
vn -0.7975080 -0.1680756 0.5794235
vn -0.7071795 -0.4857066 0.5137960
vn -0.5356989 -0.7493623 0.3892080
vn -0.3008655 -0.9282767 0.2185916
vn -0.3718902 0.9282767 0.0000000
vn -0.6621602 0.7493623 0.0000000
vn -0.8741219 0.4857066 0.0000000
vn -0.9857741 0.1680756 0.0000000
vn -0.9857741 -0.1680756 -0.0000000
vn -0.8741219 -0.4857066 0.0000000
vn -0.6621602 -0.7493623 0.0000000
vn -0.3718902 -0.9282767 0.0000000
vn -0.3008655 0.9282767 -0.2185916
vn -0.5356989 0.7493623 -0.3892080
vn -0.7071795 0.4857066 -0.5137960
vn -0.7975080 0.1680756 -0.5794235
vn -0.7975080 -0.1680756 -0.5794235
vn -0.7071795 -0.4857066 -0.5137960
vn -0.5356989 -0.7493623 -0.3892080
vn -0.3008655 -0.9282767 -0.2185916
vn -0.1149204 0.9282767 -0.3536886
vn -0.2046188 0.7493623 -0.6297518
vn -0.2701185 0.4857066 -0.8313393
vn -0.3046210 0.1680756 -0.9375269
vn -0.3046210 -0.1680756 -0.9375269
vn -0.2701185 -0.4857066 -0.8313393
vn -0.2046188 -0.7493623 -0.6297518
vn -0.1149204 -0.9282767 -0.3536886
vn 0.1149204 0.9282767 -0.3536886
vn 0.2046188 0.7493623 -0.6297518
vn 0.2701185 0.4857066 -0.8313393
vn 0.3046210 0.1680756 -0.9375269
vn 0.3046210 -0.1680756 -0.9375269
vn 0.2701185 -0.4857066 -0.8313393
vn 0.2046188 -0.7493623 -0.6297518
vn 0.1149204 -0.9282767 -0.3536886
vn 0.3008655 0.9282767 -0.2185916
vn 0.5356989 0.7493623 -0.3892080
vn 0.7071795 0.4857066 -0.5137960
vn 0.7975080 0.1680756 -0.5794235
vn 0.7975080 -0.1680756 -0.5794235
vn 0.7071795 -0.4857066 -0.5137960
vn 0.5356989 -0.7493623 -0.3892080
vn 0.3008655 -0.9282767 -0.2185916
vn 0.0000000 0.9994161 0.0341681
vn 0.3718902 0.9277347 0.0317174
vn 0.6621602 0.7489247 0.0256043
vn 0.8741219 0.4854230 0.0165957
vn 0.9857741 0.1679775 0.0057428
vn 0.9857741 -0.1679775 -0.0057428
vn 0.8741219 -0.4854230 -0.0165957
vn 0.6621602 -0.7489247 -0.0256043
vn 0.3718902 -0.9277347 -0.0317174
vn 0.0000000 -0.9994161 -0.0341681
vn 0.3008655 0.9202658 0.2501814
vn 0.5356989 0.7356262 0.4145850
vn 0.7071795 0.4678676 0.5300916
vn 0.7975080 0.1481797 0.5848280
vn 0.7975080 -0.1877753 0.5733423
vn 0.7071795 -0.5029784 0.4969003
vn 0.5356989 -0.7622232 0.3633765
vn 0.3008655 -0.9352036 0.1867465
vn 0.1149204 0.9156498 0.3851995
vn 0.2046188 0.7274073 0.6549884
vn 0.2701185 0.4570177 0.8474496
vn 0.3046210 0.1359440 0.9427223
vn 0.3046210 -0.2000110 0.9312366
vn 0.2701185 -0.5138282 0.8142583
vn 0.2046188 -0.7704421 0.6037798
vn 0.1149204 -0.9398196 0.3217647
vn -0.1149204 0.9156498 0.3851995
vn -0.2046188 0.7274073 0.6549884
vn -0.2701185 0.4570177 0.8474496
vn -0.3046210 0.1359440 0.9427223
vn -0.3046210 -0.2000110 0.9312366
vn -0.2701185 -0.5138282 0.8142583
vn -0.2046188 -0.7704421 0.6037798
vn -0.1149204 -0.9398196 0.3217647
vn -0.3008655 0.9202658 0.2501814
vn -0.5356989 0.7356262 0.4145850
vn -0.7071795 0.4678676 0.5300916
vn -0.7975080 0.1481797 0.5848280
vn -0.7975080 -0.1877753 0.5733423
vn -0.7071795 -0.5029784 0.4969003
vn -0.5356989 -0.7622232 0.3633765
vn -0.3008655 -0.9352036 0.1867465
vn -0.3718902 0.9277347 0.0317174
vn -0.6621602 0.7489247 0.0256043
vn -0.8741219 0.4854230 0.0165957
vn -0.9857741 0.1679775 0.0057428
vn -0.9857741 -0.1679775 -0.0057428
vn -0.8741219 -0.4854230 -0.0165957
vn -0.6621602 -0.7489247 -0.0256043
vn -0.3718902 -0.9277347 -0.0317174
vn -0.3008655 0.9352036 -0.1867465
vn -0.5356989 0.7622232 -0.3633765
vn -0.7071795 0.5029784 -0.4969003
vn -0.7975080 0.1877753 -0.5733423
vn -0.7975080 -0.1481797 -0.5848280
vn -0.7071795 -0.4678676 -0.5300916
vn -0.5356989 -0.7356262 -0.4145850
vn -0.3008655 -0.9202658 -0.2501814
vn -0.1149204 0.9398196 -0.3217647
vn -0.2046188 0.7704421 -0.6037798
vn -0.2701185 0.5138282 -0.8142583
vn -0.3046210 0.2000110 -0.9312366
vn -0.3046210 -0.1359440 -0.9427223
vn -0.2701185 -0.4570177 -0.8474496
vn -0.2046188 -0.7274073 -0.6549884
vn -0.1149204 -0.9156498 -0.3851995
vn 0.1149204 0.9398196 -0.3217647
vn 0.2046188 0.7704421 -0.6037798
vn 0.2701185 0.5138282 -0.8142583
vn 0.3046210 0.2000110 -0.9312366
vn 0.3046210 -0.1359440 -0.9427223
vn 0.2701185 -0.4570177 -0.8474496
vn 0.2046188 -0.7274073 -0.6549884
vn 0.1149204 -0.9156498 -0.3851995
vn 0.3008655 0.9352036 -0.1867465
vn 0.5356989 0.7622232 -0.3633765
vn 0.7071795 0.5029784 -0.4969003
vn 0.7975080 0.1877753 -0.5733423
vn 0.7975080 -0.1481797 -0.5848280
vn 0.7071795 -0.4678676 -0.5300916
vn 0.5356989 -0.7356262 -0.4145850
vn 0.3008655 -0.9202658 -0.2501814
vn 0.9663475 -0.2300827 0.1150414
vn 0.8765015 -0.1201455 0.4661654
vn 0.6875788 -0.0060520 0.7260845
vn 0.4210910 0.1078645 0.9005818
vn 0.1079835 0.2089978 0.9719360
vn -0.2168554 0.2863404 0.9332647
vn -0.5176317 0.3313699 0.7888291
vn -0.7607099 0.3387786 0.5536692
vn -0.9175742 0.3070153 0.2525849
vn -0.9663475 0.2300827 -0.1150414
vn 0.9353433 0.0675255 0.3472367
vn 0.7923481 0.3281011 0.5143289
vn 0.5593975 0.5489821 0.6210419
vn 0.2639560 0.7064597 0.6566901
vn -0.0608828 0.7838023 0.6180189
vn -0.3793251 0.7724875 0.5092892
vn -0.6559406 0.6729317 0.3419136
vn -0.8587325 0.4946863 0.1336562
vn 0.9795536 0.1478235 0.1364656
vn 0.8710658 0.4710739 0.1390455
vn 0.6633133 0.7377215 0.1256279
vn 0.3811451 0.9193069 0.0979966
vn 0.0563062 0.9966494 0.0593253
vn -0.2754093 0.9612269 0.0138752
vn -0.5772228 0.8159046 -0.0333698
vn -0.8145221 0.5749844 -0.0771148
vn 0.9922458 0.0900776 -0.0856405
vn 0.8936646 0.3682558 -0.2564202
vn 0.6931461 0.6019906 -0.3964288
vn 0.4147884 0.7662390 -0.4907428
vn 0.0899495 0.8435815 -0.5294141
vn -0.2455766 0.8254960 -0.5081815
vn -0.5546241 0.7130864 -0.4288355
vn -0.8018299 0.5172385 -0.2992209
vn 0.9685718 -0.0836554 -0.2342445
vn 0.8515123 0.0589196 -0.5210136
vn 0.6375006 0.1936340 -0.7457203
vn 0.3520353 0.3057227 -0.8846495
vn 0.0271964 0.3830653 -0.9233208
vn -0.3012220 0.4171394 -0.8574730
vn -0.5967763 0.4037503 -0.6934290
vn -0.8255039 0.3435055 -0.4478250
vn 0.9175742 -0.3070153 -0.2525849
vn 0.7607099 -0.3387786 -0.5536692
vn 0.5176317 -0.3313699 -0.7888291
vn 0.2168554 -0.2863404 -0.9332647
vn -0.1079835 -0.2089978 -0.9719360
vn -0.4210910 -0.1078645 -0.9005818
vn -0.6875788 0.0060520 -0.7260845
vn -0.8765015 0.1201455 -0.4661654
vn 0.8587325 -0.4946863 -0.1336562
vn 0.6559406 -0.6729317 -0.3419136
vn 0.3793251 -0.7724875 -0.5092892
vn 0.0608828 -0.7838023 -0.6180189
vn -0.2639560 -0.7064597 -0.6566901
vn -0.5593975 -0.5489821 -0.6210419
vn -0.7923481 -0.3281011 -0.5143289
vn -0.9353433 -0.0675255 -0.3472367
vn 0.8145221 -0.5749844 0.0771148
vn 0.5772228 -0.8159046 0.0333698
vn 0.2754093 -0.9612269 -0.0138752
vn -0.0563062 -0.9966494 -0.0593253
vn -0.3811451 -0.9193069 -0.0979966
vn -0.6633133 -0.7377215 -0.1256279
vn -0.8710658 -0.4710739 -0.1390455
vn -0.9795536 -0.1478235 -0.1364656
vn 0.8018299 -0.5172385 0.2992209
vn 0.5546241 -0.7130864 0.4288355
vn 0.2455766 -0.8254960 0.5081815
vn -0.0899495 -0.8435815 0.5294141
vn -0.4147884 -0.7662390 0.4907428
vn -0.6931461 -0.6019906 0.3964288
vn -0.8936646 -0.3682558 0.2564202
vn -0.9922458 -0.0900776 0.0856405
vn 0.8255039 -0.3435055 0.4478250
vn 0.5967763 -0.4037503 0.6934290
vn 0.3012220 -0.4171394 0.8574730
vn -0.0271964 -0.3830653 0.9233208
vn -0.3520353 -0.3057227 0.8846495
vn -0.6375006 -0.1936340 0.7457203
vn -0.8515123 -0.0589196 0.5210136
vn -0.9685718 0.0836554 0.2342445
vn -0.9663475 -0.2300827 0.1150414
vn -0.9175742 -0.3070153 -0.2525849
vn -0.7607099 -0.3387786 -0.5536692
vn -0.5176317 -0.3313699 -0.7888291
vn -0.2168554 -0.2863404 -0.9332647
vn 0.1079835 -0.2089978 -0.9719360
vn 0.4210910 -0.1078645 -0.9005818
vn 0.6875788 0.0060520 -0.7260845
vn 0.8765015 0.1201455 -0.4661654
vn 0.9663475 0.2300827 -0.1150414
vn -0.9685718 -0.0836554 -0.2342445
vn -0.8515123 0.0589196 -0.5210136
vn -0.6375006 0.1936340 -0.7457203
vn -0.3520353 0.3057227 -0.8846495
vn -0.0271964 0.3830653 -0.9233208
vn 0.3012220 0.4171394 -0.8574730
vn 0.5967763 0.4037503 -0.6934290
vn 0.8255039 0.3435055 -0.4478250
vn -0.9922458 0.0900776 -0.0856405
vn -0.8936646 0.3682558 -0.2564202
vn -0.6931461 0.6019906 -0.3964288
vn -0.4147884 0.7662390 -0.4907428
vn -0.0899495 0.8435815 -0.5294141
vn 0.2455766 0.8254960 -0.5081815
vn 0.5546241 0.7130864 -0.4288355
vn 0.8018299 0.5172385 -0.2992209
vn -0.9795536 0.1478235 0.1364656
vn -0.8710658 0.4710739 0.1390455
vn -0.6633133 0.7377215 0.1256279
vn -0.3811451 0.9193069 0.0979966
vn -0.0563062 0.9966494 0.0593253
vn 0.2754093 0.9612269 0.0138752
vn 0.5772228 0.8159046 -0.0333698
vn 0.8145221 0.5749844 -0.0771148
vn -0.9353433 0.0675255 0.3472367
vn -0.7923481 0.3281011 0.5143289
vn -0.5593975 0.5489821 0.6210419
vn -0.2639560 0.7064597 0.6566901
vn 0.0608828 0.7838023 0.6180189
vn 0.3793251 0.7724875 0.5092892
vn 0.6559406 0.6729317 0.3419136
vn 0.8587325 0.4946863 0.1336562
vn -0.8765015 -0.1201455 0.4661654
vn -0.6875788 -0.0060520 0.7260845
vn -0.4210910 0.1078645 0.9005818
vn -0.1079835 0.2089978 0.9719360
vn 0.2168554 0.2863404 0.9332647
vn 0.5176317 0.3313699 0.7888291
vn 0.7607099 0.3387786 0.5536692
vn 0.9175742 0.3070153 0.2525849
vn -0.8255039 -0.3435055 0.4478250
vn -0.5967763 -0.4037503 0.6934290
vn -0.3012220 -0.4171394 0.8574730
vn 0.0271964 -0.3830653 0.9233208
vn 0.3520353 -0.3057227 0.8846495
vn 0.6375006 -0.1936340 0.7457203
vn 0.8515123 -0.0589196 0.5210136
vn 0.9685718 0.0836554 0.2342445
vn -0.8018299 -0.5172385 0.2992209
vn -0.5546241 -0.7130864 0.4288355
vn -0.2455766 -0.8254960 0.5081815
vn 0.0899495 -0.8435815 0.5294141
vn 0.4147884 -0.7662390 0.4907428
vn 0.6931461 -0.6019906 0.3964288
vn 0.8936646 -0.3682558 0.2564202
vn 0.9922458 -0.0900776 0.0856405
vn -0.8145221 -0.5749844 0.0771148
vn -0.5772228 -0.8159046 0.0333698
vn -0.2754093 -0.9612269 -0.0138752
vn 0.0563062 -0.9966494 -0.0593253
vn 0.3811451 -0.9193069 -0.0979966
vn 0.6633133 -0.7377215 -0.1256279
vn 0.8710658 -0.4710739 -0.1390455
vn 0.9795536 -0.1478235 -0.1364656
vn -0.8587325 -0.4946863 -0.1336562
vn -0.6559406 -0.6729317 -0.3419136
vn -0.3793251 -0.7724875 -0.5092892
vn -0.0608828 -0.7838023 -0.6180189
vn 0.2639560 -0.7064597 -0.6566901
vn 0.5593975 -0.5489821 -0.6210419
vn 0.7923481 -0.3281011 -0.5143289
vn 0.9353433 -0.0675255 -0.3472367
vn 0.7444769 0.6669272 -0.0310199
vn 0.8630536 0.4400005 0.2480686
vn 0.8640853 0.1808912 0.4697179
vn 0.7658171 -0.0970231 0.6356970
vn 0.5809795 -0.3626285 0.7286724
vn 0.3307226 -0.5868169 0.7390997
vn 0.0426224 -0.7448849 0.6658301
vn -0.2516805 -0.8186490 0.5162081
vn -0.5191076 -0.7981855 0.3056587
vn -0.7444769 -0.6669272 0.0310199
vn 0.7249417 0.5984932 0.3409771
vn 0.6181736 0.4630916 0.6351437
vn 0.4411874 0.2755114 0.8540767
vn 0.2148846 0.0574900 0.9749459
vn -0.0353722 -0.1666984 0.9853733
vn -0.2820072 -0.3723505 0.8842099
vn -0.4975922 -0.5364486 0.6816340
vn -0.6572194 -0.6396928 0.3985671
vn 0.5738961 0.7648543 0.2926451
vn 0.3492328 0.7593019 0.5490874
vn 0.0861571 0.6665405 0.7404733
vn -0.1854940 0.4984656 0.8468318
vn -0.4357509 0.2742771 0.8572591
vn -0.6370376 0.0186786 0.7706064
vn -0.7665330 -0.2402383 0.5955777
vn -0.8082651 -0.4733317 0.3502352
vn 0.4676109 0.8755396 0.1215340
vn 0.1599893 0.9563799 0.2444196
vn -0.1636645 0.9267044 0.3382793
vn -0.4672255 0.7918603 0.3932653
vn -0.7174823 0.5676719 0.4036926
vn -0.8868592 0.2788425 0.3684124
vn -0.9557765 -0.0431603 0.2909098
vn -0.9145502 -0.3626465 0.1791240
vn 0.4466836 0.8882709 -0.1069978
vn 0.1227276 0.9790484 -0.1624871
vn -0.2128539 0.9566293 -0.1988808
vn -0.5226979 0.8256076 -0.2125067
vn -0.7729547 0.6014192 -0.2020793
vn -0.9360485 0.3087674 -0.1687477
vn -0.9930382 -0.0204918 -0.1159969
vn -0.9354776 -0.3499151 -0.0494077
vn 0.5191076 0.7981855 -0.3056587
vn 0.2516805 0.8186490 -0.5162081
vn -0.0426224 0.7448849 -0.6658301
vn -0.3307226 0.5868169 -0.7390997
vn -0.5809795 0.3626285 -0.7286724
vn -0.7658171 0.0970231 -0.6356970
vn -0.8640853 -0.1808912 -0.4697179
vn -0.8630536 -0.4400005 -0.2480686
vn 0.6572194 0.6396928 -0.3985671
vn 0.4975922 0.5364486 -0.6816340
vn 0.2820072 0.3723505 -0.8842099
vn 0.0353722 0.1666984 -0.9853733
vn -0.2148846 -0.0574900 -0.9749459
vn -0.4411874 -0.2755114 -0.8540767
vn -0.6181736 -0.4630916 -0.6351437
vn -0.7249417 -0.5984932 -0.3409771
vn 0.8082651 0.4733317 -0.3502352
vn 0.7665330 0.2402383 -0.5955777
vn 0.6370376 -0.0186786 -0.7706064
vn 0.4357509 -0.2742771 -0.8572591
vn 0.1854940 -0.4984656 -0.8468318
vn -0.0861571 -0.6665405 -0.7404733
vn -0.3492328 -0.7593019 -0.5490874
vn -0.5738961 -0.7648543 -0.2926451
vn 0.9145502 0.3626465 -0.1791240
vn 0.9557765 0.0431603 -0.2909098
vn 0.8868592 -0.2788425 -0.3684124
vn 0.7174823 -0.5676719 -0.4036926
vn 0.4672255 -0.7918603 -0.3932653
vn 0.1636645 -0.9267044 -0.3382793
vn -0.1599893 -0.9563799 -0.2444196
vn -0.4676109 -0.8755396 -0.1215340
vn 0.9354776 0.3499151 0.0494077
vn 0.9930382 0.0204918 0.1159969
vn 0.9360485 -0.3087674 0.1687477
vn 0.7729547 -0.6014192 0.2020793
vn 0.5226979 -0.8256076 0.2125067
vn 0.2128539 -0.9566293 0.1988808
vn -0.1227276 -0.9790484 0.1624871
vn -0.4466836 -0.8882709 0.1069978
vn 0.1135466 0.9935327 -0.0000000
vn 0.4724982 0.8803195 0.0422269
vn 0.7387106 0.6698161 0.0751860
vn 0.9180023 0.3839537 0.0992536
vn 0.9921491 0.0557812 0.1119313
vn 0.9539803 -0.2781960 0.1119313
vn 0.8077017 -0.5811770 0.0992536
vn 0.5685356 -0.8192157 0.0751860
vn 0.2616928 -0.9642270 0.0422269
vn -0.1135466 -0.9935327 0.0000000
vn 0.3777293 0.8911502 0.2513401
vn 0.5699723 0.6891005 0.4475177
vn 0.6952498 0.4094111 0.5907709
vn 0.7409442 0.0844904 0.6662305
vn 0.7027754 -0.2494869 0.6662305
vn 0.5849491 -0.5557196 0.5907709
vn 0.3997972 -0.7999313 0.4475177
vn 0.1669240 -0.9533963 0.2513401
vn 0.1789410 0.9138689 0.3644500
vn 0.2160245 0.7295517 0.6489128
vn 0.2280010 0.4628110 0.8566338
vn 0.2140134 0.1447110 0.9660523
vn 0.1758446 -0.1892662 0.9660523
vn 0.1177003 -0.5023197 0.8566338
vn 0.0458494 -0.7594801 0.6489128
vn -0.0318643 -0.9306776 0.3644500
vn -0.0479365 0.9397977 0.3383524
vn -0.1879368 0.7757187 0.6024452
vn -0.3052709 0.5237564 0.7952918
vn -0.3873736 0.2134410 0.8968749
vn -0.4255425 -0.1205363 0.8968749
vn -0.4155715 -0.4413744 0.7952918
vn -0.3581119 -0.7133131 0.6024452
vn -0.2587418 -0.9047488 0.3383524
vn -0.2162436 0.9590328 0.1830156
vn -0.4876121 0.8099673 0.3258641
vn -0.7008741 0.5689682 0.4301753
vn -0.8335075 0.2644277 0.4851218
vn -0.8716763 -0.0695495 0.4851218
vn -0.8111747 -0.3961626 0.4301753
vn -0.6577872 -0.6790645 0.3258641
vn -0.4270490 -0.8855137 0.1830156
vn -0.2616928 0.9642270 -0.0422269
vn -0.5685356 0.8192157 -0.0751860
vn -0.8077017 0.5811770 -0.0992536
vn -0.9539803 0.2781960 -0.1119313
vn -0.9921491 -0.0557812 -0.1119313
vn -0.9180023 -0.3839537 -0.0992536
vn -0.7387106 -0.6698161 -0.0751860
vn -0.4724982 -0.8803195 -0.0422269
vn -0.1669240 0.9533963 -0.2513401
vn -0.3997972 0.7999313 -0.4475177
vn -0.5849491 0.5557196 -0.5907709
vn -0.7027754 0.2494869 -0.6662305
vn -0.7409442 -0.0844904 -0.6662305
vn -0.6952498 -0.4094111 -0.5907709
vn -0.5699723 -0.6891005 -0.4475177
vn -0.3777293 -0.8911502 -0.2513401
vn 0.0318643 0.9306776 -0.3644500
vn -0.0458494 0.7594801 -0.6489128
vn -0.1177003 0.5023197 -0.8566338
vn -0.1758446 0.1892662 -0.9660523
vn -0.2140134 -0.1447110 -0.9660523
vn -0.2280010 -0.4628110 -0.8566338
vn -0.2160245 -0.7295517 -0.6489128
vn -0.1789410 -0.9138689 -0.3644500
vn 0.2587418 0.9047488 -0.3383524
vn 0.3581119 0.7133131 -0.6024452
vn 0.4155715 0.4413744 -0.7952918
vn 0.4255425 0.1205363 -0.8968749
vn 0.3873736 -0.2134410 -0.8968749
vn 0.3052709 -0.5237564 -0.7952918
vn 0.1879368 -0.7757187 -0.6024452
vn 0.0479365 -0.9397977 -0.3383524
vn 0.4270490 0.8855137 -0.1830156
vn 0.6577872 0.6790645 -0.3258641
vn 0.8111747 0.3961626 -0.4301753
vn 0.8716763 0.0695495 -0.4851218
vn 0.8335075 -0.2644277 -0.4851218
vn 0.7008741 -0.5689682 -0.4301753
vn 0.4876121 -0.8099673 -0.3258641
vn 0.2162436 -0.9590328 -0.1830156
vn 0.2424476 0.9697904 -0.0269386
vn 0.5756621 0.8150875 0.0651574
vn 0.8059400 0.5751191 0.1403524
vn 0.9418465 0.2708985 0.1988445
vn 0.9700990 -0.0627004 0.2344708
vn 0.8885999 -0.3886966 0.2435263
vn 0.7063297 -0.6711687 0.2250130
vn 0.4425778 -0.8783297 0.1807260
vn 0.1255452 -0.9853802 0.1151704
vn -0.2424476 -0.9697904 0.0269386
vn 0.4586550 0.8497495 0.2599256
vn 0.5976058 0.6368357 0.4871423
vn 0.6668232 0.3523710 0.6566441
vn 0.6599468 0.0291786 0.7507455
vn 0.5784477 -0.2968176 0.7598010
vn 0.4313064 -0.5896962 0.6828126
vn 0.2342436 -0.8166131 0.5275159
vn 0.0085380 -0.9507182 0.3099386
vn 0.2524220 0.9036948 0.3458595
vn 0.2304025 0.7328867 0.6401498
vn 0.1820758 0.4791685 0.8586303
vn 0.1132823 0.1721721 0.9785315
vn 0.0317832 -0.1538241 0.9875869
vn -0.0534410 -0.4628987 0.8847988
vn -0.1329597 -0.7205620 0.6805234
vn -0.1976950 -0.8967729 0.3958725
vn 0.0357370 0.9563182 0.2901352
vn -0.1554107 0.8265839 0.5409312
vn -0.3272386 0.6028588 0.7276511
vn -0.4610873 0.3116615 0.8308223
vn -0.5425864 -0.0143347 0.8398777
vn -0.5627554 -0.3392084 0.7538196
vn -0.5187729 -0.6268648 0.5813047
vn -0.4143799 -0.8441496 0.3401481
vn -0.1086336 0.9875192 0.1140374
vn -0.4124663 0.8821382 0.2273845
vn -0.6665794 0.6761964 0.3137362
vn -0.8437723 0.3943665 0.3640377
vn -0.9252713 0.0683703 0.3730932
vn -0.9020962 -0.2658708 0.3399047
vn -0.7758285 -0.5713105 0.2677581
vn -0.5587505 -0.8129485 0.1640504
vn -0.1255452 0.9853802 -0.1151704
vn -0.4425778 0.8783297 -0.1807260
vn -0.7063297 0.6711687 -0.2250130
vn -0.8885999 0.3886966 -0.2435263
vn -0.9700990 0.0627004 -0.2344708
vn -0.9418465 -0.2708985 -0.1988445
vn -0.8059400 -0.5751191 -0.1403524
vn -0.5756621 -0.8150875 -0.0651574
vn -0.0085380 0.9507182 -0.3099386
vn -0.2342436 0.8166131 -0.5275159
vn -0.4313064 0.5896962 -0.6828126
vn -0.5784477 0.2968176 -0.7598010
vn -0.6599468 -0.0291786 -0.7507455
vn -0.6668232 -0.3523710 -0.6566441
vn -0.5976058 -0.6368357 -0.4871423
vn -0.4586550 -0.8497495 -0.2599256
vn 0.1976950 0.8967729 -0.3958725
vn 0.1329597 0.7205620 -0.6805234
vn 0.0534410 0.4628987 -0.8847988
vn -0.0317832 0.1538241 -0.9875869
vn -0.1132823 -0.1721721 -0.9785315
vn -0.1820758 -0.4791685 -0.8586303
vn -0.2304025 -0.7328867 -0.6401498
vn -0.2524220 -0.9036948 -0.3458595
vn 0.4143799 0.8441496 -0.3401481
vn 0.5187729 0.6268648 -0.5813047
vn 0.5627554 0.3392084 -0.7538196
vn 0.5425864 0.0143347 -0.8398777
vn 0.4610873 -0.3116615 -0.8308223
vn 0.3272386 -0.6028588 -0.7276511
vn 0.1554107 -0.8265839 -0.5409312
vn -0.0357370 -0.9563182 -0.2901352
vn 0.5587505 0.8129485 -0.1640504
vn 0.7758285 0.5713105 -0.2677581
vn 0.9020962 0.2658708 -0.3399047
vn 0.9252713 -0.0683703 -0.3730932
vn 0.8437723 -0.3943665 -0.3640377
vn 0.6665794 -0.6761964 -0.3137362
vn 0.4124663 -0.8821382 -0.2273845
vn 0.1086336 -0.9875192 -0.1140374
vn -0.0000000 1.0000000 -0.0000000
vn 0.3718902 0.9282767 0.0000000
vn 0.6621602 0.7493623 -0.0000000
vn 0.8741219 0.4857066 -0.0000000
vn 0.9857741 0.1680756 -0.0000000
vn 0.9857741 -0.1680756 0.0000000
vn 0.8741219 -0.4857066 0.0000000
vn 0.6621602 -0.7493623 -0.0000000
vn 0.3718902 -0.9282767 -0.0000000
vn 0.0000000 -1.0000000 0.0000000
vn 0.3008655 0.9282767 0.2185916
vn 0.5356989 0.7493623 0.3892080
vn 0.7071795 0.4857066 0.5137960
vn 0.7975080 0.1680756 0.5794235
vn 0.7975080 -0.1680756 0.5794235
vn 0.7071795 -0.4857066 0.5137960
vn 0.5356989 -0.7493623 0.3892080
vn 0.3008655 -0.9282767 0.2185916
vn 0.1149204 0.9282767 0.3536886
vn 0.2046188 0.7493623 0.6297518
vn 0.2701185 0.4857066 0.8313393
vn 0.3046210 0.1680756 0.9375269
vn 0.3046210 -0.1680756 0.9375269
vn 0.2701185 -0.4857066 0.8313393
vn 0.2046188 -0.7493623 0.6297518
vn 0.1149204 -0.9282767 0.3536886
vn -0.1149204 0.9282767 0.3536886
vn -0.2046188 0.7493623 0.6297518
vn -0.2701185 0.4857066 0.8313393
vn -0.3046210 0.1680756 0.9375269
vn -0.3046210 -0.1680756 0.9375269
vn -0.2701185 -0.4857066 0.8313393
vn -0.2046188 -0.7493623 0.6297518
vn -0.1149204 -0.9282767 0.3536886
vn -0.3008655 0.9282767 0.2185916
vn -0.5356989 0.7493623 0.3892080
vn -0.7071795 0.4857066 0.5137960
vn -0.7975080 0.1680756 0.5794235
vn -0.7975080 -0.1680756 0.5794235
vn -0.7071795 -0.4857066 0.5137960
vn -0.5356989 -0.7493623 0.3892080
vn -0.3008655 -0.9282767 0.2185916
vn -0.3718902 0.9282767 -0.0000000
vn -0.6621602 0.7493623 0.0000000
vn -0.8741219 0.4857066 0.0000000
vn -0.9857741 0.1680756 0.0000000
vn -0.9857741 -0.1680756 -0.0000000
vn -0.8741219 -0.4857066 -0.0000000
vn -0.6621602 -0.7493623 0.0000000
vn -0.3718902 -0.9282767 0.0000000
vn -0.3008655 0.9282767 -0.2185916
vn -0.5356989 0.7493623 -0.3892080
vn -0.7071795 0.4857066 -0.5137960
vn -0.7975080 0.1680756 -0.5794235
vn -0.7975080 -0.1680756 -0.5794235
vn -0.7071795 -0.4857066 -0.5137960
vn -0.5356989 -0.7493623 -0.3892080
vn -0.3008655 -0.9282767 -0.2185916
vn -0.1149204 0.9282767 -0.3536886
vn -0.2046188 0.7493623 -0.6297518
vn -0.2701185 0.4857066 -0.8313393
vn -0.3046210 0.1680756 -0.9375269
vn -0.3046210 -0.1680756 -0.9375269
vn -0.2701185 -0.4857066 -0.8313393
vn -0.2046188 -0.7493623 -0.6297518
vn -0.1149204 -0.9282767 -0.3536886
vn 0.1149204 0.9282767 -0.3536886
vn 0.2046188 0.7493623 -0.6297518
vn 0.2701185 0.4857066 -0.8313393
vn 0.3046210 0.1680756 -0.9375269
vn 0.3046210 -0.1680756 -0.9375269
vn 0.2701185 -0.4857066 -0.8313393
vn 0.2046188 -0.7493623 -0.6297518
vn 0.1149204 -0.9282767 -0.3536886
vn 0.3008655 0.9282767 -0.2185916
vn 0.5356989 0.7493623 -0.3892080
vn 0.7071795 0.4857066 -0.5137960
vn 0.7975080 0.1680756 -0.5794235
vn 0.7975080 -0.1680756 -0.5794235
vn 0.7071795 -0.4857066 -0.5137960
vn 0.5356989 -0.7493623 -0.3892080
vn 0.3008655 -0.9282767 -0.2185916
vn -0.7444769 0.6669272 -0.0310199
vn -0.5191076 0.7981855 -0.3056587
vn -0.2516805 0.8186490 -0.5162081
vn 0.0426224 0.7448849 -0.6658301
vn 0.3307226 0.5868169 -0.7390997
vn 0.5809795 0.3626285 -0.7286724
vn 0.7658171 0.0970231 -0.6356970
vn 0.8640853 -0.1808912 -0.4697179
vn 0.8630536 -0.4400005 -0.2480686
vn 0.7444769 -0.6669272 0.0310199
vn -0.4466836 0.8882709 -0.1069978
vn -0.1227276 0.9790484 -0.1624871
vn 0.2128539 0.9566293 -0.1988808
vn 0.5226979 0.8256076 -0.2125067
vn 0.7729547 0.6014192 -0.2020793
vn 0.9360485 0.3087674 -0.1687477
vn 0.9930382 -0.0204918 -0.1159969
vn 0.9354776 -0.3499151 -0.0494077
vn -0.4676109 0.8755396 0.1215340
vn -0.1599893 0.9563799 0.2444196
vn 0.1636645 0.9267044 0.3382793
vn 0.4672255 0.7918603 0.3932653
vn 0.7174823 0.5676719 0.4036926
vn 0.8868592 0.2788425 0.3684124
vn 0.9557765 -0.0431603 0.2909098
vn 0.9145502 -0.3626465 0.1791240
vn -0.5738961 0.7648543 0.2926451
vn -0.3492328 0.7593019 0.5490874
vn -0.0861571 0.6665405 0.7404733
vn 0.1854940 0.4984656 0.8468318
vn 0.4357509 0.2742771 0.8572591
vn 0.6370376 0.0186786 0.7706064
vn 0.7665330 -0.2402383 0.5955777
vn 0.8082651 -0.4733317 0.3502352
vn -0.7249417 0.5984932 0.3409771
vn -0.6181736 0.4630916 0.6351437
vn -0.4411874 0.2755114 0.8540767
vn -0.2148846 0.0574900 0.9749459
vn 0.0353722 -0.1666984 0.9853733
vn 0.2820072 -0.3723505 0.8842099
vn 0.4975922 -0.5364486 0.6816340
vn 0.6572194 -0.6396928 0.3985671
vn -0.8630536 0.4400005 0.2480686
vn -0.8640853 0.1808912 0.4697179
vn -0.7658171 -0.0970231 0.6356970
vn -0.5809795 -0.3626285 0.7286724
vn -0.3307226 -0.5868169 0.7390997
vn -0.0426224 -0.7448849 0.6658301
vn 0.2516805 -0.8186490 0.5162081
vn 0.5191076 -0.7981855 0.3056587
vn -0.9354776 0.3499151 0.0494077
vn -0.9930382 0.0204918 0.1159969
vn -0.9360485 -0.3087674 0.1687477
vn -0.7729547 -0.6014192 0.2020793
vn -0.5226979 -0.8256076 0.2125067
vn -0.2128539 -0.9566293 0.1988808
vn 0.1227276 -0.9790484 0.1624871
vn 0.4466836 -0.8882709 0.1069978
vn -0.9145502 0.3626465 -0.1791240
vn -0.9557765 0.0431603 -0.2909098
vn -0.8868592 -0.2788425 -0.3684124
vn -0.7174823 -0.5676719 -0.4036926
vn -0.4672255 -0.7918603 -0.3932653
vn -0.1636645 -0.9267044 -0.3382793
vn 0.1599893 -0.9563799 -0.2444196
vn 0.4676109 -0.8755396 -0.1215340
vn -0.8082651 0.4733317 -0.3502352
vn -0.7665330 0.2402383 -0.5955777
vn -0.6370376 -0.0186786 -0.7706064
vn -0.4357509 -0.2742771 -0.8572591
vn -0.1854940 -0.4984656 -0.8468318
vn 0.0861571 -0.6665405 -0.7404733
vn 0.3492328 -0.7593019 -0.5490874
vn 0.5738961 -0.7648543 -0.2926451
vn -0.6572194 0.6396928 -0.3985671
vn -0.4975922 0.5364486 -0.6816340
vn -0.2820072 0.3723505 -0.8842099
vn -0.0353722 0.1666984 -0.9853733
vn 0.2148846 -0.0574900 -0.9749459
vn 0.4411874 -0.2755114 -0.8540767
vn 0.6181736 -0.4630916 -0.6351437
vn 0.7249417 -0.5984932 -0.3409771
vn -0.1135466 0.9935327 -0.0000000
vn 0.2616928 0.9642270 -0.0422269
vn 0.5685356 0.8192157 -0.0751860
vn 0.8077017 0.5811770 -0.0992536
vn 0.9539803 0.2781960 -0.1119313
vn 0.9921491 -0.0557812 -0.1119313
vn 0.9180023 -0.3839537 -0.0992536
vn 0.7387106 -0.6698161 -0.0751860
vn 0.4724982 -0.8803195 -0.0422269
vn 0.1135466 -0.9935327 0.0000000
vn 0.2162436 0.9590328 0.1830156
vn 0.4876121 0.8099673 0.3258641
vn 0.7008741 0.5689682 0.4301753
vn 0.8335075 0.2644277 0.4851218
vn 0.8716763 -0.0695495 0.4851218
vn 0.8111747 -0.3961626 0.4301753
vn 0.6577872 -0.6790645 0.3258641
vn 0.4270490 -0.8855137 0.1830156
vn 0.0479365 0.9397977 0.3383524
vn 0.1879368 0.7757187 0.6024452
vn 0.3052709 0.5237564 0.7952918
vn 0.3873736 0.2134410 0.8968749
vn 0.4255425 -0.1205363 0.8968749
vn 0.4155715 -0.4413744 0.7952918
vn 0.3581119 -0.7133131 0.6024452
vn 0.2587418 -0.9047488 0.3383524
vn -0.1789410 0.9138689 0.3644500
vn -0.2160245 0.7295517 0.6489128
vn -0.2280010 0.4628110 0.8566338
vn -0.2140134 0.1447110 0.9660523
vn -0.1758446 -0.1892662 0.9660523
vn -0.1177003 -0.5023197 0.8566338
vn -0.0458494 -0.7594801 0.6489128
vn 0.0318643 -0.9306776 0.3644500
vn -0.3777293 0.8911502 0.2513401
vn -0.5699723 0.6891005 0.4475177
vn -0.6952498 0.4094111 0.5907709
vn -0.7409442 0.0844904 0.6662305
vn -0.7027754 -0.2494869 0.6662305
vn -0.5849491 -0.5557196 0.5907709
vn -0.3997972 -0.7999313 0.4475177
vn -0.1669240 -0.9533963 0.2513401
vn -0.4724982 0.8803195 0.0422269
vn -0.7387106 0.6698161 0.0751860
vn -0.9180023 0.3839537 0.0992536
vn -0.9921491 0.0557812 0.1119313
vn -0.9539803 -0.2781960 0.1119313
vn -0.8077017 -0.5811770 0.0992536
vn -0.5685356 -0.8192157 0.0751860
vn -0.2616928 -0.9642270 0.0422269
vn -0.4270490 0.8855137 -0.1830156
vn -0.6577872 0.6790645 -0.3258641
vn -0.8111747 0.3961626 -0.4301753
vn -0.8716763 0.0695495 -0.4851218
vn -0.8335075 -0.2644277 -0.4851218
vn -0.7008741 -0.5689682 -0.4301753
vn -0.4876121 -0.8099673 -0.3258641
vn -0.2162436 -0.9590328 -0.1830156
vn -0.2587418 0.9047488 -0.3383524
vn -0.3581119 0.7133131 -0.6024452
vn -0.4155715 0.4413744 -0.7952918
vn -0.4255425 0.1205363 -0.8968749
vn -0.3873736 -0.2134410 -0.8968749
vn -0.3052709 -0.5237564 -0.7952918
vn -0.1879368 -0.7757187 -0.6024452
vn -0.0479365 -0.9397977 -0.3383524
vn -0.0318643 0.9306776 -0.3644500
vn 0.0458494 0.7594801 -0.6489128
vn 0.1177003 0.5023197 -0.8566338
vn 0.1758446 0.1892662 -0.9660523
vn 0.2140134 -0.1447110 -0.9660523
vn 0.2280010 -0.4628110 -0.8566338
vn 0.2160245 -0.7295517 -0.6489128
vn 0.1789410 -0.9138689 -0.3644500
vn 0.1669240 0.9533963 -0.2513401
vn 0.3997972 0.7999313 -0.4475177
vn 0.5849491 0.5557196 -0.5907709
vn 0.7027754 0.2494869 -0.6662305
vn 0.7409442 -0.0844904 -0.6662305
vn 0.6952498 -0.4094111 -0.5907709
vn 0.5699723 -0.6891005 -0.4475177
vn 0.3777293 -0.8911502 -0.2513401
vn -0.2424476 0.9697904 -0.0269386
vn 0.1255452 0.9853802 -0.1151704
vn 0.4425778 0.8783297 -0.1807260
vn 0.7063297 0.6711687 -0.2250130
vn 0.8885999 0.3886966 -0.2435263
vn 0.9700990 0.0627004 -0.2344708
vn 0.9418465 -0.2708985 -0.1988445
vn 0.8059400 -0.5751191 -0.1403524
vn 0.5756621 -0.8150875 -0.0651574
vn 0.2424476 -0.9697904 0.0269386
vn 0.1086336 0.9875192 0.1140374
vn 0.4124663 0.8821382 0.2273845
vn 0.6665794 0.6761964 0.3137362
vn 0.8437723 0.3943665 0.3640377
vn 0.9252713 0.0683703 0.3730932
vn 0.9020962 -0.2658708 0.3399047
vn 0.7758285 -0.5713105 0.2677581
vn 0.5587505 -0.8129485 0.1640504
vn -0.0357370 0.9563182 0.2901352
vn 0.1554107 0.8265839 0.5409312
vn 0.3272386 0.6028588 0.7276511
vn 0.4610873 0.3116615 0.8308223
vn 0.5425864 -0.0143347 0.8398777
vn 0.5627554 -0.3392084 0.7538196
vn 0.5187729 -0.6268648 0.5813047
vn 0.4143799 -0.8441496 0.3401481
vn -0.2524220 0.9036948 0.3458595
vn -0.2304025 0.7328867 0.6401498
vn -0.1820758 0.4791685 0.8586303
vn -0.1132823 0.1721721 0.9785315
vn -0.0317832 -0.1538241 0.9875869
vn 0.0534410 -0.4628987 0.8847988
vn 0.1329597 -0.7205620 0.6805234
vn 0.1976950 -0.8967729 0.3958725
vn -0.4586550 0.8497495 0.2599256
vn -0.5976058 0.6368357 0.4871423
vn -0.6668232 0.3523710 0.6566441
vn -0.6599468 0.0291786 0.7507455
vn -0.5784477 -0.2968176 0.7598010
vn -0.4313064 -0.5896962 0.6828126
vn -0.2342436 -0.8166131 0.5275159
vn -0.0085380 -0.9507182 0.3099386
vn -0.5756621 0.8150875 0.0651574
vn -0.8059400 0.5751191 0.1403524
vn -0.9418465 0.2708985 0.1988445
vn -0.9700990 -0.0627004 0.2344708
vn -0.8885999 -0.3886966 0.2435263
vn -0.7063297 -0.6711687 0.2250130
vn -0.4425778 -0.8783297 0.1807260
vn -0.1255452 -0.9853802 0.1151704
vn -0.5587505 0.8129485 -0.1640504
vn -0.7758285 0.5713105 -0.2677581
vn -0.9020962 0.2658708 -0.3399047
vn -0.9252713 -0.0683703 -0.3730932
vn -0.8437723 -0.3943665 -0.3640377
vn -0.6665794 -0.6761964 -0.3137362
vn -0.4124663 -0.8821382 -0.2273845
vn -0.1086336 -0.9875192 -0.1140374
vn -0.4143799 0.8441496 -0.3401481
vn -0.5187729 0.6268648 -0.5813047
vn -0.5627554 0.3392084 -0.7538196
vn -0.5425864 0.0143347 -0.8398777
vn -0.4610873 -0.3116615 -0.8308223
vn -0.3272386 -0.6028588 -0.7276511
vn -0.1554107 -0.8265839 -0.5409312
vn 0.0357370 -0.9563182 -0.2901352
vn -0.1976950 0.8967729 -0.3958725
vn -0.1329597 0.7205620 -0.6805234
vn -0.0534410 0.4628987 -0.8847988
vn 0.0317832 0.1538241 -0.9875869
vn 0.1132823 -0.1721721 -0.9785315
vn 0.1820758 -0.4791685 -0.8586303
vn 0.2304025 -0.7328867 -0.6401498
vn 0.2524220 -0.9036948 -0.3458595
vn 0.0085380 0.9507182 -0.3099386
vn 0.2342436 0.8166131 -0.5275159
vn 0.4313064 0.5896962 -0.6828126
vn 0.5784477 0.2968176 -0.7598010
vn 0.6599468 -0.0291786 -0.7507455
vn 0.6668232 -0.3523710 -0.6566441
vn 0.5976058 -0.6368357 -0.4871423
vn 0.4586550 -0.8497495 -0.2599256
vn -0.0000000 1.0000000 -0.0000000
vn 0.3718902 0.9282767 0.0000000
vn 0.6621602 0.7493623 -0.0000000
vn 0.8741219 0.4857066 -0.0000000
vn 0.9857741 0.1680756 -0.0000000
vn 0.9857741 -0.1680756 0.0000000
vn 0.8741219 -0.4857066 0.0000000
vn 0.6621602 -0.7493623 -0.0000000
vn 0.3718902 -0.9282767 -0.0000000
vn 0.0000000 -1.0000000 0.0000000
vn 0.3008655 0.9282767 0.2185916
vn 0.5356989 0.7493623 0.3892080
vn 0.7071795 0.4857066 0.5137960
vn 0.7975080 0.1680756 0.5794235
vn 0.7975080 -0.1680756 0.5794235
vn 0.7071795 -0.4857066 0.5137960
vn 0.5356989 -0.7493623 0.3892080
vn 0.3008655 -0.9282767 0.2185916
vn 0.1149204 0.9282767 0.3536886
vn 0.2046188 0.7493623 0.6297518
vn 0.2701185 0.4857066 0.8313393
vn 0.3046210 0.1680756 0.9375269
vn 0.3046210 -0.1680756 0.9375269
vn 0.2701185 -0.4857066 0.8313393
vn 0.2046188 -0.7493623 0.6297518
vn 0.1149204 -0.9282767 0.3536886
vn -0.1149204 0.9282767 0.3536886
vn -0.2046188 0.7493623 0.6297518
vn -0.2701185 0.4857066 0.8313393
vn -0.3046210 0.1680756 0.9375269
vn -0.3046210 -0.1680756 0.9375269
vn -0.2701185 -0.4857066 0.8313393
vn -0.2046188 -0.7493623 0.6297518
vn -0.1149204 -0.9282767 0.3536886
vn -0.3008655 0.9282767 0.2185916
vn -0.5356989 0.7493623 0.3892080
vn -0.7071795 0.4857066 0.5137960
vn -0.7975080 0.1680756 0.5794235
vn -0.7975080 -0.1680756 0.5794235
vn -0.7071795 -0.4857066 0.5137960
vn -0.5356989 -0.7493623 0.3892080
vn -0.3008655 -0.9282767 0.2185916
vn -0.3718902 0.9282767 -0.0000000
vn -0.6621602 0.7493623 0.0000000
vn -0.8741219 0.4857066 0.0000000
vn -0.9857741 0.1680756 0.0000000
vn -0.9857741 -0.1680756 -0.0000000
vn -0.8741219 -0.4857066 -0.0000000
vn -0.6621602 -0.7493623 0.0000000
vn -0.3718902 -0.9282767 0.0000000
vn -0.3008655 0.9282767 -0.2185916
vn -0.5356989 0.7493623 -0.3892080
vn -0.7071795 0.4857066 -0.5137960
vn -0.7975080 0.1680756 -0.5794235
vn -0.7975080 -0.1680756 -0.5794235
vn -0.7071795 -0.4857066 -0.5137960
vn -0.5356989 -0.7493623 -0.3892080
vn -0.3008655 -0.9282767 -0.2185916
vn -0.1149204 0.9282767 -0.3536886
vn -0.2046188 0.7493623 -0.6297518
vn -0.2701185 0.4857066 -0.8313393
vn -0.3046210 0.1680756 -0.9375269
vn -0.3046210 -0.1680756 -0.9375269
vn -0.2701185 -0.4857066 -0.8313393
vn -0.2046188 -0.7493623 -0.6297518
vn -0.1149204 -0.9282767 -0.3536886
vn 0.1149204 0.9282767 -0.3536886
vn 0.2046188 0.7493623 -0.6297518
vn 0.2701185 0.4857066 -0.8313393
vn 0.3046210 0.1680756 -0.9375269
vn 0.3046210 -0.1680756 -0.9375269
vn 0.2701185 -0.4857066 -0.8313393
vn 0.2046188 -0.7493623 -0.6297518
vn 0.1149204 -0.9282767 -0.3536886
vn 0.3008655 0.9282767 -0.2185916
vn 0.5356989 0.7493623 -0.3892080
vn 0.7071795 0.4857066 -0.5137960
vn 0.7975080 0.1680756 -0.5794235
vn 0.7975080 -0.1680756 -0.5794235
vn 0.7071795 -0.4857066 -0.5137960
vn 0.5356989 -0.7493623 -0.3892080
vn 0.3008655 -0.9282767 -0.2185916
vn -0.6543192 0.7562184 0.0000000
vn 0.6543192 0.7562184 0.0000000
vn -0.6543192 -0.7562184 0.0000000
vn 0.6543192 -0.7562184 0.0000000
vn 0.0000000 -0.4027060 0.9153294
vn 0.0000000 0.4027060 0.9153294
vn 0.0000000 -0.4027060 -0.9153294
vn -0.0000000 0.4027060 -0.9153294
vn 0.8501011 -0.0000000 -0.5266194
vn 0.8501011 0.0000000 0.5266194
vn -0.8501011 -0.0000000 -0.5266194
vn -0.8501011 -0.0000000 0.5266194
vn 0.0000000 1.0000000 0.0000000
vn -0.0000000 -1.0000000 0.0000000
vn -0.3733211 -0.7017929 0.6067273
vn 0.3733211 -0.7017929 0.6067273
vn -0.3733211 0.7017929 0.6067273
vn 0.3733211 0.7017929 0.6067273
vn 0.0000000 0.0000000 1.0000000
vn -0.3733211 -0.7017929 -0.6067273
vn 0.3733211 -0.7017929 -0.6067273
vn -0.3733211 0.7017929 -0.6067273
vn 0.3733211 0.7017929 -0.6067273
vn 0.0000000 0.0000000 -1.0000000
vn 0.8640373 0.3794640 -0.3308270
vn 0.8640373 -0.3794640 -0.3308270
vn 0.5126754 -0.2250591 -0.8285604
vn 0.5126754 0.2250591 -0.8285604
vn 0.8640373 0.3794640 0.3308270
vn 0.8640373 -0.3794640 0.3308270
vn 0.5126754 -0.2250591 0.8285604
vn 0.5126754 0.2250591 0.8285604
vn 1.0000000 0.0000000 0.0000000
vn -0.8640373 0.3794640 -0.3308270
vn -0.8640373 -0.3794640 -0.3308270
vn -0.5126754 -0.2250591 -0.8285604
vn -0.5126754 0.2250591 -0.8285604
vn -0.8640373 0.3794640 0.3308270
vn -0.8640373 -0.3794640 0.3308270
vn -0.5126754 -0.2250591 0.8285604
vn -0.5126754 0.2250591 0.8285604
vn -1.0000000 0.0000000 0.0000000
vn -0.3709904 0.9286367 0.0000000
vn 0.3709904 0.9286367 0.0000000
vn -0.3709904 -0.9286367 -0.0000000
vn 0.3709904 -0.9286367 0.0000000
vn -0.5443072 -0.7738246 0.3239216
vn -0.1813985 -0.5652140 0.8047532
vn -0.2048933 -0.9111403 0.3575501
vn 0.5443072 -0.7738246 0.3239216
vn 0.1813985 -0.5652140 0.8047532
vn 0.2048933 -0.9111403 0.3575501
vn -0.0000000 -0.7650599 0.6439591
vn -0.5443072 0.7738246 0.3239216
vn -0.1813985 0.5652140 0.8047532
vn -0.2048933 0.9111403 0.3575501
vn 0.5443072 0.7738246 0.3239216
vn 0.1813985 0.5652140 0.8047532
vn 0.2048933 0.9111403 0.3575501
vn 0.0000000 0.7650599 0.6439591
vn 0.0000000 -0.2005335 0.9796868
vn 0.0000000 0.2005335 0.9796868
vn -0.5443072 -0.7738246 -0.3239216
vn -0.1813985 -0.5652140 -0.8047532
vn -0.2048933 -0.9111403 -0.3575501
vn 0.5443072 -0.7738246 -0.3239216
vn 0.1813985 -0.5652140 -0.8047532
vn 0.2048933 -0.9111403 -0.3575501
vn 0.0000000 -0.7650599 -0.6439591
vn -0.5443072 0.7738246 -0.3239216
vn -0.1813985 0.5652140 -0.8047532
vn -0.2048933 0.9111403 -0.3575501
vn 0.5443072 0.7738246 -0.3239216
vn 0.1813985 0.5652140 -0.8047532
vn 0.2048933 0.9111403 -0.3575501
vn -0.0000000 0.7650599 -0.6439591
vn 0.0000000 -0.2005335 -0.9796868
vn -0.0000000 0.2005335 -0.9796868
vn 0.7966620 0.5761941 -0.1825652
vn 0.8768533 0.1856022 -0.4434864
vn 0.6687336 0.5551636 -0.4945591
vn 0.7966620 -0.5761941 -0.1825652
vn 0.8768533 -0.1856022 -0.4434864
vn 0.6687336 -0.5551636 -0.4945591
vn 0.2718717 -0.3235936 -0.9062963
vn 0.7078650 -0.1149117 -0.6969379
vn 0.4758959 -0.4594922 -0.7499267
vn 0.2708612 -0.1097420 -0.9563425
vn 0.7162430 -0.3247531 -0.6176823
vn 0.2718717 0.3235936 -0.9062963
vn 0.7078650 0.1149117 -0.6969379
vn 0.4758959 0.4594922 -0.7499267
vn 0.2708612 0.1097420 -0.9563425
vn 0.7162430 0.3247531 -0.6176823
vn 0.5177800 0.0000000 -0.8555138
vn 0.7966620 0.5761941 0.1825652
vn 0.8768533 0.1856022 0.4434864
vn 0.6687336 0.5551636 0.4945591
vn 0.9189525 0.3943683 0.0000000
vn 0.7966620 -0.5761941 0.1825652
vn 0.8768533 -0.1856022 0.4434864
vn 0.6687336 -0.5551636 0.4945591
vn 0.9189525 -0.3943683 0.0000000
vn 0.2718717 -0.3235936 0.9062963
vn 0.7078650 -0.1149117 0.6969379
vn 0.4758959 -0.4594922 0.7499267
vn 0.2708612 -0.1097420 0.9563425
vn 0.7162430 -0.3247531 0.6176823
vn 0.2718717 0.3235936 0.9062963
vn 0.7078650 0.1149117 0.6969379
vn 0.4758959 0.4594922 0.7499267
vn 0.2708612 0.1097420 0.9563425
vn 0.7162430 0.3247531 0.6176823
vn 0.5177800 0.0000000 0.8555138
vn 0.9616830 0.0000000 -0.2741640
vn 0.9616830 0.0000000 0.2741640
vn 0.9686048 0.1934429 -0.1561555
vn 0.9686048 -0.1934429 -0.1561555
vn 0.9686048 0.1934429 0.1561555
vn 0.9686048 -0.1934429 0.1561555
vn -0.7966620 0.5761941 -0.1825652
vn -0.8768533 0.1856022 -0.4434864
vn -0.6687336 0.5551636 -0.4945591
vn -0.7966620 -0.5761941 -0.1825652
vn -0.8768533 -0.1856022 -0.4434864
vn -0.6687336 -0.5551636 -0.4945591
vn -0.2718717 -0.3235936 -0.9062963
vn -0.7078650 -0.1149117 -0.6969379
vn -0.4758959 -0.4594922 -0.7499267
vn -0.2708612 -0.1097420 -0.9563425
vn -0.7162430 -0.3247531 -0.6176823
vn -0.2718717 0.3235936 -0.9062963
vn -0.7078650 0.1149117 -0.6969379
vn -0.4758959 0.4594922 -0.7499267
vn -0.2708612 0.1097420 -0.9563425
vn -0.7162430 0.3247531 -0.6176823
vn -0.5177800 -0.0000000 -0.8555138
vn -0.7966620 0.5761941 0.1825652
vn -0.8768533 0.1856022 0.4434864
vn -0.6687336 0.5551636 0.4945591
vn -0.9189525 0.3943683 0.0000000
vn -0.7966620 -0.5761941 0.1825652
vn -0.8768533 -0.1856022 0.4434864
vn -0.6687336 -0.5551636 0.4945591
vn -0.9189525 -0.3943683 -0.0000000
vn -0.2718717 -0.3235936 0.9062963
vn -0.7078650 -0.1149117 0.6969379
vn -0.4758959 -0.4594922 0.7499267
vn -0.2708612 -0.1097420 0.9563425
vn -0.7162430 -0.3247531 0.6176823
vn -0.2718717 0.3235936 0.9062963
vn -0.7078650 0.1149117 0.6969379
vn -0.4758959 0.4594922 0.7499267
vn -0.2708612 0.1097420 0.9563425
vn -0.7162430 0.3247531 0.6176823
vn -0.5177800 0.0000000 0.8555138
vn -0.9616830 -0.0000000 -0.2741640
vn -0.9616830 -0.0000000 0.2741640
vn -0.9686048 0.1934429 -0.1561555
vn -0.9686048 -0.1934429 -0.1561555
vn -0.9686048 0.1934429 0.1561555
vn -0.9686048 -0.1934429 0.1561555
vn -0.6543192 0.7562184 0.0000000
vn 0.6543192 0.7562184 0.0000000
vn -0.6543192 -0.7562184 0.0000000
vn 0.6543192 -0.7562184 0.0000000
vn 0.0000000 -0.4027060 0.9153294
vn 0.0000000 0.4027060 0.9153294
vn 0.0000000 -0.4027060 -0.9153294
vn -0.0000000 0.4027060 -0.9153294
vn 0.8501011 0.0000000 -0.5266194
vn 0.8501011 0.0000000 0.5266194
vn -0.8501011 0.0000000 -0.5266194
vn -0.8501011 -0.0000000 0.5266194
vn 0.0000000 1.0000000 0.0000000
vn -0.0000000 -1.0000000 0.0000000
vn -0.3733211 -0.7017929 0.6067273
vn 0.3733211 -0.7017929 0.6067273
vn -0.3733211 0.7017929 0.6067273
vn 0.3733211 0.7017929 0.6067273
vn 0.0000000 0.0000000 1.0000000
vn -0.3733211 -0.7017929 -0.6067273
vn 0.3733211 -0.7017929 -0.6067273
vn -0.3733211 0.7017929 -0.6067273
vn 0.3733211 0.7017929 -0.6067273
vn 0.0000000 0.0000000 -1.0000000
vn 0.8640373 0.3794640 -0.3308270
vn 0.8640373 -0.3794640 -0.3308270
vn 0.5126754 -0.2250591 -0.8285604
vn 0.5126754 0.2250591 -0.8285604
vn 0.8640373 0.3794640 0.3308270
vn 0.8640373 -0.3794640 0.3308270
vn 0.5126754 -0.2250591 0.8285604
vn 0.5126754 0.2250591 0.8285604
vn 1.0000000 0.0000000 0.0000000
vn -0.8640373 0.3794640 -0.3308270
vn -0.8640373 -0.3794640 -0.3308270
vn -0.5126754 -0.2250591 -0.8285604
vn -0.5126754 0.2250591 -0.8285604
vn -0.8640373 0.3794640 0.3308270
vn -0.8640373 -0.3794640 0.3308270
vn -0.5126754 -0.2250591 0.8285604
vn -0.5126754 0.2250591 0.8285604
vn -1.0000000 -0.0000000 0.0000000
vn -0.3709904 0.9286367 0.0000000
vn 0.3709904 0.9286367 0.0000000
vn -0.3709904 -0.9286367 -0.0000000
vn 0.3709904 -0.9286367 0.0000000
vn -0.5443072 -0.7738246 0.3239216
vn -0.1813985 -0.5652140 0.8047532
vn -0.2048933 -0.9111403 0.3575501
vn 0.5443072 -0.7738246 0.3239216
vn 0.1813985 -0.5652140 0.8047532
vn 0.2048933 -0.9111403 0.3575501
vn -0.0000000 -0.7650599 0.6439591
vn -0.5443072 0.7738246 0.3239216
vn -0.1813985 0.5652140 0.8047532
vn -0.2048933 0.9111403 0.3575501
vn 0.5443072 0.7738246 0.3239216
vn 0.1813985 0.5652140 0.8047532
vn 0.2048933 0.9111403 0.3575501
vn 0.0000000 0.7650599 0.6439591
vn 0.0000000 -0.2005335 0.9796868
vn 0.0000000 0.2005335 0.9796868
vn -0.5443072 -0.7738246 -0.3239216
vn -0.1813985 -0.5652140 -0.8047532
vn -0.2048933 -0.9111403 -0.3575501
vn 0.5443072 -0.7738246 -0.3239216
vn 0.1813985 -0.5652140 -0.8047532
vn 0.2048933 -0.9111403 -0.3575501
vn 0.0000000 -0.7650599 -0.6439591
vn -0.5443072 0.7738246 -0.3239216
vn -0.1813985 0.5652140 -0.8047532
vn -0.2048933 0.9111403 -0.3575501
vn 0.5443072 0.7738246 -0.3239216
vn 0.1813985 0.5652140 -0.8047532
vn 0.2048933 0.9111403 -0.3575501
vn -0.0000000 0.7650599 -0.6439591
vn 0.0000000 -0.2005335 -0.9796868
vn -0.0000000 0.2005335 -0.9796868
vn 0.7966620 0.5761941 -0.1825652
vn 0.8768533 0.1856022 -0.4434864
vn 0.6687336 0.5551636 -0.4945591
vn 0.7966620 -0.5761941 -0.1825652
vn 0.8768533 -0.1856022 -0.4434864
vn 0.6687336 -0.5551636 -0.4945591
vn 0.2718717 -0.3235936 -0.9062963
vn 0.7078650 -0.1149117 -0.6969379
vn 0.4758959 -0.4594922 -0.7499267
vn 0.2708612 -0.1097420 -0.9563425
vn 0.7162430 -0.3247531 -0.6176823
vn 0.2718717 0.3235936 -0.9062963
vn 0.7078650 0.1149117 -0.6969379
vn 0.4758959 0.4594922 -0.7499267
vn 0.2708612 0.1097420 -0.9563425
vn 0.7162430 0.3247531 -0.6176823
vn 0.5177800 0.0000000 -0.8555138
vn 0.7966620 0.5761941 0.1825652
vn 0.8768533 0.1856022 0.4434864
vn 0.6687336 0.5551636 0.4945591
vn 0.9189525 0.3943683 0.0000000
vn 0.7966620 -0.5761941 0.1825652
vn 0.8768533 -0.1856022 0.4434864
vn 0.6687336 -0.5551636 0.4945591
vn 0.9189525 -0.3943683 0.0000000
vn 0.2718717 -0.3235936 0.9062963
vn 0.7078650 -0.1149117 0.6969379
vn 0.4758959 -0.4594922 0.7499267
vn 0.2708612 -0.1097420 0.9563425
vn 0.7162430 -0.3247531 0.6176823
vn 0.2718717 0.3235936 0.9062963
vn 0.7078650 0.1149117 0.6969379
vn 0.4758959 0.4594922 0.7499267
vn 0.2708612 0.1097420 0.9563425
vn 0.7162430 0.3247531 0.6176823
vn 0.5177800 0.0000000 0.8555138
vn 0.9616830 0.0000000 -0.2741640
vn 0.9616830 0.0000000 0.2741640
vn 0.9686048 0.1934429 -0.1561555
vn 0.9686048 -0.1934429 -0.1561555
vn 0.9686048 0.1934429 0.1561555
vn 0.9686048 -0.1934429 0.1561555
vn -0.7966620 0.5761941 -0.1825652
vn -0.8768533 0.1856022 -0.4434864
vn -0.6687336 0.5551636 -0.4945591
vn -0.7966620 -0.5761941 -0.1825652
vn -0.8768533 -0.1856022 -0.4434864
vn -0.6687336 -0.5551636 -0.4945591
vn -0.2718717 -0.3235936 -0.9062963
vn -0.7078650 -0.1149117 -0.6969379
vn -0.4758959 -0.4594922 -0.7499267
vn -0.2708612 -0.1097420 -0.9563425
vn -0.7162430 -0.3247531 -0.6176823
vn -0.2718717 0.3235936 -0.9062963
vn -0.7078650 0.1149117 -0.6969379
vn -0.4758959 0.4594922 -0.7499267
vn -0.2708612 0.1097420 -0.9563425
vn -0.7162430 0.3247531 -0.6176823
vn -0.5177800 -0.0000000 -0.8555138
vn -0.7966620 0.5761941 0.1825652
vn -0.8768533 0.1856022 0.4434864
vn -0.6687336 0.5551636 0.4945591
vn -0.9189525 0.3943683 0.0000000
vn -0.7966620 -0.5761941 0.1825652
vn -0.8768533 -0.1856022 0.4434864
vn -0.6687336 -0.5551636 0.4945591
vn -0.9189525 -0.3943683 0.0000000
vn -0.2718717 -0.3235936 0.9062963
vn -0.7078650 -0.1149117 0.6969379
vn -0.4758959 -0.4594922 0.7499267
vn -0.2708612 -0.1097420 0.9563425
vn -0.7162430 -0.3247531 0.6176823
vn -0.2718717 0.3235936 0.9062963
vn -0.7078650 0.1149117 0.6969379
vn -0.4758959 0.4594922 0.7499267
vn -0.2708612 0.1097420 0.9563425
vn -0.7162430 0.3247531 0.6176823
vn -0.5177800 0.0000000 0.8555138
vn -0.9616830 -0.0000000 -0.2741640
vn -0.9616830 -0.0000000 0.2741640
vn -0.9686048 0.1934429 -0.1561555
vn -0.9686048 -0.1934429 -0.1561555
vn -0.9686048 0.1934429 0.1561555
vn -0.9686048 -0.1934429 0.1561555
vn -0.6543192 0.7562184 -0.0000000
vn 0.6543192 0.7562184 0.0000000
vn -0.6543192 -0.7562184 0.0000000
vn 0.6543192 -0.7562184 -0.0000000
vn 0.0000000 -0.4027060 0.9153294
vn -0.0000000 0.4027060 0.9153294
vn 0.0000000 -0.4027060 -0.9153294
vn -0.0000000 0.4027060 -0.9153294
vn 0.8501011 -0.0000000 -0.5266194
vn 0.8501011 0.0000000 0.5266194
vn -0.8501011 0.0000000 -0.5266194
vn -0.8501011 0.0000000 0.5266194
vn 0.0000000 1.0000000 0.0000000
vn -0.0000000 -1.0000000 0.0000000
vn -0.3733211 -0.7017929 0.6067273
vn 0.3733211 -0.7017929 0.6067273
vn -0.3733211 0.7017929 0.6067273
vn 0.3733211 0.7017929 0.6067273
vn 0.0000000 0.0000000 1.0000000
vn -0.3733211 -0.7017929 -0.6067273
vn 0.3733211 -0.7017929 -0.6067273
vn -0.3733211 0.7017929 -0.6067273
vn 0.3733211 0.7017929 -0.6067273
vn 0.0000000 0.0000000 -1.0000000
vn 0.8640373 0.3794640 -0.3308270
vn 0.8640373 -0.3794640 -0.3308270
vn 0.5126754 -0.2250591 -0.8285604
vn 0.5126754 0.2250591 -0.8285604
vn 0.8640373 0.3794640 0.3308270
vn 0.8640373 -0.3794640 0.3308270
vn 0.5126754 -0.2250591 0.8285604
vn 0.5126754 0.2250591 0.8285604
vn 1.0000000 -0.0000000 0.0000000
vn -0.8640373 0.3794640 -0.3308270
vn -0.8640373 -0.3794640 -0.3308270
vn -0.5126754 -0.2250591 -0.8285604
vn -0.5126754 0.2250591 -0.8285604
vn -0.8640373 0.3794640 0.3308270
vn -0.8640373 -0.3794640 0.3308270
vn -0.5126754 -0.2250591 0.8285604
vn -0.5126754 0.2250591 0.8285604
vn -1.0000000 0.0000000 0.0000000
vn -0.3709904 0.9286367 0.0000000
vn 0.3709904 0.9286367 -0.0000000
vn -0.3709904 -0.9286367 -0.0000000
vn 0.3709904 -0.9286367 0.0000000
vn -0.5443072 -0.7738246 0.3239216
vn -0.1813985 -0.5652140 0.8047532
vn -0.2048933 -0.9111403 0.3575501
vn 0.5443072 -0.7738246 0.3239216
vn 0.1813985 -0.5652140 0.8047532
vn 0.2048933 -0.9111403 0.3575501
vn 0.0000000 -0.7650599 0.6439591
vn -0.5443072 0.7738246 0.3239216
vn -0.1813985 0.5652140 0.8047532
vn -0.2048933 0.9111403 0.3575501
vn 0.5443072 0.7738246 0.3239216
vn 0.1813985 0.5652140 0.8047532
vn 0.2048933 0.9111403 0.3575501
vn -0.0000000 0.7650599 0.6439591
vn 0.0000000 -0.2005335 0.9796868
vn 0.0000000 0.2005335 0.9796868
vn -0.5443072 -0.7738246 -0.3239216
vn -0.1813985 -0.5652140 -0.8047532
vn -0.2048933 -0.9111403 -0.3575501
vn 0.5443072 -0.7738246 -0.3239216
vn 0.1813985 -0.5652140 -0.8047532
vn 0.2048933 -0.9111403 -0.3575501
vn 0.0000000 -0.7650599 -0.6439591
vn -0.5443072 0.7738246 -0.3239216
vn -0.1813985 0.5652140 -0.8047532
vn -0.2048933 0.9111403 -0.3575501
vn 0.5443072 0.7738246 -0.3239216
vn 0.1813985 0.5652140 -0.8047532
vn 0.2048933 0.9111403 -0.3575501
vn -0.0000000 0.7650599 -0.6439591
vn 0.0000000 -0.2005335 -0.9796868
vn 0.0000000 0.2005335 -0.9796868
vn 0.7966620 0.5761941 -0.1825652
vn 0.8768533 0.1856022 -0.4434864
vn 0.6687336 0.5551636 -0.4945591
vn 0.7966620 -0.5761941 -0.1825652
vn 0.8768533 -0.1856022 -0.4434864
vn 0.6687336 -0.5551636 -0.4945591
vn 0.2718717 -0.3235936 -0.9062963
vn 0.7078650 -0.1149117 -0.6969379
vn 0.4758959 -0.4594922 -0.7499267
vn 0.2708612 -0.1097420 -0.9563425
vn 0.7162430 -0.3247531 -0.6176823
vn 0.2718717 0.3235936 -0.9062963
vn 0.7078650 0.1149117 -0.6969379
vn 0.4758959 0.4594922 -0.7499267
vn 0.2708612 0.1097420 -0.9563425
vn 0.7162430 0.3247531 -0.6176823
vn 0.5177800 -0.0000000 -0.8555138
vn 0.7966620 0.5761941 0.1825652
vn 0.8768533 0.1856022 0.4434864
vn 0.6687336 0.5551636 0.4945591
vn 0.9189525 0.3943683 0.0000000
vn 0.7966620 -0.5761941 0.1825652
vn 0.8768533 -0.1856022 0.4434864
vn 0.6687336 -0.5551636 0.4945591
vn 0.9189525 -0.3943683 0.0000000
vn 0.2718717 -0.3235936 0.9062963
vn 0.7078650 -0.1149117 0.6969379
vn 0.4758959 -0.4594922 0.7499267
vn 0.2708612 -0.1097420 0.9563425
vn 0.7162430 -0.3247531 0.6176823
vn 0.2718717 0.3235936 0.9062963
vn 0.7078650 0.1149117 0.6969379
vn 0.4758959 0.4594922 0.7499267
vn 0.2708612 0.1097420 0.9563425
vn 0.7162430 0.3247531 0.6176823
vn 0.5177800 0.0000000 0.8555138
vn 0.9616830 -0.0000000 -0.2741640
vn 0.9616830 0.0000000 0.2741640
vn 0.9686048 0.1934429 -0.1561555
vn 0.9686048 -0.1934429 -0.1561555
vn 0.9686048 0.1934429 0.1561555
vn 0.9686048 -0.1934429 0.1561555
vn -0.7966620 0.5761941 -0.1825652
vn -0.8768533 0.1856022 -0.4434864
vn -0.6687336 0.5551636 -0.4945591
vn -0.7966620 -0.5761941 -0.1825652
vn -0.8768533 -0.1856022 -0.4434864
vn -0.6687336 -0.5551636 -0.4945591
vn -0.2718717 -0.3235936 -0.9062963
vn -0.7078650 -0.1149117 -0.6969379
vn -0.4758959 -0.4594922 -0.7499267
vn -0.2708612 -0.1097420 -0.9563425
vn -0.7162430 -0.3247531 -0.6176823
vn -0.2718717 0.3235936 -0.9062963
vn -0.7078650 0.1149117 -0.6969379
vn -0.4758959 0.4594922 -0.7499267
vn -0.2708612 0.1097420 -0.9563425
vn -0.7162430 0.3247531 -0.6176823
vn -0.5177800 0.0000000 -0.8555138
vn -0.7966620 0.5761941 0.1825652
vn -0.8768533 0.1856022 0.4434864
vn -0.6687336 0.5551636 0.4945591
vn -0.9189525 0.3943683 0.0000000
vn -0.7966620 -0.5761941 0.1825652
vn -0.8768533 -0.1856022 0.4434864
vn -0.6687336 -0.5551636 0.4945591
vn -0.9189525 -0.3943683 0.0000000
vn -0.2718717 -0.3235936 0.9062963
vn -0.7078650 -0.1149117 0.6969379
vn -0.4758959 -0.4594922 0.7499267
vn -0.2708612 -0.1097420 0.9563425
vn -0.7162430 -0.3247531 0.6176823
vn -0.2718717 0.3235936 0.9062963
vn -0.7078650 0.1149117 0.6969379
vn -0.4758959 0.4594922 0.7499267
vn -0.2708612 0.1097420 0.9563425
vn -0.7162430 0.3247531 0.6176823
vn -0.5177800 -0.0000000 0.8555138
vn -0.9616830 0.0000000 -0.2741640
vn -0.9616830 -0.0000000 0.2741640
vn -0.9686048 0.1934429 -0.1561555
vn -0.9686048 -0.1934429 -0.1561555
vn -0.9686048 0.1934429 0.1561555
vn -0.9686048 -0.1934429 0.1561555
vn -0.6543192 0.7562184 -0.0000000
vn 0.6543192 0.7562184 0.0000000
vn -0.6543192 -0.7562184 0.0000000
vn 0.6543192 -0.7562184 -0.0000000
vn 0.0000000 -0.4027060 0.9153294
vn -0.0000000 0.4027060 0.9153294
vn 0.0000000 -0.4027060 -0.9153294
vn -0.0000000 0.4027060 -0.9153294
vn 0.8501011 -0.0000000 -0.5266194
vn 0.8501011 0.0000000 0.5266194
vn -0.8501011 0.0000000 -0.5266194
vn -0.8501011 0.0000000 0.5266194
vn 0.0000000 1.0000000 0.0000000
vn -0.0000000 -1.0000000 0.0000000
vn -0.3733211 -0.7017929 0.6067273
vn 0.3733211 -0.7017929 0.6067273
vn -0.3733211 0.7017929 0.6067273
vn 0.3733211 0.7017929 0.6067273
vn 0.0000000 0.0000000 1.0000000
vn -0.3733211 -0.7017929 -0.6067273
vn 0.3733211 -0.7017929 -0.6067273
vn -0.3733211 0.7017929 -0.6067273
vn 0.3733211 0.7017929 -0.6067273
vn 0.0000000 0.0000000 -1.0000000
vn 0.8640373 0.3794640 -0.3308270
vn 0.8640373 -0.3794640 -0.3308270
vn 0.5126754 -0.2250591 -0.8285604
vn 0.5126754 0.2250591 -0.8285604
vn 0.8640373 0.3794640 0.3308270
vn 0.8640373 -0.3794640 0.3308270
vn 0.5126754 -0.2250591 0.8285604
vn 0.5126754 0.2250591 0.8285604
vn 1.0000000 -0.0000000 0.0000000
vn -0.8640373 0.3794640 -0.3308270
vn -0.8640373 -0.3794640 -0.3308270
vn -0.5126754 -0.2250591 -0.8285604
vn -0.5126754 0.2250591 -0.8285604
vn -0.8640373 0.3794640 0.3308270
vn -0.8640373 -0.3794640 0.3308270
vn -0.5126754 -0.2250591 0.8285604
vn -0.5126754 0.2250591 0.8285604
vn -1.0000000 0.0000000 0.0000000
vn -0.3709904 0.9286367 0.0000000
vn 0.3709904 0.9286367 -0.0000000
vn -0.3709904 -0.9286367 -0.0000000
vn 0.3709904 -0.9286367 0.0000000
vn -0.5443072 -0.7738246 0.3239216
vn -0.1813985 -0.5652140 0.8047532
vn -0.2048933 -0.9111403 0.3575501
vn 0.5443072 -0.7738246 0.3239216
vn 0.1813985 -0.5652140 0.8047532
vn 0.2048933 -0.9111403 0.3575501
vn 0.0000000 -0.7650599 0.6439591
vn -0.5443072 0.7738246 0.3239216
vn -0.1813985 0.5652140 0.8047532
vn -0.2048933 0.9111403 0.3575501
vn 0.5443072 0.7738246 0.3239216
vn 0.1813985 0.5652140 0.8047532
vn 0.2048933 0.9111403 0.3575501
vn -0.0000000 0.7650599 0.6439591
vn 0.0000000 -0.2005335 0.9796868
vn 0.0000000 0.2005335 0.9796868
vn -0.5443072 -0.7738246 -0.3239216
vn -0.1813985 -0.5652140 -0.8047532
vn -0.2048933 -0.9111403 -0.3575501
vn 0.5443072 -0.7738246 -0.3239216
vn 0.1813985 -0.5652140 -0.8047532
vn 0.2048933 -0.9111403 -0.3575501
vn 0.0000000 -0.7650599 -0.6439591
vn -0.5443072 0.7738246 -0.3239216
vn -0.1813985 0.5652140 -0.8047532
vn -0.2048933 0.9111403 -0.3575501
vn 0.5443072 0.7738246 -0.3239216
vn 0.1813985 0.5652140 -0.8047532
vn 0.2048933 0.9111403 -0.3575501
vn -0.0000000 0.7650599 -0.6439591
vn 0.0000000 -0.2005335 -0.9796868
vn 0.0000000 0.2005335 -0.9796868
vn 0.7966620 0.5761941 -0.1825652
vn 0.8768533 0.1856022 -0.4434864
vn 0.6687336 0.5551636 -0.4945591
vn 0.7966620 -0.5761941 -0.1825652
vn 0.8768533 -0.1856022 -0.4434864
vn 0.6687336 -0.5551636 -0.4945591
vn 0.2718717 -0.3235936 -0.9062963
vn 0.7078650 -0.1149117 -0.6969379
vn 0.4758959 -0.4594922 -0.7499267
vn 0.2708612 -0.1097420 -0.9563425
vn 0.7162430 -0.3247531 -0.6176823
vn 0.2718717 0.3235936 -0.9062963
vn 0.7078650 0.1149117 -0.6969379
vn 0.4758959 0.4594922 -0.7499267
vn 0.2708612 0.1097420 -0.9563425
vn 0.7162430 0.3247531 -0.6176823
vn 0.5177800 -0.0000000 -0.8555138
vn 0.7966620 0.5761941 0.1825652
vn 0.8768533 0.1856022 0.4434864
vn 0.6687336 0.5551636 0.4945591
vn 0.9189525 0.3943683 0.0000000
vn 0.7966620 -0.5761941 0.1825652
vn 0.8768533 -0.1856022 0.4434864
vn 0.6687336 -0.5551636 0.4945591
vn 0.9189525 -0.3943683 0.0000000
vn 0.2718717 -0.3235936 0.9062963
vn 0.7078650 -0.1149117 0.6969379
vn 0.4758959 -0.4594922 0.7499267
vn 0.2708612 -0.1097420 0.9563425
vn 0.7162430 -0.3247531 0.6176823
vn 0.2718717 0.3235936 0.9062963
vn 0.7078650 0.1149117 0.6969379
vn 0.4758959 0.4594922 0.7499267
vn 0.2708612 0.1097420 0.9563425
vn 0.7162430 0.3247531 0.6176823
vn 0.5177800 0.0000000 0.8555138
vn 0.9616830 -0.0000000 -0.2741640
vn 0.9616830 0.0000000 0.2741640
vn 0.9686048 0.1934429 -0.1561555
vn 0.9686048 -0.1934429 -0.1561555
vn 0.9686048 0.1934429 0.1561555
vn 0.9686048 -0.1934429 0.1561555
vn -0.7966620 0.5761941 -0.1825652
vn -0.8768533 0.1856022 -0.4434864
vn -0.6687336 0.5551636 -0.4945591
vn -0.7966620 -0.5761941 -0.1825652
vn -0.8768533 -0.1856022 -0.4434864
vn -0.6687336 -0.5551636 -0.4945591
vn -0.2718717 -0.3235936 -0.9062963
vn -0.7078650 -0.1149117 -0.6969379
vn -0.4758959 -0.4594922 -0.7499267
vn -0.2708612 -0.1097420 -0.9563425
vn -0.7162430 -0.3247531 -0.6176823
vn -0.2718717 0.3235936 -0.9062963
vn -0.7078650 0.1149117 -0.6969379
vn -0.4758959 0.4594922 -0.7499267
vn -0.2708612 0.1097420 -0.9563425
vn -0.7162430 0.3247531 -0.6176823
vn -0.5177800 0.0000000 -0.8555138
vn -0.7966620 0.5761941 0.1825652
vn -0.8768533 0.1856022 0.4434864
vn -0.6687336 0.5551636 0.4945591
vn -0.9189525 0.3943683 0.0000000
vn -0.7966620 -0.5761941 0.1825652
vn -0.8768533 -0.1856022 0.4434864
vn -0.6687336 -0.5551636 0.4945591
vn -0.9189525 -0.3943683 0.0000000
vn -0.2718717 -0.3235936 0.9062963
vn -0.7078650 -0.1149117 0.6969379
vn -0.4758959 -0.4594922 0.7499267
vn -0.2708612 -0.1097420 0.9563425
vn -0.7162430 -0.3247531 0.6176823
vn -0.2718717 0.3235936 0.9062963
vn -0.7078650 0.1149117 0.6969379
vn -0.4758959 0.4594922 0.7499267
vn -0.2708612 0.1097420 0.9563425
vn -0.7162430 0.3247531 0.6176823
vn -0.5177800 -0.0000000 0.8555138
vn -0.9616830 0.0000000 -0.2741640
vn -0.9616830 -0.0000000 0.2741640
vn -0.9686048 0.1934429 -0.1561555
vn -0.9686048 -0.1934429 -0.1561555
vn -0.9686048 0.1934429 0.1561555
vn -0.9686048 -0.1934429 0.1561555
vn -0.6543192 0.7562184 0.0000000
vn 0.6543192 0.7562184 0.0000000
vn -0.6543192 -0.7562184 0.0000000
vn 0.6543192 -0.7562184 0.0000000
vn -0.0000000 -0.4027060 0.9153294
vn 0.0000000 0.4027060 0.9153294
vn 0.0000000 -0.4027060 -0.9153294
vn -0.0000000 0.4027060 -0.9153294
vn 0.8501011 -0.0000000 -0.5266194
vn 0.8501011 0.0000000 0.5266194
vn -0.8501011 0.0000000 -0.5266194
vn -0.8501011 -0.0000000 0.5266194
vn 0.0000000 1.0000000 -0.0000000
vn 0.0000000 -1.0000000 -0.0000000
vn -0.3733211 -0.7017929 0.6067273
vn 0.3733211 -0.7017929 0.6067273
vn -0.3733211 0.7017929 0.6067273
vn 0.3733211 0.7017929 0.6067273
vn 0.0000000 0.0000000 1.0000000
vn -0.3733211 -0.7017929 -0.6067273
vn 0.3733211 -0.7017929 -0.6067273
vn -0.3733211 0.7017929 -0.6067273
vn 0.3733211 0.7017929 -0.6067273
vn 0.0000000 0.0000000 -1.0000000
vn 0.8640373 0.3794640 -0.3308270
vn 0.8640373 -0.3794640 -0.3308270
vn 0.5126754 -0.2250591 -0.8285604
vn 0.5126754 0.2250591 -0.8285604
vn 0.8640373 0.3794640 0.3308270
vn 0.8640373 -0.3794640 0.3308270
vn 0.5126754 -0.2250591 0.8285604
vn 0.5126754 0.2250591 0.8285604
vn 1.0000000 -0.0000000 -0.0000000
vn -0.8640373 0.3794640 -0.3308270
vn -0.8640373 -0.3794640 -0.3308270
vn -0.5126754 -0.2250591 -0.8285604
vn -0.5126754 0.2250591 -0.8285604
vn -0.8640373 0.3794640 0.3308270
vn -0.8640373 -0.3794640 0.3308270
vn -0.5126754 -0.2250591 0.8285604
vn -0.5126754 0.2250591 0.8285604
vn -1.0000000 0.0000000 -0.0000000
vn -0.3709904 0.9286367 -0.0000000
vn 0.3709904 0.9286367 -0.0000000
vn -0.3709904 -0.9286367 -0.0000000
vn 0.3709904 -0.9286367 -0.0000000
vn -0.5443072 -0.7738246 0.3239216
vn -0.1813985 -0.5652140 0.8047532
vn -0.2048933 -0.9111403 0.3575501
vn 0.5443072 -0.7738246 0.3239216
vn 0.1813985 -0.5652140 0.8047532
vn 0.2048933 -0.9111403 0.3575501
vn -0.0000000 -0.7650599 0.6439591
vn -0.5443072 0.7738246 0.3239216
vn -0.1813985 0.5652140 0.8047532
vn -0.2048933 0.9111403 0.3575501
vn 0.5443072 0.7738246 0.3239216
vn 0.1813985 0.5652140 0.8047532
vn 0.2048933 0.9111403 0.3575501
vn 0.0000000 0.7650599 0.6439591
vn 0.0000000 -0.2005335 0.9796868
vn 0.0000000 0.2005335 0.9796868
vn -0.5443072 -0.7738246 -0.3239216
vn -0.1813985 -0.5652140 -0.8047532
vn -0.2048933 -0.9111403 -0.3575501
vn 0.5443072 -0.7738246 -0.3239216
vn 0.1813985 -0.5652140 -0.8047532
vn 0.2048933 -0.9111403 -0.3575501
vn 0.0000000 -0.7650599 -0.6439591
vn -0.5443072 0.7738246 -0.3239216
vn -0.1813985 0.5652140 -0.8047532
vn -0.2048933 0.9111403 -0.3575501
vn 0.5443072 0.7738246 -0.3239216
vn 0.1813985 0.5652140 -0.8047532
vn 0.2048933 0.9111403 -0.3575501
vn -0.0000000 0.7650599 -0.6439591
vn 0.0000000 -0.2005335 -0.9796868
vn -0.0000000 0.2005335 -0.9796868
vn 0.7966620 0.5761941 -0.1825652
vn 0.8768533 0.1856022 -0.4434864
vn 0.6687336 0.5551636 -0.4945591
vn 0.7966620 -0.5761941 -0.1825652
vn 0.8768533 -0.1856022 -0.4434864
vn 0.6687336 -0.5551636 -0.4945591
vn 0.2718717 -0.3235936 -0.9062963
vn 0.7078650 -0.1149117 -0.6969379
vn 0.4758959 -0.4594922 -0.7499267
vn 0.2708612 -0.1097420 -0.9563425
vn 0.7162430 -0.3247531 -0.6176823
vn 0.2718717 0.3235936 -0.9062963
vn 0.7078650 0.1149117 -0.6969379
vn 0.4758959 0.4594922 -0.7499267
vn 0.2708612 0.1097420 -0.9563425
vn 0.7162430 0.3247531 -0.6176823
vn 0.5177800 -0.0000000 -0.8555138
vn 0.7966620 0.5761941 0.1825652
vn 0.8768533 0.1856022 0.4434864
vn 0.6687336 0.5551636 0.4945591
vn 0.9189525 0.3943683 0.0000000
vn 0.7966620 -0.5761941 0.1825652
vn 0.8768533 -0.1856022 0.4434864
vn 0.6687336 -0.5551636 0.4945591
vn 0.9189525 -0.3943683 0.0000000
vn 0.2718717 -0.3235936 0.9062963
vn 0.7078650 -0.1149117 0.6969379
vn 0.4758959 -0.4594922 0.7499267
vn 0.2708612 -0.1097420 0.9563425
vn 0.7162430 -0.3247531 0.6176823
vn 0.2718717 0.3235936 0.9062963
vn 0.7078650 0.1149117 0.6969379
vn 0.4758959 0.4594922 0.7499267
vn 0.2708612 0.1097420 0.9563425
vn 0.7162430 0.3247531 0.6176823
vn 0.5177800 0.0000000 0.8555138
vn 0.9616830 0.0000000 -0.2741640
vn 0.9616830 -0.0000000 0.2741640
vn 0.9686048 0.1934429 -0.1561555
vn 0.9686048 -0.1934429 -0.1561555
vn 0.9686048 0.1934429 0.1561555
vn 0.9686048 -0.1934429 0.1561555
vn -0.7966620 0.5761941 -0.1825652
vn -0.8768533 0.1856022 -0.4434864
vn -0.6687336 0.5551636 -0.4945591
vn -0.7966620 -0.5761941 -0.1825652
vn -0.8768533 -0.1856022 -0.4434864
vn -0.6687336 -0.5551636 -0.4945591
vn -0.2718717 -0.3235936 -0.9062963
vn -0.7078650 -0.1149117 -0.6969379
vn -0.4758959 -0.4594922 -0.7499267
vn -0.2708612 -0.1097420 -0.9563425
vn -0.7162430 -0.3247531 -0.6176823
vn -0.2718717 0.3235936 -0.9062963
vn -0.7078650 0.1149117 -0.6969379
vn -0.4758959 0.4594922 -0.7499267
vn -0.2708612 0.1097420 -0.9563425
vn -0.7162430 0.3247531 -0.6176823
vn -0.5177800 0.0000000 -0.8555138
vn -0.7966620 0.5761941 0.1825652
vn -0.8768533 0.1856022 0.4434864
vn -0.6687336 0.5551636 0.4945591
vn -0.9189525 0.3943683 0.0000000
vn -0.7966620 -0.5761941 0.1825652
vn -0.8768533 -0.1856022 0.4434864
vn -0.6687336 -0.5551636 0.4945591
vn -0.9189525 -0.3943683 0.0000000
vn -0.2718717 -0.3235936 0.9062963
vn -0.7078650 -0.1149117 0.6969379
vn -0.4758959 -0.4594922 0.7499267
vn -0.2708612 -0.1097420 0.9563425
vn -0.7162430 -0.3247531 0.6176823
vn -0.2718717 0.3235936 0.9062963
vn -0.7078650 0.1149117 0.6969379
vn -0.4758959 0.4594922 0.7499267
vn -0.2708612 0.1097420 0.9563425
vn -0.7162430 0.3247531 0.6176823
vn -0.5177800 -0.0000000 0.8555138
vn -0.9616830 0.0000000 -0.2741640
vn -0.9616830 0.0000000 0.2741640
vn -0.9686048 0.1934429 -0.1561555
vn -0.9686048 -0.1934429 -0.1561555
vn -0.9686048 0.1934429 0.1561555
vn -0.9686048 -0.1934429 0.1561555
vn -0.6543192 0.7562184 0.0000000
vn 0.6543192 0.7562184 0.0000000
vn -0.6543192 -0.7562184 0.0000000
vn 0.6543192 -0.7562184 0.0000000
vn -0.0000000 -0.4027060 0.9153294
vn 0.0000000 0.4027060 0.9153294
vn 0.0000000 -0.4027060 -0.9153294
vn -0.0000000 0.4027060 -0.9153294
vn 0.8501011 -0.0000000 -0.5266194
vn 0.8501011 0.0000000 0.5266194
vn -0.8501011 0.0000000 -0.5266194
vn -0.8501011 -0.0000000 0.5266194
vn 0.0000000 1.0000000 -0.0000000
vn 0.0000000 -1.0000000 -0.0000000
vn -0.3733211 -0.7017929 0.6067273
vn 0.3733211 -0.7017929 0.6067273
vn -0.3733211 0.7017929 0.6067273
vn 0.3733211 0.7017929 0.6067273
vn 0.0000000 0.0000000 1.0000000
vn -0.3733211 -0.7017929 -0.6067273
vn 0.3733211 -0.7017929 -0.6067273
vn -0.3733211 0.7017929 -0.6067273
vn 0.3733211 0.7017929 -0.6067273
vn 0.0000000 0.0000000 -1.0000000
vn 0.8640373 0.3794640 -0.3308270
vn 0.8640373 -0.3794640 -0.3308270
vn 0.5126754 -0.2250591 -0.8285604
vn 0.5126754 0.2250591 -0.8285604
vn 0.8640373 0.3794640 0.3308270
vn 0.8640373 -0.3794640 0.3308270
vn 0.5126754 -0.2250591 0.8285604
vn 0.5126754 0.2250591 0.8285604
vn 1.0000000 -0.0000000 -0.0000000
vn -0.8640373 0.3794640 -0.3308270
vn -0.8640373 -0.3794640 -0.3308270
vn -0.5126754 -0.2250591 -0.8285604
vn -0.5126754 0.2250591 -0.8285604
vn -0.8640373 0.3794640 0.3308270
vn -0.8640373 -0.3794640 0.3308270
vn -0.5126754 -0.2250591 0.8285604
vn -0.5126754 0.2250591 0.8285604
vn -1.0000000 0.0000000 -0.0000000
vn -0.3709904 0.9286367 -0.0000000
vn 0.3709904 0.9286367 -0.0000000
vn -0.3709904 -0.9286367 -0.0000000
vn 0.3709904 -0.9286367 -0.0000000
vn -0.5443072 -0.7738246 0.3239216
vn -0.1813985 -0.5652140 0.8047532
vn -0.2048933 -0.9111403 0.3575501
vn 0.5443072 -0.7738246 0.3239216
vn 0.1813985 -0.5652140 0.8047532
vn 0.2048933 -0.9111403 0.3575501
vn -0.0000000 -0.7650599 0.6439591
vn -0.5443072 0.7738246 0.3239216
vn -0.1813985 0.5652140 0.8047532
vn -0.2048933 0.9111403 0.3575501
vn 0.5443072 0.7738246 0.3239216
vn 0.1813985 0.5652140 0.8047532
vn 0.2048933 0.9111403 0.3575501
vn 0.0000000 0.7650599 0.6439591
vn 0.0000000 -0.2005335 0.9796868
vn 0.0000000 0.2005335 0.9796868
vn -0.5443072 -0.7738246 -0.3239216
vn -0.1813985 -0.5652140 -0.8047532
vn -0.2048933 -0.9111403 -0.3575501
vn 0.5443072 -0.7738246 -0.3239216
vn 0.1813985 -0.5652140 -0.8047532
vn 0.2048933 -0.9111403 -0.3575501
vn 0.0000000 -0.7650599 -0.6439591
vn -0.5443072 0.7738246 -0.3239216
vn -0.1813985 0.5652140 -0.8047532
vn -0.2048933 0.9111403 -0.3575501
vn 0.5443072 0.7738246 -0.3239216
vn 0.1813985 0.5652140 -0.8047532
vn 0.2048933 0.9111403 -0.3575501
vn -0.0000000 0.7650599 -0.6439591
vn 0.0000000 -0.2005335 -0.9796868
vn -0.0000000 0.2005335 -0.9796868
vn 0.7966620 0.5761941 -0.1825652
vn 0.8768533 0.1856022 -0.4434864
vn 0.6687336 0.5551636 -0.4945591
vn 0.7966620 -0.5761941 -0.1825652
vn 0.8768533 -0.1856022 -0.4434864
vn 0.6687336 -0.5551636 -0.4945591
vn 0.2718717 -0.3235936 -0.9062963
vn 0.7078650 -0.1149117 -0.6969379
vn 0.4758959 -0.4594922 -0.7499267
vn 0.2708612 -0.1097420 -0.9563425
vn 0.7162430 -0.3247531 -0.6176823
vn 0.2718717 0.3235936 -0.9062963
vn 0.7078650 0.1149117 -0.6969379
vn 0.4758959 0.4594922 -0.7499267
vn 0.2708612 0.1097420 -0.9563425
vn 0.7162430 0.3247531 -0.6176823
vn 0.5177800 -0.0000000 -0.8555138
vn 0.7966620 0.5761941 0.1825652
vn 0.8768533 0.1856022 0.4434864
vn 0.6687336 0.5551636 0.4945591
vn 0.9189525 0.3943683 0.0000000
vn 0.7966620 -0.5761941 0.1825652
vn 0.8768533 -0.1856022 0.4434864
vn 0.6687336 -0.5551636 0.4945591
vn 0.9189525 -0.3943683 0.0000000
vn 0.2718717 -0.3235936 0.9062963
vn 0.7078650 -0.1149117 0.6969379
vn 0.4758959 -0.4594922 0.7499267
vn 0.2708612 -0.1097420 0.9563425
vn 0.7162430 -0.3247531 0.6176823
vn 0.2718717 0.3235936 0.9062963
vn 0.7078650 0.1149117 0.6969379
vn 0.4758959 0.4594922 0.7499267
vn 0.2708612 0.1097420 0.9563425
vn 0.7162430 0.3247531 0.6176823
vn 0.5177800 0.0000000 0.8555138
vn 0.9616830 0.0000000 -0.2741640
vn 0.9616830 -0.0000000 0.2741640
vn 0.9686048 0.1934429 -0.1561555
vn 0.9686048 -0.1934429 -0.1561555
vn 0.9686048 0.1934429 0.1561555
vn 0.9686048 -0.1934429 0.1561555
vn -0.7966620 0.5761941 -0.1825652
vn -0.8768533 0.1856022 -0.4434864
vn -0.6687336 0.5551636 -0.4945591
vn -0.7966620 -0.5761941 -0.1825652
vn -0.8768533 -0.1856022 -0.4434864
vn -0.6687336 -0.5551636 -0.4945591
vn -0.2718717 -0.3235936 -0.9062963
vn -0.7078650 -0.1149117 -0.6969379
vn -0.4758959 -0.4594922 -0.7499267
vn -0.2708612 -0.1097420 -0.9563425
vn -0.7162430 -0.3247531 -0.6176823
vn -0.2718717 0.3235936 -0.9062963
vn -0.7078650 0.1149117 -0.6969379
vn -0.4758959 0.4594922 -0.7499267
vn -0.2708612 0.1097420 -0.9563425
vn -0.7162430 0.3247531 -0.6176823
vn -0.5177800 0.0000000 -0.8555138
vn -0.7966620 0.5761941 0.1825652
vn -0.8768533 0.1856022 0.4434864
vn -0.6687336 0.5551636 0.4945591
vn -0.9189525 0.3943683 0.0000000
vn -0.7966620 -0.5761941 0.1825652
vn -0.8768533 -0.1856022 0.4434864
vn -0.6687336 -0.5551636 0.4945591
vn -0.9189525 -0.3943683 0.0000000
vn -0.2718717 -0.3235936 0.9062963
vn -0.7078650 -0.1149117 0.6969379
vn -0.4758959 -0.4594922 0.7499267
vn -0.2708612 -0.1097420 0.9563425
vn -0.7162430 -0.3247531 0.6176823
vn -0.2718717 0.3235936 0.9062963
vn -0.7078650 0.1149117 0.6969379
vn -0.4758959 0.4594922 0.7499267
vn -0.2708612 0.1097420 0.9563425
vn -0.7162430 0.3247531 0.6176823
vn -0.5177800 -0.0000000 0.8555138
vn -0.9616830 0.0000000 -0.2741640
vn -0.9616830 0.0000000 0.2741640
vn -0.9686048 0.1934429 -0.1561555
vn -0.9686048 -0.1934429 -0.1561555
vn -0.9686048 0.1934429 0.1561555
vn -0.9686048 -0.1934429 0.1561555
f 1//1 138//138 54//54
f 138//138 38//38 140//140
f 54//54 140//140 17//17
f 138//138 140//140 54//54
f 38//38 139//139 155//155
f 139//139 12//12 152//152
f 155//155 152//152 41//41
f 139//139 152//152 155//155
f 17//17 153//153 55//55
f 153//153 41//41 151//151
f 55//55 151//151 6//6
f 153//153 151//151 55//55
f 38//38 155//155 140//140
f 155//155 41//41 153//153
f 140//140 153//153 17//17
f 155//155 153//153 140//140
f 1//1 54//54 43//43
f 54//54 17//17 56//56
f 43//43 56//56 13//13
f 54//54 56//56 43//43
f 17//17 55//55 60//60
f 55//55 6//6 58//58
f 60//60 58//58 18//18
f 55//55 58//58 60//60
f 13//13 59//59 44//44
f 59//59 18//18 57//57
f 44//44 57//57 2//2
f 59//59 57//57 44//44
f 17//17 60//60 56//56
f 60//60 18//18 59//59
f 56//56 59//59 13//13
f 60//60 59//59 56//56
f 1//1 43//43 70//70
f 43//43 13//13 72//72
f 70//70 72//72 22//22
f 43//43 72//72 70//70
f 13//13 44//44 75//75
f 44//44 2//2 73//73
f 75//75 73//73 23//23
f 44//44 73//73 75//75
f 22//22 76//76 71//71
f 76//76 23//23 74//74
f 71//71 74//74 8//8
f 76//76 74//74 71//71
f 13//13 75//75 72//72
f 75//75 23//23 76//76
f 72//72 76//76 22//22
f 75//75 76//76 72//72
f 1//1 70//70 121//121
f 70//70 22//22 123//123
f 121//121 123//123 34//34
f 70//70 123//123 121//121
f 22//22 71//71 134//134
f 71//71 8//8 132//132
f 134//134 132//132 37//37
f 71//71 132//132 134//134
f 34//34 136//136 122//122
f 136//136 37//37 133//133
f 122//122 133//133 11//11
f 136//136 133//133 122//122
f 22//22 134//134 123//123
f 134//134 37//37 136//136
f 123//123 136//136 34//34
f 134//134 136//136 123//123
f 1//1 121//121 138//138
f 121//121 34//34 141//141
f 138//138 141//141 38//38
f 121//121 141//141 138//138
f 34//34 122//122 159//159
f 122//122 11//11 157//157
f 159//159 157//157 42//42
f 122//122 157//157 159//159
f 38//38 161//161 139//139
f 161//161 42//42 158//158
f 139//139 158//158 12//12
f 161//161 158//158 139//139
f 34//34 159//159 141//141
f 159//159 42//42 161//161
f 141//141 161//161 38//38
f 159//159 161//161 141//141
f 2//2 57//57 96//96
f 57//57 18//18 98//98
f 96//96 98//98 29//29
f 57//57 98//98 96//96
f 18//18 58//58 111//111
f 58//58 6//6 109//109
f 111//111 109//109 32//32
f 58//58 109//109 111//111
f 29//29 113//113 97//97
f 113//113 32//32 110//110
f 97//97 110//110 10//10
f 113//113 110//110 97//97
f 18//18 111//111 98//98
f 111//111 32//32 113//113
f 98//98 113//113 29//29
f 111//111 113//113 98//98
f 6//6 151//151 62//62
f 151//151 41//41 154//154
f 62//62 154//154 19//19
f 151//151 154//154 62//62
f 41//41 152//152 156//156
f 152//152 12//12 147//147
f 156//156 147//147 40//40
f 152//152 147//147 156//156
f 19//19 149//149 61//61
f 149//149 40//40 146//146
f 61//61 146//146 5//5
f 149//149 146//146 61//61
f 41//41 156//156 154//154
f 156//156 40//40 149//149
f 154//154 149//149 19//19
f 156//156 149//149 154//154
f 12//12 158//158 143//143
f 158//158 42//42 162//162
f 143//143 162//162 39//39
f 158//158 162//162 143//143
f 42//42 157//157 160//160
f 157//157 11//11 125//125
f 160//160 125//125 35//35
f 157//157 125//125 160//160
f 39//39 145//145 142//142
f 145//145 35//35 124//124
f 142//142 124//124 3//3
f 145//145 124//124 142//142
f 42//42 160//160 162//162
f 160//160 35//35 145//145
f 162//162 145//145 39//39
f 160//160 145//145 162//162
f 11//11 133//133 128//128
f 133//133 37//37 137//137
f 128//128 137//137 36//36
f 133//133 137//137 128//128
f 37//37 132//132 135//135
f 132//132 8//8 78//78
f 135//135 78//78 24//24
f 132//132 78//78 135//135
f 36//36 130//130 127//127
f 130//130 24//24 77//77
f 127//127 77//77 7//7
f 130//130 77//77 127//127
f 37//37 135//135 137//137
f 135//135 24//24 130//130
f 137//137 130//130 36//36
f 135//135 130//130 137//137
f 8//8 74//74 90//90
f 74//74 23//23 92//92
f 90//90 92//92 28//28
f 74//74 92//92 90//90
f 23//23 73//73 81//81
f 73//73 2//2 79//79
f 81//81 79//79 25//25
f 73//73 79//79 81//81
f 28//28 94//94 91//91
f 94//94 25//25 80//80
f 91//91 80//80 9//9
f 94//94 80//80 91//91
f 23//23 81//81 92//92
f 81//81 25//25 94//94
f 92//92 94//94 28//28
f 81//81 94//94 92//92
f 4//4 100//100 50//50
f 100//100 30//30 102//102
f 50//50 102//102 16//16
f 100//100 102//102 50//50
f 30//30 101//101 108//108
f 101//101 10//10 105//105
f 108//108 105//105 31//31
f 101//101 105//105 108//108
f 16//16 106//106 51//51
f 106//106 31//31 104//104
f 51//51 104//104 5//5
f 106//106 104//104 51//51
f 30//30 108//108 102//102
f 108//108 31//31 106//106
f 102//102 106//106 16//16
f 108//108 106//106 102//102
f 4//4 50//50 46//46
f 50//50 16//16 52//52
f 46//46 52//52 14//14
f 50//50 52//52 46//46
f 16//16 51//51 53//53
f 51//51 5//5 48//48
f 53//53 48//48 15//15
f 51//51 48//48 53//53
f 14//14 49//49 45//45
f 49//49 15//15 47//47
f 45//45 47//47 3//3
f 49//49 47//47 45//45
f 16//16 53//53 52//52
f 53//53 15//15 49//49
f 52//52 49//49 14//14
f 53//53 49//49 52//52
f 4//4 46//46 66//66
f 46//46 14//14 68//68
f 66//66 68//68 21//21
f 46//46 68//68 66//66
f 14//14 45//45 65//65
f 45//45 3//3 63//63
f 65//65 63//63 20//20
f 45//45 63//63 65//65
f 21//21 69//69 67//67
f 69//69 20//20 64//64
f 67//67 64//64 7//7
f 69//69 64//64 67//67
f 14//14 65//65 68//68
f 65//65 20//20 69//69
f 68//68 69//69 21//21
f 65//65 69//69 68//68
f 4//4 66//66 82//82
f 66//66 21//21 84//84
f 82//82 84//84 26//26
f 66//66 84//84 82//82
f 21//21 67//67 87//87
f 67//67 7//7 85//85
f 87//87 85//85 27//27
f 67//67 85//85 87//87
f 26//26 89//89 83//83
f 89//89 27//27 86//86
f 83//83 86//86 9//9
f 89//89 86//86 83//83
f 21//21 87//87 84//84
f 87//87 27//27 89//89
f 84//84 89//89 26//26
f 87//87 89//89 84//84
f 4//4 82//82 100//100
f 82//82 26//26 103//103
f 100//100 103//103 30//30
f 82//82 103//103 100//100
f 26//26 83//83 118//118
f 83//83 9//9 115//115
f 118//118 115//115 33//33
f 83//83 115//115 118//118
f 30//30 120//120 101//101
f 120//120 33//33 116//116
f 101//101 116//116 10//10
f 120//120 116//116 101//101
f 26//26 118//118 103//103
f 118//118 33//33 120//120
f 103//103 120//120 30//30
f 118//118 120//120 103//103
f 5//5 104//104 61//61
f 104//104 31//31 107//107
f 61//61 107//107 19//19
f 104//104 107//107 61//61
f 31//31 105//105 114//114
f 105//105 10//10 110//110
f 114//114 110//110 32//32
f 105//105 110//110 114//114
f 19//19 112//112 62//62
f 112//112 32//32 109//109
f 62//62 109//109 6//6
f 112//112 109//109 62//62
f 31//31 114//114 107//107
f 114//114 32//32 112//112
f 107//107 112//112 19//19
f 114//114 112//112 107//107
f 3//3 47//47 142//142
f 47//47 15//15 144//144
f 142//142 144//144 39//39
f 47//47 144//144 142//142
f 15//15 48//48 148//148
f 48//48 5//5 146//146
f 148//148 146//146 40//40
f 48//48 146//146 148//148
f 39//39 150//150 143//143
f 150//150 40//40 147//147
f 143//143 147//147 12//12
f 150//150 147//147 143//143
f 15//15 148//148 144//144
f 148//148 40//40 150//150
f 144//144 150//150 39//39
f 148//148 150//150 144//144
f 7//7 64//64 127//127
f 64//64 20//20 129//129
f 127//127 129//129 36//36
f 64//64 129//129 127//127
f 20//20 63//63 126//126
f 63//63 3//3 124//124
f 126//126 124//124 35//35
f 63//63 124//124 126//126
f 36//36 131//131 128//128
f 131//131 35//35 125//125
f 128//128 125//125 11//11
f 131//131 125//125 128//128
f 20//20 126//126 129//129
f 126//126 35//35 131//131
f 129//129 131//131 36//36
f 126//126 131//131 129//129
f 9//9 86//86 91//91
f 86//86 27//27 95//95
f 91//91 95//95 28//28
f 86//86 95//95 91//91
f 27//27 85//85 88//88
f 85//85 7//7 77//77
f 88//88 77//77 24//24
f 85//85 77//77 88//88
f 28//28 93//93 90//90
f 93//93 24//24 78//78
f 90//90 78//78 8//8
f 93//93 78//78 90//90
f 27//27 88//88 95//95
f 88//88 24//24 93//93
f 95//95 93//93 28//28
f 88//88 93//93 95//95
f 10//10 116//116 97//97
f 116//116 33//33 119//119
f 97//97 119//119 29//29
f 116//116 119//119 97//97
f 33//33 115//115 117//117
f 115//115 9//9 80//80
f 117//117 80//80 25//25
f 115//115 80//80 117//117
f 29//29 99//99 96//96
f 99//99 25//25 79//79
f 96//96 79//79 2//2
f 99//99 79//79 96//96
f 33//33 117//117 119//119
f 117//117 25//25 99//99
f 119//119 99//99 29//29
f 117//117 99//99 119//119
f 164//164 163//163 173//173
f 164//164 173//173 165//165
f 165//165 173//173 174//174
f 165//165 174//174 166//166
f 166//166 174//174 175//175
f 166//166 175//175 167//167
f 167//167 175//175 176//176
f 167//167 176//176 168//168
f 168//168 176//176 177//177
f 168//168 177//177 169//169
f 169//169 177//177 178//178
f 169//169 178//178 170//170
f 170//170 178//178 179//179
f 170//170 179//179 171//171
f 171//171 179//179 180//180
f 171//171 180//180 172//172
f 173//173 163//163 181//181
f 173//173 181//181 174//174
f 174//174 181//181 182//182
f 174//174 182//182 175//175
f 175//175 182//182 183//183
f 175//175 183//183 176//176
f 176//176 183//183 184//184
f 176//176 184//184 177//177
f 177//177 184//184 185//185
f 177//177 185//185 178//178
f 178//178 185//185 186//186
f 178//178 186//186 179//179
f 179//179 186//186 187//187
f 179//179 187//187 180//180
f 180//180 187//187 188//188
f 180//180 188//188 172//172
f 181//181 163//163 189//189
f 181//181 189//189 182//182
f 182//182 189//189 190//190
f 182//182 190//190 183//183
f 183//183 190//190 191//191
f 183//183 191//191 184//184
f 184//184 191//191 192//192
f 184//184 192//192 185//185
f 185//185 192//192 193//193
f 185//185 193//193 186//186
f 186//186 193//193 194//194
f 186//186 194//194 187//187
f 187//187 194//194 195//195
f 187//187 195//195 188//188
f 188//188 195//195 196//196
f 188//188 196//196 172//172
f 189//189 163//163 197//197
f 189//189 197//197 190//190
f 190//190 197//197 198//198
f 190//190 198//198 191//191
f 191//191 198//198 199//199
f 191//191 199//199 192//192
f 192//192 199//199 200//200
f 192//192 200//200 193//193
f 193//193 200//200 201//201
f 193//193 201//201 194//194
f 194//194 201//201 202//202
f 194//194 202//202 195//195
f 195//195 202//202 203//203
f 195//195 203//203 196//196
f 196//196 203//203 204//204
f 196//196 204//204 172//172
f 197//197 163//163 205//205
f 197//197 205//205 198//198
f 198//198 205//205 206//206
f 198//198 206//206 199//199
f 199//199 206//206 207//207
f 199//199 207//207 200//200
f 200//200 207//207 208//208
f 200//200 208//208 201//201
f 201//201 208//208 209//209
f 201//201 209//209 202//202
f 202//202 209//209 210//210
f 202//202 210//210 203//203
f 203//203 210//210 211//211
f 203//203 211//211 204//204
f 204//204 211//211 212//212
f 204//204 212//212 172//172
f 205//205 163//163 213//213
f 205//205 213//213 206//206
f 206//206 213//213 214//214
f 206//206 214//214 207//207
f 207//207 214//214 215//215
f 207//207 215//215 208//208
f 208//208 215//215 216//216
f 208//208 216//216 209//209
f 209//209 216//216 217//217
f 209//209 217//217 210//210
f 210//210 217//217 218//218
f 210//210 218//218 211//211
f 211//211 218//218 219//219
f 211//211 219//219 212//212
f 212//212 219//219 220//220
f 212//212 220//220 172//172
f 213//213 163//163 221//221
f 213//213 221//221 214//214
f 214//214 221//221 222//222
f 214//214 222//222 215//215
f 215//215 222//222 223//223
f 215//215 223//223 216//216
f 216//216 223//223 224//224
f 216//216 224//224 217//217
f 217//217 224//224 225//225
f 217//217 225//225 218//218
f 218//218 225//225 226//226
f 218//218 226//226 219//219
f 219//219 226//226 227//227
f 219//219 227//227 220//220
f 220//220 227//227 228//228
f 220//220 228//228 172//172
f 221//221 163//163 229//229
f 221//221 229//229 222//222
f 222//222 229//229 230//230
f 222//222 230//230 223//223
f 223//223 230//230 231//231
f 223//223 231//231 224//224
f 224//224 231//231 232//232
f 224//224 232//232 225//225
f 225//225 232//232 233//233
f 225//225 233//233 226//226
f 226//226 233//233 234//234
f 226//226 234//234 227//227
f 227//227 234//234 235//235
f 227//227 235//235 228//228
f 228//228 235//235 236//236
f 228//228 236//236 172//172
f 229//229 163//163 237//237
f 229//229 237//237 230//230
f 230//230 237//237 238//238
f 230//230 238//238 231//231
f 231//231 238//238 239//239
f 231//231 239//239 232//232
f 232//232 239//239 240//240
f 232//232 240//240 233//233
f 233//233 240//240 241//241
f 233//233 241//241 234//234
f 234//234 241//241 242//242
f 234//234 242//242 235//235
f 235//235 242//242 243//243
f 235//235 243//243 236//236
f 236//236 243//243 244//244
f 236//236 244//244 172//172
f 237//237 163//163 164//164
f 237//237 164//164 238//238
f 238//238 164//164 165//165
f 238//238 165//165 239//239
f 239//239 165//165 166//166
f 239//239 166//166 240//240
f 240//240 166//166 167//167
f 240//240 167//167 241//241
f 241//241 167//167 168//168
f 241//241 168//168 242//242
f 242//242 168//168 169//169
f 242//242 169//169 243//243
f 243//243 169//169 170//170
f 243//243 170//170 244//244
f 244//244 170//170 171//171
f 244//244 171//171 172//172
f 246//246 245//245 255//255
f 246//246 255//255 247//247
f 247//247 255//255 256//256
f 247//247 256//256 248//248
f 248//248 256//256 257//257
f 248//248 257//257 249//249
f 249//249 257//257 258//258
f 249//249 258//258 250//250
f 250//250 258//258 259//259
f 250//250 259//259 251//251
f 251//251 259//259 260//260
f 251//251 260//260 252//252
f 252//252 260//260 261//261
f 252//252 261//261 253//253
f 253//253 261//261 262//262
f 253//253 262//262 254//254
f 255//255 245//245 263//263
f 255//255 263//263 256//256
f 256//256 263//263 264//264
f 256//256 264//264 257//257
f 257//257 264//264 265//265
f 257//257 265//265 258//258
f 258//258 265//265 266//266
f 258//258 266//266 259//259
f 259//259 266//266 267//267
f 259//259 267//267 260//260
f 260//260 267//267 268//268
f 260//260 268//268 261//261
f 261//261 268//268 269//269
f 261//261 269//269 262//262
f 262//262 269//269 270//270
f 262//262 270//270 254//254
f 263//263 245//245 271//271
f 263//263 271//271 264//264
f 264//264 271//271 272//272
f 264//264 272//272 265//265
f 265//265 272//272 273//273
f 265//265 273//273 266//266
f 266//266 273//273 274//274
f 266//266 274//274 267//267
f 267//267 274//274 275//275
f 267//267 275//275 268//268
f 268//268 275//275 276//276
f 268//268 276//276 269//269
f 269//269 276//276 277//277
f 269//269 277//277 270//270
f 270//270 277//277 278//278
f 270//270 278//278 254//254
f 271//271 245//245 279//279
f 271//271 279//279 272//272
f 272//272 279//279 280//280
f 272//272 280//280 273//273
f 273//273 280//280 281//281
f 273//273 281//281 274//274
f 274//274 281//281 282//282
f 274//274 282//282 275//275
f 275//275 282//282 283//283
f 275//275 283//283 276//276
f 276//276 283//283 284//284
f 276//276 284//284 277//277
f 277//277 284//284 285//285
f 277//277 285//285 278//278
f 278//278 285//285 286//286
f 278//278 286//286 254//254
f 279//279 245//245 287//287
f 279//279 287//287 280//280
f 280//280 287//287 288//288
f 280//280 288//288 281//281
f 281//281 288//288 289//289
f 281//281 289//289 282//282
f 282//282 289//289 290//290
f 282//282 290//290 283//283
f 283//283 290//290 291//291
f 283//283 291//291 284//284
f 284//284 291//291 292//292
f 284//284 292//292 285//285
f 285//285 292//292 293//293
f 285//285 293//293 286//286
f 286//286 293//293 294//294
f 286//286 294//294 254//254
f 287//287 245//245 295//295
f 287//287 295//295 288//288
f 288//288 295//295 296//296
f 288//288 296//296 289//289
f 289//289 296//296 297//297
f 289//289 297//297 290//290
f 290//290 297//297 298//298
f 290//290 298//298 291//291
f 291//291 298//298 299//299
f 291//291 299//299 292//292
f 292//292 299//299 300//300
f 292//292 300//300 293//293
f 293//293 300//300 301//301
f 293//293 301//301 294//294
f 294//294 301//301 302//302
f 294//294 302//302 254//254
f 295//295 245//245 303//303
f 295//295 303//303 296//296
f 296//296 303//303 304//304
f 296//296 304//304 297//297
f 297//297 304//304 305//305
f 297//297 305//305 298//298
f 298//298 305//305 306//306
f 298//298 306//306 299//299
f 299//299 306//306 307//307
f 299//299 307//307 300//300
f 300//300 307//307 308//308
f 300//300 308//308 301//301
f 301//301 308//308 309//309
f 301//301 309//309 302//302
f 302//302 309//309 310//310
f 302//302 310//310 254//254
f 303//303 245//245 311//311
f 303//303 311//311 304//304
f 304//304 311//311 312//312
f 304//304 312//312 305//305
f 305//305 312//312 313//313
f 305//305 313//313 306//306
f 306//306 313//313 314//314
f 306//306 314//314 307//307
f 307//307 314//314 315//315
f 307//307 315//315 308//308
f 308//308 315//315 316//316
f 308//308 316//316 309//309
f 309//309 316//316 317//317
f 309//309 317//317 310//310
f 310//310 317//317 318//318
f 310//310 318//318 254//254
f 311//311 245//245 319//319
f 311//311 319//319 312//312
f 312//312 319//319 320//320
f 312//312 320//320 313//313
f 313//313 320//320 321//321
f 313//313 321//321 314//314
f 314//314 321//321 322//322
f 314//314 322//322 315//315
f 315//315 322//322 323//323
f 315//315 323//323 316//316
f 316//316 323//323 324//324
f 316//316 324//324 317//317
f 317//317 324//324 325//325
f 317//317 325//325 318//318
f 318//318 325//325 326//326
f 318//318 326//326 254//254
f 319//319 245//245 246//246
f 319//319 246//246 320//320
f 320//320 246//246 247//247
f 320//320 247//247 321//321
f 321//321 247//247 248//248
f 321//321 248//248 322//322
f 322//322 248//248 249//249
f 322//322 249//249 323//323
f 323//323 249//249 250//250
f 323//323 250//250 324//324
f 324//324 250//250 251//251
f 324//324 251//251 325//325
f 325//325 251//251 252//252
f 325//325 252//252 326//326
f 326//326 252//252 253//253
f 326//326 253//253 254//254
f 328//328 327//327 337//337
f 328//328 337//337 329//329
f 329//329 337//337 338//338
f 329//329 338//338 330//330
f 330//330 338//338 339//339
f 330//330 339//339 331//331
f 331//331 339//339 340//340
f 331//331 340//340 332//332
f 332//332 340//340 341//341
f 332//332 341//341 333//333
f 333//333 341//341 342//342
f 333//333 342//342 334//334
f 334//334 342//342 343//343
f 334//334 343//343 335//335
f 335//335 343//343 344//344
f 335//335 344//344 336//336
f 337//337 327//327 345//345
f 337//337 345//345 338//338
f 338//338 345//345 346//346
f 338//338 346//346 339//339
f 339//339 346//346 347//347
f 339//339 347//347 340//340
f 340//340 347//347 348//348
f 340//340 348//348 341//341
f 341//341 348//348 349//349
f 341//341 349//349 342//342
f 342//342 349//349 350//350
f 342//342 350//350 343//343
f 343//343 350//350 351//351
f 343//343 351//351 344//344
f 344//344 351//351 352//352
f 344//344 352//352 336//336
f 345//345 327//327 353//353
f 345//345 353//353 346//346
f 346//346 353//353 354//354
f 346//346 354//354 347//347
f 347//347 354//354 355//355
f 347//347 355//355 348//348
f 348//348 355//355 356//356
f 348//348 356//356 349//349
f 349//349 356//356 357//357
f 349//349 357//357 350//350
f 350//350 357//357 358//358
f 350//350 358//358 351//351
f 351//351 358//358 359//359
f 351//351 359//359 352//352
f 352//352 359//359 360//360
f 352//352 360//360 336//336
f 353//353 327//327 361//361
f 353//353 361//361 354//354
f 354//354 361//361 362//362
f 354//354 362//362 355//355
f 355//355 362//362 363//363
f 355//355 363//363 356//356
f 356//356 363//363 364//364
f 356//356 364//364 357//357
f 357//357 364//364 365//365
f 357//357 365//365 358//358
f 358//358 365//365 366//366
f 358//358 366//366 359//359
f 359//359 366//366 367//367
f 359//359 367//367 360//360
f 360//360 367//367 368//368
f 360//360 368//368 336//336
f 361//361 327//327 369//369
f 361//361 369//369 362//362
f 362//362 369//369 370//370
f 362//362 370//370 363//363
f 363//363 370//370 371//371
f 363//363 371//371 364//364
f 364//364 371//371 372//372
f 364//364 372//372 365//365
f 365//365 372//372 373//373
f 365//365 373//373 366//366
f 366//366 373//373 374//374
f 366//366 374//374 367//367
f 367//367 374//374 375//375
f 367//367 375//375 368//368
f 368//368 375//375 376//376
f 368//368 376//376 336//336
f 369//369 327//327 377//377
f 369//369 377//377 370//370
f 370//370 377//377 378//378
f 370//370 378//378 371//371
f 371//371 378//378 379//379
f 371//371 379//379 372//372
f 372//372 379//379 380//380
f 372//372 380//380 373//373
f 373//373 380//380 381//381
f 373//373 381//381 374//374
f 374//374 381//381 382//382
f 374//374 382//382 375//375
f 375//375 382//382 383//383
f 375//375 383//383 376//376
f 376//376 383//383 384//384
f 376//376 384//384 336//336
f 377//377 327//327 385//385
f 377//377 385//385 378//378
f 378//378 385//385 386//386
f 378//378 386//386 379//379
f 379//379 386//386 387//387
f 379//379 387//387 380//380
f 380//380 387//387 388//388
f 380//380 388//388 381//381
f 381//381 388//388 389//389
f 381//381 389//389 382//382
f 382//382 389//389 390//390
f 382//382 390//390 383//383
f 383//383 390//390 391//391
f 383//383 391//391 384//384
f 384//384 391//391 392//392
f 384//384 392//392 336//336
f 385//385 327//327 393//393
f 385//385 393//393 386//386
f 386//386 393//393 394//394
f 386//386 394//394 387//387
f 387//387 394//394 395//395
f 387//387 395//395 388//388
f 388//388 395//395 396//396
f 388//388 396//396 389//389
f 389//389 396//396 397//397
f 389//389 397//397 390//390
f 390//390 397//397 398//398
f 390//390 398//398 391//391
f 391//391 398//398 399//399
f 391//391 399//399 392//392
f 392//392 399//399 400//400
f 392//392 400//400 336//336
f 393//393 327//327 401//401
f 393//393 401//401 394//394
f 394//394 401//401 402//402
f 394//394 402//402 395//395
f 395//395 402//402 403//403
f 395//395 403//403 396//396
f 396//396 403//403 404//404
f 396//396 404//404 397//397
f 397//397 404//404 405//405
f 397//397 405//405 398//398
f 398//398 405//405 406//406
f 398//398 406//406 399//399
f 399//399 406//406 407//407
f 399//399 407//407 400//400
f 400//400 407//407 408//408
f 400//400 408//408 336//336
f 401//401 327//327 328//328
f 401//401 328//328 402//402
f 402//402 328//328 329//329
f 402//402 329//329 403//403
f 403//403 329//329 330//330
f 403//403 330//330 404//404
f 404//404 330//330 331//331
f 404//404 331//331 405//405
f 405//405 331//331 332//332
f 405//405 332//332 406//406
f 406//406 332//332 333//333
f 406//406 333//333 407//407
f 407//407 333//333 334//334
f 407//407 334//334 408//408
f 408//408 334//334 335//335
f 408//408 335//335 336//336
f 410//410 409//409 419//419
f 410//410 419//419 411//411
f 411//411 419//419 420//420
f 411//411 420//420 412//412
f 412//412 420//420 421//421
f 412//412 421//421 413//413
f 413//413 421//421 422//422
f 413//413 422//422 414//414
f 414//414 422//422 423//423
f 414//414 423//423 415//415
f 415//415 423//423 424//424
f 415//415 424//424 416//416
f 416//416 424//424 425//425
f 416//416 425//425 417//417
f 417//417 425//425 426//426
f 417//417 426//426 418//418
f 419//419 409//409 427//427
f 419//419 427//427 420//420
f 420//420 427//427 428//428
f 420//420 428//428 421//421
f 421//421 428//428 429//429
f 421//421 429//429 422//422
f 422//422 429//429 430//430
f 422//422 430//430 423//423
f 423//423 430//430 431//431
f 423//423 431//431 424//424
f 424//424 431//431 432//432
f 424//424 432//432 425//425
f 425//425 432//432 433//433
f 425//425 433//433 426//426
f 426//426 433//433 434//434
f 426//426 434//434 418//418
f 427//427 409//409 435//435
f 427//427 435//435 428//428
f 428//428 435//435 436//436
f 428//428 436//436 429//429
f 429//429 436//436 437//437
f 429//429 437//437 430//430
f 430//430 437//437 438//438
f 430//430 438//438 431//431
f 431//431 438//438 439//439
f 431//431 439//439 432//432
f 432//432 439//439 440//440
f 432//432 440//440 433//433
f 433//433 440//440 441//441
f 433//433 441//441 434//434
f 434//434 441//441 442//442
f 434//434 442//442 418//418
f 435//435 409//409 443//443
f 435//435 443//443 436//436
f 436//436 443//443 444//444
f 436//436 444//444 437//437
f 437//437 444//444 445//445
f 437//437 445//445 438//438
f 438//438 445//445 446//446
f 438//438 446//446 439//439
f 439//439 446//446 447//447
f 439//439 447//447 440//440
f 440//440 447//447 448//448
f 440//440 448//448 441//441
f 441//441 448//448 449//449
f 441//441 449//449 442//442
f 442//442 449//449 450//450
f 442//442 450//450 418//418
f 443//443 409//409 451//451
f 443//443 451//451 444//444
f 444//444 451//451 452//452
f 444//444 452//452 445//445
f 445//445 452//452 453//453
f 445//445 453//453 446//446
f 446//446 453//453 454//454
f 446//446 454//454 447//447
f 447//447 454//454 455//455
f 447//447 455//455 448//448
f 448//448 455//455 456//456
f 448//448 456//456 449//449
f 449//449 456//456 457//457
f 449//449 457//457 450//450
f 450//450 457//457 458//458
f 450//450 458//458 418//418
f 451//451 409//409 459//459
f 451//451 459//459 452//452
f 452//452 459//459 460//460
f 452//452 460//460 453//453
f 453//453 460//460 461//461
f 453//453 461//461 454//454
f 454//454 461//461 462//462
f 454//454 462//462 455//455
f 455//455 462//462 463//463
f 455//455 463//463 456//456
f 456//456 463//463 464//464
f 456//456 464//464 457//457
f 457//457 464//464 465//465
f 457//457 465//465 458//458
f 458//458 465//465 466//466
f 458//458 466//466 418//418
f 459//459 409//409 467//467
f 459//459 467//467 460//460
f 460//460 467//467 468//468
f 460//460 468//468 461//461
f 461//461 468//468 469//469
f 461//461 469//469 462//462
f 462//462 469//469 470//470
f 462//462 470//470 463//463
f 463//463 470//470 471//471
f 463//463 471//471 464//464
f 464//464 471//471 472//472
f 464//464 472//472 465//465
f 465//465 472//472 473//473
f 465//465 473//473 466//466
f 466//466 473//473 474//474
f 466//466 474//474 418//418
f 467//467 409//409 475//475
f 467//467 475//475 468//468
f 468//468 475//475 476//476
f 468//468 476//476 469//469
f 469//469 476//476 477//477
f 469//469 477//477 470//470
f 470//470 477//477 478//478
f 470//470 478//478 471//471
f 471//471 478//478 479//479
f 471//471 479//479 472//472
f 472//472 479//479 480//480
f 472//472 480//480 473//473
f 473//473 480//480 481//481
f 473//473 481//481 474//474
f 474//474 481//481 482//482
f 474//474 482//482 418//418
f 475//475 409//409 483//483
f 475//475 483//483 476//476
f 476//476 483//483 484//484
f 476//476 484//484 477//477
f 477//477 484//484 485//485
f 477//477 485//485 478//478
f 478//478 485//485 486//486
f 478//478 486//486 479//479
f 479//479 486//486 487//487
f 479//479 487//487 480//480
f 480//480 487//487 488//488
f 480//480 488//488 481//481
f 481//481 488//488 489//489
f 481//481 489//489 482//482
f 482//482 489//489 490//490
f 482//482 490//490 418//418
f 483//483 409//409 410//410
f 483//483 410//410 484//484
f 484//484 410//410 411//411
f 484//484 411//411 485//485
f 485//485 411//411 412//412
f 485//485 412//412 486//486
f 486//486 412//412 413//413
f 486//486 413//413 487//487
f 487//487 413//413 414//414
f 487//487 414//414 488//488
f 488//488 414//414 415//415
f 488//488 415//415 489//489
f 489//489 415//415 416//416
f 489//489 416//416 490//490
f 490//490 416//416 417//417
f 490//490 417//417 418//418
f 492//492 491//491 501//501
f 492//492 501//501 493//493
f 493//493 501//501 502//502
f 493//493 502//502 494//494
f 494//494 502//502 503//503
f 494//494 503//503 495//495
f 495//495 503//503 504//504
f 495//495 504//504 496//496
f 496//496 504//504 505//505
f 496//496 505//505 497//497
f 497//497 505//505 506//506
f 497//497 506//506 498//498
f 498//498 506//506 507//507
f 498//498 507//507 499//499
f 499//499 507//507 508//508
f 499//499 508//508 500//500
f 501//501 491//491 509//509
f 501//501 509//509 502//502
f 502//502 509//509 510//510
f 502//502 510//510 503//503
f 503//503 510//510 511//511
f 503//503 511//511 504//504
f 504//504 511//511 512//512
f 504//504 512//512 505//505
f 505//505 512//512 513//513
f 505//505 513//513 506//506
f 506//506 513//513 514//514
f 506//506 514//514 507//507
f 507//507 514//514 515//515
f 507//507 515//515 508//508
f 508//508 515//515 516//516
f 508//508 516//516 500//500
f 509//509 491//491 517//517
f 509//509 517//517 510//510
f 510//510 517//517 518//518
f 510//510 518//518 511//511
f 511//511 518//518 519//519
f 511//511 519//519 512//512
f 512//512 519//519 520//520
f 512//512 520//520 513//513
f 513//513 520//520 521//521
f 513//513 521//521 514//514
f 514//514 521//521 522//522
f 514//514 522//522 515//515
f 515//515 522//522 523//523
f 515//515 523//523 516//516
f 516//516 523//523 524//524
f 516//516 524//524 500//500
f 517//517 491//491 525//525
f 517//517 525//525 518//518
f 518//518 525//525 526//526
f 518//518 526//526 519//519
f 519//519 526//526 527//527
f 519//519 527//527 520//520
f 520//520 527//527 528//528
f 520//520 528//528 521//521
f 521//521 528//528 529//529
f 521//521 529//529 522//522
f 522//522 529//529 530//530
f 522//522 530//530 523//523
f 523//523 530//530 531//531
f 523//523 531//531 524//524
f 524//524 531//531 532//532
f 524//524 532//532 500//500
f 525//525 491//491 533//533
f 525//525 533//533 526//526
f 526//526 533//533 534//534
f 526//526 534//534 527//527
f 527//527 534//534 535//535
f 527//527 535//535 528//528
f 528//528 535//535 536//536
f 528//528 536//536 529//529
f 529//529 536//536 537//537
f 529//529 537//537 530//530
f 530//530 537//537 538//538
f 530//530 538//538 531//531
f 531//531 538//538 539//539
f 531//531 539//539 532//532
f 532//532 539//539 540//540
f 532//532 540//540 500//500
f 533//533 491//491 541//541
f 533//533 541//541 534//534
f 534//534 541//541 542//542
f 534//534 542//542 535//535
f 535//535 542//542 543//543
f 535//535 543//543 536//536
f 536//536 543//543 544//544
f 536//536 544//544 537//537
f 537//537 544//544 545//545
f 537//537 545//545 538//538
f 538//538 545//545 546//546
f 538//538 546//546 539//539
f 539//539 546//546 547//547
f 539//539 547//547 540//540
f 540//540 547//547 548//548
f 540//540 548//548 500//500
f 541//541 491//491 549//549
f 541//541 549//549 542//542
f 542//542 549//549 550//550
f 542//542 550//550 543//543
f 543//543 550//550 551//551
f 543//543 551//551 544//544
f 544//544 551//551 552//552
f 544//544 552//552 545//545
f 545//545 552//552 553//553
f 545//545 553//553 546//546
f 546//546 553//553 554//554
f 546//546 554//554 547//547
f 547//547 554//554 555//555
f 547//547 555//555 548//548
f 548//548 555//555 556//556
f 548//548 556//556 500//500
f 549//549 491//491 557//557
f 549//549 557//557 550//550
f 550//550 557//557 558//558
f 550//550 558//558 551//551
f 551//551 558//558 559//559
f 551//551 559//559 552//552
f 552//552 559//559 560//560
f 552//552 560//560 553//553
f 553//553 560//560 561//561
f 553//553 561//561 554//554
f 554//554 561//561 562//562
f 554//554 562//562 555//555
f 555//555 562//562 563//563
f 555//555 563//563 556//556
f 556//556 563//563 564//564
f 556//556 564//564 500//500
f 557//557 491//491 565//565
f 557//557 565//565 558//558
f 558//558 565//565 566//566
f 558//558 566//566 559//559
f 559//559 566//566 567//567
f 559//559 567//567 560//560
f 560//560 567//567 568//568
f 560//560 568//568 561//561
f 561//561 568//568 569//569
f 561//561 569//569 562//562
f 562//562 569//569 570//570
f 562//562 570//570 563//563
f 563//563 570//570 571//571
f 563//563 571//571 564//564
f 564//564 571//571 572//572
f 564//564 572//572 500//500
f 565//565 491//491 492//492
f 565//565 492//492 566//566
f 566//566 492//492 493//493
f 566//566 493//493 567//567
f 567//567 493//493 494//494
f 567//567 494//494 568//568
f 568//568 494//494 495//495
f 568//568 495//495 569//569
f 569//569 495//495 496//496
f 569//569 496//496 570//570
f 570//570 496//496 497//497
f 570//570 497//497 571//571
f 571//571 497//497 498//498
f 571//571 498//498 572//572
f 572//572 498//498 499//499
f 572//572 499//499 500//500
f 574//574 573//573 583//583
f 574//574 583//583 575//575
f 575//575 583//583 584//584
f 575//575 584//584 576//576
f 576//576 584//584 585//585
f 576//576 585//585 577//577
f 577//577 585//585 586//586
f 577//577 586//586 578//578
f 578//578 586//586 587//587
f 578//578 587//587 579//579
f 579//579 587//587 588//588
f 579//579 588//588 580//580
f 580//580 588//588 589//589
f 580//580 589//589 581//581
f 581//581 589//589 590//590
f 581//581 590//590 582//582
f 583//583 573//573 591//591
f 583//583 591//591 584//584
f 584//584 591//591 592//592
f 584//584 592//592 585//585
f 585//585 592//592 593//593
f 585//585 593//593 586//586
f 586//586 593//593 594//594
f 586//586 594//594 587//587
f 587//587 594//594 595//595
f 587//587 595//595 588//588
f 588//588 595//595 596//596
f 588//588 596//596 589//589
f 589//589 596//596 597//597
f 589//589 597//597 590//590
f 590//590 597//597 598//598
f 590//590 598//598 582//582
f 591//591 573//573 599//599
f 591//591 599//599 592//592
f 592//592 599//599 600//600
f 592//592 600//600 593//593
f 593//593 600//600 601//601
f 593//593 601//601 594//594
f 594//594 601//601 602//602
f 594//594 602//602 595//595
f 595//595 602//602 603//603
f 595//595 603//603 596//596
f 596//596 603//603 604//604
f 596//596 604//604 597//597
f 597//597 604//604 605//605
f 597//597 605//605 598//598
f 598//598 605//605 606//606
f 598//598 606//606 582//582
f 599//599 573//573 607//607
f 599//599 607//607 600//600
f 600//600 607//607 608//608
f 600//600 608//608 601//601
f 601//601 608//608 609//609
f 601//601 609//609 602//602
f 602//602 609//609 610//610
f 602//602 610//610 603//603
f 603//603 610//610 611//611
f 603//603 611//611 604//604
f 604//604 611//611 612//612
f 604//604 612//612 605//605
f 605//605 612//612 613//613
f 605//605 613//613 606//606
f 606//606 613//613 614//614
f 606//606 614//614 582//582
f 607//607 573//573 615//615
f 607//607 615//615 608//608
f 608//608 615//615 616//616
f 608//608 616//616 609//609
f 609//609 616//616 617//617
f 609//609 617//617 610//610
f 610//610 617//617 618//618
f 610//610 618//618 611//611
f 611//611 618//618 619//619
f 611//611 619//619 612//612
f 612//612 619//619 620//620
f 612//612 620//620 613//613
f 613//613 620//620 621//621
f 613//613 621//621 614//614
f 614//614 621//621 622//622
f 614//614 622//622 582//582
f 615//615 573//573 623//623
f 615//615 623//623 616//616
f 616//616 623//623 624//624
f 616//616 624//624 617//617
f 617//617 624//624 625//625
f 617//617 625//625 618//618
f 618//618 625//625 626//626
f 618//618 626//626 619//619
f 619//619 626//626 627//627
f 619//619 627//627 620//620
f 620//620 627//627 628//628
f 620//620 628//628 621//621
f 621//621 628//628 629//629
f 621//621 629//629 622//622
f 622//622 629//629 630//630
f 622//622 630//630 582//582
f 623//623 573//573 631//631
f 623//623 631//631 624//624
f 624//624 631//631 632//632
f 624//624 632//632 625//625
f 625//625 632//632 633//633
f 625//625 633//633 626//626
f 626//626 633//633 634//634
f 626//626 634//634 627//627
f 627//627 634//634 635//635
f 627//627 635//635 628//628
f 628//628 635//635 636//636
f 628//628 636//636 629//629
f 629//629 636//636 637//637
f 629//629 637//637 630//630
f 630//630 637//637 638//638
f 630//630 638//638 582//582
f 631//631 573//573 639//639
f 631//631 639//639 632//632
f 632//632 639//639 640//640
f 632//632 640//640 633//633
f 633//633 640//640 641//641
f 633//633 641//641 634//634
f 634//634 641//641 642//642
f 634//634 642//642 635//635
f 635//635 642//642 643//643
f 635//635 643//643 636//636
f 636//636 643//643 644//644
f 636//636 644//644 637//637
f 637//637 644//644 645//645
f 637//637 645//645 638//638
f 638//638 645//645 646//646
f 638//638 646//646 582//582
f 639//639 573//573 647//647
f 639//639 647//647 640//640
f 640//640 647//647 648//648
f 640//640 648//648 641//641
f 641//641 648//648 649//649
f 641//641 649//649 642//642
f 642//642 649//649 650//650
f 642//642 650//650 643//643
f 643//643 650//650 651//651
f 643//643 651//651 644//644
f 644//644 651//651 652//652
f 644//644 652//652 645//645
f 645//645 652//652 653//653
f 645//645 653//653 646//646
f 646//646 653//653 654//654
f 646//646 654//654 582//582
f 647//647 573//573 574//574
f 647//647 574//574 648//648
f 648//648 574//574 575//575
f 648//648 575//575 649//649
f 649//649 575//575 576//576
f 649//649 576//576 650//650
f 650//650 576//576 577//577
f 650//650 577//577 651//651
f 651//651 577//577 578//578
f 651//651 578//578 652//652
f 652//652 578//578 579//579
f 652//652 579//579 653//653
f 653//653 579//579 580//580
f 653//653 580//580 654//654
f 654//654 580//580 581//581
f 654//654 581//581 582//582
f 656//656 655//655 665//665
f 656//656 665//665 657//657
f 657//657 665//665 666//666
f 657//657 666//666 658//658
f 658//658 666//666 667//667
f 658//658 667//667 659//659
f 659//659 667//667 668//668
f 659//659 668//668 660//660
f 660//660 668//668 669//669
f 660//660 669//669 661//661
f 661//661 669//669 670//670
f 661//661 670//670 662//662
f 662//662 670//670 671//671
f 662//662 671//671 663//663
f 663//663 671//671 672//672
f 663//663 672//672 664//664
f 665//665 655//655 673//673
f 665//665 673//673 666//666
f 666//666 673//673 674//674
f 666//666 674//674 667//667
f 667//667 674//674 675//675
f 667//667 675//675 668//668
f 668//668 675//675 676//676
f 668//668 676//676 669//669
f 669//669 676//676 677//677
f 669//669 677//677 670//670
f 670//670 677//677 678//678
f 670//670 678//678 671//671
f 671//671 678//678 679//679
f 671//671 679//679 672//672
f 672//672 679//679 680//680
f 672//672 680//680 664//664
f 673//673 655//655 681//681
f 673//673 681//681 674//674
f 674//674 681//681 682//682
f 674//674 682//682 675//675
f 675//675 682//682 683//683
f 675//675 683//683 676//676
f 676//676 683//683 684//684
f 676//676 684//684 677//677
f 677//677 684//684 685//685
f 677//677 685//685 678//678
f 678//678 685//685 686//686
f 678//678 686//686 679//679
f 679//679 686//686 687//687
f 679//679 687//687 680//680
f 680//680 687//687 688//688
f 680//680 688//688 664//664
f 681//681 655//655 689//689
f 681//681 689//689 682//682
f 682//682 689//689 690//690
f 682//682 690//690 683//683
f 683//683 690//690 691//691
f 683//683 691//691 684//684
f 684//684 691//691 692//692
f 684//684 692//692 685//685
f 685//685 692//692 693//693
f 685//685 693//693 686//686
f 686//686 693//693 694//694
f 686//686 694//694 687//687
f 687//687 694//694 695//695
f 687//687 695//695 688//688
f 688//688 695//695 696//696
f 688//688 696//696 664//664
f 689//689 655//655 697//697
f 689//689 697//697 690//690
f 690//690 697//697 698//698
f 690//690 698//698 691//691
f 691//691 698//698 699//699
f 691//691 699//699 692//692
f 692//692 699//699 700//700
f 692//692 700//700 693//693
f 693//693 700//700 701//701
f 693//693 701//701 694//694
f 694//694 701//701 702//702
f 694//694 702//702 695//695
f 695//695 702//702 703//703
f 695//695 703//703 696//696
f 696//696 703//703 704//704
f 696//696 704//704 664//664
f 697//697 655//655 705//705
f 697//697 705//705 698//698
f 698//698 705//705 706//706
f 698//698 706//706 699//699
f 699//699 706//706 707//707
f 699//699 707//707 700//700
f 700//700 707//707 708//708
f 700//700 708//708 701//701
f 701//701 708//708 709//709
f 701//701 709//709 702//702
f 702//702 709//709 710//710
f 702//702 710//710 703//703
f 703//703 710//710 711//711
f 703//703 711//711 704//704
f 704//704 711//711 712//712
f 704//704 712//712 664//664
f 705//705 655//655 713//713
f 705//705 713//713 706//706
f 706//706 713//713 714//714
f 706//706 714//714 707//707
f 707//707 714//714 715//715
f 707//707 715//715 708//708
f 708//708 715//715 716//716
f 708//708 716//716 709//709
f 709//709 716//716 717//717
f 709//709 717//717 710//710
f 710//710 717//717 718//718
f 710//710 718//718 711//711
f 711//711 718//718 719//719
f 711//711 719//719 712//712
f 712//712 719//719 720//720
f 712//712 720//720 664//664
f 713//713 655//655 721//721
f 713//713 721//721 714//714
f 714//714 721//721 722//722
f 714//714 722//722 715//715
f 715//715 722//722 723//723
f 715//715 723//723 716//716
f 716//716 723//723 724//724
f 716//716 724//724 717//717
f 717//717 724//724 725//725
f 717//717 725//725 718//718
f 718//718 725//725 726//726
f 718//718 726//726 719//719
f 719//719 726//726 727//727
f 719//719 727//727 720//720
f 720//720 727//727 728//728
f 720//720 728//728 664//664
f 721//721 655//655 729//729
f 721//721 729//729 722//722
f 722//722 729//729 730//730
f 722//722 730//730 723//723
f 723//723 730//730 731//731
f 723//723 731//731 724//724
f 724//724 731//731 732//732
f 724//724 732//732 725//725
f 725//725 732//732 733//733
f 725//725 733//733 726//726
f 726//726 733//733 734//734
f 726//726 734//734 727//727
f 727//727 734//734 735//735
f 727//727 735//735 728//728
f 728//728 735//735 736//736
f 728//728 736//736 664//664
f 729//729 655//655 656//656
f 729//729 656//656 730//730
f 730//730 656//656 657//657
f 730//730 657//657 731//731
f 731//731 657//657 658//658
f 731//731 658//658 732//732
f 732//732 658//658 659//659
f 732//732 659//659 733//733
f 733//733 659//659 660//660
f 733//733 660//660 734//734
f 734//734 660//660 661//661
f 734//734 661//661 735//735
f 735//735 661//661 662//662
f 735//735 662//662 736//736
f 736//736 662//662 663//663
f 736//736 663//663 664//664
f 738//738 737//737 747//747
f 738//738 747//747 739//739
f 739//739 747//747 748//748
f 739//739 748//748 740//740
f 740//740 748//748 749//749
f 740//740 749//749 741//741
f 741//741 749//749 750//750
f 741//741 750//750 742//742
f 742//742 750//750 751//751
f 742//742 751//751 743//743
f 743//743 751//751 752//752
f 743//743 752//752 744//744
f 744//744 752//752 753//753
f 744//744 753//753 745//745
f 745//745 753//753 754//754
f 745//745 754//754 746//746
f 747//747 737//737 755//755
f 747//747 755//755 748//748
f 748//748 755//755 756//756
f 748//748 756//756 749//749
f 749//749 756//756 757//757
f 749//749 757//757 750//750
f 750//750 757//757 758//758
f 750//750 758//758 751//751
f 751//751 758//758 759//759
f 751//751 759//759 752//752
f 752//752 759//759 760//760
f 752//752 760//760 753//753
f 753//753 760//760 761//761
f 753//753 761//761 754//754
f 754//754 761//761 762//762
f 754//754 762//762 746//746
f 755//755 737//737 763//763
f 755//755 763//763 756//756
f 756//756 763//763 764//764
f 756//756 764//764 757//757
f 757//757 764//764 765//765
f 757//757 765//765 758//758
f 758//758 765//765 766//766
f 758//758 766//766 759//759
f 759//759 766//766 767//767
f 759//759 767//767 760//760
f 760//760 767//767 768//768
f 760//760 768//768 761//761
f 761//761 768//768 769//769
f 761//761 769//769 762//762
f 762//762 769//769 770//770
f 762//762 770//770 746//746
f 763//763 737//737 771//771
f 763//763 771//771 764//764
f 764//764 771//771 772//772
f 764//764 772//772 765//765
f 765//765 772//772 773//773
f 765//765 773//773 766//766
f 766//766 773//773 774//774
f 766//766 774//774 767//767
f 767//767 774//774 775//775
f 767//767 775//775 768//768
f 768//768 775//775 776//776
f 768//768 776//776 769//769
f 769//769 776//776 777//777
f 769//769 777//777 770//770
f 770//770 777//777 778//778
f 770//770 778//778 746//746
f 771//771 737//737 779//779
f 771//771 779//779 772//772
f 772//772 779//779 780//780
f 772//772 780//780 773//773
f 773//773 780//780 781//781
f 773//773 781//781 774//774
f 774//774 781//781 782//782
f 774//774 782//782 775//775
f 775//775 782//782 783//783
f 775//775 783//783 776//776
f 776//776 783//783 784//784
f 776//776 784//784 777//777
f 777//777 784//784 785//785
f 777//777 785//785 778//778
f 778//778 785//785 786//786
f 778//778 786//786 746//746
f 779//779 737//737 787//787
f 779//779 787//787 780//780
f 780//780 787//787 788//788
f 780//780 788//788 781//781
f 781//781 788//788 789//789
f 781//781 789//789 782//782
f 782//782 789//789 790//790
f 782//782 790//790 783//783
f 783//783 790//790 791//791
f 783//783 791//791 784//784
f 784//784 791//791 792//792
f 784//784 792//792 785//785
f 785//785 792//792 793//793
f 785//785 793//793 786//786
f 786//786 793//793 794//794
f 786//786 794//794 746//746
f 787//787 737//737 795//795
f 787//787 795//795 788//788
f 788//788 795//795 796//796
f 788//788 796//796 789//789
f 789//789 796//796 797//797
f 789//789 797//797 790//790
f 790//790 797//797 798//798
f 790//790 798//798 791//791
f 791//791 798//798 799//799
f 791//791 799//799 792//792
f 792//792 799//799 800//800
f 792//792 800//800 793//793
f 793//793 800//800 801//801
f 793//793 801//801 794//794
f 794//794 801//801 802//802
f 794//794 802//802 746//746
f 795//795 737//737 803//803
f 795//795 803//803 796//796
f 796//796 803//803 804//804
f 796//796 804//804 797//797
f 797//797 804//804 805//805
f 797//797 805//805 798//798
f 798//798 805//805 806//806
f 798//798 806//806 799//799
f 799//799 806//806 807//807
f 799//799 807//807 800//800
f 800//800 807//807 808//808
f 800//800 808//808 801//801
f 801//801 808//808 809//809
f 801//801 809//809 802//802
f 802//802 809//809 810//810
f 802//802 810//810 746//746
f 803//803 737//737 811//811
f 803//803 811//811 804//804
f 804//804 811//811 812//812
f 804//804 812//812 805//805
f 805//805 812//812 813//813
f 805//805 813//813 806//806
f 806//806 813//813 814//814
f 806//806 814//814 807//807
f 807//807 814//814 815//815
f 807//807 815//815 808//808
f 808//808 815//815 816//816
f 808//808 816//816 809//809
f 809//809 816//816 817//817
f 809//809 817//817 810//810
f 810//810 817//817 818//818
f 810//810 818//818 746//746
f 811//811 737//737 738//738
f 811//811 738//738 812//812
f 812//812 738//738 739//739
f 812//812 739//739 813//813
f 813//813 739//739 740//740
f 813//813 740//740 814//814
f 814//814 740//740 741//741
f 814//814 741//741 815//815
f 815//815 741//741 742//742
f 815//815 742//742 816//816
f 816//816 742//742 743//743
f 816//816 743//743 817//817
f 817//817 743//743 744//744
f 817//817 744//744 818//818
f 818//818 744//744 745//745
f 818//818 745//745 746//746
f 820//820 819//819 829//829
f 820//820 829//829 821//821
f 821//821 829//829 830//830
f 821//821 830//830 822//822
f 822//822 830//830 831//831
f 822//822 831//831 823//823
f 823//823 831//831 832//832
f 823//823 832//832 824//824
f 824//824 832//832 833//833
f 824//824 833//833 825//825
f 825//825 833//833 834//834
f 825//825 834//834 826//826
f 826//826 834//834 835//835
f 826//826 835//835 827//827
f 827//827 835//835 836//836
f 827//827 836//836 828//828
f 829//829 819//819 837//837
f 829//829 837//837 830//830
f 830//830 837//837 838//838
f 830//830 838//838 831//831
f 831//831 838//838 839//839
f 831//831 839//839 832//832
f 832//832 839//839 840//840
f 832//832 840//840 833//833
f 833//833 840//840 841//841
f 833//833 841//841 834//834
f 834//834 841//841 842//842
f 834//834 842//842 835//835
f 835//835 842//842 843//843
f 835//835 843//843 836//836
f 836//836 843//843 844//844
f 836//836 844//844 828//828
f 837//837 819//819 845//845
f 837//837 845//845 838//838
f 838//838 845//845 846//846
f 838//838 846//846 839//839
f 839//839 846//846 847//847
f 839//839 847//847 840//840
f 840//840 847//847 848//848
f 840//840 848//848 841//841
f 841//841 848//848 849//849
f 841//841 849//849 842//842
f 842//842 849//849 850//850
f 842//842 850//850 843//843
f 843//843 850//850 851//851
f 843//843 851//851 844//844
f 844//844 851//851 852//852
f 844//844 852//852 828//828
f 845//845 819//819 853//853
f 845//845 853//853 846//846
f 846//846 853//853 854//854
f 846//846 854//854 847//847
f 847//847 854//854 855//855
f 847//847 855//855 848//848
f 848//848 855//855 856//856
f 848//848 856//856 849//849
f 849//849 856//856 857//857
f 849//849 857//857 850//850
f 850//850 857//857 858//858
f 850//850 858//858 851//851
f 851//851 858//858 859//859
f 851//851 859//859 852//852
f 852//852 859//859 860//860
f 852//852 860//860 828//828
f 853//853 819//819 861//861
f 853//853 861//861 854//854
f 854//854 861//861 862//862
f 854//854 862//862 855//855
f 855//855 862//862 863//863
f 855//855 863//863 856//856
f 856//856 863//863 864//864
f 856//856 864//864 857//857
f 857//857 864//864 865//865
f 857//857 865//865 858//858
f 858//858 865//865 866//866
f 858//858 866//866 859//859
f 859//859 866//866 867//867
f 859//859 867//867 860//860
f 860//860 867//867 868//868
f 860//860 868//868 828//828
f 861//861 819//819 869//869
f 861//861 869//869 862//862
f 862//862 869//869 870//870
f 862//862 870//870 863//863
f 863//863 870//870 871//871
f 863//863 871//871 864//864
f 864//864 871//871 872//872
f 864//864 872//872 865//865
f 865//865 872//872 873//873
f 865//865 873//873 866//866
f 866//866 873//873 874//874
f 866//866 874//874 867//867
f 867//867 874//874 875//875
f 867//867 875//875 868//868
f 868//868 875//875 876//876
f 868//868 876//876 828//828
f 869//869 819//819 877//877
f 869//869 877//877 870//870
f 870//870 877//877 878//878
f 870//870 878//878 871//871
f 871//871 878//878 879//879
f 871//871 879//879 872//872
f 872//872 879//879 880//880
f 872//872 880//880 873//873
f 873//873 880//880 881//881
f 873//873 881//881 874//874
f 874//874 881//881 882//882
f 874//874 882//882 875//875
f 875//875 882//882 883//883
f 875//875 883//883 876//876
f 876//876 883//883 884//884
f 876//876 884//884 828//828
f 877//877 819//819 885//885
f 877//877 885//885 878//878
f 878//878 885//885 886//886
f 878//878 886//886 879//879
f 879//879 886//886 887//887
f 879//879 887//887 880//880
f 880//880 887//887 888//888
f 880//880 888//888 881//881
f 881//881 888//888 889//889
f 881//881 889//889 882//882
f 882//882 889//889 890//890
f 882//882 890//890 883//883
f 883//883 890//890 891//891
f 883//883 891//891 884//884
f 884//884 891//891 892//892
f 884//884 892//892 828//828
f 885//885 819//819 893//893
f 885//885 893//893 886//886
f 886//886 893//893 894//894
f 886//886 894//894 887//887
f 887//887 894//894 895//895
f 887//887 895//895 888//888
f 888//888 895//895 896//896
f 888//888 896//896 889//889
f 889//889 896//896 897//897
f 889//889 897//897 890//890
f 890//890 897//897 898//898
f 890//890 898//898 891//891
f 891//891 898//898 899//899
f 891//891 899//899 892//892
f 892//892 899//899 900//900
f 892//892 900//900 828//828
f 893//893 819//819 820//820
f 893//893 820//820 894//894
f 894//894 820//820 821//821
f 894//894 821//821 895//895
f 895//895 821//821 822//822
f 895//895 822//822 896//896
f 896//896 822//822 823//823
f 896//896 823//823 897//897
f 897//897 823//823 824//824
f 897//897 824//824 898//898
f 898//898 824//824 825//825
f 898//898 825//825 899//899
f 899//899 825//825 826//826
f 899//899 826//826 900//900
f 900//900 826//826 827//827
f 900//900 827//827 828//828
f 902//902 901//901 911//911
f 902//902 911//911 903//903
f 903//903 911//911 912//912
f 903//903 912//912 904//904
f 904//904 912//912 913//913
f 904//904 913//913 905//905
f 905//905 913//913 914//914
f 905//905 914//914 906//906
f 906//906 914//914 915//915
f 906//906 915//915 907//907
f 907//907 915//915 916//916
f 907//907 916//916 908//908
f 908//908 916//916 917//917
f 908//908 917//917 909//909
f 909//909 917//917 918//918
f 909//909 918//918 910//910
f 911//911 901//901 919//919
f 911//911 919//919 912//912
f 912//912 919//919 920//920
f 912//912 920//920 913//913
f 913//913 920//920 921//921
f 913//913 921//921 914//914
f 914//914 921//921 922//922
f 914//914 922//922 915//915
f 915//915 922//922 923//923
f 915//915 923//923 916//916
f 916//916 923//923 924//924
f 916//916 924//924 917//917
f 917//917 924//924 925//925
f 917//917 925//925 918//918
f 918//918 925//925 926//926
f 918//918 926//926 910//910
f 919//919 901//901 927//927
f 919//919 927//927 920//920
f 920//920 927//927 928//928
f 920//920 928//928 921//921
f 921//921 928//928 929//929
f 921//921 929//929 922//922
f 922//922 929//929 930//930
f 922//922 930//930 923//923
f 923//923 930//930 931//931
f 923//923 931//931 924//924
f 924//924 931//931 932//932
f 924//924 932//932 925//925
f 925//925 932//932 933//933
f 925//925 933//933 926//926
f 926//926 933//933 934//934
f 926//926 934//934 910//910
f 927//927 901//901 935//935
f 927//927 935//935 928//928
f 928//928 935//935 936//936
f 928//928 936//936 929//929
f 929//929 936//936 937//937
f 929//929 937//937 930//930
f 930//930 937//937 938//938
f 930//930 938//938 931//931
f 931//931 938//938 939//939
f 931//931 939//939 932//932
f 932//932 939//939 940//940
f 932//932 940//940 933//933
f 933//933 940//940 941//941
f 933//933 941//941 934//934
f 934//934 941//941 942//942
f 934//934 942//942 910//910
f 935//935 901//901 943//943
f 935//935 943//943 936//936
f 936//936 943//943 944//944
f 936//936 944//944 937//937
f 937//937 944//944 945//945
f 937//937 945//945 938//938
f 938//938 945//945 946//946
f 938//938 946//946 939//939
f 939//939 946//946 947//947
f 939//939 947//947 940//940
f 940//940 947//947 948//948
f 940//940 948//948 941//941
f 941//941 948//948 949//949
f 941//941 949//949 942//942
f 942//942 949//949 950//950
f 942//942 950//950 910//910
f 943//943 901//901 951//951
f 943//943 951//951 944//944
f 944//944 951//951 952//952
f 944//944 952//952 945//945
f 945//945 952//952 953//953
f 945//945 953//953 946//946
f 946//946 953//953 954//954
f 946//946 954//954 947//947
f 947//947 954//954 955//955
f 947//947 955//955 948//948
f 948//948 955//955 956//956
f 948//948 956//956 949//949
f 949//949 956//956 957//957
f 949//949 957//957 950//950
f 950//950 957//957 958//958
f 950//950 958//958 910//910
f 951//951 901//901 959//959
f 951//951 959//959 952//952
f 952//952 959//959 960//960
f 952//952 960//960 953//953
f 953//953 960//960 961//961
f 953//953 961//961 954//954
f 954//954 961//961 962//962
f 954//954 962//962 955//955
f 955//955 962//962 963//963
f 955//955 963//963 956//956
f 956//956 963//963 964//964
f 956//956 964//964 957//957
f 957//957 964//964 965//965
f 957//957 965//965 958//958
f 958//958 965//965 966//966
f 958//958 966//966 910//910
f 959//959 901//901 967//967
f 959//959 967//967 960//960
f 960//960 967//967 968//968
f 960//960 968//968 961//961
f 961//961 968//968 969//969
f 961//961 969//969 962//962
f 962//962 969//969 970//970
f 962//962 970//970 963//963
f 963//963 970//970 971//971
f 963//963 971//971 964//964
f 964//964 971//971 972//972
f 964//964 972//972 965//965
f 965//965 972//972 973//973
f 965//965 973//973 966//966
f 966//966 973//973 974//974
f 966//966 974//974 910//910
f 967//967 901//901 975//975
f 967//967 975//975 968//968
f 968//968 975//975 976//976
f 968//968 976//976 969//969
f 969//969 976//976 977//977
f 969//969 977//977 970//970
f 970//970 977//977 978//978
f 970//970 978//978 971//971
f 971//971 978//978 979//979
f 971//971 979//979 972//972
f 972//972 979//979 980//980
f 972//972 980//980 973//973
f 973//973 980//980 981//981
f 973//973 981//981 974//974
f 974//974 981//981 982//982
f 974//974 982//982 910//910
f 975//975 901//901 902//902
f 975//975 902//902 976//976
f 976//976 902//902 903//903
f 976//976 903//903 977//977
f 977//977 903//903 904//904
f 977//977 904//904 978//978
f 978//978 904//904 905//905
f 978//978 905//905 979//979
f 979//979 905//905 906//906
f 979//979 906//906 980//980
f 980//980 906//906 907//907
f 980//980 907//907 981//981
f 981//981 907//907 908//908
f 981//981 908//908 982//982
f 982//982 908//908 909//909
f 982//982 909//909 910//910
f 984//984 983//983 993//993
f 984//984 993//993 985//985
f 985//985 993//993 994//994
f 985//985 994//994 986//986
f 986//986 994//994 995//995
f 986//986 995//995 987//987
f 987//987 995//995 996//996
f 987//987 996//996 988//988
f 988//988 996//996 997//997
f 988//988 997//997 989//989
f 989//989 997//997 998//998
f 989//989 998//998 990//990
f 990//990 998//998 999//999
f 990//990 999//999 991//991
f 991//991 999//999 1000//1000
f 991//991 1000//1000 992//992
f 993//993 983//983 1001//1001
f 993//993 1001//1001 994//994
f 994//994 1001//1001 1002//1002
f 994//994 1002//1002 995//995
f 995//995 1002//1002 1003//1003
f 995//995 1003//1003 996//996
f 996//996 1003//1003 1004//1004
f 996//996 1004//1004 997//997
f 997//997 1004//1004 1005//1005
f 997//997 1005//1005 998//998
f 998//998 1005//1005 1006//1006
f 998//998 1006//1006 999//999
f 999//999 1006//1006 1007//1007
f 999//999 1007//1007 1000//1000
f 1000//1000 1007//1007 1008//1008
f 1000//1000 1008//1008 992//992
f 1001//1001 983//983 1009//1009
f 1001//1001 1009//1009 1002//1002
f 1002//1002 1009//1009 1010//1010
f 1002//1002 1010//1010 1003//1003
f 1003//1003 1010//1010 1011//1011
f 1003//1003 1011//1011 1004//1004
f 1004//1004 1011//1011 1012//1012
f 1004//1004 1012//1012 1005//1005
f 1005//1005 1012//1012 1013//1013
f 1005//1005 1013//1013 1006//1006
f 1006//1006 1013//1013 1014//1014
f 1006//1006 1014//1014 1007//1007
f 1007//1007 1014//1014 1015//1015
f 1007//1007 1015//1015 1008//1008
f 1008//1008 1015//1015 1016//1016
f 1008//1008 1016//1016 992//992
f 1009//1009 983//983 1017//1017
f 1009//1009 1017//1017 1010//1010
f 1010//1010 1017//1017 1018//1018
f 1010//1010 1018//1018 1011//1011
f 1011//1011 1018//1018 1019//1019
f 1011//1011 1019//1019 1012//1012
f 1012//1012 1019//1019 1020//1020
f 1012//1012 1020//1020 1013//1013
f 1013//1013 1020//1020 1021//1021
f 1013//1013 1021//1021 1014//1014
f 1014//1014 1021//1021 1022//1022
f 1014//1014 1022//1022 1015//1015
f 1015//1015 1022//1022 1023//1023
f 1015//1015 1023//1023 1016//1016
f 1016//1016 1023//1023 1024//1024
f 1016//1016 1024//1024 992//992
f 1017//1017 983//983 1025//1025
f 1017//1017 1025//1025 1018//1018
f 1018//1018 1025//1025 1026//1026
f 1018//1018 1026//1026 1019//1019
f 1019//1019 1026//1026 1027//1027
f 1019//1019 1027//1027 1020//1020
f 1020//1020 1027//1027 1028//1028
f 1020//1020 1028//1028 1021//1021
f 1021//1021 1028//1028 1029//1029
f 1021//1021 1029//1029 1022//1022
f 1022//1022 1029//1029 1030//1030
f 1022//1022 1030//1030 1023//1023
f 1023//1023 1030//1030 1031//1031
f 1023//1023 1031//1031 1024//1024
f 1024//1024 1031//1031 1032//1032
f 1024//1024 1032//1032 992//992
f 1025//1025 983//983 1033//1033
f 1025//1025 1033//1033 1026//1026
f 1026//1026 1033//1033 1034//1034
f 1026//1026 1034//1034 1027//1027
f 1027//1027 1034//1034 1035//1035
f 1027//1027 1035//1035 1028//1028
f 1028//1028 1035//1035 1036//1036
f 1028//1028 1036//1036 1029//1029
f 1029//1029 1036//1036 1037//1037
f 1029//1029 1037//1037 1030//1030
f 1030//1030 1037//1037 1038//1038
f 1030//1030 1038//1038 1031//1031
f 1031//1031 1038//1038 1039//1039
f 1031//1031 1039//1039 1032//1032
f 1032//1032 1039//1039 1040//1040
f 1032//1032 1040//1040 992//992
f 1033//1033 983//983 1041//1041
f 1033//1033 1041//1041 1034//1034
f 1034//1034 1041//1041 1042//1042
f 1034//1034 1042//1042 1035//1035
f 1035//1035 1042//1042 1043//1043
f 1035//1035 1043//1043 1036//1036
f 1036//1036 1043//1043 1044//1044
f 1036//1036 1044//1044 1037//1037
f 1037//1037 1044//1044 1045//1045
f 1037//1037 1045//1045 1038//1038
f 1038//1038 1045//1045 1046//1046
f 1038//1038 1046//1046 1039//1039
f 1039//1039 1046//1046 1047//1047
f 1039//1039 1047//1047 1040//1040
f 1040//1040 1047//1047 1048//1048
f 1040//1040 1048//1048 992//992
f 1041//1041 983//983 1049//1049
f 1041//1041 1049//1049 1042//1042
f 1042//1042 1049//1049 1050//1050
f 1042//1042 1050//1050 1043//1043
f 1043//1043 1050//1050 1051//1051
f 1043//1043 1051//1051 1044//1044
f 1044//1044 1051//1051 1052//1052
f 1044//1044 1052//1052 1045//1045
f 1045//1045 1052//1052 1053//1053
f 1045//1045 1053//1053 1046//1046
f 1046//1046 1053//1053 1054//1054
f 1046//1046 1054//1054 1047//1047
f 1047//1047 1054//1054 1055//1055
f 1047//1047 1055//1055 1048//1048
f 1048//1048 1055//1055 1056//1056
f 1048//1048 1056//1056 992//992
f 1049//1049 983//983 1057//1057
f 1049//1049 1057//1057 1050//1050
f 1050//1050 1057//1057 1058//1058
f 1050//1050 1058//1058 1051//1051
f 1051//1051 1058//1058 1059//1059
f 1051//1051 1059//1059 1052//1052
f 1052//1052 1059//1059 1060//1060
f 1052//1052 1060//1060 1053//1053
f 1053//1053 1060//1060 1061//1061
f 1053//1053 1061//1061 1054//1054
f 1054//1054 1061//1061 1062//1062
f 1054//1054 1062//1062 1055//1055
f 1055//1055 1062//1062 1063//1063
f 1055//1055 1063//1063 1056//1056
f 1056//1056 1063//1063 1064//1064
f 1056//1056 1064//1064 992//992
f 1057//1057 983//983 984//984
f 1057//1057 984//984 1058//1058
f 1058//1058 984//984 985//985
f 1058//1058 985//985 1059//1059
f 1059//1059 985//985 986//986
f 1059//1059 986//986 1060//1060
f 1060//1060 986//986 987//987
f 1060//1060 987//987 1061//1061
f 1061//1061 987//987 988//988
f 1061//1061 988//988 1062//1062
f 1062//1062 988//988 989//989
f 1062//1062 989//989 1063//1063
f 1063//1063 989//989 990//990
f 1063//1063 990//990 1064//1064
f 1064//1064 990//990 991//991
f 1064//1064 991//991 992//992
f 1066//1066 1065//1065 1075//1075
f 1066//1066 1075//1075 1067//1067
f 1067//1067 1075//1075 1076//1076
f 1067//1067 1076//1076 1068//1068
f 1068//1068 1076//1076 1077//1077
f 1068//1068 1077//1077 1069//1069
f 1069//1069 1077//1077 1078//1078
f 1069//1069 1078//1078 1070//1070
f 1070//1070 1078//1078 1079//1079
f 1070//1070 1079//1079 1071//1071
f 1071//1071 1079//1079 1080//1080
f 1071//1071 1080//1080 1072//1072
f 1072//1072 1080//1080 1081//1081
f 1072//1072 1081//1081 1073//1073
f 1073//1073 1081//1081 1082//1082
f 1073//1073 1082//1082 1074//1074
f 1075//1075 1065//1065 1083//1083
f 1075//1075 1083//1083 1076//1076
f 1076//1076 1083//1083 1084//1084
f 1076//1076 1084//1084 1077//1077
f 1077//1077 1084//1084 1085//1085
f 1077//1077 1085//1085 1078//1078
f 1078//1078 1085//1085 1086//1086
f 1078//1078 1086//1086 1079//1079
f 1079//1079 1086//1086 1087//1087
f 1079//1079 1087//1087 1080//1080
f 1080//1080 1087//1087 1088//1088
f 1080//1080 1088//1088 1081//1081
f 1081//1081 1088//1088 1089//1089
f 1081//1081 1089//1089 1082//1082
f 1082//1082 1089//1089 1090//1090
f 1082//1082 1090//1090 1074//1074
f 1083//1083 1065//1065 1091//1091
f 1083//1083 1091//1091 1084//1084
f 1084//1084 1091//1091 1092//1092
f 1084//1084 1092//1092 1085//1085
f 1085//1085 1092//1092 1093//1093
f 1085//1085 1093//1093 1086//1086
f 1086//1086 1093//1093 1094//1094
f 1086//1086 1094//1094 1087//1087
f 1087//1087 1094//1094 1095//1095
f 1087//1087 1095//1095 1088//1088
f 1088//1088 1095//1095 1096//1096
f 1088//1088 1096//1096 1089//1089
f 1089//1089 1096//1096 1097//1097
f 1089//1089 1097//1097 1090//1090
f 1090//1090 1097//1097 1098//1098
f 1090//1090 1098//1098 1074//1074
f 1091//1091 1065//1065 1099//1099
f 1091//1091 1099//1099 1092//1092
f 1092//1092 1099//1099 1100//1100
f 1092//1092 1100//1100 1093//1093
f 1093//1093 1100//1100 1101//1101
f 1093//1093 1101//1101 1094//1094
f 1094//1094 1101//1101 1102//1102
f 1094//1094 1102//1102 1095//1095
f 1095//1095 1102//1102 1103//1103
f 1095//1095 1103//1103 1096//1096
f 1096//1096 1103//1103 1104//1104
f 1096//1096 1104//1104 1097//1097
f 1097//1097 1104//1104 1105//1105
f 1097//1097 1105//1105 1098//1098
f 1098//1098 1105//1105 1106//1106
f 1098//1098 1106//1106 1074//1074
f 1099//1099 1065//1065 1107//1107
f 1099//1099 1107//1107 1100//1100
f 1100//1100 1107//1107 1108//1108
f 1100//1100 1108//1108 1101//1101
f 1101//1101 1108//1108 1109//1109
f 1101//1101 1109//1109 1102//1102
f 1102//1102 1109//1109 1110//1110
f 1102//1102 1110//1110 1103//1103
f 1103//1103 1110//1110 1111//1111
f 1103//1103 1111//1111 1104//1104
f 1104//1104 1111//1111 1112//1112
f 1104//1104 1112//1112 1105//1105
f 1105//1105 1112//1112 1113//1113
f 1105//1105 1113//1113 1106//1106
f 1106//1106 1113//1113 1114//1114
f 1106//1106 1114//1114 1074//1074
f 1107//1107 1065//1065 1115//1115
f 1107//1107 1115//1115 1108//1108
f 1108//1108 1115//1115 1116//1116
f 1108//1108 1116//1116 1109//1109
f 1109//1109 1116//1116 1117//1117
f 1109//1109 1117//1117 1110//1110
f 1110//1110 1117//1117 1118//1118
f 1110//1110 1118//1118 1111//1111
f 1111//1111 1118//1118 1119//1119
f 1111//1111 1119//1119 1112//1112
f 1112//1112 1119//1119 1120//1120
f 1112//1112 1120//1120 1113//1113
f 1113//1113 1120//1120 1121//1121
f 1113//1113 1121//1121 1114//1114
f 1114//1114 1121//1121 1122//1122
f 1114//1114 1122//1122 1074//1074
f 1115//1115 1065//1065 1123//1123
f 1115//1115 1123//1123 1116//1116
f 1116//1116 1123//1123 1124//1124
f 1116//1116 1124//1124 1117//1117
f 1117//1117 1124//1124 1125//1125
f 1117//1117 1125//1125 1118//1118
f 1118//1118 1125//1125 1126//1126
f 1118//1118 1126//1126 1119//1119
f 1119//1119 1126//1126 1127//1127
f 1119//1119 1127//1127 1120//1120
f 1120//1120 1127//1127 1128//1128
f 1120//1120 1128//1128 1121//1121
f 1121//1121 1128//1128 1129//1129
f 1121//1121 1129//1129 1122//1122
f 1122//1122 1129//1129 1130//1130
f 1122//1122 1130//1130 1074//1074
f 1123//1123 1065//1065 1131//1131
f 1123//1123 1131//1131 1124//1124
f 1124//1124 1131//1131 1132//1132
f 1124//1124 1132//1132 1125//1125
f 1125//1125 1132//1132 1133//1133
f 1125//1125 1133//1133 1126//1126
f 1126//1126 1133//1133 1134//1134
f 1126//1126 1134//1134 1127//1127
f 1127//1127 1134//1134 1135//1135
f 1127//1127 1135//1135 1128//1128
f 1128//1128 1135//1135 1136//1136
f 1128//1128 1136//1136 1129//1129
f 1129//1129 1136//1136 1137//1137
f 1129//1129 1137//1137 1130//1130
f 1130//1130 1137//1137 1138//1138
f 1130//1130 1138//1138 1074//1074
f 1131//1131 1065//1065 1139//1139
f 1131//1131 1139//1139 1132//1132
f 1132//1132 1139//1139 1140//1140
f 1132//1132 1140//1140 1133//1133
f 1133//1133 1140//1140 1141//1141
f 1133//1133 1141//1141 1134//1134
f 1134//1134 1141//1141 1142//1142
f 1134//1134 1142//1142 1135//1135
f 1135//1135 1142//1142 1143//1143
f 1135//1135 1143//1143 1136//1136
f 1136//1136 1143//1143 1144//1144
f 1136//1136 1144//1144 1137//1137
f 1137//1137 1144//1144 1145//1145
f 1137//1137 1145//1145 1138//1138
f 1138//1138 1145//1145 1146//1146
f 1138//1138 1146//1146 1074//1074
f 1139//1139 1065//1065 1066//1066
f 1139//1139 1066//1066 1140//1140
f 1140//1140 1066//1066 1067//1067
f 1140//1140 1067//1067 1141//1141
f 1141//1141 1067//1067 1068//1068
f 1141//1141 1068//1068 1142//1142
f 1142//1142 1068//1068 1069//1069
f 1142//1142 1069//1069 1143//1143
f 1143//1143 1069//1069 1070//1070
f 1143//1143 1070//1070 1144//1144
f 1144//1144 1070//1070 1071//1071
f 1144//1144 1071//1071 1145//1145
f 1145//1145 1071//1071 1072//1072
f 1145//1145 1072//1072 1146//1146
f 1146//1146 1072//1072 1073//1073
f 1146//1146 1073//1073 1074//1074
f 1147//1147 1284//1284 1200//1200
f 1284//1284 1184//1184 1286//1286
f 1200//1200 1286//1286 1163//1163
f 1284//1284 1286//1286 1200//1200
f 1184//1184 1285//1285 1301//1301
f 1285//1285 1158//1158 1298//1298
f 1301//1301 1298//1298 1187//1187
f 1285//1285 1298//1298 1301//1301
f 1163//1163 1299//1299 1201//1201
f 1299//1299 1187//1187 1297//1297
f 1201//1201 1297//1297 1152//1152
f 1299//1299 1297//1297 1201//1201
f 1184//1184 1301//1301 1286//1286
f 1301//1301 1187//1187 1299//1299
f 1286//1286 1299//1299 1163//1163
f 1301//1301 1299//1299 1286//1286
f 1147//1147 1200//1200 1189//1189
f 1200//1200 1163//1163 1202//1202
f 1189//1189 1202//1202 1159//1159
f 1200//1200 1202//1202 1189//1189
f 1163//1163 1201//1201 1206//1206
f 1201//1201 1152//1152 1204//1204
f 1206//1206 1204//1204 1164//1164
f 1201//1201 1204//1204 1206//1206
f 1159//1159 1205//1205 1190//1190
f 1205//1205 1164//1164 1203//1203
f 1190//1190 1203//1203 1148//1148
f 1205//1205 1203//1203 1190//1190
f 1163//1163 1206//1206 1202//1202
f 1206//1206 1164//1164 1205//1205
f 1202//1202 1205//1205 1159//1159
f 1206//1206 1205//1205 1202//1202
f 1147//1147 1189//1189 1216//1216
f 1189//1189 1159//1159 1218//1218
f 1216//1216 1218//1218 1168//1168
f 1189//1189 1218//1218 1216//1216
f 1159//1159 1190//1190 1221//1221
f 1190//1190 1148//1148 1219//1219
f 1221//1221 1219//1219 1169//1169
f 1190//1190 1219//1219 1221//1221
f 1168//1168 1222//1222 1217//1217
f 1222//1222 1169//1169 1220//1220
f 1217//1217 1220//1220 1154//1154
f 1222//1222 1220//1220 1217//1217
f 1159//1159 1221//1221 1218//1218
f 1221//1221 1169//1169 1222//1222
f 1218//1218 1222//1222 1168//1168
f 1221//1221 1222//1222 1218//1218
f 1147//1147 1216//1216 1267//1267
f 1216//1216 1168//1168 1269//1269
f 1267//1267 1269//1269 1180//1180
f 1216//1216 1269//1269 1267//1267
f 1168//1168 1217//1217 1280//1280
f 1217//1217 1154//1154 1278//1278
f 1280//1280 1278//1278 1183//1183
f 1217//1217 1278//1278 1280//1280
f 1180//1180 1282//1282 1268//1268
f 1282//1282 1183//1183 1279//1279
f 1268//1268 1279//1279 1157//1157
f 1282//1282 1279//1279 1268//1268
f 1168//1168 1280//1280 1269//1269
f 1280//1280 1183//1183 1282//1282
f 1269//1269 1282//1282 1180//1180
f 1280//1280 1282//1282 1269//1269
f 1147//1147 1267//1267 1284//1284
f 1267//1267 1180//1180 1287//1287
f 1284//1284 1287//1287 1184//1184
f 1267//1267 1287//1287 1284//1284
f 1180//1180 1268//1268 1305//1305
f 1268//1268 1157//1157 1303//1303
f 1305//1305 1303//1303 1188//1188
f 1268//1268 1303//1303 1305//1305
f 1184//1184 1307//1307 1285//1285
f 1307//1307 1188//1188 1304//1304
f 1285//1285 1304//1304 1158//1158
f 1307//1307 1304//1304 1285//1285
f 1180//1180 1305//1305 1287//1287
f 1305//1305 1188//1188 1307//1307
f 1287//1287 1307//1307 1184//1184
f 1305//1305 1307//1307 1287//1287
f 1148//1148 1203//1203 1242//1242
f 1203//1203 1164//1164 1244//1244
f 1242//1242 1244//1244 1175//1175
f 1203//1203 1244//1244 1242//1242
f 1164//1164 1204//1204 1257//1257
f 1204//1204 1152//1152 1255//1255
f 1257//1257 1255//1255 1178//1178
f 1204//1204 1255//1255 1257//1257
f 1175//1175 1259//1259 1243//1243
f 1259//1259 1178//1178 1256//1256
f 1243//1243 1256//1256 1156//1156
f 1259//1259 1256//1256 1243//1243
f 1164//1164 1257//1257 1244//1244
f 1257//1257 1178//1178 1259//1259
f 1244//1244 1259//1259 1175//1175
f 1257//1257 1259//1259 1244//1244
f 1152//1152 1297//1297 1208//1208
f 1297//1297 1187//1187 1300//1300
f 1208//1208 1300//1300 1165//1165
f 1297//1297 1300//1300 1208//1208
f 1187//1187 1298//1298 1302//1302
f 1298//1298 1158//1158 1293//1293
f 1302//1302 1293//1293 1186//1186
f 1298//1298 1293//1293 1302//1302
f 1165//1165 1295//1295 1207//1207
f 1295//1295 1186//1186 1292//1292
f 1207//1207 1292//1292 1151//1151
f 1295//1295 1292//1292 1207//1207
f 1187//1187 1302//1302 1300//1300
f 1302//1302 1186//1186 1295//1295
f 1300//1300 1295//1295 1165//1165
f 1302//1302 1295//1295 1300//1300
f 1158//1158 1304//1304 1289//1289
f 1304//1304 1188//1188 1308//1308
f 1289//1289 1308//1308 1185//1185
f 1304//1304 1308//1308 1289//1289
f 1188//1188 1303//1303 1306//1306
f 1303//1303 1157//1157 1271//1271
f 1306//1306 1271//1271 1181//1181
f 1303//1303 1271//1271 1306//1306
f 1185//1185 1291//1291 1288//1288
f 1291//1291 1181//1181 1270//1270
f 1288//1288 1270//1270 1149//1149
f 1291//1291 1270//1270 1288//1288
f 1188//1188 1306//1306 1308//1308
f 1306//1306 1181//1181 1291//1291
f 1308//1308 1291//1291 1185//1185
f 1306//1306 1291//1291 1308//1308
f 1157//1157 1279//1279 1274//1274
f 1279//1279 1183//1183 1283//1283
f 1274//1274 1283//1283 1182//1182
f 1279//1279 1283//1283 1274//1274
f 1183//1183 1278//1278 1281//1281
f 1278//1278 1154//1154 1224//1224
f 1281//1281 1224//1224 1170//1170
f 1278//1278 1224//1224 1281//1281
f 1182//1182 1276//1276 1273//1273
f 1276//1276 1170//1170 1223//1223
f 1273//1273 1223//1223 1153//1153
f 1276//1276 1223//1223 1273//1273
f 1183//1183 1281//1281 1283//1283
f 1281//1281 1170//1170 1276//1276
f 1283//1283 1276//1276 1182//1182
f 1281//1281 1276//1276 1283//1283
f 1154//1154 1220//1220 1236//1236
f 1220//1220 1169//1169 1238//1238
f 1236//1236 1238//1238 1174//1174
f 1220//1220 1238//1238 1236//1236
f 1169//1169 1219//1219 1227//1227
f 1219//1219 1148//1148 1225//1225
f 1227//1227 1225//1225 1171//1171
f 1219//1219 1225//1225 1227//1227
f 1174//1174 1240//1240 1237//1237
f 1240//1240 1171//1171 1226//1226
f 1237//1237 1226//1226 1155//1155
f 1240//1240 1226//1226 1237//1237
f 1169//1169 1227//1227 1238//1238
f 1227//1227 1171//1171 1240//1240
f 1238//1238 1240//1240 1174//1174
f 1227//1227 1240//1240 1238//1238
f 1150//1150 1246//1246 1196//1196
f 1246//1246 1176//1176 1248//1248
f 1196//1196 1248//1248 1162//1162
f 1246//1246 1248//1248 1196//1196
f 1176//1176 1247//1247 1254//1254
f 1247//1247 1156//1156 1251//1251
f 1254//1254 1251//1251 1177//1177
f 1247//1247 1251//1251 1254//1254
f 1162//1162 1252//1252 1197//1197
f 1252//1252 1177//1177 1250//1250
f 1197//1197 1250//1250 1151//1151
f 1252//1252 1250//1250 1197//1197
f 1176//1176 1254//1254 1248//1248
f 1254//1254 1177//1177 1252//1252
f 1248//1248 1252//1252 1162//1162
f 1254//1254 1252//1252 1248//1248
f 1150//1150 1196//1196 1192//1192
f 1196//1196 1162//1162 1198//1198
f 1192//1192 1198//1198 1160//1160
f 1196//1196 1198//1198 1192//1192
f 1162//1162 1197//1197 1199//1199
f 1197//1197 1151//1151 1194//1194
f 1199//1199 1194//1194 1161//1161
f 1197//1197 1194//1194 1199//1199
f 1160//1160 1195//1195 1191//1191
f 1195//1195 1161//1161 1193//1193
f 1191//1191 1193//1193 1149//1149
f 1195//1195 1193//1193 1191//1191
f 1162//1162 1199//1199 1198//1198
f 1199//1199 1161//1161 1195//1195
f 1198//1198 1195//1195 1160//1160
f 1199//1199 1195//1195 1198//1198
f 1150//1150 1192//1192 1212//1212
f 1192//1192 1160//1160 1214//1214
f 1212//1212 1214//1214 1167//1167
f 1192//1192 1214//1214 1212//1212
f 1160//1160 1191//1191 1211//1211
f 1191//1191 1149//1149 1209//1209
f 1211//1211 1209//1209 1166//1166
f 1191//1191 1209//1209 1211//1211
f 1167//1167 1215//1215 1213//1213
f 1215//1215 1166//1166 1210//1210
f 1213//1213 1210//1210 1153//1153
f 1215//1215 1210//1210 1213//1213
f 1160//1160 1211//1211 1214//1214
f 1211//1211 1166//1166 1215//1215
f 1214//1214 1215//1215 1167//1167
f 1211//1211 1215//1215 1214//1214
f 1150//1150 1212//1212 1228//1228
f 1212//1212 1167//1167 1230//1230
f 1228//1228 1230//1230 1172//1172
f 1212//1212 1230//1230 1228//1228
f 1167//1167 1213//1213 1233//1233
f 1213//1213 1153//1153 1231//1231
f 1233//1233 1231//1231 1173//1173
f 1213//1213 1231//1231 1233//1233
f 1172//1172 1235//1235 1229//1229
f 1235//1235 1173//1173 1232//1232
f 1229//1229 1232//1232 1155//1155
f 1235//1235 1232//1232 1229//1229
f 1167//1167 1233//1233 1230//1230
f 1233//1233 1173//1173 1235//1235
f 1230//1230 1235//1235 1172//1172
f 1233//1233 1235//1235 1230//1230
f 1150//1150 1228//1228 1246//1246
f 1228//1228 1172//1172 1249//1249
f 1246//1246 1249//1249 1176//1176
f 1228//1228 1249//1249 1246//1246
f 1172//1172 1229//1229 1264//1264
f 1229//1229 1155//1155 1261//1261
f 1264//1264 1261//1261 1179//1179
f 1229//1229 1261//1261 1264//1264
f 1176//1176 1266//1266 1247//1247
f 1266//1266 1179//1179 1262//1262
f 1247//1247 1262//1262 1156//1156
f 1266//1266 1262//1262 1247//1247
f 1172//1172 1264//1264 1249//1249
f 1264//1264 1179//1179 1266//1266
f 1249//1249 1266//1266 1176//1176
f 1264//1264 1266//1266 1249//1249
f 1151//1151 1250//1250 1207//1207
f 1250//1250 1177//1177 1253//1253
f 1207//1207 1253//1253 1165//1165
f 1250//1250 1253//1253 1207//1207
f 1177//1177 1251//1251 1260//1260
f 1251//1251 1156//1156 1256//1256
f 1260//1260 1256//1256 1178//1178
f 1251//1251 1256//1256 1260//1260
f 1165//1165 1258//1258 1208//1208
f 1258//1258 1178//1178 1255//1255
f 1208//1208 1255//1255 1152//1152
f 1258//1258 1255//1255 1208//1208
f 1177//1177 1260//1260 1253//1253
f 1260//1260 1178//1178 1258//1258
f 1253//1253 1258//1258 1165//1165
f 1260//1260 1258//1258 1253//1253
f 1149//1149 1193//1193 1288//1288
f 1193//1193 1161//1161 1290//1290
f 1288//1288 1290//1290 1185//1185
f 1193//1193 1290//1290 1288//1288
f 1161//1161 1194//1194 1294//1294
f 1194//1194 1151//1151 1292//1292
f 1294//1294 1292//1292 1186//1186
f 1194//1194 1292//1292 1294//1294
f 1185//1185 1296//1296 1289//1289
f 1296//1296 1186//1186 1293//1293
f 1289//1289 1293//1293 1158//1158
f 1296//1296 1293//1293 1289//1289
f 1161//1161 1294//1294 1290//1290
f 1294//1294 1186//1186 1296//1296
f 1290//1290 1296//1296 1185//1185
f 1294//1294 1296//1296 1290//1290
f 1153//1153 1210//1210 1273//1273
f 1210//1210 1166//1166 1275//1275
f 1273//1273 1275//1275 1182//1182
f 1210//1210 1275//1275 1273//1273
f 1166//1166 1209//1209 1272//1272
f 1209//1209 1149//1149 1270//1270
f 1272//1272 1270//1270 1181//1181
f 1209//1209 1270//1270 1272//1272
f 1182//1182 1277//1277 1274//1274
f 1277//1277 1181//1181 1271//1271
f 1274//1274 1271//1271 1157//1157
f 1277//1277 1271//1271 1274//1274
f 1166//1166 1272//1272 1275//1275
f 1272//1272 1181//1181 1277//1277
f 1275//1275 1277//1277 1182//1182
f 1272//1272 1277//1277 1275//1275
f 1155//1155 1232//1232 1237//1237
f 1232//1232 1173//1173 1241//1241
f 1237//1237 1241//1241 1174//1174
f 1232//1232 1241//1241 1237//1237
f 1173//1173 1231//1231 1234//1234
f 1231//1231 1153//1153 1223//1223
f 1234//1234 1223//1223 1170//1170
f 1231//1231 1223//1223 1234//1234
f 1174//1174 1239//1239 1236//1236
f 1239//1239 1170//1170 1224//1224
f 1236//1236 1224//1224 1154//1154
f 1239//1239 1224//1224 1236//1236
f 1173//1173 1234//1234 1241//1241
f 1234//1234 1170//1170 1239//1239
f 1241//1241 1239//1239 1174//1174
f 1234//1234 1239//1239 1241//1241
f 1156//1156 1262//1262 1243//1243
f 1262//1262 1179//1179 1265//1265
f 1243//1243 1265//1265 1175//1175
f 1262//1262 1265//1265 1243//1243
f 1179//1179 1261//1261 1263//1263
f 1261//1261 1155//1155 1226//1226
f 1263//1263 1226//1226 1171//1171
f 1261//1261 1226//1226 1263//1263
f 1175//1175 1245//1245 1242//1242
f 1245//1245 1171//1171 1225//1225
f 1242//1242 1225//1225 1148//1148
f 1245//1245 1225//1225 1242//1242
f 1179//1179 1263//1263 1265//1265
f 1263//1263 1171//1171 1245//1245
f 1265//1265 1245//1245 1175//1175
f 1263//1263 1245//1245 1265//1265
f 1309//1309 1446//1446 1362//1362
f 1446//1446 1346//1346 1448//1448
f 1362//1362 1448//1448 1325//1325
f 1446//1446 1448//1448 1362//1362
f 1346//1346 1447//1447 1463//1463
f 1447//1447 1320//1320 1460//1460
f 1463//1463 1460//1460 1349//1349
f 1447//1447 1460//1460 1463//1463
f 1325//1325 1461//1461 1363//1363
f 1461//1461 1349//1349 1459//1459
f 1363//1363 1459//1459 1314//1314
f 1461//1461 1459//1459 1363//1363
f 1346//1346 1463//1463 1448//1448
f 1463//1463 1349//1349 1461//1461
f 1448//1448 1461//1461 1325//1325
f 1463//1463 1461//1461 1448//1448
f 1309//1309 1362//1362 1351//1351
f 1362//1362 1325//1325 1364//1364
f 1351//1351 1364//1364 1321//1321
f 1362//1362 1364//1364 1351//1351
f 1325//1325 1363//1363 1368//1368
f 1363//1363 1314//1314 1366//1366
f 1368//1368 1366//1366 1326//1326
f 1363//1363 1366//1366 1368//1368
f 1321//1321 1367//1367 1352//1352
f 1367//1367 1326//1326 1365//1365
f 1352//1352 1365//1365 1310//1310
f 1367//1367 1365//1365 1352//1352
f 1325//1325 1368//1368 1364//1364
f 1368//1368 1326//1326 1367//1367
f 1364//1364 1367//1367 1321//1321
f 1368//1368 1367//1367 1364//1364
f 1309//1309 1351//1351 1378//1378
f 1351//1351 1321//1321 1380//1380
f 1378//1378 1380//1380 1330//1330
f 1351//1351 1380//1380 1378//1378
f 1321//1321 1352//1352 1383//1383
f 1352//1352 1310//1310 1381//1381
f 1383//1383 1381//1381 1331//1331
f 1352//1352 1381//1381 1383//1383
f 1330//1330 1384//1384 1379//1379
f 1384//1384 1331//1331 1382//1382
f 1379//1379 1382//1382 1316//1316
f 1384//1384 1382//1382 1379//1379
f 1321//1321 1383//1383 1380//1380
f 1383//1383 1331//1331 1384//1384
f 1380//1380 1384//1384 1330//1330
f 1383//1383 1384//1384 1380//1380
f 1309//1309 1378//1378 1429//1429
f 1378//1378 1330//1330 1431//1431
f 1429//1429 1431//1431 1342//1342
f 1378//1378 1431//1431 1429//1429
f 1330//1330 1379//1379 1442//1442
f 1379//1379 1316//1316 1440//1440
f 1442//1442 1440//1440 1345//1345
f 1379//1379 1440//1440 1442//1442
f 1342//1342 1444//1444 1430//1430
f 1444//1444 1345//1345 1441//1441
f 1430//1430 1441//1441 1319//1319
f 1444//1444 1441//1441 1430//1430
f 1330//1330 1442//1442 1431//1431
f 1442//1442 1345//1345 1444//1444
f 1431//1431 1444//1444 1342//1342
f 1442//1442 1444//1444 1431//1431
f 1309//1309 1429//1429 1446//1446
f 1429//1429 1342//1342 1449//1449
f 1446//1446 1449//1449 1346//1346
f 1429//1429 1449//1449 1446//1446
f 1342//1342 1430//1430 1467//1467
f 1430//1430 1319//1319 1465//1465
f 1467//1467 1465//1465 1350//1350
f 1430//1430 1465//1465 1467//1467
f 1346//1346 1469//1469 1447//1447
f 1469//1469 1350//1350 1466//1466
f 1447//1447 1466//1466 1320//1320
f 1469//1469 1466//1466 1447//1447
f 1342//1342 1467//1467 1449//1449
f 1467//1467 1350//1350 1469//1469
f 1449//1449 1469//1469 1346//1346
f 1467//1467 1469//1469 1449//1449
f 1310//1310 1365//1365 1404//1404
f 1365//1365 1326//1326 1406//1406
f 1404//1404 1406//1406 1337//1337
f 1365//1365 1406//1406 1404//1404
f 1326//1326 1366//1366 1419//1419
f 1366//1366 1314//1314 1417//1417
f 1419//1419 1417//1417 1340//1340
f 1366//1366 1417//1417 1419//1419
f 1337//1337 1421//1421 1405//1405
f 1421//1421 1340//1340 1418//1418
f 1405//1405 1418//1418 1318//1318
f 1421//1421 1418//1418 1405//1405
f 1326//1326 1419//1419 1406//1406
f 1419//1419 1340//1340 1421//1421
f 1406//1406 1421//1421 1337//1337
f 1419//1419 1421//1421 1406//1406
f 1314//1314 1459//1459 1370//1370
f 1459//1459 1349//1349 1462//1462
f 1370//1370 1462//1462 1327//1327
f 1459//1459 1462//1462 1370//1370
f 1349//1349 1460//1460 1464//1464
f 1460//1460 1320//1320 1455//1455
f 1464//1464 1455//1455 1348//1348
f 1460//1460 1455//1455 1464//1464
f 1327//1327 1457//1457 1369//1369
f 1457//1457 1348//1348 1454//1454
f 1369//1369 1454//1454 1313//1313
f 1457//1457 1454//1454 1369//1369
f 1349//1349 1464//1464 1462//1462
f 1464//1464 1348//1348 1457//1457
f 1462//1462 1457//1457 1327//1327
f 1464//1464 1457//1457 1462//1462
f 1320//1320 1466//1466 1451//1451
f 1466//1466 1350//1350 1470//1470
f 1451//1451 1470//1470 1347//1347
f 1466//1466 1470//1470 1451//1451
f 1350//1350 1465//1465 1468//1468
f 1465//1465 1319//1319 1433//1433
f 1468//1468 1433//1433 1343//1343
f 1465//1465 1433//1433 1468//1468
f 1347//1347 1453//1453 1450//1450
f 1453//1453 1343//1343 1432//1432
f 1450//1450 1432//1432 1311//1311
f 1453//1453 1432//1432 1450//1450
f 1350//1350 1468//1468 1470//1470
f 1468//1468 1343//1343 1453//1453
f 1470//1470 1453//1453 1347//1347
f 1468//1468 1453//1453 1470//1470
f 1319//1319 1441//1441 1436//1436
f 1441//1441 1345//1345 1445//1445
f 1436//1436 1445//1445 1344//1344
f 1441//1441 1445//1445 1436//1436
f 1345//1345 1440//1440 1443//1443
f 1440//1440 1316//1316 1386//1386
f 1443//1443 1386//1386 1332//1332
f 1440//1440 1386//1386 1443//1443
f 1344//1344 1438//1438 1435//1435
f 1438//1438 1332//1332 1385//1385
f 1435//1435 1385//1385 1315//1315
f 1438//1438 1385//1385 1435//1435
f 1345//1345 1443//1443 1445//1445
f 1443//1443 1332//1332 1438//1438
f 1445//1445 1438//1438 1344//1344
f 1443//1443 1438//1438 1445//1445
f 1316//1316 1382//1382 1398//1398
f 1382//1382 1331//1331 1400//1400
f 1398//1398 1400//1400 1336//1336
f 1382//1382 1400//1400 1398//1398
f 1331//1331 1381//1381 1389//1389
f 1381//1381 1310//1310 1387//1387
f 1389//1389 1387//1387 1333//1333
f 1381//1381 1387//1387 1389//1389
f 1336//1336 1402//1402 1399//1399
f 1402//1402 1333//1333 1388//1388
f 1399//1399 1388//1388 1317//1317
f 1402//1402 1388//1388 1399//1399
f 1331//1331 1389//1389 1400//1400
f 1389//1389 1333//1333 1402//1402
f 1400//1400 1402//1402 1336//1336
f 1389//1389 1402//1402 1400//1400
f 1312//1312 1408//1408 1358//1358
f 1408//1408 1338//1338 1410//1410
f 1358//1358 1410//1410 1324//1324
f 1408//1408 1410//1410 1358//1358
f 1338//1338 1409//1409 1416//1416
f 1409//1409 1318//1318 1413//1413
f 1416//1416 1413//1413 1339//1339
f 1409//1409 1413//1413 1416//1416
f 1324//1324 1414//1414 1359//1359
f 1414//1414 1339//1339 1412//1412
f 1359//1359 1412//1412 1313//1313
f 1414//1414 1412//1412 1359//1359
f 1338//1338 1416//1416 1410//1410
f 1416//1416 1339//1339 1414//1414
f 1410//1410 1414//1414 1324//1324
f 1416//1416 1414//1414 1410//1410
f 1312//1312 1358//1358 1354//1354
f 1358//1358 1324//1324 1360//1360
f 1354//1354 1360//1360 1322//1322
f 1358//1358 1360//1360 1354//1354
f 1324//1324 1359//1359 1361//1361
f 1359//1359 1313//1313 1356//1356
f 1361//1361 1356//1356 1323//1323
f 1359//1359 1356//1356 1361//1361
f 1322//1322 1357//1357 1353//1353
f 1357//1357 1323//1323 1355//1355
f 1353//1353 1355//1355 1311//1311
f 1357//1357 1355//1355 1353//1353
f 1324//1324 1361//1361 1360//1360
f 1361//1361 1323//1323 1357//1357
f 1360//1360 1357//1357 1322//1322
f 1361//1361 1357//1357 1360//1360
f 1312//1312 1354//1354 1374//1374
f 1354//1354 1322//1322 1376//1376
f 1374//1374 1376//1376 1329//1329
f 1354//1354 1376//1376 1374//1374
f 1322//1322 1353//1353 1373//1373
f 1353//1353 1311//1311 1371//1371
f 1373//1373 1371//1371 1328//1328
f 1353//1353 1371//1371 1373//1373
f 1329//1329 1377//1377 1375//1375
f 1377//1377 1328//1328 1372//1372
f 1375//1375 1372//1372 1315//1315
f 1377//1377 1372//1372 1375//1375
f 1322//1322 1373//1373 1376//1376
f 1373//1373 1328//1328 1377//1377
f 1376//1376 1377//1377 1329//1329
f 1373//1373 1377//1377 1376//1376
f 1312//1312 1374//1374 1390//1390
f 1374//1374 1329//1329 1392//1392
f 1390//1390 1392//1392 1334//1334
f 1374//1374 1392//1392 1390//1390
f 1329//1329 1375//1375 1395//1395
f 1375//1375 1315//1315 1393//1393
f 1395//1395 1393//1393 1335//1335
f 1375//1375 1393//1393 1395//1395
f 1334//1334 1397//1397 1391//1391
f 1397//1397 1335//1335 1394//1394
f 1391//1391 1394//1394 1317//1317
f 1397//1397 1394//1394 1391//1391
f 1329//1329 1395//1395 1392//1392
f 1395//1395 1335//1335 1397//1397
f 1392//1392 1397//1397 1334//1334
f 1395//1395 1397//1397 1392//1392
f 1312//1312 1390//1390 1408//1408
f 1390//1390 1334//1334 1411//1411
f 1408//1408 1411//1411 1338//1338
f 1390//1390 1411//1411 1408//1408
f 1334//1334 1391//1391 1426//1426
f 1391//1391 1317//1317 1423//1423
f 1426//1426 1423//1423 1341//1341
f 1391//1391 1423//1423 1426//1426
f 1338//1338 1428//1428 1409//1409
f 1428//1428 1341//1341 1424//1424
f 1409//1409 1424//1424 1318//1318
f 1428//1428 1424//1424 1409//1409
f 1334//1334 1426//1426 1411//1411
f 1426//1426 1341//1341 1428//1428
f 1411//1411 1428//1428 1338//1338
f 1426//1426 1428//1428 1411//1411
f 1313//1313 1412//1412 1369//1369
f 1412//1412 1339//1339 1415//1415
f 1369//1369 1415//1415 1327//1327
f 1412//1412 1415//1415 1369//1369
f 1339//1339 1413//1413 1422//1422
f 1413//1413 1318//1318 1418//1418
f 1422//1422 1418//1418 1340//1340
f 1413//1413 1418//1418 1422//1422
f 1327//1327 1420//1420 1370//1370
f 1420//1420 1340//1340 1417//1417
f 1370//1370 1417//1417 1314//1314
f 1420//1420 1417//1417 1370//1370
f 1339//1339 1422//1422 1415//1415
f 1422//1422 1340//1340 1420//1420
f 1415//1415 1420//1420 1327//1327
f 1422//1422 1420//1420 1415//1415
f 1311//1311 1355//1355 1450//1450
f 1355//1355 1323//1323 1452//1452
f 1450//1450 1452//1452 1347//1347
f 1355//1355 1452//1452 1450//1450
f 1323//1323 1356//1356 1456//1456
f 1356//1356 1313//1313 1454//1454
f 1456//1456 1454//1454 1348//1348
f 1356//1356 1454//1454 1456//1456
f 1347//1347 1458//1458 1451//1451
f 1458//1458 1348//1348 1455//1455
f 1451//1451 1455//1455 1320//1320
f 1458//1458 1455//1455 1451//1451
f 1323//1323 1456//1456 1452//1452
f 1456//1456 1348//1348 1458//1458
f 1452//1452 1458//1458 1347//1347
f 1456//1456 1458//1458 1452//1452
f 1315//1315 1372//1372 1435//1435
f 1372//1372 1328//1328 1437//1437
f 1435//1435 1437//1437 1344//1344
f 1372//1372 1437//1437 1435//1435
f 1328//1328 1371//1371 1434//1434
f 1371//1371 1311//1311 1432//1432
f 1434//1434 1432//1432 1343//1343
f 1371//1371 1432//1432 1434//1434
f 1344//1344 1439//1439 1436//1436
f 1439//1439 1343//1343 1433//1433
f 1436//1436 1433//1433 1319//1319
f 1439//1439 1433//1433 1436//1436
f 1328//1328 1434//1434 1437//1437
f 1434//1434 1343//1343 1439//1439
f 1437//1437 1439//1439 1344//1344
f 1434//1434 1439//1439 1437//1437
f 1317//1317 1394//1394 1399//1399
f 1394//1394 1335//1335 1403//1403
f 1399//1399 1403//1403 1336//1336
f 1394//1394 1403//1403 1399//1399
f 1335//1335 1393//1393 1396//1396
f 1393//1393 1315//1315 1385//1385
f 1396//1396 1385//1385 1332//1332
f 1393//1393 1385//1385 1396//1396
f 1336//1336 1401//1401 1398//1398
f 1401//1401 1332//1332 1386//1386
f 1398//1398 1386//1386 1316//1316
f 1401//1401 1386//1386 1398//1398
f 1335//1335 1396//1396 1403//1403
f 1396//1396 1332//1332 1401//1401
f 1403//1403 1401//1401 1336//1336
f 1396//1396 1401//1401 1403//1403
f 1318//1318 1424//1424 1405//1405
f 1424//1424 1341//1341 1427//1427
f 1405//1405 1427//1427 1337//1337
f 1424//1424 1427//1427 1405//1405
f 1341//1341 1423//1423 1425//1425
f 1423//1423 1317//1317 1388//1388
f 1425//1425 1388//1388 1333//1333
f 1423//1423 1388//1388 1425//1425
f 1337//1337 1407//1407 1404//1404
f 1407//1407 1333//1333 1387//1387
f 1404//1404 1387//1387 1310//1310
f 1407//1407 1387//1387 1404//1404
f 1341//1341 1425//1425 1427//1427
f 1425//1425 1333//1333 1407//1407
f 1427//1427 1407//1407 1337//1337
f 1425//1425 1407//1407 1427//1427
f 1471//1471 1608//1608 1524//1524
f 1608//1608 1508//1508 1610//1610
f 1524//1524 1610//1610 1487//1487
f 1608//1608 1610//1610 1524//1524
f 1508//1508 1609//1609 1625//1625
f 1609//1609 1482//1482 1622//1622
f 1625//1625 1622//1622 1511//1511
f 1609//1609 1622//1622 1625//1625
f 1487//1487 1623//1623 1525//1525
f 1623//1623 1511//1511 1621//1621
f 1525//1525 1621//1621 1476//1476
f 1623//1623 1621//1621 1525//1525
f 1508//1508 1625//1625 1610//1610
f 1625//1625 1511//1511 1623//1623
f 1610//1610 1623//1623 1487//1487
f 1625//1625 1623//1623 1610//1610
f 1471//1471 1524//1524 1513//1513
f 1524//1524 1487//1487 1526//1526
f 1513//1513 1526//1526 1483//1483
f 1524//1524 1526//1526 1513//1513
f 1487//1487 1525//1525 1530//1530
f 1525//1525 1476//1476 1528//1528
f 1530//1530 1528//1528 1488//1488
f 1525//1525 1528//1528 1530//1530
f 1483//1483 1529//1529 1514//1514
f 1529//1529 1488//1488 1527//1527
f 1514//1514 1527//1527 1472//1472
f 1529//1529 1527//1527 1514//1514
f 1487//1487 1530//1530 1526//1526
f 1530//1530 1488//1488 1529//1529
f 1526//1526 1529//1529 1483//1483
f 1530//1530 1529//1529 1526//1526
f 1471//1471 1513//1513 1540//1540
f 1513//1513 1483//1483 1542//1542
f 1540//1540 1542//1542 1492//1492
f 1513//1513 1542//1542 1540//1540
f 1483//1483 1514//1514 1545//1545
f 1514//1514 1472//1472 1543//1543
f 1545//1545 1543//1543 1493//1493
f 1514//1514 1543//1543 1545//1545
f 1492//1492 1546//1546 1541//1541
f 1546//1546 1493//1493 1544//1544
f 1541//1541 1544//1544 1478//1478
f 1546//1546 1544//1544 1541//1541
f 1483//1483 1545//1545 1542//1542
f 1545//1545 1493//1493 1546//1546
f 1542//1542 1546//1546 1492//1492
f 1545//1545 1546//1546 1542//1542
f 1471//1471 1540//1540 1591//1591
f 1540//1540 1492//1492 1593//1593
f 1591//1591 1593//1593 1504//1504
f 1540//1540 1593//1593 1591//1591
f 1492//1492 1541//1541 1604//1604
f 1541//1541 1478//1478 1602//1602
f 1604//1604 1602//1602 1507//1507
f 1541//1541 1602//1602 1604//1604
f 1504//1504 1606//1606 1592//1592
f 1606//1606 1507//1507 1603//1603
f 1592//1592 1603//1603 1481//1481
f 1606//1606 1603//1603 1592//1592
f 1492//1492 1604//1604 1593//1593
f 1604//1604 1507//1507 1606//1606
f 1593//1593 1606//1606 1504//1504
f 1604//1604 1606//1606 1593//1593
f 1471//1471 1591//1591 1608//1608
f 1591//1591 1504//1504 1611//1611
f 1608//1608 1611//1611 1508//1508
f 1591//1591 1611//1611 1608//1608
f 1504//1504 1592//1592 1629//1629
f 1592//1592 1481//1481 1627//1627
f 1629//1629 1627//1627 1512//1512
f 1592//1592 1627//1627 1629//1629
f 1508//1508 1631//1631 1609//1609
f 1631//1631 1512//1512 1628//1628
f 1609//1609 1628//1628 1482//1482
f 1631//1631 1628//1628 1609//1609
f 1504//1504 1629//1629 1611//1611
f 1629//1629 1512//1512 1631//1631
f 1611//1611 1631//1631 1508//1508
f 1629//1629 1631//1631 1611//1611
f 1472//1472 1527//1527 1566//1566
f 1527//1527 1488//1488 1568//1568
f 1566//1566 1568//1568 1499//1499
f 1527//1527 1568//1568 1566//1566
f 1488//1488 1528//1528 1581//1581
f 1528//1528 1476//1476 1579//1579
f 1581//1581 1579//1579 1502//1502
f 1528//1528 1579//1579 1581//1581
f 1499//1499 1583//1583 1567//1567
f 1583//1583 1502//1502 1580//1580
f 1567//1567 1580//1580 1480//1480
f 1583//1583 1580//1580 1567//1567
f 1488//1488 1581//1581 1568//1568
f 1581//1581 1502//1502 1583//1583
f 1568//1568 1583//1583 1499//1499
f 1581//1581 1583//1583 1568//1568
f 1476//1476 1621//1621 1532//1532
f 1621//1621 1511//1511 1624//1624
f 1532//1532 1624//1624 1489//1489
f 1621//1621 1624//1624 1532//1532
f 1511//1511 1622//1622 1626//1626
f 1622//1622 1482//1482 1617//1617
f 1626//1626 1617//1617 1510//1510
f 1622//1622 1617//1617 1626//1626
f 1489//1489 1619//1619 1531//1531
f 1619//1619 1510//1510 1616//1616
f 1531//1531 1616//1616 1475//1475
f 1619//1619 1616//1616 1531//1531
f 1511//1511 1626//1626 1624//1624
f 1626//1626 1510//1510 1619//1619
f 1624//1624 1619//1619 1489//1489
f 1626//1626 1619//1619 1624//1624
f 1482//1482 1628//1628 1613//1613
f 1628//1628 1512//1512 1632//1632
f 1613//1613 1632//1632 1509//1509
f 1628//1628 1632//1632 1613//1613
f 1512//1512 1627//1627 1630//1630
f 1627//1627 1481//1481 1595//1595
f 1630//1630 1595//1595 1505//1505
f 1627//1627 1595//1595 1630//1630
f 1509//1509 1615//1615 1612//1612
f 1615//1615 1505//1505 1594//1594
f 1612//1612 1594//1594 1473//1473
f 1615//1615 1594//1594 1612//1612
f 1512//1512 1630//1630 1632//1632
f 1630//1630 1505//1505 1615//1615
f 1632//1632 1615//1615 1509//1509
f 1630//1630 1615//1615 1632//1632
f 1481//1481 1603//1603 1598//1598
f 1603//1603 1507//1507 1607//1607
f 1598//1598 1607//1607 1506//1506
f 1603//1603 1607//1607 1598//1598
f 1507//1507 1602//1602 1605//1605
f 1602//1602 1478//1478 1548//1548
f 1605//1605 1548//1548 1494//1494
f 1602//1602 1548//1548 1605//1605
f 1506//1506 1600//1600 1597//1597
f 1600//1600 1494//1494 1547//1547
f 1597//1597 1547//1547 1477//1477
f 1600//1600 1547//1547 1597//1597
f 1507//1507 1605//1605 1607//1607
f 1605//1605 1494//1494 1600//1600
f 1607//1607 1600//1600 1506//1506
f 1605//1605 1600//1600 1607//1607
f 1478//1478 1544//1544 1560//1560
f 1544//1544 1493//1493 1562//1562
f 1560//1560 1562//1562 1498//1498
f 1544//1544 1562//1562 1560//1560
f 1493//1493 1543//1543 1551//1551
f 1543//1543 1472//1472 1549//1549
f 1551//1551 1549//1549 1495//1495
f 1543//1543 1549//1549 1551//1551
f 1498//1498 1564//1564 1561//1561
f 1564//1564 1495//1495 1550//1550
f 1561//1561 1550//1550 1479//1479
f 1564//1564 1550//1550 1561//1561
f 1493//1493 1551//1551 1562//1562
f 1551//1551 1495//1495 1564//1564
f 1562//1562 1564//1564 1498//1498
f 1551//1551 1564//1564 1562//1562
f 1474//1474 1570//1570 1520//1520
f 1570//1570 1500//1500 1572//1572
f 1520//1520 1572//1572 1486//1486
f 1570//1570 1572//1572 1520//1520
f 1500//1500 1571//1571 1578//1578
f 1571//1571 1480//1480 1575//1575
f 1578//1578 1575//1575 1501//1501
f 1571//1571 1575//1575 1578//1578
f 1486//1486 1576//1576 1521//1521
f 1576//1576 1501//1501 1574//1574
f 1521//1521 1574//1574 1475//1475
f 1576//1576 1574//1574 1521//1521
f 1500//1500 1578//1578 1572//1572
f 1578//1578 1501//1501 1576//1576
f 1572//1572 1576//1576 1486//1486
f 1578//1578 1576//1576 1572//1572
f 1474//1474 1520//1520 1516//1516
f 1520//1520 1486//1486 1522//1522
f 1516//1516 1522//1522 1484//1484
f 1520//1520 1522//1522 1516//1516
f 1486//1486 1521//1521 1523//1523
f 1521//1521 1475//1475 1518//1518
f 1523//1523 1518//1518 1485//1485
f 1521//1521 1518//1518 1523//1523
f 1484//1484 1519//1519 1515//1515
f 1519//1519 1485//1485 1517//1517
f 1515//1515 1517//1517 1473//1473
f 1519//1519 1517//1517 1515//1515
f 1486//1486 1523//1523 1522//1522
f 1523//1523 1485//1485 1519//1519
f 1522//1522 1519//1519 1484//1484
f 1523//1523 1519//1519 1522//1522
f 1474//1474 1516//1516 1536//1536
f 1516//1516 1484//1484 1538//1538
f 1536//1536 1538//1538 1491//1491
f 1516//1516 1538//1538 1536//1536
f 1484//1484 1515//1515 1535//1535
f 1515//1515 1473//1473 1533//1533
f 1535//1535 1533//1533 1490//1490
f 1515//1515 1533//1533 1535//1535
f 1491//1491 1539//1539 1537//1537
f 1539//1539 1490//1490 1534//1534
f 1537//1537 1534//1534 1477//1477
f 1539//1539 1534//1534 1537//1537
f 1484//1484 1535//1535 1538//1538
f 1535//1535 1490//1490 1539//1539
f 1538//1538 1539//1539 1491//1491
f 1535//1535 1539//1539 1538//1538
f 1474//1474 1536//1536 1552//1552
f 1536//1536 1491//1491 1554//1554
f 1552//1552 1554//1554 1496//1496
f 1536//1536 1554//1554 1552//1552
f 1491//1491 1537//1537 1557//1557
f 1537//1537 1477//1477 1555//1555
f 1557//1557 1555//1555 1497//1497
f 1537//1537 1555//1555 1557//1557
f 1496//1496 1559//1559 1553//1553
f 1559//1559 1497//1497 1556//1556
f 1553//1553 1556//1556 1479//1479
f 1559//1559 1556//1556 1553//1553
f 1491//1491 1557//1557 1554//1554
f 1557//1557 1497//1497 1559//1559
f 1554//1554 1559//1559 1496//1496
f 1557//1557 1559//1559 1554//1554
f 1474//1474 1552//1552 1570//1570
f 1552//1552 1496//1496 1573//1573
f 1570//1570 1573//1573 1500//1500
f 1552//1552 1573//1573 1570//1570
f 1496//1496 1553//1553 1588//1588
f 1553//1553 1479//1479 1585//1585
f 1588//1588 1585//1585 1503//1503
f 1553//1553 1585//1585 1588//1588
f 1500//1500 1590//1590 1571//1571
f 1590//1590 1503//1503 1586//1586
f 1571//1571 1586//1586 1480//1480
f 1590//1590 1586//1586 1571//1571
f 1496//1496 1588//1588 1573//1573
f 1588//1588 1503//1503 1590//1590
f 1573//1573 1590//1590 1500//1500
f 1588//1588 1590//1590 1573//1573
f 1475//1475 1574//1574 1531//1531
f 1574//1574 1501//1501 1577//1577
f 1531//1531 1577//1577 1489//1489
f 1574//1574 1577//1577 1531//1531
f 1501//1501 1575//1575 1584//1584
f 1575//1575 1480//1480 1580//1580
f 1584//1584 1580//1580 1502//1502
f 1575//1575 1580//1580 1584//1584
f 1489//1489 1582//1582 1532//1532
f 1582//1582 1502//1502 1579//1579
f 1532//1532 1579//1579 1476//1476
f 1582//1582 1579//1579 1532//1532
f 1501//1501 1584//1584 1577//1577
f 1584//1584 1502//1502 1582//1582
f 1577//1577 1582//1582 1489//1489
f 1584//1584 1582//1582 1577//1577
f 1473//1473 1517//1517 1612//1612
f 1517//1517 1485//1485 1614//1614
f 1612//1612 1614//1614 1509//1509
f 1517//1517 1614//1614 1612//1612
f 1485//1485 1518//1518 1618//1618
f 1518//1518 1475//1475 1616//1616
f 1618//1618 1616//1616 1510//1510
f 1518//1518 1616//1616 1618//1618
f 1509//1509 1620//1620 1613//1613
f 1620//1620 1510//1510 1617//1617
f 1613//1613 1617//1617 1482//1482
f 1620//1620 1617//1617 1613//1613
f 1485//1485 1618//1618 1614//1614
f 1618//1618 1510//1510 1620//1620
f 1614//1614 1620//1620 1509//1509
f 1618//1618 1620//1620 1614//1614
f 1477//1477 1534//1534 1597//1597
f 1534//1534 1490//1490 1599//1599
f 1597//1597 1599//1599 1506//1506
f 1534//1534 1599//1599 1597//1597
f 1490//1490 1533//1533 1596//1596
f 1533//1533 1473//1473 1594//1594
f 1596//1596 1594//1594 1505//1505
f 1533//1533 1594//1594 1596//1596
f 1506//1506 1601//1601 1598//1598
f 1601//1601 1505//1505 1595//1595
f 1598//1598 1595//1595 1481//1481
f 1601//1601 1595//1595 1598//1598
f 1490//1490 1596//1596 1599//1599
f 1596//1596 1505//1505 1601//1601
f 1599//1599 1601//1601 1506//1506
f 1596//1596 1601//1601 1599//1599
f 1479//1479 1556//1556 1561//1561
f 1556//1556 1497//1497 1565//1565
f 1561//1561 1565//1565 1498//1498
f 1556//1556 1565//1565 1561//1561
f 1497//1497 1555//1555 1558//1558
f 1555//1555 1477//1477 1547//1547
f 1558//1558 1547//1547 1494//1494
f 1555//1555 1547//1547 1558//1558
f 1498//1498 1563//1563 1560//1560
f 1563//1563 1494//1494 1548//1548
f 1560//1560 1548//1548 1478//1478
f 1563//1563 1548//1548 1560//1560
f 1497//1497 1558//1558 1565//1565
f 1558//1558 1494//1494 1563//1563
f 1565//1565 1563//1563 1498//1498
f 1558//1558 1563//1563 1565//1565
f 1480//1480 1586//1586 1567//1567
f 1586//1586 1503//1503 1589//1589
f 1567//1567 1589//1589 1499//1499
f 1586//1586 1589//1589 1567//1567
f 1503//1503 1585//1585 1587//1587
f 1585//1585 1479//1479 1550//1550
f 1587//1587 1550//1550 1495//1495
f 1585//1585 1550//1550 1587//1587
f 1499//1499 1569//1569 1566//1566
f 1569//1569 1495//1495 1549//1549
f 1566//1566 1549//1549 1472//1472
f 1569//1569 1549//1549 1566//1566
f 1503//1503 1587//1587 1589//1589
f 1587//1587 1495//1495 1569//1569
f 1589//1589 1569//1569 1499//1499
f 1587//1587 1569//1569 1589//1589
f 1633//1633 1770//1770 1686//1686
f 1770//1770 1670//1670 1772//1772
f 1686//1686 1772//1772 1649//1649
f 1770//1770 1772//1772 1686//1686
f 1670//1670 1771//1771 1787//1787
f 1771//1771 1644//1644 1784//1784
f 1787//1787 1784//1784 1673//1673
f 1771//1771 1784//1784 1787//1787
f 1649//1649 1785//1785 1687//1687
f 1785//1785 1673//1673 1783//1783
f 1687//1687 1783//1783 1638//1638
f 1785//1785 1783//1783 1687//1687
f 1670//1670 1787//1787 1772//1772
f 1787//1787 1673//1673 1785//1785
f 1772//1772 1785//1785 1649//1649
f 1787//1787 1785//1785 1772//1772
f 1633//1633 1686//1686 1675//1675
f 1686//1686 1649//1649 1688//1688
f 1675//1675 1688//1688 1645//1645
f 1686//1686 1688//1688 1675//1675
f 1649//1649 1687//1687 1692//1692
f 1687//1687 1638//1638 1690//1690
f 1692//1692 1690//1690 1650//1650
f 1687//1687 1690//1690 1692//1692
f 1645//1645 1691//1691 1676//1676
f 1691//1691 1650//1650 1689//1689
f 1676//1676 1689//1689 1634//1634
f 1691//1691 1689//1689 1676//1676
f 1649//1649 1692//1692 1688//1688
f 1692//1692 1650//1650 1691//1691
f 1688//1688 1691//1691 1645//1645
f 1692//1692 1691//1691 1688//1688
f 1633//1633 1675//1675 1702//1702
f 1675//1675 1645//1645 1704//1704
f 1702//1702 1704//1704 1654//1654
f 1675//1675 1704//1704 1702//1702
f 1645//1645 1676//1676 1707//1707
f 1676//1676 1634//1634 1705//1705
f 1707//1707 1705//1705 1655//1655
f 1676//1676 1705//1705 1707//1707
f 1654//1654 1708//1708 1703//1703
f 1708//1708 1655//1655 1706//1706
f 1703//1703 1706//1706 1640//1640
f 1708//1708 1706//1706 1703//1703
f 1645//1645 1707//1707 1704//1704
f 1707//1707 1655//1655 1708//1708
f 1704//1704 1708//1708 1654//1654
f 1707//1707 1708//1708 1704//1704
f 1633//1633 1702//1702 1753//1753
f 1702//1702 1654//1654 1755//1755
f 1753//1753 1755//1755 1666//1666
f 1702//1702 1755//1755 1753//1753
f 1654//1654 1703//1703 1766//1766
f 1703//1703 1640//1640 1764//1764
f 1766//1766 1764//1764 1669//1669
f 1703//1703 1764//1764 1766//1766
f 1666//1666 1768//1768 1754//1754
f 1768//1768 1669//1669 1765//1765
f 1754//1754 1765//1765 1643//1643
f 1768//1768 1765//1765 1754//1754
f 1654//1654 1766//1766 1755//1755
f 1766//1766 1669//1669 1768//1768
f 1755//1755 1768//1768 1666//1666
f 1766//1766 1768//1768 1755//1755
f 1633//1633 1753//1753 1770//1770
f 1753//1753 1666//1666 1773//1773
f 1770//1770 1773//1773 1670//1670
f 1753//1753 1773//1773 1770//1770
f 1666//1666 1754//1754 1791//1791
f 1754//1754 1643//1643 1789//1789
f 1791//1791 1789//1789 1674//1674
f 1754//1754 1789//1789 1791//1791
f 1670//1670 1793//1793 1771//1771
f 1793//1793 1674//1674 1790//1790
f 1771//1771 1790//1790 1644//1644
f 1793//1793 1790//1790 1771//1771
f 1666//1666 1791//1791 1773//1773
f 1791//1791 1674//1674 1793//1793
f 1773//1773 1793//1793 1670//1670
f 1791//1791 1793//1793 1773//1773
f 1634//1634 1689//1689 1728//1728
f 1689//1689 1650//1650 1730//1730
f 1728//1728 1730//1730 1661//1661
f 1689//1689 1730//1730 1728//1728
f 1650//1650 1690//1690 1743//1743
f 1690//1690 1638//1638 1741//1741
f 1743//1743 1741//1741 1664//1664
f 1690//1690 1741//1741 1743//1743
f 1661//1661 1745//1745 1729//1729
f 1745//1745 1664//1664 1742//1742
f 1729//1729 1742//1742 1642//1642
f 1745//1745 1742//1742 1729//1729
f 1650//1650 1743//1743 1730//1730
f 1743//1743 1664//1664 1745//1745
f 1730//1730 1745//1745 1661//1661
f 1743//1743 1745//1745 1730//1730
f 1638//1638 1783//1783 1694//1694
f 1783//1783 1673//1673 1786//1786
f 1694//1694 1786//1786 1651//1651
f 1783//1783 1786//1786 1694//1694
f 1673//1673 1784//1784 1788//1788
f 1784//1784 1644//1644 1779//1779
f 1788//1788 1779//1779 1672//1672
f 1784//1784 1779//1779 1788//1788
f 1651//1651 1781//1781 1693//1693
f 1781//1781 1672//1672 1778//1778
f 1693//1693 1778//1778 1637//1637
f 1781//1781 1778//1778 1693//1693
f 1673//1673 1788//1788 1786//1786
f 1788//1788 1672//1672 1781//1781
f 1786//1786 1781//1781 1651//1651
f 1788//1788 1781//1781 1786//1786
f 1644//1644 1790//1790 1775//1775
f 1790//1790 1674//1674 1794//1794
f 1775//1775 1794//1794 1671//1671
f 1790//1790 1794//1794 1775//1775
f 1674//1674 1789//1789 1792//1792
f 1789//1789 1643//1643 1757//1757
f 1792//1792 1757//1757 1667//1667
f 1789//1789 1757//1757 1792//1792
f 1671//1671 1777//1777 1774//1774
f 1777//1777 1667//1667 1756//1756
f 1774//1774 1756//1756 1635//1635
f 1777//1777 1756//1756 1774//1774
f 1674//1674 1792//1792 1794//1794
f 1792//1792 1667//1667 1777//1777
f 1794//1794 1777//1777 1671//1671
f 1792//1792 1777//1777 1794//1794
f 1643//1643 1765//1765 1760//1760
f 1765//1765 1669//1669 1769//1769
f 1760//1760 1769//1769 1668//1668
f 1765//1765 1769//1769 1760//1760
f 1669//1669 1764//1764 1767//1767
f 1764//1764 1640//1640 1710//1710
f 1767//1767 1710//1710 1656//1656
f 1764//1764 1710//1710 1767//1767
f 1668//1668 1762//1762 1759//1759
f 1762//1762 1656//1656 1709//1709
f 1759//1759 1709//1709 1639//1639
f 1762//1762 1709//1709 1759//1759
f 1669//1669 1767//1767 1769//1769
f 1767//1767 1656//1656 1762//1762
f 1769//1769 1762//1762 1668//1668
f 1767//1767 1762//1762 1769//1769
f 1640//1640 1706//1706 1722//1722
f 1706//1706 1655//1655 1724//1724
f 1722//1722 1724//1724 1660//1660
f 1706//1706 1724//1724 1722//1722
f 1655//1655 1705//1705 1713//1713
f 1705//1705 1634//1634 1711//1711
f 1713//1713 1711//1711 1657//1657
f 1705//1705 1711//1711 1713//1713
f 1660//1660 1726//1726 1723//1723
f 1726//1726 1657//1657 1712//1712
f 1723//1723 1712//1712 1641//1641
f 1726//1726 1712//1712 1723//1723
f 1655//1655 1713//1713 1724//1724
f 1713//1713 1657//1657 1726//1726
f 1724//1724 1726//1726 1660//1660
f 1713//1713 1726//1726 1724//1724
f 1636//1636 1732//1732 1682//1682
f 1732//1732 1662//1662 1734//1734
f 1682//1682 1734//1734 1648//1648
f 1732//1732 1734//1734 1682//1682
f 1662//1662 1733//1733 1740//1740
f 1733//1733 1642//1642 1737//1737
f 1740//1740 1737//1737 1663//1663
f 1733//1733 1737//1737 1740//1740
f 1648//1648 1738//1738 1683//1683
f 1738//1738 1663//1663 1736//1736
f 1683//1683 1736//1736 1637//1637
f 1738//1738 1736//1736 1683//1683
f 1662//1662 1740//1740 1734//1734
f 1740//1740 1663//1663 1738//1738
f 1734//1734 1738//1738 1648//1648
f 1740//1740 1738//1738 1734//1734
f 1636//1636 1682//1682 1678//1678
f 1682//1682 1648//1648 1684//1684
f 1678//1678 1684//1684 1646//1646
f 1682//1682 1684//1684 1678//1678
f 1648//1648 1683//1683 1685//1685
f 1683//1683 1637//1637 1680//1680
f 1685//1685 1680//1680 1647//1647
f 1683//1683 1680//1680 1685//1685
f 1646//1646 1681//1681 1677//1677
f 1681//1681 1647//1647 1679//1679
f 1677//1677 1679//1679 1635//1635
f 1681//1681 1679//1679 1677//1677
f 1648//1648 1685//1685 1684//1684
f 1685//1685 1647//1647 1681//1681
f 1684//1684 1681//1681 1646//1646
f 1685//1685 1681//1681 1684//1684
f 1636//1636 1678//1678 1698//1698
f 1678//1678 1646//1646 1700//1700
f 1698//1698 1700//1700 1653//1653
f 1678//1678 1700//1700 1698//1698
f 1646//1646 1677//1677 1697//1697
f 1677//1677 1635//1635 1695//1695
f 1697//1697 1695//1695 1652//1652
f 1677//1677 1695//1695 1697//1697
f 1653//1653 1701//1701 1699//1699
f 1701//1701 1652//1652 1696//1696
f 1699//1699 1696//1696 1639//1639
f 1701//1701 1696//1696 1699//1699
f 1646//1646 1697//1697 1700//1700
f 1697//1697 1652//1652 1701//1701
f 1700//1700 1701//1701 1653//1653
f 1697//1697 1701//1701 1700//1700
f 1636//1636 1698//1698 1714//1714
f 1698//1698 1653//1653 1716//1716
f 1714//1714 1716//1716 1658//1658
f 1698//1698 1716//1716 1714//1714
f 1653//1653 1699//1699 1719//1719
f 1699//1699 1639//1639 1717//1717
f 1719//1719 1717//1717 1659//1659
f 1699//1699 1717//1717 1719//1719
f 1658//1658 1721//1721 1715//1715
f 1721//1721 1659//1659 1718//1718
f 1715//1715 1718//1718 1641//1641
f 1721//1721 1718//1718 1715//1715
f 1653//1653 1719//1719 1716//1716
f 1719//1719 1659//1659 1721//1721
f 1716//1716 1721//1721 1658//1658
f 1719//1719 1721//1721 1716//1716
f 1636//1636 1714//1714 1732//1732
f 1714//1714 1658//1658 1735//1735
f 1732//1732 1735//1735 1662//1662
f 1714//1714 1735//1735 1732//1732
f 1658//1658 1715//1715 1750//1750
f 1715//1715 1641//1641 1747//1747
f 1750//1750 1747//1747 1665//1665
f 1715//1715 1747//1747 1750//1750
f 1662//1662 1752//1752 1733//1733
f 1752//1752 1665//1665 1748//1748
f 1733//1733 1748//1748 1642//1642
f 1752//1752 1748//1748 1733//1733
f 1658//1658 1750//1750 1735//1735
f 1750//1750 1665//1665 1752//1752
f 1735//1735 1752//1752 1662//1662
f 1750//1750 1752//1752 1735//1735
f 1637//1637 1736//1736 1693//1693
f 1736//1736 1663//1663 1739//1739
f 1693//1693 1739//1739 1651//1651
f 1736//1736 1739//1739 1693//1693
f 1663//1663 1737//1737 1746//1746
f 1737//1737 1642//1642 1742//1742
f 1746//1746 1742//1742 1664//1664
f 1737//1737 1742//1742 1746//1746
f 1651//1651 1744//1744 1694//1694
f 1744//1744 1664//1664 1741//1741
f 1694//1694 1741//1741 1638//1638
f 1744//1744 1741//1741 1694//1694
f 1663//1663 1746//1746 1739//1739
f 1746//1746 1664//1664 1744//1744
f 1739//1739 1744//1744 1651//1651
f 1746//1746 1744//1744 1739//1739
f 1635//1635 1679//1679 1774//1774
f 1679//1679 1647//1647 1776//1776
f 1774//1774 1776//1776 1671//1671
f 1679//1679 1776//1776 1774//1774
f 1647//1647 1680//1680 1780//1780
f 1680//1680 1637//1637 1778//1778
f 1780//1780 1778//1778 1672//1672
f 1680//1680 1778//1778 1780//1780
f 1671//1671 1782//1782 1775//1775
f 1782//1782 1672//1672 1779//1779
f 1775//1775 1779//1779 1644//1644
f 1782//1782 1779//1779 1775//1775
f 1647//1647 1780//1780 1776//1776
f 1780//1780 1672//1672 1782//1782
f 1776//1776 1782//1782 1671//1671
f 1780//1780 1782//1782 1776//1776
f 1639//1639 1696//1696 1759//1759
f 1696//1696 1652//1652 1761//1761
f 1759//1759 1761//1761 1668//1668
f 1696//1696 1761//1761 1759//1759
f 1652//1652 1695//1695 1758//1758
f 1695//1695 1635//1635 1756//1756
f 1758//1758 1756//1756 1667//1667
f 1695//1695 1756//1756 1758//1758
f 1668//1668 1763//1763 1760//1760
f 1763//1763 1667//1667 1757//1757
f 1760//1760 1757//1757 1643//1643
f 1763//1763 1757//1757 1760//1760
f 1652//1652 1758//1758 1761//1761
f 1758//1758 1667//1667 1763//1763
f 1761//1761 1763//1763 1668//1668
f 1758//1758 1763//1763 1761//1761
f 1641//1641 1718//1718 1723//1723
f 1718//1718 1659//1659 1727//1727
f 1723//1723 1727//1727 1660//1660
f 1718//1718 1727//1727 1723//1723
f 1659//1659 1717//1717 1720//1720
f 1717//1717 1639//1639 1709//1709
f 1720//1720 1709//1709 1656//1656
f 1717//1717 1709//1709 1720//1720
f 1660//1660 1725//1725 1722//1722
f 1725//1725 1656//1656 1710//1710
f 1722//1722 1710//1710 1640//1640
f 1725//1725 1710//1710 1722//1722
f 1659//1659 1720//1720 1727//1727
f 1720//1720 1656//1656 1725//1725
f 1727//1727 1725//1725 1660//1660
f 1720//1720 1725//1725 1727//1727
f 1642//1642 1748//1748 1729//1729
f 1748//1748 1665//1665 1751//1751
f 1729//1729 1751//1751 1661//1661
f 1748//1748 1751//1751 1729//1729
f 1665//1665 1747//1747 1749//1749
f 1747//1747 1641//1641 1712//1712
f 1749//1749 1712//1712 1657//1657
f 1747//1747 1712//1712 1749//1749
f 1661//1661 1731//1731 1728//1728
f 1731//1731 1657//1657 1711//1711
f 1728//1728 1711//1711 1634//1634
f 1731//1731 1711//1711 1728//1728
f 1665//1665 1749//1749 1751//1751
f 1749//1749 1657//1657 1731//1731
f 1751//1751 1731//1731 1661//1661
f 1749//1749 1731//1731 1751//1751
f 1795//1795 1932//1932 1848//1848
f 1932//1932 1832//1832 1934//1934
f 1848//1848 1934//1934 1811//1811
f 1932//1932 1934//1934 1848//1848
f 1832//1832 1933//1933 1949//1949
f 1933//1933 1806//1806 1946//1946
f 1949//1949 1946//1946 1835//1835
f 1933//1933 1946//1946 1949//1949
f 1811//1811 1947//1947 1849//1849
f 1947//1947 1835//1835 1945//1945
f 1849//1849 1945//1945 1800//1800
f 1947//1947 1945//1945 1849//1849
f 1832//1832 1949//1949 1934//1934
f 1949//1949 1835//1835 1947//1947
f 1934//1934 1947//1947 1811//1811
f 1949//1949 1947//1947 1934//1934
f 1795//1795 1848//1848 1837//1837
f 1848//1848 1811//1811 1850//1850
f 1837//1837 1850//1850 1807//1807
f 1848//1848 1850//1850 1837//1837
f 1811//1811 1849//1849 1854//1854
f 1849//1849 1800//1800 1852//1852
f 1854//1854 1852//1852 1812//1812
f 1849//1849 1852//1852 1854//1854
f 1807//1807 1853//1853 1838//1838
f 1853//1853 1812//1812 1851//1851
f 1838//1838 1851//1851 1796//1796
f 1853//1853 1851//1851 1838//1838
f 1811//1811 1854//1854 1850//1850
f 1854//1854 1812//1812 1853//1853
f 1850//1850 1853//1853 1807//1807
f 1854//1854 1853//1853 1850//1850
f 1795//1795 1837//1837 1864//1864
f 1837//1837 1807//1807 1866//1866
f 1864//1864 1866//1866 1816//1816
f 1837//1837 1866//1866 1864//1864
f 1807//1807 1838//1838 1869//1869
f 1838//1838 1796//1796 1867//1867
f 1869//1869 1867//1867 1817//1817
f 1838//1838 1867//1867 1869//1869
f 1816//1816 1870//1870 1865//1865
f 1870//1870 1817//1817 1868//1868
f 1865//1865 1868//1868 1802//1802
f 1870//1870 1868//1868 1865//1865
f 1807//1807 1869//1869 1866//1866
f 1869//1869 1817//1817 1870//1870
f 1866//1866 1870//1870 1816//1816
f 1869//1869 1870//1870 1866//1866
f 1795//1795 1864//1864 1915//1915
f 1864//1864 1816//1816 1917//1917
f 1915//1915 1917//1917 1828//1828
f 1864//1864 1917//1917 1915//1915
f 1816//1816 1865//1865 1928//1928
f 1865//1865 1802//1802 1926//1926
f 1928//1928 1926//1926 1831//1831
f 1865//1865 1926//1926 1928//1928
f 1828//1828 1930//1930 1916//1916
f 1930//1930 1831//1831 1927//1927
f 1916//1916 1927//1927 1805//1805
f 1930//1930 1927//1927 1916//1916
f 1816//1816 1928//1928 1917//1917
f 1928//1928 1831//1831 1930//1930
f 1917//1917 1930//1930 1828//1828
f 1928//1928 1930//1930 1917//1917
f 1795//1795 1915//1915 1932//1932
f 1915//1915 1828//1828 1935//1935
f 1932//1932 1935//1935 1832//1832
f 1915//1915 1935//1935 1932//1932
f 1828//1828 1916//1916 1953//1953
f 1916//1916 1805//1805 1951//1951
f 1953//1953 1951//1951 1836//1836
f 1916//1916 1951//1951 1953//1953
f 1832//1832 1955//1955 1933//1933
f 1955//1955 1836//1836 1952//1952
f 1933//1933 1952//1952 1806//1806
f 1955//1955 1952//1952 1933//1933
f 1828//1828 1953//1953 1935//1935
f 1953//1953 1836//1836 1955//1955
f 1935//1935 1955//1955 1832//1832
f 1953//1953 1955//1955 1935//1935
f 1796//1796 1851//1851 1890//1890
f 1851//1851 1812//1812 1892//1892
f 1890//1890 1892//1892 1823//1823
f 1851//1851 1892//1892 1890//1890
f 1812//1812 1852//1852 1905//1905
f 1852//1852 1800//1800 1903//1903
f 1905//1905 1903//1903 1826//1826
f 1852//1852 1903//1903 1905//1905
f 1823//1823 1907//1907 1891//1891
f 1907//1907 1826//1826 1904//1904
f 1891//1891 1904//1904 1804//1804
f 1907//1907 1904//1904 1891//1891
f 1812//1812 1905//1905 1892//1892
f 1905//1905 1826//1826 1907//1907
f 1892//1892 1907//1907 1823//1823
f 1905//1905 1907//1907 1892//1892
f 1800//1800 1945//1945 1856//1856
f 1945//1945 1835//1835 1948//1948
f 1856//1856 1948//1948 1813//1813
f 1945//1945 1948//1948 1856//1856
f 1835//1835 1946//1946 1950//1950
f 1946//1946 1806//1806 1941//1941
f 1950//1950 1941//1941 1834//1834
f 1946//1946 1941//1941 1950//1950
f 1813//1813 1943//1943 1855//1855
f 1943//1943 1834//1834 1940//1940
f 1855//1855 1940//1940 1799//1799
f 1943//1943 1940//1940 1855//1855
f 1835//1835 1950//1950 1948//1948
f 1950//1950 1834//1834 1943//1943
f 1948//1948 1943//1943 1813//1813
f 1950//1950 1943//1943 1948//1948
f 1806//1806 1952//1952 1937//1937
f 1952//1952 1836//1836 1956//1956
f 1937//1937 1956//1956 1833//1833
f 1952//1952 1956//1956 1937//1937
f 1836//1836 1951//1951 1954//1954
f 1951//1951 1805//1805 1919//1919
f 1954//1954 1919//1919 1829//1829
f 1951//1951 1919//1919 1954//1954
f 1833//1833 1939//1939 1936//1936
f 1939//1939 1829//1829 1918//1918
f 1936//1936 1918//1918 1797//1797
f 1939//1939 1918//1918 1936//1936
f 1836//1836 1954//1954 1956//1956
f 1954//1954 1829//1829 1939//1939
f 1956//1956 1939//1939 1833//1833
f 1954//1954 1939//1939 1956//1956
f 1805//1805 1927//1927 1922//1922
f 1927//1927 1831//1831 1931//1931
f 1922//1922 1931//1931 1830//1830
f 1927//1927 1931//1931 1922//1922
f 1831//1831 1926//1926 1929//1929
f 1926//1926 1802//1802 1872//1872
f 1929//1929 1872//1872 1818//1818
f 1926//1926 1872//1872 1929//1929
f 1830//1830 1924//1924 1921//1921
f 1924//1924 1818//1818 1871//1871
f 1921//1921 1871//1871 1801//1801
f 1924//1924 1871//1871 1921//1921
f 1831//1831 1929//1929 1931//1931
f 1929//1929 1818//1818 1924//1924
f 1931//1931 1924//1924 1830//1830
f 1929//1929 1924//1924 1931//1931
f 1802//1802 1868//1868 1884//1884
f 1868//1868 1817//1817 1886//1886
f 1884//1884 1886//1886 1822//1822
f 1868//1868 1886//1886 1884//1884
f 1817//1817 1867//1867 1875//1875
f 1867//1867 1796//1796 1873//1873
f 1875//1875 1873//1873 1819//1819
f 1867//1867 1873//1873 1875//1875
f 1822//1822 1888//1888 1885//1885
f 1888//1888 1819//1819 1874//1874
f 1885//1885 1874//1874 1803//1803
f 1888//1888 1874//1874 1885//1885
f 1817//1817 1875//1875 1886//1886
f 1875//1875 1819//1819 1888//1888
f 1886//1886 1888//1888 1822//1822
f 1875//1875 1888//1888 1886//1886
f 1798//1798 1894//1894 1844//1844
f 1894//1894 1824//1824 1896//1896
f 1844//1844 1896//1896 1810//1810
f 1894//1894 1896//1896 1844//1844
f 1824//1824 1895//1895 1902//1902
f 1895//1895 1804//1804 1899//1899
f 1902//1902 1899//1899 1825//1825
f 1895//1895 1899//1899 1902//1902
f 1810//1810 1900//1900 1845//1845
f 1900//1900 1825//1825 1898//1898
f 1845//1845 1898//1898 1799//1799
f 1900//1900 1898//1898 1845//1845
f 1824//1824 1902//1902 1896//1896
f 1902//1902 1825//1825 1900//1900
f 1896//1896 1900//1900 1810//1810
f 1902//1902 1900//1900 1896//1896
f 1798//1798 1844//1844 1840//1840
f 1844//1844 1810//1810 1846//1846
f 1840//1840 1846//1846 1808//1808
f 1844//1844 1846//1846 1840//1840
f 1810//1810 1845//1845 1847//1847
f 1845//1845 1799//1799 1842//1842
f 1847//1847 1842//1842 1809//1809
f 1845//1845 1842//1842 1847//1847
f 1808//1808 1843//1843 1839//1839
f 1843//1843 1809//1809 1841//1841
f 1839//1839 1841//1841 1797//1797
f 1843//1843 1841//1841 1839//1839
f 1810//1810 1847//1847 1846//1846
f 1847//1847 1809//1809 1843//1843
f 1846//1846 1843//1843 1808//1808
f 1847//1847 1843//1843 1846//1846
f 1798//1798 1840//1840 1860//1860
f 1840//1840 1808//1808 1862//1862
f 1860//1860 1862//1862 1815//1815
f 1840//1840 1862//1862 1860//1860
f 1808//1808 1839//1839 1859//1859
f 1839//1839 1797//1797 1857//1857
f 1859//1859 1857//1857 1814//1814
f 1839//1839 1857//1857 1859//1859
f 1815//1815 1863//1863 1861//1861
f 1863//1863 1814//1814 1858//1858
f 1861//1861 1858//1858 1801//1801
f 1863//1863 1858//1858 1861//1861
f 1808//1808 1859//1859 1862//1862
f 1859//1859 1814//1814 1863//1863
f 1862//1862 1863//1863 1815//1815
f 1859//1859 1863//1863 1862//1862
f 1798//1798 1860//1860 1876//1876
f 1860//1860 1815//1815 1878//1878
f 1876//1876 1878//1878 1820//1820
f 1860//1860 1878//1878 1876//1876
f 1815//1815 1861//1861 1881//1881
f 1861//1861 1801//1801 1879//1879
f 1881//1881 1879//1879 1821//1821
f 1861//1861 1879//1879 1881//1881
f 1820//1820 1883//1883 1877//1877
f 1883//1883 1821//1821 1880//1880
f 1877//1877 1880//1880 1803//1803
f 1883//1883 1880//1880 1877//1877
f 1815//1815 1881//1881 1878//1878
f 1881//1881 1821//1821 1883//1883
f 1878//1878 1883//1883 1820//1820
f 1881//1881 1883//1883 1878//1878
f 1798//1798 1876//1876 1894//1894
f 1876//1876 1820//1820 1897//1897
f 1894//1894 1897//1897 1824//1824
f 1876//1876 1897//1897 1894//1894
f 1820//1820 1877//1877 1912//1912
f 1877//1877 1803//1803 1909//1909
f 1912//1912 1909//1909 1827//1827
f 1877//1877 1909//1909 1912//1912
f 1824//1824 1914//1914 1895//1895
f 1914//1914 1827//1827 1910//1910
f 1895//1895 1910//1910 1804//1804
f 1914//1914 1910//1910 1895//1895
f 1820//1820 1912//1912 1897//1897
f 1912//1912 1827//1827 1914//1914
f 1897//1897 1914//1914 1824//1824
f 1912//1912 1914//1914 1897//1897
f 1799//1799 1898//1898 1855//1855
f 1898//1898 1825//1825 1901//1901
f 1855//1855 1901//1901 1813//1813
f 1898//1898 1901//1901 1855//1855
f 1825//1825 1899//1899 1908//1908
f 1899//1899 1804//1804 1904//1904
f 1908//1908 1904//1904 1826//1826
f 1899//1899 1904//1904 1908//1908
f 1813//1813 1906//1906 1856//1856
f 1906//1906 1826//1826 1903//1903
f 1856//1856 1903//1903 1800//1800
f 1906//1906 1903//1903 1856//1856
f 1825//1825 1908//1908 1901//1901
f 1908//1908 1826//1826 1906//1906
f 1901//1901 1906//1906 1813//1813
f 1908//1908 1906//1906 1901//1901
f 1797//1797 1841//1841 1936//1936
f 1841//1841 1809//1809 1938//1938
f 1936//1936 1938//1938 1833//1833
f 1841//1841 1938//1938 1936//1936
f 1809//1809 1842//1842 1942//1942
f 1842//1842 1799//1799 1940//1940
f 1942//1942 1940//1940 1834//1834
f 1842//1842 1940//1940 1942//1942
f 1833//1833 1944//1944 1937//1937
f 1944//1944 1834//1834 1941//1941
f 1937//1937 1941//1941 1806//1806
f 1944//1944 1941//1941 1937//1937
f 1809//1809 1942//1942 1938//1938
f 1942//1942 1834//1834 1944//1944
f 1938//1938 1944//1944 1833//1833
f 1942//1942 1944//1944 1938//1938
f 1801//1801 1858//1858 1921//1921
f 1858//1858 1814//1814 1923//1923
f 1921//1921 1923//1923 1830//1830
f 1858//1858 1923//1923 1921//1921
f 1814//1814 1857//1857 1920//1920
f 1857//1857 1797//1797 1918//1918
f 1920//1920 1918//1918 1829//1829
f 1857//1857 1918//1918 1920//1920
f 1830//1830 1925//1925 1922//1922
f 1925//1925 1829//1829 1919//1919
f 1922//1922 1919//1919 1805//1805
f 1925//1925 1919//1919 1922//1922
f 1814//1814 1920//1920 1923//1923
f 1920//1920 1829//1829 1925//1925
f 1923//1923 1925//1925 1830//1830
f 1920//1920 1925//1925 1923//1923
f 1803//1803 1880//1880 1885//1885
f 1880//1880 1821//1821 1889//1889
f 1885//1885 1889//1889 1822//1822
f 1880//1880 1889//1889 1885//1885
f 1821//1821 1879//1879 1882//1882
f 1879//1879 1801//1801 1871//1871
f 1882//1882 1871//1871 1818//1818
f 1879//1879 1871//1871 1882//1882
f 1822//1822 1887//1887 1884//1884
f 1887//1887 1818//1818 1872//1872
f 1884//1884 1872//1872 1802//1802
f 1887//1887 1872//1872 1884//1884
f 1821//1821 1882//1882 1889//1889
f 1882//1882 1818//1818 1887//1887
f 1889//1889 1887//1887 1822//1822
f 1882//1882 1887//1887 1889//1889
f 1804//1804 1910//1910 1891//1891
f 1910//1910 1827//1827 1913//1913
f 1891//1891 1913//1913 1823//1823
f 1910//1910 1913//1913 1891//1891
f 1827//1827 1909//1909 1911//1911
f 1909//1909 1803//1803 1874//1874
f 1911//1911 1874//1874 1819//1819
f 1909//1909 1874//1874 1911//1911
f 1823//1823 1893//1893 1890//1890
f 1893//1893 1819//1819 1873//1873
f 1890//1890 1873//1873 1796//1796
f 1893//1893 1873//1873 1890//1890
f 1827//1827 1911//1911 1913//1913
f 1911//1911 1819//1819 1893//1893
f 1913//1913 1893//1893 1823//1823
f 1911//1911 1893//1893 1913//1913
f 1957//1957 2094//2094 2010//2010
f 2094//2094 1994//1994 2096//2096
f 2010//2010 2096//2096 1973//1973
f 2094//2094 2096//2096 2010//2010
f 1994//1994 2095//2095 2111//2111
f 2095//2095 1968//1968 2108//2108
f 2111//2111 2108//2108 1997//1997
f 2095//2095 2108//2108 2111//2111
f 1973//1973 2109//2109 2011//2011
f 2109//2109 1997//1997 2107//2107
f 2011//2011 2107//2107 1962//1962
f 2109//2109 2107//2107 2011//2011
f 1994//1994 2111//2111 2096//2096
f 2111//2111 1997//1997 2109//2109
f 2096//2096 2109//2109 1973//1973
f 2111//2111 2109//2109 2096//2096
f 1957//1957 2010//2010 1999//1999
f 2010//2010 1973//1973 2012//2012
f 1999//1999 2012//2012 1969//1969
f 2010//2010 2012//2012 1999//1999
f 1973//1973 2011//2011 2016//2016
f 2011//2011 1962//1962 2014//2014
f 2016//2016 2014//2014 1974//1974
f 2011//2011 2014//2014 2016//2016
f 1969//1969 2015//2015 2000//2000
f 2015//2015 1974//1974 2013//2013
f 2000//2000 2013//2013 1958//1958
f 2015//2015 2013//2013 2000//2000
f 1973//1973 2016//2016 2012//2012
f 2016//2016 1974//1974 2015//2015
f 2012//2012 2015//2015 1969//1969
f 2016//2016 2015//2015 2012//2012
f 1957//1957 1999//1999 2026//2026
f 1999//1999 1969//1969 2028//2028
f 2026//2026 2028//2028 1978//1978
f 1999//1999 2028//2028 2026//2026
f 1969//1969 2000//2000 2031//2031
f 2000//2000 1958//1958 2029//2029
f 2031//2031 2029//2029 1979//1979
f 2000//2000 2029//2029 2031//2031
f 1978//1978 2032//2032 2027//2027
f 2032//2032 1979//1979 2030//2030
f 2027//2027 2030//2030 1964//1964
f 2032//2032 2030//2030 2027//2027
f 1969//1969 2031//2031 2028//2028
f 2031//2031 1979//1979 2032//2032
f 2028//2028 2032//2032 1978//1978
f 2031//2031 2032//2032 2028//2028
f 1957//1957 2026//2026 2077//2077
f 2026//2026 1978//1978 2079//2079
f 2077//2077 2079//2079 1990//1990
f 2026//2026 2079//2079 2077//2077
f 1978//1978 2027//2027 2090//2090
f 2027//2027 1964//1964 2088//2088
f 2090//2090 2088//2088 1993//1993
f 2027//2027 2088//2088 2090//2090
f 1990//1990 2092//2092 2078//2078
f 2092//2092 1993//1993 2089//2089
f 2078//2078 2089//2089 1967//1967
f 2092//2092 2089//2089 2078//2078
f 1978//1978 2090//2090 2079//2079
f 2090//2090 1993//1993 2092//2092
f 2079//2079 2092//2092 1990//1990
f 2090//2090 2092//2092 2079//2079
f 1957//1957 2077//2077 2094//2094
f 2077//2077 1990//1990 2097//2097
f 2094//2094 2097//2097 1994//1994
f 2077//2077 2097//2097 2094//2094
f 1990//1990 2078//2078 2115//2115
f 2078//2078 1967//1967 2113//2113
f 2115//2115 2113//2113 1998//1998
f 2078//2078 2113//2113 2115//2115
f 1994//1994 2117//2117 2095//2095
f 2117//2117 1998//1998 2114//2114
f 2095//2095 2114//2114 1968//1968
f 2117//2117 2114//2114 2095//2095
f 1990//1990 2115//2115 2097//2097
f 2115//2115 1998//1998 2117//2117
f 2097//2097 2117//2117 1994//1994
f 2115//2115 2117//2117 2097//2097
f 1958//1958 2013//2013 2052//2052
f 2013//2013 1974//1974 2054//2054
f 2052//2052 2054//2054 1985//1985
f 2013//2013 2054//2054 2052//2052
f 1974//1974 2014//2014 2067//2067
f 2014//2014 1962//1962 2065//2065
f 2067//2067 2065//2065 1988//1988
f 2014//2014 2065//2065 2067//2067
f 1985//1985 2069//2069 2053//2053
f 2069//2069 1988//1988 2066//2066
f 2053//2053 2066//2066 1966//1966
f 2069//2069 2066//2066 2053//2053
f 1974//1974 2067//2067 2054//2054
f 2067//2067 1988//1988 2069//2069
f 2054//2054 2069//2069 1985//1985
f 2067//2067 2069//2069 2054//2054
f 1962//1962 2107//2107 2018//2018
f 2107//2107 1997//1997 2110//2110
f 2018//2018 2110//2110 1975//1975
f 2107//2107 2110//2110 2018//2018
f 1997//1997 2108//2108 2112//2112
f 2108//2108 1968//1968 2103//2103
f 2112//2112 2103//2103 1996//1996
f 2108//2108 2103//2103 2112//2112
f 1975//1975 2105//2105 2017//2017
f 2105//2105 1996//1996 2102//2102
f 2017//2017 2102//2102 1961//1961
f 2105//2105 2102//2102 2017//2017
f 1997//1997 2112//2112 2110//2110
f 2112//2112 1996//1996 2105//2105
f 2110//2110 2105//2105 1975//1975
f 2112//2112 2105//2105 2110//2110
f 1968//1968 2114//2114 2099//2099
f 2114//2114 1998//1998 2118//2118
f 2099//2099 2118//2118 1995//1995
f 2114//2114 2118//2118 2099//2099
f 1998//1998 2113//2113 2116//2116
f 2113//2113 1967//1967 2081//2081
f 2116//2116 2081//2081 1991//1991
f 2113//2113 2081//2081 2116//2116
f 1995//1995 2101//2101 2098//2098
f 2101//2101 1991//1991 2080//2080
f 2098//2098 2080//2080 1959//1959
f 2101//2101 2080//2080 2098//2098
f 1998//1998 2116//2116 2118//2118
f 2116//2116 1991//1991 2101//2101
f 2118//2118 2101//2101 1995//1995
f 2116//2116 2101//2101 2118//2118
f 1967//1967 2089//2089 2084//2084
f 2089//2089 1993//1993 2093//2093
f 2084//2084 2093//2093 1992//1992
f 2089//2089 2093//2093 2084//2084
f 1993//1993 2088//2088 2091//2091
f 2088//2088 1964//1964 2034//2034
f 2091//2091 2034//2034 1980//1980
f 2088//2088 2034//2034 2091//2091
f 1992//1992 2086//2086 2083//2083
f 2086//2086 1980//1980 2033//2033
f 2083//2083 2033//2033 1963//1963
f 2086//2086 2033//2033 2083//2083
f 1993//1993 2091//2091 2093//2093
f 2091//2091 1980//1980 2086//2086
f 2093//2093 2086//2086 1992//1992
f 2091//2091 2086//2086 2093//2093
f 1964//1964 2030//2030 2046//2046
f 2030//2030 1979//1979 2048//2048
f 2046//2046 2048//2048 1984//1984
f 2030//2030 2048//2048 2046//2046
f 1979//1979 2029//2029 2037//2037
f 2029//2029 1958//1958 2035//2035
f 2037//2037 2035//2035 1981//1981
f 2029//2029 2035//2035 2037//2037
f 1984//1984 2050//2050 2047//2047
f 2050//2050 1981//1981 2036//2036
f 2047//2047 2036//2036 1965//1965
f 2050//2050 2036//2036 2047//2047
f 1979//1979 2037//2037 2048//2048
f 2037//2037 1981//1981 2050//2050
f 2048//2048 2050//2050 1984//1984
f 2037//2037 2050//2050 2048//2048
f 1960//1960 2056//2056 2006//2006
f 2056//2056 1986//1986 2058//2058
f 2006//2006 2058//2058 1972//1972
f 2056//2056 2058//2058 2006//2006
f 1986//1986 2057//2057 2064//2064
f 2057//2057 1966//1966 2061//2061
f 2064//2064 2061//2061 1987//1987
f 2057//2057 2061//2061 2064//2064
f 1972//1972 2062//2062 2007//2007
f 2062//2062 1987//1987 2060//2060
f 2007//2007 2060//2060 1961//1961
f 2062//2062 2060//2060 2007//2007
f 1986//1986 2064//2064 2058//2058
f 2064//2064 1987//1987 2062//2062
f 2058//2058 2062//2062 1972//1972
f 2064//2064 2062//2062 2058//2058
f 1960//1960 2006//2006 2002//2002
f 2006//2006 1972//1972 2008//2008
f 2002//2002 2008//2008 1970//1970
f 2006//2006 2008//2008 2002//2002
f 1972//1972 2007//2007 2009//2009
f 2007//2007 1961//1961 2004//2004
f 2009//2009 2004//2004 1971//1971
f 2007//2007 2004//2004 2009//2009
f 1970//1970 2005//2005 2001//2001
f 2005//2005 1971//1971 2003//2003
f 2001//2001 2003//2003 1959//1959
f 2005//2005 2003//2003 2001//2001
f 1972//1972 2009//2009 2008//2008
f 2009//2009 1971//1971 2005//2005
f 2008//2008 2005//2005 1970//1970
f 2009//2009 2005//2005 2008//2008
f 1960//1960 2002//2002 2022//2022
f 2002//2002 1970//1970 2024//2024
f 2022//2022 2024//2024 1977//1977
f 2002//2002 2024//2024 2022//2022
f 1970//1970 2001//2001 2021//2021
f 2001//2001 1959//1959 2019//2019
f 2021//2021 2019//2019 1976//1976
f 2001//2001 2019//2019 2021//2021
f 1977//1977 2025//2025 2023//2023
f 2025//2025 1976//1976 2020//2020
f 2023//2023 2020//2020 1963//1963
f 2025//2025 2020//2020 2023//2023
f 1970//1970 2021//2021 2024//2024
f 2021//2021 1976//1976 2025//2025
f 2024//2024 2025//2025 1977//1977
f 2021//2021 2025//2025 2024//2024
f 1960//1960 2022//2022 2038//2038
f 2022//2022 1977//1977 2040//2040
f 2038//2038 2040//2040 1982//1982
f 2022//2022 2040//2040 2038//2038
f 1977//1977 2023//2023 2043//2043
f 2023//2023 1963//1963 2041//2041
f 2043//2043 2041//2041 1983//1983
f 2023//2023 2041//2041 2043//2043
f 1982//1982 2045//2045 2039//2039
f 2045//2045 1983//1983 2042//2042
f 2039//2039 2042//2042 1965//1965
f 2045//2045 2042//2042 2039//2039
f 1977//1977 2043//2043 2040//2040
f 2043//2043 1983//1983 2045//2045
f 2040//2040 2045//2045 1982//1982
f 2043//2043 2045//2045 2040//2040
f 1960//1960 2038//2038 2056//2056
f 2038//2038 1982//1982 2059//2059
f 2056//2056 2059//2059 1986//1986
f 2038//2038 2059//2059 2056//2056
f 1982//1982 2039//2039 2074//2074
f 2039//2039 1965//1965 2071//2071
f 2074//2074 2071//2071 1989//1989
f 2039//2039 2071//2071 2074//2074
f 1986//1986 2076//2076 2057//2057
f 2076//2076 1989//1989 2072//2072
f 2057//2057 2072//2072 1966//1966
f 2076//2076 2072//2072 2057//2057
f 1982//1982 2074//2074 2059//2059
f 2074//2074 1989//1989 2076//2076
f 2059//2059 2076//2076 1986//1986
f 2074//2074 2076//2076 2059//2059
f 1961//1961 2060//2060 2017//2017
f 2060//2060 1987//1987 2063//2063
f 2017//2017 2063//2063 1975//1975
f 2060//2060 2063//2063 2017//2017
f 1987//1987 2061//2061 2070//2070
f 2061//2061 1966//1966 2066//2066
f 2070//2070 2066//2066 1988//1988
f 2061//2061 2066//2066 2070//2070
f 1975//1975 2068//2068 2018//2018
f 2068//2068 1988//1988 2065//2065
f 2018//2018 2065//2065 1962//1962
f 2068//2068 2065//2065 2018//2018
f 1987//1987 2070//2070 2063//2063
f 2070//2070 1988//1988 2068//2068
f 2063//2063 2068//2068 1975//1975
f 2070//2070 2068//2068 2063//2063
f 1959//1959 2003//2003 2098//2098
f 2003//2003 1971//1971 2100//2100
f 2098//2098 2100//2100 1995//1995
f 2003//2003 2100//2100 2098//2098
f 1971//1971 2004//2004 2104//2104
f 2004//2004 1961//1961 2102//2102
f 2104//2104 2102//2102 1996//1996
f 2004//2004 2102//2102 2104//2104
f 1995//1995 2106//2106 2099//2099
f 2106//2106 1996//1996 2103//2103
f 2099//2099 2103//2103 1968//1968
f 2106//2106 2103//2103 2099//2099
f 1971//1971 2104//2104 2100//2100
f 2104//2104 1996//1996 2106//2106
f 2100//2100 2106//2106 1995//1995
f 2104//2104 2106//2106 2100//2100
f 1963//1963 2020//2020 2083//2083
f 2020//2020 1976//1976 2085//2085
f 2083//2083 2085//2085 1992//1992
f 2020//2020 2085//2085 2083//2083
f 1976//1976 2019//2019 2082//2082
f 2019//2019 1959//1959 2080//2080
f 2082//2082 2080//2080 1991//1991
f 2019//2019 2080//2080 2082//2082
f 1992//1992 2087//2087 2084//2084
f 2087//2087 1991//1991 2081//2081
f 2084//2084 2081//2081 1967//1967
f 2087//2087 2081//2081 2084//2084
f 1976//1976 2082//2082 2085//2085
f 2082//2082 1991//1991 2087//2087
f 2085//2085 2087//2087 1992//1992
f 2082//2082 2087//2087 2085//2085
f 1965//1965 2042//2042 2047//2047
f 2042//2042 1983//1983 2051//2051
f 2047//2047 2051//2051 1984//1984
f 2042//2042 2051//2051 2047//2047
f 1983//1983 2041//2041 2044//2044
f 2041//2041 1963//1963 2033//2033
f 2044//2044 2033//2033 1980//1980
f 2041//2041 2033//2033 2044//2044
f 1984//1984 2049//2049 2046//2046
f 2049//2049 1980//1980 2034//2034
f 2046//2046 2034//2034 1964//1964
f 2049//2049 2034//2034 2046//2046
f 1983//1983 2044//2044 2051//2051
f 2044//2044 1980//1980 2049//2049
f 2051//2051 2049//2049 1984//1984
f 2044//2044 2049//2049 2051//2051
f 1966//1966 2072//2072 2053//2053
f 2072//2072 1989//1989 2075//2075
f 2053//2053 2075//2075 1985//1985
f 2072//2072 2075//2075 2053//2053
f 1989//1989 2071//2071 2073//2073
f 2071//2071 1965//1965 2036//2036
f 2073//2073 2036//2036 1981//1981
f 2071//2071 2036//2036 2073//2073
f 1985//1985 2055//2055 2052//2052
f 2055//2055 1981//1981 2035//2035
f 2052//2052 2035//2035 1958//1958
f 2055//2055 2035//2035 2052//2052
f 1989//1989 2073//2073 2075//2075
f 2073//2073 1981//1981 2055//2055
f 2075//2075 2055//2055 1985//1985
f 2073//2073 2055//2055 2075//2075

