# https://github.com/mikedh/trimesh
v -0.2294298 -1.3062012 0.0100000
v -0.1505702 -1.3062012 0.0100000
v -0.2294298 -1.4337988 0.0100000
v -0.1505702 -1.4337988 0.0100000
v -0.1900000 -1.4094298 0.0652923
v -0.1900000 -1.3305702 0.0652923
v -0.1900000 -1.4094298 -0.0452923
v -0.1900000 -1.3305702 -0.0452923
v -0.1262012 -1.3700000 -0.0241725
v -0.1262012 -1.3700000 0.0441725
v -0.2537988 -1.3700000 -0.0241725
v -0.2537988 -1.3700000 0.0441725
v -0.1900000 -1.2950000 0.0100000
v -0.1900000 -1.4450000 0.0100000
v -0.2131763 -1.4306763 0.0425000
v -0.1668237 -1.4306763 0.0425000
v -0.2131763 -1.3093237 0.0425000
v -0.1668237 -1.3093237 0.0425000
v -0.1900000 -1.3700000 0.0750000
v -0.2131763 -1.4306763 -0.0225000
v -0.1668237 -1.4306763 -0.0225000
v -0.2131763 -1.3093237 -0.0225000
v -0.1668237 -1.3093237 -0.0225000
v -0.1900000 -1.3700000 -0.0550000
v -0.1293237 -1.3325000 -0.0100861
v -0.1293237 -1.4075000 -0.0100861
v -0.1525000 -1.3931763 -0.0425861
v -0.1525000 -1.3468237 -0.0425861
v -0.1293237 -1.3325000 0.0300861
v -0.1293237 -1.4075000 0.0300861
v -0.1525000 -1.3931763 0.0625861
v -0.1525000 -1.3468237 0.0625861
v -0.1150000 -1.3700000 0.0100000
v -0.2506763 -1.3325000 -0.0100861
v -0.2506763 -1.4075000 -0.0100861
v -0.2275000 -1.3931763 -0.0425861
v -0.2275000 -1.3468237 -0.0425861
v -0.2506763 -1.3325000 0.0300861
v -0.2506763 -1.4075000 0.0300861
v -0.2275000 -1.3931763 0.0625861
v -0.2275000 -1.3468237 0.0625861
v -0.2650000 -1.3700000 0.0100000
v -0.2104950 -1.2978546 0.0100000
v -0.1695050 -1.2978546 0.0100000
v -0.2104950 -1.4421454 0.0100000
v -0.1695050 -1.4421454 0.0100000
v -0.2225416 -1.4347001 0.0268930
v -0.2020467 -1.4220335 0.0556330
v -0.2021845 -1.4413292 0.0270863
v -0.1574584 -1.4347001 0.0268930
v -0.1779533 -1.4220335 0.0556330
v -0.1778155 -1.4413292 0.0270863
v -0.1900000 -1.4337988 0.0441725
v -0.2225416 -1.3052999 0.0268930
v -0.2020467 -1.3179665 0.0556330
v -0.2021845 -1.2986708 0.0270863
v -0.1574584 -1.3052999 0.0268930
v -0.1779533 -1.3179665 0.0556330
v -0.1778155 -1.2986708 0.0270863
v -0.1900000 -1.3062012 0.0441725
v -0.1900000 -1.3904950 0.0725260
v -0.1900000 -1.3495050 0.0725260
v -0.2225416 -1.4347001 -0.0068930
v -0.2020467 -1.4220335 -0.0356330
v -0.2021845 -1.4413292 -0.0070863
v -0.1574584 -1.4347001 -0.0068930
v -0.1779533 -1.4220335 -0.0356330
v -0.1778155 -1.4413292 -0.0070863
v -0.1900000 -1.4337988 -0.0241725
v -0.2225416 -1.3052999 -0.0068930
v -0.2020467 -1.3179665 -0.0356330
v -0.2021845 -1.2986708 -0.0070863
v -0.1574584 -1.3052999 -0.0068930
v -0.1779533 -1.3179665 -0.0356330
v -0.1778155 -1.2986708 -0.0070863
v -0.1900000 -1.3062012 -0.0241725
v -0.1900000 -1.3904950 -0.0525260
v -0.1900000 -1.3495050 -0.0525260
v -0.1379665 -1.3173465 -0.0004404
v -0.1252999 -1.3505081 -0.0182028
v -0.1459161 -1.3183857 -0.0176462
v -0.1379665 -1.4226535 -0.0004404
v -0.1252999 -1.3894919 -0.0182028
v -0.1459161 -1.4216143 -0.0176462
v -0.1705081 -1.4025416 -0.0460735
v -0.1373465 -1.3820467 -0.0350957
v -0.1581006 -1.4140839 -0.0347324
v -0.1702851 -1.3821845 -0.0518187
v -0.1383857 -1.4018994 -0.0282060
v -0.1705081 -1.3374584 -0.0460735
v -0.1373465 -1.3579533 -0.0350957
v -0.1581006 -1.3259161 -0.0347324
v -0.1702851 -1.3578155 -0.0518187
v -0.1383857 -1.3381006 -0.0282060
v -0.1505702 -1.3700000 -0.0452923
v -0.1379665 -1.3173465 0.0204404
v -0.1252999 -1.3505081 0.0382028
v -0.1459161 -1.3183857 0.0376462
v -0.1262012 -1.3305702 0.0100000
v -0.1379665 -1.4226535 0.0204404
v -0.1252999 -1.3894919 0.0382028
v -0.1459161 -1.4216143 0.0376462
v -0.1262012 -1.4094298 0.0100000
v -0.1705081 -1.4025416 0.0660735
v -0.1373465 -1.3820467 0.0550957
v -0.1581006 -1.4140839 0.0547324
v -0.1702851 -1.3821845 0.0718187
v -0.1383857 -1.4018994 0.0482060
v -0.1705081 -1.3374584 0.0660735
v -0.1373465 -1.3579533 0.0550957
v -0.1581006 -1.3259161 0.0547324
v -0.1702851 -1.3578155 0.0718187
v -0.1383857 -1.3381006 0.0482060
v -0.1505702 -1.3700000 0.0652923
v -0.1178546 -1.3700000 -0.0077623
v -0.1178546 -1.3700000 0.0277623
v -0.1186708 -1.3502851 -0.0005599
v -0.1186708 -1.3897149 -0.0005599
v -0.1186708 -1.3502851 0.0205599
v -0.1186708 -1.3897149 0.0205599
v -0.2420335 -1.3173465 -0.0004404
v -0.2547001 -1.3505081 -0.0182028
v -0.2340839 -1.3183857 -0.0176462
v -0.2420335 -1.4226535 -0.0004404
v -0.2547001 -1.3894919 -0.0182028
v -0.2340839 -1.4216143 -0.0176462
v -0.2094919 -1.4025416 -0.0460735
v -0.2426535 -1.3820467 -0.0350957
v -0.2218994 -1.4140839 -0.0347324
v -0.2097149 -1.3821845 -0.0518187
v -0.2416143 -1.4018994 -0.0282060
v -0.2094919 -1.3374584 -0.0460735
v -0.2426535 -1.3579533 -0.0350957
v -0.2218994 -1.3259161 -0.0347324
v -0.2097149 -1.3578155 -0.0518187
v -0.2416143 -1.3381006 -0.0282060
v -0.2294298 -1.3700000 -0.0452923
v -0.2420335 -1.3173465 0.0204404
v -0.2547001 -1.3505081 0.0382028
v -0.2340839 -1.3183857 0.0376462
v -0.2537988 -1.3305702 0.0100000
v -0.2420335 -1.4226535 0.0204404
v -0.2547001 -1.3894919 0.0382028
v -0.2340839 -1.4216143 0.0376462
v -0.2537988 -1.4094298 0.0100000
v -0.2094919 -1.4025416 0.0660735
v -0.2426535 -1.3820467 0.0550957
v -0.2218994 -1.4140839 0.0547324
v -0.2097149 -1.3821845 0.0718187
v -0.2416143 -1.4018994 0.0482060
v -0.2094919 -1.3374584 0.0660735
v -0.2426535 -1.3579533 0.0550957
v -0.2218994 -1.3259161 0.0547324
v -0.2097149 -1.3578155 0.0718187
v -0.2416143 -1.3381006 0.0482060
v -0.2294298 -1.3700000 0.0652923
v -0.2621454 -1.3700000 -0.0077623
v -0.2621454 -1.3700000 0.0277623
v -0.2613292 -1.3502851 -0.0005599
v -0.2613292 -1.3897149 -0.0005599
v -0.2613292 -1.3502851 0.0205599
v -0.2613292 -1.3897149 0.0205599
v -0.2202517 -1.3013717 0.0100000
v -0.2003464 -1.2957171 0.0100000
v -0.1597483 -1.3013717 0.0100000
v -0.1796536 -1.2957171 0.0100000
v -0.2202517 -1.4386283 0.0100000
v -0.2003464 -1.4442829 0.0100000
v -0.1597483 -1.4386283 0.0100000
v -0.1796536 -1.4442829 0.0100000
v -0.2263331 -1.4348697 0.0185280
v -0.2181279 -1.4332934 0.0349349
v -0.2168672 -1.4393228 0.0185576
v -0.1960815 -1.4161732 0.0609498
v -0.2077815 -1.4268989 0.0494436
v -0.1961682 -1.4440766 0.0186496
v -0.2079008 -1.4368255 0.0351022
v -0.2065088 -1.4424794 0.0186315
v -0.2125944 -1.4387183 0.0271654
v -0.1536669 -1.4348697 0.0185280
v -0.1618721 -1.4332934 0.0349349
v -0.1631328 -1.4393228 0.0185576
v -0.1839185 -1.4161732 0.0609498
v -0.1722185 -1.4268989 0.0494436
v -0.1900000 -1.4227180 0.0562333
v -0.1838318 -1.4440766 0.0186496
v -0.1720992 -1.4368255 0.0351022
v -0.1734912 -1.4424794 0.0186315
v -0.1900000 -1.4422896 0.0273163
v -0.1674056 -1.4387183 0.0271654
v -0.2017326 -1.4330133 0.0437518
v -0.1782674 -1.4330133 0.0437518
v -0.1960856 -1.4285153 0.0503156
v -0.1961743 -1.4384737 0.0359745
v -0.1839144 -1.4285153 0.0503156
v -0.1838257 -1.4384737 0.0359745
v -0.2263331 -1.3051303 0.0185280
v -0.2181279 -1.3067066 0.0349349
v -0.2168672 -1.3006772 0.0185576
v -0.1960815 -1.3238268 0.0609498
v -0.2077815 -1.3131011 0.0494436
v -0.1961682 -1.2959234 0.0186496
v -0.2079008 -1.3031745 0.0351022
v -0.2065088 -1.2975206 0.0186315
v -0.2125944 -1.3012817 0.0271654
v -0.1536669 -1.3051303 0.0185280
v -0.1618721 -1.3067066 0.0349349
v -0.1631328 -1.3006772 0.0185576
v -0.1839185 -1.3238268 0.0609498
v -0.1722185 -1.3131011 0.0494436
v -0.1900000 -1.3172820 0.0562333
v -0.1838318 -1.2959234 0.0186496
v -0.1720992 -1.3031745 0.0351022
v -0.1734912 -1.2975206 0.0186315
v -0.1900000 -1.2977104 0.0273163
v -0.1674056 -1.3012817 0.0271654
v -0.2017326 -1.3069867 0.0437518
v -0.1782674 -1.3069867 0.0437518
v -0.1960856 -1.3114847 0.0503156
v -0.1961743 -1.3015263 0.0359745
v -0.1839144 -1.3114847 0.0503156
v -0.1838257 -1.3015263 0.0359745
v -0.1900000 -1.4002517 0.0694778
v -0.1900000 -1.3803464 0.0743785
v -0.1900000 -1.3397483 0.0694778
v -0.1900000 -1.3596536 0.0743785
v -0.2263331 -1.4348697 0.0014720
v -0.2181279 -1.4332934 -0.0149349
v -0.2168672 -1.4393228 0.0014424
v -0.1960815 -1.4161732 -0.0409498
v -0.2077815 -1.4268989 -0.0294436
v -0.1961682 -1.4440766 0.0013504
v -0.2079008 -1.4368255 -0.0151022
v -0.2065088 -1.4424794 0.0013685
v -0.2125944 -1.4387183 -0.0071654
v -0.1536669 -1.4348697 0.0014720
v -0.1618721 -1.4332934 -0.0149349
v -0.1631328 -1.4393228 0.0014424
v -0.1839185 -1.4161732 -0.0409498
v -0.1722185 -1.4268989 -0.0294436
v -0.1900000 -1.4227180 -0.0362333
v -0.1838318 -1.4440766 0.0013504
v -0.1720992 -1.4368255 -0.0151022
v -0.1734912 -1.4424794 0.0013685
v -0.1900000 -1.4422896 -0.0073163
v -0.1674056 -1.4387183 -0.0071654
v -0.2017326 -1.4330133 -0.0237518
v -0.1782674 -1.4330133 -0.0237518
v -0.1960856 -1.4285153 -0.0303156
v -0.1961743 -1.4384737 -0.0159745
v -0.1839144 -1.4285153 -0.0303156
v -0.1838257 -1.4384737 -0.0159745
v -0.2263331 -1.3051303 0.0014720
v -0.2181279 -1.3067066 -0.0149349
v -0.2168672 -1.3006772 0.0014424
v -0.1960815 -1.3238268 -0.0409498
v -0.2077815 -1.3131011 -0.0294436
v -0.1961682 -1.2959234 0.0013504
v -0.2079008 -1.3031745 -0.0151022
v -0.2065088 -1.2975206 0.0013685
v -0.2125944 -1.3012817 -0.0071654
v -0.1536669 -1.3051303 0.0014720
v -0.1618721 -1.3067066 -0.0149349
v -0.1631328 -1.3006772 0.0014424
v -0.1839185 -1.3238268 -0.0409498
v -0.1722185 -1.3131011 -0.0294436
v -0.1900000 -1.3172820 -0.0362333
v -0.1838318 -1.2959234 0.0013504
v -0.1720992 -1.3031745 -0.0151022
v -0.1734912 -1.2975206 0.0013685
v -0.1900000 -1.2977104 -0.0073163
v -0.1674056 -1.3012817 -0.0071654
v -0.2017326 -1.3069867 -0.0237518
v -0.1782674 -1.3069867 -0.0237518
v -0.1960856 -1.3114847 -0.0303156
v -0.1961743 -1.3015263 -0.0159745
v -0.1839144 -1.3114847 -0.0303156
v -0.1838257 -1.3015263 -0.0159745
v -0.1900000 -1.4002517 -0.0494778
v -0.1900000 -1.3803464 -0.0543785
v -0.1900000 -1.3397483 -0.0494778
v -0.1900000 -1.3596536 -0.0543785
v -0.1438268 -1.3112118 0.0047294
v -0.1331011 -1.3244881 -0.0054106
v -0.1471561 -1.3105513 -0.0038465
v -0.1251303 -1.3601600 -0.0214887
v -0.1267066 -1.3412290 -0.0143775
v -0.1559507 -1.3131548 -0.0204479
v -0.1369670 -1.3248874 -0.0141636
v -0.1512909 -1.3112411 -0.0124999
v -0.1414441 -1.3173268 -0.0092403
v -0.1438268 -1.4287882 0.0047294
v -0.1331011 -1.4155119 -0.0054106
v -0.1471561 -1.4294487 -0.0038465
v -0.1251303 -1.3798400 -0.0214887
v -0.1267066 -1.3987710 -0.0143775
v -0.1559507 -1.4268452 -0.0204479
v -0.1369670 -1.4151126 -0.0141636
v -0.1512909 -1.4287589 -0.0124999
v -0.1414441 -1.4226732 -0.0092403
v -0.1801600 -1.4063331 -0.0462204
v -0.1612290 -1.3981279 -0.0448542
v -0.1740233 -1.4128439 -0.0415222
v -0.1801258 -1.3968672 -0.0500798
v -0.1312118 -1.3760815 -0.0300167
v -0.1444881 -1.3877815 -0.0393124
v -0.1305513 -1.3859767 -0.0271314
v -0.1621189 -1.4230330 -0.0290976
v -0.1548678 -1.4040493 -0.0392658
v -0.1677997 -1.4185559 -0.0356501
v -0.1514968 -1.4184933 -0.0266765
v -0.1640385 -1.4087091 -0.0409244
v -0.1800197 -1.3761682 -0.0541997
v -0.1610359 -1.3879008 -0.0479154
v -0.1800406 -1.3865088 -0.0528155
v -0.1701938 -1.3925944 -0.0495559
v -0.1331548 -1.4051322 -0.0195094
v -0.1448874 -1.3978811 -0.0359619
v -0.1312411 -1.3959615 -0.0235479
v -0.1415067 -1.4123191 -0.0233694
v -0.1373268 -1.3922003 -0.0320818
v -0.1476809 -1.4085032 -0.0320276
v -0.1801600 -1.3336669 -0.0462204
v -0.1612290 -1.3418721 -0.0448542
v -0.1740233 -1.3271561 -0.0415222
v -0.1801258 -1.3431328 -0.0500798
v -0.1312118 -1.3639185 -0.0300167
v -0.1444881 -1.3522185 -0.0393124
v -0.1305513 -1.3540233 -0.0271314
v -0.1366539 -1.3700000 -0.0356890
v -0.1621189 -1.3169670 -0.0290976
v -0.1548678 -1.3359507 -0.0392658
v -0.1677997 -1.3214441 -0.0356501
v -0.1514968 -1.3215067 -0.0266765
v -0.1640385 -1.3312909 -0.0409244
v -0.1800197 -1.3638318 -0.0541997
v -0.1610359 -1.3520992 -0.0479154
v -0.1800406 -1.3534912 -0.0528155
v -0.1700196 -1.3700000 -0.0526510
v -0.1701938 -1.3474056 -0.0495559
v -0.1331548 -1.3348678 -0.0195094
v -0.1448874 -1.3421189 -0.0359619
v -0.1312411 -1.3440385 -0.0235479
v -0.1415067 -1.3276809 -0.0233694
v -0.1373268 -1.3477997 -0.0320818
v -0.1476809 -1.3314968 -0.0320276
v -0.1510556 -1.3817326 -0.0446116
v -0.1510556 -1.3582674 -0.0446116
v -0.1434820 -1.3760856 -0.0407133
v -0.1600295 -1.3761743 -0.0493439
v -0.1434820 -1.3639144 -0.0407133
v -0.1600295 -1.3638257 -0.0493439
v -0.1438268 -1.3112118 0.0152706
v -0.1331011 -1.3244881 0.0254106
v -0.1471561 -1.3105513 0.0238465
v -0.1372820 -1.3166539 0.0100000
v -0.1251303 -1.3601600 0.0414887
v -0.1267066 -1.3412290 0.0343775
v -0.1559507 -1.3131548 0.0404479
v -0.1369670 -1.3248874 0.0341636
v -0.1512909 -1.3112411 0.0324999
v -0.1414441 -1.3173268 0.0292403
v -0.1269867 -1.3310556 -0.0001682
v -0.1269867 -1.3310556 0.0201682
v -0.1314847 -1.3234820 0.0047258
v -0.1314847 -1.3234820 0.0152742
v -0.1438268 -1.4287882 0.0152706
v -0.1331011 -1.4155119 0.0254106
v -0.1471561 -1.4294487 0.0238465
v -0.1372820 -1.4233461 0.0100000
v -0.1251303 -1.3798400 0.0414887
v -0.1267066 -1.3987710 0.0343775
v -0.1559507 -1.4268452 0.0404479
v -0.1369670 -1.4151126 0.0341636
v -0.1512909 -1.4287589 0.0324999
v -0.1414441 -1.4226732 0.0292403
v -0.1269867 -1.4089444 -0.0001682
v -0.1269867 -1.4089444 0.0201682
v -0.1314847 -1.4165180 0.0047258
v -0.1314847 -1.4165180 0.0152742
v -0.1801600 -1.4063331 0.0662204
v -0.1612290 -1.3981279 0.0648542
v -0.1740233 -1.4128439 0.0615222
v -0.1801258 -1.3968672 0.0700798
v -0.1312118 -1.3760815 0.0500167
v -0.1444881 -1.3877815 0.0593124
v -0.1305513 -1.3859767 0.0471314
v -0.1621189 -1.4230330 0.0490976
v -0.1548678 -1.4040493 0.0592658
v -0.1677997 -1.4185559 0.0556501
v -0.1514968 -1.4184933 0.0466765
v -0.1640385 -1.4087091 0.0609244
v -0.1800197 -1.3761682 0.0741997
v -0.1610359 -1.3879008 0.0679154
v -0.1800406 -1.3865088 0.0728155
v -0.1701938 -1.3925944 0.0695559
v -0.1331548 -1.4051322 0.0395094
v -0.1448874 -1.3978811 0.0559619
v -0.1312411 -1.3959615 0.0435479
v -0.1415067 -1.4123191 0.0433694
v -0.1373268 -1.3922003 0.0520818
v -0.1476809 -1.4085032 0.0520276
v -0.1801600 -1.3336669 0.0662204
v -0.1612290 -1.3418721 0.0648542
v -0.1740233 -1.3271561 0.0615222
v -0.1801258 -1.3431328 0.0700798
v -0.1312118 -1.3639185 0.0500167
v -0.1444881 -1.3522185 0.0593124
v -0.1305513 -1.3540233 0.0471314
v -0.1366539 -1.3700000 0.0556890
v -0.1621189 -1.3169670 0.0490976
v -0.1548678 -1.3359507 0.0592658
v -0.1677997 -1.3214441 0.0556501
v -0.1514968 -1.3215067 0.0466765
v -0.1640385 -1.3312909 0.0609244
v -0.1800197 -1.3638318 0.0741997
v -0.1610359 -1.3520992 0.0679154
v -0.1800406 -1.3534912 0.0728155
v -0.1700196 -1.3700000 0.0726510
v -0.1701938 -1.3474056 0.0695559
v -0.1331548 -1.3348678 0.0395094
v -0.1448874 -1.3421189 0.0559619
v -0.1312411 -1.3440385 0.0435479
v -0.1415067 -1.3276809 0.0433694
v -0.1373268 -1.3477997 0.0520818
v -0.1476809 -1.3314968 0.0520276
v -0.1510556 -1.3817326 0.0646116
v -0.1510556 -1.3582674 0.0646116
v -0.1434820 -1.3760856 0.0607133
v -0.1600295 -1.3761743 0.0693439
v -0.1434820 -1.3639144 0.0607133
v -0.1600295 -1.3638257 0.0693439
v -0.1213717 -1.3700000 -0.0162181
v -0.1157171 -1.3700000 0.0010331
v -0.1206772 -1.3601258 -0.0132849
v -0.1206772 -1.3798742 -0.0132849
v -0.1213717 -1.3700000 0.0362181
v -0.1157171 -1.3700000 0.0189669
v -0.1206772 -1.3601258 0.0332849
v -0.1206772 -1.3798742 0.0332849
v -0.1231745 -1.3410359 -0.0055140
v -0.1159234 -1.3600197 0.0046542
v -0.1212817 -1.3501938 -0.0095818
v -0.1215263 -1.3400295 0.0046490
v -0.1175206 -1.3600406 -0.0043076
v -0.1231745 -1.3989641 -0.0055140
v -0.1159234 -1.3799803 0.0046542
v -0.1212817 -1.3898062 -0.0095818
v -0.1215263 -1.3999705 0.0046490
v -0.1175206 -1.3799594 -0.0043076
v -0.1231745 -1.3410359 0.0255140
v -0.1159234 -1.3600197 0.0153458
v -0.1212817 -1.3501938 0.0295818
v -0.1215263 -1.3400295 0.0153510
v -0.1175206 -1.3600406 0.0243076
v -0.1177104 -1.3500196 0.0100000
v -0.1231745 -1.3989641 0.0255140
v -0.1159234 -1.3799803 0.0153458
v -0.1212817 -1.3898062 0.0295818
v -0.1215263 -1.3999705 0.0153510
v -0.1175206 -1.3799594 0.0243076
v -0.1177104 -1.3899804 0.0100000
v -0.2361732 -1.3112118 0.0047294
v -0.2468989 -1.3244881 -0.0054106
v -0.2328439 -1.3105513 -0.0038465
v -0.2548697 -1.3601600 -0.0214887
v -0.2532934 -1.3412290 -0.0143775
v -0.2240493 -1.3131548 -0.0204479
v -0.2430330 -1.3248874 -0.0141636
v -0.2287091 -1.3112411 -0.0124999
v -0.2385559 -1.3173268 -0.0092403
v -0.2361732 -1.4287882 0.0047294
v -0.2468989 -1.4155119 -0.0054106
v -0.2328439 -1.4294487 -0.0038465
v -0.2548697 -1.3798400 -0.0214887
v -0.2532934 -1.3987710 -0.0143775
v -0.2240493 -1.4268452 -0.0204479
v -0.2430330 -1.4151126 -0.0141636
v -0.2287091 -1.4287589 -0.0124999
v -0.2385559 -1.4226732 -0.0092403
v -0.1998400 -1.4063331 -0.0462204
v -0.2187710 -1.3981279 -0.0448542
v -0.2059767 -1.4128439 -0.0415222
v -0.1998742 -1.3968672 -0.0500798
v -0.2487882 -1.3760815 -0.0300167
v -0.2355119 -1.3877815 -0.0393124
v -0.2494487 -1.3859767 -0.0271314
v -0.2178811 -1.4230330 -0.0290976
v -0.2251322 -1.4040493 -0.0392658
v -0.2122003 -1.4185559 -0.0356501
v -0.2285032 -1.4184933 -0.0266765
v -0.2159615 -1.4087091 -0.0409244
v -0.1999803 -1.3761682 -0.0541997
v -0.2189641 -1.3879008 -0.0479154
v -0.1999594 -1.3865088 -0.0528155
v -0.2098062 -1.3925944 -0.0495559
v -0.2468452 -1.4051322 -0.0195094
v -0.2351126 -1.3978811 -0.0359619
v -0.2487589 -1.3959615 -0.0235479
v -0.2384933 -1.4123191 -0.0233694
v -0.2426732 -1.3922003 -0.0320818
v -0.2323191 -1.4085032 -0.0320276
v -0.1998400 -1.3336669 -0.0462204
v -0.2187710 -1.3418721 -0.0448542
v -0.2059767 -1.3271561 -0.0415222
v -0.1998742 -1.3431328 -0.0500798
v -0.2487882 -1.3639185 -0.0300167
v -0.2355119 -1.3522185 -0.0393124
v -0.2494487 -1.3540233 -0.0271314
v -0.2433461 -1.3700000 -0.0356890
v -0.2178811 -1.3169670 -0.0290976
v -0.2251322 -1.3359507 -0.0392658
v -0.2122003 -1.3214441 -0.0356501
v -0.2285032 -1.3215067 -0.0266765
v -0.2159615 -1.3312909 -0.0409244
v -0.1999803 -1.3638318 -0.0541997
v -0.2189641 -1.3520992 -0.0479154
v -0.1999594 -1.3534912 -0.0528155
v -0.2099804 -1.3700000 -0.0526510
v -0.2098062 -1.3474056 -0.0495559
v -0.2468452 -1.3348678 -0.0195094
v -0.2351126 -1.3421189 -0.0359619
v -0.2487589 -1.3440385 -0.0235479
v -0.2384933 -1.3276809 -0.0233694
v -0.2426732 -1.3477997 -0.0320818
v -0.2323191 -1.3314968 -0.0320276
v -0.2289444 -1.3817326 -0.0446116
v -0.2289444 -1.3582674 -0.0446116
v -0.2365180 -1.3760856 -0.0407133
v -0.2199705 -1.3761743 -0.0493439
v -0.2365180 -1.3639144 -0.0407133
v -0.2199705 -1.3638257 -0.0493439
v -0.2361732 -1.3112118 0.0152706
v -0.2468989 -1.3244881 0.0254106
v -0.2328439 -1.3105513 0.0238465
v -0.2427180 -1.3166539 0.0100000
v -0.2548697 -1.3601600 0.0414887
v -0.2532934 -1.3412290 0.0343775
v -0.2240493 -1.3131548 0.0404479
v -0.2430330 -1.3248874 0.0341636
v -0.2287091 -1.3112411 0.0324999
v -0.2385559 -1.3173268 0.0292403
v -0.2530133 -1.3310556 -0.0001682
v -0.2530133 -1.3310556 0.0201682
v -0.2485153 -1.3234820 0.0047258
v -0.2485153 -1.3234820 0.0152742
v -0.2361732 -1.4287882 0.0152706
v -0.2468989 -1.4155119 0.0254106
v -0.2328439 -1.4294487 0.0238465
v -0.2427180 -1.4233461 0.0100000
v -0.2548697 -1.3798400 0.0414887
v -0.2532934 -1.3987710 0.0343775
v -0.2240493 -1.4268452 0.0404479
v -0.2430330 -1.4151126 0.0341636
v -0.2287091 -1.4287589 0.0324999
v -0.2385559 -1.4226732 0.0292403
v -0.2530133 -1.4089444 -0.0001682
v -0.2530133 -1.4089444 0.0201682
v -0.2485153 -1.4165180 0.0047258
v -0.2485153 -1.4165180 0.0152742
v -0.1998400 -1.4063331 0.0662204
v -0.2187710 -1.3981279 0.0648542
v -0.2059767 -1.4128439 0.0615222
v -0.1998742 -1.3968672 0.0700798
v -0.2487882 -1.3760815 0.0500167
v -0.2355119 -1.3877815 0.0593124
v -0.2494487 -1.3859767 0.0471314
v -0.2178811 -1.4230330 0.0490976
v -0.2251322 -1.4040493 0.0592658
v -0.2122003 -1.4185559 0.0556501
v -0.2285032 -1.4184933 0.0466765
v -0.2159615 -1.4087091 0.0609244
v -0.1999803 -1.3761682 0.0741997
v -0.2189641 -1.3879008 0.0679154
v -0.1999594 -1.3865088 0.0728155
v -0.2098062 -1.3925944 0.0695559
v -0.2468452 -1.4051322 0.0395094
v -0.2351126 -1.3978811 0.0559619
v -0.2487589 -1.3959615 0.0435479
v -0.2384933 -1.4123191 0.0433694
v -0.2426732 -1.3922003 0.0520818
v -0.2323191 -1.4085032 0.0520276
v -0.1998400 -1.3336669 0.0662204
v -0.2187710 -1.3418721 0.0648542
v -0.2059767 -1.3271561 0.0615222
v -0.1998742 -1.3431328 0.0700798
v -0.2487882 -1.3639185 0.0500167
v -0.2355119 -1.3522185 0.0593124
v -0.2494487 -1.3540233 0.0471314
v -0.2433461 -1.3700000 0.0556890
v -0.2178811 -1.3169670 0.0490976
v -0.2251322 -1.3359507 0.0592658
v -0.2122003 -1.3214441 0.0556501
v -0.2285032 -1.3215067 0.0466765
v -0.2159615 -1.3312909 0.0609244
v -0.1999803 -1.3638318 0.0741997
v -0.2189641 -1.3520992 0.0679154
v -0.1999594 -1.3534912 0.0728155
v -0.2099804 -1.3700000 0.0726510
v -0.2098062 -1.3474056 0.0695559
v -0.2468452 -1.3348678 0.0395094
v -0.2351126 -1.3421189 0.0559619
v -0.2487589 -1.3440385 0.0435479
v -0.2384933 -1.3276809 0.0433694
v -0.2426732 -1.3477997 0.0520818
v -0.2323191 -1.3314968 0.0520276
v -0.2289444 -1.3817326 0.0646116
v -0.2289444 -1.3582674 0.0646116
v -0.2365180 -1.3760856 0.0607133
v -0.2199705 -1.3761743 0.0693439
v -0.2365180 -1.3639144 0.0607133
v -0.2199705 -1.3638257 0.0693439
v -0.2586283 -1.3700000 -0.0162181
v -0.2642829 -1.3700000 0.0010331
v -0.2593228 -1.3601258 -0.0132849
v -0.2593228 -1.3798742 -0.0132849
v -0.2586283 -1.3700000 0.0362181
v -0.2642829 -1.3700000 0.0189669
v -0.2593228 -1.3601258 0.0332849
v -0.2593228 -1.3798742 0.0332849
v -0.2568255 -1.3410359 -0.0055140
v -0.2640766 -1.3600197 0.0046542
v -0.2587183 -1.3501938 -0.0095818
v -0.2584737 -1.3400295 0.0046490
v -0.2624794 -1.3600406 -0.0043076
v -0.2568255 -1.3989641 -0.0055140
v -0.2640766 -1.3799803 0.0046542
v -0.2587183 -1.3898062 -0.0095818
v -0.2584737 -1.3999705 0.0046490
v -0.2624794 -1.3799594 -0.0043076
v -0.2568255 -1.3410359 0.0255140
v -0.2640766 -1.3600197 0.0153458
v -0.2587183 -1.3501938 0.0295818
v -0.2584737 -1.3400295 0.0153510
v -0.2624794 -1.3600406 0.0243076
v -0.2622896 -1.3500196 0.0100000
v -0.2568255 -1.3989641 0.0255140
v -0.2640766 -1.3799803 0.0153458
v -0.2587183 -1.3898062 0.0295818
v -0.2584737 -1.3999705 0.0153510
v -0.2624794 -1.3799594 0.0243076
v -0.2622896 -1.3899804 0.0100000
v 0.1505702 -1.3062012 0.0100000
v 0.2294298 -1.3062012 0.0100000
v 0.1505702 -1.4337988 0.0100000
v 0.2294298 -1.4337988 0.0100000
v 0.1900000 -1.4094298 0.0652923
v 0.1900000 -1.3305702 0.0652923
v 0.1900000 -1.4094298 -0.0452923
v 0.1900000 -1.3305702 -0.0452923
v 0.2537988 -1.3700000 -0.0241725
v 0.2537988 -1.3700000 0.0441725
v 0.1262012 -1.3700000 -0.0241725
v 0.1262012 -1.3700000 0.0441725
v 0.1900000 -1.2950000 0.0100000
v 0.1900000 -1.4450000 0.0100000
v 0.1668237 -1.4306763 0.0425000
v 0.2131763 -1.4306763 0.0425000
v 0.1668237 -1.3093237 0.0425000
v 0.2131763 -1.3093237 0.0425000
v 0.1900000 -1.3700000 0.0750000
v 0.1668237 -1.4306763 -0.0225000
v 0.2131763 -1.4306763 -0.0225000
v 0.1668237 -1.3093237 -0.0225000
v 0.2131763 -1.3093237 -0.0225000
v 0.1900000 -1.3700000 -0.0550000
v 0.2506763 -1.3325000 -0.0100861
v 0.2506763 -1.4075000 -0.0100861
v 0.2275000 -1.3931763 -0.0425861
v 0.2275000 -1.3468237 -0.0425861
v 0.2506763 -1.3325000 0.0300861
v 0.2506763 -1.4075000 0.0300861
v 0.2275000 -1.3931763 0.0625861
v 0.2275000 -1.3468237 0.0625861
v 0.2650000 -1.3700000 0.0100000
v 0.1293237 -1.3325000 -0.0100861
v 0.1293237 -1.4075000 -0.0100861
v 0.1525000 -1.3931763 -0.0425861
v 0.1525000 -1.3468237 -0.0425861
v 0.1293237 -1.3325000 0.0300861
v 0.1293237 -1.4075000 0.0300861
v 0.1525000 -1.3931763 0.0625861
v 0.1525000 -1.3468237 0.0625861
v 0.1150000 -1.3700000 0.0100000
v 0.1695050 -1.2978546 0.0100000
v 0.2104950 -1.2978546 0.0100000
v 0.1695050 -1.4421454 0.0100000
v 0.2104950 -1.4421454 0.0100000
v 0.1574584 -1.4347001 0.0268930
v 0.1779533 -1.4220335 0.0556330
v 0.1778155 -1.4413292 0.0270863
v 0.2225416 -1.4347001 0.0268930
v 0.2020467 -1.4220335 0.0556330
v 0.2021845 -1.4413292 0.0270863
v 0.1900000 -1.4337988 0.0441725
v 0.1574584 -1.3052999 0.0268930
v 0.1779533 -1.3179665 0.0556330
v 0.1778155 -1.2986708 0.0270863
v 0.2225416 -1.3052999 0.0268930
v 0.2020467 -1.3179665 0.0556330
v 0.2021845 -1.2986708 0.0270863
v 0.1900000 -1.3062012 0.0441725
v 0.1900000 -1.3904950 0.0725260
v 0.1900000 -1.3495050 0.0725260
v 0.1574584 -1.4347001 -0.0068930
v 0.1779533 -1.4220335 -0.0356330
v 0.1778155 -1.4413292 -0.0070863
v 0.2225416 -1.4347001 -0.0068930
v 0.2020467 -1.4220335 -0.0356330
v 0.2021845 -1.4413292 -0.0070863
v 0.1900000 -1.4337988 -0.0241725
v 0.1574584 -1.3052999 -0.0068930
v 0.1779533 -1.3179665 -0.0356330
v 0.1778155 -1.2986708 -0.0070863
v 0.2225416 -1.3052999 -0.0068930
v 0.2020467 -1.3179665 -0.0356330
v 0.2021845 -1.2986708 -0.0070863
v 0.1900000 -1.3062012 -0.0241725
v 0.1900000 -1.3904950 -0.0525260
v 0.1900000 -1.3495050 -0.0525260
v 0.2420335 -1.3173465 -0.0004404
v 0.2547001 -1.3505081 -0.0182028
v 0.2340839 -1.3183857 -0.0176462
v 0.2420335 -1.4226535 -0.0004404
v 0.2547001 -1.3894919 -0.0182028
v 0.2340839 -1.4216143 -0.0176462
v 0.2094919 -1.4025416 -0.0460735
v 0.2426535 -1.3820467 -0.0350957
v 0.2218994 -1.4140839 -0.0347324
v 0.2097149 -1.3821845 -0.0518187
v 0.2416143 -1.4018994 -0.0282060
v 0.2094919 -1.3374584 -0.0460735
v 0.2426535 -1.3579533 -0.0350957
v 0.2218994 -1.3259161 -0.0347324
v 0.2097149 -1.3578155 -0.0518187
v 0.2416143 -1.3381006 -0.0282060
v 0.2294298 -1.3700000 -0.0452923
v 0.2420335 -1.3173465 0.0204404
v 0.2547001 -1.3505081 0.0382028
v 0.2340839 -1.3183857 0.0376462
v 0.2537988 -1.3305702 0.0100000
v 0.2420335 -1.4226535 0.0204404
v 0.2547001 -1.3894919 0.0382028
v 0.2340839 -1.4216143 0.0376462
v 0.2537988 -1.4094298 0.0100000
v 0.2094919 -1.4025416 0.0660735
v 0.2426535 -1.3820467 0.0550957
v 0.2218994 -1.4140839 0.0547324
v 0.2097149 -1.3821845 0.0718187
v 0.2416143 -1.4018994 0.0482060
v 0.2094919 -1.3374584 0.0660735
v 0.2426535 -1.3579533 0.0550957
v 0.2218994 -1.3259161 0.0547324
v 0.2097149 -1.3578155 0.0718187
v 0.2416143 -1.3381006 0.0482060
v 0.2294298 -1.3700000 0.0652923
v 0.2621454 -1.3700000 -0.0077623
v 0.2621454 -1.3700000 0.0277623
v 0.2613292 -1.3502851 -0.0005599
v 0.2613292 -1.3897149 -0.0005599
v 0.2613292 -1.3502851 0.0205599
v 0.2613292 -1.3897149 0.0205599
v 0.1379665 -1.3173465 -0.0004404
v 0.1252999 -1.3505081 -0.0182028
v 0.1459161 -1.3183857 -0.0176462
v 0.1379665 -1.4226535 -0.0004404
v 0.1252999 -1.3894919 -0.0182028
v 0.1459161 -1.4216143 -0.0176462
v 0.1705081 -1.4025416 -0.0460735
v 0.1373465 -1.3820467 -0.0350957
v 0.1581006 -1.4140839 -0.0347324
v 0.1702851 -1.3821845 -0.0518187
v 0.1383857 -1.4018994 -0.0282060
v 0.1705081 -1.3374584 -0.0460735
v 0.1373465 -1.3579533 -0.0350957
v 0.1581006 -1.3259161 -0.0347324
v 0.1702851 -1.3578155 -0.0518187
v 0.1383857 -1.3381006 -0.0282060
v 0.1505702 -1.3700000 -0.0452923
v 0.1379665 -1.3173465 0.0204404
v 0.1252999 -1.3505081 0.0382028
v 0.1459161 -1.3183857 0.0376462
v 0.1262012 -1.3305702 0.0100000
v 0.1379665 -1.4226535 0.0204404
v 0.1252999 -1.3894919 0.0382028
v 0.1459161 -1.4216143 0.0376462
v 0.1262012 -1.4094298 0.0100000
v 0.1705081 -1.4025416 0.0660735
v 0.1373465 -1.3820467 0.0550957
v 0.1581006 -1.4140839 0.0547324
v 0.1702851 -1.3821845 0.0718187
v 0.1383857 -1.4018994 0.0482060
v 0.1705081 -1.3374584 0.0660735
v 0.1373465 -1.3579533 0.0550957
v 0.1581006 -1.3259161 0.0547324
v 0.1702851 -1.3578155 0.0718187
v 0.1383857 -1.3381006 0.0482060
v 0.1505702 -1.3700000 0.0652923
v 0.1178546 -1.3700000 -0.0077623
v 0.1178546 -1.3700000 0.0277623
v 0.1186708 -1.3502851 -0.0005599
v 0.1186708 -1.3897149 -0.0005599
v 0.1186708 -1.3502851 0.0205599
v 0.1186708 -1.3897149 0.0205599
v 0.1597483 -1.3013717 0.0100000
v 0.1796536 -1.2957171 0.0100000
v 0.2202517 -1.3013717 0.0100000
v 0.2003464 -1.2957171 0.0100000
v 0.1597483 -1.4386283 0.0100000
v 0.1796536 -1.4442829 0.0100000
v 0.2202517 -1.4386283 0.0100000
v 0.2003464 -1.4442829 0.0100000
v 0.1536669 -1.4348697 0.0185280
v 0.1618721 -1.4332934 0.0349349
v 0.1631328 -1.4393228 0.0185576
v 0.1839185 -1.4161732 0.0609498
v 0.1722185 -1.4268989 0.0494436
v 0.1838318 -1.4440766 0.0186496
v 0.1720992 -1.4368255 0.0351022
v 0.1734912 -1.4424794 0.0186315
v 0.1674056 -1.4387183 0.0271654
v 0.2263331 -1.4348697 0.0185280
v 0.2181279 -1.4332934 0.0349349
v 0.2168672 -1.4393228 0.0185576
v 0.1960815 -1.4161732 0.0609498
v 0.2077815 -1.4268989 0.0494436
v 0.1900000 -1.4227180 0.0562333
v 0.1961682 -1.4440766 0.0186496
v 0.2079008 -1.4368255 0.0351022
v 0.2065088 -1.4424794 0.0186315
v 0.1900000 -1.4422896 0.0273163
v 0.2125944 -1.4387183 0.0271654
v 0.1782674 -1.4330133 0.0437518
v 0.2017326 -1.4330133 0.0437518
v 0.1839144 -1.4285153 0.0503156
v 0.1838257 -1.4384737 0.0359745
v 0.1960856 -1.4285153 0.0503156
v 0.1961743 -1.4384737 0.0359745
v 0.1536669 -1.3051303 0.0185280
v 0.1618721 -1.3067066 0.0349349
v 0.1631328 -1.3006772 0.0185576
v 0.1839185 -1.3238268 0.0609498
v 0.1722185 -1.3131011 0.0494436
v 0.1838318 -1.2959234 0.0186496
v 0.1720992 -1.3031745 0.0351022
v 0.1734912 -1.2975206 0.0186315
v 0.1674056 -1.3012817 0.0271654
v 0.2263331 -1.3051303 0.0185280
v 0.2181279 -1.3067066 0.0349349
v 0.2168672 -1.3006772 0.0185576
v 0.1960815 -1.3238268 0.0609498
v 0.2077815 -1.3131011 0.0494436
v 0.1900000 -1.3172820 0.0562333
v 0.1961682 -1.2959234 0.0186496
v 0.2079008 -1.3031745 0.0351022
v 0.2065088 -1.2975206 0.0186315
v 0.1900000 -1.2977104 0.0273163
v 0.2125944 -1.3012817 0.0271654
v 0.1782674 -1.3069867 0.0437518
v 0.2017326 -1.3069867 0.0437518
v 0.1839144 -1.3114847 0.0503156
v 0.1838257 -1.3015263 0.0359745
v 0.1960856 -1.3114847 0.0503156
v 0.1961743 -1.3015263 0.0359745
v 0.1900000 -1.4002517 0.0694778
v 0.1900000 -1.3803464 0.0743785
v 0.1900000 -1.3397483 0.0694778
v 0.1900000 -1.3596536 0.0743785
v 0.1536669 -1.4348697 0.0014720
v 0.1618721 -1.4332934 -0.0149349
v 0.1631328 -1.4393228 0.0014424
v 0.1839185 -1.4161732 -0.0409498
v 0.1722185 -1.4268989 -0.0294436
v 0.1838318 -1.4440766 0.0013504
v 0.1720992 -1.4368255 -0.0151022
v 0.1734912 -1.4424794 0.0013685
v 0.1674056 -1.4387183 -0.0071654
v 0.2263331 -1.4348697 0.0014720
v 0.2181279 -1.4332934 -0.0149349
v 0.2168672 -1.4393228 0.0014424
v 0.1960815 -1.4161732 -0.0409498
v 0.2077815 -1.4268989 -0.0294436
v 0.1900000 -1.4227180 -0.0362333
v 0.1961682 -1.4440766 0.0013504
v 0.2079008 -1.4368255 -0.0151022
v 0.2065088 -1.4424794 0.0013685
v 0.1900000 -1.4422896 -0.0073163
v 0.2125944 -1.4387183 -0.0071654
v 0.1782674 -1.4330133 -0.0237518
v 0.2017326 -1.4330133 -0.0237518
v 0.1839144 -1.4285153 -0.0303156
v 0.1838257 -1.4384737 -0.0159745
v 0.1960856 -1.4285153 -0.0303156
v 0.1961743 -1.4384737 -0.0159745
v 0.1536669 -1.3051303 0.0014720
v 0.1618721 -1.3067066 -0.0149349
v 0.1631328 -1.3006772 0.0014424
v 0.1839185 -1.3238268 -0.0409498
v 0.1722185 -1.3131011 -0.0294436
v 0.1838318 -1.2959234 0.0013504
v 0.1720992 -1.3031745 -0.0151022
v 0.1734912 -1.2975206 0.0013685
v 0.1674056 -1.3012817 -0.0071654
v 0.2263331 -1.3051303 0.0014720
v 0.2181279 -1.3067066 -0.0149349
v 0.2168672 -1.3006772 0.0014424
v 0.1960815 -1.3238268 -0.0409498
v 0.2077815 -1.3131011 -0.0294436
v 0.1900000 -1.3172820 -0.0362333
v 0.1961682 -1.2959234 0.0013504
v 0.2079008 -1.3031745 -0.0151022
v 0.2065088 -1.2975206 0.0013685
v 0.1900000 -1.2977104 -0.0073163
v 0.2125944 -1.3012817 -0.0071654
v 0.1782674 -1.3069867 -0.0237518
v 0.2017326 -1.3069867 -0.0237518
v 0.1839144 -1.3114847 -0.0303156
v 0.1838257 -1.3015263 -0.0159745
v 0.1960856 -1.3114847 -0.0303156
v 0.1961743 -1.3015263 -0.0159745
v 0.1900000 -1.4002517 -0.0494778
v 0.1900000 -1.3803464 -0.0543785
v 0.1900000 -1.3397483 -0.0494778
v 0.1900000 -1.3596536 -0.0543785
v 0.2361732 -1.3112118 0.0047294
v 0.2468989 -1.3244881 -0.0054106
v 0.2328439 -1.3105513 -0.0038465
v 0.2548697 -1.3601600 -0.0214887
v 0.2532934 -1.3412290 -0.0143775
v 0.2240493 -1.3131548 -0.0204479
v 0.2430330 -1.3248874 -0.0141636
v 0.2287091 -1.3112411 -0.0124999
v 0.2385559 -1.3173268 -0.0092403
v 0.2361732 -1.4287882 0.0047294
v 0.2468989 -1.4155119 -0.0054106
v 0.2328439 -1.4294487 -0.0038465
v 0.2548697 -1.3798400 -0.0214887
v 0.2532934 -1.3987710 -0.0143775
v 0.2240493 -1.4268452 -0.0204479
v 0.2430330 -1.4151126 -0.0141636
v 0.2287091 -1.4287589 -0.0124999
v 0.2385559 -1.4226732 -0.0092403
v 0.1998400 -1.4063331 -0.0462204
v 0.2187710 -1.3981279 -0.0448542
v 0.2059767 -1.4128439 -0.0415222
v 0.1998742 -1.3968672 -0.0500798
v 0.2487882 -1.3760815 -0.0300167
v 0.2355119 -1.3877815 -0.0393124
v 0.2494487 -1.3859767 -0.0271314
v 0.2178811 -1.4230330 -0.0290976
v 0.2251322 -1.4040493 -0.0392658
v 0.2122003 -1.4185559 -0.0356501
v 0.2285032 -1.4184933 -0.0266765
v 0.2159615 -1.4087091 -0.0409244
v 0.1999803 -1.3761682 -0.0541997
v 0.2189641 -1.3879008 -0.0479154
v 0.1999594 -1.3865088 -0.0528155
v 0.2098062 -1.3925944 -0.0495559
v 0.2468452 -1.4051322 -0.0195094
v 0.2351126 -1.3978811 -0.0359619
v 0.2487589 -1.3959615 -0.0235479
v 0.2384933 -1.4123191 -0.0233694
v 0.2426732 -1.3922003 -0.0320818
v 0.2323191 -1.4085032 -0.0320276
v 0.1998400 -1.3336669 -0.0462204
v 0.2187710 -1.3418721 -0.0448542
v 0.2059767 -1.3271561 -0.0415222
v 0.1998742 -1.3431328 -0.0500798
v 0.2487882 -1.3639185 -0.0300167
v 0.2355119 -1.3522185 -0.0393124
v 0.2494487 -1.3540233 -0.0271314
v 0.2433461 -1.3700000 -0.0356890
v 0.2178811 -1.3169670 -0.0290976
v 0.2251322 -1.3359507 -0.0392658
v 0.2122003 -1.3214441 -0.0356501
v 0.2285032 -1.3215067 -0.0266765
v 0.2159615 -1.3312909 -0.0409244
v 0.1999803 -1.3638318 -0.0541997
v 0.2189641 -1.3520992 -0.0479154
v 0.1999594 -1.3534912 -0.0528155
v 0.2099804 -1.3700000 -0.0526510
v 0.2098062 -1.3474056 -0.0495559
v 0.2468452 -1.3348678 -0.0195094
v 0.2351126 -1.3421189 -0.0359619
v 0.2487589 -1.3440385 -0.0235479
v 0.2384933 -1.3276809 -0.0233694
v 0.2426732 -1.3477997 -0.0320818
v 0.2323191 -1.3314968 -0.0320276
v 0.2289444 -1.3817326 -0.0446116
v 0.2289444 -1.3582674 -0.0446116
v 0.2365180 -1.3760856 -0.0407133
v 0.2199705 -1.3761743 -0.0493439
v 0.2365180 -1.3639144 -0.0407133
v 0.2199705 -1.3638257 -0.0493439
v 0.2361732 -1.3112118 0.0152706
v 0.2468989 -1.3244881 0.0254106
v 0.2328439 -1.3105513 0.0238465
v 0.2427180 -1.3166539 0.0100000
v 0.2548697 -1.3601600 0.0414887
v 0.2532934 -1.3412290 0.0343775
v 0.2240493 -1.3131548 0.0404479
v 0.2430330 -1.3248874 0.0341636
v 0.2287091 -1.3112411 0.0324999
v 0.2385559 -1.3173268 0.0292403
v 0.2530133 -1.3310556 -0.0001682
v 0.2530133 -1.3310556 0.0201682
v 0.2485153 -1.3234820 0.0047258
v 0.2485153 -1.3234820 0.0152742
v 0.2361732 -1.4287882 0.0152706
v 0.2468989 -1.4155119 0.0254106
v 0.2328439 -1.4294487 0.0238465
v 0.2427180 -1.4233461 0.0100000
v 0.2548697 -1.3798400 0.0414887
v 0.2532934 -1.3987710 0.0343775
v 0.2240493 -1.4268452 0.0404479
v 0.2430330 -1.4151126 0.0341636
v 0.2287091 -1.4287589 0.0324999
v 0.2385559 -1.4226732 0.0292403
v 0.2530133 -1.4089444 -0.0001682
v 0.2530133 -1.4089444 0.0201682
v 0.2485153 -1.4165180 0.0047258
v 0.2485153 -1.4165180 0.0152742
v 0.1998400 -1.4063331 0.0662204
v 0.2187710 -1.3981279 0.0648542
v 0.2059767 -1.4128439 0.0615222
v 0.1998742 -1.3968672 0.0700798
v 0.2487882 -1.3760815 0.0500167
v 0.2355119 -1.3877815 0.0593124
v 0.2494487 -1.3859767 0.0471314
v 0.2178811 -1.4230330 0.0490976
v 0.2251322 -1.4040493 0.0592658
v 0.2122003 -1.4185559 0.0556501
v 0.2285032 -1.4184933 0.0466765
v 0.2159615 -1.4087091 0.0609244
v 0.1999803 -1.3761682 0.0741997
v 0.2189641 -1.3879008 0.0679154
v 0.1999594 -1.3865088 0.0728155
v 0.2098062 -1.3925944 0.0695559
v 0.2468452 -1.4051322 0.0395094
v 0.2351126 -1.3978811 0.0559619
v 0.2487589 -1.3959615 0.0435479
v 0.2384933 -1.4123191 0.0433694
v 0.2426732 -1.3922003 0.0520818
v 0.2323191 -1.4085032 0.0520276
v 0.1998400 -1.3336669 0.0662204
v 0.2187710 -1.3418721 0.0648542
v 0.2059767 -1.3271561 0.0615222
v 0.1998742 -1.3431328 0.0700798
v 0.2487882 -1.3639185 0.0500167
v 0.2355119 -1.3522185 0.0593124
v 0.2494487 -1.3540233 0.0471314
v 0.2433461 -1.3700000 0.0556890
v 0.2178811 -1.3169670 0.0490976
v 0.2251322 -1.3359507 0.0592658
v 0.2122003 -1.3214441 0.0556501
v 0.2285032 -1.3215067 0.0466765
v 0.2159615 -1.3312909 0.0609244
v 0.1999803 -1.3638318 0.0741997
v 0.2189641 -1.3520992 0.0679154
v 0.1999594 -1.3534912 0.0728155
v 0.2099804 -1.3700000 0.0726510
v 0.2098062 -1.3474056 0.0695559
v 0.2468452 -1.3348678 0.0395094
v 0.2351126 -1.3421189 0.0559619
v 0.2487589 -1.3440385 0.0435479
v 0.2384933 -1.3276809 0.0433694
v 0.2426732 -1.3477997 0.0520818
v 0.2323191 -1.3314968 0.0520276
v 0.2289444 -1.3817326 0.0646116
v 0.2289444 -1.3582674 0.0646116
v 0.2365180 -1.3760856 0.0607133
v 0.2199705 -1.3761743 0.0693439
v 0.2365180 -1.3639144 0.0607133
v 0.2199705 -1.3638257 0.0693439
v 0.2586283 -1.3700000 -0.0162181
v 0.2642829 -1.3700000 0.0010331
v 0.2593228 -1.3601258 -0.0132849
v 0.2593228 -1.3798742 -0.0132849
v 0.2586283 -1.3700000 0.0362181
v 0.2642829 -1.3700000 0.0189669
v 0.2593228 -1.3601258 0.0332849
v 0.2593228 -1.3798742 0.0332849
v 0.2568255 -1.3410359 -0.0055140
v 0.2640766 -1.3600197 0.0046542
v 0.2587183 -1.3501938 -0.0095818
v 0.2584737 -1.3400295 0.0046490
v 0.2624794 -1.3600406 -0.0043076
v 0.2568255 -1.3989641 -0.0055140
v 0.2640766 -1.3799803 0.0046542
v 0.2587183 -1.3898062 -0.0095818
v 0.2584737 -1.3999705 0.0046490
v 0.2624794 -1.3799594 -0.0043076
v 0.2568255 -1.3410359 0.0255140
v 0.2640766 -1.3600197 0.0153458
v 0.2587183 -1.3501938 0.0295818
v 0.2584737 -1.3400295 0.0153510
v 0.2624794 -1.3600406 0.0243076
v 0.2622896 -1.3500196 0.0100000
v 0.2568255 -1.3989641 0.0255140
v 0.2640766 -1.3799803 0.0153458
v 0.2587183 -1.3898062 0.0295818
v 0.2584737 -1.3999705 0.0153510
v 0.2624794 -1.3799594 0.0243076
v 0.2622896 -1.3899804 0.0100000
v 0.1438268 -1.3112118 0.0047294
v 0.1331011 -1.3244881 -0.0054106
v 0.1471561 -1.3105513 -0.0038465
v 0.1251303 -1.3601600 -0.0214887
v 0.1267066 -1.3412290 -0.0143775
v 0.1559507 -1.3131548 -0.0204479
v 0.1369670 -1.3248874 -0.0141636
v 0.1512909 -1.3112411 -0.0124999
v 0.1414441 -1.3173268 -0.0092403
v 0.1438268 -1.4287882 0.0047294
v 0.1331011 -1.4155119 -0.0054106
v 0.1471561 -1.4294487 -0.0038465
v 0.1251303 -1.3798400 -0.0214887
v 0.1267066 -1.3987710 -0.0143775
v 0.1559507 -1.4268452 -0.0204479
v 0.1369670 -1.4151126 -0.0141636
v 0.1512909 -1.4287589 -0.0124999
v 0.1414441 -1.4226732 -0.0092403
v 0.1801600 -1.4063331 -0.0462204
v 0.1612290 -1.3981279 -0.0448542
v 0.1740233 -1.4128439 -0.0415222
v 0.1801258 -1.3968672 -0.0500798
v 0.1312118 -1.3760815 -0.0300167
v 0.1444881 -1.3877815 -0.0393124
v 0.1305513 -1.3859767 -0.0271314
v 0.1621189 -1.4230330 -0.0290976
v 0.1548678 -1.4040493 -0.0392658
v 0.1677997 -1.4185559 -0.0356501
v 0.1514968 -1.4184933 -0.0266765
v 0.1640385 -1.4087091 -0.0409244
v 0.1800197 -1.3761682 -0.0541997
v 0.1610359 -1.3879008 -0.0479154
v 0.1800406 -1.3865088 -0.0528155
v 0.1701938 -1.3925944 -0.0495559
v 0.1331548 -1.4051322 -0.0195094
v 0.1448874 -1.3978811 -0.0359619
v 0.1312411 -1.3959615 -0.0235479
v 0.1415067 -1.4123191 -0.0233694
v 0.1373268 -1.3922003 -0.0320818
v 0.1476809 -1.4085032 -0.0320276
v 0.1801600 -1.3336669 -0.0462204
v 0.1612290 -1.3418721 -0.0448542
v 0.1740233 -1.3271561 -0.0415222
v 0.1801258 -1.3431328 -0.0500798
v 0.1312118 -1.3639185 -0.0300167
v 0.1444881 -1.3522185 -0.0393124
v 0.1305513 -1.3540233 -0.0271314
v 0.1366539 -1.3700000 -0.0356890
v 0.1621189 -1.3169670 -0.0290976
v 0.1548678 -1.3359507 -0.0392658
v 0.1677997 -1.3214441 -0.0356501
v 0.1514968 -1.3215067 -0.0266765
v 0.1640385 -1.3312909 -0.0409244
v 0.1800197 -1.3638318 -0.0541997
v 0.1610359 -1.3520992 -0.0479154
v 0.1800406 -1.3534912 -0.0528155
v 0.1700196 -1.3700000 -0.0526510
v 0.1701938 -1.3474056 -0.0495559
v 0.1331548 -1.3348678 -0.0195094
v 0.1448874 -1.3421189 -0.0359619
v 0.1312411 -1.3440385 -0.0235479
v 0.1415067 -1.3276809 -0.0233694
v 0.1373268 -1.3477997 -0.0320818
v 0.1476809 -1.3314968 -0.0320276
v 0.1510556 -1.3817326 -0.0446116
v 0.1510556 -1.3582674 -0.0446116
v 0.1434820 -1.3760856 -0.0407133
v 0.1600295 -1.3761743 -0.0493439
v 0.1434820 -1.3639144 -0.0407133
v 0.1600295 -1.3638257 -0.0493439
v 0.1438268 -1.3112118 0.0152706
v 0.1331011 -1.3244881 0.0254106
v 0.1471561 -1.3105513 0.0238465
v 0.1372820 -1.3166539 0.0100000
v 0.1251303 -1.3601600 0.0414887
v 0.1267066 -1.3412290 0.0343775
v 0.1559507 -1.3131548 0.0404479
v 0.1369670 -1.3248874 0.0341636
v 0.1512909 -1.3112411 0.0324999
v 0.1414441 -1.3173268 0.0292403
v 0.1269867 -1.3310556 -0.0001682
v 0.1269867 -1.3310556 0.0201682
v 0.1314847 -1.3234820 0.0047258
v 0.1314847 -1.3234820 0.0152742
v 0.1438268 -1.4287882 0.0152706
v 0.1331011 -1.4155119 0.0254106
v 0.1471561 -1.4294487 0.0238465
v 0.1372820 -1.4233461 0.0100000
v 0.1251303 -1.3798400 0.0414887
v 0.1267066 -1.3987710 0.0343775
v 0.1559507 -1.4268452 0.0404479
v 0.1369670 -1.4151126 0.0341636
v 0.1512909 -1.4287589 0.0324999
v 0.1414441 -1.4226732 0.0292403
v 0.1269867 -1.4089444 -0.0001682
v 0.1269867 -1.4089444 0.0201682
v 0.1314847 -1.4165180 0.0047258
v 0.1314847 -1.4165180 0.0152742
v 0.1801600 -1.4063331 0.0662204
v 0.1612290 -1.3981279 0.0648542
v 0.1740233 -1.4128439 0.0615222
v 0.1801258 -1.3968672 0.0700798
v 0.1312118 -1.3760815 0.0500167
v 0.1444881 -1.3877815 0.0593124
v 0.1305513 -1.3859767 0.0471314
v 0.1621189 -1.4230330 0.0490976
v 0.1548678 -1.4040493 0.0592658
v 0.1677997 -1.4185559 0.0556501
v 0.1514968 -1.4184933 0.0466765
v 0.1640385 -1.4087091 0.0609244
v 0.1800197 -1.3761682 0.0741997
v 0.1610359 -1.3879008 0.0679154
v 0.1800406 -1.3865088 0.0728155
v 0.1701938 -1.3925944 0.0695559
v 0.1331548 -1.4051322 0.0395094
v 0.1448874 -1.3978811 0.0559619
v 0.1312411 -1.3959615 0.0435479
v 0.1415067 -1.4123191 0.0433694
v 0.1373268 -1.3922003 0.0520818
v 0.1476809 -1.4085032 0.0520276
v 0.1801600 -1.3336669 0.0662204
v 0.1612290 -1.3418721 0.0648542
v 0.1740233 -1.3271561 0.0615222
v 0.1801258 -1.3431328 0.0700798
v 0.1312118 -1.3639185 0.0500167
v 0.1444881 -1.3522185 0.0593124
v 0.1305513 -1.3540233 0.0471314
v 0.1366539 -1.3700000 0.0556890
v 0.1621189 -1.3169670 0.0490976
v 0.1548678 -1.3359507 0.0592658
v 0.1677997 -1.3214441 0.0556501
v 0.1514968 -1.3215067 0.0466765
v 0.1640385 -1.3312909 0.0609244
v 0.1800197 -1.3638318 0.0741997
v 0.1610359 -1.3520992 0.0679154
v 0.1800406 -1.3534912 0.0728155
v 0.1700196 -1.3700000 0.0726510
v 0.1701938 -1.3474056 0.0695559
v 0.1331548 -1.3348678 0.0395094
v 0.1448874 -1.3421189 0.0559619
v 0.1312411 -1.3440385 0.0435479
v 0.1415067 -1.3276809 0.0433694
v 0.1373268 -1.3477997 0.0520818
v 0.1476809 -1.3314968 0.0520276
v 0.1510556 -1.3817326 0.0646116
v 0.1510556 -1.3582674 0.0646116
v 0.1434820 -1.3760856 0.0607133
v 0.1600295 -1.3761743 0.0693439
v 0.1434820 -1.3639144 0.0607133
v 0.1600295 -1.3638257 0.0693439
v 0.1213717 -1.3700000 -0.0162181
v 0.1157171 -1.3700000 0.0010331
v 0.1206772 -1.3601258 -0.0132849
v 0.1206772 -1.3798742 -0.0132849
v 0.1213717 -1.3700000 0.0362181
v 0.1157171 -1.3700000 0.0189669
v 0.1206772 -1.3601258 0.0332849
v 0.1206772 -1.3798742 0.0332849
v 0.1231745 -1.3410359 -0.0055140
v 0.1159234 -1.3600197 0.0046542
v 0.1212817 -1.3501938 -0.0095818
v 0.1215263 -1.3400295 0.0046490
v 0.1175206 -1.3600406 -0.0043076
v 0.1231745 -1.3989641 -0.0055140
v 0.1159234 -1.3799803 0.0046542
v 0.1212817 -1.3898062 -0.0095818
v 0.1215263 -1.3999705 0.0046490
v 0.1175206 -1.3799594 -0.0043076
v 0.1231745 -1.3410359 0.0255140
v 0.1159234 -1.3600197 0.0153458
v 0.1212817 -1.3501938 0.0295818
v 0.1215263 -1.3400295 0.0153510
v 0.1175206 -1.3600406 0.0243076
v 0.1177104 -1.3500196 0.0100000
v 0.1231745 -1.3989641 0.0255140
v 0.1159234 -1.3799803 0.0153458
v 0.1212817 -1.3898062 0.0295818
v 0.1215263 -1.3999705 0.0153510
v 0.1175206 -1.3799594 0.0243076
v 0.1177104 -1.3899804 0.0100000
vn -0.5258203 0.8505957 -0.0000000
vn 0.5258203 0.8505957 0.0000000
vn -0.5258203 -0.8505957 0.0000000
vn 0.5258203 -0.8505957 -0.0000000
vn -0.0000000 -0.4727970 0.8811714
vn 0.0000000 0.4727970 0.8811714
vn 0.0000000 -0.4727970 -0.8811714
vn -0.0000000 0.4727970 -0.8811714
vn 0.8146876 -0.0000000 -0.5799001
vn 0.8146876 0.0000000 0.5799001
vn -0.8146876 0.0000000 -0.5799001
vn -0.8146876 -0.0000000 0.5799001
vn 0.0000000 1.0000000 -0.0000000
vn 0.0000000 -1.0000000 -0.0000000
vn -0.2970626 -0.7779414 0.5536796
vn 0.2970626 -0.7779414 0.5536796
vn -0.2970626 0.7779414 0.5536796
vn 0.2970626 0.7779414 0.5536796
vn 0.0000000 0.0000000 1.0000000
vn -0.2970626 -0.7779414 -0.5536796
vn 0.2970626 -0.7779414 -0.5536796
vn -0.2970626 0.7779414 -0.5536796
vn 0.2970626 0.7779414 -0.5536796
vn 0.0000000 0.0000000 -1.0000000
vn 0.7967846 0.4923498 -0.3503226
vn 0.7967846 -0.4923498 -0.3503226
vn 0.4538587 -0.2806143 -0.8457351
vn 0.4538587 0.2806143 -0.8457351
vn 0.7967846 0.4923498 0.3503226
vn 0.7967846 -0.4923498 0.3503226
vn 0.4538587 -0.2806143 0.8457351
vn 0.4538587 0.2806143 0.8457351
vn 1.0000000 0.0000000 0.0000000
vn -0.7967846 0.4923498 -0.3503226
vn -0.7967846 -0.4923498 -0.3503226
vn -0.4538587 -0.2806143 -0.8457351
vn -0.4538587 0.2806143 -0.8457351
vn -0.7967846 0.4923498 0.3503226
vn -0.7967846 -0.4923498 0.3503226
vn -0.4538587 -0.2806143 0.8457351
vn -0.4538587 0.2806143 0.8457351
vn -1.0000000 0.0000000 0.0000000
vn -0.2745740 0.9615660 0.0000000
vn 0.2745740 0.9615660 -0.0000000
vn -0.2745740 -0.9615660 -0.0000000
vn 0.2745740 -0.9615660 0.0000000
vn -0.4293734 -0.8535281 0.2951751
vn -0.1486338 -0.6433515 0.7510039
vn -0.1562657 -0.9402451 0.3025229
vn 0.4293734 -0.8535281 0.2951751
vn 0.1486338 -0.6433515 0.7510039
vn 0.1562657 -0.9402451 0.3025229
vn 0.0000000 -0.8178835 0.5753838
vn -0.4293734 0.8535281 0.2951751
vn -0.1486338 0.6433515 0.7510039
vn -0.1562657 0.9402451 0.3025229
vn 0.4293734 0.8535281 0.2951751
vn 0.1486338 0.6433515 0.7510039
vn 0.1562657 0.9402451 0.3025229
vn 0.0000000 0.8178835 0.5753838
vn 0.0000000 -0.2402597 0.9707086
vn 0.0000000 0.2402597 0.9707086
vn -0.4293734 -0.8535281 -0.2951751
vn -0.1486338 -0.6433515 -0.7510039
vn -0.1562657 -0.9402451 -0.3025229
vn 0.4293734 -0.8535281 -0.2951751
vn 0.1486338 -0.6433515 -0.7510039
vn 0.1562657 -0.9402451 -0.3025229
vn 0.0000000 -0.8178835 -0.5753838
vn -0.4293734 0.8535281 -0.2951751
vn -0.1486338 0.6433515 -0.7510039
vn -0.1562657 0.9402451 -0.3025229
vn 0.4293734 0.8535281 -0.2951751
vn 0.1486338 0.6433515 -0.7510039
vn 0.1562657 0.9402451 -0.3025229
vn -0.0000000 0.8178835 -0.5753838
vn -0.0000000 -0.2402597 -0.9707086
vn -0.0000000 0.2402597 -0.9707086
vn 0.6905254 0.6997264 -0.1831873
vn 0.8372946 0.2512826 -0.4855870
vn 0.5707738 0.6658910 -0.4804232
vn 0.6905254 -0.6997264 -0.1831873
vn 0.8372946 -0.2512826 -0.4855870
vn 0.5707738 -0.6658910 -0.4804232
vn 0.2322177 -0.3895372 -0.8912552
vn 0.6533534 -0.1489815 -0.7422491
vn 0.4001849 -0.5474542 -0.7349462
vn 0.2333768 -0.1388327 -0.9624244
vn 0.6497815 -0.4075579 -0.6416234
vn 0.2322177 0.3895372 -0.8912552
vn 0.6533534 0.1489815 -0.7422491
vn 0.4001849 0.5474542 -0.7349462
vn 0.2333768 0.1388327 -0.9624244
vn 0.6497815 0.4075579 -0.6416234
vn 0.4686557 0.0000000 -0.8833809
vn 0.6905254 0.6997264 0.1831873
vn 0.8372946 0.2512826 0.4855870
vn 0.5707738 0.6658910 0.4804232
vn 0.8535012 0.5210909 0.0000000
vn 0.6905254 -0.6997264 0.1831873
vn 0.8372946 -0.2512826 0.4855870
vn 0.5707738 -0.6658910 0.4804232
vn 0.8535012 -0.5210909 0.0000000
vn 0.2322177 -0.3895372 0.8912552
vn 0.6533534 -0.1489815 0.7422491
vn 0.4001849 -0.5474542 0.7349462
vn 0.2333768 -0.1388327 0.9624244
vn 0.6497815 -0.4075579 0.6416234
vn 0.2322177 0.3895372 0.8912552
vn 0.6533534 0.1489815 0.7422491
vn 0.4001849 0.5474542 0.7349462
vn 0.2333768 0.1388327 0.9624244
vn 0.6497815 0.4075579 0.6416234
vn 0.4686557 0.0000000 0.8833809
vn 0.9501800 -0.0000000 -0.3117018
vn 0.9501800 0.0000000 0.3117018
vn 0.9472709 0.2643092 -0.1811588
vn 0.9472709 -0.2643092 -0.1811588
vn 0.9472709 0.2643092 0.1811588
vn 0.9472709 -0.2643092 0.1811588
vn -0.6905254 0.6997264 -0.1831873
vn -0.8372946 0.2512826 -0.4855870
vn -0.5707738 0.6658910 -0.4804232
vn -0.6905254 -0.6997264 -0.1831873
vn -0.8372946 -0.2512826 -0.4855870
vn -0.5707738 -0.6658910 -0.4804232
vn -0.2322177 -0.3895372 -0.8912552
vn -0.6533534 -0.1489815 -0.7422491
vn -0.4001849 -0.5474542 -0.7349462
vn -0.2333768 -0.1388327 -0.9624244
vn -0.6497815 -0.4075579 -0.6416234
vn -0.2322177 0.3895372 -0.8912552
vn -0.6533534 0.1489815 -0.7422491
vn -0.4001849 0.5474542 -0.7349462
vn -0.2333768 0.1388327 -0.9624244
vn -0.6497815 0.4075579 -0.6416234
vn -0.4686557 -0.0000000 -0.8833809
vn -0.6905254 0.6997264 0.1831873
vn -0.8372946 0.2512826 0.4855870
vn -0.5707738 0.6658910 0.4804232
vn -0.8535012 0.5210909 0.0000000
vn -0.6905254 -0.6997264 0.1831873
vn -0.8372946 -0.2512826 0.4855870
vn -0.5707738 -0.6658910 0.4804232
vn -0.8535012 -0.5210909 0.0000000
vn -0.2322177 -0.3895372 0.8912552
vn -0.6533534 -0.1489815 0.7422491
vn -0.4001849 -0.5474542 0.7349462
vn -0.2333768 -0.1388327 0.9624244
vn -0.6497815 -0.4075579 0.6416234
vn -0.2322177 0.3895372 0.8912552
vn -0.6533534 0.1489815 0.7422491
vn -0.4001849 0.5474542 0.7349462
vn -0.2333768 0.1388327 0.9624244
vn -0.6497815 0.4075579 0.6416234
vn -0.4686557 0.0000000 0.8833809
vn -0.9501800 -0.0000000 -0.3117018
vn -0.9501800 -0.0000000 0.3117018
vn -0.9472709 0.2643092 -0.1811588
vn -0.9472709 -0.2643092 -0.1811588
vn -0.9472709 0.2643092 0.1811588
vn -0.9472709 -0.2643092 0.1811588
vn -0.4046673 0.9144640 -0.0000000
vn -0.1388792 0.9903093 -0.0000000
vn 0.4046673 0.9144640 -0.0000000
vn 0.1388792 0.9903093 0.0000000
vn -0.4046673 -0.9144640 -0.0000000
vn -0.1388792 -0.9903093 0.0000000
vn 0.4046673 -0.9144640 -0.0000000
vn 0.1388792 -0.9903093 -0.0000000
vn -0.4832110 -0.8626021 0.1497490
vn -0.3664995 -0.8245799 0.4309827
vn -0.3562488 -0.9219394 0.1520347
vn -0.0735348 -0.5611970 0.8244092
vn -0.2237384 -0.7164861 0.6607487
vn -0.0775615 -0.9847462 0.1557535
vn -0.2288019 -0.8695830 0.4375786
vn -0.2206107 -0.9632921 0.1529681
vn -0.2980374 -0.9064042 0.2993413
vn 0.4832110 -0.8626021 0.1497490
vn 0.3664995 -0.8245799 0.4309827
vn 0.3562488 -0.9219394 0.1520347
vn 0.0735348 -0.5611970 0.8244092
vn 0.2237384 -0.7164861 0.6607487
vn 0.0000000 -0.6520825 0.7581480
vn 0.0775615 -0.9847462 0.1557535
vn 0.2288019 -0.8695830 0.4375786
vn 0.2206107 -0.9632921 0.1529681
vn 0.0000000 -0.9524103 0.3048189
vn 0.2980374 -0.9064042 0.2993413
vn -0.1505380 -0.8085548 0.5688387
vn 0.1505380 -0.8085548 0.5688387
vn -0.0755248 -0.7349357 0.6739181
vn -0.0788847 -0.8907291 0.4476369
vn 0.0755248 -0.7349357 0.6739181
vn 0.0788847 -0.8907291 0.4476369
vn -0.4832110 0.8626021 0.1497490
vn -0.3664995 0.8245799 0.4309827
vn -0.3562488 0.9219394 0.1520347
vn -0.0735348 0.5611970 0.8244092
vn -0.2237384 0.7164861 0.6607487
vn -0.0775615 0.9847462 0.1557535
vn -0.2288019 0.8695830 0.4375786
vn -0.2206107 0.9632921 0.1529681
vn -0.2980374 0.9064042 0.2993413
vn 0.4832110 0.8626021 0.1497490
vn 0.3664995 0.8245799 0.4309827
vn 0.3562488 0.9219394 0.1520347
vn 0.0735348 0.5611970 0.8244092
vn 0.2237384 0.7164861 0.6607487
vn -0.0000000 0.6520825 0.7581480
vn 0.0775615 0.9847462 0.1557535
vn 0.2288019 0.8695830 0.4375786
vn 0.2206107 0.9632921 0.1529681
vn 0.0000000 0.9524103 0.3048189
vn 0.2980374 0.9064042 0.2993413
vn -0.1505380 0.8085548 0.5688387
vn 0.1505380 0.8085548 0.5688387
vn -0.0755248 0.7349357 0.6739181
vn -0.0788847 0.8907291 0.4476369
vn 0.0755248 0.7349357 0.6739181
vn 0.0788847 0.8907291 0.4476369
vn -0.0000000 -0.3582214 0.9336367
vn -0.0000000 -0.1206072 0.9927003
vn 0.0000000 0.3582214 0.9336367
vn 0.0000000 0.1206072 0.9927003
vn -0.4832110 -0.8626021 -0.1497490
vn -0.3664995 -0.8245799 -0.4309827
vn -0.3562488 -0.9219394 -0.1520347
vn -0.0735348 -0.5611970 -0.8244092
vn -0.2237384 -0.7164861 -0.6607487
vn -0.0775615 -0.9847462 -0.1557535
vn -0.2288019 -0.8695830 -0.4375786
vn -0.2206107 -0.9632921 -0.1529681
vn -0.2980374 -0.9064042 -0.2993413
vn 0.4832110 -0.8626021 -0.1497490
vn 0.3664995 -0.8245799 -0.4309827
vn 0.3562488 -0.9219394 -0.1520347
vn 0.0735348 -0.5611970 -0.8244092
vn 0.2237384 -0.7164861 -0.6607487
vn 0.0000000 -0.6520825 -0.7581480
vn 0.0775615 -0.9847462 -0.1557535
vn 0.2288019 -0.8695830 -0.4375786
vn 0.2206107 -0.9632921 -0.1529681
vn -0.0000000 -0.9524103 -0.3048189
vn 0.2980374 -0.9064042 -0.2993413
vn -0.1505380 -0.8085548 -0.5688387
vn 0.1505380 -0.8085548 -0.5688387
vn -0.0755248 -0.7349357 -0.6739181
vn -0.0788847 -0.8907291 -0.4476369
vn 0.0755248 -0.7349357 -0.6739181
vn 0.0788847 -0.8907291 -0.4476369
vn -0.4832110 0.8626021 -0.1497490
vn -0.3664995 0.8245799 -0.4309827
vn -0.3562488 0.9219394 -0.1520347
vn -0.0735348 0.5611970 -0.8244092
vn -0.2237384 0.7164861 -0.6607487
vn -0.0775615 0.9847462 -0.1557535
vn -0.2288019 0.8695830 -0.4375786
vn -0.2206107 0.9632921 -0.1529681
vn -0.2980374 0.9064042 -0.2993413
vn 0.4832110 0.8626021 -0.1497490
vn 0.3664995 0.8245799 -0.4309827
vn 0.3562488 0.9219394 -0.1520347
vn 0.0735348 0.5611970 -0.8244092
vn 0.2237384 0.7164861 -0.6607487
vn -0.0000000 0.6520825 -0.7581480
vn 0.0775615 0.9847462 -0.1557535
vn 0.2288019 0.8695830 -0.4375786
vn 0.2206107 0.9632921 -0.1529681
vn 0.0000000 0.9524103 -0.3048189
vn 0.2980374 0.9064042 -0.2993413
vn -0.1505380 0.8085548 -0.5688387
vn 0.1505380 0.8085548 -0.5688387
vn -0.0755248 0.7349357 -0.6739181
vn -0.0788847 0.8907291 -0.4476369
vn 0.0755248 0.7349357 -0.6739181
vn 0.0788847 0.8907291 -0.4476369
vn -0.0000000 -0.3582214 -0.9336367
vn -0.0000000 -0.1206072 -0.9927003
vn 0.0000000 0.3582214 -0.9336367
vn 0.0000000 0.1206072 -0.9927003
vn 0.6145027 0.7835080 -0.0922043
vn 0.7516444 0.6018297 -0.2698734
vn 0.5671550 0.7864161 -0.2447140
vn 0.8334204 0.1253960 -0.5382251
vn 0.8252383 0.3744881 -0.4227770
vn 0.4378522 0.7294029 -0.5256015
vn 0.6915612 0.5854406 -0.4230866
vn 0.5071696 0.7685747 -0.3899640
vn 0.6375597 0.6934181 -0.3356917
vn 0.6145027 -0.7835080 -0.0922043
vn 0.7516444 -0.6018297 -0.2698734
vn 0.5671550 -0.7864161 -0.2447140
vn 0.8334204 -0.1253960 -0.5382251
vn 0.8252383 -0.3744881 -0.4227770
vn 0.4378522 -0.7294029 -0.5256015
vn 0.6915612 -0.5854406 -0.4230866
vn 0.5071696 -0.7685747 -0.3899640
vn 0.6375597 -0.6934181 -0.3356917
vn 0.1166823 -0.4346252 -0.8930208
vn 0.3449366 -0.3380693 -0.8756300
vn 0.1950781 -0.5206105 -0.8312095
vn 0.1170343 -0.3158513 -0.9415630
vn 0.7401050 -0.0761415 -0.6681669
vn 0.5572807 -0.2173015 -0.8013852
vn 0.7531394 -0.2036581 -0.6255434
vn 0.3558349 -0.6694725 -0.6520645
vn 0.4341462 -0.4166421 -0.7987030
vn 0.2743304 -0.6000317 -0.7514685
vn 0.4898014 -0.6143574 -0.6185949
vn 0.3150496 -0.4718604 -0.8234631
vn 0.1179913 -0.0676364 -0.9907085
vn 0.3468421 -0.2089071 -0.9143623
vn 0.1166256 -0.1936789 -0.9741083
vn 0.2328747 -0.2669701 -0.9351451
vn 0.7311240 -0.4579477 -0.5057091
vn 0.5550000 -0.3487577 -0.7552106
vn 0.7513080 -0.3311288 -0.5708677
vn 0.6193658 -0.5416638 -0.5683189
vn 0.6596766 -0.2774081 -0.6984780
vn 0.5297967 -0.4828290 -0.6972744
vn 0.1166823 0.4346252 -0.8930208
vn 0.3449366 0.3380693 -0.8756300
vn 0.1950781 0.5206105 -0.8312095
vn 0.1170343 0.3158513 -0.9415630
vn 0.7401050 0.0761415 -0.6681669
vn 0.5572807 0.2173015 -0.8013852
vn 0.7531394 0.2036581 -0.6255434
vn 0.6591590 0.0000000 -0.7520036
vn 0.3558349 0.6694725 -0.6520645
vn 0.4341462 0.4166421 -0.7987030
vn 0.2743304 0.6000317 -0.7514685
vn 0.4898014 0.6143574 -0.6185949
vn 0.3150496 0.4718604 -0.8234631
vn 0.1179913 0.0676364 -0.9907085
vn 0.3468421 0.2089071 -0.9143623
vn 0.1166256 0.1936789 -0.9741083
vn 0.2348112 0.0000000 -0.9720410
vn 0.2328747 0.2669701 -0.9351451
vn 0.7311240 0.4579477 -0.5057091
vn 0.5550000 0.3487577 -0.7552106
vn 0.7513080 0.3311288 -0.5708677
vn 0.6193658 0.5416638 -0.5683189
vn 0.6596766 0.2774081 -0.6984780
vn 0.5297967 0.4828290 -0.6972744
vn 0.4639356 -0.1412607 -0.8745337
vn 0.4639356 0.1412607 -0.8745337
vn 0.5671128 -0.0731950 -0.8203813
vn 0.3536937 -0.0717413 -0.9326060
vn 0.5671128 0.0731950 -0.8203813
vn 0.3536937 0.0717413 -0.9326060
vn 0.6145027 0.7835080 0.0922043
vn 0.7516444 0.6018297 0.2698734
vn 0.5671550 0.7864161 0.2447140
vn 0.7038378 0.7103607 0.0000000
vn 0.8334204 0.1253960 0.5382251
vn 0.8252383 0.3744881 0.4227770
vn 0.4378522 0.7294029 0.5256015
vn 0.6915612 0.5854406 0.4230866
vn 0.5071696 0.7685747 0.3899640
vn 0.6375597 0.6934181 0.3356917
vn 0.8396263 0.5125962 -0.1796466
vn 0.8396263 0.5125962 0.1796466
vn 0.7790189 0.6201916 -0.0921512
vn 0.7790189 0.6201916 0.0921512
vn 0.6145027 -0.7835080 0.0922043
vn 0.7516444 -0.6018297 0.2698734
vn 0.5671550 -0.7864161 0.2447140
vn 0.7038378 -0.7103607 0.0000000
vn 0.8334204 -0.1253960 0.5382251
vn 0.8252383 -0.3744881 0.4227770
vn 0.4378522 -0.7294029 0.5256015
vn 0.6915612 -0.5854406 0.4230866
vn 0.5071696 -0.7685747 0.3899640
vn 0.6375597 -0.6934181 0.3356917
vn 0.8396263 -0.5125962 -0.1796466
vn 0.8396263 -0.5125962 0.1796466
vn 0.7790189 -0.6201916 -0.0921512
vn 0.7790189 -0.6201916 0.0921512
vn 0.1166823 -0.4346252 0.8930208
vn 0.3449366 -0.3380693 0.8756300
vn 0.1950781 -0.5206105 0.8312095
vn 0.1170343 -0.3158513 0.9415630
vn 0.7401050 -0.0761415 0.6681669
vn 0.5572807 -0.2173015 0.8013852
vn 0.7531394 -0.2036581 0.6255434
vn 0.3558349 -0.6694725 0.6520645
vn 0.4341462 -0.4166421 0.7987030
vn 0.2743304 -0.6000317 0.7514685
vn 0.4898014 -0.6143574 0.6185949
vn 0.3150496 -0.4718604 0.8234631
vn 0.1179913 -0.0676364 0.9907085
vn 0.3468421 -0.2089071 0.9143623
vn 0.1166256 -0.1936789 0.9741083
vn 0.2328747 -0.2669701 0.9351451
vn 0.7311240 -0.4579477 0.5057091
vn 0.5550000 -0.3487577 0.7552106
vn 0.7513080 -0.3311288 0.5708677
vn 0.6193658 -0.5416638 0.5683189
vn 0.6596766 -0.2774081 0.6984780
vn 0.5297967 -0.4828290 0.6972744
vn 0.1166823 0.4346252 0.8930208
vn 0.3449366 0.3380693 0.8756300
vn 0.1950781 0.5206105 0.8312095
vn 0.1170343 0.3158513 0.9415630
vn 0.7401050 0.0761415 0.6681669
vn 0.5572807 0.2173015 0.8013852
vn 0.7531394 0.2036581 0.6255434
vn 0.6591590 0.0000000 0.7520036
vn 0.3558349 0.6694725 0.6520645
vn 0.4341462 0.4166421 0.7987030
vn 0.2743304 0.6000317 0.7514685
vn 0.4898014 0.6143574 0.6185949
vn 0.3150496 0.4718604 0.8234631
vn 0.1179913 0.0676364 0.9907085
vn 0.3468421 0.2089071 0.9143623
vn 0.1166256 0.1936789 0.9741083
vn 0.2348112 -0.0000000 0.9720410
vn 0.2328747 0.2669701 0.9351451
vn 0.7311240 0.4579477 0.5057091
vn 0.5550000 0.3487577 0.7552106
vn 0.7513080 0.3311288 0.5708677
vn 0.6193658 0.5416638 0.5683189
vn 0.6596766 0.2774081 0.6984780
vn 0.5297967 0.4828290 0.6972744
vn 0.4639356 -0.1412607 0.8745337
vn 0.4639356 0.1412607 0.8745337
vn 0.5671128 -0.0731950 0.8203813
vn 0.3536937 -0.0717413 0.9326060
vn 0.5671128 0.0731950 0.8203813
vn 0.3536937 0.0717413 0.9326060
vn 0.8913085 -0.0000000 -0.4533973
vn 0.9872947 0.0000000 -0.1589000
vn 0.9059477 0.1296075 -0.4030641
vn 0.9059477 -0.1296075 -0.4030641
vn 0.8913085 0.0000000 0.4533973
vn 0.9872947 0.0000000 0.1589000
vn 0.9059477 0.1296075 0.4030641
vn 0.9059477 -0.1296075 0.4030641
vn 0.8830409 0.3854937 -0.2676441
vn 0.9868091 0.1351197 -0.0891656
vn 0.9032961 0.2590176 -0.3420031
vn 0.9124233 0.3985401 -0.0930026
vn 0.9584697 0.1321112 -0.2527497
vn 0.8830409 -0.3854937 -0.2676441
vn 0.9868091 -0.1351197 -0.0891656
vn 0.9032961 -0.2590176 -0.3420031
vn 0.9124233 -0.3985401 -0.0930026
vn 0.9584697 -0.1321112 -0.2527497
vn 0.8830409 0.3854937 0.2676441
vn 0.9868091 0.1351197 0.0891656
vn 0.9032961 0.2590176 0.3420031
vn 0.9124233 0.3985401 0.0930026
vn 0.9584697 0.1321112 0.2527497
vn 0.9634018 0.2680613 -0.0000000
vn 0.8830409 -0.3854937 0.2676441
vn 0.9868091 -0.1351197 0.0891656
vn 0.9032961 -0.2590176 0.3420031
vn 0.9124233 -0.3985401 0.0930026
vn 0.9584697 -0.1321112 0.2527497
vn 0.9634018 -0.2680613 0.0000000
vn -0.6145027 0.7835080 -0.0922043
vn -0.7516444 0.6018297 -0.2698734
vn -0.5671550 0.7864161 -0.2447140
vn -0.8334204 0.1253960 -0.5382251
vn -0.8252383 0.3744881 -0.4227770
vn -0.4378522 0.7294029 -0.5256015
vn -0.6915612 0.5854406 -0.4230866
vn -0.5071696 0.7685747 -0.3899640
vn -0.6375597 0.6934181 -0.3356917
vn -0.6145027 -0.7835080 -0.0922043
vn -0.7516444 -0.6018297 -0.2698734
vn -0.5671550 -0.7864161 -0.2447140
vn -0.8334204 -0.1253960 -0.5382251
vn -0.8252383 -0.3744881 -0.4227770
vn -0.4378522 -0.7294029 -0.5256015
vn -0.6915612 -0.5854406 -0.4230866
vn -0.5071696 -0.7685747 -0.3899640
vn -0.6375597 -0.6934181 -0.3356917
vn -0.1166823 -0.4346252 -0.8930208
vn -0.3449366 -0.3380693 -0.8756300
vn -0.1950781 -0.5206105 -0.8312095
vn -0.1170343 -0.3158513 -0.9415630
vn -0.7401050 -0.0761415 -0.6681669
vn -0.5572807 -0.2173015 -0.8013852
vn -0.7531394 -0.2036581 -0.6255434
vn -0.3558349 -0.6694725 -0.6520645
vn -0.4341462 -0.4166421 -0.7987030
vn -0.2743304 -0.6000317 -0.7514685
vn -0.4898014 -0.6143574 -0.6185949
vn -0.3150496 -0.4718604 -0.8234631
vn -0.1179913 -0.0676364 -0.9907085
vn -0.3468421 -0.2089071 -0.9143623
vn -0.1166256 -0.1936789 -0.9741083
vn -0.2328747 -0.2669701 -0.9351451
vn -0.7311240 -0.4579477 -0.5057091
vn -0.5550000 -0.3487577 -0.7552106
vn -0.7513080 -0.3311288 -0.5708677
vn -0.6193658 -0.5416638 -0.5683189
vn -0.6596766 -0.2774081 -0.6984780
vn -0.5297967 -0.4828290 -0.6972744
vn -0.1166823 0.4346252 -0.8930208
vn -0.3449366 0.3380693 -0.8756300
vn -0.1950781 0.5206105 -0.8312095
vn -0.1170343 0.3158513 -0.9415630
vn -0.7401050 0.0761415 -0.6681669
vn -0.5572807 0.2173015 -0.8013852
vn -0.7531394 0.2036581 -0.6255434
vn -0.6591590 -0.0000000 -0.7520036
vn -0.3558349 0.6694725 -0.6520645
vn -0.4341462 0.4166421 -0.7987030
vn -0.2743304 0.6000317 -0.7514685
vn -0.4898014 0.6143574 -0.6185949
vn -0.3150496 0.4718604 -0.8234631
vn -0.1179913 0.0676364 -0.9907085
vn -0.3468421 0.2089071 -0.9143623
vn -0.1166256 0.1936789 -0.9741083
vn -0.2348112 -0.0000000 -0.9720410
vn -0.2328747 0.2669701 -0.9351451
vn -0.7311240 0.4579477 -0.5057091
vn -0.5550000 0.3487577 -0.7552106
vn -0.7513080 0.3311288 -0.5708677
vn -0.6193658 0.5416638 -0.5683189
vn -0.6596766 0.2774081 -0.6984780
vn -0.5297967 0.4828290 -0.6972744
vn -0.4639356 -0.1412607 -0.8745337
vn -0.4639356 0.1412607 -0.8745337
vn -0.5671128 -0.0731950 -0.8203813
vn -0.3536937 -0.0717413 -0.9326060
vn -0.5671128 0.0731950 -0.8203813
vn -0.3536937 0.0717413 -0.9326060
vn -0.6145027 0.7835080 0.0922043
vn -0.7516444 0.6018297 0.2698734
vn -0.5671550 0.7864161 0.2447140
vn -0.7038378 0.7103607 0.0000000
vn -0.8334204 0.1253960 0.5382251
vn -0.8252383 0.3744881 0.4227770
vn -0.4378522 0.7294029 0.5256015
vn -0.6915612 0.5854406 0.4230866
vn -0.5071696 0.7685747 0.3899640
vn -0.6375597 0.6934181 0.3356917
vn -0.8396263 0.5125962 -0.1796466
vn -0.8396263 0.5125962 0.1796466
vn -0.7790189 0.6201916 -0.0921512
vn -0.7790189 0.6201916 0.0921512
vn -0.6145027 -0.7835080 0.0922043
vn -0.7516444 -0.6018297 0.2698734
vn -0.5671550 -0.7864161 0.2447140
vn -0.7038378 -0.7103607 0.0000000
vn -0.8334204 -0.1253960 0.5382251
vn -0.8252383 -0.3744881 0.4227770
vn -0.4378522 -0.7294029 0.5256015
vn -0.6915612 -0.5854406 0.4230866
vn -0.5071696 -0.7685747 0.3899640
vn -0.6375597 -0.6934181 0.3356917
vn -0.8396263 -0.5125962 -0.1796466
vn -0.8396263 -0.5125962 0.1796466
vn -0.7790189 -0.6201916 -0.0921512
vn -0.7790189 -0.6201916 0.0921512
vn -0.1166823 -0.4346252 0.8930208
vn -0.3449366 -0.3380693 0.8756300
vn -0.1950781 -0.5206105 0.8312095
vn -0.1170343 -0.3158513 0.9415630
vn -0.7401050 -0.0761415 0.6681669
vn -0.5572807 -0.2173015 0.8013852
vn -0.7531394 -0.2036581 0.6255434
vn -0.3558349 -0.6694725 0.6520645
vn -0.4341462 -0.4166421 0.7987030
vn -0.2743304 -0.6000317 0.7514685
vn -0.4898014 -0.6143574 0.6185949
vn -0.3150496 -0.4718604 0.8234631
vn -0.1179913 -0.0676364 0.9907085
vn -0.3468421 -0.2089071 0.9143623
vn -0.1166256 -0.1936789 0.9741083
vn -0.2328747 -0.2669701 0.9351451
vn -0.7311240 -0.4579477 0.5057091
vn -0.5550000 -0.3487577 0.7552106
vn -0.7513080 -0.3311288 0.5708677
vn -0.6193658 -0.5416638 0.5683189
vn -0.6596766 -0.2774081 0.6984780
vn -0.5297967 -0.4828290 0.6972744
vn -0.1166823 0.4346252 0.8930208
vn -0.3449366 0.3380693 0.8756300
vn -0.1950781 0.5206105 0.8312095
vn -0.1170343 0.3158513 0.9415630
vn -0.7401050 0.0761415 0.6681669
vn -0.5572807 0.2173015 0.8013852
vn -0.7531394 0.2036581 0.6255434
vn -0.6591590 -0.0000000 0.7520036
vn -0.3558349 0.6694725 0.6520645
vn -0.4341462 0.4166421 0.7987030
vn -0.2743304 0.6000317 0.7514685
vn -0.4898014 0.6143574 0.6185949
vn -0.3150496 0.4718604 0.8234631
vn -0.1179913 0.0676364 0.9907085
vn -0.3468421 0.2089071 0.9143623
vn -0.1166256 0.1936789 0.9741083
vn -0.2348112 0.0000000 0.9720410
vn -0.2328747 0.2669701 0.9351451
vn -0.7311240 0.4579477 0.5057091
vn -0.5550000 0.3487577 0.7552106
vn -0.7513080 0.3311288 0.5708677
vn -0.6193658 0.5416638 0.5683189
vn -0.6596766 0.2774081 0.6984780
vn -0.5297967 0.4828290 0.6972744
vn -0.4639356 -0.1412607 0.8745337
vn -0.4639356 0.1412607 0.8745337
vn -0.5671128 -0.0731950 0.8203813
vn -0.3536937 -0.0717413 0.9326060
vn -0.5671128 0.0731950 0.8203813
vn -0.3536937 0.0717413 0.9326060
vn -0.8913085 0.0000000 -0.4533973
vn -0.9872947 -0.0000000 -0.1589000
vn -0.9059477 0.1296075 -0.4030641
vn -0.9059477 -0.1296075 -0.4030641
vn -0.8913085 0.0000000 0.4533973
vn -0.9872947 0.0000000 0.1589000
vn -0.9059477 0.1296075 0.4030641
vn -0.9059477 -0.1296075 0.4030641
vn -0.8830409 0.3854937 -0.2676441
vn -0.9868091 0.1351197 -0.0891656
vn -0.9032961 0.2590176 -0.3420031
vn -0.9124233 0.3985401 -0.0930026
vn -0.9584697 0.1321112 -0.2527497
vn -0.8830409 -0.3854937 -0.2676441
vn -0.9868091 -0.1351197 -0.0891656
vn -0.9032961 -0.2590176 -0.3420031
vn -0.9124233 -0.3985401 -0.0930026
vn -0.9584697 -0.1321112 -0.2527497
vn -0.8830409 0.3854937 0.2676441
vn -0.9868091 0.1351197 0.0891656
vn -0.9032961 0.2590176 0.3420031
vn -0.9124233 0.3985401 0.0930026
vn -0.9584697 0.1321112 0.2527497
vn -0.9634018 0.2680613 0.0000000
vn -0.8830409 -0.3854937 0.2676441
vn -0.9868091 -0.1351197 0.0891656
vn -0.9032961 -0.2590176 0.3420031
vn -0.9124233 -0.3985401 0.0930026
vn -0.9584697 -0.1321112 0.2527497
vn -0.9634018 -0.2680613 0.0000000
vn -0.5258203 0.8505957 -0.0000000
vn 0.5258203 0.8505957 0.0000000
vn -0.5258203 -0.8505957 0.0000000
vn 0.5258203 -0.8505957 -0.0000000
vn -0.0000000 -0.4727970 0.8811714
vn 0.0000000 0.4727970 0.8811714
vn 0.0000000 -0.4727970 -0.8811714
vn -0.0000000 0.4727970 -0.8811714
vn 0.8146876 0.0000000 -0.5799001
vn 0.8146876 0.0000000 0.5799001
vn -0.8146876 0.0000000 -0.5799001
vn -0.8146876 -0.0000000 0.5799001
vn 0.0000000 1.0000000 -0.0000000
vn 0.0000000 -1.0000000 -0.0000000
vn -0.2970626 -0.7779414 0.5536796
vn 0.2970626 -0.7779414 0.5536796
vn -0.2970626 0.7779414 0.5536796
vn 0.2970626 0.7779414 0.5536796
vn 0.0000000 0.0000000 1.0000000
vn -0.2970626 -0.7779414 -0.5536796
vn 0.2970626 -0.7779414 -0.5536796
vn -0.2970626 0.7779414 -0.5536796
vn 0.2970626 0.7779414 -0.5536796
vn 0.0000000 0.0000000 -1.0000000
vn 0.7967846 0.4923498 -0.3503226
vn 0.7967846 -0.4923498 -0.3503226
vn 0.4538587 -0.2806143 -0.8457351
vn 0.4538587 0.2806143 -0.8457351
vn 0.7967846 0.4923498 0.3503226
vn 0.7967846 -0.4923498 0.3503226
vn 0.4538587 -0.2806143 0.8457351
vn 0.4538587 0.2806143 0.8457351
vn 1.0000000 -0.0000000 0.0000000
vn -0.7967846 0.4923498 -0.3503226
vn -0.7967846 -0.4923498 -0.3503226
vn -0.4538587 -0.2806143 -0.8457351
vn -0.4538587 0.2806143 -0.8457351
vn -0.7967846 0.4923498 0.3503226
vn -0.7967846 -0.4923498 0.3503226
vn -0.4538587 -0.2806143 0.8457351
vn -0.4538587 0.2806143 0.8457351
vn -1.0000000 -0.0000000 0.0000000
vn -0.2745740 0.9615660 0.0000000
vn 0.2745740 0.9615660 -0.0000000
vn -0.2745740 -0.9615660 -0.0000000
vn 0.2745740 -0.9615660 0.0000000
vn -0.4293734 -0.8535281 0.2951751
vn -0.1486338 -0.6433515 0.7510039
vn -0.1562657 -0.9402451 0.3025229
vn 0.4293734 -0.8535281 0.2951751
vn 0.1486338 -0.6433515 0.7510039
vn 0.1562657 -0.9402451 0.3025229
vn 0.0000000 -0.8178835 0.5753838
vn -0.4293734 0.8535281 0.2951751
vn -0.1486338 0.6433515 0.7510039
vn -0.1562657 0.9402451 0.3025229
vn 0.4293734 0.8535281 0.2951751
vn 0.1486338 0.6433515 0.7510039
vn 0.1562657 0.9402451 0.3025229
vn 0.0000000 0.8178835 0.5753838
vn 0.0000000 -0.2402597 0.9707086
vn 0.0000000 0.2402597 0.9707086
vn -0.4293734 -0.8535281 -0.2951751
vn -0.1486338 -0.6433515 -0.7510039
vn -0.1562657 -0.9402451 -0.3025229
vn 0.4293734 -0.8535281 -0.2951751
vn 0.1486338 -0.6433515 -0.7510039
vn 0.1562657 -0.9402451 -0.3025229
vn 0.0000000 -0.8178835 -0.5753838
vn -0.4293734 0.8535281 -0.2951751
vn -0.1486338 0.6433515 -0.7510039
vn -0.1562657 0.9402451 -0.3025229
vn 0.4293734 0.8535281 -0.2951751
vn 0.1486338 0.6433515 -0.7510039
vn 0.1562657 0.9402451 -0.3025229
vn -0.0000000 0.8178835 -0.5753838
vn -0.0000000 -0.2402597 -0.9707086
vn -0.0000000 0.2402597 -0.9707086
vn 0.6905254 0.6997264 -0.1831873
vn 0.8372946 0.2512826 -0.4855870
vn 0.5707738 0.6658910 -0.4804232
vn 0.6905254 -0.6997264 -0.1831873
vn 0.8372946 -0.2512826 -0.4855870
vn 0.5707738 -0.6658910 -0.4804232
vn 0.2322177 -0.3895372 -0.8912552
vn 0.6533534 -0.1489815 -0.7422491
vn 0.4001849 -0.5474542 -0.7349462
vn 0.2333768 -0.1388327 -0.9624244
vn 0.6497815 -0.4075579 -0.6416234
vn 0.2322177 0.3895372 -0.8912552
vn 0.6533534 0.1489815 -0.7422491
vn 0.4001849 0.5474542 -0.7349462
vn 0.2333768 0.1388327 -0.9624244
vn 0.6497815 0.4075579 -0.6416234
vn 0.4686557 0.0000000 -0.8833809
vn 0.6905254 0.6997264 0.1831873
vn 0.8372946 0.2512826 0.4855870
vn 0.5707738 0.6658910 0.4804232
vn 0.8535012 0.5210909 0.0000000
vn 0.6905254 -0.6997264 0.1831873
vn 0.8372946 -0.2512826 0.4855870
vn 0.5707738 -0.6658910 0.4804232
vn 0.8535012 -0.5210909 0.0000000
vn 0.2322177 -0.3895372 0.8912552
vn 0.6533534 -0.1489815 0.7422491
vn 0.4001849 -0.5474542 0.7349462
vn 0.2333768 -0.1388327 0.9624244
vn 0.6497815 -0.4075579 0.6416234
vn 0.2322177 0.3895372 0.8912552
vn 0.6533534 0.1489815 0.7422491
vn 0.4001849 0.5474542 0.7349462
vn 0.2333768 0.1388327 0.9624244
vn 0.6497815 0.4075579 0.6416234
vn 0.4686557 0.0000000 0.8833809
vn 0.9501800 0.0000000 -0.3117018
vn 0.9501800 0.0000000 0.3117018
vn 0.9472709 0.2643092 -0.1811588
vn 0.9472709 -0.2643092 -0.1811588
vn 0.9472709 0.2643092 0.1811588
vn 0.9472709 -0.2643092 0.1811588
vn -0.6905254 0.6997264 -0.1831873
vn -0.8372946 0.2512826 -0.4855870
vn -0.5707738 0.6658910 -0.4804232
vn -0.6905254 -0.6997264 -0.1831873
vn -0.8372946 -0.2512826 -0.4855870
vn -0.5707738 -0.6658910 -0.4804232
vn -0.2322177 -0.3895372 -0.8912552
vn -0.6533534 -0.1489815 -0.7422491
vn -0.4001849 -0.5474542 -0.7349462
vn -0.2333768 -0.1388327 -0.9624244
vn -0.6497815 -0.4075579 -0.6416234
vn -0.2322177 0.3895372 -0.8912552
vn -0.6533534 0.1489815 -0.7422491
vn -0.4001849 0.5474542 -0.7349462
vn -0.2333768 0.1388327 -0.9624244
vn -0.6497815 0.4075579 -0.6416234
vn -0.4686557 -0.0000000 -0.8833809
vn -0.6905254 0.6997264 0.1831873
vn -0.8372946 0.2512826 0.4855870
vn -0.5707738 0.6658910 0.4804232
vn -0.8535012 0.5210909 0.0000000
vn -0.6905254 -0.6997264 0.1831873
vn -0.8372946 -0.2512826 0.4855870
vn -0.5707738 -0.6658910 0.4804232
vn -0.8535012 -0.5210909 0.0000000
vn -0.2322177 -0.3895372 0.8912552
vn -0.6533534 -0.1489815 0.7422491
vn -0.4001849 -0.5474542 0.7349462
vn -0.2333768 -0.1388327 0.9624244
vn -0.6497815 -0.4075579 0.6416234
vn -0.2322177 0.3895372 0.8912552
vn -0.6533534 0.1489815 0.7422491
vn -0.4001849 0.5474542 0.7349462
vn -0.2333768 0.1388327 0.9624244
vn -0.6497815 0.4075579 0.6416234
vn -0.4686557 0.0000000 0.8833809
vn -0.9501800 0.0000000 -0.3117018
vn -0.9501800 -0.0000000 0.3117018
vn -0.9472709 0.2643092 -0.1811588
vn -0.9472709 -0.2643092 -0.1811588
vn -0.9472709 0.2643092 0.1811588
vn -0.9472709 -0.2643092 0.1811588
vn -0.4046673 0.9144640 -0.0000000
vn -0.1388792 0.9903093 -0.0000000
vn 0.4046673 0.9144640 -0.0000000
vn 0.1388792 0.9903093 0.0000000
vn -0.4046673 -0.9144640 -0.0000000
vn -0.1388792 -0.9903093 0.0000000
vn 0.4046673 -0.9144640 -0.0000000
vn 0.1388792 -0.9903093 -0.0000000
vn -0.4832110 -0.8626021 0.1497490
vn -0.3664995 -0.8245799 0.4309827
vn -0.3562488 -0.9219394 0.1520347
vn -0.0735348 -0.5611970 0.8244092
vn -0.2237384 -0.7164861 0.6607487
vn -0.0775615 -0.9847462 0.1557535
vn -0.2288019 -0.8695830 0.4375786
vn -0.2206107 -0.9632921 0.1529681
vn -0.2980374 -0.9064042 0.2993413
vn 0.4832110 -0.8626021 0.1497490
vn 0.3664995 -0.8245799 0.4309827
vn 0.3562488 -0.9219394 0.1520347
vn 0.0735348 -0.5611970 0.8244092
vn 0.2237384 -0.7164861 0.6607487
vn 0.0000000 -0.6520825 0.7581480
vn 0.0775615 -0.9847462 0.1557535
vn 0.2288019 -0.8695830 0.4375786
vn 0.2206107 -0.9632921 0.1529681
vn 0.0000000 -0.9524103 0.3048189
vn 0.2980374 -0.9064042 0.2993413
vn -0.1505380 -0.8085548 0.5688387
vn 0.1505380 -0.8085548 0.5688387
vn -0.0755248 -0.7349357 0.6739181
vn -0.0788847 -0.8907291 0.4476369
vn 0.0755248 -0.7349357 0.6739181
vn 0.0788847 -0.8907291 0.4476369
vn -0.4832110 0.8626021 0.1497490
vn -0.3664995 0.8245799 0.4309827
vn -0.3562488 0.9219394 0.1520347
vn -0.0735348 0.5611970 0.8244092
vn -0.2237384 0.7164861 0.6607487
vn -0.0775615 0.9847462 0.1557535
vn -0.2288019 0.8695830 0.4375786
vn -0.2206107 0.9632921 0.1529681
vn -0.2980374 0.9064042 0.2993413
vn 0.4832110 0.8626021 0.1497490
vn 0.3664995 0.8245799 0.4309827
vn 0.3562488 0.9219394 0.1520347
vn 0.0735348 0.5611970 0.8244092
vn 0.2237384 0.7164861 0.6607487
vn -0.0000000 0.6520825 0.7581480
vn 0.0775615 0.9847462 0.1557535
vn 0.2288019 0.8695830 0.4375786
vn 0.2206107 0.9632921 0.1529681
vn 0.0000000 0.9524103 0.3048189
vn 0.2980374 0.9064042 0.2993413
vn -0.1505380 0.8085548 0.5688387
vn 0.1505380 0.8085548 0.5688387
vn -0.0755248 0.7349357 0.6739181
vn -0.0788847 0.8907291 0.4476369
vn 0.0755248 0.7349357 0.6739181
vn 0.0788847 0.8907291 0.4476369
vn -0.0000000 -0.3582214 0.9336367
vn -0.0000000 -0.1206072 0.9927003
vn 0.0000000 0.3582214 0.9336367
vn 0.0000000 0.1206072 0.9927003
vn -0.4832110 -0.8626021 -0.1497490
vn -0.3664995 -0.8245799 -0.4309827
vn -0.3562488 -0.9219394 -0.1520347
vn -0.0735348 -0.5611970 -0.8244092
vn -0.2237384 -0.7164861 -0.6607487
vn -0.0775615 -0.9847462 -0.1557535
vn -0.2288019 -0.8695830 -0.4375786
vn -0.2206107 -0.9632921 -0.1529681
vn -0.2980374 -0.9064042 -0.2993413
vn 0.4832110 -0.8626021 -0.1497490
vn 0.3664995 -0.8245799 -0.4309827
vn 0.3562488 -0.9219394 -0.1520347
vn 0.0735348 -0.5611970 -0.8244092
vn 0.2237384 -0.7164861 -0.6607487
vn 0.0000000 -0.6520825 -0.7581480
vn 0.0775615 -0.9847462 -0.1557535
vn 0.2288019 -0.8695830 -0.4375786
vn 0.2206107 -0.9632921 -0.1529681
vn -0.0000000 -0.9524103 -0.3048189
vn 0.2980374 -0.9064042 -0.2993413
vn -0.1505380 -0.8085548 -0.5688387
vn 0.1505380 -0.8085548 -0.5688387
vn -0.0755248 -0.7349357 -0.6739181
vn -0.0788847 -0.8907291 -0.4476369
vn 0.0755248 -0.7349357 -0.6739181
vn 0.0788847 -0.8907291 -0.4476369
vn -0.4832110 0.8626021 -0.1497490
vn -0.3664995 0.8245799 -0.4309827
vn -0.3562488 0.9219394 -0.1520347
vn -0.0735348 0.5611970 -0.8244092
vn -0.2237384 0.7164861 -0.6607487
vn -0.0775615 0.9847462 -0.1557535
vn -0.2288019 0.8695830 -0.4375786
vn -0.2206107 0.9632921 -0.1529681
vn -0.2980374 0.9064042 -0.2993413
vn 0.4832110 0.8626021 -0.1497490
vn 0.3664995 0.8245799 -0.4309827
vn 0.3562488 0.9219394 -0.1520347
vn 0.0735348 0.5611970 -0.8244092
vn 0.2237384 0.7164861 -0.6607487
vn -0.0000000 0.6520825 -0.7581480
vn 0.0775615 0.9847462 -0.1557535
vn 0.2288019 0.8695830 -0.4375786
vn 0.2206107 0.9632921 -0.1529681
vn 0.0000000 0.9524103 -0.3048189
vn 0.2980374 0.9064042 -0.2993413
vn -0.1505380 0.8085548 -0.5688387
vn 0.1505380 0.8085548 -0.5688387
vn -0.0755248 0.7349357 -0.6739181
vn -0.0788847 0.8907291 -0.4476369
vn 0.0755248 0.7349357 -0.6739181
vn 0.0788847 0.8907291 -0.4476369
vn -0.0000000 -0.3582214 -0.9336367
vn -0.0000000 -0.1206072 -0.9927003
vn 0.0000000 0.3582214 -0.9336367
vn 0.0000000 0.1206072 -0.9927003
vn 0.6145027 0.7835080 -0.0922043
vn 0.7516444 0.6018297 -0.2698734
vn 0.5671550 0.7864161 -0.2447140
vn 0.8334204 0.1253960 -0.5382251
vn 0.8252383 0.3744881 -0.4227770
vn 0.4378522 0.7294029 -0.5256015
vn 0.6915612 0.5854406 -0.4230866
vn 0.5071696 0.7685747 -0.3899640
vn 0.6375597 0.6934181 -0.3356917
vn 0.6145027 -0.7835080 -0.0922043
vn 0.7516444 -0.6018297 -0.2698734
vn 0.5671550 -0.7864161 -0.2447140
vn 0.8334204 -0.1253960 -0.5382251
vn 0.8252383 -0.3744881 -0.4227770
vn 0.4378522 -0.7294029 -0.5256015
vn 0.6915612 -0.5854406 -0.4230866
vn 0.5071696 -0.7685747 -0.3899640
vn 0.6375597 -0.6934181 -0.3356917
vn 0.1166823 -0.4346252 -0.8930208
vn 0.3449366 -0.3380693 -0.8756300
vn 0.1950781 -0.5206105 -0.8312095
vn 0.1170343 -0.3158513 -0.9415630
vn 0.7401050 -0.0761415 -0.6681669
vn 0.5572807 -0.2173015 -0.8013852
vn 0.7531394 -0.2036581 -0.6255434
vn 0.3558349 -0.6694725 -0.6520645
vn 0.4341462 -0.4166421 -0.7987030
vn 0.2743304 -0.6000317 -0.7514685
vn 0.4898014 -0.6143574 -0.6185949
vn 0.3150496 -0.4718604 -0.8234631
vn 0.1179913 -0.0676364 -0.9907085
vn 0.3468421 -0.2089071 -0.9143623
vn 0.1166256 -0.1936789 -0.9741083
vn 0.2328747 -0.2669701 -0.9351451
vn 0.7311240 -0.4579477 -0.5057091
vn 0.5550000 -0.3487577 -0.7552106
vn 0.7513080 -0.3311288 -0.5708677
vn 0.6193658 -0.5416638 -0.5683189
vn 0.6596766 -0.2774081 -0.6984780
vn 0.5297967 -0.4828290 -0.6972744
vn 0.1166823 0.4346252 -0.8930208
vn 0.3449366 0.3380693 -0.8756300
vn 0.1950781 0.5206105 -0.8312095
vn 0.1170343 0.3158513 -0.9415630
vn 0.7401050 0.0761415 -0.6681669
vn 0.5572807 0.2173015 -0.8013852
vn 0.7531394 0.2036581 -0.6255434
vn 0.6591590 0.0000000 -0.7520036
vn 0.3558349 0.6694725 -0.6520645
vn 0.4341462 0.4166421 -0.7987030
vn 0.2743304 0.6000317 -0.7514685
vn 0.4898014 0.6143574 -0.6185949
vn 0.3150496 0.4718604 -0.8234631
vn 0.1179913 0.0676364 -0.9907085
vn 0.3468421 0.2089071 -0.9143623
vn 0.1166256 0.1936789 -0.9741083
vn 0.2348112 0.0000000 -0.9720410
vn 0.2328747 0.2669701 -0.9351451
vn 0.7311240 0.4579477 -0.5057091
vn 0.5550000 0.3487577 -0.7552106
vn 0.7513080 0.3311288 -0.5708677
vn 0.6193658 0.5416638 -0.5683189
vn 0.6596766 0.2774081 -0.6984780
vn 0.5297967 0.4828290 -0.6972744
vn 0.4639356 -0.1412607 -0.8745337
vn 0.4639356 0.1412607 -0.8745337
vn 0.5671128 -0.0731950 -0.8203813
vn 0.3536937 -0.0717413 -0.9326060
vn 0.5671128 0.0731950 -0.8203813
vn 0.3536937 0.0717413 -0.9326060
vn 0.6145027 0.7835080 0.0922043
vn 0.7516444 0.6018297 0.2698734
vn 0.5671550 0.7864161 0.2447140
vn 0.7038378 0.7103607 0.0000000
vn 0.8334204 0.1253960 0.5382251
vn 0.8252383 0.3744881 0.4227770
vn 0.4378522 0.7294029 0.5256015
vn 0.6915612 0.5854406 0.4230866
vn 0.5071696 0.7685747 0.3899640
vn 0.6375597 0.6934181 0.3356917
vn 0.8396263 0.5125962 -0.1796466
vn 0.8396263 0.5125962 0.1796466
vn 0.7790189 0.6201916 -0.0921512
vn 0.7790189 0.6201916 0.0921512
vn 0.6145027 -0.7835080 0.0922043
vn 0.7516444 -0.6018297 0.2698734
vn 0.5671550 -0.7864161 0.2447140
vn 0.7038378 -0.7103607 0.0000000
vn 0.8334204 -0.1253960 0.5382251
vn 0.8252383 -0.3744881 0.4227770
vn 0.4378522 -0.7294029 0.5256015
vn 0.6915612 -0.5854406 0.4230866
vn 0.5071696 -0.7685747 0.3899640
vn 0.6375597 -0.6934181 0.3356917
vn 0.8396263 -0.5125962 -0.1796466
vn 0.8396263 -0.5125962 0.1796466
vn 0.7790189 -0.6201916 -0.0921512
vn 0.7790189 -0.6201916 0.0921512
vn 0.1166823 -0.4346252 0.8930208
vn 0.3449366 -0.3380693 0.8756300
vn 0.1950781 -0.5206105 0.8312095
vn 0.1170343 -0.3158513 0.9415630
vn 0.7401050 -0.0761415 0.6681669
vn 0.5572807 -0.2173015 0.8013852
vn 0.7531394 -0.2036581 0.6255434
vn 0.3558349 -0.6694725 0.6520645
vn 0.4341462 -0.4166421 0.7987030
vn 0.2743304 -0.6000317 0.7514685
vn 0.4898014 -0.6143574 0.6185949
vn 0.3150496 -0.4718604 0.8234631
vn 0.1179913 -0.0676364 0.9907085
vn 0.3468421 -0.2089071 0.9143623
vn 0.1166256 -0.1936789 0.9741083
vn 0.2328747 -0.2669701 0.9351451
vn 0.7311240 -0.4579477 0.5057091
vn 0.5550000 -0.3487577 0.7552106
vn 0.7513080 -0.3311288 0.5708677
vn 0.6193658 -0.5416638 0.5683189
vn 0.6596766 -0.2774081 0.6984780
vn 0.5297967 -0.4828290 0.6972744
vn 0.1166823 0.4346252 0.8930208
vn 0.3449366 0.3380693 0.8756300
vn 0.1950781 0.5206105 0.8312095
vn 0.1170343 0.3158513 0.9415630
vn 0.7401050 0.0761415 0.6681669
vn 0.5572807 0.2173015 0.8013852
vn 0.7531394 0.2036581 0.6255434
vn 0.6591590 0.0000000 0.7520036
vn 0.3558349 0.6694725 0.6520645
vn 0.4341462 0.4166421 0.7987030
vn 0.2743304 0.6000317 0.7514685
vn 0.4898014 0.6143574 0.6185949
vn 0.3150496 0.4718604 0.8234631
vn 0.1179913 0.0676364 0.9907085
vn 0.3468421 0.2089071 0.9143623
vn 0.1166256 0.1936789 0.9741083
vn 0.2348112 -0.0000000 0.9720410
vn 0.2328747 0.2669701 0.9351451
vn 0.7311240 0.4579477 0.5057091
vn 0.5550000 0.3487577 0.7552106
vn 0.7513080 0.3311288 0.5708677
vn 0.6193658 0.5416638 0.5683189
vn 0.6596766 0.2774081 0.6984780
vn 0.5297967 0.4828290 0.6972744
vn 0.4639356 -0.1412607 0.8745337
vn 0.4639356 0.1412607 0.8745337
vn 0.5671128 -0.0731950 0.8203813
vn 0.3536937 -0.0717413 0.9326060
vn 0.5671128 0.0731950 0.8203813
vn 0.3536937 0.0717413 0.9326060
vn 0.8913085 0.0000000 -0.4533973
vn 0.9872947 0.0000000 -0.1589000
vn 0.9059477 0.1296075 -0.4030641
vn 0.9059477 -0.1296075 -0.4030641
vn 0.8913085 0.0000000 0.4533973
vn 0.9872947 0.0000000 0.1589000
vn 0.9059477 0.1296075 0.4030641
vn 0.9059477 -0.1296075 0.4030641
vn 0.8830409 0.3854937 -0.2676441
vn 0.9868091 0.1351197 -0.0891656
vn 0.9032961 0.2590176 -0.3420031
vn 0.9124233 0.3985401 -0.0930026
vn 0.9584697 0.1321112 -0.2527497
vn 0.8830409 -0.3854937 -0.2676441
vn 0.9868091 -0.1351197 -0.0891656
vn 0.9032961 -0.2590176 -0.3420031
vn 0.9124233 -0.3985401 -0.0930026
vn 0.9584697 -0.1321112 -0.2527497
vn 0.8830409 0.3854937 0.2676441
vn 0.9868091 0.1351197 0.0891656
vn 0.9032961 0.2590176 0.3420031
vn 0.9124233 0.3985401 0.0930026
vn 0.9584697 0.1321112 0.2527497
vn 0.9634018 0.2680613 0.0000000
vn 0.8830409 -0.3854937 0.2676441
vn 0.9868091 -0.1351197 0.0891656
vn 0.9032961 -0.2590176 0.3420031
vn 0.9124233 -0.3985401 0.0930026
vn 0.9584697 -0.1321112 0.2527497
vn 0.9634018 -0.2680613 0.0000000
vn -0.6145027 0.7835080 -0.0922043
vn -0.7516444 0.6018297 -0.2698734
vn -0.5671550 0.7864161 -0.2447140
vn -0.8334204 0.1253960 -0.5382251
vn -0.8252383 0.3744881 -0.4227770
vn -0.4378522 0.7294029 -0.5256015
vn -0.6915612 0.5854406 -0.4230866
vn -0.5071696 0.7685747 -0.3899640
vn -0.6375597 0.6934181 -0.3356917
vn -0.6145027 -0.7835080 -0.0922043
vn -0.7516444 -0.6018297 -0.2698734
vn -0.5671550 -0.7864161 -0.2447140
vn -0.8334204 -0.1253960 -0.5382251
vn -0.8252383 -0.3744881 -0.4227770
vn -0.4378522 -0.7294029 -0.5256015
vn -0.6915612 -0.5854406 -0.4230866
vn -0.5071696 -0.7685747 -0.3899640
vn -0.6375597 -0.6934181 -0.3356917
vn -0.1166823 -0.4346252 -0.8930208
vn -0.3449366 -0.3380693 -0.8756300
vn -0.1950781 -0.5206105 -0.8312095
vn -0.1170343 -0.3158513 -0.9415630
vn -0.7401050 -0.0761415 -0.6681669
vn -0.5572807 -0.2173015 -0.8013852
vn -0.7531394 -0.2036581 -0.6255434
vn -0.3558349 -0.6694725 -0.6520645
vn -0.4341462 -0.4166421 -0.7987030
vn -0.2743304 -0.6000317 -0.7514685
vn -0.4898014 -0.6143574 -0.6185949
vn -0.3150496 -0.4718604 -0.8234631
vn -0.1179913 -0.0676364 -0.9907085
vn -0.3468421 -0.2089071 -0.9143623
vn -0.1166256 -0.1936789 -0.9741083
vn -0.2328747 -0.2669701 -0.9351451
vn -0.7311240 -0.4579477 -0.5057091
vn -0.5550000 -0.3487577 -0.7552106
vn -0.7513080 -0.3311288 -0.5708677
vn -0.6193658 -0.5416638 -0.5683189
vn -0.6596766 -0.2774081 -0.6984780
vn -0.5297967 -0.4828290 -0.6972744
vn -0.1166823 0.4346252 -0.8930208
vn -0.3449366 0.3380693 -0.8756300
vn -0.1950781 0.5206105 -0.8312095
vn -0.1170343 0.3158513 -0.9415630
vn -0.7401050 0.0761415 -0.6681669
vn -0.5572807 0.2173015 -0.8013852
vn -0.7531394 0.2036581 -0.6255434
vn -0.6591590 -0.0000000 -0.7520036
vn -0.3558349 0.6694725 -0.6520645
vn -0.4341462 0.4166421 -0.7987030
vn -0.2743304 0.6000317 -0.7514685
vn -0.4898014 0.6143574 -0.6185949
vn -0.3150496 0.4718604 -0.8234631
vn -0.1179913 0.0676364 -0.9907085
vn -0.3468421 0.2089071 -0.9143623
vn -0.1166256 0.1936789 -0.9741083
vn -0.2348112 -0.0000000 -0.9720410
vn -0.2328747 0.2669701 -0.9351451
vn -0.7311240 0.4579477 -0.5057091
vn -0.5550000 0.3487577 -0.7552106
vn -0.7513080 0.3311288 -0.5708677
vn -0.6193658 0.5416638 -0.5683189
vn -0.6596766 0.2774081 -0.6984780
vn -0.5297967 0.4828290 -0.6972744
vn -0.4639356 -0.1412607 -0.8745337
vn -0.4639356 0.1412607 -0.8745337
vn -0.5671128 -0.0731950 -0.8203813
vn -0.3536937 -0.0717413 -0.9326060
vn -0.5671128 0.0731950 -0.8203813
vn -0.3536937 0.0717413 -0.9326060
vn -0.6145027 0.7835080 0.0922043
vn -0.7516444 0.6018297 0.2698734
vn -0.5671550 0.7864161 0.2447140
vn -0.7038378 0.7103607 0.0000000
vn -0.8334204 0.1253960 0.5382251
vn -0.8252383 0.3744881 0.4227770
vn -0.4378522 0.7294029 0.5256015
vn -0.6915612 0.5854406 0.4230866
vn -0.5071696 0.7685747 0.3899640
vn -0.6375597 0.6934181 0.3356917
vn -0.8396263 0.5125962 -0.1796466
vn -0.8396263 0.5125962 0.1796466
vn -0.7790189 0.6201916 -0.0921512
vn -0.7790189 0.6201916 0.0921512
vn -0.6145027 -0.7835080 0.0922043
vn -0.7516444 -0.6018297 0.2698734
vn -0.5671550 -0.7864161 0.2447140
vn -0.7038378 -0.7103607 0.0000000
vn -0.8334204 -0.1253960 0.5382251
vn -0.8252383 -0.3744881 0.4227770
vn -0.4378522 -0.7294029 0.5256015
vn -0.6915612 -0.5854406 0.4230866
vn -0.5071696 -0.7685747 0.3899640
vn -0.6375597 -0.6934181 0.3356917
vn -0.8396263 -0.5125962 -0.1796466
vn -0.8396263 -0.5125962 0.1796466
vn -0.7790189 -0.6201916 -0.0921512
vn -0.7790189 -0.6201916 0.0921512
vn -0.1166823 -0.4346252 0.8930208
vn -0.3449366 -0.3380693 0.8756300
vn -0.1950781 -0.5206105 0.8312095
vn -0.1170343 -0.3158513 0.9415630
vn -0.7401050 -0.0761415 0.6681669
vn -0.5572807 -0.2173015 0.8013852
vn -0.7531394 -0.2036581 0.6255434
vn -0.3558349 -0.6694725 0.6520645
vn -0.4341462 -0.4166421 0.7987030
vn -0.2743304 -0.6000317 0.7514685
vn -0.4898014 -0.6143574 0.6185949
vn -0.3150496 -0.4718604 0.8234631
vn -0.1179913 -0.0676364 0.9907085
vn -0.3468421 -0.2089071 0.9143623
vn -0.1166256 -0.1936789 0.9741083
vn -0.2328747 -0.2669701 0.9351451
vn -0.7311240 -0.4579477 0.5057091
vn -0.5550000 -0.3487577 0.7552106
vn -0.7513080 -0.3311288 0.5708677
vn -0.6193658 -0.5416638 0.5683189
vn -0.6596766 -0.2774081 0.6984780
vn -0.5297967 -0.4828290 0.6972744
vn -0.1166823 0.4346252 0.8930208
vn -0.3449366 0.3380693 0.8756300
vn -0.1950781 0.5206105 0.8312095
vn -0.1170343 0.3158513 0.9415630
vn -0.7401050 0.0761415 0.6681669
vn -0.5572807 0.2173015 0.8013852
vn -0.7531394 0.2036581 0.6255434
vn -0.6591590 -0.0000000 0.7520036
vn -0.3558349 0.6694725 0.6520645
vn -0.4341462 0.4166421 0.7987030
vn -0.2743304 0.6000317 0.7514685
vn -0.4898014 0.6143574 0.6185949
vn -0.3150496 0.4718604 0.8234631
vn -0.1179913 0.0676364 0.9907085
vn -0.3468421 0.2089071 0.9143623
vn -0.1166256 0.1936789 0.9741083
vn -0.2348112 0.0000000 0.9720410
vn -0.2328747 0.2669701 0.9351451
vn -0.7311240 0.4579477 0.5057091
vn -0.5550000 0.3487577 0.7552106
vn -0.7513080 0.3311288 0.5708677
vn -0.6193658 0.5416638 0.5683189
vn -0.6596766 0.2774081 0.6984780
vn -0.5297967 0.4828290 0.6972744
vn -0.4639356 -0.1412607 0.8745337
vn -0.4639356 0.1412607 0.8745337
vn -0.5671128 -0.0731950 0.8203813
vn -0.3536937 -0.0717413 0.9326060
vn -0.5671128 0.0731950 0.8203813
vn -0.3536937 0.0717413 0.9326060
vn -0.8913085 0.0000000 -0.4533973
vn -0.9872947 -0.0000000 -0.1589000
vn -0.9059477 0.1296075 -0.4030641
vn -0.9059477 -0.1296075 -0.4030641
vn -0.8913085 -0.0000000 0.4533973
vn -0.9872947 -0.0000000 0.1589000
vn -0.9059477 0.1296075 0.4030641
vn -0.9059477 -0.1296075 0.4030641
vn -0.8830409 0.3854937 -0.2676441
vn -0.9868091 0.1351197 -0.0891656
vn -0.9032961 0.2590176 -0.3420031
vn -0.9124233 0.3985401 -0.0930026
vn -0.9584697 0.1321112 -0.2527497
vn -0.8830409 -0.3854937 -0.2676441
vn -0.9868091 -0.1351197 -0.0891656
vn -0.9032961 -0.2590176 -0.3420031
vn -0.9124233 -0.3985401 -0.0930026
vn -0.9584697 -0.1321112 -0.2527497
vn -0.8830409 0.3854937 0.2676441
vn -0.9868091 0.1351197 0.0891656
vn -0.9032961 0.2590176 0.3420031
vn -0.9124233 0.3985401 0.0930026
vn -0.9584697 0.1321112 0.2527497
vn -0.9634018 0.2680613 0.0000000
vn -0.8830409 -0.3854937 0.2676441
vn -0.9868091 -0.1351197 0.0891656
vn -0.9032961 -0.2590176 0.3420031
vn -0.9124233 -0.3985401 0.0930026
vn -0.9584697 -0.1321112 0.2527497
vn -0.9634018 -0.2680613 -0.0000000
f 1//1 533//533 197//197
f 533//533 138//138 535//535
f 197//197 535//535 54//54
f 533//533 535//535 197//197
f 138//138 534//534 542//542
f 534//534 38//38 540//540
f 542//542 540//540 140//140
f 534//534 540//540 542//542
f 54//54 541//541 198//198
f 541//541 140//140 539//539
f 198//198 539//539 17//17
f 541//541 539//539 198//198
f 138//138 542//542 535//535
f 542//542 140//140 541//541
f 535//535 541//541 54//54
f 542//542 541//541 535//535
f 38//38 538//538 601//601
f 538//538 139//139 603//603
f 601//601 603//603 155//155
f 538//538 603//603 601//601
f 139//139 537//537 589//589
f 537//537 12//12 587//587
f 589//589 587//587 152//152
f 537//537 587//587 589//589
f 155//155 605//605 602//602
f 605//605 152//152 588//588
f 602//602 588//588 41//41
f 605//605 588//588 602//602
f 139//139 589//589 603//603
f 589//589 152//152 605//605
f 603//603 605//605 155//155
f 589//589 605//605 603//603
f 17//17 591//591 201//201
f 591//591 153//153 593//593
f 201//201 593//593 55//55
f 591//591 593//593 201//201
f 153//153 592//592 595//595
f 592//592 41//41 584//584
f 595//595 584//584 151//151
f 592//592 584//584 595//595
f 55//55 585//585 200//200
f 585//585 151//151 583//583
f 200//200 583//583 6//6
f 585//585 583//583 200//200
f 153//153 595//595 593//593
f 595//595 151//151 585//585
f 593//593 585//585 55//55
f 595//595 585//585 593//593
f 38//38 601//601 540//540
f 601//601 155//155 604//604
f 540//540 604//604 140//140
f 601//601 604//604 540//540
f 155//155 602//602 606//606
f 602//602 41//41 592//592
f 606//606 592//592 153//153
f 602//602 592//592 606//606
f 140//140 594//594 539//539
f 594//594 153//153 591//591
f 539//539 591//591 17//17
f 594//594 591//591 539//539
f 155//155 606//606 604//604
f 606//606 153//153 594//594
f 604//604 594//594 140//140
f 606//606 594//594 604//604
f 1//1 197//197 163//163
f 197//197 54//54 199//199
f 163//163 199//199 43//43
f 197//197 199//199 163//163
f 54//54 198//198 205//205
f 198//198 17//17 203//203
f 205//205 203//203 56//56
f 198//198 203//203 205//205
f 43//43 204//204 164//164
f 204//204 56//56 202//202
f 164//164 202//202 13//13
f 204//204 202//202 164//164
f 54//54 205//205 199//199
f 205//205 56//56 204//204
f 199//199 204//204 43//43
f 205//205 204//204 199//199
f 17//17 201//201 217//217
f 201//201 55//55 219//219
f 217//217 219//219 60//60
f 201//201 219//219 217//217
f 55//55 200//200 211//211
f 200//200 6//6 209//209
f 211//211 209//209 58//58
f 200//200 209//209 211//211
f 60//60 221//221 218//218
f 221//221 58//58 210//210
f 218//218 210//210 18//18
f 221//221 210//210 218//218
f 55//55 211//211 219//219
f 211//211 58//58 221//221
f 219//219 221//221 60//60
f 211//211 221//221 219//219
f 13//13 212//212 166//166
f 212//212 59//59 214//214
f 166//166 214//214 44//44
f 212//212 214//214 166//166
f 59//59 213//213 216//216
f 213//213 18//18 207//207
f 216//216 207//207 57//57
f 213//213 207//207 216//216
f 44//44 208//208 165//165
f 208//208 57//57 206//206
f 165//165 206//206 2//2
f 208//208 206//206 165//165
f 59//59 216//216 214//214
f 216//216 57//57 208//208
f 214//214 208//208 44//44
f 216//216 208//208 214//214
f 17//17 217//217 203//203
f 217//217 60//60 220//220
f 203//203 220//220 56//56
f 217//217 220//220 203//203
f 60//60 218//218 222//222
f 218//218 18//18 213//213
f 222//222 213//213 59//59
f 218//218 213//213 222//222
f 56//56 215//215 202//202
f 215//215 59//59 212//212
f 202//202 212//212 13//13
f 215//215 212//212 202//202
f 60//60 222//222 220//220
f 222//222 59//59 215//215
f 220//220 215//215 56//56
f 222//222 215//215 220//220
f 1//1 163//163 253//253
f 163//163 43//43 255//255
f 253//253 255//255 70//70
f 163//163 255//255 253//253
f 43//43 164//164 260//260
f 164//164 13//13 258//258
f 260//260 258//258 72//72
f 164//164 258//258 260//260
f 70//70 261//261 254//254
f 261//261 72//72 259//259
f 254//254 259//259 22//22
f 261//261 259//259 254//254
f 43//43 260//260 255//255
f 260//260 72//72 261//261
f 255//255 261//261 70//70
f 260//260 261//261 255//255
f 13//13 166//166 268//268
f 166//166 44//44 270//270
f 268//268 270//270 75//75
f 166//166 270//270 268//268
f 44//44 165//165 264//264
f 165//165 2//2 262//262
f 264//264 262//262 73//73
f 165//165 262//262 264//264
f 75//75 272//272 269//269
f 272//272 73//73 263//263
f 269//269 263//263 23//23
f 272//272 263//263 269//269
f 44//44 264//264 270//270
f 264//264 73//73 272//272
f 270//270 272//272 75//75
f 264//264 272//272 270//270
f 22//22 273//273 257//257
f 273//273 76//76 275//275
f 257//257 275//275 71//71
f 273//273 275//275 257//257
f 76//76 274//274 277//277
f 274//274 23//23 266//266
f 277//277 266//266 74//74
f 274//274 266//266 277//277
f 71//71 267//267 256//256
f 267//267 74//74 265//265
f 256//256 265//265 8//8
f 267//267 265//265 256//256
f 76//76 277//277 275//275
f 277//277 74//74 267//267
f 275//275 267//267 71//71
f 277//277 267//267 275//275
f 13//13 268//268 258//258
f 268//268 75//75 271//271
f 258//258 271//271 72//72
f 268//268 271//271 258//258
f 75//75 269//269 278//278
f 269//269 23//23 274//274
f 278//278 274//274 76//76
f 269//269 274//274 278//278
f 72//72 276//276 259//259
f 276//276 76//76 273//273
f 259//259 273//273 22//22
f 276//276 273//273 259//259
f 75//75 278//278 271//271
f 278//278 76//76 276//276
f 271//271 276//276 72//72
f 278//278 276//276 271//271
f 1//1 253//253 463//463
f 253//253 70//70 465//465
f 463//463 465//465 121//121
f 253//253 465//465 463//463
f 70//70 254//254 470//470
f 254//254 22//22 468//468
f 470//470 468//468 123//123
f 254//254 468//468 470//470
f 121//121 471//471 464//464
f 471//471 123//123 469//469
f 464//464 469//469 34//34
f 471//471 469//469 464//464
f 70//70 470//470 465//465
f 470//470 123//123 471//471
f 465//465 471//471 121//121
f 470//470 471//471 465//465
f 22//22 257//257 511//511
f 257//257 71//71 513//513
f 511//511 513//513 134//134
f 257//257 513//513 511//511
f 71//71 256//256 505//505
f 256//256 8//8 503//503
f 505//505 503//503 132//132
f 256//256 503//503 505//505
f 134//134 515//515 512//512
f 515//515 132//132 504//504
f 512//512 504//504 37//37
f 515//515 504//504 512//512
f 71//71 505//505 513//513
f 505//505 132//132 515//515
f 513//513 515//515 134//134
f 505//505 515//515 513//513
f 34//34 521//521 467//467
f 521//521 136//136 523//523
f 467//467 523//523 122//122
f 521//521 523//523 467//467
f 136//136 522//522 525//525
f 522//522 37//37 508//508
f 525//525 508//508 133//133
f 522//522 508//508 525//525
f 122//122 509//509 466//466
f 509//509 133//133 507//507
f 466//466 507//507 11//11
f 509//509 507//507 466//466
f 136//136 525//525 523//523
f 525//525 133//133 509//509
f 523//523 509//509 122//122
f 525//525 509//509 523//523
f 22//22 511//511 468//468
f 511//511 134//134 514//514
f 468//468 514//514 123//123
f 511//511 514//514 468//468
f 134//134 512//512 526//526
f 512//512 37//37 522//522
f 526//526 522//522 136//136
f 512//512 522//522 526//526
f 123//123 524//524 469//469
f 524//524 136//136 521//521
f 469//469 521//521 34//34
f 524//524 521//521 469//469
f 134//134 526//526 514//514
f 526//526 136//136 524//524
f 514//514 524//524 123//123
f 526//526 524//524 514//514
f 1//1 463//463 533//533
f 463//463 121//121 536//536
f 533//533 536//536 138//138
f 463//463 536//536 533//533
f 121//121 464//464 545//545
f 464//464 34//34 543//543
f 545//545 543//543 141//141
f 464//464 543//543 545//545
f 138//138 546//546 534//534
f 546//546 141//141 544//544
f 534//534 544//544 38//38
f 546//546 544//544 534//534
f 121//121 545//545 536//536
f 545//545 141//141 546//546
f 536//536 546//546 138//138
f 545//545 546//546 536//536
f 34//34 467//467 621//621
f 467//467 122//122 623//623
f 621//621 623//623 159//159
f 467//467 623//623 621//621
f 122//122 466//466 615//615
f 466//466 11//11 613//613
f 615//615 613//613 157//157
f 466//466 613//613 615//615
f 159//159 625//625 622//622
f 625//625 157//157 614//614
f 622//622 614//614 42//42
f 625//625 614//614 622//622
f 122//122 615//615 623//623
f 615//615 157//157 625//625
f 623//623 625//625 159//159
f 615//615 625//625 623//623
f 38//38 631//631 538//538
f 631//631 161//161 633//633
f 538//538 633//633 139//139
f 631//631 633//633 538//538
f 161//161 632//632 635//635
f 632//632 42//42 618//618
f 635//635 618//618 158//158
f 632//632 618//618 635//635
f 139//139 619//619 537//537
f 619//619 158//158 617//617
f 537//537 617//617 12//12
f 619//619 617//617 537//537
f 161//161 635//635 633//633
f 635//635 158//158 619//619
f 633//633 619//619 139//139
f 635//635 619//619 633//633
f 34//34 621//621 543//543
f 621//621 159//159 624//624
f 543//543 624//624 141//141
f 621//621 624//624 543//543
f 159//159 622//622 636//636
f 622//622 42//42 632//632
f 636//636 632//632 161//161
f 622//622 632//632 636//636
f 141//141 634//634 544//544
f 634//634 161//161 631//631
f 544//544 631//631 38//38
f 634//634 631//631 544//544
f 159//159 636//636 624//624
f 636//636 161//161 634//634
f 624//624 634//634 141//141
f 636//636 634//634 624//624
f 2//2 206//206 353//353
f 206//206 57//57 355//355
f 353//353 355//355 96//96
f 206//206 355//355 353//353
f 57//57 207//207 361//361
f 207//207 18//18 359//359
f 361//361 359//359 98//98
f 207//207 359//359 361//361
f 96//96 362//362 354//354
f 362//362 98//98 360//360
f 354//354 360//360 29//29
f 362//362 360//360 354//354
f 57//57 361//361 355//355
f 361//361 98//98 362//362
f 355//355 362//362 96//96
f 361//361 362//362 355//355
f 18//18 210//210 411//411
f 210//210 58//58 413//413
f 411//411 413//413 111//111
f 210//210 413//413 411//411
f 58//58 209//209 405//405
f 209//209 6//6 403//403
f 405//405 403//403 109//109
f 209//209 403//403 405//405
f 111//111 415//415 412//412
f 415//415 109//109 404//404
f 412//412 404//404 32//32
f 415//415 404//404 412//412
f 58//58 405//405 413//413
f 405//405 109//109 415//415
f 413//413 415//415 111//111
f 405//405 415//415 413//413
f 29//29 421//421 358//358
f 421//421 113//113 423//423
f 358//358 423//423 97//97
f 421//421 423//423 358//358
f 113//113 422//422 425//425
f 422//422 32//32 408//408
f 425//425 408//408 110//110
f 422//422 408//408 425//425
f 97//97 409//409 357//357
f 409//409 110//110 407//407
f 357//357 407//407 10//10
f 409//409 407//407 357//357
f 113//113 425//425 423//423
f 425//425 110//110 409//409
f 423//423 409//409 97//97
f 425//425 409//409 423//423
f 18//18 411//411 359//359
f 411//411 111//111 414//414
f 359//359 414//414 98//98
f 411//411 414//414 359//359
f 111//111 412//412 426//426
f 412//412 32//32 422//422
f 426//426 422//422 113//113
f 412//412 422//422 426//426
f 98//98 424//424 360//360
f 424//424 113//113 421//421
f 360//360 421//421 29//29
f 424//424 421//421 360//360
f 111//111 426//426 414//414
f 426//426 113//113 424//424
f 414//414 424//424 98//98
f 426//426 424//424 414//414
f 6//6 583//583 225//225
f 583//583 151//151 586//586
f 225//225 586//586 62//62
f 583//583 586//586 225//225
f 151//151 584//584 600//600
f 584//584 41//41 597//597
f 600//600 597//597 154//154
f 584//584 597//597 600//600
f 62//62 598//598 226//226
f 598//598 154//154 596//596
f 226//226 596//596 19//19
f 598//598 596//596 226//226
f 151//151 600//600 586//586
f 600//600 154//154 598//598
f 586//586 598//598 62//62
f 600//600 598//598 586//586
f 41//41 588//588 608//608
f 588//588 152//152 611//611
f 608//608 611//611 156//156
f 588//588 611//611 608//608
f 152//152 587//587 590//590
f 587//587 12//12 565//565
f 590//590 565//565 147//147
f 587//587 565//565 590//590
f 156//156 609//609 607//607
f 609//609 147//147 566//566
f 607//607 566//566 40//40
f 609//609 566//566 607//607
f 152//152 590//590 611//611
f 590//590 147//147 609//609
f 611//611 609//609 156//156
f 590//590 609//609 611//611
f 19//19 573//573 224//224
f 573//573 149//149 575//575
f 224//224 575//575 61//61
f 573//573 575//575 224//224
f 149//149 574//574 576//576
f 574//574 40//40 562//562
f 576//576 562//562 146//146
f 574//574 562//562 576//576
f 61//61 564//564 223//223
f 564//564 146//146 561//561
f 223//223 561//561 5//5
f 564//564 561//561 223//223
f 149//149 576//576 575//575
f 576//576 146//146 564//564
f 575//575 564//564 61//61
f 576//576 564//564 575//575
f 41//41 608//608 597//597
f 608//608 156//156 612//612
f 597//597 612//612 154//154
f 608//608 612//612 597//597
f 156//156 607//607 610//610
f 607//607 40//40 574//574
f 610//610 574//574 149//149
f 607//607 574//574 610//610
f 154//154 599//599 596//596
f 599//599 149//149 573//573
f 596//596 573//573 19//19
f 599//599 573//573 596//596
f 156//156 610//610 612//612
f 610//610 149//149 599//599
f 612//612 599//599 154//154
f 610//610 599//599 612//612
f 12//12 617//617 551//551
f 617//617 158//158 620//620
f 551//551 620//620 143//143
f 617//617 620//620 551//551
f 158//158 618//618 641//641
f 618//618 42//42 638//638
f 641//641 638//638 162//162
f 618//618 638//638 641//641
f 143//143 639//639 552//552
f 639//639 162//162 637//637
f 552//552 637//637 39//39
f 639//639 637//637 552//552
f 158//158 641//641 620//620
f 641//641 162//162 639//639
f 620//620 639//639 143//143
f 641//641 639//639 620//620
f 42//42 614//614 627//627
f 614//614 157//157 630//630
f 627//627 630//630 160//160
f 614//614 630//630 627//627
f 157//157 613//613 616//616
f 613//613 11//11 475//475
f 616//616 475//475 125//125
f 613//613 475//475 616//616
f 160//160 628//628 626//626
f 628//628 125//125 476//476
f 626//626 476//476 35//35
f 628//628 476//476 626//626
f 157//157 616//616 630//630
f 616//616 125//125 628//628
f 630//630 628//628 160//160
f 616//616 628//628 630//630
f 39//39 558//558 548//548
f 558//558 145//145 560//560
f 548//548 560//560 142//142
f 558//558 560//560 548//548
f 145//145 557//557 559//559
f 557//557 35//35 473//473
f 559//559 473//473 124//124
f 557//557 473//473 559//559
f 142//142 550//550 547//547
f 550//550 124//124 472//472
f 547//547 472//472 3//3
f 550//550 472//472 547//547
f 145//145 559//559 560//560
f 559//559 124//124 550//550
f 560//560 550//550 142//142
f 559//559 550//550 560//560
f 42//42 627//627 638//638
f 627//627 160//160 642//642
f 638//638 642//642 162//162
f 627//627 642//642 638//638
f 160//160 626//626 629//629
f 626//626 35//35 557//557
f 629//629 557//557 145//145
f 626//626 557//557 629//629
f 162//162 640//640 637//637
f 640//640 145//145 558//558
f 637//637 558//558 39//39
f 640//640 558//558 637//637
f 160//160 629//629 642//642
f 629//629 145//145 640//640
f 642//642 640//640 162//162
f 629//629 640//640 642//642
f 11//11 507//507 485//485
f 507//507 133//133 510//510
f 485//485 510//510 128//128
f 507//507 510//510 485//485
f 133//133 508//508 531//531
f 508//508 37//37 528//528
f 531//531 528//528 137//137
f 508//508 528//528 531//531
f 128//128 529//529 486//486
f 529//529 137//137 527//527
f 486//486 527//527 36//36
f 529//529 527//527 486//486
f 133//133 531//531 510//510
f 531//531 137//137 529//529
f 510//510 529//529 128//128
f 531//531 529//529 510//510
f 37//37 504//504 517//517
f 504//504 132//132 520//520
f 517//517 520//520 135//135
f 504//504 520//520 517//517
f 132//132 503//503 506//506
f 503//503 8//8 281//281
f 506//506 281//281 78//78
f 503//503 281//281 506//506
f 135//135 518//518 516//516
f 518//518 78//78 282//282
f 516//516 282//282 24//24
f 518//518 282//282 516//516
f 132//132 506//506 520//520
f 506//506 78//78 518//518
f 520//520 518//518 135//135
f 506//506 518//518 520//520
f 36//36 494//494 482//482
f 494//494 130//130 496//496
f 482//482 496//496 127//127
f 494//494 496//496 482//482
f 130//130 493//493 495//495
f 493//493 24//24 280//280
f 495//495 280//280 77//77
f 493//493 280//280 495//495
f 127//127 484//484 481//481
f 484//484 77//77 279//279
f 481//481 279//279 7//7
f 484//484 279//279 481//481
f 130//130 495//495 496//496
f 495//495 77//77 484//484
f 496//496 484//484 127//127
f 495//495 484//484 496//496
f 37//37 517//517 528//528
f 517//517 135//135 532//532
f 528//528 532//532 137//137
f 517//517 532//532 528//528
f 135//135 516//516 519//519
f 516//516 24//24 493//493
f 519//519 493//493 130//130
f 516//516 493//493 519//519
f 137//137 530//530 527//527
f 530//530 130//130 494//494
f 527//527 494//494 36//36
f 530//530 494//494 527//527
f 135//135 519//519 532//532
f 519//519 130//130 530//530
f 532//532 530//530 137//137
f 519//519 530//530 532//532
f 8//8 265//265 323//323
f 265//265 74//74 325//325
f 323//323 325//325 90//90
f 265//265 325//325 323//323
f 74//74 266//266 333//333
f 266//266 23//23 331//331
f 333//333 331//331 92//92
f 266//266 331//331 333//333
f 90//90 335//335 324//324
f 335//335 92//92 332//332
f 324//324 332//332 28//28
f 335//335 332//332 324//324
f 74//74 333//333 325//325
f 333//333 92//92 335//335
f 325//325 335//335 90//90
f 333//333 335//335 325//325
f 23//23 263//263 288//288
f 263//263 73//73 290//290
f 288//288 290//290 81//81
f 263//263 290//290 288//288
f 73//73 262//262 285//285
f 262//262 2//2 283//283
f 285//285 283//283 79//79
f 262//262 283//283 285//285
f 81//81 291//291 289//289
f 291//291 79//79 284//284
f 289//289 284//284 25//25
f 291//291 284//284 289//289
f 73//73 285//285 290//290
f 285//285 79//79 291//291
f 290//290 291//291 81//81
f 285//285 291//291 290//290
f 28//28 342//342 328//328
f 342//342 94//94 345//345
f 328//328 345//345 91//91
f 342//342 345//345 328//328
f 94//94 341//341 343//343
f 341//341 25//25 287//287
f 343//343 287//287 80//80
f 341//341 287//287 343//343
f 91//91 329//329 327//327
f 329//329 80//80 286//286
f 327//327 286//286 9//9
f 329//329 286//286 327//327
f 94//94 343//343 345//345
f 343//343 80//80 329//329
f 345//345 329//329 91//91
f 343//343 329//329 345//345
f 23//23 288//288 331//331
f 288//288 81//81 334//334
f 331//331 334//334 92//92
f 288//288 334//334 331//331
f 81//81 289//289 344//344
f 289//289 25//25 341//341
f 344//344 341//341 94//94
f 289//289 341//341 344//344
f 92//92 346//346 332//332
f 346//346 94//94 342//342
f 332//332 342//342 28//28
f 346//346 342//342 332//332
f 81//81 344//344 334//334
f 344//344 94//94 346//346
f 334//334 346//346 92//92
f 344//344 346//346 334//334
f 4//4 367//367 180//180
f 367//367 100//100 369//369
f 180//180 369//369 50//50
f 367//367 369//369 180//180
f 100//100 368//368 376//376
f 368//368 30//30 374//374
f 376//376 374//374 102//102
f 368//368 374//374 376//376
f 50//50 375//375 181//181
f 375//375 102//102 373//373
f 181//181 373//373 16//16
f 375//375 373//373 181//181
f 100//100 376//376 369//369
f 376//376 102//102 375//375
f 369//369 375//375 50//50
f 376//376 375//375 369//369
f 30//30 372//372 397//397
f 372//372 101//101 399//399
f 397//397 399//399 108//108
f 372//372 399//399 397//397
f 101//101 371//371 387//387
f 371//371 10//10 385//385
f 387//387 385//385 105//105
f 371//371 385//385 387//387
f 108//108 401//401 398//398
f 401//401 105//105 386//386
f 398//398 386//386 31//31
f 401//401 386//386 398//398
f 101//101 387//387 399//399
f 387//387 105//105 401//401
f 399//399 401//401 108//108
f 387//387 401//401 399//399
f 16//16 388//388 184//184
f 388//388 106//106 390//390
f 184//184 390//390 51//51
f 388//388 390//390 184//184
f 106//106 389//389 392//392
f 389//389 31//31 382//382
f 392//392 382//382 104//104
f 389//389 382//382 392//392
f 51//51 383//383 183//183
f 383//383 104//104 381//381
f 183//183 381//381 5//5
f 383//383 381//381 183//183
f 106//106 392//392 390//390
f 392//392 104//104 383//383
f 390//390 383//383 51//51
f 392//392 383//383 390//390
f 30//30 397//397 374//374
f 397//397 108//108 400//400
f 374//374 400//400 102//102
f 397//397 400//400 374//374
f 108//108 398//398 402//402
f 398//398 31//31 389//389
f 402//402 389//389 106//106
f 398//398 389//389 402//402
f 102//102 391//391 373//373
f 391//391 106//106 388//388
f 373//373 388//388 16//16
f 391//391 388//388 373//373
f 108//108 402//402 400//400
f 402//402 106//106 391//391
f 400//400 391//391 102//102
f 402//402 391//391 400//400
f 4//4 180//180 169//169
f 180//180 50//50 182//182
f 169//169 182//182 46//46
f 180//180 182//182 169//169
f 50//50 181//181 190//190
f 181//181 16//16 187//187
f 190//190 187//187 52//52
f 181//181 187//187 190//190
f 46//46 188//188 170//170
f 188//188 52//52 186//186
f 170//170 186//186 14//14
f 188//188 186//186 170//170
f 50//50 190//190 182//182
f 190//190 52//52 188//188
f 182//182 188//188 46//46
f 190//190 188//188 182//182
f 16//16 184//184 192//192
f 184//184 51//51 195//195
f 192//192 195//195 53//53
f 184//184 195//195 192//192
f 51//51 183//183 185//185
f 183//183 5//5 174//174
f 185//185 174//174 48//48
f 183//183 174//174 185//185
f 53//53 193//193 191//191
f 193//193 48//48 175//175
f 191//191 175//175 15//15
f 193//193 175//175 191//191
f 51//51 185//185 195//195
f 185//185 48//48 193//193
f 195//195 193//193 53//53
f 185//185 193//193 195//195
f 14//14 176//176 168//168
f 176//176 49//49 178//178
f 168//168 178//178 45//45
f 176//176 178//178 168//168
f 49//49 177//177 179//179
f 177//177 15//15 172//172
f 179//179 172//172 47//47
f 177//177 172//172 179//179
f 45//45 173//173 167//167
f 173//173 47//47 171//171
f 167//167 171//171 3//3
f 173//173 171//171 167//167
f 49//49 179//179 178//178
f 179//179 47//47 173//173
f 178//178 173//173 45//45
f 179//179 173//173 178//178
f 16//16 192//192 187//187
f 192//192 53//53 196//196
f 187//187 196//196 52//52
f 192//192 196//196 187//187
f 53//53 191//191 194//194
f 191//191 15//15 177//177
f 194//194 177//177 49//49
f 191//191 177//177 194//194
f 52//52 189//189 186//186
f 189//189 49//49 176//176
f 186//186 176//176 14//14
f 189//189 176//176 186//186
f 53//53 194//194 196//196
f 194//194 49//49 189//189
f 196//196 189//189 52//52
f 194//194 189//189 196//196
f 4//4 169//169 236//236
f 169//169 46//46 238//238
f 236//236 238//238 66//66
f 169//169 238//238 236//236
f 46//46 170//170 244//244
f 170//170 14//14 242//242
f 244//244 242//242 68//68
f 170//170 242//242 244//244
f 66//66 246//246 237//237
f 246//246 68//68 243//243
f 237//237 243//243 21//21
f 246//246 243//243 237//237
f 46//46 244//244 238//238
f 244//244 68//68 246//246
f 238//238 246//246 66//66
f 244//244 246//246 238//238
f 14//14 168//168 232//232
f 168//168 45//45 234//234
f 232//232 234//234 65//65
f 168//168 234//234 232//232
f 45//45 167//167 229//229
f 167//167 3//3 227//227
f 229//229 227//227 63//63
f 167//167 227//227 229//229
f 65//65 235//235 233//233
f 235//235 63//63 228//228
f 233//233 228//228 20//20
f 235//235 228//228 233//233
f 45//45 229//229 234//234
f 229//229 63//63 235//235
f 234//234 235//235 65//65
f 229//229 235//235 234//234
f 21//21 248//248 240//240
f 248//248 69//69 251//251
f 240//240 251//251 67//67
f 248//248 251//251 240//240
f 69//69 247//247 249//249
f 247//247 20//20 231//231
f 249//249 231//231 64//64
f 247//247 231//231 249//249
f 67//67 241//241 239//239
f 241//241 64//64 230//230
f 239//239 230//230 7//7
f 241//241 230//230 239//239
f 69//69 249//249 251//251
f 249//249 64//64 241//241
f 251//251 241//241 67//67
f 249//249 241//241 251//251
f 14//14 232//232 242//242
f 232//232 65//65 245//245
f 242//242 245//245 68//68
f 232//232 245//245 242//242
f 65//65 233//233 250//250
f 233//233 20//20 247//247
f 250//250 247//247 69//69
f 233//233 247//247 250//250
f 68//68 252//252 243//243
f 252//252 69//69 248//248
f 243//243 248//248 21//21
f 252//252 248//248 243//243
f 65//65 250//250 245//245
f 250//250 69//69 252//252
f 245//245 252//252 68//68
f 250//250 252//252 245//245
f 4//4 236//236 292//292
f 236//236 66//66 294//294
f 292//292 294//294 82//82
f 236//236 294//294 292//292
f 66//66 237//237 299//299
f 237//237 21//21 297//297
f 299//299 297//297 84//84
f 237//237 297//297 299//299
f 82//82 300//300 293//293
f 300//300 84//84 298//298
f 293//293 298//298 26//26
f 300//300 298//298 293//293
f 66//66 299//299 294//294
f 299//299 84//84 300//300
f 294//294 300//300 82//82
f 299//299 300//300 294//294
f 21//21 240//240 308//308
f 240//240 67//67 310//310
f 308//308 310//310 87//87
f 240//240 310//310 308//308
f 67//67 239//239 303//303
f 239//239 7//7 301//301
f 303//303 301//301 85//85
f 239//239 301//301 303//303
f 87//87 312//312 309//309
f 312//312 85//85 302//302
f 309//309 302//302 27//27
f 312//312 302//302 309//309
f 67//67 303//303 310//310
f 303//303 85//85 312//312
f 310//310 312//312 87//87
f 303//303 312//312 310//310
f 26//26 317//317 296//296
f 317//317 89//89 319//319
f 296//296 319//319 83//83
f 317//317 319//319 296//296
f 89//89 318//318 321//321
f 318//318 27//27 306//306
f 321//321 306//306 86//86
f 318//318 306//306 321//321
f 83//83 307//307 295//295
f 307//307 86//86 305//305
f 295//295 305//305 9//9
f 307//307 305//305 295//295
f 89//89 321//321 319//319
f 321//321 86//86 307//307
f 319//319 307//307 83//83
f 321//321 307//307 319//319
f 21//21 308//308 297//297
f 308//308 87//87 311//311
f 297//297 311//311 84//84
f 308//308 311//311 297//297
f 87//87 309//309 322//322
f 309//309 27//27 318//318
f 322//322 318//318 89//89
f 309//309 318//318 322//322
f 84//84 320//320 298//298
f 320//320 89//89 317//317
f 298//298 317//317 26//26
f 320//320 317//317 298//298
f 87//87 322//322 311//311
f 322//322 89//89 320//320
f 311//311 320//320 84//84
f 322//322 320//320 311//311
f 4//4 292//292 367//367
f 292//292 82//82 370//370
f 367//367 370//370 100//100
f 292//292 370//370 367//367
f 82//82 293//293 379//379
f 293//293 26//26 377//377
f 379//379 377//377 103//103
f 293//293 377//377 379//379
f 100//100 380//380 368//368
f 380//380 103//103 378//378
f 368//368 378//378 30//30
f 380//380 378//378 368//368
f 82//82 379//379 370//370
f 379//379 103//103 380//380
f 370//370 380//380 100//100
f 379//379 380//380 370//370
f 26//26 296//296 446//446
f 296//296 83//83 448//448
f 446//446 448//448 118//118
f 296//296 448//448 446//446
f 83//83 295//295 436//436
f 295//295 9//9 433//433
f 436//436 433//433 115//115
f 295//295 433//433 436//436
f 118//118 450//450 447//447
f 450//450 115//115 434//434
f 447//447 434//434 33//33
f 450//450 434//434 447//447
f 83//83 436//436 448//448
f 436//436 115//115 450//450
f 448//448 450//450 118//118
f 436//436 450//450 448//448
f 30//30 457//457 372//372
f 457//457 120//120 459//459
f 372//372 459//459 101//101
f 457//457 459//459 372//372
f 120//120 458//458 461//461
f 458//458 33//33 438//438
f 461//461 438//438 116//116
f 458//458 438//438 461//461
f 101//101 440//440 371//371
f 440//440 116//116 437//437
f 371//371 437//437 10//10
f 440//440 437//437 371//371
f 120//120 461//461 459//459
f 461//461 116//116 440//440
f 459//459 440//440 101//101
f 461//461 440//440 459//459
f 26//26 446//446 377//377
f 446//446 118//118 449//449
f 377//377 449//449 103//103
f 446//446 449//449 377//377
f 118//118 447//447 462//462
f 447//447 33//33 458//458
f 462//462 458//458 120//120
f 447//447 458//458 462//462
f 103//103 460//460 378//378
f 460//460 120//120 457//457
f 378//378 457//457 30//30
f 460//460 457//457 378//378
f 118//118 462//462 449//449
f 462//462 120//120 460//460
f 449//449 460//460 103//103
f 462//462 460//460 449//449
f 5//5 381//381 223//223
f 381//381 104//104 384//384
f 223//223 384//384 61//61
f 381//381 384//384 223//223
f 104//104 382//382 396//396
f 382//382 31//31 394//394
f 396//396 394//394 107//107
f 382//382 394//394 396//396
f 61//61 395//395 224//224
f 395//395 107//107 393//393
f 224//224 393//393 19//19
f 395//395 393//393 224//224
f 104//104 396//396 384//384
f 396//396 107//107 395//395
f 384//384 395//395 61//61
f 396//396 395//395 384//384
f 31//31 386//386 427//427
f 386//386 105//105 429//429
f 427//427 429//429 114//114
f 386//386 429//429 427//427
f 105//105 385//385 410//410
f 385//385 10//10 407//407
f 410//410 407//407 110//110
f 385//385 407//407 410//410
f 114//114 431//431 428//428
f 431//431 110//110 408//408
f 428//428 408//408 32//32
f 431//431 408//408 428//428
f 105//105 410//410 429//429
f 410//410 110//110 431//431
f 429//429 431//431 114//114
f 410//410 431//431 429//429
f 19//19 416//416 226//226
f 416//416 112//112 418//418
f 226//226 418//418 62//62
f 416//416 418//418 226//226
f 112//112 417//417 420//420
f 417//417 32//32 404//404
f 420//420 404//404 109//109
f 417//417 404//404 420//420
f 62//62 406//406 225//225
f 406//406 109//109 403//403
f 225//225 403//403 6//6
f 406//406 403//403 225//225
f 112//112 420//420 418//418
f 420//420 109//109 406//406
f 418//418 406//406 62//62
f 420//420 406//406 418//418
f 31//31 427//427 394//394
f 427//427 114//114 430//430
f 394//394 430//430 107//107
f 427//427 430//430 394//394
f 114//114 428//428 432//432
f 428//428 32//32 417//417
f 432//432 417//417 112//112
f 428//428 417//417 432//432
f 107//107 419//419 393//393
f 419//419 112//112 416//416
f 393//393 416//416 19//19
f 419//419 416//416 393//393
f 114//114 432//432 430//430
f 432//432 112//112 419//419
f 430//430 419//419 107//107
f 432//432 419//419 430//430
f 3//3 171//171 547//547
f 171//171 47//47 549//549
f 547//547 549//549 142//142
f 171//171 549//549 547//547
f 47//47 172//172 555//555
f 172//172 15//15 553//553
f 555//555 553//553 144//144
f 172//172 553//553 555//555
f 142//142 556//556 548//548
f 556//556 144//144 554//554
f 548//548 554//554 39//39
f 556//556 554//554 548//548
f 47//47 555//555 549//549
f 555//555 144//144 556//556
f 549//549 556//556 142//142
f 555//555 556//556 549//549
f 15//15 175//175 568//568
f 175//175 48//48 570//570
f 568//568 570//570 148//148
f 175//175 570//570 568//568
f 48//48 174//174 563//563
f 174//174 5//5 561//561
f 563//563 561//561 146//146
f 174//174 561//561 563//563
f 148//148 572//572 569//569
f 572//572 146//146 562//562
f 569//569 562//562 40//40
f 572//572 562//562 569//569
f 48//48 563//563 570//570
f 563//563 146//146 572//572
f 570//570 572//572 148//148
f 563//563 572//572 570//570
f 39//39 577//577 552//552
f 577//577 150//150 579//579
f 552//552 579//579 143//143
f 577//577 579//579 552//552
f 150//150 578//578 581//581
f 578//578 40//40 566//566
f 581//581 566//566 147//147
f 578//578 566//566 581//581
f 143//143 567//567 551//551
f 567//567 147//147 565//565
f 551//551 565//565 12//12
f 567//567 565//565 551//551
f 150//150 581//581 579//579
f 581//581 147//147 567//567
f 579//579 567//567 143//143
f 581//581 567//567 579//579
f 15//15 568//568 553//553
f 568//568 148//148 571//571
f 553//553 571//571 144//144
f 568//568 571//571 553//553
f 148//148 569//569 582//582
f 569//569 40//40 578//578
f 582//582 578//578 150//150
f 569//569 578//578 582//582
f 144//144 580//580 554//554
f 580//580 150//150 577//577
f 554//554 577//577 39//39
f 580//580 577//577 554//554
f 148//148 582//582 571//571
f 582//582 150//150 580//580
f 571//571 580//580 144//144
f 582//582 580//580 571//571
f 7//7 230//230 481//481
f 230//230 64//64 483//483
f 481//481 483//483 127//127
f 230//230 483//483 481//481
f 64//64 231//231 490//490
f 231//231 20//20 488//488
f 490//490 488//488 129//129
f 231//231 488//488 490//490
f 127//127 492//492 482//482
f 492//492 129//129 489//489
f 482//482 489//489 36//36
f 492//492 489//489 482//482
f 64//64 490//490 483//483
f 490//490 129//129 492//492
f 483//483 492//492 127//127
f 490//490 492//492 483//483
f 20//20 228//228 477//477
f 228//228 63//63 479//479
f 477//477 479//479 126//126
f 228//228 479//479 477//477
f 63//63 227//227 474//474
f 227//227 3//3 472//472
f 474//474 472//472 124//124
f 227//227 472//472 474//474
f 126//126 480//480 478//478
f 480//480 124//124 473//473
f 478//478 473//473 35//35
f 480//480 473//473 478//478
f 63//63 474//474 479//479
f 474//474 124//124 480//480
f 479//479 480//480 126//126
f 474//474 480//480 479//479
f 36//36 498//498 486//486
f 498//498 131//131 501//501
f 486//486 501//501 128//128
f 498//498 501//501 486//486
f 131//131 497//497 499//499
f 497//497 35//35 476//476
f 499//499 476//476 125//125
f 497//497 476//476 499//499
f 128//128 487//487 485//485
f 487//487 125//125 475//475
f 485//485 475//475 11//11
f 487//487 475//475 485//485
f 131//131 499//499 501//501
f 499//499 125//125 487//487
f 501//501 487//487 128//128
f 499//499 487//487 501//501
f 20//20 477//477 488//488
f 477//477 126//126 491//491
f 488//488 491//491 129//129
f 477//477 491//491 488//488
f 126//126 478//478 500//500
f 478//478 35//35 497//497
f 500//500 497//497 131//131
f 478//478 497//497 500//500
f 129//129 502//502 489//489
f 502//502 131//131 498//498
f 489//489 498//498 36//36
f 502//502 498//498 489//489
f 126//126 500//500 491//491
f 500//500 131//131 502//502
f 491//491 502//502 129//129
f 500//500 502//502 491//491
f 9//9 305//305 327//327
f 305//305 86//86 330//330
f 327//327 330//330 91//91
f 305//305 330//330 327//327
f 86//86 306//306 349//349
f 306//306 27//27 347//347
f 349//349 347//347 95//95
f 306//306 347//347 349//349
f 91//91 351//351 328//328
f 351//351 95//95 348//348
f 328//328 348//348 28//28
f 351//351 348//348 328//328
f 86//86 349//349 330//330
f 349//349 95//95 351//351
f 330//330 351//351 91//91
f 349//349 351//351 330//330
f 27//27 302//302 314//314
f 302//302 85//85 316//316
f 314//314 316//316 88//88
f 302//302 316//316 314//314
f 85//85 301//301 304//304
f 301//301 7//7 279//279
f 304//304 279//279 77//77
f 301//301 279//279 304//304
f 88//88 315//315 313//313
f 315//315 77//77 280//280
f 313//313 280//280 24//24
f 315//315 280//280 313//313
f 85//85 304//304 316//316
f 304//304 77//77 315//315
f 316//316 315//315 88//88
f 304//304 315//315 316//316
f 28//28 337//337 324//324
f 337//337 93//93 340//340
f 324//324 340//340 90//90
f 337//337 340//340 324//324
f 93//93 336//336 338//338
f 336//336 24//24 282//282
f 338//338 282//282 78//78
f 336//336 282//282 338//338
f 90//90 326//326 323//323
f 326//326 78//78 281//281
f 323//323 281//281 8//8
f 326//326 281//281 323//323
f 93//93 338//338 340//340
f 338//338 78//78 326//326
f 340//340 326//326 90//90
f 338//338 326//326 340//340
f 27//27 314//314 347//347
f 314//314 88//88 350//350
f 347//347 350//350 95//95
f 314//314 350//350 347//347
f 88//88 313//313 339//339
f 313//313 24//24 336//336
f 339//339 336//336 93//93
f 313//313 336//336 339//339
f 95//95 352//352 348//348
f 352//352 93//93 337//337
f 348//348 337//337 28//28
f 352//352 337//337 348//348
f 88//88 339//339 350//350
f 339//339 93//93 352//352
f 350//350 352//352 95//95
f 339//339 352//352 350//350
f 10//10 437//437 357//357
f 437//437 116//116 439//439
f 357//357 439//439 97//97
f 437//437 439//439 357//357
f 116//116 438//438 455//455
f 438//438 33//33 452//452
f 455//455 452//452 119//119
f 438//438 452//452 455//455
f 97//97 453//453 358//358
f 453//453 119//119 451//451
f 358//358 451//451 29//29
f 453//453 451//451 358//358
f 116//116 455//455 439//439
f 455//455 119//119 453//453
f 439//439 453//453 97//97
f 455//455 453//453 439//439
f 33//33 434//434 442//442
f 434//434 115//115 445//445
f 442//442 445//445 117//117
f 434//434 445//445 442//442
f 115//115 433//433 435//435
f 433//433 9//9 286//286
f 435//435 286//286 80//80
f 433//433 286//286 435//435
f 117//117 443//443 441//441
f 443//443 80//80 287//287
f 441//441 287//287 25//25
f 443//443 287//287 441//441
f 115//115 435//435 445//445
f 435//435 80//80 443//443
f 445//445 443//443 117//117
f 435//435 443//443 445//445
f 29//29 364//364 354//354
f 364//364 99//99 366//366
f 354//354 366//366 96//96
f 364//364 366//366 354//354
f 99//99 363//363 365//365
f 363//363 25//25 284//284
f 365//365 284//284 79//79
f 363//363 284//284 365//365
f 96//96 356//356 353//353
f 356//356 79//79 283//283
f 353//353 283//283 2//2
f 356//356 283//283 353//353
f 99//99 365//365 366//366
f 365//365 79//79 356//356
f 366//366 356//356 96//96
f 365//365 356//356 366//366
f 33//33 442//442 452//452
f 442//442 117//117 456//456
f 452//452 456//456 119//119
f 442//442 456//456 452//452
f 117//117 441//441 444//444
f 441//441 25//25 363//363
f 444//444 363//363 99//99
f 441//441 363//363 444//444
f 119//119 454//454 451//451
f 454//454 99//99 364//364
f 451//451 364//364 29//29
f 454//454 364//364 451//451
f 117//117 444//444 456//456
f 444//444 99//99 454//454
f 456//456 454//454 119//119
f 444//444 454//454 456//456
f 643//643 1175//1175 839//839
f 1175//1175 780//780 1177//1177
f 839//839 1177//1177 696//696
f 1175//1175 1177//1177 839//839
f 780//780 1176//1176 1184//1184
f 1176//1176 680//680 1182//1182
f 1184//1184 1182//1182 782//782
f 1176//1176 1182//1182 1184//1184
f 696//696 1183//1183 840//840
f 1183//1183 782//782 1181//1181
f 840//840 1181//1181 659//659
f 1183//1183 1181//1181 840//840
f 780//780 1184//1184 1177//1177
f 1184//1184 782//782 1183//1183
f 1177//1177 1183//1183 696//696
f 1184//1184 1183//1183 1177//1177
f 680//680 1180//1180 1243//1243
f 1180//1180 781//781 1245//1245
f 1243//1243 1245//1245 797//797
f 1180//1180 1245//1245 1243//1243
f 781//781 1179//1179 1231//1231
f 1179//1179 654//654 1229//1229
f 1231//1231 1229//1229 794//794
f 1179//1179 1229//1229 1231//1231
f 797//797 1247//1247 1244//1244
f 1247//1247 794//794 1230//1230
f 1244//1244 1230//1230 683//683
f 1247//1247 1230//1230 1244//1244
f 781//781 1231//1231 1245//1245
f 1231//1231 794//794 1247//1247
f 1245//1245 1247//1247 797//797
f 1231//1231 1247//1247 1245//1245
f 659//659 1233//1233 843//843
f 1233//1233 795//795 1235//1235
f 843//843 1235//1235 697//697
f 1233//1233 1235//1235 843//843
f 795//795 1234//1234 1237//1237
f 1234//1234 683//683 1226//1226
f 1237//1237 1226//1226 793//793
f 1234//1234 1226//1226 1237//1237
f 697//697 1227//1227 842//842
f 1227//1227 793//793 1225//1225
f 842//842 1225//1225 648//648
f 1227//1227 1225//1225 842//842
f 795//795 1237//1237 1235//1235
f 1237//1237 793//793 1227//1227
f 1235//1235 1227//1227 697//697
f 1237//1237 1227//1227 1235//1235
f 680//680 1243//1243 1182//1182
f 1243//1243 797//797 1246//1246
f 1182//1182 1246//1246 782//782
f 1243//1243 1246//1246 1182//1182
f 797//797 1244//1244 1248//1248
f 1244//1244 683//683 1234//1234
f 1248//1248 1234//1234 795//795
f 1244//1244 1234//1234 1248//1248
f 782//782 1236//1236 1181//1181
f 1236//1236 795//795 1233//1233
f 1181//1181 1233//1233 659//659
f 1236//1236 1233//1233 1181//1181
f 797//797 1248//1248 1246//1246
f 1248//1248 795//795 1236//1236
f 1246//1246 1236//1236 782//782
f 1248//1248 1236//1236 1246//1246
f 643//643 839//839 805//805
f 839//839 696//696 841//841
f 805//805 841//841 685//685
f 839//839 841//841 805//805
f 696//696 840//840 847//847
f 840//840 659//659 845//845
f 847//847 845//845 698//698
f 840//840 845//845 847//847
f 685//685 846//846 806//806
f 846//846 698//698 844//844
f 806//806 844//844 655//655
f 846//846 844//844 806//806
f 696//696 847//847 841//841
f 847//847 698//698 846//846
f 841//841 846//846 685//685
f 847//847 846//846 841//841
f 659//659 843//843 859//859
f 843//843 697//697 861//861
f 859//859 861//861 702//702
f 843//843 861//861 859//859
f 697//697 842//842 853//853
f 842//842 648//648 851//851
f 853//853 851//851 700//700
f 842//842 851//851 853//853
f 702//702 863//863 860//860
f 863//863 700//700 852//852
f 860//860 852//852 660//660
f 863//863 852//852 860//860
f 697//697 853//853 861//861
f 853//853 700//700 863//863
f 861//861 863//863 702//702
f 853//853 863//863 861//861
f 655//655 854//854 808//808
f 854//854 701//701 856//856
f 808//808 856//856 686//686
f 854//854 856//856 808//808
f 701//701 855//855 858//858
f 855//855 660//660 849//849
f 858//858 849//849 699//699
f 855//855 849//849 858//858
f 686//686 850//850 807//807
f 850//850 699//699 848//848
f 807//807 848//848 644//644
f 850//850 848//848 807//807
f 701//701 858//858 856//856
f 858//858 699//699 850//850
f 856//856 850//850 686//686
f 858//858 850//850 856//856
f 659//659 859//859 845//845
f 859//859 702//702 862//862
f 845//845 862//862 698//698
f 859//859 862//862 845//845
f 702//702 860//860 864//864
f 860//860 660//660 855//855
f 864//864 855//855 701//701
f 860//860 855//855 864//864
f 698//698 857//857 844//844
f 857//857 701//701 854//854
f 844//844 854//854 655//655
f 857//857 854//854 844//844
f 702//702 864//864 862//862
f 864//864 701//701 857//857
f 862//862 857//857 698//698
f 864//864 857//857 862//862
f 643//643 805//805 895//895
f 805//805 685//685 897//897
f 895//895 897//897 712//712
f 805//805 897//897 895//895
f 685//685 806//806 902//902
f 806//806 655//655 900//900
f 902//902 900//900 714//714
f 806//806 900//900 902//902
f 712//712 903//903 896//896
f 903//903 714//714 901//901
f 896//896 901//901 664//664
f 903//903 901//901 896//896
f 685//685 902//902 897//897
f 902//902 714//714 903//903
f 897//897 903//903 712//712
f 902//902 903//903 897//897
f 655//655 808//808 910//910
f 808//808 686//686 912//912
f 910//910 912//912 717//717
f 808//808 912//912 910//910
f 686//686 807//807 906//906
f 807//807 644//644 904//904
f 906//906 904//904 715//715
f 807//807 904//904 906//906
f 717//717 914//914 911//911
f 914//914 715//715 905//905
f 911//911 905//905 665//665
f 914//914 905//905 911//911
f 686//686 906//906 912//912
f 906//906 715//715 914//914
f 912//912 914//914 717//717
f 906//906 914//914 912//912
f 664//664 915//915 899//899
f 915//915 718//718 917//917
f 899//899 917//917 713//713
f 915//915 917//917 899//899
f 718//718 916//916 919//919
f 916//916 665//665 908//908
f 919//919 908//908 716//716
f 916//916 908//908 919//919
f 713//713 909//909 898//898
f 909//909 716//716 907//907
f 898//898 907//907 650//650
f 909//909 907//907 898//898
f 718//718 919//919 917//917
f 919//919 716//716 909//909
f 917//917 909//909 713//713
f 919//919 909//909 917//917
f 655//655 910//910 900//900
f 910//910 717//717 913//913
f 900//900 913//913 714//714
f 910//910 913//913 900//900
f 717//717 911//911 920//920
f 911//911 665//665 916//916
f 920//920 916//916 718//718
f 911//911 916//916 920//920
f 714//714 918//918 901//901
f 918//918 718//718 915//915
f 901//901 915//915 664//664
f 918//918 915//915 901//901
f 717//717 920//920 913//913
f 920//920 718//718 918//918
f 913//913 918//918 714//714
f 920//920 918//918 913//913
f 643//643 895//895 1105//1105
f 895//895 712//712 1107//1107
f 1105//1105 1107//1107 763//763
f 895//895 1107//1107 1105//1105
f 712//712 896//896 1112//1112
f 896//896 664//664 1110//1110
f 1112//1112 1110//1110 765//765
f 896//896 1110//1110 1112//1112
f 763//763 1113//1113 1106//1106
f 1113//1113 765//765 1111//1111
f 1106//1106 1111//1111 676//676
f 1113//1113 1111//1111 1106//1106
f 712//712 1112//1112 1107//1107
f 1112//1112 765//765 1113//1113
f 1107//1107 1113//1113 763//763
f 1112//1112 1113//1113 1107//1107
f 664//664 899//899 1153//1153
f 899//899 713//713 1155//1155
f 1153//1153 1155//1155 776//776
f 899//899 1155//1155 1153//1153
f 713//713 898//898 1147//1147
f 898//898 650//650 1145//1145
f 1147//1147 1145//1145 774//774
f 898//898 1145//1145 1147//1147
f 776//776 1157//1157 1154//1154
f 1157//1157 774//774 1146//1146
f 1154//1154 1146//1146 679//679
f 1157//1157 1146//1146 1154//1154
f 713//713 1147//1147 1155//1155
f 1147//1147 774//774 1157//1157
f 1155//1155 1157//1157 776//776
f 1147//1147 1157//1157 1155//1155
f 676//676 1163//1163 1109//1109
f 1163//1163 778//778 1165//1165
f 1109//1109 1165//1165 764//764
f 1163//1163 1165//1165 1109//1109
f 778//778 1164//1164 1167//1167
f 1164//1164 679//679 1150//1150
f 1167//1167 1150//1150 775//775
f 1164//1164 1150//1150 1167//1167
f 764//764 1151//1151 1108//1108
f 1151//1151 775//775 1149//1149
f 1108//1108 1149//1149 653//653
f 1151//1151 1149//1149 1108//1108
f 778//778 1167//1167 1165//1165
f 1167//1167 775//775 1151//1151
f 1165//1165 1151//1151 764//764
f 1167//1167 1151//1151 1165//1165
f 664//664 1153//1153 1110//1110
f 1153//1153 776//776 1156//1156
f 1110//1110 1156//1156 765//765
f 1153//1153 1156//1156 1110//1110
f 776//776 1154//1154 1168//1168
f 1154//1154 679//679 1164//1164
f 1168//1168 1164//1164 778//778
f 1154//1154 1164//1164 1168//1168
f 765//765 1166//1166 1111//1111
f 1166//1166 778//778 1163//1163
f 1111//1111 1163//1163 676//676
f 1166//1166 1163//1163 1111//1111
f 776//776 1168//1168 1156//1156
f 1168//1168 778//778 1166//1166
f 1156//1156 1166//1166 765//765
f 1168//1168 1166//1166 1156//1156
f 643//643 1105//1105 1175//1175
f 1105//1105 763//763 1178//1178
f 1175//1175 1178//1178 780//780
f 1105//1105 1178//1178 1175//1175
f 763//763 1106//1106 1187//1187
f 1106//1106 676//676 1185//1185
f 1187//1187 1185//1185 783//783
f 1106//1106 1185//1185 1187//1187
f 780//780 1188//1188 1176//1176
f 1188//1188 783//783 1186//1186
f 1176//1176 1186//1186 680//680
f 1188//1188 1186//1186 1176//1176
f 763//763 1187//1187 1178//1178
f 1187//1187 783//783 1188//1188
f 1178//1178 1188//1188 780//780
f 1187//1187 1188//1188 1178//1178
f 676//676 1109//1109 1263//1263
f 1109//1109 764//764 1265//1265
f 1263//1263 1265//1265 801//801
f 1109//1109 1265//1265 1263//1263
f 764//764 1108//1108 1257//1257
f 1108//1108 653//653 1255//1255
f 1257//1257 1255//1255 799//799
f 1108//1108 1255//1255 1257//1257
f 801//801 1267//1267 1264//1264
f 1267//1267 799//799 1256//1256
f 1264//1264 1256//1256 684//684
f 1267//1267 1256//1256 1264//1264
f 764//764 1257//1257 1265//1265
f 1257//1257 799//799 1267//1267
f 1265//1265 1267//1267 801//801
f 1257//1257 1267//1267 1265//1265
f 680//680 1273//1273 1180//1180
f 1273//1273 803//803 1275//1275
f 1180//1180 1275//1275 781//781
f 1273//1273 1275//1275 1180//1180
f 803//803 1274//1274 1277//1277
f 1274//1274 684//684 1260//1260
f 1277//1277 1260//1260 800//800
f 1274//1274 1260//1260 1277//1277
f 781//781 1261//1261 1179//1179
f 1261//1261 800//800 1259//1259
f 1179//1179 1259//1259 654//654
f 1261//1261 1259//1259 1179//1179
f 803//803 1277//1277 1275//1275
f 1277//1277 800//800 1261//1261
f 1275//1275 1261//1261 781//781
f 1277//1277 1261//1261 1275//1275
f 676//676 1263//1263 1185//1185
f 1263//1263 801//801 1266//1266
f 1185//1185 1266//1266 783//783
f 1263//1263 1266//1266 1185//1185
f 801//801 1264//1264 1278//1278
f 1264//1264 684//684 1274//1274
f 1278//1278 1274//1274 803//803
f 1264//1264 1274//1274 1278//1278
f 783//783 1276//1276 1186//1186
f 1276//1276 803//803 1273//1273
f 1186//1186 1273//1273 680//680
f 1276//1276 1273//1273 1186//1186
f 801//801 1278//1278 1266//1266
f 1278//1278 803//803 1276//1276
f 1266//1266 1276//1276 783//783
f 1278//1278 1276//1276 1266//1266
f 644//644 848//848 995//995
f 848//848 699//699 997//997
f 995//995 997//997 738//738
f 848//848 997//997 995//995
f 699//699 849//849 1003//1003
f 849//849 660//660 1001//1001
f 1003//1003 1001//1001 740//740
f 849//849 1001//1001 1003//1003
f 738//738 1004//1004 996//996
f 1004//1004 740//740 1002//1002
f 996//996 1002//1002 671//671
f 1004//1004 1002//1002 996//996
f 699//699 1003//1003 997//997
f 1003//1003 740//740 1004//1004
f 997//997 1004//1004 738//738
f 1003//1003 1004//1004 997//997
f 660//660 852//852 1053//1053
f 852//852 700//700 1055//1055
f 1053//1053 1055//1055 753//753
f 852//852 1055//1055 1053//1053
f 700//700 851//851 1047//1047
f 851//851 648//648 1045//1045
f 1047//1047 1045//1045 751//751
f 851//851 1045//1045 1047//1047
f 753//753 1057//1057 1054//1054
f 1057//1057 751//751 1046//1046
f 1054//1054 1046//1046 674//674
f 1057//1057 1046//1046 1054//1054
f 700//700 1047//1047 1055//1055
f 1047//1047 751//751 1057//1057
f 1055//1055 1057//1057 753//753
f 1047//1047 1057//1057 1055//1055
f 671//671 1063//1063 1000//1000
f 1063//1063 755//755 1065//1065
f 1000//1000 1065//1065 739//739
f 1063//1063 1065//1065 1000//1000
f 755//755 1064//1064 1067//1067
f 1064//1064 674//674 1050//1050
f 1067//1067 1050//1050 752//752
f 1064//1064 1050//1050 1067//1067
f 739//739 1051//1051 999//999
f 1051//1051 752//752 1049//1049
f 999//999 1049//1049 652//652
f 1051//1051 1049//1049 999//999
f 755//755 1067//1067 1065//1065
f 1067//1067 752//752 1051//1051
f 1065//1065 1051//1051 739//739
f 1067//1067 1051//1051 1065//1065
f 660//660 1053//1053 1001//1001
f 1053//1053 753//753 1056//1056
f 1001//1001 1056//1056 740//740
f 1053//1053 1056//1056 1001//1001
f 753//753 1054//1054 1068//1068
f 1054//1054 674//674 1064//1064
f 1068//1068 1064//1064 755//755
f 1054//1054 1064//1064 1068//1068
f 740//740 1066//1066 1002//1002
f 1066//1066 755//755 1063//1063
f 1002//1002 1063//1063 671//671
f 1066//1066 1063//1063 1002//1002
f 753//753 1068//1068 1056//1056
f 1068//1068 755//755 1066//1066
f 1056//1056 1066//1066 740//740
f 1068//1068 1066//1066 1056//1056
f 648//648 1225//1225 867//867
f 1225//1225 793//793 1228//1228
f 867//867 1228//1228 704//704
f 1225//1225 1228//1228 867//867
f 793//793 1226//1226 1242//1242
f 1226//1226 683//683 1239//1239
f 1242//1242 1239//1239 796//796
f 1226//1226 1239//1239 1242//1242
f 704//704 1240//1240 868//868
f 1240//1240 796//796 1238//1238
f 868//868 1238//1238 661//661
f 1240//1240 1238//1238 868//868
f 793//793 1242//1242 1228//1228
f 1242//1242 796//796 1240//1240
f 1228//1228 1240//1240 704//704
f 1242//1242 1240//1240 1228//1228
f 683//683 1230//1230 1250//1250
f 1230//1230 794//794 1253//1253
f 1250//1250 1253//1253 798//798
f 1230//1230 1253//1253 1250//1250
f 794//794 1229//1229 1232//1232
f 1229//1229 654//654 1207//1207
f 1232//1232 1207//1207 789//789
f 1229//1229 1207//1207 1232//1232
f 798//798 1251//1251 1249//1249
f 1251//1251 789//789 1208//1208
f 1249//1249 1208//1208 682//682
f 1251//1251 1208//1208 1249//1249
f 794//794 1232//1232 1253//1253
f 1232//1232 789//789 1251//1251
f 1253//1253 1251//1251 798//798
f 1232//1232 1251//1251 1253//1253
f 661//661 1215//1215 866//866
f 1215//1215 791//791 1217//1217
f 866//866 1217//1217 703//703
f 1215//1215 1217//1217 866//866
f 791//791 1216//1216 1218//1218
f 1216//1216 682//682 1204//1204
f 1218//1218 1204//1204 788//788
f 1216//1216 1204//1204 1218//1218
f 703//703 1206//1206 865//865
f 1206//1206 788//788 1203//1203
f 865//865 1203//1203 647//647
f 1206//1206 1203//1203 865//865
f 791//791 1218//1218 1217//1217
f 1218//1218 788//788 1206//1206
f 1217//1217 1206//1206 703//703
f 1218//1218 1206//1206 1217//1217
f 683//683 1250//1250 1239//1239
f 1250//1250 798//798 1254//1254
f 1239//1239 1254//1254 796//796
f 1250//1250 1254//1254 1239//1239
f 798//798 1249//1249 1252//1252
f 1249//1249 682//682 1216//1216
f 1252//1252 1216//1216 791//791
f 1249//1249 1216//1216 1252//1252
f 796//796 1241//1241 1238//1238
f 1241//1241 791//791 1215//1215
f 1238//1238 1215//1215 661//661
f 1241//1241 1215//1215 1238//1238
f 798//798 1252//1252 1254//1254
f 1252//1252 791//791 1241//1241
f 1254//1254 1241//1241 796//796
f 1252//1252 1241//1241 1254//1254
f 654//654 1259//1259 1193//1193
f 1259//1259 800//800 1262//1262
f 1193//1193 1262//1262 785//785
f 1259//1259 1262//1262 1193//1193
f 800//800 1260//1260 1283//1283
f 1260//1260 684//684 1280//1280
f 1283//1283 1280//1280 804//804
f 1260//1260 1280//1280 1283//1283
f 785//785 1281//1281 1194//1194
f 1281//1281 804//804 1279//1279
f 1194//1194 1279//1279 681//681
f 1281//1281 1279//1279 1194//1194
f 800//800 1283//1283 1262//1262
f 1283//1283 804//804 1281//1281
f 1262//1262 1281//1281 785//785
f 1283//1283 1281//1281 1262//1262
f 684//684 1256//1256 1269//1269
f 1256//1256 799//799 1272//1272
f 1269//1269 1272//1272 802//802
f 1256//1256 1272//1272 1269//1269
f 799//799 1255//1255 1258//1258
f 1255//1255 653//653 1117//1117
f 1258//1258 1117//1117 767//767
f 1255//1255 1117//1117 1258//1258
f 802//802 1270//1270 1268//1268
f 1270//1270 767//767 1118//1118
f 1268//1268 1118//1118 677//677
f 1270//1270 1118//1118 1268//1268
f 799//799 1258//1258 1272//1272
f 1258//1258 767//767 1270//1270
f 1272//1272 1270//1270 802//802
f 1258//1258 1270//1270 1272//1272
f 681//681 1200//1200 1190//1190
f 1200//1200 787//787 1202//1202
f 1190//1190 1202//1202 784//784
f 1200//1200 1202//1202 1190//1190
f 787//787 1199//1199 1201//1201
f 1199//1199 677//677 1115//1115
f 1201//1201 1115//1115 766//766
f 1199//1199 1115//1115 1201//1201
f 784//784 1192//1192 1189//1189
f 1192//1192 766//766 1114//1114
f 1189//1189 1114//1114 645//645
f 1192//1192 1114//1114 1189//1189
f 787//787 1201//1201 1202//1202
f 1201//1201 766//766 1192//1192
f 1202//1202 1192//1192 784//784
f 1201//1201 1192//1192 1202//1202
f 684//684 1269//1269 1280//1280
f 1269//1269 802//802 1284//1284
f 1280//1280 1284//1284 804//804
f 1269//1269 1284//1284 1280//1280
f 802//802 1268//1268 1271//1271
f 1268//1268 677//677 1199//1199
f 1271//1271 1199//1199 787//787
f 1268//1268 1199//1199 1271//1271
f 804//804 1282//1282 1279//1279
f 1282//1282 787//787 1200//1200
f 1279//1279 1200//1200 681//681
f 1282//1282 1200//1200 1279//1279
f 802//802 1271//1271 1284//1284
f 1271//1271 787//787 1282//1282
f 1284//1284 1282//1282 804//804
f 1271//1271 1282//1282 1284//1284
f 653//653 1149//1149 1127//1127
f 1149//1149 775//775 1152//1152
f 1127//1127 1152//1152 770//770
f 1149//1149 1152//1152 1127//1127
f 775//775 1150//1150 1173//1173
f 1150//1150 679//679 1170//1170
f 1173//1173 1170//1170 779//779
f 1150//1150 1170//1170 1173//1173
f 770//770 1171//1171 1128//1128
f 1171//1171 779//779 1169//1169
f 1128//1128 1169//1169 678//678
f 1171//1171 1169//1169 1128//1128
f 775//775 1173//1173 1152//1152
f 1173//1173 779//779 1171//1171
f 1152//1152 1171//1171 770//770
f 1173//1173 1171//1171 1152//1152
f 679//679 1146//1146 1159//1159
f 1146//1146 774//774 1162//1162
f 1159//1159 1162//1162 777//777
f 1146//1146 1162//1162 1159//1159
f 774//774 1145//1145 1148//1148
f 1145//1145 650//650 923//923
f 1148//1148 923//923 720//720
f 1145//1145 923//923 1148//1148
f 777//777 1160//1160 1158//1158
f 1160//1160 720//720 924//924
f 1158//1158 924//924 666//666
f 1160//1160 924//924 1158//1158
f 774//774 1148//1148 1162//1162
f 1148//1148 720//720 1160//1160
f 1162//1162 1160//1160 777//777
f 1148//1148 1160//1160 1162//1162
f 678//678 1136//1136 1124//1124
f 1136//1136 772//772 1138//1138
f 1124//1124 1138//1138 769//769
f 1136//1136 1138//1138 1124//1124
f 772//772 1135//1135 1137//1137
f 1135//1135 666//666 922//922
f 1137//1137 922//922 719//719
f 1135//1135 922//922 1137//1137
f 769//769 1126//1126 1123//1123
f 1126//1126 719//719 921//921
f 1123//1123 921//921 649//649
f 1126//1126 921//921 1123//1123
f 772//772 1137//1137 1138//1138
f 1137//1137 719//719 1126//1126
f 1138//1138 1126//1126 769//769
f 1137//1137 1126//1126 1138//1138
f 679//679 1159//1159 1170//1170
f 1159//1159 777//777 1174//1174
f 1170//1170 1174//1174 779//779
f 1159//1159 1174//1174 1170//1170
f 777//777 1158//1158 1161//1161
f 1158//1158 666//666 1135//1135
f 1161//1161 1135//1135 772//772
f 1158//1158 1135//1135 1161//1161
f 779//779 1172//1172 1169//1169
f 1172//1172 772//772 1136//1136
f 1169//1169 1136//1136 678//678
f 1172//1172 1136//1136 1169//1169
f 777//777 1161//1161 1174//1174
f 1161//1161 772//772 1172//1172
f 1174//1174 1172//1172 779//779
f 1161//1161 1172//1172 1174//1174
f 650//650 907//907 965//965
f 907//907 716//716 967//967
f 965//965 967//967 732//732
f 907//907 967//967 965//965
f 716//716 908//908 975//975
f 908//908 665//665 973//973
f 975//975 973//973 734//734
f 908//908 973//973 975//975
f 732//732 977//977 966//966
f 977//977 734//734 974//974
f 966//966 974//974 670//670
f 977//977 974//974 966//966
f 716//716 975//975 967//967
f 975//975 734//734 977//977
f 967//967 977//977 732//732
f 975//975 977//977 967//967
f 665//665 905//905 930//930
f 905//905 715//715 932//932
f 930//930 932//932 723//723
f 905//905 932//932 930//930
f 715//715 904//904 927//927
f 904//904 644//644 925//925
f 927//927 925//925 721//721
f 904//904 925//925 927//927
f 723//723 933//933 931//931
f 933//933 721//721 926//926
f 931//931 926//926 667//667
f 933//933 926//926 931//931
f 715//715 927//927 932//932
f 927//927 721//721 933//933
f 932//932 933//933 723//723
f 927//927 933//933 932//932
f 670//670 984//984 970//970
f 984//984 736//736 987//987
f 970//970 987//987 733//733
f 984//984 987//987 970//970
f 736//736 983//983 985//985
f 983//983 667//667 929//929
f 985//985 929//929 722//722
f 983//983 929//929 985//985
f 733//733 971//971 969//969
f 971//971 722//722 928//928
f 969//969 928//928 651//651
f 971//971 928//928 969//969
f 736//736 985//985 987//987
f 985//985 722//722 971//971
f 987//987 971//971 733//733
f 985//985 971//971 987//987
f 665//665 930//930 973//973
f 930//930 723//723 976//976
f 973//973 976//976 734//734
f 930//930 976//976 973//973
f 723//723 931//931 986//986
f 931//931 667//667 983//983
f 986//986 983//983 736//736
f 931//931 983//983 986//986
f 734//734 988//988 974//974
f 988//988 736//736 984//984
f 974//974 984//984 670//670
f 988//988 984//984 974//974
f 723//723 986//986 976//976
f 986//986 736//736 988//988
f 976//976 988//988 734//734
f 986//986 988//988 976//976
f 646//646 1009//1009 822//822
f 1009//1009 742//742 1011//1011
f 822//822 1011//1011 692//692
f 1009//1009 1011//1011 822//822
f 742//742 1010//1010 1018//1018
f 1010//1010 672//672 1016//1016
f 1018//1018 1016//1016 744//744
f 1010//1010 1016//1016 1018//1018
f 692//692 1017//1017 823//823
f 1017//1017 744//744 1015//1015
f 823//823 1015//1015 658//658
f 1017//1017 1015//1015 823//823
f 742//742 1018//1018 1011//1011
f 1018//1018 744//744 1017//1017
f 1011//1011 1017//1017 692//692
f 1018//1018 1017//1017 1011//1011
f 672//672 1014//1014 1039//1039
f 1014//1014 743//743 1041//1041
f 1039//1039 1041//1041 750//750
f 1014//1014 1041//1041 1039//1039
f 743//743 1013//1013 1029//1029
f 1013//1013 652//652 1027//1027
f 1029//1029 1027//1027 747//747
f 1013//1013 1027//1027 1029//1029
f 750//750 1043//1043 1040//1040
f 1043//1043 747//747 1028//1028
f 1040//1040 1028//1028 673//673
f 1043//1043 1028//1028 1040//1040
f 743//743 1029//1029 1041//1041
f 1029//1029 747//747 1043//1043
f 1041//1041 1043//1043 750//750
f 1029//1029 1043//1043 1041//1041
f 658//658 1030//1030 826//826
f 1030//1030 748//748 1032//1032
f 826//826 1032//1032 693//693
f 1030//1030 1032//1032 826//826
f 748//748 1031//1031 1034//1034
f 1031//1031 673//673 1024//1024
f 1034//1034 1024//1024 746//746
f 1031//1031 1024//1024 1034//1034
f 693//693 1025//1025 825//825
f 1025//1025 746//746 1023//1023
f 825//825 1023//1023 647//647
f 1025//1025 1023//1023 825//825
f 748//748 1034//1034 1032//1032
f 1034//1034 746//746 1025//1025
f 1032//1032 1025//1025 693//693
f 1034//1034 1025//1025 1032//1032
f 672//672 1039//1039 1016//1016
f 1039//1039 750//750 1042//1042
f 1016//1016 1042//1042 744//744
f 1039//1039 1042//1042 1016//1016
f 750//750 1040//1040 1044//1044
f 1040//1040 673//673 1031//1031
f 1044//1044 1031//1031 748//748
f 1040//1040 1031//1031 1044//1044
f 744//744 1033//1033 1015//1015
f 1033//1033 748//748 1030//1030
f 1015//1015 1030//1030 658//658
f 1033//1033 1030//1030 1015//1015
f 750//750 1044//1044 1042//1042
f 1044//1044 748//748 1033//1033
f 1042//1042 1033//1033 744//744
f 1044//1044 1033//1033 1042//1042
f 646//646 822//822 811//811
f 822//822 692//692 824//824
f 811//811 824//824 688//688
f 822//822 824//824 811//811
f 692//692 823//823 832//832
f 823//823 658//658 829//829
f 832//832 829//829 694//694
f 823//823 829//829 832//832
f 688//688 830//830 812//812
f 830//830 694//694 828//828
f 812//812 828//828 656//656
f 830//830 828//828 812//812
f 692//692 832//832 824//824
f 832//832 694//694 830//830
f 824//824 830//830 688//688
f 832//832 830//830 824//824
f 658//658 826//826 834//834
f 826//826 693//693 837//837
f 834//834 837//837 695//695
f 826//826 837//837 834//834
f 693//693 825//825 827//827
f 825//825 647//647 816//816
f 827//827 816//816 690//690
f 825//825 816//816 827//827
f 695//695 835//835 833//833
f 835//835 690//690 817//817
f 833//833 817//817 657//657
f 835//835 817//817 833//833
f 693//693 827//827 837//837
f 827//827 690//690 835//835
f 837//837 835//835 695//695
f 827//827 835//835 837//837
f 656//656 818//818 810//810
f 818//818 691//691 820//820
f 810//810 820//820 687//687
f 818//818 820//820 810//810
f 691//691 819//819 821//821
f 819//819 657//657 814//814
f 821//821 814//814 689//689
f 819//819 814//814 821//821
f 687//687 815//815 809//809
f 815//815 689//689 813//813
f 809//809 813//813 645//645
f 815//815 813//813 809//809
f 691//691 821//821 820//820
f 821//821 689//689 815//815
f 820//820 815//815 687//687
f 821//821 815//815 820//820
f 658//658 834//834 829//829
f 834//834 695//695 838//838
f 829//829 838//838 694//694
f 834//834 838//838 829//829
f 695//695 833//833 836//836
f 833//833 657//657 819//819
f 836//836 819//819 691//691
f 833//833 819//819 836//836
f 694//694 831//831 828//828
f 831//831 691//691 818//818
f 828//828 818//818 656//656
f 831//831 818//818 828//828
f 695//695 836//836 838//838
f 836//836 691//691 831//831
f 838//838 831//831 694//694
f 836//836 831//831 838//838
f 646//646 811//811 878//878
f 811//811 688//688 880//880
f 878//878 880//880 708//708
f 811//811 880//880 878//878
f 688//688 812//812 886//886
f 812//812 656//656 884//884
f 886//886 884//884 710//710
f 812//812 884//884 886//886
f 708//708 888//888 879//879
f 888//888 710//710 885//885
f 879//879 885//885 663//663
f 888//888 885//885 879//879
f 688//688 886//886 880//880
f 886//886 710//710 888//888
f 880//880 888//888 708//708
f 886//886 888//888 880//880
f 656//656 810//810 874//874
f 810//810 687//687 876//876
f 874//874 876//876 707//707
f 810//810 876//876 874//874
f 687//687 809//809 871//871
f 809//809 645//645 869//869
f 871//871 869//869 705//705
f 809//809 869//869 871//871
f 707//707 877//877 875//875
f 877//877 705//705 870//870
f 875//875 870//870 662//662
f 877//877 870//870 875//875
f 687//687 871//871 876//876
f 871//871 705//705 877//877
f 876//876 877//877 707//707
f 871//871 877//877 876//876
f 663//663 890//890 882//882
f 890//890 711//711 893//893
f 882//882 893//893 709//709
f 890//890 893//893 882//882
f 711//711 889//889 891//891
f 889//889 662//662 873//873
f 891//891 873//873 706//706
f 889//889 873//873 891//891
f 709//709 883//883 881//881
f 883//883 706//706 872//872
f 881//881 872//872 649//649
f 883//883 872//872 881//881
f 711//711 891//891 893//893
f 891//891 706//706 883//883
f 893//893 883//883 709//709
f 891//891 883//883 893//893
f 656//656 874//874 884//884
f 874//874 707//707 887//887
f 884//884 887//887 710//710
f 874//874 887//887 884//884
f 707//707 875//875 892//892
f 875//875 662//662 889//889
f 892//892 889//889 711//711
f 875//875 889//889 892//892
f 710//710 894//894 885//885
f 894//894 711//711 890//890
f 885//885 890//890 663//663
f 894//894 890//890 885//885
f 707//707 892//892 887//887
f 892//892 711//711 894//894
f 887//887 894//894 710//710
f 892//892 894//894 887//887
f 646//646 878//878 934//934
f 878//878 708//708 936//936
f 934//934 936//936 724//724
f 878//878 936//936 934//934
f 708//708 879//879 941//941
f 879//879 663//663 939//939
f 941//941 939//939 726//726
f 879//879 939//939 941//941
f 724//724 942//942 935//935
f 942//942 726//726 940//940
f 935//935 940//940 668//668
f 942//942 940//940 935//935
f 708//708 941//941 936//936
f 941//941 726//726 942//942
f 936//936 942//942 724//724
f 941//941 942//942 936//936
f 663//663 882//882 950//950
f 882//882 709//709 952//952
f 950//950 952//952 729//729
f 882//882 952//952 950//950
f 709//709 881//881 945//945
f 881//881 649//649 943//943
f 945//945 943//943 727//727
f 881//881 943//943 945//945
f 729//729 954//954 951//951
f 954//954 727//727 944//944
f 951//951 944//944 669//669
f 954//954 944//944 951//951
f 709//709 945//945 952//952
f 945//945 727//727 954//954
f 952//952 954//954 729//729
f 945//945 954//954 952//952
f 668//668 959//959 938//938
f 959//959 731//731 961//961
f 938//938 961//961 725//725
f 959//959 961//961 938//938
f 731//731 960//960 963//963
f 960//960 669//669 948//948
f 963//963 948//948 728//728
f 960//960 948//948 963//963
f 725//725 949//949 937//937
f 949//949 728//728 947//947
f 937//937 947//947 651//651
f 949//949 947//947 937//937
f 731//731 963//963 961//961
f 963//963 728//728 949//949
f 961//961 949//949 725//725
f 963//963 949//949 961//961
f 663//663 950//950 939//939
f 950//950 729//729 953//953
f 939//939 953//953 726//726
f 950//950 953//953 939//939
f 729//729 951//951 964//964
f 951//951 669//669 960//960
f 964//964 960//960 731//731
f 951//951 960//960 964//964
f 726//726 962//962 940//940
f 962//962 731//731 959//959
f 940//940 959//959 668//668
f 962//962 959//959 940//940
f 729//729 964//964 953//953
f 964//964 731//731 962//962
f 953//953 962//962 726//726
f 964//964 962//962 953//953
f 646//646 934//934 1009//1009
f 934//934 724//724 1012//1012
f 1009//1009 1012//1012 742//742
f 934//934 1012//1012 1009//1009
f 724//724 935//935 1021//1021
f 935//935 668//668 1019//1019
f 1021//1021 1019//1019 745//745
f 935//935 1019//1019 1021//1021
f 742//742 1022//1022 1010//1010
f 1022//1022 745//745 1020//1020
f 1010//1010 1020//1020 672//672
f 1022//1022 1020//1020 1010//1010
f 724//724 1021//1021 1012//1012
f 1021//1021 745//745 1022//1022
f 1012//1012 1022//1022 742//742
f 1021//1021 1022//1022 1012//1012
f 668//668 938//938 1088//1088
f 938//938 725//725 1090//1090
f 1088//1088 1090//1090 760//760
f 938//938 1090//1090 1088//1088
f 725//725 937//937 1078//1078
f 937//937 651//651 1075//1075
f 1078//1078 1075//1075 757//757
f 937//937 1075//1075 1078//1078
f 760//760 1092//1092 1089//1089
f 1092//1092 757//757 1076//1076
f 1089//1089 1076//1076 675//675
f 1092//1092 1076//1076 1089//1089
f 725//725 1078//1078 1090//1090
f 1078//1078 757//757 1092//1092
f 1090//1090 1092//1092 760//760
f 1078//1078 1092//1092 1090//1090
f 672//672 1099//1099 1014//1014
f 1099//1099 762//762 1101//1101
f 1014//1014 1101//1101 743//743
f 1099//1099 1101//1101 1014//1014
f 762//762 1100//1100 1103//1103
f 1100//1100 675//675 1080//1080
f 1103//1103 1080//1080 758//758
f 1100//1100 1080//1080 1103//1103
f 743//743 1082//1082 1013//1013
f 1082//1082 758//758 1079//1079
f 1013//1013 1079//1079 652//652
f 1082//1082 1079//1079 1013//1013
f 762//762 1103//1103 1101//1101
f 1103//1103 758//758 1082//1082
f 1101//1101 1082//1082 743//743
f 1103//1103 1082//1082 1101//1101
f 668//668 1088//1088 1019//1019
f 1088//1088 760//760 1091//1091
f 1019//1019 1091//1091 745//745
f 1088//1088 1091//1091 1019//1019
f 760//760 1089//1089 1104//1104
f 1089//1089 675//675 1100//1100
f 1104//1104 1100//1100 762//762
f 1089//1089 1100//1100 1104//1104
f 745//745 1102//1102 1020//1020
f 1102//1102 762//762 1099//1099
f 1020//1020 1099//1099 672//672
f 1102//1102 1099//1099 1020//1020
f 760//760 1104//1104 1091//1091
f 1104//1104 762//762 1102//1102
f 1091//1091 1102//1102 745//745
f 1104//1104 1102//1102 1091//1091
f 647//647 1023//1023 865//865
f 1023//1023 746//746 1026//1026
f 865//865 1026//1026 703//703
f 1023//1023 1026//1026 865//865
f 746//746 1024//1024 1038//1038
f 1024//1024 673//673 1036//1036
f 1038//1038 1036//1036 749//749
f 1024//1024 1036//1036 1038//1038
f 703//703 1037//1037 866//866
f 1037//1037 749//749 1035//1035
f 866//866 1035//1035 661//661
f 1037//1037 1035//1035 866//866
f 746//746 1038//1038 1026//1026
f 1038//1038 749//749 1037//1037
f 1026//1026 1037//1037 703//703
f 1038//1038 1037//1037 1026//1026
f 673//673 1028//1028 1069//1069
f 1028//1028 747//747 1071//1071
f 1069//1069 1071//1071 756//756
f 1028//1028 1071//1071 1069//1069
f 747//747 1027//1027 1052//1052
f 1027//1027 652//652 1049//1049
f 1052//1052 1049//1049 752//752
f 1027//1027 1049//1049 1052//1052
f 756//756 1073//1073 1070//1070
f 1073//1073 752//752 1050//1050
f 1070//1070 1050//1050 674//674
f 1073//1073 1050//1050 1070//1070
f 747//747 1052//1052 1071//1071
f 1052//1052 752//752 1073//1073
f 1071//1071 1073//1073 756//756
f 1052//1052 1073//1073 1071//1071
f 661//661 1058//1058 868//868
f 1058//1058 754//754 1060//1060
f 868//868 1060//1060 704//704
f 1058//1058 1060//1060 868//868
f 754//754 1059//1059 1062//1062
f 1059//1059 674//674 1046//1046
f 1062//1062 1046//1046 751//751
f 1059//1059 1046//1046 1062//1062
f 704//704 1048//1048 867//867
f 1048//1048 751//751 1045//1045
f 867//867 1045//1045 648//648
f 1048//1048 1045//1045 867//867
f 754//754 1062//1062 1060//1060
f 1062//1062 751//751 1048//1048
f 1060//1060 1048//1048 704//704
f 1062//1062 1048//1048 1060//1060
f 673//673 1069//1069 1036//1036
f 1069//1069 756//756 1072//1072
f 1036//1036 1072//1072 749//749
f 1069//1069 1072//1072 1036//1036
f 756//756 1070//1070 1074//1074
f 1070//1070 674//674 1059//1059
f 1074//1074 1059//1059 754//754
f 1070//1070 1059//1059 1074//1074
f 749//749 1061//1061 1035//1035
f 1061//1061 754//754 1058//1058
f 1035//1035 1058//1058 661//661
f 1061//1061 1058//1058 1035//1035
f 756//756 1074//1074 1072//1072
f 1074//1074 754//754 1061//1061
f 1072//1072 1061//1061 749//749
f 1074//1074 1061//1061 1072//1072
f 645//645 813//813 1189//1189
f 813//813 689//689 1191//1191
f 1189//1189 1191//1191 784//784
f 813//813 1191//1191 1189//1189
f 689//689 814//814 1197//1197
f 814//814 657//657 1195//1195
f 1197//1197 1195//1195 786//786
f 814//814 1195//1195 1197//1197
f 784//784 1198//1198 1190//1190
f 1198//1198 786//786 1196//1196
f 1190//1190 1196//1196 681//681
f 1198//1198 1196//1196 1190//1190
f 689//689 1197//1197 1191//1191
f 1197//1197 786//786 1198//1198
f 1191//1191 1198//1198 784//784
f 1197//1197 1198//1198 1191//1191
f 657//657 817//817 1210//1210
f 817//817 690//690 1212//1212
f 1210//1210 1212//1212 790//790
f 817//817 1212//1212 1210//1210
f 690//690 816//816 1205//1205
f 816//816 647//647 1203//1203
f 1205//1205 1203//1203 788//788
f 816//816 1203//1203 1205//1205
f 790//790 1214//1214 1211//1211
f 1214//1214 788//788 1204//1204
f 1211//1211 1204//1204 682//682
f 1214//1214 1204//1204 1211//1211
f 690//690 1205//1205 1212//1212
f 1205//1205 788//788 1214//1214
f 1212//1212 1214//1214 790//790
f 1205//1205 1214//1214 1212//1212
f 681//681 1219//1219 1194//1194
f 1219//1219 792//792 1221//1221
f 1194//1194 1221//1221 785//785
f 1219//1219 1221//1221 1194//1194
f 792//792 1220//1220 1223//1223
f 1220//1220 682//682 1208//1208
f 1223//1223 1208//1208 789//789
f 1220//1220 1208//1208 1223//1223
f 785//785 1209//1209 1193//1193
f 1209//1209 789//789 1207//1207
f 1193//1193 1207//1207 654//654
f 1209//1209 1207//1207 1193//1193
f 792//792 1223//1223 1221//1221
f 1223//1223 789//789 1209//1209
f 1221//1221 1209//1209 785//785
f 1223//1223 1209//1209 1221//1221
f 657//657 1210//1210 1195//1195
f 1210//1210 790//790 1213//1213
f 1195//1195 1213//1213 786//786
f 1210//1210 1213//1213 1195//1195
f 790//790 1211//1211 1224//1224
f 1211//1211 682//682 1220//1220
f 1224//1224 1220//1220 792//792
f 1211//1211 1220//1220 1224//1224
f 786//786 1222//1222 1196//1196
f 1222//1222 792//792 1219//1219
f 1196//1196 1219//1219 681//681
f 1222//1222 1219//1219 1196//1196
f 790//790 1224//1224 1213//1213
f 1224//1224 792//792 1222//1222
f 1213//1213 1222//1222 786//786
f 1224//1224 1222//1222 1213//1213
f 649//649 872//872 1123//1123
f 872//872 706//706 1125//1125
f 1123//1123 1125//1125 769//769
f 872//872 1125//1125 1123//1123
f 706//706 873//873 1132//1132
f 873//873 662//662 1130//1130
f 1132//1132 1130//1130 771//771
f 873//873 1130//1130 1132//1132
f 769//769 1134//1134 1124//1124
f 1134//1134 771//771 1131//1131
f 1124//1124 1131//1131 678//678
f 1134//1134 1131//1131 1124//1124
f 706//706 1132//1132 1125//1125
f 1132//1132 771//771 1134//1134
f 1125//1125 1134//1134 769//769
f 1132//1132 1134//1134 1125//1125
f 662//662 870//870 1119//1119
f 870//870 705//705 1121//1121
f 1119//1119 1121//1121 768//768
f 870//870 1121//1121 1119//1119
f 705//705 869//869 1116//1116
f 869//869 645//645 1114//1114
f 1116//1116 1114//1114 766//766
f 869//869 1114//1114 1116//1116
f 768//768 1122//1122 1120//1120
f 1122//1122 766//766 1115//1115
f 1120//1120 1115//1115 677//677
f 1122//1122 1115//1115 1120//1120
f 705//705 1116//1116 1121//1121
f 1116//1116 766//766 1122//1122
f 1121//1121 1122//1122 768//768
f 1116//1116 1122//1122 1121//1121
f 678//678 1140//1140 1128//1128
f 1140//1140 773//773 1143//1143
f 1128//1128 1143//1143 770//770
f 1140//1140 1143//1143 1128//1128
f 773//773 1139//1139 1141//1141
f 1139//1139 677//677 1118//1118
f 1141//1141 1118//1118 767//767
f 1139//1139 1118//1118 1141//1141
f 770//770 1129//1129 1127//1127
f 1129//1129 767//767 1117//1117
f 1127//1127 1117//1117 653//653
f 1129//1129 1117//1117 1127//1127
f 773//773 1141//1141 1143//1143
f 1141//1141 767//767 1129//1129
f 1143//1143 1129//1129 770//770
f 1141//1141 1129//1129 1143//1143
f 662//662 1119//1119 1130//1130
f 1119//1119 768//768 1133//1133
f 1130//1130 1133//1133 771//771
f 1119//1119 1133//1133 1130//1130
f 768//768 1120//1120 1142//1142
f 1120//1120 677//677 1139//1139
f 1142//1142 1139//1139 773//773
f 1120//1120 1139//1139 1142//1142
f 771//771 1144//1144 1131//1131
f 1144//1144 773//773 1140//1140
f 1131//1131 1140//1140 678//678
f 1144//1144 1140//1140 1131//1131
f 768//768 1142//1142 1133//1133
f 1142//1142 773//773 1144//1144
f 1133//1133 1144//1144 771//771
f 1142//1142 1144//1144 1133//1133
f 651//651 947//947 969//969
f 947//947 728//728 972//972
f 969//969 972//972 733//733
f 947//947 972//972 969//969
f 728//728 948//948 991//991
f 948//948 669//669 989//989
f 991//991 989//989 737//737
f 948//948 989//989 991//991
f 733//733 993//993 970//970
f 993//993 737//737 990//990
f 970//970 990//990 670//670
f 993//993 990//990 970//970
f 728//728 991//991 972//972
f 991//991 737//737 993//993
f 972//972 993//993 733//733
f 991//991 993//993 972//972
f 669//669 944//944 956//956
f 944//944 727//727 958//958
f 956//956 958//958 730//730
f 944//944 958//958 956//956
f 727//727 943//943 946//946
f 943//943 649//649 921//921
f 946//946 921//921 719//719
f 943//943 921//921 946//946
f 730//730 957//957 955//955
f 957//957 719//719 922//922
f 955//955 922//922 666//666
f 957//957 922//922 955//955
f 727//727 946//946 958//958
f 946//946 719//719 957//957
f 958//958 957//957 730//730
f 946//946 957//957 958//958
f 670//670 979//979 966//966
f 979//979 735//735 982//982
f 966//966 982//982 732//732
f 979//979 982//982 966//966
f 735//735 978//978 980//980
f 978//978 666//666 924//924
f 980//980 924//924 720//720
f 978//978 924//924 980//980
f 732//732 968//968 965//965
f 968//968 720//720 923//923
f 965//965 923//923 650//650
f 968//968 923//923 965//965
f 735//735 980//980 982//982
f 980//980 720//720 968//968
f 982//982 968//968 732//732
f 980//980 968//968 982//982
f 669//669 956//956 989//989
f 956//956 730//730 992//992
f 989//989 992//992 737//737
f 956//956 992//992 989//989
f 730//730 955//955 981//981
f 955//955 666//666 978//978
f 981//981 978//978 735//735
f 955//955 978//978 981//981
f 737//737 994//994 990//990
f 994//994 735//735 979//979
f 990//990 979//979 670//670
f 994//994 979//979 990//990
f 730//730 981//981 992//992
f 981//981 735//735 994//994
f 992//992 994//994 737//737
f 981//981 994//994 992//992
f 652//652 1079//1079 999//999
f 1079//1079 758//758 1081//1081
f 999//999 1081//1081 739//739
f 1079//1079 1081//1081 999//999
f 758//758 1080//1080 1097//1097
f 1080//1080 675//675 1094//1094
f 1097//1097 1094//1094 761//761
f 1080//1080 1094//1094 1097//1097
f 739//739 1095//1095 1000//1000
f 1095//1095 761//761 1093//1093
f 1000//1000 1093//1093 671//671
f 1095//1095 1093//1093 1000//1000
f 758//758 1097//1097 1081//1081
f 1097//1097 761//761 1095//1095
f 1081//1081 1095//1095 739//739
f 1097//1097 1095//1095 1081//1081
f 675//675 1076//1076 1084//1084
f 1076//1076 757//757 1087//1087
f 1084//1084 1087//1087 759//759
f 1076//1076 1087//1087 1084//1084
f 757//757 1075//1075 1077//1077
f 1075//1075 651//651 928//928
f 1077//1077 928//928 722//722
f 1075//1075 928//928 1077//1077
f 759//759 1085//1085 1083//1083
f 1085//1085 722//722 929//929
f 1083//1083 929//929 667//667
f 1085//1085 929//929 1083//1083
f 757//757 1077//1077 1087//1087
f 1077//1077 722//722 1085//1085
f 1087//1087 1085//1085 759//759
f 1077//1077 1085//1085 1087//1087
f 671//671 1006//1006 996//996
f 1006//1006 741//741 1008//1008
f 996//996 1008//1008 738//738
f 1006//1006 1008//1008 996//996
f 741//741 1005//1005 1007//1007
f 1005//1005 667//667 926//926
f 1007//1007 926//926 721//721
f 1005//1005 926//926 1007//1007
f 738//738 998//998 995//995
f 998//998 721//721 925//925
f 995//995 925//925 644//644
f 998//998 925//925 995//995
f 741//741 1007//1007 1008//1008
f 1007//1007 721//721 998//998
f 1008//1008 998//998 738//738
f 1007//1007 998//998 1008//1008
f 675//675 1084//1084 1094//1094
f 1084//1084 759//759 1098//1098
f 1094//1094 1098//1098 761//761
f 1084//1084 1098//1098 1094//1094
f 759//759 1083//1083 1086//1086
f 1083//1083 667//667 1005//1005
f 1086//1086 1005//1005 741//741
f 1083//1083 1005//1005 1086//1086
f 761//761 1096//1096 1093//1093
f 1096//1096 741//741 1006//1006
f 1093//1093 1006//1006 671//671
f 1096//1096 1006//1006 1093//1093
f 759//759 1086//1086 1098//1098
f 1086//1086 741//741 1096//1096
f 1098//1098 1096//1096 761//761
f 1086//1086 1096//1096 1098//1098

