# https://github.com/mikedh/trimesh
v -0.5269595 0.6928371 -0.0012162
v -0.5209972 0.6917418 -0.0006368
v -0.5153415 0.6895656 -0.0000357
v -0.5101849 0.6863826 0.0005666
v -0.5057031 0.6823011 0.0011496
v -0.5020487 0.6774602 0.0016934
v -0.4993462 0.6720247 0.0021796
v -0.4976876 0.6661798 0.0025916
v -0.4971293 0.6601243 0.0029153
v -0.5476903 0.1140647 0.0231397
v -0.5493517 0.1082072 0.0232572
v -0.5520567 0.1027512 0.0232638
v -0.5557133 0.0978827 0.0231593
v -0.5601970 0.0937673 0.0229471
v -0.5653550 0.0905452 0.0226346
v -0.5710118 0.0883262 0.0222324
v -0.5769746 0.0871858 0.0217542
v -0.5830405 0.0871629 0.0212162
v -0.5215433 0.6918676 0.0013932
v -0.5164150 0.6898128 0.0039551
v -0.5117494 0.6867428 0.0063824
v -0.5077052 0.6827622 0.0085923
v -0.5044203 0.6780063 0.0105096
v -0.5020065 0.6726373 0.0120690
v -0.5005459 0.6668380 0.0132174
v -0.5000884 0.6608058 0.0139158
v -0.5506495 0.1147461 0.0341402
v -0.5522101 0.1088654 0.0338831
v -0.5547170 0.1033638 0.0331532
v -0.5580849 0.0984288 0.0319754
v -0.5621991 0.0942283 0.0303898
v -0.5669195 0.0909055 0.0284504
v -0.5720853 0.0885734 0.0262233
v -0.5775207 0.0873116 0.0237842
v -0.5227489 0.6920428 0.0031110
v -0.5187852 0.6901574 0.0073322
v -0.5152033 0.6872449 0.0113037
v -0.5121254 0.6834047 0.0148902
v -0.5096562 0.6787674 0.0179698
v -0.5078797 0.6734911 0.0204373
v -0.5068566 0.6677553 0.0222089
v -0.5066215 0.6617554 0.0232242
v -0.5571826 0.1156958 0.0434487
v -0.5585207 0.1097827 0.0428746
v -0.5605903 0.1042176 0.0415215
v -0.5633208 0.0991899 0.0394356
v -0.5666193 0.0948709 0.0366878
v -0.5703735 0.0914076 0.0333717
v -0.5744555 0.0889180 0.0296003
v -0.5787263 0.0874868 0.0255019
v -0.5244686 0.6922464 0.0043093
v -0.5221660 0.6905577 0.0096880
v -0.5201302 0.6878283 0.0147368
v -0.5184305 0.6841512 0.0192838
v -0.5171248 0.6796517 0.0231741
v -0.5162576 0.6744830 0.0262752
v -0.5158583 0.6688211 0.0284816
v -0.5159406 0.6628588 0.0297180
v -0.5665017 0.1167992 0.0499424
v -0.5675224 0.1108485 0.0491472
v -0.5689681 0.1052095 0.0473594
v -0.5707894 0.1000742 0.0446399
v -0.5729244 0.0956174 0.0410814
v -0.5753003 0.0919909 0.0368049
v -0.5778363 0.0893183 0.0319561
v -0.5804460 0.0876904 0.0267003
v -0.5264950 0.6924539 0.0048437
v -0.5261498 0.6909654 0.0107386
v -0.5259357 0.6884225 0.0162678
v -0.5258601 0.6849117 0.0212431
v -0.5259254 0.6805526 0.0254949
v -0.5261294 0.6754935 0.0288785
v -0.5264653 0.6699069 0.0312787
v -0.5269216 0.6639828 0.0326138
v -0.5774827 0.1179232 0.0528382
v -0.5781295 0.1119343 0.0519444
v -0.5788400 0.1062200 0.0499627
v -0.5795900 0.1009750 0.0469607
v -0.5803539 0.0963779 0.0430406
v -0.5811059 0.0925852 0.0383359
v -0.5818201 0.0897260 0.0330067
v -0.5824724 0.0878979 0.0272346
v -0.5285837 0.6926401 0.0046496
v -0.5302560 0.6913315 0.0103571
v -0.5319197 0.6889560 0.0157119
v -0.5335179 0.6855944 0.0205317
v -0.5349964 0.6813613 0.0246522
v -0.5363047 0.6764007 0.0279333
v -0.5373983 0.6708816 0.0302631
v -0.5382400 0.6649919 0.0315624
v -0.5888011 0.1189322 0.0517868
v -0.5890625 0.1129090 0.0509288
v -0.5890152 0.1071271 0.0490175
v -0.5886610 0.1017837 0.0461181
v -0.5880118 0.0970606 0.0423292
v -0.5870898 0.0931186 0.0377800
v -0.5859263 0.0900921 0.0326253
v -0.5845611 0.0880841 0.0270406
v -0.5304827 0.6927826 0.0037506
v -0.5339894 0.6916117 0.0085897
v -0.5373602 0.6893644 0.0131362
v -0.5404805 0.6861170 0.0172355
v -0.5432438 0.6819803 0.0207477
v -0.5455561 0.6770951 0.0235535
v -0.5473387 0.6716277 0.0255572
v -0.5485308 0.6657643 0.0266905
v -0.5990919 0.1197047 0.0469149
v -0.5990028 0.1136551 0.0462228
v -0.5982666 0.1078215 0.0446377
v -0.5969084 0.1024027 0.0422136
v -0.5949743 0.0975832 0.0390330
v -0.5925304 0.0935270 0.0352043
v -0.5896597 0.0903723 0.0308578
v -0.5864601 0.0882266 0.0261416
v -0.5319630 0.6928643 0.0022550
v -0.5368996 0.6917723 0.0056494
v -0.5416013 0.6895984 0.0088514
v -0.5459079 0.6864165 0.0117520
v -0.5496728 0.6823350 0.0142524
v -0.5527677 0.6774929 0.0162674
v -0.5550873 0.6720552 0.0177285
v -0.5565526 0.6662069 0.0185858
v -0.6071137 0.1201472 0.0388103
v -0.6067514 0.1140826 0.0383941
v -0.6054782 0.1082194 0.0373516
v -0.6033373 0.1027574 0.0357182
v -0.6004018 0.0978826 0.0335495
v -0.5967714 0.0937610 0.0309195
v -0.5925699 0.0905329 0.0279175
v -0.5879404 0.0883083 0.0246460
v -0.5328461 0.6928753 0.0003432
v -0.5386357 0.6917939 0.0018909
v -0.5441312 0.6896298 0.0033742
v -0.5491456 0.6864567 0.0047426
v -0.5535079 0.6823826 0.0059496
v -0.5570697 0.6775463 0.0069539
v -0.5597097 0.6721125 0.0077214
v -0.5613380 0.6662663 0.0082259
v -0.6118990 0.1202066 0.0284503
v -0.6113738 0.1141399 0.0283870
v -0.6097802 0.1082728 0.0280381
v -0.6071725 0.1028050 0.0274154
v -0.6036394 0.0979228 0.0265402
v -0.5993014 0.0937924 0.0254423
v -0.5943060 0.0905545 0.0241590
v -0.5888235 0.0883192 0.0227342
v -0.5330254 0.6928142 -0.0017542
v -0.5389882 0.6916738 -0.0022324
v -0.5446450 0.6894548 -0.0026346
v -0.5498030 0.6862327 -0.0029471
v -0.5542867 0.6821173 -0.0031593
v -0.5579433 0.6772488 -0.0032638
v -0.5606483 0.6717928 -0.0032572
v -0.5623097 0.6659353 -0.0031397
v -0.6128707 0.1198757 0.0170847
v -0.6123124 0.1138202 0.0174084
v -0.6106538 0.1079753 0.0178204
v -0.6079513 0.1025398 0.0183066
v -0.6042969 0.0976989 0.0188504
v -0.5998151 0.0936174 0.0194334
v -0.5946585 0.0904344 0.0200357
v -0.5890028 0.0882582 0.0206368
v -0.5324793 0.6926884 -0.0037842
v -0.5379147 0.6914266 -0.0062233
v -0.5430805 0.6890945 -0.0084504
v -0.5478009 0.6857717 -0.0103898
v -0.5519151 0.6815712 -0.0119754
v -0.5552830 0.6766362 -0.0131532
v -0.5577899 0.6711346 -0.0138831
v -0.5593505 0.6652539 -0.0141402
v -0.6099116 0.1191942 0.0060842
v -0.6094541 0.1131620 0.0067826
v -0.6079935 0.1073627 0.0079310
v -0.6055797 0.1019937 0.0094904
v -0.6022948 0.0972378 0.0114077
v -0.5982506 0.0932572 0.0136176
v -0.5935850 0.0901872 0.0160449
v -0.5884567 0.0881324 0.0186068
v -0.5312737 0.6925132 -0.0055019
v -0.5355445 0.6910820 -0.0096003
v -0.5396265 0.6885924 -0.0133717
v -0.5433807 0.6851291 -0.0166878
v -0.5466792 0.6808101 -0.0194356
v -0.5494097 0.6757824 -0.0215215
v -0.5514793 0.6702173 -0.0228746
v -0.5528174 0.6643042 -0.0234487
v -0.6033785 0.1182446 -0.0032242
v -0.6031434 0.1122447 -0.0022089
v -0.6021203 0.1065089 -0.0004373
v -0.6003438 0.1012326 0.0020302
v -0.5978746 0.0965953 0.0051098
v -0.5947967 0.0927551 0.0086963
v -0.5912148 0.0898426 0.0126678
v -0.5872511 0.0879572 0.0168890
v -0.5295540 0.6923096 -0.0067003
v -0.5321637 0.6906817 -0.0119561
v -0.5346997 0.6880091 -0.0168049
v -0.5370756 0.6843826 -0.0210814
v -0.5392106 0.6799258 -0.0246399
v -0.5410319 0.6747905 -0.0273594
v -0.5424776 0.6691515 -0.0291472
v -0.5434983 0.6632008 -0.0299424
v -0.5940594 0.1171412 -0.0097180
v -0.5941417 0.1111789 -0.0084816
v -0.5937424 0.1055170 -0.0062752
v -0.5928752 0.1003483 -0.0031741
v -0.5915695 0.0958488 0.0007162
v -0.5898698 0.0921717 0.0052632
v -0.5878340 0.0894423 0.0103120
v -0.5855314 0.0877536 0.0156907
v -0.5275276 0.6921021 -0.0072346
v -0.5281799 0.6902740 -0.0130067
v -0.5288941 0.6874148 -0.0183359
v -0.5296461 0.6836221 -0.0230406
v -0.5304100 0.6790250 -0.0269607
v -0.5311600 0.6737800 -0.0299627
v -0.5318705 0.6680657 -0.0319444
v -0.5325173 0.6620768 -0.0328382
v -0.5830784 0.1160172 -0.0126138
v -0.5835347 0.1100931 -0.0112787
v -0.5838706 0.1045065 -0.0088785
v -0.5840746 0.0994474 -0.0054949
v -0.5841399 0.0950883 -0.0012431
v -0.5840643 0.0915775 0.0037322
v -0.5838502 0.0890346 0.0092614
v -0.5835050 0.0875461 0.0151563
v -0.5254389 0.6919159 -0.0070406
v -0.5240737 0.6899079 -0.0126253
v -0.5229102 0.6868814 -0.0177800
v -0.5219882 0.6829394 -0.0223292
v -0.5213390 0.6782163 -0.0261181
v -0.5209848 0.6728729 -0.0290175
v -0.5209375 0.6670910 -0.0309288
v -0.5211989 0.6610678 -0.0317868
v -0.5717600 0.1150081 -0.0115624
v -0.5726017 0.1091184 -0.0102631
v -0.5736953 0.1035993 -0.0079333
v -0.5750036 0.0986387 -0.0046522
v -0.5764821 0.0944056 -0.0005317
v -0.5780803 0.0910440 0.0042881
v -0.5797440 0.0886685 0.0096429
v -0.5814163 0.0873599 0.0153504
v -0.5235399 0.6917734 -0.0061416
v -0.5203403 0.6896277 -0.0108578
v -0.5174696 0.6864730 -0.0152043
v -0.5150257 0.6824168 -0.0190330
v -0.5130916 0.6775973 -0.0222136
v -0.5117334 0.6721785 -0.0246377
v -0.5109972 0.6663449 -0.0262228
v -0.5109081 0.6602953 -0.0269149
v -0.5614692 0.1142357 -0.0066905
v -0.5626613 0.1083723 -0.0055572
v -0.5644439 0.1029049 -0.0035535
v -0.5667562 0.0980197 -0.0007477
v -0.5695195 0.0938830 0.0027645
v -0.5726398 0.0906356 0.0068638
v -0.5760106 0.0883883 0.0114103
v -0.5795173 0.0872174 0.0162494
v -0.5220596 0.6916917 -0.0046460
v -0.5174301 0.6894671 -0.0079175
v -0.5132286 0.6862390 -0.0109195
v -0.5095982 0.6821174 -0.0135495
v -0.5066627 0.6772426 -0.0157182
v -0.5045218 0.6717806 -0.0173516
v -0.5032486 0.6659174 -0.0183941
v -0.5028863 0.6598528 -0.0188103
v -0.5534474 0.1137931 0.0014142
v -0.5549127 0.1079448 0.0022715
v -0.5572323 0.1025071 0.0037326
v -0.5603272 0.0976650 0.0057476
v -0.5640921 0.0935835 0.0082480
v -0.5683987 0.0904016 0.0111486
v -0.5731004 0.0882277 0.0143506
v -0.5780370 0.0871357 0.0177450
v -0.5211765 0.6916808 -0.0027342
v -0.5156940 0.6894455 -0.0041590
v -0.5106986 0.6862076 -0.0054423
v -0.5063606 0.6820772 -0.0065402
v -0.5028275 0.6771950 -0.0074154
v -0.5002198 0.6717272 -0.0080381
v -0.4986262 0.6658601 -0.0083870
v -0.4981010 0.6597934 -0.0084503
v -0.5486620 0.1137337 0.0117741
v -0.5502903 0.1078875 0.0122786
v -0.5529303 0.1024537 0.0130461
v -0.5564921 0.0976174 0.0140504
v -0.5608544 0.0935433 0.0152574
v -0.5658688 0.0903702 0.0166258
v -0.5713643 0.0882061 0.0181091
v -0.5771539 0.0871247 0.0196568
v -0.4880096 0.6868702 0.0217416
v -0.4831111 0.6860236 0.0220777
v -0.4784472 0.6842908 0.0223430
v -0.4741766 0.6817308 0.0225285
v -0.4704450 0.6784308 0.0226280
v -0.4673792 0.6745032 0.0226379
v -0.4650838 0.6700817 0.0225580
v -0.4636369 0.6653168 0.0223910
v -0.4630877 0.6603709 0.0221426
v -0.5034550 0.1154124 -0.0131788
v -0.5047263 0.1106101 -0.0135622
v -0.5068582 0.1061275 -0.0139946
v -0.5097782 0.1021174 -0.0144612
v -0.5133868 0.0987162 -0.0149461
v -0.5175612 0.0960399 -0.0154329
v -0.5221591 0.0941794 -0.0159050
v -0.5270241 0.0931983 -0.0163462
v -0.5319904 0.0931298 -0.0167416
v -0.4835416 0.6859474 0.0237443
v -0.4792936 0.6841411 0.0256195
v -0.4754101 0.6815127 0.0273033
v -0.4720235 0.6781517 0.0287384
v -0.4692490 0.6741725 0.0298760
v -0.4671812 0.6697108 0.0306772
v -0.4658905 0.6649183 0.0311149
v -0.4654207 0.6599584 0.0311740
v -0.5057880 0.1149998 -0.0041474
v -0.5069798 0.1102116 -0.0048384
v -0.5089556 0.1057566 -0.0058754
v -0.5116479 0.1017868 -0.0072231
v -0.5149653 0.0984371 -0.0088356
v -0.5187946 0.0958218 -0.0106581
v -0.5230055 0.0940298 -0.0126285
v -0.5274546 0.0931222 -0.0146796
v -0.4845151 0.6859274 0.0251658
v -0.4812075 0.6841018 0.0284141
v -0.4781992 0.6814553 0.0313758
v -0.4755928 0.6780783 0.0339502
v -0.4734770 0.6740856 0.0360495
v -0.4719239 0.6696132 0.0376022
v -0.4709863 0.6648135 0.0385556
v -0.4706962 0.6598499 0.0388770
v -0.5110635 0.1148913 0.0035556
v -0.5120757 0.1101068 0.0026024
v -0.5136982 0.1056591 0.0010497
v -0.5158759 0.1016998 -0.0010496
v -0.5185346 0.0983637 -0.0036239
v -0.5215837 0.0957644 -0.0065856
v -0.5249194 0.0939904 -0.0098339
v -0.5284281 0.0931021 -0.0132581
v -0.4859142 0.6859659 0.0261707
v -0.4839580 0.6841775 0.0303897
v -0.4822075 0.6815656 0.0342548
v -0.4807224 0.6782194 0.0376346
v -0.4795532 0.6742528 0.0404138
v -0.4787398 0.6698008 0.0424978
v -0.4783098 0.6650151 0.0438157
v -0.4782779 0.6600585 0.0443226
v -0.5186452 0.1151000 0.0090012
v -0.5193992 0.1103083 0.0078625
v -0.5205142 0.1058467 0.0059452
v -0.5219522 0.1018670 0.0033147
v -0.5236642 0.0985049 0.0000605
v -0.5255920 0.0958747 -0.0037066
v -0.5276700 0.0940661 -0.0078583
v -0.5298272 0.0931406 -0.0122532
v -0.4875702 0.6860583 0.0266378
v -0.4872134 0.6843591 0.0313080
v -0.4869516 0.6818303 0.0355931
v -0.4867936 0.6785582 0.0393472
v -0.4867448 0.6746540 0.0424424
v -0.4868068 0.6702509 0.0447734
v -0.4869776 0.6654986 0.0462608
v -0.4872513 0.6605591 0.0468539
v -0.5276186 0.1156006 0.0115325
v -0.5280670 0.1107919 0.0103076
v -0.5285812 0.1062968 0.0082209
v -0.5291437 0.1022683 0.0053434
v -0.5297354 0.0988436 0.0017731
v -0.5303361 0.0961394 -0.0023684
v -0.5309254 0.0942477 -0.0069400
v -0.5314831 0.0932330 -0.0117861
v -0.4892832 0.6861934 0.0265108
v -0.4905811 0.6846247 0.0310583
v -0.4918593 0.6822174 0.0352292
v -0.4930742 0.6790536 0.0388815
v -0.4941843 0.6752409 0.0418908
v -0.4951520 0.6709091 0.0441547
v -0.4959442 0.6662059 0.0455959
v -0.4965341 0.6612914 0.0461656
v -0.5369014 0.1163328 0.0108442
v -0.5370336 0.1114992 0.0096427
v -0.5369264 0.1069550 0.0076021
v -0.5365833 0.1028551 0.0047917
v -0.5360160 0.0993390 0.0013074
v -0.5352438 0.0965265 -0.0027323
v -0.5342931 0.0945134 -0.0071897
v -0.5331962 0.0933681 -0.0119131
v -0.4908467 0.6863550 0.0258050
v -0.4936549 0.6849423 0.0296707
v -0.4963386 0.6826803 0.0332070
v -0.4988065 0.6796459 0.0362936
v -0.5009745 0.6759425 0.0388254
v -0.5027688 0.6716962 0.0407161
v -0.5041282 0.6670516 0.0419013
v -0.5050066 0.6621669 0.0423407
v -0.5453739 0.1172083 0.0070193
v -0.5452176 0.1123449 0.0059481
v -0.5445432 0.1077421 0.0041635
v -0.5433735 0.1035568 0.0017263
v -0.5417483 0.0999314 -0.0012804
v -0.5397231 0.0969894 -0.0047544
v -0.5373668 0.0948310 -0.0085773
v -0.5347596 0.0935297 -0.0126189
v -0.4920720 0.6865235 0.0246054
v -0.4960639 0.6852736 0.0273125
v -0.4998493 0.6831631 0.0297705
v -0.5032992 0.6802638 0.0318958
v -0.5062963 0.6766744 0.0336160
v -0.5087384 0.6725172 0.0348725
v -0.5105425 0.6679337 0.0356226
v -0.5116469 0.6630801 0.0358406
v -0.5520142 0.1181215 0.0005192
v -0.5516318 0.1132270 -0.0003307
v -0.5505128 0.1085630 -0.0016801
v -0.5486953 0.1042886 -0.0034831
v -0.5462411 0.1005492 -0.0056783
v -0.5432338 0.0974722 -0.0081910
v -0.5397759 0.0951623 -0.0109355
v -0.5359850 0.0936982 -0.0138184
v -0.4928115 0.6866787 0.0230569
v -0.4975177 0.6855786 0.0242682
v -0.5019679 0.6836076 0.0253341
v -0.5060105 0.6808326 0.0262184
v -0.5095079 0.6773482 0.0268909
v -0.5123410 0.6732730 0.0273287
v -0.5144132 0.6687458 0.0275170
v -0.5156542 0.6639208 0.0274493
v -0.5560215 0.1189622 -0.0078721
v -0.5555026 0.1140390 -0.0084362
v -0.5541153 0.1093189 -0.0092239
v -0.5519068 0.1049624 -0.0102082
v -0.5489523 0.1011180 -0.0113557
v -0.5453524 0.0979166 -0.0126274
v -0.5412297 0.0954673 -0.0139798
v -0.5367245 0.0938534 -0.0153669
v -0.4929759 0.6868017 0.0213462
v -0.4978409 0.6858206 0.0209050
v -0.5024388 0.6839601 0.0204329
v -0.5066132 0.6812838 0.0199461
v -0.5102218 0.6778826 0.0194612
v -0.5131418 0.6738725 0.0189946
v -0.5152737 0.6693899 0.0185622
v -0.5165450 0.6645876 0.0181788
v -0.5569123 0.1196291 -0.0171426
v -0.5563631 0.1146832 -0.0173910
v -0.5549162 0.1099183 -0.0175580
v -0.5526208 0.1054968 -0.0176379
v -0.5495550 0.1015692 -0.0176280
v -0.5458234 0.0982692 -0.0175285
v -0.5415528 0.0957092 -0.0173430
v -0.5368889 0.0939764 -0.0170777
v -0.4925454 0.6868778 0.0196796
v -0.4969945 0.6859702 0.0176285
v -0.5012054 0.6841782 0.0156581
v -0.5050347 0.6815629 0.0138356
v -0.5083521 0.6782132 0.0122231
v -0.5110444 0.6742434 0.0108754
v -0.5130202 0.6697884 0.0098384
v -0.5142120 0.6650002 0.0091474
v -0.5545793 0.1200416 -0.0261740
v -0.5541095 0.1150817 -0.0261149
v -0.5528188 0.1102892 -0.0256772
v -0.5507510 0.1058275 -0.0248760
v -0.5479765 0.1018483 -0.0237384
v -0.5445899 0.0984873 -0.0223033
v -0.5407064 0.0958589 -0.0206195
v -0.5364584 0.0940526 -0.0187443
v -0.4915719 0.6868979 0.0182581
v -0.4950806 0.6860096 0.0148339
v -0.4984163 0.6842356 0.0115856
v -0.5014654 0.6816363 0.0086239
v -0.5041241 0.6783002 0.0060496
v -0.5063018 0.6743409 0.0039503
v -0.5079243 0.6698932 0.0023976
v -0.5089365 0.6651087 0.0014444
v -0.5493038 0.1201501 -0.0338770
v -0.5490137 0.1151865 -0.0335556
v -0.5480761 0.1103868 -0.0326022
v -0.5465230 0.1059144 -0.0310495
v -0.5444072 0.1019217 -0.0289502
v -0.5418008 0.0985447 -0.0263758
v -0.5387925 0.0958982 -0.0234141
v -0.5354849 0.0940726 -0.0201658
v -0.4901728 0.6868594 0.0172532
v -0.4923300 0.6859339 0.0128583
v -0.4944080 0.6841253 0.0087066
v -0.4963358 0.6814951 0.0049395
v -0.4980478 0.6781330 0.0016853
v -0.4994858 0.6741533 -0.0009452
v -0.5006008 0.6696917 -0.0028625
v -0.5013548 0.6649000 -0.0040012
v -0.5417221 0.1199415 -0.0393226
v -0.5416902 0.1149849 -0.0388157
v -0.5412602 0.1101992 -0.0374978
v -0.5404468 0.1057472 -0.0354138
v -0.5392776 0.1017806 -0.0326346
v -0.5377925 0.0984344 -0.0292548
v -0.5360420 0.0958225 -0.0253897
v -0.5340858 0.0940341 -0.0211707
v -0.4885169 0.6867670 0.0167861
v -0.4890746 0.6857523 0.0119400
v -0.4896639 0.6838606 0.0073684
v -0.4902646 0.6811564 0.0032269
v -0.4908563 0.6777317 -0.0003434
v -0.4914188 0.6737032 -0.0032209
v -0.4919330 0.6692081 -0.0053076
v -0.4923814 0.6643994 -0.0065325
v -0.5327487 0.1194409 -0.0418539
v -0.5330224 0.1145014 -0.0412608
v -0.5331932 0.1097491 -0.0397734
v -0.5332552 0.1053460 -0.0374424
v -0.5332064 0.1014418 -0.0343472
v -0.5330484 0.0981697 -0.0305931
v -0.5327866 0.0956409 -0.0263080
v -0.5324298 0.0939417 -0.0216378
v -0.4868038 0.6866319 0.0169131
v -0.4857069 0.6854866 0.0121897
v -0.4847562 0.6834735 0.0077323
v -0.4839840 0.6806610 0.0036926
v -0.4834167 0.6771449 0.0002083
v -0.4830736 0.6730450 -0.0026021
v -0.4829664 0.6685008 -0.0046427
v -0.4830986 0.6636672 -0.0058442
v -0.5234659 0.1187086 -0.0411656
v -0.5240558 0.1137941 -0.0405959
v -0.5248480 0.1090909 -0.0391547
v -0.5258157 0.1047591 -0.0368908
v -0.5269258 0.1009464 -0.0338815
v -0.5281407 0.0977826 -0.0302292
v -0.5294189 0.0953753 -0.0260583
v -0.5307168 0.0938066 -0.0215108
v -0.4852404 0.6864703 0.0176189
v -0.4826332 0.6851690 0.0135773
v -0.4802769 0.6830106 0.0097544
v -0.4782517 0.6800686 0.0062804
v -0.4766265 0.6764432 0.0032737
v -0.4754568 0.6722579 0.0008365
v -0.4747824 0.6676551 -0.0009481
v -0.4746261 0.6627917 -0.0020193
v -0.5149934 0.1178331 -0.0373407
v -0.5158718 0.1129484 -0.0369013
v -0.5172312 0.1083038 -0.0357161
v -0.5190255 0.1040575 -0.0338254
v -0.5211935 0.1003541 -0.0312936
v -0.5236614 0.0973197 -0.0282070
v -0.5263451 0.0950577 -0.0246707
v -0.5291533 0.0936450 -0.0208050
v -0.4840150 0.6863018 0.0188184
v -0.4802241 0.6848377 0.0159355
v -0.4767662 0.6825278 0.0131910
v -0.4737589 0.6794508 0.0106783
v -0.4713047 0.6757114 0.0084831
v -0.4694872 0.6714370 0.0066801
v -0.4683682 0.6667730 0.0053307
v -0.4679858 0.6618785 0.0044808
v -0.5083531 0.1169199 -0.0308406
v -0.5094575 0.1120663 -0.0306226
v -0.5112616 0.1074828 -0.0298725
v -0.5137037 0.1033256 -0.0286160
v -0.5167008 0.0997362 -0.0268958
v -0.5201507 0.0968369 -0.0247705
v -0.5239361 0.0947264 -0.0223125
v -0.5279280 0.0934765 -0.0196054
v -0.4832755 0.6861466 0.0203669
v -0.4787703 0.6845327 0.0189798
v -0.4746476 0.6820834 0.0176274
v -0.4710477 0.6788820 0.0163557
v -0.4680932 0.6750376 0.0152082
v -0.4658847 0.6706811 0.0142239
v -0.4644974 0.6659610 0.0134362
v -0.4639785 0.6610378 0.0128721
v -0.5043458 0.1160792 -0.0224493
v -0.5055868 0.1112542 -0.0225170
v -0.5076590 0.1067270 -0.0223287
v -0.5104921 0.1026518 -0.0218909
v -0.5139895 0.0991674 -0.0212184
v -0.5180321 0.0963924 -0.0203341
v -0.5224823 0.0944214 -0.0192682
v -0.5271885 0.0933213 -0.0180569
v 0.5269595 0.6928371 -0.0012162
v 0.5330254 0.6928142 -0.0017542
v 0.5389882 0.6916738 -0.0022324
v 0.5446450 0.6894548 -0.0026346
v 0.5498030 0.6862327 -0.0029471
v 0.5542867 0.6821173 -0.0031593
v 0.5579433 0.6772488 -0.0032638
v 0.5606483 0.6717928 -0.0032572
v 0.5623097 0.6659353 -0.0031397
v 0.6128707 0.1198757 0.0170847
v 0.6123124 0.1138202 0.0174084
v 0.6106538 0.1079753 0.0178204
v 0.6079513 0.1025398 0.0183066
v 0.6042969 0.0976989 0.0188504
v 0.5998151 0.0936174 0.0194334
v 0.5946585 0.0904344 0.0200357
v 0.5890028 0.0882582 0.0206368
v 0.5830405 0.0871629 0.0212162
v 0.5328461 0.6928753 0.0003432
v 0.5386357 0.6917939 0.0018909
v 0.5441312 0.6896298 0.0033742
v 0.5491456 0.6864567 0.0047426
v 0.5535079 0.6823826 0.0059496
v 0.5570697 0.6775463 0.0069539
v 0.5597097 0.6721125 0.0077214
v 0.5613380 0.6662663 0.0082259
v 0.6118990 0.1202066 0.0284503
v 0.6113738 0.1141399 0.0283870
v 0.6097802 0.1082728 0.0280381
v 0.6071725 0.1028050 0.0274154
v 0.6036394 0.0979228 0.0265402
v 0.5993014 0.0937924 0.0254423
v 0.5943060 0.0905545 0.0241590
v 0.5888235 0.0883192 0.0227342
v 0.5319630 0.6928643 0.0022550
v 0.5368996 0.6917723 0.0056494
v 0.5416013 0.6895984 0.0088514
v 0.5459079 0.6864165 0.0117520
v 0.5496728 0.6823350 0.0142524
v 0.5527677 0.6774929 0.0162674
v 0.5550873 0.6720552 0.0177285
v 0.5565526 0.6662069 0.0185858
v 0.6071137 0.1201472 0.0388103
v 0.6067514 0.1140826 0.0383941
v 0.6054782 0.1082194 0.0373516
v 0.6033373 0.1027574 0.0357182
v 0.6004018 0.0978826 0.0335495
v 0.5967714 0.0937610 0.0309195
v 0.5925699 0.0905329 0.0279175
v 0.5879404 0.0883083 0.0246460
v 0.5304827 0.6927826 0.0037506
v 0.5339894 0.6916117 0.0085897
v 0.5373602 0.6893644 0.0131362
v 0.5404805 0.6861170 0.0172355
v 0.5432438 0.6819803 0.0207477
v 0.5455561 0.6770951 0.0235535
v 0.5473387 0.6716277 0.0255572
v 0.5485308 0.6657643 0.0266905
v 0.5990919 0.1197047 0.0469149
v 0.5990028 0.1136551 0.0462228
v 0.5982666 0.1078215 0.0446377
v 0.5969084 0.1024027 0.0422136
v 0.5949743 0.0975832 0.0390330
v 0.5925304 0.0935270 0.0352043
v 0.5896597 0.0903723 0.0308578
v 0.5864601 0.0882266 0.0261416
v 0.5285837 0.6926401 0.0046496
v 0.5302560 0.6913315 0.0103571
v 0.5319197 0.6889560 0.0157119
v 0.5335179 0.6855944 0.0205317
v 0.5349964 0.6813613 0.0246522
v 0.5363047 0.6764007 0.0279333
v 0.5373983 0.6708816 0.0302631
v 0.5382400 0.6649919 0.0315624
v 0.5888011 0.1189322 0.0517868
v 0.5890625 0.1129090 0.0509288
v 0.5890152 0.1071271 0.0490175
v 0.5886610 0.1017837 0.0461181
v 0.5880118 0.0970606 0.0423292
v 0.5870898 0.0931186 0.0377800
v 0.5859263 0.0900921 0.0326253
v 0.5845611 0.0880841 0.0270406
v 0.5264950 0.6924539 0.0048437
v 0.5261498 0.6909654 0.0107386
v 0.5259357 0.6884225 0.0162678
v 0.5258601 0.6849117 0.0212431
v 0.5259254 0.6805526 0.0254949
v 0.5261294 0.6754935 0.0288785
v 0.5264653 0.6699069 0.0312787
v 0.5269216 0.6639828 0.0326138
v 0.5774827 0.1179232 0.0528382
v 0.5781295 0.1119343 0.0519444
v 0.5788400 0.1062200 0.0499627
v 0.5795900 0.1009750 0.0469607
v 0.5803539 0.0963779 0.0430406
v 0.5811059 0.0925852 0.0383359
v 0.5818201 0.0897260 0.0330067
v 0.5824724 0.0878979 0.0272346
v 0.5244686 0.6922464 0.0043093
v 0.5221660 0.6905577 0.0096880
v 0.5201302 0.6878283 0.0147368
v 0.5184305 0.6841512 0.0192838
v 0.5171248 0.6796517 0.0231741
v 0.5162576 0.6744830 0.0262752
v 0.5158583 0.6688211 0.0284816
v 0.5159406 0.6628588 0.0297180
v 0.5665017 0.1167992 0.0499424
v 0.5675224 0.1108485 0.0491472
v 0.5689681 0.1052095 0.0473594
v 0.5707894 0.1000742 0.0446399
v 0.5729244 0.0956174 0.0410814
v 0.5753003 0.0919909 0.0368049
v 0.5778363 0.0893183 0.0319561
v 0.5804460 0.0876904 0.0267003
v 0.5227489 0.6920428 0.0031110
v 0.5187852 0.6901574 0.0073322
v 0.5152033 0.6872449 0.0113037
v 0.5121254 0.6834047 0.0148902
v 0.5096562 0.6787674 0.0179698
v 0.5078797 0.6734911 0.0204373
v 0.5068566 0.6677553 0.0222089
v 0.5066215 0.6617554 0.0232242
v 0.5571826 0.1156958 0.0434487
v 0.5585207 0.1097827 0.0428746
v 0.5605903 0.1042176 0.0415215
v 0.5633208 0.0991899 0.0394356
v 0.5666193 0.0948709 0.0366878
v 0.5703735 0.0914076 0.0333717
v 0.5744555 0.0889180 0.0296003
v 0.5787263 0.0874868 0.0255019
v 0.5215433 0.6918676 0.0013932
v 0.5164150 0.6898128 0.0039551
v 0.5117494 0.6867428 0.0063824
v 0.5077052 0.6827622 0.0085923
v 0.5044203 0.6780063 0.0105096
v 0.5020065 0.6726373 0.0120690
v 0.5005459 0.6668380 0.0132174
v 0.5000884 0.6608058 0.0139158
v 0.5506495 0.1147461 0.0341402
v 0.5522101 0.1088654 0.0338831
v 0.5547170 0.1033638 0.0331532
v 0.5580849 0.0984288 0.0319754
v 0.5621991 0.0942283 0.0303898
v 0.5669195 0.0909055 0.0284504
v 0.5720853 0.0885734 0.0262233
v 0.5775207 0.0873116 0.0237842
v 0.5209972 0.6917418 -0.0006368
v 0.5153415 0.6895656 -0.0000357
v 0.5101849 0.6863826 0.0005666
v 0.5057031 0.6823011 0.0011496
v 0.5020487 0.6774602 0.0016934
v 0.4993462 0.6720247 0.0021796
v 0.4976876 0.6661798 0.0025916
v 0.4971293 0.6601243 0.0029153
v 0.5476903 0.1140647 0.0231397
v 0.5493517 0.1082072 0.0232572
v 0.5520567 0.1027512 0.0232638
v 0.5557133 0.0978827 0.0231593
v 0.5601970 0.0937673 0.0229471
v 0.5653550 0.0905452 0.0226346
v 0.5710118 0.0883262 0.0222324
v 0.5769746 0.0871858 0.0217542
v 0.5211765 0.6916808 -0.0027342
v 0.5156940 0.6894455 -0.0041590
v 0.5106986 0.6862076 -0.0054423
v 0.5063606 0.6820772 -0.0065402
v 0.5028275 0.6771950 -0.0074154
v 0.5002198 0.6717272 -0.0080381
v 0.4986262 0.6658601 -0.0083870
v 0.4981010 0.6597934 -0.0084503
v 0.5486620 0.1137337 0.0117741
v 0.5502903 0.1078875 0.0122786
v 0.5529303 0.1024537 0.0130461
v 0.5564921 0.0976174 0.0140504
v 0.5608544 0.0935433 0.0152574
v 0.5658688 0.0903702 0.0166258
v 0.5713643 0.0882061 0.0181091
v 0.5771539 0.0871247 0.0196568
v 0.5220596 0.6916917 -0.0046460
v 0.5174301 0.6894671 -0.0079175
v 0.5132286 0.6862390 -0.0109195
v 0.5095982 0.6821174 -0.0135495
v 0.5066627 0.6772426 -0.0157182
v 0.5045218 0.6717806 -0.0173516
v 0.5032486 0.6659174 -0.0183941
v 0.5028863 0.6598528 -0.0188103
v 0.5534474 0.1137931 0.0014142
v 0.5549127 0.1079448 0.0022715
v 0.5572323 0.1025071 0.0037326
v 0.5603272 0.0976650 0.0057476
v 0.5640921 0.0935835 0.0082480
v 0.5683987 0.0904016 0.0111486
v 0.5731004 0.0882277 0.0143506
v 0.5780370 0.0871357 0.0177450
v 0.5235399 0.6917734 -0.0061416
v 0.5203403 0.6896277 -0.0108578
v 0.5174696 0.6864730 -0.0152043
v 0.5150257 0.6824168 -0.0190330
v 0.5130916 0.6775973 -0.0222136
v 0.5117334 0.6721785 -0.0246377
v 0.5109972 0.6663449 -0.0262228
v 0.5109081 0.6602953 -0.0269149
v 0.5614692 0.1142357 -0.0066905
v 0.5626613 0.1083723 -0.0055572
v 0.5644439 0.1029049 -0.0035535
v 0.5667562 0.0980197 -0.0007477
v 0.5695195 0.0938830 0.0027645
v 0.5726398 0.0906356 0.0068638
v 0.5760106 0.0883883 0.0114103
v 0.5795173 0.0872174 0.0162494
v 0.5254389 0.6919159 -0.0070406
v 0.5240737 0.6899079 -0.0126253
v 0.5229102 0.6868814 -0.0177800
v 0.5219882 0.6829394 -0.0223292
v 0.5213390 0.6782163 -0.0261181
v 0.5209848 0.6728729 -0.0290175
v 0.5209375 0.6670910 -0.0309288
v 0.5211989 0.6610678 -0.0317868
v 0.5717600 0.1150081 -0.0115624
v 0.5726017 0.1091184 -0.0102631
v 0.5736953 0.1035993 -0.0079333
v 0.5750036 0.0986387 -0.0046522
v 0.5764821 0.0944056 -0.0005317
v 0.5780803 0.0910440 0.0042881
v 0.5797440 0.0886685 0.0096429
v 0.5814163 0.0873599 0.0153504
v 0.5275276 0.6921021 -0.0072346
v 0.5281799 0.6902740 -0.0130067
v 0.5288941 0.6874148 -0.0183359
v 0.5296461 0.6836221 -0.0230406
v 0.5304100 0.6790250 -0.0269607
v 0.5311600 0.6737800 -0.0299627
v 0.5318705 0.6680657 -0.0319444
v 0.5325173 0.6620768 -0.0328382
v 0.5830784 0.1160172 -0.0126138
v 0.5835347 0.1100931 -0.0112787
v 0.5838706 0.1045065 -0.0088785
v 0.5840746 0.0994474 -0.0054949
v 0.5841399 0.0950883 -0.0012431
v 0.5840643 0.0915775 0.0037322
v 0.5838502 0.0890346 0.0092614
v 0.5835050 0.0875461 0.0151563
v 0.5295540 0.6923096 -0.0067003
v 0.5321637 0.6906817 -0.0119561
v 0.5346997 0.6880091 -0.0168049
v 0.5370756 0.6843826 -0.0210814
v 0.5392106 0.6799258 -0.0246399
v 0.5410319 0.6747905 -0.0273594
v 0.5424776 0.6691515 -0.0291472
v 0.5434983 0.6632008 -0.0299424
v 0.5940594 0.1171412 -0.0097180
v 0.5941417 0.1111789 -0.0084816
v 0.5937424 0.1055170 -0.0062752
v 0.5928752 0.1003483 -0.0031741
v 0.5915695 0.0958488 0.0007162
v 0.5898698 0.0921717 0.0052632
v 0.5878340 0.0894423 0.0103120
v 0.5855314 0.0877536 0.0156907
v 0.5312737 0.6925132 -0.0055019
v 0.5355445 0.6910820 -0.0096003
v 0.5396265 0.6885924 -0.0133717
v 0.5433807 0.6851291 -0.0166878
v 0.5466792 0.6808101 -0.0194356
v 0.5494097 0.6757824 -0.0215215
v 0.5514793 0.6702173 -0.0228746
v 0.5528174 0.6643042 -0.0234487
v 0.6033785 0.1182446 -0.0032242
v 0.6031434 0.1122447 -0.0022089
v 0.6021203 0.1065089 -0.0004373
v 0.6003438 0.1012326 0.0020302
v 0.5978746 0.0965953 0.0051098
v 0.5947967 0.0927551 0.0086963
v 0.5912148 0.0898426 0.0126678
v 0.5872511 0.0879572 0.0168890
v 0.5324793 0.6926884 -0.0037842
v 0.5379147 0.6914266 -0.0062233
v 0.5430805 0.6890945 -0.0084504
v 0.5478009 0.6857717 -0.0103898
v 0.5519151 0.6815712 -0.0119754
v 0.5552830 0.6766362 -0.0131532
v 0.5577899 0.6711346 -0.0138831
v 0.5593505 0.6652539 -0.0141402
v 0.6099116 0.1191942 0.0060842
v 0.6094541 0.1131620 0.0067826
v 0.6079935 0.1073627 0.0079310
v 0.6055797 0.1019937 0.0094904
v 0.6022948 0.0972378 0.0114077
v 0.5982506 0.0932572 0.0136176
v 0.5935850 0.0901872 0.0160449
v 0.5884567 0.0881324 0.0186068
v 0.4880096 0.6868702 0.0217416
v 0.4929759 0.6868017 0.0213462
v 0.4978409 0.6858206 0.0209050
v 0.5024388 0.6839601 0.0204329
v 0.5066132 0.6812838 0.0199461
v 0.5102218 0.6778826 0.0194612
v 0.5131418 0.6738725 0.0189946
v 0.5152737 0.6693899 0.0185622
v 0.5165450 0.6645876 0.0181788
v 0.5569123 0.1196291 -0.0171426
v 0.5563631 0.1146832 -0.0173910
v 0.5549162 0.1099183 -0.0175580
v 0.5526208 0.1054968 -0.0176379
v 0.5495550 0.1015692 -0.0176280
v 0.5458234 0.0982692 -0.0175285
v 0.5415528 0.0957092 -0.0173430
v 0.5368889 0.0939764 -0.0170777
v 0.5319904 0.0931298 -0.0167416
v 0.4928115 0.6866787 0.0230569
v 0.4975177 0.6855786 0.0242682
v 0.5019679 0.6836076 0.0253341
v 0.5060105 0.6808326 0.0262184
v 0.5095079 0.6773482 0.0268909
v 0.5123410 0.6732730 0.0273287
v 0.5144132 0.6687458 0.0275170
v 0.5156542 0.6639208 0.0274493
v 0.5560215 0.1189622 -0.0078721
v 0.5555026 0.1140390 -0.0084362
v 0.5541153 0.1093189 -0.0092239
v 0.5519068 0.1049624 -0.0102082
v 0.5489523 0.1011180 -0.0113557
v 0.5453524 0.0979166 -0.0126274
v 0.5412297 0.0954673 -0.0139798
v 0.5367245 0.0938534 -0.0153669
v 0.4920720 0.6865235 0.0246054
v 0.4960639 0.6852736 0.0273125
v 0.4998493 0.6831631 0.0297705
v 0.5032992 0.6802638 0.0318958
v 0.5062963 0.6766744 0.0336160
v 0.5087384 0.6725172 0.0348725
v 0.5105425 0.6679337 0.0356226
v 0.5116469 0.6630801 0.0358406
v 0.5520142 0.1181215 0.0005192
v 0.5516318 0.1132270 -0.0003307
v 0.5505128 0.1085630 -0.0016801
v 0.5486953 0.1042886 -0.0034831
v 0.5462411 0.1005492 -0.0056783
v 0.5432338 0.0974722 -0.0081910
v 0.5397759 0.0951623 -0.0109355
v 0.5359850 0.0936982 -0.0138184
v 0.4908467 0.6863550 0.0258050
v 0.4936549 0.6849423 0.0296707
v 0.4963386 0.6826803 0.0332070
v 0.4988065 0.6796459 0.0362936
v 0.5009745 0.6759425 0.0388254
v 0.5027688 0.6716962 0.0407161
v 0.5041282 0.6670516 0.0419013
v 0.5050066 0.6621669 0.0423407
v 0.5453739 0.1172083 0.0070193
v 0.5452176 0.1123449 0.0059481
v 0.5445432 0.1077421 0.0041635
v 0.5433735 0.1035568 0.0017263
v 0.5417483 0.0999314 -0.0012804
v 0.5397231 0.0969894 -0.0047544
v 0.5373668 0.0948310 -0.0085773
v 0.5347596 0.0935297 -0.0126189
v 0.4892832 0.6861934 0.0265108
v 0.4905811 0.6846247 0.0310583
v 0.4918593 0.6822174 0.0352292
v 0.4930742 0.6790536 0.0388815
v 0.4941843 0.6752409 0.0418908
v 0.4951520 0.6709091 0.0441547
v 0.4959442 0.6662059 0.0455959
v 0.4965341 0.6612914 0.0461656
v 0.5369014 0.1163328 0.0108442
v 0.5370336 0.1114992 0.0096427
v 0.5369264 0.1069550 0.0076021
v 0.5365833 0.1028551 0.0047917
v 0.5360160 0.0993390 0.0013074
v 0.5352438 0.0965265 -0.0027323
v 0.5342931 0.0945134 -0.0071897
v 0.5331962 0.0933681 -0.0119131
v 0.4875702 0.6860583 0.0266378
v 0.4872134 0.6843591 0.0313080
v 0.4869516 0.6818303 0.0355931
v 0.4867936 0.6785582 0.0393472
v 0.4867448 0.6746540 0.0424424
v 0.4868068 0.6702509 0.0447734
v 0.4869776 0.6654986 0.0462608
v 0.4872513 0.6605591 0.0468539
v 0.5276186 0.1156006 0.0115325
v 0.5280670 0.1107919 0.0103076
v 0.5285812 0.1062968 0.0082209
v 0.5291437 0.1022683 0.0053434
v 0.5297354 0.0988436 0.0017731
v 0.5303361 0.0961394 -0.0023684
v 0.5309254 0.0942477 -0.0069400
v 0.5314831 0.0932330 -0.0117861
v 0.4859142 0.6859659 0.0261707
v 0.4839580 0.6841775 0.0303897
v 0.4822075 0.6815656 0.0342548
v 0.4807224 0.6782194 0.0376346
v 0.4795532 0.6742528 0.0404138
v 0.4787398 0.6698008 0.0424978
v 0.4783098 0.6650151 0.0438157
v 0.4782779 0.6600585 0.0443226
v 0.5186452 0.1151000 0.0090012
v 0.5193992 0.1103083 0.0078625
v 0.5205142 0.1058467 0.0059452
v 0.5219522 0.1018670 0.0033147
v 0.5236642 0.0985049 0.0000605
v 0.5255920 0.0958747 -0.0037066
v 0.5276700 0.0940661 -0.0078583
v 0.5298272 0.0931406 -0.0122532
v 0.4845151 0.6859274 0.0251658
v 0.4812075 0.6841018 0.0284141
v 0.4781992 0.6814553 0.0313758
v 0.4755928 0.6780783 0.0339502
v 0.4734770 0.6740856 0.0360495
v 0.4719239 0.6696132 0.0376022
v 0.4709863 0.6648135 0.0385556
v 0.4706962 0.6598499 0.0388770
v 0.5110635 0.1148913 0.0035556
v 0.5120757 0.1101068 0.0026024
v 0.5136982 0.1056591 0.0010497
v 0.5158759 0.1016998 -0.0010496
v 0.5185346 0.0983637 -0.0036239
v 0.5215837 0.0957644 -0.0065856
v 0.5249194 0.0939904 -0.0098339
v 0.5284281 0.0931021 -0.0132581
v 0.4835416 0.6859474 0.0237443
v 0.4792936 0.6841411 0.0256195
v 0.4754101 0.6815127 0.0273033
v 0.4720235 0.6781517 0.0287384
v 0.4692490 0.6741725 0.0298760
v 0.4671812 0.6697108 0.0306772
v 0.4658905 0.6649183 0.0311149
v 0.4654207 0.6599584 0.0311740
v 0.5057880 0.1149998 -0.0041474
v 0.5069798 0.1102116 -0.0048384
v 0.5089556 0.1057566 -0.0058754
v 0.5116479 0.1017868 -0.0072231
v 0.5149653 0.0984371 -0.0088356
v 0.5187946 0.0958218 -0.0106581
v 0.5230055 0.0940298 -0.0126285
v 0.5274546 0.0931222 -0.0146796
v 0.4831111 0.6860236 0.0220777
v 0.4784472 0.6842908 0.0223430
v 0.4741766 0.6817308 0.0225285
v 0.4704450 0.6784308 0.0226280
v 0.4673792 0.6745032 0.0226379
v 0.4650838 0.6700817 0.0225580
v 0.4636369 0.6653168 0.0223910
v 0.4630877 0.6603709 0.0221426
v 0.5034550 0.1154124 -0.0131788
v 0.5047263 0.1106101 -0.0135622
v 0.5068582 0.1061275 -0.0139946
v 0.5097782 0.1021174 -0.0144612
v 0.5133868 0.0987162 -0.0149461
v 0.5175612 0.0960399 -0.0154329
v 0.5221591 0.0941794 -0.0159050
v 0.5270241 0.0931983 -0.0163462
v 0.4832755 0.6861466 0.0203669
v 0.4787703 0.6845327 0.0189798
v 0.4746476 0.6820834 0.0176274
v 0.4710477 0.6788820 0.0163557
v 0.4680932 0.6750376 0.0152082
v 0.4658847 0.6706811 0.0142239
v 0.4644974 0.6659610 0.0134362
v 0.4639785 0.6610378 0.0128721
v 0.5043458 0.1160792 -0.0224493
v 0.5055868 0.1112542 -0.0225170
v 0.5076590 0.1067270 -0.0223287
v 0.5104921 0.1026518 -0.0218909
v 0.5139895 0.0991674 -0.0212184
v 0.5180321 0.0963924 -0.0203341
v 0.5224823 0.0944214 -0.0192682
v 0.5271885 0.0933213 -0.0180569
v 0.4840150 0.6863018 0.0188184
v 0.4802241 0.6848377 0.0159355
v 0.4767662 0.6825278 0.0131910
v 0.4737589 0.6794508 0.0106783
v 0.4713047 0.6757114 0.0084831
v 0.4694872 0.6714370 0.0066801
v 0.4683682 0.6667730 0.0053307
v 0.4679858 0.6618785 0.0044808
v 0.5083531 0.1169199 -0.0308406
v 0.5094575 0.1120663 -0.0306226
v 0.5112616 0.1074828 -0.0298725
v 0.5137037 0.1033256 -0.0286160
v 0.5167008 0.0997362 -0.0268958
v 0.5201507 0.0968369 -0.0247705
v 0.5239361 0.0947264 -0.0223125
v 0.5279280 0.0934765 -0.0196054
v 0.4852404 0.6864703 0.0176189
v 0.4826332 0.6851690 0.0135773
v 0.4802769 0.6830106 0.0097544
v 0.4782517 0.6800686 0.0062804
v 0.4766265 0.6764432 0.0032737
v 0.4754568 0.6722579 0.0008365
v 0.4747824 0.6676551 -0.0009481
v 0.4746261 0.6627917 -0.0020193
v 0.5149934 0.1178331 -0.0373407
v 0.5158718 0.1129484 -0.0369013
v 0.5172312 0.1083038 -0.0357161
v 0.5190255 0.1040575 -0.0338254
v 0.5211935 0.1003541 -0.0312936
v 0.5236614 0.0973197 -0.0282070
v 0.5263451 0.0950577 -0.0246707
v 0.5291533 0.0936450 -0.0208050
v 0.4868038 0.6866319 0.0169131
v 0.4857069 0.6854866 0.0121897
v 0.4847562 0.6834735 0.0077323
v 0.4839840 0.6806610 0.0036926
v 0.4834167 0.6771449 0.0002083
v 0.4830736 0.6730450 -0.0026021
v 0.4829664 0.6685008 -0.0046427
v 0.4830986 0.6636672 -0.0058442
v 0.5234659 0.1187086 -0.0411656
v 0.5240558 0.1137941 -0.0405959
v 0.5248480 0.1090909 -0.0391547
v 0.5258157 0.1047591 -0.0368908
v 0.5269258 0.1009464 -0.0338815
v 0.5281407 0.0977826 -0.0302292
v 0.5294189 0.0953753 -0.0260583
v 0.5307168 0.0938066 -0.0215108
v 0.4885169 0.6867670 0.0167861
v 0.4890746 0.6857523 0.0119400
v 0.4896639 0.6838606 0.0073684
v 0.4902646 0.6811564 0.0032269
v 0.4908563 0.6777317 -0.0003434
v 0.4914188 0.6737032 -0.0032209
v 0.4919330 0.6692081 -0.0053076
v 0.4923814 0.6643994 -0.0065325
v 0.5327487 0.1194409 -0.0418539
v 0.5330224 0.1145014 -0.0412608
v 0.5331932 0.1097491 -0.0397734
v 0.5332552 0.1053460 -0.0374424
v 0.5332064 0.1014418 -0.0343472
v 0.5330484 0.0981697 -0.0305931
v 0.5327866 0.0956409 -0.0263080
v 0.5324298 0.0939417 -0.0216378
v 0.4901728 0.6868594 0.0172532
v 0.4923300 0.6859339 0.0128583
v 0.4944080 0.6841253 0.0087066
v 0.4963358 0.6814951 0.0049395
v 0.4980478 0.6781330 0.0016853
v 0.4994858 0.6741533 -0.0009452
v 0.5006008 0.6696917 -0.0028625
v 0.5013548 0.6649000 -0.0040012
v 0.5417221 0.1199415 -0.0393226
v 0.5416902 0.1149849 -0.0388157
v 0.5412602 0.1101992 -0.0374978
v 0.5404468 0.1057472 -0.0354138
v 0.5392776 0.1017806 -0.0326346
v 0.5377925 0.0984344 -0.0292548
v 0.5360420 0.0958225 -0.0253897
v 0.5340858 0.0940341 -0.0211707
v 0.4915719 0.6868979 0.0182581
v 0.4950806 0.6860096 0.0148339
v 0.4984163 0.6842356 0.0115856
v 0.5014654 0.6816363 0.0086239
v 0.5041241 0.6783002 0.0060496
v 0.5063018 0.6743409 0.0039503
v 0.5079243 0.6698932 0.0023976
v 0.5089365 0.6651087 0.0014444
v 0.5493038 0.1201501 -0.0338770
v 0.5490137 0.1151865 -0.0335556
v 0.5480761 0.1103868 -0.0326022
v 0.5465230 0.1059144 -0.0310495
v 0.5444072 0.1019217 -0.0289502
v 0.5418008 0.0985447 -0.0263758
v 0.5387925 0.0958982 -0.0234141
v 0.5354849 0.0940726 -0.0201658
v 0.4925454 0.6868778 0.0196796
v 0.4969945 0.6859702 0.0176285
v 0.5012054 0.6841782 0.0156581
v 0.5050347 0.6815629 0.0138356
v 0.5083521 0.6782132 0.0122231
v 0.5110444 0.6742434 0.0108754
v 0.5130202 0.6697884 0.0098384
v 0.5142120 0.6650002 0.0091474
v 0.5545793 0.1200416 -0.0261740
v 0.5541095 0.1150817 -0.0261149
v 0.5528188 0.1102892 -0.0256772
v 0.5507510 0.1058275 -0.0248760
v 0.5479765 0.1018483 -0.0237384
v 0.5445899 0.0984873 -0.0223033
v 0.5407064 0.0958589 -0.0206195
v 0.5364584 0.0940526 -0.0187443
vn 0.0921356 0.9950642 -0.0368542
vn 0.2824230 0.9591151 -0.0183179
vn 0.4526483 0.8916891 -0.0001396
vn 0.6072976 0.7942702 0.0180123
vn 0.7412683 0.6702678 0.0355300
vn 0.8501817 0.5239318 0.0518320
vn 0.9305083 0.3602053 0.0663810
vn 0.9796646 0.1845637 0.0786994
vn 0.9960824 0.0028416 0.0883839
vn 0.9792502 -0.1789465 0.0951168
vn 0.9297244 -0.3547895 0.0986755
vn 0.8491132 -0.5188621 0.0989390
vn 0.7400304 -0.6657024 0.0958925
vn 0.6060229 -0.7903815 0.0896281
vn 0.4514706 -0.8886615 0.0803431
vn 0.2814607 -0.9571364 0.0683355
vn 0.1016387 -0.9933549 0.0539958
vn -0.0921356 -0.9950642 0.0368542
vn 0.2649867 0.9631302 0.0465000
vn 0.4193200 0.8993638 0.1237557
vn 0.5592300 0.8053390 0.1967002
vn 0.6801018 0.6843530 0.2629117
vn 0.7779867 0.5405565 0.3202114
vn 0.8497142 0.3788101 0.3667268
vn 0.8929791 0.2045252 0.4009461
vn 0.9064032 0.0234925 0.4217599
vn 0.8895709 -0.1582956 0.4284928
vn 0.8430390 -0.3348280 0.4209221
vn 0.7683191 -0.5002572 0.3992849
vn 0.6678354 -0.6490777 0.3642719
vn 0.5448565 -0.7762964 0.3170098
vn 0.4034030 -0.8775927 0.2590310
vn 0.2481325 -0.9494618 0.1922307
vn 0.0842025 -0.9893398 0.1188137
vn 0.2264918 0.9687260 0.1013483
vn 0.3457395 0.9100597 0.2285946
vn 0.4531085 0.8207652 0.3479040
vn 0.5450613 0.7039829 0.4553199
vn 0.6185980 0.5637258 0.5473113
vn 0.6713408 0.4047392 0.6208766
vn 0.7015989 0.2323449 0.6736281
vn 0.7084134 0.0522730 0.7038593
vn 0.6915812 -0.1295151 0.7105922
vn 0.6516588 -0.3070083 0.6936041
vn 0.5899457 -0.4743282 0.6534346
vn 0.5084467 -0.6259083 0.5913719
vn 0.4098160 -0.7566665 0.5094180
vn 0.2972815 -0.8621665 0.4102348
vn 0.1745519 -0.9387658 0.2970696
vn 0.0457076 -0.9837440 0.1736620
vn 0.1715813 0.9752274 0.1396114
vn 0.2407815 0.9224869 0.3017321
vn 0.3017329 0.8386882 0.4533865
vn 0.3524347 0.7267901 0.5895472
vn 0.3912402 0.5906452 0.7057403
vn 0.4169025 0.4348649 0.7981759
vn 0.4286074 0.2646674 0.8638558
vn 0.4259936 0.0857118 0.9006569
vn 0.4091614 -0.0960763 0.9073898
vn 0.3786672 -0.2746858 0.8838319
vn 0.3355074 -0.4442025 0.8307340
vn 0.2810889 -0.5989890 0.7498008
vn 0.2171894 -0.7338593 0.6436453
vn 0.1459059 -0.8442435 0.5157173
vn 0.0695940 -0.9263387 0.3702071
vn -0.0092030 -0.9772426 0.2119251
vn 0.1068781 0.9818504 0.1566743
vn 0.1171056 0.9351463 0.3343467
vn 0.1233615 0.8569462 0.5004249
vn 0.1254555 0.7500236 0.6494039
vn 0.1233360 0.6180678 0.7763894
vn 0.1170884 0.4655538 0.8772400
vn 0.1069312 0.2975940 0.9486852
vn 0.0932079 0.1197756 0.9884159
vn 0.0763756 -0.0620125 0.9951488
vn 0.0569910 -0.2417592 0.9686612
vn 0.0356932 -0.4135136 0.9097980
vn 0.0131847 -0.5715664 0.8204499
vn -0.0097898 -0.7106258 0.7035021
vn -0.0324656 -0.8259855 0.5627557
vn -0.0540819 -0.9136793 0.4028217
vn -0.0739062 -0.9706196 0.2289880
vn 0.0401865 0.9877961 0.1504789
vn -0.0103711 0.9465111 0.3225046
vn -0.0604917 0.8733371 0.4833457
vn -0.1084991 0.7708811 0.6276705
vn -0.1528014 0.6426860 0.7507373
vn -0.1919397 0.4931042 0.8485325
vn -0.2246308 0.3271534 0.9178843
vn -0.2498050 0.1503559 0.9565514
vn -0.2666373 -0.0314322 0.9632843
vn -0.2745709 -0.2121998 0.9378604
vn -0.2733348 -0.3859632 0.8810905
vn -0.2629528 -0.5469482 0.7947978
vn -0.2437444 -0.6897683 0.6817686
vn -0.2163187 -0.8095946 0.5456765
vn -0.1815586 -0.9023145 0.3909796
vn -0.1405978 -0.9646739 0.2227926
vn -0.0204496 0.9923474 0.1217725
vn -0.1262730 0.9552105 0.2676341
vn -0.2276512 0.8858838 0.4042088
vn -0.3212109 0.7868470 0.5269681
vn -0.4038658 0.6615305 0.6318780
vn -0.4729082 0.5141933 0.7155159
vn -0.5260871 0.3497803 0.7751684
vn -0.5616727 0.1737642 0.8089065
vn -0.5785049 -0.0080239 0.8156394
vn -0.5760273 -0.1895729 0.7951445
vn -0.5543033 -0.3648741 0.7480740
vn -0.5140171 -0.5281037 0.6759385
vn -0.4564562 -0.6738024 0.5810663
vn -0.3834782 -0.7970479 0.4665396
vn -0.2974605 -0.8936150 0.3361092
vn -0.2012339 -0.9601226 0.1940862
vn -0.0677165 0.9949552 0.0740175
vn -0.2166206 0.9601953 0.1763535
vn -0.3579550 0.8930731 0.2725594
vn -0.4870236 0.7959954 0.3594432
vn -0.5995751 0.6723284 0.4341477
vn -0.6919283 0.5262773 0.4942341
vn -0.7610779 0.3627454 0.5377510
vn -0.8047792 0.1871772 0.5632896
vn -0.8216114 0.0053891 0.5700225
vn -0.8110180 -0.1766078 0.5577271
vn -0.7733235 -0.3527901 0.5267922
vn -0.7097264 -0.5173058 0.4782083
vn -0.6222689 -0.6646540 0.4135413
vn -0.5137820 -0.7898586 0.3348902
vn -0.3878082 -0.8886303 0.2448285
vn -0.2485008 -0.9575148 0.1463312
vn -0.0959132 0.9953051 0.0129738
vn -0.2705168 0.9608641 0.0596725
vn -0.4356867 0.8940378 0.1042762
vn -0.5859378 0.7972229 0.1453015
vn -0.7163238 0.6737772 0.1813957
vn -0.8225829 0.5278988 0.2113769
vn -0.9012597 0.3644851 0.2342682
vn -0.9498023 0.1889769 0.2493256
vn -0.9666346 0.0071888 0.2560585
vn -0.9511998 -0.1748681 0.2542443
vn -0.9039781 -0.3511686 0.2439349
vn -0.8264751 -0.5158569 0.2254562
vn -0.7211831 -0.6634265 0.1993997
vn -0.5915137 -0.7888939 0.1666070
vn -0.4417043 -0.8879614 0.1281475
vn -0.2766975 -0.9571649 0.0852875
vn -0.1016387 0.9933549 -0.0539958
vn -0.2814607 0.9571364 -0.0683355
vn -0.4514706 0.8886615 -0.0803431
vn -0.6060229 0.7903815 -0.0896281
vn -0.7400304 0.6657024 -0.0958925
vn -0.8491132 0.5188621 -0.0989390
vn -0.9297244 0.3547895 -0.0986755
vn -0.9792502 0.1789465 -0.0951168
vn -0.9960824 -0.0028416 -0.0883839
vn -0.9796646 -0.1845637 -0.0786994
vn -0.9305083 -0.3602053 -0.0663810
vn -0.8501817 -0.5239318 -0.0518320
vn -0.7412683 -0.6702678 -0.0355300
vn -0.6072976 -0.7942702 -0.0180123
vn -0.4526483 -0.8916891 0.0001396
vn -0.2824230 -0.9591151 0.0183179
vn -0.0842025 0.9893398 -0.1188137
vn -0.2481325 0.9494618 -0.1922307
vn -0.4034030 0.8775927 -0.2590310
vn -0.5448565 0.7762964 -0.3170098
vn -0.6678354 0.6490777 -0.3642719
vn -0.7683191 0.5002572 -0.3992849
vn -0.8430390 0.3348280 -0.4209221
vn -0.8895709 0.1582956 -0.4284928
vn -0.9064032 -0.0234925 -0.4217599
vn -0.8929791 -0.2045252 -0.4009461
vn -0.8497142 -0.3788101 -0.3667268
vn -0.7779867 -0.5405565 -0.3202114
vn -0.6801018 -0.6843530 -0.2629117
vn -0.5592300 -0.8053390 -0.1967002
vn -0.4193200 -0.8993638 -0.1237557
vn -0.2649867 -0.9631302 -0.0465000
vn -0.0457076 0.9837440 -0.1736620
vn -0.1745519 0.9387658 -0.2970696
vn -0.2972815 0.8621665 -0.4102348
vn -0.4098160 0.7566665 -0.5094180
vn -0.5084467 0.6259083 -0.5913719
vn -0.5899457 0.4743282 -0.6534346
vn -0.6516588 0.3070083 -0.6936041
vn -0.6915812 0.1295151 -0.7105922
vn -0.7084134 -0.0522730 -0.7038593
vn -0.7015989 -0.2323449 -0.6736281
vn -0.6713408 -0.4047392 -0.6208766
vn -0.6185980 -0.5637258 -0.5473113
vn -0.5450613 -0.7039829 -0.4553199
vn -0.4531085 -0.8207652 -0.3479040
vn -0.3457395 -0.9100597 -0.2285946
vn -0.2264918 -0.9687260 -0.1013483
vn 0.0092030 0.9772426 -0.2119251
vn -0.0695940 0.9263387 -0.3702071
vn -0.1459059 0.8442435 -0.5157173
vn -0.2171894 0.7338593 -0.6436453
vn -0.2810889 0.5989890 -0.7498008
vn -0.3355074 0.4442025 -0.8307340
vn -0.3786672 0.2746858 -0.8838319
vn -0.4091614 0.0960763 -0.9073898
vn -0.4259936 -0.0857118 -0.9006569
vn -0.4286074 -0.2646674 -0.8638558
vn -0.4169025 -0.4348649 -0.7981759
vn -0.3912402 -0.5906452 -0.7057403
vn -0.3524347 -0.7267901 -0.5895472
vn -0.3017329 -0.8386882 -0.4533865
vn -0.2407815 -0.9224869 -0.3017321
vn -0.1715813 -0.9752274 -0.1396114
vn 0.0739062 0.9706196 -0.2289880
vn 0.0540819 0.9136793 -0.4028217
vn 0.0324656 0.8259855 -0.5627557
vn 0.0097898 0.7106258 -0.7035021
vn -0.0131847 0.5715664 -0.8204499
vn -0.0356932 0.4135136 -0.9097980
vn -0.0569910 0.2417592 -0.9686612
vn -0.0763756 0.0620125 -0.9951488
vn -0.0932079 -0.1197756 -0.9884159
vn -0.1069312 -0.2975940 -0.9486852
vn -0.1170884 -0.4655538 -0.8772400
vn -0.1233360 -0.6180678 -0.7763894
vn -0.1254555 -0.7500236 -0.6494039
vn -0.1233615 -0.8569462 -0.5004249
vn -0.1171056 -0.9351463 -0.3343467
vn -0.1068781 -0.9818504 -0.1566743
vn 0.1405978 0.9646739 -0.2227926
vn 0.1815586 0.9023145 -0.3909796
vn 0.2163187 0.8095946 -0.5456765
vn 0.2437444 0.6897683 -0.6817686
vn 0.2629528 0.5469482 -0.7947978
vn 0.2733348 0.3859632 -0.8810905
vn 0.2745709 0.2121998 -0.9378604
vn 0.2666373 0.0314322 -0.9632843
vn 0.2498050 -0.1503559 -0.9565514
vn 0.2246308 -0.3271534 -0.9178843
vn 0.1919397 -0.4931042 -0.8485325
vn 0.1528014 -0.6426860 -0.7507373
vn 0.1084991 -0.7708811 -0.6276705
vn 0.0604917 -0.8733371 -0.4833457
vn 0.0103711 -0.9465111 -0.3225046
vn -0.0401865 -0.9877961 -0.1504789
vn 0.2012339 0.9601226 -0.1940862
vn 0.2974605 0.8936150 -0.3361092
vn 0.3834782 0.7970479 -0.4665396
vn 0.4564562 0.6738024 -0.5810663
vn 0.5140171 0.5281037 -0.6759385
vn 0.5543033 0.3648741 -0.7480740
vn 0.5760273 0.1895729 -0.7951445
vn 0.5785049 0.0080239 -0.8156394
vn 0.5616727 -0.1737642 -0.8089065
vn 0.5260871 -0.3497803 -0.7751684
vn 0.4729082 -0.5141933 -0.7155159
vn 0.4038658 -0.6615305 -0.6318780
vn 0.3212109 -0.7868470 -0.5269681
vn 0.2276512 -0.8858838 -0.4042088
vn 0.1262730 -0.9552105 -0.2676341
vn 0.0204496 -0.9923474 -0.1217725
vn 0.2485008 0.9575148 -0.1463312
vn 0.3878082 0.8886303 -0.2448285
vn 0.5137820 0.7898586 -0.3348902
vn 0.6222689 0.6646540 -0.4135413
vn 0.7097264 0.5173058 -0.4782083
vn 0.7733235 0.3527901 -0.5267922
vn 0.8110180 0.1766078 -0.5577271
vn 0.8216114 -0.0053891 -0.5700225
vn 0.8047792 -0.1871772 -0.5632896
vn 0.7610779 -0.3627454 -0.5377510
vn 0.6919283 -0.5262773 -0.4942341
vn 0.5995751 -0.6723284 -0.4341477
vn 0.4870236 -0.7959954 -0.3594432
vn 0.3579550 -0.8930731 -0.2725594
vn 0.2166206 -0.9601953 -0.1763535
vn 0.0677165 -0.9949552 -0.0740175
vn 0.2766975 0.9571649 -0.0852875
vn 0.4417043 0.8879614 -0.1281475
vn 0.5915137 0.7888939 -0.1666070
vn 0.7211831 0.6634265 -0.1993997
vn 0.8264751 0.5158569 -0.2254562
vn 0.9039781 0.3511686 -0.2439349
vn 0.9511998 0.1748681 -0.2542443
vn 0.9666346 -0.0071888 -0.2560585
vn 0.9498023 -0.1889769 -0.2493256
vn 0.9012597 -0.3644851 -0.2342682
vn 0.8225829 -0.5278988 -0.2113769
vn 0.7163238 -0.6737772 -0.1813957
vn 0.5859378 -0.7972229 -0.1453015
vn 0.4356867 -0.8940378 -0.1042762
vn 0.2705168 -0.9608641 -0.0596725
vn 0.0959132 -0.9953051 -0.0129738
vn 0.0737178 0.9951909 0.0645031
vn 0.2648142 0.9611756 0.0775555
vn 0.4364184 0.8955078 0.0872051
vn 0.5929922 0.7997151 0.0938936
vn 0.7293659 0.6771531 0.0974115
vn 0.8410787 0.5320245 0.0976552
vn 0.9245066 0.3692331 0.0946283
vn 0.9769623 0.1942241 0.0884402
vn 0.9967683 0.0128117 0.0793017
vn 0.9833008 -0.1689996 0.0675176
vn 0.9370051 -0.3451978 0.0534777
vn 0.8593822 -0.5099462 0.0376445
vn 0.7529465 -0.6577612 0.0205395
vn 0.6211559 -0.7836823 0.0027277
vn 0.4683148 -0.8834310 -0.0151992
vn 0.2994509 -0.9535532 -0.0326414
vn 0.1201684 -0.9915430 -0.0490096
vn -0.0737178 -0.9951909 -0.0645031
vn 0.2480124 0.9582045 0.1425969
vn 0.4043029 0.8898288 0.2115274
vn 0.5466737 0.7915245 0.2731974
vn 0.6704251 0.6667306 0.3255771
vn 0.7715107 0.5197227 0.3669598
vn 0.8466524 0.3554661 0.3960096
vn 0.8934311 0.1794532 0.4117978
vn 0.9103522 -0.0024693 0.4138269
vn 0.8968847 -0.1842806 0.4020428
vn 0.8534739 -0.3599687 0.3768353
vn 0.7815280 -0.5237132 0.3390257
vn 0.6833785 -0.6700629 0.2898440
vn 0.5622151 -0.7941048 0.2308933
vn 0.4219962 -0.8916215 0.1641046
vn 0.2673354 -0.9592322 0.0916809
vn 0.1033666 -0.9945141 0.0160318
vn 0.2100199 0.9574232 0.1980718
vn 0.3316826 0.8883354 0.3175641
vn 0.4419371 0.7893706 0.4261287
vn 0.5371471 0.6639897 0.5201834
vn 0.6142022 0.5164876 0.5966542
vn 0.6706069 0.3518457 0.6530628
vn 0.7045486 0.1755688 0.6875950
vn 0.7149464 -0.0064879 0.6991491
vn 0.7014789 -0.1882992 0.6873651
vn 0.6645914 -0.3638531 0.6526325
vn 0.6054825 -0.5273337 0.5960790
vn 0.5260699 -0.6732980 0.5195384
vn 0.4289370 -0.7968457 0.4254996
vn 0.3172597 -0.8937755 0.3170359
vn 0.1947151 -0.9607257 0.1977175
vn 0.0653741 -0.9952954 0.0715067
vn 0.1554191 0.9589259 0.2372891
vn 0.2273167 0.8912076 0.3925254
vn 0.2914154 0.7935130 0.5342416
vn 0.3456070 0.6692610 0.6577580
vn 0.3881268 0.5227093 0.7590339
vn 0.4176038 0.3588084 0.8347835
vn 0.4330969 0.1830392 0.8825666
vn 0.4341197 0.0012406 0.9008543
vn 0.4206522 -0.1805707 0.8890703
vn 0.3931397 -0.3563826 0.8476040
vn 0.3524794 -0.5203709 0.7777997
vn 0.2999946 -0.6670763 0.6819182
vn 0.2373970 -0.7915745 0.5630742
vn 0.1667380 -0.8896330 0.4251488
vn 0.0903492 -0.9578535 0.2726789
vn 0.0107733 -0.9937928 0.1107240
vn 0.0907956 0.9625312 0.2555186
vn 0.1037932 0.8980990 0.4273701
vn 0.1132637 0.8034522 0.5844963
vn 0.1189075 0.6819086 0.7217074
vn 0.1205527 0.5376374 0.8345137
vn 0.1181590 0.3755146 0.9192536
vn 0.1118170 0.2009636 0.9731961
vn 0.1017439 0.0197840 0.9946139
vn 0.0882764 -0.1620272 0.9828298
vn 0.0718598 -0.3384583 0.9382335
vn 0.0530346 -0.5036647 0.8622698
vn 0.0324204 -0.6521482 0.7573979
vn 0.0106974 -0.7789268 0.6270236
vn -0.0114138 -0.8796938 0.4754035
vn -0.0331743 -0.9509620 0.3075235
vn -0.0538502 -0.9901874 0.1289535
vn 0.0239441 0.9678045 0.2505617
vn -0.0239892 0.9081785 0.4178952
vn -0.0710303 0.8179893 0.5708311
vn -0.1156082 0.7004072 0.7043184
vn -0.1562469 0.5594714 0.8139894
vn -0.1916100 0.3999492 0.8962847
vn -0.2205399 0.2271799 0.9485523
vn -0.2420915 0.0469057 0.9691190
vn -0.2555590 -0.1349055 0.9573349
vn -0.2604971 -0.3122420 0.9135897
vn -0.2567344 -0.4792302 0.8393008
vn -0.2443792 -0.6303143 0.7368736
vn -0.2238182 -0.7604282 0.6096346
vn -0.1957078 -0.8651567 0.4617383
vn -0.1609567 -0.9408825 0.2980486
vn -0.1207017 -0.9849142 0.1239966
vn -0.0370722 0.9741096 0.2230161
vn -0.1406180 0.9202302 0.3652436
vn -0.2392381 0.8353710 0.4948944
vn -0.3296539 0.7225255 0.6076884
vn -0.4088857 0.5855777 0.6999366
vn -0.4743406 0.4291650 0.7686471
vn -0.5238868 0.2585261 0.8116076
vn -0.5559149 0.0793345 0.8274447
vn -0.5693824 -0.1024767 0.8156606
vn -0.5638440 -0.2808958 0.7766450
vn -0.5394650 -0.4500143 0.7116633
vn -0.4970180 -0.6042080 0.6228209
vn -0.4378639 -0.7383099 0.5130046
vn -0.3639155 -0.8477751 0.3858016
vn -0.2775854 -0.9288308 0.2453971
vn -0.1817181 -0.9786091 0.0964510
vn -0.0848939 0.9806860 0.1762043
vn -0.2320260 0.9328007 0.2757659
vn -0.3710712 0.8535007 0.3658453
vn -0.4974127 0.7455958 0.4434722
vn -0.6068919 0.6128075 0.5061118
vn -0.6959312 0.4596382 0.5517359
vn -0.7616355 0.2912214 0.5788795
vn -0.8018745 0.1131589 0.5866790
vn -0.8153420 -0.0686523 0.5748950
vn -0.8015927 -0.2482005 0.5439170
vn -0.7610556 -0.4195412 0.4947521
vn -0.6950242 -0.5769781 0.4289960
vn -0.6056227 -0.7152397 0.3487885
vn -0.4957487 -0.8296454 0.2567525
vn -0.3689935 -0.9162603 0.1559193
vn -0.2295397 -0.9720326 0.0496392
vn -0.1137529 0.9867406 0.1157725
vn -0.2871881 0.9443736 0.1602544
vn -0.4506287 0.8701917 0.1992489
vn -0.5986502 0.7668353 0.2314769
vn -0.7263830 0.6378766 0.2558931
vn -0.8296547 0.4876932 0.2717138
vn -0.9051100 0.3213221 0.2784385
vn -0.9503041 0.1442993 0.2758619
vn -0.9637716 -0.0375120 0.2640778
vn -0.9450672 -0.2180998 0.2434760
vn -0.8947791 -0.3914861 0.2147300
vn -0.8145152 -0.5519091 0.1787773
vn -0.7068603 -0.6940001 0.1367932
vn -0.5753062 -0.8129543 0.0901561
vn -0.4241556 -0.9046874 0.0404078
vn -0.2583987 -0.9659781 -0.0107926
vn -0.1201684 0.9915430 0.0490096
vn -0.2994509 0.9535532 0.0326414
vn -0.4683148 0.8834310 0.0151992
vn -0.6211559 0.7836823 -0.0027277
vn -0.7529465 0.6577612 -0.0205395
vn -0.8593822 0.5099462 -0.0376445
vn -0.9370051 0.3451978 -0.0534777
vn -0.9833008 0.1689996 -0.0675176
vn -0.9967683 -0.0128117 -0.0793017
vn -0.9769623 -0.1942241 -0.0884402
vn -0.9245066 -0.3692331 -0.0946283
vn -0.8410787 -0.5320245 -0.0976552
vn -0.7293659 -0.6771531 -0.0974115
vn -0.5929922 -0.7997151 -0.0938936
vn -0.4364184 -0.8955078 -0.0872051
vn -0.2648142 -0.9611756 -0.0775555
vn -0.1033666 0.9945141 -0.0160318
vn -0.2673354 0.9592322 -0.0916809
vn -0.4219962 0.8916215 -0.1641046
vn -0.5622151 0.7941048 -0.2308933
vn -0.6833785 0.6700629 -0.2898440
vn -0.7815280 0.5237132 -0.3390257
vn -0.8534739 0.3599687 -0.3768353
vn -0.8968847 0.1842806 -0.4020428
vn -0.9103522 0.0024693 -0.4138269
vn -0.8934311 -0.1794532 -0.4117978
vn -0.8466524 -0.3554661 -0.3960096
vn -0.7715107 -0.5197227 -0.3669598
vn -0.6704251 -0.6667306 -0.3255771
vn -0.5466737 -0.7915245 -0.2731974
vn -0.4043029 -0.8898288 -0.2115274
vn -0.2480124 -0.9582045 -0.1425969
vn -0.0653741 0.9952954 -0.0715067
vn -0.1947151 0.9607257 -0.1977175
vn -0.3172597 0.8937755 -0.3170359
vn -0.4289370 0.7968457 -0.4254996
vn -0.5260699 0.6732980 -0.5195384
vn -0.6054825 0.5273337 -0.5960790
vn -0.6645914 0.3638531 -0.6526325
vn -0.7014789 0.1882992 -0.6873651
vn -0.7149464 0.0064879 -0.6991491
vn -0.7045486 -0.1755688 -0.6875950
vn -0.6706069 -0.3518457 -0.6530628
vn -0.6142022 -0.5164876 -0.5966542
vn -0.5371471 -0.6639897 -0.5201834
vn -0.4419371 -0.7893706 -0.4261287
vn -0.3316826 -0.8883354 -0.3175641
vn -0.2100199 -0.9574232 -0.1980718
vn -0.0107733 0.9937928 -0.1107240
vn -0.0903492 0.9578535 -0.2726789
vn -0.1667380 0.8896330 -0.4251488
vn -0.2373970 0.7915745 -0.5630742
vn -0.2999946 0.6670763 -0.6819182
vn -0.3524794 0.5203709 -0.7777997
vn -0.3931397 0.3563826 -0.8476040
vn -0.4206522 0.1805707 -0.8890703
vn -0.4341197 -0.0012406 -0.9008543
vn -0.4330969 -0.1830392 -0.8825666
vn -0.4176038 -0.3588084 -0.8347835
vn -0.3881268 -0.5227093 -0.7590339
vn -0.3456070 -0.6692610 -0.6577580
vn -0.2914154 -0.7935130 -0.5342416
vn -0.2273167 -0.8912076 -0.3925254
vn -0.1554191 -0.9589259 -0.2372891
vn 0.0538502 0.9901874 -0.1289535
vn 0.0331743 0.9509620 -0.3075235
vn 0.0114138 0.8796938 -0.4754035
vn -0.0106974 0.7789268 -0.6270236
vn -0.0324204 0.6521482 -0.7573979
vn -0.0530346 0.5036647 -0.8622698
vn -0.0718598 0.3384583 -0.9382335
vn -0.0882764 0.1620272 -0.9828298
vn -0.1017439 -0.0197840 -0.9946139
vn -0.1118170 -0.2009636 -0.9731961
vn -0.1181590 -0.3755146 -0.9192536
vn -0.1205527 -0.5376374 -0.8345137
vn -0.1189075 -0.6819086 -0.7217074
vn -0.1132637 -0.8034522 -0.5844963
vn -0.1037932 -0.8980990 -0.4273701
vn -0.0907956 -0.9625312 -0.2555186
vn 0.1207017 0.9849142 -0.1239966
vn 0.1609567 0.9408825 -0.2980486
vn 0.1957078 0.8651567 -0.4617383
vn 0.2238182 0.7604282 -0.6096346
vn 0.2443792 0.6303143 -0.7368736
vn 0.2567344 0.4792302 -0.8393008
vn 0.2604971 0.3122420 -0.9135897
vn 0.2555590 0.1349055 -0.9573349
vn 0.2420915 -0.0469057 -0.9691190
vn 0.2205399 -0.2271799 -0.9485523
vn 0.1916100 -0.3999492 -0.8962847
vn 0.1562469 -0.5594714 -0.8139894
vn 0.1156082 -0.7004072 -0.7043184
vn 0.0710303 -0.8179893 -0.5708311
vn 0.0239892 -0.9081785 -0.4178952
vn -0.0239441 -0.9678045 -0.2505617
vn 0.1817181 0.9786091 -0.0964510
vn 0.2775854 0.9288308 -0.2453971
vn 0.3639155 0.8477751 -0.3858016
vn 0.4378639 0.7383099 -0.5130046
vn 0.4970180 0.6042080 -0.6228209
vn 0.5394650 0.4500143 -0.7116633
vn 0.5638440 0.2808958 -0.7766450
vn 0.5693824 0.1024767 -0.8156606
vn 0.5559149 -0.0793345 -0.8274447
vn 0.5238868 -0.2585261 -0.8116076
vn 0.4743406 -0.4291650 -0.7686471
vn 0.4088857 -0.5855777 -0.6999366
vn 0.3296539 -0.7225255 -0.6076884
vn 0.2392381 -0.8353710 -0.4948944
vn 0.1406180 -0.9202302 -0.3652436
vn 0.0370722 -0.9741096 -0.2230161
vn 0.2295397 0.9720326 -0.0496392
vn 0.3689935 0.9162603 -0.1559193
vn 0.4957487 0.8296454 -0.2567525
vn 0.6056227 0.7152397 -0.3487885
vn 0.6950242 0.5769781 -0.4289960
vn 0.7610556 0.4195412 -0.4947521
vn 0.8015927 0.2482005 -0.5439170
vn 0.8153420 0.0686523 -0.5748950
vn 0.8018745 -0.1131589 -0.5866790
vn 0.7616355 -0.2912214 -0.5788795
vn 0.6959312 -0.4596382 -0.5517359
vn 0.6068919 -0.6128075 -0.5061118
vn 0.4974127 -0.7455958 -0.4434722
vn 0.3710712 -0.8535007 -0.3658453
vn 0.2320260 -0.9328007 -0.2757659
vn 0.0848939 -0.9806860 -0.1762043
vn 0.2583987 0.9659781 0.0107926
vn 0.4241556 0.9046874 -0.0404078
vn 0.5753062 0.8129543 -0.0901561
vn 0.7068603 0.6940001 -0.1367932
vn 0.8145152 0.5519091 -0.1787773
vn 0.8947791 0.3914861 -0.2147300
vn 0.9450672 0.2180998 -0.2434760
vn 0.9637716 0.0375120 -0.2640778
vn 0.9503041 -0.1442993 -0.2758619
vn 0.9051100 -0.3213221 -0.2784385
vn 0.8296547 -0.4876932 -0.2717138
vn 0.7263830 -0.6378766 -0.2558931
vn 0.5986502 -0.7668353 -0.2314769
vn 0.4506287 -0.8701917 -0.1992489
vn 0.2871881 -0.9443736 -0.1602544
vn 0.1137529 -0.9867406 -0.1157725
vn -0.0921356 0.9950642 -0.0368542
vn 0.1016387 0.9933549 -0.0539958
vn 0.2814607 0.9571364 -0.0683355
vn 0.4514706 0.8886615 -0.0803431
vn 0.6060229 0.7903815 -0.0896281
vn 0.7400304 0.6657024 -0.0958925
vn 0.8491132 0.5188621 -0.0989390
vn 0.9297244 0.3547895 -0.0986755
vn 0.9792502 0.1789465 -0.0951168
vn 0.9960824 -0.0028416 -0.0883839
vn 0.9796646 -0.1845637 -0.0786994
vn 0.9305083 -0.3602053 -0.0663810
vn 0.8501817 -0.5239318 -0.0518320
vn 0.7412683 -0.6702678 -0.0355300
vn 0.6072976 -0.7942702 -0.0180123
vn 0.4526483 -0.8916891 0.0001396
vn 0.2824230 -0.9591151 0.0183179
vn 0.0921356 -0.9950642 0.0368542
vn 0.0959132 0.9953051 0.0129738
vn 0.2705168 0.9608641 0.0596725
vn 0.4356867 0.8940378 0.1042762
vn 0.5859378 0.7972229 0.1453015
vn 0.7163238 0.6737772 0.1813957
vn 0.8225829 0.5278988 0.2113769
vn 0.9012597 0.3644851 0.2342682
vn 0.9498023 0.1889769 0.2493256
vn 0.9666346 0.0071888 0.2560585
vn 0.9511998 -0.1748681 0.2542443
vn 0.9039781 -0.3511686 0.2439349
vn 0.8264751 -0.5158569 0.2254562
vn 0.7211831 -0.6634265 0.1993997
vn 0.5915137 -0.7888939 0.1666070
vn 0.4417043 -0.8879614 0.1281475
vn 0.2766975 -0.9571649 0.0852875
vn 0.0677165 0.9949552 0.0740175
vn 0.2166206 0.9601953 0.1763535
vn 0.3579550 0.8930731 0.2725594
vn 0.4870236 0.7959954 0.3594432
vn 0.5995751 0.6723284 0.4341477
vn 0.6919283 0.5262773 0.4942341
vn 0.7610779 0.3627454 0.5377510
vn 0.8047792 0.1871772 0.5632896
vn 0.8216114 0.0053891 0.5700225
vn 0.8110180 -0.1766078 0.5577271
vn 0.7733235 -0.3527901 0.5267922
vn 0.7097264 -0.5173058 0.4782083
vn 0.6222689 -0.6646540 0.4135413
vn 0.5137820 -0.7898586 0.3348902
vn 0.3878082 -0.8886303 0.2448285
vn 0.2485008 -0.9575148 0.1463312
vn 0.0204496 0.9923474 0.1217725
vn 0.1262730 0.9552105 0.2676341
vn 0.2276512 0.8858838 0.4042088
vn 0.3212109 0.7868470 0.5269681
vn 0.4038658 0.6615305 0.6318780
vn 0.4729082 0.5141933 0.7155159
vn 0.5260871 0.3497803 0.7751684
vn 0.5616727 0.1737642 0.8089065
vn 0.5785049 -0.0080239 0.8156394
vn 0.5760273 -0.1895729 0.7951445
vn 0.5543033 -0.3648741 0.7480740
vn 0.5140171 -0.5281037 0.6759385
vn 0.4564562 -0.6738024 0.5810663
vn 0.3834782 -0.7970479 0.4665396
vn 0.2974605 -0.8936150 0.3361092
vn 0.2012339 -0.9601226 0.1940862
vn -0.0401865 0.9877961 0.1504789
vn 0.0103711 0.9465111 0.3225046
vn 0.0604917 0.8733371 0.4833457
vn 0.1084991 0.7708811 0.6276705
vn 0.1528014 0.6426860 0.7507373
vn 0.1919397 0.4931042 0.8485325
vn 0.2246308 0.3271534 0.9178843
vn 0.2498050 0.1503559 0.9565514
vn 0.2666373 -0.0314322 0.9632843
vn 0.2745709 -0.2121998 0.9378604
vn 0.2733348 -0.3859632 0.8810905
vn 0.2629528 -0.5469482 0.7947978
vn 0.2437444 -0.6897683 0.6817686
vn 0.2163187 -0.8095946 0.5456765
vn 0.1815586 -0.9023145 0.3909796
vn 0.1405978 -0.9646739 0.2227926
vn -0.1068781 0.9818504 0.1566743
vn -0.1171056 0.9351463 0.3343467
vn -0.1233615 0.8569462 0.5004249
vn -0.1254555 0.7500236 0.6494039
vn -0.1233360 0.6180678 0.7763894
vn -0.1170884 0.4655538 0.8772400
vn -0.1069312 0.2975940 0.9486852
vn -0.0932079 0.1197756 0.9884159
vn -0.0763756 -0.0620125 0.9951488
vn -0.0569910 -0.2417592 0.9686612
vn -0.0356932 -0.4135136 0.9097980
vn -0.0131847 -0.5715664 0.8204499
vn 0.0097898 -0.7106258 0.7035021
vn 0.0324656 -0.8259855 0.5627557
vn 0.0540819 -0.9136793 0.4028217
vn 0.0739062 -0.9706196 0.2289880
vn -0.1715813 0.9752274 0.1396114
vn -0.2407815 0.9224869 0.3017321
vn -0.3017329 0.8386882 0.4533865
vn -0.3524347 0.7267901 0.5895472
vn -0.3912402 0.5906452 0.7057403
vn -0.4169025 0.4348649 0.7981759
vn -0.4286074 0.2646674 0.8638558
vn -0.4259936 0.0857118 0.9006569
vn -0.4091614 -0.0960763 0.9073898
vn -0.3786672 -0.2746858 0.8838319
vn -0.3355074 -0.4442025 0.8307340
vn -0.2810889 -0.5989890 0.7498008
vn -0.2171894 -0.7338593 0.6436453
vn -0.1459059 -0.8442435 0.5157173
vn -0.0695940 -0.9263387 0.3702071
vn 0.0092030 -0.9772426 0.2119251
vn -0.2264918 0.9687260 0.1013483
vn -0.3457395 0.9100597 0.2285946
vn -0.4531085 0.8207652 0.3479040
vn -0.5450613 0.7039829 0.4553199
vn -0.6185980 0.5637258 0.5473113
vn -0.6713408 0.4047392 0.6208766
vn -0.7015989 0.2323449 0.6736281
vn -0.7084134 0.0522730 0.7038593
vn -0.6915812 -0.1295151 0.7105922
vn -0.6516588 -0.3070083 0.6936041
vn -0.5899457 -0.4743282 0.6534346
vn -0.5084467 -0.6259083 0.5913719
vn -0.4098160 -0.7566665 0.5094180
vn -0.2972815 -0.8621665 0.4102348
vn -0.1745519 -0.9387658 0.2970696
vn -0.0457076 -0.9837440 0.1736620
vn -0.2649867 0.9631302 0.0465000
vn -0.4193200 0.8993638 0.1237557
vn -0.5592300 0.8053390 0.1967002
vn -0.6801018 0.6843530 0.2629117
vn -0.7779867 0.5405565 0.3202114
vn -0.8497142 0.3788101 0.3667268
vn -0.8929791 0.2045252 0.4009461
vn -0.9064032 0.0234925 0.4217599
vn -0.8895709 -0.1582956 0.4284928
vn -0.8430390 -0.3348280 0.4209221
vn -0.7683191 -0.5002572 0.3992849
vn -0.6678354 -0.6490777 0.3642719
vn -0.5448565 -0.7762964 0.3170098
vn -0.4034030 -0.8775927 0.2590310
vn -0.2481325 -0.9494618 0.1922307
vn -0.0842025 -0.9893398 0.1188137
vn -0.2824230 0.9591151 -0.0183179
vn -0.4526483 0.8916891 -0.0001396
vn -0.6072976 0.7942702 0.0180123
vn -0.7412683 0.6702678 0.0355300
vn -0.8501817 0.5239318 0.0518320
vn -0.9305083 0.3602053 0.0663810
vn -0.9796646 0.1845637 0.0786994
vn -0.9960824 0.0028416 0.0883839
vn -0.9792502 -0.1789465 0.0951168
vn -0.9297244 -0.3547895 0.0986755
vn -0.8491132 -0.5188621 0.0989390
vn -0.7400304 -0.6657024 0.0958925
vn -0.6060229 -0.7903815 0.0896281
vn -0.4514706 -0.8886615 0.0803431
vn -0.2814607 -0.9571364 0.0683355
vn -0.1016387 -0.9933549 0.0539958
vn -0.2766975 0.9571649 -0.0852875
vn -0.4417043 0.8879614 -0.1281475
vn -0.5915137 0.7888939 -0.1666070
vn -0.7211831 0.6634265 -0.1993997
vn -0.8264751 0.5158569 -0.2254562
vn -0.9039781 0.3511686 -0.2439349
vn -0.9511998 0.1748681 -0.2542443
vn -0.9666346 -0.0071888 -0.2560585
vn -0.9498023 -0.1889769 -0.2493256
vn -0.9012597 -0.3644851 -0.2342682
vn -0.8225829 -0.5278988 -0.2113769
vn -0.7163238 -0.6737772 -0.1813957
vn -0.5859378 -0.7972229 -0.1453015
vn -0.4356867 -0.8940378 -0.1042762
vn -0.2705168 -0.9608641 -0.0596725
vn -0.0959132 -0.9953051 -0.0129738
vn -0.2485008 0.9575148 -0.1463312
vn -0.3878082 0.8886303 -0.2448285
vn -0.5137820 0.7898586 -0.3348902
vn -0.6222689 0.6646540 -0.4135413
vn -0.7097264 0.5173058 -0.4782083
vn -0.7733235 0.3527901 -0.5267922
vn -0.8110180 0.1766078 -0.5577271
vn -0.8216114 -0.0053891 -0.5700225
vn -0.8047792 -0.1871772 -0.5632896
vn -0.7610779 -0.3627454 -0.5377510
vn -0.6919283 -0.5262773 -0.4942341
vn -0.5995751 -0.6723284 -0.4341477
vn -0.4870236 -0.7959954 -0.3594432
vn -0.3579550 -0.8930731 -0.2725594
vn -0.2166206 -0.9601953 -0.1763535
vn -0.0677165 -0.9949552 -0.0740175
vn -0.2012339 0.9601226 -0.1940862
vn -0.2974605 0.8936150 -0.3361092
vn -0.3834782 0.7970479 -0.4665396
vn -0.4564562 0.6738024 -0.5810663
vn -0.5140171 0.5281037 -0.6759385
vn -0.5543033 0.3648741 -0.7480740
vn -0.5760273 0.1895729 -0.7951445
vn -0.5785049 0.0080239 -0.8156394
vn -0.5616727 -0.1737642 -0.8089065
vn -0.5260871 -0.3497803 -0.7751684
vn -0.4729082 -0.5141933 -0.7155159
vn -0.4038658 -0.6615305 -0.6318780
vn -0.3212109 -0.7868470 -0.5269681
vn -0.2276512 -0.8858838 -0.4042088
vn -0.1262730 -0.9552105 -0.2676341
vn -0.0204496 -0.9923474 -0.1217725
vn -0.1405978 0.9646739 -0.2227926
vn -0.1815586 0.9023145 -0.3909796
vn -0.2163187 0.8095946 -0.5456765
vn -0.2437444 0.6897683 -0.6817686
vn -0.2629528 0.5469482 -0.7947978
vn -0.2733348 0.3859632 -0.8810905
vn -0.2745709 0.2121998 -0.9378604
vn -0.2666373 0.0314322 -0.9632843
vn -0.2498050 -0.1503559 -0.9565514
vn -0.2246308 -0.3271534 -0.9178843
vn -0.1919397 -0.4931042 -0.8485325
vn -0.1528014 -0.6426860 -0.7507373
vn -0.1084991 -0.7708811 -0.6276705
vn -0.0604917 -0.8733371 -0.4833457
vn -0.0103711 -0.9465111 -0.3225046
vn 0.0401865 -0.9877961 -0.1504789
vn -0.0739062 0.9706196 -0.2289880
vn -0.0540819 0.9136793 -0.4028217
vn -0.0324656 0.8259855 -0.5627557
vn -0.0097898 0.7106258 -0.7035021
vn 0.0131847 0.5715664 -0.8204499
vn 0.0356932 0.4135136 -0.9097980
vn 0.0569910 0.2417592 -0.9686612
vn 0.0763756 0.0620125 -0.9951488
vn 0.0932079 -0.1197756 -0.9884159
vn 0.1069312 -0.2975940 -0.9486852
vn 0.1170884 -0.4655538 -0.8772400
vn 0.1233360 -0.6180678 -0.7763894
vn 0.1254555 -0.7500236 -0.6494039
vn 0.1233615 -0.8569462 -0.5004249
vn 0.1171056 -0.9351463 -0.3343467
vn 0.1068781 -0.9818504 -0.1566743
vn -0.0092030 0.9772426 -0.2119251
vn 0.0695940 0.9263387 -0.3702071
vn 0.1459059 0.8442435 -0.5157173
vn 0.2171894 0.7338593 -0.6436453
vn 0.2810889 0.5989890 -0.7498008
vn 0.3355074 0.4442025 -0.8307340
vn 0.3786672 0.2746858 -0.8838319
vn 0.4091614 0.0960763 -0.9073898
vn 0.4259936 -0.0857118 -0.9006569
vn 0.4286074 -0.2646674 -0.8638558
vn 0.4169025 -0.4348649 -0.7981759
vn 0.3912402 -0.5906452 -0.7057403
vn 0.3524347 -0.7267901 -0.5895472
vn 0.3017329 -0.8386882 -0.4533865
vn 0.2407815 -0.9224869 -0.3017321
vn 0.1715813 -0.9752274 -0.1396114
vn 0.0457076 0.9837440 -0.1736620
vn 0.1745519 0.9387658 -0.2970696
vn 0.2972815 0.8621665 -0.4102348
vn 0.4098160 0.7566665 -0.5094180
vn 0.5084467 0.6259083 -0.5913719
vn 0.5899457 0.4743282 -0.6534346
vn 0.6516588 0.3070083 -0.6936041
vn 0.6915812 0.1295151 -0.7105922
vn 0.7084134 -0.0522730 -0.7038593
vn 0.7015989 -0.2323449 -0.6736281
vn 0.6713408 -0.4047392 -0.6208766
vn 0.6185980 -0.5637258 -0.5473113
vn 0.5450613 -0.7039829 -0.4553199
vn 0.4531085 -0.8207652 -0.3479040
vn 0.3457395 -0.9100597 -0.2285946
vn 0.2264918 -0.9687260 -0.1013483
vn 0.0842025 0.9893398 -0.1188137
vn 0.2481325 0.9494618 -0.1922307
vn 0.4034030 0.8775927 -0.2590310
vn 0.5448565 0.7762964 -0.3170098
vn 0.6678354 0.6490777 -0.3642719
vn 0.7683191 0.5002572 -0.3992849
vn 0.8430390 0.3348280 -0.4209221
vn 0.8895709 0.1582956 -0.4284928
vn 0.9064032 -0.0234925 -0.4217599
vn 0.8929791 -0.2045252 -0.4009461
vn 0.8497142 -0.3788101 -0.3667268
vn 0.7779867 -0.5405565 -0.3202114
vn 0.6801018 -0.6843530 -0.2629117
vn 0.5592300 -0.8053390 -0.1967002
vn 0.4193200 -0.8993638 -0.1237557
vn 0.2649867 -0.9631302 -0.0465000
vn -0.0737178 0.9951909 0.0645031
vn 0.1201684 0.9915430 0.0490096
vn 0.2994509 0.9535532 0.0326414
vn 0.4683148 0.8834310 0.0151992
vn 0.6211559 0.7836823 -0.0027277
vn 0.7529465 0.6577612 -0.0205395
vn 0.8593822 0.5099462 -0.0376445
vn 0.9370051 0.3451978 -0.0534777
vn 0.9833008 0.1689996 -0.0675176
vn 0.9967683 -0.0128117 -0.0793017
vn 0.9769623 -0.1942241 -0.0884402
vn 0.9245066 -0.3692331 -0.0946283
vn 0.8410787 -0.5320245 -0.0976552
vn 0.7293659 -0.6771531 -0.0974115
vn 0.5929922 -0.7997151 -0.0938936
vn 0.4364184 -0.8955078 -0.0872051
vn 0.2648142 -0.9611756 -0.0775555
vn 0.0737178 -0.9951909 -0.0645031
vn 0.1137529 0.9867406 0.1157725
vn 0.2871881 0.9443736 0.1602544
vn 0.4506287 0.8701917 0.1992489
vn 0.5986502 0.7668353 0.2314769
vn 0.7263830 0.6378766 0.2558931
vn 0.8296547 0.4876932 0.2717138
vn 0.9051100 0.3213221 0.2784385
vn 0.9503041 0.1442993 0.2758619
vn 0.9637716 -0.0375120 0.2640778
vn 0.9450672 -0.2180998 0.2434760
vn 0.8947791 -0.3914861 0.2147300
vn 0.8145152 -0.5519091 0.1787773
vn 0.7068603 -0.6940001 0.1367932
vn 0.5753062 -0.8129543 0.0901561
vn 0.4241556 -0.9046874 0.0404078
vn 0.2583987 -0.9659781 -0.0107926
vn 0.0848939 0.9806860 0.1762043
vn 0.2320260 0.9328007 0.2757659
vn 0.3710712 0.8535007 0.3658453
vn 0.4974127 0.7455958 0.4434722
vn 0.6068919 0.6128075 0.5061118
vn 0.6959312 0.4596382 0.5517359
vn 0.7616355 0.2912214 0.5788795
vn 0.8018745 0.1131589 0.5866790
vn 0.8153420 -0.0686523 0.5748950
vn 0.8015927 -0.2482005 0.5439170
vn 0.7610556 -0.4195412 0.4947521
vn 0.6950242 -0.5769781 0.4289960
vn 0.6056227 -0.7152397 0.3487885
vn 0.4957487 -0.8296454 0.2567525
vn 0.3689935 -0.9162603 0.1559193
vn 0.2295397 -0.9720326 0.0496392
vn 0.0370722 0.9741096 0.2230161
vn 0.1406180 0.9202302 0.3652436
vn 0.2392381 0.8353710 0.4948944
vn 0.3296539 0.7225255 0.6076884
vn 0.4088857 0.5855777 0.6999366
vn 0.4743406 0.4291650 0.7686471
vn 0.5238868 0.2585261 0.8116076
vn 0.5559149 0.0793345 0.8274447
vn 0.5693824 -0.1024767 0.8156606
vn 0.5638440 -0.2808958 0.7766450
vn 0.5394650 -0.4500143 0.7116633
vn 0.4970180 -0.6042080 0.6228209
vn 0.4378639 -0.7383099 0.5130046
vn 0.3639155 -0.8477751 0.3858016
vn 0.2775854 -0.9288308 0.2453971
vn 0.1817181 -0.9786091 0.0964510
vn -0.0239441 0.9678045 0.2505617
vn 0.0239892 0.9081785 0.4178952
vn 0.0710303 0.8179893 0.5708311
vn 0.1156082 0.7004072 0.7043184
vn 0.1562469 0.5594714 0.8139894
vn 0.1916100 0.3999492 0.8962847
vn 0.2205399 0.2271799 0.9485523
vn 0.2420915 0.0469057 0.9691190
vn 0.2555590 -0.1349055 0.9573349
vn 0.2604971 -0.3122420 0.9135897
vn 0.2567344 -0.4792302 0.8393008
vn 0.2443792 -0.6303143 0.7368736
vn 0.2238182 -0.7604282 0.6096346
vn 0.1957078 -0.8651567 0.4617383
vn 0.1609567 -0.9408825 0.2980486
vn 0.1207017 -0.9849142 0.1239966
vn -0.0907956 0.9625312 0.2555186
vn -0.1037932 0.8980990 0.4273701
vn -0.1132637 0.8034522 0.5844963
vn -0.1189075 0.6819086 0.7217074
vn -0.1205527 0.5376374 0.8345137
vn -0.1181590 0.3755146 0.9192536
vn -0.1118170 0.2009636 0.9731961
vn -0.1017439 0.0197840 0.9946139
vn -0.0882764 -0.1620272 0.9828298
vn -0.0718598 -0.3384583 0.9382335
vn -0.0530346 -0.5036647 0.8622698
vn -0.0324204 -0.6521482 0.7573979
vn -0.0106974 -0.7789268 0.6270236
vn 0.0114138 -0.8796938 0.4754035
vn 0.0331743 -0.9509620 0.3075235
vn 0.0538502 -0.9901874 0.1289535
vn -0.1554191 0.9589259 0.2372891
vn -0.2273167 0.8912076 0.3925254
vn -0.2914154 0.7935130 0.5342416
vn -0.3456070 0.6692610 0.6577580
vn -0.3881268 0.5227093 0.7590339
vn -0.4176038 0.3588084 0.8347835
vn -0.4330969 0.1830392 0.8825666
vn -0.4341197 0.0012406 0.9008543
vn -0.4206522 -0.1805707 0.8890703
vn -0.3931397 -0.3563826 0.8476040
vn -0.3524794 -0.5203709 0.7777997
vn -0.2999946 -0.6670763 0.6819182
vn -0.2373970 -0.7915745 0.5630742
vn -0.1667380 -0.8896330 0.4251488
vn -0.0903492 -0.9578535 0.2726789
vn -0.0107733 -0.9937928 0.1107240
vn -0.2100199 0.9574232 0.1980718
vn -0.3316826 0.8883354 0.3175641
vn -0.4419371 0.7893706 0.4261287
vn -0.5371471 0.6639897 0.5201834
vn -0.6142022 0.5164876 0.5966542
vn -0.6706069 0.3518457 0.6530628
vn -0.7045486 0.1755688 0.6875950
vn -0.7149464 -0.0064879 0.6991491
vn -0.7014789 -0.1882992 0.6873651
vn -0.6645914 -0.3638531 0.6526325
vn -0.6054825 -0.5273337 0.5960790
vn -0.5260699 -0.6732980 0.5195384
vn -0.4289370 -0.7968457 0.4254996
vn -0.3172597 -0.8937755 0.3170359
vn -0.1947151 -0.9607257 0.1977175
vn -0.0653741 -0.9952954 0.0715067
vn -0.2480124 0.9582045 0.1425969
vn -0.4043029 0.8898288 0.2115274
vn -0.5466737 0.7915245 0.2731974
vn -0.6704251 0.6667306 0.3255771
vn -0.7715107 0.5197227 0.3669598
vn -0.8466524 0.3554661 0.3960096
vn -0.8934311 0.1794532 0.4117978
vn -0.9103522 -0.0024693 0.4138269
vn -0.8968847 -0.1842806 0.4020428
vn -0.8534739 -0.3599687 0.3768353
vn -0.7815280 -0.5237132 0.3390257
vn -0.6833785 -0.6700629 0.2898440
vn -0.5622151 -0.7941048 0.2308933
vn -0.4219962 -0.8916215 0.1641046
vn -0.2673354 -0.9592322 0.0916809
vn -0.1033666 -0.9945141 0.0160318
vn -0.2648142 0.9611756 0.0775555
vn -0.4364184 0.8955078 0.0872051
vn -0.5929922 0.7997151 0.0938936
vn -0.7293659 0.6771531 0.0974115
vn -0.8410787 0.5320245 0.0976552
vn -0.9245066 0.3692331 0.0946283
vn -0.9769623 0.1942241 0.0884402
vn -0.9967683 0.0128117 0.0793017
vn -0.9833008 -0.1689996 0.0675176
vn -0.9370051 -0.3451978 0.0534777
vn -0.8593822 -0.5099462 0.0376445
vn -0.7529465 -0.6577612 0.0205395
vn -0.6211559 -0.7836823 0.0027277
vn -0.4683148 -0.8834310 -0.0151992
vn -0.2994509 -0.9535532 -0.0326414
vn -0.1201684 -0.9915430 -0.0490096
vn -0.2583987 0.9659781 0.0107926
vn -0.4241556 0.9046874 -0.0404078
vn -0.5753062 0.8129543 -0.0901561
vn -0.7068603 0.6940001 -0.1367932
vn -0.8145152 0.5519091 -0.1787773
vn -0.8947791 0.3914861 -0.2147300
vn -0.9450672 0.2180998 -0.2434760
vn -0.9637716 0.0375120 -0.2640778
vn -0.9503041 -0.1442993 -0.2758619
vn -0.9051100 -0.3213221 -0.2784385
vn -0.8296547 -0.4876932 -0.2717138
vn -0.7263830 -0.6378766 -0.2558931
vn -0.5986502 -0.7668353 -0.2314769
vn -0.4506287 -0.8701917 -0.1992489
vn -0.2871881 -0.9443736 -0.1602544
vn -0.1137529 -0.9867406 -0.1157725
vn -0.2295397 0.9720326 -0.0496392
vn -0.3689935 0.9162603 -0.1559193
vn -0.4957487 0.8296454 -0.2567525
vn -0.6056227 0.7152397 -0.3487885
vn -0.6950242 0.5769781 -0.4289960
vn -0.7610556 0.4195412 -0.4947521
vn -0.8015927 0.2482005 -0.5439170
vn -0.8153420 0.0686523 -0.5748950
vn -0.8018745 -0.1131589 -0.5866790
vn -0.7616355 -0.2912214 -0.5788795
vn -0.6959312 -0.4596382 -0.5517359
vn -0.6068919 -0.6128075 -0.5061118
vn -0.4974127 -0.7455958 -0.4434722
vn -0.3710712 -0.8535007 -0.3658453
vn -0.2320260 -0.9328007 -0.2757659
vn -0.0848939 -0.9806860 -0.1762043
vn -0.1817181 0.9786091 -0.0964510
vn -0.2775854 0.9288308 -0.2453971
vn -0.3639155 0.8477751 -0.3858016
vn -0.4378639 0.7383099 -0.5130046
vn -0.4970180 0.6042080 -0.6228209
vn -0.5394650 0.4500143 -0.7116633
vn -0.5638440 0.2808958 -0.7766450
vn -0.5693824 0.1024767 -0.8156606
vn -0.5559149 -0.0793345 -0.8274447
vn -0.5238868 -0.2585261 -0.8116076
vn -0.4743406 -0.4291650 -0.7686471
vn -0.4088857 -0.5855777 -0.6999366
vn -0.3296539 -0.7225255 -0.6076884
vn -0.2392381 -0.8353710 -0.4948944
vn -0.1406180 -0.9202302 -0.3652436
vn -0.0370722 -0.9741096 -0.2230161
vn -0.1207017 0.9849142 -0.1239966
vn -0.1609567 0.9408825 -0.2980486
vn -0.1957078 0.8651567 -0.4617383
vn -0.2238182 0.7604282 -0.6096346
vn -0.2443792 0.6303143 -0.7368736
vn -0.2567344 0.4792302 -0.8393008
vn -0.2604971 0.3122420 -0.9135897
vn -0.2555590 0.1349055 -0.9573349
vn -0.2420915 -0.0469057 -0.9691190
vn -0.2205399 -0.2271799 -0.9485523
vn -0.1916100 -0.3999492 -0.8962847
vn -0.1562469 -0.5594714 -0.8139894
vn -0.1156082 -0.7004072 -0.7043184
vn -0.0710303 -0.8179893 -0.5708311
vn -0.0239892 -0.9081785 -0.4178952
vn 0.0239441 -0.9678045 -0.2505617
vn -0.0538502 0.9901874 -0.1289535
vn -0.0331743 0.9509620 -0.3075235
vn -0.0114138 0.8796938 -0.4754035
vn 0.0106974 0.7789268 -0.6270236
vn 0.0324204 0.6521482 -0.7573979
vn 0.0530346 0.5036647 -0.8622698
vn 0.0718598 0.3384583 -0.9382335
vn 0.0882764 0.1620272 -0.9828298
vn 0.1017439 -0.0197840 -0.9946139
vn 0.1118170 -0.2009636 -0.9731961
vn 0.1181590 -0.3755146 -0.9192536
vn 0.1205527 -0.5376374 -0.8345137
vn 0.1189075 -0.6819086 -0.7217074
vn 0.1132637 -0.8034522 -0.5844963
vn 0.1037932 -0.8980990 -0.4273701
vn 0.0907956 -0.9625312 -0.2555186
vn 0.0107733 0.9937928 -0.1107240
vn 0.0903492 0.9578535 -0.2726789
vn 0.1667380 0.8896330 -0.4251488
vn 0.2373970 0.7915745 -0.5630742
vn 0.2999946 0.6670763 -0.6819182
vn 0.3524794 0.5203709 -0.7777997
vn 0.3931397 0.3563826 -0.8476040
vn 0.4206522 0.1805707 -0.8890703
vn 0.4341197 -0.0012406 -0.9008543
vn 0.4330969 -0.1830392 -0.8825666
vn 0.4176038 -0.3588084 -0.8347835
vn 0.3881268 -0.5227093 -0.7590339
vn 0.3456070 -0.6692610 -0.6577580
vn 0.2914154 -0.7935130 -0.5342416
vn 0.2273167 -0.8912076 -0.3925254
vn 0.1554191 -0.9589259 -0.2372891
vn 0.0653741 0.9952954 -0.0715067
vn 0.1947151 0.9607257 -0.1977175
vn 0.3172597 0.8937755 -0.3170359
vn 0.4289370 0.7968457 -0.4254996
vn 0.5260699 0.6732980 -0.5195384
vn 0.6054825 0.5273337 -0.5960790
vn 0.6645914 0.3638531 -0.6526325
vn 0.7014789 0.1882992 -0.6873651
vn 0.7149464 0.0064879 -0.6991491
vn 0.7045486 -0.1755688 -0.6875950
vn 0.6706069 -0.3518457 -0.6530628
vn 0.6142022 -0.5164876 -0.5966542
vn 0.5371471 -0.6639897 -0.5201834
vn 0.4419371 -0.7893706 -0.4261287
vn 0.3316826 -0.8883354 -0.3175641
vn 0.2100199 -0.9574232 -0.1980718
vn 0.1033666 0.9945141 -0.0160318
vn 0.2673354 0.9592322 -0.0916809
vn 0.4219962 0.8916215 -0.1641046
vn 0.5622151 0.7941048 -0.2308933
vn 0.6833785 0.6700629 -0.2898440
vn 0.7815280 0.5237132 -0.3390257
vn 0.8534739 0.3599687 -0.3768353
vn 0.8968847 0.1842806 -0.4020428
vn 0.9103522 0.0024693 -0.4138269
vn 0.8934311 -0.1794532 -0.4117978
vn 0.8466524 -0.3554661 -0.3960096
vn 0.7715107 -0.5197227 -0.3669598
vn 0.6704251 -0.6667306 -0.3255771
vn 0.5466737 -0.7915245 -0.2731974
vn 0.4043029 -0.8898288 -0.2115274
vn 0.2480124 -0.9582045 -0.1425969
f 2//2 1//1 19//19
f 2//2 19//19 3//3
f 3//3 19//19 20//20
f 3//3 20//20 4//4
f 4//4 20//20 21//21
f 4//4 21//21 5//5
f 5//5 21//21 22//22
f 5//5 22//22 6//6
f 6//6 22//22 23//23
f 6//6 23//23 7//7
f 7//7 23//23 24//24
f 7//7 24//24 8//8
f 8//8 24//24 25//25
f 8//8 25//25 9//9
f 9//9 25//25 26//26
f 9//9 26//26 10//10
f 10//10 26//26 27//27
f 10//10 27//27 11//11
f 11//11 27//27 28//28
f 11//11 28//28 12//12
f 12//12 28//28 29//29
f 12//12 29//29 13//13
f 13//13 29//29 30//30
f 13//13 30//30 14//14
f 14//14 30//30 31//31
f 14//14 31//31 15//15
f 15//15 31//31 32//32
f 15//15 32//32 16//16
f 16//16 32//32 33//33
f 16//16 33//33 17//17
f 17//17 33//33 34//34
f 17//17 34//34 18//18
f 19//19 1//1 35//35
f 19//19 35//35 20//20
f 20//20 35//35 36//36
f 20//20 36//36 21//21
f 21//21 36//36 37//37
f 21//21 37//37 22//22
f 22//22 37//37 38//38
f 22//22 38//38 23//23
f 23//23 38//38 39//39
f 23//23 39//39 24//24
f 24//24 39//39 40//40
f 24//24 40//40 25//25
f 25//25 40//40 41//41
f 25//25 41//41 26//26
f 26//26 41//41 42//42
f 26//26 42//42 27//27
f 27//27 42//42 43//43
f 27//27 43//43 28//28
f 28//28 43//43 44//44
f 28//28 44//44 29//29
f 29//29 44//44 45//45
f 29//29 45//45 30//30
f 30//30 45//45 46//46
f 30//30 46//46 31//31
f 31//31 46//46 47//47
f 31//31 47//47 32//32
f 32//32 47//47 48//48
f 32//32 48//48 33//33
f 33//33 48//48 49//49
f 33//33 49//49 34//34
f 34//34 49//49 50//50
f 34//34 50//50 18//18
f 35//35 1//1 51//51
f 35//35 51//51 36//36
f 36//36 51//51 52//52
f 36//36 52//52 37//37
f 37//37 52//52 53//53
f 37//37 53//53 38//38
f 38//38 53//53 54//54
f 38//38 54//54 39//39
f 39//39 54//54 55//55
f 39//39 55//55 40//40
f 40//40 55//55 56//56
f 40//40 56//56 41//41
f 41//41 56//56 57//57
f 41//41 57//57 42//42
f 42//42 57//57 58//58
f 42//42 58//58 43//43
f 43//43 58//58 59//59
f 43//43 59//59 44//44
f 44//44 59//59 60//60
f 44//44 60//60 45//45
f 45//45 60//60 61//61
f 45//45 61//61 46//46
f 46//46 61//61 62//62
f 46//46 62//62 47//47
f 47//47 62//62 63//63
f 47//47 63//63 48//48
f 48//48 63//63 64//64
f 48//48 64//64 49//49
f 49//49 64//64 65//65
f 49//49 65//65 50//50
f 50//50 65//65 66//66
f 50//50 66//66 18//18
f 51//51 1//1 67//67
f 51//51 67//67 52//52
f 52//52 67//67 68//68
f 52//52 68//68 53//53
f 53//53 68//68 69//69
f 53//53 69//69 54//54
f 54//54 69//69 70//70
f 54//54 70//70 55//55
f 55//55 70//70 71//71
f 55//55 71//71 56//56
f 56//56 71//71 72//72
f 56//56 72//72 57//57
f 57//57 72//72 73//73
f 57//57 73//73 58//58
f 58//58 73//73 74//74
f 58//58 74//74 59//59
f 59//59 74//74 75//75
f 59//59 75//75 60//60
f 60//60 75//75 76//76
f 60//60 76//76 61//61
f 61//61 76//76 77//77
f 61//61 77//77 62//62
f 62//62 77//77 78//78
f 62//62 78//78 63//63
f 63//63 78//78 79//79
f 63//63 79//79 64//64
f 64//64 79//79 80//80
f 64//64 80//80 65//65
f 65//65 80//80 81//81
f 65//65 81//81 66//66
f 66//66 81//81 82//82
f 66//66 82//82 18//18
f 67//67 1//1 83//83
f 67//67 83//83 68//68
f 68//68 83//83 84//84
f 68//68 84//84 69//69
f 69//69 84//84 85//85
f 69//69 85//85 70//70
f 70//70 85//85 86//86
f 70//70 86//86 71//71
f 71//71 86//86 87//87
f 71//71 87//87 72//72
f 72//72 87//87 88//88
f 72//72 88//88 73//73
f 73//73 88//88 89//89
f 73//73 89//89 74//74
f 74//74 89//89 90//90
f 74//74 90//90 75//75
f 75//75 90//90 91//91
f 75//75 91//91 76//76
f 76//76 91//91 92//92
f 76//76 92//92 77//77
f 77//77 92//92 93//93
f 77//77 93//93 78//78
f 78//78 93//93 94//94
f 78//78 94//94 79//79
f 79//79 94//94 95//95
f 79//79 95//95 80//80
f 80//80 95//95 96//96
f 80//80 96//96 81//81
f 81//81 96//96 97//97
f 81//81 97//97 82//82
f 82//82 97//97 98//98
f 82//82 98//98 18//18
f 83//83 1//1 99//99
f 83//83 99//99 84//84
f 84//84 99//99 100//100
f 84//84 100//100 85//85
f 85//85 100//100 101//101
f 85//85 101//101 86//86
f 86//86 101//101 102//102
f 86//86 102//102 87//87
f 87//87 102//102 103//103
f 87//87 103//103 88//88
f 88//88 103//103 104//104
f 88//88 104//104 89//89
f 89//89 104//104 105//105
f 89//89 105//105 90//90
f 90//90 105//105 106//106
f 90//90 106//106 91//91
f 91//91 106//106 107//107
f 91//91 107//107 92//92
f 92//92 107//107 108//108
f 92//92 108//108 93//93
f 93//93 108//108 109//109
f 93//93 109//109 94//94
f 94//94 109//109 110//110
f 94//94 110//110 95//95
f 95//95 110//110 111//111
f 95//95 111//111 96//96
f 96//96 111//111 112//112
f 96//96 112//112 97//97
f 97//97 112//112 113//113
f 97//97 113//113 98//98
f 98//98 113//113 114//114
f 98//98 114//114 18//18
f 99//99 1//1 115//115
f 99//99 115//115 100//100
f 100//100 115//115 116//116
f 100//100 116//116 101//101
f 101//101 116//116 117//117
f 101//101 117//117 102//102
f 102//102 117//117 118//118
f 102//102 118//118 103//103
f 103//103 118//118 119//119
f 103//103 119//119 104//104
f 104//104 119//119 120//120
f 104//104 120//120 105//105
f 105//105 120//120 121//121
f 105//105 121//121 106//106
f 106//106 121//121 122//122
f 106//106 122//122 107//107
f 107//107 122//122 123//123
f 107//107 123//123 108//108
f 108//108 123//123 124//124
f 108//108 124//124 109//109
f 109//109 124//124 125//125
f 109//109 125//125 110//110
f 110//110 125//125 126//126
f 110//110 126//126 111//111
f 111//111 126//126 127//127
f 111//111 127//127 112//112
f 112//112 127//127 128//128
f 112//112 128//128 113//113
f 113//113 128//128 129//129
f 113//113 129//129 114//114
f 114//114 129//129 130//130
f 114//114 130//130 18//18
f 115//115 1//1 131//131
f 115//115 131//131 116//116
f 116//116 131//131 132//132
f 116//116 132//132 117//117
f 117//117 132//132 133//133
f 117//117 133//133 118//118
f 118//118 133//133 134//134
f 118//118 134//134 119//119
f 119//119 134//134 135//135
f 119//119 135//135 120//120
f 120//120 135//135 136//136
f 120//120 136//136 121//121
f 121//121 136//136 137//137
f 121//121 137//137 122//122
f 122//122 137//137 138//138
f 122//122 138//138 123//123
f 123//123 138//138 139//139
f 123//123 139//139 124//124
f 124//124 139//139 140//140
f 124//124 140//140 125//125
f 125//125 140//140 141//141
f 125//125 141//141 126//126
f 126//126 141//141 142//142
f 126//126 142//142 127//127
f 127//127 142//142 143//143
f 127//127 143//143 128//128
f 128//128 143//143 144//144
f 128//128 144//144 129//129
f 129//129 144//144 145//145
f 129//129 145//145 130//130
f 130//130 145//145 146//146
f 130//130 146//146 18//18
f 131//131 1//1 147//147
f 131//131 147//147 132//132
f 132//132 147//147 148//148
f 132//132 148//148 133//133
f 133//133 148//148 149//149
f 133//133 149//149 134//134
f 134//134 149//149 150//150
f 134//134 150//150 135//135
f 135//135 150//150 151//151
f 135//135 151//151 136//136
f 136//136 151//151 152//152
f 136//136 152//152 137//137
f 137//137 152//152 153//153
f 137//137 153//153 138//138
f 138//138 153//153 154//154
f 138//138 154//154 139//139
f 139//139 154//154 155//155
f 139//139 155//155 140//140
f 140//140 155//155 156//156
f 140//140 156//156 141//141
f 141//141 156//156 157//157
f 141//141 157//157 142//142
f 142//142 157//157 158//158
f 142//142 158//158 143//143
f 143//143 158//158 159//159
f 143//143 159//159 144//144
f 144//144 159//159 160//160
f 144//144 160//160 145//145
f 145//145 160//160 161//161
f 145//145 161//161 146//146
f 146//146 161//161 162//162
f 146//146 162//162 18//18
f 147//147 1//1 163//163
f 147//147 163//163 148//148
f 148//148 163//163 164//164
f 148//148 164//164 149//149
f 149//149 164//164 165//165
f 149//149 165//165 150//150
f 150//150 165//165 166//166
f 150//150 166//166 151//151
f 151//151 166//166 167//167
f 151//151 167//167 152//152
f 152//152 167//167 168//168
f 152//152 168//168 153//153
f 153//153 168//168 169//169
f 153//153 169//169 154//154
f 154//154 169//169 170//170
f 154//154 170//170 155//155
f 155//155 170//170 171//171
f 155//155 171//171 156//156
f 156//156 171//171 172//172
f 156//156 172//172 157//157
f 157//157 172//172 173//173
f 157//157 173//173 158//158
f 158//158 173//173 174//174
f 158//158 174//174 159//159
f 159//159 174//174 175//175
f 159//159 175//175 160//160
f 160//160 175//175 176//176
f 160//160 176//176 161//161
f 161//161 176//176 177//177
f 161//161 177//177 162//162
f 162//162 177//177 178//178
f 162//162 178//178 18//18
f 163//163 1//1 179//179
f 163//163 179//179 164//164
f 164//164 179//179 180//180
f 164//164 180//180 165//165
f 165//165 180//180 181//181
f 165//165 181//181 166//166
f 166//166 181//181 182//182
f 166//166 182//182 167//167
f 167//167 182//182 183//183
f 167//167 183//183 168//168
f 168//168 183//183 184//184
f 168//168 184//184 169//169
f 169//169 184//184 185//185
f 169//169 185//185 170//170
f 170//170 185//185 186//186
f 170//170 186//186 171//171
f 171//171 186//186 187//187
f 171//171 187//187 172//172
f 172//172 187//187 188//188
f 172//172 188//188 173//173
f 173//173 188//188 189//189
f 173//173 189//189 174//174
f 174//174 189//189 190//190
f 174//174 190//190 175//175
f 175//175 190//190 191//191
f 175//175 191//191 176//176
f 176//176 191//191 192//192
f 176//176 192//192 177//177
f 177//177 192//192 193//193
f 177//177 193//193 178//178
f 178//178 193//193 194//194
f 178//178 194//194 18//18
f 179//179 1//1 195//195
f 179//179 195//195 180//180
f 180//180 195//195 196//196
f 180//180 196//196 181//181
f 181//181 196//196 197//197
f 181//181 197//197 182//182
f 182//182 197//197 198//198
f 182//182 198//198 183//183
f 183//183 198//198 199//199
f 183//183 199//199 184//184
f 184//184 199//199 200//200
f 184//184 200//200 185//185
f 185//185 200//200 201//201
f 185//185 201//201 186//186
f 186//186 201//201 202//202
f 186//186 202//202 187//187
f 187//187 202//202 203//203
f 187//187 203//203 188//188
f 188//188 203//203 204//204
f 188//188 204//204 189//189
f 189//189 204//204 205//205
f 189//189 205//205 190//190
f 190//190 205//205 206//206
f 190//190 206//206 191//191
f 191//191 206//206 207//207
f 191//191 207//207 192//192
f 192//192 207//207 208//208
f 192//192 208//208 193//193
f 193//193 208//208 209//209
f 193//193 209//209 194//194
f 194//194 209//209 210//210
f 194//194 210//210 18//18
f 195//195 1//1 211//211
f 195//195 211//211 196//196
f 196//196 211//211 212//212
f 196//196 212//212 197//197
f 197//197 212//212 213//213
f 197//197 213//213 198//198
f 198//198 213//213 214//214
f 198//198 214//214 199//199
f 199//199 214//214 215//215
f 199//199 215//215 200//200
f 200//200 215//215 216//216
f 200//200 216//216 201//201
f 201//201 216//216 217//217
f 201//201 217//217 202//202
f 202//202 217//217 218//218
f 202//202 218//218 203//203
f 203//203 218//218 219//219
f 203//203 219//219 204//204
f 204//204 219//219 220//220
f 204//204 220//220 205//205
f 205//205 220//220 221//221
f 205//205 221//221 206//206
f 206//206 221//221 222//222
f 206//206 222//222 207//207
f 207//207 222//222 223//223
f 207//207 223//223 208//208
f 208//208 223//223 224//224
f 208//208 224//224 209//209
f 209//209 224//224 225//225
f 209//209 225//225 210//210
f 210//210 225//225 226//226
f 210//210 226//226 18//18
f 211//211 1//1 227//227
f 211//211 227//227 212//212
f 212//212 227//227 228//228
f 212//212 228//228 213//213
f 213//213 228//228 229//229
f 213//213 229//229 214//214
f 214//214 229//229 230//230
f 214//214 230//230 215//215
f 215//215 230//230 231//231
f 215//215 231//231 216//216
f 216//216 231//231 232//232
f 216//216 232//232 217//217
f 217//217 232//232 233//233
f 217//217 233//233 218//218
f 218//218 233//233 234//234
f 218//218 234//234 219//219
f 219//219 234//234 235//235
f 219//219 235//235 220//220
f 220//220 235//235 236//236
f 220//220 236//236 221//221
f 221//221 236//236 237//237
f 221//221 237//237 222//222
f 222//222 237//237 238//238
f 222//222 238//238 223//223
f 223//223 238//238 239//239
f 223//223 239//239 224//224
f 224//224 239//239 240//240
f 224//224 240//240 225//225
f 225//225 240//240 241//241
f 225//225 241//241 226//226
f 226//226 241//241 242//242
f 226//226 242//242 18//18
f 227//227 1//1 243//243
f 227//227 243//243 228//228
f 228//228 243//243 244//244
f 228//228 244//244 229//229
f 229//229 244//244 245//245
f 229//229 245//245 230//230
f 230//230 245//245 246//246
f 230//230 246//246 231//231
f 231//231 246//246 247//247
f 231//231 247//247 232//232
f 232//232 247//247 248//248
f 232//232 248//248 233//233
f 233//233 248//248 249//249
f 233//233 249//249 234//234
f 234//234 249//249 250//250
f 234//234 250//250 235//235
f 235//235 250//250 251//251
f 235//235 251//251 236//236
f 236//236 251//251 252//252
f 236//236 252//252 237//237
f 237//237 252//252 253//253
f 237//237 253//253 238//238
f 238//238 253//253 254//254
f 238//238 254//254 239//239
f 239//239 254//254 255//255
f 239//239 255//255 240//240
f 240//240 255//255 256//256
f 240//240 256//256 241//241
f 241//241 256//256 257//257
f 241//241 257//257 242//242
f 242//242 257//257 258//258
f 242//242 258//258 18//18
f 243//243 1//1 259//259
f 243//243 259//259 244//244
f 244//244 259//259 260//260
f 244//244 260//260 245//245
f 245//245 260//260 261//261
f 245//245 261//261 246//246
f 246//246 261//261 262//262
f 246//246 262//262 247//247
f 247//247 262//262 263//263
f 247//247 263//263 248//248
f 248//248 263//263 264//264
f 248//248 264//264 249//249
f 249//249 264//264 265//265
f 249//249 265//265 250//250
f 250//250 265//265 266//266
f 250//250 266//266 251//251
f 251//251 266//266 267//267
f 251//251 267//267 252//252
f 252//252 267//267 268//268
f 252//252 268//268 253//253
f 253//253 268//268 269//269
f 253//253 269//269 254//254
f 254//254 269//269 270//270
f 254//254 270//270 255//255
f 255//255 270//270 271//271
f 255//255 271//271 256//256
f 256//256 271//271 272//272
f 256//256 272//272 257//257
f 257//257 272//272 273//273
f 257//257 273//273 258//258
f 258//258 273//273 274//274
f 258//258 274//274 18//18
f 259//259 1//1 275//275
f 259//259 275//275 260//260
f 260//260 275//275 276//276
f 260//260 276//276 261//261
f 261//261 276//276 277//277
f 261//261 277//277 262//262
f 262//262 277//277 278//278
f 262//262 278//278 263//263
f 263//263 278//278 279//279
f 263//263 279//279 264//264
f 264//264 279//279 280//280
f 264//264 280//280 265//265
f 265//265 280//280 281//281
f 265//265 281//281 266//266
f 266//266 281//281 282//282
f 266//266 282//282 267//267
f 267//267 282//282 283//283
f 267//267 283//283 268//268
f 268//268 283//283 284//284
f 268//268 284//284 269//269
f 269//269 284//284 285//285
f 269//269 285//285 270//270
f 270//270 285//285 286//286
f 270//270 286//286 271//271
f 271//271 286//286 287//287
f 271//271 287//287 272//272
f 272//272 287//287 288//288
f 272//272 288//288 273//273
f 273//273 288//288 289//289
f 273//273 289//289 274//274
f 274//274 289//289 290//290
f 274//274 290//290 18//18
f 275//275 1//1 2//2
f 275//275 2//2 276//276
f 276//276 2//2 3//3
f 276//276 3//3 277//277
f 277//277 3//3 4//4
f 277//277 4//4 278//278
f 278//278 4//4 5//5
f 278//278 5//5 279//279
f 279//279 5//5 6//6
f 279//279 6//6 280//280
f 280//280 6//6 7//7
f 280//280 7//7 281//281
f 281//281 7//7 8//8
f 281//281 8//8 282//282
f 282//282 8//8 9//9
f 282//282 9//9 283//283
f 283//283 9//9 10//10
f 283//283 10//10 284//284
f 284//284 10//10 11//11
f 284//284 11//11 285//285
f 285//285 11//11 12//12
f 285//285 12//12 286//286
f 286//286 12//12 13//13
f 286//286 13//13 287//287
f 287//287 13//13 14//14
f 287//287 14//14 288//288
f 288//288 14//14 15//15
f 288//288 15//15 289//289
f 289//289 15//15 16//16
f 289//289 16//16 290//290
f 290//290 16//16 17//17
f 290//290 17//17 18//18
f 292//292 291//291 309//309
f 292//292 309//309 293//293
f 293//293 309//309 310//310
f 293//293 310//310 294//294
f 294//294 310//310 311//311
f 294//294 311//311 295//295
f 295//295 311//311 312//312
f 295//295 312//312 296//296
f 296//296 312//312 313//313
f 296//296 313//313 297//297
f 297//297 313//313 314//314
f 297//297 314//314 298//298
f 298//298 314//314 315//315
f 298//298 315//315 299//299
f 299//299 315//315 316//316
f 299//299 316//316 300//300
f 300//300 316//316 317//317
f 300//300 317//317 301//301
f 301//301 317//317 318//318
f 301//301 318//318 302//302
f 302//302 318//318 319//319
f 302//302 319//319 303//303
f 303//303 319//319 320//320
f 303//303 320//320 304//304
f 304//304 320//320 321//321
f 304//304 321//321 305//305
f 305//305 321//321 322//322
f 305//305 322//322 306//306
f 306//306 322//322 323//323
f 306//306 323//323 307//307
f 307//307 323//323 324//324
f 307//307 324//324 308//308
f 309//309 291//291 325//325
f 309//309 325//325 310//310
f 310//310 325//325 326//326
f 310//310 326//326 311//311
f 311//311 326//326 327//327
f 311//311 327//327 312//312
f 312//312 327//327 328//328
f 312//312 328//328 313//313
f 313//313 328//328 329//329
f 313//313 329//329 314//314
f 314//314 329//329 330//330
f 314//314 330//330 315//315
f 315//315 330//330 331//331
f 315//315 331//331 316//316
f 316//316 331//331 332//332
f 316//316 332//332 317//317
f 317//317 332//332 333//333
f 317//317 333//333 318//318
f 318//318 333//333 334//334
f 318//318 334//334 319//319
f 319//319 334//334 335//335
f 319//319 335//335 320//320
f 320//320 335//335 336//336
f 320//320 336//336 321//321
f 321//321 336//336 337//337
f 321//321 337//337 322//322
f 322//322 337//337 338//338
f 322//322 338//338 323//323
f 323//323 338//338 339//339
f 323//323 339//339 324//324
f 324//324 339//339 340//340
f 324//324 340//340 308//308
f 325//325 291//291 341//341
f 325//325 341//341 326//326
f 326//326 341//341 342//342
f 326//326 342//342 327//327
f 327//327 342//342 343//343
f 327//327 343//343 328//328
f 328//328 343//343 344//344
f 328//328 344//344 329//329
f 329//329 344//344 345//345
f 329//329 345//345 330//330
f 330//330 345//345 346//346
f 330//330 346//346 331//331
f 331//331 346//346 347//347
f 331//331 347//347 332//332
f 332//332 347//347 348//348
f 332//332 348//348 333//333
f 333//333 348//348 349//349
f 333//333 349//349 334//334
f 334//334 349//349 350//350
f 334//334 350//350 335//335
f 335//335 350//350 351//351
f 335//335 351//351 336//336
f 336//336 351//351 352//352
f 336//336 352//352 337//337
f 337//337 352//352 353//353
f 337//337 353//353 338//338
f 338//338 353//353 354//354
f 338//338 354//354 339//339
f 339//339 354//354 355//355
f 339//339 355//355 340//340
f 340//340 355//355 356//356
f 340//340 356//356 308//308
f 341//341 291//291 357//357
f 341//341 357//357 342//342
f 342//342 357//357 358//358
f 342//342 358//358 343//343
f 343//343 358//358 359//359
f 343//343 359//359 344//344
f 344//344 359//359 360//360
f 344//344 360//360 345//345
f 345//345 360//360 361//361
f 345//345 361//361 346//346
f 346//346 361//361 362//362
f 346//346 362//362 347//347
f 347//347 362//362 363//363
f 347//347 363//363 348//348
f 348//348 363//363 364//364
f 348//348 364//364 349//349
f 349//349 364//364 365//365
f 349//349 365//365 350//350
f 350//350 365//365 366//366
f 350//350 366//366 351//351
f 351//351 366//366 367//367
f 351//351 367//367 352//352
f 352//352 367//367 368//368
f 352//352 368//368 353//353
f 353//353 368//368 369//369
f 353//353 369//369 354//354
f 354//354 369//369 370//370
f 354//354 370//370 355//355
f 355//355 370//370 371//371
f 355//355 371//371 356//356
f 356//356 371//371 372//372
f 356//356 372//372 308//308
f 357//357 291//291 373//373
f 357//357 373//373 358//358
f 358//358 373//373 374//374
f 358//358 374//374 359//359
f 359//359 374//374 375//375
f 359//359 375//375 360//360
f 360//360 375//375 376//376
f 360//360 376//376 361//361
f 361//361 376//376 377//377
f 361//361 377//377 362//362
f 362//362 377//377 378//378
f 362//362 378//378 363//363
f 363//363 378//378 379//379
f 363//363 379//379 364//364
f 364//364 379//379 380//380
f 364//364 380//380 365//365
f 365//365 380//380 381//381
f 365//365 381//381 366//366
f 366//366 381//381 382//382
f 366//366 382//382 367//367
f 367//367 382//382 383//383
f 367//367 383//383 368//368
f 368//368 383//383 384//384
f 368//368 384//384 369//369
f 369//369 384//384 385//385
f 369//369 385//385 370//370
f 370//370 385//385 386//386
f 370//370 386//386 371//371
f 371//371 386//386 387//387
f 371//371 387//387 372//372
f 372//372 387//387 388//388
f 372//372 388//388 308//308
f 373//373 291//291 389//389
f 373//373 389//389 374//374
f 374//374 389//389 390//390
f 374//374 390//390 375//375
f 375//375 390//390 391//391
f 375//375 391//391 376//376
f 376//376 391//391 392//392
f 376//376 392//392 377//377
f 377//377 392//392 393//393
f 377//377 393//393 378//378
f 378//378 393//393 394//394
f 378//378 394//394 379//379
f 379//379 394//394 395//395
f 379//379 395//395 380//380
f 380//380 395//395 396//396
f 380//380 396//396 381//381
f 381//381 396//396 397//397
f 381//381 397//397 382//382
f 382//382 397//397 398//398
f 382//382 398//398 383//383
f 383//383 398//398 399//399
f 383//383 399//399 384//384
f 384//384 399//399 400//400
f 384//384 400//400 385//385
f 385//385 400//400 401//401
f 385//385 401//401 386//386
f 386//386 401//401 402//402
f 386//386 402//402 387//387
f 387//387 402//402 403//403
f 387//387 403//403 388//388
f 388//388 403//403 404//404
f 388//388 404//404 308//308
f 389//389 291//291 405//405
f 389//389 405//405 390//390
f 390//390 405//405 406//406
f 390//390 406//406 391//391
f 391//391 406//406 407//407
f 391//391 407//407 392//392
f 392//392 407//407 408//408
f 392//392 408//408 393//393
f 393//393 408//408 409//409
f 393//393 409//409 394//394
f 394//394 409//409 410//410
f 394//394 410//410 395//395
f 395//395 410//410 411//411
f 395//395 411//411 396//396
f 396//396 411//411 412//412
f 396//396 412//412 397//397
f 397//397 412//412 413//413
f 397//397 413//413 398//398
f 398//398 413//413 414//414
f 398//398 414//414 399//399
f 399//399 414//414 415//415
f 399//399 415//415 400//400
f 400//400 415//415 416//416
f 400//400 416//416 401//401
f 401//401 416//416 417//417
f 401//401 417//417 402//402
f 402//402 417//417 418//418
f 402//402 418//418 403//403
f 403//403 418//418 419//419
f 403//403 419//419 404//404
f 404//404 419//419 420//420
f 404//404 420//420 308//308
f 405//405 291//291 421//421
f 405//405 421//421 406//406
f 406//406 421//421 422//422
f 406//406 422//422 407//407
f 407//407 422//422 423//423
f 407//407 423//423 408//408
f 408//408 423//423 424//424
f 408//408 424//424 409//409
f 409//409 424//424 425//425
f 409//409 425//425 410//410
f 410//410 425//425 426//426
f 410//410 426//426 411//411
f 411//411 426//426 427//427
f 411//411 427//427 412//412
f 412//412 427//427 428//428
f 412//412 428//428 413//413
f 413//413 428//428 429//429
f 413//413 429//429 414//414
f 414//414 429//429 430//430
f 414//414 430//430 415//415
f 415//415 430//430 431//431
f 415//415 431//431 416//416
f 416//416 431//431 432//432
f 416//416 432//432 417//417
f 417//417 432//432 433//433
f 417//417 433//433 418//418
f 418//418 433//433 434//434
f 418//418 434//434 419//419
f 419//419 434//434 435//435
f 419//419 435//435 420//420
f 420//420 435//435 436//436
f 420//420 436//436 308//308
f 421//421 291//291 437//437
f 421//421 437//437 422//422
f 422//422 437//437 438//438
f 422//422 438//438 423//423
f 423//423 438//438 439//439
f 423//423 439//439 424//424
f 424//424 439//439 440//440
f 424//424 440//440 425//425
f 425//425 440//440 441//441
f 425//425 441//441 426//426
f 426//426 441//441 442//442
f 426//426 442//442 427//427
f 427//427 442//442 443//443
f 427//427 443//443 428//428
f 428//428 443//443 444//444
f 428//428 444//444 429//429
f 429//429 444//444 445//445
f 429//429 445//445 430//430
f 430//430 445//445 446//446
f 430//430 446//446 431//431
f 431//431 446//446 447//447
f 431//431 447//447 432//432
f 432//432 447//447 448//448
f 432//432 448//448 433//433
f 433//433 448//448 449//449
f 433//433 449//449 434//434
f 434//434 449//449 450//450
f 434//434 450//450 435//435
f 435//435 450//450 451//451
f 435//435 451//451 436//436
f 436//436 451//451 452//452
f 436//436 452//452 308//308
f 437//437 291//291 453//453
f 437//437 453//453 438//438
f 438//438 453//453 454//454
f 438//438 454//454 439//439
f 439//439 454//454 455//455
f 439//439 455//455 440//440
f 440//440 455//455 456//456
f 440//440 456//456 441//441
f 441//441 456//456 457//457
f 441//441 457//457 442//442
f 442//442 457//457 458//458
f 442//442 458//458 443//443
f 443//443 458//458 459//459
f 443//443 459//459 444//444
f 444//444 459//459 460//460
f 444//444 460//460 445//445
f 445//445 460//460 461//461
f 445//445 461//461 446//446
f 446//446 461//461 462//462
f 446//446 462//462 447//447
f 447//447 462//462 463//463
f 447//447 463//463 448//448
f 448//448 463//463 464//464
f 448//448 464//464 449//449
f 449//449 464//464 465//465
f 449//449 465//465 450//450
f 450//450 465//465 466//466
f 450//450 466//466 451//451
f 451//451 466//466 467//467
f 451//451 467//467 452//452
f 452//452 467//467 468//468
f 452//452 468//468 308//308
f 453//453 291//291 469//469
f 453//453 469//469 454//454
f 454//454 469//469 470//470
f 454//454 470//470 455//455
f 455//455 470//470 471//471
f 455//455 471//471 456//456
f 456//456 471//471 472//472
f 456//456 472//472 457//457
f 457//457 472//472 473//473
f 457//457 473//473 458//458
f 458//458 473//473 474//474
f 458//458 474//474 459//459
f 459//459 474//474 475//475
f 459//459 475//475 460//460
f 460//460 475//475 476//476
f 460//460 476//476 461//461
f 461//461 476//476 477//477
f 461//461 477//477 462//462
f 462//462 477//477 478//478
f 462//462 478//478 463//463
f 463//463 478//478 479//479
f 463//463 479//479 464//464
f 464//464 479//479 480//480
f 464//464 480//480 465//465
f 465//465 480//480 481//481
f 465//465 481//481 466//466
f 466//466 481//481 482//482
f 466//466 482//482 467//467
f 467//467 482//482 483//483
f 467//467 483//483 468//468
f 468//468 483//483 484//484
f 468//468 484//484 308//308
f 469//469 291//291 485//485
f 469//469 485//485 470//470
f 470//470 485//485 486//486
f 470//470 486//486 471//471
f 471//471 486//486 487//487
f 471//471 487//487 472//472
f 472//472 487//487 488//488
f 472//472 488//488 473//473
f 473//473 488//488 489//489
f 473//473 489//489 474//474
f 474//474 489//489 490//490
f 474//474 490//490 475//475
f 475//475 490//490 491//491
f 475//475 491//491 476//476
f 476//476 491//491 492//492
f 476//476 492//492 477//477
f 477//477 492//492 493//493
f 477//477 493//493 478//478
f 478//478 493//493 494//494
f 478//478 494//494 479//479
f 479//479 494//494 495//495
f 479//479 495//495 480//480
f 480//480 495//495 496//496
f 480//480 496//496 481//481
f 481//481 496//496 497//497
f 481//481 497//497 482//482
f 482//482 497//497 498//498
f 482//482 498//498 483//483
f 483//483 498//498 499//499
f 483//483 499//499 484//484
f 484//484 499//499 500//500
f 484//484 500//500 308//308
f 485//485 291//291 501//501
f 485//485 501//501 486//486
f 486//486 501//501 502//502
f 486//486 502//502 487//487
f 487//487 502//502 503//503
f 487//487 503//503 488//488
f 488//488 503//503 504//504
f 488//488 504//504 489//489
f 489//489 504//504 505//505
f 489//489 505//505 490//490
f 490//490 505//505 506//506
f 490//490 506//506 491//491
f 491//491 506//506 507//507
f 491//491 507//507 492//492
f 492//492 507//507 508//508
f 492//492 508//508 493//493
f 493//493 508//508 509//509
f 493//493 509//509 494//494
f 494//494 509//509 510//510
f 494//494 510//510 495//495
f 495//495 510//510 511//511
f 495//495 511//511 496//496
f 496//496 511//511 512//512
f 496//496 512//512 497//497
f 497//497 512//512 513//513
f 497//497 513//513 498//498
f 498//498 513//513 514//514
f 498//498 514//514 499//499
f 499//499 514//514 515//515
f 499//499 515//515 500//500
f 500//500 515//515 516//516
f 500//500 516//516 308//308
f 501//501 291//291 517//517
f 501//501 517//517 502//502
f 502//502 517//517 518//518
f 502//502 518//518 503//503
f 503//503 518//518 519//519
f 503//503 519//519 504//504
f 504//504 519//519 520//520
f 504//504 520//520 505//505
f 505//505 520//520 521//521
f 505//505 521//521 506//506
f 506//506 521//521 522//522
f 506//506 522//522 507//507
f 507//507 522//522 523//523
f 507//507 523//523 508//508
f 508//508 523//523 524//524
f 508//508 524//524 509//509
f 509//509 524//524 525//525
f 509//509 525//525 510//510
f 510//510 525//525 526//526
f 510//510 526//526 511//511
f 511//511 526//526 527//527
f 511//511 527//527 512//512
f 512//512 527//527 528//528
f 512//512 528//528 513//513
f 513//513 528//528 529//529
f 513//513 529//529 514//514
f 514//514 529//529 530//530
f 514//514 530//530 515//515
f 515//515 530//530 531//531
f 515//515 531//531 516//516
f 516//516 531//531 532//532
f 516//516 532//532 308//308
f 517//517 291//291 533//533
f 517//517 533//533 518//518
f 518//518 533//533 534//534
f 518//518 534//534 519//519
f 519//519 534//534 535//535
f 519//519 535//535 520//520
f 520//520 535//535 536//536
f 520//520 536//536 521//521
f 521//521 536//536 537//537
f 521//521 537//537 522//522
f 522//522 537//537 538//538
f 522//522 538//538 523//523
f 523//523 538//538 539//539
f 523//523 539//539 524//524
f 524//524 539//539 540//540
f 524//524 540//540 525//525
f 525//525 540//540 541//541
f 525//525 541//541 526//526
f 526//526 541//541 542//542
f 526//526 542//542 527//527
f 527//527 542//542 543//543
f 527//527 543//543 528//528
f 528//528 543//543 544//544
f 528//528 544//544 529//529
f 529//529 544//544 545//545
f 529//529 545//545 530//530
f 530//530 545//545 546//546
f 530//530 546//546 531//531
f 531//531 546//546 547//547
f 531//531 547//547 532//532
f 532//532 547//547 548//548
f 532//532 548//548 308//308
f 533//533 291//291 549//549
f 533//533 549//549 534//534
f 534//534 549//549 550//550
f 534//534 550//550 535//535
f 535//535 550//550 551//551
f 535//535 551//551 536//536
f 536//536 551//551 552//552
f 536//536 552//552 537//537
f 537//537 552//552 553//553
f 537//537 553//553 538//538
f 538//538 553//553 554//554
f 538//538 554//554 539//539
f 539//539 554//554 555//555
f 539//539 555//555 540//540
f 540//540 555//555 556//556
f 540//540 556//556 541//541
f 541//541 556//556 557//557
f 541//541 557//557 542//542
f 542//542 557//557 558//558
f 542//542 558//558 543//543
f 543//543 558//558 559//559
f 543//543 559//559 544//544
f 544//544 559//559 560//560
f 544//544 560//560 545//545
f 545//545 560//560 561//561
f 545//545 561//561 546//546
f 546//546 561//561 562//562
f 546//546 562//562 547//547
f 547//547 562//562 563//563
f 547//547 563//563 548//548
f 548//548 563//563 564//564
f 548//548 564//564 308//308
f 549//549 291//291 565//565
f 549//549 565//565 550//550
f 550//550 565//565 566//566
f 550//550 566//566 551//551
f 551//551 566//566 567//567
f 551//551 567//567 552//552
f 552//552 567//567 568//568
f 552//552 568//568 553//553
f 553//553 568//568 569//569
f 553//553 569//569 554//554
f 554//554 569//569 570//570
f 554//554 570//570 555//555
f 555//555 570//570 571//571
f 555//555 571//571 556//556
f 556//556 571//571 572//572
f 556//556 572//572 557//557
f 557//557 572//572 573//573
f 557//557 573//573 558//558
f 558//558 573//573 574//574
f 558//558 574//574 559//559
f 559//559 574//574 575//575
f 559//559 575//575 560//560
f 560//560 575//575 576//576
f 560//560 576//576 561//561
f 561//561 576//576 577//577
f 561//561 577//577 562//562
f 562//562 577//577 578//578
f 562//562 578//578 563//563
f 563//563 578//578 579//579
f 563//563 579//579 564//564
f 564//564 579//579 580//580
f 564//564 580//580 308//308
f 565//565 291//291 292//292
f 565//565 292//292 566//566
f 566//566 292//292 293//293
f 566//566 293//293 567//567
f 567//567 293//293 294//294
f 567//567 294//294 568//568
f 568//568 294//294 295//295
f 568//568 295//295 569//569
f 569//569 295//295 296//296
f 569//569 296//296 570//570
f 570//570 296//296 297//297
f 570//570 297//297 571//571
f 571//571 297//297 298//298
f 571//571 298//298 572//572
f 572//572 298//298 299//299
f 572//572 299//299 573//573
f 573//573 299//299 300//300
f 573//573 300//300 574//574
f 574//574 300//300 301//301
f 574//574 301//301 575//575
f 575//575 301//301 302//302
f 575//575 302//302 576//576
f 576//576 302//302 303//303
f 576//576 303//303 577//577
f 577//577 303//303 304//304
f 577//577 304//304 578//578
f 578//578 304//304 305//305
f 578//578 305//305 579//579
f 579//579 305//305 306//306
f 579//579 306//306 580//580
f 580//580 306//306 307//307
f 580//580 307//307 308//308
f 582//582 581//581 599//599
f 582//582 599//599 583//583
f 583//583 599//599 600//600
f 583//583 600//600 584//584
f 584//584 600//600 601//601
f 584//584 601//601 585//585
f 585//585 601//601 602//602
f 585//585 602//602 586//586
f 586//586 602//602 603//603
f 586//586 603//603 587//587
f 587//587 603//603 604//604
f 587//587 604//604 588//588
f 588//588 604//604 605//605
f 588//588 605//605 589//589
f 589//589 605//605 606//606
f 589//589 606//606 590//590
f 590//590 606//606 607//607
f 590//590 607//607 591//591
f 591//591 607//607 608//608
f 591//591 608//608 592//592
f 592//592 608//608 609//609
f 592//592 609//609 593//593
f 593//593 609//609 610//610
f 593//593 610//610 594//594
f 594//594 610//610 611//611
f 594//594 611//611 595//595
f 595//595 611//611 612//612
f 595//595 612//612 596//596
f 596//596 612//612 613//613
f 596//596 613//613 597//597
f 597//597 613//613 614//614
f 597//597 614//614 598//598
f 599//599 581//581 615//615
f 599//599 615//615 600//600
f 600//600 615//615 616//616
f 600//600 616//616 601//601
f 601//601 616//616 617//617
f 601//601 617//617 602//602
f 602//602 617//617 618//618
f 602//602 618//618 603//603
f 603//603 618//618 619//619
f 603//603 619//619 604//604
f 604//604 619//619 620//620
f 604//604 620//620 605//605
f 605//605 620//620 621//621
f 605//605 621//621 606//606
f 606//606 621//621 622//622
f 606//606 622//622 607//607
f 607//607 622//622 623//623
f 607//607 623//623 608//608
f 608//608 623//623 624//624
f 608//608 624//624 609//609
f 609//609 624//624 625//625
f 609//609 625//625 610//610
f 610//610 625//625 626//626
f 610//610 626//626 611//611
f 611//611 626//626 627//627
f 611//611 627//627 612//612
f 612//612 627//627 628//628
f 612//612 628//628 613//613
f 613//613 628//628 629//629
f 613//613 629//629 614//614
f 614//614 629//629 630//630
f 614//614 630//630 598//598
f 615//615 581//581 631//631
f 615//615 631//631 616//616
f 616//616 631//631 632//632
f 616//616 632//632 617//617
f 617//617 632//632 633//633
f 617//617 633//633 618//618
f 618//618 633//633 634//634
f 618//618 634//634 619//619
f 619//619 634//634 635//635
f 619//619 635//635 620//620
f 620//620 635//635 636//636
f 620//620 636//636 621//621
f 621//621 636//636 637//637
f 621//621 637//637 622//622
f 622//622 637//637 638//638
f 622//622 638//638 623//623
f 623//623 638//638 639//639
f 623//623 639//639 624//624
f 624//624 639//639 640//640
f 624//624 640//640 625//625
f 625//625 640//640 641//641
f 625//625 641//641 626//626
f 626//626 641//641 642//642
f 626//626 642//642 627//627
f 627//627 642//642 643//643
f 627//627 643//643 628//628
f 628//628 643//643 644//644
f 628//628 644//644 629//629
f 629//629 644//644 645//645
f 629//629 645//645 630//630
f 630//630 645//645 646//646
f 630//630 646//646 598//598
f 631//631 581//581 647//647
f 631//631 647//647 632//632
f 632//632 647//647 648//648
f 632//632 648//648 633//633
f 633//633 648//648 649//649
f 633//633 649//649 634//634
f 634//634 649//649 650//650
f 634//634 650//650 635//635
f 635//635 650//650 651//651
f 635//635 651//651 636//636
f 636//636 651//651 652//652
f 636//636 652//652 637//637
f 637//637 652//652 653//653
f 637//637 653//653 638//638
f 638//638 653//653 654//654
f 638//638 654//654 639//639
f 639//639 654//654 655//655
f 639//639 655//655 640//640
f 640//640 655//655 656//656
f 640//640 656//656 641//641
f 641//641 656//656 657//657
f 641//641 657//657 642//642
f 642//642 657//657 658//658
f 642//642 658//658 643//643
f 643//643 658//658 659//659
f 643//643 659//659 644//644
f 644//644 659//659 660//660
f 644//644 660//660 645//645
f 645//645 660//660 661//661
f 645//645 661//661 646//646
f 646//646 661//661 662//662
f 646//646 662//662 598//598
f 647//647 581//581 663//663
f 647//647 663//663 648//648
f 648//648 663//663 664//664
f 648//648 664//664 649//649
f 649//649 664//664 665//665
f 649//649 665//665 650//650
f 650//650 665//665 666//666
f 650//650 666//666 651//651
f 651//651 666//666 667//667
f 651//651 667//667 652//652
f 652//652 667//667 668//668
f 652//652 668//668 653//653
f 653//653 668//668 669//669
f 653//653 669//669 654//654
f 654//654 669//669 670//670
f 654//654 670//670 655//655
f 655//655 670//670 671//671
f 655//655 671//671 656//656
f 656//656 671//671 672//672
f 656//656 672//672 657//657
f 657//657 672//672 673//673
f 657//657 673//673 658//658
f 658//658 673//673 674//674
f 658//658 674//674 659//659
f 659//659 674//674 675//675
f 659//659 675//675 660//660
f 660//660 675//675 676//676
f 660//660 676//676 661//661
f 661//661 676//676 677//677
f 661//661 677//677 662//662
f 662//662 677//677 678//678
f 662//662 678//678 598//598
f 663//663 581//581 679//679
f 663//663 679//679 664//664
f 664//664 679//679 680//680
f 664//664 680//680 665//665
f 665//665 680//680 681//681
f 665//665 681//681 666//666
f 666//666 681//681 682//682
f 666//666 682//682 667//667
f 667//667 682//682 683//683
f 667//667 683//683 668//668
f 668//668 683//683 684//684
f 668//668 684//684 669//669
f 669//669 684//684 685//685
f 669//669 685//685 670//670
f 670//670 685//685 686//686
f 670//670 686//686 671//671
f 671//671 686//686 687//687
f 671//671 687//687 672//672
f 672//672 687//687 688//688
f 672//672 688//688 673//673
f 673//673 688//688 689//689
f 673//673 689//689 674//674
f 674//674 689//689 690//690
f 674//674 690//690 675//675
f 675//675 690//690 691//691
f 675//675 691//691 676//676
f 676//676 691//691 692//692
f 676//676 692//692 677//677
f 677//677 692//692 693//693
f 677//677 693//693 678//678
f 678//678 693//693 694//694
f 678//678 694//694 598//598
f 679//679 581//581 695//695
f 679//679 695//695 680//680
f 680//680 695//695 696//696
f 680//680 696//696 681//681
f 681//681 696//696 697//697
f 681//681 697//697 682//682
f 682//682 697//697 698//698
f 682//682 698//698 683//683
f 683//683 698//698 699//699
f 683//683 699//699 684//684
f 684//684 699//699 700//700
f 684//684 700//700 685//685
f 685//685 700//700 701//701
f 685//685 701//701 686//686
f 686//686 701//701 702//702
f 686//686 702//702 687//687
f 687//687 702//702 703//703
f 687//687 703//703 688//688
f 688//688 703//703 704//704
f 688//688 704//704 689//689
f 689//689 704//704 705//705
f 689//689 705//705 690//690
f 690//690 705//705 706//706
f 690//690 706//706 691//691
f 691//691 706//706 707//707
f 691//691 707//707 692//692
f 692//692 707//707 708//708
f 692//692 708//708 693//693
f 693//693 708//708 709//709
f 693//693 709//709 694//694
f 694//694 709//709 710//710
f 694//694 710//710 598//598
f 695//695 581//581 711//711
f 695//695 711//711 696//696
f 696//696 711//711 712//712
f 696//696 712//712 697//697
f 697//697 712//712 713//713
f 697//697 713//713 698//698
f 698//698 713//713 714//714
f 698//698 714//714 699//699
f 699//699 714//714 715//715
f 699//699 715//715 700//700
f 700//700 715//715 716//716
f 700//700 716//716 701//701
f 701//701 716//716 717//717
f 701//701 717//717 702//702
f 702//702 717//717 718//718
f 702//702 718//718 703//703
f 703//703 718//718 719//719
f 703//703 719//719 704//704
f 704//704 719//719 720//720
f 704//704 720//720 705//705
f 705//705 720//720 721//721
f 705//705 721//721 706//706
f 706//706 721//721 722//722
f 706//706 722//722 707//707
f 707//707 722//722 723//723
f 707//707 723//723 708//708
f 708//708 723//723 724//724
f 708//708 724//724 709//709
f 709//709 724//724 725//725
f 709//709 725//725 710//710
f 710//710 725//725 726//726
f 710//710 726//726 598//598
f 711//711 581//581 727//727
f 711//711 727//727 712//712
f 712//712 727//727 728//728
f 712//712 728//728 713//713
f 713//713 728//728 729//729
f 713//713 729//729 714//714
f 714//714 729//729 730//730
f 714//714 730//730 715//715
f 715//715 730//730 731//731
f 715//715 731//731 716//716
f 716//716 731//731 732//732
f 716//716 732//732 717//717
f 717//717 732//732 733//733
f 717//717 733//733 718//718
f 718//718 733//733 734//734
f 718//718 734//734 719//719
f 719//719 734//734 735//735
f 719//719 735//735 720//720
f 720//720 735//735 736//736
f 720//720 736//736 721//721
f 721//721 736//736 737//737
f 721//721 737//737 722//722
f 722//722 737//737 738//738
f 722//722 738//738 723//723
f 723//723 738//738 739//739
f 723//723 739//739 724//724
f 724//724 739//739 740//740
f 724//724 740//740 725//725
f 725//725 740//740 741//741
f 725//725 741//741 726//726
f 726//726 741//741 742//742
f 726//726 742//742 598//598
f 727//727 581//581 743//743
f 727//727 743//743 728//728
f 728//728 743//743 744//744
f 728//728 744//744 729//729
f 729//729 744//744 745//745
f 729//729 745//745 730//730
f 730//730 745//745 746//746
f 730//730 746//746 731//731
f 731//731 746//746 747//747
f 731//731 747//747 732//732
f 732//732 747//747 748//748
f 732//732 748//748 733//733
f 733//733 748//748 749//749
f 733//733 749//749 734//734
f 734//734 749//749 750//750
f 734//734 750//750 735//735
f 735//735 750//750 751//751
f 735//735 751//751 736//736
f 736//736 751//751 752//752
f 736//736 752//752 737//737
f 737//737 752//752 753//753
f 737//737 753//753 738//738
f 738//738 753//753 754//754
f 738//738 754//754 739//739
f 739//739 754//754 755//755
f 739//739 755//755 740//740
f 740//740 755//755 756//756
f 740//740 756//756 741//741
f 741//741 756//756 757//757
f 741//741 757//757 742//742
f 742//742 757//757 758//758
f 742//742 758//758 598//598
f 743//743 581//581 759//759
f 743//743 759//759 744//744
f 744//744 759//759 760//760
f 744//744 760//760 745//745
f 745//745 760//760 761//761
f 745//745 761//761 746//746
f 746//746 761//761 762//762
f 746//746 762//762 747//747
f 747//747 762//762 763//763
f 747//747 763//763 748//748
f 748//748 763//763 764//764
f 748//748 764//764 749//749
f 749//749 764//764 765//765
f 749//749 765//765 750//750
f 750//750 765//765 766//766
f 750//750 766//766 751//751
f 751//751 766//766 767//767
f 751//751 767//767 752//752
f 752//752 767//767 768//768
f 752//752 768//768 753//753
f 753//753 768//768 769//769
f 753//753 769//769 754//754
f 754//754 769//769 770//770
f 754//754 770//770 755//755
f 755//755 770//770 771//771
f 755//755 771//771 756//756
f 756//756 771//771 772//772
f 756//756 772//772 757//757
f 757//757 772//772 773//773
f 757//757 773//773 758//758
f 758//758 773//773 774//774
f 758//758 774//774 598//598
f 759//759 581//581 775//775
f 759//759 775//775 760//760
f 760//760 775//775 776//776
f 760//760 776//776 761//761
f 761//761 776//776 777//777
f 761//761 777//777 762//762
f 762//762 777//777 778//778
f 762//762 778//778 763//763
f 763//763 778//778 779//779
f 763//763 779//779 764//764
f 764//764 779//779 780//780
f 764//764 780//780 765//765
f 765//765 780//780 781//781
f 765//765 781//781 766//766
f 766//766 781//781 782//782
f 766//766 782//782 767//767
f 767//767 782//782 783//783
f 767//767 783//783 768//768
f 768//768 783//783 784//784
f 768//768 784//784 769//769
f 769//769 784//784 785//785
f 769//769 785//785 770//770
f 770//770 785//785 786//786
f 770//770 786//786 771//771
f 771//771 786//786 787//787
f 771//771 787//787 772//772
f 772//772 787//787 788//788
f 772//772 788//788 773//773
f 773//773 788//788 789//789
f 773//773 789//789 774//774
f 774//774 789//789 790//790
f 774//774 790//790 598//598
f 775//775 581//581 791//791
f 775//775 791//791 776//776
f 776//776 791//791 792//792
f 776//776 792//792 777//777
f 777//777 792//792 793//793
f 777//777 793//793 778//778
f 778//778 793//793 794//794
f 778//778 794//794 779//779
f 779//779 794//794 795//795
f 779//779 795//795 780//780
f 780//780 795//795 796//796
f 780//780 796//796 781//781
f 781//781 796//796 797//797
f 781//781 797//797 782//782
f 782//782 797//797 798//798
f 782//782 798//798 783//783
f 783//783 798//798 799//799
f 783//783 799//799 784//784
f 784//784 799//799 800//800
f 784//784 800//800 785//785
f 785//785 800//800 801//801
f 785//785 801//801 786//786
f 786//786 801//801 802//802
f 786//786 802//802 787//787
f 787//787 802//802 803//803
f 787//787 803//803 788//788
f 788//788 803//803 804//804
f 788//788 804//804 789//789
f 789//789 804//804 805//805
f 789//789 805//805 790//790
f 790//790 805//805 806//806
f 790//790 806//806 598//598
f 791//791 581//581 807//807
f 791//791 807//807 792//792
f 792//792 807//807 808//808
f 792//792 808//808 793//793
f 793//793 808//808 809//809
f 793//793 809//809 794//794
f 794//794 809//809 810//810
f 794//794 810//810 795//795
f 795//795 810//810 811//811
f 795//795 811//811 796//796
f 796//796 811//811 812//812
f 796//796 812//812 797//797
f 797//797 812//812 813//813
f 797//797 813//813 798//798
f 798//798 813//813 814//814
f 798//798 814//814 799//799
f 799//799 814//814 815//815
f 799//799 815//815 800//800
f 800//800 815//815 816//816
f 800//800 816//816 801//801
f 801//801 816//816 817//817
f 801//801 817//817 802//802
f 802//802 817//817 818//818
f 802//802 818//818 803//803
f 803//803 818//818 819//819
f 803//803 819//819 804//804
f 804//804 819//819 820//820
f 804//804 820//820 805//805
f 805//805 820//820 821//821
f 805//805 821//821 806//806
f 806//806 821//821 822//822
f 806//806 822//822 598//598
f 807//807 581//581 823//823
f 807//807 823//823 808//808
f 808//808 823//823 824//824
f 808//808 824//824 809//809
f 809//809 824//824 825//825
f 809//809 825//825 810//810
f 810//810 825//825 826//826
f 810//810 826//826 811//811
f 811//811 826//826 827//827
f 811//811 827//827 812//812
f 812//812 827//827 828//828
f 812//812 828//828 813//813
f 813//813 828//828 829//829
f 813//813 829//829 814//814
f 814//814 829//829 830//830
f 814//814 830//830 815//815
f 815//815 830//830 831//831
f 815//815 831//831 816//816
f 816//816 831//831 832//832
f 816//816 832//832 817//817
f 817//817 832//832 833//833
f 817//817 833//833 818//818
f 818//818 833//833 834//834
f 818//818 834//834 819//819
f 819//819 834//834 835//835
f 819//819 835//835 820//820
f 820//820 835//835 836//836
f 820//820 836//836 821//821
f 821//821 836//836 837//837
f 821//821 837//837 822//822
f 822//822 837//837 838//838
f 822//822 838//838 598//598
f 823//823 581//581 839//839
f 823//823 839//839 824//824
f 824//824 839//839 840//840
f 824//824 840//840 825//825
f 825//825 840//840 841//841
f 825//825 841//841 826//826
f 826//826 841//841 842//842
f 826//826 842//842 827//827
f 827//827 842//842 843//843
f 827//827 843//843 828//828
f 828//828 843//843 844//844
f 828//828 844//844 829//829
f 829//829 844//844 845//845
f 829//829 845//845 830//830
f 830//830 845//845 846//846
f 830//830 846//846 831//831
f 831//831 846//846 847//847
f 831//831 847//847 832//832
f 832//832 847//847 848//848
f 832//832 848//848 833//833
f 833//833 848//848 849//849
f 833//833 849//849 834//834
f 834//834 849//849 850//850
f 834//834 850//850 835//835
f 835//835 850//850 851//851
f 835//835 851//851 836//836
f 836//836 851//851 852//852
f 836//836 852//852 837//837
f 837//837 852//852 853//853
f 837//837 853//853 838//838
f 838//838 853//853 854//854
f 838//838 854//854 598//598
f 839//839 581//581 855//855
f 839//839 855//855 840//840
f 840//840 855//855 856//856
f 840//840 856//856 841//841
f 841//841 856//856 857//857
f 841//841 857//857 842//842
f 842//842 857//857 858//858
f 842//842 858//858 843//843
f 843//843 858//858 859//859
f 843//843 859//859 844//844
f 844//844 859//859 860//860
f 844//844 860//860 845//845
f 845//845 860//860 861//861
f 845//845 861//861 846//846
f 846//846 861//861 862//862
f 846//846 862//862 847//847
f 847//847 862//862 863//863
f 847//847 863//863 848//848
f 848//848 863//863 864//864
f 848//848 864//864 849//849
f 849//849 864//864 865//865
f 849//849 865//865 850//850
f 850//850 865//865 866//866
f 850//850 866//866 851//851
f 851//851 866//866 867//867
f 851//851 867//867 852//852
f 852//852 867//867 868//868
f 852//852 868//868 853//853
f 853//853 868//868 869//869
f 853//853 869//869 854//854
f 854//854 869//869 870//870
f 854//854 870//870 598//598
f 855//855 581//581 582//582
f 855//855 582//582 856//856
f 856//856 582//582 583//583
f 856//856 583//583 857//857
f 857//857 583//583 584//584
f 857//857 584//584 858//858
f 858//858 584//584 585//585
f 858//858 585//585 859//859
f 859//859 585//585 586//586
f 859//859 586//586 860//860
f 860//860 586//586 587//587
f 860//860 587//587 861//861
f 861//861 587//587 588//588
f 861//861 588//588 862//862
f 862//862 588//588 589//589
f 862//862 589//589 863//863
f 863//863 589//589 590//590
f 863//863 590//590 864//864
f 864//864 590//590 591//591
f 864//864 591//591 865//865
f 865//865 591//591 592//592
f 865//865 592//592 866//866
f 866//866 592//592 593//593
f 866//866 593//593 867//867
f 867//867 593//593 594//594
f 867//867 594//594 868//868
f 868//868 594//594 595//595
f 868//868 595//595 869//869
f 869//869 595//595 596//596
f 869//869 596//596 870//870
f 870//870 596//596 597//597
f 870//870 597//597 598//598
f 872//872 871//871 889//889
f 872//872 889//889 873//873
f 873//873 889//889 890//890
f 873//873 890//890 874//874
f 874//874 890//890 891//891
f 874//874 891//891 875//875
f 875//875 891//891 892//892
f 875//875 892//892 876//876
f 876//876 892//892 893//893
f 876//876 893//893 877//877
f 877//877 893//893 894//894
f 877//877 894//894 878//878
f 878//878 894//894 895//895
f 878//878 895//895 879//879
f 879//879 895//895 896//896
f 879//879 896//896 880//880
f 880//880 896//896 897//897
f 880//880 897//897 881//881
f 881//881 897//897 898//898
f 881//881 898//898 882//882
f 882//882 898//898 899//899
f 882//882 899//899 883//883
f 883//883 899//899 900//900
f 883//883 900//900 884//884
f 884//884 900//900 901//901
f 884//884 901//901 885//885
f 885//885 901//901 902//902
f 885//885 902//902 886//886
f 886//886 902//902 903//903
f 886//886 903//903 887//887
f 887//887 903//903 904//904
f 887//887 904//904 888//888
f 889//889 871//871 905//905
f 889//889 905//905 890//890
f 890//890 905//905 906//906
f 890//890 906//906 891//891
f 891//891 906//906 907//907
f 891//891 907//907 892//892
f 892//892 907//907 908//908
f 892//892 908//908 893//893
f 893//893 908//908 909//909
f 893//893 909//909 894//894
f 894//894 909//909 910//910
f 894//894 910//910 895//895
f 895//895 910//910 911//911
f 895//895 911//911 896//896
f 896//896 911//911 912//912
f 896//896 912//912 897//897
f 897//897 912//912 913//913
f 897//897 913//913 898//898
f 898//898 913//913 914//914
f 898//898 914//914 899//899
f 899//899 914//914 915//915
f 899//899 915//915 900//900
f 900//900 915//915 916//916
f 900//900 916//916 901//901
f 901//901 916//916 917//917
f 901//901 917//917 902//902
f 902//902 917//917 918//918
f 902//902 918//918 903//903
f 903//903 918//918 919//919
f 903//903 919//919 904//904
f 904//904 919//919 920//920
f 904//904 920//920 888//888
f 905//905 871//871 921//921
f 905//905 921//921 906//906
f 906//906 921//921 922//922
f 906//906 922//922 907//907
f 907//907 922//922 923//923
f 907//907 923//923 908//908
f 908//908 923//923 924//924
f 908//908 924//924 909//909
f 909//909 924//924 925//925
f 909//909 925//925 910//910
f 910//910 925//925 926//926
f 910//910 926//926 911//911
f 911//911 926//926 927//927
f 911//911 927//927 912//912
f 912//912 927//927 928//928
f 912//912 928//928 913//913
f 913//913 928//928 929//929
f 913//913 929//929 914//914
f 914//914 929//929 930//930
f 914//914 930//930 915//915
f 915//915 930//930 931//931
f 915//915 931//931 916//916
f 916//916 931//931 932//932
f 916//916 932//932 917//917
f 917//917 932//932 933//933
f 917//917 933//933 918//918
f 918//918 933//933 934//934
f 918//918 934//934 919//919
f 919//919 934//934 935//935
f 919//919 935//935 920//920
f 920//920 935//935 936//936
f 920//920 936//936 888//888
f 921//921 871//871 937//937
f 921//921 937//937 922//922
f 922//922 937//937 938//938
f 922//922 938//938 923//923
f 923//923 938//938 939//939
f 923//923 939//939 924//924
f 924//924 939//939 940//940
f 924//924 940//940 925//925
f 925//925 940//940 941//941
f 925//925 941//941 926//926
f 926//926 941//941 942//942
f 926//926 942//942 927//927
f 927//927 942//942 943//943
f 927//927 943//943 928//928
f 928//928 943//943 944//944
f 928//928 944//944 929//929
f 929//929 944//944 945//945
f 929//929 945//945 930//930
f 930//930 945//945 946//946
f 930//930 946//946 931//931
f 931//931 946//946 947//947
f 931//931 947//947 932//932
f 932//932 947//947 948//948
f 932//932 948//948 933//933
f 933//933 948//948 949//949
f 933//933 949//949 934//934
f 934//934 949//949 950//950
f 934//934 950//950 935//935
f 935//935 950//950 951//951
f 935//935 951//951 936//936
f 936//936 951//951 952//952
f 936//936 952//952 888//888
f 937//937 871//871 953//953
f 937//937 953//953 938//938
f 938//938 953//953 954//954
f 938//938 954//954 939//939
f 939//939 954//954 955//955
f 939//939 955//955 940//940
f 940//940 955//955 956//956
f 940//940 956//956 941//941
f 941//941 956//956 957//957
f 941//941 957//957 942//942
f 942//942 957//957 958//958
f 942//942 958//958 943//943
f 943//943 958//958 959//959
f 943//943 959//959 944//944
f 944//944 959//959 960//960
f 944//944 960//960 945//945
f 945//945 960//960 961//961
f 945//945 961//961 946//946
f 946//946 961//961 962//962
f 946//946 962//962 947//947
f 947//947 962//962 963//963
f 947//947 963//963 948//948
f 948//948 963//963 964//964
f 948//948 964//964 949//949
f 949//949 964//964 965//965
f 949//949 965//965 950//950
f 950//950 965//965 966//966
f 950//950 966//966 951//951
f 951//951 966//966 967//967
f 951//951 967//967 952//952
f 952//952 967//967 968//968
f 952//952 968//968 888//888
f 953//953 871//871 969//969
f 953//953 969//969 954//954
f 954//954 969//969 970//970
f 954//954 970//970 955//955
f 955//955 970//970 971//971
f 955//955 971//971 956//956
f 956//956 971//971 972//972
f 956//956 972//972 957//957
f 957//957 972//972 973//973
f 957//957 973//973 958//958
f 958//958 973//973 974//974
f 958//958 974//974 959//959
f 959//959 974//974 975//975
f 959//959 975//975 960//960
f 960//960 975//975 976//976
f 960//960 976//976 961//961
f 961//961 976//976 977//977
f 961//961 977//977 962//962
f 962//962 977//977 978//978
f 962//962 978//978 963//963
f 963//963 978//978 979//979
f 963//963 979//979 964//964
f 964//964 979//979 980//980
f 964//964 980//980 965//965
f 965//965 980//980 981//981
f 965//965 981//981 966//966
f 966//966 981//981 982//982
f 966//966 982//982 967//967
f 967//967 982//982 983//983
f 967//967 983//983 968//968
f 968//968 983//983 984//984
f 968//968 984//984 888//888
f 969//969 871//871 985//985
f 969//969 985//985 970//970
f 970//970 985//985 986//986
f 970//970 986//986 971//971
f 971//971 986//986 987//987
f 971//971 987//987 972//972
f 972//972 987//987 988//988
f 972//972 988//988 973//973
f 973//973 988//988 989//989
f 973//973 989//989 974//974
f 974//974 989//989 990//990
f 974//974 990//990 975//975
f 975//975 990//990 991//991
f 975//975 991//991 976//976
f 976//976 991//991 992//992
f 976//976 992//992 977//977
f 977//977 992//992 993//993
f 977//977 993//993 978//978
f 978//978 993//993 994//994
f 978//978 994//994 979//979
f 979//979 994//994 995//995
f 979//979 995//995 980//980
f 980//980 995//995 996//996
f 980//980 996//996 981//981
f 981//981 996//996 997//997
f 981//981 997//997 982//982
f 982//982 997//997 998//998
f 982//982 998//998 983//983
f 983//983 998//998 999//999
f 983//983 999//999 984//984
f 984//984 999//999 1000//1000
f 984//984 1000//1000 888//888
f 985//985 871//871 1001//1001
f 985//985 1001//1001 986//986
f 986//986 1001//1001 1002//1002
f 986//986 1002//1002 987//987
f 987//987 1002//1002 1003//1003
f 987//987 1003//1003 988//988
f 988//988 1003//1003 1004//1004
f 988//988 1004//1004 989//989
f 989//989 1004//1004 1005//1005
f 989//989 1005//1005 990//990
f 990//990 1005//1005 1006//1006
f 990//990 1006//1006 991//991
f 991//991 1006//1006 1007//1007
f 991//991 1007//1007 992//992
f 992//992 1007//1007 1008//1008
f 992//992 1008//1008 993//993
f 993//993 1008//1008 1009//1009
f 993//993 1009//1009 994//994
f 994//994 1009//1009 1010//1010
f 994//994 1010//1010 995//995
f 995//995 1010//1010 1011//1011
f 995//995 1011//1011 996//996
f 996//996 1011//1011 1012//1012
f 996//996 1012//1012 997//997
f 997//997 1012//1012 1013//1013
f 997//997 1013//1013 998//998
f 998//998 1013//1013 1014//1014
f 998//998 1014//1014 999//999
f 999//999 1014//1014 1015//1015
f 999//999 1015//1015 1000//1000
f 1000//1000 1015//1015 1016//1016
f 1000//1000 1016//1016 888//888
f 1001//1001 871//871 1017//1017
f 1001//1001 1017//1017 1002//1002
f 1002//1002 1017//1017 1018//1018
f 1002//1002 1018//1018 1003//1003
f 1003//1003 1018//1018 1019//1019
f 1003//1003 1019//1019 1004//1004
f 1004//1004 1019//1019 1020//1020
f 1004//1004 1020//1020 1005//1005
f 1005//1005 1020//1020 1021//1021
f 1005//1005 1021//1021 1006//1006
f 1006//1006 1021//1021 1022//1022
f 1006//1006 1022//1022 1007//1007
f 1007//1007 1022//1022 1023//1023
f 1007//1007 1023//1023 1008//1008
f 1008//1008 1023//1023 1024//1024
f 1008//1008 1024//1024 1009//1009
f 1009//1009 1024//1024 1025//1025
f 1009//1009 1025//1025 1010//1010
f 1010//1010 1025//1025 1026//1026
f 1010//1010 1026//1026 1011//1011
f 1011//1011 1026//1026 1027//1027
f 1011//1011 1027//1027 1012//1012
f 1012//1012 1027//1027 1028//1028
f 1012//1012 1028//1028 1013//1013
f 1013//1013 1028//1028 1029//1029
f 1013//1013 1029//1029 1014//1014
f 1014//1014 1029//1029 1030//1030
f 1014//1014 1030//1030 1015//1015
f 1015//1015 1030//1030 1031//1031
f 1015//1015 1031//1031 1016//1016
f 1016//1016 1031//1031 1032//1032
f 1016//1016 1032//1032 888//888
f 1017//1017 871//871 1033//1033
f 1017//1017 1033//1033 1018//1018
f 1018//1018 1033//1033 1034//1034
f 1018//1018 1034//1034 1019//1019
f 1019//1019 1034//1034 1035//1035
f 1019//1019 1035//1035 1020//1020
f 1020//1020 1035//1035 1036//1036
f 1020//1020 1036//1036 1021//1021
f 1021//1021 1036//1036 1037//1037
f 1021//1021 1037//1037 1022//1022
f 1022//1022 1037//1037 1038//1038
f 1022//1022 1038//1038 1023//1023
f 1023//1023 1038//1038 1039//1039
f 1023//1023 1039//1039 1024//1024
f 1024//1024 1039//1039 1040//1040
f 1024//1024 1040//1040 1025//1025
f 1025//1025 1040//1040 1041//1041
f 1025//1025 1041//1041 1026//1026
f 1026//1026 1041//1041 1042//1042
f 1026//1026 1042//1042 1027//1027
f 1027//1027 1042//1042 1043//1043
f 1027//1027 1043//1043 1028//1028
f 1028//1028 1043//1043 1044//1044
f 1028//1028 1044//1044 1029//1029
f 1029//1029 1044//1044 1045//1045
f 1029//1029 1045//1045 1030//1030
f 1030//1030 1045//1045 1046//1046
f 1030//1030 1046//1046 1031//1031
f 1031//1031 1046//1046 1047//1047
f 1031//1031 1047//1047 1032//1032
f 1032//1032 1047//1047 1048//1048
f 1032//1032 1048//1048 888//888
f 1033//1033 871//871 1049//1049
f 1033//1033 1049//1049 1034//1034
f 1034//1034 1049//1049 1050//1050
f 1034//1034 1050//1050 1035//1035
f 1035//1035 1050//1050 1051//1051
f 1035//1035 1051//1051 1036//1036
f 1036//1036 1051//1051 1052//1052
f 1036//1036 1052//1052 1037//1037
f 1037//1037 1052//1052 1053//1053
f 1037//1037 1053//1053 1038//1038
f 1038//1038 1053//1053 1054//1054
f 1038//1038 1054//1054 1039//1039
f 1039//1039 1054//1054 1055//1055
f 1039//1039 1055//1055 1040//1040
f 1040//1040 1055//1055 1056//1056
f 1040//1040 1056//1056 1041//1041
f 1041//1041 1056//1056 1057//1057
f 1041//1041 1057//1057 1042//1042
f 1042//1042 1057//1057 1058//1058
f 1042//1042 1058//1058 1043//1043
f 1043//1043 1058//1058 1059//1059
f 1043//1043 1059//1059 1044//1044
f 1044//1044 1059//1059 1060//1060
f 1044//1044 1060//1060 1045//1045
f 1045//1045 1060//1060 1061//1061
f 1045//1045 1061//1061 1046//1046
f 1046//1046 1061//1061 1062//1062
f 1046//1046 1062//1062 1047//1047
f 1047//1047 1062//1062 1063//1063
f 1047//1047 1063//1063 1048//1048
f 1048//1048 1063//1063 1064//1064
f 1048//1048 1064//1064 888//888
f 1049//1049 871//871 1065//1065
f 1049//1049 1065//1065 1050//1050
f 1050//1050 1065//1065 1066//1066
f 1050//1050 1066//1066 1051//1051
f 1051//1051 1066//1066 1067//1067
f 1051//1051 1067//1067 1052//1052
f 1052//1052 1067//1067 1068//1068
f 1052//1052 1068//1068 1053//1053
f 1053//1053 1068//1068 1069//1069
f 1053//1053 1069//1069 1054//1054
f 1054//1054 1069//1069 1070//1070
f 1054//1054 1070//1070 1055//1055
f 1055//1055 1070//1070 1071//1071
f 1055//1055 1071//1071 1056//1056
f 1056//1056 1071//1071 1072//1072
f 1056//1056 1072//1072 1057//1057
f 1057//1057 1072//1072 1073//1073
f 1057//1057 1073//1073 1058//1058
f 1058//1058 1073//1073 1074//1074
f 1058//1058 1074//1074 1059//1059
f 1059//1059 1074//1074 1075//1075
f 1059//1059 1075//1075 1060//1060
f 1060//1060 1075//1075 1076//1076
f 1060//1060 1076//1076 1061//1061
f 1061//1061 1076//1076 1077//1077
f 1061//1061 1077//1077 1062//1062
f 1062//1062 1077//1077 1078//1078
f 1062//1062 1078//1078 1063//1063
f 1063//1063 1078//1078 1079//1079
f 1063//1063 1079//1079 1064//1064
f 1064//1064 1079//1079 1080//1080
f 1064//1064 1080//1080 888//888
f 1065//1065 871//871 1081//1081
f 1065//1065 1081//1081 1066//1066
f 1066//1066 1081//1081 1082//1082
f 1066//1066 1082//1082 1067//1067
f 1067//1067 1082//1082 1083//1083
f 1067//1067 1083//1083 1068//1068
f 1068//1068 1083//1083 1084//1084
f 1068//1068 1084//1084 1069//1069
f 1069//1069 1084//1084 1085//1085
f 1069//1069 1085//1085 1070//1070
f 1070//1070 1085//1085 1086//1086
f 1070//1070 1086//1086 1071//1071
f 1071//1071 1086//1086 1087//1087
f 1071//1071 1087//1087 1072//1072
f 1072//1072 1087//1087 1088//1088
f 1072//1072 1088//1088 1073//1073
f 1073//1073 1088//1088 1089//1089
f 1073//1073 1089//1089 1074//1074
f 1074//1074 1089//1089 1090//1090
f 1074//1074 1090//1090 1075//1075
f 1075//1075 1090//1090 1091//1091
f 1075//1075 1091//1091 1076//1076
f 1076//1076 1091//1091 1092//1092
f 1076//1076 1092//1092 1077//1077
f 1077//1077 1092//1092 1093//1093
f 1077//1077 1093//1093 1078//1078
f 1078//1078 1093//1093 1094//1094
f 1078//1078 1094//1094 1079//1079
f 1079//1079 1094//1094 1095//1095
f 1079//1079 1095//1095 1080//1080
f 1080//1080 1095//1095 1096//1096
f 1080//1080 1096//1096 888//888
f 1081//1081 871//871 1097//1097
f 1081//1081 1097//1097 1082//1082
f 1082//1082 1097//1097 1098//1098
f 1082//1082 1098//1098 1083//1083
f 1083//1083 1098//1098 1099//1099
f 1083//1083 1099//1099 1084//1084
f 1084//1084 1099//1099 1100//1100
f 1084//1084 1100//1100 1085//1085
f 1085//1085 1100//1100 1101//1101
f 1085//1085 1101//1101 1086//1086
f 1086//1086 1101//1101 1102//1102
f 1086//1086 1102//1102 1087//1087
f 1087//1087 1102//1102 1103//1103
f 1087//1087 1103//1103 1088//1088
f 1088//1088 1103//1103 1104//1104
f 1088//1088 1104//1104 1089//1089
f 1089//1089 1104//1104 1105//1105
f 1089//1089 1105//1105 1090//1090
f 1090//1090 1105//1105 1106//1106
f 1090//1090 1106//1106 1091//1091
f 1091//1091 1106//1106 1107//1107
f 1091//1091 1107//1107 1092//1092
f 1092//1092 1107//1107 1108//1108
f 1092//1092 1108//1108 1093//1093
f 1093//1093 1108//1108 1109//1109
f 1093//1093 1109//1109 1094//1094
f 1094//1094 1109//1109 1110//1110
f 1094//1094 1110//1110 1095//1095
f 1095//1095 1110//1110 1111//1111
f 1095//1095 1111//1111 1096//1096
f 1096//1096 1111//1111 1112//1112
f 1096//1096 1112//1112 888//888
f 1097//1097 871//871 1113//1113
f 1097//1097 1113//1113 1098//1098
f 1098//1098 1113//1113 1114//1114
f 1098//1098 1114//1114 1099//1099
f 1099//1099 1114//1114 1115//1115
f 1099//1099 1115//1115 1100//1100
f 1100//1100 1115//1115 1116//1116
f 1100//1100 1116//1116 1101//1101
f 1101//1101 1116//1116 1117//1117
f 1101//1101 1117//1117 1102//1102
f 1102//1102 1117//1117 1118//1118
f 1102//1102 1118//1118 1103//1103
f 1103//1103 1118//1118 1119//1119
f 1103//1103 1119//1119 1104//1104
f 1104//1104 1119//1119 1120//1120
f 1104//1104 1120//1120 1105//1105
f 1105//1105 1120//1120 1121//1121
f 1105//1105 1121//1121 1106//1106
f 1106//1106 1121//1121 1122//1122
f 1106//1106 1122//1122 1107//1107
f 1107//1107 1122//1122 1123//1123
f 1107//1107 1123//1123 1108//1108
f 1108//1108 1123//1123 1124//1124
f 1108//1108 1124//1124 1109//1109
f 1109//1109 1124//1124 1125//1125
f 1109//1109 1125//1125 1110//1110
f 1110//1110 1125//1125 1126//1126
f 1110//1110 1126//1126 1111//1111
f 1111//1111 1126//1126 1127//1127
f 1111//1111 1127//1127 1112//1112
f 1112//1112 1127//1127 1128//1128
f 1112//1112 1128//1128 888//888
f 1113//1113 871//871 1129//1129
f 1113//1113 1129//1129 1114//1114
f 1114//1114 1129//1129 1130//1130
f 1114//1114 1130//1130 1115//1115
f 1115//1115 1130//1130 1131//1131
f 1115//1115 1131//1131 1116//1116
f 1116//1116 1131//1131 1132//1132
f 1116//1116 1132//1132 1117//1117
f 1117//1117 1132//1132 1133//1133
f 1117//1117 1133//1133 1118//1118
f 1118//1118 1133//1133 1134//1134
f 1118//1118 1134//1134 1119//1119
f 1119//1119 1134//1134 1135//1135
f 1119//1119 1135//1135 1120//1120
f 1120//1120 1135//1135 1136//1136
f 1120//1120 1136//1136 1121//1121
f 1121//1121 1136//1136 1137//1137
f 1121//1121 1137//1137 1122//1122
f 1122//1122 1137//1137 1138//1138
f 1122//1122 1138//1138 1123//1123
f 1123//1123 1138//1138 1139//1139
f 1123//1123 1139//1139 1124//1124
f 1124//1124 1139//1139 1140//1140
f 1124//1124 1140//1140 1125//1125
f 1125//1125 1140//1140 1141//1141
f 1125//1125 1141//1141 1126//1126
f 1126//1126 1141//1141 1142//1142
f 1126//1126 1142//1142 1127//1127
f 1127//1127 1142//1142 1143//1143
f 1127//1127 1143//1143 1128//1128
f 1128//1128 1143//1143 1144//1144
f 1128//1128 1144//1144 888//888
f 1129//1129 871//871 1145//1145
f 1129//1129 1145//1145 1130//1130
f 1130//1130 1145//1145 1146//1146
f 1130//1130 1146//1146 1131//1131
f 1131//1131 1146//1146 1147//1147
f 1131//1131 1147//1147 1132//1132
f 1132//1132 1147//1147 1148//1148
f 1132//1132 1148//1148 1133//1133
f 1133//1133 1148//1148 1149//1149
f 1133//1133 1149//1149 1134//1134
f 1134//1134 1149//1149 1150//1150
f 1134//1134 1150//1150 1135//1135
f 1135//1135 1150//1150 1151//1151
f 1135//1135 1151//1151 1136//1136
f 1136//1136 1151//1151 1152//1152
f 1136//1136 1152//1152 1137//1137
f 1137//1137 1152//1152 1153//1153
f 1137//1137 1153//1153 1138//1138
f 1138//1138 1153//1153 1154//1154
f 1138//1138 1154//1154 1139//1139
f 1139//1139 1154//1154 1155//1155
f 1139//1139 1155//1155 1140//1140
f 1140//1140 1155//1155 1156//1156
f 1140//1140 1156//1156 1141//1141
f 1141//1141 1156//1156 1157//1157
f 1141//1141 1157//1157 1142//1142
f 1142//1142 1157//1157 1158//1158
f 1142//1142 1158//1158 1143//1143
f 1143//1143 1158//1158 1159//1159
f 1143//1143 1159//1159 1144//1144
f 1144//1144 1159//1159 1160//1160
f 1144//1144 1160//1160 888//888
f 1145//1145 871//871 872//872
f 1145//1145 872//872 1146//1146
f 1146//1146 872//872 873//873
f 1146//1146 873//873 1147//1147
f 1147//1147 873//873 874//874
f 1147//1147 874//874 1148//1148
f 1148//1148 874//874 875//875
f 1148//1148 875//875 1149//1149
f 1149//1149 875//875 876//876
f 1149//1149 876//876 1150//1150
f 1150//1150 876//876 877//877
f 1150//1150 877//877 1151//1151
f 1151//1151 877//877 878//878
f 1151//1151 878//878 1152//1152
f 1152//1152 878//878 879//879
f 1152//1152 879//879 1153//1153
f 1153//1153 879//879 880//880
f 1153//1153 880//880 1154//1154
f 1154//1154 880//880 881//881
f 1154//1154 881//881 1155//1155
f 1155//1155 881//881 882//882
f 1155//1155 882//882 1156//1156
f 1156//1156 882//882 883//883
f 1156//1156 883//883 1157//1157
f 1157//1157 883//883 884//884
f 1157//1157 884//884 1158//1158
f 1158//1158 884//884 885//885
f 1158//1158 885//885 1159//1159
f 1159//1159 885//885 886//886
f 1159//1159 886//886 1160//1160
f 1160//1160 886//886 887//887
f 1160//1160 887//887 888//888

