# https://github.com/mikedh/trimesh
v -0.2384006 1.0225325 0.0500000
v -0.2015994 1.0225325 0.0500000
v -0.2384006 0.9374675 0.0500000
v -0.2015994 0.9374675 0.0500000
v -0.2200000 0.9537134 0.0797728
v -0.2200000 1.0062866 0.0797728
v -0.2200000 0.9537134 0.0202272
v -0.2200000 1.0062866 0.0202272
v -0.1902272 0.9800000 0.0315994
v -0.1902272 0.9800000 0.0684006
v -0.2497728 0.9800000 0.0315994
v -0.2497728 0.9800000 0.0684006
v -0.2200000 1.0300000 0.0500000
v -0.2200000 0.9300000 0.0500000
v -0.2308156 0.9395492 0.0675000
v -0.2091844 0.9395492 0.0675000
v -0.2308156 1.0204508 0.0675000
v -0.2091844 1.0204508 0.0675000
v -0.2200000 0.9800000 0.0850000
v -0.2308156 0.9395492 0.0325000
v -0.2091844 0.9395492 0.0325000
v -0.2308156 1.0204508 0.0325000
v -0.2091844 1.0204508 0.0325000
v -0.2200000 0.9800000 0.0150000
v -0.1916844 1.0050000 0.0391844
v -0.1916844 0.9550000 0.0391844
v -0.2025000 0.9645492 0.0216844
v -0.2025000 0.9954508 0.0216844
v -0.1916844 1.0050000 0.0608156
v -0.1916844 0.9550000 0.0608156
v -0.2025000 0.9645492 0.0783156
v -0.2025000 0.9954508 0.0783156
v -0.1850000 0.9800000 0.0500000
v -0.2483156 1.0050000 0.0391844
v -0.2483156 0.9550000 0.0391844
v -0.2375000 0.9645492 0.0216844
v -0.2375000 0.9954508 0.0216844
v -0.2483156 1.0050000 0.0608156
v -0.2483156 0.9550000 0.0608156
v -0.2375000 0.9645492 0.0783156
v -0.2375000 0.9954508 0.0783156
v -0.2550000 0.9800000 0.0500000
v -0.2295643 1.0280969 0.0500000
v -0.2104357 1.0280969 0.0500000
v -0.2295643 0.9319031 0.0500000
v -0.2104357 0.9319031 0.0500000
v -0.2351861 0.9368666 0.0590962
v -0.2256218 0.9453110 0.0745716
v -0.2256861 0.9324472 0.0592003
v -0.2048139 0.9368666 0.0590962
v -0.2143782 0.9453110 0.0745716
v -0.2143139 0.9324472 0.0592003
v -0.2200000 0.9374675 0.0684006
v -0.2351861 1.0231334 0.0590962
v -0.2256218 1.0146890 0.0745716
v -0.2256861 1.0275528 0.0592003
v -0.2048139 1.0231334 0.0590962
v -0.2143782 1.0146890 0.0745716
v -0.2143139 1.0275528 0.0592003
v -0.2200000 1.0225325 0.0684006
v -0.2200000 0.9663367 0.0836678
v -0.2200000 0.9936633 0.0836678
v -0.2351861 0.9368666 0.0409038
v -0.2256218 0.9453110 0.0254284
v -0.2256861 0.9324472 0.0407997
v -0.2048139 0.9368666 0.0409038
v -0.2143782 0.9453110 0.0254284
v -0.2143139 0.9324472 0.0407997
v -0.2200000 0.9374675 0.0315994
v -0.2351861 1.0231334 0.0409038
v -0.2256218 1.0146890 0.0254284
v -0.2256861 1.0275528 0.0407997
v -0.2048139 1.0231334 0.0409038
v -0.2143782 1.0146890 0.0254284
v -0.2143139 1.0275528 0.0407997
v -0.2200000 1.0225325 0.0315994
v -0.2200000 0.9663367 0.0163322
v -0.2200000 0.9936633 0.0163322
v -0.1957177 1.0151023 0.0443782
v -0.1898066 0.9929946 0.0348139
v -0.1994275 1.0144095 0.0351136
v -0.1957177 0.9448977 0.0443782
v -0.1898066 0.9670054 0.0348139
v -0.1994275 0.9455905 0.0351136
v -0.2109038 0.9583056 0.0198066
v -0.1954284 0.9719689 0.0257177
v -0.2051136 0.9506107 0.0259133
v -0.2107997 0.9718770 0.0167130
v -0.1959133 0.9587337 0.0294275
v -0.2109038 1.0016944 0.0198066
v -0.1954284 0.9880311 0.0257177
v -0.2051136 1.0093893 0.0259133
v -0.2107997 0.9881230 0.0167130
v -0.1959133 1.0012663 0.0294275
v -0.2015994 0.9800000 0.0202272
v -0.1957177 1.0151023 0.0556218
v -0.1898066 0.9929946 0.0651861
v -0.1994275 1.0144095 0.0648864
v -0.1902272 1.0062866 0.0500000
v -0.1957177 0.9448977 0.0556218
v -0.1898066 0.9670054 0.0651861
v -0.1994275 0.9455905 0.0648864
v -0.1902272 0.9537134 0.0500000
v -0.2109038 0.9583056 0.0801934
v -0.1954284 0.9719689 0.0742823
v -0.2051136 0.9506107 0.0740867
v -0.2107997 0.9718770 0.0832870
v -0.1959133 0.9587337 0.0705725
v -0.2109038 1.0016944 0.0801934
v -0.1954284 0.9880311 0.0742823
v -0.2051136 1.0093893 0.0740867
v -0.2107997 0.9881230 0.0832870
v -0.1959133 1.0012663 0.0705725
v -0.2015994 0.9800000 0.0797728
v -0.1863322 0.9800000 0.0404357
v -0.1863322 0.9800000 0.0595643
v -0.1867130 0.9931433 0.0443139
v -0.1867130 0.9668567 0.0443139
v -0.1867130 0.9931433 0.0556861
v -0.1867130 0.9668567 0.0556861
v -0.2442823 1.0151023 0.0443782
v -0.2501934 0.9929946 0.0348139
v -0.2405725 1.0144095 0.0351136
v -0.2442823 0.9448977 0.0443782
v -0.2501934 0.9670054 0.0348139
v -0.2405725 0.9455905 0.0351136
v -0.2290962 0.9583056 0.0198066
v -0.2445716 0.9719689 0.0257177
v -0.2348864 0.9506107 0.0259133
v -0.2292003 0.9718770 0.0167130
v -0.2440867 0.9587337 0.0294275
v -0.2290962 1.0016944 0.0198066
v -0.2445716 0.9880311 0.0257177
v -0.2348864 1.0093893 0.0259133
v -0.2292003 0.9881230 0.0167130
v -0.2440867 1.0012663 0.0294275
v -0.2384006 0.9800000 0.0202272
v -0.2442823 1.0151023 0.0556218
v -0.2501934 0.9929946 0.0651861
v -0.2405725 1.0144095 0.0648864
v -0.2497728 1.0062866 0.0500000
v -0.2442823 0.9448977 0.0556218
v -0.2501934 0.9670054 0.0651861
v -0.2405725 0.9455905 0.0648864
v -0.2497728 0.9537134 0.0500000
v -0.2290962 0.9583056 0.0801934
v -0.2445716 0.9719689 0.0742823
v -0.2348864 0.9506107 0.0740867
v -0.2292003 0.9718770 0.0832870
v -0.2440867 0.9587337 0.0705725
v -0.2290962 1.0016944 0.0801934
v -0.2445716 0.9880311 0.0742823
v -0.2348864 1.0093893 0.0740867
v -0.2292003 0.9881230 0.0832870
v -0.2440867 1.0012663 0.0705725
v -0.2384006 0.9800000 0.0797728
v -0.2536678 0.9800000 0.0404357
v -0.2536678 0.9800000 0.0595643
v -0.2532870 0.9931433 0.0443139
v -0.2532870 0.9668567 0.0443139
v -0.2532870 0.9931433 0.0556861
v -0.2532870 0.9668567 0.0556861
v 0.2015994 1.0225325 0.0500000
v 0.2384006 1.0225325 0.0500000
v 0.2015994 0.9374675 0.0500000
v 0.2384006 0.9374675 0.0500000
v 0.2200000 0.9537134 0.0797728
v 0.2200000 1.0062866 0.0797728
v 0.2200000 0.9537134 0.0202272
v 0.2200000 1.0062866 0.0202272
v 0.2497728 0.9800000 0.0315994
v 0.2497728 0.9800000 0.0684006
v 0.1902272 0.9800000 0.0315994
v 0.1902272 0.9800000 0.0684006
v 0.2200000 1.0300000 0.0500000
v 0.2200000 0.9300000 0.0500000
v 0.2091844 0.9395492 0.0675000
v 0.2308156 0.9395492 0.0675000
v 0.2091844 1.0204508 0.0675000
v 0.2308156 1.0204508 0.0675000
v 0.2200000 0.9800000 0.0850000
v 0.2091844 0.9395492 0.0325000
v 0.2308156 0.9395492 0.0325000
v 0.2091844 1.0204508 0.0325000
v 0.2308156 1.0204508 0.0325000
v 0.2200000 0.9800000 0.0150000
v 0.2483156 1.0050000 0.0391844
v 0.2483156 0.9550000 0.0391844
v 0.2375000 0.9645492 0.0216844
v 0.2375000 0.9954508 0.0216844
v 0.2483156 1.0050000 0.0608156
v 0.2483156 0.9550000 0.0608156
v 0.2375000 0.9645492 0.0783156
v 0.2375000 0.9954508 0.0783156
v 0.2550000 0.9800000 0.0500000
v 0.1916844 1.0050000 0.0391844
v 0.1916844 0.9550000 0.0391844
v 0.2025000 0.9645492 0.0216844
v 0.2025000 0.9954508 0.0216844
v 0.1916844 1.0050000 0.0608156
v 0.1916844 0.9550000 0.0608156
v 0.2025000 0.9645492 0.0783156
v 0.2025000 0.9954508 0.0783156
v 0.1850000 0.9800000 0.0500000
v 0.2104357 1.0280969 0.0500000
v 0.2295643 1.0280969 0.0500000
v 0.2104357 0.9319031 0.0500000
v 0.2295643 0.9319031 0.0500000
v 0.2048139 0.9368666 0.0590962
v 0.2143782 0.9453110 0.0745716
v 0.2143139 0.9324472 0.0592003
v 0.2351861 0.9368666 0.0590962
v 0.2256218 0.9453110 0.0745716
v 0.2256861 0.9324472 0.0592003
v 0.2200000 0.9374675 0.0684006
v 0.2048139 1.0231334 0.0590962
v 0.2143782 1.0146890 0.0745716
v 0.2143139 1.0275528 0.0592003
v 0.2351861 1.0231334 0.0590962
v 0.2256218 1.0146890 0.0745716
v 0.2256861 1.0275528 0.0592003
v 0.2200000 1.0225325 0.0684006
v 0.2200000 0.9663367 0.0836678
v 0.2200000 0.9936633 0.0836678
v 0.2048139 0.9368666 0.0409038
v 0.2143782 0.9453110 0.0254284
v 0.2143139 0.9324472 0.0407997
v 0.2351861 0.9368666 0.0409038
v 0.2256218 0.9453110 0.0254284
v 0.2256861 0.9324472 0.0407997
v 0.2200000 0.9374675 0.0315994
v 0.2048139 1.0231334 0.0409038
v 0.2143782 1.0146890 0.0254284
v 0.2143139 1.0275528 0.0407997
v 0.2351861 1.0231334 0.0409038
v 0.2256218 1.0146890 0.0254284
v 0.2256861 1.0275528 0.0407997
v 0.2200000 1.0225325 0.0315994
v 0.2200000 0.9663367 0.0163322
v 0.2200000 0.9936633 0.0163322
v 0.2442823 1.0151023 0.0443782
v 0.2501934 0.9929946 0.0348139
v 0.2405725 1.0144095 0.0351136
v 0.2442823 0.9448977 0.0443782
v 0.2501934 0.9670054 0.0348139
v 0.2405725 0.9455905 0.0351136
v 0.2290962 0.9583056 0.0198066
v 0.2445716 0.9719689 0.0257177
v 0.2348864 0.9506107 0.0259133
v 0.2292003 0.9718770 0.0167130
v 0.2440867 0.9587337 0.0294275
v 0.2290962 1.0016944 0.0198066
v 0.2445716 0.9880311 0.0257177
v 0.2348864 1.0093893 0.0259133
v 0.2292003 0.9881230 0.0167130
v 0.2440867 1.0012663 0.0294275
v 0.2384006 0.9800000 0.0202272
v 0.2442823 1.0151023 0.0556218
v 0.2501934 0.9929946 0.0651861
v 0.2405725 1.0144095 0.0648864
v 0.2497728 1.0062866 0.0500000
v 0.2442823 0.9448977 0.0556218
v 0.2501934 0.9670054 0.0651861
v 0.2405725 0.9455905 0.0648864
v 0.2497728 0.9537134 0.0500000
v 0.2290962 0.9583056 0.0801934
v 0.2445716 0.9719689 0.0742823
v 0.2348864 0.9506107 0.0740867
v 0.2292003 0.9718770 0.0832870
v 0.2440867 0.9587337 0.0705725
v 0.2290962 1.0016944 0.0801934
v 0.2445716 0.9880311 0.0742823
v 0.2348864 1.0093893 0.0740867
v 0.2292003 0.9881230 0.0832870
v 0.2440867 1.0012663 0.0705725
v 0.2384006 0.9800000 0.0797728
v 0.2536678 0.9800000 0.0404357
v 0.2536678 0.9800000 0.0595643
v 0.2532870 0.9931433 0.0443139
v 0.2532870 0.9668567 0.0443139
v 0.2532870 0.9931433 0.0556861
v 0.2532870 0.9668567 0.0556861
v 0.1957177 1.0151023 0.0443782
v 0.1898066 0.9929946 0.0348139
v 0.1994275 1.0144095 0.0351136
v 0.1957177 0.9448977 0.0443782
v 0.1898066 0.9670054 0.0348139
v 0.1994275 0.9455905 0.0351136
v 0.2109038 0.9583056 0.0198066
v 0.1954284 0.9719689 0.0257177
v 0.2051136 0.9506107 0.0259133
v 0.2107997 0.9718770 0.0167130
v 0.1959133 0.9587337 0.0294275
v 0.2109038 1.0016944 0.0198066
v 0.1954284 0.9880311 0.0257177
v 0.2051136 1.0093893 0.0259133
v 0.2107997 0.9881230 0.0167130
v 0.1959133 1.0012663 0.0294275
v 0.2015994 0.9800000 0.0202272
v 0.1957177 1.0151023 0.0556218
v 0.1898066 0.9929946 0.0651861
v 0.1994275 1.0144095 0.0648864
v 0.1902272 1.0062866 0.0500000
v 0.1957177 0.9448977 0.0556218
v 0.1898066 0.9670054 0.0651861
v 0.1994275 0.9455905 0.0648864
v 0.1902272 0.9537134 0.0500000
v 0.2109038 0.9583056 0.0801934
v 0.1954284 0.9719689 0.0742823
v 0.2051136 0.9506107 0.0740867
v 0.2107997 0.9718770 0.0832870
v 0.1959133 0.9587337 0.0705725
v 0.2109038 1.0016944 0.0801934
v 0.1954284 0.9880311 0.0742823
v 0.2051136 1.0093893 0.0740867
v 0.2107997 0.9881230 0.0832870
v 0.1959133 1.0012663 0.0705725
v 0.2015994 0.9800000 0.0797728
v 0.1863322 0.9800000 0.0404357
v 0.1863322 0.9800000 0.0595643
v 0.1867130 0.9931433 0.0443139
v 0.1867130 0.9668567 0.0443139
v 0.1867130 0.9931433 0.0556861
v 0.1867130 0.9668567 0.0556861
v -0.1984006 0.2225325 0.0500000
v -0.1615994 0.2225325 0.0500000
v -0.1984006 0.1374675 0.0500000
v -0.1615994 0.1374675 0.0500000
v -0.1800000 0.1537134 0.0797728
v -0.1800000 0.2062866 0.0797728
v -0.1800000 0.1537134 0.0202272
v -0.1800000 0.2062866 0.0202272
v -0.1502272 0.1800000 0.0315994
v -0.1502272 0.1800000 0.0684006
v -0.2097728 0.1800000 0.0315994
v -0.2097728 0.1800000 0.0684006
v -0.1800000 0.2300000 0.0500000
v -0.1800000 0.1300000 0.0500000
v -0.1908156 0.1395492 0.0675000
v -0.1691844 0.1395492 0.0675000
v -0.1908156 0.2204508 0.0675000
v -0.1691844 0.2204508 0.0675000
v -0.1800000 0.1800000 0.0850000
v -0.1908156 0.1395492 0.0325000
v -0.1691844 0.1395492 0.0325000
v -0.1908156 0.2204508 0.0325000
v -0.1691844 0.2204508 0.0325000
v -0.1800000 0.1800000 0.0150000
v -0.1516844 0.2050000 0.0391844
v -0.1516844 0.1550000 0.0391844
v -0.1625000 0.1645492 0.0216844
v -0.1625000 0.1954508 0.0216844
v -0.1516844 0.2050000 0.0608156
v -0.1516844 0.1550000 0.0608156
v -0.1625000 0.1645492 0.0783156
v -0.1625000 0.1954508 0.0783156
v -0.1450000 0.1800000 0.0500000
v -0.2083156 0.2050000 0.0391844
v -0.2083156 0.1550000 0.0391844
v -0.1975000 0.1645492 0.0216844
v -0.1975000 0.1954508 0.0216844
v -0.2083156 0.2050000 0.0608156
v -0.2083156 0.1550000 0.0608156
v -0.1975000 0.1645492 0.0783156
v -0.1975000 0.1954508 0.0783156
v -0.2150000 0.1800000 0.0500000
v -0.1895643 0.2280969 0.0500000
v -0.1704357 0.2280969 0.0500000
v -0.1895643 0.1319031 0.0500000
v -0.1704357 0.1319031 0.0500000
v -0.1951861 0.1368666 0.0590962
v -0.1856218 0.1453110 0.0745716
v -0.1856861 0.1324472 0.0592003
v -0.1648139 0.1368666 0.0590962
v -0.1743782 0.1453110 0.0745716
v -0.1743139 0.1324472 0.0592003
v -0.1800000 0.1374675 0.0684006
v -0.1951861 0.2231334 0.0590962
v -0.1856218 0.2146890 0.0745716
v -0.1856861 0.2275528 0.0592003
v -0.1648139 0.2231334 0.0590962
v -0.1743782 0.2146890 0.0745716
v -0.1743139 0.2275528 0.0592003
v -0.1800000 0.2225325 0.0684006
v -0.1800000 0.1663367 0.0836678
v -0.1800000 0.1936633 0.0836678
v -0.1951861 0.1368666 0.0409038
v -0.1856218 0.1453110 0.0254284
v -0.1856861 0.1324472 0.0407997
v -0.1648139 0.1368666 0.0409038
v -0.1743782 0.1453110 0.0254284
v -0.1743139 0.1324472 0.0407997
v -0.1800000 0.1374675 0.0315994
v -0.1951861 0.2231334 0.0409038
v -0.1856218 0.2146890 0.0254284
v -0.1856861 0.2275528 0.0407997
v -0.1648139 0.2231334 0.0409038
v -0.1743782 0.2146890 0.0254284
v -0.1743139 0.2275528 0.0407997
v -0.1800000 0.2225325 0.0315994
v -0.1800000 0.1663367 0.0163322
v -0.1800000 0.1936633 0.0163322
v -0.1557177 0.2151023 0.0443782
v -0.1498066 0.1929946 0.0348139
v -0.1594275 0.2144095 0.0351136
v -0.1557177 0.1448977 0.0443782
v -0.1498066 0.1670054 0.0348139
v -0.1594275 0.1455905 0.0351136
v -0.1709038 0.1583056 0.0198066
v -0.1554284 0.1719689 0.0257177
v -0.1651136 0.1506107 0.0259133
v -0.1707997 0.1718770 0.0167130
v -0.1559133 0.1587337 0.0294275
v -0.1709038 0.2016944 0.0198066
v -0.1554284 0.1880311 0.0257177
v -0.1651136 0.2093893 0.0259133
v -0.1707997 0.1881230 0.0167130
v -0.1559133 0.2012663 0.0294275
v -0.1615994 0.1800000 0.0202272
v -0.1557177 0.2151023 0.0556218
v -0.1498066 0.1929946 0.0651861
v -0.1594275 0.2144095 0.0648864
v -0.1502272 0.2062866 0.0500000
v -0.1557177 0.1448977 0.0556218
v -0.1498066 0.1670054 0.0651861
v -0.1594275 0.1455905 0.0648864
v -0.1502272 0.1537134 0.0500000
v -0.1709038 0.1583056 0.0801934
v -0.1554284 0.1719689 0.0742823
v -0.1651136 0.1506107 0.0740867
v -0.1707997 0.1718770 0.0832870
v -0.1559133 0.1587337 0.0705725
v -0.1709038 0.2016944 0.0801934
v -0.1554284 0.1880311 0.0742823
v -0.1651136 0.2093893 0.0740867
v -0.1707997 0.1881230 0.0832870
v -0.1559133 0.2012663 0.0705725
v -0.1615994 0.1800000 0.0797728
v -0.1463322 0.1800000 0.0404357
v -0.1463322 0.1800000 0.0595643
v -0.1467130 0.1931433 0.0443139
v -0.1467130 0.1668567 0.0443139
v -0.1467130 0.1931433 0.0556861
v -0.1467130 0.1668567 0.0556861
v -0.2042823 0.2151023 0.0443782
v -0.2101934 0.1929946 0.0348139
v -0.2005725 0.2144095 0.0351136
v -0.2042823 0.1448977 0.0443782
v -0.2101934 0.1670054 0.0348139
v -0.2005725 0.1455905 0.0351136
v -0.1890962 0.1583056 0.0198066
v -0.2045716 0.1719689 0.0257177
v -0.1948864 0.1506107 0.0259133
v -0.1892003 0.1718770 0.0167130
v -0.2040867 0.1587337 0.0294275
v -0.1890962 0.2016944 0.0198066
v -0.2045716 0.1880311 0.0257177
v -0.1948864 0.2093893 0.0259133
v -0.1892003 0.1881230 0.0167130
v -0.2040867 0.2012663 0.0294275
v -0.1984006 0.1800000 0.0202272
v -0.2042823 0.2151023 0.0556218
v -0.2101934 0.1929946 0.0651861
v -0.2005725 0.2144095 0.0648864
v -0.2097728 0.2062866 0.0500000
v -0.2042823 0.1448977 0.0556218
v -0.2101934 0.1670054 0.0651861
v -0.2005725 0.1455905 0.0648864
v -0.2097728 0.1537134 0.0500000
v -0.1890962 0.1583056 0.0801934
v -0.2045716 0.1719689 0.0742823
v -0.1948864 0.1506107 0.0740867
v -0.1892003 0.1718770 0.0832870
v -0.2040867 0.1587337 0.0705725
v -0.1890962 0.2016944 0.0801934
v -0.2045716 0.1880311 0.0742823
v -0.1948864 0.2093893 0.0740867
v -0.1892003 0.1881230 0.0832870
v -0.2040867 0.2012663 0.0705725
v -0.1984006 0.1800000 0.0797728
v -0.2136678 0.1800000 0.0404357
v -0.2136678 0.1800000 0.0595643
v -0.2132870 0.1931433 0.0443139
v -0.2132870 0.1668567 0.0443139
v -0.2132870 0.1931433 0.0556861
v -0.2132870 0.1668567 0.0556861
v 0.1615994 0.2225325 0.0500000
v 0.1984006 0.2225325 0.0500000
v 0.1615994 0.1374675 0.0500000
v 0.1984006 0.1374675 0.0500000
v 0.1800000 0.1537134 0.0797728
v 0.1800000 0.2062866 0.0797728
v 0.1800000 0.1537134 0.0202272
v 0.1800000 0.2062866 0.0202272
v 0.2097728 0.1800000 0.0315994
v 0.2097728 0.1800000 0.0684006
v 0.1502272 0.1800000 0.0315994
v 0.1502272 0.1800000 0.0684006
v 0.1800000 0.2300000 0.0500000
v 0.1800000 0.1300000 0.0500000
v 0.1691844 0.1395492 0.0675000
v 0.1908156 0.1395492 0.0675000
v 0.1691844 0.2204508 0.0675000
v 0.1908156 0.2204508 0.0675000
v 0.1800000 0.1800000 0.0850000
v 0.1691844 0.1395492 0.0325000
v 0.1908156 0.1395492 0.0325000
v 0.1691844 0.2204508 0.0325000
v 0.1908156 0.2204508 0.0325000
v 0.1800000 0.1800000 0.0150000
v 0.2083156 0.2050000 0.0391844
v 0.2083156 0.1550000 0.0391844
v 0.1975000 0.1645492 0.0216844
v 0.1975000 0.1954508 0.0216844
v 0.2083156 0.2050000 0.0608156
v 0.2083156 0.1550000 0.0608156
v 0.1975000 0.1645492 0.0783156
v 0.1975000 0.1954508 0.0783156
v 0.2150000 0.1800000 0.0500000
v 0.1516844 0.2050000 0.0391844
v 0.1516844 0.1550000 0.0391844
v 0.1625000 0.1645492 0.0216844
v 0.1625000 0.1954508 0.0216844
v 0.1516844 0.2050000 0.0608156
v 0.1516844 0.1550000 0.0608156
v 0.1625000 0.1645492 0.0783156
v 0.1625000 0.1954508 0.0783156
v 0.1450000 0.1800000 0.0500000
v 0.1704357 0.2280969 0.0500000
v 0.1895643 0.2280969 0.0500000
v 0.1704357 0.1319031 0.0500000
v 0.1895643 0.1319031 0.0500000
v 0.1648139 0.1368666 0.0590962
v 0.1743782 0.1453110 0.0745716
v 0.1743139 0.1324472 0.0592003
v 0.1951861 0.1368666 0.0590962
v 0.1856218 0.1453110 0.0745716
v 0.1856861 0.1324472 0.0592003
v 0.1800000 0.1374675 0.0684006
v 0.1648139 0.2231334 0.0590962
v 0.1743782 0.2146890 0.0745716
v 0.1743139 0.2275528 0.0592003
v 0.1951861 0.2231334 0.0590962
v 0.1856218 0.2146890 0.0745716
v 0.1856861 0.2275528 0.0592003
v 0.1800000 0.2225325 0.0684006
v 0.1800000 0.1663367 0.0836678
v 0.1800000 0.1936633 0.0836678
v 0.1648139 0.1368666 0.0409038
v 0.1743782 0.1453110 0.0254284
v 0.1743139 0.1324472 0.0407997
v 0.1951861 0.1368666 0.0409038
v 0.1856218 0.1453110 0.0254284
v 0.1856861 0.1324472 0.0407997
v 0.1800000 0.1374675 0.0315994
v 0.1648139 0.2231334 0.0409038
v 0.1743782 0.2146890 0.0254284
v 0.1743139 0.2275528 0.0407997
v 0.1951861 0.2231334 0.0409038
v 0.1856218 0.2146890 0.0254284
v 0.1856861 0.2275528 0.0407997
v 0.1800000 0.2225325 0.0315994
v 0.1800000 0.1663367 0.0163322
v 0.1800000 0.1936633 0.0163322
v 0.2042823 0.2151023 0.0443782
v 0.2101934 0.1929946 0.0348139
v 0.2005725 0.2144095 0.0351136
v 0.2042823 0.1448977 0.0443782
v 0.2101934 0.1670054 0.0348139
v 0.2005725 0.1455905 0.0351136
v 0.1890962 0.1583056 0.0198066
v 0.2045716 0.1719689 0.0257177
v 0.1948864 0.1506107 0.0259133
v 0.1892003 0.1718770 0.0167130
v 0.2040867 0.1587337 0.0294275
v 0.1890962 0.2016944 0.0198066
v 0.2045716 0.1880311 0.0257177
v 0.1948864 0.2093893 0.0259133
v 0.1892003 0.1881230 0.0167130
v 0.2040867 0.2012663 0.0294275
v 0.1984006 0.1800000 0.0202272
v 0.2042823 0.2151023 0.0556218
v 0.2101934 0.1929946 0.0651861
v 0.2005725 0.2144095 0.0648864
v 0.2097728 0.2062866 0.0500000
v 0.2042823 0.1448977 0.0556218
v 0.2101934 0.1670054 0.0651861
v 0.2005725 0.1455905 0.0648864
v 0.2097728 0.1537134 0.0500000
v 0.1890962 0.1583056 0.0801934
v 0.2045716 0.1719689 0.0742823
v 0.1948864 0.1506107 0.0740867
v 0.1892003 0.1718770 0.0832870
v 0.2040867 0.1587337 0.0705725
v 0.1890962 0.2016944 0.0801934
v 0.2045716 0.1880311 0.0742823
v 0.1948864 0.2093893 0.0740867
v 0.1892003 0.1881230 0.0832870
v 0.2040867 0.2012663 0.0705725
v 0.1984006 0.1800000 0.0797728
v 0.2136678 0.1800000 0.0404357
v 0.2136678 0.1800000 0.0595643
v 0.2132870 0.1931433 0.0443139
v 0.2132870 0.1668567 0.0443139
v 0.2132870 0.1931433 0.0556861
v 0.2132870 0.1668567 0.0556861
v 0.1557177 0.2151023 0.0443782
v 0.1498066 0.1929946 0.0348139
v 0.1594275 0.2144095 0.0351136
v 0.1557177 0.1448977 0.0443782
v 0.1498066 0.1670054 0.0348139
v 0.1594275 0.1455905 0.0351136
v 0.1709038 0.1583056 0.0198066
v 0.1554284 0.1719689 0.0257177
v 0.1651136 0.1506107 0.0259133
v 0.1707997 0.1718770 0.0167130
v 0.1559133 0.1587337 0.0294275
v 0.1709038 0.2016944 0.0198066
v 0.1554284 0.1880311 0.0257177
v 0.1651136 0.2093893 0.0259133
v 0.1707997 0.1881230 0.0167130
v 0.1559133 0.2012663 0.0294275
v 0.1615994 0.1800000 0.0202272
v 0.1557177 0.2151023 0.0556218
v 0.1498066 0.1929946 0.0651861
v 0.1594275 0.2144095 0.0648864
v 0.1502272 0.2062866 0.0500000
v 0.1557177 0.1448977 0.0556218
v 0.1498066 0.1670054 0.0651861
v 0.1594275 0.1455905 0.0648864
v 0.1502272 0.1537134 0.0500000
v 0.1709038 0.1583056 0.0801934
v 0.1554284 0.1719689 0.0742823
v 0.1651136 0.1506107 0.0740867
v 0.1707997 0.1718770 0.0832870
v 0.1559133 0.1587337 0.0705725
v 0.1709038 0.2016944 0.0801934
v 0.1554284 0.1880311 0.0742823
v 0.1651136 0.2093893 0.0740867
v 0.1707997 0.1881230 0.0832870
v 0.1559133 0.2012663 0.0705725
v 0.1615994 0.1800000 0.0797728
v 0.1463322 0.1800000 0.0404357
v 0.1463322 0.1800000 0.0595643
v 0.1467130 0.1931433 0.0443139
v 0.1467130 0.1668567 0.0443139
v 0.1467130 0.1931433 0.0556861
v 0.1467130 0.1668567 0.0556861
v -0.1784006 -0.4074675 0.0500000
v -0.1415994 -0.4074675 0.0500000
v -0.1784006 -0.4925325 0.0500000
v -0.1415994 -0.4925325 0.0500000
v -0.1600000 -0.4762866 0.0797728
v -0.1600000 -0.4237134 0.0797728
v -0.1600000 -0.4762866 0.0202272
v -0.1600000 -0.4237134 0.0202272
v -0.1302272 -0.4500000 0.0315994
v -0.1302272 -0.4500000 0.0684006
v -0.1897728 -0.4500000 0.0315994
v -0.1897728 -0.4500000 0.0684006
v -0.1600000 -0.4000000 0.0500000
v -0.1600000 -0.5000000 0.0500000
v -0.1708156 -0.4904508 0.0675000
v -0.1491844 -0.4904508 0.0675000
v -0.1708156 -0.4095492 0.0675000
v -0.1491844 -0.4095492 0.0675000
v -0.1600000 -0.4500000 0.0850000
v -0.1708156 -0.4904508 0.0325000
v -0.1491844 -0.4904508 0.0325000
v -0.1708156 -0.4095492 0.0325000
v -0.1491844 -0.4095492 0.0325000
v -0.1600000 -0.4500000 0.0150000
v -0.1316844 -0.4250000 0.0391844
v -0.1316844 -0.4750000 0.0391844
v -0.1425000 -0.4654508 0.0216844
v -0.1425000 -0.4345492 0.0216844
v -0.1316844 -0.4250000 0.0608156
v -0.1316844 -0.4750000 0.0608156
v -0.1425000 -0.4654508 0.0783156
v -0.1425000 -0.4345492 0.0783156
v -0.1250000 -0.4500000 0.0500000
v -0.1883156 -0.4250000 0.0391844
v -0.1883156 -0.4750000 0.0391844
v -0.1775000 -0.4654508 0.0216844
v -0.1775000 -0.4345492 0.0216844
v -0.1883156 -0.4250000 0.0608156
v -0.1883156 -0.4750000 0.0608156
v -0.1775000 -0.4654508 0.0783156
v -0.1775000 -0.4345492 0.0783156
v -0.1950000 -0.4500000 0.0500000
v -0.1695643 -0.4019031 0.0500000
v -0.1504357 -0.4019031 0.0500000
v -0.1695643 -0.4980969 0.0500000
v -0.1504357 -0.4980969 0.0500000
v -0.1751861 -0.4931334 0.0590962
v -0.1656218 -0.4846890 0.0745716
v -0.1656861 -0.4975528 0.0592003
v -0.1448139 -0.4931334 0.0590962
v -0.1543782 -0.4846890 0.0745716
v -0.1543139 -0.4975528 0.0592003
v -0.1600000 -0.4925325 0.0684006
v -0.1751861 -0.4068666 0.0590962
v -0.1656218 -0.4153110 0.0745716
v -0.1656861 -0.4024472 0.0592003
v -0.1448139 -0.4068666 0.0590962
v -0.1543782 -0.4153110 0.0745716
v -0.1543139 -0.4024472 0.0592003
v -0.1600000 -0.4074675 0.0684006
v -0.1600000 -0.4636633 0.0836678
v -0.1600000 -0.4363367 0.0836678
v -0.1751861 -0.4931334 0.0409038
v -0.1656218 -0.4846890 0.0254284
v -0.1656861 -0.4975528 0.0407997
v -0.1448139 -0.4931334 0.0409038
v -0.1543782 -0.4846890 0.0254284
v -0.1543139 -0.4975528 0.0407997
v -0.1600000 -0.4925325 0.0315994
v -0.1751861 -0.4068666 0.0409038
v -0.1656218 -0.4153110 0.0254284
v -0.1656861 -0.4024472 0.0407997
v -0.1448139 -0.4068666 0.0409038
v -0.1543782 -0.4153110 0.0254284
v -0.1543139 -0.4024472 0.0407997
v -0.1600000 -0.4074675 0.0315994
v -0.1600000 -0.4636633 0.0163322
v -0.1600000 -0.4363367 0.0163322
v -0.1357177 -0.4148977 0.0443782
v -0.1298066 -0.4370054 0.0348139
v -0.1394275 -0.4155905 0.0351136
v -0.1357177 -0.4851023 0.0443782
v -0.1298066 -0.4629946 0.0348139
v -0.1394275 -0.4844095 0.0351136
v -0.1509038 -0.4716944 0.0198066
v -0.1354284 -0.4580311 0.0257177
v -0.1451136 -0.4793893 0.0259133
v -0.1507997 -0.4581230 0.0167130
v -0.1359133 -0.4712663 0.0294275
v -0.1509038 -0.4283056 0.0198066
v -0.1354284 -0.4419689 0.0257177
v -0.1451136 -0.4206107 0.0259133
v -0.1507997 -0.4418770 0.0167130
v -0.1359133 -0.4287337 0.0294275
v -0.1415994 -0.4500000 0.0202272
v -0.1357177 -0.4148977 0.0556218
v -0.1298066 -0.4370054 0.0651861
v -0.1394275 -0.4155905 0.0648864
v -0.1302272 -0.4237134 0.0500000
v -0.1357177 -0.4851023 0.0556218
v -0.1298066 -0.4629946 0.0651861
v -0.1394275 -0.4844095 0.0648864
v -0.1302272 -0.4762866 0.0500000
v -0.1509038 -0.4716944 0.0801934
v -0.1354284 -0.4580311 0.0742823
v -0.1451136 -0.4793893 0.0740867
v -0.1507997 -0.4581230 0.0832870
v -0.1359133 -0.4712663 0.0705725
v -0.1509038 -0.4283056 0.0801934
v -0.1354284 -0.4419689 0.0742823
v -0.1451136 -0.4206107 0.0740867
v -0.1507997 -0.4418770 0.0832870
v -0.1359133 -0.4287337 0.0705725
v -0.1415994 -0.4500000 0.0797728
v -0.1263322 -0.4500000 0.0404357
v -0.1263322 -0.4500000 0.0595643
v -0.1267130 -0.4368567 0.0443139
v -0.1267130 -0.4631433 0.0443139
v -0.1267130 -0.4368567 0.0556861
v -0.1267130 -0.4631433 0.0556861
v -0.1842823 -0.4148977 0.0443782
v -0.1901934 -0.4370054 0.0348139
v -0.1805725 -0.4155905 0.0351136
v -0.1842823 -0.4851023 0.0443782
v -0.1901934 -0.4629946 0.0348139
v -0.1805725 -0.4844095 0.0351136
v -0.1690962 -0.4716944 0.0198066
v -0.1845716 -0.4580311 0.0257177
v -0.1748864 -0.4793893 0.0259133
v -0.1692003 -0.4581230 0.0167130
v -0.1840867 -0.4712663 0.0294275
v -0.1690962 -0.4283056 0.0198066
v -0.1845716 -0.4419689 0.0257177
v -0.1748864 -0.4206107 0.0259133
v -0.1692003 -0.4418770 0.0167130
v -0.1840867 -0.4287337 0.0294275
v -0.1784006 -0.4500000 0.0202272
v -0.1842823 -0.4148977 0.0556218
v -0.1901934 -0.4370054 0.0651861
v -0.1805725 -0.4155905 0.0648864
v -0.1897728 -0.4237134 0.0500000
v -0.1842823 -0.4851023 0.0556218
v -0.1901934 -0.4629946 0.0651861
v -0.1805725 -0.4844095 0.0648864
v -0.1897728 -0.4762866 0.0500000
v -0.1690962 -0.4716944 0.0801934
v -0.1845716 -0.4580311 0.0742823
v -0.1748864 -0.4793893 0.0740867
v -0.1692003 -0.4581230 0.0832870
v -0.1840867 -0.4712663 0.0705725
v -0.1690962 -0.4283056 0.0801934
v -0.1845716 -0.4419689 0.0742823
v -0.1748864 -0.4206107 0.0740867
v -0.1692003 -0.4418770 0.0832870
v -0.1840867 -0.4287337 0.0705725
v -0.1784006 -0.4500000 0.0797728
v -0.1936678 -0.4500000 0.0404357
v -0.1936678 -0.4500000 0.0595643
v -0.1932870 -0.4368567 0.0443139
v -0.1932870 -0.4631433 0.0443139
v -0.1932870 -0.4368567 0.0556861
v -0.1932870 -0.4631433 0.0556861
v 0.1415994 -0.4074675 0.0500000
v 0.1784006 -0.4074675 0.0500000
v 0.1415994 -0.4925325 0.0500000
v 0.1784006 -0.4925325 0.0500000
v 0.1600000 -0.4762866 0.0797728
v 0.1600000 -0.4237134 0.0797728
v 0.1600000 -0.4762866 0.0202272
v 0.1600000 -0.4237134 0.0202272
v 0.1897728 -0.4500000 0.0315994
v 0.1897728 -0.4500000 0.0684006
v 0.1302272 -0.4500000 0.0315994
v 0.1302272 -0.4500000 0.0684006
v 0.1600000 -0.4000000 0.0500000
v 0.1600000 -0.5000000 0.0500000
v 0.1491844 -0.4904508 0.0675000
v 0.1708156 -0.4904508 0.0675000
v 0.1491844 -0.4095492 0.0675000
v 0.1708156 -0.4095492 0.0675000
v 0.1600000 -0.4500000 0.0850000
v 0.1491844 -0.4904508 0.0325000
v 0.1708156 -0.4904508 0.0325000
v 0.1491844 -0.4095492 0.0325000
v 0.1708156 -0.4095492 0.0325000
v 0.1600000 -0.4500000 0.0150000
v 0.1883156 -0.4250000 0.0391844
v 0.1883156 -0.4750000 0.0391844
v 0.1775000 -0.4654508 0.0216844
v 0.1775000 -0.4345492 0.0216844
v 0.1883156 -0.4250000 0.0608156
v 0.1883156 -0.4750000 0.0608156
v 0.1775000 -0.4654508 0.0783156
v 0.1775000 -0.4345492 0.0783156
v 0.1950000 -0.4500000 0.0500000
v 0.1316844 -0.4250000 0.0391844
v 0.1316844 -0.4750000 0.0391844
v 0.1425000 -0.4654508 0.0216844
v 0.1425000 -0.4345492 0.0216844
v 0.1316844 -0.4250000 0.0608156
v 0.1316844 -0.4750000 0.0608156
v 0.1425000 -0.4654508 0.0783156
v 0.1425000 -0.4345492 0.0783156
v 0.1250000 -0.4500000 0.0500000
v 0.1504357 -0.4019031 0.0500000
v 0.1695643 -0.4019031 0.0500000
v 0.1504357 -0.4980969 0.0500000
v 0.1695643 -0.4980969 0.0500000
v 0.1448139 -0.4931334 0.0590962
v 0.1543782 -0.4846890 0.0745716
v 0.1543139 -0.4975528 0.0592003
v 0.1751861 -0.4931334 0.0590962
v 0.1656218 -0.4846890 0.0745716
v 0.1656861 -0.4975528 0.0592003
v 0.1600000 -0.4925325 0.0684006
v 0.1448139 -0.4068666 0.0590962
v 0.1543782 -0.4153110 0.0745716
v 0.1543139 -0.4024472 0.0592003
v 0.1751861 -0.4068666 0.0590962
v 0.1656218 -0.4153110 0.0745716
v 0.1656861 -0.4024472 0.0592003
v 0.1600000 -0.4074675 0.0684006
v 0.1600000 -0.4636633 0.0836678
v 0.1600000 -0.4363367 0.0836678
v 0.1448139 -0.4931334 0.0409038
v 0.1543782 -0.4846890 0.0254284
v 0.1543139 -0.4975528 0.0407997
v 0.1751861 -0.4931334 0.0409038
v 0.1656218 -0.4846890 0.0254284
v 0.1656861 -0.4975528 0.0407997
v 0.1600000 -0.4925325 0.0315994
v 0.1448139 -0.4068666 0.0409038
v 0.1543782 -0.4153110 0.0254284
v 0.1543139 -0.4024472 0.0407997
v 0.1751861 -0.4068666 0.0409038
v 0.1656218 -0.4153110 0.0254284
v 0.1656861 -0.4024472 0.0407997
v 0.1600000 -0.4074675 0.0315994
v 0.1600000 -0.4636633 0.0163322
v 0.1600000 -0.4363367 0.0163322
v 0.1842823 -0.4148977 0.0443782
v 0.1901934 -0.4370054 0.0348139
v 0.1805725 -0.4155905 0.0351136
v 0.1842823 -0.4851023 0.0443782
v 0.1901934 -0.4629946 0.0348139
v 0.1805725 -0.4844095 0.0351136
v 0.1690962 -0.4716944 0.0198066
v 0.1845716 -0.4580311 0.0257177
v 0.1748864 -0.4793893 0.0259133
v 0.1692003 -0.4581230 0.0167130
v 0.1840867 -0.4712663 0.0294275
v 0.1690962 -0.4283056 0.0198066
v 0.1845716 -0.4419689 0.0257177
v 0.1748864 -0.4206107 0.0259133
v 0.1692003 -0.4418770 0.0167130
v 0.1840867 -0.4287337 0.0294275
v 0.1784006 -0.4500000 0.0202272
v 0.1842823 -0.4148977 0.0556218
v 0.1901934 -0.4370054 0.0651861
v 0.1805725 -0.4155905 0.0648864
v 0.1897728 -0.4237134 0.0500000
v 0.1842823 -0.4851023 0.0556218
v 0.1901934 -0.4629946 0.0651861
v 0.1805725 -0.4844095 0.0648864
v 0.1897728 -0.4762866 0.0500000
v 0.1690962 -0.4716944 0.0801934
v 0.1845716 -0.4580311 0.0742823
v 0.1748864 -0.4793893 0.0740867
v 0.1692003 -0.4581230 0.0832870
v 0.1840867 -0.4712663 0.0705725
v 0.1690962 -0.4283056 0.0801934
v 0.1845716 -0.4419689 0.0742823
v 0.1748864 -0.4206107 0.0740867
v 0.1692003 -0.4418770 0.0832870
v 0.1840867 -0.4287337 0.0705725
v 0.1784006 -0.4500000 0.0797728
v 0.1936678 -0.4500000 0.0404357
v 0.1936678 -0.4500000 0.0595643
v 0.1932870 -0.4368567 0.0443139
v 0.1932870 -0.4631433 0.0443139
v 0.1932870 -0.4368567 0.0556861
v 0.1932870 -0.4631433 0.0556861
v 0.1357177 -0.4148977 0.0443782
v 0.1298066 -0.4370054 0.0348139
v 0.1394275 -0.4155905 0.0351136
v 0.1357177 -0.4851023 0.0443782
v 0.1298066 -0.4629946 0.0348139
v 0.1394275 -0.4844095 0.0351136
v 0.1509038 -0.4716944 0.0198066
v 0.1354284 -0.4580311 0.0257177
v 0.1451136 -0.4793893 0.0259133
v 0.1507997 -0.4581230 0.0167130
v 0.1359133 -0.4712663 0.0294275
v 0.1509038 -0.4283056 0.0198066
v 0.1354284 -0.4419689 0.0257177
v 0.1451136 -0.4206107 0.0259133
v 0.1507997 -0.4418770 0.0167130
v 0.1359133 -0.4287337 0.0294275
v 0.1415994 -0.4500000 0.0202272
v 0.1357177 -0.4148977 0.0556218
v 0.1298066 -0.4370054 0.0651861
v 0.1394275 -0.4155905 0.0648864
v 0.1302272 -0.4237134 0.0500000
v 0.1357177 -0.4851023 0.0556218
v 0.1298066 -0.4629946 0.0651861
v 0.1394275 -0.4844095 0.0648864
v 0.1302272 -0.4762866 0.0500000
v 0.1509038 -0.4716944 0.0801934
v 0.1354284 -0.4580311 0.0742823
v 0.1451136 -0.4793893 0.0740867
v 0.1507997 -0.4581230 0.0832870
v 0.1359133 -0.4712663 0.0705725
v 0.1509038 -0.4283056 0.0801934
v 0.1354284 -0.4419689 0.0742823
v 0.1451136 -0.4206107 0.0740867
v 0.1507997 -0.4418770 0.0832870
v 0.1359133 -0.4287337 0.0705725
v 0.1415994 -0.4500000 0.0797728
v 0.1263322 -0.4500000 0.0404357
v 0.1263322 -0.4500000 0.0595643
v 0.1267130 -0.4368567 0.0443139
v 0.1267130 -0.4631433 0.0443139
v 0.1267130 -0.4368567 0.0556861
v 0.1267130 -0.4631433 0.0556861
vn -0.6543192 0.7562184 0.0000000
vn 0.6543192 0.7562184 0.0000000
vn -0.6543192 -0.7562184 0.0000000
vn 0.6543192 -0.7562184 0.0000000
vn 0.0000000 -0.4027060 0.9153294
vn 0.0000000 0.4027060 0.9153294
vn 0.0000000 -0.4027060 -0.9153294
vn -0.0000000 0.4027060 -0.9153294
vn 0.8501011 -0.0000000 -0.5266194
vn 0.8501011 0.0000000 0.5266194
vn -0.8501011 -0.0000000 -0.5266194
vn -0.8501011 -0.0000000 0.5266194
vn 0.0000000 1.0000000 0.0000000
vn -0.0000000 -1.0000000 0.0000000
vn -0.3733211 -0.7017929 0.6067273
vn 0.3733211 -0.7017929 0.6067273
vn -0.3733211 0.7017929 0.6067273
vn 0.3733211 0.7017929 0.6067273
vn 0.0000000 0.0000000 1.0000000
vn -0.3733211 -0.7017929 -0.6067273
vn 0.3733211 -0.7017929 -0.6067273
vn -0.3733211 0.7017929 -0.6067273
vn 0.3733211 0.7017929 -0.6067273
vn 0.0000000 0.0000000 -1.0000000
vn 0.8640373 0.3794640 -0.3308270
vn 0.8640373 -0.3794640 -0.3308270
vn 0.5126754 -0.2250591 -0.8285604
vn 0.5126754 0.2250591 -0.8285604
vn 0.8640373 0.3794640 0.3308270
vn 0.8640373 -0.3794640 0.3308270
vn 0.5126754 -0.2250591 0.8285604
vn 0.5126754 0.2250591 0.8285604
vn 1.0000000 0.0000000 0.0000000
vn -0.8640373 0.3794640 -0.3308270
vn -0.8640373 -0.3794640 -0.3308270
vn -0.5126754 -0.2250591 -0.8285604
vn -0.5126754 0.2250591 -0.8285604
vn -0.8640373 0.3794640 0.3308270
vn -0.8640373 -0.3794640 0.3308270
vn -0.5126754 -0.2250591 0.8285604
vn -0.5126754 0.2250591 0.8285604
vn -1.0000000 0.0000000 0.0000000
vn -0.3709904 0.9286367 0.0000000
vn 0.3709904 0.9286367 0.0000000
vn -0.3709904 -0.9286367 -0.0000000
vn 0.3709904 -0.9286367 0.0000000
vn -0.5443072 -0.7738246 0.3239216
vn -0.1813985 -0.5652140 0.8047532
vn -0.2048933 -0.9111403 0.3575501
vn 0.5443072 -0.7738246 0.3239216
vn 0.1813985 -0.5652140 0.8047532
vn 0.2048933 -0.9111403 0.3575501
vn -0.0000000 -0.7650599 0.6439591
vn -0.5443072 0.7738246 0.3239216
vn -0.1813985 0.5652140 0.8047532
vn -0.2048933 0.9111403 0.3575501
vn 0.5443072 0.7738246 0.3239216
vn 0.1813985 0.5652140 0.8047532
vn 0.2048933 0.9111403 0.3575501
vn 0.0000000 0.7650599 0.6439591
vn 0.0000000 -0.2005335 0.9796868
vn 0.0000000 0.2005335 0.9796868
vn -0.5443072 -0.7738246 -0.3239216
vn -0.1813985 -0.5652140 -0.8047532
vn -0.2048933 -0.9111403 -0.3575501
vn 0.5443072 -0.7738246 -0.3239216
vn 0.1813985 -0.5652140 -0.8047532
vn 0.2048933 -0.9111403 -0.3575501
vn 0.0000000 -0.7650599 -0.6439591
vn -0.5443072 0.7738246 -0.3239216
vn -0.1813985 0.5652140 -0.8047532
vn -0.2048933 0.9111403 -0.3575501
vn 0.5443072 0.7738246 -0.3239216
vn 0.1813985 0.5652140 -0.8047532
vn 0.2048933 0.9111403 -0.3575501
vn -0.0000000 0.7650599 -0.6439591
vn 0.0000000 -0.2005335 -0.9796868
vn -0.0000000 0.2005335 -0.9796868
vn 0.7966620 0.5761941 -0.1825652
vn 0.8768533 0.1856022 -0.4434864
vn 0.6687336 0.5551636 -0.4945591
vn 0.7966620 -0.5761941 -0.1825652
vn 0.8768533 -0.1856022 -0.4434864
vn 0.6687336 -0.5551636 -0.4945591
vn 0.2718717 -0.3235936 -0.9062963
vn 0.7078650 -0.1149117 -0.6969379
vn 0.4758959 -0.4594922 -0.7499267
vn 0.2708612 -0.1097420 -0.9563425
vn 0.7162430 -0.3247531 -0.6176823
vn 0.2718717 0.3235936 -0.9062963
vn 0.7078650 0.1149117 -0.6969379
vn 0.4758959 0.4594922 -0.7499267
vn 0.2708612 0.1097420 -0.9563425
vn 0.7162430 0.3247531 -0.6176823
vn 0.5177800 0.0000000 -0.8555138
vn 0.7966620 0.5761941 0.1825652
vn 0.8768533 0.1856022 0.4434864
vn 0.6687336 0.5551636 0.4945591
vn 0.9189525 0.3943683 0.0000000
vn 0.7966620 -0.5761941 0.1825652
vn 0.8768533 -0.1856022 0.4434864
vn 0.6687336 -0.5551636 0.4945591
vn 0.9189525 -0.3943683 0.0000000
vn 0.2718717 -0.3235936 0.9062963
vn 0.7078650 -0.1149117 0.6969379
vn 0.4758959 -0.4594922 0.7499267
vn 0.2708612 -0.1097420 0.9563425
vn 0.7162430 -0.3247531 0.6176823
vn 0.2718717 0.3235936 0.9062963
vn 0.7078650 0.1149117 0.6969379
vn 0.4758959 0.4594922 0.7499267
vn 0.2708612 0.1097420 0.9563425
vn 0.7162430 0.3247531 0.6176823
vn 0.5177800 0.0000000 0.8555138
vn 0.9616830 0.0000000 -0.2741640
vn 0.9616830 0.0000000 0.2741640
vn 0.9686048 0.1934429 -0.1561555
vn 0.9686048 -0.1934429 -0.1561555
vn 0.9686048 0.1934429 0.1561555
vn 0.9686048 -0.1934429 0.1561555
vn -0.7966620 0.5761941 -0.1825652
vn -0.8768533 0.1856022 -0.4434864
vn -0.6687336 0.5551636 -0.4945591
vn -0.7966620 -0.5761941 -0.1825652
vn -0.8768533 -0.1856022 -0.4434864
vn -0.6687336 -0.5551636 -0.4945591
vn -0.2718717 -0.3235936 -0.9062963
vn -0.7078650 -0.1149117 -0.6969379
vn -0.4758959 -0.4594922 -0.7499267
vn -0.2708612 -0.1097420 -0.9563425
vn -0.7162430 -0.3247531 -0.6176823
vn -0.2718717 0.3235936 -0.9062963
vn -0.7078650 0.1149117 -0.6969379
vn -0.4758959 0.4594922 -0.7499267
vn -0.2708612 0.1097420 -0.9563425
vn -0.7162430 0.3247531 -0.6176823
vn -0.5177800 -0.0000000 -0.8555138
vn -0.7966620 0.5761941 0.1825652
vn -0.8768533 0.1856022 0.4434864
vn -0.6687336 0.5551636 0.4945591
vn -0.9189525 0.3943683 0.0000000
vn -0.7966620 -0.5761941 0.1825652
vn -0.8768533 -0.1856022 0.4434864
vn -0.6687336 -0.5551636 0.4945591
vn -0.9189525 -0.3943683 -0.0000000
vn -0.2718717 -0.3235936 0.9062963
vn -0.7078650 -0.1149117 0.6969379
vn -0.4758959 -0.4594922 0.7499267
vn -0.2708612 -0.1097420 0.9563425
vn -0.7162430 -0.3247531 0.6176823
vn -0.2718717 0.3235936 0.9062963
vn -0.7078650 0.1149117 0.6969379
vn -0.4758959 0.4594922 0.7499267
vn -0.2708612 0.1097420 0.9563425
vn -0.7162430 0.3247531 0.6176823
vn -0.5177800 0.0000000 0.8555138
vn -0.9616830 -0.0000000 -0.2741640
vn -0.9616830 -0.0000000 0.2741640
vn -0.9686048 0.1934429 -0.1561555
vn -0.9686048 -0.1934429 -0.1561555
vn -0.9686048 0.1934429 0.1561555
vn -0.9686048 -0.1934429 0.1561555
vn -0.6543192 0.7562184 0.0000000
vn 0.6543192 0.7562184 0.0000000
vn -0.6543192 -0.7562184 0.0000000
vn 0.6543192 -0.7562184 0.0000000
vn 0.0000000 -0.4027060 0.9153294
vn 0.0000000 0.4027060 0.9153294
vn 0.0000000 -0.4027060 -0.9153294
vn -0.0000000 0.4027060 -0.9153294
vn 0.8501011 0.0000000 -0.5266194
vn 0.8501011 0.0000000 0.5266194
vn -0.8501011 0.0000000 -0.5266194
vn -0.8501011 -0.0000000 0.5266194
vn 0.0000000 1.0000000 0.0000000
vn -0.0000000 -1.0000000 0.0000000
vn -0.3733211 -0.7017929 0.6067273
vn 0.3733211 -0.7017929 0.6067273
vn -0.3733211 0.7017929 0.6067273
vn 0.3733211 0.7017929 0.6067273
vn 0.0000000 0.0000000 1.0000000
vn -0.3733211 -0.7017929 -0.6067273
vn 0.3733211 -0.7017929 -0.6067273
vn -0.3733211 0.7017929 -0.6067273
vn 0.3733211 0.7017929 -0.6067273
vn 0.0000000 0.0000000 -1.0000000
vn 0.8640373 0.3794640 -0.3308270
vn 0.8640373 -0.3794640 -0.3308270
vn 0.5126754 -0.2250591 -0.8285604
vn 0.5126754 0.2250591 -0.8285604
vn 0.8640373 0.3794640 0.3308270
vn 0.8640373 -0.3794640 0.3308270
vn 0.5126754 -0.2250591 0.8285604
vn 0.5126754 0.2250591 0.8285604
vn 1.0000000 0.0000000 0.0000000
vn -0.8640373 0.3794640 -0.3308270
vn -0.8640373 -0.3794640 -0.3308270
vn -0.5126754 -0.2250591 -0.8285604
vn -0.5126754 0.2250591 -0.8285604
vn -0.8640373 0.3794640 0.3308270
vn -0.8640373 -0.3794640 0.3308270
vn -0.5126754 -0.2250591 0.8285604
vn -0.5126754 0.2250591 0.8285604
vn -1.0000000 -0.0000000 0.0000000
vn -0.3709904 0.9286367 0.0000000
vn 0.3709904 0.9286367 0.0000000
vn -0.3709904 -0.9286367 -0.0000000
vn 0.3709904 -0.9286367 0.0000000
vn -0.5443072 -0.7738246 0.3239216
vn -0.1813985 -0.5652140 0.8047532
vn -0.2048933 -0.9111403 0.3575501
vn 0.5443072 -0.7738246 0.3239216
vn 0.1813985 -0.5652140 0.8047532
vn 0.2048933 -0.9111403 0.3575501
vn -0.0000000 -0.7650599 0.6439591
vn -0.5443072 0.7738246 0.3239216
vn -0.1813985 0.5652140 0.8047532
vn -0.2048933 0.9111403 0.3575501
vn 0.5443072 0.7738246 0.3239216
vn 0.1813985 0.5652140 0.8047532
vn 0.2048933 0.9111403 0.3575501
vn 0.0000000 0.7650599 0.6439591
vn 0.0000000 -0.2005335 0.9796868
vn 0.0000000 0.2005335 0.9796868
vn -0.5443072 -0.7738246 -0.3239216
vn -0.1813985 -0.5652140 -0.8047532
vn -0.2048933 -0.9111403 -0.3575501
vn 0.5443072 -0.7738246 -0.3239216
vn 0.1813985 -0.5652140 -0.8047532
vn 0.2048933 -0.9111403 -0.3575501
vn 0.0000000 -0.7650599 -0.6439591
vn -0.5443072 0.7738246 -0.3239216
vn -0.1813985 0.5652140 -0.8047532
vn -0.2048933 0.9111403 -0.3575501
vn 0.5443072 0.7738246 -0.3239216
vn 0.1813985 0.5652140 -0.8047532
vn 0.2048933 0.9111403 -0.3575501
vn -0.0000000 0.7650599 -0.6439591
vn 0.0000000 -0.2005335 -0.9796868
vn -0.0000000 0.2005335 -0.9796868
vn 0.7966620 0.5761941 -0.1825652
vn 0.8768533 0.1856022 -0.4434864
vn 0.6687336 0.5551636 -0.4945591
vn 0.7966620 -0.5761941 -0.1825652
vn 0.8768533 -0.1856022 -0.4434864
vn 0.6687336 -0.5551636 -0.4945591
vn 0.2718717 -0.3235936 -0.9062963
vn 0.7078650 -0.1149117 -0.6969379
vn 0.4758959 -0.4594922 -0.7499267
vn 0.2708612 -0.1097420 -0.9563425
vn 0.7162430 -0.3247531 -0.6176823
vn 0.2718717 0.3235936 -0.9062963
vn 0.7078650 0.1149117 -0.6969379
vn 0.4758959 0.4594922 -0.7499267
vn 0.2708612 0.1097420 -0.9563425
vn 0.7162430 0.3247531 -0.6176823
vn 0.5177800 0.0000000 -0.8555138
vn 0.7966620 0.5761941 0.1825652
vn 0.8768533 0.1856022 0.4434864
vn 0.6687336 0.5551636 0.4945591
vn 0.9189525 0.3943683 0.0000000
vn 0.7966620 -0.5761941 0.1825652
vn 0.8768533 -0.1856022 0.4434864
vn 0.6687336 -0.5551636 0.4945591
vn 0.9189525 -0.3943683 0.0000000
vn 0.2718717 -0.3235936 0.9062963
vn 0.7078650 -0.1149117 0.6969379
vn 0.4758959 -0.4594922 0.7499267
vn 0.2708612 -0.1097420 0.9563425
vn 0.7162430 -0.3247531 0.6176823
vn 0.2718717 0.3235936 0.9062963
vn 0.7078650 0.1149117 0.6969379
vn 0.4758959 0.4594922 0.7499267
vn 0.2708612 0.1097420 0.9563425
vn 0.7162430 0.3247531 0.6176823
vn 0.5177800 0.0000000 0.8555138
vn 0.9616830 0.0000000 -0.2741640
vn 0.9616830 0.0000000 0.2741640
vn 0.9686048 0.1934429 -0.1561555
vn 0.9686048 -0.1934429 -0.1561555
vn 0.9686048 0.1934429 0.1561555
vn 0.9686048 -0.1934429 0.1561555
vn -0.7966620 0.5761941 -0.1825652
vn -0.8768533 0.1856022 -0.4434864
vn -0.6687336 0.5551636 -0.4945591
vn -0.7966620 -0.5761941 -0.1825652
vn -0.8768533 -0.1856022 -0.4434864
vn -0.6687336 -0.5551636 -0.4945591
vn -0.2718717 -0.3235936 -0.9062963
vn -0.7078650 -0.1149117 -0.6969379
vn -0.4758959 -0.4594922 -0.7499267
vn -0.2708612 -0.1097420 -0.9563425
vn -0.7162430 -0.3247531 -0.6176823
vn -0.2718717 0.3235936 -0.9062963
vn -0.7078650 0.1149117 -0.6969379
vn -0.4758959 0.4594922 -0.7499267
vn -0.2708612 0.1097420 -0.9563425
vn -0.7162430 0.3247531 -0.6176823
vn -0.5177800 -0.0000000 -0.8555138
vn -0.7966620 0.5761941 0.1825652
vn -0.8768533 0.1856022 0.4434864
vn -0.6687336 0.5551636 0.4945591
vn -0.9189525 0.3943683 0.0000000
vn -0.7966620 -0.5761941 0.1825652
vn -0.8768533 -0.1856022 0.4434864
vn -0.6687336 -0.5551636 0.4945591
vn -0.9189525 -0.3943683 0.0000000
vn -0.2718717 -0.3235936 0.9062963
vn -0.7078650 -0.1149117 0.6969379
vn -0.4758959 -0.4594922 0.7499267
vn -0.2708612 -0.1097420 0.9563425
vn -0.7162430 -0.3247531 0.6176823
vn -0.2718717 0.3235936 0.9062963
vn -0.7078650 0.1149117 0.6969379
vn -0.4758959 0.4594922 0.7499267
vn -0.2708612 0.1097420 0.9563425
vn -0.7162430 0.3247531 0.6176823
vn -0.5177800 0.0000000 0.8555138
vn -0.9616830 -0.0000000 -0.2741640
vn -0.9616830 -0.0000000 0.2741640
vn -0.9686048 0.1934429 -0.1561555
vn -0.9686048 -0.1934429 -0.1561555
vn -0.9686048 0.1934429 0.1561555
vn -0.9686048 -0.1934429 0.1561555
vn -0.6543192 0.7562184 -0.0000000
vn 0.6543192 0.7562184 0.0000000
vn -0.6543192 -0.7562184 0.0000000
vn 0.6543192 -0.7562184 -0.0000000
vn 0.0000000 -0.4027060 0.9153294
vn -0.0000000 0.4027060 0.9153294
vn 0.0000000 -0.4027060 -0.9153294
vn -0.0000000 0.4027060 -0.9153294
vn 0.8501011 -0.0000000 -0.5266194
vn 0.8501011 0.0000000 0.5266194
vn -0.8501011 0.0000000 -0.5266194
vn -0.8501011 0.0000000 0.5266194
vn 0.0000000 1.0000000 0.0000000
vn -0.0000000 -1.0000000 0.0000000
vn -0.3733211 -0.7017929 0.6067273
vn 0.3733211 -0.7017929 0.6067273
vn -0.3733211 0.7017929 0.6067273
vn 0.3733211 0.7017929 0.6067273
vn 0.0000000 0.0000000 1.0000000
vn -0.3733211 -0.7017929 -0.6067273
vn 0.3733211 -0.7017929 -0.6067273
vn -0.3733211 0.7017929 -0.6067273
vn 0.3733211 0.7017929 -0.6067273
vn 0.0000000 0.0000000 -1.0000000
vn 0.8640373 0.3794640 -0.3308270
vn 0.8640373 -0.3794640 -0.3308270
vn 0.5126754 -0.2250591 -0.8285604
vn 0.5126754 0.2250591 -0.8285604
vn 0.8640373 0.3794640 0.3308270
vn 0.8640373 -0.3794640 0.3308270
vn 0.5126754 -0.2250591 0.8285604
vn 0.5126754 0.2250591 0.8285604
vn 1.0000000 -0.0000000 0.0000000
vn -0.8640373 0.3794640 -0.3308270
vn -0.8640373 -0.3794640 -0.3308270
vn -0.5126754 -0.2250591 -0.8285604
vn -0.5126754 0.2250591 -0.8285604
vn -0.8640373 0.3794640 0.3308270
vn -0.8640373 -0.3794640 0.3308270
vn -0.5126754 -0.2250591 0.8285604
vn -0.5126754 0.2250591 0.8285604
vn -1.0000000 0.0000000 0.0000000
vn -0.3709904 0.9286367 0.0000000
vn 0.3709904 0.9286367 -0.0000000
vn -0.3709904 -0.9286367 -0.0000000
vn 0.3709904 -0.9286367 0.0000000
vn -0.5443072 -0.7738246 0.3239216
vn -0.1813985 -0.5652140 0.8047532
vn -0.2048933 -0.9111403 0.3575501
vn 0.5443072 -0.7738246 0.3239216
vn 0.1813985 -0.5652140 0.8047532
vn 0.2048933 -0.9111403 0.3575501
vn 0.0000000 -0.7650599 0.6439591
vn -0.5443072 0.7738246 0.3239216
vn -0.1813985 0.5652140 0.8047532
vn -0.2048933 0.9111403 0.3575501
vn 0.5443072 0.7738246 0.3239216
vn 0.1813985 0.5652140 0.8047532
vn 0.2048933 0.9111403 0.3575501
vn -0.0000000 0.7650599 0.6439591
vn 0.0000000 -0.2005335 0.9796868
vn 0.0000000 0.2005335 0.9796868
vn -0.5443072 -0.7738246 -0.3239216
vn -0.1813985 -0.5652140 -0.8047532
vn -0.2048933 -0.9111403 -0.3575501
vn 0.5443072 -0.7738246 -0.3239216
vn 0.1813985 -0.5652140 -0.8047532
vn 0.2048933 -0.9111403 -0.3575501
vn 0.0000000 -0.7650599 -0.6439591
vn -0.5443072 0.7738246 -0.3239216
vn -0.1813985 0.5652140 -0.8047532
vn -0.2048933 0.9111403 -0.3575501
vn 0.5443072 0.7738246 -0.3239216
vn 0.1813985 0.5652140 -0.8047532
vn 0.2048933 0.9111403 -0.3575501
vn -0.0000000 0.7650599 -0.6439591
vn 0.0000000 -0.2005335 -0.9796868
vn 0.0000000 0.2005335 -0.9796868
vn 0.7966620 0.5761941 -0.1825652
vn 0.8768533 0.1856022 -0.4434864
vn 0.6687336 0.5551636 -0.4945591
vn 0.7966620 -0.5761941 -0.1825652
vn 0.8768533 -0.1856022 -0.4434864
vn 0.6687336 -0.5551636 -0.4945591
vn 0.2718717 -0.3235936 -0.9062963
vn 0.7078650 -0.1149117 -0.6969379
vn 0.4758959 -0.4594922 -0.7499267
vn 0.2708612 -0.1097420 -0.9563425
vn 0.7162430 -0.3247531 -0.6176823
vn 0.2718717 0.3235936 -0.9062963
vn 0.7078650 0.1149117 -0.6969379
vn 0.4758959 0.4594922 -0.7499267
vn 0.2708612 0.1097420 -0.9563425
vn 0.7162430 0.3247531 -0.6176823
vn 0.5177800 -0.0000000 -0.8555138
vn 0.7966620 0.5761941 0.1825652
vn 0.8768533 0.1856022 0.4434864
vn 0.6687336 0.5551636 0.4945591
vn 0.9189525 0.3943683 0.0000000
vn 0.7966620 -0.5761941 0.1825652
vn 0.8768533 -0.1856022 0.4434864
vn 0.6687336 -0.5551636 0.4945591
vn 0.9189525 -0.3943683 0.0000000
vn 0.2718717 -0.3235936 0.9062963
vn 0.7078650 -0.1149117 0.6969379
vn 0.4758959 -0.4594922 0.7499267
vn 0.2708612 -0.1097420 0.9563425
vn 0.7162430 -0.3247531 0.6176823
vn 0.2718717 0.3235936 0.9062963
vn 0.7078650 0.1149117 0.6969379
vn 0.4758959 0.4594922 0.7499267
vn 0.2708612 0.1097420 0.9563425
vn 0.7162430 0.3247531 0.6176823
vn 0.5177800 0.0000000 0.8555138
vn 0.9616830 -0.0000000 -0.2741640
vn 0.9616830 0.0000000 0.2741640
vn 0.9686048 0.1934429 -0.1561555
vn 0.9686048 -0.1934429 -0.1561555
vn 0.9686048 0.1934429 0.1561555
vn 0.9686048 -0.1934429 0.1561555
vn -0.7966620 0.5761941 -0.1825652
vn -0.8768533 0.1856022 -0.4434864
vn -0.6687336 0.5551636 -0.4945591
vn -0.7966620 -0.5761941 -0.1825652
vn -0.8768533 -0.1856022 -0.4434864
vn -0.6687336 -0.5551636 -0.4945591
vn -0.2718717 -0.3235936 -0.9062963
vn -0.7078650 -0.1149117 -0.6969379
vn -0.4758959 -0.4594922 -0.7499267
vn -0.2708612 -0.1097420 -0.9563425
vn -0.7162430 -0.3247531 -0.6176823
vn -0.2718717 0.3235936 -0.9062963
vn -0.7078650 0.1149117 -0.6969379
vn -0.4758959 0.4594922 -0.7499267
vn -0.2708612 0.1097420 -0.9563425
vn -0.7162430 0.3247531 -0.6176823
vn -0.5177800 0.0000000 -0.8555138
vn -0.7966620 0.5761941 0.1825652
vn -0.8768533 0.1856022 0.4434864
vn -0.6687336 0.5551636 0.4945591
vn -0.9189525 0.3943683 0.0000000
vn -0.7966620 -0.5761941 0.1825652
vn -0.8768533 -0.1856022 0.4434864
vn -0.6687336 -0.5551636 0.4945591
vn -0.9189525 -0.3943683 0.0000000
vn -0.2718717 -0.3235936 0.9062963
vn -0.7078650 -0.1149117 0.6969379
vn -0.4758959 -0.4594922 0.7499267
vn -0.2708612 -0.1097420 0.9563425
vn -0.7162430 -0.3247531 0.6176823
vn -0.2718717 0.3235936 0.9062963
vn -0.7078650 0.1149117 0.6969379
vn -0.4758959 0.4594922 0.7499267
vn -0.2708612 0.1097420 0.9563425
vn -0.7162430 0.3247531 0.6176823
vn -0.5177800 -0.0000000 0.8555138
vn -0.9616830 0.0000000 -0.2741640
vn -0.9616830 -0.0000000 0.2741640
vn -0.9686048 0.1934429 -0.1561555
vn -0.9686048 -0.1934429 -0.1561555
vn -0.9686048 0.1934429 0.1561555
vn -0.9686048 -0.1934429 0.1561555
vn -0.6543192 0.7562184 -0.0000000
vn 0.6543192 0.7562184 0.0000000
vn -0.6543192 -0.7562184 0.0000000
vn 0.6543192 -0.7562184 -0.0000000
vn 0.0000000 -0.4027060 0.9153294
vn -0.0000000 0.4027060 0.9153294
vn 0.0000000 -0.4027060 -0.9153294
vn -0.0000000 0.4027060 -0.9153294
vn 0.8501011 -0.0000000 -0.5266194
vn 0.8501011 0.0000000 0.5266194
vn -0.8501011 0.0000000 -0.5266194
vn -0.8501011 0.0000000 0.5266194
vn 0.0000000 1.0000000 0.0000000
vn -0.0000000 -1.0000000 0.0000000
vn -0.3733211 -0.7017929 0.6067273
vn 0.3733211 -0.7017929 0.6067273
vn -0.3733211 0.7017929 0.6067273
vn 0.3733211 0.7017929 0.6067273
vn 0.0000000 0.0000000 1.0000000
vn -0.3733211 -0.7017929 -0.6067273
vn 0.3733211 -0.7017929 -0.6067273
vn -0.3733211 0.7017929 -0.6067273
vn 0.3733211 0.7017929 -0.6067273
vn 0.0000000 0.0000000 -1.0000000
vn 0.8640373 0.3794640 -0.3308270
vn 0.8640373 -0.3794640 -0.3308270
vn 0.5126754 -0.2250591 -0.8285604
vn 0.5126754 0.2250591 -0.8285604
vn 0.8640373 0.3794640 0.3308270
vn 0.8640373 -0.3794640 0.3308270
vn 0.5126754 -0.2250591 0.8285604
vn 0.5126754 0.2250591 0.8285604
vn 1.0000000 -0.0000000 0.0000000
vn -0.8640373 0.3794640 -0.3308270
vn -0.8640373 -0.3794640 -0.3308270
vn -0.5126754 -0.2250591 -0.8285604
vn -0.5126754 0.2250591 -0.8285604
vn -0.8640373 0.3794640 0.3308270
vn -0.8640373 -0.3794640 0.3308270
vn -0.5126754 -0.2250591 0.8285604
vn -0.5126754 0.2250591 0.8285604
vn -1.0000000 0.0000000 0.0000000
vn -0.3709904 0.9286367 0.0000000
vn 0.3709904 0.9286367 -0.0000000
vn -0.3709904 -0.9286367 -0.0000000
vn 0.3709904 -0.9286367 0.0000000
vn -0.5443072 -0.7738246 0.3239216
vn -0.1813985 -0.5652140 0.8047532
vn -0.2048933 -0.9111403 0.3575501
vn 0.5443072 -0.7738246 0.3239216
vn 0.1813985 -0.5652140 0.8047532
vn 0.2048933 -0.9111403 0.3575501
vn 0.0000000 -0.7650599 0.6439591
vn -0.5443072 0.7738246 0.3239216
vn -0.1813985 0.5652140 0.8047532
vn -0.2048933 0.9111403 0.3575501
vn 0.5443072 0.7738246 0.3239216
vn 0.1813985 0.5652140 0.8047532
vn 0.2048933 0.9111403 0.3575501
vn -0.0000000 0.7650599 0.6439591
vn 0.0000000 -0.2005335 0.9796868
vn 0.0000000 0.2005335 0.9796868
vn -0.5443072 -0.7738246 -0.3239216
vn -0.1813985 -0.5652140 -0.8047532
vn -0.2048933 -0.9111403 -0.3575501
vn 0.5443072 -0.7738246 -0.3239216
vn 0.1813985 -0.5652140 -0.8047532
vn 0.2048933 -0.9111403 -0.3575501
vn 0.0000000 -0.7650599 -0.6439591
vn -0.5443072 0.7738246 -0.3239216
vn -0.1813985 0.5652140 -0.8047532
vn -0.2048933 0.9111403 -0.3575501
vn 0.5443072 0.7738246 -0.3239216
vn 0.1813985 0.5652140 -0.8047532
vn 0.2048933 0.9111403 -0.3575501
vn -0.0000000 0.7650599 -0.6439591
vn 0.0000000 -0.2005335 -0.9796868
vn 0.0000000 0.2005335 -0.9796868
vn 0.7966620 0.5761941 -0.1825652
vn 0.8768533 0.1856022 -0.4434864
vn 0.6687336 0.5551636 -0.4945591
vn 0.7966620 -0.5761941 -0.1825652
vn 0.8768533 -0.1856022 -0.4434864
vn 0.6687336 -0.5551636 -0.4945591
vn 0.2718717 -0.3235936 -0.9062963
vn 0.7078650 -0.1149117 -0.6969379
vn 0.4758959 -0.4594922 -0.7499267
vn 0.2708612 -0.1097420 -0.9563425
vn 0.7162430 -0.3247531 -0.6176823
vn 0.2718717 0.3235936 -0.9062963
vn 0.7078650 0.1149117 -0.6969379
vn 0.4758959 0.4594922 -0.7499267
vn 0.2708612 0.1097420 -0.9563425
vn 0.7162430 0.3247531 -0.6176823
vn 0.5177800 -0.0000000 -0.8555138
vn 0.7966620 0.5761941 0.1825652
vn 0.8768533 0.1856022 0.4434864
vn 0.6687336 0.5551636 0.4945591
vn 0.9189525 0.3943683 0.0000000
vn 0.7966620 -0.5761941 0.1825652
vn 0.8768533 -0.1856022 0.4434864
vn 0.6687336 -0.5551636 0.4945591
vn 0.9189525 -0.3943683 0.0000000
vn 0.2718717 -0.3235936 0.9062963
vn 0.7078650 -0.1149117 0.6969379
vn 0.4758959 -0.4594922 0.7499267
vn 0.2708612 -0.1097420 0.9563425
vn 0.7162430 -0.3247531 0.6176823
vn 0.2718717 0.3235936 0.9062963
vn 0.7078650 0.1149117 0.6969379
vn 0.4758959 0.4594922 0.7499267
vn 0.2708612 0.1097420 0.9563425
vn 0.7162430 0.3247531 0.6176823
vn 0.5177800 0.0000000 0.8555138
vn 0.9616830 -0.0000000 -0.2741640
vn 0.9616830 0.0000000 0.2741640
vn 0.9686048 0.1934429 -0.1561555
vn 0.9686048 -0.1934429 -0.1561555
vn 0.9686048 0.1934429 0.1561555
vn 0.9686048 -0.1934429 0.1561555
vn -0.7966620 0.5761941 -0.1825652
vn -0.8768533 0.1856022 -0.4434864
vn -0.6687336 0.5551636 -0.4945591
vn -0.7966620 -0.5761941 -0.1825652
vn -0.8768533 -0.1856022 -0.4434864
vn -0.6687336 -0.5551636 -0.4945591
vn -0.2718717 -0.3235936 -0.9062963
vn -0.7078650 -0.1149117 -0.6969379
vn -0.4758959 -0.4594922 -0.7499267
vn -0.2708612 -0.1097420 -0.9563425
vn -0.7162430 -0.3247531 -0.6176823
vn -0.2718717 0.3235936 -0.9062963
vn -0.7078650 0.1149117 -0.6969379
vn -0.4758959 0.4594922 -0.7499267
vn -0.2708612 0.1097420 -0.9563425
vn -0.7162430 0.3247531 -0.6176823
vn -0.5177800 0.0000000 -0.8555138
vn -0.7966620 0.5761941 0.1825652
vn -0.8768533 0.1856022 0.4434864
vn -0.6687336 0.5551636 0.4945591
vn -0.9189525 0.3943683 0.0000000
vn -0.7966620 -0.5761941 0.1825652
vn -0.8768533 -0.1856022 0.4434864
vn -0.6687336 -0.5551636 0.4945591
vn -0.9189525 -0.3943683 0.0000000
vn -0.2718717 -0.3235936 0.9062963
vn -0.7078650 -0.1149117 0.6969379
vn -0.4758959 -0.4594922 0.7499267
vn -0.2708612 -0.1097420 0.9563425
vn -0.7162430 -0.3247531 0.6176823
vn -0.2718717 0.3235936 0.9062963
vn -0.7078650 0.1149117 0.6969379
vn -0.4758959 0.4594922 0.7499267
vn -0.2708612 0.1097420 0.9563425
vn -0.7162430 0.3247531 0.6176823
vn -0.5177800 -0.0000000 0.8555138
vn -0.9616830 0.0000000 -0.2741640
vn -0.9616830 -0.0000000 0.2741640
vn -0.9686048 0.1934429 -0.1561555
vn -0.9686048 -0.1934429 -0.1561555
vn -0.9686048 0.1934429 0.1561555
vn -0.9686048 -0.1934429 0.1561555
vn -0.6543192 0.7562184 0.0000000
vn 0.6543192 0.7562184 0.0000000
vn -0.6543192 -0.7562184 0.0000000
vn 0.6543192 -0.7562184 0.0000000
vn -0.0000000 -0.4027060 0.9153294
vn 0.0000000 0.4027060 0.9153294
vn 0.0000000 -0.4027060 -0.9153294
vn -0.0000000 0.4027060 -0.9153294
vn 0.8501011 -0.0000000 -0.5266194
vn 0.8501011 0.0000000 0.5266194
vn -0.8501011 0.0000000 -0.5266194
vn -0.8501011 -0.0000000 0.5266194
vn 0.0000000 1.0000000 -0.0000000
vn 0.0000000 -1.0000000 -0.0000000
vn -0.3733211 -0.7017929 0.6067273
vn 0.3733211 -0.7017929 0.6067273
vn -0.3733211 0.7017929 0.6067273
vn 0.3733211 0.7017929 0.6067273
vn 0.0000000 0.0000000 1.0000000
vn -0.3733211 -0.7017929 -0.6067273
vn 0.3733211 -0.7017929 -0.6067273
vn -0.3733211 0.7017929 -0.6067273
vn 0.3733211 0.7017929 -0.6067273
vn 0.0000000 0.0000000 -1.0000000
vn 0.8640373 0.3794640 -0.3308270
vn 0.8640373 -0.3794640 -0.3308270
vn 0.5126754 -0.2250591 -0.8285604
vn 0.5126754 0.2250591 -0.8285604
vn 0.8640373 0.3794640 0.3308270
vn 0.8640373 -0.3794640 0.3308270
vn 0.5126754 -0.2250591 0.8285604
vn 0.5126754 0.2250591 0.8285604
vn 1.0000000 -0.0000000 -0.0000000
vn -0.8640373 0.3794640 -0.3308270
vn -0.8640373 -0.3794640 -0.3308270
vn -0.5126754 -0.2250591 -0.8285604
vn -0.5126754 0.2250591 -0.8285604
vn -0.8640373 0.3794640 0.3308270
vn -0.8640373 -0.3794640 0.3308270
vn -0.5126754 -0.2250591 0.8285604
vn -0.5126754 0.2250591 0.8285604
vn -1.0000000 0.0000000 -0.0000000
vn -0.3709904 0.9286367 -0.0000000
vn 0.3709904 0.9286367 -0.0000000
vn -0.3709904 -0.9286367 -0.0000000
vn 0.3709904 -0.9286367 -0.0000000
vn -0.5443072 -0.7738246 0.3239216
vn -0.1813985 -0.5652140 0.8047532
vn -0.2048933 -0.9111403 0.3575501
vn 0.5443072 -0.7738246 0.3239216
vn 0.1813985 -0.5652140 0.8047532
vn 0.2048933 -0.9111403 0.3575501
vn -0.0000000 -0.7650599 0.6439591
vn -0.5443072 0.7738246 0.3239216
vn -0.1813985 0.5652140 0.8047532
vn -0.2048933 0.9111403 0.3575501
vn 0.5443072 0.7738246 0.3239216
vn 0.1813985 0.5652140 0.8047532
vn 0.2048933 0.9111403 0.3575501
vn 0.0000000 0.7650599 0.6439591
vn 0.0000000 -0.2005335 0.9796868
vn 0.0000000 0.2005335 0.9796868
vn -0.5443072 -0.7738246 -0.3239216
vn -0.1813985 -0.5652140 -0.8047532
vn -0.2048933 -0.9111403 -0.3575501
vn 0.5443072 -0.7738246 -0.3239216
vn 0.1813985 -0.5652140 -0.8047532
vn 0.2048933 -0.9111403 -0.3575501
vn 0.0000000 -0.7650599 -0.6439591
vn -0.5443072 0.7738246 -0.3239216
vn -0.1813985 0.5652140 -0.8047532
vn -0.2048933 0.9111403 -0.3575501
vn 0.5443072 0.7738246 -0.3239216
vn 0.1813985 0.5652140 -0.8047532
vn 0.2048933 0.9111403 -0.3575501
vn -0.0000000 0.7650599 -0.6439591
vn 0.0000000 -0.2005335 -0.9796868
vn -0.0000000 0.2005335 -0.9796868
vn 0.7966620 0.5761941 -0.1825652
vn 0.8768533 0.1856022 -0.4434864
vn 0.6687336 0.5551636 -0.4945591
vn 0.7966620 -0.5761941 -0.1825652
vn 0.8768533 -0.1856022 -0.4434864
vn 0.6687336 -0.5551636 -0.4945591
vn 0.2718717 -0.3235936 -0.9062963
vn 0.7078650 -0.1149117 -0.6969379
vn 0.4758959 -0.4594922 -0.7499267
vn 0.2708612 -0.1097420 -0.9563425
vn 0.7162430 -0.3247531 -0.6176823
vn 0.2718717 0.3235936 -0.9062963
vn 0.7078650 0.1149117 -0.6969379
vn 0.4758959 0.4594922 -0.7499267
vn 0.2708612 0.1097420 -0.9563425
vn 0.7162430 0.3247531 -0.6176823
vn 0.5177800 -0.0000000 -0.8555138
vn 0.7966620 0.5761941 0.1825652
vn 0.8768533 0.1856022 0.4434864
vn 0.6687336 0.5551636 0.4945591
vn 0.9189525 0.3943683 0.0000000
vn 0.7966620 -0.5761941 0.1825652
vn 0.8768533 -0.1856022 0.4434864
vn 0.6687336 -0.5551636 0.4945591
vn 0.9189525 -0.3943683 0.0000000
vn 0.2718717 -0.3235936 0.9062963
vn 0.7078650 -0.1149117 0.6969379
vn 0.4758959 -0.4594922 0.7499267
vn 0.2708612 -0.1097420 0.9563425
vn 0.7162430 -0.3247531 0.6176823
vn 0.2718717 0.3235936 0.9062963
vn 0.7078650 0.1149117 0.6969379
vn 0.4758959 0.4594922 0.7499267
vn 0.2708612 0.1097420 0.9563425
vn 0.7162430 0.3247531 0.6176823
vn 0.5177800 0.0000000 0.8555138
vn 0.9616830 0.0000000 -0.2741640
vn 0.9616830 -0.0000000 0.2741640
vn 0.9686048 0.1934429 -0.1561555
vn 0.9686048 -0.1934429 -0.1561555
vn 0.9686048 0.1934429 0.1561555
vn 0.9686048 -0.1934429 0.1561555
vn -0.7966620 0.5761941 -0.1825652
vn -0.8768533 0.1856022 -0.4434864
vn -0.6687336 0.5551636 -0.4945591
vn -0.7966620 -0.5761941 -0.1825652
vn -0.8768533 -0.1856022 -0.4434864
vn -0.6687336 -0.5551636 -0.4945591
vn -0.2718717 -0.3235936 -0.9062963
vn -0.7078650 -0.1149117 -0.6969379
vn -0.4758959 -0.4594922 -0.7499267
vn -0.2708612 -0.1097420 -0.9563425
vn -0.7162430 -0.3247531 -0.6176823
vn -0.2718717 0.3235936 -0.9062963
vn -0.7078650 0.1149117 -0.6969379
vn -0.4758959 0.4594922 -0.7499267
vn -0.2708612 0.1097420 -0.9563425
vn -0.7162430 0.3247531 -0.6176823
vn -0.5177800 0.0000000 -0.8555138
vn -0.7966620 0.5761941 0.1825652
vn -0.8768533 0.1856022 0.4434864
vn -0.6687336 0.5551636 0.4945591
vn -0.9189525 0.3943683 0.0000000
vn -0.7966620 -0.5761941 0.1825652
vn -0.8768533 -0.1856022 0.4434864
vn -0.6687336 -0.5551636 0.4945591
vn -0.9189525 -0.3943683 0.0000000
vn -0.2718717 -0.3235936 0.9062963
vn -0.7078650 -0.1149117 0.6969379
vn -0.4758959 -0.4594922 0.7499267
vn -0.2708612 -0.1097420 0.9563425
vn -0.7162430 -0.3247531 0.6176823
vn -0.2718717 0.3235936 0.9062963
vn -0.7078650 0.1149117 0.6969379
vn -0.4758959 0.4594922 0.7499267
vn -0.2708612 0.1097420 0.9563425
vn -0.7162430 0.3247531 0.6176823
vn -0.5177800 -0.0000000 0.8555138
vn -0.9616830 0.0000000 -0.2741640
vn -0.9616830 0.0000000 0.2741640
vn -0.9686048 0.1934429 -0.1561555
vn -0.9686048 -0.1934429 -0.1561555
vn -0.9686048 0.1934429 0.1561555
vn -0.9686048 -0.1934429 0.1561555
vn -0.6543192 0.7562184 0.0000000
vn 0.6543192 0.7562184 0.0000000
vn -0.6543192 -0.7562184 0.0000000
vn 0.6543192 -0.7562184 0.0000000
vn -0.0000000 -0.4027060 0.9153294
vn 0.0000000 0.4027060 0.9153294
vn 0.0000000 -0.4027060 -0.9153294
vn -0.0000000 0.4027060 -0.9153294
vn 0.8501011 -0.0000000 -0.5266194
vn 0.8501011 0.0000000 0.5266194
vn -0.8501011 0.0000000 -0.5266194
vn -0.8501011 -0.0000000 0.5266194
vn 0.0000000 1.0000000 -0.0000000
vn 0.0000000 -1.0000000 -0.0000000
vn -0.3733211 -0.7017929 0.6067273
vn 0.3733211 -0.7017929 0.6067273
vn -0.3733211 0.7017929 0.6067273
vn 0.3733211 0.7017929 0.6067273
vn 0.0000000 0.0000000 1.0000000
vn -0.3733211 -0.7017929 -0.6067273
vn 0.3733211 -0.7017929 -0.6067273
vn -0.3733211 0.7017929 -0.6067273
vn 0.3733211 0.7017929 -0.6067273
vn 0.0000000 0.0000000 -1.0000000
vn 0.8640373 0.3794640 -0.3308270
vn 0.8640373 -0.3794640 -0.3308270
vn 0.5126754 -0.2250591 -0.8285604
vn 0.5126754 0.2250591 -0.8285604
vn 0.8640373 0.3794640 0.3308270
vn 0.8640373 -0.3794640 0.3308270
vn 0.5126754 -0.2250591 0.8285604
vn 0.5126754 0.2250591 0.8285604
vn 1.0000000 -0.0000000 -0.0000000
vn -0.8640373 0.3794640 -0.3308270
vn -0.8640373 -0.3794640 -0.3308270
vn -0.5126754 -0.2250591 -0.8285604
vn -0.5126754 0.2250591 -0.8285604
vn -0.8640373 0.3794640 0.3308270
vn -0.8640373 -0.3794640 0.3308270
vn -0.5126754 -0.2250591 0.8285604
vn -0.5126754 0.2250591 0.8285604
vn -1.0000000 0.0000000 -0.0000000
vn -0.3709904 0.9286367 -0.0000000
vn 0.3709904 0.9286367 -0.0000000
vn -0.3709904 -0.9286367 -0.0000000
vn 0.3709904 -0.9286367 -0.0000000
vn -0.5443072 -0.7738246 0.3239216
vn -0.1813985 -0.5652140 0.8047532
vn -0.2048933 -0.9111403 0.3575501
vn 0.5443072 -0.7738246 0.3239216
vn 0.1813985 -0.5652140 0.8047532
vn 0.2048933 -0.9111403 0.3575501
vn -0.0000000 -0.7650599 0.6439591
vn -0.5443072 0.7738246 0.3239216
vn -0.1813985 0.5652140 0.8047532
vn -0.2048933 0.9111403 0.3575501
vn 0.5443072 0.7738246 0.3239216
vn 0.1813985 0.5652140 0.8047532
vn 0.2048933 0.9111403 0.3575501
vn 0.0000000 0.7650599 0.6439591
vn 0.0000000 -0.2005335 0.9796868
vn 0.0000000 0.2005335 0.9796868
vn -0.5443072 -0.7738246 -0.3239216
vn -0.1813985 -0.5652140 -0.8047532
vn -0.2048933 -0.9111403 -0.3575501
vn 0.5443072 -0.7738246 -0.3239216
vn 0.1813985 -0.5652140 -0.8047532
vn 0.2048933 -0.9111403 -0.3575501
vn 0.0000000 -0.7650599 -0.6439591
vn -0.5443072 0.7738246 -0.3239216
vn -0.1813985 0.5652140 -0.8047532
vn -0.2048933 0.9111403 -0.3575501
vn 0.5443072 0.7738246 -0.3239216
vn 0.1813985 0.5652140 -0.8047532
vn 0.2048933 0.9111403 -0.3575501
vn -0.0000000 0.7650599 -0.6439591
vn 0.0000000 -0.2005335 -0.9796868
vn -0.0000000 0.2005335 -0.9796868
vn 0.7966620 0.5761941 -0.1825652
vn 0.8768533 0.1856022 -0.4434864
vn 0.6687336 0.5551636 -0.4945591
vn 0.7966620 -0.5761941 -0.1825652
vn 0.8768533 -0.1856022 -0.4434864
vn 0.6687336 -0.5551636 -0.4945591
vn 0.2718717 -0.3235936 -0.9062963
vn 0.7078650 -0.1149117 -0.6969379
vn 0.4758959 -0.4594922 -0.7499267
vn 0.2708612 -0.1097420 -0.9563425
vn 0.7162430 -0.3247531 -0.6176823
vn 0.2718717 0.3235936 -0.9062963
vn 0.7078650 0.1149117 -0.6969379
vn 0.4758959 0.4594922 -0.7499267
vn 0.2708612 0.1097420 -0.9563425
vn 0.7162430 0.3247531 -0.6176823
vn 0.5177800 -0.0000000 -0.8555138
vn 0.7966620 0.5761941 0.1825652
vn 0.8768533 0.1856022 0.4434864
vn 0.6687336 0.5551636 0.4945591
vn 0.9189525 0.3943683 0.0000000
vn 0.7966620 -0.5761941 0.1825652
vn 0.8768533 -0.1856022 0.4434864
vn 0.6687336 -0.5551636 0.4945591
vn 0.9189525 -0.3943683 0.0000000
vn 0.2718717 -0.3235936 0.9062963
vn 0.7078650 -0.1149117 0.6969379
vn 0.4758959 -0.4594922 0.7499267
vn 0.2708612 -0.1097420 0.9563425
vn 0.7162430 -0.3247531 0.6176823
vn 0.2718717 0.3235936 0.9062963
vn 0.7078650 0.1149117 0.6969379
vn 0.4758959 0.4594922 0.7499267
vn 0.2708612 0.1097420 0.9563425
vn 0.7162430 0.3247531 0.6176823
vn 0.5177800 0.0000000 0.8555138
vn 0.9616830 0.0000000 -0.2741640
vn 0.9616830 -0.0000000 0.2741640
vn 0.9686048 0.1934429 -0.1561555
vn 0.9686048 -0.1934429 -0.1561555
vn 0.9686048 0.1934429 0.1561555
vn 0.9686048 -0.1934429 0.1561555
vn -0.7966620 0.5761941 -0.1825652
vn -0.8768533 0.1856022 -0.4434864
vn -0.6687336 0.5551636 -0.4945591
vn -0.7966620 -0.5761941 -0.1825652
vn -0.8768533 -0.1856022 -0.4434864
vn -0.6687336 -0.5551636 -0.4945591
vn -0.2718717 -0.3235936 -0.9062963
vn -0.7078650 -0.1149117 -0.6969379
vn -0.4758959 -0.4594922 -0.7499267
vn -0.2708612 -0.1097420 -0.9563425
vn -0.7162430 -0.3247531 -0.6176823
vn -0.2718717 0.3235936 -0.9062963
vn -0.7078650 0.1149117 -0.6969379
vn -0.4758959 0.4594922 -0.7499267
vn -0.2708612 0.1097420 -0.9563425
vn -0.7162430 0.3247531 -0.6176823
vn -0.5177800 0.0000000 -0.8555138
vn -0.7966620 0.5761941 0.1825652
vn -0.8768533 0.1856022 0.4434864
vn -0.6687336 0.5551636 0.4945591
vn -0.9189525 0.3943683 0.0000000
vn -0.7966620 -0.5761941 0.1825652
vn -0.8768533 -0.1856022 0.4434864
vn -0.6687336 -0.5551636 0.4945591
vn -0.9189525 -0.3943683 0.0000000
vn -0.2718717 -0.3235936 0.9062963
vn -0.7078650 -0.1149117 0.6969379
vn -0.4758959 -0.4594922 0.7499267
vn -0.2708612 -0.1097420 0.9563425
vn -0.7162430 -0.3247531 0.6176823
vn -0.2718717 0.3235936 0.9062963
vn -0.7078650 0.1149117 0.6969379
vn -0.4758959 0.4594922 0.7499267
vn -0.2708612 0.1097420 0.9563425
vn -0.7162430 0.3247531 0.6176823
vn -0.5177800 -0.0000000 0.8555138
vn -0.9616830 0.0000000 -0.2741640
vn -0.9616830 0.0000000 0.2741640
vn -0.9686048 0.1934429 -0.1561555
vn -0.9686048 -0.1934429 -0.1561555
vn -0.9686048 0.1934429 0.1561555
vn -0.9686048 -0.1934429 0.1561555
f 1//1 138//138 54//54
f 138//138 38//38 140//140
f 54//54 140//140 17//17
f 138//138 140//140 54//54
f 38//38 139//139 155//155
f 139//139 12//12 152//152
f 155//155 152//152 41//41
f 139//139 152//152 155//155
f 17//17 153//153 55//55
f 153//153 41//41 151//151
f 55//55 151//151 6//6
f 153//153 151//151 55//55
f 38//38 155//155 140//140
f 155//155 41//41 153//153
f 140//140 153//153 17//17
f 155//155 153//153 140//140
f 1//1 54//54 43//43
f 54//54 17//17 56//56
f 43//43 56//56 13//13
f 54//54 56//56 43//43
f 17//17 55//55 60//60
f 55//55 6//6 58//58
f 60//60 58//58 18//18
f 55//55 58//58 60//60
f 13//13 59//59 44//44
f 59//59 18//18 57//57
f 44//44 57//57 2//2
f 59//59 57//57 44//44
f 17//17 60//60 56//56
f 60//60 18//18 59//59
f 56//56 59//59 13//13
f 60//60 59//59 56//56
f 1//1 43//43 70//70
f 43//43 13//13 72//72
f 70//70 72//72 22//22
f 43//43 72//72 70//70
f 13//13 44//44 75//75
f 44//44 2//2 73//73
f 75//75 73//73 23//23
f 44//44 73//73 75//75
f 22//22 76//76 71//71
f 76//76 23//23 74//74
f 71//71 74//74 8//8
f 76//76 74//74 71//71
f 13//13 75//75 72//72
f 75//75 23//23 76//76
f 72//72 76//76 22//22
f 75//75 76//76 72//72
f 1//1 70//70 121//121
f 70//70 22//22 123//123
f 121//121 123//123 34//34
f 70//70 123//123 121//121
f 22//22 71//71 134//134
f 71//71 8//8 132//132
f 134//134 132//132 37//37
f 71//71 132//132 134//134
f 34//34 136//136 122//122
f 136//136 37//37 133//133
f 122//122 133//133 11//11
f 136//136 133//133 122//122
f 22//22 134//134 123//123
f 134//134 37//37 136//136
f 123//123 136//136 34//34
f 134//134 136//136 123//123
f 1//1 121//121 138//138
f 121//121 34//34 141//141
f 138//138 141//141 38//38
f 121//121 141//141 138//138
f 34//34 122//122 159//159
f 122//122 11//11 157//157
f 159//159 157//157 42//42
f 122//122 157//157 159//159
f 38//38 161//161 139//139
f 161//161 42//42 158//158
f 139//139 158//158 12//12
f 161//161 158//158 139//139
f 34//34 159//159 141//141
f 159//159 42//42 161//161
f 141//141 161//161 38//38
f 159//159 161//161 141//141
f 2//2 57//57 96//96
f 57//57 18//18 98//98
f 96//96 98//98 29//29
f 57//57 98//98 96//96
f 18//18 58//58 111//111
f 58//58 6//6 109//109
f 111//111 109//109 32//32
f 58//58 109//109 111//111
f 29//29 113//113 97//97
f 113//113 32//32 110//110
f 97//97 110//110 10//10
f 113//113 110//110 97//97
f 18//18 111//111 98//98
f 111//111 32//32 113//113
f 98//98 113//113 29//29
f 111//111 113//113 98//98
f 6//6 151//151 62//62
f 151//151 41//41 154//154
f 62//62 154//154 19//19
f 151//151 154//154 62//62
f 41//41 152//152 156//156
f 152//152 12//12 147//147
f 156//156 147//147 40//40
f 152//152 147//147 156//156
f 19//19 149//149 61//61
f 149//149 40//40 146//146
f 61//61 146//146 5//5
f 149//149 146//146 61//61
f 41//41 156//156 154//154
f 156//156 40//40 149//149
f 154//154 149//149 19//19
f 156//156 149//149 154//154
f 12//12 158//158 143//143
f 158//158 42//42 162//162
f 143//143 162//162 39//39
f 158//158 162//162 143//143
f 42//42 157//157 160//160
f 157//157 11//11 125//125
f 160//160 125//125 35//35
f 157//157 125//125 160//160
f 39//39 145//145 142//142
f 145//145 35//35 124//124
f 142//142 124//124 3//3
f 145//145 124//124 142//142
f 42//42 160//160 162//162
f 160//160 35//35 145//145
f 162//162 145//145 39//39
f 160//160 145//145 162//162
f 11//11 133//133 128//128
f 133//133 37//37 137//137
f 128//128 137//137 36//36
f 133//133 137//137 128//128
f 37//37 132//132 135//135
f 132//132 8//8 78//78
f 135//135 78//78 24//24
f 132//132 78//78 135//135
f 36//36 130//130 127//127
f 130//130 24//24 77//77
f 127//127 77//77 7//7
f 130//130 77//77 127//127
f 37//37 135//135 137//137
f 135//135 24//24 130//130
f 137//137 130//130 36//36
f 135//135 130//130 137//137
f 8//8 74//74 90//90
f 74//74 23//23 92//92
f 90//90 92//92 28//28
f 74//74 92//92 90//90
f 23//23 73//73 81//81
f 73//73 2//2 79//79
f 81//81 79//79 25//25
f 73//73 79//79 81//81
f 28//28 94//94 91//91
f 94//94 25//25 80//80
f 91//91 80//80 9//9
f 94//94 80//80 91//91
f 23//23 81//81 92//92
f 81//81 25//25 94//94
f 92//92 94//94 28//28
f 81//81 94//94 92//92
f 4//4 100//100 50//50
f 100//100 30//30 102//102
f 50//50 102//102 16//16
f 100//100 102//102 50//50
f 30//30 101//101 108//108
f 101//101 10//10 105//105
f 108//108 105//105 31//31
f 101//101 105//105 108//108
f 16//16 106//106 51//51
f 106//106 31//31 104//104
f 51//51 104//104 5//5
f 106//106 104//104 51//51
f 30//30 108//108 102//102
f 108//108 31//31 106//106
f 102//102 106//106 16//16
f 108//108 106//106 102//102
f 4//4 50//50 46//46
f 50//50 16//16 52//52
f 46//46 52//52 14//14
f 50//50 52//52 46//46
f 16//16 51//51 53//53
f 51//51 5//5 48//48
f 53//53 48//48 15//15
f 51//51 48//48 53//53
f 14//14 49//49 45//45
f 49//49 15//15 47//47
f 45//45 47//47 3//3
f 49//49 47//47 45//45
f 16//16 53//53 52//52
f 53//53 15//15 49//49
f 52//52 49//49 14//14
f 53//53 49//49 52//52
f 4//4 46//46 66//66
f 46//46 14//14 68//68
f 66//66 68//68 21//21
f 46//46 68//68 66//66
f 14//14 45//45 65//65
f 45//45 3//3 63//63
f 65//65 63//63 20//20
f 45//45 63//63 65//65
f 21//21 69//69 67//67
f 69//69 20//20 64//64
f 67//67 64//64 7//7
f 69//69 64//64 67//67
f 14//14 65//65 68//68
f 65//65 20//20 69//69
f 68//68 69//69 21//21
f 65//65 69//69 68//68
f 4//4 66//66 82//82
f 66//66 21//21 84//84
f 82//82 84//84 26//26
f 66//66 84//84 82//82
f 21//21 67//67 87//87
f 67//67 7//7 85//85
f 87//87 85//85 27//27
f 67//67 85//85 87//87
f 26//26 89//89 83//83
f 89//89 27//27 86//86
f 83//83 86//86 9//9
f 89//89 86//86 83//83
f 21//21 87//87 84//84
f 87//87 27//27 89//89
f 84//84 89//89 26//26
f 87//87 89//89 84//84
f 4//4 82//82 100//100
f 82//82 26//26 103//103
f 100//100 103//103 30//30
f 82//82 103//103 100//100
f 26//26 83//83 118//118
f 83//83 9//9 115//115
f 118//118 115//115 33//33
f 83//83 115//115 118//118
f 30//30 120//120 101//101
f 120//120 33//33 116//116
f 101//101 116//116 10//10
f 120//120 116//116 101//101
f 26//26 118//118 103//103
f 118//118 33//33 120//120
f 103//103 120//120 30//30
f 118//118 120//120 103//103
f 5//5 104//104 61//61
f 104//104 31//31 107//107
f 61//61 107//107 19//19
f 104//104 107//107 61//61
f 31//31 105//105 114//114
f 105//105 10//10 110//110
f 114//114 110//110 32//32
f 105//105 110//110 114//114
f 19//19 112//112 62//62
f 112//112 32//32 109//109
f 62//62 109//109 6//6
f 112//112 109//109 62//62
f 31//31 114//114 107//107
f 114//114 32//32 112//112
f 107//107 112//112 19//19
f 114//114 112//112 107//107
f 3//3 47//47 142//142
f 47//47 15//15 144//144
f 142//142 144//144 39//39
f 47//47 144//144 142//142
f 15//15 48//48 148//148
f 48//48 5//5 146//146
f 148//148 146//146 40//40
f 48//48 146//146 148//148
f 39//39 150//150 143//143
f 150//150 40//40 147//147
f 143//143 147//147 12//12
f 150//150 147//147 143//143
f 15//15 148//148 144//144
f 148//148 40//40 150//150
f 144//144 150//150 39//39
f 148//148 150//150 144//144
f 7//7 64//64 127//127
f 64//64 20//20 129//129
f 127//127 129//129 36//36
f 64//64 129//129 127//127
f 20//20 63//63 126//126
f 63//63 3//3 124//124
f 126//126 124//124 35//35
f 63//63 124//124 126//126
f 36//36 131//131 128//128
f 131//131 35//35 125//125
f 128//128 125//125 11//11
f 131//131 125//125 128//128
f 20//20 126//126 129//129
f 126//126 35//35 131//131
f 129//129 131//131 36//36
f 126//126 131//131 129//129
f 9//9 86//86 91//91
f 86//86 27//27 95//95
f 91//91 95//95 28//28
f 86//86 95//95 91//91
f 27//27 85//85 88//88
f 85//85 7//7 77//77
f 88//88 77//77 24//24
f 85//85 77//77 88//88
f 28//28 93//93 90//90
f 93//93 24//24 78//78
f 90//90 78//78 8//8
f 93//93 78//78 90//90
f 27//27 88//88 95//95
f 88//88 24//24 93//93
f 95//95 93//93 28//28
f 88//88 93//93 95//95
f 10//10 116//116 97//97
f 116//116 33//33 119//119
f 97//97 119//119 29//29
f 116//116 119//119 97//97
f 33//33 115//115 117//117
f 115//115 9//9 80//80
f 117//117 80//80 25//25
f 115//115 80//80 117//117
f 29//29 99//99 96//96
f 99//99 25//25 79//79
f 96//96 79//79 2//2
f 99//99 79//79 96//96
f 33//33 117//117 119//119
f 117//117 25//25 99//99
f 119//119 99//99 29//29
f 117//117 99//99 119//119
f 163//163 300//300 216//216
f 300//300 200//200 302//302
f 216//216 302//302 179//179
f 300//300 302//302 216//216
f 200//200 301//301 317//317
f 301//301 174//174 314//314
f 317//317 314//314 203//203
f 301//301 314//314 317//317
f 179//179 315//315 217//217
f 315//315 203//203 313//313
f 217//217 313//313 168//168
f 315//315 313//313 217//217
f 200//200 317//317 302//302
f 317//317 203//203 315//315
f 302//302 315//315 179//179
f 317//317 315//315 302//302
f 163//163 216//216 205//205
f 216//216 179//179 218//218
f 205//205 218//218 175//175
f 216//216 218//218 205//205
f 179//179 217//217 222//222
f 217//217 168//168 220//220
f 222//222 220//220 180//180
f 217//217 220//220 222//222
f 175//175 221//221 206//206
f 221//221 180//180 219//219
f 206//206 219//219 164//164
f 221//221 219//219 206//206
f 179//179 222//222 218//218
f 222//222 180//180 221//221
f 218//218 221//221 175//175
f 222//222 221//221 218//218
f 163//163 205//205 232//232
f 205//205 175//175 234//234
f 232//232 234//234 184//184
f 205//205 234//234 232//232
f 175//175 206//206 237//237
f 206//206 164//164 235//235
f 237//237 235//235 185//185
f 206//206 235//235 237//237
f 184//184 238//238 233//233
f 238//238 185//185 236//236
f 233//233 236//236 170//170
f 238//238 236//236 233//233
f 175//175 237//237 234//234
f 237//237 185//185 238//238
f 234//234 238//238 184//184
f 237//237 238//238 234//234
f 163//163 232//232 283//283
f 232//232 184//184 285//285
f 283//283 285//285 196//196
f 232//232 285//285 283//283
f 184//184 233//233 296//296
f 233//233 170//170 294//294
f 296//296 294//294 199//199
f 233//233 294//294 296//296
f 196//196 298//298 284//284
f 298//298 199//199 295//295
f 284//284 295//295 173//173
f 298//298 295//295 284//284
f 184//184 296//296 285//285
f 296//296 199//199 298//298
f 285//285 298//298 196//196
f 296//296 298//298 285//285
f 163//163 283//283 300//300
f 283//283 196//196 303//303
f 300//300 303//303 200//200
f 283//283 303//303 300//300
f 196//196 284//284 321//321
f 284//284 173//173 319//319
f 321//321 319//319 204//204
f 284//284 319//319 321//321
f 200//200 323//323 301//301
f 323//323 204//204 320//320
f 301//301 320//320 174//174
f 323//323 320//320 301//301
f 196//196 321//321 303//303
f 321//321 204//204 323//323
f 303//303 323//323 200//200
f 321//321 323//323 303//303
f 164//164 219//219 258//258
f 219//219 180//180 260//260
f 258//258 260//260 191//191
f 219//219 260//260 258//258
f 180//180 220//220 273//273
f 220//220 168//168 271//271
f 273//273 271//271 194//194
f 220//220 271//271 273//273
f 191//191 275//275 259//259
f 275//275 194//194 272//272
f 259//259 272//272 172//172
f 275//275 272//272 259//259
f 180//180 273//273 260//260
f 273//273 194//194 275//275
f 260//260 275//275 191//191
f 273//273 275//275 260//260
f 168//168 313//313 224//224
f 313//313 203//203 316//316
f 224//224 316//316 181//181
f 313//313 316//316 224//224
f 203//203 314//314 318//318
f 314//314 174//174 309//309
f 318//318 309//309 202//202
f 314//314 309//309 318//318
f 181//181 311//311 223//223
f 311//311 202//202 308//308
f 223//223 308//308 167//167
f 311//311 308//308 223//223
f 203//203 318//318 316//316
f 318//318 202//202 311//311
f 316//316 311//311 181//181
f 318//318 311//311 316//316
f 174//174 320//320 305//305
f 320//320 204//204 324//324
f 305//305 324//324 201//201
f 320//320 324//324 305//305
f 204//204 319//319 322//322
f 319//319 173//173 287//287
f 322//322 287//287 197//197
f 319//319 287//287 322//322
f 201//201 307//307 304//304
f 307//307 197//197 286//286
f 304//304 286//286 165//165
f 307//307 286//286 304//304
f 204//204 322//322 324//324
f 322//322 197//197 307//307
f 324//324 307//307 201//201
f 322//322 307//307 324//324
f 173//173 295//295 290//290
f 295//295 199//199 299//299
f 290//290 299//299 198//198
f 295//295 299//299 290//290
f 199//199 294//294 297//297
f 294//294 170//170 240//240
f 297//297 240//240 186//186
f 294//294 240//240 297//297
f 198//198 292//292 289//289
f 292//292 186//186 239//239
f 289//289 239//239 169//169
f 292//292 239//239 289//289
f 199//199 297//297 299//299
f 297//297 186//186 292//292
f 299//299 292//292 198//198
f 297//297 292//292 299//299
f 170//170 236//236 252//252
f 236//236 185//185 254//254
f 252//252 254//254 190//190
f 236//236 254//254 252//252
f 185//185 235//235 243//243
f 235//235 164//164 241//241
f 243//243 241//241 187//187
f 235//235 241//241 243//243
f 190//190 256//256 253//253
f 256//256 187//187 242//242
f 253//253 242//242 171//171
f 256//256 242//242 253//253
f 185//185 243//243 254//254
f 243//243 187//187 256//256
f 254//254 256//256 190//190
f 243//243 256//256 254//254
f 166//166 262//262 212//212
f 262//262 192//192 264//264
f 212//212 264//264 178//178
f 262//262 264//264 212//212
f 192//192 263//263 270//270
f 263//263 172//172 267//267
f 270//270 267//267 193//193
f 263//263 267//267 270//270
f 178//178 268//268 213//213
f 268//268 193//193 266//266
f 213//213 266//266 167//167
f 268//268 266//266 213//213
f 192//192 270//270 264//264
f 270//270 193//193 268//268
f 264//264 268//268 178//178
f 270//270 268//268 264//264
f 166//166 212//212 208//208
f 212//212 178//178 214//214
f 208//208 214//214 176//176
f 212//212 214//214 208//208
f 178//178 213//213 215//215
f 213//213 167//167 210//210
f 215//215 210//210 177//177
f 213//213 210//210 215//215
f 176//176 211//211 207//207
f 211//211 177//177 209//209
f 207//207 209//209 165//165
f 211//211 209//209 207//207
f 178//178 215//215 214//214
f 215//215 177//177 211//211
f 214//214 211//211 176//176
f 215//215 211//211 214//214
f 166//166 208//208 228//228
f 208//208 176//176 230//230
f 228//228 230//230 183//183
f 208//208 230//230 228//228
f 176//176 207//207 227//227
f 207//207 165//165 225//225
f 227//227 225//225 182//182
f 207//207 225//225 227//227
f 183//183 231//231 229//229
f 231//231 182//182 226//226
f 229//229 226//226 169//169
f 231//231 226//226 229//229
f 176//176 227//227 230//230
f 227//227 182//182 231//231
f 230//230 231//231 183//183
f 227//227 231//231 230//230
f 166//166 228//228 244//244
f 228//228 183//183 246//246
f 244//244 246//246 188//188
f 228//228 246//246 244//244
f 183//183 229//229 249//249
f 229//229 169//169 247//247
f 249//249 247//247 189//189
f 229//229 247//247 249//249
f 188//188 251//251 245//245
f 251//251 189//189 248//248
f 245//245 248//248 171//171
f 251//251 248//248 245//245
f 183//183 249//249 246//246
f 249//249 189//189 251//251
f 246//246 251//251 188//188
f 249//249 251//251 246//246
f 166//166 244//244 262//262
f 244//244 188//188 265//265
f 262//262 265//265 192//192
f 244//244 265//265 262//262
f 188//188 245//245 280//280
f 245//245 171//171 277//277
f 280//280 277//277 195//195
f 245//245 277//277 280//280
f 192//192 282//282 263//263
f 282//282 195//195 278//278
f 263//263 278//278 172//172
f 282//282 278//278 263//263
f 188//188 280//280 265//265
f 280//280 195//195 282//282
f 265//265 282//282 192//192
f 280//280 282//282 265//265
f 167//167 266//266 223//223
f 266//266 193//193 269//269
f 223//223 269//269 181//181
f 266//266 269//269 223//223
f 193//193 267//267 276//276
f 267//267 172//172 272//272
f 276//276 272//272 194//194
f 267//267 272//272 276//276
f 181//181 274//274 224//224
f 274//274 194//194 271//271
f 224//224 271//271 168//168
f 274//274 271//271 224//224
f 193//193 276//276 269//269
f 276//276 194//194 274//274
f 269//269 274//274 181//181
f 276//276 274//274 269//269
f 165//165 209//209 304//304
f 209//209 177//177 306//306
f 304//304 306//306 201//201
f 209//209 306//306 304//304
f 177//177 210//210 310//310
f 210//210 167//167 308//308
f 310//310 308//308 202//202
f 210//210 308//308 310//310
f 201//201 312//312 305//305
f 312//312 202//202 309//309
f 305//305 309//309 174//174
f 312//312 309//309 305//305
f 177//177 310//310 306//306
f 310//310 202//202 312//312
f 306//306 312//312 201//201
f 310//310 312//312 306//306
f 169//169 226//226 289//289
f 226//226 182//182 291//291
f 289//289 291//291 198//198
f 226//226 291//291 289//289
f 182//182 225//225 288//288
f 225//225 165//165 286//286
f 288//288 286//286 197//197
f 225//225 286//286 288//288
f 198//198 293//293 290//290
f 293//293 197//197 287//287
f 290//290 287//287 173//173
f 293//293 287//287 290//290
f 182//182 288//288 291//291
f 288//288 197//197 293//293
f 291//291 293//293 198//198
f 288//288 293//293 291//291
f 171//171 248//248 253//253
f 248//248 189//189 257//257
f 253//253 257//257 190//190
f 248//248 257//257 253//253
f 189//189 247//247 250//250
f 247//247 169//169 239//239
f 250//250 239//239 186//186
f 247//247 239//239 250//250
f 190//190 255//255 252//252
f 255//255 186//186 240//240
f 252//252 240//240 170//170
f 255//255 240//240 252//252
f 189//189 250//250 257//257
f 250//250 186//186 255//255
f 257//257 255//255 190//190
f 250//250 255//255 257//257
f 172//172 278//278 259//259
f 278//278 195//195 281//281
f 259//259 281//281 191//191
f 278//278 281//281 259//259
f 195//195 277//277 279//279
f 277//277 171//171 242//242
f 279//279 242//242 187//187
f 277//277 242//242 279//279
f 191//191 261//261 258//258
f 261//261 187//187 241//241
f 258//258 241//241 164//164
f 261//261 241//241 258//258
f 195//195 279//279 281//281
f 279//279 187//187 261//261
f 281//281 261//261 191//191
f 279//279 261//261 281//281
f 325//325 462//462 378//378
f 462//462 362//362 464//464
f 378//378 464//464 341//341
f 462//462 464//464 378//378
f 362//362 463//463 479//479
f 463//463 336//336 476//476
f 479//479 476//476 365//365
f 463//463 476//476 479//479
f 341//341 477//477 379//379
f 477//477 365//365 475//475
f 379//379 475//475 330//330
f 477//477 475//475 379//379
f 362//362 479//479 464//464
f 479//479 365//365 477//477
f 464//464 477//477 341//341
f 479//479 477//477 464//464
f 325//325 378//378 367//367
f 378//378 341//341 380//380
f 367//367 380//380 337//337
f 378//378 380//380 367//367
f 341//341 379//379 384//384
f 379//379 330//330 382//382
f 384//384 382//382 342//342
f 379//379 382//382 384//384
f 337//337 383//383 368//368
f 383//383 342//342 381//381
f 368//368 381//381 326//326
f 383//383 381//381 368//368
f 341//341 384//384 380//380
f 384//384 342//342 383//383
f 380//380 383//383 337//337
f 384//384 383//383 380//380
f 325//325 367//367 394//394
f 367//367 337//337 396//396
f 394//394 396//396 346//346
f 367//367 396//396 394//394
f 337//337 368//368 399//399
f 368//368 326//326 397//397
f 399//399 397//397 347//347
f 368//368 397//397 399//399
f 346//346 400//400 395//395
f 400//400 347//347 398//398
f 395//395 398//398 332//332
f 400//400 398//398 395//395
f 337//337 399//399 396//396
f 399//399 347//347 400//400
f 396//396 400//400 346//346
f 399//399 400//400 396//396
f 325//325 394//394 445//445
f 394//394 346//346 447//447
f 445//445 447//447 358//358
f 394//394 447//447 445//445
f 346//346 395//395 458//458
f 395//395 332//332 456//456
f 458//458 456//456 361//361
f 395//395 456//456 458//458
f 358//358 460//460 446//446
f 460//460 361//361 457//457
f 446//446 457//457 335//335
f 460//460 457//457 446//446
f 346//346 458//458 447//447
f 458//458 361//361 460//460
f 447//447 460//460 358//358
f 458//458 460//460 447//447
f 325//325 445//445 462//462
f 445//445 358//358 465//465
f 462//462 465//465 362//362
f 445//445 465//465 462//462
f 358//358 446//446 483//483
f 446//446 335//335 481//481
f 483//483 481//481 366//366
f 446//446 481//481 483//483
f 362//362 485//485 463//463
f 485//485 366//366 482//482
f 463//463 482//482 336//336
f 485//485 482//482 463//463
f 358//358 483//483 465//465
f 483//483 366//366 485//485
f 465//465 485//485 362//362
f 483//483 485//485 465//465
f 326//326 381//381 420//420
f 381//381 342//342 422//422
f 420//420 422//422 353//353
f 381//381 422//422 420//420
f 342//342 382//382 435//435
f 382//382 330//330 433//433
f 435//435 433//433 356//356
f 382//382 433//433 435//435
f 353//353 437//437 421//421
f 437//437 356//356 434//434
f 421//421 434//434 334//334
f 437//437 434//434 421//421
f 342//342 435//435 422//422
f 435//435 356//356 437//437
f 422//422 437//437 353//353
f 435//435 437//437 422//422
f 330//330 475//475 386//386
f 475//475 365//365 478//478
f 386//386 478//478 343//343
f 475//475 478//478 386//386
f 365//365 476//476 480//480
f 476//476 336//336 471//471
f 480//480 471//471 364//364
f 476//476 471//471 480//480
f 343//343 473//473 385//385
f 473//473 364//364 470//470
f 385//385 470//470 329//329
f 473//473 470//470 385//385
f 365//365 480//480 478//478
f 480//480 364//364 473//473
f 478//478 473//473 343//343
f 480//480 473//473 478//478
f 336//336 482//482 467//467
f 482//482 366//366 486//486
f 467//467 486//486 363//363
f 482//482 486//486 467//467
f 366//366 481//481 484//484
f 481//481 335//335 449//449
f 484//484 449//449 359//359
f 481//481 449//449 484//484
f 363//363 469//469 466//466
f 469//469 359//359 448//448
f 466//466 448//448 327//327
f 469//469 448//448 466//466
f 366//366 484//484 486//486
f 484//484 359//359 469//469
f 486//486 469//469 363//363
f 484//484 469//469 486//486
f 335//335 457//457 452//452
f 457//457 361//361 461//461
f 452//452 461//461 360//360
f 457//457 461//461 452//452
f 361//361 456//456 459//459
f 456//456 332//332 402//402
f 459//459 402//402 348//348
f 456//456 402//402 459//459
f 360//360 454//454 451//451
f 454//454 348//348 401//401
f 451//451 401//401 331//331
f 454//454 401//401 451//451
f 361//361 459//459 461//461
f 459//459 348//348 454//454
f 461//461 454//454 360//360
f 459//459 454//454 461//461
f 332//332 398//398 414//414
f 398//398 347//347 416//416
f 414//414 416//416 352//352
f 398//398 416//416 414//414
f 347//347 397//397 405//405
f 397//397 326//326 403//403
f 405//405 403//403 349//349
f 397//397 403//403 405//405
f 352//352 418//418 415//415
f 418//418 349//349 404//404
f 415//415 404//404 333//333
f 418//418 404//404 415//415
f 347//347 405//405 416//416
f 405//405 349//349 418//418
f 416//416 418//418 352//352
f 405//405 418//418 416//416
f 328//328 424//424 374//374
f 424//424 354//354 426//426
f 374//374 426//426 340//340
f 424//424 426//426 374//374
f 354//354 425//425 432//432
f 425//425 334//334 429//429
f 432//432 429//429 355//355
f 425//425 429//429 432//432
f 340//340 430//430 375//375
f 430//430 355//355 428//428
f 375//375 428//428 329//329
f 430//430 428//428 375//375
f 354//354 432//432 426//426
f 432//432 355//355 430//430
f 426//426 430//430 340//340
f 432//432 430//430 426//426
f 328//328 374//374 370//370
f 374//374 340//340 376//376
f 370//370 376//376 338//338
f 374//374 376//376 370//370
f 340//340 375//375 377//377
f 375//375 329//329 372//372
f 377//377 372//372 339//339
f 375//375 372//372 377//377
f 338//338 373//373 369//369
f 373//373 339//339 371//371
f 369//369 371//371 327//327
f 373//373 371//371 369//369
f 340//340 377//377 376//376
f 377//377 339//339 373//373
f 376//376 373//373 338//338
f 377//377 373//373 376//376
f 328//328 370//370 390//390
f 370//370 338//338 392//392
f 390//390 392//392 345//345
f 370//370 392//392 390//390
f 338//338 369//369 389//389
f 369//369 327//327 387//387
f 389//389 387//387 344//344
f 369//369 387//387 389//389
f 345//345 393//393 391//391
f 393//393 344//344 388//388
f 391//391 388//388 331//331
f 393//393 388//388 391//391
f 338//338 389//389 392//392
f 389//389 344//344 393//393
f 392//392 393//393 345//345
f 389//389 393//393 392//392
f 328//328 390//390 406//406
f 390//390 345//345 408//408
f 406//406 408//408 350//350
f 390//390 408//408 406//406
f 345//345 391//391 411//411
f 391//391 331//331 409//409
f 411//411 409//409 351//351
f 391//391 409//409 411//411
f 350//350 413//413 407//407
f 413//413 351//351 410//410
f 407//407 410//410 333//333
f 413//413 410//410 407//407
f 345//345 411//411 408//408
f 411//411 351//351 413//413
f 408//408 413//413 350//350
f 411//411 413//413 408//408
f 328//328 406//406 424//424
f 406//406 350//350 427//427
f 424//424 427//427 354//354
f 406//406 427//427 424//424
f 350//350 407//407 442//442
f 407//407 333//333 439//439
f 442//442 439//439 357//357
f 407//407 439//439 442//442
f 354//354 444//444 425//425
f 444//444 357//357 440//440
f 425//425 440//440 334//334
f 444//444 440//440 425//425
f 350//350 442//442 427//427
f 442//442 357//357 444//444
f 427//427 444//444 354//354
f 442//442 444//444 427//427
f 329//329 428//428 385//385
f 428//428 355//355 431//431
f 385//385 431//431 343//343
f 428//428 431//431 385//385
f 355//355 429//429 438//438
f 429//429 334//334 434//434
f 438//438 434//434 356//356
f 429//429 434//434 438//438
f 343//343 436//436 386//386
f 436//436 356//356 433//433
f 386//386 433//433 330//330
f 436//436 433//433 386//386
f 355//355 438//438 431//431
f 438//438 356//356 436//436
f 431//431 436//436 343//343
f 438//438 436//436 431//431
f 327//327 371//371 466//466
f 371//371 339//339 468//468
f 466//466 468//468 363//363
f 371//371 468//468 466//466
f 339//339 372//372 472//472
f 372//372 329//329 470//470
f 472//472 470//470 364//364
f 372//372 470//470 472//472
f 363//363 474//474 467//467
f 474//474 364//364 471//471
f 467//467 471//471 336//336
f 474//474 471//471 467//467
f 339//339 472//472 468//468
f 472//472 364//364 474//474
f 468//468 474//474 363//363
f 472//472 474//474 468//468
f 331//331 388//388 451//451
f 388//388 344//344 453//453
f 451//451 453//453 360//360
f 388//388 453//453 451//451
f 344//344 387//387 450//450
f 387//387 327//327 448//448
f 450//450 448//448 359//359
f 387//387 448//448 450//450
f 360//360 455//455 452//452
f 455//455 359//359 449//449
f 452//452 449//449 335//335
f 455//455 449//449 452//452
f 344//344 450//450 453//453
f 450//450 359//359 455//455
f 453//453 455//455 360//360
f 450//450 455//455 453//453
f 333//333 410//410 415//415
f 410//410 351//351 419//419
f 415//415 419//419 352//352
f 410//410 419//419 415//415
f 351//351 409//409 412//412
f 409//409 331//331 401//401
f 412//412 401//401 348//348
f 409//409 401//401 412//412
f 352//352 417//417 414//414
f 417//417 348//348 402//402
f 414//414 402//402 332//332
f 417//417 402//402 414//414
f 351//351 412//412 419//419
f 412//412 348//348 417//417
f 419//419 417//417 352//352
f 412//412 417//417 419//419
f 334//334 440//440 421//421
f 440//440 357//357 443//443
f 421//421 443//443 353//353
f 440//440 443//443 421//421
f 357//357 439//439 441//441
f 439//439 333//333 404//404
f 441//441 404//404 349//349
f 439//439 404//404 441//441
f 353//353 423//423 420//420
f 423//423 349//349 403//403
f 420//420 403//403 326//326
f 423//423 403//403 420//420
f 357//357 441//441 443//443
f 441//441 349//349 423//423
f 443//443 423//423 353//353
f 441//441 423//423 443//443
f 487//487 624//624 540//540
f 624//624 524//524 626//626
f 540//540 626//626 503//503
f 624//624 626//626 540//540
f 524//524 625//625 641//641
f 625//625 498//498 638//638
f 641//641 638//638 527//527
f 625//625 638//638 641//641
f 503//503 639//639 541//541
f 639//639 527//527 637//637
f 541//541 637//637 492//492
f 639//639 637//637 541//541
f 524//524 641//641 626//626
f 641//641 527//527 639//639
f 626//626 639//639 503//503
f 641//641 639//639 626//626
f 487//487 540//540 529//529
f 540//540 503//503 542//542
f 529//529 542//542 499//499
f 540//540 542//542 529//529
f 503//503 541//541 546//546
f 541//541 492//492 544//544
f 546//546 544//544 504//504
f 541//541 544//544 546//546
f 499//499 545//545 530//530
f 545//545 504//504 543//543
f 530//530 543//543 488//488
f 545//545 543//543 530//530
f 503//503 546//546 542//542
f 546//546 504//504 545//545
f 542//542 545//545 499//499
f 546//546 545//545 542//542
f 487//487 529//529 556//556
f 529//529 499//499 558//558
f 556//556 558//558 508//508
f 529//529 558//558 556//556
f 499//499 530//530 561//561
f 530//530 488//488 559//559
f 561//561 559//559 509//509
f 530//530 559//559 561//561
f 508//508 562//562 557//557
f 562//562 509//509 560//560
f 557//557 560//560 494//494
f 562//562 560//560 557//557
f 499//499 561//561 558//558
f 561//561 509//509 562//562
f 558//558 562//562 508//508
f 561//561 562//562 558//558
f 487//487 556//556 607//607
f 556//556 508//508 609//609
f 607//607 609//609 520//520
f 556//556 609//609 607//607
f 508//508 557//557 620//620
f 557//557 494//494 618//618
f 620//620 618//618 523//523
f 557//557 618//618 620//620
f 520//520 622//622 608//608
f 622//622 523//523 619//619
f 608//608 619//619 497//497
f 622//622 619//619 608//608
f 508//508 620//620 609//609
f 620//620 523//523 622//622
f 609//609 622//622 520//520
f 620//620 622//622 609//609
f 487//487 607//607 624//624
f 607//607 520//520 627//627
f 624//624 627//627 524//524
f 607//607 627//627 624//624
f 520//520 608//608 645//645
f 608//608 497//497 643//643
f 645//645 643//643 528//528
f 608//608 643//643 645//645
f 524//524 647//647 625//625
f 647//647 528//528 644//644
f 625//625 644//644 498//498
f 647//647 644//644 625//625
f 520//520 645//645 627//627
f 645//645 528//528 647//647
f 627//627 647//647 524//524
f 645//645 647//647 627//627
f 488//488 543//543 582//582
f 543//543 504//504 584//584
f 582//582 584//584 515//515
f 543//543 584//584 582//582
f 504//504 544//544 597//597
f 544//544 492//492 595//595
f 597//597 595//595 518//518
f 544//544 595//595 597//597
f 515//515 599//599 583//583
f 599//599 518//518 596//596
f 583//583 596//596 496//496
f 599//599 596//596 583//583
f 504//504 597//597 584//584
f 597//597 518//518 599//599
f 584//584 599//599 515//515
f 597//597 599//599 584//584
f 492//492 637//637 548//548
f 637//637 527//527 640//640
f 548//548 640//640 505//505
f 637//637 640//640 548//548
f 527//527 638//638 642//642
f 638//638 498//498 633//633
f 642//642 633//633 526//526
f 638//638 633//633 642//642
f 505//505 635//635 547//547
f 635//635 526//526 632//632
f 547//547 632//632 491//491
f 635//635 632//632 547//547
f 527//527 642//642 640//640
f 642//642 526//526 635//635
f 640//640 635//635 505//505
f 642//642 635//635 640//640
f 498//498 644//644 629//629
f 644//644 528//528 648//648
f 629//629 648//648 525//525
f 644//644 648//648 629//629
f 528//528 643//643 646//646
f 643//643 497//497 611//611
f 646//646 611//611 521//521
f 643//643 611//611 646//646
f 525//525 631//631 628//628
f 631//631 521//521 610//610
f 628//628 610//610 489//489
f 631//631 610//610 628//628
f 528//528 646//646 648//648
f 646//646 521//521 631//631
f 648//648 631//631 525//525
f 646//646 631//631 648//648
f 497//497 619//619 614//614
f 619//619 523//523 623//623
f 614//614 623//623 522//522
f 619//619 623//623 614//614
f 523//523 618//618 621//621
f 618//618 494//494 564//564
f 621//621 564//564 510//510
f 618//618 564//564 621//621
f 522//522 616//616 613//613
f 616//616 510//510 563//563
f 613//613 563//563 493//493
f 616//616 563//563 613//613
f 523//523 621//621 623//623
f 621//621 510//510 616//616
f 623//623 616//616 522//522
f 621//621 616//616 623//623
f 494//494 560//560 576//576
f 560//560 509//509 578//578
f 576//576 578//578 514//514
f 560//560 578//578 576//576
f 509//509 559//559 567//567
f 559//559 488//488 565//565
f 567//567 565//565 511//511
f 559//559 565//565 567//567
f 514//514 580//580 577//577
f 580//580 511//511 566//566
f 577//577 566//566 495//495
f 580//580 566//566 577//577
f 509//509 567//567 578//578
f 567//567 511//511 580//580
f 578//578 580//580 514//514
f 567//567 580//580 578//578
f 490//490 586//586 536//536
f 586//586 516//516 588//588
f 536//536 588//588 502//502
f 586//586 588//588 536//536
f 516//516 587//587 594//594
f 587//587 496//496 591//591
f 594//594 591//591 517//517
f 587//587 591//591 594//594
f 502//502 592//592 537//537
f 592//592 517//517 590//590
f 537//537 590//590 491//491
f 592//592 590//590 537//537
f 516//516 594//594 588//588
f 594//594 517//517 592//592
f 588//588 592//592 502//502
f 594//594 592//592 588//588
f 490//490 536//536 532//532
f 536//536 502//502 538//538
f 532//532 538//538 500//500
f 536//536 538//538 532//532
f 502//502 537//537 539//539
f 537//537 491//491 534//534
f 539//539 534//534 501//501
f 537//537 534//534 539//539
f 500//500 535//535 531//531
f 535//535 501//501 533//533
f 531//531 533//533 489//489
f 535//535 533//533 531//531
f 502//502 539//539 538//538
f 539//539 501//501 535//535
f 538//538 535//535 500//500
f 539//539 535//535 538//538
f 490//490 532//532 552//552
f 532//532 500//500 554//554
f 552//552 554//554 507//507
f 532//532 554//554 552//552
f 500//500 531//531 551//551
f 531//531 489//489 549//549
f 551//551 549//549 506//506
f 531//531 549//549 551//551
f 507//507 555//555 553//553
f 555//555 506//506 550//550
f 553//553 550//550 493//493
f 555//555 550//550 553//553
f 500//500 551//551 554//554
f 551//551 506//506 555//555
f 554//554 555//555 507//507
f 551//551 555//555 554//554
f 490//490 552//552 568//568
f 552//552 507//507 570//570
f 568//568 570//570 512//512
f 552//552 570//570 568//568
f 507//507 553//553 573//573
f 553//553 493//493 571//571
f 573//573 571//571 513//513
f 553//553 571//571 573//573
f 512//512 575//575 569//569
f 575//575 513//513 572//572
f 569//569 572//572 495//495
f 575//575 572//572 569//569
f 507//507 573//573 570//570
f 573//573 513//513 575//575
f 570//570 575//575 512//512
f 573//573 575//575 570//570
f 490//490 568//568 586//586
f 568//568 512//512 589//589
f 586//586 589//589 516//516
f 568//568 589//589 586//586
f 512//512 569//569 604//604
f 569//569 495//495 601//601
f 604//604 601//601 519//519
f 569//569 601//601 604//604
f 516//516 606//606 587//587
f 606//606 519//519 602//602
f 587//587 602//602 496//496
f 606//606 602//602 587//587
f 512//512 604//604 589//589
f 604//604 519//519 606//606
f 589//589 606//606 516//516
f 604//604 606//606 589//589
f 491//491 590//590 547//547
f 590//590 517//517 593//593
f 547//547 593//593 505//505
f 590//590 593//593 547//547
f 517//517 591//591 600//600
f 591//591 496//496 596//596
f 600//600 596//596 518//518
f 591//591 596//596 600//600
f 505//505 598//598 548//548
f 598//598 518//518 595//595
f 548//548 595//595 492//492
f 598//598 595//595 548//548
f 517//517 600//600 593//593
f 600//600 518//518 598//598
f 593//593 598//598 505//505
f 600//600 598//598 593//593
f 489//489 533//533 628//628
f 533//533 501//501 630//630
f 628//628 630//630 525//525
f 533//533 630//630 628//628
f 501//501 534//534 634//634
f 534//534 491//491 632//632
f 634//634 632//632 526//526
f 534//534 632//632 634//634
f 525//525 636//636 629//629
f 636//636 526//526 633//633
f 629//629 633//633 498//498
f 636//636 633//633 629//629
f 501//501 634//634 630//630
f 634//634 526//526 636//636
f 630//630 636//636 525//525
f 634//634 636//636 630//630
f 493//493 550//550 613//613
f 550//550 506//506 615//615
f 613//613 615//615 522//522
f 550//550 615//615 613//613
f 506//506 549//549 612//612
f 549//549 489//489 610//610
f 612//612 610//610 521//521
f 549//549 610//610 612//612
f 522//522 617//617 614//614
f 617//617 521//521 611//611
f 614//614 611//611 497//497
f 617//617 611//611 614//614
f 506//506 612//612 615//615
f 612//612 521//521 617//617
f 615//615 617//617 522//522
f 612//612 617//617 615//615
f 495//495 572//572 577//577
f 572//572 513//513 581//581
f 577//577 581//581 514//514
f 572//572 581//581 577//577
f 513//513 571//571 574//574
f 571//571 493//493 563//563
f 574//574 563//563 510//510
f 571//571 563//563 574//574
f 514//514 579//579 576//576
f 579//579 510//510 564//564
f 576//576 564//564 494//494
f 579//579 564//564 576//576
f 513//513 574//574 581//581
f 574//574 510//510 579//579
f 581//581 579//579 514//514
f 574//574 579//579 581//581
f 496//496 602//602 583//583
f 602//602 519//519 605//605
f 583//583 605//605 515//515
f 602//602 605//605 583//583
f 519//519 601//601 603//603
f 601//601 495//495 566//566
f 603//603 566//566 511//511
f 601//601 566//566 603//603
f 515//515 585//585 582//582
f 585//585 511//511 565//565
f 582//582 565//565 488//488
f 585//585 565//565 582//582
f 519//519 603//603 605//605
f 603//603 511//511 585//585
f 605//605 585//585 515//515
f 603//603 585//585 605//605
f 649//649 786//786 702//702
f 786//786 686//686 788//788
f 702//702 788//788 665//665
f 786//786 788//788 702//702
f 686//686 787//787 803//803
f 787//787 660//660 800//800
f 803//803 800//800 689//689
f 787//787 800//800 803//803
f 665//665 801//801 703//703
f 801//801 689//689 799//799
f 703//703 799//799 654//654
f 801//801 799//799 703//703
f 686//686 803//803 788//788
f 803//803 689//689 801//801
f 788//788 801//801 665//665
f 803//803 801//801 788//788
f 649//649 702//702 691//691
f 702//702 665//665 704//704
f 691//691 704//704 661//661
f 702//702 704//704 691//691
f 665//665 703//703 708//708
f 703//703 654//654 706//706
f 708//708 706//706 666//666
f 703//703 706//706 708//708
f 661//661 707//707 692//692
f 707//707 666//666 705//705
f 692//692 705//705 650//650
f 707//707 705//705 692//692
f 665//665 708//708 704//704
f 708//708 666//666 707//707
f 704//704 707//707 661//661
f 708//708 707//707 704//704
f 649//649 691//691 718//718
f 691//691 661//661 720//720
f 718//718 720//720 670//670
f 691//691 720//720 718//718
f 661//661 692//692 723//723
f 692//692 650//650 721//721
f 723//723 721//721 671//671
f 692//692 721//721 723//723
f 670//670 724//724 719//719
f 724//724 671//671 722//722
f 719//719 722//722 656//656
f 724//724 722//722 719//719
f 661//661 723//723 720//720
f 723//723 671//671 724//724
f 720//720 724//724 670//670
f 723//723 724//724 720//720
f 649//649 718//718 769//769
f 718//718 670//670 771//771
f 769//769 771//771 682//682
f 718//718 771//771 769//769
f 670//670 719//719 782//782
f 719//719 656//656 780//780
f 782//782 780//780 685//685
f 719//719 780//780 782//782
f 682//682 784//784 770//770
f 784//784 685//685 781//781
f 770//770 781//781 659//659
f 784//784 781//781 770//770
f 670//670 782//782 771//771
f 782//782 685//685 784//784
f 771//771 784//784 682//682
f 782//782 784//784 771//771
f 649//649 769//769 786//786
f 769//769 682//682 789//789
f 786//786 789//789 686//686
f 769//769 789//789 786//786
f 682//682 770//770 807//807
f 770//770 659//659 805//805
f 807//807 805//805 690//690
f 770//770 805//805 807//807
f 686//686 809//809 787//787
f 809//809 690//690 806//806
f 787//787 806//806 660//660
f 809//809 806//806 787//787
f 682//682 807//807 789//789
f 807//807 690//690 809//809
f 789//789 809//809 686//686
f 807//807 809//809 789//789
f 650//650 705//705 744//744
f 705//705 666//666 746//746
f 744//744 746//746 677//677
f 705//705 746//746 744//744
f 666//666 706//706 759//759
f 706//706 654//654 757//757
f 759//759 757//757 680//680
f 706//706 757//757 759//759
f 677//677 761//761 745//745
f 761//761 680//680 758//758
f 745//745 758//758 658//658
f 761//761 758//758 745//745
f 666//666 759//759 746//746
f 759//759 680//680 761//761
f 746//746 761//761 677//677
f 759//759 761//761 746//746
f 654//654 799//799 710//710
f 799//799 689//689 802//802
f 710//710 802//802 667//667
f 799//799 802//802 710//710
f 689//689 800//800 804//804
f 800//800 660//660 795//795
f 804//804 795//795 688//688
f 800//800 795//795 804//804
f 667//667 797//797 709//709
f 797//797 688//688 794//794
f 709//709 794//794 653//653
f 797//797 794//794 709//709
f 689//689 804//804 802//802
f 804//804 688//688 797//797
f 802//802 797//797 667//667
f 804//804 797//797 802//802
f 660//660 806//806 791//791
f 806//806 690//690 810//810
f 791//791 810//810 687//687
f 806//806 810//810 791//791
f 690//690 805//805 808//808
f 805//805 659//659 773//773
f 808//808 773//773 683//683
f 805//805 773//773 808//808
f 687//687 793//793 790//790
f 793//793 683//683 772//772
f 790//790 772//772 651//651
f 793//793 772//772 790//790
f 690//690 808//808 810//810
f 808//808 683//683 793//793
f 810//810 793//793 687//687
f 808//808 793//793 810//810
f 659//659 781//781 776//776
f 781//781 685//685 785//785
f 776//776 785//785 684//684
f 781//781 785//785 776//776
f 685//685 780//780 783//783
f 780//780 656//656 726//726
f 783//783 726//726 672//672
f 780//780 726//726 783//783
f 684//684 778//778 775//775
f 778//778 672//672 725//725
f 775//775 725//725 655//655
f 778//778 725//725 775//775
f 685//685 783//783 785//785
f 783//783 672//672 778//778
f 785//785 778//778 684//684
f 783//783 778//778 785//785
f 656//656 722//722 738//738
f 722//722 671//671 740//740
f 738//738 740//740 676//676
f 722//722 740//740 738//738
f 671//671 721//721 729//729
f 721//721 650//650 727//727
f 729//729 727//727 673//673
f 721//721 727//727 729//729
f 676//676 742//742 739//739
f 742//742 673//673 728//728
f 739//739 728//728 657//657
f 742//742 728//728 739//739
f 671//671 729//729 740//740
f 729//729 673//673 742//742
f 740//740 742//742 676//676
f 729//729 742//742 740//740
f 652//652 748//748 698//698
f 748//748 678//678 750//750
f 698//698 750//750 664//664
f 748//748 750//750 698//698
f 678//678 749//749 756//756
f 749//749 658//658 753//753
f 756//756 753//753 679//679
f 749//749 753//753 756//756
f 664//664 754//754 699//699
f 754//754 679//679 752//752
f 699//699 752//752 653//653
f 754//754 752//752 699//699
f 678//678 756//756 750//750
f 756//756 679//679 754//754
f 750//750 754//754 664//664
f 756//756 754//754 750//750
f 652//652 698//698 694//694
f 698//698 664//664 700//700
f 694//694 700//700 662//662
f 698//698 700//700 694//694
f 664//664 699//699 701//701
f 699//699 653//653 696//696
f 701//701 696//696 663//663
f 699//699 696//696 701//701
f 662//662 697//697 693//693
f 697//697 663//663 695//695
f 693//693 695//695 651//651
f 697//697 695//695 693//693
f 664//664 701//701 700//700
f 701//701 663//663 697//697
f 700//700 697//697 662//662
f 701//701 697//697 700//700
f 652//652 694//694 714//714
f 694//694 662//662 716//716
f 714//714 716//716 669//669
f 694//694 716//716 714//714
f 662//662 693//693 713//713
f 693//693 651//651 711//711
f 713//713 711//711 668//668
f 693//693 711//711 713//713
f 669//669 717//717 715//715
f 717//717 668//668 712//712
f 715//715 712//712 655//655
f 717//717 712//712 715//715
f 662//662 713//713 716//716
f 713//713 668//668 717//717
f 716//716 717//717 669//669
f 713//713 717//717 716//716
f 652//652 714//714 730//730
f 714//714 669//669 732//732
f 730//730 732//732 674//674
f 714//714 732//732 730//730
f 669//669 715//715 735//735
f 715//715 655//655 733//733
f 735//735 733//733 675//675
f 715//715 733//733 735//735
f 674//674 737//737 731//731
f 737//737 675//675 734//734
f 731//731 734//734 657//657
f 737//737 734//734 731//731
f 669//669 735//735 732//732
f 735//735 675//675 737//737
f 732//732 737//737 674//674
f 735//735 737//737 732//732
f 652//652 730//730 748//748
f 730//730 674//674 751//751
f 748//748 751//751 678//678
f 730//730 751//751 748//748
f 674//674 731//731 766//766
f 731//731 657//657 763//763
f 766//766 763//763 681//681
f 731//731 763//763 766//766
f 678//678 768//768 749//749
f 768//768 681//681 764//764
f 749//749 764//764 658//658
f 768//768 764//764 749//749
f 674//674 766//766 751//751
f 766//766 681//681 768//768
f 751//751 768//768 678//678
f 766//766 768//768 751//751
f 653//653 752//752 709//709
f 752//752 679//679 755//755
f 709//709 755//755 667//667
f 752//752 755//755 709//709
f 679//679 753//753 762//762
f 753//753 658//658 758//758
f 762//762 758//758 680//680
f 753//753 758//758 762//762
f 667//667 760//760 710//710
f 760//760 680//680 757//757
f 710//710 757//757 654//654
f 760//760 757//757 710//710
f 679//679 762//762 755//755
f 762//762 680//680 760//760
f 755//755 760//760 667//667
f 762//762 760//760 755//755
f 651//651 695//695 790//790
f 695//695 663//663 792//792
f 790//790 792//792 687//687
f 695//695 792//792 790//790
f 663//663 696//696 796//796
f 696//696 653//653 794//794
f 796//796 794//794 688//688
f 696//696 794//794 796//796
f 687//687 798//798 791//791
f 798//798 688//688 795//795
f 791//791 795//795 660//660
f 798//798 795//795 791//791
f 663//663 796//796 792//792
f 796//796 688//688 798//798
f 792//792 798//798 687//687
f 796//796 798//798 792//792
f 655//655 712//712 775//775
f 712//712 668//668 777//777
f 775//775 777//777 684//684
f 712//712 777//777 775//775
f 668//668 711//711 774//774
f 711//711 651//651 772//772
f 774//774 772//772 683//683
f 711//711 772//772 774//774
f 684//684 779//779 776//776
f 779//779 683//683 773//773
f 776//776 773//773 659//659
f 779//779 773//773 776//776
f 668//668 774//774 777//777
f 774//774 683//683 779//779
f 777//777 779//779 684//684
f 774//774 779//779 777//777
f 657//657 734//734 739//739
f 734//734 675//675 743//743
f 739//739 743//743 676//676
f 734//734 743//743 739//739
f 675//675 733//733 736//736
f 733//733 655//655 725//725
f 736//736 725//725 672//672
f 733//733 725//725 736//736
f 676//676 741//741 738//738
f 741//741 672//672 726//726
f 738//738 726//726 656//656
f 741//741 726//726 738//738
f 675//675 736//736 743//743
f 736//736 672//672 741//741
f 743//743 741//741 676//676
f 736//736 741//741 743//743
f 658//658 764//764 745//745
f 764//764 681//681 767//767
f 745//745 767//767 677//677
f 764//764 767//767 745//745
f 681//681 763//763 765//765
f 763//763 657//657 728//728
f 765//765 728//728 673//673
f 763//763 728//728 765//765
f 677//677 747//747 744//744
f 747//747 673//673 727//727
f 744//744 727//727 650//650
f 747//747 727//727 744//744
f 681//681 765//765 767//767
f 765//765 673//673 747//747
f 767//767 747//747 677//677
f 765//765 747//747 767//767
f 811//811 948//948 864//864
f 948//948 848//848 950//950
f 864//864 950//950 827//827
f 948//948 950//950 864//864
f 848//848 949//949 965//965
f 949//949 822//822 962//962
f 965//965 962//962 851//851
f 949//949 962//962 965//965
f 827//827 963//963 865//865
f 963//963 851//851 961//961
f 865//865 961//961 816//816
f 963//963 961//961 865//865
f 848//848 965//965 950//950
f 965//965 851//851 963//963
f 950//950 963//963 827//827
f 965//965 963//963 950//950
f 811//811 864//864 853//853
f 864//864 827//827 866//866
f 853//853 866//866 823//823
f 864//864 866//866 853//853
f 827//827 865//865 870//870
f 865//865 816//816 868//868
f 870//870 868//868 828//828
f 865//865 868//868 870//870
f 823//823 869//869 854//854
f 869//869 828//828 867//867
f 854//854 867//867 812//812
f 869//869 867//867 854//854
f 827//827 870//870 866//866
f 870//870 828//828 869//869
f 866//866 869//869 823//823
f 870//870 869//869 866//866
f 811//811 853//853 880//880
f 853//853 823//823 882//882
f 880//880 882//882 832//832
f 853//853 882//882 880//880
f 823//823 854//854 885//885
f 854//854 812//812 883//883
f 885//885 883//883 833//833
f 854//854 883//883 885//885
f 832//832 886//886 881//881
f 886//886 833//833 884//884
f 881//881 884//884 818//818
f 886//886 884//884 881//881
f 823//823 885//885 882//882
f 885//885 833//833 886//886
f 882//882 886//886 832//832
f 885//885 886//886 882//882
f 811//811 880//880 931//931
f 880//880 832//832 933//933
f 931//931 933//933 844//844
f 880//880 933//933 931//931
f 832//832 881//881 944//944
f 881//881 818//818 942//942
f 944//944 942//942 847//847
f 881//881 942//942 944//944
f 844//844 946//946 932//932
f 946//946 847//847 943//943
f 932//932 943//943 821//821
f 946//946 943//943 932//932
f 832//832 944//944 933//933
f 944//944 847//847 946//946
f 933//933 946//946 844//844
f 944//944 946//946 933//933
f 811//811 931//931 948//948
f 931//931 844//844 951//951
f 948//948 951//951 848//848
f 931//931 951//951 948//948
f 844//844 932//932 969//969
f 932//932 821//821 967//967
f 969//969 967//967 852//852
f 932//932 967//967 969//969
f 848//848 971//971 949//949
f 971//971 852//852 968//968
f 949//949 968//968 822//822
f 971//971 968//968 949//949
f 844//844 969//969 951//951
f 969//969 852//852 971//971
f 951//951 971//971 848//848
f 969//969 971//971 951//951
f 812//812 867//867 906//906
f 867//867 828//828 908//908
f 906//906 908//908 839//839
f 867//867 908//908 906//906
f 828//828 868//868 921//921
f 868//868 816//816 919//919
f 921//921 919//919 842//842
f 868//868 919//919 921//921
f 839//839 923//923 907//907
f 923//923 842//842 920//920
f 907//907 920//920 820//820
f 923//923 920//920 907//907
f 828//828 921//921 908//908
f 921//921 842//842 923//923
f 908//908 923//923 839//839
f 921//921 923//923 908//908
f 816//816 961//961 872//872
f 961//961 851//851 964//964
f 872//872 964//964 829//829
f 961//961 964//964 872//872
f 851//851 962//962 966//966
f 962//962 822//822 957//957
f 966//966 957//957 850//850
f 962//962 957//957 966//966
f 829//829 959//959 871//871
f 959//959 850//850 956//956
f 871//871 956//956 815//815
f 959//959 956//956 871//871
f 851//851 966//966 964//964
f 966//966 850//850 959//959
f 964//964 959//959 829//829
f 966//966 959//959 964//964
f 822//822 968//968 953//953
f 968//968 852//852 972//972
f 953//953 972//972 849//849
f 968//968 972//972 953//953
f 852//852 967//967 970//970
f 967//967 821//821 935//935
f 970//970 935//935 845//845
f 967//967 935//935 970//970
f 849//849 955//955 952//952
f 955//955 845//845 934//934
f 952//952 934//934 813//813
f 955//955 934//934 952//952
f 852//852 970//970 972//972
f 970//970 845//845 955//955
f 972//972 955//955 849//849
f 970//970 955//955 972//972
f 821//821 943//943 938//938
f 943//943 847//847 947//947
f 938//938 947//947 846//846
f 943//943 947//947 938//938
f 847//847 942//942 945//945
f 942//942 818//818 888//888
f 945//945 888//888 834//834
f 942//942 888//888 945//945
f 846//846 940//940 937//937
f 940//940 834//834 887//887
f 937//937 887//887 817//817
f 940//940 887//887 937//937
f 847//847 945//945 947//947
f 945//945 834//834 940//940
f 947//947 940//940 846//846
f 945//945 940//940 947//947
f 818//818 884//884 900//900
f 884//884 833//833 902//902
f 900//900 902//902 838//838
f 884//884 902//902 900//900
f 833//833 883//883 891//891
f 883//883 812//812 889//889
f 891//891 889//889 835//835
f 883//883 889//889 891//891
f 838//838 904//904 901//901
f 904//904 835//835 890//890
f 901//901 890//890 819//819
f 904//904 890//890 901//901
f 833//833 891//891 902//902
f 891//891 835//835 904//904
f 902//902 904//904 838//838
f 891//891 904//904 902//902
f 814//814 910//910 860//860
f 910//910 840//840 912//912
f 860//860 912//912 826//826
f 910//910 912//912 860//860
f 840//840 911//911 918//918
f 911//911 820//820 915//915
f 918//918 915//915 841//841
f 911//911 915//915 918//918
f 826//826 916//916 861//861
f 916//916 841//841 914//914
f 861//861 914//914 815//815
f 916//916 914//914 861//861
f 840//840 918//918 912//912
f 918//918 841//841 916//916
f 912//912 916//916 826//826
f 918//918 916//916 912//912
f 814//814 860//860 856//856
f 860//860 826//826 862//862
f 856//856 862//862 824//824
f 860//860 862//862 856//856
f 826//826 861//861 863//863
f 861//861 815//815 858//858
f 863//863 858//858 825//825
f 861//861 858//858 863//863
f 824//824 859//859 855//855
f 859//859 825//825 857//857
f 855//855 857//857 813//813
f 859//859 857//857 855//855
f 826//826 863//863 862//862
f 863//863 825//825 859//859
f 862//862 859//859 824//824
f 863//863 859//859 862//862
f 814//814 856//856 876//876
f 856//856 824//824 878//878
f 876//876 878//878 831//831
f 856//856 878//878 876//876
f 824//824 855//855 875//875
f 855//855 813//813 873//873
f 875//875 873//873 830//830
f 855//855 873//873 875//875
f 831//831 879//879 877//877
f 879//879 830//830 874//874
f 877//877 874//874 817//817
f 879//879 874//874 877//877
f 824//824 875//875 878//878
f 875//875 830//830 879//879
f 878//878 879//879 831//831
f 875//875 879//879 878//878
f 814//814 876//876 892//892
f 876//876 831//831 894//894
f 892//892 894//894 836//836
f 876//876 894//894 892//892
f 831//831 877//877 897//897
f 877//877 817//817 895//895
f 897//897 895//895 837//837
f 877//877 895//895 897//897
f 836//836 899//899 893//893
f 899//899 837//837 896//896
f 893//893 896//896 819//819
f 899//899 896//896 893//893
f 831//831 897//897 894//894
f 897//897 837//837 899//899
f 894//894 899//899 836//836
f 897//897 899//899 894//894
f 814//814 892//892 910//910
f 892//892 836//836 913//913
f 910//910 913//913 840//840
f 892//892 913//913 910//910
f 836//836 893//893 928//928
f 893//893 819//819 925//925
f 928//928 925//925 843//843
f 893//893 925//925 928//928
f 840//840 930//930 911//911
f 930//930 843//843 926//926
f 911//911 926//926 820//820
f 930//930 926//926 911//911
f 836//836 928//928 913//913
f 928//928 843//843 930//930
f 913//913 930//930 840//840
f 928//928 930//930 913//913
f 815//815 914//914 871//871
f 914//914 841//841 917//917
f 871//871 917//917 829//829
f 914//914 917//917 871//871
f 841//841 915//915 924//924
f 915//915 820//820 920//920
f 924//924 920//920 842//842
f 915//915 920//920 924//924
f 829//829 922//922 872//872
f 922//922 842//842 919//919
f 872//872 919//919 816//816
f 922//922 919//919 872//872
f 841//841 924//924 917//917
f 924//924 842//842 922//922
f 917//917 922//922 829//829
f 924//924 922//922 917//917
f 813//813 857//857 952//952
f 857//857 825//825 954//954
f 952//952 954//954 849//849
f 857//857 954//954 952//952
f 825//825 858//858 958//958
f 858//858 815//815 956//956
f 958//958 956//956 850//850
f 858//858 956//956 958//958
f 849//849 960//960 953//953
f 960//960 850//850 957//957
f 953//953 957//957 822//822
f 960//960 957//957 953//953
f 825//825 958//958 954//954
f 958//958 850//850 960//960
f 954//954 960//960 849//849
f 958//958 960//960 954//954
f 817//817 874//874 937//937
f 874//874 830//830 939//939
f 937//937 939//939 846//846
f 874//874 939//939 937//937
f 830//830 873//873 936//936
f 873//873 813//813 934//934
f 936//936 934//934 845//845
f 873//873 934//934 936//936
f 846//846 941//941 938//938
f 941//941 845//845 935//935
f 938//938 935//935 821//821
f 941//941 935//935 938//938
f 830//830 936//936 939//939
f 936//936 845//845 941//941
f 939//939 941//941 846//846
f 936//936 941//941 939//939
f 819//819 896//896 901//901
f 896//896 837//837 905//905
f 901//901 905//905 838//838
f 896//896 905//905 901//901
f 837//837 895//895 898//898
f 895//895 817//817 887//887
f 898//898 887//887 834//834
f 895//895 887//887 898//898
f 838//838 903//903 900//900
f 903//903 834//834 888//888
f 900//900 888//888 818//818
f 903//903 888//888 900//900
f 837//837 898//898 905//905
f 898//898 834//834 903//903
f 905//905 903//903 838//838
f 898//898 903//903 905//905
f 820//820 926//926 907//907
f 926//926 843//843 929//929
f 907//907 929//929 839//839
f 926//926 929//929 907//907
f 843//843 925//925 927//927
f 925//925 819//819 890//890
f 927//927 890//890 835//835
f 925//925 890//890 927//927
f 839//839 909//909 906//906
f 909//909 835//835 889//889
f 906//906 889//889 812//812
f 909//909 889//889 906//906
f 843//843 927//927 929//929
f 927//927 835//835 909//909
f 929//929 909//909 839//839
f 927//927 909//909 929//929

