# https://github.com/mikedh/trimesh
v 0.0134006 1.1920047 -0.0205584
v 0.0147019 1.1902075 -0.0180865
v 0.0155026 1.1880627 -0.0156798
v 0.0157753 1.1856433 -0.0134202
v 0.0155108 1.1830318 -0.0113847
v 0.0147181 1.1803170 -0.0096426
v 0.0134243 1.1775914 -0.0082532
v 0.0116732 1.1749478 -0.0072638
v 0.0095247 1.1724763 -0.0067081
v -0.4729482 0.7402610 0.0133949
v -0.4756613 0.7383773 0.0130418
v -0.4785221 0.7368895 0.0122446
v -0.4814332 0.7358481 0.0110304
v -0.4842955 0.7352886 0.0094405
v -0.4870115 0.7352301 0.0075292
v -0.4894888 0.7356746 0.0053615
v -0.4916429 0.7366069 0.0030112
v -0.4934006 0.7379953 0.0005584
v 0.0140649 1.1909468 -0.0174806
v 0.0142502 1.1895160 -0.0144885
v 0.0139503 1.1877613 -0.0116842
v 0.0131753 1.1857422 -0.0091631
v 0.0119516 1.1835276 -0.0070110
v 0.0103210 1.1811928 -0.0053012
v 0.0083388 1.1788175 -0.0040920
v 0.0060727 1.1764824 -0.0034245
v -0.4764002 0.7442671 0.0166786
v -0.4789956 0.7422470 0.0162136
v -0.4816253 0.7404909 0.0151966
v -0.4841997 0.7390587 0.0136620
v -0.4866310 0.7379990 0.0116622
v -0.4888365 0.7373481 0.0092652
v -0.4907411 0.7371280 0.0065528
v -0.4922799 0.7373462 0.0036172
v 0.0133202 1.1917890 -0.0172447
v 0.0127863 1.1911718 -0.0140248
v 0.0118169 1.1901741 -0.0110085
v 0.0104451 1.1888301 -0.0082983
v 0.0087176 1.1871853 -0.0059866
v 0.0066933 1.1852958 -0.0041521
v 0.0044410 1.1832260 -0.0028573
v 0.0020375 1.1810463 -0.0021463
v -0.4804354 0.7488310 0.0179567
v -0.4828935 0.7466555 0.0174483
v -0.4852530 0.7445939 0.0163456
v -0.4874337 0.7427164 0.0146864
v -0.4893612 0.7410869 0.0125270
v -0.4909699 0.7397610 0.0099410
v -0.4922051 0.7387837 0.0070165
v -0.4930246 0.7381884 0.0038530
v 0.0125577 1.1926325 -0.0174073
v 0.0112873 1.1928302 -0.0143446
v 0.0096324 1.1925910 -0.0114745
v 0.0076496 1.1919229 -0.0088947
v 0.0054062 1.1908489 -0.0066931
v 0.0029787 1.1894054 -0.0049446
v 0.0004498 1.1876416 -0.0037088
v -0.0020944 1.1856176 -0.0030278
v -0.4845673 0.7534023 0.0170752
v -0.4868847 0.7510711 0.0165968
v -0.4889676 0.7487035 0.0155532
v -0.4907451 0.7463800 0.0139799
v -0.4921567 0.7441798 0.0119306
v -0.4931544 0.7421778 0.0094750
v -0.4937041 0.7404421 0.0066967
v -0.4937871 0.7390320 0.0036904
v 0.0118694 1.1933757 -0.0179489
v 0.0099340 1.1942913 -0.0154093
v 0.0076604 1.1947202 -0.0130261
v 0.0051258 1.1946478 -0.0108803
v 0.0024167 1.1940766 -0.0090451
v -0.0003747 1.1930260 -0.0075829
v -0.0031533 1.1915318 -0.0065436
v -0.0058245 1.1896450 -0.0059626
v -0.4882974 0.7574297 0.0141405
v -0.4904878 0.7549614 0.0137620
v -0.4923210 0.7523241 0.0129148
v -0.4937346 0.7496077 0.0116279
v -0.4946805 0.7469046 0.0099450
v -0.4951265 0.7443070 0.0079234
v -0.4950573 0.7419032 0.0056320
v -0.4944754 0.7397752 0.0031488
v 0.0113382 1.1939289 -0.0188041
v 0.0088897 1.1953788 -0.0170905
v 0.0061385 1.1963050 -0.0154761
v 0.0031783 1.1966759 -0.0140157
v 0.0001098 1.1964790 -0.0127591
v -0.0029624 1.1957209 -0.0117490
v -0.0059337 1.1944274 -0.0110200
v -0.0087030 1.1926426 -0.0105967
v -0.4911759 0.7604273 0.0095063
v -0.4932682 0.7578569 0.0092856
v -0.4949087 0.7550190 0.0087487
v -0.4960415 0.7520101 0.0079139
v -0.4966280 0.7489328 0.0068096
v -0.4966483 0.7458918 0.0054734
v -0.4961016 0.7429907 0.0039508
v -0.4950066 0.7403283 0.0022936
v 0.0110283 1.1942253 -0.0198697
v 0.0082804 1.1959616 -0.0191855
v 0.0052505 1.1971542 -0.0185290
v 0.0020419 1.1977627 -0.0179226
v -0.0012363 1.1977664 -0.0173870
v -0.0044724 1.1971650 -0.0169403
v -0.0075562 1.1959790 -0.0165978
v -0.0103826 1.1942490 -0.0163712
v -0.4928555 0.7620337 0.0037318
v -0.4948906 0.7594086 0.0037078
v -0.4964187 0.7564631 0.0035575
v -0.4973876 0.7532975 0.0032860
v -0.4977644 0.7500196 0.0029027
v -0.4975363 0.7467411 0.0024205
v -0.4967109 0.7435735 0.0018558
v -0.4953166 0.7406248 0.0012280
v 0.0109769 1.1942293 -0.0210172
v 0.0081795 1.1959693 -0.0214414
v 0.0051035 1.1971655 -0.0218166
v 0.0018537 1.1977772 -0.0221299
v -0.0014592 1.1977834 -0.0223706
v -0.0047225 1.1971841 -0.0225306
v -0.0078249 1.1959996 -0.0226045
v -0.0106608 1.1942703 -0.0225896
v -0.4931337 0.7620550 -0.0024866
v -0.4951594 0.7594291 -0.0022989
v -0.4966688 0.7564822 -0.0020329
v -0.4976106 0.7533146 -0.0016976
v -0.4979526 0.7500340 -0.0013046
v -0.4976833 0.7467523 -0.0008671
v -0.4968119 0.7435812 -0.0004001
v -0.4953679 0.7406287 0.0000805
v 0.0111904 1.1939402 -0.0221083
v 0.0085991 1.1954011 -0.0235864
v 0.0057151 1.1963374 -0.0249423
v 0.0026363 1.1967174 -0.0261300
v -0.0005321 1.1965282 -0.0271089
v -0.0036825 1.1957760 -0.0278458
v -0.0067075 1.1944867 -0.0283154
v -0.0095040 1.1927040 -0.0285019
v -0.4919769 0.7604887 -0.0083989
v -0.4940420 0.7579162 -0.0080098
v -0.4956288 0.7550741 -0.0073480
v -0.4966835 0.7520593 -0.0064360
v -0.4971700 0.7489743 -0.0053047
v -0.4970718 0.7459242 -0.0039929
v -0.4963922 0.7430130 -0.0025451
v -0.4951544 0.7403397 -0.0010106
v 0.0116429 1.1933931 -0.0230112
v 0.0094888 1.1943254 -0.0253615
v 0.0070115 1.1947699 -0.0275292
v 0.0042955 1.1947114 -0.0294405
v 0.0014332 1.1941519 -0.0310304
v -0.0014779 1.1931105 -0.0322446
v -0.0043387 1.1916227 -0.0330418
v -0.0070518 1.1897390 -0.0333949
v -0.4895247 0.7575237 -0.0132919
v -0.4916732 0.7550522 -0.0127362
v -0.4934243 0.7524086 -0.0117468
v -0.4947181 0.7496830 -0.0103574
v -0.4955108 0.7469682 -0.0086153
v -0.4957753 0.7443567 -0.0065798
v -0.4955026 0.7419373 -0.0043202
v -0.4947019 0.7397925 -0.0019135
v 0.0122799 1.1926538 -0.0236172
v 0.0107411 1.1928720 -0.0265528
v 0.0088365 1.1926519 -0.0292652
v 0.0066310 1.1920010 -0.0316622
v 0.0041997 1.1909413 -0.0336620
v 0.0016253 1.1895091 -0.0351966
v -0.0010044 1.1877530 -0.0362136
v -0.0035998 1.1857329 -0.0366786
v -0.4860727 0.7535176 -0.0165755
v -0.4883388 0.7511825 -0.0159080
v -0.4903210 0.7488072 -0.0146988
v -0.4919516 0.7464724 -0.0129890
v -0.4931753 0.7442578 -0.0108369
v -0.4939503 0.7422387 -0.0083158
v -0.4942502 0.7404840 -0.0055115
v -0.4940649 0.7390532 -0.0025194
v 0.0130246 1.1918116 -0.0238530
v 0.0122051 1.1912163 -0.0270165
v 0.0109699 1.1902390 -0.0299410
v 0.0093612 1.1889131 -0.0325270
v 0.0074337 1.1872836 -0.0346864
v 0.0052530 1.1854061 -0.0363456
v 0.0028935 1.1833445 -0.0374483
v 0.0004354 1.1811690 -0.0379567
v -0.4820375 0.7489537 -0.0178537
v -0.4844410 0.7467740 -0.0171427
v -0.4866933 0.7447042 -0.0158479
v -0.4887176 0.7428147 -0.0140134
v -0.4904451 0.7411699 -0.0117017
v -0.4918169 0.7398259 -0.0089915
v -0.4927863 0.7388282 -0.0059752
v -0.4933202 0.7382110 -0.0027553
v 0.0137871 1.1909680 -0.0236904
v 0.0137041 1.1895579 -0.0266967
v 0.0131544 1.1878222 -0.0294750
v 0.0121567 1.1858202 -0.0319306
v 0.0107451 1.1836200 -0.0339799
v 0.0089676 1.1812965 -0.0355532
v 0.0068847 1.1789289 -0.0365968
v 0.0045673 1.1765977 -0.0370752
v -0.4779056 0.7443824 -0.0169722
v -0.4804498 0.7423584 -0.0162912
v -0.4829787 0.7405946 -0.0150554
v -0.4854062 0.7391511 -0.0133069
v -0.4876496 0.7380771 -0.0111053
v -0.4896324 0.7374090 -0.0085255
v -0.4912873 0.7371698 -0.0056554
v -0.4925577 0.7373675 -0.0025927
v 0.0144754 1.1902248 -0.0231488
v 0.0150573 1.1880968 -0.0256320
v 0.0151265 1.1856930 -0.0279234
v 0.0146805 1.1830954 -0.0299450
v 0.0137346 1.1803923 -0.0316279
v 0.0123210 1.1776759 -0.0329148
v 0.0104878 1.1750386 -0.0337620
v 0.0082974 1.1725703 -0.0341405
v -0.4741755 0.7403550 -0.0140374
v -0.4768467 0.7384682 -0.0134564
v -0.4796253 0.7369740 -0.0124171
v -0.4824167 0.7359234 -0.0109549
v -0.4851258 0.7353522 -0.0091197
v -0.4876604 0.7352798 -0.0069739
v -0.4899340 0.7357087 -0.0045907
v -0.4918694 0.7366243 -0.0020511
v 0.0150066 1.1896717 -0.0222936
v 0.0161016 1.1870093 -0.0239508
v 0.0166483 1.1841082 -0.0254734
v 0.0166280 1.1810672 -0.0268096
v 0.0160415 1.1779899 -0.0279139
v 0.0149087 1.1749810 -0.0287487
v 0.0132682 1.1721431 -0.0292856
v 0.0111759 1.1695727 -0.0295063
v -0.4712970 0.7373574 -0.0094033
v -0.4740663 0.7355726 -0.0089800
v -0.4770376 0.7342791 -0.0082510
v -0.4801098 0.7335210 -0.0072409
v -0.4831783 0.7333241 -0.0059843
v -0.4861385 0.7336950 -0.0045239
v -0.4888897 0.7346212 -0.0029095
v -0.4913382 0.7360711 -0.0011959
v 0.0153166 1.1893752 -0.0212280
v 0.0167109 1.1864265 -0.0218558
v 0.0175363 1.1832589 -0.0224205
v 0.0177644 1.1799804 -0.0229027
v 0.0173876 1.1767025 -0.0232860
v 0.0164187 1.1735369 -0.0235575
v 0.0148906 1.1705914 -0.0237078
v 0.0128555 1.1679663 -0.0237318
v -0.4696174 0.7357510 -0.0036288
v -0.4724438 0.7340210 -0.0034022
v -0.4755276 0.7328350 -0.0030597
v -0.4787637 0.7322336 -0.0026130
v -0.4820419 0.7322373 -0.0020774
v -0.4852505 0.7328458 -0.0014710
v -0.4882804 0.7340384 -0.0008145
v -0.4910283 0.7357747 -0.0001303
v 0.0153679 1.1893713 -0.0200805
v 0.0168119 1.1864188 -0.0195999
v 0.0176833 1.1832477 -0.0191329
v 0.0179526 1.1799660 -0.0186954
v 0.0176106 1.1766854 -0.0183024
v 0.0166688 1.1735178 -0.0179671
v 0.0151594 1.1705709 -0.0177011
v 0.0131337 1.1679450 -0.0175134
v -0.4693392 0.7357297 0.0025896
v -0.4721751 0.7340004 0.0026045
v -0.4752775 0.7328159 0.0025306
v -0.4785408 0.7322166 0.0023706
v -0.4818537 0.7322228 0.0021299
v -0.4851035 0.7328345 0.0018166
v -0.4881795 0.7340307 0.0014414
v -0.4909769 0.7357707 0.0010172
v 0.0151544 1.1896603 -0.0189894
v 0.0163922 1.1869870 -0.0174549
v 0.0170718 1.1840758 -0.0160071
v 0.0171700 1.1810257 -0.0146953
v 0.0166835 1.1779407 -0.0135640
v 0.0156288 1.1749259 -0.0126520
v 0.0140420 1.1720838 -0.0119902
v 0.0119769 1.1695113 -0.0116011
v -0.4704960 0.7372960 0.0085019
v -0.4732925 0.7355133 0.0083154
v -0.4763175 0.7342240 0.0078458
v -0.4794679 0.7334718 0.0071089
v -0.4826363 0.7332826 0.0061300
v -0.4857151 0.7336626 0.0049423
v -0.4885991 0.7345989 0.0035864
v -0.4911904 0.7360598 0.0021083
v -0.4784103 0.7639095 -0.0000000
v -0.4758981 0.7633824 0.0002921
v -0.4735255 0.7623996 0.0005742
v -0.4713734 0.7609946 0.0008368
v -0.4695151 0.7592152 0.0010709
v -0.4680138 0.7571220 0.0012686
v -0.4669207 0.7547862 0.0014230
v -0.4662730 0.7522874 0.0015290
v -0.4660928 0.7497108 0.0015829
v -0.5463861 0.0471440 0.0015829
v -0.5471431 0.0446744 0.0015290
v -0.5483379 0.0423862 0.0014230
v -0.5499298 0.0403573 0.0012686
v -0.5518646 0.0386568 0.0010709
v -0.5540765 0.0373425 0.0008368
v -0.5564901 0.0364593 0.0005742
v -0.5590233 0.0360372 0.0002921
v -0.5615897 0.0360905 0.0000000
v -0.4761505 0.7634113 0.0011486
v -0.4740217 0.7624564 0.0022582
v -0.4720965 0.7610773 0.0032908
v -0.4704405 0.7593210 0.0042113
v -0.4691100 0.7572472 0.0049885
v -0.4681503 0.7549267 0.0055958
v -0.4675942 0.7524384 0.0060125
v -0.4674605 0.7498671 0.0062244
v -0.5477539 0.0473003 0.0062244
v -0.5484642 0.0448254 0.0060125
v -0.5495675 0.0425268 0.0055958
v -0.5510259 0.0404826 0.0049885
v -0.5527900 0.0387625 0.0042113
v -0.5547996 0.0374251 0.0032908
v -0.5569863 0.0365160 0.0022582
v -0.5592757 0.0360660 0.0011486
v -0.4766787 0.7634716 0.0018666
v -0.4750602 0.7625750 0.0036697
v -0.4736099 0.7612502 0.0053478
v -0.4723772 0.7595423 0.0068438
v -0.4714041 0.7575094 0.0081067
v -0.4707237 0.7552208 0.0090936
v -0.4703592 0.7527544 0.0097708
v -0.4703230 0.7501942 0.0101152
v -0.5506164 0.0476274 0.0101152
v -0.5512293 0.0451414 0.0097708
v -0.5521408 0.0428209 0.0090936
v -0.5533200 0.0407448 0.0081067
v -0.5547267 0.0389839 0.0068438
v -0.5563130 0.0375981 0.0053478
v -0.5580248 0.0366347 0.0036697
v -0.5598039 0.0361264 0.0018666
v -0.4774191 0.7635562 0.0023595
v -0.4765157 0.7627414 0.0046386
v -0.4757310 0.7614926 0.0067598
v -0.4750916 0.7598525 0.0086508
v -0.4746194 0.7578769 0.0102472
v -0.4743305 0.7556330 0.0114946
v -0.4742346 0.7531973 0.0123506
v -0.4743350 0.7506527 0.0127860
v -0.5546283 0.0480859 0.0127860
v -0.5551046 0.0455843 0.0123506
v -0.5557476 0.0432331 0.0114946
v -0.5565354 0.0411122 0.0102472
v -0.5574412 0.0392941 0.0086508
v -0.5584341 0.0378405 0.0067598
v -0.5594803 0.0368010 0.0046386
v -0.5605443 0.0362110 0.0023595
v -0.4782823 0.7636549 0.0025677
v -0.4782127 0.7629353 0.0050481
v -0.4782040 0.7617753 0.0073565
v -0.4782564 0.7602142 0.0094143
v -0.4783682 0.7583053 0.0111516
v -0.4785356 0.7561136 0.0125092
v -0.4787528 0.7537137 0.0134407
v -0.4790126 0.7511873 0.0139146
v -0.5593059 0.0486205 0.0139146
v -0.5596229 0.0461007 0.0134407
v -0.5599527 0.0437136 0.0125092
v -0.5602842 0.0415407 0.0111516
v -0.5606059 0.0396558 0.0094143
v -0.5609071 0.0381231 0.0073565
v -0.5611773 0.0369950 0.0050481
v -0.5614074 0.0363096 0.0025677
v -0.4791642 0.7637557 0.0024663
v -0.4799464 0.7631335 0.0048486
v -0.4807305 0.7620640 0.0070658
v -0.4814898 0.7605837 0.0090424
v -0.4821983 0.7587430 0.0107111
v -0.4828319 0.7566046 0.0120150
v -0.4833691 0.7542413 0.0129097
v -0.4837916 0.7517335 0.0133648
v -0.5640849 0.0491667 0.0133648
v -0.5642392 0.0466283 0.0129097
v -0.5642490 0.0442046 0.0120150
v -0.5641142 0.0419784 0.0107111
v -0.5638393 0.0400253 0.0090424
v -0.5634336 0.0384119 0.0070658
v -0.5629111 0.0371931 0.0048486
v -0.5622893 0.0364104 0.0024663
v -0.4799584 0.7638465 0.0020674
v -0.4815079 0.7633119 0.0040644
v -0.4830060 0.7623241 0.0059230
v -0.4844018 0.7609165 0.0075798
v -0.4856476 0.7591372 0.0089786
v -0.4867012 0.7570468 0.0100716
v -0.4875265 0.7547164 0.0108216
v -0.4880955 0.7522254 0.0112031
v -0.5683889 0.0496586 0.0112031
v -0.5683966 0.0471034 0.0108216
v -0.5681183 0.0446468 0.0100716
v -0.5675636 0.0423726 0.0089786
v -0.5667513 0.0403581 0.0075798
v -0.5657091 0.0386719 0.0059230
v -0.5644725 0.0373716 0.0040644
v -0.5630836 0.0365012 0.0020674
v -0.4805692 0.7639163 0.0014191
v -0.4827087 0.7634492 0.0027899
v -0.4847559 0.7625241 0.0040657
v -0.4866411 0.7611725 0.0052030
v -0.4883003 0.7594404 0.0061632
v -0.4896767 0.7573869 0.0069134
v -0.4907236 0.7550818 0.0074283
v -0.4914054 0.7526036 0.0076901
v -0.5716987 0.0500368 0.0076901
v -0.5715937 0.0474688 0.0074283
v -0.5710939 0.0449869 0.0069134
v -0.5702162 0.0426758 0.0061632
v -0.5689907 0.0406140 0.0052030
v -0.5674590 0.0388719 0.0040657
v -0.5656733 0.0375088 0.0027899
v -0.5636944 0.0365710 0.0014191
v -0.4809229 0.7639567 0.0005997
v -0.4834039 0.7635286 0.0011789
v -0.4857691 0.7626398 0.0017180
v -0.4879378 0.7613207 0.0021986
v -0.4898362 0.7596159 0.0026044
v -0.4913996 0.7575838 0.0029214
v -0.4925749 0.7552933 0.0031389
v -0.4933219 0.7528227 0.0032496
v -0.5736152 0.0502559 0.0032496
v -0.5734449 0.0476803 0.0031389
v -0.5728168 0.0451838 0.0029214
v -0.5717522 0.0428513 0.0026044
v -0.5702873 0.0407622 0.0021986
v -0.5684722 0.0389877 0.0017180
v -0.5663686 0.0375882 0.0011789
v -0.5640480 0.0366114 0.0005997
v -0.4809767 0.7639628 -0.0002921
v -0.4835099 0.7635407 -0.0005742
v -0.4859235 0.7626575 -0.0008368
v -0.4881354 0.7613432 -0.0010709
v -0.4900702 0.7596427 -0.0012686
v -0.4916621 0.7576138 -0.0014230
v -0.4928569 0.7553256 -0.0015290
v -0.4936139 0.7528560 -0.0015829
v -0.5739072 0.0502892 -0.0015829
v -0.5737270 0.0477126 -0.0015290
v -0.5730793 0.0452138 -0.0014230
v -0.5719862 0.0428780 -0.0012686
v -0.5704849 0.0407848 -0.0010709
v -0.5686266 0.0390054 -0.0008368
v -0.5664745 0.0376004 -0.0005742
v -0.5641019 0.0366176 -0.0002921
v -0.4807243 0.7639340 -0.0011486
v -0.4830137 0.7634840 -0.0022582
v -0.4852004 0.7625749 -0.0032908
v -0.4872100 0.7612375 -0.0042113
v -0.4889741 0.7595174 -0.0049885
v -0.4904325 0.7574732 -0.0055958
v -0.4915358 0.7551746 -0.0060125
v -0.4922461 0.7526997 -0.0062244
v -0.5725395 0.0501329 -0.0062244
v -0.5724058 0.0475616 -0.0060125
v -0.5718497 0.0450733 -0.0055958
v -0.5708900 0.0427528 -0.0049885
v -0.5695595 0.0406790 -0.0042113
v -0.5679035 0.0389227 -0.0032908
v -0.5659783 0.0375436 -0.0022582
v -0.5638495 0.0365887 -0.0011486
v -0.4801961 0.7638736 -0.0018666
v -0.4819752 0.7633653 -0.0036697
v -0.4836870 0.7624019 -0.0053478
v -0.4852733 0.7610161 -0.0068438
v -0.4866800 0.7592552 -0.0081067
v -0.4878592 0.7571791 -0.0090936
v -0.4887707 0.7548586 -0.0097708
v -0.4893836 0.7523726 -0.0101152
v -0.5696770 0.0498058 -0.0101152
v -0.5696408 0.0472456 -0.0097708
v -0.5692763 0.0447792 -0.0090936
v -0.5685959 0.0424906 -0.0081067
v -0.5676228 0.0404577 -0.0068438
v -0.5663901 0.0387498 -0.0053478
v -0.5649398 0.0374250 -0.0036697
v -0.5633213 0.0365284 -0.0018666
v -0.4794557 0.7637890 -0.0023595
v -0.4805197 0.7631990 -0.0046386
v -0.4815659 0.7621595 -0.0067598
v -0.4825588 0.7607059 -0.0086508
v -0.4834646 0.7588878 -0.0102472
v -0.4842524 0.7567669 -0.0114946
v -0.4848954 0.7544157 -0.0123506
v -0.4853717 0.7519141 -0.0127860
v -0.5656650 0.0493473 -0.0127860
v -0.5657654 0.0468027 -0.0123506
v -0.5656695 0.0443670 -0.0114946
v -0.5653806 0.0421231 -0.0102472
v -0.5649084 0.0401475 -0.0086508
v -0.5642690 0.0385074 -0.0067598
v -0.5634843 0.0372586 -0.0046386
v -0.5625809 0.0364438 -0.0023595
v -0.4785926 0.7636904 -0.0025677
v -0.4788227 0.7630050 -0.0050481
v -0.4790929 0.7618769 -0.0073565
v -0.4793941 0.7603442 -0.0094143
v -0.4797158 0.7584593 -0.0111516
v -0.4800473 0.7562864 -0.0125092
v -0.4803771 0.7538993 -0.0134407
v -0.4806941 0.7513795 -0.0139146
v -0.5609874 0.0488127 -0.0139146
v -0.5612472 0.0462863 -0.0134407
v -0.5614644 0.0438864 -0.0125092
v -0.5616318 0.0416947 -0.0111516
v -0.5617436 0.0397858 -0.0094143
v -0.5617960 0.0382247 -0.0073565
v -0.5617873 0.0370647 -0.0050481
v -0.5617177 0.0363451 -0.0025677
v -0.4777107 0.7635896 -0.0024663
v -0.4770889 0.7628069 -0.0048486
v -0.4765664 0.7615881 -0.0070658
v -0.4761607 0.7599747 -0.0090424
v -0.4758858 0.7580216 -0.0107111
v -0.4757510 0.7557954 -0.0120150
v -0.4757608 0.7533717 -0.0129097
v -0.4759151 0.7508333 -0.0133648
v -0.5562084 0.0482665 -0.0133648
v -0.5566309 0.0457587 -0.0129097
v -0.5571681 0.0433954 -0.0120150
v -0.5578017 0.0412570 -0.0107111
v -0.5585102 0.0394163 -0.0090424
v -0.5592695 0.0379360 -0.0070658
v -0.5600536 0.0368665 -0.0048486
v -0.5608358 0.0362443 -0.0024663
v -0.4769164 0.7634988 -0.0020674
v -0.4755275 0.7626284 -0.0040644
v -0.4742909 0.7613281 -0.0059230
v -0.4732487 0.7596419 -0.0075798
v -0.4724364 0.7576274 -0.0089786
v -0.4718817 0.7553532 -0.0100716
v -0.4716034 0.7528966 -0.0108216
v -0.4716111 0.7503414 -0.0112031
v -0.5519045 0.0477746 -0.0112031
v -0.5524735 0.0452836 -0.0108216
v -0.5532988 0.0429532 -0.0100716
v -0.5543524 0.0408628 -0.0089786
v -0.5555982 0.0390835 -0.0075798
v -0.5569940 0.0376759 -0.0059230
v -0.5584921 0.0366881 -0.0040644
v -0.5600416 0.0361535 -0.0020674
v -0.4763056 0.7634290 -0.0014191
v -0.4743267 0.7624912 -0.0027899
v -0.4725410 0.7611281 -0.0040657
v -0.4710093 0.7593860 -0.0052030
v -0.4697838 0.7573242 -0.0061632
v -0.4689061 0.7550131 -0.0069134
v -0.4684063 0.7525312 -0.0074283
v -0.4683013 0.7499632 -0.0076901
v -0.5485946 0.0473964 -0.0076901
v -0.5492764 0.0449182 -0.0074283
v -0.5503233 0.0426131 -0.0069134
v -0.5516997 0.0405596 -0.0061632
v -0.5533589 0.0388275 -0.0052030
v -0.5552441 0.0374759 -0.0040657
v -0.5572913 0.0365508 -0.0027899
v -0.5594308 0.0360837 -0.0014191
v -0.4759520 0.7633886 -0.0005997
v -0.4736314 0.7624118 -0.0011789
v -0.4715278 0.7610123 -0.0017180
v -0.4697127 0.7592378 -0.0021986
v -0.4682478 0.7571487 -0.0026044
v -0.4671832 0.7548162 -0.0029214
v -0.4665551 0.7523197 -0.0031389
v -0.4663848 0.7497441 -0.0032496
v -0.5466781 0.0471773 -0.0032496
v -0.5474251 0.0447067 -0.0031389
v -0.5486004 0.0424162 -0.0029214
v -0.5501638 0.0403841 -0.0026044
v -0.5520622 0.0386793 -0.0021986
v -0.5542309 0.0373602 -0.0017180
v -0.5565961 0.0364714 -0.0011789
v -0.5590771 0.0360433 -0.0005997
v 0.0043641 -0.3625438 -0.0204849
v 0.0074079 -0.3635983 -0.0196747
v 0.0101995 -0.3652113 -0.0188757
v 0.0126438 -0.3673279 -0.0181149
v 0.0146575 -0.3698761 -0.0174183
v 0.0161720 -0.3727691 -0.0168096
v 0.0171359 -0.3759082 -0.0163096
v 0.0175162 -0.3791868 -0.0159352
v 0.0173000 -0.3824930 -0.0156993
v -0.1635054 -1.1057143 0.0043902
v -0.1648724 -1.1087410 0.0043302
v -0.1667546 -1.1114701 0.0041227
v -0.1690878 -1.1138085 0.0037748
v -0.1717927 -1.1156767 0.0032984
v -0.1747770 -1.1170111 0.0027096
v -0.1779392 -1.1177662 0.0020286
v -0.1811716 -1.1179163 0.0012785
v -0.1843641 -1.1174562 0.0004849
v 0.0069609 -0.3634574 -0.0186261
v 0.0093206 -0.3649343 -0.0168140
v 0.0113630 -0.3669243 -0.0151104
v 0.0130184 -0.3693596 -0.0135734
v 0.0142305 -0.3721572 -0.0122552
v 0.0149580 -0.3752219 -0.0112007
v 0.0151761 -0.3784493 -0.0104459
v 0.0148774 -0.3817295 -0.0100164
v -0.1659279 -1.1049508 0.0100730
v -0.1672124 -1.1080035 0.0098195
v -0.1689324 -1.1107837 0.0092316
v -0.1710293 -1.1131966 0.0083292
v -0.1734317 -1.1151602 0.0071433
v -0.1760578 -1.1166075 0.0057141
v -0.1788181 -1.1174892 0.0040903
v -0.1816186 -1.1177754 0.0023272
v 0.0061916 -0.3632421 -0.0178006
v 0.0078084 -0.3645112 -0.0151911
v 0.0091592 -0.3663077 -0.0127455
v 0.0101982 -0.3685704 -0.0105468
v 0.0108898 -0.3712224 -0.0086701
v 0.0112106 -0.3741733 -0.0071792
v 0.0111496 -0.3773226 -0.0061249
v 0.0107090 -0.3805631 -0.0055432
v -0.1700963 -1.1037844 0.0145463
v -0.1712389 -1.1068769 0.0141404
v -0.1726799 -1.1097351 0.0132530
v -0.1743701 -1.1122619 0.0119143
v -0.1762520 -1.1143710 0.0101698
v -0.1782616 -1.1159908 0.0080791
v -0.1803303 -1.1170661 0.0057132
v -0.1823879 -1.1175601 0.0031527
v 0.0051930 -0.3629785 -0.0172979
v 0.0058451 -0.3639929 -0.0142028
v 0.0062982 -0.3655524 -0.0113052
v 0.0065368 -0.3676039 -0.0087037
v 0.0065528 -0.3700775 -0.0064869
v 0.0063457 -0.3728890 -0.0047302
v 0.0059224 -0.3759427 -0.0034935
v 0.0052975 -0.3791346 -0.0028190
v -0.1755078 -1.1023559 0.0172705
v -0.1764662 -1.1054970 0.0167719
v -0.1775448 -1.1084509 0.0157021
v -0.1787071 -1.1111170 0.0140976
v -0.1799133 -1.1134045 0.0120130
v -0.1811226 -1.1152356 0.0095193
v -0.1822936 -1.1165478 0.0067015
v -0.1833865 -1.1172965 0.0036554
v 0.0040855 -0.3626983 -0.0171785
v 0.0036677 -0.3634420 -0.0139683
v 0.0031251 -0.3647496 -0.0109634
v 0.0024760 -0.3665765 -0.0082663
v 0.0017427 -0.3688606 -0.0059687
v 0.0009500 -0.3715240 -0.0041490
v 0.0001249 -0.3744760 -0.0028690
v -0.0007044 -0.3776161 -0.0021725
v -0.1815098 -1.1008374 0.0179170
v -0.1822637 -1.1040302 0.0173964
v -0.1829405 -1.1070858 0.0162833
v -0.1835172 -1.1099000 0.0146157
v -0.1839741 -1.1123772 0.0124504
v -0.1842957 -1.1144328 0.0098611
v -0.1844710 -1.1159969 0.0069360
v -0.1844940 -1.1170163 0.0037747
v 0.0030025 -0.3624353 -0.0174570
v 0.0015387 -0.3629250 -0.0145158
v 0.0000226 -0.3639962 -0.0117613
v -0.0014944 -0.3656123 -0.0092874
v -0.0029605 -0.3677184 -0.0071782
v -0.0043257 -0.3702427 -0.0055057
v -0.0055436 -0.3730993 -0.0043268
v -0.0065728 -0.3761909 -0.0036816
v -0.1873781 -1.0994123 0.0164079
v -0.1879322 -1.1026536 0.0159386
v -0.1882162 -1.1058046 0.0149265
v -0.1882203 -1.1087579 0.0134062
v -0.1879445 -1.1114129 0.0114293
v -0.1873982 -1.1136793 0.0090632
v -0.1866000 -1.1154799 0.0063885
v -0.1855770 -1.1167533 0.0034962
v 0.0020748 -0.3622212 -0.0180997
v -0.0002850 -0.3625042 -0.0157793
v -0.0026352 -0.3633829 -0.0136026
v -0.0048956 -0.3648275 -0.0116437
v -0.0069893 -0.3667887 -0.0099695
v -0.0088450 -0.3691999 -0.0086367
v -0.0103995 -0.3719788 -0.0076910
v -0.0115998 -0.3750309 -0.0071644
v -0.1924052 -1.0982522 0.0129251
v -0.1927880 -1.1015331 0.0125744
v -0.1927354 -1.1047617 0.0117955
v -0.1922492 -1.1078282 0.0106150
v -0.1913457 -1.1106281 0.0090729
v -0.1900560 -1.1130660 0.0072219
v -0.1884237 -1.1150591 0.0051250
v -0.1865047 -1.1165393 0.0028535
v 0.0014143 -0.3620819 -0.0190291
v -0.0015836 -0.3622303 -0.0176064
v -0.0045275 -0.3629837 -0.0162653
v -0.0073173 -0.3643167 -0.0150512
v -0.0098579 -0.3661837 -0.0140058
v -0.0120628 -0.3685212 -0.0131644
v -0.0138569 -0.3712496 -0.0125558
v -0.0151792 -0.3742760 -0.0122008
v -0.1959845 -1.0974973 0.0078887
v -0.1962455 -1.1008038 0.0077096
v -0.1959533 -1.1040830 0.0072679
v -0.1951178 -1.1072231 0.0065787
v -0.1937675 -1.1101173 0.0056654
v -0.1919483 -1.1126669 0.0045593
v -0.1897223 -1.1147852 0.0032979
v -0.1871652 -1.1163999 0.0019241
v 0.0011006 -0.3620342 -0.0201331
v -0.0022003 -0.3621364 -0.0197768
v -0.0054263 -0.3628469 -0.0194281
v -0.0084675 -0.3641416 -0.0190989
v -0.0112203 -0.3659763 -0.0188003
v -0.0135911 -0.3682885 -0.0185426
v -0.0154990 -0.3709996 -0.0183346
v -0.0168791 -0.3740172 -0.0181832
v -0.1976845 -1.0972385 0.0019063
v -0.1978876 -1.1005539 0.0019308
v -0.1974815 -1.1038503 0.0018897
v -0.1964802 -1.1070157 0.0017841
v -0.1949176 -1.1099422 0.0016178
v -0.1928471 -1.1125301 0.0013964
v -0.1903390 -1.1146913 0.0011275
v -0.1874789 -1.1163522 0.0008202
v 0.0011716 -0.3620837 -0.0212785
v -0.0020608 -0.3622338 -0.0220286
v -0.0052230 -0.3629889 -0.0227096
v -0.0082073 -0.3643233 -0.0232984
v -0.0109122 -0.3661915 -0.0237748
v -0.0132454 -0.3685299 -0.0241227
v -0.0151276 -0.3712590 -0.0243302
v -0.0164946 -0.3742857 -0.0243902
v -0.1973000 -1.0975070 -0.0043007
v -0.1975162 -1.1008132 -0.0040648
v -0.1971359 -1.1040918 -0.0036904
v -0.1961720 -1.1072309 -0.0031904
v -0.1946575 -1.1101239 -0.0025817
v -0.1926438 -1.1126721 -0.0018851
v -0.1901995 -1.1147887 -0.0011243
v -0.1874079 -1.1164017 -0.0003253
v 0.0016186 -0.3622246 -0.0223272
v -0.0011819 -0.3625108 -0.0240903
v -0.0039422 -0.3633925 -0.0257141
v -0.0065683 -0.3648398 -0.0271433
v -0.0089707 -0.3668034 -0.0283292
v -0.0110676 -0.3692163 -0.0292316
v -0.0127876 -0.3719965 -0.0298195
v -0.0140721 -0.3750492 -0.0300730
v -0.1948774 -1.0982705 -0.0099836
v -0.1951761 -1.1015507 -0.0095541
v -0.1949580 -1.1047781 -0.0087993
v -0.1942305 -1.1078428 -0.0077448
v -0.1930184 -1.1106404 -0.0064266
v -0.1913630 -1.1130757 -0.0048896
v -0.1893206 -1.1150657 -0.0031860
v -0.1869609 -1.1165426 -0.0013739
v 0.0023879 -0.3624399 -0.0231527
v 0.0003303 -0.3629339 -0.0257132
v -0.0017384 -0.3640092 -0.0280791
v -0.0037480 -0.3656290 -0.0301698
v -0.0056299 -0.3677381 -0.0319143
v -0.0073201 -0.3702649 -0.0332530
v -0.0087611 -0.3731231 -0.0341404
v -0.0099037 -0.3762156 -0.0345463
v -0.1907090 -1.0994369 -0.0144568
v -0.1911496 -1.1026774 -0.0138751
v -0.1912106 -1.1058267 -0.0128208
v -0.1908898 -1.1087776 -0.0113299
v -0.1901982 -1.1114296 -0.0094532
v -0.1891592 -1.1136923 -0.0072545
v -0.1878084 -1.1154888 -0.0048089
v -0.1861916 -1.1167579 -0.0021994
v 0.0033865 -0.3627035 -0.0236554
v 0.0022936 -0.3634522 -0.0267015
v 0.0011226 -0.3647644 -0.0295193
v -0.0000867 -0.3665955 -0.0320130
v -0.0012929 -0.3688830 -0.0340976
v -0.0024552 -0.3715491 -0.0357021
v -0.0035338 -0.3745030 -0.0367719
v -0.0044922 -0.3776441 -0.0372705
v -0.1852975 -1.1008654 -0.0171810
v -0.1859224 -1.1040573 -0.0165065
v -0.1863457 -1.1071110 -0.0152698
v -0.1865528 -1.1099225 -0.0135131
v -0.1865368 -1.1123961 -0.0112963
v -0.1862982 -1.1144476 -0.0086948
v -0.1858451 -1.1160071 -0.0057972
v -0.1851930 -1.1170215 -0.0027021
v 0.0044940 -0.3629837 -0.0237747
v 0.0044710 -0.3640031 -0.0269360
v 0.0042957 -0.3655672 -0.0298611
v 0.0039741 -0.3676228 -0.0324504
v 0.0035172 -0.3701000 -0.0346157
v 0.0029405 -0.3729142 -0.0362833
v 0.0022637 -0.3759698 -0.0373964
v 0.0015098 -0.3791626 -0.0379170
v -0.1792956 -1.1023839 -0.0178275
v -0.1801249 -1.1055240 -0.0171310
v -0.1809500 -1.1084760 -0.0158510
v -0.1817427 -1.1111394 -0.0140313
v -0.1824760 -1.1134235 -0.0117337
v -0.1831251 -1.1152504 -0.0090366
v -0.1836677 -1.1165580 -0.0060317
v -0.1840855 -1.1173017 -0.0028215
v 0.0055770 -0.3632467 -0.0234962
v 0.0066000 -0.3645201 -0.0263885
v 0.0073982 -0.3663207 -0.0290632
v 0.0079445 -0.3685871 -0.0314293
v 0.0082203 -0.3712421 -0.0334062
v 0.0082162 -0.3741954 -0.0349265
v 0.0079322 -0.3773464 -0.0359386
v 0.0073781 -0.3805877 -0.0364079
v -0.1734272 -1.1038091 -0.0163184
v -0.1744564 -1.1069007 -0.0156732
v -0.1756743 -1.1097573 -0.0144943
v -0.1770395 -1.1122816 -0.0128218
v -0.1785056 -1.1143877 -0.0107126
v -0.1800226 -1.1160038 -0.0082387
v -0.1815387 -1.1170750 -0.0054842
v -0.1830025 -1.1175647 -0.0025430
v 0.0065047 -0.3634607 -0.0228535
v 0.0084237 -0.3649409 -0.0251250
v 0.0100560 -0.3669340 -0.0272219
v 0.0113457 -0.3693719 -0.0290729
v 0.0122492 -0.3721718 -0.0306150
v 0.0127354 -0.3752383 -0.0317955
v 0.0127880 -0.3784669 -0.0325744
v 0.0124052 -0.3817478 -0.0329251
v -0.1684002 -1.1049691 -0.0128356
v -0.1696005 -1.1080212 -0.0123090
v -0.1711550 -1.1108001 -0.0113633
v -0.1730107 -1.1132113 -0.0100305
v -0.1751044 -1.1151725 -0.0083563
v -0.1773648 -1.1166171 -0.0063974
v -0.1797150 -1.1174958 -0.0042207
v -0.1820748 -1.1177788 -0.0019003
v 0.0071652 -0.3636001 -0.0219241
v 0.0097223 -0.3652148 -0.0232979
v 0.0119483 -0.3673331 -0.0245593
v 0.0137675 -0.3698827 -0.0256654
v 0.0151178 -0.3727769 -0.0265787
v 0.0159533 -0.3759170 -0.0272679
v 0.0162455 -0.3791962 -0.0277096
v 0.0159845 -0.3825027 -0.0278887
v -0.1648208 -1.1057240 -0.0077992
v -0.1661431 -1.1087504 -0.0074442
v -0.1679372 -1.1114788 -0.0068356
v -0.1701421 -1.1138163 -0.0059942
v -0.1726827 -1.1156833 -0.0049488
v -0.1754725 -1.1170163 -0.0037347
v -0.1784164 -1.1177697 -0.0023936
v -0.1814143 -1.1179181 -0.0009709
v 0.0074789 -0.3636478 -0.0208202
v 0.0103390 -0.3653087 -0.0211275
v 0.0128471 -0.3674699 -0.0213964
v 0.0149176 -0.3700578 -0.0216178
v 0.0164802 -0.3729843 -0.0217841
v 0.0174815 -0.3761497 -0.0218897
v 0.0178876 -0.3794461 -0.0219308
v 0.0176845 -0.3827615 -0.0219063
v -0.1631209 -1.1059828 -0.0018168
v -0.1645010 -1.1090004 -0.0016654
v -0.1664089 -1.1117115 -0.0014574
v -0.1687797 -1.1140237 -0.0011997
v -0.1715325 -1.1158584 -0.0009011
v -0.1745737 -1.1171531 -0.0005719
v -0.1777997 -1.1178636 -0.0002232
v -0.1811006 -1.1179658 0.0001331
v -0.1800000 -1.0860000 -0.0000000
v -0.1774275 -1.0862384 -0.0000000
v -0.1749426 -1.0869454 -0.0000000
v -0.1726299 -1.0880970 -0.0000000
v -0.1705683 -1.0896539 -0.0000000
v -0.1688278 -1.0915631 -0.0000000
v -0.1674677 -1.0937597 -0.0000000
v -0.1665344 -1.0961687 -0.0000000
v -0.1660597 -1.0987082 -0.0000000
v -0.1660597 -2.0512918 0.0000000
v -0.1665344 -2.0538313 0.0000000
v -0.1674677 -2.0562403 0.0000000
v -0.1688278 -2.0584369 0.0000000
v -0.1705683 -2.0603461 0.0000000
v -0.1726299 -2.0619030 0.0000000
v -0.1749426 -2.0630546 0.0000000
v -0.1774275 -2.0637616 0.0000000
v -0.1800000 -2.0640000 0.0000000
v -0.1775826 -1.0862384 0.0008798
v -0.1752476 -1.0869454 0.0017297
v -0.1730744 -1.0880970 0.0025207
v -0.1711371 -1.0896539 0.0032258
v -0.1695015 -1.0915631 0.0038211
v -0.1682235 -1.0937597 0.0042863
v -0.1673465 -1.0961687 0.0046055
v -0.1669004 -1.0987082 0.0047679
v -0.1669004 -2.0512918 0.0047679
v -0.1673465 -2.0538313 0.0046055
v -0.1682235 -2.0562403 0.0042863
v -0.1695015 -2.0584369 0.0038211
v -0.1711371 -2.0603461 0.0032258
v -0.1730744 -2.0619030 0.0025207
v -0.1752476 -2.0630546 0.0017297
v -0.1775826 -2.0637616 0.0008798
v -0.1780294 -1.0862384 0.0016536
v -0.1761258 -1.0869454 0.0032508
v -0.1743542 -1.0880970 0.0047374
v -0.1727749 -1.0896539 0.0060626
v -0.1714416 -1.0915631 0.0071814
v -0.1703997 -1.0937597 0.0080556
v -0.1696848 -1.0961687 0.0086555
v -0.1693211 -1.0987082 0.0089606
v -0.1693211 -2.0512918 0.0089606
v -0.1696848 -2.0538313 0.0086555
v -0.1703997 -2.0562403 0.0080556
v -0.1714416 -2.0584369 0.0071814
v -0.1727749 -2.0603461 0.0060626
v -0.1743542 -2.0619030 0.0047374
v -0.1761258 -2.0630546 0.0032508
v -0.1780294 -2.0637616 0.0016536
v -0.1787138 -1.0862384 0.0022278
v -0.1774713 -1.0869454 0.0043798
v -0.1763150 -1.0880970 0.0063827
v -0.1752841 -1.0896539 0.0081681
v -0.1744139 -1.0915631 0.0096754
v -0.1737339 -1.0937597 0.0108533
v -0.1732672 -1.0961687 0.0116615
v -0.1730299 -1.0987082 0.0120726
v -0.1730299 -2.0512918 0.0120726
v -0.1732672 -2.0538313 0.0116615
v -0.1737339 -2.0562403 0.0108533
v -0.1744139 -2.0584369 0.0096754
v -0.1752841 -2.0603461 0.0081681
v -0.1763150 -2.0619030 0.0063827
v -0.1774713 -2.0630546 0.0043798
v -0.1787138 -2.0637616 0.0022278
v -0.1795533 -1.0862384 0.0025334
v -0.1791218 -1.0869454 0.0049806
v -0.1787202 -1.0880970 0.0072581
v -0.1783622 -1.0896539 0.0092884
v -0.1780600 -1.0915631 0.0110025
v -0.1778238 -1.0937597 0.0123419
v -0.1776617 -1.0961687 0.0132610
v -0.1775793 -1.0987082 0.0137285
v -0.1775793 -2.0512918 0.0137285
v -0.1776617 -2.0538313 0.0132610
v -0.1778238 -2.0562403 0.0123419
v -0.1780600 -2.0584369 0.0110025
v -0.1783622 -2.0603461 0.0092884
v -0.1787202 -2.0619030 0.0072581
v -0.1791218 -2.0630546 0.0049806
v -0.1795533 -2.0637616 0.0025334
v -0.1804467 -1.0862384 0.0025334
v -0.1808782 -1.0869454 0.0049806
v -0.1812798 -1.0880970 0.0072581
v -0.1816378 -1.0896539 0.0092884
v -0.1819400 -1.0915631 0.0110025
v -0.1821762 -1.0937597 0.0123419
v -0.1823383 -1.0961687 0.0132610
v -0.1824207 -1.0987082 0.0137285
v -0.1824207 -2.0512918 0.0137285
v -0.1823383 -2.0538313 0.0132610
v -0.1821762 -2.0562403 0.0123419
v -0.1819400 -2.0584369 0.0110025
v -0.1816378 -2.0603461 0.0092884
v -0.1812798 -2.0619030 0.0072581
v -0.1808782 -2.0630546 0.0049806
v -0.1804467 -2.0637616 0.0025334
v -0.1812862 -1.0862384 0.0022278
v -0.1825287 -1.0869454 0.0043798
v -0.1836850 -1.0880970 0.0063827
v -0.1847159 -1.0896539 0.0081681
v -0.1855861 -1.0915631 0.0096754
v -0.1862661 -1.0937597 0.0108533
v -0.1867328 -1.0961687 0.0116615
v -0.1869701 -1.0987082 0.0120726
v -0.1869701 -2.0512918 0.0120726
v -0.1867328 -2.0538313 0.0116615
v -0.1862661 -2.0562403 0.0108533
v -0.1855861 -2.0584369 0.0096754
v -0.1847159 -2.0603461 0.0081681
v -0.1836850 -2.0619030 0.0063827
v -0.1825287 -2.0630546 0.0043798
v -0.1812862 -2.0637616 0.0022278
v -0.1819706 -1.0862384 0.0016536
v -0.1838742 -1.0869454 0.0032508
v -0.1856458 -1.0880970 0.0047374
v -0.1872251 -1.0896539 0.0060626
v -0.1885584 -1.0915631 0.0071814
v -0.1896003 -1.0937597 0.0080556
v -0.1903152 -1.0961687 0.0086555
v -0.1906789 -1.0987082 0.0089606
v -0.1906789 -2.0512918 0.0089606
v -0.1903152 -2.0538313 0.0086555
v -0.1896003 -2.0562403 0.0080556
v -0.1885584 -2.0584369 0.0071814
v -0.1872251 -2.0603461 0.0060626
v -0.1856458 -2.0619030 0.0047374
v -0.1838742 -2.0630546 0.0032508
v -0.1819706 -2.0637616 0.0016536
v -0.1824174 -1.0862384 0.0008798
v -0.1847524 -1.0869454 0.0017297
v -0.1869256 -1.0880970 0.0025207
v -0.1888629 -1.0896539 0.0032258
v -0.1904985 -1.0915631 0.0038211
v -0.1917765 -1.0937597 0.0042863
v -0.1926535 -1.0961687 0.0046055
v -0.1930996 -1.0987082 0.0047679
v -0.1930996 -2.0512918 0.0047679
v -0.1926535 -2.0538313 0.0046055
v -0.1917765 -2.0562403 0.0042863
v -0.1904985 -2.0584369 0.0038211
v -0.1888629 -2.0603461 0.0032258
v -0.1869256 -2.0619030 0.0025207
v -0.1847524 -2.0630546 0.0017297
v -0.1824174 -2.0637616 0.0008798
v -0.1825725 -1.0862384 -0.0000000
v -0.1850574 -1.0869454 -0.0000000
v -0.1873701 -1.0880970 -0.0000000
v -0.1894317 -1.0896539 -0.0000000
v -0.1911722 -1.0915631 -0.0000000
v -0.1925323 -1.0937597 -0.0000000
v -0.1934656 -1.0961687 -0.0000000
v -0.1939403 -1.0987082 -0.0000000
v -0.1939403 -2.0512918 0.0000000
v -0.1934656 -2.0538313 0.0000000
v -0.1925323 -2.0562403 0.0000000
v -0.1911722 -2.0584369 0.0000000
v -0.1894317 -2.0603461 0.0000000
v -0.1873701 -2.0619030 0.0000000
v -0.1850574 -2.0630546 0.0000000
v -0.1825725 -2.0637616 0.0000000
v -0.1824174 -1.0862384 -0.0008798
v -0.1847524 -1.0869454 -0.0017297
v -0.1869256 -1.0880970 -0.0025207
v -0.1888629 -1.0896539 -0.0032258
v -0.1904985 -1.0915631 -0.0038211
v -0.1917765 -1.0937597 -0.0042863
v -0.1926535 -1.0961687 -0.0046055
v -0.1930996 -1.0987082 -0.0047679
v -0.1930996 -2.0512918 -0.0047679
v -0.1926535 -2.0538313 -0.0046055
v -0.1917765 -2.0562403 -0.0042863
v -0.1904985 -2.0584369 -0.0038211
v -0.1888629 -2.0603461 -0.0032258
v -0.1869256 -2.0619030 -0.0025207
v -0.1847524 -2.0630546 -0.0017297
v -0.1824174 -2.0637616 -0.0008798
v -0.1819706 -1.0862384 -0.0016536
v -0.1838742 -1.0869454 -0.0032508
v -0.1856458 -1.0880970 -0.0047374
v -0.1872251 -1.0896539 -0.0060626
v -0.1885584 -1.0915631 -0.0071814
v -0.1896003 -1.0937597 -0.0080556
v -0.1903152 -1.0961687 -0.0086555
v -0.1906789 -1.0987082 -0.0089606
v -0.1906789 -2.0512918 -0.0089606
v -0.1903152 -2.0538313 -0.0086555
v -0.1896003 -2.0562403 -0.0080556
v -0.1885584 -2.0584369 -0.0071814
v -0.1872251 -2.0603461 -0.0060626
v -0.1856458 -2.0619030 -0.0047374
v -0.1838742 -2.0630546 -0.0032508
v -0.1819706 -2.0637616 -0.0016536
v -0.1812862 -1.0862384 -0.0022278
v -0.1825287 -1.0869454 -0.0043798
v -0.1836850 -1.0880970 -0.0063827
v -0.1847159 -1.0896539 -0.0081681
v -0.1855861 -1.0915631 -0.0096754
v -0.1862661 -1.0937597 -0.0108533
v -0.1867328 -1.0961687 -0.0116615
v -0.1869701 -1.0987082 -0.0120726
v -0.1869701 -2.0512918 -0.0120726
v -0.1867328 -2.0538313 -0.0116615
v -0.1862661 -2.0562403 -0.0108533
v -0.1855861 -2.0584369 -0.0096754
v -0.1847159 -2.0603461 -0.0081681
v -0.1836850 -2.0619030 -0.0063827
v -0.1825287 -2.0630546 -0.0043798
v -0.1812862 -2.0637616 -0.0022278
v -0.1804467 -1.0862384 -0.0025334
v -0.1808782 -1.0869454 -0.0049806
v -0.1812798 -1.0880970 -0.0072581
v -0.1816378 -1.0896539 -0.0092884
v -0.1819400 -1.0915631 -0.0110025
v -0.1821762 -1.0937597 -0.0123419
v -0.1823383 -1.0961687 -0.0132610
v -0.1824207 -1.0987082 -0.0137285
v -0.1824207 -2.0512918 -0.0137285
v -0.1823383 -2.0538313 -0.0132610
v -0.1821762 -2.0562403 -0.0123419
v -0.1819400 -2.0584369 -0.0110025
v -0.1816378 -2.0603461 -0.0092884
v -0.1812798 -2.0619030 -0.0072581
v -0.1808782 -2.0630546 -0.0049806
v -0.1804467 -2.0637616 -0.0025334
v -0.1795533 -1.0862384 -0.0025334
v -0.1791218 -1.0869454 -0.0049806
v -0.1787202 -1.0880970 -0.0072581
v -0.1783622 -1.0896539 -0.0092884
v -0.1780600 -1.0915631 -0.0110025
v -0.1778238 -1.0937597 -0.0123419
v -0.1776617 -1.0961687 -0.0132610
v -0.1775793 -1.0987082 -0.0137285
v -0.1775793 -2.0512918 -0.0137285
v -0.1776617 -2.0538313 -0.0132610
v -0.1778238 -2.0562403 -0.0123419
v -0.1780600 -2.0584369 -0.0110025
v -0.1783622 -2.0603461 -0.0092884
v -0.1787202 -2.0619030 -0.0072581
v -0.1791218 -2.0630546 -0.0049806
v -0.1795533 -2.0637616 -0.0025334
v -0.1787138 -1.0862384 -0.0022278
v -0.1774713 -1.0869454 -0.0043798
v -0.1763150 -1.0880970 -0.0063827
v -0.1752841 -1.0896539 -0.0081681
v -0.1744139 -1.0915631 -0.0096754
v -0.1737339 -1.0937597 -0.0108533
v -0.1732672 -1.0961687 -0.0116615
v -0.1730299 -1.0987082 -0.0120726
v -0.1730299 -2.0512918 -0.0120726
v -0.1732672 -2.0538313 -0.0116615
v -0.1737339 -2.0562403 -0.0108533
v -0.1744139 -2.0584369 -0.0096754
v -0.1752841 -2.0603461 -0.0081681
v -0.1763150 -2.0619030 -0.0063827
v -0.1774713 -2.0630546 -0.0043798
v -0.1787138 -2.0637616 -0.0022278
v -0.1780294 -1.0862384 -0.0016536
v -0.1761258 -1.0869454 -0.0032508
v -0.1743542 -1.0880970 -0.0047374
v -0.1727749 -1.0896539 -0.0060626
v -0.1714416 -1.0915631 -0.0071814
v -0.1703997 -1.0937597 -0.0080556
v -0.1696848 -1.0961687 -0.0086555
v -0.1693211 -1.0987082 -0.0089606
v -0.1693211 -2.0512918 -0.0089606
v -0.1696848 -2.0538313 -0.0086555
v -0.1703997 -2.0562403 -0.0080556
v -0.1714416 -2.0584369 -0.0071814
v -0.1727749 -2.0603461 -0.0060626
v -0.1743542 -2.0619030 -0.0047374
v -0.1761258 -2.0630546 -0.0032508
v -0.1780294 -2.0637616 -0.0016536
v -0.1775826 -1.0862384 -0.0008798
v -0.1752476 -1.0869454 -0.0017297
v -0.1730744 -1.0880970 -0.0025207
v -0.1711371 -1.0896539 -0.0032258
v -0.1695015 -1.0915631 -0.0038211
v -0.1682235 -1.0937597 -0.0042863
v -0.1673465 -1.0961687 -0.0046055
v -0.1669004 -1.0987082 -0.0047679
v -0.1669004 -2.0512918 -0.0047679
v -0.1673465 -2.0538313 -0.0046055
v -0.1682235 -2.0562403 -0.0042863
v -0.1695015 -2.0584369 -0.0038211
v -0.1711371 -2.0603461 -0.0032258
v -0.1730744 -2.0619030 -0.0025207
v -0.1752476 -2.0630546 -0.0017297
v -0.1775826 -2.0637616 -0.0008798
v -0.0134006 1.1920047 -0.0205584
v -0.0116429 1.1933931 -0.0230112
v -0.0094888 1.1943254 -0.0253615
v -0.0070115 1.1947699 -0.0275292
v -0.0042955 1.1947114 -0.0294405
v -0.0014332 1.1941519 -0.0310304
v 0.0014779 1.1931105 -0.0322446
v 0.0043387 1.1916227 -0.0330418
v 0.0070518 1.1897390 -0.0333949
v 0.4895247 0.7575237 -0.0132919
v 0.4916732 0.7550522 -0.0127362
v 0.4934243 0.7524086 -0.0117468
v 0.4947181 0.7496830 -0.0103574
v 0.4955108 0.7469682 -0.0086153
v 0.4957753 0.7443567 -0.0065798
v 0.4955026 0.7419373 -0.0043202
v 0.4947019 0.7397925 -0.0019135
v 0.4934006 0.7379953 0.0005584
v -0.0111904 1.1939402 -0.0221083
v -0.0085991 1.1954011 -0.0235864
v -0.0057151 1.1963374 -0.0249423
v -0.0026363 1.1967174 -0.0261300
v 0.0005321 1.1965282 -0.0271089
v 0.0036825 1.1957760 -0.0278458
v 0.0067075 1.1944867 -0.0283154
v 0.0095040 1.1927040 -0.0285019
v 0.4919769 0.7604887 -0.0083989
v 0.4940420 0.7579162 -0.0080098
v 0.4956288 0.7550741 -0.0073480
v 0.4966835 0.7520593 -0.0064360
v 0.4971700 0.7489743 -0.0053047
v 0.4970718 0.7459242 -0.0039929
v 0.4963922 0.7430130 -0.0025451
v 0.4951544 0.7403397 -0.0010106
v -0.0109769 1.1942293 -0.0210172
v -0.0081795 1.1959693 -0.0214414
v -0.0051035 1.1971655 -0.0218166
v -0.0018537 1.1977772 -0.0221299
v 0.0014592 1.1977834 -0.0223706
v 0.0047225 1.1971841 -0.0225306
v 0.0078249 1.1959996 -0.0226045
v 0.0106608 1.1942703 -0.0225896
v 0.4931337 0.7620550 -0.0024866
v 0.4951594 0.7594291 -0.0022989
v 0.4966688 0.7564822 -0.0020329
v 0.4976106 0.7533146 -0.0016976
v 0.4979526 0.7500340 -0.0013046
v 0.4976833 0.7467523 -0.0008671
v 0.4968119 0.7435812 -0.0004001
v 0.4953679 0.7406287 0.0000805
v -0.0110283 1.1942253 -0.0198697
v -0.0082804 1.1959616 -0.0191855
v -0.0052505 1.1971542 -0.0185290
v -0.0020419 1.1977627 -0.0179226
v 0.0012363 1.1977664 -0.0173870
v 0.0044724 1.1971650 -0.0169403
v 0.0075562 1.1959790 -0.0165978
v 0.0103826 1.1942490 -0.0163712
v 0.4928555 0.7620337 0.0037318
v 0.4948906 0.7594086 0.0037078
v 0.4964187 0.7564631 0.0035575
v 0.4973876 0.7532975 0.0032860
v 0.4977644 0.7500196 0.0029027
v 0.4975363 0.7467411 0.0024205
v 0.4967109 0.7435735 0.0018558
v 0.4953166 0.7406248 0.0012280
v -0.0113382 1.1939289 -0.0188041
v -0.0088897 1.1953788 -0.0170905
v -0.0061385 1.1963050 -0.0154761
v -0.0031783 1.1966759 -0.0140157
v -0.0001098 1.1964790 -0.0127591
v 0.0029624 1.1957209 -0.0117490
v 0.0059337 1.1944274 -0.0110200
v 0.0087030 1.1926426 -0.0105967
v 0.4911759 0.7604273 0.0095063
v 0.4932682 0.7578569 0.0092856
v 0.4949087 0.7550190 0.0087487
v 0.4960415 0.7520101 0.0079139
v 0.4966280 0.7489328 0.0068096
v 0.4966483 0.7458918 0.0054734
v 0.4961016 0.7429907 0.0039508
v 0.4950066 0.7403283 0.0022936
v -0.0118694 1.1933757 -0.0179489
v -0.0099340 1.1942913 -0.0154093
v -0.0076604 1.1947202 -0.0130261
v -0.0051258 1.1946478 -0.0108803
v -0.0024167 1.1940766 -0.0090451
v 0.0003747 1.1930260 -0.0075829
v 0.0031533 1.1915318 -0.0065436
v 0.0058245 1.1896450 -0.0059626
v 0.4882974 0.7574297 0.0141405
v 0.4904878 0.7549614 0.0137620
v 0.4923210 0.7523241 0.0129148
v 0.4937346 0.7496077 0.0116279
v 0.4946805 0.7469046 0.0099450
v 0.4951265 0.7443070 0.0079234
v 0.4950573 0.7419032 0.0056320
v 0.4944754 0.7397752 0.0031488
v -0.0125577 1.1926325 -0.0174073
v -0.0112873 1.1928302 -0.0143446
v -0.0096324 1.1925910 -0.0114745
v -0.0076496 1.1919229 -0.0088947
v -0.0054062 1.1908489 -0.0066931
v -0.0029787 1.1894054 -0.0049446
v -0.0004498 1.1876416 -0.0037088
v 0.0020944 1.1856176 -0.0030278
v 0.4845673 0.7534023 0.0170752
v 0.4868847 0.7510711 0.0165968
v 0.4889676 0.7487035 0.0155532
v 0.4907451 0.7463800 0.0139799
v 0.4921567 0.7441798 0.0119306
v 0.4931544 0.7421778 0.0094750
v 0.4937041 0.7404421 0.0066967
v 0.4937871 0.7390320 0.0036904
v -0.0133202 1.1917890 -0.0172447
v -0.0127863 1.1911718 -0.0140248
v -0.0118169 1.1901741 -0.0110085
v -0.0104451 1.1888301 -0.0082983
v -0.0087176 1.1871853 -0.0059866
v -0.0066933 1.1852958 -0.0041521
v -0.0044410 1.1832260 -0.0028573
v -0.0020375 1.1810463 -0.0021463
v 0.4804354 0.7488310 0.0179567
v 0.4828935 0.7466555 0.0174483
v 0.4852530 0.7445939 0.0163456
v 0.4874337 0.7427164 0.0146864
v 0.4893612 0.7410869 0.0125270
v 0.4909699 0.7397610 0.0099410
v 0.4922051 0.7387837 0.0070165
v 0.4930246 0.7381884 0.0038530
v -0.0140649 1.1909468 -0.0174806
v -0.0142502 1.1895160 -0.0144885
v -0.0139503 1.1877613 -0.0116842
v -0.0131753 1.1857422 -0.0091631
v -0.0119516 1.1835276 -0.0070110
v -0.0103210 1.1811928 -0.0053012
v -0.0083388 1.1788175 -0.0040920
v -0.0060727 1.1764824 -0.0034245
v 0.4764002 0.7442671 0.0166786
v 0.4789956 0.7422470 0.0162136
v 0.4816253 0.7404909 0.0151966
v 0.4841997 0.7390587 0.0136620
v 0.4866310 0.7379990 0.0116622
v 0.4888365 0.7373481 0.0092652
v 0.4907411 0.7371280 0.0065528
v 0.4922799 0.7373462 0.0036172
v -0.0147019 1.1902075 -0.0180865
v -0.0155026 1.1880627 -0.0156798
v -0.0157753 1.1856433 -0.0134202
v -0.0155108 1.1830318 -0.0113847
v -0.0147181 1.1803170 -0.0096426
v -0.0134243 1.1775914 -0.0082532
v -0.0116732 1.1749478 -0.0072638
v -0.0095247 1.1724763 -0.0067081
v 0.4729482 0.7402610 0.0133949
v 0.4756613 0.7383773 0.0130418
v 0.4785221 0.7368895 0.0122446
v 0.4814332 0.7358481 0.0110304
v 0.4842955 0.7352886 0.0094405
v 0.4870115 0.7352301 0.0075292
v 0.4894888 0.7356746 0.0053615
v 0.4916429 0.7366069 0.0030112
v -0.0151544 1.1896603 -0.0189894
v -0.0163922 1.1869870 -0.0174549
v -0.0170718 1.1840758 -0.0160071
v -0.0171700 1.1810257 -0.0146953
v -0.0166835 1.1779407 -0.0135640
v -0.0156288 1.1749259 -0.0126520
v -0.0140420 1.1720838 -0.0119902
v -0.0119769 1.1695113 -0.0116011
v 0.4704960 0.7372960 0.0085019
v 0.4732925 0.7355133 0.0083154
v 0.4763175 0.7342240 0.0078458
v 0.4794679 0.7334718 0.0071089
v 0.4826363 0.7332826 0.0061300
v 0.4857151 0.7336626 0.0049423
v 0.4885991 0.7345989 0.0035864
v 0.4911904 0.7360598 0.0021083
v -0.0153679 1.1893713 -0.0200805
v -0.0168119 1.1864188 -0.0195999
v -0.0176833 1.1832477 -0.0191329
v -0.0179526 1.1799660 -0.0186954
v -0.0176106 1.1766854 -0.0183024
v -0.0166688 1.1735178 -0.0179671
v -0.0151594 1.1705709 -0.0177011
v -0.0131337 1.1679450 -0.0175134
v 0.4693392 0.7357297 0.0025896
v 0.4721751 0.7340004 0.0026045
v 0.4752775 0.7328159 0.0025306
v 0.4785408 0.7322166 0.0023706
v 0.4818537 0.7322228 0.0021299
v 0.4851035 0.7328345 0.0018166
v 0.4881795 0.7340307 0.0014414
v 0.4909769 0.7357707 0.0010172
v -0.0153166 1.1893752 -0.0212280
v -0.0167109 1.1864265 -0.0218558
v -0.0175363 1.1832589 -0.0224205
v -0.0177644 1.1799804 -0.0229027
v -0.0173876 1.1767025 -0.0232860
v -0.0164187 1.1735369 -0.0235575
v -0.0148906 1.1705914 -0.0237078
v -0.0128555 1.1679663 -0.0237318
v 0.4696174 0.7357510 -0.0036288
v 0.4724438 0.7340210 -0.0034022
v 0.4755276 0.7328350 -0.0030597
v 0.4787637 0.7322336 -0.0026130
v 0.4820419 0.7322373 -0.0020774
v 0.4852505 0.7328458 -0.0014710
v 0.4882804 0.7340384 -0.0008145
v 0.4910283 0.7357747 -0.0001303
v -0.0150066 1.1896717 -0.0222936
v -0.0161016 1.1870093 -0.0239508
v -0.0166483 1.1841082 -0.0254734
v -0.0166280 1.1810672 -0.0268096
v -0.0160415 1.1779899 -0.0279139
v -0.0149087 1.1749810 -0.0287487
v -0.0132682 1.1721431 -0.0292856
v -0.0111759 1.1695727 -0.0295063
v 0.4712970 0.7373574 -0.0094033
v 0.4740663 0.7355726 -0.0089800
v 0.4770376 0.7342791 -0.0082510
v 0.4801098 0.7335210 -0.0072409
v 0.4831783 0.7333241 -0.0059843
v 0.4861385 0.7336950 -0.0045239
v 0.4888897 0.7346212 -0.0029095
v 0.4913382 0.7360711 -0.0011959
v -0.0144754 1.1902248 -0.0231488
v -0.0150573 1.1880968 -0.0256320
v -0.0151265 1.1856930 -0.0279234
v -0.0146805 1.1830954 -0.0299450
v -0.0137346 1.1803923 -0.0316279
v -0.0123210 1.1776759 -0.0329148
v -0.0104878 1.1750386 -0.0337620
v -0.0082974 1.1725703 -0.0341405
v 0.4741755 0.7403550 -0.0140374
v 0.4768467 0.7384682 -0.0134564
v 0.4796253 0.7369740 -0.0124171
v 0.4824167 0.7359234 -0.0109549
v 0.4851258 0.7353522 -0.0091197
v 0.4876604 0.7352798 -0.0069739
v 0.4899340 0.7357087 -0.0045907
v 0.4918694 0.7366243 -0.0020511
v -0.0137871 1.1909680 -0.0236904
v -0.0137041 1.1895579 -0.0266967
v -0.0131544 1.1878222 -0.0294750
v -0.0121567 1.1858202 -0.0319306
v -0.0107451 1.1836200 -0.0339799
v -0.0089676 1.1812965 -0.0355532
v -0.0068847 1.1789289 -0.0365968
v -0.0045673 1.1765977 -0.0370752
v 0.4779056 0.7443824 -0.0169722
v 0.4804498 0.7423584 -0.0162912
v 0.4829787 0.7405946 -0.0150554
v 0.4854062 0.7391511 -0.0133069
v 0.4876496 0.7380771 -0.0111053
v 0.4896324 0.7374090 -0.0085255
v 0.4912873 0.7371698 -0.0056554
v 0.4925577 0.7373675 -0.0025927
v -0.0130246 1.1918116 -0.0238530
v -0.0122051 1.1912163 -0.0270165
v -0.0109699 1.1902390 -0.0299410
v -0.0093612 1.1889131 -0.0325270
v -0.0074337 1.1872836 -0.0346864
v -0.0052530 1.1854061 -0.0363456
v -0.0028935 1.1833445 -0.0374483
v -0.0004354 1.1811690 -0.0379567
v 0.4820375 0.7489537 -0.0178537
v 0.4844410 0.7467740 -0.0171427
v 0.4866933 0.7447042 -0.0158479
v 0.4887176 0.7428147 -0.0140134
v 0.4904451 0.7411699 -0.0117017
v 0.4918169 0.7398259 -0.0089915
v 0.4927863 0.7388282 -0.0059752
v 0.4933202 0.7382110 -0.0027553
v -0.0122799 1.1926538 -0.0236172
v -0.0107411 1.1928720 -0.0265528
v -0.0088365 1.1926519 -0.0292652
v -0.0066310 1.1920010 -0.0316622
v -0.0041997 1.1909413 -0.0336620
v -0.0016253 1.1895091 -0.0351966
v 0.0010044 1.1877530 -0.0362136
v 0.0035998 1.1857329 -0.0366786
v 0.4860727 0.7535176 -0.0165755
v 0.4883388 0.7511825 -0.0159080
v 0.4903210 0.7488072 -0.0146988
v 0.4919516 0.7464724 -0.0129890
v 0.4931753 0.7442578 -0.0108369
v 0.4939503 0.7422387 -0.0083158
v 0.4942502 0.7404840 -0.0055115
v 0.4940649 0.7390532 -0.0025194
v 0.4784103 0.7639095 -0.0000000
v 0.4809767 0.7639628 -0.0002921
v 0.4835099 0.7635407 -0.0005742
v 0.4859235 0.7626575 -0.0008368
v 0.4881354 0.7613432 -0.0010709
v 0.4900702 0.7596427 -0.0012686
v 0.4916621 0.7576138 -0.0014230
v 0.4928569 0.7553256 -0.0015290
v 0.4936139 0.7528560 -0.0015829
v 0.5739072 0.0502892 -0.0015829
v 0.5737270 0.0477126 -0.0015290
v 0.5730793 0.0452138 -0.0014230
v 0.5719862 0.0428780 -0.0012686
v 0.5704849 0.0407848 -0.0010709
v 0.5686266 0.0390054 -0.0008368
v 0.5664745 0.0376004 -0.0005742
v 0.5641019 0.0366176 -0.0002921
v 0.5615897 0.0360905 0.0000000
v 0.4809229 0.7639567 0.0005997
v 0.4834039 0.7635286 0.0011789
v 0.4857691 0.7626398 0.0017180
v 0.4879378 0.7613207 0.0021986
v 0.4898362 0.7596159 0.0026044
v 0.4913996 0.7575838 0.0029214
v 0.4925749 0.7552933 0.0031389
v 0.4933219 0.7528227 0.0032496
v 0.5736152 0.0502559 0.0032496
v 0.5734449 0.0476803 0.0031389
v 0.5728168 0.0451838 0.0029214
v 0.5717522 0.0428513 0.0026044
v 0.5702873 0.0407622 0.0021986
v 0.5684722 0.0389877 0.0017180
v 0.5663686 0.0375882 0.0011789
v 0.5640480 0.0366114 0.0005997
v 0.4805692 0.7639163 0.0014191
v 0.4827087 0.7634492 0.0027899
v 0.4847559 0.7625241 0.0040657
v 0.4866411 0.7611725 0.0052030
v 0.4883003 0.7594404 0.0061632
v 0.4896767 0.7573869 0.0069134
v 0.4907236 0.7550818 0.0074283
v 0.4914054 0.7526036 0.0076901
v 0.5716987 0.0500368 0.0076901
v 0.5715937 0.0474688 0.0074283
v 0.5710939 0.0449869 0.0069134
v 0.5702162 0.0426758 0.0061632
v 0.5689907 0.0406140 0.0052030
v 0.5674590 0.0388719 0.0040657
v 0.5656733 0.0375088 0.0027899
v 0.5636944 0.0365710 0.0014191
v 0.4799584 0.7638465 0.0020674
v 0.4815079 0.7633119 0.0040644
v 0.4830060 0.7623241 0.0059230
v 0.4844018 0.7609165 0.0075798
v 0.4856476 0.7591372 0.0089786
v 0.4867012 0.7570468 0.0100716
v 0.4875265 0.7547164 0.0108216
v 0.4880955 0.7522254 0.0112031
v 0.5683889 0.0496586 0.0112031
v 0.5683966 0.0471034 0.0108216
v 0.5681183 0.0446468 0.0100716
v 0.5675636 0.0423726 0.0089786
v 0.5667513 0.0403581 0.0075798
v 0.5657091 0.0386719 0.0059230
v 0.5644725 0.0373716 0.0040644
v 0.5630836 0.0365012 0.0020674
v 0.4791642 0.7637557 0.0024663
v 0.4799464 0.7631335 0.0048486
v 0.4807305 0.7620640 0.0070658
v 0.4814898 0.7605837 0.0090424
v 0.4821983 0.7587430 0.0107111
v 0.4828319 0.7566046 0.0120150
v 0.4833691 0.7542413 0.0129097
v 0.4837916 0.7517335 0.0133648
v 0.5640849 0.0491667 0.0133648
v 0.5642392 0.0466283 0.0129097
v 0.5642490 0.0442046 0.0120150
v 0.5641142 0.0419784 0.0107111
v 0.5638393 0.0400253 0.0090424
v 0.5634336 0.0384119 0.0070658
v 0.5629111 0.0371931 0.0048486
v 0.5622893 0.0364104 0.0024663
v 0.4782823 0.7636549 0.0025677
v 0.4782127 0.7629353 0.0050481
v 0.4782040 0.7617753 0.0073565
v 0.4782564 0.7602142 0.0094143
v 0.4783682 0.7583053 0.0111516
v 0.4785356 0.7561136 0.0125092
v 0.4787528 0.7537137 0.0134407
v 0.4790126 0.7511873 0.0139146
v 0.5593059 0.0486205 0.0139146
v 0.5596229 0.0461007 0.0134407
v 0.5599527 0.0437136 0.0125092
v 0.5602842 0.0415407 0.0111516
v 0.5606059 0.0396558 0.0094143
v 0.5609071 0.0381231 0.0073565
v 0.5611773 0.0369950 0.0050481
v 0.5614074 0.0363096 0.0025677
v 0.4774191 0.7635562 0.0023595
v 0.4765157 0.7627414 0.0046386
v 0.4757310 0.7614926 0.0067598
v 0.4750916 0.7598525 0.0086508
v 0.4746194 0.7578769 0.0102472
v 0.4743305 0.7556330 0.0114946
v 0.4742346 0.7531973 0.0123506
v 0.4743350 0.7506527 0.0127860
v 0.5546283 0.0480859 0.0127860
v 0.5551046 0.0455843 0.0123506
v 0.5557476 0.0432331 0.0114946
v 0.5565354 0.0411122 0.0102472
v 0.5574412 0.0392941 0.0086508
v 0.5584341 0.0378405 0.0067598
v 0.5594803 0.0368010 0.0046386
v 0.5605443 0.0362110 0.0023595
v 0.4766787 0.7634716 0.0018666
v 0.4750602 0.7625750 0.0036697
v 0.4736099 0.7612502 0.0053478
v 0.4723772 0.7595423 0.0068438
v 0.4714041 0.7575094 0.0081067
v 0.4707237 0.7552208 0.0090936
v 0.4703592 0.7527544 0.0097708
v 0.4703230 0.7501942 0.0101152
v 0.5506164 0.0476274 0.0101152
v 0.5512293 0.0451414 0.0097708
v 0.5521408 0.0428209 0.0090936
v 0.5533200 0.0407448 0.0081067
v 0.5547267 0.0389839 0.0068438
v 0.5563130 0.0375981 0.0053478
v 0.5580248 0.0366347 0.0036697
v 0.5598039 0.0361264 0.0018666
v 0.4761505 0.7634113 0.0011486
v 0.4740217 0.7624564 0.0022582
v 0.4720965 0.7610773 0.0032908
v 0.4704405 0.7593210 0.0042113
v 0.4691100 0.7572472 0.0049885
v 0.4681503 0.7549267 0.0055958
v 0.4675942 0.7524384 0.0060125
v 0.4674605 0.7498671 0.0062244
v 0.5477539 0.0473003 0.0062244
v 0.5484642 0.0448254 0.0060125
v 0.5495675 0.0425268 0.0055958
v 0.5510259 0.0404826 0.0049885
v 0.5527900 0.0387625 0.0042113
v 0.5547996 0.0374251 0.0032908
v 0.5569863 0.0365160 0.0022582
v 0.5592757 0.0360660 0.0011486
v 0.4758981 0.7633824 0.0002921
v 0.4735255 0.7623996 0.0005742
v 0.4713734 0.7609946 0.0008368
v 0.4695151 0.7592152 0.0010709
v 0.4680138 0.7571220 0.0012686
v 0.4669207 0.7547862 0.0014230
v 0.4662730 0.7522874 0.0015290
v 0.4660928 0.7497108 0.0015829
v 0.5463861 0.0471440 0.0015829
v 0.5471431 0.0446744 0.0015290
v 0.5483379 0.0423862 0.0014230
v 0.5499298 0.0403573 0.0012686
v 0.5518646 0.0386568 0.0010709
v 0.5540765 0.0373425 0.0008368
v 0.5564901 0.0364593 0.0005742
v 0.5590233 0.0360372 0.0002921
v 0.4759520 0.7633886 -0.0005997
v 0.4736314 0.7624118 -0.0011789
v 0.4715278 0.7610123 -0.0017180
v 0.4697127 0.7592378 -0.0021986
v 0.4682478 0.7571487 -0.0026044
v 0.4671832 0.7548162 -0.0029214
v 0.4665551 0.7523197 -0.0031389
v 0.4663848 0.7497441 -0.0032496
v 0.5466781 0.0471773 -0.0032496
v 0.5474251 0.0447067 -0.0031389
v 0.5486004 0.0424162 -0.0029214
v 0.5501638 0.0403841 -0.0026044
v 0.5520622 0.0386793 -0.0021986
v 0.5542309 0.0373602 -0.0017180
v 0.5565961 0.0364714 -0.0011789
v 0.5590771 0.0360433 -0.0005997
v 0.4763056 0.7634290 -0.0014191
v 0.4743267 0.7624912 -0.0027899
v 0.4725410 0.7611281 -0.0040657
v 0.4710093 0.7593860 -0.0052030
v 0.4697838 0.7573242 -0.0061632
v 0.4689061 0.7550131 -0.0069134
v 0.4684063 0.7525312 -0.0074283
v 0.4683013 0.7499632 -0.0076901
v 0.5485946 0.0473964 -0.0076901
v 0.5492764 0.0449182 -0.0074283
v 0.5503233 0.0426131 -0.0069134
v 0.5516997 0.0405596 -0.0061632
v 0.5533589 0.0388275 -0.0052030
v 0.5552441 0.0374759 -0.0040657
v 0.5572913 0.0365508 -0.0027899
v 0.5594308 0.0360837 -0.0014191
v 0.4769164 0.7634988 -0.0020674
v 0.4755275 0.7626284 -0.0040644
v 0.4742909 0.7613281 -0.0059230
v 0.4732487 0.7596419 -0.0075798
v 0.4724364 0.7576274 -0.0089786
v 0.4718817 0.7553532 -0.0100716
v 0.4716034 0.7528966 -0.0108216
v 0.4716111 0.7503414 -0.0112031
v 0.5519045 0.0477746 -0.0112031
v 0.5524735 0.0452836 -0.0108216
v 0.5532988 0.0429532 -0.0100716
v 0.5543524 0.0408628 -0.0089786
v 0.5555982 0.0390835 -0.0075798
v 0.5569940 0.0376759 -0.0059230
v 0.5584921 0.0366881 -0.0040644
v 0.5600416 0.0361535 -0.0020674
v 0.4777107 0.7635896 -0.0024663
v 0.4770889 0.7628069 -0.0048486
v 0.4765664 0.7615881 -0.0070658
v 0.4761607 0.7599747 -0.0090424
v 0.4758858 0.7580216 -0.0107111
v 0.4757510 0.7557954 -0.0120150
v 0.4757608 0.7533717 -0.0129097
v 0.4759151 0.7508333 -0.0133648
v 0.5562084 0.0482665 -0.0133648
v 0.5566309 0.0457587 -0.0129097
v 0.5571681 0.0433954 -0.0120150
v 0.5578017 0.0412570 -0.0107111
v 0.5585102 0.0394163 -0.0090424
v 0.5592695 0.0379360 -0.0070658
v 0.5600536 0.0368665 -0.0048486
v 0.5608358 0.0362443 -0.0024663
v 0.4785926 0.7636904 -0.0025677
v 0.4788227 0.7630050 -0.0050481
v 0.4790929 0.7618769 -0.0073565
v 0.4793941 0.7603442 -0.0094143
v 0.4797158 0.7584593 -0.0111516
v 0.4800473 0.7562864 -0.0125092
v 0.4803771 0.7538993 -0.0134407
v 0.4806941 0.7513795 -0.0139146
v 0.5609874 0.0488127 -0.0139146
v 0.5612472 0.0462863 -0.0134407
v 0.5614644 0.0438864 -0.0125092
v 0.5616318 0.0416947 -0.0111516
v 0.5617436 0.0397858 -0.0094143
v 0.5617960 0.0382247 -0.0073565
v 0.5617873 0.0370647 -0.0050481
v 0.5617177 0.0363451 -0.0025677
v 0.4794557 0.7637890 -0.0023595
v 0.4805197 0.7631990 -0.0046386
v 0.4815659 0.7621595 -0.0067598
v 0.4825588 0.7607059 -0.0086508
v 0.4834646 0.7588878 -0.0102472
v 0.4842524 0.7567669 -0.0114946
v 0.4848954 0.7544157 -0.0123506
v 0.4853717 0.7519141 -0.0127860
v 0.5656650 0.0493473 -0.0127860
v 0.5657654 0.0468027 -0.0123506
v 0.5656695 0.0443670 -0.0114946
v 0.5653806 0.0421231 -0.0102472
v 0.5649084 0.0401475 -0.0086508
v 0.5642690 0.0385074 -0.0067598
v 0.5634843 0.0372586 -0.0046386
v 0.5625809 0.0364438 -0.0023595
v 0.4801961 0.7638736 -0.0018666
v 0.4819752 0.7633653 -0.0036697
v 0.4836870 0.7624019 -0.0053478
v 0.4852733 0.7610161 -0.0068438
v 0.4866800 0.7592552 -0.0081067
v 0.4878592 0.7571791 -0.0090936
v 0.4887707 0.7548586 -0.0097708
v 0.4893836 0.7523726 -0.0101152
v 0.5696770 0.0498058 -0.0101152
v 0.5696408 0.0472456 -0.0097708
v 0.5692763 0.0447792 -0.0090936
v 0.5685959 0.0424906 -0.0081067
v 0.5676228 0.0404577 -0.0068438
v 0.5663901 0.0387498 -0.0053478
v 0.5649398 0.0374250 -0.0036697
v 0.5633213 0.0365284 -0.0018666
v 0.4807243 0.7639340 -0.0011486
v 0.4830137 0.7634840 -0.0022582
v 0.4852004 0.7625749 -0.0032908
v 0.4872100 0.7612375 -0.0042113
v 0.4889741 0.7595174 -0.0049885
v 0.4904325 0.7574732 -0.0055958
v 0.4915358 0.7551746 -0.0060125
v 0.4922461 0.7526997 -0.0062244
v 0.5725395 0.0501329 -0.0062244
v 0.5724058 0.0475616 -0.0060125
v 0.5718497 0.0450733 -0.0055958
v 0.5708900 0.0427528 -0.0049885
v 0.5695595 0.0406790 -0.0042113
v 0.5679035 0.0389227 -0.0032908
v 0.5659783 0.0375436 -0.0022582
v 0.5638495 0.0365887 -0.0011486
v -0.0043641 -0.3625438 -0.0204849
v -0.0011716 -0.3620837 -0.0212785
v 0.0020608 -0.3622338 -0.0220286
v 0.0052230 -0.3629889 -0.0227096
v 0.0082073 -0.3643233 -0.0232984
v 0.0109122 -0.3661915 -0.0237748
v 0.0132454 -0.3685299 -0.0241227
v 0.0151276 -0.3712590 -0.0243302
v 0.0164946 -0.3742857 -0.0243902
v 0.1973000 -1.0975070 -0.0043007
v 0.1975162 -1.1008132 -0.0040648
v 0.1971359 -1.1040918 -0.0036904
v 0.1961720 -1.1072309 -0.0031904
v 0.1946575 -1.1101239 -0.0025817
v 0.1926438 -1.1126721 -0.0018851
v 0.1901995 -1.1147887 -0.0011243
v 0.1874079 -1.1164017 -0.0003253
v 0.1843641 -1.1174562 0.0004849
v -0.0011006 -0.3620342 -0.0201331
v 0.0022003 -0.3621364 -0.0197768
v 0.0054263 -0.3628469 -0.0194281
v 0.0084675 -0.3641416 -0.0190989
v 0.0112203 -0.3659763 -0.0188003
v 0.0135911 -0.3682885 -0.0185426
v 0.0154990 -0.3709996 -0.0183346
v 0.0168791 -0.3740172 -0.0181832
v 0.1976845 -1.0972385 0.0019063
v 0.1978876 -1.1005539 0.0019308
v 0.1974815 -1.1038503 0.0018897
v 0.1964802 -1.1070157 0.0017841
v 0.1949176 -1.1099422 0.0016178
v 0.1928471 -1.1125301 0.0013964
v 0.1903390 -1.1146913 0.0011275
v 0.1874789 -1.1163522 0.0008202
v -0.0014143 -0.3620819 -0.0190291
v 0.0015836 -0.3622303 -0.0176064
v 0.0045275 -0.3629837 -0.0162653
v 0.0073173 -0.3643167 -0.0150512
v 0.0098579 -0.3661837 -0.0140058
v 0.0120628 -0.3685212 -0.0131644
v 0.0138569 -0.3712496 -0.0125558
v 0.0151792 -0.3742760 -0.0122008
v 0.1959845 -1.0974973 0.0078887
v 0.1962455 -1.1008038 0.0077096
v 0.1959533 -1.1040830 0.0072679
v 0.1951178 -1.1072231 0.0065787
v 0.1937675 -1.1101173 0.0056654
v 0.1919483 -1.1126669 0.0045593
v 0.1897223 -1.1147852 0.0032979
v 0.1871652 -1.1163999 0.0019241
v -0.0020748 -0.3622212 -0.0180997
v 0.0002850 -0.3625042 -0.0157793
v 0.0026352 -0.3633829 -0.0136026
v 0.0048956 -0.3648275 -0.0116437
v 0.0069893 -0.3667887 -0.0099695
v 0.0088450 -0.3691999 -0.0086367
v 0.0103995 -0.3719788 -0.0076910
v 0.0115998 -0.3750309 -0.0071644
v 0.1924052 -1.0982522 0.0129251
v 0.1927880 -1.1015331 0.0125744
v 0.1927354 -1.1047617 0.0117955
v 0.1922492 -1.1078282 0.0106150
v 0.1913457 -1.1106281 0.0090729
v 0.1900560 -1.1130660 0.0072219
v 0.1884237 -1.1150591 0.0051250
v 0.1865047 -1.1165393 0.0028535
v -0.0030025 -0.3624353 -0.0174570
v -0.0015387 -0.3629250 -0.0145158
v -0.0000226 -0.3639962 -0.0117613
v 0.0014944 -0.3656123 -0.0092874
v 0.0029605 -0.3677184 -0.0071782
v 0.0043257 -0.3702427 -0.0055057
v 0.0055436 -0.3730993 -0.0043268
v 0.0065728 -0.3761909 -0.0036816
v 0.1873781 -1.0994123 0.0164079
v 0.1879322 -1.1026536 0.0159386
v 0.1882162 -1.1058046 0.0149265
v 0.1882203 -1.1087579 0.0134062
v 0.1879445 -1.1114129 0.0114293
v 0.1873982 -1.1136793 0.0090632
v 0.1866000 -1.1154799 0.0063885
v 0.1855770 -1.1167533 0.0034962
v -0.0040855 -0.3626983 -0.0171785
v -0.0036677 -0.3634420 -0.0139683
v -0.0031251 -0.3647496 -0.0109634
v -0.0024760 -0.3665765 -0.0082663
v -0.0017427 -0.3688606 -0.0059687
v -0.0009500 -0.3715240 -0.0041490
v -0.0001249 -0.3744760 -0.0028690
v 0.0007044 -0.3776161 -0.0021725
v 0.1815098 -1.1008374 0.0179170
v 0.1822637 -1.1040302 0.0173964
v 0.1829405 -1.1070858 0.0162833
v 0.1835172 -1.1099000 0.0146157
v 0.1839741 -1.1123772 0.0124504
v 0.1842957 -1.1144328 0.0098611
v 0.1844710 -1.1159969 0.0069360
v 0.1844940 -1.1170163 0.0037747
v -0.0051930 -0.3629785 -0.0172979
v -0.0058451 -0.3639929 -0.0142028
v -0.0062982 -0.3655524 -0.0113052
v -0.0065368 -0.3676039 -0.0087037
v -0.0065528 -0.3700775 -0.0064869
v -0.0063457 -0.3728890 -0.0047302
v -0.0059224 -0.3759427 -0.0034935
v -0.0052975 -0.3791346 -0.0028190
v 0.1755078 -1.1023559 0.0172705
v 0.1764662 -1.1054970 0.0167719
v 0.1775448 -1.1084509 0.0157021
v 0.1787071 -1.1111170 0.0140976
v 0.1799133 -1.1134045 0.0120130
v 0.1811226 -1.1152356 0.0095193
v 0.1822936 -1.1165478 0.0067015
v 0.1833865 -1.1172965 0.0036554
v -0.0061916 -0.3632421 -0.0178006
v -0.0078084 -0.3645112 -0.0151911
v -0.0091592 -0.3663077 -0.0127455
v -0.0101982 -0.3685704 -0.0105468
v -0.0108898 -0.3712224 -0.0086701
v -0.0112106 -0.3741733 -0.0071792
v -0.0111496 -0.3773226 -0.0061249
v -0.0107090 -0.3805631 -0.0055432
v 0.1700963 -1.1037844 0.0145463
v 0.1712389 -1.1068769 0.0141404
v 0.1726799 -1.1097351 0.0132530
v 0.1743701 -1.1122619 0.0119143
v 0.1762520 -1.1143710 0.0101698
v 0.1782616 -1.1159908 0.0080791
v 0.1803303 -1.1170661 0.0057132
v 0.1823879 -1.1175601 0.0031527
v -0.0069609 -0.3634574 -0.0186261
v -0.0093206 -0.3649343 -0.0168140
v -0.0113630 -0.3669243 -0.0151104
v -0.0130184 -0.3693596 -0.0135734
v -0.0142305 -0.3721572 -0.0122552
v -0.0149580 -0.3752219 -0.0112007
v -0.0151761 -0.3784493 -0.0104459
v -0.0148774 -0.3817295 -0.0100164
v 0.1659279 -1.1049508 0.0100730
v 0.1672124 -1.1080035 0.0098195
v 0.1689324 -1.1107837 0.0092316
v 0.1710293 -1.1131966 0.0083292
v 0.1734317 -1.1151602 0.0071433
v 0.1760578 -1.1166075 0.0057141
v 0.1788181 -1.1174892 0.0040903
v 0.1816186 -1.1177754 0.0023272
v -0.0074079 -0.3635983 -0.0196747
v -0.0101995 -0.3652113 -0.0188757
v -0.0126438 -0.3673279 -0.0181149
v -0.0146575 -0.3698761 -0.0174183
v -0.0161720 -0.3727691 -0.0168096
v -0.0171359 -0.3759082 -0.0163096
v -0.0175162 -0.3791868 -0.0159352
v -0.0173000 -0.3824930 -0.0156993
v 0.1635054 -1.1057143 0.0043902
v 0.1648724 -1.1087410 0.0043302
v 0.1667546 -1.1114701 0.0041227
v 0.1690878 -1.1138085 0.0037748
v 0.1717927 -1.1156767 0.0032984
v 0.1747770 -1.1170111 0.0027096
v 0.1779392 -1.1177662 0.0020286
v 0.1811716 -1.1179163 0.0012785
v -0.0074789 -0.3636478 -0.0208202
v -0.0103390 -0.3653087 -0.0211275
v -0.0128471 -0.3674699 -0.0213964
v -0.0149176 -0.3700578 -0.0216178
v -0.0164802 -0.3729843 -0.0217841
v -0.0174815 -0.3761497 -0.0218897
v -0.0178876 -0.3794461 -0.0219308
v -0.0176845 -0.3827615 -0.0219063
v 0.1631209 -1.1059828 -0.0018168
v 0.1645010 -1.1090004 -0.0016654
v 0.1664089 -1.1117115 -0.0014574
v 0.1687797 -1.1140237 -0.0011997
v 0.1715325 -1.1158584 -0.0009011
v 0.1745737 -1.1171531 -0.0005719
v 0.1777997 -1.1178636 -0.0002232
v 0.1811006 -1.1179658 0.0001331
v -0.0071652 -0.3636001 -0.0219241
v -0.0097223 -0.3652148 -0.0232979
v -0.0119483 -0.3673331 -0.0245593
v -0.0137675 -0.3698827 -0.0256654
v -0.0151178 -0.3727769 -0.0265787
v -0.0159533 -0.3759170 -0.0272679
v -0.0162455 -0.3791962 -0.0277096
v -0.0159845 -0.3825027 -0.0278887
v 0.1648208 -1.1057240 -0.0077992
v 0.1661431 -1.1087504 -0.0074442
v 0.1679372 -1.1114788 -0.0068356
v 0.1701421 -1.1138163 -0.0059942
v 0.1726827 -1.1156833 -0.0049488
v 0.1754725 -1.1170163 -0.0037347
v 0.1784164 -1.1177697 -0.0023936
v 0.1814143 -1.1179181 -0.0009709
v -0.0065047 -0.3634607 -0.0228535
v -0.0084237 -0.3649409 -0.0251250
v -0.0100560 -0.3669340 -0.0272219
v -0.0113457 -0.3693719 -0.0290729
v -0.0122492 -0.3721718 -0.0306150
v -0.0127354 -0.3752383 -0.0317955
v -0.0127880 -0.3784669 -0.0325744
v -0.0124052 -0.3817478 -0.0329251
v 0.1684002 -1.1049691 -0.0128356
v 0.1696005 -1.1080212 -0.0123090
v 0.1711550 -1.1108001 -0.0113633
v 0.1730107 -1.1132113 -0.0100305
v 0.1751044 -1.1151725 -0.0083563
v 0.1773648 -1.1166171 -0.0063974
v 0.1797150 -1.1174958 -0.0042207
v 0.1820748 -1.1177788 -0.0019003
v -0.0055770 -0.3632467 -0.0234962
v -0.0066000 -0.3645201 -0.0263885
v -0.0073982 -0.3663207 -0.0290632
v -0.0079445 -0.3685871 -0.0314293
v -0.0082203 -0.3712421 -0.0334062
v -0.0082162 -0.3741954 -0.0349265
v -0.0079322 -0.3773464 -0.0359386
v -0.0073781 -0.3805877 -0.0364079
v 0.1734272 -1.1038091 -0.0163184
v 0.1744564 -1.1069007 -0.0156732
v 0.1756743 -1.1097573 -0.0144943
v 0.1770395 -1.1122816 -0.0128218
v 0.1785056 -1.1143877 -0.0107126
v 0.1800226 -1.1160038 -0.0082387
v 0.1815387 -1.1170750 -0.0054842
v 0.1830025 -1.1175647 -0.0025430
v -0.0044940 -0.3629837 -0.0237747
v -0.0044710 -0.3640031 -0.0269360
v -0.0042957 -0.3655672 -0.0298611
v -0.0039741 -0.3676228 -0.0324504
v -0.0035172 -0.3701000 -0.0346157
v -0.0029405 -0.3729142 -0.0362833
v -0.0022637 -0.3759698 -0.0373964
v -0.0015098 -0.3791626 -0.0379170
v 0.1792956 -1.1023839 -0.0178275
v 0.1801249 -1.1055240 -0.0171310
v 0.1809500 -1.1084760 -0.0158510
v 0.1817427 -1.1111394 -0.0140313
v 0.1824760 -1.1134235 -0.0117337
v 0.1831251 -1.1152504 -0.0090366
v 0.1836677 -1.1165580 -0.0060317
v 0.1840855 -1.1173017 -0.0028215
v -0.0033865 -0.3627035 -0.0236554
v -0.0022936 -0.3634522 -0.0267015
v -0.0011226 -0.3647644 -0.0295193
v 0.0000867 -0.3665955 -0.0320130
v 0.0012929 -0.3688830 -0.0340976
v 0.0024552 -0.3715491 -0.0357021
v 0.0035338 -0.3745030 -0.0367719
v 0.0044922 -0.3776441 -0.0372705
v 0.1852975 -1.1008654 -0.0171810
v 0.1859224 -1.1040573 -0.0165065
v 0.1863457 -1.1071110 -0.0152698
v 0.1865528 -1.1099225 -0.0135131
v 0.1865368 -1.1123961 -0.0112963
v 0.1862982 -1.1144476 -0.0086948
v 0.1858451 -1.1160071 -0.0057972
v 0.1851930 -1.1170215 -0.0027021
v -0.0023879 -0.3624399 -0.0231527
v -0.0003303 -0.3629339 -0.0257132
v 0.0017384 -0.3640092 -0.0280791
v 0.0037480 -0.3656290 -0.0301698
v 0.0056299 -0.3677381 -0.0319143
v 0.0073201 -0.3702649 -0.0332530
v 0.0087611 -0.3731231 -0.0341404
v 0.0099037 -0.3762156 -0.0345463
v 0.1907090 -1.0994369 -0.0144568
v 0.1911496 -1.1026774 -0.0138751
v 0.1912106 -1.1058267 -0.0128208
v 0.1908898 -1.1087776 -0.0113299
v 0.1901982 -1.1114296 -0.0094532
v 0.1891592 -1.1136923 -0.0072545
v 0.1878084 -1.1154888 -0.0048089
v 0.1861916 -1.1167579 -0.0021994
v -0.0016186 -0.3622246 -0.0223272
v 0.0011819 -0.3625108 -0.0240903
v 0.0039422 -0.3633925 -0.0257141
v 0.0065683 -0.3648398 -0.0271433
v 0.0089707 -0.3668034 -0.0283292
v 0.0110676 -0.3692163 -0.0292316
v 0.0127876 -0.3719965 -0.0298195
v 0.0140721 -0.3750492 -0.0300730
v 0.1948774 -1.0982705 -0.0099836
v 0.1951761 -1.1015507 -0.0095541
v 0.1949580 -1.1047781 -0.0087993
v 0.1942305 -1.1078428 -0.0077448
v 0.1930184 -1.1106404 -0.0064266
v 0.1913630 -1.1130757 -0.0048896
v 0.1893206 -1.1150657 -0.0031860
v 0.1869609 -1.1165426 -0.0013739
v 0.1800000 -1.0860000 -0.0000000
v 0.1825725 -1.0862384 -0.0000000
v 0.1850574 -1.0869454 -0.0000000
v 0.1873701 -1.0880970 -0.0000000
v 0.1894317 -1.0896539 -0.0000000
v 0.1911722 -1.0915631 -0.0000000
v 0.1925323 -1.0937597 -0.0000000
v 0.1934656 -1.0961687 -0.0000000
v 0.1939403 -1.0987082 -0.0000000
v 0.1939403 -2.0512918 0.0000000
v 0.1934656 -2.0538313 0.0000000
v 0.1925323 -2.0562403 0.0000000
v 0.1911722 -2.0584369 0.0000000
v 0.1894317 -2.0603461 0.0000000
v 0.1873701 -2.0619030 0.0000000
v 0.1850574 -2.0630546 0.0000000
v 0.1825725 -2.0637616 0.0000000
v 0.1800000 -2.0640000 0.0000000
v 0.1824174 -1.0862384 0.0008798
v 0.1847524 -1.0869454 0.0017297
v 0.1869256 -1.0880970 0.0025207
v 0.1888629 -1.0896539 0.0032258
v 0.1904985 -1.0915631 0.0038211
v 0.1917765 -1.0937597 0.0042863
v 0.1926535 -1.0961687 0.0046055
v 0.1930996 -1.0987082 0.0047679
v 0.1930996 -2.0512918 0.0047679
v 0.1926535 -2.0538313 0.0046055
v 0.1917765 -2.0562403 0.0042863
v 0.1904985 -2.0584369 0.0038211
v 0.1888629 -2.0603461 0.0032258
v 0.1869256 -2.0619030 0.0025207
v 0.1847524 -2.0630546 0.0017297
v 0.1824174 -2.0637616 0.0008798
v 0.1819706 -1.0862384 0.0016536
v 0.1838742 -1.0869454 0.0032508
v 0.1856458 -1.0880970 0.0047374
v 0.1872251 -1.0896539 0.0060626
v 0.1885584 -1.0915631 0.0071814
v 0.1896003 -1.0937597 0.0080556
v 0.1903152 -1.0961687 0.0086555
v 0.1906789 -1.0987082 0.0089606
v 0.1906789 -2.0512918 0.0089606
v 0.1903152 -2.0538313 0.0086555
v 0.1896003 -2.0562403 0.0080556
v 0.1885584 -2.0584369 0.0071814
v 0.1872251 -2.0603461 0.0060626
v 0.1856458 -2.0619030 0.0047374
v 0.1838742 -2.0630546 0.0032508
v 0.1819706 -2.0637616 0.0016536
v 0.1812862 -1.0862384 0.0022278
v 0.1825287 -1.0869454 0.0043798
v 0.1836850 -1.0880970 0.0063827
v 0.1847159 -1.0896539 0.0081681
v 0.1855861 -1.0915631 0.0096754
v 0.1862661 -1.0937597 0.0108533
v 0.1867328 -1.0961687 0.0116615
v 0.1869701 -1.0987082 0.0120726
v 0.1869701 -2.0512918 0.0120726
v 0.1867328 -2.0538313 0.0116615
v 0.1862661 -2.0562403 0.0108533
v 0.1855861 -2.0584369 0.0096754
v 0.1847159 -2.0603461 0.0081681
v 0.1836850 -2.0619030 0.0063827
v 0.1825287 -2.0630546 0.0043798
v 0.1812862 -2.0637616 0.0022278
v 0.1804467 -1.0862384 0.0025334
v 0.1808782 -1.0869454 0.0049806
v 0.1812798 -1.0880970 0.0072581
v 0.1816378 -1.0896539 0.0092884
v 0.1819400 -1.0915631 0.0110025
v 0.1821762 -1.0937597 0.0123419
v 0.1823383 -1.0961687 0.0132610
v 0.1824207 -1.0987082 0.0137285
v 0.1824207 -2.0512918 0.0137285
v 0.1823383 -2.0538313 0.0132610
v 0.1821762 -2.0562403 0.0123419
v 0.1819400 -2.0584369 0.0110025
v 0.1816378 -2.0603461 0.0092884
v 0.1812798 -2.0619030 0.0072581
v 0.1808782 -2.0630546 0.0049806
v 0.1804467 -2.0637616 0.0025334
v 0.1795533 -1.0862384 0.0025334
v 0.1791218 -1.0869454 0.0049806
v 0.1787202 -1.0880970 0.0072581
v 0.1783622 -1.0896539 0.0092884
v 0.1780600 -1.0915631 0.0110025
v 0.1778238 -1.0937597 0.0123419
v 0.1776617 -1.0961687 0.0132610
v 0.1775793 -1.0987082 0.0137285
v 0.1775793 -2.0512918 0.0137285
v 0.1776617 -2.0538313 0.0132610
v 0.1778238 -2.0562403 0.0123419
v 0.1780600 -2.0584369 0.0110025
v 0.1783622 -2.0603461 0.0092884
v 0.1787202 -2.0619030 0.0072581
v 0.1791218 -2.0630546 0.0049806
v 0.1795533 -2.0637616 0.0025334
v 0.1787138 -1.0862384 0.0022278
v 0.1774713 -1.0869454 0.0043798
v 0.1763150 -1.0880970 0.0063827
v 0.1752841 -1.0896539 0.0081681
v 0.1744139 -1.0915631 0.0096754
v 0.1737339 -1.0937597 0.0108533
v 0.1732672 -1.0961687 0.0116615
v 0.1730299 -1.0987082 0.0120726
v 0.1730299 -2.0512918 0.0120726
v 0.1732672 -2.0538313 0.0116615
v 0.1737339 -2.0562403 0.0108533
v 0.1744139 -2.0584369 0.0096754
v 0.1752841 -2.0603461 0.0081681
v 0.1763150 -2.0619030 0.0063827
v 0.1774713 -2.0630546 0.0043798
v 0.1787138 -2.0637616 0.0022278
v 0.1780294 -1.0862384 0.0016536
v 0.1761258 -1.0869454 0.0032508
v 0.1743542 -1.0880970 0.0047374
v 0.1727749 -1.0896539 0.0060626
v 0.1714416 -1.0915631 0.0071814
v 0.1703997 -1.0937597 0.0080556
v 0.1696848 -1.0961687 0.0086555
v 0.1693211 -1.0987082 0.0089606
v 0.1693211 -2.0512918 0.0089606
v 0.1696848 -2.0538313 0.0086555
v 0.1703997 -2.0562403 0.0080556
v 0.1714416 -2.0584369 0.0071814
v 0.1727749 -2.0603461 0.0060626
v 0.1743542 -2.0619030 0.0047374
v 0.1761258 -2.0630546 0.0032508
v 0.1780294 -2.0637616 0.0016536
v 0.1775826 -1.0862384 0.0008798
v 0.1752476 -1.0869454 0.0017297
v 0.1730744 -1.0880970 0.0025207
v 0.1711371 -1.0896539 0.0032258
v 0.1695015 -1.0915631 0.0038211
v 0.1682235 -1.0937597 0.0042863
v 0.1673465 -1.0961687 0.0046055
v 0.1669004 -1.0987082 0.0047679
v 0.1669004 -2.0512918 0.0047679
v 0.1673465 -2.0538313 0.0046055
v 0.1682235 -2.0562403 0.0042863
v 0.1695015 -2.0584369 0.0038211
v 0.1711371 -2.0603461 0.0032258
v 0.1730744 -2.0619030 0.0025207
v 0.1752476 -2.0630546 0.0017297
v 0.1775826 -2.0637616 0.0008798
v 0.1774275 -1.0862384 -0.0000000
v 0.1749426 -1.0869454 -0.0000000
v 0.1726299 -1.0880970 -0.0000000
v 0.1705683 -1.0896539 -0.0000000
v 0.1688278 -1.0915631 -0.0000000
v 0.1674677 -1.0937597 -0.0000000
v 0.1665344 -1.0961687 -0.0000000
v 0.1660597 -1.0987082 -0.0000000
v 0.1660597 -2.0512918 0.0000000
v 0.1665344 -2.0538313 0.0000000
v 0.1674677 -2.0562403 0.0000000
v 0.1688278 -2.0584369 0.0000000
v 0.1705683 -2.0603461 0.0000000
v 0.1726299 -2.0619030 0.0000000
v 0.1749426 -2.0630546 0.0000000
v 0.1774275 -2.0637616 0.0000000
v 0.1775826 -1.0862384 -0.0008798
v 0.1752476 -1.0869454 -0.0017297
v 0.1730744 -1.0880970 -0.0025207
v 0.1711371 -1.0896539 -0.0032258
v 0.1695015 -1.0915631 -0.0038211
v 0.1682235 -1.0937597 -0.0042863
v 0.1673465 -1.0961687 -0.0046055
v 0.1669004 -1.0987082 -0.0047679
v 0.1669004 -2.0512918 -0.0047679
v 0.1673465 -2.0538313 -0.0046055
v 0.1682235 -2.0562403 -0.0042863
v 0.1695015 -2.0584369 -0.0038211
v 0.1711371 -2.0603461 -0.0032258
v 0.1730744 -2.0619030 -0.0025207
v 0.1752476 -2.0630546 -0.0017297
v 0.1775826 -2.0637616 -0.0008798
v 0.1780294 -1.0862384 -0.0016536
v 0.1761258 -1.0869454 -0.0032508
v 0.1743542 -1.0880970 -0.0047374
v 0.1727749 -1.0896539 -0.0060626
v 0.1714416 -1.0915631 -0.0071814
v 0.1703997 -1.0937597 -0.0080556
v 0.1696848 -1.0961687 -0.0086555
v 0.1693211 -1.0987082 -0.0089606
v 0.1693211 -2.0512918 -0.0089606
v 0.1696848 -2.0538313 -0.0086555
v 0.1703997 -2.0562403 -0.0080556
v 0.1714416 -2.0584369 -0.0071814
v 0.1727749 -2.0603461 -0.0060626
v 0.1743542 -2.0619030 -0.0047374
v 0.1761258 -2.0630546 -0.0032508
v 0.1780294 -2.0637616 -0.0016536
v 0.1787138 -1.0862384 -0.0022278
v 0.1774713 -1.0869454 -0.0043798
v 0.1763150 -1.0880970 -0.0063827
v 0.1752841 -1.0896539 -0.0081681
v 0.1744139 -1.0915631 -0.0096754
v 0.1737339 -1.0937597 -0.0108533
v 0.1732672 -1.0961687 -0.0116615
v 0.1730299 -1.0987082 -0.0120726
v 0.1730299 -2.0512918 -0.0120726
v 0.1732672 -2.0538313 -0.0116615
v 0.1737339 -2.0562403 -0.0108533
v 0.1744139 -2.0584369 -0.0096754
v 0.1752841 -2.0603461 -0.0081681
v 0.1763150 -2.0619030 -0.0063827
v 0.1774713 -2.0630546 -0.0043798
v 0.1787138 -2.0637616 -0.0022278
v 0.1795533 -1.0862384 -0.0025334
v 0.1791218 -1.0869454 -0.0049806
v 0.1787202 -1.0880970 -0.0072581
v 0.1783622 -1.0896539 -0.0092884
v 0.1780600 -1.0915631 -0.0110025
v 0.1778238 -1.0937597 -0.0123419
v 0.1776617 -1.0961687 -0.0132610
v 0.1775793 -1.0987082 -0.0137285
v 0.1775793 -2.0512918 -0.0137285
v 0.1776617 -2.0538313 -0.0132610
v 0.1778238 -2.0562403 -0.0123419
v 0.1780600 -2.0584369 -0.0110025
v 0.1783622 -2.0603461 -0.0092884
v 0.1787202 -2.0619030 -0.0072581
v 0.1791218 -2.0630546 -0.0049806
v 0.1795533 -2.0637616 -0.0025334
v 0.1804467 -1.0862384 -0.0025334
v 0.1808782 -1.0869454 -0.0049806
v 0.1812798 -1.0880970 -0.0072581
v 0.1816378 -1.0896539 -0.0092884
v 0.1819400 -1.0915631 -0.0110025
v 0.1821762 -1.0937597 -0.0123419
v 0.1823383 -1.0961687 -0.0132610
v 0.1824207 -1.0987082 -0.0137285
v 0.1824207 -2.0512918 -0.0137285
v 0.1823383 -2.0538313 -0.0132610
v 0.1821762 -2.0562403 -0.0123419
v 0.1819400 -2.0584369 -0.0110025
v 0.1816378 -2.0603461 -0.0092884
v 0.1812798 -2.0619030 -0.0072581
v 0.1808782 -2.0630546 -0.0049806
v 0.1804467 -2.0637616 -0.0025334
v 0.1812862 -1.0862384 -0.0022278
v 0.1825287 -1.0869454 -0.0043798
v 0.1836850 -1.0880970 -0.0063827
v 0.1847159 -1.0896539 -0.0081681
v 0.1855861 -1.0915631 -0.0096754
v 0.1862661 -1.0937597 -0.0108533
v 0.1867328 -1.0961687 -0.0116615
v 0.1869701 -1.0987082 -0.0120726
v 0.1869701 -2.0512918 -0.0120726
v 0.1867328 -2.0538313 -0.0116615
v 0.1862661 -2.0562403 -0.0108533
v 0.1855861 -2.0584369 -0.0096754
v 0.1847159 -2.0603461 -0.0081681
v 0.1836850 -2.0619030 -0.0063827
v 0.1825287 -2.0630546 -0.0043798
v 0.1812862 -2.0637616 -0.0022278
v 0.1819706 -1.0862384 -0.0016536
v 0.1838742 -1.0869454 -0.0032508
v 0.1856458 -1.0880970 -0.0047374
v 0.1872251 -1.0896539 -0.0060626
v 0.1885584 -1.0915631 -0.0071814
v 0.1896003 -1.0937597 -0.0080556
v 0.1903152 -1.0961687 -0.0086555
v 0.1906789 -1.0987082 -0.0089606
v 0.1906789 -2.0512918 -0.0089606
v 0.1903152 -2.0538313 -0.0086555
v 0.1896003 -2.0562403 -0.0080556
v 0.1885584 -2.0584369 -0.0071814
v 0.1872251 -2.0603461 -0.0060626
v 0.1856458 -2.0619030 -0.0047374
v 0.1838742 -2.0630546 -0.0032508
v 0.1819706 -2.0637616 -0.0016536
v 0.1824174 -1.0862384 -0.0008798
v 0.1847524 -1.0869454 -0.0017297
v 0.1869256 -1.0880970 -0.0025207
v 0.1888629 -1.0896539 -0.0032258
v 0.1904985 -1.0915631 -0.0038211
v 0.1917765 -1.0937597 -0.0042863
v 0.1926535 -1.0961687 -0.0046055
v 0.1930996 -1.0987082 -0.0047679
v 0.1930996 -2.0512918 -0.0047679
v 0.1926535 -2.0538313 -0.0046055
v 0.1917765 -2.0562403 -0.0042863
v 0.1904985 -2.0584369 -0.0038211
v 0.1888629 -2.0603461 -0.0032258
v 0.1869256 -2.0619030 -0.0025207
v 0.1847524 -2.0630546 -0.0017297
v 0.1824174 -2.0637616 -0.0008798
vn 0.7444769 0.6669272 -0.0310199
vn 0.8199232 0.5610668 0.1137098
vn 0.8627556 0.4413512 0.2467019
vn 0.8763829 0.3069383 0.3711360
vn 0.8604919 0.1624016 0.4828865
vn 0.8157397 0.0126046 0.5782818
vn 0.7437172 -0.1374556 0.6542100
vn 0.6468871 -0.2828040 0.7082083
vn 0.5285004 -0.4186398 0.7385310
vn 0.3924921 -0.5404807 0.7441980
vn 0.2433594 -0.6442976 0.7250219
vn 0.0860256 -0.7266376 0.6816138
vn -0.0743085 -0.7847303 0.6153671
vn -0.2323217 -0.8165773 0.5284204
vn -0.3827356 -0.8210220 0.4235992
vn -0.5204796 -0.7977970 0.3043367
vn -0.6408557 -0.7475476 0.1745756
vn -0.7444769 -0.6669272 0.0310199
vn 0.7826336 0.6043423 0.1491812
vn 0.7914789 0.5240695 0.3145033
vn 0.7735841 0.4262386 0.4689224
vn 0.7296796 0.3142122 0.6073206
vn 0.6613416 0.1917872 0.7251517
vn 0.5709288 0.0630694 0.8185735
vn 0.4614992 -0.0676571 0.8845570
vn 0.3367098 -0.1960625 0.9209701
vn 0.2007015 -0.3179033 0.9266372
vn 0.0579714 -0.4291507 0.9013706
vn -0.0867628 -0.5261127 0.8459773
vn -0.2287066 -0.6055477 0.7622370
vn -0.3631340 -0.6647666 0.6528545
vn -0.4855344 -0.7017217 0.5213857
vn -0.5917563 -0.7150788 0.3721381
vn -0.6781453 -0.7042721 0.2100470
vn 0.7390425 0.6536443 0.1629885
vn 0.7081575 0.6183070 0.3408951
vn 0.6534138 0.5621526 0.5069860
vn 0.5767619 0.4871639 0.6557568
vn 0.4808524 0.3959226 0.7823211
vn 0.3689415 0.2915192 0.8825524
vn 0.2447833 0.1774510 0.9532011
vn 0.1125094 0.0575108 0.9919850
vn -0.0234990 -0.0643300 0.9976520
vn -0.1587444 -0.1840426 0.9700147
vn -0.2887501 -0.2976628 0.9099562
vn -0.4091959 -0.4014123 0.8194065
vn -0.5160517 -0.4918150 0.7012907
vn -0.6057047 -0.5658077 0.5594493
vn -0.6750778 -0.6208413 0.3985299
vn -0.7217363 -0.6549701 0.2238543
vn 0.6944078 0.7030262 0.1534664
vn 0.6228411 0.7126973 0.3226942
vn 0.5303663 0.6982871 0.4807357
vn 0.4201830 0.6603960 0.6223531
vn 0.2960417 0.6003891 0.7428945
vn 0.1621182 0.5203396 0.8384297
vn 0.0228787 0.4229566 0.9058610
vn -0.1170591 0.3114953 0.9430100
vn -0.2530674 0.1896545 0.9486770
vn -0.3806490 0.0614631 0.9226747
vn -0.4955734 -0.0688424 0.8658335
vn -0.5940065 -0.1969458 0.7799799
vn -0.6726306 -0.3185828 0.6678870
vn -0.7287522 -0.4296733 0.5331989
vn -0.7603942 -0.5264509 0.3803290
vn -0.7663711 -0.6055882 0.2143322
vn 0.6541130 0.7465319 0.1217633
vn 0.5458201 0.7958557 0.2620957
vn 0.4192829 0.8182221 0.3933376
vn 0.2788285 0.8130143 0.5111383
vn 0.1292005 0.7805249 0.6116274
vn -0.0245954 0.7219314 0.6915274
vn -0.1774497 0.6392482 0.7482468
vn -0.3243061 0.5352568 0.7799523
vn -0.4603145 0.4134160 0.7856193
vn -0.5809775 0.2777546 0.7650605
vn -0.6822870 0.1327493 0.7189312
vn -0.7608477 -0.0168099 0.6487127
vn -0.8139852 -0.1659645 0.5566722
vn -0.8398356 -0.3097382 0.4458009
vn -0.8374151 -0.4432926 0.3197305
vn -0.8066659 -0.5620825 0.1826291
vn 0.6230182 0.7789140 0.0717031
vn 0.4863845 0.8577518 0.1664088
vn 0.3335620 0.9074918 0.2553333
vn 0.1697478 0.9266108 0.3355267
vn 0.0004523 0.9146031 0.4043525
vn -0.1686787 0.8719796 0.4595640
vn -0.3320394 0.8002377 0.4993690
vn -0.4842348 0.7018064 0.5224791
vn -0.6202432 0.5799656 0.5281462
vn -0.7355671 0.4387441 0.5161827
vn -0.8263703 0.2827975 0.4869679
vn -0.8895959 0.1172683 0.4414378
vn -0.9230658 -0.0523681 0.3810606
vn -0.9255565 -0.2204685 0.3077965
vn -0.8968507 -0.3813964 0.2240436
vn -0.8377607 -0.5297005 0.1325688
vn 0.6048740 0.7962666 0.0093237
vn 0.4517031 0.8909202 0.0471748
vn 0.2835427 0.9553289 0.0833681
vn 0.1060979 0.9874839 0.1166996
vn -0.0746739 0.9864519 0.1460701
vn -0.2527532 0.9523862 0.1705178
vn -0.4222446 0.8865075 0.1892460
vn -0.5775553 0.7910556 0.2016455
vn -0.7135637 0.6692148 0.2073125
vn -0.8257723 0.5250139 0.2060596
vn -0.9104448 0.3632042 0.1979216
vn -0.9647222 0.1891170 0.1831555
vn -0.9867157 0.0085050 0.1622335
vn -0.9755759 -0.1726314 0.1358313
vn -0.9315322 -0.3482280 0.1048096
vn -0.8559049 -0.5123478 0.0701895
vn 0.6018688 0.7964968 -0.0578508
vn 0.4459589 0.8913603 -0.0812250
vn 0.2752581 0.9559636 -0.1018165
vn 0.0955556 0.9882916 -0.1189493
vn -0.0871170 0.9874052 -0.1320670
vn -0.2666783 0.9534530 -0.1407480
vn -0.4371851 0.8876521 -0.1447170
vn -0.5930118 0.7922397 -0.1438513
vn -0.7290201 0.6703989 -0.1381843
vn -0.8407128 0.5261585 -0.1279033
vn -0.9243699 0.3642710 -0.1133442
vn -0.9771652 0.1900703 -0.0949816
vn -0.9972580 0.0093127 -0.0734154
vn -0.9838605 -0.1719967 -0.0493532
vn -0.9372764 -0.3477879 -0.0235902
vn -0.8589100 -0.5121176 0.0030150
vn 0.6143651 0.7795769 -0.1217184
vn 0.4698447 0.8590190 -0.2033037
vn 0.3097074 0.9093193 -0.2778844
vn 0.1393927 0.9289363 -0.3429971
vn -0.0353759 0.9173480 -0.3965113
vn -0.2087744 0.8750514 -0.4366902
vn -0.3750589 0.8035335 -0.4622389
vn -0.5287400 0.7052160 -0.4723393
vn -0.6647484 0.5833752 -0.4666723
vn -0.7785866 0.4420399 -0.4454252
vn -0.8664660 0.2858693 -0.4092864
vn -0.9254241 0.1200131 -0.3594260
vn -0.9534209 -0.0500426 -0.2974632
vn -0.9494111 -0.2186410 -0.2254211
vn -0.9133906 -0.3801293 -0.1456689
vn -0.8464138 -0.5290375 -0.0608526
vn 0.6408557 0.7475476 -0.1745756
vn 0.5204796 0.7977970 -0.3043367
vn 0.3827356 0.8210220 -0.4235992
vn 0.2323217 0.8165773 -0.5284204
vn 0.0743085 0.7847303 -0.6153671
vn -0.0860256 0.7266376 -0.6816138
vn -0.2433594 0.6442976 -0.7250219
vn -0.3924921 0.5404807 -0.7441980
vn -0.5285004 0.4186398 -0.7385310
vn -0.6468871 0.2828040 -0.7082083
vn -0.7437172 0.1374556 -0.6542100
vn -0.8157397 -0.0126046 -0.5782818
vn -0.8604919 -0.1624016 -0.4828865
vn -0.8763829 -0.3069383 -0.3711360
vn -0.8627556 -0.4413512 -0.2467019
vn -0.8199232 -0.5610668 -0.1137098
vn 0.6781453 0.7042721 -0.2100470
vn 0.5917563 0.7150788 -0.3721381
vn 0.4855344 0.7017217 -0.5213857
vn 0.3631340 0.6647666 -0.6528545
vn 0.2287066 0.6055477 -0.7622370
vn 0.0867628 0.5261127 -0.8459773
vn -0.0579714 0.4291507 -0.9013706
vn -0.2007015 0.3179033 -0.9266372
vn -0.3367098 0.1960625 -0.9209701
vn -0.4614992 0.0676571 -0.8845570
vn -0.5709288 -0.0630694 -0.8185735
vn -0.6613416 -0.1917872 -0.7251517
vn -0.7296796 -0.3142122 -0.6073206
vn -0.7735841 -0.4262386 -0.4689224
vn -0.7914789 -0.5240695 -0.3145033
vn -0.7826336 -0.6043423 -0.1491812
vn 0.7217363 0.6549701 -0.2238543
vn 0.6750778 0.6208413 -0.3985299
vn 0.6057047 0.5658077 -0.5594493
vn 0.5160517 0.4918150 -0.7012907
vn 0.4091959 0.4014123 -0.8194065
vn 0.2887501 0.2976628 -0.9099562
vn 0.1587444 0.1840426 -0.9700147
vn 0.0234990 0.0643300 -0.9976520
vn -0.1125094 -0.0575108 -0.9919850
vn -0.2447833 -0.1774510 -0.9532011
vn -0.3689415 -0.2915192 -0.8825524
vn -0.4808524 -0.3959226 -0.7823211
vn -0.5767619 -0.4871639 -0.6557568
vn -0.6534138 -0.5621526 -0.5069860
vn -0.7081575 -0.6183070 -0.3408951
vn -0.7390425 -0.6536443 -0.1629885
vn 0.7663711 0.6055882 -0.2143322
vn 0.7603942 0.5264509 -0.3803290
vn 0.7287522 0.4296733 -0.5331989
vn 0.6726306 0.3185828 -0.6678870
vn 0.5940065 0.1969458 -0.7799799
vn 0.4955734 0.0688424 -0.8658335
vn 0.3806490 -0.0614631 -0.9226747
vn 0.2530674 -0.1896545 -0.9486770
vn 0.1170591 -0.3114953 -0.9430100
vn -0.0228787 -0.4229566 -0.9058610
vn -0.1621182 -0.5203396 -0.8384297
vn -0.2960417 -0.6003891 -0.7428945
vn -0.4201830 -0.6603960 -0.6223531
vn -0.5303663 -0.6982871 -0.4807357
vn -0.6228411 -0.7126973 -0.3226942
vn -0.6944078 -0.7030262 -0.1534664
vn 0.8066659 0.5620825 -0.1826291
vn 0.8374151 0.4432926 -0.3197305
vn 0.8398356 0.3097382 -0.4458009
vn 0.8139852 0.1659645 -0.5566722
vn 0.7608477 0.0168099 -0.6487127
vn 0.6822870 -0.1327493 -0.7189312
vn 0.5809775 -0.2777546 -0.7650605
vn 0.4603145 -0.4134160 -0.7856193
vn 0.3243061 -0.5352568 -0.7799523
vn 0.1774497 -0.6392482 -0.7482468
vn 0.0245954 -0.7219314 -0.6915274
vn -0.1292005 -0.7805249 -0.6116274
vn -0.2788285 -0.8130143 -0.5111383
vn -0.4192829 -0.8182221 -0.3933376
vn -0.5458201 -0.7958557 -0.2620957
vn -0.6541130 -0.7465319 -0.1217633
vn 0.8377607 0.5297005 -0.1325688
vn 0.8968507 0.3813964 -0.2240436
vn 0.9255565 0.2204685 -0.3077965
vn 0.9230658 0.0523681 -0.3810606
vn 0.8895959 -0.1172683 -0.4414378
vn 0.8263703 -0.2827975 -0.4869679
vn 0.7355671 -0.4387441 -0.5161827
vn 0.6202432 -0.5799656 -0.5281462
vn 0.4842348 -0.7018064 -0.5224791
vn 0.3320394 -0.8002377 -0.4993690
vn 0.1686787 -0.8719796 -0.4595640
vn -0.0004523 -0.9146031 -0.4043525
vn -0.1697478 -0.9266108 -0.3355267
vn -0.3335620 -0.9074918 -0.2553333
vn -0.4863845 -0.8577518 -0.1664088
vn -0.6230182 -0.7789140 -0.0717031
vn 0.8559049 0.5123478 -0.0701895
vn 0.9315322 0.3482280 -0.1048096
vn 0.9755759 0.1726314 -0.1358313
vn 0.9867157 -0.0085050 -0.1622335
vn 0.9647222 -0.1891170 -0.1831555
vn 0.9104448 -0.3632042 -0.1979216
vn 0.8257723 -0.5250139 -0.2060596
vn 0.7135637 -0.6692148 -0.2073125
vn 0.5775553 -0.7910556 -0.2016455
vn 0.4222446 -0.8865075 -0.1892460
vn 0.2527532 -0.9523862 -0.1705178
vn 0.0746739 -0.9864519 -0.1460701
vn -0.1060979 -0.9874839 -0.1166996
vn -0.2835427 -0.9553289 -0.0833681
vn -0.4517031 -0.8909202 -0.0471748
vn -0.6048740 -0.7962666 -0.0093237
vn 0.8589100 0.5121176 -0.0030150
vn 0.9372764 0.3477879 0.0235902
vn 0.9838605 0.1719967 0.0493532
vn 0.9972580 -0.0093127 0.0734154
vn 0.9771652 -0.1900703 0.0949816
vn 0.9243699 -0.3642710 0.1133442
vn 0.8407128 -0.5261585 0.1279033
vn 0.7290201 -0.6703989 0.1381843
vn 0.5930118 -0.7922397 0.1438513
vn 0.4371851 -0.8876521 0.1447170
vn 0.2666783 -0.9534530 0.1407480
vn 0.0871170 -0.9874052 0.1320670
vn -0.0955556 -0.9882916 0.1189493
vn -0.2752581 -0.9559636 0.1018165
vn -0.4459589 -0.8913603 0.0812250
vn -0.6018688 -0.7964968 0.0578508
vn 0.8464138 0.5290375 0.0608526
vn 0.9133906 0.3801293 0.1456689
vn 0.9494111 0.2186410 0.2254211
vn 0.9534209 0.0500426 0.2974632
vn 0.9254241 -0.1200131 0.3594260
vn 0.8664660 -0.2858693 0.4092864
vn 0.7785866 -0.4420399 0.4454252
vn 0.6647484 -0.5833752 0.4666723
vn 0.5287400 -0.7052160 0.4723393
vn 0.3750589 -0.8035335 0.4622389
vn 0.2087744 -0.8750514 0.4366902
vn 0.0353759 -0.9173480 0.3965113
vn -0.1393927 -0.9289363 0.3429971
vn -0.3097074 -0.9093193 0.2778844
vn -0.4698447 -0.8590190 0.2033037
vn -0.6143651 -0.7795769 0.1217184
vn 0.1135466 0.9935327 0.0000000
vn 0.3025178 0.9528902 0.0219844
vn 0.4707976 0.8812399 0.0420218
vn 0.6228920 0.7799567 0.0606060
vn 0.7537867 0.6525778 0.0771216
vn 0.8592082 0.5034634 0.0910268
vn 0.9357442 0.3376470 0.1018690
vn 0.9809378 0.1606712 0.1092971
vn 0.9933523 -0.0215865 0.1130719
vn 0.9726085 -0.2030948 0.1130719
vn 0.9193923 -0.3778518 0.1092971
vn 0.8354340 -0.5400674 0.1018690
vn 0.7234593 -0.6843397 0.0910268
vn 0.5871123 -0.8058234 0.0771216
vn 0.4308530 -0.9003847 0.0606060
vn 0.2598285 -0.9647400 0.0420218
vn 0.0797218 -0.9965747 0.0219844
vn -0.1135466 -0.9935327 -0.0000000
vn 0.2835213 0.9550612 0.0864509
vn 0.4344872 0.8853897 0.1652453
vn 0.5705233 0.7859417 0.2383250
vn 0.6871471 0.6601938 0.3032705
vn 0.7805533 0.5124526 0.3579511
vn 0.8477207 0.3477068 0.4005865
vn 0.8864957 0.1714646 0.4297967
vn 0.8956486 -0.0104203 0.4446404
vn 0.8749048 -0.1919286 0.4446404
vn 0.8249502 -0.3670584 0.4297967
vn 0.7474105 -0.5300075 0.4005865
vn 0.6448043 -0.6753506 0.3579511
vn 0.5204727 -0.7982075 0.3032705
vn 0.3784843 -0.8943997 0.2383250
vn 0.2235180 -0.9605903 0.1652453
vn 0.0607254 -0.9944037 0.0864509
vn 0.2437643 0.9596049 0.1404902
vn 0.3584942 0.8940746 0.2685378
vn 0.4609224 0.7984675 0.3872985
vn 0.5476792 0.6761330 0.4928405
vn 0.6159387 0.5312656 0.5817012
vn 0.6634991 0.3687607 0.6509873
vn 0.6888409 0.1940537 0.6984564
vn 0.6911674 0.0129489 0.7225787
vn 0.6704236 -0.1685594 0.7225787
vn 0.6272954 -0.3444693 0.6984564
vn 0.5631888 -0.5089536 0.6509873
vn 0.4801898 -0.6565375 0.5817012
vn 0.3810047 -0.7822683 0.4928405
vn 0.2688834 -0.8818739 0.3872985
vn 0.1475250 -0.9519054 0.2685378
vn 0.0209683 -0.9898600 0.1404902
vn 0.1880419 0.9659731 0.1775842
vn 0.2519845 0.9062471 0.3394407
vn 0.3073089 0.8160234 0.4895581
vn 0.3522047 0.6984729 0.6229667
vn 0.3852196 0.5576335 0.7352895
vn 0.4052991 0.3982693 0.8228695
vn 0.4118133 0.2257140 0.8828720
vn 0.4045723 0.0457027 0.9133633
vn 0.3838285 -0.1358056 0.9133633
vn 0.3502678 -0.3128090 0.8828720
vn 0.3049888 -0.4794451 0.8228695
vn 0.2494707 -0.6301696 0.7352895
vn 0.1855303 -0.7599283 0.6229667
vn 0.1152699 -0.8643181 0.4895581
vn 0.0410153 -0.9397328 0.3394407
vn -0.0347541 -0.9834917 0.1775842
vn 0.1230752 0.9733979 0.1932590
vn 0.1278047 0.9204391 0.3694020
vn 0.1282107 0.8364917 0.5327698
vn 0.1243008 0.7245191 0.6779539
vn 0.1162239 0.5883759 0.8001911
vn 0.1042635 0.4326734 0.8955015
vn 0.0888266 0.2626268 0.9608002
vn 0.0704307 0.0838903 0.9939829
vn 0.0496869 -0.0976180 0.9939829
vn 0.0272811 -0.2758963 0.9608002
vn 0.0039533 -0.4450410 0.8955015
vn -0.0195250 -0.5994272 0.8001911
vn -0.0423736 -0.7338822 0.6779539
vn -0.0638283 -0.8438497 0.5327698
vn -0.0831644 -0.9255408 0.3694020
vn -0.0997208 -0.9760670 0.1932590
vn 0.0567000 0.9809836 0.1856239
vn 0.0009328 0.9349387 0.3548080
vn -0.0547702 0.8574038 0.5117215
vn -0.1085439 0.7511299 0.6511698
vn -0.1586034 0.6197847 0.7685778
vn -0.2032984 0.4678233 0.8601227
vn -0.2411622 0.3003398 0.9228417
vn -0.2709548 0.1229058 0.9547134
vn -0.2916986 -0.0586025 0.9547134
vn -0.3027077 -0.2381832 0.9228417
vn -0.3036086 -0.4098911 0.8601227
vn -0.2943523 -0.5680184 0.7685778
vn -0.2752183 -0.7072714 0.6511698
vn -0.2468092 -0.8229376 0.5117215
vn -0.2100363 -0.9110412 0.3548080
vn -0.1660960 -0.9684812 0.1856239
vn -0.0030778 0.9878154 0.1555998
vn -0.1133286 0.9479972 0.2974188
vn -0.2195636 0.8762374 0.4289521
vn -0.3182448 0.7750957 0.5458451
vn -0.4061141 0.6480717 0.6442627
vn -0.4802900 0.4994795 0.7210005
vn -0.5383517 0.3343043 0.7735749
vn -0.5784081 0.1580433 0.8002914
vn -0.5991519 -0.0234650 0.8002914
vn -0.5998972 -0.2042187 0.7735749
vn -0.5806002 -0.3782349 0.7210005
vn -0.5418630 -0.5397314 0.6442627
vn -0.4849193 -0.6833055 0.5458451
vn -0.4116026 -0.8041041 0.4289521
vn -0.3242977 -0.8979828 0.2974188
vn -0.2258738 -0.9616495 0.1555998
vn -0.0490482 0.9930691 0.1068080
vn -0.2011979 0.9580394 0.2041566
vn -0.3462930 0.8907207 0.2944448
vn -0.4795091 0.7935259 0.3746834
vn -0.5964548 0.6698249 0.4422400
vn -0.6933021 0.5238237 0.4949150
vn -0.7668964 0.3604237 0.5310035
vn -0.8148459 0.1850648 0.5493425
vn -0.8355897 0.0035565 0.5493425
vn -0.8284419 -0.1780993 0.5310035
vn -0.7936124 -0.3538907 0.4949150
vn -0.7322038 -0.5179782 0.4422400
vn -0.6461835 -0.6648753 0.3746834
vn -0.5383321 -0.7896207 0.2944448
vn -0.4121670 -0.8879405 0.2041566
vn -0.2718442 -0.9563957 0.1068080
vn -0.0756663 0.9961112 0.0451337
vn -0.2520768 0.9638541 0.0862701
vn -0.4196731 0.8991070 0.1244230
vn -0.5728858 0.8041975 0.1583293
vn -0.7066677 0.6824207 0.1868766
vn -0.8166423 0.5379198 0.2091354
vn -0.8992304 0.3755476 0.2243853
vn -0.9517503 0.2007110 0.2321347
vn -0.9724941 0.0192027 0.2321347
vn -0.9607759 -0.1629755 0.2243853
vn -0.9169526 -0.3397946 0.2091354
vn -0.8424166 -0.5053825 0.1868766
vn -0.7395602 -0.6542037 0.1583293
vn -0.6117121 -0.7812344 0.1244230
vn -0.4630459 -0.8821258 0.0862701
vn -0.2984623 -0.9533537 0.0451337
vn -0.0797218 0.9965747 -0.0219844
vn -0.2598285 0.9647400 -0.0420218
vn -0.4308530 0.9003847 -0.0606060
vn -0.5871123 0.8058234 -0.0771216
vn -0.7234593 0.6843397 -0.0910268
vn -0.8354340 0.5400674 -0.1018690
vn -0.9193923 0.3778518 -0.1092971
vn -0.9726085 0.2030948 -0.1130719
vn -0.9933523 0.0215865 -0.1130719
vn -0.9809378 -0.1606712 -0.1092971
vn -0.9357442 -0.3376470 -0.1018690
vn -0.8592082 -0.5034634 -0.0910268
vn -0.7537867 -0.6525778 -0.0771216
vn -0.6228920 -0.7799567 -0.0606060
vn -0.4707976 -0.8812399 -0.0420218
vn -0.3025178 -0.9528902 -0.0219844
vn -0.0607254 0.9944037 -0.0864509
vn -0.2235180 0.9605903 -0.1652453
vn -0.3784843 0.8943997 -0.2383250
vn -0.5204727 0.7982075 -0.3032705
vn -0.6448043 0.6753506 -0.3579511
vn -0.7474105 0.5300075 -0.4005865
vn -0.8249502 0.3670584 -0.4297967
vn -0.8749048 0.1919286 -0.4446404
vn -0.8956486 0.0104203 -0.4446404
vn -0.8864957 -0.1714646 -0.4297967
vn -0.8477207 -0.3477068 -0.4005865
vn -0.7805533 -0.5124526 -0.3579511
vn -0.6871471 -0.6601938 -0.3032705
vn -0.5705233 -0.7859417 -0.2383250
vn -0.4344872 -0.8853897 -0.1652453
vn -0.2835213 -0.9550612 -0.0864509
vn -0.0209683 0.9898600 -0.1404902
vn -0.1475250 0.9519054 -0.2685378
vn -0.2688834 0.8818739 -0.3872985
vn -0.3810047 0.7822683 -0.4928405
vn -0.4801898 0.6565375 -0.5817012
vn -0.5631888 0.5089536 -0.6509873
vn -0.6272954 0.3444693 -0.6984564
vn -0.6704236 0.1685594 -0.7225787
vn -0.6911674 -0.0129489 -0.7225787
vn -0.6888409 -0.1940537 -0.6984564
vn -0.6634991 -0.3687607 -0.6509873
vn -0.6159387 -0.5312656 -0.5817012
vn -0.5476792 -0.6761330 -0.4928405
vn -0.4609224 -0.7984675 -0.3872985
vn -0.3584942 -0.8940746 -0.2685378
vn -0.2437643 -0.9596049 -0.1404902
vn 0.0347541 0.9834917 -0.1775842
vn -0.0410153 0.9397328 -0.3394407
vn -0.1152699 0.8643181 -0.4895581
vn -0.1855303 0.7599283 -0.6229667
vn -0.2494707 0.6301696 -0.7352895
vn -0.3049888 0.4794451 -0.8228695
vn -0.3502678 0.3128090 -0.8828720
vn -0.3838285 0.1358056 -0.9133633
vn -0.4045723 -0.0457027 -0.9133633
vn -0.4118133 -0.2257140 -0.8828720
vn -0.4052991 -0.3982693 -0.8228695
vn -0.3852196 -0.5576335 -0.7352895
vn -0.3522047 -0.6984729 -0.6229667
vn -0.3073089 -0.8160234 -0.4895581
vn -0.2519845 -0.9062471 -0.3394407
vn -0.1880419 -0.9659731 -0.1775842
vn 0.0997208 0.9760670 -0.1932590
vn 0.0831644 0.9255408 -0.3694020
vn 0.0638283 0.8438497 -0.5327698
vn 0.0423736 0.7338822 -0.6779539
vn 0.0195250 0.5994272 -0.8001911
vn -0.0039533 0.4450410 -0.8955015
vn -0.0272811 0.2758963 -0.9608002
vn -0.0496869 0.0976180 -0.9939829
vn -0.0704307 -0.0838903 -0.9939829
vn -0.0888266 -0.2626268 -0.9608002
vn -0.1042635 -0.4326734 -0.8955015
vn -0.1162239 -0.5883759 -0.8001911
vn -0.1243008 -0.7245191 -0.6779539
vn -0.1282107 -0.8364917 -0.5327698
vn -0.1278047 -0.9204391 -0.3694020
vn -0.1230752 -0.9733979 -0.1932590
vn 0.1660960 0.9684812 -0.1856239
vn 0.2100363 0.9110412 -0.3548080
vn 0.2468092 0.8229376 -0.5117215
vn 0.2752183 0.7072714 -0.6511698
vn 0.2943523 0.5680184 -0.7685778
vn 0.3036086 0.4098911 -0.8601227
vn 0.3027077 0.2381832 -0.9228417
vn 0.2916986 0.0586025 -0.9547134
vn 0.2709548 -0.1229058 -0.9547134
vn 0.2411622 -0.3003398 -0.9228417
vn 0.2032984 -0.4678233 -0.8601227
vn 0.1586034 -0.6197847 -0.7685778
vn 0.1085439 -0.7511299 -0.6511698
vn 0.0547702 -0.8574038 -0.5117215
vn -0.0009328 -0.9349387 -0.3548080
vn -0.0567000 -0.9809836 -0.1856239
vn 0.2258738 0.9616495 -0.1555998
vn 0.3242977 0.8979828 -0.2974188
vn 0.4116026 0.8041041 -0.4289521
vn 0.4849193 0.6833055 -0.5458451
vn 0.5418630 0.5397314 -0.6442627
vn 0.5806002 0.3782349 -0.7210005
vn 0.5998972 0.2042187 -0.7735749
vn 0.5991519 0.0234650 -0.8002914
vn 0.5784081 -0.1580433 -0.8002914
vn 0.5383517 -0.3343043 -0.7735749
vn 0.4802900 -0.4994795 -0.7210005
vn 0.4061141 -0.6480717 -0.6442627
vn 0.3182448 -0.7750957 -0.5458451
vn 0.2195636 -0.8762374 -0.4289521
vn 0.1133286 -0.9479972 -0.2974188
vn 0.0030778 -0.9878154 -0.1555998
vn 0.2718442 0.9563957 -0.1068080
vn 0.4121670 0.8879405 -0.2041566
vn 0.5383321 0.7896207 -0.2944448
vn 0.6461835 0.6648753 -0.3746834
vn 0.7322038 0.5179782 -0.4422400
vn 0.7936124 0.3538907 -0.4949150
vn 0.8284419 0.1780993 -0.5310035
vn 0.8355897 -0.0035565 -0.5493425
vn 0.8148459 -0.1850648 -0.5493425
vn 0.7668964 -0.3604237 -0.5310035
vn 0.6933021 -0.5238237 -0.4949150
vn 0.5964548 -0.6698249 -0.4422400
vn 0.4795091 -0.7935259 -0.3746834
vn 0.3462930 -0.8907207 -0.2944448
vn 0.2011979 -0.9580394 -0.2041566
vn 0.0490482 -0.9930691 -0.1068080
vn 0.2984623 0.9533537 -0.0451337
vn 0.4630459 0.8821258 -0.0862701
vn 0.6117121 0.7812344 -0.1244230
vn 0.7395602 0.6542037 -0.1583293
vn 0.8424166 0.5053825 -0.1868766
vn 0.9169526 0.3397946 -0.2091354
vn 0.9607759 0.1629755 -0.2243853
vn 0.9724941 -0.0192027 -0.2321347
vn 0.9517503 -0.2007110 -0.2321347
vn 0.8992304 -0.3755476 -0.2243853
vn 0.8166423 -0.5379198 -0.2091354
vn 0.7066677 -0.6824207 -0.1868766
vn 0.5728858 -0.8041975 -0.1583293
vn 0.4196731 -0.8991070 -0.1244230
vn 0.2520768 -0.9638541 -0.0862701
vn 0.0756663 -0.9961112 -0.0451337
vn 0.2424476 0.9697904 -0.0269386
vn 0.4203935 0.9071100 0.0205129
vn 0.5741346 0.8162005 0.0647002
vn 0.7082259 0.6978873 0.1066270
vn 0.8182732 0.5562669 0.1449004
vn 0.9007101 0.3961625 0.1782598
vn 0.9528962 0.2229610 0.2056142
vn 0.9731853 0.0424400 0.2260733
vn 0.9609661 -0.1394130 0.2389733
vn 0.9166734 -0.3165838 0.2438947
vn 0.8417718 -0.4832141 0.2406748
vn 0.7387113 -0.6337788 0.2294125
vn 0.6108555 -0.7632560 0.2104659
vn 0.4623856 -0.8672832 0.1844435
vn 0.2981793 -0.9422993 0.1521878
vn 0.1236679 -0.9856664 0.1147520
vn -0.0553262 -0.9957689 0.0733706
vn -0.2424476 -0.9697904 0.0269386
vn 0.3942238 0.9153577 0.0819020
vn 0.5241129 0.8319655 0.1820415
vn 0.6360822 0.7206243 0.2758626
vn 0.7264697 0.5851999 0.3602540
vn 0.7923542 0.4303121 0.4324423
vn 0.8316340 0.2611782 0.4900722
vn 0.8430809 0.0834439 0.5312737
vn 0.8263683 -0.0969930 0.5547142
vn 0.7820755 -0.2741638 0.5596356
vn 0.7116674 -0.4422102 0.5458752
vn 0.6174491 -0.5955617 0.5138706
vn 0.5024996 -0.7291063 0.4646484
vn 0.3705821 -0.8383503 0.3997971
vn 0.2260355 -0.9195624 0.3214233
vn 0.0736462 -0.9699015 0.2320934
vn -0.0814959 -0.9875213 0.1347598
vn 0.3491943 0.9279573 0.1302249
vn 0.4380420 0.8560489 0.2744075
vn 0.5119464 0.7553586 0.4090773
vn 0.5685058 0.6293996 0.5297709
vn 0.6059090 0.4824812 0.6325237
vn 0.6229814 0.3195611 0.7139852
vn 0.6192136 0.1460841 0.7715141
vn 0.5947694 -0.0321894 0.8032516
vn 0.5504767 -0.2093603 0.8081730
vn 0.4878001 -0.3795700 0.7861156
vn 0.4087965 -0.5371787 0.7377835
vn 0.3160544 -0.6769372 0.6647297
vn 0.2126183 -0.7941505 0.5693140
vn 0.1018997 -0.8848280 0.4546381
vn -0.0124248 -0.9458180 0.3244594
vn -0.1265254 -0.9749216 0.1830826
vn 0.2907362 0.9433893 0.1596530
vn 0.3263031 0.8855461 0.3306574
vn 0.3507911 0.7979009 0.4902037
vn 0.3634345 0.6835351 0.6330049
vn 0.3638626 0.5463775 0.7543711
vn 0.3521050 0.3910680 0.8503457
vn 0.3285853 0.2228051 0.9178178
vn 0.2941038 0.0471813 0.9546082
vn 0.2498111 -0.1299895 0.9595297
vn 0.1971718 -0.3028489 0.9324193
vn 0.1379201 -0.4656718 0.8741441
vn 0.0740080 -0.6130410 0.7865771
vn 0.0075469 -0.7400151 0.6725480
vn -0.0592555 -0.8422857 0.5357645
vn -0.1241636 -0.9163208 0.3807093
vn -0.1849835 -0.9594896 0.2125107
vn 0.2259005 0.9597922 0.1666369
vn 0.2023738 0.9168993 0.3440067
vn 0.1720541 0.8431200 0.5094566
vn 0.1359902 0.7410767 0.6575044
vn 0.0954094 0.6142940 0.7832879
vn 0.0516765 0.4670741 0.8827068
vn 0.0062499 0.3043535 0.9525387
vn -0.0393639 0.1315460 0.9905282
vn -0.0836566 -0.0456248 0.9954496
vn -0.1251636 -0.2213006 0.9671402
vn -0.1625085 -0.3896657 0.9065052
vn -0.1944452 -0.5451244 0.8154940
vn -0.2198973 -0.6824734 0.6970475
vn -0.2379925 -0.7970667 0.5550174
vn -0.2480929 -0.8849677 0.3940585
vn -0.2498192 -0.9430867 0.2194946
vn 0.1625072 0.9751877 0.1503342
vn 0.0812017 0.9463267 0.3128451
vn -0.0027063 0.8855617 0.4645139
vn -0.0863939 0.7950841 0.6003144
vn -0.1670713 0.6780391 0.7157864
vn -0.2420681 0.5384118 0.8071652
vn -0.3089141 0.3808931 0.8714887
vn -0.3654126 0.2107290 0.9066791
vn -0.4097053 0.0335582 0.9116005
vn -0.4403276 -0.1447610 0.8860902
vn -0.4562530 -0.3183280 0.8309636
vn -0.4569259 -0.4813793 0.7479925
vn -0.4422814 -0.6284660 0.6398575
vn -0.4127530 -0.7546250 0.5100747
vn -0.3692651 -0.8555402 0.3628970
vn -0.3132125 -0.9276912 0.2031919
vn 0.1082026 0.9877188 0.1127112
vn -0.0225981 0.9702790 0.2409313
vn -0.1524115 0.9201069 0.3607963
vn -0.2768949 0.8390432 0.4683329
vn -0.3919202 0.7299242 0.5600082
vn -0.4936987 0.5964769 0.6328324
vn -0.5788933 0.4431922 0.6844438
vn -0.6447159 0.2751797 0.7131742
vn -0.6890086 0.0980089 0.7180956
vn -0.7103068 -0.0824619 0.6990453
vn -0.7078837 -0.2602629 0.6566307
vn -0.6817749 -0.4294942 0.5922143
vn -0.6327824 -0.5845069 0.5078760
vn -0.5624581 -0.7200797 0.4063571
vn -0.4730649 -0.8315879 0.2909832
vn -0.3675172 -0.9151601 0.1655690
vn 0.0695365 0.9958740 0.0583060
vn -0.0965058 0.9858673 0.1369392
vn -0.2590047 0.9425891 0.2108137
vn -0.4125357 0.8676519 0.2774788
vn -0.5520175 0.7636911 0.3347425
vn -0.6728651 0.6342658 0.3807354
vn -0.7711242 0.4837366 0.4139642
vn -0.8435858 0.3171244 0.4333533
vn -0.8878785 0.1399536 0.4382747
vn -0.9025377 -0.0419175 0.4285657
vn -0.8870500 -0.2224740 0.4045338
vn -0.8418721 -0.3957273 0.3669486
vn -0.7684232 -0.5558982 0.3170219
vn -0.6690514 -0.6975976 0.2563744
vn -0.5469725 -0.8159997 0.1869910
vn -0.4061832 -0.9070049 0.1111637
vn 0.0511727 0.9986698 -0.0063196
vn -0.1316069 0.9912113 0.0134116
vn -0.3096293 0.9502964 0.0326562
vn -0.4769559 0.8774595 0.0507720
vn -0.6280529 0.7752671 0.0671597
vn -0.7579570 0.6472206 0.0812809
vn -0.8624210 0.4976360 0.0926739
vn -0.9380357 0.3315039 0.1009667
vn -0.9823284 0.1543331 0.1058881
vn -0.9938345 -0.0280180 0.1072754
vn -0.9721420 -0.2095192 0.1050792
vn -0.9179075 -0.3841513 0.0993657
vn -0.8328435 -0.5460906 0.0903150
vn -0.7196760 -0.6898903 0.0782169
vn -0.5820737 -0.8106557 0.0634635
vn -0.4245470 -0.9042091 0.0465382
vn 0.0553262 0.9957689 -0.0733706
vn -0.1236679 0.9856664 -0.1147520
vn -0.2981793 0.9422993 -0.1521878
vn -0.4623856 0.8672832 -0.1844435
vn -0.6108555 0.7632560 -0.2104659
vn -0.7387113 0.6337788 -0.2294125
vn -0.8417718 0.4832141 -0.2406748
vn -0.9166734 0.3165838 -0.2438947
vn -0.9609661 0.1394130 -0.2389733
vn -0.9731853 -0.0424400 -0.2260733
vn -0.9528962 -0.2229610 -0.2056142
vn -0.9007101 -0.3961625 -0.1782598
vn -0.8182732 -0.5562669 -0.1449004
vn -0.7082259 -0.6978873 -0.1066270
vn -0.5741346 -0.8162005 -0.0647002
vn -0.4203935 -0.9071100 -0.0205129
vn 0.0814959 0.9875213 -0.1347598
vn -0.0736462 0.9699015 -0.2320934
vn -0.2260355 0.9195624 -0.3214233
vn -0.3705821 0.8383503 -0.3997971
vn -0.5024996 0.7291063 -0.4646484
vn -0.6174491 0.5955617 -0.5138706
vn -0.7116674 0.4422102 -0.5458752
vn -0.7820755 0.2741638 -0.5596356
vn -0.8263683 0.0969930 -0.5547142
vn -0.8430809 -0.0834439 -0.5312737
vn -0.8316340 -0.2611782 -0.4900722
vn -0.7923542 -0.4303121 -0.4324423
vn -0.7264697 -0.5851999 -0.3602540
vn -0.6360822 -0.7206243 -0.2758626
vn -0.5241129 -0.8319655 -0.1820415
vn -0.3942238 -0.9153577 -0.0819020
vn 0.1265254 0.9749216 -0.1830826
vn 0.0124248 0.9458180 -0.3244594
vn -0.1018997 0.8848280 -0.4546381
vn -0.2126183 0.7941505 -0.5693140
vn -0.3160544 0.6769372 -0.6647297
vn -0.4087965 0.5371787 -0.7377835
vn -0.4878001 0.3795700 -0.7861156
vn -0.5504767 0.2093603 -0.8081730
vn -0.5947694 0.0321894 -0.8032516
vn -0.6192136 -0.1460841 -0.7715141
vn -0.6229814 -0.3195611 -0.7139852
vn -0.6059090 -0.4824812 -0.6325237
vn -0.5685058 -0.6293996 -0.5297709
vn -0.5119464 -0.7553586 -0.4090773
vn -0.4380420 -0.8560489 -0.2744075
vn -0.3491943 -0.9279573 -0.1302249
vn 0.1849835 0.9594896 -0.2125107
vn 0.1241636 0.9163208 -0.3807093
vn 0.0592555 0.8422857 -0.5357645
vn -0.0075469 0.7400151 -0.6725480
vn -0.0740080 0.6130410 -0.7865771
vn -0.1379201 0.4656718 -0.8741441
vn -0.1971718 0.3028489 -0.9324193
vn -0.2498111 0.1299895 -0.9595297
vn -0.2941038 -0.0471813 -0.9546082
vn -0.3285853 -0.2228051 -0.9178178
vn -0.3521050 -0.3910680 -0.8503457
vn -0.3638626 -0.5463775 -0.7543711
vn -0.3634345 -0.6835351 -0.6330049
vn -0.3507911 -0.7979009 -0.4902037
vn -0.3263031 -0.8855461 -0.3306574
vn -0.2907362 -0.9433893 -0.1596530
vn 0.2498192 0.9430867 -0.2194946
vn 0.2480929 0.8849677 -0.3940585
vn 0.2379925 0.7970667 -0.5550174
vn 0.2198973 0.6824734 -0.6970475
vn 0.1944452 0.5451244 -0.8154940
vn 0.1625085 0.3896657 -0.9065052
vn 0.1251636 0.2213006 -0.9671402
vn 0.0836566 0.0456248 -0.9954496
vn 0.0393639 -0.1315460 -0.9905282
vn -0.0062499 -0.3043535 -0.9525387
vn -0.0516765 -0.4670741 -0.8827068
vn -0.0954094 -0.6142940 -0.7832879
vn -0.1359902 -0.7410767 -0.6575044
vn -0.1720541 -0.8431200 -0.5094566
vn -0.2023738 -0.9168993 -0.3440067
vn -0.2259005 -0.9597922 -0.1666369
vn 0.3132125 0.9276912 -0.2031919
vn 0.3692651 0.8555402 -0.3628970
vn 0.4127530 0.7546250 -0.5100747
vn 0.4422814 0.6284660 -0.6398575
vn 0.4569259 0.4813793 -0.7479925
vn 0.4562530 0.3183280 -0.8309636
vn 0.4403276 0.1447610 -0.8860902
vn 0.4097053 -0.0335582 -0.9116005
vn 0.3654126 -0.2107290 -0.9066791
vn 0.3089141 -0.3808931 -0.8714887
vn 0.2420681 -0.5384118 -0.8071652
vn 0.1670713 -0.6780391 -0.7157864
vn 0.0863939 -0.7950841 -0.6003144
vn 0.0027063 -0.8855617 -0.4645139
vn -0.0812017 -0.9463267 -0.3128451
vn -0.1625072 -0.9751877 -0.1503342
vn 0.3675172 0.9151601 -0.1655690
vn 0.4730649 0.8315879 -0.2909832
vn 0.5624581 0.7200797 -0.4063571
vn 0.6327824 0.5845069 -0.5078760
vn 0.6817749 0.4294942 -0.5922143
vn 0.7078837 0.2602629 -0.6566307
vn 0.7103068 0.0824619 -0.6990453
vn 0.6890086 -0.0980089 -0.7180956
vn 0.6447159 -0.2751797 -0.7131742
vn 0.5788933 -0.4431922 -0.6844438
vn 0.4936987 -0.5964769 -0.6328324
vn 0.3919202 -0.7299242 -0.5600082
vn 0.2768949 -0.8390432 -0.4683329
vn 0.1524115 -0.9201069 -0.3607963
vn 0.0225981 -0.9702790 -0.2409313
vn -0.1082026 -0.9877188 -0.1127112
vn 0.4061832 0.9070049 -0.1111637
vn 0.5469725 0.8159997 -0.1869910
vn 0.6690514 0.6975976 -0.2563744
vn 0.7684232 0.5558982 -0.3170219
vn 0.8418721 0.3957273 -0.3669486
vn 0.8870500 0.2224740 -0.4045338
vn 0.9025377 0.0419175 -0.4285657
vn 0.8878785 -0.1399536 -0.4382747
vn 0.8435858 -0.3171244 -0.4333533
vn 0.7711242 -0.4837366 -0.4139642
vn 0.6728651 -0.6342658 -0.3807354
vn 0.5520175 -0.7636911 -0.3347425
vn 0.4125357 -0.8676519 -0.2774788
vn 0.2590047 -0.9425891 -0.2108137
vn 0.0965058 -0.9858673 -0.1369392
vn -0.0695365 -0.9958740 -0.0583060
vn 0.4245470 0.9042091 -0.0465382
vn 0.5820737 0.8106557 -0.0634635
vn 0.7196760 0.6898903 -0.0782169
vn 0.8328435 0.5460906 -0.0903150
vn 0.9179075 0.3841513 -0.0993657
vn 0.9721420 0.2095192 -0.1050792
vn 0.9938345 0.0280180 -0.1072754
vn 0.9823284 -0.1543331 -0.1058881
vn 0.9380357 -0.3315039 -0.1009667
vn 0.8624210 -0.4976360 -0.0926739
vn 0.7579570 -0.6472206 -0.0812809
vn 0.6280529 -0.7752671 -0.0671597
vn 0.4769559 -0.8774595 -0.0507720
vn 0.3096293 -0.9502964 -0.0326562
vn 0.1316069 -0.9912113 -0.0134116
vn -0.0511727 -0.9986698 0.0063196
vn 0.0000000 1.0000000 -0.0000000
vn 0.1936160 0.9810774 -0.0000000
vn 0.3700845 0.9289981 -0.0000000
vn 0.5337541 0.8456397 0.0000000
vn 0.6792064 0.7339473 -0.0000000
vn 0.8016695 0.5977675 0.0000000
vn 0.8971560 0.4417139 0.0000000
vn 0.9625753 0.2710143 -0.0000000
vn 0.9958193 0.0913449 0.0000000
vn 0.9958193 -0.0913449 -0.0000000
vn 0.9625753 -0.2710143 0.0000000
vn 0.8971560 -0.4417139 -0.0000000
vn 0.8016695 -0.5977675 -0.0000000
vn 0.6792064 -0.7339473 0.0000000
vn 0.5337541 -0.8456397 -0.0000000
vn 0.3700845 -0.9289981 0.0000000
vn 0.1936160 -0.9810774 0.0000000
vn -0.0000000 -1.0000000 -0.0000000
vn 0.1819396 0.9810774 0.0662206
vn 0.3477657 0.9289981 0.1265763
vn 0.5015648 0.8456397 0.1825546
vn 0.6382453 0.7339473 0.2323023
vn 0.7533229 0.5977675 0.2741871
vn 0.8430508 0.4417139 0.3068454
vn 0.9045249 0.2710143 0.3292202
vn 0.9357641 0.0913449 0.3405903
vn 0.9357641 -0.0913449 0.3405903
vn 0.9045249 -0.2710143 0.3292202
vn 0.8430508 -0.4417139 0.3068454
vn 0.7533229 -0.5977675 0.2741871
vn 0.6382453 -0.7339473 0.2323023
vn 0.5015648 -0.8456397 0.1825546
vn 0.3477657 -0.9289981 0.1265763
vn 0.1819396 -0.9810774 0.0662206
vn 0.1483185 0.9810774 0.1244540
vn 0.2835012 0.9289981 0.2378857
vn 0.4088794 0.8456397 0.3430905
vn 0.5203023 0.7339473 0.4365855
vn 0.6141145 0.5977675 0.5153032
vn 0.6872613 0.4417139 0.5766807
vn 0.7373755 0.2710143 0.6187315
vn 0.7628419 0.0913449 0.6401003
vn 0.7628419 -0.0913449 0.6401003
vn 0.7373755 -0.2710143 0.6187315
vn 0.6872613 -0.4417139 0.5766807
vn 0.6141145 -0.5977675 0.5153032
vn 0.5203023 -0.7339473 0.4365855
vn 0.4088794 -0.8456397 0.3430905
vn 0.2835012 -0.9289981 0.2378857
vn 0.1483185 -0.9810774 0.1244540
vn 0.0968080 0.9810774 0.1676764
vn 0.1850422 0.9289981 0.3205026
vn 0.2668770 0.8456397 0.4622446
vn 0.3396032 0.7339473 0.5882100
vn 0.4008348 0.5977675 0.6942662
vn 0.4485780 0.4417139 0.7769599
vn 0.4812877 0.2710143 0.8336147
vn 0.4979097 0.0913449 0.8624048
vn 0.4979097 -0.0913449 0.8624048
vn 0.4812877 -0.2710143 0.8336147
vn 0.4485780 -0.4417139 0.7769599
vn 0.4008348 -0.5977675 0.6942662
vn 0.3396032 -0.7339473 0.5882100
vn 0.2668770 -0.8456397 0.4622446
vn 0.1850422 -0.9289981 0.3205026
vn 0.0968080 -0.9810774 0.1676764
vn 0.0336211 0.9810774 0.1906746
vn 0.0642645 0.9289981 0.3644621
vn 0.0926854 0.8456397 0.5256452
vn 0.1179430 0.7339473 0.6688877
vn 0.1392084 0.5977675 0.7894903
vn 0.1557895 0.4417139 0.8835262
vn 0.1671495 0.2710143 0.9479516
vn 0.1729222 0.0913449 0.9806906
vn 0.1729222 -0.0913449 0.9806906
vn 0.1671495 -0.2710143 0.9479516
vn 0.1557895 -0.4417139 0.8835262
vn 0.1392084 -0.5977675 0.7894903
vn 0.1179430 -0.7339473 0.6688877
vn 0.0926854 -0.8456397 0.5256452
vn 0.0642645 -0.9289981 0.3644621
vn 0.0336211 -0.9810774 0.1906746
vn -0.0336211 0.9810774 0.1906746
vn -0.0642645 0.9289981 0.3644621
vn -0.0926854 0.8456397 0.5256452
vn -0.1179430 0.7339473 0.6688877
vn -0.1392084 0.5977675 0.7894903
vn -0.1557895 0.4417139 0.8835262
vn -0.1671495 0.2710143 0.9479516
vn -0.1729222 0.0913449 0.9806906
vn -0.1729222 -0.0913449 0.9806906
vn -0.1671495 -0.2710143 0.9479516
vn -0.1557895 -0.4417139 0.8835262
vn -0.1392084 -0.5977675 0.7894903
vn -0.1179430 -0.7339473 0.6688877
vn -0.0926854 -0.8456397 0.5256452
vn -0.0642645 -0.9289981 0.3644621
vn -0.0336211 -0.9810774 0.1906746
vn -0.0968080 0.9810774 0.1676764
vn -0.1850422 0.9289981 0.3205026
vn -0.2668770 0.8456397 0.4622446
vn -0.3396032 0.7339473 0.5882100
vn -0.4008348 0.5977675 0.6942662
vn -0.4485780 0.4417139 0.7769599
vn -0.4812877 0.2710143 0.8336147
vn -0.4979097 0.0913449 0.8624048
vn -0.4979097 -0.0913449 0.8624048
vn -0.4812877 -0.2710143 0.8336147
vn -0.4485780 -0.4417139 0.7769599
vn -0.4008348 -0.5977675 0.6942662
vn -0.3396032 -0.7339473 0.5882100
vn -0.2668770 -0.8456397 0.4622446
vn -0.1850422 -0.9289981 0.3205026
vn -0.0968080 -0.9810774 0.1676764
vn -0.1483185 0.9810774 0.1244540
vn -0.2835012 0.9289981 0.2378857
vn -0.4088794 0.8456397 0.3430905
vn -0.5203023 0.7339473 0.4365855
vn -0.6141145 0.5977675 0.5153032
vn -0.6872613 0.4417139 0.5766807
vn -0.7373755 0.2710143 0.6187315
vn -0.7628419 0.0913449 0.6401003
vn -0.7628419 -0.0913449 0.6401003
vn -0.7373755 -0.2710143 0.6187315
vn -0.6872613 -0.4417139 0.5766807
vn -0.6141145 -0.5977675 0.5153032
vn -0.5203023 -0.7339473 0.4365855
vn -0.4088794 -0.8456397 0.3430905
vn -0.2835012 -0.9289981 0.2378857
vn -0.1483185 -0.9810774 0.1244540
vn -0.1819396 0.9810774 0.0662206
vn -0.3477657 0.9289981 0.1265763
vn -0.5015648 0.8456397 0.1825546
vn -0.6382453 0.7339473 0.2323023
vn -0.7533229 0.5977675 0.2741871
vn -0.8430508 0.4417139 0.3068454
vn -0.9045249 0.2710143 0.3292202
vn -0.9357641 0.0913449 0.3405903
vn -0.9357641 -0.0913449 0.3405903
vn -0.9045249 -0.2710143 0.3292202
vn -0.8430508 -0.4417139 0.3068454
vn -0.7533229 -0.5977675 0.2741871
vn -0.6382453 -0.7339473 0.2323023
vn -0.5015648 -0.8456397 0.1825546
vn -0.3477657 -0.9289981 0.1265763
vn -0.1819396 -0.9810774 0.0662206
vn -0.1936160 0.9810774 0.0000000
vn -0.3700845 0.9289981 0.0000000
vn -0.5337541 0.8456397 -0.0000000
vn -0.6792064 0.7339473 0.0000000
vn -0.8016695 0.5977675 -0.0000000
vn -0.8971560 0.4417139 -0.0000000
vn -0.9625753 0.2710143 0.0000000
vn -0.9958193 0.0913449 -0.0000000
vn -0.9958193 -0.0913449 0.0000000
vn -0.9625753 -0.2710143 -0.0000000
vn -0.8971560 -0.4417139 0.0000000
vn -0.8016695 -0.5977675 0.0000000
vn -0.6792064 -0.7339473 -0.0000000
vn -0.5337541 -0.8456397 0.0000000
vn -0.3700845 -0.9289981 -0.0000000
vn -0.1936160 -0.9810774 -0.0000000
vn -0.1819396 0.9810774 -0.0662206
vn -0.3477657 0.9289981 -0.1265763
vn -0.5015648 0.8456397 -0.1825546
vn -0.6382453 0.7339473 -0.2323023
vn -0.7533229 0.5977675 -0.2741871
vn -0.8430508 0.4417139 -0.3068454
vn -0.9045249 0.2710143 -0.3292202
vn -0.9357641 0.0913449 -0.3405903
vn -0.9357641 -0.0913449 -0.3405903
vn -0.9045249 -0.2710143 -0.3292202
vn -0.8430508 -0.4417139 -0.3068454
vn -0.7533229 -0.5977675 -0.2741871
vn -0.6382453 -0.7339473 -0.2323023
vn -0.5015648 -0.8456397 -0.1825546
vn -0.3477657 -0.9289981 -0.1265763
vn -0.1819396 -0.9810774 -0.0662206
vn -0.1483185 0.9810774 -0.1244540
vn -0.2835012 0.9289981 -0.2378857
vn -0.4088794 0.8456397 -0.3430905
vn -0.5203023 0.7339473 -0.4365855
vn -0.6141145 0.5977675 -0.5153032
vn -0.6872613 0.4417139 -0.5766807
vn -0.7373755 0.2710143 -0.6187315
vn -0.7628419 0.0913449 -0.6401003
vn -0.7628419 -0.0913449 -0.6401003
vn -0.7373755 -0.2710143 -0.6187315
vn -0.6872613 -0.4417139 -0.5766807
vn -0.6141145 -0.5977675 -0.5153032
vn -0.5203023 -0.7339473 -0.4365855
vn -0.4088794 -0.8456397 -0.3430905
vn -0.2835012 -0.9289981 -0.2378857
vn -0.1483185 -0.9810774 -0.1244540
vn -0.0968080 0.9810774 -0.1676764
vn -0.1850422 0.9289981 -0.3205026
vn -0.2668770 0.8456397 -0.4622446
vn -0.3396032 0.7339473 -0.5882100
vn -0.4008348 0.5977675 -0.6942662
vn -0.4485780 0.4417139 -0.7769599
vn -0.4812877 0.2710143 -0.8336147
vn -0.4979097 0.0913449 -0.8624048
vn -0.4979097 -0.0913449 -0.8624048
vn -0.4812877 -0.2710143 -0.8336147
vn -0.4485780 -0.4417139 -0.7769599
vn -0.4008348 -0.5977675 -0.6942662
vn -0.3396032 -0.7339473 -0.5882100
vn -0.2668770 -0.8456397 -0.4622446
vn -0.1850422 -0.9289981 -0.3205026
vn -0.0968080 -0.9810774 -0.1676764
vn -0.0336211 0.9810774 -0.1906746
vn -0.0642645 0.9289981 -0.3644621
vn -0.0926854 0.8456397 -0.5256452
vn -0.1179430 0.7339473 -0.6688877
vn -0.1392084 0.5977675 -0.7894903
vn -0.1557895 0.4417139 -0.8835262
vn -0.1671495 0.2710143 -0.9479516
vn -0.1729222 0.0913449 -0.9806906
vn -0.1729222 -0.0913449 -0.9806906
vn -0.1671495 -0.2710143 -0.9479516
vn -0.1557895 -0.4417139 -0.8835262
vn -0.1392084 -0.5977675 -0.7894903
vn -0.1179430 -0.7339473 -0.6688877
vn -0.0926854 -0.8456397 -0.5256452
vn -0.0642645 -0.9289981 -0.3644621
vn -0.0336211 -0.9810774 -0.1906746
vn 0.0336211 0.9810774 -0.1906746
vn 0.0642645 0.9289981 -0.3644621
vn 0.0926854 0.8456397 -0.5256452
vn 0.1179430 0.7339473 -0.6688877
vn 0.1392084 0.5977675 -0.7894903
vn 0.1557895 0.4417139 -0.8835262
vn 0.1671495 0.2710143 -0.9479516
vn 0.1729222 0.0913449 -0.9806906
vn 0.1729222 -0.0913449 -0.9806906
vn 0.1671495 -0.2710143 -0.9479516
vn 0.1557895 -0.4417139 -0.8835262
vn 0.1392084 -0.5977675 -0.7894903
vn 0.1179430 -0.7339473 -0.6688877
vn 0.0926854 -0.8456397 -0.5256452
vn 0.0642645 -0.9289981 -0.3644621
vn 0.0336211 -0.9810774 -0.1906746
vn 0.0968080 0.9810774 -0.1676764
vn 0.1850422 0.9289981 -0.3205026
vn 0.2668770 0.8456397 -0.4622446
vn 0.3396032 0.7339473 -0.5882100
vn 0.4008348 0.5977675 -0.6942662
vn 0.4485780 0.4417139 -0.7769599
vn 0.4812877 0.2710143 -0.8336147
vn 0.4979097 0.0913449 -0.8624048
vn 0.4979097 -0.0913449 -0.8624048
vn 0.4812877 -0.2710143 -0.8336147
vn 0.4485780 -0.4417139 -0.7769599
vn 0.4008348 -0.5977675 -0.6942662
vn 0.3396032 -0.7339473 -0.5882100
vn 0.2668770 -0.8456397 -0.4622446
vn 0.1850422 -0.9289981 -0.3205026
vn 0.0968080 -0.9810774 -0.1676764
vn 0.1483185 0.9810774 -0.1244540
vn 0.2835012 0.9289981 -0.2378857
vn 0.4088794 0.8456397 -0.3430905
vn 0.5203023 0.7339473 -0.4365855
vn 0.6141145 0.5977675 -0.5153032
vn 0.6872613 0.4417139 -0.5766807
vn 0.7373755 0.2710143 -0.6187315
vn 0.7628419 0.0913449 -0.6401003
vn 0.7628419 -0.0913449 -0.6401003
vn 0.7373755 -0.2710143 -0.6187315
vn 0.6872613 -0.4417139 -0.5766807
vn 0.6141145 -0.5977675 -0.5153032
vn 0.5203023 -0.7339473 -0.4365855
vn 0.4088794 -0.8456397 -0.3430905
vn 0.2835012 -0.9289981 -0.2378857
vn 0.1483185 -0.9810774 -0.1244540
vn 0.1819396 0.9810774 -0.0662206
vn 0.3477657 0.9289981 -0.1265763
vn 0.5015648 0.8456397 -0.1825546
vn 0.6382453 0.7339473 -0.2323023
vn 0.7533229 0.5977675 -0.2741871
vn 0.8430508 0.4417139 -0.3068454
vn 0.9045249 0.2710143 -0.3292202
vn 0.9357641 0.0913449 -0.3405903
vn 0.9357641 -0.0913449 -0.3405903
vn 0.9045249 -0.2710143 -0.3292202
vn 0.8430508 -0.4417139 -0.3068454
vn 0.7533229 -0.5977675 -0.2741871
vn 0.6382453 -0.7339473 -0.2323023
vn 0.5015648 -0.8456397 -0.1825546
vn 0.3477657 -0.9289981 -0.1265763
vn 0.1819396 -0.9810774 -0.0662206
vn -0.7444769 0.6669272 -0.0310199
vn -0.6408557 0.7475476 -0.1745756
vn -0.5204796 0.7977970 -0.3043367
vn -0.3827356 0.8210220 -0.4235992
vn -0.2323217 0.8165773 -0.5284204
vn -0.0743085 0.7847303 -0.6153671
vn 0.0860256 0.7266376 -0.6816138
vn 0.2433594 0.6442976 -0.7250219
vn 0.3924921 0.5404807 -0.7441980
vn 0.5285004 0.4186398 -0.7385310
vn 0.6468871 0.2828040 -0.7082083
vn 0.7437172 0.1374556 -0.6542100
vn 0.8157397 -0.0126046 -0.5782818
vn 0.8604919 -0.1624016 -0.4828865
vn 0.8763829 -0.3069383 -0.3711360
vn 0.8627556 -0.4413512 -0.2467019
vn 0.8199232 -0.5610668 -0.1137098
vn 0.7444769 -0.6669272 0.0310199
vn -0.6143651 0.7795769 -0.1217184
vn -0.4698447 0.8590190 -0.2033037
vn -0.3097074 0.9093193 -0.2778844
vn -0.1393927 0.9289363 -0.3429971
vn 0.0353759 0.9173480 -0.3965113
vn 0.2087744 0.8750514 -0.4366902
vn 0.3750589 0.8035335 -0.4622389
vn 0.5287400 0.7052160 -0.4723393
vn 0.6647484 0.5833752 -0.4666723
vn 0.7785866 0.4420399 -0.4454252
vn 0.8664660 0.2858693 -0.4092864
vn 0.9254241 0.1200131 -0.3594260
vn 0.9534209 -0.0500426 -0.2974632
vn 0.9494111 -0.2186410 -0.2254211
vn 0.9133906 -0.3801293 -0.1456689
vn 0.8464138 -0.5290375 -0.0608526
vn -0.6018688 0.7964968 -0.0578508
vn -0.4459589 0.8913603 -0.0812250
vn -0.2752581 0.9559636 -0.1018165
vn -0.0955556 0.9882916 -0.1189493
vn 0.0871170 0.9874052 -0.1320670
vn 0.2666783 0.9534530 -0.1407480
vn 0.4371851 0.8876521 -0.1447170
vn 0.5930118 0.7922397 -0.1438513
vn 0.7290201 0.6703989 -0.1381843
vn 0.8407128 0.5261585 -0.1279033
vn 0.9243699 0.3642710 -0.1133442
vn 0.9771652 0.1900703 -0.0949816
vn 0.9972580 0.0093127 -0.0734154
vn 0.9838605 -0.1719967 -0.0493532
vn 0.9372764 -0.3477879 -0.0235902
vn 0.8589100 -0.5121176 0.0030150
vn -0.6048740 0.7962666 0.0093237
vn -0.4517031 0.8909202 0.0471748
vn -0.2835427 0.9553289 0.0833681
vn -0.1060979 0.9874839 0.1166996
vn 0.0746739 0.9864519 0.1460701
vn 0.2527532 0.9523862 0.1705178
vn 0.4222446 0.8865075 0.1892460
vn 0.5775553 0.7910556 0.2016455
vn 0.7135637 0.6692148 0.2073125
vn 0.8257723 0.5250139 0.2060596
vn 0.9104448 0.3632042 0.1979216
vn 0.9647222 0.1891170 0.1831555
vn 0.9867157 0.0085050 0.1622335
vn 0.9755759 -0.1726314 0.1358313
vn 0.9315322 -0.3482280 0.1048096
vn 0.8559049 -0.5123478 0.0701895
vn -0.6230182 0.7789140 0.0717031
vn -0.4863845 0.8577518 0.1664088
vn -0.3335620 0.9074918 0.2553333
vn -0.1697478 0.9266108 0.3355267
vn -0.0004523 0.9146031 0.4043525
vn 0.1686787 0.8719796 0.4595640
vn 0.3320394 0.8002377 0.4993690
vn 0.4842348 0.7018064 0.5224791
vn 0.6202432 0.5799656 0.5281462
vn 0.7355671 0.4387441 0.5161827
vn 0.8263703 0.2827975 0.4869679
vn 0.8895959 0.1172683 0.4414378
vn 0.9230658 -0.0523681 0.3810606
vn 0.9255565 -0.2204685 0.3077965
vn 0.8968507 -0.3813964 0.2240436
vn 0.8377607 -0.5297005 0.1325688
vn -0.6541130 0.7465319 0.1217633
vn -0.5458201 0.7958557 0.2620957
vn -0.4192829 0.8182221 0.3933376
vn -0.2788285 0.8130143 0.5111383
vn -0.1292005 0.7805249 0.6116274
vn 0.0245954 0.7219314 0.6915274
vn 0.1774497 0.6392482 0.7482468
vn 0.3243061 0.5352568 0.7799523
vn 0.4603145 0.4134160 0.7856193
vn 0.5809775 0.2777546 0.7650605
vn 0.6822870 0.1327493 0.7189312
vn 0.7608477 -0.0168099 0.6487127
vn 0.8139852 -0.1659645 0.5566722
vn 0.8398356 -0.3097382 0.4458009
vn 0.8374151 -0.4432926 0.3197305
vn 0.8066659 -0.5620825 0.1826291
vn -0.6944078 0.7030262 0.1534664
vn -0.6228411 0.7126973 0.3226942
vn -0.5303663 0.6982871 0.4807357
vn -0.4201830 0.6603960 0.6223531
vn -0.2960417 0.6003891 0.7428945
vn -0.1621182 0.5203396 0.8384297
vn -0.0228787 0.4229566 0.9058610
vn 0.1170591 0.3114953 0.9430100
vn 0.2530674 0.1896545 0.9486770
vn 0.3806490 0.0614631 0.9226747
vn 0.4955734 -0.0688424 0.8658335
vn 0.5940065 -0.1969458 0.7799799
vn 0.6726306 -0.3185828 0.6678870
vn 0.7287522 -0.4296733 0.5331989
vn 0.7603942 -0.5264509 0.3803290
vn 0.7663711 -0.6055882 0.2143322
vn -0.7390425 0.6536443 0.1629885
vn -0.7081575 0.6183070 0.3408951
vn -0.6534138 0.5621526 0.5069860
vn -0.5767619 0.4871639 0.6557568
vn -0.4808524 0.3959226 0.7823211
vn -0.3689415 0.2915192 0.8825524
vn -0.2447833 0.1774510 0.9532011
vn -0.1125094 0.0575108 0.9919850
vn 0.0234990 -0.0643300 0.9976520
vn 0.1587444 -0.1840426 0.9700147
vn 0.2887501 -0.2976628 0.9099562
vn 0.4091959 -0.4014123 0.8194065
vn 0.5160517 -0.4918150 0.7012907
vn 0.6057047 -0.5658077 0.5594493
vn 0.6750778 -0.6208413 0.3985299
vn 0.7217363 -0.6549701 0.2238543
vn -0.7826336 0.6043423 0.1491812
vn -0.7914789 0.5240695 0.3145033
vn -0.7735841 0.4262386 0.4689224
vn -0.7296796 0.3142122 0.6073206
vn -0.6613416 0.1917872 0.7251517
vn -0.5709288 0.0630694 0.8185735
vn -0.4614992 -0.0676571 0.8845570
vn -0.3367098 -0.1960625 0.9209701
vn -0.2007015 -0.3179033 0.9266372
vn -0.0579714 -0.4291507 0.9013706
vn 0.0867628 -0.5261127 0.8459773
vn 0.2287066 -0.6055477 0.7622370
vn 0.3631340 -0.6647666 0.6528545
vn 0.4855344 -0.7017217 0.5213857
vn 0.5917563 -0.7150788 0.3721381
vn 0.6781453 -0.7042721 0.2100470
vn -0.8199232 0.5610668 0.1137098
vn -0.8627556 0.4413512 0.2467019
vn -0.8763829 0.3069383 0.3711360
vn -0.8604919 0.1624016 0.4828865
vn -0.8157397 0.0126046 0.5782818
vn -0.7437172 -0.1374556 0.6542100
vn -0.6468871 -0.2828040 0.7082083
vn -0.5285004 -0.4186398 0.7385310
vn -0.3924921 -0.5404807 0.7441980
vn -0.2433594 -0.6442976 0.7250219
vn -0.0860256 -0.7266376 0.6816138
vn 0.0743085 -0.7847303 0.6153671
vn 0.2323217 -0.8165773 0.5284204
vn 0.3827356 -0.8210220 0.4235992
vn 0.5204796 -0.7977970 0.3043367
vn 0.6408557 -0.7475476 0.1745756
vn -0.8464138 0.5290375 0.0608526
vn -0.9133906 0.3801293 0.1456689
vn -0.9494111 0.2186410 0.2254211
vn -0.9534209 0.0500426 0.2974632
vn -0.9254241 -0.1200131 0.3594260
vn -0.8664660 -0.2858693 0.4092864
vn -0.7785866 -0.4420399 0.4454252
vn -0.6647484 -0.5833752 0.4666723
vn -0.5287400 -0.7052160 0.4723393
vn -0.3750589 -0.8035335 0.4622389
vn -0.2087744 -0.8750514 0.4366902
vn -0.0353759 -0.9173480 0.3965113
vn 0.1393927 -0.9289363 0.3429971
vn 0.3097074 -0.9093193 0.2778844
vn 0.4698447 -0.8590190 0.2033037
vn 0.6143651 -0.7795769 0.1217184
vn -0.8589100 0.5121176 -0.0030150
vn -0.9372764 0.3477879 0.0235902
vn -0.9838605 0.1719967 0.0493532
vn -0.9972580 -0.0093127 0.0734154
vn -0.9771652 -0.1900703 0.0949816
vn -0.9243699 -0.3642710 0.1133442
vn -0.8407128 -0.5261585 0.1279033
vn -0.7290201 -0.6703989 0.1381843
vn -0.5930118 -0.7922397 0.1438513
vn -0.4371851 -0.8876521 0.1447170
vn -0.2666783 -0.9534530 0.1407480
vn -0.0871170 -0.9874052 0.1320670
vn 0.0955556 -0.9882916 0.1189493
vn 0.2752581 -0.9559636 0.1018165
vn 0.4459589 -0.8913603 0.0812250
vn 0.6018688 -0.7964968 0.0578508
vn -0.8559049 0.5123478 -0.0701895
vn -0.9315322 0.3482280 -0.1048096
vn -0.9755759 0.1726314 -0.1358313
vn -0.9867157 -0.0085050 -0.1622335
vn -0.9647222 -0.1891170 -0.1831555
vn -0.9104448 -0.3632042 -0.1979216
vn -0.8257723 -0.5250139 -0.2060596
vn -0.7135637 -0.6692148 -0.2073125
vn -0.5775553 -0.7910556 -0.2016455
vn -0.4222446 -0.8865075 -0.1892460
vn -0.2527532 -0.9523862 -0.1705178
vn -0.0746739 -0.9864519 -0.1460701
vn 0.1060979 -0.9874839 -0.1166996
vn 0.2835427 -0.9553289 -0.0833681
vn 0.4517031 -0.8909202 -0.0471748
vn 0.6048740 -0.7962666 -0.0093237
vn -0.8377607 0.5297005 -0.1325688
vn -0.8968507 0.3813964 -0.2240436
vn -0.9255565 0.2204685 -0.3077965
vn -0.9230658 0.0523681 -0.3810606
vn -0.8895959 -0.1172683 -0.4414378
vn -0.8263703 -0.2827975 -0.4869679
vn -0.7355671 -0.4387441 -0.5161827
vn -0.6202432 -0.5799656 -0.5281462
vn -0.4842348 -0.7018064 -0.5224791
vn -0.3320394 -0.8002377 -0.4993690
vn -0.1686787 -0.8719796 -0.4595640
vn 0.0004523 -0.9146031 -0.4043525
vn 0.1697478 -0.9266108 -0.3355267
vn 0.3335620 -0.9074918 -0.2553333
vn 0.4863845 -0.8577518 -0.1664088
vn 0.6230182 -0.7789140 -0.0717031
vn -0.8066659 0.5620825 -0.1826291
vn -0.8374151 0.4432926 -0.3197305
vn -0.8398356 0.3097382 -0.4458009
vn -0.8139852 0.1659645 -0.5566722
vn -0.7608477 0.0168099 -0.6487127
vn -0.6822870 -0.1327493 -0.7189312
vn -0.5809775 -0.2777546 -0.7650605
vn -0.4603145 -0.4134160 -0.7856193
vn -0.3243061 -0.5352568 -0.7799523
vn -0.1774497 -0.6392482 -0.7482468
vn -0.0245954 -0.7219314 -0.6915274
vn 0.1292005 -0.7805249 -0.6116274
vn 0.2788285 -0.8130143 -0.5111383
vn 0.4192829 -0.8182221 -0.3933376
vn 0.5458201 -0.7958557 -0.2620957
vn 0.6541130 -0.7465319 -0.1217633
vn -0.7663711 0.6055882 -0.2143322
vn -0.7603942 0.5264509 -0.3803290
vn -0.7287522 0.4296733 -0.5331989
vn -0.6726306 0.3185828 -0.6678870
vn -0.5940065 0.1969458 -0.7799799
vn -0.4955734 0.0688424 -0.8658335
vn -0.3806490 -0.0614631 -0.9226747
vn -0.2530674 -0.1896545 -0.9486770
vn -0.1170591 -0.3114953 -0.9430100
vn 0.0228787 -0.4229566 -0.9058610
vn 0.1621182 -0.5203396 -0.8384297
vn 0.2960417 -0.6003891 -0.7428945
vn 0.4201830 -0.6603960 -0.6223531
vn 0.5303663 -0.6982871 -0.4807357
vn 0.6228411 -0.7126973 -0.3226942
vn 0.6944078 -0.7030262 -0.1534664
vn -0.7217363 0.6549701 -0.2238543
vn -0.6750778 0.6208413 -0.3985299
vn -0.6057047 0.5658077 -0.5594493
vn -0.5160517 0.4918150 -0.7012907
vn -0.4091959 0.4014123 -0.8194065
vn -0.2887501 0.2976628 -0.9099562
vn -0.1587444 0.1840426 -0.9700147
vn -0.0234990 0.0643300 -0.9976520
vn 0.1125094 -0.0575108 -0.9919850
vn 0.2447833 -0.1774510 -0.9532011
vn 0.3689415 -0.2915192 -0.8825524
vn 0.4808524 -0.3959226 -0.7823211
vn 0.5767619 -0.4871639 -0.6557568
vn 0.6534138 -0.5621526 -0.5069860
vn 0.7081575 -0.6183070 -0.3408951
vn 0.7390425 -0.6536443 -0.1629885
vn -0.6781453 0.7042721 -0.2100470
vn -0.5917563 0.7150788 -0.3721381
vn -0.4855344 0.7017217 -0.5213857
vn -0.3631340 0.6647666 -0.6528545
vn -0.2287066 0.6055477 -0.7622370
vn -0.0867628 0.5261127 -0.8459773
vn 0.0579714 0.4291507 -0.9013706
vn 0.2007015 0.3179033 -0.9266372
vn 0.3367098 0.1960625 -0.9209701
vn 0.4614992 0.0676571 -0.8845570
vn 0.5709288 -0.0630694 -0.8185735
vn 0.6613416 -0.1917872 -0.7251517
vn 0.7296796 -0.3142122 -0.6073206
vn 0.7735841 -0.4262386 -0.4689224
vn 0.7914789 -0.5240695 -0.3145033
vn 0.7826336 -0.6043423 -0.1491812
vn -0.1135466 0.9935327 0.0000000
vn 0.0797218 0.9965747 -0.0219844
vn 0.2598285 0.9647400 -0.0420218
vn 0.4308530 0.9003847 -0.0606060
vn 0.5871123 0.8058234 -0.0771216
vn 0.7234593 0.6843397 -0.0910268
vn 0.8354340 0.5400674 -0.1018690
vn 0.9193923 0.3778518 -0.1092971
vn 0.9726085 0.2030948 -0.1130719
vn 0.9933523 0.0215865 -0.1130719
vn 0.9809378 -0.1606712 -0.1092971
vn 0.9357442 -0.3376470 -0.1018690
vn 0.8592082 -0.5034634 -0.0910268
vn 0.7537867 -0.6525778 -0.0771216
vn 0.6228920 -0.7799567 -0.0606060
vn 0.4707976 -0.8812399 -0.0420218
vn 0.3025178 -0.9528902 -0.0219844
vn 0.1135466 -0.9935327 -0.0000000
vn 0.0756663 0.9961112 0.0451337
vn 0.2520768 0.9638541 0.0862701
vn 0.4196731 0.8991070 0.1244230
vn 0.5728858 0.8041975 0.1583293
vn 0.7066677 0.6824207 0.1868766
vn 0.8166423 0.5379198 0.2091354
vn 0.8992304 0.3755476 0.2243853
vn 0.9517503 0.2007110 0.2321347
vn 0.9724941 0.0192027 0.2321347
vn 0.9607759 -0.1629755 0.2243853
vn 0.9169526 -0.3397946 0.2091354
vn 0.8424166 -0.5053825 0.1868766
vn 0.7395602 -0.6542037 0.1583293
vn 0.6117121 -0.7812344 0.1244230
vn 0.4630459 -0.8821258 0.0862701
vn 0.2984623 -0.9533537 0.0451337
vn 0.0490482 0.9930691 0.1068080
vn 0.2011979 0.9580394 0.2041566
vn 0.3462930 0.8907207 0.2944448
vn 0.4795091 0.7935259 0.3746834
vn 0.5964548 0.6698249 0.4422400
vn 0.6933021 0.5238237 0.4949150
vn 0.7668964 0.3604237 0.5310035
vn 0.8148459 0.1850648 0.5493425
vn 0.8355897 0.0035565 0.5493425
vn 0.8284419 -0.1780993 0.5310035
vn 0.7936124 -0.3538907 0.4949150
vn 0.7322038 -0.5179782 0.4422400
vn 0.6461835 -0.6648753 0.3746834
vn 0.5383321 -0.7896207 0.2944448
vn 0.4121670 -0.8879405 0.2041566
vn 0.2718442 -0.9563957 0.1068080
vn 0.0030778 0.9878154 0.1555998
vn 0.1133286 0.9479972 0.2974188
vn 0.2195636 0.8762374 0.4289521
vn 0.3182448 0.7750957 0.5458451
vn 0.4061141 0.6480717 0.6442627
vn 0.4802900 0.4994795 0.7210005
vn 0.5383517 0.3343043 0.7735749
vn 0.5784081 0.1580433 0.8002914
vn 0.5991519 -0.0234650 0.8002914
vn 0.5998972 -0.2042187 0.7735749
vn 0.5806002 -0.3782349 0.7210005
vn 0.5418630 -0.5397314 0.6442627
vn 0.4849193 -0.6833055 0.5458451
vn 0.4116026 -0.8041041 0.4289521
vn 0.3242977 -0.8979828 0.2974188
vn 0.2258738 -0.9616495 0.1555998
vn -0.0567000 0.9809836 0.1856239
vn -0.0009328 0.9349387 0.3548080
vn 0.0547702 0.8574038 0.5117215
vn 0.1085439 0.7511299 0.6511698
vn 0.1586034 0.6197847 0.7685778
vn 0.2032984 0.4678233 0.8601227
vn 0.2411622 0.3003398 0.9228417
vn 0.2709548 0.1229058 0.9547134
vn 0.2916986 -0.0586025 0.9547134
vn 0.3027077 -0.2381832 0.9228417
vn 0.3036086 -0.4098911 0.8601227
vn 0.2943523 -0.5680184 0.7685778
vn 0.2752183 -0.7072714 0.6511698
vn 0.2468092 -0.8229376 0.5117215
vn 0.2100363 -0.9110412 0.3548080
vn 0.1660960 -0.9684812 0.1856239
vn -0.1230752 0.9733979 0.1932590
vn -0.1278047 0.9204391 0.3694020
vn -0.1282107 0.8364917 0.5327698
vn -0.1243008 0.7245191 0.6779539
vn -0.1162239 0.5883759 0.8001911
vn -0.1042635 0.4326734 0.8955015
vn -0.0888266 0.2626268 0.9608002
vn -0.0704307 0.0838903 0.9939829
vn -0.0496869 -0.0976180 0.9939829
vn -0.0272811 -0.2758963 0.9608002
vn -0.0039533 -0.4450410 0.8955015
vn 0.0195250 -0.5994272 0.8001911
vn 0.0423736 -0.7338822 0.6779539
vn 0.0638283 -0.8438497 0.5327698
vn 0.0831644 -0.9255408 0.3694020
vn 0.0997208 -0.9760670 0.1932590
vn -0.1880419 0.9659731 0.1775842
vn -0.2519845 0.9062471 0.3394407
vn -0.3073089 0.8160234 0.4895581
vn -0.3522047 0.6984729 0.6229667
vn -0.3852196 0.5576335 0.7352895
vn -0.4052991 0.3982693 0.8228695
vn -0.4118133 0.2257140 0.8828720
vn -0.4045723 0.0457027 0.9133633
vn -0.3838285 -0.1358056 0.9133633
vn -0.3502678 -0.3128090 0.8828720
vn -0.3049888 -0.4794451 0.8228695
vn -0.2494707 -0.6301696 0.7352895
vn -0.1855303 -0.7599283 0.6229667
vn -0.1152699 -0.8643181 0.4895581
vn -0.0410153 -0.9397328 0.3394407
vn 0.0347541 -0.9834917 0.1775842
vn -0.2437643 0.9596049 0.1404902
vn -0.3584942 0.8940746 0.2685378
vn -0.4609224 0.7984675 0.3872985
vn -0.5476792 0.6761330 0.4928405
vn -0.6159387 0.5312656 0.5817012
vn -0.6634991 0.3687607 0.6509873
vn -0.6888409 0.1940537 0.6984564
vn -0.6911674 0.0129489 0.7225787
vn -0.6704236 -0.1685594 0.7225787
vn -0.6272954 -0.3444693 0.6984564
vn -0.5631888 -0.5089536 0.6509873
vn -0.4801898 -0.6565375 0.5817012
vn -0.3810047 -0.7822683 0.4928405
vn -0.2688834 -0.8818739 0.3872985
vn -0.1475250 -0.9519054 0.2685378
vn -0.0209683 -0.9898600 0.1404902
vn -0.2835213 0.9550612 0.0864509
vn -0.4344872 0.8853897 0.1652453
vn -0.5705233 0.7859417 0.2383250
vn -0.6871471 0.6601938 0.3032705
vn -0.7805533 0.5124526 0.3579511
vn -0.8477207 0.3477068 0.4005865
vn -0.8864957 0.1714646 0.4297967
vn -0.8956486 -0.0104203 0.4446404
vn -0.8749048 -0.1919286 0.4446404
vn -0.8249502 -0.3670584 0.4297967
vn -0.7474105 -0.5300075 0.4005865
vn -0.6448043 -0.6753506 0.3579511
vn -0.5204727 -0.7982075 0.3032705
vn -0.3784843 -0.8943997 0.2383250
vn -0.2235180 -0.9605903 0.1652453
vn -0.0607254 -0.9944037 0.0864509
vn -0.3025178 0.9528902 0.0219844
vn -0.4707976 0.8812399 0.0420218
vn -0.6228920 0.7799567 0.0606060
vn -0.7537867 0.6525778 0.0771216
vn -0.8592082 0.5034634 0.0910268
vn -0.9357442 0.3376470 0.1018690
vn -0.9809378 0.1606712 0.1092971
vn -0.9933523 -0.0215865 0.1130719
vn -0.9726085 -0.2030948 0.1130719
vn -0.9193923 -0.3778518 0.1092971
vn -0.8354340 -0.5400674 0.1018690
vn -0.7234593 -0.6843397 0.0910268
vn -0.5871123 -0.8058234 0.0771216
vn -0.4308530 -0.9003847 0.0606060
vn -0.2598285 -0.9647400 0.0420218
vn -0.0797218 -0.9965747 0.0219844
vn -0.2984623 0.9533537 -0.0451337
vn -0.4630459 0.8821258 -0.0862701
vn -0.6117121 0.7812344 -0.1244230
vn -0.7395602 0.6542037 -0.1583293
vn -0.8424166 0.5053825 -0.1868766
vn -0.9169526 0.3397946 -0.2091354
vn -0.9607759 0.1629755 -0.2243853
vn -0.9724941 -0.0192027 -0.2321347
vn -0.9517503 -0.2007110 -0.2321347
vn -0.8992304 -0.3755476 -0.2243853
vn -0.8166423 -0.5379198 -0.2091354
vn -0.7066677 -0.6824207 -0.1868766
vn -0.5728858 -0.8041975 -0.1583293
vn -0.4196731 -0.8991070 -0.1244230
vn -0.2520768 -0.9638541 -0.0862701
vn -0.0756663 -0.9961112 -0.0451337
vn -0.2718442 0.9563957 -0.1068080
vn -0.4121670 0.8879405 -0.2041566
vn -0.5383321 0.7896207 -0.2944448
vn -0.6461835 0.6648753 -0.3746834
vn -0.7322038 0.5179782 -0.4422400
vn -0.7936124 0.3538907 -0.4949150
vn -0.8284419 0.1780993 -0.5310035
vn -0.8355897 -0.0035565 -0.5493425
vn -0.8148459 -0.1850648 -0.5493425
vn -0.7668964 -0.3604237 -0.5310035
vn -0.6933021 -0.5238237 -0.4949150
vn -0.5964548 -0.6698249 -0.4422400
vn -0.4795091 -0.7935259 -0.3746834
vn -0.3462930 -0.8907207 -0.2944448
vn -0.2011979 -0.9580394 -0.2041566
vn -0.0490482 -0.9930691 -0.1068080
vn -0.2258738 0.9616495 -0.1555998
vn -0.3242977 0.8979828 -0.2974188
vn -0.4116026 0.8041041 -0.4289521
vn -0.4849193 0.6833055 -0.5458451
vn -0.5418630 0.5397314 -0.6442627
vn -0.5806002 0.3782349 -0.7210005
vn -0.5998972 0.2042187 -0.7735749
vn -0.5991519 0.0234650 -0.8002914
vn -0.5784081 -0.1580433 -0.8002914
vn -0.5383517 -0.3343043 -0.7735749
vn -0.4802900 -0.4994795 -0.7210005
vn -0.4061141 -0.6480717 -0.6442627
vn -0.3182448 -0.7750957 -0.5458451
vn -0.2195636 -0.8762374 -0.4289521
vn -0.1133286 -0.9479972 -0.2974188
vn -0.0030778 -0.9878154 -0.1555998
vn -0.1660960 0.9684812 -0.1856239
vn -0.2100363 0.9110412 -0.3548080
vn -0.2468092 0.8229376 -0.5117215
vn -0.2752183 0.7072714 -0.6511698
vn -0.2943523 0.5680184 -0.7685778
vn -0.3036086 0.4098911 -0.8601227
vn -0.3027077 0.2381832 -0.9228417
vn -0.2916986 0.0586025 -0.9547134
vn -0.2709548 -0.1229058 -0.9547134
vn -0.2411622 -0.3003398 -0.9228417
vn -0.2032984 -0.4678233 -0.8601227
vn -0.1586034 -0.6197847 -0.7685778
vn -0.1085439 -0.7511299 -0.6511698
vn -0.0547702 -0.8574038 -0.5117215
vn 0.0009328 -0.9349387 -0.3548080
vn 0.0567000 -0.9809836 -0.1856239
vn -0.0997208 0.9760670 -0.1932590
vn -0.0831644 0.9255408 -0.3694020
vn -0.0638283 0.8438497 -0.5327698
vn -0.0423736 0.7338822 -0.6779539
vn -0.0195250 0.5994272 -0.8001911
vn 0.0039533 0.4450410 -0.8955015
vn 0.0272811 0.2758963 -0.9608002
vn 0.0496869 0.0976180 -0.9939829
vn 0.0704307 -0.0838903 -0.9939829
vn 0.0888266 -0.2626268 -0.9608002
vn 0.1042635 -0.4326734 -0.8955015
vn 0.1162239 -0.5883759 -0.8001911
vn 0.1243008 -0.7245191 -0.6779539
vn 0.1282107 -0.8364917 -0.5327698
vn 0.1278047 -0.9204391 -0.3694020
vn 0.1230752 -0.9733979 -0.1932590
vn -0.0347541 0.9834917 -0.1775842
vn 0.0410153 0.9397328 -0.3394407
vn 0.1152699 0.8643181 -0.4895581
vn 0.1855303 0.7599283 -0.6229667
vn 0.2494707 0.6301696 -0.7352895
vn 0.3049888 0.4794451 -0.8228695
vn 0.3502678 0.3128090 -0.8828720
vn 0.3838285 0.1358056 -0.9133633
vn 0.4045723 -0.0457027 -0.9133633
vn 0.4118133 -0.2257140 -0.8828720
vn 0.4052991 -0.3982693 -0.8228695
vn 0.3852196 -0.5576335 -0.7352895
vn 0.3522047 -0.6984729 -0.6229667
vn 0.3073089 -0.8160234 -0.4895581
vn 0.2519845 -0.9062471 -0.3394407
vn 0.1880419 -0.9659731 -0.1775842
vn 0.0209683 0.9898600 -0.1404902
vn 0.1475250 0.9519054 -0.2685378
vn 0.2688834 0.8818739 -0.3872985
vn 0.3810047 0.7822683 -0.4928405
vn 0.4801898 0.6565375 -0.5817012
vn 0.5631888 0.5089536 -0.6509873
vn 0.6272954 0.3444693 -0.6984564
vn 0.6704236 0.1685594 -0.7225787
vn 0.6911674 -0.0129489 -0.7225787
vn 0.6888409 -0.1940537 -0.6984564
vn 0.6634991 -0.3687607 -0.6509873
vn 0.6159387 -0.5312656 -0.5817012
vn 0.5476792 -0.6761330 -0.4928405
vn 0.4609224 -0.7984675 -0.3872985
vn 0.3584942 -0.8940746 -0.2685378
vn 0.2437643 -0.9596049 -0.1404902
vn 0.0607254 0.9944037 -0.0864509
vn 0.2235180 0.9605903 -0.1652453
vn 0.3784843 0.8943997 -0.2383250
vn 0.5204727 0.7982075 -0.3032705
vn 0.6448043 0.6753506 -0.3579511
vn 0.7474105 0.5300075 -0.4005865
vn 0.8249502 0.3670584 -0.4297967
vn 0.8749048 0.1919286 -0.4446404
vn 0.8956486 0.0104203 -0.4446404
vn 0.8864957 -0.1714646 -0.4297967
vn 0.8477207 -0.3477068 -0.4005865
vn 0.7805533 -0.5124526 -0.3579511
vn 0.6871471 -0.6601938 -0.3032705
vn 0.5705233 -0.7859417 -0.2383250
vn 0.4344872 -0.8853897 -0.1652453
vn 0.2835213 -0.9550612 -0.0864509
vn -0.2424476 0.9697904 -0.0269386
vn -0.0553262 0.9957689 -0.0733706
vn 0.1236679 0.9856664 -0.1147520
vn 0.2981793 0.9422993 -0.1521878
vn 0.4623856 0.8672832 -0.1844435
vn 0.6108555 0.7632560 -0.2104659
vn 0.7387113 0.6337788 -0.2294125
vn 0.8417718 0.4832141 -0.2406748
vn 0.9166734 0.3165838 -0.2438947
vn 0.9609661 0.1394130 -0.2389733
vn 0.9731853 -0.0424400 -0.2260733
vn 0.9528962 -0.2229610 -0.2056142
vn 0.9007101 -0.3961625 -0.1782598
vn 0.8182732 -0.5562669 -0.1449004
vn 0.7082259 -0.6978873 -0.1066270
vn 0.5741346 -0.8162005 -0.0647002
vn 0.4203935 -0.9071100 -0.0205129
vn 0.2424476 -0.9697904 0.0269386
vn -0.0511727 0.9986698 -0.0063196
vn 0.1316069 0.9912113 0.0134116
vn 0.3096293 0.9502964 0.0326562
vn 0.4769559 0.8774595 0.0507720
vn 0.6280529 0.7752671 0.0671597
vn 0.7579570 0.6472206 0.0812809
vn 0.8624210 0.4976360 0.0926739
vn 0.9380357 0.3315039 0.1009667
vn 0.9823284 0.1543331 0.1058881
vn 0.9938345 -0.0280180 0.1072754
vn 0.9721420 -0.2095192 0.1050792
vn 0.9179075 -0.3841513 0.0993657
vn 0.8328435 -0.5460906 0.0903150
vn 0.7196760 -0.6898903 0.0782169
vn 0.5820737 -0.8106557 0.0634635
vn 0.4245470 -0.9042091 0.0465382
vn -0.0695365 0.9958740 0.0583060
vn 0.0965058 0.9858673 0.1369392
vn 0.2590047 0.9425891 0.2108137
vn 0.4125357 0.8676519 0.2774788
vn 0.5520175 0.7636911 0.3347425
vn 0.6728651 0.6342658 0.3807354
vn 0.7711242 0.4837366 0.4139642
vn 0.8435858 0.3171244 0.4333533
vn 0.8878785 0.1399536 0.4382747
vn 0.9025377 -0.0419175 0.4285657
vn 0.8870500 -0.2224740 0.4045338
vn 0.8418721 -0.3957273 0.3669486
vn 0.7684232 -0.5558982 0.3170219
vn 0.6690514 -0.6975976 0.2563744
vn 0.5469725 -0.8159997 0.1869910
vn 0.4061832 -0.9070049 0.1111637
vn -0.1082026 0.9877188 0.1127112
vn 0.0225981 0.9702790 0.2409313
vn 0.1524115 0.9201069 0.3607963
vn 0.2768949 0.8390432 0.4683329
vn 0.3919202 0.7299242 0.5600082
vn 0.4936987 0.5964769 0.6328324
vn 0.5788933 0.4431922 0.6844438
vn 0.6447159 0.2751797 0.7131742
vn 0.6890086 0.0980089 0.7180956
vn 0.7103068 -0.0824619 0.6990453
vn 0.7078837 -0.2602629 0.6566307
vn 0.6817749 -0.4294942 0.5922143
vn 0.6327824 -0.5845069 0.5078760
vn 0.5624581 -0.7200797 0.4063571
vn 0.4730649 -0.8315879 0.2909832
vn 0.3675172 -0.9151601 0.1655690
vn -0.1625072 0.9751877 0.1503342
vn -0.0812017 0.9463267 0.3128451
vn 0.0027063 0.8855617 0.4645139
vn 0.0863939 0.7950841 0.6003144
vn 0.1670713 0.6780391 0.7157864
vn 0.2420681 0.5384118 0.8071652
vn 0.3089141 0.3808931 0.8714887
vn 0.3654126 0.2107290 0.9066791
vn 0.4097053 0.0335582 0.9116005
vn 0.4403276 -0.1447610 0.8860902
vn 0.4562530 -0.3183280 0.8309636
vn 0.4569259 -0.4813793 0.7479925
vn 0.4422814 -0.6284660 0.6398575
vn 0.4127530 -0.7546250 0.5100747
vn 0.3692651 -0.8555402 0.3628970
vn 0.3132125 -0.9276912 0.2031919
vn -0.2259005 0.9597922 0.1666369
vn -0.2023738 0.9168993 0.3440067
vn -0.1720541 0.8431200 0.5094566
vn -0.1359902 0.7410767 0.6575044
vn -0.0954094 0.6142940 0.7832879
vn -0.0516765 0.4670741 0.8827068
vn -0.0062499 0.3043535 0.9525387
vn 0.0393639 0.1315460 0.9905282
vn 0.0836566 -0.0456248 0.9954496
vn 0.1251636 -0.2213006 0.9671402
vn 0.1625085 -0.3896657 0.9065052
vn 0.1944452 -0.5451244 0.8154940
vn 0.2198973 -0.6824734 0.6970475
vn 0.2379925 -0.7970667 0.5550174
vn 0.2480929 -0.8849677 0.3940585
vn 0.2498192 -0.9430867 0.2194946
vn -0.2907362 0.9433893 0.1596530
vn -0.3263031 0.8855461 0.3306574
vn -0.3507911 0.7979009 0.4902037
vn -0.3634345 0.6835351 0.6330049
vn -0.3638626 0.5463775 0.7543711
vn -0.3521050 0.3910680 0.8503457
vn -0.3285853 0.2228051 0.9178178
vn -0.2941038 0.0471813 0.9546082
vn -0.2498111 -0.1299895 0.9595297
vn -0.1971718 -0.3028489 0.9324193
vn -0.1379201 -0.4656718 0.8741441
vn -0.0740080 -0.6130410 0.7865771
vn -0.0075469 -0.7400151 0.6725480
vn 0.0592555 -0.8422857 0.5357645
vn 0.1241636 -0.9163208 0.3807093
vn 0.1849835 -0.9594896 0.2125107
vn -0.3491943 0.9279573 0.1302249
vn -0.4380420 0.8560489 0.2744075
vn -0.5119464 0.7553586 0.4090773
vn -0.5685058 0.6293996 0.5297709
vn -0.6059090 0.4824812 0.6325237
vn -0.6229814 0.3195611 0.7139852
vn -0.6192136 0.1460841 0.7715141
vn -0.5947694 -0.0321894 0.8032516
vn -0.5504767 -0.2093603 0.8081730
vn -0.4878001 -0.3795700 0.7861156
vn -0.4087965 -0.5371787 0.7377835
vn -0.3160544 -0.6769372 0.6647297
vn -0.2126183 -0.7941505 0.5693140
vn -0.1018997 -0.8848280 0.4546381
vn 0.0124248 -0.9458180 0.3244594
vn 0.1265254 -0.9749216 0.1830826
vn -0.3942238 0.9153577 0.0819020
vn -0.5241129 0.8319655 0.1820415
vn -0.6360822 0.7206243 0.2758626
vn -0.7264697 0.5851999 0.3602540
vn -0.7923542 0.4303121 0.4324423
vn -0.8316340 0.2611782 0.4900722
vn -0.8430809 0.0834439 0.5312737
vn -0.8263683 -0.0969930 0.5547142
vn -0.7820755 -0.2741638 0.5596356
vn -0.7116674 -0.4422102 0.5458752
vn -0.6174491 -0.5955617 0.5138706
vn -0.5024996 -0.7291063 0.4646484
vn -0.3705821 -0.8383503 0.3997971
vn -0.2260355 -0.9195624 0.3214233
vn -0.0736462 -0.9699015 0.2320934
vn 0.0814959 -0.9875213 0.1347598
vn -0.4203935 0.9071100 0.0205129
vn -0.5741346 0.8162005 0.0647002
vn -0.7082259 0.6978873 0.1066270
vn -0.8182732 0.5562669 0.1449004
vn -0.9007101 0.3961625 0.1782598
vn -0.9528962 0.2229610 0.2056142
vn -0.9731853 0.0424400 0.2260733
vn -0.9609661 -0.1394130 0.2389733
vn -0.9166734 -0.3165838 0.2438947
vn -0.8417718 -0.4832141 0.2406748
vn -0.7387113 -0.6337788 0.2294125
vn -0.6108555 -0.7632560 0.2104659
vn -0.4623856 -0.8672832 0.1844435
vn -0.2981793 -0.9422993 0.1521878
vn -0.1236679 -0.9856664 0.1147520
vn 0.0553262 -0.9957689 0.0733706
vn -0.4245470 0.9042091 -0.0465382
vn -0.5820737 0.8106557 -0.0634635
vn -0.7196760 0.6898903 -0.0782169
vn -0.8328435 0.5460906 -0.0903150
vn -0.9179075 0.3841513 -0.0993657
vn -0.9721420 0.2095192 -0.1050792
vn -0.9938345 0.0280180 -0.1072754
vn -0.9823284 -0.1543331 -0.1058881
vn -0.9380357 -0.3315039 -0.1009667
vn -0.8624210 -0.4976360 -0.0926739
vn -0.7579570 -0.6472206 -0.0812809
vn -0.6280529 -0.7752671 -0.0671597
vn -0.4769559 -0.8774595 -0.0507720
vn -0.3096293 -0.9502964 -0.0326562
vn -0.1316069 -0.9912113 -0.0134116
vn 0.0511727 -0.9986698 0.0063196
vn -0.4061832 0.9070049 -0.1111637
vn -0.5469725 0.8159997 -0.1869910
vn -0.6690514 0.6975976 -0.2563744
vn -0.7684232 0.5558982 -0.3170219
vn -0.8418721 0.3957273 -0.3669486
vn -0.8870500 0.2224740 -0.4045338
vn -0.9025377 0.0419175 -0.4285657
vn -0.8878785 -0.1399536 -0.4382747
vn -0.8435858 -0.3171244 -0.4333533
vn -0.7711242 -0.4837366 -0.4139642
vn -0.6728651 -0.6342658 -0.3807354
vn -0.5520175 -0.7636911 -0.3347425
vn -0.4125357 -0.8676519 -0.2774788
vn -0.2590047 -0.9425891 -0.2108137
vn -0.0965058 -0.9858673 -0.1369392
vn 0.0695365 -0.9958740 -0.0583060
vn -0.3675172 0.9151601 -0.1655690
vn -0.4730649 0.8315879 -0.2909832
vn -0.5624581 0.7200797 -0.4063571
vn -0.6327824 0.5845069 -0.5078760
vn -0.6817749 0.4294942 -0.5922143
vn -0.7078837 0.2602629 -0.6566307
vn -0.7103068 0.0824619 -0.6990453
vn -0.6890086 -0.0980089 -0.7180956
vn -0.6447159 -0.2751797 -0.7131742
vn -0.5788933 -0.4431922 -0.6844438
vn -0.4936987 -0.5964769 -0.6328324
vn -0.3919202 -0.7299242 -0.5600082
vn -0.2768949 -0.8390432 -0.4683329
vn -0.1524115 -0.9201069 -0.3607963
vn -0.0225981 -0.9702790 -0.2409313
vn 0.1082026 -0.9877188 -0.1127112
vn -0.3132125 0.9276912 -0.2031919
vn -0.3692651 0.8555402 -0.3628970
vn -0.4127530 0.7546250 -0.5100747
vn -0.4422814 0.6284660 -0.6398575
vn -0.4569259 0.4813793 -0.7479925
vn -0.4562530 0.3183280 -0.8309636
vn -0.4403276 0.1447610 -0.8860902
vn -0.4097053 -0.0335582 -0.9116005
vn -0.3654126 -0.2107290 -0.9066791
vn -0.3089141 -0.3808931 -0.8714887
vn -0.2420681 -0.5384118 -0.8071652
vn -0.1670713 -0.6780391 -0.7157864
vn -0.0863939 -0.7950841 -0.6003144
vn -0.0027063 -0.8855617 -0.4645139
vn 0.0812017 -0.9463267 -0.3128451
vn 0.1625072 -0.9751877 -0.1503342
vn -0.2498192 0.9430867 -0.2194946
vn -0.2480929 0.8849677 -0.3940585
vn -0.2379925 0.7970667 -0.5550174
vn -0.2198973 0.6824734 -0.6970475
vn -0.1944452 0.5451244 -0.8154940
vn -0.1625085 0.3896657 -0.9065052
vn -0.1251636 0.2213006 -0.9671402
vn -0.0836566 0.0456248 -0.9954496
vn -0.0393639 -0.1315460 -0.9905282
vn 0.0062499 -0.3043535 -0.9525387
vn 0.0516765 -0.4670741 -0.8827068
vn 0.0954094 -0.6142940 -0.7832879
vn 0.1359902 -0.7410767 -0.6575044
vn 0.1720541 -0.8431200 -0.5094566
vn 0.2023738 -0.9168993 -0.3440067
vn 0.2259005 -0.9597922 -0.1666369
vn -0.1849835 0.9594896 -0.2125107
vn -0.1241636 0.9163208 -0.3807093
vn -0.0592555 0.8422857 -0.5357645
vn 0.0075469 0.7400151 -0.6725480
vn 0.0740080 0.6130410 -0.7865771
vn 0.1379201 0.4656718 -0.8741441
vn 0.1971718 0.3028489 -0.9324193
vn 0.2498111 0.1299895 -0.9595297
vn 0.2941038 -0.0471813 -0.9546082
vn 0.3285853 -0.2228051 -0.9178178
vn 0.3521050 -0.3910680 -0.8503457
vn 0.3638626 -0.5463775 -0.7543711
vn 0.3634345 -0.6835351 -0.6330049
vn 0.3507911 -0.7979009 -0.4902037
vn 0.3263031 -0.8855461 -0.3306574
vn 0.2907362 -0.9433893 -0.1596530
vn -0.1265254 0.9749216 -0.1830826
vn -0.0124248 0.9458180 -0.3244594
vn 0.1018997 0.8848280 -0.4546381
vn 0.2126183 0.7941505 -0.5693140
vn 0.3160544 0.6769372 -0.6647297
vn 0.4087965 0.5371787 -0.7377835
vn 0.4878001 0.3795700 -0.7861156
vn 0.5504767 0.2093603 -0.8081730
vn 0.5947694 0.0321894 -0.8032516
vn 0.6192136 -0.1460841 -0.7715141
vn 0.6229814 -0.3195611 -0.7139852
vn 0.6059090 -0.4824812 -0.6325237
vn 0.5685058 -0.6293996 -0.5297709
vn 0.5119464 -0.7553586 -0.4090773
vn 0.4380420 -0.8560489 -0.2744075
vn 0.3491943 -0.9279573 -0.1302249
vn -0.0814959 0.9875213 -0.1347598
vn 0.0736462 0.9699015 -0.2320934
vn 0.2260355 0.9195624 -0.3214233
vn 0.3705821 0.8383503 -0.3997971
vn 0.5024996 0.7291063 -0.4646484
vn 0.6174491 0.5955617 -0.5138706
vn 0.7116674 0.4422102 -0.5458752
vn 0.7820755 0.2741638 -0.5596356
vn 0.8263683 0.0969930 -0.5547142
vn 0.8430809 -0.0834439 -0.5312737
vn 0.8316340 -0.2611782 -0.4900722
vn 0.7923542 -0.4303121 -0.4324423
vn 0.7264697 -0.5851999 -0.3602540
vn 0.6360822 -0.7206243 -0.2758626
vn 0.5241129 -0.8319655 -0.1820415
vn 0.3942238 -0.9153577 -0.0819020
vn 0.0000000 1.0000000 -0.0000000
vn 0.1936160 0.9810774 -0.0000000
vn 0.3700845 0.9289981 -0.0000000
vn 0.5337541 0.8456397 0.0000000
vn 0.6792064 0.7339473 -0.0000000
vn 0.8016695 0.5977675 0.0000000
vn 0.8971560 0.4417139 0.0000000
vn 0.9625753 0.2710143 -0.0000000
vn 0.9958193 0.0913449 0.0000000
vn 0.9958193 -0.0913449 -0.0000000
vn 0.9625753 -0.2710143 0.0000000
vn 0.8971560 -0.4417139 -0.0000000
vn 0.8016695 -0.5977675 -0.0000000
vn 0.6792064 -0.7339473 0.0000000
vn 0.5337541 -0.8456397 -0.0000000
vn 0.3700845 -0.9289981 0.0000000
vn 0.1936160 -0.9810774 0.0000000
vn -0.0000000 -1.0000000 -0.0000000
vn 0.1819396 0.9810774 0.0662206
vn 0.3477657 0.9289981 0.1265763
vn 0.5015648 0.8456397 0.1825546
vn 0.6382453 0.7339473 0.2323023
vn 0.7533229 0.5977675 0.2741871
vn 0.8430508 0.4417139 0.3068454
vn 0.9045249 0.2710143 0.3292202
vn 0.9357641 0.0913449 0.3405903
vn 0.9357641 -0.0913449 0.3405903
vn 0.9045249 -0.2710143 0.3292202
vn 0.8430508 -0.4417139 0.3068454
vn 0.7533229 -0.5977675 0.2741871
vn 0.6382453 -0.7339473 0.2323023
vn 0.5015648 -0.8456397 0.1825546
vn 0.3477657 -0.9289981 0.1265763
vn 0.1819396 -0.9810774 0.0662206
vn 0.1483185 0.9810774 0.1244540
vn 0.2835012 0.9289981 0.2378857
vn 0.4088794 0.8456397 0.3430905
vn 0.5203023 0.7339473 0.4365855
vn 0.6141145 0.5977675 0.5153032
vn 0.6872613 0.4417139 0.5766807
vn 0.7373755 0.2710143 0.6187315
vn 0.7628419 0.0913449 0.6401003
vn 0.7628419 -0.0913449 0.6401003
vn 0.7373755 -0.2710143 0.6187315
vn 0.6872613 -0.4417139 0.5766807
vn 0.6141145 -0.5977675 0.5153032
vn 0.5203023 -0.7339473 0.4365855
vn 0.4088794 -0.8456397 0.3430905
vn 0.2835012 -0.9289981 0.2378857
vn 0.1483185 -0.9810774 0.1244540
vn 0.0968080 0.9810774 0.1676764
vn 0.1850422 0.9289981 0.3205026
vn 0.2668770 0.8456397 0.4622446
vn 0.3396032 0.7339473 0.5882100
vn 0.4008348 0.5977675 0.6942662
vn 0.4485780 0.4417139 0.7769599
vn 0.4812877 0.2710143 0.8336147
vn 0.4979097 0.0913449 0.8624048
vn 0.4979097 -0.0913449 0.8624048
vn 0.4812877 -0.2710143 0.8336147
vn 0.4485780 -0.4417139 0.7769599
vn 0.4008348 -0.5977675 0.6942662
vn 0.3396032 -0.7339473 0.5882100
vn 0.2668770 -0.8456397 0.4622446
vn 0.1850422 -0.9289981 0.3205026
vn 0.0968080 -0.9810774 0.1676764
vn 0.0336211 0.9810774 0.1906746
vn 0.0642645 0.9289981 0.3644621
vn 0.0926854 0.8456397 0.5256452
vn 0.1179430 0.7339473 0.6688877
vn 0.1392084 0.5977675 0.7894903
vn 0.1557895 0.4417139 0.8835262
vn 0.1671495 0.2710143 0.9479516
vn 0.1729222 0.0913449 0.9806906
vn 0.1729222 -0.0913449 0.9806906
vn 0.1671495 -0.2710143 0.9479516
vn 0.1557895 -0.4417139 0.8835262
vn 0.1392084 -0.5977675 0.7894903
vn 0.1179430 -0.7339473 0.6688877
vn 0.0926854 -0.8456397 0.5256452
vn 0.0642645 -0.9289981 0.3644621
vn 0.0336211 -0.9810774 0.1906746
vn -0.0336211 0.9810774 0.1906746
vn -0.0642645 0.9289981 0.3644621
vn -0.0926854 0.8456397 0.5256452
vn -0.1179430 0.7339473 0.6688877
vn -0.1392084 0.5977675 0.7894903
vn -0.1557895 0.4417139 0.8835262
vn -0.1671495 0.2710143 0.9479516
vn -0.1729222 0.0913449 0.9806906
vn -0.1729222 -0.0913449 0.9806906
vn -0.1671495 -0.2710143 0.9479516
vn -0.1557895 -0.4417139 0.8835262
vn -0.1392084 -0.5977675 0.7894903
vn -0.1179430 -0.7339473 0.6688877
vn -0.0926854 -0.8456397 0.5256452
vn -0.0642645 -0.9289981 0.3644621
vn -0.0336211 -0.9810774 0.1906746
vn -0.0968080 0.9810774 0.1676764
vn -0.1850422 0.9289981 0.3205026
vn -0.2668770 0.8456397 0.4622446
vn -0.3396032 0.7339473 0.5882100
vn -0.4008348 0.5977675 0.6942662
vn -0.4485780 0.4417139 0.7769599
vn -0.4812877 0.2710143 0.8336147
vn -0.4979097 0.0913449 0.8624048
vn -0.4979097 -0.0913449 0.8624048
vn -0.4812877 -0.2710143 0.8336147
vn -0.4485780 -0.4417139 0.7769599
vn -0.4008348 -0.5977675 0.6942662
vn -0.3396032 -0.7339473 0.5882100
vn -0.2668770 -0.8456397 0.4622446
vn -0.1850422 -0.9289981 0.3205026
vn -0.0968080 -0.9810774 0.1676764
vn -0.1483185 0.9810774 0.1244540
vn -0.2835012 0.9289981 0.2378857
vn -0.4088794 0.8456397 0.3430905
vn -0.5203023 0.7339473 0.4365855
vn -0.6141145 0.5977675 0.5153032
vn -0.6872613 0.4417139 0.5766807
vn -0.7373755 0.2710143 0.6187315
vn -0.7628419 0.0913449 0.6401003
vn -0.7628419 -0.0913449 0.6401003
vn -0.7373755 -0.2710143 0.6187315
vn -0.6872613 -0.4417139 0.5766807
vn -0.6141145 -0.5977675 0.5153032
vn -0.5203023 -0.7339473 0.4365855
vn -0.4088794 -0.8456397 0.3430905
vn -0.2835012 -0.9289981 0.2378857
vn -0.1483185 -0.9810774 0.1244540
vn -0.1819396 0.9810774 0.0662206
vn -0.3477657 0.9289981 0.1265763
vn -0.5015648 0.8456397 0.1825546
vn -0.6382453 0.7339473 0.2323023
vn -0.7533229 0.5977675 0.2741871
vn -0.8430508 0.4417139 0.3068454
vn -0.9045249 0.2710143 0.3292202
vn -0.9357641 0.0913449 0.3405903
vn -0.9357641 -0.0913449 0.3405903
vn -0.9045249 -0.2710143 0.3292202
vn -0.8430508 -0.4417139 0.3068454
vn -0.7533229 -0.5977675 0.2741871
vn -0.6382453 -0.7339473 0.2323023
vn -0.5015648 -0.8456397 0.1825546
vn -0.3477657 -0.9289981 0.1265763
vn -0.1819396 -0.9810774 0.0662206
vn -0.1936160 0.9810774 0.0000000
vn -0.3700845 0.9289981 0.0000000
vn -0.5337541 0.8456397 -0.0000000
vn -0.6792064 0.7339473 0.0000000
vn -0.8016695 0.5977675 -0.0000000
vn -0.8971560 0.4417139 -0.0000000
vn -0.9625753 0.2710143 0.0000000
vn -0.9958193 0.0913449 -0.0000000
vn -0.9958193 -0.0913449 0.0000000
vn -0.9625753 -0.2710143 -0.0000000
vn -0.8971560 -0.4417139 0.0000000
vn -0.8016695 -0.5977675 0.0000000
vn -0.6792064 -0.7339473 -0.0000000
vn -0.5337541 -0.8456397 0.0000000
vn -0.3700845 -0.9289981 -0.0000000
vn -0.1936160 -0.9810774 -0.0000000
vn -0.1819396 0.9810774 -0.0662206
vn -0.3477657 0.9289981 -0.1265763
vn -0.5015648 0.8456397 -0.1825546
vn -0.6382453 0.7339473 -0.2323023
vn -0.7533229 0.5977675 -0.2741871
vn -0.8430508 0.4417139 -0.3068454
vn -0.9045249 0.2710143 -0.3292202
vn -0.9357641 0.0913449 -0.3405903
vn -0.9357641 -0.0913449 -0.3405903
vn -0.9045249 -0.2710143 -0.3292202
vn -0.8430508 -0.4417139 -0.3068454
vn -0.7533229 -0.5977675 -0.2741871
vn -0.6382453 -0.7339473 -0.2323023
vn -0.5015648 -0.8456397 -0.1825546
vn -0.3477657 -0.9289981 -0.1265763
vn -0.1819396 -0.9810774 -0.0662206
vn -0.1483185 0.9810774 -0.1244540
vn -0.2835012 0.9289981 -0.2378857
vn -0.4088794 0.8456397 -0.3430905
vn -0.5203023 0.7339473 -0.4365855
vn -0.6141145 0.5977675 -0.5153032
vn -0.6872613 0.4417139 -0.5766807
vn -0.7373755 0.2710143 -0.6187315
vn -0.7628419 0.0913449 -0.6401003
vn -0.7628419 -0.0913449 -0.6401003
vn -0.7373755 -0.2710143 -0.6187315
vn -0.6872613 -0.4417139 -0.5766807
vn -0.6141145 -0.5977675 -0.5153032
vn -0.5203023 -0.7339473 -0.4365855
vn -0.4088794 -0.8456397 -0.3430905
vn -0.2835012 -0.9289981 -0.2378857
vn -0.1483185 -0.9810774 -0.1244540
vn -0.0968080 0.9810774 -0.1676764
vn -0.1850422 0.9289981 -0.3205026
vn -0.2668770 0.8456397 -0.4622446
vn -0.3396032 0.7339473 -0.5882100
vn -0.4008348 0.5977675 -0.6942662
vn -0.4485780 0.4417139 -0.7769599
vn -0.4812877 0.2710143 -0.8336147
vn -0.4979097 0.0913449 -0.8624048
vn -0.4979097 -0.0913449 -0.8624048
vn -0.4812877 -0.2710143 -0.8336147
vn -0.4485780 -0.4417139 -0.7769599
vn -0.4008348 -0.5977675 -0.6942662
vn -0.3396032 -0.7339473 -0.5882100
vn -0.2668770 -0.8456397 -0.4622446
vn -0.1850422 -0.9289981 -0.3205026
vn -0.0968080 -0.9810774 -0.1676764
vn -0.0336211 0.9810774 -0.1906746
vn -0.0642645 0.9289981 -0.3644621
vn -0.0926854 0.8456397 -0.5256452
vn -0.1179430 0.7339473 -0.6688877
vn -0.1392084 0.5977675 -0.7894903
vn -0.1557895 0.4417139 -0.8835262
vn -0.1671495 0.2710143 -0.9479516
vn -0.1729222 0.0913449 -0.9806906
vn -0.1729222 -0.0913449 -0.9806906
vn -0.1671495 -0.2710143 -0.9479516
vn -0.1557895 -0.4417139 -0.8835262
vn -0.1392084 -0.5977675 -0.7894903
vn -0.1179430 -0.7339473 -0.6688877
vn -0.0926854 -0.8456397 -0.5256452
vn -0.0642645 -0.9289981 -0.3644621
vn -0.0336211 -0.9810774 -0.1906746
vn 0.0336211 0.9810774 -0.1906746
vn 0.0642645 0.9289981 -0.3644621
vn 0.0926854 0.8456397 -0.5256452
vn 0.1179430 0.7339473 -0.6688877
vn 0.1392084 0.5977675 -0.7894903
vn 0.1557895 0.4417139 -0.8835262
vn 0.1671495 0.2710143 -0.9479516
vn 0.1729222 0.0913449 -0.9806906
vn 0.1729222 -0.0913449 -0.9806906
vn 0.1671495 -0.2710143 -0.9479516
vn 0.1557895 -0.4417139 -0.8835262
vn 0.1392084 -0.5977675 -0.7894903
vn 0.1179430 -0.7339473 -0.6688877
vn 0.0926854 -0.8456397 -0.5256452
vn 0.0642645 -0.9289981 -0.3644621
vn 0.0336211 -0.9810774 -0.1906746
vn 0.0968080 0.9810774 -0.1676764
vn 0.1850422 0.9289981 -0.3205026
vn 0.2668770 0.8456397 -0.4622446
vn 0.3396032 0.7339473 -0.5882100
vn 0.4008348 0.5977675 -0.6942662
vn 0.4485780 0.4417139 -0.7769599
vn 0.4812877 0.2710143 -0.8336147
vn 0.4979097 0.0913449 -0.8624048
vn 0.4979097 -0.0913449 -0.8624048
vn 0.4812877 -0.2710143 -0.8336147
vn 0.4485780 -0.4417139 -0.7769599
vn 0.4008348 -0.5977675 -0.6942662
vn 0.3396032 -0.7339473 -0.5882100
vn 0.2668770 -0.8456397 -0.4622446
vn 0.1850422 -0.9289981 -0.3205026
vn 0.0968080 -0.9810774 -0.1676764
vn 0.1483185 0.9810774 -0.1244540
vn 0.2835012 0.9289981 -0.2378857
vn 0.4088794 0.8456397 -0.3430905
vn 0.5203023 0.7339473 -0.4365855
vn 0.6141145 0.5977675 -0.5153032
vn 0.6872613 0.4417139 -0.5766807
vn 0.7373755 0.2710143 -0.6187315
vn 0.7628419 0.0913449 -0.6401003
vn 0.7628419 -0.0913449 -0.6401003
vn 0.7373755 -0.2710143 -0.6187315
vn 0.6872613 -0.4417139 -0.5766807
vn 0.6141145 -0.5977675 -0.5153032
vn 0.5203023 -0.7339473 -0.4365855
vn 0.4088794 -0.8456397 -0.3430905
vn 0.2835012 -0.9289981 -0.2378857
vn 0.1483185 -0.9810774 -0.1244540
vn 0.1819396 0.9810774 -0.0662206
vn 0.3477657 0.9289981 -0.1265763
vn 0.5015648 0.8456397 -0.1825546
vn 0.6382453 0.7339473 -0.2323023
vn 0.7533229 0.5977675 -0.2741871
vn 0.8430508 0.4417139 -0.3068454
vn 0.9045249 0.2710143 -0.3292202
vn 0.9357641 0.0913449 -0.3405903
vn 0.9357641 -0.0913449 -0.3405903
vn 0.9045249 -0.2710143 -0.3292202
vn 0.8430508 -0.4417139 -0.3068454
vn 0.7533229 -0.5977675 -0.2741871
vn 0.6382453 -0.7339473 -0.2323023
vn 0.5015648 -0.8456397 -0.1825546
vn 0.3477657 -0.9289981 -0.1265763
vn 0.1819396 -0.9810774 -0.0662206
f 2//2 1//1 19//19
f 2//2 19//19 3//3
f 3//3 19//19 20//20
f 3//3 20//20 4//4
f 4//4 20//20 21//21
f 4//4 21//21 5//5
f 5//5 21//21 22//22
f 5//5 22//22 6//6
f 6//6 22//22 23//23
f 6//6 23//23 7//7
f 7//7 23//23 24//24
f 7//7 24//24 8//8
f 8//8 24//24 25//25
f 8//8 25//25 9//9
f 9//9 25//25 26//26
f 9//9 26//26 10//10
f 10//10 26//26 27//27
f 10//10 27//27 11//11
f 11//11 27//27 28//28
f 11//11 28//28 12//12
f 12//12 28//28 29//29
f 12//12 29//29 13//13
f 13//13 29//29 30//30
f 13//13 30//30 14//14
f 14//14 30//30 31//31
f 14//14 31//31 15//15
f 15//15 31//31 32//32
f 15//15 32//32 16//16
f 16//16 32//32 33//33
f 16//16 33//33 17//17
f 17//17 33//33 34//34
f 17//17 34//34 18//18
f 19//19 1//1 35//35
f 19//19 35//35 20//20
f 20//20 35//35 36//36
f 20//20 36//36 21//21
f 21//21 36//36 37//37
f 21//21 37//37 22//22
f 22//22 37//37 38//38
f 22//22 38//38 23//23
f 23//23 38//38 39//39
f 23//23 39//39 24//24
f 24//24 39//39 40//40
f 24//24 40//40 25//25
f 25//25 40//40 41//41
f 25//25 41//41 26//26
f 26//26 41//41 42//42
f 26//26 42//42 27//27
f 27//27 42//42 43//43
f 27//27 43//43 28//28
f 28//28 43//43 44//44
f 28//28 44//44 29//29
f 29//29 44//44 45//45
f 29//29 45//45 30//30
f 30//30 45//45 46//46
f 30//30 46//46 31//31
f 31//31 46//46 47//47
f 31//31 47//47 32//32
f 32//32 47//47 48//48
f 32//32 48//48 33//33
f 33//33 48//48 49//49
f 33//33 49//49 34//34
f 34//34 49//49 50//50
f 34//34 50//50 18//18
f 35//35 1//1 51//51
f 35//35 51//51 36//36
f 36//36 51//51 52//52
f 36//36 52//52 37//37
f 37//37 52//52 53//53
f 37//37 53//53 38//38
f 38//38 53//53 54//54
f 38//38 54//54 39//39
f 39//39 54//54 55//55
f 39//39 55//55 40//40
f 40//40 55//55 56//56
f 40//40 56//56 41//41
f 41//41 56//56 57//57
f 41//41 57//57 42//42
f 42//42 57//57 58//58
f 42//42 58//58 43//43
f 43//43 58//58 59//59
f 43//43 59//59 44//44
f 44//44 59//59 60//60
f 44//44 60//60 45//45
f 45//45 60//60 61//61
f 45//45 61//61 46//46
f 46//46 61//61 62//62
f 46//46 62//62 47//47
f 47//47 62//62 63//63
f 47//47 63//63 48//48
f 48//48 63//63 64//64
f 48//48 64//64 49//49
f 49//49 64//64 65//65
f 49//49 65//65 50//50
f 50//50 65//65 66//66
f 50//50 66//66 18//18
f 51//51 1//1 67//67
f 51//51 67//67 52//52
f 52//52 67//67 68//68
f 52//52 68//68 53//53
f 53//53 68//68 69//69
f 53//53 69//69 54//54
f 54//54 69//69 70//70
f 54//54 70//70 55//55
f 55//55 70//70 71//71
f 55//55 71//71 56//56
f 56//56 71//71 72//72
f 56//56 72//72 57//57
f 57//57 72//72 73//73
f 57//57 73//73 58//58
f 58//58 73//73 74//74
f 58//58 74//74 59//59
f 59//59 74//74 75//75
f 59//59 75//75 60//60
f 60//60 75//75 76//76
f 60//60 76//76 61//61
f 61//61 76//76 77//77
f 61//61 77//77 62//62
f 62//62 77//77 78//78
f 62//62 78//78 63//63
f 63//63 78//78 79//79
f 63//63 79//79 64//64
f 64//64 79//79 80//80
f 64//64 80//80 65//65
f 65//65 80//80 81//81
f 65//65 81//81 66//66
f 66//66 81//81 82//82
f 66//66 82//82 18//18
f 67//67 1//1 83//83
f 67//67 83//83 68//68
f 68//68 83//83 84//84
f 68//68 84//84 69//69
f 69//69 84//84 85//85
f 69//69 85//85 70//70
f 70//70 85//85 86//86
f 70//70 86//86 71//71
f 71//71 86//86 87//87
f 71//71 87//87 72//72
f 72//72 87//87 88//88
f 72//72 88//88 73//73
f 73//73 88//88 89//89
f 73//73 89//89 74//74
f 74//74 89//89 90//90
f 74//74 90//90 75//75
f 75//75 90//90 91//91
f 75//75 91//91 76//76
f 76//76 91//91 92//92
f 76//76 92//92 77//77
f 77//77 92//92 93//93
f 77//77 93//93 78//78
f 78//78 93//93 94//94
f 78//78 94//94 79//79
f 79//79 94//94 95//95
f 79//79 95//95 80//80
f 80//80 95//95 96//96
f 80//80 96//96 81//81
f 81//81 96//96 97//97
f 81//81 97//97 82//82
f 82//82 97//97 98//98
f 82//82 98//98 18//18
f 83//83 1//1 99//99
f 83//83 99//99 84//84
f 84//84 99//99 100//100
f 84//84 100//100 85//85
f 85//85 100//100 101//101
f 85//85 101//101 86//86
f 86//86 101//101 102//102
f 86//86 102//102 87//87
f 87//87 102//102 103//103
f 87//87 103//103 88//88
f 88//88 103//103 104//104
f 88//88 104//104 89//89
f 89//89 104//104 105//105
f 89//89 105//105 90//90
f 90//90 105//105 106//106
f 90//90 106//106 91//91
f 91//91 106//106 107//107
f 91//91 107//107 92//92
f 92//92 107//107 108//108
f 92//92 108//108 93//93
f 93//93 108//108 109//109
f 93//93 109//109 94//94
f 94//94 109//109 110//110
f 94//94 110//110 95//95
f 95//95 110//110 111//111
f 95//95 111//111 96//96
f 96//96 111//111 112//112
f 96//96 112//112 97//97
f 97//97 112//112 113//113
f 97//97 113//113 98//98
f 98//98 113//113 114//114
f 98//98 114//114 18//18
f 99//99 1//1 115//115
f 99//99 115//115 100//100
f 100//100 115//115 116//116
f 100//100 116//116 101//101
f 101//101 116//116 117//117
f 101//101 117//117 102//102
f 102//102 117//117 118//118
f 102//102 118//118 103//103
f 103//103 118//118 119//119
f 103//103 119//119 104//104
f 104//104 119//119 120//120
f 104//104 120//120 105//105
f 105//105 120//120 121//121
f 105//105 121//121 106//106
f 106//106 121//121 122//122
f 106//106 122//122 107//107
f 107//107 122//122 123//123
f 107//107 123//123 108//108
f 108//108 123//123 124//124
f 108//108 124//124 109//109
f 109//109 124//124 125//125
f 109//109 125//125 110//110
f 110//110 125//125 126//126
f 110//110 126//126 111//111
f 111//111 126//126 127//127
f 111//111 127//127 112//112
f 112//112 127//127 128//128
f 112//112 128//128 113//113
f 113//113 128//128 129//129
f 113//113 129//129 114//114
f 114//114 129//129 130//130
f 114//114 130//130 18//18
f 115//115 1//1 131//131
f 115//115 131//131 116//116
f 116//116 131//131 132//132
f 116//116 132//132 117//117
f 117//117 132//132 133//133
f 117//117 133//133 118//118
f 118//118 133//133 134//134
f 118//118 134//134 119//119
f 119//119 134//134 135//135
f 119//119 135//135 120//120
f 120//120 135//135 136//136
f 120//120 136//136 121//121
f 121//121 136//136 137//137
f 121//121 137//137 122//122
f 122//122 137//137 138//138
f 122//122 138//138 123//123
f 123//123 138//138 139//139
f 123//123 139//139 124//124
f 124//124 139//139 140//140
f 124//124 140//140 125//125
f 125//125 140//140 141//141
f 125//125 141//141 126//126
f 126//126 141//141 142//142
f 126//126 142//142 127//127
f 127//127 142//142 143//143
f 127//127 143//143 128//128
f 128//128 143//143 144//144
f 128//128 144//144 129//129
f 129//129 144//144 145//145
f 129//129 145//145 130//130
f 130//130 145//145 146//146
f 130//130 146//146 18//18
f 131//131 1//1 147//147
f 131//131 147//147 132//132
f 132//132 147//147 148//148
f 132//132 148//148 133//133
f 133//133 148//148 149//149
f 133//133 149//149 134//134
f 134//134 149//149 150//150
f 134//134 150//150 135//135
f 135//135 150//150 151//151
f 135//135 151//151 136//136
f 136//136 151//151 152//152
f 136//136 152//152 137//137
f 137//137 152//152 153//153
f 137//137 153//153 138//138
f 138//138 153//153 154//154
f 138//138 154//154 139//139
f 139//139 154//154 155//155
f 139//139 155//155 140//140
f 140//140 155//155 156//156
f 140//140 156//156 141//141
f 141//141 156//156 157//157
f 141//141 157//157 142//142
f 142//142 157//157 158//158
f 142//142 158//158 143//143
f 143//143 158//158 159//159
f 143//143 159//159 144//144
f 144//144 159//159 160//160
f 144//144 160//160 145//145
f 145//145 160//160 161//161
f 145//145 161//161 146//146
f 146//146 161//161 162//162
f 146//146 162//162 18//18
f 147//147 1//1 163//163
f 147//147 163//163 148//148
f 148//148 163//163 164//164
f 148//148 164//164 149//149
f 149//149 164//164 165//165
f 149//149 165//165 150//150
f 150//150 165//165 166//166
f 150//150 166//166 151//151
f 151//151 166//166 167//167
f 151//151 167//167 152//152
f 152//152 167//167 168//168
f 152//152 168//168 153//153
f 153//153 168//168 169//169
f 153//153 169//169 154//154
f 154//154 169//169 170//170
f 154//154 170//170 155//155
f 155//155 170//170 171//171
f 155//155 171//171 156//156
f 156//156 171//171 172//172
f 156//156 172//172 157//157
f 157//157 172//172 173//173
f 157//157 173//173 158//158
f 158//158 173//173 174//174
f 158//158 174//174 159//159
f 159//159 174//174 175//175
f 159//159 175//175 160//160
f 160//160 175//175 176//176
f 160//160 176//176 161//161
f 161//161 176//176 177//177
f 161//161 177//177 162//162
f 162//162 177//177 178//178
f 162//162 178//178 18//18
f 163//163 1//1 179//179
f 163//163 179//179 164//164
f 164//164 179//179 180//180
f 164//164 180//180 165//165
f 165//165 180//180 181//181
f 165//165 181//181 166//166
f 166//166 181//181 182//182
f 166//166 182//182 167//167
f 167//167 182//182 183//183
f 167//167 183//183 168//168
f 168//168 183//183 184//184
f 168//168 184//184 169//169
f 169//169 184//184 185//185
f 169//169 185//185 170//170
f 170//170 185//185 186//186
f 170//170 186//186 171//171
f 171//171 186//186 187//187
f 171//171 187//187 172//172
f 172//172 187//187 188//188
f 172//172 188//188 173//173
f 173//173 188//188 189//189
f 173//173 189//189 174//174
f 174//174 189//189 190//190
f 174//174 190//190 175//175
f 175//175 190//190 191//191
f 175//175 191//191 176//176
f 176//176 191//191 192//192
f 176//176 192//192 177//177
f 177//177 192//192 193//193
f 177//177 193//193 178//178
f 178//178 193//193 194//194
f 178//178 194//194 18//18
f 179//179 1//1 195//195
f 179//179 195//195 180//180
f 180//180 195//195 196//196
f 180//180 196//196 181//181
f 181//181 196//196 197//197
f 181//181 197//197 182//182
f 182//182 197//197 198//198
f 182//182 198//198 183//183
f 183//183 198//198 199//199
f 183//183 199//199 184//184
f 184//184 199//199 200//200
f 184//184 200//200 185//185
f 185//185 200//200 201//201
f 185//185 201//201 186//186
f 186//186 201//201 202//202
f 186//186 202//202 187//187
f 187//187 202//202 203//203
f 187//187 203//203 188//188
f 188//188 203//203 204//204
f 188//188 204//204 189//189
f 189//189 204//204 205//205
f 189//189 205//205 190//190
f 190//190 205//205 206//206
f 190//190 206//206 191//191
f 191//191 206//206 207//207
f 191//191 207//207 192//192
f 192//192 207//207 208//208
f 192//192 208//208 193//193
f 193//193 208//208 209//209
f 193//193 209//209 194//194
f 194//194 209//209 210//210
f 194//194 210//210 18//18
f 195//195 1//1 211//211
f 195//195 211//211 196//196
f 196//196 211//211 212//212
f 196//196 212//212 197//197
f 197//197 212//212 213//213
f 197//197 213//213 198//198
f 198//198 213//213 214//214
f 198//198 214//214 199//199
f 199//199 214//214 215//215
f 199//199 215//215 200//200
f 200//200 215//215 216//216
f 200//200 216//216 201//201
f 201//201 216//216 217//217
f 201//201 217//217 202//202
f 202//202 217//217 218//218
f 202//202 218//218 203//203
f 203//203 218//218 219//219
f 203//203 219//219 204//204
f 204//204 219//219 220//220
f 204//204 220//220 205//205
f 205//205 220//220 221//221
f 205//205 221//221 206//206
f 206//206 221//221 222//222
f 206//206 222//222 207//207
f 207//207 222//222 223//223
f 207//207 223//223 208//208
f 208//208 223//223 224//224
f 208//208 224//224 209//209
f 209//209 224//224 225//225
f 209//209 225//225 210//210
f 210//210 225//225 226//226
f 210//210 226//226 18//18
f 211//211 1//1 227//227
f 211//211 227//227 212//212
f 212//212 227//227 228//228
f 212//212 228//228 213//213
f 213//213 228//228 229//229
f 213//213 229//229 214//214
f 214//214 229//229 230//230
f 214//214 230//230 215//215
f 215//215 230//230 231//231
f 215//215 231//231 216//216
f 216//216 231//231 232//232
f 216//216 232//232 217//217
f 217//217 232//232 233//233
f 217//217 233//233 218//218
f 218//218 233//233 234//234
f 218//218 234//234 219//219
f 219//219 234//234 235//235
f 219//219 235//235 220//220
f 220//220 235//235 236//236
f 220//220 236//236 221//221
f 221//221 236//236 237//237
f 221//221 237//237 222//222
f 222//222 237//237 238//238
f 222//222 238//238 223//223
f 223//223 238//238 239//239
f 223//223 239//239 224//224
f 224//224 239//239 240//240
f 224//224 240//240 225//225
f 225//225 240//240 241//241
f 225//225 241//241 226//226
f 226//226 241//241 242//242
f 226//226 242//242 18//18
f 227//227 1//1 243//243
f 227//227 243//243 228//228
f 228//228 243//243 244//244
f 228//228 244//244 229//229
f 229//229 244//244 245//245
f 229//229 245//245 230//230
f 230//230 245//245 246//246
f 230//230 246//246 231//231
f 231//231 246//246 247//247
f 231//231 247//247 232//232
f 232//232 247//247 248//248
f 232//232 248//248 233//233
f 233//233 248//248 249//249
f 233//233 249//249 234//234
f 234//234 249//249 250//250
f 234//234 250//250 235//235
f 235//235 250//250 251//251
f 235//235 251//251 236//236
f 236//236 251//251 252//252
f 236//236 252//252 237//237
f 237//237 252//252 253//253
f 237//237 253//253 238//238
f 238//238 253//253 254//254
f 238//238 254//254 239//239
f 239//239 254//254 255//255
f 239//239 255//255 240//240
f 240//240 255//255 256//256
f 240//240 256//256 241//241
f 241//241 256//256 257//257
f 241//241 257//257 242//242
f 242//242 257//257 258//258
f 242//242 258//258 18//18
f 243//243 1//1 259//259
f 243//243 259//259 244//244
f 244//244 259//259 260//260
f 244//244 260//260 245//245
f 245//245 260//260 261//261
f 245//245 261//261 246//246
f 246//246 261//261 262//262
f 246//246 262//262 247//247
f 247//247 262//262 263//263
f 247//247 263//263 248//248
f 248//248 263//263 264//264
f 248//248 264//264 249//249
f 249//249 264//264 265//265
f 249//249 265//265 250//250
f 250//250 265//265 266//266
f 250//250 266//266 251//251
f 251//251 266//266 267//267
f 251//251 267//267 252//252
f 252//252 267//267 268//268
f 252//252 268//268 253//253
f 253//253 268//268 269//269
f 253//253 269//269 254//254
f 254//254 269//269 270//270
f 254//254 270//270 255//255
f 255//255 270//270 271//271
f 255//255 271//271 256//256
f 256//256 271//271 272//272
f 256//256 272//272 257//257
f 257//257 272//272 273//273
f 257//257 273//273 258//258
f 258//258 273//273 274//274
f 258//258 274//274 18//18
f 259//259 1//1 275//275
f 259//259 275//275 260//260
f 260//260 275//275 276//276
f 260//260 276//276 261//261
f 261//261 276//276 277//277
f 261//261 277//277 262//262
f 262//262 277//277 278//278
f 262//262 278//278 263//263
f 263//263 278//278 279//279
f 263//263 279//279 264//264
f 264//264 279//279 280//280
f 264//264 280//280 265//265
f 265//265 280//280 281//281
f 265//265 281//281 266//266
f 266//266 281//281 282//282
f 266//266 282//282 267//267
f 267//267 282//282 283//283
f 267//267 283//283 268//268
f 268//268 283//283 284//284
f 268//268 284//284 269//269
f 269//269 284//284 285//285
f 269//269 285//285 270//270
f 270//270 285//285 286//286
f 270//270 286//286 271//271
f 271//271 286//286 287//287
f 271//271 287//287 272//272
f 272//272 287//287 288//288
f 272//272 288//288 273//273
f 273//273 288//288 289//289
f 273//273 289//289 274//274
f 274//274 289//289 290//290
f 274//274 290//290 18//18
f 275//275 1//1 2//2
f 275//275 2//2 276//276
f 276//276 2//2 3//3
f 276//276 3//3 277//277
f 277//277 3//3 4//4
f 277//277 4//4 278//278
f 278//278 4//4 5//5
f 278//278 5//5 279//279
f 279//279 5//5 6//6
f 279//279 6//6 280//280
f 280//280 6//6 7//7
f 280//280 7//7 281//281
f 281//281 7//7 8//8
f 281//281 8//8 282//282
f 282//282 8//8 9//9
f 282//282 9//9 283//283
f 283//283 9//9 10//10
f 283//283 10//10 284//284
f 284//284 10//10 11//11
f 284//284 11//11 285//285
f 285//285 11//11 12//12
f 285//285 12//12 286//286
f 286//286 12//12 13//13
f 286//286 13//13 287//287
f 287//287 13//13 14//14
f 287//287 14//14 288//288
f 288//288 14//14 15//15
f 288//288 15//15 289//289
f 289//289 15//15 16//16
f 289//289 16//16 290//290
f 290//290 16//16 17//17
f 290//290 17//17 18//18
f 292//292 291//291 309//309
f 292//292 309//309 293//293
f 293//293 309//309 310//310
f 293//293 310//310 294//294
f 294//294 310//310 311//311
f 294//294 311//311 295//295
f 295//295 311//311 312//312
f 295//295 312//312 296//296
f 296//296 312//312 313//313
f 296//296 313//313 297//297
f 297//297 313//313 314//314
f 297//297 314//314 298//298
f 298//298 314//314 315//315
f 298//298 315//315 299//299
f 299//299 315//315 316//316
f 299//299 316//316 300//300
f 300//300 316//316 317//317
f 300//300 317//317 301//301
f 301//301 317//317 318//318
f 301//301 318//318 302//302
f 302//302 318//318 319//319
f 302//302 319//319 303//303
f 303//303 319//319 320//320
f 303//303 320//320 304//304
f 304//304 320//320 321//321
f 304//304 321//321 305//305
f 305//305 321//321 322//322
f 305//305 322//322 306//306
f 306//306 322//322 323//323
f 306//306 323//323 307//307
f 307//307 323//323 324//324
f 307//307 324//324 308//308
f 309//309 291//291 325//325
f 309//309 325//325 310//310
f 310//310 325//325 326//326
f 310//310 326//326 311//311
f 311//311 326//326 327//327
f 311//311 327//327 312//312
f 312//312 327//327 328//328
f 312//312 328//328 313//313
f 313//313 328//328 329//329
f 313//313 329//329 314//314
f 314//314 329//329 330//330
f 314//314 330//330 315//315
f 315//315 330//330 331//331
f 315//315 331//331 316//316
f 316//316 331//331 332//332
f 316//316 332//332 317//317
f 317//317 332//332 333//333
f 317//317 333//333 318//318
f 318//318 333//333 334//334
f 318//318 334//334 319//319
f 319//319 334//334 335//335
f 319//319 335//335 320//320
f 320//320 335//335 336//336
f 320//320 336//336 321//321
f 321//321 336//336 337//337
f 321//321 337//337 322//322
f 322//322 337//337 338//338
f 322//322 338//338 323//323
f 323//323 338//338 339//339
f 323//323 339//339 324//324
f 324//324 339//339 340//340
f 324//324 340//340 308//308
f 325//325 291//291 341//341
f 325//325 341//341 326//326
f 326//326 341//341 342//342
f 326//326 342//342 327//327
f 327//327 342//342 343//343
f 327//327 343//343 328//328
f 328//328 343//343 344//344
f 328//328 344//344 329//329
f 329//329 344//344 345//345
f 329//329 345//345 330//330
f 330//330 345//345 346//346
f 330//330 346//346 331//331
f 331//331 346//346 347//347
f 331//331 347//347 332//332
f 332//332 347//347 348//348
f 332//332 348//348 333//333
f 333//333 348//348 349//349
f 333//333 349//349 334//334
f 334//334 349//349 350//350
f 334//334 350//350 335//335
f 335//335 350//350 351//351
f 335//335 351//351 336//336
f 336//336 351//351 352//352
f 336//336 352//352 337//337
f 337//337 352//352 353//353
f 337//337 353//353 338//338
f 338//338 353//353 354//354
f 338//338 354//354 339//339
f 339//339 354//354 355//355
f 339//339 355//355 340//340
f 340//340 355//355 356//356
f 340//340 356//356 308//308
f 341//341 291//291 357//357
f 341//341 357//357 342//342
f 342//342 357//357 358//358
f 342//342 358//358 343//343
f 343//343 358//358 359//359
f 343//343 359//359 344//344
f 344//344 359//359 360//360
f 344//344 360//360 345//345
f 345//345 360//360 361//361
f 345//345 361//361 346//346
f 346//346 361//361 362//362
f 346//346 362//362 347//347
f 347//347 362//362 363//363
f 347//347 363//363 348//348
f 348//348 363//363 364//364
f 348//348 364//364 349//349
f 349//349 364//364 365//365
f 349//349 365//365 350//350
f 350//350 365//365 366//366
f 350//350 366//366 351//351
f 351//351 366//366 367//367
f 351//351 367//367 352//352
f 352//352 367//367 368//368
f 352//352 368//368 353//353
f 353//353 368//368 369//369
f 353//353 369//369 354//354
f 354//354 369//369 370//370
f 354//354 370//370 355//355
f 355//355 370//370 371//371
f 355//355 371//371 356//356
f 356//356 371//371 372//372
f 356//356 372//372 308//308
f 357//357 291//291 373//373
f 357//357 373//373 358//358
f 358//358 373//373 374//374
f 358//358 374//374 359//359
f 359//359 374//374 375//375
f 359//359 375//375 360//360
f 360//360 375//375 376//376
f 360//360 376//376 361//361
f 361//361 376//376 377//377
f 361//361 377//377 362//362
f 362//362 377//377 378//378
f 362//362 378//378 363//363
f 363//363 378//378 379//379
f 363//363 379//379 364//364
f 364//364 379//379 380//380
f 364//364 380//380 365//365
f 365//365 380//380 381//381
f 365//365 381//381 366//366
f 366//366 381//381 382//382
f 366//366 382//382 367//367
f 367//367 382//382 383//383
f 367//367 383//383 368//368
f 368//368 383//383 384//384
f 368//368 384//384 369//369
f 369//369 384//384 385//385
f 369//369 385//385 370//370
f 370//370 385//385 386//386
f 370//370 386//386 371//371
f 371//371 386//386 387//387
f 371//371 387//387 372//372
f 372//372 387//387 388//388
f 372//372 388//388 308//308
f 373//373 291//291 389//389
f 373//373 389//389 374//374
f 374//374 389//389 390//390
f 374//374 390//390 375//375
f 375//375 390//390 391//391
f 375//375 391//391 376//376
f 376//376 391//391 392//392
f 376//376 392//392 377//377
f 377//377 392//392 393//393
f 377//377 393//393 378//378
f 378//378 393//393 394//394
f 378//378 394//394 379//379
f 379//379 394//394 395//395
f 379//379 395//395 380//380
f 380//380 395//395 396//396
f 380//380 396//396 381//381
f 381//381 396//396 397//397
f 381//381 397//397 382//382
f 382//382 397//397 398//398
f 382//382 398//398 383//383
f 383//383 398//398 399//399
f 383//383 399//399 384//384
f 384//384 399//399 400//400
f 384//384 400//400 385//385
f 385//385 400//400 401//401
f 385//385 401//401 386//386
f 386//386 401//401 402//402
f 386//386 402//402 387//387
f 387//387 402//402 403//403
f 387//387 403//403 388//388
f 388//388 403//403 404//404
f 388//388 404//404 308//308
f 389//389 291//291 405//405
f 389//389 405//405 390//390
f 390//390 405//405 406//406
f 390//390 406//406 391//391
f 391//391 406//406 407//407
f 391//391 407//407 392//392
f 392//392 407//407 408//408
f 392//392 408//408 393//393
f 393//393 408//408 409//409
f 393//393 409//409 394//394
f 394//394 409//409 410//410
f 394//394 410//410 395//395
f 395//395 410//410 411//411
f 395//395 411//411 396//396
f 396//396 411//411 412//412
f 396//396 412//412 397//397
f 397//397 412//412 413//413
f 397//397 413//413 398//398
f 398//398 413//413 414//414
f 398//398 414//414 399//399
f 399//399 414//414 415//415
f 399//399 415//415 400//400
f 400//400 415//415 416//416
f 400//400 416//416 401//401
f 401//401 416//416 417//417
f 401//401 417//417 402//402
f 402//402 417//417 418//418
f 402//402 418//418 403//403
f 403//403 418//418 419//419
f 403//403 419//419 404//404
f 404//404 419//419 420//420
f 404//404 420//420 308//308
f 405//405 291//291 421//421
f 405//405 421//421 406//406
f 406//406 421//421 422//422
f 406//406 422//422 407//407
f 407//407 422//422 423//423
f 407//407 423//423 408//408
f 408//408 423//423 424//424
f 408//408 424//424 409//409
f 409//409 424//424 425//425
f 409//409 425//425 410//410
f 410//410 425//425 426//426
f 410//410 426//426 411//411
f 411//411 426//426 427//427
f 411//411 427//427 412//412
f 412//412 427//427 428//428
f 412//412 428//428 413//413
f 413//413 428//428 429//429
f 413//413 429//429 414//414
f 414//414 429//429 430//430
f 414//414 430//430 415//415
f 415//415 430//430 431//431
f 415//415 431//431 416//416
f 416//416 431//431 432//432
f 416//416 432//432 417//417
f 417//417 432//432 433//433
f 417//417 433//433 418//418
f 418//418 433//433 434//434
f 418//418 434//434 419//419
f 419//419 434//434 435//435
f 419//419 435//435 420//420
f 420//420 435//435 436//436
f 420//420 436//436 308//308
f 421//421 291//291 437//437
f 421//421 437//437 422//422
f 422//422 437//437 438//438
f 422//422 438//438 423//423
f 423//423 438//438 439//439
f 423//423 439//439 424//424
f 424//424 439//439 440//440
f 424//424 440//440 425//425
f 425//425 440//440 441//441
f 425//425 441//441 426//426
f 426//426 441//441 442//442
f 426//426 442//442 427//427
f 427//427 442//442 443//443
f 427//427 443//443 428//428
f 428//428 443//443 444//444
f 428//428 444//444 429//429
f 429//429 444//444 445//445
f 429//429 445//445 430//430
f 430//430 445//445 446//446
f 430//430 446//446 431//431
f 431//431 446//446 447//447
f 431//431 447//447 432//432
f 432//432 447//447 448//448
f 432//432 448//448 433//433
f 433//433 448//448 449//449
f 433//433 449//449 434//434
f 434//434 449//449 450//450
f 434//434 450//450 435//435
f 435//435 450//450 451//451
f 435//435 451//451 436//436
f 436//436 451//451 452//452
f 436//436 452//452 308//308
f 437//437 291//291 453//453
f 437//437 453//453 438//438
f 438//438 453//453 454//454
f 438//438 454//454 439//439
f 439//439 454//454 455//455
f 439//439 455//455 440//440
f 440//440 455//455 456//456
f 440//440 456//456 441//441
f 441//441 456//456 457//457
f 441//441 457//457 442//442
f 442//442 457//457 458//458
f 442//442 458//458 443//443
f 443//443 458//458 459//459
f 443//443 459//459 444//444
f 444//444 459//459 460//460
f 444//444 460//460 445//445
f 445//445 460//460 461//461
f 445//445 461//461 446//446
f 446//446 461//461 462//462
f 446//446 462//462 447//447
f 447//447 462//462 463//463
f 447//447 463//463 448//448
f 448//448 463//463 464//464
f 448//448 464//464 449//449
f 449//449 464//464 465//465
f 449//449 465//465 450//450
f 450//450 465//465 466//466
f 450//450 466//466 451//451
f 451//451 466//466 467//467
f 451//451 467//467 452//452
f 452//452 467//467 468//468
f 452//452 468//468 308//308
f 453//453 291//291 469//469
f 453//453 469//469 454//454
f 454//454 469//469 470//470
f 454//454 470//470 455//455
f 455//455 470//470 471//471
f 455//455 471//471 456//456
f 456//456 471//471 472//472
f 456//456 472//472 457//457
f 457//457 472//472 473//473
f 457//457 473//473 458//458
f 458//458 473//473 474//474
f 458//458 474//474 459//459
f 459//459 474//474 475//475
f 459//459 475//475 460//460
f 460//460 475//475 476//476
f 460//460 476//476 461//461
f 461//461 476//476 477//477
f 461//461 477//477 462//462
f 462//462 477//477 478//478
f 462//462 478//478 463//463
f 463//463 478//478 479//479
f 463//463 479//479 464//464
f 464//464 479//479 480//480
f 464//464 480//480 465//465
f 465//465 480//480 481//481
f 465//465 481//481 466//466
f 466//466 481//481 482//482
f 466//466 482//482 467//467
f 467//467 482//482 483//483
f 467//467 483//483 468//468
f 468//468 483//483 484//484
f 468//468 484//484 308//308
f 469//469 291//291 485//485
f 469//469 485//485 470//470
f 470//470 485//485 486//486
f 470//470 486//486 471//471
f 471//471 486//486 487//487
f 471//471 487//487 472//472
f 472//472 487//487 488//488
f 472//472 488//488 473//473
f 473//473 488//488 489//489
f 473//473 489//489 474//474
f 474//474 489//489 490//490
f 474//474 490//490 475//475
f 475//475 490//490 491//491
f 475//475 491//491 476//476
f 476//476 491//491 492//492
f 476//476 492//492 477//477
f 477//477 492//492 493//493
f 477//477 493//493 478//478
f 478//478 493//493 494//494
f 478//478 494//494 479//479
f 479//479 494//494 495//495
f 479//479 495//495 480//480
f 480//480 495//495 496//496
f 480//480 496//496 481//481
f 481//481 496//496 497//497
f 481//481 497//497 482//482
f 482//482 497//497 498//498
f 482//482 498//498 483//483
f 483//483 498//498 499//499
f 483//483 499//499 484//484
f 484//484 499//499 500//500
f 484//484 500//500 308//308
f 485//485 291//291 501//501
f 485//485 501//501 486//486
f 486//486 501//501 502//502
f 486//486 502//502 487//487
f 487//487 502//502 503//503
f 487//487 503//503 488//488
f 488//488 503//503 504//504
f 488//488 504//504 489//489
f 489//489 504//504 505//505
f 489//489 505//505 490//490
f 490//490 505//505 506//506
f 490//490 506//506 491//491
f 491//491 506//506 507//507
f 491//491 507//507 492//492
f 492//492 507//507 508//508
f 492//492 508//508 493//493
f 493//493 508//508 509//509
f 493//493 509//509 494//494
f 494//494 509//509 510//510
f 494//494 510//510 495//495
f 495//495 510//510 511//511
f 495//495 511//511 496//496
f 496//496 511//511 512//512
f 496//496 512//512 497//497
f 497//497 512//512 513//513
f 497//497 513//513 498//498
f 498//498 513//513 514//514
f 498//498 514//514 499//499
f 499//499 514//514 515//515
f 499//499 515//515 500//500
f 500//500 515//515 516//516
f 500//500 516//516 308//308
f 501//501 291//291 517//517
f 501//501 517//517 502//502
f 502//502 517//517 518//518
f 502//502 518//518 503//503
f 503//503 518//518 519//519
f 503//503 519//519 504//504
f 504//504 519//519 520//520
f 504//504 520//520 505//505
f 505//505 520//520 521//521
f 505//505 521//521 506//506
f 506//506 521//521 522//522
f 506//506 522//522 507//507
f 507//507 522//522 523//523
f 507//507 523//523 508//508
f 508//508 523//523 524//524
f 508//508 524//524 509//509
f 509//509 524//524 525//525
f 509//509 525//525 510//510
f 510//510 525//525 526//526
f 510//510 526//526 511//511
f 511//511 526//526 527//527
f 511//511 527//527 512//512
f 512//512 527//527 528//528
f 512//512 528//528 513//513
f 513//513 528//528 529//529
f 513//513 529//529 514//514
f 514//514 529//529 530//530
f 514//514 530//530 515//515
f 515//515 530//530 531//531
f 515//515 531//531 516//516
f 516//516 531//531 532//532
f 516//516 532//532 308//308
f 517//517 291//291 533//533
f 517//517 533//533 518//518
f 518//518 533//533 534//534
f 518//518 534//534 519//519
f 519//519 534//534 535//535
f 519//519 535//535 520//520
f 520//520 535//535 536//536
f 520//520 536//536 521//521
f 521//521 536//536 537//537
f 521//521 537//537 522//522
f 522//522 537//537 538//538
f 522//522 538//538 523//523
f 523//523 538//538 539//539
f 523//523 539//539 524//524
f 524//524 539//539 540//540
f 524//524 540//540 525//525
f 525//525 540//540 541//541
f 525//525 541//541 526//526
f 526//526 541//541 542//542
f 526//526 542//542 527//527
f 527//527 542//542 543//543
f 527//527 543//543 528//528
f 528//528 543//543 544//544
f 528//528 544//544 529//529
f 529//529 544//544 545//545
f 529//529 545//545 530//530
f 530//530 545//545 546//546
f 530//530 546//546 531//531
f 531//531 546//546 547//547
f 531//531 547//547 532//532
f 532//532 547//547 548//548
f 532//532 548//548 308//308
f 533//533 291//291 549//549
f 533//533 549//549 534//534
f 534//534 549//549 550//550
f 534//534 550//550 535//535
f 535//535 550//550 551//551
f 535//535 551//551 536//536
f 536//536 551//551 552//552
f 536//536 552//552 537//537
f 537//537 552//552 553//553
f 537//537 553//553 538//538
f 538//538 553//553 554//554
f 538//538 554//554 539//539
f 539//539 554//554 555//555
f 539//539 555//555 540//540
f 540//540 555//555 556//556
f 540//540 556//556 541//541
f 541//541 556//556 557//557
f 541//541 557//557 542//542
f 542//542 557//557 558//558
f 542//542 558//558 543//543
f 543//543 558//558 559//559
f 543//543 559//559 544//544
f 544//544 559//559 560//560
f 544//544 560//560 545//545
f 545//545 560//560 561//561
f 545//545 561//561 546//546
f 546//546 561//561 562//562
f 546//546 562//562 547//547
f 547//547 562//562 563//563
f 547//547 563//563 548//548
f 548//548 563//563 564//564
f 548//548 564//564 308//308
f 549//549 291//291 565//565
f 549//549 565//565 550//550
f 550//550 565//565 566//566
f 550//550 566//566 551//551
f 551//551 566//566 567//567
f 551//551 567//567 552//552
f 552//552 567//567 568//568
f 552//552 568//568 553//553
f 553//553 568//568 569//569
f 553//553 569//569 554//554
f 554//554 569//569 570//570
f 554//554 570//570 555//555
f 555//555 570//570 571//571
f 555//555 571//571 556//556
f 556//556 571//571 572//572
f 556//556 572//572 557//557
f 557//557 572//572 573//573
f 557//557 573//573 558//558
f 558//558 573//573 574//574
f 558//558 574//574 559//559
f 559//559 574//574 575//575
f 559//559 575//575 560//560
f 560//560 575//575 576//576
f 560//560 576//576 561//561
f 561//561 576//576 577//577
f 561//561 577//577 562//562
f 562//562 577//577 578//578
f 562//562 578//578 563//563
f 563//563 578//578 579//579
f 563//563 579//579 564//564
f 564//564 579//579 580//580
f 564//564 580//580 308//308
f 565//565 291//291 292//292
f 565//565 292//292 566//566
f 566//566 292//292 293//293
f 566//566 293//293 567//567
f 567//567 293//293 294//294
f 567//567 294//294 568//568
f 568//568 294//294 295//295
f 568//568 295//295 569//569
f 569//569 295//295 296//296
f 569//569 296//296 570//570
f 570//570 296//296 297//297
f 570//570 297//297 571//571
f 571//571 297//297 298//298
f 571//571 298//298 572//572
f 572//572 298//298 299//299
f 572//572 299//299 573//573
f 573//573 299//299 300//300
f 573//573 300//300 574//574
f 574//574 300//300 301//301
f 574//574 301//301 575//575
f 575//575 301//301 302//302
f 575//575 302//302 576//576
f 576//576 302//302 303//303
f 576//576 303//303 577//577
f 577//577 303//303 304//304
f 577//577 304//304 578//578
f 578//578 304//304 305//305
f 578//578 305//305 579//579
f 579//579 305//305 306//306
f 579//579 306//306 580//580
f 580//580 306//306 307//307
f 580//580 307//307 308//308
f 582//582 581//581 599//599
f 582//582 599//599 583//583
f 583//583 599//599 600//600
f 583//583 600//600 584//584
f 584//584 600//600 601//601
f 584//584 601//601 585//585
f 585//585 601//601 602//602
f 585//585 602//602 586//586
f 586//586 602//602 603//603
f 586//586 603//603 587//587
f 587//587 603//603 604//604
f 587//587 604//604 588//588
f 588//588 604//604 605//605
f 588//588 605//605 589//589
f 589//589 605//605 606//606
f 589//589 606//606 590//590
f 590//590 606//606 607//607
f 590//590 607//607 591//591
f 591//591 607//607 608//608
f 591//591 608//608 592//592
f 592//592 608//608 609//609
f 592//592 609//609 593//593
f 593//593 609//609 610//610
f 593//593 610//610 594//594
f 594//594 610//610 611//611
f 594//594 611//611 595//595
f 595//595 611//611 612//612
f 595//595 612//612 596//596
f 596//596 612//612 613//613
f 596//596 613//613 597//597
f 597//597 613//613 614//614
f 597//597 614//614 598//598
f 599//599 581//581 615//615
f 599//599 615//615 600//600
f 600//600 615//615 616//616
f 600//600 616//616 601//601
f 601//601 616//616 617//617
f 601//601 617//617 602//602
f 602//602 617//617 618//618
f 602//602 618//618 603//603
f 603//603 618//618 619//619
f 603//603 619//619 604//604
f 604//604 619//619 620//620
f 604//604 620//620 605//605
f 605//605 620//620 621//621
f 605//605 621//621 606//606
f 606//606 621//621 622//622
f 606//606 622//622 607//607
f 607//607 622//622 623//623
f 607//607 623//623 608//608
f 608//608 623//623 624//624
f 608//608 624//624 609//609
f 609//609 624//624 625//625
f 609//609 625//625 610//610
f 610//610 625//625 626//626
f 610//610 626//626 611//611
f 611//611 626//626 627//627
f 611//611 627//627 612//612
f 612//612 627//627 628//628
f 612//612 628//628 613//613
f 613//613 628//628 629//629
f 613//613 629//629 614//614
f 614//614 629//629 630//630
f 614//614 630//630 598//598
f 615//615 581//581 631//631
f 615//615 631//631 616//616
f 616//616 631//631 632//632
f 616//616 632//632 617//617
f 617//617 632//632 633//633
f 617//617 633//633 618//618
f 618//618 633//633 634//634
f 618//618 634//634 619//619
f 619//619 634//634 635//635
f 619//619 635//635 620//620
f 620//620 635//635 636//636
f 620//620 636//636 621//621
f 621//621 636//636 637//637
f 621//621 637//637 622//622
f 622//622 637//637 638//638
f 622//622 638//638 623//623
f 623//623 638//638 639//639
f 623//623 639//639 624//624
f 624//624 639//639 640//640
f 624//624 640//640 625//625
f 625//625 640//640 641//641
f 625//625 641//641 626//626
f 626//626 641//641 642//642
f 626//626 642//642 627//627
f 627//627 642//642 643//643
f 627//627 643//643 628//628
f 628//628 643//643 644//644
f 628//628 644//644 629//629
f 629//629 644//644 645//645
f 629//629 645//645 630//630
f 630//630 645//645 646//646
f 630//630 646//646 598//598
f 631//631 581//581 647//647
f 631//631 647//647 632//632
f 632//632 647//647 648//648
f 632//632 648//648 633//633
f 633//633 648//648 649//649
f 633//633 649//649 634//634
f 634//634 649//649 650//650
f 634//634 650//650 635//635
f 635//635 650//650 651//651
f 635//635 651//651 636//636
f 636//636 651//651 652//652
f 636//636 652//652 637//637
f 637//637 652//652 653//653
f 637//637 653//653 638//638
f 638//638 653//653 654//654
f 638//638 654//654 639//639
f 639//639 654//654 655//655
f 639//639 655//655 640//640
f 640//640 655//655 656//656
f 640//640 656//656 641//641
f 641//641 656//656 657//657
f 641//641 657//657 642//642
f 642//642 657//657 658//658
f 642//642 658//658 643//643
f 643//643 658//658 659//659
f 643//643 659//659 644//644
f 644//644 659//659 660//660
f 644//644 660//660 645//645
f 645//645 660//660 661//661
f 645//645 661//661 646//646
f 646//646 661//661 662//662
f 646//646 662//662 598//598
f 647//647 581//581 663//663
f 647//647 663//663 648//648
f 648//648 663//663 664//664
f 648//648 664//664 649//649
f 649//649 664//664 665//665
f 649//649 665//665 650//650
f 650//650 665//665 666//666
f 650//650 666//666 651//651
f 651//651 666//666 667//667
f 651//651 667//667 652//652
f 652//652 667//667 668//668
f 652//652 668//668 653//653
f 653//653 668//668 669//669
f 653//653 669//669 654//654
f 654//654 669//669 670//670
f 654//654 670//670 655//655
f 655//655 670//670 671//671
f 655//655 671//671 656//656
f 656//656 671//671 672//672
f 656//656 672//672 657//657
f 657//657 672//672 673//673
f 657//657 673//673 658//658
f 658//658 673//673 674//674
f 658//658 674//674 659//659
f 659//659 674//674 675//675
f 659//659 675//675 660//660
f 660//660 675//675 676//676
f 660//660 676//676 661//661
f 661//661 676//676 677//677
f 661//661 677//677 662//662
f 662//662 677//677 678//678
f 662//662 678//678 598//598
f 663//663 581//581 679//679
f 663//663 679//679 664//664
f 664//664 679//679 680//680
f 664//664 680//680 665//665
f 665//665 680//680 681//681
f 665//665 681//681 666//666
f 666//666 681//681 682//682
f 666//666 682//682 667//667
f 667//667 682//682 683//683
f 667//667 683//683 668//668
f 668//668 683//683 684//684
f 668//668 684//684 669//669
f 669//669 684//684 685//685
f 669//669 685//685 670//670
f 670//670 685//685 686//686
f 670//670 686//686 671//671
f 671//671 686//686 687//687
f 671//671 687//687 672//672
f 672//672 687//687 688//688
f 672//672 688//688 673//673
f 673//673 688//688 689//689
f 673//673 689//689 674//674
f 674//674 689//689 690//690
f 674//674 690//690 675//675
f 675//675 690//690 691//691
f 675//675 691//691 676//676
f 676//676 691//691 692//692
f 676//676 692//692 677//677
f 677//677 692//692 693//693
f 677//677 693//693 678//678
f 678//678 693//693 694//694
f 678//678 694//694 598//598
f 679//679 581//581 695//695
f 679//679 695//695 680//680
f 680//680 695//695 696//696
f 680//680 696//696 681//681
f 681//681 696//696 697//697
f 681//681 697//697 682//682
f 682//682 697//697 698//698
f 682//682 698//698 683//683
f 683//683 698//698 699//699
f 683//683 699//699 684//684
f 684//684 699//699 700//700
f 684//684 700//700 685//685
f 685//685 700//700 701//701
f 685//685 701//701 686//686
f 686//686 701//701 702//702
f 686//686 702//702 687//687
f 687//687 702//702 703//703
f 687//687 703//703 688//688
f 688//688 703//703 704//704
f 688//688 704//704 689//689
f 689//689 704//704 705//705
f 689//689 705//705 690//690
f 690//690 705//705 706//706
f 690//690 706//706 691//691
f 691//691 706//706 707//707
f 691//691 707//707 692//692
f 692//692 707//707 708//708
f 692//692 708//708 693//693
f 693//693 708//708 709//709
f 693//693 709//709 694//694
f 694//694 709//709 710//710
f 694//694 710//710 598//598
f 695//695 581//581 711//711
f 695//695 711//711 696//696
f 696//696 711//711 712//712
f 696//696 712//712 697//697
f 697//697 712//712 713//713
f 697//697 713//713 698//698
f 698//698 713//713 714//714
f 698//698 714//714 699//699
f 699//699 714//714 715//715
f 699//699 715//715 700//700
f 700//700 715//715 716//716
f 700//700 716//716 701//701
f 701//701 716//716 717//717
f 701//701 717//717 702//702
f 702//702 717//717 718//718
f 702//702 718//718 703//703
f 703//703 718//718 719//719
f 703//703 719//719 704//704
f 704//704 719//719 720//720
f 704//704 720//720 705//705
f 705//705 720//720 721//721
f 705//705 721//721 706//706
f 706//706 721//721 722//722
f 706//706 722//722 707//707
f 707//707 722//722 723//723
f 707//707 723//723 708//708
f 708//708 723//723 724//724
f 708//708 724//724 709//709
f 709//709 724//724 725//725
f 709//709 725//725 710//710
f 710//710 725//725 726//726
f 710//710 726//726 598//598
f 711//711 581//581 727//727
f 711//711 727//727 712//712
f 712//712 727//727 728//728
f 712//712 728//728 713//713
f 713//713 728//728 729//729
f 713//713 729//729 714//714
f 714//714 729//729 730//730
f 714//714 730//730 715//715
f 715//715 730//730 731//731
f 715//715 731//731 716//716
f 716//716 731//731 732//732
f 716//716 732//732 717//717
f 717//717 732//732 733//733
f 717//717 733//733 718//718
f 718//718 733//733 734//734
f 718//718 734//734 719//719
f 719//719 734//734 735//735
f 719//719 735//735 720//720
f 720//720 735//735 736//736
f 720//720 736//736 721//721
f 721//721 736//736 737//737
f 721//721 737//737 722//722
f 722//722 737//737 738//738
f 722//722 738//738 723//723
f 723//723 738//738 739//739
f 723//723 739//739 724//724
f 724//724 739//739 740//740
f 724//724 740//740 725//725
f 725//725 740//740 741//741
f 725//725 741//741 726//726
f 726//726 741//741 742//742
f 726//726 742//742 598//598
f 727//727 581//581 743//743
f 727//727 743//743 728//728
f 728//728 743//743 744//744
f 728//728 744//744 729//729
f 729//729 744//744 745//745
f 729//729 745//745 730//730
f 730//730 745//745 746//746
f 730//730 746//746 731//731
f 731//731 746//746 747//747
f 731//731 747//747 732//732
f 732//732 747//747 748//748
f 732//732 748//748 733//733
f 733//733 748//748 749//749
f 733//733 749//749 734//734
f 734//734 749//749 750//750
f 734//734 750//750 735//735
f 735//735 750//750 751//751
f 735//735 751//751 736//736
f 736//736 751//751 752//752
f 736//736 752//752 737//737
f 737//737 752//752 753//753
f 737//737 753//753 738//738
f 738//738 753//753 754//754
f 738//738 754//754 739//739
f 739//739 754//754 755//755
f 739//739 755//755 740//740
f 740//740 755//755 756//756
f 740//740 756//756 741//741
f 741//741 756//756 757//757
f 741//741 757//757 742//742
f 742//742 757//757 758//758
f 742//742 758//758 598//598
f 743//743 581//581 759//759
f 743//743 759//759 744//744
f 744//744 759//759 760//760
f 744//744 760//760 745//745
f 745//745 760//760 761//761
f 745//745 761//761 746//746
f 746//746 761//761 762//762
f 746//746 762//762 747//747
f 747//747 762//762 763//763
f 747//747 763//763 748//748
f 748//748 763//763 764//764
f 748//748 764//764 749//749
f 749//749 764//764 765//765
f 749//749 765//765 750//750
f 750//750 765//765 766//766
f 750//750 766//766 751//751
f 751//751 766//766 767//767
f 751//751 767//767 752//752
f 752//752 767//767 768//768
f 752//752 768//768 753//753
f 753//753 768//768 769//769
f 753//753 769//769 754//754
f 754//754 769//769 770//770
f 754//754 770//770 755//755
f 755//755 770//770 771//771
f 755//755 771//771 756//756
f 756//756 771//771 772//772
f 756//756 772//772 757//757
f 757//757 772//772 773//773
f 757//757 773//773 758//758
f 758//758 773//773 774//774
f 758//758 774//774 598//598
f 759//759 581//581 775//775
f 759//759 775//775 760//760
f 760//760 775//775 776//776
f 760//760 776//776 761//761
f 761//761 776//776 777//777
f 761//761 777//777 762//762
f 762//762 777//777 778//778
f 762//762 778//778 763//763
f 763//763 778//778 779//779
f 763//763 779//779 764//764
f 764//764 779//779 780//780
f 764//764 780//780 765//765
f 765//765 780//780 781//781
f 765//765 781//781 766//766
f 766//766 781//781 782//782
f 766//766 782//782 767//767
f 767//767 782//782 783//783
f 767//767 783//783 768//768
f 768//768 783//783 784//784
f 768//768 784//784 769//769
f 769//769 784//784 785//785
f 769//769 785//785 770//770
f 770//770 785//785 786//786
f 770//770 786//786 771//771
f 771//771 786//786 787//787
f 771//771 787//787 772//772
f 772//772 787//787 788//788
f 772//772 788//788 773//773
f 773//773 788//788 789//789
f 773//773 789//789 774//774
f 774//774 789//789 790//790
f 774//774 790//790 598//598
f 775//775 581//581 791//791
f 775//775 791//791 776//776
f 776//776 791//791 792//792
f 776//776 792//792 777//777
f 777//777 792//792 793//793
f 777//777 793//793 778//778
f 778//778 793//793 794//794
f 778//778 794//794 779//779
f 779//779 794//794 795//795
f 779//779 795//795 780//780
f 780//780 795//795 796//796
f 780//780 796//796 781//781
f 781//781 796//796 797//797
f 781//781 797//797 782//782
f 782//782 797//797 798//798
f 782//782 798//798 783//783
f 783//783 798//798 799//799
f 783//783 799//799 784//784
f 784//784 799//799 800//800
f 784//784 800//800 785//785
f 785//785 800//800 801//801
f 785//785 801//801 786//786
f 786//786 801//801 802//802
f 786//786 802//802 787//787
f 787//787 802//802 803//803
f 787//787 803//803 788//788
f 788//788 803//803 804//804
f 788//788 804//804 789//789
f 789//789 804//804 805//805
f 789//789 805//805 790//790
f 790//790 805//805 806//806
f 790//790 806//806 598//598
f 791//791 581//581 807//807
f 791//791 807//807 792//792
f 792//792 807//807 808//808
f 792//792 808//808 793//793
f 793//793 808//808 809//809
f 793//793 809//809 794//794
f 794//794 809//809 810//810
f 794//794 810//810 795//795
f 795//795 810//810 811//811
f 795//795 811//811 796//796
f 796//796 811//811 812//812
f 796//796 812//812 797//797
f 797//797 812//812 813//813
f 797//797 813//813 798//798
f 798//798 813//813 814//814
f 798//798 814//814 799//799
f 799//799 814//814 815//815
f 799//799 815//815 800//800
f 800//800 815//815 816//816
f 800//800 816//816 801//801
f 801//801 816//816 817//817
f 801//801 817//817 802//802
f 802//802 817//817 818//818
f 802//802 818//818 803//803
f 803//803 818//818 819//819
f 803//803 819//819 804//804
f 804//804 819//819 820//820
f 804//804 820//820 805//805
f 805//805 820//820 821//821
f 805//805 821//821 806//806
f 806//806 821//821 822//822
f 806//806 822//822 598//598
f 807//807 581//581 823//823
f 807//807 823//823 808//808
f 808//808 823//823 824//824
f 808//808 824//824 809//809
f 809//809 824//824 825//825
f 809//809 825//825 810//810
f 810//810 825//825 826//826
f 810//810 826//826 811//811
f 811//811 826//826 827//827
f 811//811 827//827 812//812
f 812//812 827//827 828//828
f 812//812 828//828 813//813
f 813//813 828//828 829//829
f 813//813 829//829 814//814
f 814//814 829//829 830//830
f 814//814 830//830 815//815
f 815//815 830//830 831//831
f 815//815 831//831 816//816
f 816//816 831//831 832//832
f 816//816 832//832 817//817
f 817//817 832//832 833//833
f 817//817 833//833 818//818
f 818//818 833//833 834//834
f 818//818 834//834 819//819
f 819//819 834//834 835//835
f 819//819 835//835 820//820
f 820//820 835//835 836//836
f 820//820 836//836 821//821
f 821//821 836//836 837//837
f 821//821 837//837 822//822
f 822//822 837//837 838//838
f 822//822 838//838 598//598
f 823//823 581//581 839//839
f 823//823 839//839 824//824
f 824//824 839//839 840//840
f 824//824 840//840 825//825
f 825//825 840//840 841//841
f 825//825 841//841 826//826
f 826//826 841//841 842//842
f 826//826 842//842 827//827
f 827//827 842//842 843//843
f 827//827 843//843 828//828
f 828//828 843//843 844//844
f 828//828 844//844 829//829
f 829//829 844//844 845//845
f 829//829 845//845 830//830
f 830//830 845//845 846//846
f 830//830 846//846 831//831
f 831//831 846//846 847//847
f 831//831 847//847 832//832
f 832//832 847//847 848//848
f 832//832 848//848 833//833
f 833//833 848//848 849//849
f 833//833 849//849 834//834
f 834//834 849//849 850//850
f 834//834 850//850 835//835
f 835//835 850//850 851//851
f 835//835 851//851 836//836
f 836//836 851//851 852//852
f 836//836 852//852 837//837
f 837//837 852//852 853//853
f 837//837 853//853 838//838
f 838//838 853//853 854//854
f 838//838 854//854 598//598
f 839//839 581//581 855//855
f 839//839 855//855 840//840
f 840//840 855//855 856//856
f 840//840 856//856 841//841
f 841//841 856//856 857//857
f 841//841 857//857 842//842
f 842//842 857//857 858//858
f 842//842 858//858 843//843
f 843//843 858//858 859//859
f 843//843 859//859 844//844
f 844//844 859//859 860//860
f 844//844 860//860 845//845
f 845//845 860//860 861//861
f 845//845 861//861 846//846
f 846//846 861//861 862//862
f 846//846 862//862 847//847
f 847//847 862//862 863//863
f 847//847 863//863 848//848
f 848//848 863//863 864//864
f 848//848 864//864 849//849
f 849//849 864//864 865//865
f 849//849 865//865 850//850
f 850//850 865//865 866//866
f 850//850 866//866 851//851
f 851//851 866//866 867//867
f 851//851 867//867 852//852
f 852//852 867//867 868//868
f 852//852 868//868 853//853
f 853//853 868//868 869//869
f 853//853 869//869 854//854
f 854//854 869//869 870//870
f 854//854 870//870 598//598
f 855//855 581//581 582//582
f 855//855 582//582 856//856
f 856//856 582//582 583//583
f 856//856 583//583 857//857
f 857//857 583//583 584//584
f 857//857 584//584 858//858
f 858//858 584//584 585//585
f 858//858 585//585 859//859
f 859//859 585//585 586//586
f 859//859 586//586 860//860
f 860//860 586//586 587//587
f 860//860 587//587 861//861
f 861//861 587//587 588//588
f 861//861 588//588 862//862
f 862//862 588//588 589//589
f 862//862 589//589 863//863
f 863//863 589//589 590//590
f 863//863 590//590 864//864
f 864//864 590//590 591//591
f 864//864 591//591 865//865
f 865//865 591//591 592//592
f 865//865 592//592 866//866
f 866//866 592//592 593//593
f 866//866 593//593 867//867
f 867//867 593//593 594//594
f 867//867 594//594 868//868
f 868//868 594//594 595//595
f 868//868 595//595 869//869
f 869//869 595//595 596//596
f 869//869 596//596 870//870
f 870//870 596//596 597//597
f 870//870 597//597 598//598
f 872//872 871//871 889//889
f 872//872 889//889 873//873
f 873//873 889//889 890//890
f 873//873 890//890 874//874
f 874//874 890//890 891//891
f 874//874 891//891 875//875
f 875//875 891//891 892//892
f 875//875 892//892 876//876
f 876//876 892//892 893//893
f 876//876 893//893 877//877
f 877//877 893//893 894//894
f 877//877 894//894 878//878
f 878//878 894//894 895//895
f 878//878 895//895 879//879
f 879//879 895//895 896//896
f 879//879 896//896 880//880
f 880//880 896//896 897//897
f 880//880 897//897 881//881
f 881//881 897//897 898//898
f 881//881 898//898 882//882
f 882//882 898//898 899//899
f 882//882 899//899 883//883
f 883//883 899//899 900//900
f 883//883 900//900 884//884
f 884//884 900//900 901//901
f 884//884 901//901 885//885
f 885//885 901//901 902//902
f 885//885 902//902 886//886
f 886//886 902//902 903//903
f 886//886 903//903 887//887
f 887//887 903//903 904//904
f 887//887 904//904 888//888
f 889//889 871//871 905//905
f 889//889 905//905 890//890
f 890//890 905//905 906//906
f 890//890 906//906 891//891
f 891//891 906//906 907//907
f 891//891 907//907 892//892
f 892//892 907//907 908//908
f 892//892 908//908 893//893
f 893//893 908//908 909//909
f 893//893 909//909 894//894
f 894//894 909//909 910//910
f 894//894 910//910 895//895
f 895//895 910//910 911//911
f 895//895 911//911 896//896
f 896//896 911//911 912//912
f 896//896 912//912 897//897
f 897//897 912//912 913//913
f 897//897 913//913 898//898
f 898//898 913//913 914//914
f 898//898 914//914 899//899
f 899//899 914//914 915//915
f 899//899 915//915 900//900
f 900//900 915//915 916//916
f 900//900 916//916 901//901
f 901//901 916//916 917//917
f 901//901 917//917 902//902
f 902//902 917//917 918//918
f 902//902 918//918 903//903
f 903//903 918//918 919//919
f 903//903 919//919 904//904
f 904//904 919//919 920//920
f 904//904 920//920 888//888
f 905//905 871//871 921//921
f 905//905 921//921 906//906
f 906//906 921//921 922//922
f 906//906 922//922 907//907
f 907//907 922//922 923//923
f 907//907 923//923 908//908
f 908//908 923//923 924//924
f 908//908 924//924 909//909
f 909//909 924//924 925//925
f 909//909 925//925 910//910
f 910//910 925//925 926//926
f 910//910 926//926 911//911
f 911//911 926//926 927//927
f 911//911 927//927 912//912
f 912//912 927//927 928//928
f 912//912 928//928 913//913
f 913//913 928//928 929//929
f 913//913 929//929 914//914
f 914//914 929//929 930//930
f 914//914 930//930 915//915
f 915//915 930//930 931//931
f 915//915 931//931 916//916
f 916//916 931//931 932//932
f 916//916 932//932 917//917
f 917//917 932//932 933//933
f 917//917 933//933 918//918
f 918//918 933//933 934//934
f 918//918 934//934 919//919
f 919//919 934//934 935//935
f 919//919 935//935 920//920
f 920//920 935//935 936//936
f 920//920 936//936 888//888
f 921//921 871//871 937//937
f 921//921 937//937 922//922
f 922//922 937//937 938//938
f 922//922 938//938 923//923
f 923//923 938//938 939//939
f 923//923 939//939 924//924
f 924//924 939//939 940//940
f 924//924 940//940 925//925
f 925//925 940//940 941//941
f 925//925 941//941 926//926
f 926//926 941//941 942//942
f 926//926 942//942 927//927
f 927//927 942//942 943//943
f 927//927 943//943 928//928
f 928//928 943//943 944//944
f 928//928 944//944 929//929
f 929//929 944//944 945//945
f 929//929 945//945 930//930
f 930//930 945//945 946//946
f 930//930 946//946 931//931
f 931//931 946//946 947//947
f 931//931 947//947 932//932
f 932//932 947//947 948//948
f 932//932 948//948 933//933
f 933//933 948//948 949//949
f 933//933 949//949 934//934
f 934//934 949//949 950//950
f 934//934 950//950 935//935
f 935//935 950//950 951//951
f 935//935 951//951 936//936
f 936//936 951//951 952//952
f 936//936 952//952 888//888
f 937//937 871//871 953//953
f 937//937 953//953 938//938
f 938//938 953//953 954//954
f 938//938 954//954 939//939
f 939//939 954//954 955//955
f 939//939 955//955 940//940
f 940//940 955//955 956//956
f 940//940 956//956 941//941
f 941//941 956//956 957//957
f 941//941 957//957 942//942
f 942//942 957//957 958//958
f 942//942 958//958 943//943
f 943//943 958//958 959//959
f 943//943 959//959 944//944
f 944//944 959//959 960//960
f 944//944 960//960 945//945
f 945//945 960//960 961//961
f 945//945 961//961 946//946
f 946//946 961//961 962//962
f 946//946 962//962 947//947
f 947//947 962//962 963//963
f 947//947 963//963 948//948
f 948//948 963//963 964//964
f 948//948 964//964 949//949
f 949//949 964//964 965//965
f 949//949 965//965 950//950
f 950//950 965//965 966//966
f 950//950 966//966 951//951
f 951//951 966//966 967//967
f 951//951 967//967 952//952
f 952//952 967//967 968//968
f 952//952 968//968 888//888
f 953//953 871//871 969//969
f 953//953 969//969 954//954
f 954//954 969//969 970//970
f 954//954 970//970 955//955
f 955//955 970//970 971//971
f 955//955 971//971 956//956
f 956//956 971//971 972//972
f 956//956 972//972 957//957
f 957//957 972//972 973//973
f 957//957 973//973 958//958
f 958//958 973//973 974//974
f 958//958 974//974 959//959
f 959//959 974//974 975//975
f 959//959 975//975 960//960
f 960//960 975//975 976//976
f 960//960 976//976 961//961
f 961//961 976//976 977//977
f 961//961 977//977 962//962
f 962//962 977//977 978//978
f 962//962 978//978 963//963
f 963//963 978//978 979//979
f 963//963 979//979 964//964
f 964//964 979//979 980//980
f 964//964 980//980 965//965
f 965//965 980//980 981//981
f 965//965 981//981 966//966
f 966//966 981//981 982//982
f 966//966 982//982 967//967
f 967//967 982//982 983//983
f 967//967 983//983 968//968
f 968//968 983//983 984//984
f 968//968 984//984 888//888
f 969//969 871//871 985//985
f 969//969 985//985 970//970
f 970//970 985//985 986//986
f 970//970 986//986 971//971
f 971//971 986//986 987//987
f 971//971 987//987 972//972
f 972//972 987//987 988//988
f 972//972 988//988 973//973
f 973//973 988//988 989//989
f 973//973 989//989 974//974
f 974//974 989//989 990//990
f 974//974 990//990 975//975
f 975//975 990//990 991//991
f 975//975 991//991 976//976
f 976//976 991//991 992//992
f 976//976 992//992 977//977
f 977//977 992//992 993//993
f 977//977 993//993 978//978
f 978//978 993//993 994//994
f 978//978 994//994 979//979
f 979//979 994//994 995//995
f 979//979 995//995 980//980
f 980//980 995//995 996//996
f 980//980 996//996 981//981
f 981//981 996//996 997//997
f 981//981 997//997 982//982
f 982//982 997//997 998//998
f 982//982 998//998 983//983
f 983//983 998//998 999//999
f 983//983 999//999 984//984
f 984//984 999//999 1000//1000
f 984//984 1000//1000 888//888
f 985//985 871//871 1001//1001
f 985//985 1001//1001 986//986
f 986//986 1001//1001 1002//1002
f 986//986 1002//1002 987//987
f 987//987 1002//1002 1003//1003
f 987//987 1003//1003 988//988
f 988//988 1003//1003 1004//1004
f 988//988 1004//1004 989//989
f 989//989 1004//1004 1005//1005
f 989//989 1005//1005 990//990
f 990//990 1005//1005 1006//1006
f 990//990 1006//1006 991//991
f 991//991 1006//1006 1007//1007
f 991//991 1007//1007 992//992
f 992//992 1007//1007 1008//1008
f 992//992 1008//1008 993//993
f 993//993 1008//1008 1009//1009
f 993//993 1009//1009 994//994
f 994//994 1009//1009 1010//1010
f 994//994 1010//1010 995//995
f 995//995 1010//1010 1011//1011
f 995//995 1011//1011 996//996
f 996//996 1011//1011 1012//1012
f 996//996 1012//1012 997//997
f 997//997 1012//1012 1013//1013
f 997//997 1013//1013 998//998
f 998//998 1013//1013 1014//1014
f 998//998 1014//1014 999//999
f 999//999 1014//1014 1015//1015
f 999//999 1015//1015 1000//1000
f 1000//1000 1015//1015 1016//1016
f 1000//1000 1016//1016 888//888
f 1001//1001 871//871 1017//1017
f 1001//1001 1017//1017 1002//1002
f 1002//1002 1017//1017 1018//1018
f 1002//1002 1018//1018 1003//1003
f 1003//1003 1018//1018 1019//1019
f 1003//1003 1019//1019 1004//1004
f 1004//1004 1019//1019 1020//1020
f 1004//1004 1020//1020 1005//1005
f 1005//1005 1020//1020 1021//1021
f 1005//1005 1021//1021 1006//1006
f 1006//1006 1021//1021 1022//1022
f 1006//1006 1022//1022 1007//1007
f 1007//1007 1022//1022 1023//1023
f 1007//1007 1023//1023 1008//1008
f 1008//1008 1023//1023 1024//1024
f 1008//1008 1024//1024 1009//1009
f 1009//1009 1024//1024 1025//1025
f 1009//1009 1025//1025 1010//1010
f 1010//1010 1025//1025 1026//1026
f 1010//1010 1026//1026 1011//1011
f 1011//1011 1026//1026 1027//1027
f 1011//1011 1027//1027 1012//1012
f 1012//1012 1027//1027 1028//1028
f 1012//1012 1028//1028 1013//1013
f 1013//1013 1028//1028 1029//1029
f 1013//1013 1029//1029 1014//1014
f 1014//1014 1029//1029 1030//1030
f 1014//1014 1030//1030 1015//1015
f 1015//1015 1030//1030 1031//1031
f 1015//1015 1031//1031 1016//1016
f 1016//1016 1031//1031 1032//1032
f 1016//1016 1032//1032 888//888
f 1017//1017 871//871 1033//1033
f 1017//1017 1033//1033 1018//1018
f 1018//1018 1033//1033 1034//1034
f 1018//1018 1034//1034 1019//1019
f 1019//1019 1034//1034 1035//1035
f 1019//1019 1035//1035 1020//1020
f 1020//1020 1035//1035 1036//1036
f 1020//1020 1036//1036 1021//1021
f 1021//1021 1036//1036 1037//1037
f 1021//1021 1037//1037 1022//1022
f 1022//1022 1037//1037 1038//1038
f 1022//1022 1038//1038 1023//1023
f 1023//1023 1038//1038 1039//1039
f 1023//1023 1039//1039 1024//1024
f 1024//1024 1039//1039 1040//1040
f 1024//1024 1040//1040 1025//1025
f 1025//1025 1040//1040 1041//1041
f 1025//1025 1041//1041 1026//1026
f 1026//1026 1041//1041 1042//1042
f 1026//1026 1042//1042 1027//1027
f 1027//1027 1042//1042 1043//1043
f 1027//1027 1043//1043 1028//1028
f 1028//1028 1043//1043 1044//1044
f 1028//1028 1044//1044 1029//1029
f 1029//1029 1044//1044 1045//1045
f 1029//1029 1045//1045 1030//1030
f 1030//1030 1045//1045 1046//1046
f 1030//1030 1046//1046 1031//1031
f 1031//1031 1046//1046 1047//1047
f 1031//1031 1047//1047 1032//1032
f 1032//1032 1047//1047 1048//1048
f 1032//1032 1048//1048 888//888
f 1033//1033 871//871 1049//1049
f 1033//1033 1049//1049 1034//1034
f 1034//1034 1049//1049 1050//1050
f 1034//1034 1050//1050 1035//1035
f 1035//1035 1050//1050 1051//1051
f 1035//1035 1051//1051 1036//1036
f 1036//1036 1051//1051 1052//1052
f 1036//1036 1052//1052 1037//1037
f 1037//1037 1052//1052 1053//1053
f 1037//1037 1053//1053 1038//1038
f 1038//1038 1053//1053 1054//1054
f 1038//1038 1054//1054 1039//1039
f 1039//1039 1054//1054 1055//1055
f 1039//1039 1055//1055 1040//1040
f 1040//1040 1055//1055 1056//1056
f 1040//1040 1056//1056 1041//1041
f 1041//1041 1056//1056 1057//1057
f 1041//1041 1057//1057 1042//1042
f 1042//1042 1057//1057 1058//1058
f 1042//1042 1058//1058 1043//1043
f 1043//1043 1058//1058 1059//1059
f 1043//1043 1059//1059 1044//1044
f 1044//1044 1059//1059 1060//1060
f 1044//1044 1060//1060 1045//1045
f 1045//1045 1060//1060 1061//1061
f 1045//1045 1061//1061 1046//1046
f 1046//1046 1061//1061 1062//1062
f 1046//1046 1062//1062 1047//1047
f 1047//1047 1062//1062 1063//1063
f 1047//1047 1063//1063 1048//1048
f 1048//1048 1063//1063 1064//1064
f 1048//1048 1064//1064 888//888
f 1049//1049 871//871 1065//1065
f 1049//1049 1065//1065 1050//1050
f 1050//1050 1065//1065 1066//1066
f 1050//1050 1066//1066 1051//1051
f 1051//1051 1066//1066 1067//1067
f 1051//1051 1067//1067 1052//1052
f 1052//1052 1067//1067 1068//1068
f 1052//1052 1068//1068 1053//1053
f 1053//1053 1068//1068 1069//1069
f 1053//1053 1069//1069 1054//1054
f 1054//1054 1069//1069 1070//1070
f 1054//1054 1070//1070 1055//1055
f 1055//1055 1070//1070 1071//1071
f 1055//1055 1071//1071 1056//1056
f 1056//1056 1071//1071 1072//1072
f 1056//1056 1072//1072 1057//1057
f 1057//1057 1072//1072 1073//1073
f 1057//1057 1073//1073 1058//1058
f 1058//1058 1073//1073 1074//1074
f 1058//1058 1074//1074 1059//1059
f 1059//1059 1074//1074 1075//1075
f 1059//1059 1075//1075 1060//1060
f 1060//1060 1075//1075 1076//1076
f 1060//1060 1076//1076 1061//1061
f 1061//1061 1076//1076 1077//1077
f 1061//1061 1077//1077 1062//1062
f 1062//1062 1077//1077 1078//1078
f 1062//1062 1078//1078 1063//1063
f 1063//1063 1078//1078 1079//1079
f 1063//1063 1079//1079 1064//1064
f 1064//1064 1079//1079 1080//1080
f 1064//1064 1080//1080 888//888
f 1065//1065 871//871 1081//1081
f 1065//1065 1081//1081 1066//1066
f 1066//1066 1081//1081 1082//1082
f 1066//1066 1082//1082 1067//1067
f 1067//1067 1082//1082 1083//1083
f 1067//1067 1083//1083 1068//1068
f 1068//1068 1083//1083 1084//1084
f 1068//1068 1084//1084 1069//1069
f 1069//1069 1084//1084 1085//1085
f 1069//1069 1085//1085 1070//1070
f 1070//1070 1085//1085 1086//1086
f 1070//1070 1086//1086 1071//1071
f 1071//1071 1086//1086 1087//1087
f 1071//1071 1087//1087 1072//1072
f 1072//1072 1087//1087 1088//1088
f 1072//1072 1088//1088 1073//1073
f 1073//1073 1088//1088 1089//1089
f 1073//1073 1089//1089 1074//1074
f 1074//1074 1089//1089 1090//1090
f 1074//1074 1090//1090 1075//1075
f 1075//1075 1090//1090 1091//1091
f 1075//1075 1091//1091 1076//1076
f 1076//1076 1091//1091 1092//1092
f 1076//1076 1092//1092 1077//1077
f 1077//1077 1092//1092 1093//1093
f 1077//1077 1093//1093 1078//1078
f 1078//1078 1093//1093 1094//1094
f 1078//1078 1094//1094 1079//1079
f 1079//1079 1094//1094 1095//1095
f 1079//1079 1095//1095 1080//1080
f 1080//1080 1095//1095 1096//1096
f 1080//1080 1096//1096 888//888
f 1081//1081 871//871 1097//1097
f 1081//1081 1097//1097 1082//1082
f 1082//1082 1097//1097 1098//1098
f 1082//1082 1098//1098 1083//1083
f 1083//1083 1098//1098 1099//1099
f 1083//1083 1099//1099 1084//1084
f 1084//1084 1099//1099 1100//1100
f 1084//1084 1100//1100 1085//1085
f 1085//1085 1100//1100 1101//1101
f 1085//1085 1101//1101 1086//1086
f 1086//1086 1101//1101 1102//1102
f 1086//1086 1102//1102 1087//1087
f 1087//1087 1102//1102 1103//1103
f 1087//1087 1103//1103 1088//1088
f 1088//1088 1103//1103 1104//1104
f 1088//1088 1104//1104 1089//1089
f 1089//1089 1104//1104 1105//1105
f 1089//1089 1105//1105 1090//1090
f 1090//1090 1105//1105 1106//1106
f 1090//1090 1106//1106 1091//1091
f 1091//1091 1106//1106 1107//1107
f 1091//1091 1107//1107 1092//1092
f 1092//1092 1107//1107 1108//1108
f 1092//1092 1108//1108 1093//1093
f 1093//1093 1108//1108 1109//1109
f 1093//1093 1109//1109 1094//1094
f 1094//1094 1109//1109 1110//1110
f 1094//1094 1110//1110 1095//1095
f 1095//1095 1110//1110 1111//1111
f 1095//1095 1111//1111 1096//1096
f 1096//1096 1111//1111 1112//1112
f 1096//1096 1112//1112 888//888
f 1097//1097 871//871 1113//1113
f 1097//1097 1113//1113 1098//1098
f 1098//1098 1113//1113 1114//1114
f 1098//1098 1114//1114 1099//1099
f 1099//1099 1114//1114 1115//1115
f 1099//1099 1115//1115 1100//1100
f 1100//1100 1115//1115 1116//1116
f 1100//1100 1116//1116 1101//1101
f 1101//1101 1116//1116 1117//1117
f 1101//1101 1117//1117 1102//1102
f 1102//1102 1117//1117 1118//1118
f 1102//1102 1118//1118 1103//1103
f 1103//1103 1118//1118 1119//1119
f 1103//1103 1119//1119 1104//1104
f 1104//1104 1119//1119 1120//1120
f 1104//1104 1120//1120 1105//1105
f 1105//1105 1120//1120 1121//1121
f 1105//1105 1121//1121 1106//1106
f 1106//1106 1121//1121 1122//1122
f 1106//1106 1122//1122 1107//1107
f 1107//1107 1122//1122 1123//1123
f 1107//1107 1123//1123 1108//1108
f 1108//1108 1123//1123 1124//1124
f 1108//1108 1124//1124 1109//1109
f 1109//1109 1124//1124 1125//1125
f 1109//1109 1125//1125 1110//1110
f 1110//1110 1125//1125 1126//1126
f 1110//1110 1126//1126 1111//1111
f 1111//1111 1126//1126 1127//1127
f 1111//1111 1127//1127 1112//1112
f 1112//1112 1127//1127 1128//1128
f 1112//1112 1128//1128 888//888
f 1113//1113 871//871 1129//1129
f 1113//1113 1129//1129 1114//1114
f 1114//1114 1129//1129 1130//1130
f 1114//1114 1130//1130 1115//1115
f 1115//1115 1130//1130 1131//1131
f 1115//1115 1131//1131 1116//1116
f 1116//1116 1131//1131 1132//1132
f 1116//1116 1132//1132 1117//1117
f 1117//1117 1132//1132 1133//1133
f 1117//1117 1133//1133 1118//1118
f 1118//1118 1133//1133 1134//1134
f 1118//1118 1134//1134 1119//1119
f 1119//1119 1134//1134 1135//1135
f 1119//1119 1135//1135 1120//1120
f 1120//1120 1135//1135 1136//1136
f 1120//1120 1136//1136 1121//1121
f 1121//1121 1136//1136 1137//1137
f 1121//1121 1137//1137 1122//1122
f 1122//1122 1137//1137 1138//1138
f 1122//1122 1138//1138 1123//1123
f 1123//1123 1138//1138 1139//1139
f 1123//1123 1139//1139 1124//1124
f 1124//1124 1139//1139 1140//1140
f 1124//1124 1140//1140 1125//1125
f 1125//1125 1140//1140 1141//1141
f 1125//1125 1141//1141 1126//1126
f 1126//1126 1141//1141 1142//1142
f 1126//1126 1142//1142 1127//1127
f 1127//1127 1142//1142 1143//1143
f 1127//1127 1143//1143 1128//1128
f 1128//1128 1143//1143 1144//1144
f 1128//1128 1144//1144 888//888
f 1129//1129 871//871 1145//1145
f 1129//1129 1145//1145 1130//1130
f 1130//1130 1145//1145 1146//1146
f 1130//1130 1146//1146 1131//1131
f 1131//1131 1146//1146 1147//1147
f 1131//1131 1147//1147 1132//1132
f 1132//1132 1147//1147 1148//1148
f 1132//1132 1148//1148 1133//1133
f 1133//1133 1148//1148 1149//1149
f 1133//1133 1149//1149 1134//1134
f 1134//1134 1149//1149 1150//1150
f 1134//1134 1150//1150 1135//1135
f 1135//1135 1150//1150 1151//1151
f 1135//1135 1151//1151 1136//1136
f 1136//1136 1151//1151 1152//1152
f 1136//1136 1152//1152 1137//1137
f 1137//1137 1152//1152 1153//1153
f 1137//1137 1153//1153 1138//1138
f 1138//1138 1153//1153 1154//1154
f 1138//1138 1154//1154 1139//1139
f 1139//1139 1154//1154 1155//1155
f 1139//1139 1155//1155 1140//1140
f 1140//1140 1155//1155 1156//1156
f 1140//1140 1156//1156 1141//1141
f 1141//1141 1156//1156 1157//1157
f 1141//1141 1157//1157 1142//1142
f 1142//1142 1157//1157 1158//1158
f 1142//1142 1158//1158 1143//1143
f 1143//1143 1158//1158 1159//1159
f 1143//1143 1159//1159 1144//1144
f 1144//1144 1159//1159 1160//1160
f 1144//1144 1160//1160 888//888
f 1145//1145 871//871 872//872
f 1145//1145 872//872 1146//1146
f 1146//1146 872//872 873//873
f 1146//1146 873//873 1147//1147
f 1147//1147 873//873 874//874
f 1147//1147 874//874 1148//1148
f 1148//1148 874//874 875//875
f 1148//1148 875//875 1149//1149
f 1149//1149 875//875 876//876
f 1149//1149 876//876 1150//1150
f 1150//1150 876//876 877//877
f 1150//1150 877//877 1151//1151
f 1151//1151 877//877 878//878
f 1151//1151 878//878 1152//1152
f 1152//1152 878//878 879//879
f 1152//1152 879//879 1153//1153
f 1153//1153 879//879 880//880
f 1153//1153 880//880 1154//1154
f 1154//1154 880//880 881//881
f 1154//1154 881//881 1155//1155
f 1155//1155 881//881 882//882
f 1155//1155 882//882 1156//1156
f 1156//1156 882//882 883//883
f 1156//1156 883//883 1157//1157
f 1157//1157 883//883 884//884
f 1157//1157 884//884 1158//1158
f 1158//1158 884//884 885//885
f 1158//1158 885//885 1159//1159
f 1159//1159 885//885 886//886
f 1159//1159 886//886 1160//1160
f 1160//1160 886//886 887//887
f 1160//1160 887//887 888//888
f 1162//1162 1161//1161 1179//1179
f 1162//1162 1179//1179 1163//1163
f 1163//1163 1179//1179 1180//1180
f 1163//1163 1180//1180 1164//1164
f 1164//1164 1180//1180 1181//1181
f 1164//1164 1181//1181 1165//1165
f 1165//1165 1181//1181 1182//1182
f 1165//1165 1182//1182 1166//1166
f 1166//1166 1182//1182 1183//1183
f 1166//1166 1183//1183 1167//1167
f 1167//1167 1183//1183 1184//1184
f 1167//1167 1184//1184 1168//1168
f 1168//1168 1184//1184 1185//1185
f 1168//1168 1185//1185 1169//1169
f 1169//1169 1185//1185 1186//1186
f 1169//1169 1186//1186 1170//1170
f 1170//1170 1186//1186 1187//1187
f 1170//1170 1187//1187 1171//1171
f 1171//1171 1187//1187 1188//1188
f 1171//1171 1188//1188 1172//1172
f 1172//1172 1188//1188 1189//1189
f 1172//1172 1189//1189 1173//1173
f 1173//1173 1189//1189 1190//1190
f 1173//1173 1190//1190 1174//1174
f 1174//1174 1190//1190 1191//1191
f 1174//1174 1191//1191 1175//1175
f 1175//1175 1191//1191 1192//1192
f 1175//1175 1192//1192 1176//1176
f 1176//1176 1192//1192 1193//1193
f 1176//1176 1193//1193 1177//1177
f 1177//1177 1193//1193 1194//1194
f 1177//1177 1194//1194 1178//1178
f 1179//1179 1161//1161 1195//1195
f 1179//1179 1195//1195 1180//1180
f 1180//1180 1195//1195 1196//1196
f 1180//1180 1196//1196 1181//1181
f 1181//1181 1196//1196 1197//1197
f 1181//1181 1197//1197 1182//1182
f 1182//1182 1197//1197 1198//1198
f 1182//1182 1198//1198 1183//1183
f 1183//1183 1198//1198 1199//1199
f 1183//1183 1199//1199 1184//1184
f 1184//1184 1199//1199 1200//1200
f 1184//1184 1200//1200 1185//1185
f 1185//1185 1200//1200 1201//1201
f 1185//1185 1201//1201 1186//1186
f 1186//1186 1201//1201 1202//1202
f 1186//1186 1202//1202 1187//1187
f 1187//1187 1202//1202 1203//1203
f 1187//1187 1203//1203 1188//1188
f 1188//1188 1203//1203 1204//1204
f 1188//1188 1204//1204 1189//1189
f 1189//1189 1204//1204 1205//1205
f 1189//1189 1205//1205 1190//1190
f 1190//1190 1205//1205 1206//1206
f 1190//1190 1206//1206 1191//1191
f 1191//1191 1206//1206 1207//1207
f 1191//1191 1207//1207 1192//1192
f 1192//1192 1207//1207 1208//1208
f 1192//1192 1208//1208 1193//1193
f 1193//1193 1208//1208 1209//1209
f 1193//1193 1209//1209 1194//1194
f 1194//1194 1209//1209 1210//1210
f 1194//1194 1210//1210 1178//1178
f 1195//1195 1161//1161 1211//1211
f 1195//1195 1211//1211 1196//1196
f 1196//1196 1211//1211 1212//1212
f 1196//1196 1212//1212 1197//1197
f 1197//1197 1212//1212 1213//1213
f 1197//1197 1213//1213 1198//1198
f 1198//1198 1213//1213 1214//1214
f 1198//1198 1214//1214 1199//1199
f 1199//1199 1214//1214 1215//1215
f 1199//1199 1215//1215 1200//1200
f 1200//1200 1215//1215 1216//1216
f 1200//1200 1216//1216 1201//1201
f 1201//1201 1216//1216 1217//1217
f 1201//1201 1217//1217 1202//1202
f 1202//1202 1217//1217 1218//1218
f 1202//1202 1218//1218 1203//1203
f 1203//1203 1218//1218 1219//1219
f 1203//1203 1219//1219 1204//1204
f 1204//1204 1219//1219 1220//1220
f 1204//1204 1220//1220 1205//1205
f 1205//1205 1220//1220 1221//1221
f 1205//1205 1221//1221 1206//1206
f 1206//1206 1221//1221 1222//1222
f 1206//1206 1222//1222 1207//1207
f 1207//1207 1222//1222 1223//1223
f 1207//1207 1223//1223 1208//1208
f 1208//1208 1223//1223 1224//1224
f 1208//1208 1224//1224 1209//1209
f 1209//1209 1224//1224 1225//1225
f 1209//1209 1225//1225 1210//1210
f 1210//1210 1225//1225 1226//1226
f 1210//1210 1226//1226 1178//1178
f 1211//1211 1161//1161 1227//1227
f 1211//1211 1227//1227 1212//1212
f 1212//1212 1227//1227 1228//1228
f 1212//1212 1228//1228 1213//1213
f 1213//1213 1228//1228 1229//1229
f 1213//1213 1229//1229 1214//1214
f 1214//1214 1229//1229 1230//1230
f 1214//1214 1230//1230 1215//1215
f 1215//1215 1230//1230 1231//1231
f 1215//1215 1231//1231 1216//1216
f 1216//1216 1231//1231 1232//1232
f 1216//1216 1232//1232 1217//1217
f 1217//1217 1232//1232 1233//1233
f 1217//1217 1233//1233 1218//1218
f 1218//1218 1233//1233 1234//1234
f 1218//1218 1234//1234 1219//1219
f 1219//1219 1234//1234 1235//1235
f 1219//1219 1235//1235 1220//1220
f 1220//1220 1235//1235 1236//1236
f 1220//1220 1236//1236 1221//1221
f 1221//1221 1236//1236 1237//1237
f 1221//1221 1237//1237 1222//1222
f 1222//1222 1237//1237 1238//1238
f 1222//1222 1238//1238 1223//1223
f 1223//1223 1238//1238 1239//1239
f 1223//1223 1239//1239 1224//1224
f 1224//1224 1239//1239 1240//1240
f 1224//1224 1240//1240 1225//1225
f 1225//1225 1240//1240 1241//1241
f 1225//1225 1241//1241 1226//1226
f 1226//1226 1241//1241 1242//1242
f 1226//1226 1242//1242 1178//1178
f 1227//1227 1161//1161 1243//1243
f 1227//1227 1243//1243 1228//1228
f 1228//1228 1243//1243 1244//1244
f 1228//1228 1244//1244 1229//1229
f 1229//1229 1244//1244 1245//1245
f 1229//1229 1245//1245 1230//1230
f 1230//1230 1245//1245 1246//1246
f 1230//1230 1246//1246 1231//1231
f 1231//1231 1246//1246 1247//1247
f 1231//1231 1247//1247 1232//1232
f 1232//1232 1247//1247 1248//1248
f 1232//1232 1248//1248 1233//1233
f 1233//1233 1248//1248 1249//1249
f 1233//1233 1249//1249 1234//1234
f 1234//1234 1249//1249 1250//1250
f 1234//1234 1250//1250 1235//1235
f 1235//1235 1250//1250 1251//1251
f 1235//1235 1251//1251 1236//1236
f 1236//1236 1251//1251 1252//1252
f 1236//1236 1252//1252 1237//1237
f 1237//1237 1252//1252 1253//1253
f 1237//1237 1253//1253 1238//1238
f 1238//1238 1253//1253 1254//1254
f 1238//1238 1254//1254 1239//1239
f 1239//1239 1254//1254 1255//1255
f 1239//1239 1255//1255 1240//1240
f 1240//1240 1255//1255 1256//1256
f 1240//1240 1256//1256 1241//1241
f 1241//1241 1256//1256 1257//1257
f 1241//1241 1257//1257 1242//1242
f 1242//1242 1257//1257 1258//1258
f 1242//1242 1258//1258 1178//1178
f 1243//1243 1161//1161 1259//1259
f 1243//1243 1259//1259 1244//1244
f 1244//1244 1259//1259 1260//1260
f 1244//1244 1260//1260 1245//1245
f 1245//1245 1260//1260 1261//1261
f 1245//1245 1261//1261 1246//1246
f 1246//1246 1261//1261 1262//1262
f 1246//1246 1262//1262 1247//1247
f 1247//1247 1262//1262 1263//1263
f 1247//1247 1263//1263 1248//1248
f 1248//1248 1263//1263 1264//1264
f 1248//1248 1264//1264 1249//1249
f 1249//1249 1264//1264 1265//1265
f 1249//1249 1265//1265 1250//1250
f 1250//1250 1265//1265 1266//1266
f 1250//1250 1266//1266 1251//1251
f 1251//1251 1266//1266 1267//1267
f 1251//1251 1267//1267 1252//1252
f 1252//1252 1267//1267 1268//1268
f 1252//1252 1268//1268 1253//1253
f 1253//1253 1268//1268 1269//1269
f 1253//1253 1269//1269 1254//1254
f 1254//1254 1269//1269 1270//1270
f 1254//1254 1270//1270 1255//1255
f 1255//1255 1270//1270 1271//1271
f 1255//1255 1271//1271 1256//1256
f 1256//1256 1271//1271 1272//1272
f 1256//1256 1272//1272 1257//1257
f 1257//1257 1272//1272 1273//1273
f 1257//1257 1273//1273 1258//1258
f 1258//1258 1273//1273 1274//1274
f 1258//1258 1274//1274 1178//1178
f 1259//1259 1161//1161 1275//1275
f 1259//1259 1275//1275 1260//1260
f 1260//1260 1275//1275 1276//1276
f 1260//1260 1276//1276 1261//1261
f 1261//1261 1276//1276 1277//1277
f 1261//1261 1277//1277 1262//1262
f 1262//1262 1277//1277 1278//1278
f 1262//1262 1278//1278 1263//1263
f 1263//1263 1278//1278 1279//1279
f 1263//1263 1279//1279 1264//1264
f 1264//1264 1279//1279 1280//1280
f 1264//1264 1280//1280 1265//1265
f 1265//1265 1280//1280 1281//1281
f 1265//1265 1281//1281 1266//1266
f 1266//1266 1281//1281 1282//1282
f 1266//1266 1282//1282 1267//1267
f 1267//1267 1282//1282 1283//1283
f 1267//1267 1283//1283 1268//1268
f 1268//1268 1283//1283 1284//1284
f 1268//1268 1284//1284 1269//1269
f 1269//1269 1284//1284 1285//1285
f 1269//1269 1285//1285 1270//1270
f 1270//1270 1285//1285 1286//1286
f 1270//1270 1286//1286 1271//1271
f 1271//1271 1286//1286 1287//1287
f 1271//1271 1287//1287 1272//1272
f 1272//1272 1287//1287 1288//1288
f 1272//1272 1288//1288 1273//1273
f 1273//1273 1288//1288 1289//1289
f 1273//1273 1289//1289 1274//1274
f 1274//1274 1289//1289 1290//1290
f 1274//1274 1290//1290 1178//1178
f 1275//1275 1161//1161 1291//1291
f 1275//1275 1291//1291 1276//1276
f 1276//1276 1291//1291 1292//1292
f 1276//1276 1292//1292 1277//1277
f 1277//1277 1292//1292 1293//1293
f 1277//1277 1293//1293 1278//1278
f 1278//1278 1293//1293 1294//1294
f 1278//1278 1294//1294 1279//1279
f 1279//1279 1294//1294 1295//1295
f 1279//1279 1295//1295 1280//1280
f 1280//1280 1295//1295 1296//1296
f 1280//1280 1296//1296 1281//1281
f 1281//1281 1296//1296 1297//1297
f 1281//1281 1297//1297 1282//1282
f 1282//1282 1297//1297 1298//1298
f 1282//1282 1298//1298 1283//1283
f 1283//1283 1298//1298 1299//1299
f 1283//1283 1299//1299 1284//1284
f 1284//1284 1299//1299 1300//1300
f 1284//1284 1300//1300 1285//1285
f 1285//1285 1300//1300 1301//1301
f 1285//1285 1301//1301 1286//1286
f 1286//1286 1301//1301 1302//1302
f 1286//1286 1302//1302 1287//1287
f 1287//1287 1302//1302 1303//1303
f 1287//1287 1303//1303 1288//1288
f 1288//1288 1303//1303 1304//1304
f 1288//1288 1304//1304 1289//1289
f 1289//1289 1304//1304 1305//1305
f 1289//1289 1305//1305 1290//1290
f 1290//1290 1305//1305 1306//1306
f 1290//1290 1306//1306 1178//1178
f 1291//1291 1161//1161 1307//1307
f 1291//1291 1307//1307 1292//1292
f 1292//1292 1307//1307 1308//1308
f 1292//1292 1308//1308 1293//1293
f 1293//1293 1308//1308 1309//1309
f 1293//1293 1309//1309 1294//1294
f 1294//1294 1309//1309 1310//1310
f 1294//1294 1310//1310 1295//1295
f 1295//1295 1310//1310 1311//1311
f 1295//1295 1311//1311 1296//1296
f 1296//1296 1311//1311 1312//1312
f 1296//1296 1312//1312 1297//1297
f 1297//1297 1312//1312 1313//1313
f 1297//1297 1313//1313 1298//1298
f 1298//1298 1313//1313 1314//1314
f 1298//1298 1314//1314 1299//1299
f 1299//1299 1314//1314 1315//1315
f 1299//1299 1315//1315 1300//1300
f 1300//1300 1315//1315 1316//1316
f 1300//1300 1316//1316 1301//1301
f 1301//1301 1316//1316 1317//1317
f 1301//1301 1317//1317 1302//1302
f 1302//1302 1317//1317 1318//1318
f 1302//1302 1318//1318 1303//1303
f 1303//1303 1318//1318 1319//1319
f 1303//1303 1319//1319 1304//1304
f 1304//1304 1319//1319 1320//1320
f 1304//1304 1320//1320 1305//1305
f 1305//1305 1320//1320 1321//1321
f 1305//1305 1321//1321 1306//1306
f 1306//1306 1321//1321 1322//1322
f 1306//1306 1322//1322 1178//1178
f 1307//1307 1161//1161 1323//1323
f 1307//1307 1323//1323 1308//1308
f 1308//1308 1323//1323 1324//1324
f 1308//1308 1324//1324 1309//1309
f 1309//1309 1324//1324 1325//1325
f 1309//1309 1325//1325 1310//1310
f 1310//1310 1325//1325 1326//1326
f 1310//1310 1326//1326 1311//1311
f 1311//1311 1326//1326 1327//1327
f 1311//1311 1327//1327 1312//1312
f 1312//1312 1327//1327 1328//1328
f 1312//1312 1328//1328 1313//1313
f 1313//1313 1328//1328 1329//1329
f 1313//1313 1329//1329 1314//1314
f 1314//1314 1329//1329 1330//1330
f 1314//1314 1330//1330 1315//1315
f 1315//1315 1330//1330 1331//1331
f 1315//1315 1331//1331 1316//1316
f 1316//1316 1331//1331 1332//1332
f 1316//1316 1332//1332 1317//1317
f 1317//1317 1332//1332 1333//1333
f 1317//1317 1333//1333 1318//1318
f 1318//1318 1333//1333 1334//1334
f 1318//1318 1334//1334 1319//1319
f 1319//1319 1334//1334 1335//1335
f 1319//1319 1335//1335 1320//1320
f 1320//1320 1335//1335 1336//1336
f 1320//1320 1336//1336 1321//1321
f 1321//1321 1336//1336 1337//1337
f 1321//1321 1337//1337 1322//1322
f 1322//1322 1337//1337 1338//1338
f 1322//1322 1338//1338 1178//1178
f 1323//1323 1161//1161 1339//1339
f 1323//1323 1339//1339 1324//1324
f 1324//1324 1339//1339 1340//1340
f 1324//1324 1340//1340 1325//1325
f 1325//1325 1340//1340 1341//1341
f 1325//1325 1341//1341 1326//1326
f 1326//1326 1341//1341 1342//1342
f 1326//1326 1342//1342 1327//1327
f 1327//1327 1342//1342 1343//1343
f 1327//1327 1343//1343 1328//1328
f 1328//1328 1343//1343 1344//1344
f 1328//1328 1344//1344 1329//1329
f 1329//1329 1344//1344 1345//1345
f 1329//1329 1345//1345 1330//1330
f 1330//1330 1345//1345 1346//1346
f 1330//1330 1346//1346 1331//1331
f 1331//1331 1346//1346 1347//1347
f 1331//1331 1347//1347 1332//1332
f 1332//1332 1347//1347 1348//1348
f 1332//1332 1348//1348 1333//1333
f 1333//1333 1348//1348 1349//1349
f 1333//1333 1349//1349 1334//1334
f 1334//1334 1349//1349 1350//1350
f 1334//1334 1350//1350 1335//1335
f 1335//1335 1350//1350 1351//1351
f 1335//1335 1351//1351 1336//1336
f 1336//1336 1351//1351 1352//1352
f 1336//1336 1352//1352 1337//1337
f 1337//1337 1352//1352 1353//1353
f 1337//1337 1353//1353 1338//1338
f 1338//1338 1353//1353 1354//1354
f 1338//1338 1354//1354 1178//1178
f 1339//1339 1161//1161 1355//1355
f 1339//1339 1355//1355 1340//1340
f 1340//1340 1355//1355 1356//1356
f 1340//1340 1356//1356 1341//1341
f 1341//1341 1356//1356 1357//1357
f 1341//1341 1357//1357 1342//1342
f 1342//1342 1357//1357 1358//1358
f 1342//1342 1358//1358 1343//1343
f 1343//1343 1358//1358 1359//1359
f 1343//1343 1359//1359 1344//1344
f 1344//1344 1359//1359 1360//1360
f 1344//1344 1360//1360 1345//1345
f 1345//1345 1360//1360 1361//1361
f 1345//1345 1361//1361 1346//1346
f 1346//1346 1361//1361 1362//1362
f 1346//1346 1362//1362 1347//1347
f 1347//1347 1362//1362 1363//1363
f 1347//1347 1363//1363 1348//1348
f 1348//1348 1363//1363 1364//1364
f 1348//1348 1364//1364 1349//1349
f 1349//1349 1364//1364 1365//1365
f 1349//1349 1365//1365 1350//1350
f 1350//1350 1365//1365 1366//1366
f 1350//1350 1366//1366 1351//1351
f 1351//1351 1366//1366 1367//1367
f 1351//1351 1367//1367 1352//1352
f 1352//1352 1367//1367 1368//1368
f 1352//1352 1368//1368 1353//1353
f 1353//1353 1368//1368 1369//1369
f 1353//1353 1369//1369 1354//1354
f 1354//1354 1369//1369 1370//1370
f 1354//1354 1370//1370 1178//1178
f 1355//1355 1161//1161 1371//1371
f 1355//1355 1371//1371 1356//1356
f 1356//1356 1371//1371 1372//1372
f 1356//1356 1372//1372 1357//1357
f 1357//1357 1372//1372 1373//1373
f 1357//1357 1373//1373 1358//1358
f 1358//1358 1373//1373 1374//1374
f 1358//1358 1374//1374 1359//1359
f 1359//1359 1374//1374 1375//1375
f 1359//1359 1375//1375 1360//1360
f 1360//1360 1375//1375 1376//1376
f 1360//1360 1376//1376 1361//1361
f 1361//1361 1376//1376 1377//1377
f 1361//1361 1377//1377 1362//1362
f 1362//1362 1377//1377 1378//1378
f 1362//1362 1378//1378 1363//1363
f 1363//1363 1378//1378 1379//1379
f 1363//1363 1379//1379 1364//1364
f 1364//1364 1379//1379 1380//1380
f 1364//1364 1380//1380 1365//1365
f 1365//1365 1380//1380 1381//1381
f 1365//1365 1381//1381 1366//1366
f 1366//1366 1381//1381 1382//1382
f 1366//1366 1382//1382 1367//1367
f 1367//1367 1382//1382 1383//1383
f 1367//1367 1383//1383 1368//1368
f 1368//1368 1383//1383 1384//1384
f 1368//1368 1384//1384 1369//1369
f 1369//1369 1384//1384 1385//1385
f 1369//1369 1385//1385 1370//1370
f 1370//1370 1385//1385 1386//1386
f 1370//1370 1386//1386 1178//1178
f 1371//1371 1161//1161 1387//1387
f 1371//1371 1387//1387 1372//1372
f 1372//1372 1387//1387 1388//1388
f 1372//1372 1388//1388 1373//1373
f 1373//1373 1388//1388 1389//1389
f 1373//1373 1389//1389 1374//1374
f 1374//1374 1389//1389 1390//1390
f 1374//1374 1390//1390 1375//1375
f 1375//1375 1390//1390 1391//1391
f 1375//1375 1391//1391 1376//1376
f 1376//1376 1391//1391 1392//1392
f 1376//1376 1392//1392 1377//1377
f 1377//1377 1392//1392 1393//1393
f 1377//1377 1393//1393 1378//1378
f 1378//1378 1393//1393 1394//1394
f 1378//1378 1394//1394 1379//1379
f 1379//1379 1394//1394 1395//1395
f 1379//1379 1395//1395 1380//1380
f 1380//1380 1395//1395 1396//1396
f 1380//1380 1396//1396 1381//1381
f 1381//1381 1396//1396 1397//1397
f 1381//1381 1397//1397 1382//1382
f 1382//1382 1397//1397 1398//1398
f 1382//1382 1398//1398 1383//1383
f 1383//1383 1398//1398 1399//1399
f 1383//1383 1399//1399 1384//1384
f 1384//1384 1399//1399 1400//1400
f 1384//1384 1400//1400 1385//1385
f 1385//1385 1400//1400 1401//1401
f 1385//1385 1401//1401 1386//1386
f 1386//1386 1401//1401 1402//1402
f 1386//1386 1402//1402 1178//1178
f 1387//1387 1161//1161 1403//1403
f 1387//1387 1403//1403 1388//1388
f 1388//1388 1403//1403 1404//1404
f 1388//1388 1404//1404 1389//1389
f 1389//1389 1404//1404 1405//1405
f 1389//1389 1405//1405 1390//1390
f 1390//1390 1405//1405 1406//1406
f 1390//1390 1406//1406 1391//1391
f 1391//1391 1406//1406 1407//1407
f 1391//1391 1407//1407 1392//1392
f 1392//1392 1407//1407 1408//1408
f 1392//1392 1408//1408 1393//1393
f 1393//1393 1408//1408 1409//1409
f 1393//1393 1409//1409 1394//1394
f 1394//1394 1409//1409 1410//1410
f 1394//1394 1410//1410 1395//1395
f 1395//1395 1410//1410 1411//1411
f 1395//1395 1411//1411 1396//1396
f 1396//1396 1411//1411 1412//1412
f 1396//1396 1412//1412 1397//1397
f 1397//1397 1412//1412 1413//1413
f 1397//1397 1413//1413 1398//1398
f 1398//1398 1413//1413 1414//1414
f 1398//1398 1414//1414 1399//1399
f 1399//1399 1414//1414 1415//1415
f 1399//1399 1415//1415 1400//1400
f 1400//1400 1415//1415 1416//1416
f 1400//1400 1416//1416 1401//1401
f 1401//1401 1416//1416 1417//1417
f 1401//1401 1417//1417 1402//1402
f 1402//1402 1417//1417 1418//1418
f 1402//1402 1418//1418 1178//1178
f 1403//1403 1161//1161 1419//1419
f 1403//1403 1419//1419 1404//1404
f 1404//1404 1419//1419 1420//1420
f 1404//1404 1420//1420 1405//1405
f 1405//1405 1420//1420 1421//1421
f 1405//1405 1421//1421 1406//1406
f 1406//1406 1421//1421 1422//1422
f 1406//1406 1422//1422 1407//1407
f 1407//1407 1422//1422 1423//1423
f 1407//1407 1423//1423 1408//1408
f 1408//1408 1423//1423 1424//1424
f 1408//1408 1424//1424 1409//1409
f 1409//1409 1424//1424 1425//1425
f 1409//1409 1425//1425 1410//1410
f 1410//1410 1425//1425 1426//1426
f 1410//1410 1426//1426 1411//1411
f 1411//1411 1426//1426 1427//1427
f 1411//1411 1427//1427 1412//1412
f 1412//1412 1427//1427 1428//1428
f 1412//1412 1428//1428 1413//1413
f 1413//1413 1428//1428 1429//1429
f 1413//1413 1429//1429 1414//1414
f 1414//1414 1429//1429 1430//1430
f 1414//1414 1430//1430 1415//1415
f 1415//1415 1430//1430 1431//1431
f 1415//1415 1431//1431 1416//1416
f 1416//1416 1431//1431 1432//1432
f 1416//1416 1432//1432 1417//1417
f 1417//1417 1432//1432 1433//1433
f 1417//1417 1433//1433 1418//1418
f 1418//1418 1433//1433 1434//1434
f 1418//1418 1434//1434 1178//1178
f 1419//1419 1161//1161 1435//1435
f 1419//1419 1435//1435 1420//1420
f 1420//1420 1435//1435 1436//1436
f 1420//1420 1436//1436 1421//1421
f 1421//1421 1436//1436 1437//1437
f 1421//1421 1437//1437 1422//1422
f 1422//1422 1437//1437 1438//1438
f 1422//1422 1438//1438 1423//1423
f 1423//1423 1438//1438 1439//1439
f 1423//1423 1439//1439 1424//1424
f 1424//1424 1439//1439 1440//1440
f 1424//1424 1440//1440 1425//1425
f 1425//1425 1440//1440 1441//1441
f 1425//1425 1441//1441 1426//1426
f 1426//1426 1441//1441 1442//1442
f 1426//1426 1442//1442 1427//1427
f 1427//1427 1442//1442 1443//1443
f 1427//1427 1443//1443 1428//1428
f 1428//1428 1443//1443 1444//1444
f 1428//1428 1444//1444 1429//1429
f 1429//1429 1444//1444 1445//1445
f 1429//1429 1445//1445 1430//1430
f 1430//1430 1445//1445 1446//1446
f 1430//1430 1446//1446 1431//1431
f 1431//1431 1446//1446 1447//1447
f 1431//1431 1447//1447 1432//1432
f 1432//1432 1447//1447 1448//1448
f 1432//1432 1448//1448 1433//1433
f 1433//1433 1448//1448 1449//1449
f 1433//1433 1449//1449 1434//1434
f 1434//1434 1449//1449 1450//1450
f 1434//1434 1450//1450 1178//1178
f 1435//1435 1161//1161 1162//1162
f 1435//1435 1162//1162 1436//1436
f 1436//1436 1162//1162 1163//1163
f 1436//1436 1163//1163 1437//1437
f 1437//1437 1163//1163 1164//1164
f 1437//1437 1164//1164 1438//1438
f 1438//1438 1164//1164 1165//1165
f 1438//1438 1165//1165 1439//1439
f 1439//1439 1165//1165 1166//1166
f 1439//1439 1166//1166 1440//1440
f 1440//1440 1166//1166 1167//1167
f 1440//1440 1167//1167 1441//1441
f 1441//1441 1167//1167 1168//1168
f 1441//1441 1168//1168 1442//1442
f 1442//1442 1168//1168 1169//1169
f 1442//1442 1169//1169 1443//1443
f 1443//1443 1169//1169 1170//1170
f 1443//1443 1170//1170 1444//1444
f 1444//1444 1170//1170 1171//1171
f 1444//1444 1171//1171 1445//1445
f 1445//1445 1171//1171 1172//1172
f 1445//1445 1172//1172 1446//1446
f 1446//1446 1172//1172 1173//1173
f 1446//1446 1173//1173 1447//1447
f 1447//1447 1173//1173 1174//1174
f 1447//1447 1174//1174 1448//1448
f 1448//1448 1174//1174 1175//1175
f 1448//1448 1175//1175 1449//1449
f 1449//1449 1175//1175 1176//1176
f 1449//1449 1176//1176 1450//1450
f 1450//1450 1176//1176 1177//1177
f 1450//1450 1177//1177 1178//1178
f 1452//1452 1451//1451 1469//1469
f 1452//1452 1469//1469 1453//1453
f 1453//1453 1469//1469 1470//1470
f 1453//1453 1470//1470 1454//1454
f 1454//1454 1470//1470 1471//1471
f 1454//1454 1471//1471 1455//1455
f 1455//1455 1471//1471 1472//1472
f 1455//1455 1472//1472 1456//1456
f 1456//1456 1472//1472 1473//1473
f 1456//1456 1473//1473 1457//1457
f 1457//1457 1473//1473 1474//1474
f 1457//1457 1474//1474 1458//1458
f 1458//1458 1474//1474 1475//1475
f 1458//1458 1475//1475 1459//1459
f 1459//1459 1475//1475 1476//1476
f 1459//1459 1476//1476 1460//1460
f 1460//1460 1476//1476 1477//1477
f 1460//1460 1477//1477 1461//1461
f 1461//1461 1477//1477 1478//1478
f 1461//1461 1478//1478 1462//1462
f 1462//1462 1478//1478 1479//1479
f 1462//1462 1479//1479 1463//1463
f 1463//1463 1479//1479 1480//1480
f 1463//1463 1480//1480 1464//1464
f 1464//1464 1480//1480 1481//1481
f 1464//1464 1481//1481 1465//1465
f 1465//1465 1481//1481 1482//1482
f 1465//1465 1482//1482 1466//1466
f 1466//1466 1482//1482 1483//1483
f 1466//1466 1483//1483 1467//1467
f 1467//1467 1483//1483 1484//1484
f 1467//1467 1484//1484 1468//1468
f 1469//1469 1451//1451 1485//1485
f 1469//1469 1485//1485 1470//1470
f 1470//1470 1485//1485 1486//1486
f 1470//1470 1486//1486 1471//1471
f 1471//1471 1486//1486 1487//1487
f 1471//1471 1487//1487 1472//1472
f 1472//1472 1487//1487 1488//1488
f 1472//1472 1488//1488 1473//1473
f 1473//1473 1488//1488 1489//1489
f 1473//1473 1489//1489 1474//1474
f 1474//1474 1489//1489 1490//1490
f 1474//1474 1490//1490 1475//1475
f 1475//1475 1490//1490 1491//1491
f 1475//1475 1491//1491 1476//1476
f 1476//1476 1491//1491 1492//1492
f 1476//1476 1492//1492 1477//1477
f 1477//1477 1492//1492 1493//1493
f 1477//1477 1493//1493 1478//1478
f 1478//1478 1493//1493 1494//1494
f 1478//1478 1494//1494 1479//1479
f 1479//1479 1494//1494 1495//1495
f 1479//1479 1495//1495 1480//1480
f 1480//1480 1495//1495 1496//1496
f 1480//1480 1496//1496 1481//1481
f 1481//1481 1496//1496 1497//1497
f 1481//1481 1497//1497 1482//1482
f 1482//1482 1497//1497 1498//1498
f 1482//1482 1498//1498 1483//1483
f 1483//1483 1498//1498 1499//1499
f 1483//1483 1499//1499 1484//1484
f 1484//1484 1499//1499 1500//1500
f 1484//1484 1500//1500 1468//1468
f 1485//1485 1451//1451 1501//1501
f 1485//1485 1501//1501 1486//1486
f 1486//1486 1501//1501 1502//1502
f 1486//1486 1502//1502 1487//1487
f 1487//1487 1502//1502 1503//1503
f 1487//1487 1503//1503 1488//1488
f 1488//1488 1503//1503 1504//1504
f 1488//1488 1504//1504 1489//1489
f 1489//1489 1504//1504 1505//1505
f 1489//1489 1505//1505 1490//1490
f 1490//1490 1505//1505 1506//1506
f 1490//1490 1506//1506 1491//1491
f 1491//1491 1506//1506 1507//1507
f 1491//1491 1507//1507 1492//1492
f 1492//1492 1507//1507 1508//1508
f 1492//1492 1508//1508 1493//1493
f 1493//1493 1508//1508 1509//1509
f 1493//1493 1509//1509 1494//1494
f 1494//1494 1509//1509 1510//1510
f 1494//1494 1510//1510 1495//1495
f 1495//1495 1510//1510 1511//1511
f 1495//1495 1511//1511 1496//1496
f 1496//1496 1511//1511 1512//1512
f 1496//1496 1512//1512 1497//1497
f 1497//1497 1512//1512 1513//1513
f 1497//1497 1513//1513 1498//1498
f 1498//1498 1513//1513 1514//1514
f 1498//1498 1514//1514 1499//1499
f 1499//1499 1514//1514 1515//1515
f 1499//1499 1515//1515 1500//1500
f 1500//1500 1515//1515 1516//1516
f 1500//1500 1516//1516 1468//1468
f 1501//1501 1451//1451 1517//1517
f 1501//1501 1517//1517 1502//1502
f 1502//1502 1517//1517 1518//1518
f 1502//1502 1518//1518 1503//1503
f 1503//1503 1518//1518 1519//1519
f 1503//1503 1519//1519 1504//1504
f 1504//1504 1519//1519 1520//1520
f 1504//1504 1520//1520 1505//1505
f 1505//1505 1520//1520 1521//1521
f 1505//1505 1521//1521 1506//1506
f 1506//1506 1521//1521 1522//1522
f 1506//1506 1522//1522 1507//1507
f 1507//1507 1522//1522 1523//1523
f 1507//1507 1523//1523 1508//1508
f 1508//1508 1523//1523 1524//1524
f 1508//1508 1524//1524 1509//1509
f 1509//1509 1524//1524 1525//1525
f 1509//1509 1525//1525 1510//1510
f 1510//1510 1525//1525 1526//1526
f 1510//1510 1526//1526 1511//1511
f 1511//1511 1526//1526 1527//1527
f 1511//1511 1527//1527 1512//1512
f 1512//1512 1527//1527 1528//1528
f 1512//1512 1528//1528 1513//1513
f 1513//1513 1528//1528 1529//1529
f 1513//1513 1529//1529 1514//1514
f 1514//1514 1529//1529 1530//1530
f 1514//1514 1530//1530 1515//1515
f 1515//1515 1530//1530 1531//1531
f 1515//1515 1531//1531 1516//1516
f 1516//1516 1531//1531 1532//1532
f 1516//1516 1532//1532 1468//1468
f 1517//1517 1451//1451 1533//1533
f 1517//1517 1533//1533 1518//1518
f 1518//1518 1533//1533 1534//1534
f 1518//1518 1534//1534 1519//1519
f 1519//1519 1534//1534 1535//1535
f 1519//1519 1535//1535 1520//1520
f 1520//1520 1535//1535 1536//1536
f 1520//1520 1536//1536 1521//1521
f 1521//1521 1536//1536 1537//1537
f 1521//1521 1537//1537 1522//1522
f 1522//1522 1537//1537 1538//1538
f 1522//1522 1538//1538 1523//1523
f 1523//1523 1538//1538 1539//1539
f 1523//1523 1539//1539 1524//1524
f 1524//1524 1539//1539 1540//1540
f 1524//1524 1540//1540 1525//1525
f 1525//1525 1540//1540 1541//1541
f 1525//1525 1541//1541 1526//1526
f 1526//1526 1541//1541 1542//1542
f 1526//1526 1542//1542 1527//1527
f 1527//1527 1542//1542 1543//1543
f 1527//1527 1543//1543 1528//1528
f 1528//1528 1543//1543 1544//1544
f 1528//1528 1544//1544 1529//1529
f 1529//1529 1544//1544 1545//1545
f 1529//1529 1545//1545 1530//1530
f 1530//1530 1545//1545 1546//1546
f 1530//1530 1546//1546 1531//1531
f 1531//1531 1546//1546 1547//1547
f 1531//1531 1547//1547 1532//1532
f 1532//1532 1547//1547 1548//1548
f 1532//1532 1548//1548 1468//1468
f 1533//1533 1451//1451 1549//1549
f 1533//1533 1549//1549 1534//1534
f 1534//1534 1549//1549 1550//1550
f 1534//1534 1550//1550 1535//1535
f 1535//1535 1550//1550 1551//1551
f 1535//1535 1551//1551 1536//1536
f 1536//1536 1551//1551 1552//1552
f 1536//1536 1552//1552 1537//1537
f 1537//1537 1552//1552 1553//1553
f 1537//1537 1553//1553 1538//1538
f 1538//1538 1553//1553 1554//1554
f 1538//1538 1554//1554 1539//1539
f 1539//1539 1554//1554 1555//1555
f 1539//1539 1555//1555 1540//1540
f 1540//1540 1555//1555 1556//1556
f 1540//1540 1556//1556 1541//1541
f 1541//1541 1556//1556 1557//1557
f 1541//1541 1557//1557 1542//1542
f 1542//1542 1557//1557 1558//1558
f 1542//1542 1558//1558 1543//1543
f 1543//1543 1558//1558 1559//1559
f 1543//1543 1559//1559 1544//1544
f 1544//1544 1559//1559 1560//1560
f 1544//1544 1560//1560 1545//1545
f 1545//1545 1560//1560 1561//1561
f 1545//1545 1561//1561 1546//1546
f 1546//1546 1561//1561 1562//1562
f 1546//1546 1562//1562 1547//1547
f 1547//1547 1562//1562 1563//1563
f 1547//1547 1563//1563 1548//1548
f 1548//1548 1563//1563 1564//1564
f 1548//1548 1564//1564 1468//1468
f 1549//1549 1451//1451 1565//1565
f 1549//1549 1565//1565 1550//1550
f 1550//1550 1565//1565 1566//1566
f 1550//1550 1566//1566 1551//1551
f 1551//1551 1566//1566 1567//1567
f 1551//1551 1567//1567 1552//1552
f 1552//1552 1567//1567 1568//1568
f 1552//1552 1568//1568 1553//1553
f 1553//1553 1568//1568 1569//1569
f 1553//1553 1569//1569 1554//1554
f 1554//1554 1569//1569 1570//1570
f 1554//1554 1570//1570 1555//1555
f 1555//1555 1570//1570 1571//1571
f 1555//1555 1571//1571 1556//1556
f 1556//1556 1571//1571 1572//1572
f 1556//1556 1572//1572 1557//1557
f 1557//1557 1572//1572 1573//1573
f 1557//1557 1573//1573 1558//1558
f 1558//1558 1573//1573 1574//1574
f 1558//1558 1574//1574 1559//1559
f 1559//1559 1574//1574 1575//1575
f 1559//1559 1575//1575 1560//1560
f 1560//1560 1575//1575 1576//1576
f 1560//1560 1576//1576 1561//1561
f 1561//1561 1576//1576 1577//1577
f 1561//1561 1577//1577 1562//1562
f 1562//1562 1577//1577 1578//1578
f 1562//1562 1578//1578 1563//1563
f 1563//1563 1578//1578 1579//1579
f 1563//1563 1579//1579 1564//1564
f 1564//1564 1579//1579 1580//1580
f 1564//1564 1580//1580 1468//1468
f 1565//1565 1451//1451 1581//1581
f 1565//1565 1581//1581 1566//1566
f 1566//1566 1581//1581 1582//1582
f 1566//1566 1582//1582 1567//1567
f 1567//1567 1582//1582 1583//1583
f 1567//1567 1583//1583 1568//1568
f 1568//1568 1583//1583 1584//1584
f 1568//1568 1584//1584 1569//1569
f 1569//1569 1584//1584 1585//1585
f 1569//1569 1585//1585 1570//1570
f 1570//1570 1585//1585 1586//1586
f 1570//1570 1586//1586 1571//1571
f 1571//1571 1586//1586 1587//1587
f 1571//1571 1587//1587 1572//1572
f 1572//1572 1587//1587 1588//1588
f 1572//1572 1588//1588 1573//1573
f 1573//1573 1588//1588 1589//1589
f 1573//1573 1589//1589 1574//1574
f 1574//1574 1589//1589 1590//1590
f 1574//1574 1590//1590 1575//1575
f 1575//1575 1590//1590 1591//1591
f 1575//1575 1591//1591 1576//1576
f 1576//1576 1591//1591 1592//1592
f 1576//1576 1592//1592 1577//1577
f 1577//1577 1592//1592 1593//1593
f 1577//1577 1593//1593 1578//1578
f 1578//1578 1593//1593 1594//1594
f 1578//1578 1594//1594 1579//1579
f 1579//1579 1594//1594 1595//1595
f 1579//1579 1595//1595 1580//1580
f 1580//1580 1595//1595 1596//1596
f 1580//1580 1596//1596 1468//1468
f 1581//1581 1451//1451 1597//1597
f 1581//1581 1597//1597 1582//1582
f 1582//1582 1597//1597 1598//1598
f 1582//1582 1598//1598 1583//1583
f 1583//1583 1598//1598 1599//1599
f 1583//1583 1599//1599 1584//1584
f 1584//1584 1599//1599 1600//1600
f 1584//1584 1600//1600 1585//1585
f 1585//1585 1600//1600 1601//1601
f 1585//1585 1601//1601 1586//1586
f 1586//1586 1601//1601 1602//1602
f 1586//1586 1602//1602 1587//1587
f 1587//1587 1602//1602 1603//1603
f 1587//1587 1603//1603 1588//1588
f 1588//1588 1603//1603 1604//1604
f 1588//1588 1604//1604 1589//1589
f 1589//1589 1604//1604 1605//1605
f 1589//1589 1605//1605 1590//1590
f 1590//1590 1605//1605 1606//1606
f 1590//1590 1606//1606 1591//1591
f 1591//1591 1606//1606 1607//1607
f 1591//1591 1607//1607 1592//1592
f 1592//1592 1607//1607 1608//1608
f 1592//1592 1608//1608 1593//1593
f 1593//1593 1608//1608 1609//1609
f 1593//1593 1609//1609 1594//1594
f 1594//1594 1609//1609 1610//1610
f 1594//1594 1610//1610 1595//1595
f 1595//1595 1610//1610 1611//1611
f 1595//1595 1611//1611 1596//1596
f 1596//1596 1611//1611 1612//1612
f 1596//1596 1612//1612 1468//1468
f 1597//1597 1451//1451 1613//1613
f 1597//1597 1613//1613 1598//1598
f 1598//1598 1613//1613 1614//1614
f 1598//1598 1614//1614 1599//1599
f 1599//1599 1614//1614 1615//1615
f 1599//1599 1615//1615 1600//1600
f 1600//1600 1615//1615 1616//1616
f 1600//1600 1616//1616 1601//1601
f 1601//1601 1616//1616 1617//1617
f 1601//1601 1617//1617 1602//1602
f 1602//1602 1617//1617 1618//1618
f 1602//1602 1618//1618 1603//1603
f 1603//1603 1618//1618 1619//1619
f 1603//1603 1619//1619 1604//1604
f 1604//1604 1619//1619 1620//1620
f 1604//1604 1620//1620 1605//1605
f 1605//1605 1620//1620 1621//1621
f 1605//1605 1621//1621 1606//1606
f 1606//1606 1621//1621 1622//1622
f 1606//1606 1622//1622 1607//1607
f 1607//1607 1622//1622 1623//1623
f 1607//1607 1623//1623 1608//1608
f 1608//1608 1623//1623 1624//1624
f 1608//1608 1624//1624 1609//1609
f 1609//1609 1624//1624 1625//1625
f 1609//1609 1625//1625 1610//1610
f 1610//1610 1625//1625 1626//1626
f 1610//1610 1626//1626 1611//1611
f 1611//1611 1626//1626 1627//1627
f 1611//1611 1627//1627 1612//1612
f 1612//1612 1627//1627 1628//1628
f 1612//1612 1628//1628 1468//1468
f 1613//1613 1451//1451 1629//1629
f 1613//1613 1629//1629 1614//1614
f 1614//1614 1629//1629 1630//1630
f 1614//1614 1630//1630 1615//1615
f 1615//1615 1630//1630 1631//1631
f 1615//1615 1631//1631 1616//1616
f 1616//1616 1631//1631 1632//1632
f 1616//1616 1632//1632 1617//1617
f 1617//1617 1632//1632 1633//1633
f 1617//1617 1633//1633 1618//1618
f 1618//1618 1633//1633 1634//1634
f 1618//1618 1634//1634 1619//1619
f 1619//1619 1634//1634 1635//1635
f 1619//1619 1635//1635 1620//1620
f 1620//1620 1635//1635 1636//1636
f 1620//1620 1636//1636 1621//1621
f 1621//1621 1636//1636 1637//1637
f 1621//1621 1637//1637 1622//1622
f 1622//1622 1637//1637 1638//1638
f 1622//1622 1638//1638 1623//1623
f 1623//1623 1638//1638 1639//1639
f 1623//1623 1639//1639 1624//1624
f 1624//1624 1639//1639 1640//1640
f 1624//1624 1640//1640 1625//1625
f 1625//1625 1640//1640 1641//1641
f 1625//1625 1641//1641 1626//1626
f 1626//1626 1641//1641 1642//1642
f 1626//1626 1642//1642 1627//1627
f 1627//1627 1642//1642 1643//1643
f 1627//1627 1643//1643 1628//1628
f 1628//1628 1643//1643 1644//1644
f 1628//1628 1644//1644 1468//1468
f 1629//1629 1451//1451 1645//1645
f 1629//1629 1645//1645 1630//1630
f 1630//1630 1645//1645 1646//1646
f 1630//1630 1646//1646 1631//1631
f 1631//1631 1646//1646 1647//1647
f 1631//1631 1647//1647 1632//1632
f 1632//1632 1647//1647 1648//1648
f 1632//1632 1648//1648 1633//1633
f 1633//1633 1648//1648 1649//1649
f 1633//1633 1649//1649 1634//1634
f 1634//1634 1649//1649 1650//1650
f 1634//1634 1650//1650 1635//1635
f 1635//1635 1650//1650 1651//1651
f 1635//1635 1651//1651 1636//1636
f 1636//1636 1651//1651 1652//1652
f 1636//1636 1652//1652 1637//1637
f 1637//1637 1652//1652 1653//1653
f 1637//1637 1653//1653 1638//1638
f 1638//1638 1653//1653 1654//1654
f 1638//1638 1654//1654 1639//1639
f 1639//1639 1654//1654 1655//1655
f 1639//1639 1655//1655 1640//1640
f 1640//1640 1655//1655 1656//1656
f 1640//1640 1656//1656 1641//1641
f 1641//1641 1656//1656 1657//1657
f 1641//1641 1657//1657 1642//1642
f 1642//1642 1657//1657 1658//1658
f 1642//1642 1658//1658 1643//1643
f 1643//1643 1658//1658 1659//1659
f 1643//1643 1659//1659 1644//1644
f 1644//1644 1659//1659 1660//1660
f 1644//1644 1660//1660 1468//1468
f 1645//1645 1451//1451 1661//1661
f 1645//1645 1661//1661 1646//1646
f 1646//1646 1661//1661 1662//1662
f 1646//1646 1662//1662 1647//1647
f 1647//1647 1662//1662 1663//1663
f 1647//1647 1663//1663 1648//1648
f 1648//1648 1663//1663 1664//1664
f 1648//1648 1664//1664 1649//1649
f 1649//1649 1664//1664 1665//1665
f 1649//1649 1665//1665 1650//1650
f 1650//1650 1665//1665 1666//1666
f 1650//1650 1666//1666 1651//1651
f 1651//1651 1666//1666 1667//1667
f 1651//1651 1667//1667 1652//1652
f 1652//1652 1667//1667 1668//1668
f 1652//1652 1668//1668 1653//1653
f 1653//1653 1668//1668 1669//1669
f 1653//1653 1669//1669 1654//1654
f 1654//1654 1669//1669 1670//1670
f 1654//1654 1670//1670 1655//1655
f 1655//1655 1670//1670 1671//1671
f 1655//1655 1671//1671 1656//1656
f 1656//1656 1671//1671 1672//1672
f 1656//1656 1672//1672 1657//1657
f 1657//1657 1672//1672 1673//1673
f 1657//1657 1673//1673 1658//1658
f 1658//1658 1673//1673 1674//1674
f 1658//1658 1674//1674 1659//1659
f 1659//1659 1674//1674 1675//1675
f 1659//1659 1675//1675 1660//1660
f 1660//1660 1675//1675 1676//1676
f 1660//1660 1676//1676 1468//1468
f 1661//1661 1451//1451 1677//1677
f 1661//1661 1677//1677 1662//1662
f 1662//1662 1677//1677 1678//1678
f 1662//1662 1678//1678 1663//1663
f 1663//1663 1678//1678 1679//1679
f 1663//1663 1679//1679 1664//1664
f 1664//1664 1679//1679 1680//1680
f 1664//1664 1680//1680 1665//1665
f 1665//1665 1680//1680 1681//1681
f 1665//1665 1681//1681 1666//1666
f 1666//1666 1681//1681 1682//1682
f 1666//1666 1682//1682 1667//1667
f 1667//1667 1682//1682 1683//1683
f 1667//1667 1683//1683 1668//1668
f 1668//1668 1683//1683 1684//1684
f 1668//1668 1684//1684 1669//1669
f 1669//1669 1684//1684 1685//1685
f 1669//1669 1685//1685 1670//1670
f 1670//1670 1685//1685 1686//1686
f 1670//1670 1686//1686 1671//1671
f 1671//1671 1686//1686 1687//1687
f 1671//1671 1687//1687 1672//1672
f 1672//1672 1687//1687 1688//1688
f 1672//1672 1688//1688 1673//1673
f 1673//1673 1688//1688 1689//1689
f 1673//1673 1689//1689 1674//1674
f 1674//1674 1689//1689 1690//1690
f 1674//1674 1690//1690 1675//1675
f 1675//1675 1690//1690 1691//1691
f 1675//1675 1691//1691 1676//1676
f 1676//1676 1691//1691 1692//1692
f 1676//1676 1692//1692 1468//1468
f 1677//1677 1451//1451 1693//1693
f 1677//1677 1693//1693 1678//1678
f 1678//1678 1693//1693 1694//1694
f 1678//1678 1694//1694 1679//1679
f 1679//1679 1694//1694 1695//1695
f 1679//1679 1695//1695 1680//1680
f 1680//1680 1695//1695 1696//1696
f 1680//1680 1696//1696 1681//1681
f 1681//1681 1696//1696 1697//1697
f 1681//1681 1697//1697 1682//1682
f 1682//1682 1697//1697 1698//1698
f 1682//1682 1698//1698 1683//1683
f 1683//1683 1698//1698 1699//1699
f 1683//1683 1699//1699 1684//1684
f 1684//1684 1699//1699 1700//1700
f 1684//1684 1700//1700 1685//1685
f 1685//1685 1700//1700 1701//1701
f 1685//1685 1701//1701 1686//1686
f 1686//1686 1701//1701 1702//1702
f 1686//1686 1702//1702 1687//1687
f 1687//1687 1702//1702 1703//1703
f 1687//1687 1703//1703 1688//1688
f 1688//1688 1703//1703 1704//1704
f 1688//1688 1704//1704 1689//1689
f 1689//1689 1704//1704 1705//1705
f 1689//1689 1705//1705 1690//1690
f 1690//1690 1705//1705 1706//1706
f 1690//1690 1706//1706 1691//1691
f 1691//1691 1706//1706 1707//1707
f 1691//1691 1707//1707 1692//1692
f 1692//1692 1707//1707 1708//1708
f 1692//1692 1708//1708 1468//1468
f 1693//1693 1451//1451 1709//1709
f 1693//1693 1709//1709 1694//1694
f 1694//1694 1709//1709 1710//1710
f 1694//1694 1710//1710 1695//1695
f 1695//1695 1710//1710 1711//1711
f 1695//1695 1711//1711 1696//1696
f 1696//1696 1711//1711 1712//1712
f 1696//1696 1712//1712 1697//1697
f 1697//1697 1712//1712 1713//1713
f 1697//1697 1713//1713 1698//1698
f 1698//1698 1713//1713 1714//1714
f 1698//1698 1714//1714 1699//1699
f 1699//1699 1714//1714 1715//1715
f 1699//1699 1715//1715 1700//1700
f 1700//1700 1715//1715 1716//1716
f 1700//1700 1716//1716 1701//1701
f 1701//1701 1716//1716 1717//1717
f 1701//1701 1717//1717 1702//1702
f 1702//1702 1717//1717 1718//1718
f 1702//1702 1718//1718 1703//1703
f 1703//1703 1718//1718 1719//1719
f 1703//1703 1719//1719 1704//1704
f 1704//1704 1719//1719 1720//1720
f 1704//1704 1720//1720 1705//1705
f 1705//1705 1720//1720 1721//1721
f 1705//1705 1721//1721 1706//1706
f 1706//1706 1721//1721 1722//1722
f 1706//1706 1722//1722 1707//1707
f 1707//1707 1722//1722 1723//1723
f 1707//1707 1723//1723 1708//1708
f 1708//1708 1723//1723 1724//1724
f 1708//1708 1724//1724 1468//1468
f 1709//1709 1451//1451 1725//1725
f 1709//1709 1725//1725 1710//1710
f 1710//1710 1725//1725 1726//1726
f 1710//1710 1726//1726 1711//1711
f 1711//1711 1726//1726 1727//1727
f 1711//1711 1727//1727 1712//1712
f 1712//1712 1727//1727 1728//1728
f 1712//1712 1728//1728 1713//1713
f 1713//1713 1728//1728 1729//1729
f 1713//1713 1729//1729 1714//1714
f 1714//1714 1729//1729 1730//1730
f 1714//1714 1730//1730 1715//1715
f 1715//1715 1730//1730 1731//1731
f 1715//1715 1731//1731 1716//1716
f 1716//1716 1731//1731 1732//1732
f 1716//1716 1732//1732 1717//1717
f 1717//1717 1732//1732 1733//1733
f 1717//1717 1733//1733 1718//1718
f 1718//1718 1733//1733 1734//1734
f 1718//1718 1734//1734 1719//1719
f 1719//1719 1734//1734 1735//1735
f 1719//1719 1735//1735 1720//1720
f 1720//1720 1735//1735 1736//1736
f 1720//1720 1736//1736 1721//1721
f 1721//1721 1736//1736 1737//1737
f 1721//1721 1737//1737 1722//1722
f 1722//1722 1737//1737 1738//1738
f 1722//1722 1738//1738 1723//1723
f 1723//1723 1738//1738 1739//1739
f 1723//1723 1739//1739 1724//1724
f 1724//1724 1739//1739 1740//1740
f 1724//1724 1740//1740 1468//1468
f 1725//1725 1451//1451 1452//1452
f 1725//1725 1452//1452 1726//1726
f 1726//1726 1452//1452 1453//1453
f 1726//1726 1453//1453 1727//1727
f 1727//1727 1453//1453 1454//1454
f 1727//1727 1454//1454 1728//1728
f 1728//1728 1454//1454 1455//1455
f 1728//1728 1455//1455 1729//1729
f 1729//1729 1455//1455 1456//1456
f 1729//1729 1456//1456 1730//1730
f 1730//1730 1456//1456 1457//1457
f 1730//1730 1457//1457 1731//1731
f 1731//1731 1457//1457 1458//1458
f 1731//1731 1458//1458 1732//1732
f 1732//1732 1458//1458 1459//1459
f 1732//1732 1459//1459 1733//1733
f 1733//1733 1459//1459 1460//1460
f 1733//1733 1460//1460 1734//1734
f 1734//1734 1460//1460 1461//1461
f 1734//1734 1461//1461 1735//1735
f 1735//1735 1461//1461 1462//1462
f 1735//1735 1462//1462 1736//1736
f 1736//1736 1462//1462 1463//1463
f 1736//1736 1463//1463 1737//1737
f 1737//1737 1463//1463 1464//1464
f 1737//1737 1464//1464 1738//1738
f 1738//1738 1464//1464 1465//1465
f 1738//1738 1465//1465 1739//1739
f 1739//1739 1465//1465 1466//1466
f 1739//1739 1466//1466 1740//1740
f 1740//1740 1466//1466 1467//1467
f 1740//1740 1467//1467 1468//1468
f 1742//1742 1741//1741 1759//1759
f 1742//1742 1759//1759 1743//1743
f 1743//1743 1759//1759 1760//1760
f 1743//1743 1760//1760 1744//1744
f 1744//1744 1760//1760 1761//1761
f 1744//1744 1761//1761 1745//1745
f 1745//1745 1761//1761 1762//1762
f 1745//1745 1762//1762 1746//1746
f 1746//1746 1762//1762 1763//1763
f 1746//1746 1763//1763 1747//1747
f 1747//1747 1763//1763 1764//1764
f 1747//1747 1764//1764 1748//1748
f 1748//1748 1764//1764 1765//1765
f 1748//1748 1765//1765 1749//1749
f 1749//1749 1765//1765 1766//1766
f 1749//1749 1766//1766 1750//1750
f 1750//1750 1766//1766 1767//1767
f 1750//1750 1767//1767 1751//1751
f 1751//1751 1767//1767 1768//1768
f 1751//1751 1768//1768 1752//1752
f 1752//1752 1768//1768 1769//1769
f 1752//1752 1769//1769 1753//1753
f 1753//1753 1769//1769 1770//1770
f 1753//1753 1770//1770 1754//1754
f 1754//1754 1770//1770 1771//1771
f 1754//1754 1771//1771 1755//1755
f 1755//1755 1771//1771 1772//1772
f 1755//1755 1772//1772 1756//1756
f 1756//1756 1772//1772 1773//1773
f 1756//1756 1773//1773 1757//1757
f 1757//1757 1773//1773 1774//1774
f 1757//1757 1774//1774 1758//1758
f 1759//1759 1741//1741 1775//1775
f 1759//1759 1775//1775 1760//1760
f 1760//1760 1775//1775 1776//1776
f 1760//1760 1776//1776 1761//1761
f 1761//1761 1776//1776 1777//1777
f 1761//1761 1777//1777 1762//1762
f 1762//1762 1777//1777 1778//1778
f 1762//1762 1778//1778 1763//1763
f 1763//1763 1778//1778 1779//1779
f 1763//1763 1779//1779 1764//1764
f 1764//1764 1779//1779 1780//1780
f 1764//1764 1780//1780 1765//1765
f 1765//1765 1780//1780 1781//1781
f 1765//1765 1781//1781 1766//1766
f 1766//1766 1781//1781 1782//1782
f 1766//1766 1782//1782 1767//1767
f 1767//1767 1782//1782 1783//1783
f 1767//1767 1783//1783 1768//1768
f 1768//1768 1783//1783 1784//1784
f 1768//1768 1784//1784 1769//1769
f 1769//1769 1784//1784 1785//1785
f 1769//1769 1785//1785 1770//1770
f 1770//1770 1785//1785 1786//1786
f 1770//1770 1786//1786 1771//1771
f 1771//1771 1786//1786 1787//1787
f 1771//1771 1787//1787 1772//1772
f 1772//1772 1787//1787 1788//1788
f 1772//1772 1788//1788 1773//1773
f 1773//1773 1788//1788 1789//1789
f 1773//1773 1789//1789 1774//1774
f 1774//1774 1789//1789 1790//1790
f 1774//1774 1790//1790 1758//1758
f 1775//1775 1741//1741 1791//1791
f 1775//1775 1791//1791 1776//1776
f 1776//1776 1791//1791 1792//1792
f 1776//1776 1792//1792 1777//1777
f 1777//1777 1792//1792 1793//1793
f 1777//1777 1793//1793 1778//1778
f 1778//1778 1793//1793 1794//1794
f 1778//1778 1794//1794 1779//1779
f 1779//1779 1794//1794 1795//1795
f 1779//1779 1795//1795 1780//1780
f 1780//1780 1795//1795 1796//1796
f 1780//1780 1796//1796 1781//1781
f 1781//1781 1796//1796 1797//1797
f 1781//1781 1797//1797 1782//1782
f 1782//1782 1797//1797 1798//1798
f 1782//1782 1798//1798 1783//1783
f 1783//1783 1798//1798 1799//1799
f 1783//1783 1799//1799 1784//1784
f 1784//1784 1799//1799 1800//1800
f 1784//1784 1800//1800 1785//1785
f 1785//1785 1800//1800 1801//1801
f 1785//1785 1801//1801 1786//1786
f 1786//1786 1801//1801 1802//1802
f 1786//1786 1802//1802 1787//1787
f 1787//1787 1802//1802 1803//1803
f 1787//1787 1803//1803 1788//1788
f 1788//1788 1803//1803 1804//1804
f 1788//1788 1804//1804 1789//1789
f 1789//1789 1804//1804 1805//1805
f 1789//1789 1805//1805 1790//1790
f 1790//1790 1805//1805 1806//1806
f 1790//1790 1806//1806 1758//1758
f 1791//1791 1741//1741 1807//1807
f 1791//1791 1807//1807 1792//1792
f 1792//1792 1807//1807 1808//1808
f 1792//1792 1808//1808 1793//1793
f 1793//1793 1808//1808 1809//1809
f 1793//1793 1809//1809 1794//1794
f 1794//1794 1809//1809 1810//1810
f 1794//1794 1810//1810 1795//1795
f 1795//1795 1810//1810 1811//1811
f 1795//1795 1811//1811 1796//1796
f 1796//1796 1811//1811 1812//1812
f 1796//1796 1812//1812 1797//1797
f 1797//1797 1812//1812 1813//1813
f 1797//1797 1813//1813 1798//1798
f 1798//1798 1813//1813 1814//1814
f 1798//1798 1814//1814 1799//1799
f 1799//1799 1814//1814 1815//1815
f 1799//1799 1815//1815 1800//1800
f 1800//1800 1815//1815 1816//1816
f 1800//1800 1816//1816 1801//1801
f 1801//1801 1816//1816 1817//1817
f 1801//1801 1817//1817 1802//1802
f 1802//1802 1817//1817 1818//1818
f 1802//1802 1818//1818 1803//1803
f 1803//1803 1818//1818 1819//1819
f 1803//1803 1819//1819 1804//1804
f 1804//1804 1819//1819 1820//1820
f 1804//1804 1820//1820 1805//1805
f 1805//1805 1820//1820 1821//1821
f 1805//1805 1821//1821 1806//1806
f 1806//1806 1821//1821 1822//1822
f 1806//1806 1822//1822 1758//1758
f 1807//1807 1741//1741 1823//1823
f 1807//1807 1823//1823 1808//1808
f 1808//1808 1823//1823 1824//1824
f 1808//1808 1824//1824 1809//1809
f 1809//1809 1824//1824 1825//1825
f 1809//1809 1825//1825 1810//1810
f 1810//1810 1825//1825 1826//1826
f 1810//1810 1826//1826 1811//1811
f 1811//1811 1826//1826 1827//1827
f 1811//1811 1827//1827 1812//1812
f 1812//1812 1827//1827 1828//1828
f 1812//1812 1828//1828 1813//1813
f 1813//1813 1828//1828 1829//1829
f 1813//1813 1829//1829 1814//1814
f 1814//1814 1829//1829 1830//1830
f 1814//1814 1830//1830 1815//1815
f 1815//1815 1830//1830 1831//1831
f 1815//1815 1831//1831 1816//1816
f 1816//1816 1831//1831 1832//1832
f 1816//1816 1832//1832 1817//1817
f 1817//1817 1832//1832 1833//1833
f 1817//1817 1833//1833 1818//1818
f 1818//1818 1833//1833 1834//1834
f 1818//1818 1834//1834 1819//1819
f 1819//1819 1834//1834 1835//1835
f 1819//1819 1835//1835 1820//1820
f 1820//1820 1835//1835 1836//1836
f 1820//1820 1836//1836 1821//1821
f 1821//1821 1836//1836 1837//1837
f 1821//1821 1837//1837 1822//1822
f 1822//1822 1837//1837 1838//1838
f 1822//1822 1838//1838 1758//1758
f 1823//1823 1741//1741 1839//1839
f 1823//1823 1839//1839 1824//1824
f 1824//1824 1839//1839 1840//1840
f 1824//1824 1840//1840 1825//1825
f 1825//1825 1840//1840 1841//1841
f 1825//1825 1841//1841 1826//1826
f 1826//1826 1841//1841 1842//1842
f 1826//1826 1842//1842 1827//1827
f 1827//1827 1842//1842 1843//1843
f 1827//1827 1843//1843 1828//1828
f 1828//1828 1843//1843 1844//1844
f 1828//1828 1844//1844 1829//1829
f 1829//1829 1844//1844 1845//1845
f 1829//1829 1845//1845 1830//1830
f 1830//1830 1845//1845 1846//1846
f 1830//1830 1846//1846 1831//1831
f 1831//1831 1846//1846 1847//1847
f 1831//1831 1847//1847 1832//1832
f 1832//1832 1847//1847 1848//1848
f 1832//1832 1848//1848 1833//1833
f 1833//1833 1848//1848 1849//1849
f 1833//1833 1849//1849 1834//1834
f 1834//1834 1849//1849 1850//1850
f 1834//1834 1850//1850 1835//1835
f 1835//1835 1850//1850 1851//1851
f 1835//1835 1851//1851 1836//1836
f 1836//1836 1851//1851 1852//1852
f 1836//1836 1852//1852 1837//1837
f 1837//1837 1852//1852 1853//1853
f 1837//1837 1853//1853 1838//1838
f 1838//1838 1853//1853 1854//1854
f 1838//1838 1854//1854 1758//1758
f 1839//1839 1741//1741 1855//1855
f 1839//1839 1855//1855 1840//1840
f 1840//1840 1855//1855 1856//1856
f 1840//1840 1856//1856 1841//1841
f 1841//1841 1856//1856 1857//1857
f 1841//1841 1857//1857 1842//1842
f 1842//1842 1857//1857 1858//1858
f 1842//1842 1858//1858 1843//1843
f 1843//1843 1858//1858 1859//1859
f 1843//1843 1859//1859 1844//1844
f 1844//1844 1859//1859 1860//1860
f 1844//1844 1860//1860 1845//1845
f 1845//1845 1860//1860 1861//1861
f 1845//1845 1861//1861 1846//1846
f 1846//1846 1861//1861 1862//1862
f 1846//1846 1862//1862 1847//1847
f 1847//1847 1862//1862 1863//1863
f 1847//1847 1863//1863 1848//1848
f 1848//1848 1863//1863 1864//1864
f 1848//1848 1864//1864 1849//1849
f 1849//1849 1864//1864 1865//1865
f 1849//1849 1865//1865 1850//1850
f 1850//1850 1865//1865 1866//1866
f 1850//1850 1866//1866 1851//1851
f 1851//1851 1866//1866 1867//1867
f 1851//1851 1867//1867 1852//1852
f 1852//1852 1867//1867 1868//1868
f 1852//1852 1868//1868 1853//1853
f 1853//1853 1868//1868 1869//1869
f 1853//1853 1869//1869 1854//1854
f 1854//1854 1869//1869 1870//1870
f 1854//1854 1870//1870 1758//1758
f 1855//1855 1741//1741 1871//1871
f 1855//1855 1871//1871 1856//1856
f 1856//1856 1871//1871 1872//1872
f 1856//1856 1872//1872 1857//1857
f 1857//1857 1872//1872 1873//1873
f 1857//1857 1873//1873 1858//1858
f 1858//1858 1873//1873 1874//1874
f 1858//1858 1874//1874 1859//1859
f 1859//1859 1874//1874 1875//1875
f 1859//1859 1875//1875 1860//1860
f 1860//1860 1875//1875 1876//1876
f 1860//1860 1876//1876 1861//1861
f 1861//1861 1876//1876 1877//1877
f 1861//1861 1877//1877 1862//1862
f 1862//1862 1877//1877 1878//1878
f 1862//1862 1878//1878 1863//1863
f 1863//1863 1878//1878 1879//1879
f 1863//1863 1879//1879 1864//1864
f 1864//1864 1879//1879 1880//1880
f 1864//1864 1880//1880 1865//1865
f 1865//1865 1880//1880 1881//1881
f 1865//1865 1881//1881 1866//1866
f 1866//1866 1881//1881 1882//1882
f 1866//1866 1882//1882 1867//1867
f 1867//1867 1882//1882 1883//1883
f 1867//1867 1883//1883 1868//1868
f 1868//1868 1883//1883 1884//1884
f 1868//1868 1884//1884 1869//1869
f 1869//1869 1884//1884 1885//1885
f 1869//1869 1885//1885 1870//1870
f 1870//1870 1885//1885 1886//1886
f 1870//1870 1886//1886 1758//1758
f 1871//1871 1741//1741 1887//1887
f 1871//1871 1887//1887 1872//1872
f 1872//1872 1887//1887 1888//1888
f 1872//1872 1888//1888 1873//1873
f 1873//1873 1888//1888 1889//1889
f 1873//1873 1889//1889 1874//1874
f 1874//1874 1889//1889 1890//1890
f 1874//1874 1890//1890 1875//1875
f 1875//1875 1890//1890 1891//1891
f 1875//1875 1891//1891 1876//1876
f 1876//1876 1891//1891 1892//1892
f 1876//1876 1892//1892 1877//1877
f 1877//1877 1892//1892 1893//1893
f 1877//1877 1893//1893 1878//1878
f 1878//1878 1893//1893 1894//1894
f 1878//1878 1894//1894 1879//1879
f 1879//1879 1894//1894 1895//1895
f 1879//1879 1895//1895 1880//1880
f 1880//1880 1895//1895 1896//1896
f 1880//1880 1896//1896 1881//1881
f 1881//1881 1896//1896 1897//1897
f 1881//1881 1897//1897 1882//1882
f 1882//1882 1897//1897 1898//1898
f 1882//1882 1898//1898 1883//1883
f 1883//1883 1898//1898 1899//1899
f 1883//1883 1899//1899 1884//1884
f 1884//1884 1899//1899 1900//1900
f 1884//1884 1900//1900 1885//1885
f 1885//1885 1900//1900 1901//1901
f 1885//1885 1901//1901 1886//1886
f 1886//1886 1901//1901 1902//1902
f 1886//1886 1902//1902 1758//1758
f 1887//1887 1741//1741 1903//1903
f 1887//1887 1903//1903 1888//1888
f 1888//1888 1903//1903 1904//1904
f 1888//1888 1904//1904 1889//1889
f 1889//1889 1904//1904 1905//1905
f 1889//1889 1905//1905 1890//1890
f 1890//1890 1905//1905 1906//1906
f 1890//1890 1906//1906 1891//1891
f 1891//1891 1906//1906 1907//1907
f 1891//1891 1907//1907 1892//1892
f 1892//1892 1907//1907 1908//1908
f 1892//1892 1908//1908 1893//1893
f 1893//1893 1908//1908 1909//1909
f 1893//1893 1909//1909 1894//1894
f 1894//1894 1909//1909 1910//1910
f 1894//1894 1910//1910 1895//1895
f 1895//1895 1910//1910 1911//1911
f 1895//1895 1911//1911 1896//1896
f 1896//1896 1911//1911 1912//1912
f 1896//1896 1912//1912 1897//1897
f 1897//1897 1912//1912 1913//1913
f 1897//1897 1913//1913 1898//1898
f 1898//1898 1913//1913 1914//1914
f 1898//1898 1914//1914 1899//1899
f 1899//1899 1914//1914 1915//1915
f 1899//1899 1915//1915 1900//1900
f 1900//1900 1915//1915 1916//1916
f 1900//1900 1916//1916 1901//1901
f 1901//1901 1916//1916 1917//1917
f 1901//1901 1917//1917 1902//1902
f 1902//1902 1917//1917 1918//1918
f 1902//1902 1918//1918 1758//1758
f 1903//1903 1741//1741 1919//1919
f 1903//1903 1919//1919 1904//1904
f 1904//1904 1919//1919 1920//1920
f 1904//1904 1920//1920 1905//1905
f 1905//1905 1920//1920 1921//1921
f 1905//1905 1921//1921 1906//1906
f 1906//1906 1921//1921 1922//1922
f 1906//1906 1922//1922 1907//1907
f 1907//1907 1922//1922 1923//1923
f 1907//1907 1923//1923 1908//1908
f 1908//1908 1923//1923 1924//1924
f 1908//1908 1924//1924 1909//1909
f 1909//1909 1924//1924 1925//1925
f 1909//1909 1925//1925 1910//1910
f 1910//1910 1925//1925 1926//1926
f 1910//1910 1926//1926 1911//1911
f 1911//1911 1926//1926 1927//1927
f 1911//1911 1927//1927 1912//1912
f 1912//1912 1927//1927 1928//1928
f 1912//1912 1928//1928 1913//1913
f 1913//1913 1928//1928 1929//1929
f 1913//1913 1929//1929 1914//1914
f 1914//1914 1929//1929 1930//1930
f 1914//1914 1930//1930 1915//1915
f 1915//1915 1930//1930 1931//1931
f 1915//1915 1931//1931 1916//1916
f 1916//1916 1931//1931 1932//1932
f 1916//1916 1932//1932 1917//1917
f 1917//1917 1932//1932 1933//1933
f 1917//1917 1933//1933 1918//1918
f 1918//1918 1933//1933 1934//1934
f 1918//1918 1934//1934 1758//1758
f 1919//1919 1741//1741 1935//1935
f 1919//1919 1935//1935 1920//1920
f 1920//1920 1935//1935 1936//1936
f 1920//1920 1936//1936 1921//1921
f 1921//1921 1936//1936 1937//1937
f 1921//1921 1937//1937 1922//1922
f 1922//1922 1937//1937 1938//1938
f 1922//1922 1938//1938 1923//1923
f 1923//1923 1938//1938 1939//1939
f 1923//1923 1939//1939 1924//1924
f 1924//1924 1939//1939 1940//1940
f 1924//1924 1940//1940 1925//1925
f 1925//1925 1940//1940 1941//1941
f 1925//1925 1941//1941 1926//1926
f 1926//1926 1941//1941 1942//1942
f 1926//1926 1942//1942 1927//1927
f 1927//1927 1942//1942 1943//1943
f 1927//1927 1943//1943 1928//1928
f 1928//1928 1943//1943 1944//1944
f 1928//1928 1944//1944 1929//1929
f 1929//1929 1944//1944 1945//1945
f 1929//1929 1945//1945 1930//1930
f 1930//1930 1945//1945 1946//1946
f 1930//1930 1946//1946 1931//1931
f 1931//1931 1946//1946 1947//1947
f 1931//1931 1947//1947 1932//1932
f 1932//1932 1947//1947 1948//1948
f 1932//1932 1948//1948 1933//1933
f 1933//1933 1948//1948 1949//1949
f 1933//1933 1949//1949 1934//1934
f 1934//1934 1949//1949 1950//1950
f 1934//1934 1950//1950 1758//1758
f 1935//1935 1741//1741 1951//1951
f 1935//1935 1951//1951 1936//1936
f 1936//1936 1951//1951 1952//1952
f 1936//1936 1952//1952 1937//1937
f 1937//1937 1952//1952 1953//1953
f 1937//1937 1953//1953 1938//1938
f 1938//1938 1953//1953 1954//1954
f 1938//1938 1954//1954 1939//1939
f 1939//1939 1954//1954 1955//1955
f 1939//1939 1955//1955 1940//1940
f 1940//1940 1955//1955 1956//1956
f 1940//1940 1956//1956 1941//1941
f 1941//1941 1956//1956 1957//1957
f 1941//1941 1957//1957 1942//1942
f 1942//1942 1957//1957 1958//1958
f 1942//1942 1958//1958 1943//1943
f 1943//1943 1958//1958 1959//1959
f 1943//1943 1959//1959 1944//1944
f 1944//1944 1959//1959 1960//1960
f 1944//1944 1960//1960 1945//1945
f 1945//1945 1960//1960 1961//1961
f 1945//1945 1961//1961 1946//1946
f 1946//1946 1961//1961 1962//1962
f 1946//1946 1962//1962 1947//1947
f 1947//1947 1962//1962 1963//1963
f 1947//1947 1963//1963 1948//1948
f 1948//1948 1963//1963 1964//1964
f 1948//1948 1964//1964 1949//1949
f 1949//1949 1964//1964 1965//1965
f 1949//1949 1965//1965 1950//1950
f 1950//1950 1965//1965 1966//1966
f 1950//1950 1966//1966 1758//1758
f 1951//1951 1741//1741 1967//1967
f 1951//1951 1967//1967 1952//1952
f 1952//1952 1967//1967 1968//1968
f 1952//1952 1968//1968 1953//1953
f 1953//1953 1968//1968 1969//1969
f 1953//1953 1969//1969 1954//1954
f 1954//1954 1969//1969 1970//1970
f 1954//1954 1970//1970 1955//1955
f 1955//1955 1970//1970 1971//1971
f 1955//1955 1971//1971 1956//1956
f 1956//1956 1971//1971 1972//1972
f 1956//1956 1972//1972 1957//1957
f 1957//1957 1972//1972 1973//1973
f 1957//1957 1973//1973 1958//1958
f 1958//1958 1973//1973 1974//1974
f 1958//1958 1974//1974 1959//1959
f 1959//1959 1974//1974 1975//1975
f 1959//1959 1975//1975 1960//1960
f 1960//1960 1975//1975 1976//1976
f 1960//1960 1976//1976 1961//1961
f 1961//1961 1976//1976 1977//1977
f 1961//1961 1977//1977 1962//1962
f 1962//1962 1977//1977 1978//1978
f 1962//1962 1978//1978 1963//1963
f 1963//1963 1978//1978 1979//1979
f 1963//1963 1979//1979 1964//1964
f 1964//1964 1979//1979 1980//1980
f 1964//1964 1980//1980 1965//1965
f 1965//1965 1980//1980 1981//1981
f 1965//1965 1981//1981 1966//1966
f 1966//1966 1981//1981 1982//1982
f 1966//1966 1982//1982 1758//1758
f 1967//1967 1741//1741 1983//1983
f 1967//1967 1983//1983 1968//1968
f 1968//1968 1983//1983 1984//1984
f 1968//1968 1984//1984 1969//1969
f 1969//1969 1984//1984 1985//1985
f 1969//1969 1985//1985 1970//1970
f 1970//1970 1985//1985 1986//1986
f 1970//1970 1986//1986 1971//1971
f 1971//1971 1986//1986 1987//1987
f 1971//1971 1987//1987 1972//1972
f 1972//1972 1987//1987 1988//1988
f 1972//1972 1988//1988 1973//1973
f 1973//1973 1988//1988 1989//1989
f 1973//1973 1989//1989 1974//1974
f 1974//1974 1989//1989 1990//1990
f 1974//1974 1990//1990 1975//1975
f 1975//1975 1990//1990 1991//1991
f 1975//1975 1991//1991 1976//1976
f 1976//1976 1991//1991 1992//1992
f 1976//1976 1992//1992 1977//1977
f 1977//1977 1992//1992 1993//1993
f 1977//1977 1993//1993 1978//1978
f 1978//1978 1993//1993 1994//1994
f 1978//1978 1994//1994 1979//1979
f 1979//1979 1994//1994 1995//1995
f 1979//1979 1995//1995 1980//1980
f 1980//1980 1995//1995 1996//1996
f 1980//1980 1996//1996 1981//1981
f 1981//1981 1996//1996 1997//1997
f 1981//1981 1997//1997 1982//1982
f 1982//1982 1997//1997 1998//1998
f 1982//1982 1998//1998 1758//1758
f 1983//1983 1741//1741 1999//1999
f 1983//1983 1999//1999 1984//1984
f 1984//1984 1999//1999 2000//2000
f 1984//1984 2000//2000 1985//1985
f 1985//1985 2000//2000 2001//2001
f 1985//1985 2001//2001 1986//1986
f 1986//1986 2001//2001 2002//2002
f 1986//1986 2002//2002 1987//1987
f 1987//1987 2002//2002 2003//2003
f 1987//1987 2003//2003 1988//1988
f 1988//1988 2003//2003 2004//2004
f 1988//1988 2004//2004 1989//1989
f 1989//1989 2004//2004 2005//2005
f 1989//1989 2005//2005 1990//1990
f 1990//1990 2005//2005 2006//2006
f 1990//1990 2006//2006 1991//1991
f 1991//1991 2006//2006 2007//2007
f 1991//1991 2007//2007 1992//1992
f 1992//1992 2007//2007 2008//2008
f 1992//1992 2008//2008 1993//1993
f 1993//1993 2008//2008 2009//2009
f 1993//1993 2009//2009 1994//1994
f 1994//1994 2009//2009 2010//2010
f 1994//1994 2010//2010 1995//1995
f 1995//1995 2010//2010 2011//2011
f 1995//1995 2011//2011 1996//1996
f 1996//1996 2011//2011 2012//2012
f 1996//1996 2012//2012 1997//1997
f 1997//1997 2012//2012 2013//2013
f 1997//1997 2013//2013 1998//1998
f 1998//1998 2013//2013 2014//2014
f 1998//1998 2014//2014 1758//1758
f 1999//1999 1741//1741 2015//2015
f 1999//1999 2015//2015 2000//2000
f 2000//2000 2015//2015 2016//2016
f 2000//2000 2016//2016 2001//2001
f 2001//2001 2016//2016 2017//2017
f 2001//2001 2017//2017 2002//2002
f 2002//2002 2017//2017 2018//2018
f 2002//2002 2018//2018 2003//2003
f 2003//2003 2018//2018 2019//2019
f 2003//2003 2019//2019 2004//2004
f 2004//2004 2019//2019 2020//2020
f 2004//2004 2020//2020 2005//2005
f 2005//2005 2020//2020 2021//2021
f 2005//2005 2021//2021 2006//2006
f 2006//2006 2021//2021 2022//2022
f 2006//2006 2022//2022 2007//2007
f 2007//2007 2022//2022 2023//2023
f 2007//2007 2023//2023 2008//2008
f 2008//2008 2023//2023 2024//2024
f 2008//2008 2024//2024 2009//2009
f 2009//2009 2024//2024 2025//2025
f 2009//2009 2025//2025 2010//2010
f 2010//2010 2025//2025 2026//2026
f 2010//2010 2026//2026 2011//2011
f 2011//2011 2026//2026 2027//2027
f 2011//2011 2027//2027 2012//2012
f 2012//2012 2027//2027 2028//2028
f 2012//2012 2028//2028 2013//2013
f 2013//2013 2028//2028 2029//2029
f 2013//2013 2029//2029 2014//2014
f 2014//2014 2029//2029 2030//2030
f 2014//2014 2030//2030 1758//1758
f 2015//2015 1741//1741 1742//1742
f 2015//2015 1742//1742 2016//2016
f 2016//2016 1742//1742 1743//1743
f 2016//2016 1743//1743 2017//2017
f 2017//2017 1743//1743 1744//1744
f 2017//2017 1744//1744 2018//2018
f 2018//2018 1744//1744 1745//1745
f 2018//2018 1745//1745 2019//2019
f 2019//2019 1745//1745 1746//1746
f 2019//2019 1746//1746 2020//2020
f 2020//2020 1746//1746 1747//1747
f 2020//2020 1747//1747 2021//2021
f 2021//2021 1747//1747 1748//1748
f 2021//2021 1748//1748 2022//2022
f 2022//2022 1748//1748 1749//1749
f 2022//2022 1749//1749 2023//2023
f 2023//2023 1749//1749 1750//1750
f 2023//2023 1750//1750 2024//2024
f 2024//2024 1750//1750 1751//1751
f 2024//2024 1751//1751 2025//2025
f 2025//2025 1751//1751 1752//1752
f 2025//2025 1752//1752 2026//2026
f 2026//2026 1752//1752 1753//1753
f 2026//2026 1753//1753 2027//2027
f 2027//2027 1753//1753 1754//1754
f 2027//2027 1754//1754 2028//2028
f 2028//2028 1754//1754 1755//1755
f 2028//2028 1755//1755 2029//2029
f 2029//2029 1755//1755 1756//1756
f 2029//2029 1756//1756 2030//2030
f 2030//2030 1756//1756 1757//1757
f 2030//2030 1757//1757 1758//1758
f 2032//2032 2031//2031 2049//2049
f 2032//2032 2049//2049 2033//2033
f 2033//2033 2049//2049 2050//2050
f 2033//2033 2050//2050 2034//2034
f 2034//2034 2050//2050 2051//2051
f 2034//2034 2051//2051 2035//2035
f 2035//2035 2051//2051 2052//2052
f 2035//2035 2052//2052 2036//2036
f 2036//2036 2052//2052 2053//2053
f 2036//2036 2053//2053 2037//2037
f 2037//2037 2053//2053 2054//2054
f 2037//2037 2054//2054 2038//2038
f 2038//2038 2054//2054 2055//2055
f 2038//2038 2055//2055 2039//2039
f 2039//2039 2055//2055 2056//2056
f 2039//2039 2056//2056 2040//2040
f 2040//2040 2056//2056 2057//2057
f 2040//2040 2057//2057 2041//2041
f 2041//2041 2057//2057 2058//2058
f 2041//2041 2058//2058 2042//2042
f 2042//2042 2058//2058 2059//2059
f 2042//2042 2059//2059 2043//2043
f 2043//2043 2059//2059 2060//2060
f 2043//2043 2060//2060 2044//2044
f 2044//2044 2060//2060 2061//2061
f 2044//2044 2061//2061 2045//2045
f 2045//2045 2061//2061 2062//2062
f 2045//2045 2062//2062 2046//2046
f 2046//2046 2062//2062 2063//2063
f 2046//2046 2063//2063 2047//2047
f 2047//2047 2063//2063 2064//2064
f 2047//2047 2064//2064 2048//2048
f 2049//2049 2031//2031 2065//2065
f 2049//2049 2065//2065 2050//2050
f 2050//2050 2065//2065 2066//2066
f 2050//2050 2066//2066 2051//2051
f 2051//2051 2066//2066 2067//2067
f 2051//2051 2067//2067 2052//2052
f 2052//2052 2067//2067 2068//2068
f 2052//2052 2068//2068 2053//2053
f 2053//2053 2068//2068 2069//2069
f 2053//2053 2069//2069 2054//2054
f 2054//2054 2069//2069 2070//2070
f 2054//2054 2070//2070 2055//2055
f 2055//2055 2070//2070 2071//2071
f 2055//2055 2071//2071 2056//2056
f 2056//2056 2071//2071 2072//2072
f 2056//2056 2072//2072 2057//2057
f 2057//2057 2072//2072 2073//2073
f 2057//2057 2073//2073 2058//2058
f 2058//2058 2073//2073 2074//2074
f 2058//2058 2074//2074 2059//2059
f 2059//2059 2074//2074 2075//2075
f 2059//2059 2075//2075 2060//2060
f 2060//2060 2075//2075 2076//2076
f 2060//2060 2076//2076 2061//2061
f 2061//2061 2076//2076 2077//2077
f 2061//2061 2077//2077 2062//2062
f 2062//2062 2077//2077 2078//2078
f 2062//2062 2078//2078 2063//2063
f 2063//2063 2078//2078 2079//2079
f 2063//2063 2079//2079 2064//2064
f 2064//2064 2079//2079 2080//2080
f 2064//2064 2080//2080 2048//2048
f 2065//2065 2031//2031 2081//2081
f 2065//2065 2081//2081 2066//2066
f 2066//2066 2081//2081 2082//2082
f 2066//2066 2082//2082 2067//2067
f 2067//2067 2082//2082 2083//2083
f 2067//2067 2083//2083 2068//2068
f 2068//2068 2083//2083 2084//2084
f 2068//2068 2084//2084 2069//2069
f 2069//2069 2084//2084 2085//2085
f 2069//2069 2085//2085 2070//2070
f 2070//2070 2085//2085 2086//2086
f 2070//2070 2086//2086 2071//2071
f 2071//2071 2086//2086 2087//2087
f 2071//2071 2087//2087 2072//2072
f 2072//2072 2087//2087 2088//2088
f 2072//2072 2088//2088 2073//2073
f 2073//2073 2088//2088 2089//2089
f 2073//2073 2089//2089 2074//2074
f 2074//2074 2089//2089 2090//2090
f 2074//2074 2090//2090 2075//2075
f 2075//2075 2090//2090 2091//2091
f 2075//2075 2091//2091 2076//2076
f 2076//2076 2091//2091 2092//2092
f 2076//2076 2092//2092 2077//2077
f 2077//2077 2092//2092 2093//2093
f 2077//2077 2093//2093 2078//2078
f 2078//2078 2093//2093 2094//2094
f 2078//2078 2094//2094 2079//2079
f 2079//2079 2094//2094 2095//2095
f 2079//2079 2095//2095 2080//2080
f 2080//2080 2095//2095 2096//2096
f 2080//2080 2096//2096 2048//2048
f 2081//2081 2031//2031 2097//2097
f 2081//2081 2097//2097 2082//2082
f 2082//2082 2097//2097 2098//2098
f 2082//2082 2098//2098 2083//2083
f 2083//2083 2098//2098 2099//2099
f 2083//2083 2099//2099 2084//2084
f 2084//2084 2099//2099 2100//2100
f 2084//2084 2100//2100 2085//2085
f 2085//2085 2100//2100 2101//2101
f 2085//2085 2101//2101 2086//2086
f 2086//2086 2101//2101 2102//2102
f 2086//2086 2102//2102 2087//2087
f 2087//2087 2102//2102 2103//2103
f 2087//2087 2103//2103 2088//2088
f 2088//2088 2103//2103 2104//2104
f 2088//2088 2104//2104 2089//2089
f 2089//2089 2104//2104 2105//2105
f 2089//2089 2105//2105 2090//2090
f 2090//2090 2105//2105 2106//2106
f 2090//2090 2106//2106 2091//2091
f 2091//2091 2106//2106 2107//2107
f 2091//2091 2107//2107 2092//2092
f 2092//2092 2107//2107 2108//2108
f 2092//2092 2108//2108 2093//2093
f 2093//2093 2108//2108 2109//2109
f 2093//2093 2109//2109 2094//2094
f 2094//2094 2109//2109 2110//2110
f 2094//2094 2110//2110 2095//2095
f 2095//2095 2110//2110 2111//2111
f 2095//2095 2111//2111 2096//2096
f 2096//2096 2111//2111 2112//2112
f 2096//2096 2112//2112 2048//2048
f 2097//2097 2031//2031 2113//2113
f 2097//2097 2113//2113 2098//2098
f 2098//2098 2113//2113 2114//2114
f 2098//2098 2114//2114 2099//2099
f 2099//2099 2114//2114 2115//2115
f 2099//2099 2115//2115 2100//2100
f 2100//2100 2115//2115 2116//2116
f 2100//2100 2116//2116 2101//2101
f 2101//2101 2116//2116 2117//2117
f 2101//2101 2117//2117 2102//2102
f 2102//2102 2117//2117 2118//2118
f 2102//2102 2118//2118 2103//2103
f 2103//2103 2118//2118 2119//2119
f 2103//2103 2119//2119 2104//2104
f 2104//2104 2119//2119 2120//2120
f 2104//2104 2120//2120 2105//2105
f 2105//2105 2120//2120 2121//2121
f 2105//2105 2121//2121 2106//2106
f 2106//2106 2121//2121 2122//2122
f 2106//2106 2122//2122 2107//2107
f 2107//2107 2122//2122 2123//2123
f 2107//2107 2123//2123 2108//2108
f 2108//2108 2123//2123 2124//2124
f 2108//2108 2124//2124 2109//2109
f 2109//2109 2124//2124 2125//2125
f 2109//2109 2125//2125 2110//2110
f 2110//2110 2125//2125 2126//2126
f 2110//2110 2126//2126 2111//2111
f 2111//2111 2126//2126 2127//2127
f 2111//2111 2127//2127 2112//2112
f 2112//2112 2127//2127 2128//2128
f 2112//2112 2128//2128 2048//2048
f 2113//2113 2031//2031 2129//2129
f 2113//2113 2129//2129 2114//2114
f 2114//2114 2129//2129 2130//2130
f 2114//2114 2130//2130 2115//2115
f 2115//2115 2130//2130 2131//2131
f 2115//2115 2131//2131 2116//2116
f 2116//2116 2131//2131 2132//2132
f 2116//2116 2132//2132 2117//2117
f 2117//2117 2132//2132 2133//2133
f 2117//2117 2133//2133 2118//2118
f 2118//2118 2133//2133 2134//2134
f 2118//2118 2134//2134 2119//2119
f 2119//2119 2134//2134 2135//2135
f 2119//2119 2135//2135 2120//2120
f 2120//2120 2135//2135 2136//2136
f 2120//2120 2136//2136 2121//2121
f 2121//2121 2136//2136 2137//2137
f 2121//2121 2137//2137 2122//2122
f 2122//2122 2137//2137 2138//2138
f 2122//2122 2138//2138 2123//2123
f 2123//2123 2138//2138 2139//2139
f 2123//2123 2139//2139 2124//2124
f 2124//2124 2139//2139 2140//2140
f 2124//2124 2140//2140 2125//2125
f 2125//2125 2140//2140 2141//2141
f 2125//2125 2141//2141 2126//2126
f 2126//2126 2141//2141 2142//2142
f 2126//2126 2142//2142 2127//2127
f 2127//2127 2142//2142 2143//2143
f 2127//2127 2143//2143 2128//2128
f 2128//2128 2143//2143 2144//2144
f 2128//2128 2144//2144 2048//2048
f 2129//2129 2031//2031 2145//2145
f 2129//2129 2145//2145 2130//2130
f 2130//2130 2145//2145 2146//2146
f 2130//2130 2146//2146 2131//2131
f 2131//2131 2146//2146 2147//2147
f 2131//2131 2147//2147 2132//2132
f 2132//2132 2147//2147 2148//2148
f 2132//2132 2148//2148 2133//2133
f 2133//2133 2148//2148 2149//2149
f 2133//2133 2149//2149 2134//2134
f 2134//2134 2149//2149 2150//2150
f 2134//2134 2150//2150 2135//2135
f 2135//2135 2150//2150 2151//2151
f 2135//2135 2151//2151 2136//2136
f 2136//2136 2151//2151 2152//2152
f 2136//2136 2152//2152 2137//2137
f 2137//2137 2152//2152 2153//2153
f 2137//2137 2153//2153 2138//2138
f 2138//2138 2153//2153 2154//2154
f 2138//2138 2154//2154 2139//2139
f 2139//2139 2154//2154 2155//2155
f 2139//2139 2155//2155 2140//2140
f 2140//2140 2155//2155 2156//2156
f 2140//2140 2156//2156 2141//2141
f 2141//2141 2156//2156 2157//2157
f 2141//2141 2157//2157 2142//2142
f 2142//2142 2157//2157 2158//2158
f 2142//2142 2158//2158 2143//2143
f 2143//2143 2158//2158 2159//2159
f 2143//2143 2159//2159 2144//2144
f 2144//2144 2159//2159 2160//2160
f 2144//2144 2160//2160 2048//2048
f 2145//2145 2031//2031 2161//2161
f 2145//2145 2161//2161 2146//2146
f 2146//2146 2161//2161 2162//2162
f 2146//2146 2162//2162 2147//2147
f 2147//2147 2162//2162 2163//2163
f 2147//2147 2163//2163 2148//2148
f 2148//2148 2163//2163 2164//2164
f 2148//2148 2164//2164 2149//2149
f 2149//2149 2164//2164 2165//2165
f 2149//2149 2165//2165 2150//2150
f 2150//2150 2165//2165 2166//2166
f 2150//2150 2166//2166 2151//2151
f 2151//2151 2166//2166 2167//2167
f 2151//2151 2167//2167 2152//2152
f 2152//2152 2167//2167 2168//2168
f 2152//2152 2168//2168 2153//2153
f 2153//2153 2168//2168 2169//2169
f 2153//2153 2169//2169 2154//2154
f 2154//2154 2169//2169 2170//2170
f 2154//2154 2170//2170 2155//2155
f 2155//2155 2170//2170 2171//2171
f 2155//2155 2171//2171 2156//2156
f 2156//2156 2171//2171 2172//2172
f 2156//2156 2172//2172 2157//2157
f 2157//2157 2172//2172 2173//2173
f 2157//2157 2173//2173 2158//2158
f 2158//2158 2173//2173 2174//2174
f 2158//2158 2174//2174 2159//2159
f 2159//2159 2174//2174 2175//2175
f 2159//2159 2175//2175 2160//2160
f 2160//2160 2175//2175 2176//2176
f 2160//2160 2176//2176 2048//2048
f 2161//2161 2031//2031 2177//2177
f 2161//2161 2177//2177 2162//2162
f 2162//2162 2177//2177 2178//2178
f 2162//2162 2178//2178 2163//2163
f 2163//2163 2178//2178 2179//2179
f 2163//2163 2179//2179 2164//2164
f 2164//2164 2179//2179 2180//2180
f 2164//2164 2180//2180 2165//2165
f 2165//2165 2180//2180 2181//2181
f 2165//2165 2181//2181 2166//2166
f 2166//2166 2181//2181 2182//2182
f 2166//2166 2182//2182 2167//2167
f 2167//2167 2182//2182 2183//2183
f 2167//2167 2183//2183 2168//2168
f 2168//2168 2183//2183 2184//2184
f 2168//2168 2184//2184 2169//2169
f 2169//2169 2184//2184 2185//2185
f 2169//2169 2185//2185 2170//2170
f 2170//2170 2185//2185 2186//2186
f 2170//2170 2186//2186 2171//2171
f 2171//2171 2186//2186 2187//2187
f 2171//2171 2187//2187 2172//2172
f 2172//2172 2187//2187 2188//2188
f 2172//2172 2188//2188 2173//2173
f 2173//2173 2188//2188 2189//2189
f 2173//2173 2189//2189 2174//2174
f 2174//2174 2189//2189 2190//2190
f 2174//2174 2190//2190 2175//2175
f 2175//2175 2190//2190 2191//2191
f 2175//2175 2191//2191 2176//2176
f 2176//2176 2191//2191 2192//2192
f 2176//2176 2192//2192 2048//2048
f 2177//2177 2031//2031 2193//2193
f 2177//2177 2193//2193 2178//2178
f 2178//2178 2193//2193 2194//2194
f 2178//2178 2194//2194 2179//2179
f 2179//2179 2194//2194 2195//2195
f 2179//2179 2195//2195 2180//2180
f 2180//2180 2195//2195 2196//2196
f 2180//2180 2196//2196 2181//2181
f 2181//2181 2196//2196 2197//2197
f 2181//2181 2197//2197 2182//2182
f 2182//2182 2197//2197 2198//2198
f 2182//2182 2198//2198 2183//2183
f 2183//2183 2198//2198 2199//2199
f 2183//2183 2199//2199 2184//2184
f 2184//2184 2199//2199 2200//2200
f 2184//2184 2200//2200 2185//2185
f 2185//2185 2200//2200 2201//2201
f 2185//2185 2201//2201 2186//2186
f 2186//2186 2201//2201 2202//2202
f 2186//2186 2202//2202 2187//2187
f 2187//2187 2202//2202 2203//2203
f 2187//2187 2203//2203 2188//2188
f 2188//2188 2203//2203 2204//2204
f 2188//2188 2204//2204 2189//2189
f 2189//2189 2204//2204 2205//2205
f 2189//2189 2205//2205 2190//2190
f 2190//2190 2205//2205 2206//2206
f 2190//2190 2206//2206 2191//2191
f 2191//2191 2206//2206 2207//2207
f 2191//2191 2207//2207 2192//2192
f 2192//2192 2207//2207 2208//2208
f 2192//2192 2208//2208 2048//2048
f 2193//2193 2031//2031 2209//2209
f 2193//2193 2209//2209 2194//2194
f 2194//2194 2209//2209 2210//2210
f 2194//2194 2210//2210 2195//2195
f 2195//2195 2210//2210 2211//2211
f 2195//2195 2211//2211 2196//2196
f 2196//2196 2211//2211 2212//2212
f 2196//2196 2212//2212 2197//2197
f 2197//2197 2212//2212 2213//2213
f 2197//2197 2213//2213 2198//2198
f 2198//2198 2213//2213 2214//2214
f 2198//2198 2214//2214 2199//2199
f 2199//2199 2214//2214 2215//2215
f 2199//2199 2215//2215 2200//2200
f 2200//2200 2215//2215 2216//2216
f 2200//2200 2216//2216 2201//2201
f 2201//2201 2216//2216 2217//2217
f 2201//2201 2217//2217 2202//2202
f 2202//2202 2217//2217 2218//2218
f 2202//2202 2218//2218 2203//2203
f 2203//2203 2218//2218 2219//2219
f 2203//2203 2219//2219 2204//2204
f 2204//2204 2219//2219 2220//2220
f 2204//2204 2220//2220 2205//2205
f 2205//2205 2220//2220 2221//2221
f 2205//2205 2221//2221 2206//2206
f 2206//2206 2221//2221 2222//2222
f 2206//2206 2222//2222 2207//2207
f 2207//2207 2222//2222 2223//2223
f 2207//2207 2223//2223 2208//2208
f 2208//2208 2223//2223 2224//2224
f 2208//2208 2224//2224 2048//2048
f 2209//2209 2031//2031 2225//2225
f 2209//2209 2225//2225 2210//2210
f 2210//2210 2225//2225 2226//2226
f 2210//2210 2226//2226 2211//2211
f 2211//2211 2226//2226 2227//2227
f 2211//2211 2227//2227 2212//2212
f 2212//2212 2227//2227 2228//2228
f 2212//2212 2228//2228 2213//2213
f 2213//2213 2228//2228 2229//2229
f 2213//2213 2229//2229 2214//2214
f 2214//2214 2229//2229 2230//2230
f 2214//2214 2230//2230 2215//2215
f 2215//2215 2230//2230 2231//2231
f 2215//2215 2231//2231 2216//2216
f 2216//2216 2231//2231 2232//2232
f 2216//2216 2232//2232 2217//2217
f 2217//2217 2232//2232 2233//2233
f 2217//2217 2233//2233 2218//2218
f 2218//2218 2233//2233 2234//2234
f 2218//2218 2234//2234 2219//2219
f 2219//2219 2234//2234 2235//2235
f 2219//2219 2235//2235 2220//2220
f 2220//2220 2235//2235 2236//2236
f 2220//2220 2236//2236 2221//2221
f 2221//2221 2236//2236 2237//2237
f 2221//2221 2237//2237 2222//2222
f 2222//2222 2237//2237 2238//2238
f 2222//2222 2238//2238 2223//2223
f 2223//2223 2238//2238 2239//2239
f 2223//2223 2239//2239 2224//2224
f 2224//2224 2239//2239 2240//2240
f 2224//2224 2240//2240 2048//2048
f 2225//2225 2031//2031 2241//2241
f 2225//2225 2241//2241 2226//2226
f 2226//2226 2241//2241 2242//2242
f 2226//2226 2242//2242 2227//2227
f 2227//2227 2242//2242 2243//2243
f 2227//2227 2243//2243 2228//2228
f 2228//2228 2243//2243 2244//2244
f 2228//2228 2244//2244 2229//2229
f 2229//2229 2244//2244 2245//2245
f 2229//2229 2245//2245 2230//2230
f 2230//2230 2245//2245 2246//2246
f 2230//2230 2246//2246 2231//2231
f 2231//2231 2246//2246 2247//2247
f 2231//2231 2247//2247 2232//2232
f 2232//2232 2247//2247 2248//2248
f 2232//2232 2248//2248 2233//2233
f 2233//2233 2248//2248 2249//2249
f 2233//2233 2249//2249 2234//2234
f 2234//2234 2249//2249 2250//2250
f 2234//2234 2250//2250 2235//2235
f 2235//2235 2250//2250 2251//2251
f 2235//2235 2251//2251 2236//2236
f 2236//2236 2251//2251 2252//2252
f 2236//2236 2252//2252 2237//2237
f 2237//2237 2252//2252 2253//2253
f 2237//2237 2253//2253 2238//2238
f 2238//2238 2253//2253 2254//2254
f 2238//2238 2254//2254 2239//2239
f 2239//2239 2254//2254 2255//2255
f 2239//2239 2255//2255 2240//2240
f 2240//2240 2255//2255 2256//2256
f 2240//2240 2256//2256 2048//2048
f 2241//2241 2031//2031 2257//2257
f 2241//2241 2257//2257 2242//2242
f 2242//2242 2257//2257 2258//2258
f 2242//2242 2258//2258 2243//2243
f 2243//2243 2258//2258 2259//2259
f 2243//2243 2259//2259 2244//2244
f 2244//2244 2259//2259 2260//2260
f 2244//2244 2260//2260 2245//2245
f 2245//2245 2260//2260 2261//2261
f 2245//2245 2261//2261 2246//2246
f 2246//2246 2261//2261 2262//2262
f 2246//2246 2262//2262 2247//2247
f 2247//2247 2262//2262 2263//2263
f 2247//2247 2263//2263 2248//2248
f 2248//2248 2263//2263 2264//2264
f 2248//2248 2264//2264 2249//2249
f 2249//2249 2264//2264 2265//2265
f 2249//2249 2265//2265 2250//2250
f 2250//2250 2265//2265 2266//2266
f 2250//2250 2266//2266 2251//2251
f 2251//2251 2266//2266 2267//2267
f 2251//2251 2267//2267 2252//2252
f 2252//2252 2267//2267 2268//2268
f 2252//2252 2268//2268 2253//2253
f 2253//2253 2268//2268 2269//2269
f 2253//2253 2269//2269 2254//2254
f 2254//2254 2269//2269 2270//2270
f 2254//2254 2270//2270 2255//2255
f 2255//2255 2270//2270 2271//2271
f 2255//2255 2271//2271 2256//2256
f 2256//2256 2271//2271 2272//2272
f 2256//2256 2272//2272 2048//2048
f 2257//2257 2031//2031 2273//2273
f 2257//2257 2273//2273 2258//2258
f 2258//2258 2273//2273 2274//2274
f 2258//2258 2274//2274 2259//2259
f 2259//2259 2274//2274 2275//2275
f 2259//2259 2275//2275 2260//2260
f 2260//2260 2275//2275 2276//2276
f 2260//2260 2276//2276 2261//2261
f 2261//2261 2276//2276 2277//2277
f 2261//2261 2277//2277 2262//2262
f 2262//2262 2277//2277 2278//2278
f 2262//2262 2278//2278 2263//2263
f 2263//2263 2278//2278 2279//2279
f 2263//2263 2279//2279 2264//2264
f 2264//2264 2279//2279 2280//2280
f 2264//2264 2280//2280 2265//2265
f 2265//2265 2280//2280 2281//2281
f 2265//2265 2281//2281 2266//2266
f 2266//2266 2281//2281 2282//2282
f 2266//2266 2282//2282 2267//2267
f 2267//2267 2282//2282 2283//2283
f 2267//2267 2283//2283 2268//2268
f 2268//2268 2283//2283 2284//2284
f 2268//2268 2284//2284 2269//2269
f 2269//2269 2284//2284 2285//2285
f 2269//2269 2285//2285 2270//2270
f 2270//2270 2285//2285 2286//2286
f 2270//2270 2286//2286 2271//2271
f 2271//2271 2286//2286 2287//2287
f 2271//2271 2287//2287 2272//2272
f 2272//2272 2287//2287 2288//2288
f 2272//2272 2288//2288 2048//2048
f 2273//2273 2031//2031 2289//2289
f 2273//2273 2289//2289 2274//2274
f 2274//2274 2289//2289 2290//2290
f 2274//2274 2290//2290 2275//2275
f 2275//2275 2290//2290 2291//2291
f 2275//2275 2291//2291 2276//2276
f 2276//2276 2291//2291 2292//2292
f 2276//2276 2292//2292 2277//2277
f 2277//2277 2292//2292 2293//2293
f 2277//2277 2293//2293 2278//2278
f 2278//2278 2293//2293 2294//2294
f 2278//2278 2294//2294 2279//2279
f 2279//2279 2294//2294 2295//2295
f 2279//2279 2295//2295 2280//2280
f 2280//2280 2295//2295 2296//2296
f 2280//2280 2296//2296 2281//2281
f 2281//2281 2296//2296 2297//2297
f 2281//2281 2297//2297 2282//2282
f 2282//2282 2297//2297 2298//2298
f 2282//2282 2298//2298 2283//2283
f 2283//2283 2298//2298 2299//2299
f 2283//2283 2299//2299 2284//2284
f 2284//2284 2299//2299 2300//2300
f 2284//2284 2300//2300 2285//2285
f 2285//2285 2300//2300 2301//2301
f 2285//2285 2301//2301 2286//2286
f 2286//2286 2301//2301 2302//2302
f 2286//2286 2302//2302 2287//2287
f 2287//2287 2302//2302 2303//2303
f 2287//2287 2303//2303 2288//2288
f 2288//2288 2303//2303 2304//2304
f 2288//2288 2304//2304 2048//2048
f 2289//2289 2031//2031 2305//2305
f 2289//2289 2305//2305 2290//2290
f 2290//2290 2305//2305 2306//2306
f 2290//2290 2306//2306 2291//2291
f 2291//2291 2306//2306 2307//2307
f 2291//2291 2307//2307 2292//2292
f 2292//2292 2307//2307 2308//2308
f 2292//2292 2308//2308 2293//2293
f 2293//2293 2308//2308 2309//2309
f 2293//2293 2309//2309 2294//2294
f 2294//2294 2309//2309 2310//2310
f 2294//2294 2310//2310 2295//2295
f 2295//2295 2310//2310 2311//2311
f 2295//2295 2311//2311 2296//2296
f 2296//2296 2311//2311 2312//2312
f 2296//2296 2312//2312 2297//2297
f 2297//2297 2312//2312 2313//2313
f 2297//2297 2313//2313 2298//2298
f 2298//2298 2313//2313 2314//2314
f 2298//2298 2314//2314 2299//2299
f 2299//2299 2314//2314 2315//2315
f 2299//2299 2315//2315 2300//2300
f 2300//2300 2315//2315 2316//2316
f 2300//2300 2316//2316 2301//2301
f 2301//2301 2316//2316 2317//2317
f 2301//2301 2317//2317 2302//2302
f 2302//2302 2317//2317 2318//2318
f 2302//2302 2318//2318 2303//2303
f 2303//2303 2318//2318 2319//2319
f 2303//2303 2319//2319 2304//2304
f 2304//2304 2319//2319 2320//2320
f 2304//2304 2320//2320 2048//2048
f 2305//2305 2031//2031 2032//2032
f 2305//2305 2032//2032 2306//2306
f 2306//2306 2032//2032 2033//2033
f 2306//2306 2033//2033 2307//2307
f 2307//2307 2033//2033 2034//2034
f 2307//2307 2034//2034 2308//2308
f 2308//2308 2034//2034 2035//2035
f 2308//2308 2035//2035 2309//2309
f 2309//2309 2035//2035 2036//2036
f 2309//2309 2036//2036 2310//2310
f 2310//2310 2036//2036 2037//2037
f 2310//2310 2037//2037 2311//2311
f 2311//2311 2037//2037 2038//2038
f 2311//2311 2038//2038 2312//2312
f 2312//2312 2038//2038 2039//2039
f 2312//2312 2039//2039 2313//2313
f 2313//2313 2039//2039 2040//2040
f 2313//2313 2040//2040 2314//2314
f 2314//2314 2040//2040 2041//2041
f 2314//2314 2041//2041 2315//2315
f 2315//2315 2041//2041 2042//2042
f 2315//2315 2042//2042 2316//2316
f 2316//2316 2042//2042 2043//2043
f 2316//2316 2043//2043 2317//2317
f 2317//2317 2043//2043 2044//2044
f 2317//2317 2044//2044 2318//2318
f 2318//2318 2044//2044 2045//2045
f 2318//2318 2045//2045 2319//2319
f 2319//2319 2045//2045 2046//2046
f 2319//2319 2046//2046 2320//2320
f 2320//2320 2046//2046 2047//2047
f 2320//2320 2047//2047 2048//2048

