# https://github.com/mikedh/trimesh
v 0.0000000 0.7499825 0.1010250
v 0.0055125 0.7494720 0.1010076
v 0.0108372 0.7479578 0.1009558
v 0.0157930 0.7454916 0.1008715
v 0.0202109 0.7421573 0.1007575
v 0.0239405 0.7380685 0.1006177
v 0.0268549 0.7333643 0.1004569
v 0.0288548 0.7282051 0.1002805
v 0.0298720 0.7227664 0.1000946
v 0.0298720 -0.4527664 0.0599054
v 0.0288548 -0.4582051 0.0597195
v 0.0268549 -0.4633643 0.0595431
v 0.0239405 -0.4680685 0.0593823
v 0.0202109 -0.4721573 0.0592425
v 0.0157930 -0.4754916 0.0591285
v 0.0108372 -0.4779578 0.0590442
v 0.0055125 -0.4794720 0.0589924
v 0.0000000 -0.4799825 0.0589750
v 0.0051800 0.7494076 0.1028919
v 0.0101837 0.7478312 0.1046602
v 0.0148405 0.7453071 0.1062699
v 0.0189920 0.7419211 0.1076660
v 0.0224967 0.7377887 0.1088011
v 0.0252354 0.7330505 0.1096365
v 0.0271146 0.7278679 0.1101437
v 0.0280705 0.7224173 0.1103054
v 0.0280705 -0.4531155 0.0701163
v 0.0271146 -0.4585423 0.0695826
v 0.0252354 -0.4636782 0.0687227
v 0.0224967 -0.4683483 0.0675656
v 0.0189920 -0.4723935 0.0661510
v 0.0148405 -0.4756762 0.0645268
v 0.0101837 -0.4780845 0.0627486
v 0.0051800 -0.4795364 0.0608767
v 0.0042228 0.7493509 0.1045489
v 0.0083018 0.7477198 0.1079178
v 0.0120981 0.7451448 0.1110171
v 0.0154824 0.7417134 0.1137412
v 0.0183395 0.7375427 0.1159974
v 0.0205720 0.7327745 0.1177088
v 0.0221040 0.7275714 0.1188172
v 0.0228833 0.7221104 0.1192847
v 0.0228833 -0.4534225 0.0790956
v 0.0221040 -0.4588388 0.0782561
v 0.0205720 -0.4639542 0.0767950
v 0.0183395 -0.4685943 0.0747620
v 0.0154824 -0.4726012 0.0722262
v 0.0120981 -0.4758385 0.0692741
v 0.0083018 -0.4781958 0.0660062
v 0.0042228 -0.4795930 0.0625337
v 0.0027562 0.7493089 0.1057788
v 0.0054186 0.7476372 0.1103357
v 0.0078965 0.7450243 0.1145406
v 0.0101054 0.7415593 0.1182504
v 0.0119703 0.7373601 0.1213387
v 0.0134274 0.7325697 0.1237003
v 0.0144274 0.7273513 0.1252549
v 0.0149360 0.7218825 0.1259494
v 0.0149360 -0.4536504 0.0857602
v 0.0144274 -0.4590589 0.0846939
v 0.0134274 -0.4641590 0.0827865
v 0.0119703 -0.4687769 0.0801033
v 0.0101054 -0.4727554 0.0767354
v 0.0078965 -0.4759589 0.0727976
v 0.0054186 -0.4782785 0.0684240
v 0.0027562 -0.4796351 0.0637636
v 0.0009572 0.7492865 0.1064332
v 0.0018819 0.7475932 0.1116222
v 0.0027424 0.7449602 0.1164155
v 0.0035096 0.7414772 0.1206497
v 0.0041572 0.7372629 0.1241808
v 0.0046633 0.7324607 0.1268884
v 0.0050106 0.7272342 0.1286803
v 0.0051872 0.7217613 0.1294956
v 0.0051872 -0.4537716 0.0893064
v 0.0050106 -0.4591760 0.0881193
v 0.0046633 -0.4642680 0.0859746
v 0.0041572 -0.4688741 0.0829453
v 0.0035096 -0.4728374 0.0791347
v 0.0027424 -0.4760230 0.0746724
v 0.0018819 -0.4783225 0.0697106
v 0.0009572 -0.4796575 0.0644180
v -0.0009572 0.7492865 0.1064332
v -0.0018819 0.7475932 0.1116222
v -0.0027424 0.7449602 0.1164155
v -0.0035096 0.7414772 0.1206497
v -0.0041572 0.7372629 0.1241808
v -0.0046633 0.7324607 0.1268884
v -0.0050106 0.7272342 0.1286803
v -0.0051872 0.7217613 0.1294956
v -0.0051872 -0.4537716 0.0893064
v -0.0050106 -0.4591760 0.0881193
v -0.0046633 -0.4642680 0.0859746
v -0.0041572 -0.4688741 0.0829453
v -0.0035096 -0.4728374 0.0791347
v -0.0027424 -0.4760230 0.0746724
v -0.0018819 -0.4783225 0.0697106
v -0.0009572 -0.4796575 0.0644180
v -0.0027562 0.7493089 0.1057788
v -0.0054186 0.7476372 0.1103357
v -0.0078965 0.7450243 0.1145406
v -0.0101054 0.7415593 0.1182504
v -0.0119703 0.7373601 0.1213387
v -0.0134274 0.7325697 0.1237003
v -0.0144274 0.7273513 0.1252549
v -0.0149360 0.7218825 0.1259494
v -0.0149360 -0.4536504 0.0857602
v -0.0144274 -0.4590589 0.0846939
v -0.0134274 -0.4641590 0.0827865
v -0.0119703 -0.4687769 0.0801033
v -0.0101054 -0.4727554 0.0767354
v -0.0078965 -0.4759589 0.0727976
v -0.0054186 -0.4782785 0.0684240
v -0.0027562 -0.4796351 0.0637636
v -0.0042228 0.7493509 0.1045489
v -0.0083018 0.7477198 0.1079178
v -0.0120981 0.7451448 0.1110171
v -0.0154824 0.7417134 0.1137412
v -0.0183395 0.7375427 0.1159974
v -0.0205720 0.7327745 0.1177088
v -0.0221040 0.7275714 0.1188172
v -0.0228833 0.7221104 0.1192847
v -0.0228833 -0.4534225 0.0790956
v -0.0221040 -0.4588388 0.0782561
v -0.0205720 -0.4639542 0.0767950
v -0.0183395 -0.4685943 0.0747620
v -0.0154824 -0.4726012 0.0722262
v -0.0120981 -0.4758385 0.0692741
v -0.0083018 -0.4781958 0.0660062
v -0.0042228 -0.4795930 0.0625337
v -0.0051800 0.7494076 0.1028919
v -0.0101837 0.7478312 0.1046602
v -0.0148405 0.7453071 0.1062699
v -0.0189920 0.7419211 0.1076660
v -0.0224967 0.7377887 0.1088011
v -0.0252354 0.7330505 0.1096365
v -0.0271146 0.7278679 0.1101437
v -0.0280705 0.7224173 0.1103054
v -0.0280705 -0.4531155 0.0701163
v -0.0271146 -0.4585423 0.0695826
v -0.0252354 -0.4636782 0.0687227
v -0.0224967 -0.4683483 0.0675656
v -0.0189920 -0.4723935 0.0661510
v -0.0148405 -0.4756762 0.0645268
v -0.0101837 -0.4780845 0.0627486
v -0.0051800 -0.4795364 0.0608767
v -0.0055125 0.7494720 0.1010076
v -0.0108372 0.7479578 0.1009558
v -0.0157930 0.7454916 0.1008715
v -0.0202109 0.7421573 0.1007575
v -0.0239405 0.7380685 0.1006177
v -0.0268549 0.7333643 0.1004569
v -0.0288548 0.7282051 0.1002805
v -0.0298720 0.7227664 0.1000946
v -0.0298720 -0.4527664 0.0599054
v -0.0288548 -0.4582051 0.0597195
v -0.0268549 -0.4633643 0.0595431
v -0.0239405 -0.4680685 0.0593823
v -0.0202109 -0.4721573 0.0592425
v -0.0157930 -0.4754916 0.0591285
v -0.0108372 -0.4779578 0.0590442
v -0.0055125 -0.4794720 0.0589924
v -0.0051800 0.7495364 0.0991233
v -0.0101837 0.7480845 0.0972514
v -0.0148405 0.7456762 0.0954732
v -0.0189920 0.7423935 0.0938490
v -0.0224967 0.7383483 0.0924344
v -0.0252354 0.7336782 0.0912773
v -0.0271146 0.7285423 0.0904174
v -0.0280705 0.7231155 0.0898837
v -0.0280705 -0.4524173 0.0496946
v -0.0271146 -0.4578679 0.0498563
v -0.0252354 -0.4630505 0.0503635
v -0.0224967 -0.4677887 0.0511989
v -0.0189920 -0.4719211 0.0523340
v -0.0148405 -0.4753071 0.0537301
v -0.0101837 -0.4778312 0.0553398
v -0.0051800 -0.4794076 0.0571081
v -0.0042228 0.7495930 0.0974663
v -0.0083018 0.7481958 0.0939938
v -0.0120981 0.7458385 0.0907259
v -0.0154824 0.7426012 0.0877738
v -0.0183395 0.7385943 0.0852380
v -0.0205720 0.7339542 0.0832050
v -0.0221040 0.7288388 0.0817439
v -0.0228833 0.7234225 0.0809044
v -0.0228833 -0.4521104 0.0407153
v -0.0221040 -0.4575714 0.0411828
v -0.0205720 -0.4627745 0.0422912
v -0.0183395 -0.4675427 0.0440026
v -0.0154824 -0.4717134 0.0462588
v -0.0120981 -0.4751448 0.0489829
v -0.0083018 -0.4777198 0.0520822
v -0.0042228 -0.4793509 0.0554511
v -0.0027562 0.7496351 0.0962364
v -0.0054186 0.7482785 0.0915760
v -0.0078965 0.7459589 0.0872024
v -0.0101054 0.7427554 0.0832646
v -0.0119703 0.7387769 0.0798967
v -0.0134274 0.7341590 0.0772135
v -0.0144274 0.7290589 0.0753061
v -0.0149360 0.7236504 0.0742398
v -0.0149360 -0.4518825 0.0340506
v -0.0144274 -0.4573513 0.0347451
v -0.0134274 -0.4625697 0.0362997
v -0.0119703 -0.4673601 0.0386613
v -0.0101054 -0.4715593 0.0417496
v -0.0078965 -0.4750243 0.0454594
v -0.0054186 -0.4776372 0.0496643
v -0.0027562 -0.4793089 0.0542212
v -0.0009572 0.7496575 0.0955820
v -0.0018819 0.7483225 0.0902894
v -0.0027424 0.7460230 0.0853276
v -0.0035096 0.7428374 0.0808653
v -0.0041572 0.7388741 0.0770547
v -0.0046633 0.7342680 0.0740254
v -0.0050106 0.7291760 0.0718807
v -0.0051872 0.7237716 0.0706936
v -0.0051872 -0.4517613 0.0305044
v -0.0050106 -0.4572342 0.0313197
v -0.0046633 -0.4624607 0.0331116
v -0.0041572 -0.4672629 0.0358192
v -0.0035096 -0.4714772 0.0393503
v -0.0027424 -0.4749602 0.0435845
v -0.0018819 -0.4775932 0.0483778
v -0.0009572 -0.4792865 0.0535668
v 0.0009572 0.7496575 0.0955820
v 0.0018819 0.7483225 0.0902894
v 0.0027424 0.7460230 0.0853276
v 0.0035096 0.7428374 0.0808653
v 0.0041572 0.7388741 0.0770547
v 0.0046633 0.7342680 0.0740254
v 0.0050106 0.7291760 0.0718807
v 0.0051872 0.7237716 0.0706936
v 0.0051872 -0.4517613 0.0305044
v 0.0050106 -0.4572342 0.0313197
v 0.0046633 -0.4624607 0.0331116
v 0.0041572 -0.4672629 0.0358192
v 0.0035096 -0.4714772 0.0393503
v 0.0027424 -0.4749602 0.0435845
v 0.0018819 -0.4775932 0.0483778
v 0.0009572 -0.4792865 0.0535668
v 0.0027562 0.7496351 0.0962364
v 0.0054186 0.7482785 0.0915760
v 0.0078965 0.7459589 0.0872024
v 0.0101054 0.7427554 0.0832646
v 0.0119703 0.7387769 0.0798967
v 0.0134274 0.7341590 0.0772135
v 0.0144274 0.7290589 0.0753061
v 0.0149360 0.7236504 0.0742398
v 0.0149360 -0.4518825 0.0340506
v 0.0144274 -0.4573513 0.0347451
v 0.0134274 -0.4625697 0.0362997
v 0.0119703 -0.4673601 0.0386613
v 0.0101054 -0.4715593 0.0417496
v 0.0078965 -0.4750243 0.0454594
v 0.0054186 -0.4776372 0.0496643
v 0.0027562 -0.4793089 0.0542212
v 0.0042228 0.7495930 0.0974663
v 0.0083018 0.7481958 0.0939938
v 0.0120981 0.7458385 0.0907259
v 0.0154824 0.7426012 0.0877738
v 0.0183395 0.7385943 0.0852380
v 0.0205720 0.7339542 0.0832050
v 0.0221040 0.7288388 0.0817439
v 0.0228833 0.7234225 0.0809044
v 0.0228833 -0.4521104 0.0407153
v 0.0221040 -0.4575714 0.0411828
v 0.0205720 -0.4627745 0.0422912
v 0.0183395 -0.4675427 0.0440026
v 0.0154824 -0.4717134 0.0462588
v 0.0120981 -0.4751448 0.0489829
v 0.0083018 -0.4777198 0.0520822
v 0.0042228 -0.4793509 0.0554511
v 0.0051800 0.7495364 0.0991233
v 0.0101837 0.7480845 0.0972514
v 0.0148405 0.7456762 0.0954732
v 0.0189920 0.7423935 0.0938490
v 0.0224967 0.7383483 0.0924344
v 0.0252354 0.7336782 0.0912773
v 0.0271146 0.7285423 0.0904174
v 0.0280705 0.7231155 0.0898837
v 0.0280705 -0.4524173 0.0496946
v 0.0271146 -0.4578679 0.0498563
v 0.0252354 -0.4630505 0.0503635
v 0.0224967 -0.4677887 0.0511989
v 0.0189920 -0.4719211 0.0523340
v 0.0148405 -0.4753071 0.0537301
v 0.0101837 -0.4778312 0.0553398
v 0.0051800 -0.4794076 0.0571081
v 0.0212596 0.7449382 0.1025309
v 0.0206744 0.7460400 0.1063943
v 0.0193852 0.7472767 0.1100399
v 0.0174358 0.7486061 0.1133436
v 0.0148926 0.7499830 0.1161929
v 0.0118423 0.7513605 0.1184908
v 0.0083887 0.7526916 0.1201590
v 0.0046495 0.7539311 0.1211407
v 0.0007519 0.7550367 0.1214025
v -0.4231713 0.8559708 0.0709354
v -0.4269865 0.8567016 0.0697555
v -0.4305637 0.8572041 0.0679027
v -0.4337813 0.8574613 0.0654403
v -0.4365295 0.8574645 0.0624522
v -0.4387149 0.8572134 0.0590399
v -0.4402629 0.8567167 0.0553199
v -0.4411209 0.8559913 0.0514186
v -0.4412596 0.8550618 0.0474691
v 0.0210353 0.7472787 0.1058406
v 0.0200945 0.7497118 0.1089513
v 0.0184695 0.7521548 0.1117573
v 0.0162156 0.7545244 0.1141628
v 0.0134094 0.7567399 0.1160861
v 0.0101466 0.7587259 0.1174615
v 0.0065382 0.7604148 0.1182424
v 0.0027073 0.7617490 0.1184020
v -0.4212159 0.8626831 0.0679349
v -0.4250977 0.8631852 0.0668571
v -0.4288059 0.8632384 0.0652053
v -0.4322142 0.8628408 0.0630356
v -0.4352066 0.8620059 0.0604221
v -0.4376811 0.8607621 0.0574536
v -0.4395535 0.8591518 0.0542313
v -0.4407601 0.8572299 0.0508649
v 0.0213795 0.7482454 0.1048825
v 0.0207713 0.7516124 0.1070678
v 0.0194558 0.7549245 0.1090124
v 0.0174777 0.7580689 0.1106501
v 0.0149044 0.7609385 0.1119251
v 0.0118236 0.7634356 0.1127940
v 0.0083401 0.7654752 0.1132273
v 0.0045727 0.7669878 0.1132101
v -0.4193505 0.8679219 0.0627430
v -0.4232958 0.8682456 0.0618420
v -0.4271289 0.8679481 0.0605378
v -0.4307192 0.8670393 0.0588747
v -0.4339445 0.8655503 0.0569093
v -0.4366949 0.8635318 0.0547087
v -0.4388768 0.8610524 0.0523478
v -0.4404158 0.8581967 0.0499068
v 0.0216656 0.7488237 0.1036355
v 0.0213338 0.7527492 0.1046164
v 0.0202755 0.7565811 0.1054400
v 0.0185267 0.7601889 0.1060784
v 0.0161470 0.7634498 0.1065098
v 0.0132175 0.7662526 0.1067195
v 0.0098378 0.7685020 0.1067003
v 0.0061232 0.7701213 0.1064530
v -0.4178000 0.8710554 0.0559860
v -0.4217981 0.8712724 0.0553151
v -0.4257350 0.8707651 0.0544632
v -0.4294766 0.8695506 0.0534593
v -0.4328954 0.8676704 0.0523376
v -0.4358751 0.8651884 0.0511364
v -0.4383143 0.8621892 0.0498964
v -0.4401297 0.8587749 0.0486599
v 0.0218591 0.7489437 0.1022502
v 0.0217142 0.7529851 0.1018928
v 0.0208298 0.7569249 0.1014710
v 0.0192361 0.7606289 0.1009991
v 0.0169874 0.7639709 0.1004932
v 0.0141601 0.7668372 0.0999705
v 0.0108507 0.7691301 0.0994488
v 0.0071717 0.7707715 0.0989458
v -0.4167515 0.8717056 0.0484788
v -0.4207853 0.8719005 0.0480635
v -0.4247924 0.8713497 0.0477142
v -0.4286362 0.8700718 0.0474428
v -0.4321860 0.8681104 0.0472584
v -0.4353208 0.8655322 0.0471674
v -0.4379339 0.8624251 0.0471728
v -0.4399362 0.8588949 0.0472746
v 0.0219366 0.7485909 0.1008935
v 0.0218666 0.7522917 0.0992256
v 0.0210519 0.7559144 0.0975842
v 0.0195204 0.7593356 0.0960250
v 0.0173241 0.7624390 0.0946011
v 0.0145378 0.7651188 0.0933611
v 0.0112565 0.7672837 0.0923472
v 0.0075918 0.7688601 0.0915939
v -0.4163314 0.8697942 0.0411269
v -0.4203795 0.8700542 0.0409620
v -0.4244147 0.8696313 0.0411049
v -0.4282995 0.8685399 0.0415507
v -0.4319018 0.8668171 0.0422842
v -0.4350987 0.8645216 0.0432805
v -0.4377814 0.8617317 0.0445056
v -0.4398587 0.8585422 0.0459179
v 0.0218889 0.7478080 0.0997291
v 0.0217727 0.7507525 0.0969365
v 0.0209150 0.7536714 0.0942482
v 0.0193452 0.7564652 0.0917558
v 0.0171165 0.7590389 0.0895442
v 0.0143050 0.7613047 0.0876886
v 0.0110063 0.7631856 0.0862523
v 0.0073328 0.7646175 0.0852841
v -0.4165903 0.8655516 0.0348170
v -0.4206296 0.8659561 0.0348670
v -0.4246475 0.8658172 0.0354324
v -0.4285071 0.8651397 0.0364938
v -0.4320770 0.8639467 0.0380151
v -0.4352356 0.8622787 0.0399446
v -0.4378754 0.8601925 0.0422165
v -0.4399065 0.8577593 0.0447535
v 0.0217215 0.7466894 0.0988974
v 0.0214437 0.7485533 0.0953015
v 0.0204356 0.7504665 0.0918656
v 0.0187316 0.7523638 0.0887067
v 0.0163898 0.7541806 0.0859324
v 0.0134898 0.7558550 0.0836371
v 0.0101304 0.7573301 0.0818990
v 0.0064260 0.7585555 0.0807774
v -0.4174972 0.8594896 0.0303103
v -0.4215056 0.8601005 0.0305138
v -0.4254627 0.8603675 0.0313808
v -0.4292338 0.8602814 0.0328819
v -0.4326905 0.8598452 0.0349660
v -0.4357150 0.8590738 0.0375620
v -0.4382044 0.8579933 0.0405815
v -0.4400738 0.8566406 0.0439218
v 0.0214548 0.7453699 0.0984988
v 0.0209193 0.7459592 0.0945179
v 0.0196715 0.7466862 0.0907236
v 0.0177538 0.7475260 0.0872453
v 0.0152314 0.7484501 0.0842012
v 0.0121904 0.7494269 0.0816952
v 0.0087343 0.7504233 0.0798126
v 0.0049807 0.7514053 0.0786174
v -0.4189425 0.8523393 0.0281503
v -0.4229017 0.8531938 0.0284273
v -0.4267620 0.8539394 0.0294390
v -0.4303922 0.8545510 0.0311508
v -0.4336684 0.8550075 0.0335045
v -0.4364791 0.8552935 0.0364200
v -0.4387287 0.8553993 0.0397979
v -0.4403405 0.8553211 0.0435232
v 0.0211209 0.7440087 0.0985814
v 0.0202629 0.7432833 0.0946801
v 0.0187149 0.7427866 0.0909601
v 0.0165295 0.7425355 0.0875478
v 0.0137813 0.7425387 0.0845597
v 0.0105637 0.7427959 0.0820973
v 0.0069865 0.7432984 0.0802445
v 0.0031713 0.7440292 0.0790646
v -0.4207519 0.8449633 0.0285975
v -0.4246495 0.8460689 0.0288593
v -0.4283887 0.8473084 0.0298410
v -0.4318423 0.8486395 0.0315092
v -0.4348926 0.8500170 0.0338071
v -0.4374358 0.8513939 0.0366564
v -0.4393852 0.8527233 0.0399601
v -0.4406744 0.8539600 0.0436057
v 0.0207601 0.7427701 0.0991351
v 0.0195535 0.7408482 0.0957687
v 0.0176811 0.7392379 0.0925464
v 0.0152066 0.7379941 0.0895779
v 0.0122142 0.7371592 0.0869644
v 0.0088059 0.7367616 0.0847947
v 0.0050977 0.7368148 0.0831429
v 0.0012159 0.7373169 0.0820651
v -0.4227073 0.8382510 0.0315980
v -0.4265382 0.8395852 0.0317576
v -0.4301466 0.8412741 0.0325385
v -0.4334094 0.8432601 0.0339139
v -0.4362156 0.8454756 0.0358372
v -0.4384695 0.8478452 0.0382427
v -0.4400945 0.8502882 0.0410487
v -0.4410353 0.8527213 0.0441594
v 0.0204158 0.7418033 0.1000932
v 0.0188768 0.7389476 0.0976522
v 0.0166949 0.7364682 0.0952913
v 0.0139445 0.7344497 0.0930907
v 0.0107192 0.7329607 0.0911253
v 0.0071289 0.7320519 0.0894622
v 0.0032958 0.7317544 0.0881580
v -0.0006495 0.7320781 0.0872570
v -0.4245727 0.8330122 0.0367899
v -0.4283401 0.8345248 0.0367727
v -0.4318236 0.8365644 0.0372060
v -0.4349044 0.8390615 0.0380749
v -0.4374777 0.8419311 0.0393499
v -0.4394558 0.8450755 0.0409876
v -0.4407713 0.8483876 0.0429322
v -0.4413795 0.8517546 0.0451175
v 0.0201297 0.7412251 0.1013401
v 0.0183143 0.7378108 0.1001036
v 0.0158751 0.7348116 0.0988636
v 0.0128954 0.7323296 0.0976624
v 0.0094766 0.7304494 0.0965407
v 0.0057350 0.7292349 0.0955368
v 0.0017981 0.7287276 0.0946849
v -0.0022000 0.7289446 0.0940140
v -0.4261232 0.8298787 0.0435470
v -0.4298378 0.8314980 0.0432997
v -0.4332175 0.8337474 0.0432805
v -0.4361470 0.8365502 0.0434902
v -0.4385267 0.8398111 0.0439216
v -0.4402755 0.8434189 0.0445600
v -0.4413338 0.8472508 0.0453836
v -0.4416656 0.8511763 0.0463645
v 0.0199362 0.7411051 0.1027254
v 0.0179339 0.7375749 0.1028272
v 0.0153208 0.7344678 0.1028326
v 0.0121860 0.7318896 0.1027416
v 0.0086362 0.7299282 0.1025572
v 0.0047924 0.7286503 0.1022858
v 0.0007853 0.7280995 0.1019365
v -0.0032485 0.7282944 0.1015212
v -0.4271717 0.8292285 0.0510542
v -0.4308507 0.8308699 0.0505512
v -0.4341601 0.8331628 0.0500295
v -0.4369874 0.8360291 0.0495068
v -0.4392361 0.8393711 0.0490009
v -0.4408298 0.8430751 0.0485290
v -0.4417142 0.8470149 0.0481072
v -0.4418591 0.8510563 0.0477498
v 0.0198587 0.7414578 0.1040821
v 0.0177814 0.7382683 0.1054944
v 0.0150987 0.7354784 0.1067195
v 0.0119018 0.7331829 0.1077158
v 0.0082995 0.7314601 0.1084493
v 0.0044147 0.7303687 0.1088951
v 0.0003795 0.7299458 0.1090380
v -0.0036686 0.7302058 0.1088731
v -0.4275918 0.8311399 0.0584061
v -0.4312565 0.8327163 0.0576528
v -0.4345378 0.8348812 0.0566389
v -0.4373241 0.8375610 0.0553989
v -0.4395204 0.8406644 0.0539750
v -0.4410519 0.8440856 0.0524158
v -0.4418666 0.8477083 0.0507744
v -0.4419366 0.8514091 0.0491065
v 0.0199065 0.7422407 0.1052465
v 0.0178754 0.7398075 0.1077835
v 0.0152356 0.7377213 0.1100554
v 0.0120770 0.7360533 0.1119849
v 0.0085071 0.7348603 0.1135062
v 0.0046475 0.7341828 0.1145676
v 0.0006296 0.7340439 0.1151330
v -0.0034097 0.7344484 0.1151830
v -0.4273328 0.8353825 0.0647159
v -0.4310063 0.8368144 0.0637477
v -0.4343050 0.8386953 0.0623114
v -0.4371165 0.8409611 0.0604558
v -0.4393452 0.8435348 0.0582442
v -0.4409150 0.8463286 0.0557518
v -0.4417727 0.8492475 0.0530635
v -0.4418889 0.8521920 0.0502709
v 0.0200738 0.7433594 0.1060782
v 0.0182044 0.7420067 0.1094185
v 0.0157150 0.7409262 0.1124380
v 0.0126905 0.7401548 0.1150340
v 0.0092338 0.7397186 0.1171181
v 0.0054627 0.7396325 0.1186192
v 0.0015056 0.7398995 0.1194862
v -0.0025028 0.7405104 0.1196897
v -0.4264260 0.8414445 0.0692226
v -0.4301304 0.8426699 0.0681010
v -0.4334898 0.8441450 0.0663629
v -0.4363898 0.8458194 0.0640676
v -0.4387316 0.8476362 0.0612933
v -0.4404356 0.8495335 0.0581344
v -0.4414437 0.8514467 0.0546985
v -0.4417215 0.8533106 0.0511026
v 0.0203405 0.7446789 0.1064768
v 0.0187287 0.7446007 0.1102021
v 0.0164791 0.7447065 0.1135800
v 0.0136684 0.7449925 0.1164955
v 0.0103922 0.7454490 0.1188492
v 0.0067620 0.7460606 0.1205610
v 0.0029017 0.7468062 0.1215727
v -0.0010575 0.7476607 0.1218497
v -0.4249807 0.8485947 0.0713826
v -0.4287343 0.8495767 0.0701874
v -0.4321904 0.8505731 0.0683048
v -0.4352314 0.8515499 0.0657988
v -0.4377538 0.8524740 0.0627547
v -0.4396715 0.8533138 0.0592764
v -0.4409193 0.8540408 0.0554821
v -0.4414548 0.8546301 0.0515012
v -0.0212596 0.7449382 0.1025309
v -0.0211209 0.7440087 0.0985814
v -0.0202629 0.7432833 0.0946801
v -0.0187149 0.7427866 0.0909601
v -0.0165295 0.7425355 0.0875478
v -0.0137813 0.7425387 0.0845597
v -0.0105637 0.7427959 0.0820973
v -0.0069865 0.7432984 0.0802445
v -0.0031713 0.7440292 0.0790646
v 0.4207519 0.8449633 0.0285975
v 0.4246495 0.8460689 0.0288593
v 0.4283887 0.8473084 0.0298410
v 0.4318423 0.8486395 0.0315092
v 0.4348926 0.8500170 0.0338071
v 0.4374358 0.8513939 0.0366564
v 0.4393852 0.8527233 0.0399601
v 0.4406744 0.8539600 0.0436057
v 0.4412596 0.8550618 0.0474691
v -0.0214548 0.7453699 0.0984988
v -0.0209193 0.7459592 0.0945179
v -0.0196715 0.7466862 0.0907236
v -0.0177538 0.7475260 0.0872453
v -0.0152314 0.7484501 0.0842012
v -0.0121904 0.7494269 0.0816952
v -0.0087343 0.7504233 0.0798126
v -0.0049807 0.7514053 0.0786174
v 0.4189425 0.8523393 0.0281503
v 0.4229017 0.8531938 0.0284273
v 0.4267620 0.8539394 0.0294390
v 0.4303922 0.8545510 0.0311508
v 0.4336684 0.8550075 0.0335045
v 0.4364791 0.8552935 0.0364200
v 0.4387287 0.8553993 0.0397979
v 0.4403405 0.8553211 0.0435232
v -0.0217215 0.7466894 0.0988974
v -0.0214437 0.7485533 0.0953015
v -0.0204356 0.7504665 0.0918656
v -0.0187316 0.7523638 0.0887067
v -0.0163898 0.7541806 0.0859324
v -0.0134898 0.7558550 0.0836371
v -0.0101304 0.7573301 0.0818990
v -0.0064260 0.7585555 0.0807774
v 0.4174972 0.8594896 0.0303103
v 0.4215056 0.8601005 0.0305138
v 0.4254627 0.8603675 0.0313808
v 0.4292338 0.8602814 0.0328819
v 0.4326905 0.8598452 0.0349660
v 0.4357150 0.8590738 0.0375620
v 0.4382044 0.8579933 0.0405815
v 0.4400738 0.8566406 0.0439218
v -0.0218889 0.7478080 0.0997291
v -0.0217727 0.7507525 0.0969365
v -0.0209150 0.7536714 0.0942482
v -0.0193452 0.7564652 0.0917558
v -0.0171165 0.7590389 0.0895442
v -0.0143050 0.7613047 0.0876886
v -0.0110063 0.7631856 0.0862523
v -0.0073328 0.7646175 0.0852841
v 0.4165903 0.8655516 0.0348170
v 0.4206296 0.8659561 0.0348670
v 0.4246475 0.8658172 0.0354324
v 0.4285071 0.8651397 0.0364938
v 0.4320770 0.8639467 0.0380151
v 0.4352356 0.8622787 0.0399446
v 0.4378754 0.8601925 0.0422165
v 0.4399065 0.8577593 0.0447535
v -0.0219366 0.7485909 0.1008935
v -0.0218666 0.7522917 0.0992256
v -0.0210519 0.7559144 0.0975842
v -0.0195204 0.7593356 0.0960250
v -0.0173241 0.7624390 0.0946011
v -0.0145378 0.7651188 0.0933611
v -0.0112565 0.7672837 0.0923472
v -0.0075918 0.7688601 0.0915939
v 0.4163314 0.8697942 0.0411269
v 0.4203795 0.8700542 0.0409620
v 0.4244147 0.8696313 0.0411049
v 0.4282995 0.8685399 0.0415507
v 0.4319018 0.8668171 0.0422842
v 0.4350987 0.8645216 0.0432805
v 0.4377814 0.8617317 0.0445056
v 0.4398587 0.8585422 0.0459179
v -0.0218591 0.7489437 0.1022502
v -0.0217142 0.7529851 0.1018928
v -0.0208298 0.7569249 0.1014710
v -0.0192361 0.7606289 0.1009991
v -0.0169874 0.7639709 0.1004932
v -0.0141601 0.7668372 0.0999705
v -0.0108507 0.7691301 0.0994488
v -0.0071717 0.7707715 0.0989458
v 0.4167515 0.8717056 0.0484788
v 0.4207853 0.8719005 0.0480635
v 0.4247924 0.8713497 0.0477142
v 0.4286362 0.8700718 0.0474428
v 0.4321860 0.8681104 0.0472584
v 0.4353208 0.8655322 0.0471674
v 0.4379339 0.8624251 0.0471728
v 0.4399362 0.8588949 0.0472746
v -0.0216656 0.7488237 0.1036355
v -0.0213338 0.7527492 0.1046164
v -0.0202755 0.7565811 0.1054400
v -0.0185267 0.7601889 0.1060784
v -0.0161470 0.7634498 0.1065098
v -0.0132175 0.7662526 0.1067195
v -0.0098378 0.7685020 0.1067003
v -0.0061232 0.7701213 0.1064530
v 0.4178000 0.8710554 0.0559860
v 0.4217981 0.8712724 0.0553151
v 0.4257350 0.8707651 0.0544632
v 0.4294766 0.8695506 0.0534593
v 0.4328954 0.8676704 0.0523376
v 0.4358751 0.8651884 0.0511364
v 0.4383143 0.8621892 0.0498964
v 0.4401297 0.8587749 0.0486599
v -0.0213795 0.7482454 0.1048825
v -0.0207713 0.7516124 0.1070678
v -0.0194558 0.7549245 0.1090124
v -0.0174777 0.7580689 0.1106501
v -0.0149044 0.7609385 0.1119251
v -0.0118236 0.7634356 0.1127940
v -0.0083401 0.7654752 0.1132273
v -0.0045727 0.7669878 0.1132101
v 0.4193505 0.8679219 0.0627430
v 0.4232958 0.8682456 0.0618420
v 0.4271289 0.8679481 0.0605378
v 0.4307192 0.8670393 0.0588747
v 0.4339445 0.8655503 0.0569093
v 0.4366949 0.8635318 0.0547087
v 0.4388768 0.8610524 0.0523478
v 0.4404158 0.8581967 0.0499068
v -0.0210353 0.7472787 0.1058406
v -0.0200945 0.7497118 0.1089513
v -0.0184695 0.7521548 0.1117573
v -0.0162156 0.7545244 0.1141628
v -0.0134094 0.7567399 0.1160861
v -0.0101466 0.7587259 0.1174615
v -0.0065382 0.7604148 0.1182424
v -0.0027073 0.7617490 0.1184020
v 0.4212159 0.8626831 0.0679349
v 0.4250977 0.8631852 0.0668571
v 0.4288059 0.8632384 0.0652053
v 0.4322142 0.8628408 0.0630356
v 0.4352066 0.8620059 0.0604221
v 0.4376811 0.8607621 0.0574536
v 0.4395535 0.8591518 0.0542313
v 0.4407601 0.8572299 0.0508649
v -0.0206744 0.7460400 0.1063943
v -0.0193852 0.7472767 0.1100399
v -0.0174358 0.7486061 0.1133436
v -0.0148926 0.7499830 0.1161929
v -0.0118423 0.7513605 0.1184908
v -0.0083887 0.7526916 0.1201590
v -0.0046495 0.7539311 0.1211407
v -0.0007519 0.7550367 0.1214025
v 0.4231713 0.8559708 0.0709354
v 0.4269865 0.8567016 0.0697555
v 0.4305637 0.8572041 0.0679027
v 0.4337813 0.8574613 0.0654403
v 0.4365295 0.8574645 0.0624522
v 0.4387149 0.8572134 0.0590399
v 0.4402629 0.8567167 0.0553199
v 0.4411209 0.8559913 0.0514186
v -0.0203405 0.7446789 0.1064768
v -0.0187287 0.7446007 0.1102021
v -0.0164791 0.7447065 0.1135800
v -0.0136684 0.7449925 0.1164955
v -0.0103922 0.7454490 0.1188492
v -0.0067620 0.7460606 0.1205610
v -0.0029017 0.7468062 0.1215727
v 0.0010575 0.7476607 0.1218497
v 0.4249807 0.8485947 0.0713826
v 0.4287343 0.8495767 0.0701874
v 0.4321904 0.8505731 0.0683048
v 0.4352314 0.8515499 0.0657988
v 0.4377538 0.8524740 0.0627547
v 0.4396715 0.8533138 0.0592764
v 0.4409193 0.8540408 0.0554821
v 0.4414548 0.8546301 0.0515012
v -0.0200738 0.7433594 0.1060782
v -0.0182044 0.7420067 0.1094185
v -0.0157150 0.7409262 0.1124380
v -0.0126905 0.7401548 0.1150340
v -0.0092338 0.7397186 0.1171181
v -0.0054627 0.7396325 0.1186192
v -0.0015056 0.7398995 0.1194862
v 0.0025028 0.7405104 0.1196897
v 0.4264260 0.8414445 0.0692226
v 0.4301304 0.8426699 0.0681010
v 0.4334898 0.8441450 0.0663629
v 0.4363898 0.8458194 0.0640676
v 0.4387316 0.8476362 0.0612933
v 0.4404356 0.8495335 0.0581344
v 0.4414437 0.8514467 0.0546985
v 0.4417215 0.8533106 0.0511026
v -0.0199065 0.7422407 0.1052465
v -0.0178754 0.7398075 0.1077835
v -0.0152356 0.7377213 0.1100554
v -0.0120770 0.7360533 0.1119849
v -0.0085071 0.7348603 0.1135062
v -0.0046475 0.7341828 0.1145676
v -0.0006296 0.7340439 0.1151330
v 0.0034097 0.7344484 0.1151830
v 0.4273328 0.8353825 0.0647159
v 0.4310063 0.8368144 0.0637477
v 0.4343050 0.8386953 0.0623114
v 0.4371165 0.8409611 0.0604558
v 0.4393452 0.8435348 0.0582442
v 0.4409150 0.8463286 0.0557518
v 0.4417727 0.8492475 0.0530635
v 0.4418889 0.8521920 0.0502709
v -0.0198587 0.7414578 0.1040821
v -0.0177814 0.7382683 0.1054944
v -0.0150987 0.7354784 0.1067195
v -0.0119018 0.7331829 0.1077158
v -0.0082995 0.7314601 0.1084493
v -0.0044147 0.7303687 0.1088951
v -0.0003795 0.7299458 0.1090380
v 0.0036686 0.7302058 0.1088731
v 0.4275918 0.8311399 0.0584061
v 0.4312565 0.8327163 0.0576528
v 0.4345378 0.8348812 0.0566389
v 0.4373241 0.8375610 0.0553989
v 0.4395204 0.8406644 0.0539750
v 0.4410519 0.8440856 0.0524158
v 0.4418666 0.8477083 0.0507744
v 0.4419366 0.8514091 0.0491065
v -0.0199362 0.7411051 0.1027254
v -0.0179339 0.7375749 0.1028272
v -0.0153208 0.7344678 0.1028326
v -0.0121860 0.7318896 0.1027416
v -0.0086362 0.7299282 0.1025572
v -0.0047924 0.7286503 0.1022858
v -0.0007853 0.7280995 0.1019365
v 0.0032485 0.7282944 0.1015212
v 0.4271717 0.8292285 0.0510542
v 0.4308507 0.8308699 0.0505512
v 0.4341601 0.8331628 0.0500295
v 0.4369874 0.8360291 0.0495068
v 0.4392361 0.8393711 0.0490009
v 0.4408298 0.8430751 0.0485290
v 0.4417142 0.8470149 0.0481072
v 0.4418591 0.8510563 0.0477498
v -0.0201297 0.7412251 0.1013401
v -0.0183143 0.7378108 0.1001036
v -0.0158751 0.7348116 0.0988636
v -0.0128954 0.7323296 0.0976624
v -0.0094766 0.7304494 0.0965407
v -0.0057350 0.7292349 0.0955368
v -0.0017981 0.7287276 0.0946849
v 0.0022000 0.7289446 0.0940140
v 0.4261232 0.8298787 0.0435470
v 0.4298378 0.8314980 0.0432997
v 0.4332175 0.8337474 0.0432805
v 0.4361470 0.8365502 0.0434902
v 0.4385267 0.8398111 0.0439216
v 0.4402755 0.8434189 0.0445600
v 0.4413338 0.8472508 0.0453836
v 0.4416656 0.8511763 0.0463645
v -0.0204158 0.7418033 0.1000932
v -0.0188768 0.7389476 0.0976522
v -0.0166949 0.7364682 0.0952913
v -0.0139445 0.7344497 0.0930907
v -0.0107192 0.7329607 0.0911253
v -0.0071289 0.7320519 0.0894622
v -0.0032958 0.7317544 0.0881580
v 0.0006495 0.7320781 0.0872570
v 0.4245727 0.8330122 0.0367899
v 0.4283401 0.8345248 0.0367727
v 0.4318236 0.8365644 0.0372060
v 0.4349044 0.8390615 0.0380749
v 0.4374777 0.8419311 0.0393499
v 0.4394558 0.8450755 0.0409876
v 0.4407713 0.8483876 0.0429322
v 0.4413795 0.8517546 0.0451175
v -0.0207601 0.7427701 0.0991351
v -0.0195535 0.7408482 0.0957687
v -0.0176811 0.7392379 0.0925464
v -0.0152066 0.7379941 0.0895779
v -0.0122142 0.7371592 0.0869644
v -0.0088059 0.7367616 0.0847947
v -0.0050977 0.7368148 0.0831429
v -0.0012159 0.7373169 0.0820651
v 0.4227073 0.8382510 0.0315980
v 0.4265382 0.8395852 0.0317576
v 0.4301466 0.8412741 0.0325385
v 0.4334094 0.8432601 0.0339139
v 0.4362156 0.8454756 0.0358372
v 0.4384695 0.8478452 0.0382427
v 0.4400945 0.8502882 0.0410487
v 0.4410353 0.8527213 0.0441594
vn 0.0000000 0.9994161 0.0341681
vn 0.1936160 0.9805045 0.0335215
vn 0.3700845 0.9284557 0.0317421
vn 0.5337541 0.8451460 0.0288939
vn 0.6792064 0.7335187 0.0250776
vn 0.8016695 0.5974185 0.0204246
vn 0.8971560 0.4414560 0.0150925
vn 0.9625753 0.2708560 0.0092600
vn 0.9958193 0.0912916 0.0031211
vn 0.9958193 -0.0912916 -0.0031211
vn 0.9625753 -0.2708560 -0.0092600
vn 0.8971560 -0.4414560 -0.0150925
vn 0.8016695 -0.5974185 -0.0204246
vn 0.6792064 -0.7335187 -0.0250776
vn 0.5337541 -0.8451460 -0.0288939
vn 0.3700845 -0.9284557 -0.0317421
vn 0.1936160 -0.9805045 -0.0335215
vn 0.0000000 -0.9994161 -0.0341681
vn 0.1819396 0.9782419 0.0997034
vn 0.3477657 0.9241308 0.1582445
vn 0.5015648 0.8389084 0.2113419
vn 0.6382453 0.7255814 0.2572442
vn 0.7533229 0.5880500 0.2944516
vn 0.8430508 0.4309717 0.3217588
vn 0.9045249 0.2596072 0.3382880
vn 0.9357641 0.0796543 0.3435125
vn 0.9357641 -0.1029289 0.3372703
vn 0.9045249 -0.2821048 0.3197679
vn 0.8430508 -0.4519403 0.2915737
vn 0.7533229 -0.6067869 0.2536025
vn 0.6382453 -0.7414561 0.2070891
vn 0.5015648 -0.8513835 0.1535542
vn 0.3477657 -0.9327805 0.0947604
vn 0.1819396 -0.9827672 0.0326604
vn 0.1483185 0.9762522 0.1579028
vn 0.2835012 0.9203276 0.2694889
vn 0.4088794 0.8334232 0.3717841
vn 0.5203023 0.7186015 0.4614081
vn 0.6141145 0.5798116 0.5354269
vn 0.6872613 0.4217519 0.5914365
vn 0.7373755 0.2497152 0.6276303
vn 0.7628419 0.0694206 0.6428476
vn 0.7628419 -0.1131626 0.6366055
vn 0.7373755 -0.2919969 0.6091102
vn 0.6872613 -0.4611601 0.5612515
vn 0.6141145 -0.6150254 0.4945778
vn 0.5203023 -0.7484360 0.4112530
vn 0.4088794 -0.8568687 0.3139963
vn 0.2835012 -0.9365838 0.2060047
vn 0.1483185 -0.9847569 0.0908598
vn 0.0968080 0.9747754 0.2011000
vn 0.1850422 0.9175047 0.3520575
vn 0.2668770 0.8293520 0.4908686
vn 0.3396032 0.7134207 0.6129441
vn 0.4008348 0.5736967 0.7142853
vn 0.4485780 0.4149088 0.7915987
vn 0.4812877 0.2423730 0.8423880
vn 0.4979097 0.0618249 0.8650223
vn 0.4979097 -0.1207583 0.8587802
vn 0.4812877 -0.2993390 0.8238679
vn 0.4485780 -0.4680032 0.7614137
vn 0.4008348 -0.6211402 0.6734362
vn 0.3396032 -0.7536167 0.5627890
vn 0.2668770 -0.8609400 0.4330808
vn 0.1850422 -0.9394066 0.2885733
vn 0.0968080 -0.9862337 0.1340570
vn 0.0336211 0.9739895 0.2240848
vn 0.0642645 0.9160027 0.3959913
vn 0.0926854 0.8271857 0.5542321
vn 0.1179430 0.7106641 0.6935748
vn 0.1392084 0.5704431 0.8094539
vn 0.1557895 0.4112676 0.8981028
vn 0.1671495 0.2384663 0.9566582
vn 0.1729222 0.0577833 0.9832390
vn 0.1729222 -0.1247999 0.9769969
vn 0.1671495 -0.3032457 0.9381381
vn 0.1557895 -0.4716444 0.8679177
vn 0.1392084 -0.6243938 0.7686048
vn 0.1179430 -0.7563734 0.6434196
vn 0.0926854 -0.8631063 0.4964444
vn 0.0642645 -0.9409086 0.3325072
vn 0.0336211 -0.9870195 0.1570417
vn -0.0336211 0.9739895 0.2240848
vn -0.0642645 0.9160027 0.3959913
vn -0.0926854 0.8271857 0.5542321
vn -0.1179430 0.7106641 0.6935748
vn -0.1392084 0.5704431 0.8094539
vn -0.1557895 0.4112676 0.8981028
vn -0.1671495 0.2384663 0.9566582
vn -0.1729222 0.0577833 0.9832390
vn -0.1729222 -0.1247999 0.9769969
vn -0.1671495 -0.3032457 0.9381381
vn -0.1557895 -0.4716444 0.8679177
vn -0.1392084 -0.6243938 0.7686048
vn -0.1179430 -0.7563734 0.6434196
vn -0.0926854 -0.8631063 0.4964444
vn -0.0642645 -0.9409086 0.3325072
vn -0.0336211 -0.9870195 0.1570417
vn -0.0968080 0.9747754 0.2011000
vn -0.1850422 0.9175047 0.3520575
vn -0.2668770 0.8293520 0.4908686
vn -0.3396032 0.7134207 0.6129441
vn -0.4008348 0.5736967 0.7142853
vn -0.4485780 0.4149088 0.7915987
vn -0.4812877 0.2423730 0.8423880
vn -0.4979097 0.0618249 0.8650223
vn -0.4979097 -0.1207583 0.8587802
vn -0.4812877 -0.2993390 0.8238679
vn -0.4485780 -0.4680032 0.7614137
vn -0.4008348 -0.6211402 0.6734362
vn -0.3396032 -0.7536167 0.5627890
vn -0.2668770 -0.8609400 0.4330808
vn -0.1850422 -0.9394066 0.2885733
vn -0.0968080 -0.9862337 0.1340570
vn -0.1483185 0.9762522 0.1579028
vn -0.2835012 0.9203276 0.2694889
vn -0.4088794 0.8334232 0.3717841
vn -0.5203023 0.7186015 0.4614081
vn -0.6141145 0.5798116 0.5354269
vn -0.6872613 0.4217519 0.5914365
vn -0.7373755 0.2497152 0.6276303
vn -0.7628419 0.0694206 0.6428476
vn -0.7628419 -0.1131626 0.6366055
vn -0.7373755 -0.2919969 0.6091102
vn -0.6872613 -0.4611601 0.5612515
vn -0.6141145 -0.6150254 0.4945778
vn -0.5203023 -0.7484360 0.4112530
vn -0.4088794 -0.8568687 0.3139963
vn -0.2835012 -0.9365838 0.2060047
vn -0.1483185 -0.9847569 0.0908598
vn -0.1819396 0.9782419 0.0997034
vn -0.3477657 0.9241308 0.1582445
vn -0.5015648 0.8389084 0.2113419
vn -0.6382453 0.7255814 0.2572442
vn -0.7533229 0.5880500 0.2944516
vn -0.8430508 0.4309717 0.3217588
vn -0.9045249 0.2596072 0.3382880
vn -0.9357641 0.0796543 0.3435125
vn -0.9357641 -0.1029289 0.3372703
vn -0.9045249 -0.2821048 0.3197679
vn -0.8430508 -0.4519403 0.2915737
vn -0.7533229 -0.6067869 0.2536025
vn -0.6382453 -0.7414561 0.2070891
vn -0.5015648 -0.8513835 0.1535542
vn -0.3477657 -0.9327805 0.0947604
vn -0.1819396 -0.9827672 0.0326604
vn -0.1936160 0.9805045 0.0335215
vn -0.3700845 0.9284557 0.0317421
vn -0.5337541 0.8451460 0.0288939
vn -0.6792064 0.7335187 0.0250776
vn -0.8016695 0.5974185 0.0204246
vn -0.8971560 0.4414560 0.0150925
vn -0.9625753 0.2708560 0.0092600
vn -0.9958193 0.0912916 0.0031211
vn -0.9958193 -0.0912916 -0.0031211
vn -0.9625753 -0.2708560 -0.0092600
vn -0.8971560 -0.4414560 -0.0150925
vn -0.8016695 -0.5974185 -0.0204246
vn -0.6792064 -0.7335187 -0.0250776
vn -0.5337541 -0.8451460 -0.0288939
vn -0.3700845 -0.9284557 -0.0317421
vn -0.1936160 -0.9805045 -0.0335215
vn -0.1819396 0.9827672 -0.0326604
vn -0.3477657 0.9327805 -0.0947604
vn -0.5015648 0.8513835 -0.1535542
vn -0.6382453 0.7414561 -0.2070891
vn -0.7533229 0.6067869 -0.2536025
vn -0.8430508 0.4519403 -0.2915737
vn -0.9045249 0.2821048 -0.3197679
vn -0.9357641 0.1029289 -0.3372703
vn -0.9357641 -0.0796543 -0.3435125
vn -0.9045249 -0.2596072 -0.3382880
vn -0.8430508 -0.4309717 -0.3217588
vn -0.7533229 -0.5880500 -0.2944516
vn -0.6382453 -0.7255814 -0.2572442
vn -0.5015648 -0.8389084 -0.2113419
vn -0.3477657 -0.9241308 -0.1582445
vn -0.1819396 -0.9782419 -0.0997034
vn -0.1483185 0.9847569 -0.0908598
vn -0.2835012 0.9365838 -0.2060047
vn -0.4088794 0.8568687 -0.3139963
vn -0.5203023 0.7484360 -0.4112530
vn -0.6141145 0.6150254 -0.4945778
vn -0.6872613 0.4611601 -0.5612515
vn -0.7373755 0.2919969 -0.6091102
vn -0.7628419 0.1131626 -0.6366055
vn -0.7628419 -0.0694206 -0.6428476
vn -0.7373755 -0.2497152 -0.6276303
vn -0.6872613 -0.4217519 -0.5914365
vn -0.6141145 -0.5798116 -0.5354269
vn -0.5203023 -0.7186015 -0.4614081
vn -0.4088794 -0.8334232 -0.3717841
vn -0.2835012 -0.9203276 -0.2694889
vn -0.1483185 -0.9762522 -0.1579028
vn -0.0968080 0.9862337 -0.1340570
vn -0.1850422 0.9394066 -0.2885733
vn -0.2668770 0.8609400 -0.4330808
vn -0.3396032 0.7536167 -0.5627890
vn -0.4008348 0.6211402 -0.6734362
vn -0.4485780 0.4680032 -0.7614137
vn -0.4812877 0.2993390 -0.8238679
vn -0.4979097 0.1207583 -0.8587802
vn -0.4979097 -0.0618249 -0.8650223
vn -0.4812877 -0.2423730 -0.8423880
vn -0.4485780 -0.4149088 -0.7915987
vn -0.4008348 -0.5736967 -0.7142853
vn -0.3396032 -0.7134207 -0.6129441
vn -0.2668770 -0.8293520 -0.4908686
vn -0.1850422 -0.9175047 -0.3520575
vn -0.0968080 -0.9747754 -0.2011000
vn -0.0336211 0.9870195 -0.1570417
vn -0.0642645 0.9409086 -0.3325072
vn -0.0926854 0.8631063 -0.4964444
vn -0.1179430 0.7563734 -0.6434196
vn -0.1392084 0.6243938 -0.7686048
vn -0.1557895 0.4716444 -0.8679177
vn -0.1671495 0.3032457 -0.9381381
vn -0.1729222 0.1247999 -0.9769969
vn -0.1729222 -0.0577833 -0.9832390
vn -0.1671495 -0.2384663 -0.9566582
vn -0.1557895 -0.4112676 -0.8981028
vn -0.1392084 -0.5704431 -0.8094539
vn -0.1179430 -0.7106641 -0.6935748
vn -0.0926854 -0.8271857 -0.5542321
vn -0.0642645 -0.9160027 -0.3959913
vn -0.0336211 -0.9739895 -0.2240848
vn 0.0336211 0.9870195 -0.1570417
vn 0.0642645 0.9409086 -0.3325072
vn 0.0926854 0.8631063 -0.4964444
vn 0.1179430 0.7563734 -0.6434196
vn 0.1392084 0.6243938 -0.7686048
vn 0.1557895 0.4716444 -0.8679177
vn 0.1671495 0.3032457 -0.9381381
vn 0.1729222 0.1247999 -0.9769969
vn 0.1729222 -0.0577833 -0.9832390
vn 0.1671495 -0.2384663 -0.9566582
vn 0.1557895 -0.4112676 -0.8981028
vn 0.1392084 -0.5704431 -0.8094539
vn 0.1179430 -0.7106641 -0.6935748
vn 0.0926854 -0.8271857 -0.5542321
vn 0.0642645 -0.9160027 -0.3959913
vn 0.0336211 -0.9739895 -0.2240848
vn 0.0968080 0.9862337 -0.1340570
vn 0.1850422 0.9394066 -0.2885733
vn 0.2668770 0.8609400 -0.4330808
vn 0.3396032 0.7536167 -0.5627890
vn 0.4008348 0.6211402 -0.6734362
vn 0.4485780 0.4680032 -0.7614137
vn 0.4812877 0.2993390 -0.8238679
vn 0.4979097 0.1207583 -0.8587802
vn 0.4979097 -0.0618249 -0.8650223
vn 0.4812877 -0.2423730 -0.8423880
vn 0.4485780 -0.4149088 -0.7915987
vn 0.4008348 -0.5736967 -0.7142853
vn 0.3396032 -0.7134207 -0.6129441
vn 0.2668770 -0.8293520 -0.4908686
vn 0.1850422 -0.9175047 -0.3520575
vn 0.0968080 -0.9747754 -0.2011000
vn 0.1483185 0.9847569 -0.0908598
vn 0.2835012 0.9365838 -0.2060047
vn 0.4088794 0.8568687 -0.3139963
vn 0.5203023 0.7484360 -0.4112530
vn 0.6141145 0.6150254 -0.4945778
vn 0.6872613 0.4611601 -0.5612515
vn 0.7373755 0.2919969 -0.6091102
vn 0.7628419 0.1131626 -0.6366055
vn 0.7628419 -0.0694206 -0.6428476
vn 0.7373755 -0.2497152 -0.6276303
vn 0.6872613 -0.4217519 -0.5914365
vn 0.6141145 -0.5798116 -0.5354269
vn 0.5203023 -0.7186015 -0.4614081
vn 0.4088794 -0.8334232 -0.3717841
vn 0.2835012 -0.9203276 -0.2694889
vn 0.1483185 -0.9762522 -0.1579028
vn 0.1819396 0.9827672 -0.0326604
vn 0.3477657 0.9327805 -0.0947604
vn 0.5015648 0.8513835 -0.1535542
vn 0.6382453 0.7414561 -0.2070891
vn 0.7533229 0.6067869 -0.2536025
vn 0.8430508 0.4519403 -0.2915737
vn 0.9045249 0.2821048 -0.3197679
vn 0.9357641 0.1029289 -0.3372703
vn 0.9357641 -0.0796543 -0.3435125
vn 0.9045249 -0.2596072 -0.3382880
vn 0.8430508 -0.4309717 -0.3217588
vn 0.7533229 -0.5880500 -0.2944516
vn 0.6382453 -0.7255814 -0.2572442
vn 0.5015648 -0.8389084 -0.2113419
vn 0.3477657 -0.9241308 -0.1582445
vn 0.1819396 -0.9782419 -0.0997034
vn 0.9663475 -0.2300827 0.1150414
vn 0.9373699 -0.1770842 0.2999648
vn 0.8772983 -0.1207652 0.4645034
vn 0.7877071 -0.0604650 0.6130755
vn 0.6717413 0.0017774 0.7407837
vn 0.5333817 0.0638780 0.8434593
vn 0.3773068 0.1237736 0.9177798
vn 0.2087390 0.1794848 0.9613601
vn 0.0332802 0.2291760 0.9728159
vn -0.1432616 0.2712097 0.9517990
vn -0.3150489 0.3041962 0.8990044
vn -0.4763915 0.3270351 0.8161490
vn -0.6219206 0.3389500 0.7059233
vn -0.7467549 0.3395146 0.5719151
vn -0.8466565 0.3286692 0.4185084
vn -0.9181716 0.3067276 0.2507570
vn -0.9587534 0.2743737 0.0742359
vn -0.9663475 0.2300827 -0.1150414
vn 0.9546521 -0.1177586 0.2734451
vn 0.9103323 -0.0073681 0.4138126
vn 0.8353503 0.1030819 0.5399667
vn 0.7323676 0.2098922 0.6477522
vn 0.6049391 0.3095166 0.7336540
vn 0.4573874 0.3986700 0.7948956
vn 0.2946590 0.4744263 0.8295154
vn 0.1221676 0.5343037 0.8364177
vn -0.0543743 0.5763375 0.8154008
vn -0.2291289 0.5991377 0.7671597
vn -0.3963109 0.6019315 0.6932648
vn -0.5503631 0.5845886 0.5961180
vn -0.6861286 0.5476294 0.4788836
vn -0.7990134 0.4922161 0.3453996
vn -0.8851377 0.4201248 0.2000662
vn -0.9414712 0.3336993 0.0477161
vn 0.9711395 -0.0714558 0.2275570
vn 0.9418468 0.0811368 0.3261004
vn 0.8808020 0.2307280 0.4134639
vn 0.7902054 0.3723228 0.4867763
vn 0.6732052 0.5012340 0.5436536
vn 0.5337846 0.6132228 0.5822643
vn 0.3766270 0.7046240 0.6013793
vn 0.2069665 0.7724516 0.6004027
vn 0.0304246 0.8144854 0.5793858
vn -0.1471609 0.8293354 0.5390236
vn -0.3199136 0.8164843 0.4806336
vn -0.4820970 0.7763060 0.4061176
vn -0.6282909 0.7100600 0.3179077
vn -0.7535616 0.6198622 0.2188968
vn -0.8536232 0.5086296 0.1123540
vn -0.9249838 0.3800022 0.0018280
vn 0.9848433 -0.0437606 0.1678352
vn 0.9680407 0.1340743 0.2119462
vn 0.9185803 0.3070772 0.2488250
vn 0.8382785 0.4694778 0.2772720
vn 0.7299461 0.6159063 0.2963750
vn 0.5972838 0.7415537 0.3055325
vn 0.4447565 0.8423126 0.3044686
vn 0.2774489 0.9148955 0.2932377
vn 0.1009071 0.9569292 0.2722208
vn -0.0790314 0.9670240 0.2421129
vn -0.2564144 0.9448152 0.2039018
vn -0.4253562 0.8909783 0.1588390
vn -0.5802177 0.8072150 0.1084034
vn -0.7157834 0.6962114 0.0542579
vn -0.8274292 0.5615672 -0.0018002
vn -0.9112800 0.4076974 -0.0578937
vn 0.9941107 -0.0380134 0.1014832
vn 0.9857548 0.1450596 0.0851186
vn 0.9441284 0.3229207 0.0659080
vn 0.8707886 0.4896388 0.0445087
vn 0.7683179 0.6397024 0.0216436
vn 0.6402261 0.7681841 -0.0019220
vn 0.4908301 0.8708848 -0.0254050
vn 0.3251138 0.9444545 -0.0480286
vn 0.1485719 0.9864883 -0.0690455
vn -0.0329578 0.9955962 -0.0877607
vn -0.2134721 0.9714456 -0.1035527
vn -0.3869843 0.9147743 -0.1158924
vn -0.5477076 0.8273760 -0.1243599
vn -0.6902353 0.7120549 -0.1286591
vn -0.8097151 0.5725524 -0.1286278
vn -0.9020126 0.4134445 -0.1242458
vn 0.9978239 -0.0549076 0.0365039
vn 0.9928524 0.1127676 -0.0390850
vn 0.9543648 0.2763475 -0.1132246
vn 0.8838146 0.4303740 -0.1834391
vn 0.7836925 0.5697520 -0.2474038
vn 0.6574320 0.6899020 -0.3030155
vn 0.5092906 0.7868945 -0.3484539
vn 0.3442118 0.8575634 -0.3822345
vn 0.1676700 0.8995972 -0.4032513
vn -0.0144973 0.9116059 -0.4108096
vn -0.1962662 0.8931635 -0.4046463
vn -0.3716097 0.8448240 -0.3849398
vn -0.5346816 0.7681112 -0.3523077
vn -0.6799988 0.6654817 -0.3077917
vn -0.8026176 0.5402604 -0.2528315
vn -0.8982993 0.3965504 -0.1892250
vn 0.9955351 -0.0924053 -0.0192651
vn 0.9884774 0.0410931 -0.1456840
vn 0.9480550 0.1729751 -0.2669669
vn 0.8757853 0.2988318 -0.3790774
vn 0.7742155 0.4144923 -0.4783163
vn 0.6468262 0.5161493 -0.5614319
vn 0.4979114 0.6004720 -0.6257136
vn 0.3324396 0.6647026 -0.6690697
vn 0.1558978 0.7067364 -0.6900866
vn -0.0258765 0.7251834 -0.6880693
vn -0.2068720 0.7194108 -0.6630626
vn -0.3810867 0.6895642 -0.6158523
vn -0.5427109 0.6365690 -0.5479460
vn -0.6863086 0.5621093 -0.4615340
vn -0.8069925 0.4685860 -0.3594304
vn -0.9005882 0.3590526 -0.2449941
vn 0.9875202 -0.1459838 -0.0590974
vn 0.9731575 -0.0613187 -0.2218208
vn 0.9259599 0.0252716 -0.3767752
vn 0.8476692 0.1108780 -0.5188093
vn 0.7410299 0.1926498 -0.6432423
vn 0.6096879 0.2678833 -0.7460022
vn 0.4580651 0.3341028 -0.8237425
vn 0.2912171 0.3891339 -0.8739379
vn 0.1146753 0.4311677 -0.8949548
vn -0.0657228 0.4588142 -0.8860982
vn -0.2440103 0.4711448 -0.8476329
vn -0.4142723 0.4677218 -0.7807783
vn -0.5708271 0.4486152 -0.6876779
vn -0.7084037 0.4144058 -0.5713423
vn -0.8223124 0.3661741 -0.4355672
vn -0.9086030 0.3054741 -0.2848264
vn 0.9747461 -0.2091808 -0.0781886
vn 0.9487406 -0.1821156 -0.2583123
vn 0.8907446 -0.1489476 -0.4294050
vn 0.8028574 -0.1108174 -0.5857811
vn 0.6881384 -0.0690180 -0.7222894
vn 0.5504965 -0.0249516 -0.8344645
vn 0.3945576 0.0199148 -0.9186554
vn 0.2255163 0.0640950 -0.9721287
vn 0.0489744 0.1061287 -0.9931456
vn -0.1292303 0.1446262 -0.9810111
vn -0.3032017 0.1783099 -0.9360952
vn -0.4671638 0.2060540 -0.8598254
vn -0.6156388 0.2269198 -0.7546497
vn -0.7436190 0.2401866 -0.6239721
vn -0.8467294 0.2453772 -0.4720587
vn -0.9213772 0.2422772 -0.3039175
vn 0.9587534 -0.2743737 -0.0742359
vn 0.9181716 -0.3067276 -0.2507570
vn 0.8466565 -0.3286692 -0.4185084
vn 0.7467549 -0.3395146 -0.5719151
vn 0.6219206 -0.3389500 -0.7059233
vn 0.4763915 -0.3270351 -0.8161490
vn 0.3150489 -0.3041962 -0.8990044
vn 0.1432616 -0.2712097 -0.9517990
vn -0.0332802 -0.2291760 -0.9728159
vn -0.2087390 -0.1794848 -0.9613601
vn -0.3773068 -0.1237736 -0.9177798
vn -0.5333817 -0.0638780 -0.8434593
vn -0.6717413 -0.0017774 -0.7407837
vn -0.7877071 0.0604650 -0.6130755
vn -0.8772983 0.1207652 -0.4645034
vn -0.9373699 0.1770842 -0.2999648
vn 0.9414712 -0.3336993 -0.0477161
vn 0.8851377 -0.4201248 -0.2000662
vn 0.7990134 -0.4922161 -0.3453996
vn 0.6861286 -0.5476294 -0.4788836
vn 0.5503631 -0.5845886 -0.5961180
vn 0.3963109 -0.6019315 -0.6932648
vn 0.2291289 -0.5991377 -0.7671597
vn 0.0543743 -0.5763375 -0.8154008
vn -0.1221676 -0.5343037 -0.8364177
vn -0.2946590 -0.4744263 -0.8295154
vn -0.4573874 -0.3986700 -0.7948956
vn -0.6049391 -0.3095166 -0.7336540
vn -0.7323676 -0.2098922 -0.6477522
vn -0.8353503 -0.1030819 -0.5399667
vn -0.9103323 0.0073681 -0.4138126
vn -0.9546521 0.1177586 -0.2734451
vn 0.9249838 -0.3800022 -0.0018280
vn 0.8536232 -0.5086296 -0.1123540
vn 0.7535616 -0.6198622 -0.2188968
vn 0.6282909 -0.7100600 -0.3179077
vn 0.4820970 -0.7763060 -0.4061176
vn 0.3199136 -0.8164843 -0.4806336
vn 0.1471609 -0.8293354 -0.5390236
vn -0.0304246 -0.8144854 -0.5793858
vn -0.2069665 -0.7724516 -0.6004027
vn -0.3766270 -0.7046240 -0.6013793
vn -0.5337846 -0.6132228 -0.5822643
vn -0.6732052 -0.5012340 -0.5436536
vn -0.7902054 -0.3723228 -0.4867763
vn -0.8808020 -0.2307280 -0.4134639
vn -0.9418468 -0.0811368 -0.3261004
vn -0.9711395 0.0714558 -0.2275570
vn 0.9112800 -0.4076974 0.0578937
vn 0.8274292 -0.5615672 0.0018002
vn 0.7157834 -0.6962114 -0.0542579
vn 0.5802177 -0.8072150 -0.1084034
vn 0.4253562 -0.8909783 -0.1588390
vn 0.2564144 -0.9448152 -0.2039018
vn 0.0790314 -0.9670240 -0.2421129
vn -0.1009071 -0.9569292 -0.2722208
vn -0.2774489 -0.9148955 -0.2932377
vn -0.4447565 -0.8423126 -0.3044686
vn -0.5972838 -0.7415537 -0.3055325
vn -0.7299461 -0.6159063 -0.2963750
vn -0.8382785 -0.4694778 -0.2772720
vn -0.9185803 -0.3070772 -0.2488250
vn -0.9680407 -0.1340743 -0.2119462
vn -0.9848433 0.0437606 -0.1678352
vn 0.9020126 -0.4134445 0.1242458
vn 0.8097151 -0.5725524 0.1286278
vn 0.6902353 -0.7120549 0.1286591
vn 0.5477076 -0.8273760 0.1243599
vn 0.3869843 -0.9147743 0.1158924
vn 0.2134721 -0.9714456 0.1035527
vn 0.0329578 -0.9955962 0.0877607
vn -0.1485719 -0.9864883 0.0690455
vn -0.3251138 -0.9444545 0.0480286
vn -0.4908301 -0.8708848 0.0254050
vn -0.6402261 -0.7681841 0.0019220
vn -0.7683179 -0.6397024 -0.0216436
vn -0.8707886 -0.4896388 -0.0445087
vn -0.9441284 -0.3229207 -0.0659080
vn -0.9857548 -0.1450596 -0.0851186
vn -0.9941107 0.0380134 -0.1014832
vn 0.8982993 -0.3965504 0.1892250
vn 0.8026176 -0.5402604 0.2528315
vn 0.6799988 -0.6654817 0.3077917
vn 0.5346816 -0.7681112 0.3523077
vn 0.3716097 -0.8448240 0.3849398
vn 0.1962662 -0.8931635 0.4046463
vn 0.0144973 -0.9116059 0.4108096
vn -0.1676700 -0.8995972 0.4032513
vn -0.3442118 -0.8575634 0.3822345
vn -0.5092906 -0.7868945 0.3484539
vn -0.6574320 -0.6899020 0.3030155
vn -0.7836925 -0.5697520 0.2474038
vn -0.8838146 -0.4303740 0.1834391
vn -0.9543648 -0.2763475 0.1132246
vn -0.9928524 -0.1127676 0.0390850
vn -0.9978239 0.0549076 -0.0365039
vn 0.9005882 -0.3590526 0.2449941
vn 0.8069925 -0.4685860 0.3594304
vn 0.6863086 -0.5621093 0.4615340
vn 0.5427109 -0.6365690 0.5479460
vn 0.3810867 -0.6895642 0.6158523
vn 0.2068720 -0.7194108 0.6630626
vn 0.0258765 -0.7251834 0.6880693
vn -0.1558978 -0.7067364 0.6900866
vn -0.3324396 -0.6647026 0.6690697
vn -0.4979114 -0.6004720 0.6257136
vn -0.6468262 -0.5161493 0.5614319
vn -0.7742155 -0.4144923 0.4783163
vn -0.8757853 -0.2988318 0.3790774
vn -0.9480550 -0.1729751 0.2669669
vn -0.9884774 -0.0410931 0.1456840
vn -0.9955351 0.0924053 0.0192651
vn 0.9086030 -0.3054741 0.2848264
vn 0.8223124 -0.3661741 0.4355672
vn 0.7084037 -0.4144058 0.5713423
vn 0.5708271 -0.4486152 0.6876779
vn 0.4142723 -0.4677218 0.7807783
vn 0.2440103 -0.4711448 0.8476329
vn 0.0657228 -0.4588142 0.8860982
vn -0.1146753 -0.4311677 0.8949548
vn -0.2912171 -0.3891339 0.8739379
vn -0.4580651 -0.3341028 0.8237425
vn -0.6096879 -0.2678833 0.7460022
vn -0.7410299 -0.1926498 0.6432423
vn -0.8476692 -0.1108780 0.5188093
vn -0.9259599 -0.0252716 0.3767752
vn -0.9731575 0.0613187 0.2218208
vn -0.9875202 0.1459838 0.0590974
vn 0.9213772 -0.2422772 0.3039175
vn 0.8467294 -0.2453772 0.4720587
vn 0.7436190 -0.2401866 0.6239721
vn 0.6156388 -0.2269198 0.7546497
vn 0.4671638 -0.2060540 0.8598254
vn 0.3032017 -0.1783099 0.9360952
vn 0.1292303 -0.1446262 0.9810111
vn -0.0489744 -0.1061287 0.9931456
vn -0.2255163 -0.0640950 0.9721287
vn -0.3945576 -0.0199148 0.9186554
vn -0.5504965 0.0249516 0.8344645
vn -0.6881384 0.0690180 0.7222894
vn -0.8028574 0.1108174 0.5857811
vn -0.8907446 0.1489476 0.4294050
vn -0.9487406 0.1821156 0.2583123
vn -0.9747461 0.2091808 0.0781886
vn -0.9663475 -0.2300827 0.1150414
vn -0.9587534 -0.2743737 -0.0742359
vn -0.9181716 -0.3067276 -0.2507570
vn -0.8466565 -0.3286692 -0.4185084
vn -0.7467549 -0.3395146 -0.5719151
vn -0.6219206 -0.3389500 -0.7059233
vn -0.4763915 -0.3270351 -0.8161490
vn -0.3150489 -0.3041962 -0.8990044
vn -0.1432616 -0.2712097 -0.9517990
vn 0.0332802 -0.2291760 -0.9728159
vn 0.2087390 -0.1794848 -0.9613601
vn 0.3773068 -0.1237736 -0.9177798
vn 0.5333817 -0.0638780 -0.8434593
vn 0.6717413 -0.0017774 -0.7407837
vn 0.7877071 0.0604650 -0.6130755
vn 0.8772983 0.1207652 -0.4645034
vn 0.9373699 0.1770842 -0.2999648
vn 0.9663475 0.2300827 -0.1150414
vn -0.9747461 -0.2091808 -0.0781886
vn -0.9487406 -0.1821156 -0.2583123
vn -0.8907446 -0.1489476 -0.4294050
vn -0.8028574 -0.1108174 -0.5857811
vn -0.6881384 -0.0690180 -0.7222894
vn -0.5504965 -0.0249516 -0.8344645
vn -0.3945576 0.0199148 -0.9186554
vn -0.2255163 0.0640950 -0.9721287
vn -0.0489744 0.1061287 -0.9931456
vn 0.1292303 0.1446262 -0.9810111
vn 0.3032017 0.1783099 -0.9360952
vn 0.4671638 0.2060540 -0.8598254
vn 0.6156388 0.2269198 -0.7546497
vn 0.7436190 0.2401866 -0.6239721
vn 0.8467294 0.2453772 -0.4720587
vn 0.9213772 0.2422772 -0.3039175
vn -0.9875202 -0.1459838 -0.0590974
vn -0.9731575 -0.0613187 -0.2218208
vn -0.9259599 0.0252716 -0.3767752
vn -0.8476692 0.1108780 -0.5188093
vn -0.7410299 0.1926498 -0.6432423
vn -0.6096879 0.2678833 -0.7460022
vn -0.4580651 0.3341028 -0.8237425
vn -0.2912171 0.3891339 -0.8739379
vn -0.1146753 0.4311677 -0.8949548
vn 0.0657228 0.4588142 -0.8860982
vn 0.2440103 0.4711448 -0.8476329
vn 0.4142723 0.4677218 -0.7807783
vn 0.5708271 0.4486152 -0.6876779
vn 0.7084037 0.4144058 -0.5713423
vn 0.8223124 0.3661741 -0.4355672
vn 0.9086030 0.3054741 -0.2848264
vn -0.9955351 -0.0924053 -0.0192651
vn -0.9884774 0.0410931 -0.1456840
vn -0.9480550 0.1729751 -0.2669669
vn -0.8757853 0.2988318 -0.3790774
vn -0.7742155 0.4144923 -0.4783163
vn -0.6468262 0.5161493 -0.5614319
vn -0.4979114 0.6004720 -0.6257136
vn -0.3324396 0.6647026 -0.6690697
vn -0.1558978 0.7067364 -0.6900866
vn 0.0258765 0.7251834 -0.6880693
vn 0.2068720 0.7194108 -0.6630626
vn 0.3810867 0.6895642 -0.6158523
vn 0.5427109 0.6365690 -0.5479460
vn 0.6863086 0.5621093 -0.4615340
vn 0.8069925 0.4685860 -0.3594304
vn 0.9005882 0.3590526 -0.2449941
vn -0.9978239 -0.0549076 0.0365039
vn -0.9928524 0.1127676 -0.0390850
vn -0.9543648 0.2763475 -0.1132246
vn -0.8838146 0.4303740 -0.1834391
vn -0.7836925 0.5697520 -0.2474038
vn -0.6574320 0.6899020 -0.3030155
vn -0.5092906 0.7868945 -0.3484539
vn -0.3442118 0.8575634 -0.3822345
vn -0.1676700 0.8995972 -0.4032513
vn 0.0144973 0.9116059 -0.4108096
vn 0.1962662 0.8931635 -0.4046463
vn 0.3716097 0.8448240 -0.3849398
vn 0.5346816 0.7681112 -0.3523077
vn 0.6799988 0.6654817 -0.3077917
vn 0.8026176 0.5402604 -0.2528315
vn 0.8982993 0.3965504 -0.1892250
vn -0.9941107 -0.0380134 0.1014832
vn -0.9857548 0.1450596 0.0851186
vn -0.9441284 0.3229207 0.0659080
vn -0.8707886 0.4896388 0.0445087
vn -0.7683179 0.6397024 0.0216436
vn -0.6402261 0.7681841 -0.0019220
vn -0.4908301 0.8708848 -0.0254050
vn -0.3251138 0.9444545 -0.0480286
vn -0.1485719 0.9864883 -0.0690455
vn 0.0329578 0.9955962 -0.0877607
vn 0.2134721 0.9714456 -0.1035527
vn 0.3869843 0.9147743 -0.1158924
vn 0.5477076 0.8273760 -0.1243599
vn 0.6902353 0.7120549 -0.1286591
vn 0.8097151 0.5725524 -0.1286278
vn 0.9020126 0.4134445 -0.1242458
vn -0.9848433 -0.0437606 0.1678352
vn -0.9680407 0.1340743 0.2119462
vn -0.9185803 0.3070772 0.2488250
vn -0.8382785 0.4694778 0.2772720
vn -0.7299461 0.6159063 0.2963750
vn -0.5972838 0.7415537 0.3055325
vn -0.4447565 0.8423126 0.3044686
vn -0.2774489 0.9148955 0.2932377
vn -0.1009071 0.9569292 0.2722208
vn 0.0790314 0.9670240 0.2421129
vn 0.2564144 0.9448152 0.2039018
vn 0.4253562 0.8909783 0.1588390
vn 0.5802177 0.8072150 0.1084034
vn 0.7157834 0.6962114 0.0542579
vn 0.8274292 0.5615672 -0.0018002
vn 0.9112800 0.4076974 -0.0578937
vn -0.9711395 -0.0714558 0.2275570
vn -0.9418468 0.0811368 0.3261004
vn -0.8808020 0.2307280 0.4134639
vn -0.7902054 0.3723228 0.4867763
vn -0.6732052 0.5012340 0.5436536
vn -0.5337846 0.6132228 0.5822643
vn -0.3766270 0.7046240 0.6013793
vn -0.2069665 0.7724516 0.6004027
vn -0.0304246 0.8144854 0.5793858
vn 0.1471609 0.8293354 0.5390236
vn 0.3199136 0.8164843 0.4806336
vn 0.4820970 0.7763060 0.4061176
vn 0.6282909 0.7100600 0.3179077
vn 0.7535616 0.6198622 0.2188968
vn 0.8536232 0.5086296 0.1123540
vn 0.9249838 0.3800022 0.0018280
vn -0.9546521 -0.1177586 0.2734451
vn -0.9103323 -0.0073681 0.4138126
vn -0.8353503 0.1030819 0.5399667
vn -0.7323676 0.2098922 0.6477522
vn -0.6049391 0.3095166 0.7336540
vn -0.4573874 0.3986700 0.7948956
vn -0.2946590 0.4744263 0.8295154
vn -0.1221676 0.5343037 0.8364177
vn 0.0543743 0.5763375 0.8154008
vn 0.2291289 0.5991377 0.7671597
vn 0.3963109 0.6019315 0.6932648
vn 0.5503631 0.5845886 0.5961180
vn 0.6861286 0.5476294 0.4788836
vn 0.7990134 0.4922161 0.3453996
vn 0.8851377 0.4201248 0.2000662
vn 0.9414712 0.3336993 0.0477161
vn -0.9373699 -0.1770842 0.2999648
vn -0.8772983 -0.1207652 0.4645034
vn -0.7877071 -0.0604650 0.6130755
vn -0.6717413 0.0017774 0.7407837
vn -0.5333817 0.0638780 0.8434593
vn -0.3773068 0.1237736 0.9177798
vn -0.2087390 0.1794848 0.9613601
vn -0.0332802 0.2291760 0.9728159
vn 0.1432616 0.2712097 0.9517990
vn 0.3150489 0.3041962 0.8990044
vn 0.4763915 0.3270351 0.8161490
vn 0.6219206 0.3389500 0.7059233
vn 0.7467549 0.3395146 0.5719151
vn 0.8466565 0.3286692 0.4185084
vn 0.9181716 0.3067276 0.2507570
vn 0.9587534 0.2743737 0.0742359
vn -0.9213772 -0.2422772 0.3039175
vn -0.8467294 -0.2453772 0.4720587
vn -0.7436190 -0.2401866 0.6239721
vn -0.6156388 -0.2269198 0.7546497
vn -0.4671638 -0.2060540 0.8598254
vn -0.3032017 -0.1783099 0.9360952
vn -0.1292303 -0.1446262 0.9810111
vn 0.0489744 -0.1061287 0.9931456
vn 0.2255163 -0.0640950 0.9721287
vn 0.3945576 -0.0199148 0.9186554
vn 0.5504965 0.0249516 0.8344645
vn 0.6881384 0.0690180 0.7222894
vn 0.8028574 0.1108174 0.5857811
vn 0.8907446 0.1489476 0.4294050
vn 0.9487406 0.1821156 0.2583123
vn 0.9747461 0.2091808 0.0781886
vn -0.9086030 -0.3054741 0.2848264
vn -0.8223124 -0.3661741 0.4355672
vn -0.7084037 -0.4144058 0.5713423
vn -0.5708271 -0.4486152 0.6876779
vn -0.4142723 -0.4677218 0.7807783
vn -0.2440103 -0.4711448 0.8476329
vn -0.0657228 -0.4588142 0.8860982
vn 0.1146753 -0.4311677 0.8949548
vn 0.2912171 -0.3891339 0.8739379
vn 0.4580651 -0.3341028 0.8237425
vn 0.6096879 -0.2678833 0.7460022
vn 0.7410299 -0.1926498 0.6432423
vn 0.8476692 -0.1108780 0.5188093
vn 0.9259599 -0.0252716 0.3767752
vn 0.9731575 0.0613187 0.2218208
vn 0.9875202 0.1459838 0.0590974
vn -0.9005882 -0.3590526 0.2449941
vn -0.8069925 -0.4685860 0.3594304
vn -0.6863086 -0.5621093 0.4615340
vn -0.5427109 -0.6365690 0.5479460
vn -0.3810867 -0.6895642 0.6158523
vn -0.2068720 -0.7194108 0.6630626
vn -0.0258765 -0.7251834 0.6880693
vn 0.1558978 -0.7067364 0.6900866
vn 0.3324396 -0.6647026 0.6690697
vn 0.4979114 -0.6004720 0.6257136
vn 0.6468262 -0.5161493 0.5614319
vn 0.7742155 -0.4144923 0.4783163
vn 0.8757853 -0.2988318 0.3790774
vn 0.9480550 -0.1729751 0.2669669
vn 0.9884774 -0.0410931 0.1456840
vn 0.9955351 0.0924053 0.0192651
vn -0.8982993 -0.3965504 0.1892250
vn -0.8026176 -0.5402604 0.2528315
vn -0.6799988 -0.6654817 0.3077917
vn -0.5346816 -0.7681112 0.3523077
vn -0.3716097 -0.8448240 0.3849398
vn -0.1962662 -0.8931635 0.4046463
vn -0.0144973 -0.9116059 0.4108096
vn 0.1676700 -0.8995972 0.4032513
vn 0.3442118 -0.8575634 0.3822345
vn 0.5092906 -0.7868945 0.3484539
vn 0.6574320 -0.6899020 0.3030155
vn 0.7836925 -0.5697520 0.2474038
vn 0.8838146 -0.4303740 0.1834391
vn 0.9543648 -0.2763475 0.1132246
vn 0.9928524 -0.1127676 0.0390850
vn 0.9978239 0.0549076 -0.0365039
vn -0.9020126 -0.4134445 0.1242458
vn -0.8097151 -0.5725524 0.1286278
vn -0.6902353 -0.7120549 0.1286591
vn -0.5477076 -0.8273760 0.1243599
vn -0.3869843 -0.9147743 0.1158924
vn -0.2134721 -0.9714456 0.1035527
vn -0.0329578 -0.9955962 0.0877607
vn 0.1485719 -0.9864883 0.0690455
vn 0.3251138 -0.9444545 0.0480286
vn 0.4908301 -0.8708848 0.0254050
vn 0.6402261 -0.7681841 0.0019220
vn 0.7683179 -0.6397024 -0.0216436
vn 0.8707886 -0.4896388 -0.0445087
vn 0.9441284 -0.3229207 -0.0659080
vn 0.9857548 -0.1450596 -0.0851186
vn 0.9941107 0.0380134 -0.1014832
vn -0.9112800 -0.4076974 0.0578937
vn -0.8274292 -0.5615672 0.0018002
vn -0.7157834 -0.6962114 -0.0542579
vn -0.5802177 -0.8072150 -0.1084034
vn -0.4253562 -0.8909783 -0.1588390
vn -0.2564144 -0.9448152 -0.2039018
vn -0.0790314 -0.9670240 -0.2421129
vn 0.1009071 -0.9569292 -0.2722208
vn 0.2774489 -0.9148955 -0.2932377
vn 0.4447565 -0.8423126 -0.3044686
vn 0.5972838 -0.7415537 -0.3055325
vn 0.7299461 -0.6159063 -0.2963750
vn 0.8382785 -0.4694778 -0.2772720
vn 0.9185803 -0.3070772 -0.2488250
vn 0.9680407 -0.1340743 -0.2119462
vn 0.9848433 0.0437606 -0.1678352
vn -0.9249838 -0.3800022 -0.0018280
vn -0.8536232 -0.5086296 -0.1123540
vn -0.7535616 -0.6198622 -0.2188968
vn -0.6282909 -0.7100600 -0.3179077
vn -0.4820970 -0.7763060 -0.4061176
vn -0.3199136 -0.8164843 -0.4806336
vn -0.1471609 -0.8293354 -0.5390236
vn 0.0304246 -0.8144854 -0.5793858
vn 0.2069665 -0.7724516 -0.6004027
vn 0.3766270 -0.7046240 -0.6013793
vn 0.5337846 -0.6132228 -0.5822643
vn 0.6732052 -0.5012340 -0.5436536
vn 0.7902054 -0.3723228 -0.4867763
vn 0.8808020 -0.2307280 -0.4134639
vn 0.9418468 -0.0811368 -0.3261004
vn 0.9711395 0.0714558 -0.2275570
vn -0.9414712 -0.3336993 -0.0477161
vn -0.8851377 -0.4201248 -0.2000662
vn -0.7990134 -0.4922161 -0.3453996
vn -0.6861286 -0.5476294 -0.4788836
vn -0.5503631 -0.5845886 -0.5961180
vn -0.3963109 -0.6019315 -0.6932648
vn -0.2291289 -0.5991377 -0.7671597
vn -0.0543743 -0.5763375 -0.8154008
vn 0.1221676 -0.5343037 -0.8364177
vn 0.2946590 -0.4744263 -0.8295154
vn 0.4573874 -0.3986700 -0.7948956
vn 0.6049391 -0.3095166 -0.7336540
vn 0.7323676 -0.2098922 -0.6477522
vn 0.8353503 -0.1030819 -0.5399667
vn 0.9103323 0.0073681 -0.4138126
vn 0.9546521 0.1177586 -0.2734451
f 2//2 1//1 19//19
f 2//2 19//19 3//3
f 3//3 19//19 20//20
f 3//3 20//20 4//4
f 4//4 20//20 21//21
f 4//4 21//21 5//5
f 5//5 21//21 22//22
f 5//5 22//22 6//6
f 6//6 22//22 23//23
f 6//6 23//23 7//7
f 7//7 23//23 24//24
f 7//7 24//24 8//8
f 8//8 24//24 25//25
f 8//8 25//25 9//9
f 9//9 25//25 26//26
f 9//9 26//26 10//10
f 10//10 26//26 27//27
f 10//10 27//27 11//11
f 11//11 27//27 28//28
f 11//11 28//28 12//12
f 12//12 28//28 29//29
f 12//12 29//29 13//13
f 13//13 29//29 30//30
f 13//13 30//30 14//14
f 14//14 30//30 31//31
f 14//14 31//31 15//15
f 15//15 31//31 32//32
f 15//15 32//32 16//16
f 16//16 32//32 33//33
f 16//16 33//33 17//17
f 17//17 33//33 34//34
f 17//17 34//34 18//18
f 19//19 1//1 35//35
f 19//19 35//35 20//20
f 20//20 35//35 36//36
f 20//20 36//36 21//21
f 21//21 36//36 37//37
f 21//21 37//37 22//22
f 22//22 37//37 38//38
f 22//22 38//38 23//23
f 23//23 38//38 39//39
f 23//23 39//39 24//24
f 24//24 39//39 40//40
f 24//24 40//40 25//25
f 25//25 40//40 41//41
f 25//25 41//41 26//26
f 26//26 41//41 42//42
f 26//26 42//42 27//27
f 27//27 42//42 43//43
f 27//27 43//43 28//28
f 28//28 43//43 44//44
f 28//28 44//44 29//29
f 29//29 44//44 45//45
f 29//29 45//45 30//30
f 30//30 45//45 46//46
f 30//30 46//46 31//31
f 31//31 46//46 47//47
f 31//31 47//47 32//32
f 32//32 47//47 48//48
f 32//32 48//48 33//33
f 33//33 48//48 49//49
f 33//33 49//49 34//34
f 34//34 49//49 50//50
f 34//34 50//50 18//18
f 35//35 1//1 51//51
f 35//35 51//51 36//36
f 36//36 51//51 52//52
f 36//36 52//52 37//37
f 37//37 52//52 53//53
f 37//37 53//53 38//38
f 38//38 53//53 54//54
f 38//38 54//54 39//39
f 39//39 54//54 55//55
f 39//39 55//55 40//40
f 40//40 55//55 56//56
f 40//40 56//56 41//41
f 41//41 56//56 57//57
f 41//41 57//57 42//42
f 42//42 57//57 58//58
f 42//42 58//58 43//43
f 43//43 58//58 59//59
f 43//43 59//59 44//44
f 44//44 59//59 60//60
f 44//44 60//60 45//45
f 45//45 60//60 61//61
f 45//45 61//61 46//46
f 46//46 61//61 62//62
f 46//46 62//62 47//47
f 47//47 62//62 63//63
f 47//47 63//63 48//48
f 48//48 63//63 64//64
f 48//48 64//64 49//49
f 49//49 64//64 65//65
f 49//49 65//65 50//50
f 50//50 65//65 66//66
f 50//50 66//66 18//18
f 51//51 1//1 67//67
f 51//51 67//67 52//52
f 52//52 67//67 68//68
f 52//52 68//68 53//53
f 53//53 68//68 69//69
f 53//53 69//69 54//54
f 54//54 69//69 70//70
f 54//54 70//70 55//55
f 55//55 70//70 71//71
f 55//55 71//71 56//56
f 56//56 71//71 72//72
f 56//56 72//72 57//57
f 57//57 72//72 73//73
f 57//57 73//73 58//58
f 58//58 73//73 74//74
f 58//58 74//74 59//59
f 59//59 74//74 75//75
f 59//59 75//75 60//60
f 60//60 75//75 76//76
f 60//60 76//76 61//61
f 61//61 76//76 77//77
f 61//61 77//77 62//62
f 62//62 77//77 78//78
f 62//62 78//78 63//63
f 63//63 78//78 79//79
f 63//63 79//79 64//64
f 64//64 79//79 80//80
f 64//64 80//80 65//65
f 65//65 80//80 81//81
f 65//65 81//81 66//66
f 66//66 81//81 82//82
f 66//66 82//82 18//18
f 67//67 1//1 83//83
f 67//67 83//83 68//68
f 68//68 83//83 84//84
f 68//68 84//84 69//69
f 69//69 84//84 85//85
f 69//69 85//85 70//70
f 70//70 85//85 86//86
f 70//70 86//86 71//71
f 71//71 86//86 87//87
f 71//71 87//87 72//72
f 72//72 87//87 88//88
f 72//72 88//88 73//73
f 73//73 88//88 89//89
f 73//73 89//89 74//74
f 74//74 89//89 90//90
f 74//74 90//90 75//75
f 75//75 90//90 91//91
f 75//75 91//91 76//76
f 76//76 91//91 92//92
f 76//76 92//92 77//77
f 77//77 92//92 93//93
f 77//77 93//93 78//78
f 78//78 93//93 94//94
f 78//78 94//94 79//79
f 79//79 94//94 95//95
f 79//79 95//95 80//80
f 80//80 95//95 96//96
f 80//80 96//96 81//81
f 81//81 96//96 97//97
f 81//81 97//97 82//82
f 82//82 97//97 98//98
f 82//82 98//98 18//18
f 83//83 1//1 99//99
f 83//83 99//99 84//84
f 84//84 99//99 100//100
f 84//84 100//100 85//85
f 85//85 100//100 101//101
f 85//85 101//101 86//86
f 86//86 101//101 102//102
f 86//86 102//102 87//87
f 87//87 102//102 103//103
f 87//87 103//103 88//88
f 88//88 103//103 104//104
f 88//88 104//104 89//89
f 89//89 104//104 105//105
f 89//89 105//105 90//90
f 90//90 105//105 106//106
f 90//90 106//106 91//91
f 91//91 106//106 107//107
f 91//91 107//107 92//92
f 92//92 107//107 108//108
f 92//92 108//108 93//93
f 93//93 108//108 109//109
f 93//93 109//109 94//94
f 94//94 109//109 110//110
f 94//94 110//110 95//95
f 95//95 110//110 111//111
f 95//95 111//111 96//96
f 96//96 111//111 112//112
f 96//96 112//112 97//97
f 97//97 112//112 113//113
f 97//97 113//113 98//98
f 98//98 113//113 114//114
f 98//98 114//114 18//18
f 99//99 1//1 115//115
f 99//99 115//115 100//100
f 100//100 115//115 116//116
f 100//100 116//116 101//101
f 101//101 116//116 117//117
f 101//101 117//117 102//102
f 102//102 117//117 118//118
f 102//102 118//118 103//103
f 103//103 118//118 119//119
f 103//103 119//119 104//104
f 104//104 119//119 120//120
f 104//104 120//120 105//105
f 105//105 120//120 121//121
f 105//105 121//121 106//106
f 106//106 121//121 122//122
f 106//106 122//122 107//107
f 107//107 122//122 123//123
f 107//107 123//123 108//108
f 108//108 123//123 124//124
f 108//108 124//124 109//109
f 109//109 124//124 125//125
f 109//109 125//125 110//110
f 110//110 125//125 126//126
f 110//110 126//126 111//111
f 111//111 126//126 127//127
f 111//111 127//127 112//112
f 112//112 127//127 128//128
f 112//112 128//128 113//113
f 113//113 128//128 129//129
f 113//113 129//129 114//114
f 114//114 129//129 130//130
f 114//114 130//130 18//18
f 115//115 1//1 131//131
f 115//115 131//131 116//116
f 116//116 131//131 132//132
f 116//116 132//132 117//117
f 117//117 132//132 133//133
f 117//117 133//133 118//118
f 118//118 133//133 134//134
f 118//118 134//134 119//119
f 119//119 134//134 135//135
f 119//119 135//135 120//120
f 120//120 135//135 136//136
f 120//120 136//136 121//121
f 121//121 136//136 137//137
f 121//121 137//137 122//122
f 122//122 137//137 138//138
f 122//122 138//138 123//123
f 123//123 138//138 139//139
f 123//123 139//139 124//124
f 124//124 139//139 140//140
f 124//124 140//140 125//125
f 125//125 140//140 141//141
f 125//125 141//141 126//126
f 126//126 141//141 142//142
f 126//126 142//142 127//127
f 127//127 142//142 143//143
f 127//127 143//143 128//128
f 128//128 143//143 144//144
f 128//128 144//144 129//129
f 129//129 144//144 145//145
f 129//129 145//145 130//130
f 130//130 145//145 146//146
f 130//130 146//146 18//18
f 131//131 1//1 147//147
f 131//131 147//147 132//132
f 132//132 147//147 148//148
f 132//132 148//148 133//133
f 133//133 148//148 149//149
f 133//133 149//149 134//134
f 134//134 149//149 150//150
f 134//134 150//150 135//135
f 135//135 150//150 151//151
f 135//135 151//151 136//136
f 136//136 151//151 152//152
f 136//136 152//152 137//137
f 137//137 152//152 153//153
f 137//137 153//153 138//138
f 138//138 153//153 154//154
f 138//138 154//154 139//139
f 139//139 154//154 155//155
f 139//139 155//155 140//140
f 140//140 155//155 156//156
f 140//140 156//156 141//141
f 141//141 156//156 157//157
f 141//141 157//157 142//142
f 142//142 157//157 158//158
f 142//142 158//158 143//143
f 143//143 158//158 159//159
f 143//143 159//159 144//144
f 144//144 159//159 160//160
f 144//144 160//160 145//145
f 145//145 160//160 161//161
f 145//145 161//161 146//146
f 146//146 161//161 162//162
f 146//146 162//162 18//18
f 147//147 1//1 163//163
f 147//147 163//163 148//148
f 148//148 163//163 164//164
f 148//148 164//164 149//149
f 149//149 164//164 165//165
f 149//149 165//165 150//150
f 150//150 165//165 166//166
f 150//150 166//166 151//151
f 151//151 166//166 167//167
f 151//151 167//167 152//152
f 152//152 167//167 168//168
f 152//152 168//168 153//153
f 153//153 168//168 169//169
f 153//153 169//169 154//154
f 154//154 169//169 170//170
f 154//154 170//170 155//155
f 155//155 170//170 171//171
f 155//155 171//171 156//156
f 156//156 171//171 172//172
f 156//156 172//172 157//157
f 157//157 172//172 173//173
f 157//157 173//173 158//158
f 158//158 173//173 174//174
f 158//158 174//174 159//159
f 159//159 174//174 175//175
f 159//159 175//175 160//160
f 160//160 175//175 176//176
f 160//160 176//176 161//161
f 161//161 176//176 177//177
f 161//161 177//177 162//162
f 162//162 177//177 178//178
f 162//162 178//178 18//18
f 163//163 1//1 179//179
f 163//163 179//179 164//164
f 164//164 179//179 180//180
f 164//164 180//180 165//165
f 165//165 180//180 181//181
f 165//165 181//181 166//166
f 166//166 181//181 182//182
f 166//166 182//182 167//167
f 167//167 182//182 183//183
f 167//167 183//183 168//168
f 168//168 183//183 184//184
f 168//168 184//184 169//169
f 169//169 184//184 185//185
f 169//169 185//185 170//170
f 170//170 185//185 186//186
f 170//170 186//186 171//171
f 171//171 186//186 187//187
f 171//171 187//187 172//172
f 172//172 187//187 188//188
f 172//172 188//188 173//173
f 173//173 188//188 189//189
f 173//173 189//189 174//174
f 174//174 189//189 190//190
f 174//174 190//190 175//175
f 175//175 190//190 191//191
f 175//175 191//191 176//176
f 176//176 191//191 192//192
f 176//176 192//192 177//177
f 177//177 192//192 193//193
f 177//177 193//193 178//178
f 178//178 193//193 194//194
f 178//178 194//194 18//18
f 179//179 1//1 195//195
f 179//179 195//195 180//180
f 180//180 195//195 196//196
f 180//180 196//196 181//181
f 181//181 196//196 197//197
f 181//181 197//197 182//182
f 182//182 197//197 198//198
f 182//182 198//198 183//183
f 183//183 198//198 199//199
f 183//183 199//199 184//184
f 184//184 199//199 200//200
f 184//184 200//200 185//185
f 185//185 200//200 201//201
f 185//185 201//201 186//186
f 186//186 201//201 202//202
f 186//186 202//202 187//187
f 187//187 202//202 203//203
f 187//187 203//203 188//188
f 188//188 203//203 204//204
f 188//188 204//204 189//189
f 189//189 204//204 205//205
f 189//189 205//205 190//190
f 190//190 205//205 206//206
f 190//190 206//206 191//191
f 191//191 206//206 207//207
f 191//191 207//207 192//192
f 192//192 207//207 208//208
f 192//192 208//208 193//193
f 193//193 208//208 209//209
f 193//193 209//209 194//194
f 194//194 209//209 210//210
f 194//194 210//210 18//18
f 195//195 1//1 211//211
f 195//195 211//211 196//196
f 196//196 211//211 212//212
f 196//196 212//212 197//197
f 197//197 212//212 213//213
f 197//197 213//213 198//198
f 198//198 213//213 214//214
f 198//198 214//214 199//199
f 199//199 214//214 215//215
f 199//199 215//215 200//200
f 200//200 215//215 216//216
f 200//200 216//216 201//201
f 201//201 216//216 217//217
f 201//201 217//217 202//202
f 202//202 217//217 218//218
f 202//202 218//218 203//203
f 203//203 218//218 219//219
f 203//203 219//219 204//204
f 204//204 219//219 220//220
f 204//204 220//220 205//205
f 205//205 220//220 221//221
f 205//205 221//221 206//206
f 206//206 221//221 222//222
f 206//206 222//222 207//207
f 207//207 222//222 223//223
f 207//207 223//223 208//208
f 208//208 223//223 224//224
f 208//208 224//224 209//209
f 209//209 224//224 225//225
f 209//209 225//225 210//210
f 210//210 225//225 226//226
f 210//210 226//226 18//18
f 211//211 1//1 227//227
f 211//211 227//227 212//212
f 212//212 227//227 228//228
f 212//212 228//228 213//213
f 213//213 228//228 229//229
f 213//213 229//229 214//214
f 214//214 229//229 230//230
f 214//214 230//230 215//215
f 215//215 230//230 231//231
f 215//215 231//231 216//216
f 216//216 231//231 232//232
f 216//216 232//232 217//217
f 217//217 232//232 233//233
f 217//217 233//233 218//218
f 218//218 233//233 234//234
f 218//218 234//234 219//219
f 219//219 234//234 235//235
f 219//219 235//235 220//220
f 220//220 235//235 236//236
f 220//220 236//236 221//221
f 221//221 236//236 237//237
f 221//221 237//237 222//222
f 222//222 237//237 238//238
f 222//222 238//238 223//223
f 223//223 238//238 239//239
f 223//223 239//239 224//224
f 224//224 239//239 240//240
f 224//224 240//240 225//225
f 225//225 240//240 241//241
f 225//225 241//241 226//226
f 226//226 241//241 242//242
f 226//226 242//242 18//18
f 227//227 1//1 243//243
f 227//227 243//243 228//228
f 228//228 243//243 244//244
f 228//228 244//244 229//229
f 229//229 244//244 245//245
f 229//229 245//245 230//230
f 230//230 245//245 246//246
f 230//230 246//246 231//231
f 231//231 246//246 247//247
f 231//231 247//247 232//232
f 232//232 247//247 248//248
f 232//232 248//248 233//233
f 233//233 248//248 249//249
f 233//233 249//249 234//234
f 234//234 249//249 250//250
f 234//234 250//250 235//235
f 235//235 250//250 251//251
f 235//235 251//251 236//236
f 236//236 251//251 252//252
f 236//236 252//252 237//237
f 237//237 252//252 253//253
f 237//237 253//253 238//238
f 238//238 253//253 254//254
f 238//238 254//254 239//239
f 239//239 254//254 255//255
f 239//239 255//255 240//240
f 240//240 255//255 256//256
f 240//240 256//256 241//241
f 241//241 256//256 257//257
f 241//241 257//257 242//242
f 242//242 257//257 258//258
f 242//242 258//258 18//18
f 243//243 1//1 259//259
f 243//243 259//259 244//244
f 244//244 259//259 260//260
f 244//244 260//260 245//245
f 245//245 260//260 261//261
f 245//245 261//261 246//246
f 246//246 261//261 262//262
f 246//246 262//262 247//247
f 247//247 262//262 263//263
f 247//247 263//263 248//248
f 248//248 263//263 264//264
f 248//248 264//264 249//249
f 249//249 264//264 265//265
f 249//249 265//265 250//250
f 250//250 265//265 266//266
f 250//250 266//266 251//251
f 251//251 266//266 267//267
f 251//251 267//267 252//252
f 252//252 267//267 268//268
f 252//252 268//268 253//253
f 253//253 268//268 269//269
f 253//253 269//269 254//254
f 254//254 269//269 270//270
f 254//254 270//270 255//255
f 255//255 270//270 271//271
f 255//255 271//271 256//256
f 256//256 271//271 272//272
f 256//256 272//272 257//257
f 257//257 272//272 273//273
f 257//257 273//273 258//258
f 258//258 273//273 274//274
f 258//258 274//274 18//18
f 259//259 1//1 275//275
f 259//259 275//275 260//260
f 260//260 275//275 276//276
f 260//260 276//276 261//261
f 261//261 276//276 277//277
f 261//261 277//277 262//262
f 262//262 277//277 278//278
f 262//262 278//278 263//263
f 263//263 278//278 279//279
f 263//263 279//279 264//264
f 264//264 279//279 280//280
f 264//264 280//280 265//265
f 265//265 280//280 281//281
f 265//265 281//281 266//266
f 266//266 281//281 282//282
f 266//266 282//282 267//267
f 267//267 282//282 283//283
f 267//267 283//283 268//268
f 268//268 283//283 284//284
f 268//268 284//284 269//269
f 269//269 284//284 285//285
f 269//269 285//285 270//270
f 270//270 285//285 286//286
f 270//270 286//286 271//271
f 271//271 286//286 287//287
f 271//271 287//287 272//272
f 272//272 287//287 288//288
f 272//272 288//288 273//273
f 273//273 288//288 289//289
f 273//273 289//289 274//274
f 274//274 289//289 290//290
f 274//274 290//290 18//18
f 275//275 1//1 2//2
f 275//275 2//2 276//276
f 276//276 2//2 3//3
f 276//276 3//3 277//277
f 277//277 3//3 4//4
f 277//277 4//4 278//278
f 278//278 4//4 5//5
f 278//278 5//5 279//279
f 279//279 5//5 6//6
f 279//279 6//6 280//280
f 280//280 6//6 7//7
f 280//280 7//7 281//281
f 281//281 7//7 8//8
f 281//281 8//8 282//282
f 282//282 8//8 9//9
f 282//282 9//9 283//283
f 283//283 9//9 10//10
f 283//283 10//10 284//284
f 284//284 10//10 11//11
f 284//284 11//11 285//285
f 285//285 11//11 12//12
f 285//285 12//12 286//286
f 286//286 12//12 13//13
f 286//286 13//13 287//287
f 287//287 13//13 14//14
f 287//287 14//14 288//288
f 288//288 14//14 15//15
f 288//288 15//15 289//289
f 289//289 15//15 16//16
f 289//289 16//16 290//290
f 290//290 16//16 17//17
f 290//290 17//17 18//18
f 292//292 291//291 309//309
f 292//292 309//309 293//293
f 293//293 309//309 310//310
f 293//293 310//310 294//294
f 294//294 310//310 311//311
f 294//294 311//311 295//295
f 295//295 311//311 312//312
f 295//295 312//312 296//296
f 296//296 312//312 313//313
f 296//296 313//313 297//297
f 297//297 313//313 314//314
f 297//297 314//314 298//298
f 298//298 314//314 315//315
f 298//298 315//315 299//299
f 299//299 315//315 316//316
f 299//299 316//316 300//300
f 300//300 316//316 317//317
f 300//300 317//317 301//301
f 301//301 317//317 318//318
f 301//301 318//318 302//302
f 302//302 318//318 319//319
f 302//302 319//319 303//303
f 303//303 319//319 320//320
f 303//303 320//320 304//304
f 304//304 320//320 321//321
f 304//304 321//321 305//305
f 305//305 321//321 322//322
f 305//305 322//322 306//306
f 306//306 322//322 323//323
f 306//306 323//323 307//307
f 307//307 323//323 324//324
f 307//307 324//324 308//308
f 309//309 291//291 325//325
f 309//309 325//325 310//310
f 310//310 325//325 326//326
f 310//310 326//326 311//311
f 311//311 326//326 327//327
f 311//311 327//327 312//312
f 312//312 327//327 328//328
f 312//312 328//328 313//313
f 313//313 328//328 329//329
f 313//313 329//329 314//314
f 314//314 329//329 330//330
f 314//314 330//330 315//315
f 315//315 330//330 331//331
f 315//315 331//331 316//316
f 316//316 331//331 332//332
f 316//316 332//332 317//317
f 317//317 332//332 333//333
f 317//317 333//333 318//318
f 318//318 333//333 334//334
f 318//318 334//334 319//319
f 319//319 334//334 335//335
f 319//319 335//335 320//320
f 320//320 335//335 336//336
f 320//320 336//336 321//321
f 321//321 336//336 337//337
f 321//321 337//337 322//322
f 322//322 337//337 338//338
f 322//322 338//338 323//323
f 323//323 338//338 339//339
f 323//323 339//339 324//324
f 324//324 339//339 340//340
f 324//324 340//340 308//308
f 325//325 291//291 341//341
f 325//325 341//341 326//326
f 326//326 341//341 342//342
f 326//326 342//342 327//327
f 327//327 342//342 343//343
f 327//327 343//343 328//328
f 328//328 343//343 344//344
f 328//328 344//344 329//329
f 329//329 344//344 345//345
f 329//329 345//345 330//330
f 330//330 345//345 346//346
f 330//330 346//346 331//331
f 331//331 346//346 347//347
f 331//331 347//347 332//332
f 332//332 347//347 348//348
f 332//332 348//348 333//333
f 333//333 348//348 349//349
f 333//333 349//349 334//334
f 334//334 349//349 350//350
f 334//334 350//350 335//335
f 335//335 350//350 351//351
f 335//335 351//351 336//336
f 336//336 351//351 352//352
f 336//336 352//352 337//337
f 337//337 352//352 353//353
f 337//337 353//353 338//338
f 338//338 353//353 354//354
f 338//338 354//354 339//339
f 339//339 354//354 355//355
f 339//339 355//355 340//340
f 340//340 355//355 356//356
f 340//340 356//356 308//308
f 341//341 291//291 357//357
f 341//341 357//357 342//342
f 342//342 357//357 358//358
f 342//342 358//358 343//343
f 343//343 358//358 359//359
f 343//343 359//359 344//344
f 344//344 359//359 360//360
f 344//344 360//360 345//345
f 345//345 360//360 361//361
f 345//345 361//361 346//346
f 346//346 361//361 362//362
f 346//346 362//362 347//347
f 347//347 362//362 363//363
f 347//347 363//363 348//348
f 348//348 363//363 364//364
f 348//348 364//364 349//349
f 349//349 364//364 365//365
f 349//349 365//365 350//350
f 350//350 365//365 366//366
f 350//350 366//366 351//351
f 351//351 366//366 367//367
f 351//351 367//367 352//352
f 352//352 367//367 368//368
f 352//352 368//368 353//353
f 353//353 368//368 369//369
f 353//353 369//369 354//354
f 354//354 369//369 370//370
f 354//354 370//370 355//355
f 355//355 370//370 371//371
f 355//355 371//371 356//356
f 356//356 371//371 372//372
f 356//356 372//372 308//308
f 357//357 291//291 373//373
f 357//357 373//373 358//358
f 358//358 373//373 374//374
f 358//358 374//374 359//359
f 359//359 374//374 375//375
f 359//359 375//375 360//360
f 360//360 375//375 376//376
f 360//360 376//376 361//361
f 361//361 376//376 377//377
f 361//361 377//377 362//362
f 362//362 377//377 378//378
f 362//362 378//378 363//363
f 363//363 378//378 379//379
f 363//363 379//379 364//364
f 364//364 379//379 380//380
f 364//364 380//380 365//365
f 365//365 380//380 381//381
f 365//365 381//381 366//366
f 366//366 381//381 382//382
f 366//366 382//382 367//367
f 367//367 382//382 383//383
f 367//367 383//383 368//368
f 368//368 383//383 384//384
f 368//368 384//384 369//369
f 369//369 384//384 385//385
f 369//369 385//385 370//370
f 370//370 385//385 386//386
f 370//370 386//386 371//371
f 371//371 386//386 387//387
f 371//371 387//387 372//372
f 372//372 387//387 388//388
f 372//372 388//388 308//308
f 373//373 291//291 389//389
f 373//373 389//389 374//374
f 374//374 389//389 390//390
f 374//374 390//390 375//375
f 375//375 390//390 391//391
f 375//375 391//391 376//376
f 376//376 391//391 392//392
f 376//376 392//392 377//377
f 377//377 392//392 393//393
f 377//377 393//393 378//378
f 378//378 393//393 394//394
f 378//378 394//394 379//379
f 379//379 394//394 395//395
f 379//379 395//395 380//380
f 380//380 395//395 396//396
f 380//380 396//396 381//381
f 381//381 396//396 397//397
f 381//381 397//397 382//382
f 382//382 397//397 398//398
f 382//382 398//398 383//383
f 383//383 398//398 399//399
f 383//383 399//399 384//384
f 384//384 399//399 400//400
f 384//384 400//400 385//385
f 385//385 400//400 401//401
f 385//385 401//401 386//386
f 386//386 401//401 402//402
f 386//386 402//402 387//387
f 387//387 402//402 403//403
f 387//387 403//403 388//388
f 388//388 403//403 404//404
f 388//388 404//404 308//308
f 389//389 291//291 405//405
f 389//389 405//405 390//390
f 390//390 405//405 406//406
f 390//390 406//406 391//391
f 391//391 406//406 407//407
f 391//391 407//407 392//392
f 392//392 407//407 408//408
f 392//392 408//408 393//393
f 393//393 408//408 409//409
f 393//393 409//409 394//394
f 394//394 409//409 410//410
f 394//394 410//410 395//395
f 395//395 410//410 411//411
f 395//395 411//411 396//396
f 396//396 411//411 412//412
f 396//396 412//412 397//397
f 397//397 412//412 413//413
f 397//397 413//413 398//398
f 398//398 413//413 414//414
f 398//398 414//414 399//399
f 399//399 414//414 415//415
f 399//399 415//415 400//400
f 400//400 415//415 416//416
f 400//400 416//416 401//401
f 401//401 416//416 417//417
f 401//401 417//417 402//402
f 402//402 417//417 418//418
f 402//402 418//418 403//403
f 403//403 418//418 419//419
f 403//403 419//419 404//404
f 404//404 419//419 420//420
f 404//404 420//420 308//308
f 405//405 291//291 421//421
f 405//405 421//421 406//406
f 406//406 421//421 422//422
f 406//406 422//422 407//407
f 407//407 422//422 423//423
f 407//407 423//423 408//408
f 408//408 423//423 424//424
f 408//408 424//424 409//409
f 409//409 424//424 425//425
f 409//409 425//425 410//410
f 410//410 425//425 426//426
f 410//410 426//426 411//411
f 411//411 426//426 427//427
f 411//411 427//427 412//412
f 412//412 427//427 428//428
f 412//412 428//428 413//413
f 413//413 428//428 429//429
f 413//413 429//429 414//414
f 414//414 429//429 430//430
f 414//414 430//430 415//415
f 415//415 430//430 431//431
f 415//415 431//431 416//416
f 416//416 431//431 432//432
f 416//416 432//432 417//417
f 417//417 432//432 433//433
f 417//417 433//433 418//418
f 418//418 433//433 434//434
f 418//418 434//434 419//419
f 419//419 434//434 435//435
f 419//419 435//435 420//420
f 420//420 435//435 436//436
f 420//420 436//436 308//308
f 421//421 291//291 437//437
f 421//421 437//437 422//422
f 422//422 437//437 438//438
f 422//422 438//438 423//423
f 423//423 438//438 439//439
f 423//423 439//439 424//424
f 424//424 439//439 440//440
f 424//424 440//440 425//425
f 425//425 440//440 441//441
f 425//425 441//441 426//426
f 426//426 441//441 442//442
f 426//426 442//442 427//427
f 427//427 442//442 443//443
f 427//427 443//443 428//428
f 428//428 443//443 444//444
f 428//428 444//444 429//429
f 429//429 444//444 445//445
f 429//429 445//445 430//430
f 430//430 445//445 446//446
f 430//430 446//446 431//431
f 431//431 446//446 447//447
f 431//431 447//447 432//432
f 432//432 447//447 448//448
f 432//432 448//448 433//433
f 433//433 448//448 449//449
f 433//433 449//449 434//434
f 434//434 449//449 450//450
f 434//434 450//450 435//435
f 435//435 450//450 451//451
f 435//435 451//451 436//436
f 436//436 451//451 452//452
f 436//436 452//452 308//308
f 437//437 291//291 453//453
f 437//437 453//453 438//438
f 438//438 453//453 454//454
f 438//438 454//454 439//439
f 439//439 454//454 455//455
f 439//439 455//455 440//440
f 440//440 455//455 456//456
f 440//440 456//456 441//441
f 441//441 456//456 457//457
f 441//441 457//457 442//442
f 442//442 457//457 458//458
f 442//442 458//458 443//443
f 443//443 458//458 459//459
f 443//443 459//459 444//444
f 444//444 459//459 460//460
f 444//444 460//460 445//445
f 445//445 460//460 461//461
f 445//445 461//461 446//446
f 446//446 461//461 462//462
f 446//446 462//462 447//447
f 447//447 462//462 463//463
f 447//447 463//463 448//448
f 448//448 463//463 464//464
f 448//448 464//464 449//449
f 449//449 464//464 465//465
f 449//449 465//465 450//450
f 450//450 465//465 466//466
f 450//450 466//466 451//451
f 451//451 466//466 467//467
f 451//451 467//467 452//452
f 452//452 467//467 468//468
f 452//452 468//468 308//308
f 453//453 291//291 469//469
f 453//453 469//469 454//454
f 454//454 469//469 470//470
f 454//454 470//470 455//455
f 455//455 470//470 471//471
f 455//455 471//471 456//456
f 456//456 471//471 472//472
f 456//456 472//472 457//457
f 457//457 472//472 473//473
f 457//457 473//473 458//458
f 458//458 473//473 474//474
f 458//458 474//474 459//459
f 459//459 474//474 475//475
f 459//459 475//475 460//460
f 460//460 475//475 476//476
f 460//460 476//476 461//461
f 461//461 476//476 477//477
f 461//461 477//477 462//462
f 462//462 477//477 478//478
f 462//462 478//478 463//463
f 463//463 478//478 479//479
f 463//463 479//479 464//464
f 464//464 479//479 480//480
f 464//464 480//480 465//465
f 465//465 480//480 481//481
f 465//465 481//481 466//466
f 466//466 481//481 482//482
f 466//466 482//482 467//467
f 467//467 482//482 483//483
f 467//467 483//483 468//468
f 468//468 483//483 484//484
f 468//468 484//484 308//308
f 469//469 291//291 485//485
f 469//469 485//485 470//470
f 470//470 485//485 486//486
f 470//470 486//486 471//471
f 471//471 486//486 487//487
f 471//471 487//487 472//472
f 472//472 487//487 488//488
f 472//472 488//488 473//473
f 473//473 488//488 489//489
f 473//473 489//489 474//474
f 474//474 489//489 490//490
f 474//474 490//490 475//475
f 475//475 490//490 491//491
f 475//475 491//491 476//476
f 476//476 491//491 492//492
f 476//476 492//492 477//477
f 477//477 492//492 493//493
f 477//477 493//493 478//478
f 478//478 493//493 494//494
f 478//478 494//494 479//479
f 479//479 494//494 495//495
f 479//479 495//495 480//480
f 480//480 495//495 496//496
f 480//480 496//496 481//481
f 481//481 496//496 497//497
f 481//481 497//497 482//482
f 482//482 497//497 498//498
f 482//482 498//498 483//483
f 483//483 498//498 499//499
f 483//483 499//499 484//484
f 484//484 499//499 500//500
f 484//484 500//500 308//308
f 485//485 291//291 501//501
f 485//485 501//501 486//486
f 486//486 501//501 502//502
f 486//486 502//502 487//487
f 487//487 502//502 503//503
f 487//487 503//503 488//488
f 488//488 503//503 504//504
f 488//488 504//504 489//489
f 489//489 504//504 505//505
f 489//489 505//505 490//490
f 490//490 505//505 506//506
f 490//490 506//506 491//491
f 491//491 506//506 507//507
f 491//491 507//507 492//492
f 492//492 507//507 508//508
f 492//492 508//508 493//493
f 493//493 508//508 509//509
f 493//493 509//509 494//494
f 494//494 509//509 510//510
f 494//494 510//510 495//495
f 495//495 510//510 511//511
f 495//495 511//511 496//496
f 496//496 511//511 512//512
f 496//496 512//512 497//497
f 497//497 512//512 513//513
f 497//497 513//513 498//498
f 498//498 513//513 514//514
f 498//498 514//514 499//499
f 499//499 514//514 515//515
f 499//499 515//515 500//500
f 500//500 515//515 516//516
f 500//500 516//516 308//308
f 501//501 291//291 517//517
f 501//501 517//517 502//502
f 502//502 517//517 518//518
f 502//502 518//518 503//503
f 503//503 518//518 519//519
f 503//503 519//519 504//504
f 504//504 519//519 520//520
f 504//504 520//520 505//505
f 505//505 520//520 521//521
f 505//505 521//521 506//506
f 506//506 521//521 522//522
f 506//506 522//522 507//507
f 507//507 522//522 523//523
f 507//507 523//523 508//508
f 508//508 523//523 524//524
f 508//508 524//524 509//509
f 509//509 524//524 525//525
f 509//509 525//525 510//510
f 510//510 525//525 526//526
f 510//510 526//526 511//511
f 511//511 526//526 527//527
f 511//511 527//527 512//512
f 512//512 527//527 528//528
f 512//512 528//528 513//513
f 513//513 528//528 529//529
f 513//513 529//529 514//514
f 514//514 529//529 530//530
f 514//514 530//530 515//515
f 515//515 530//530 531//531
f 515//515 531//531 516//516
f 516//516 531//531 532//532
f 516//516 532//532 308//308
f 517//517 291//291 533//533
f 517//517 533//533 518//518
f 518//518 533//533 534//534
f 518//518 534//534 519//519
f 519//519 534//534 535//535
f 519//519 535//535 520//520
f 520//520 535//535 536//536
f 520//520 536//536 521//521
f 521//521 536//536 537//537
f 521//521 537//537 522//522
f 522//522 537//537 538//538
f 522//522 538//538 523//523
f 523//523 538//538 539//539
f 523//523 539//539 524//524
f 524//524 539//539 540//540
f 524//524 540//540 525//525
f 525//525 540//540 541//541
f 525//525 541//541 526//526
f 526//526 541//541 542//542
f 526//526 542//542 527//527
f 527//527 542//542 543//543
f 527//527 543//543 528//528
f 528//528 543//543 544//544
f 528//528 544//544 529//529
f 529//529 544//544 545//545
f 529//529 545//545 530//530
f 530//530 545//545 546//546
f 530//530 546//546 531//531
f 531//531 546//546 547//547
f 531//531 547//547 532//532
f 532//532 547//547 548//548
f 532//532 548//548 308//308
f 533//533 291//291 549//549
f 533//533 549//549 534//534
f 534//534 549//549 550//550
f 534//534 550//550 535//535
f 535//535 550//550 551//551
f 535//535 551//551 536//536
f 536//536 551//551 552//552
f 536//536 552//552 537//537
f 537//537 552//552 553//553
f 537//537 553//553 538//538
f 538//538 553//553 554//554
f 538//538 554//554 539//539
f 539//539 554//554 555//555
f 539//539 555//555 540//540
f 540//540 555//555 556//556
f 540//540 556//556 541//541
f 541//541 556//556 557//557
f 541//541 557//557 542//542
f 542//542 557//557 558//558
f 542//542 558//558 543//543
f 543//543 558//558 559//559
f 543//543 559//559 544//544
f 544//544 559//559 560//560
f 544//544 560//560 545//545
f 545//545 560//560 561//561
f 545//545 561//561 546//546
f 546//546 561//561 562//562
f 546//546 562//562 547//547
f 547//547 562//562 563//563
f 547//547 563//563 548//548
f 548//548 563//563 564//564
f 548//548 564//564 308//308
f 549//549 291//291 565//565
f 549//549 565//565 550//550
f 550//550 565//565 566//566
f 550//550 566//566 551//551
f 551//551 566//566 567//567
f 551//551 567//567 552//552
f 552//552 567//567 568//568
f 552//552 568//568 553//553
f 553//553 568//568 569//569
f 553//553 569//569 554//554
f 554//554 569//569 570//570
f 554//554 570//570 555//555
f 555//555 570//570 571//571
f 555//555 571//571 556//556
f 556//556 571//571 572//572
f 556//556 572//572 557//557
f 557//557 572//572 573//573
f 557//557 573//573 558//558
f 558//558 573//573 574//574
f 558//558 574//574 559//559
f 559//559 574//574 575//575
f 559//559 575//575 560//560
f 560//560 575//575 576//576
f 560//560 576//576 561//561
f 561//561 576//576 577//577
f 561//561 577//577 562//562
f 562//562 577//577 578//578
f 562//562 578//578 563//563
f 563//563 578//578 579//579
f 563//563 579//579 564//564
f 564//564 579//579 580//580
f 564//564 580//580 308//308
f 565//565 291//291 292//292
f 565//565 292//292 566//566
f 566//566 292//292 293//293
f 566//566 293//293 567//567
f 567//567 293//293 294//294
f 567//567 294//294 568//568
f 568//568 294//294 295//295
f 568//568 295//295 569//569
f 569//569 295//295 296//296
f 569//569 296//296 570//570
f 570//570 296//296 297//297
f 570//570 297//297 571//571
f 571//571 297//297 298//298
f 571//571 298//298 572//572
f 572//572 298//298 299//299
f 572//572 299//299 573//573
f 573//573 299//299 300//300
f 573//573 300//300 574//574
f 574//574 300//300 301//301
f 574//574 301//301 575//575
f 575//575 301//301 302//302
f 575//575 302//302 576//576
f 576//576 302//302 303//303
f 576//576 303//303 577//577
f 577//577 303//303 304//304
f 577//577 304//304 578//578
f 578//578 304//304 305//305
f 578//578 305//305 579//579
f 579//579 305//305 306//306
f 579//579 306//306 580//580
f 580//580 306//306 307//307
f 580//580 307//307 308//308
f 582//582 581//581 599//599
f 582//582 599//599 583//583
f 583//583 599//599 600//600
f 583//583 600//600 584//584
f 584//584 600//600 601//601
f 584//584 601//601 585//585
f 585//585 601//601 602//602
f 585//585 602//602 586//586
f 586//586 602//602 603//603
f 586//586 603//603 587//587
f 587//587 603//603 604//604
f 587//587 604//604 588//588
f 588//588 604//604 605//605
f 588//588 605//605 589//589
f 589//589 605//605 606//606
f 589//589 606//606 590//590
f 590//590 606//606 607//607
f 590//590 607//607 591//591
f 591//591 607//607 608//608
f 591//591 608//608 592//592
f 592//592 608//608 609//609
f 592//592 609//609 593//593
f 593//593 609//609 610//610
f 593//593 610//610 594//594
f 594//594 610//610 611//611
f 594//594 611//611 595//595
f 595//595 611//611 612//612
f 595//595 612//612 596//596
f 596//596 612//612 613//613
f 596//596 613//613 597//597
f 597//597 613//613 614//614
f 597//597 614//614 598//598
f 599//599 581//581 615//615
f 599//599 615//615 600//600
f 600//600 615//615 616//616
f 600//600 616//616 601//601
f 601//601 616//616 617//617
f 601//601 617//617 602//602
f 602//602 617//617 618//618
f 602//602 618//618 603//603
f 603//603 618//618 619//619
f 603//603 619//619 604//604
f 604//604 619//619 620//620
f 604//604 620//620 605//605
f 605//605 620//620 621//621
f 605//605 621//621 606//606
f 606//606 621//621 622//622
f 606//606 622//622 607//607
f 607//607 622//622 623//623
f 607//607 623//623 608//608
f 608//608 623//623 624//624
f 608//608 624//624 609//609
f 609//609 624//624 625//625
f 609//609 625//625 610//610
f 610//610 625//625 626//626
f 610//610 626//626 611//611
f 611//611 626//626 627//627
f 611//611 627//627 612//612
f 612//612 627//627 628//628
f 612//612 628//628 613//613
f 613//613 628//628 629//629
f 613//613 629//629 614//614
f 614//614 629//629 630//630
f 614//614 630//630 598//598
f 615//615 581//581 631//631
f 615//615 631//631 616//616
f 616//616 631//631 632//632
f 616//616 632//632 617//617
f 617//617 632//632 633//633
f 617//617 633//633 618//618
f 618//618 633//633 634//634
f 618//618 634//634 619//619
f 619//619 634//634 635//635
f 619//619 635//635 620//620
f 620//620 635//635 636//636
f 620//620 636//636 621//621
f 621//621 636//636 637//637
f 621//621 637//637 622//622
f 622//622 637//637 638//638
f 622//622 638//638 623//623
f 623//623 638//638 639//639
f 623//623 639//639 624//624
f 624//624 639//639 640//640
f 624//624 640//640 625//625
f 625//625 640//640 641//641
f 625//625 641//641 626//626
f 626//626 641//641 642//642
f 626//626 642//642 627//627
f 627//627 642//642 643//643
f 627//627 643//643 628//628
f 628//628 643//643 644//644
f 628//628 644//644 629//629
f 629//629 644//644 645//645
f 629//629 645//645 630//630
f 630//630 645//645 646//646
f 630//630 646//646 598//598
f 631//631 581//581 647//647
f 631//631 647//647 632//632
f 632//632 647//647 648//648
f 632//632 648//648 633//633
f 633//633 648//648 649//649
f 633//633 649//649 634//634
f 634//634 649//649 650//650
f 634//634 650//650 635//635
f 635//635 650//650 651//651
f 635//635 651//651 636//636
f 636//636 651//651 652//652
f 636//636 652//652 637//637
f 637//637 652//652 653//653
f 637//637 653//653 638//638
f 638//638 653//653 654//654
f 638//638 654//654 639//639
f 639//639 654//654 655//655
f 639//639 655//655 640//640
f 640//640 655//655 656//656
f 640//640 656//656 641//641
f 641//641 656//656 657//657
f 641//641 657//657 642//642
f 642//642 657//657 658//658
f 642//642 658//658 643//643
f 643//643 658//658 659//659
f 643//643 659//659 644//644
f 644//644 659//659 660//660
f 644//644 660//660 645//645
f 645//645 660//660 661//661
f 645//645 661//661 646//646
f 646//646 661//661 662//662
f 646//646 662//662 598//598
f 647//647 581//581 663//663
f 647//647 663//663 648//648
f 648//648 663//663 664//664
f 648//648 664//664 649//649
f 649//649 664//664 665//665
f 649//649 665//665 650//650
f 650//650 665//665 666//666
f 650//650 666//666 651//651
f 651//651 666//666 667//667
f 651//651 667//667 652//652
f 652//652 667//667 668//668
f 652//652 668//668 653//653
f 653//653 668//668 669//669
f 653//653 669//669 654//654
f 654//654 669//669 670//670
f 654//654 670//670 655//655
f 655//655 670//670 671//671
f 655//655 671//671 656//656
f 656//656 671//671 672//672
f 656//656 672//672 657//657
f 657//657 672//672 673//673
f 657//657 673//673 658//658
f 658//658 673//673 674//674
f 658//658 674//674 659//659
f 659//659 674//674 675//675
f 659//659 675//675 660//660
f 660//660 675//675 676//676
f 660//660 676//676 661//661
f 661//661 676//676 677//677
f 661//661 677//677 662//662
f 662//662 677//677 678//678
f 662//662 678//678 598//598
f 663//663 581//581 679//679
f 663//663 679//679 664//664
f 664//664 679//679 680//680
f 664//664 680//680 665//665
f 665//665 680//680 681//681
f 665//665 681//681 666//666
f 666//666 681//681 682//682
f 666//666 682//682 667//667
f 667//667 682//682 683//683
f 667//667 683//683 668//668
f 668//668 683//683 684//684
f 668//668 684//684 669//669
f 669//669 684//684 685//685
f 669//669 685//685 670//670
f 670//670 685//685 686//686
f 670//670 686//686 671//671
f 671//671 686//686 687//687
f 671//671 687//687 672//672
f 672//672 687//687 688//688
f 672//672 688//688 673//673
f 673//673 688//688 689//689
f 673//673 689//689 674//674
f 674//674 689//689 690//690
f 674//674 690//690 675//675
f 675//675 690//690 691//691
f 675//675 691//691 676//676
f 676//676 691//691 692//692
f 676//676 692//692 677//677
f 677//677 692//692 693//693
f 677//677 693//693 678//678
f 678//678 693//693 694//694
f 678//678 694//694 598//598
f 679//679 581//581 695//695
f 679//679 695//695 680//680
f 680//680 695//695 696//696
f 680//680 696//696 681//681
f 681//681 696//696 697//697
f 681//681 697//697 682//682
f 682//682 697//697 698//698
f 682//682 698//698 683//683
f 683//683 698//698 699//699
f 683//683 699//699 684//684
f 684//684 699//699 700//700
f 684//684 700//700 685//685
f 685//685 700//700 701//701
f 685//685 701//701 686//686
f 686//686 701//701 702//702
f 686//686 702//702 687//687
f 687//687 702//702 703//703
f 687//687 703//703 688//688
f 688//688 703//703 704//704
f 688//688 704//704 689//689
f 689//689 704//704 705//705
f 689//689 705//705 690//690
f 690//690 705//705 706//706
f 690//690 706//706 691//691
f 691//691 706//706 707//707
f 691//691 707//707 692//692
f 692//692 707//707 708//708
f 692//692 708//708 693//693
f 693//693 708//708 709//709
f 693//693 709//709 694//694
f 694//694 709//709 710//710
f 694//694 710//710 598//598
f 695//695 581//581 711//711
f 695//695 711//711 696//696
f 696//696 711//711 712//712
f 696//696 712//712 697//697
f 697//697 712//712 713//713
f 697//697 713//713 698//698
f 698//698 713//713 714//714
f 698//698 714//714 699//699
f 699//699 714//714 715//715
f 699//699 715//715 700//700
f 700//700 715//715 716//716
f 700//700 716//716 701//701
f 701//701 716//716 717//717
f 701//701 717//717 702//702
f 702//702 717//717 718//718
f 702//702 718//718 703//703
f 703//703 718//718 719//719
f 703//703 719//719 704//704
f 704//704 719//719 720//720
f 704//704 720//720 705//705
f 705//705 720//720 721//721
f 705//705 721//721 706//706
f 706//706 721//721 722//722
f 706//706 722//722 707//707
f 707//707 722//722 723//723
f 707//707 723//723 708//708
f 708//708 723//723 724//724
f 708//708 724//724 709//709
f 709//709 724//724 725//725
f 709//709 725//725 710//710
f 710//710 725//725 726//726
f 710//710 726//726 598//598
f 711//711 581//581 727//727
f 711//711 727//727 712//712
f 712//712 727//727 728//728
f 712//712 728//728 713//713
f 713//713 728//728 729//729
f 713//713 729//729 714//714
f 714//714 729//729 730//730
f 714//714 730//730 715//715
f 715//715 730//730 731//731
f 715//715 731//731 716//716
f 716//716 731//731 732//732
f 716//716 732//732 717//717
f 717//717 732//732 733//733
f 717//717 733//733 718//718
f 718//718 733//733 734//734
f 718//718 734//734 719//719
f 719//719 734//734 735//735
f 719//719 735//735 720//720
f 720//720 735//735 736//736
f 720//720 736//736 721//721
f 721//721 736//736 737//737
f 721//721 737//737 722//722
f 722//722 737//737 738//738
f 722//722 738//738 723//723
f 723//723 738//738 739//739
f 723//723 739//739 724//724
f 724//724 739//739 740//740
f 724//724 740//740 725//725
f 725//725 740//740 741//741
f 725//725 741//741 726//726
f 726//726 741//741 742//742
f 726//726 742//742 598//598
f 727//727 581//581 743//743
f 727//727 743//743 728//728
f 728//728 743//743 744//744
f 728//728 744//744 729//729
f 729//729 744//744 745//745
f 729//729 745//745 730//730
f 730//730 745//745 746//746
f 730//730 746//746 731//731
f 731//731 746//746 747//747
f 731//731 747//747 732//732
f 732//732 747//747 748//748
f 732//732 748//748 733//733
f 733//733 748//748 749//749
f 733//733 749//749 734//734
f 734//734 749//749 750//750
f 734//734 750//750 735//735
f 735//735 750//750 751//751
f 735//735 751//751 736//736
f 736//736 751//751 752//752
f 736//736 752//752 737//737
f 737//737 752//752 753//753
f 737//737 753//753 738//738
f 738//738 753//753 754//754
f 738//738 754//754 739//739
f 739//739 754//754 755//755
f 739//739 755//755 740//740
f 740//740 755//755 756//756
f 740//740 756//756 741//741
f 741//741 756//756 757//757
f 741//741 757//757 742//742
f 742//742 757//757 758//758
f 742//742 758//758 598//598
f 743//743 581//581 759//759
f 743//743 759//759 744//744
f 744//744 759//759 760//760
f 744//744 760//760 745//745
f 745//745 760//760 761//761
f 745//745 761//761 746//746
f 746//746 761//761 762//762
f 746//746 762//762 747//747
f 747//747 762//762 763//763
f 747//747 763//763 748//748
f 748//748 763//763 764//764
f 748//748 764//764 749//749
f 749//749 764//764 765//765
f 749//749 765//765 750//750
f 750//750 765//765 766//766
f 750//750 766//766 751//751
f 751//751 766//766 767//767
f 751//751 767//767 752//752
f 752//752 767//767 768//768
f 752//752 768//768 753//753
f 753//753 768//768 769//769
f 753//753 769//769 754//754
f 754//754 769//769 770//770
f 754//754 770//770 755//755
f 755//755 770//770 771//771
f 755//755 771//771 756//756
f 756//756 771//771 772//772
f 756//756 772//772 757//757
f 757//757 772//772 773//773
f 757//757 773//773 758//758
f 758//758 773//773 774//774
f 758//758 774//774 598//598
f 759//759 581//581 775//775
f 759//759 775//775 760//760
f 760//760 775//775 776//776
f 760//760 776//776 761//761
f 761//761 776//776 777//777
f 761//761 777//777 762//762
f 762//762 777//777 778//778
f 762//762 778//778 763//763
f 763//763 778//778 779//779
f 763//763 779//779 764//764
f 764//764 779//779 780//780
f 764//764 780//780 765//765
f 765//765 780//780 781//781
f 765//765 781//781 766//766
f 766//766 781//781 782//782
f 766//766 782//782 767//767
f 767//767 782//782 783//783
f 767//767 783//783 768//768
f 768//768 783//783 784//784
f 768//768 784//784 769//769
f 769//769 784//784 785//785
f 769//769 785//785 770//770
f 770//770 785//785 786//786
f 770//770 786//786 771//771
f 771//771 786//786 787//787
f 771//771 787//787 772//772
f 772//772 787//787 788//788
f 772//772 788//788 773//773
f 773//773 788//788 789//789
f 773//773 789//789 774//774
f 774//774 789//789 790//790
f 774//774 790//790 598//598
f 775//775 581//581 791//791
f 775//775 791//791 776//776
f 776//776 791//791 792//792
f 776//776 792//792 777//777
f 777//777 792//792 793//793
f 777//777 793//793 778//778
f 778//778 793//793 794//794
f 778//778 794//794 779//779
f 779//779 794//794 795//795
f 779//779 795//795 780//780
f 780//780 795//795 796//796
f 780//780 796//796 781//781
f 781//781 796//796 797//797
f 781//781 797//797 782//782
f 782//782 797//797 798//798
f 782//782 798//798 783//783
f 783//783 798//798 799//799
f 783//783 799//799 784//784
f 784//784 799//799 800//800
f 784//784 800//800 785//785
f 785//785 800//800 801//801
f 785//785 801//801 786//786
f 786//786 801//801 802//802
f 786//786 802//802 787//787
f 787//787 802//802 803//803
f 787//787 803//803 788//788
f 788//788 803//803 804//804
f 788//788 804//804 789//789
f 789//789 804//804 805//805
f 789//789 805//805 790//790
f 790//790 805//805 806//806
f 790//790 806//806 598//598
f 791//791 581//581 807//807
f 791//791 807//807 792//792
f 792//792 807//807 808//808
f 792//792 808//808 793//793
f 793//793 808//808 809//809
f 793//793 809//809 794//794
f 794//794 809//809 810//810
f 794//794 810//810 795//795
f 795//795 810//810 811//811
f 795//795 811//811 796//796
f 796//796 811//811 812//812
f 796//796 812//812 797//797
f 797//797 812//812 813//813
f 797//797 813//813 798//798
f 798//798 813//813 814//814
f 798//798 814//814 799//799
f 799//799 814//814 815//815
f 799//799 815//815 800//800
f 800//800 815//815 816//816
f 800//800 816//816 801//801
f 801//801 816//816 817//817
f 801//801 817//817 802//802
f 802//802 817//817 818//818
f 802//802 818//818 803//803
f 803//803 818//818 819//819
f 803//803 819//819 804//804
f 804//804 819//819 820//820
f 804//804 820//820 805//805
f 805//805 820//820 821//821
f 805//805 821//821 806//806
f 806//806 821//821 822//822
f 806//806 822//822 598//598
f 807//807 581//581 823//823
f 807//807 823//823 808//808
f 808//808 823//823 824//824
f 808//808 824//824 809//809
f 809//809 824//824 825//825
f 809//809 825//825 810//810
f 810//810 825//825 826//826
f 810//810 826//826 811//811
f 811//811 826//826 827//827
f 811//811 827//827 812//812
f 812//812 827//827 828//828
f 812//812 828//828 813//813
f 813//813 828//828 829//829
f 813//813 829//829 814//814
f 814//814 829//829 830//830
f 814//814 830//830 815//815
f 815//815 830//830 831//831
f 815//815 831//831 816//816
f 816//816 831//831 832//832
f 816//816 832//832 817//817
f 817//817 832//832 833//833
f 817//817 833//833 818//818
f 818//818 833//833 834//834
f 818//818 834//834 819//819
f 819//819 834//834 835//835
f 819//819 835//835 820//820
f 820//820 835//835 836//836
f 820//820 836//836 821//821
f 821//821 836//836 837//837
f 821//821 837//837 822//822
f 822//822 837//837 838//838
f 822//822 838//838 598//598
f 823//823 581//581 839//839
f 823//823 839//839 824//824
f 824//824 839//839 840//840
f 824//824 840//840 825//825
f 825//825 840//840 841//841
f 825//825 841//841 826//826
f 826//826 841//841 842//842
f 826//826 842//842 827//827
f 827//827 842//842 843//843
f 827//827 843//843 828//828
f 828//828 843//843 844//844
f 828//828 844//844 829//829
f 829//829 844//844 845//845
f 829//829 845//845 830//830
f 830//830 845//845 846//846
f 830//830 846//846 831//831
f 831//831 846//846 847//847
f 831//831 847//847 832//832
f 832//832 847//847 848//848
f 832//832 848//848 833//833
f 833//833 848//848 849//849
f 833//833 849//849 834//834
f 834//834 849//849 850//850
f 834//834 850//850 835//835
f 835//835 850//850 851//851
f 835//835 851//851 836//836
f 836//836 851//851 852//852
f 836//836 852//852 837//837
f 837//837 852//852 853//853
f 837//837 853//853 838//838
f 838//838 853//853 854//854
f 838//838 854//854 598//598
f 839//839 581//581 855//855
f 839//839 855//855 840//840
f 840//840 855//855 856//856
f 840//840 856//856 841//841
f 841//841 856//856 857//857
f 841//841 857//857 842//842
f 842//842 857//857 858//858
f 842//842 858//858 843//843
f 843//843 858//858 859//859
f 843//843 859//859 844//844
f 844//844 859//859 860//860
f 844//844 860//860 845//845
f 845//845 860//860 861//861
f 845//845 861//861 846//846
f 846//846 861//861 862//862
f 846//846 862//862 847//847
f 847//847 862//862 863//863
f 847//847 863//863 848//848
f 848//848 863//863 864//864
f 848//848 864//864 849//849
f 849//849 864//864 865//865
f 849//849 865//865 850//850
f 850//850 865//865 866//866
f 850//850 866//866 851//851
f 851//851 866//866 867//867
f 851//851 867//867 852//852
f 852//852 867//867 868//868
f 852//852 868//868 853//853
f 853//853 868//868 869//869
f 853//853 869//869 854//854
f 854//854 869//869 870//870
f 854//854 870//870 598//598
f 855//855 581//581 582//582
f 855//855 582//582 856//856
f 856//856 582//582 583//583
f 856//856 583//583 857//857
f 857//857 583//583 584//584
f 857//857 584//584 858//858
f 858//858 584//584 585//585
f 858//858 585//585 859//859
f 859//859 585//585 586//586
f 859//859 586//586 860//860
f 860//860 586//586 587//587
f 860//860 587//587 861//861
f 861//861 587//587 588//588
f 861//861 588//588 862//862
f 862//862 588//588 589//589
f 862//862 589//589 863//863
f 863//863 589//589 590//590
f 863//863 590//590 864//864
f 864//864 590//590 591//591
f 864//864 591//591 865//865
f 865//865 591//591 592//592
f 865//865 592//592 866//866
f 866//866 592//592 593//593
f 866//866 593//593 867//867
f 867//867 593//593 594//594
f 867//867 594//594 868//868
f 868//868 594//594 595//595
f 868//868 595//595 869//869
f 869//869 595//595 596//596
f 869//869 596//596 870//870
f 870//870 596//596 597//597
f 870//870 597//597 598//598

