# https://github.com/mikedh/trimesh

o node
v 0.0000000 0.9460000 -0.0400000
v 0.0073250 0.9449468 -0.0400000
v 0.0140567 0.9418726 -0.0400000
v 0.0196495 0.9370264 -0.0400000
v 0.0236504 0.9308008 -0.0400000
v 0.0257354 0.9237002 -0.0400000
v 0.0257354 -0.3537002 -0.0400000
v 0.0236504 -0.3608008 -0.0400000
v 0.0196495 -0.3670264 -0.0400000
v 0.0140567 -0.3718726 -0.0400000
v 0.0073250 -0.3749468 -0.0400000
v 0.0000000 -0.3760000 -0.0400000
v 0.0063437 0.9449468 -0.0363375
v 0.0121734 0.9418726 -0.0329717
v 0.0170170 0.9370264 -0.0301753
v 0.0204819 0.9308008 -0.0281748
v 0.0222875 0.9237002 -0.0271323
v 0.0222875 -0.3537002 -0.0271323
v 0.0204819 -0.3608008 -0.0281748
v 0.0170170 -0.3670264 -0.0301753
v 0.0121734 -0.3718726 -0.0329717
v 0.0063437 -0.3749468 -0.0363375
v 0.0036625 0.9449468 -0.0336563
v 0.0070283 0.9418726 -0.0278266
v 0.0098247 0.9370264 -0.0229830
v 0.0118252 0.9308008 -0.0195181
v 0.0128677 0.9237002 -0.0177125
v 0.0128677 -0.3537002 -0.0177125
v 0.0118252 -0.3608008 -0.0195181
v 0.0098247 -0.3670264 -0.0229830
v 0.0070283 -0.3718726 -0.0278266
v 0.0036625 -0.3749468 -0.0336563
v 0.0000000 0.9449468 -0.0326750
v 0.0000000 0.9418726 -0.0259433
v 0.0000000 0.9370264 -0.0203505
v 0.0000000 0.9308008 -0.0163496
v 0.0000000 0.9237002 -0.0142646
v 0.0000000 -0.3537002 -0.0142646
v 0.0000000 -0.3608008 -0.0163496
v 0.0000000 -0.3670264 -0.0203505
v 0.0000000 -0.3718726 -0.0259433
v 0.0000000 -0.3749468 -0.0326750
v -0.0036625 0.9449468 -0.0336563
v -0.0070283 0.9418726 -0.0278266
v -0.0098247 0.9370264 -0.0229830
v -0.0118252 0.9308008 -0.0195181
v -0.0128677 0.9237002 -0.0177125
v -0.0128677 -0.3537002 -0.0177125
v -0.0118252 -0.3608008 -0.0195181
v -0.0098247 -0.3670264 -0.0229830
v -0.0070283 -0.3718726 -0.0278266
v -0.0036625 -0.3749468 -0.0336563
v -0.0063437 0.9449468 -0.0363375
v -0.0121734 0.9418726 -0.0329717
v -0.0170170 0.9370264 -0.0301753
v -0.0204819 0.9308008 -0.0281748
v -0.0222875 0.9237002 -0.0271323
v -0.0222875 -0.3537002 -0.0271323
v -0.0204819 -0.3608008 -0.0281748
v -0.0170170 -0.3670264 -0.0301753
v -0.0121734 -0.3718726 -0.0329717
v -0.0063437 -0.3749468 -0.0363375
v -0.0073250 0.9449468 -0.0400000
v -0.0140567 0.9418726 -0.0400000
v -0.0196495 0.9370264 -0.0400000
v -0.0236504 0.9308008 -0.0400000
v -0.0257354 0.9237002 -0.0400000
v -0.0257354 -0.3537002 -0.0400000
v -0.0236504 -0.3608008 -0.0400000
v -0.0196495 -0.3670264 -0.0400000
v -0.0140567 -0.3718726 -0.0400000
v -0.0073250 -0.3749468 -0.0400000
v -0.0063437 0.9449468 -0.0436625
v -0.0121734 0.9418726 -0.0470283
v -0.0170170 0.9370264 -0.0498247
v -0.0204819 0.9308008 -0.0518252
v -0.0222875 0.9237002 -0.0528677
v -0.0222875 -0.3537002 -0.0528677
v -0.0204819 -0.3608008 -0.0518252
v -0.0170170 -0.3670264 -0.0498247
v -0.0121734 -0.3718726 -0.0470283
v -0.0063437 -0.3749468 -0.0436625
v -0.0036625 0.9449468 -0.0463437
v -0.0070283 0.9418726 -0.0521734
v -0.0098247 0.9370264 -0.0570170
v -0.0118252 0.9308008 -0.0604819
v -0.0128677 0.9237002 -0.0622875
v -0.0128677 -0.3537002 -0.0622875
v -0.0118252 -0.3608008 -0.0604819
v -0.0098247 -0.3670264 -0.0570170
v -0.0070283 -0.3718726 -0.0521734
v -0.0036625 -0.3749468 -0.0463437
v -0.0000000 0.9449468 -0.0473250
v -0.0000000 0.9418726 -0.0540567
v -0.0000000 0.9370264 -0.0596495
v -0.0000000 0.9308008 -0.0636504
v -0.0000000 0.9237002 -0.0657354
v -0.0000000 -0.3537002 -0.0657354
v -0.0000000 -0.3608008 -0.0636504
v -0.0000000 -0.3670264 -0.0596495
v -0.0000000 -0.3718726 -0.0540567
v -0.0000000 -0.3749468 -0.0473250
v 0.0036625 0.9449468 -0.0463437
v 0.0070283 0.9418726 -0.0521734
v 0.0098247 0.9370264 -0.0570170
v 0.0118252 0.9308008 -0.0604819
v 0.0128677 0.9237002 -0.0622875
v 0.0128677 -0.3537002 -0.0622875
v 0.0118252 -0.3608008 -0.0604819
v 0.0098247 -0.3670264 -0.0570170
v 0.0070283 -0.3718726 -0.0521734
v 0.0036625 -0.3749468 -0.0463437
v 0.0063437 0.9449468 -0.0436625
v 0.0121734 0.9418726 -0.0470283
v 0.0170170 0.9370264 -0.0498247
v 0.0204819 0.9308008 -0.0518252
v 0.0222875 0.9237002 -0.0528677
v 0.0222875 -0.3537002 -0.0528677
v 0.0204819 -0.3608008 -0.0518252
v 0.0170170 -0.3670264 -0.0498247
v 0.0121734 -0.3718726 -0.0470283
v 0.0063437 -0.3749468 -0.0436625
v 0.0550000 1.0640000 -0.0300000
v 0.0617616 1.0630278 -0.0300000
v 0.0679754 1.0601901 -0.0300000
v 0.0731380 1.0557167 -0.0300000
v 0.0768312 1.0499700 -0.0300000
v 0.0787557 1.0434156 -0.0300000
v 0.0787557 0.6965844 -0.0300000
v 0.0768312 0.6900300 -0.0300000
v 0.0731380 0.6842833 -0.0300000
v 0.0679754 0.6798099 -0.0300000
v 0.0617616 0.6769722 -0.0300000
v 0.0550000 0.6760000 -0.0300000
v 0.0608557 1.0630278 -0.0266192
v 0.0662370 1.0601901 -0.0235123
v 0.0707080 1.0557167 -0.0209310
v 0.0739063 1.0499700 -0.0190844
v 0.0755731 1.0434156 -0.0181221
v 0.0755731 0.6965844 -0.0181221
v 0.0739063 0.6900300 -0.0190844
v 0.0707080 0.6842833 -0.0209310
v 0.0662370 0.6798099 -0.0235123
v 0.0608557 0.6769722 -0.0266192
v 0.0583808 1.0630278 -0.0241443
v 0.0614877 1.0601901 -0.0187630
v 0.0640690 1.0557167 -0.0142920
v 0.0659156 1.0499700 -0.0110937
v 0.0668779 1.0434156 -0.0094269
v 0.0668779 0.6965844 -0.0094269
v 0.0659156 0.6900300 -0.0110937
v 0.0640690 0.6842833 -0.0142920
v 0.0614877 0.6798099 -0.0187630
v 0.0583808 0.6769722 -0.0241443
v 0.0550000 1.0630278 -0.0232384
v 0.0550000 1.0601901 -0.0170246
v 0.0550000 1.0557167 -0.0118620
v 0.0550000 1.0499700 -0.0081688
v 0.0550000 1.0434156 -0.0062443
v 0.0550000 0.6965844 -0.0062443
v 0.0550000 0.6900300 -0.0081688
v 0.0550000 0.6842833 -0.0118620
v 0.0550000 0.6798099 -0.0170246
v 0.0550000 0.6769722 -0.0232384
v 0.0516192 1.0630278 -0.0241443
v 0.0485123 1.0601901 -0.0187630
v 0.0459310 1.0557167 -0.0142920
v 0.0440844 1.0499700 -0.0110937
v 0.0431221 1.0434156 -0.0094269
v 0.0431221 0.6965844 -0.0094269
v 0.0440844 0.6900300 -0.0110937
v 0.0459310 0.6842833 -0.0142920
v 0.0485123 0.6798099 -0.0187630
v 0.0516192 0.6769722 -0.0241443
v 0.0491443 1.0630278 -0.0266192
v 0.0437630 1.0601901 -0.0235123
v 0.0392920 1.0557167 -0.0209310
v 0.0360937 1.0499700 -0.0190844
v 0.0344269 1.0434156 -0.0181221
v 0.0344269 0.6965844 -0.0181221
v 0.0360937 0.6900300 -0.0190844
v 0.0392920 0.6842833 -0.0209310
v 0.0437630 0.6798099 -0.0235123
v 0.0491443 0.6769722 -0.0266192
v 0.0482384 1.0630278 -0.0300000
v 0.0420246 1.0601901 -0.0300000
v 0.0368620 1.0557167 -0.0300000
v 0.0331688 1.0499700 -0.0300000
v 0.0312443 1.0434156 -0.0300000
v 0.0312443 0.6965844 -0.0300000
v 0.0331688 0.6900300 -0.0300000
v 0.0368620 0.6842833 -0.0300000
v 0.0420246 0.6798099 -0.0300000
v 0.0482384 0.6769722 -0.0300000
v 0.0491443 1.0630278 -0.0333808
v 0.0437630 1.0601901 -0.0364877
v 0.0392920 1.0557167 -0.0390690
v 0.0360937 1.0499700 -0.0409156
v 0.0344269 1.0434156 -0.0418779
v 0.0344269 0.6965844 -0.0418779
v 0.0360937 0.6900300 -0.0409156
v 0.0392920 0.6842833 -0.0390690
v 0.0437630 0.6798099 -0.0364877
v 0.0491443 0.6769722 -0.0333808
v 0.0516192 1.0630278 -0.0358557
v 0.0485123 1.0601901 -0.0412370
v 0.0459310 1.0557167 -0.0457080
v 0.0440844 1.0499700 -0.0489063
v 0.0431221 1.0434156 -0.0505731
v 0.0431221 0.6965844 -0.0505731
v 0.0440844 0.6900300 -0.0489063
v 0.0459310 0.6842833 -0.0457080
v 0.0485123 0.6798099 -0.0412370
v 0.0516192 0.6769722 -0.0358557
v 0.0550000 1.0630278 -0.0367616
v 0.0550000 1.0601901 -0.0429754
v 0.0550000 1.0557167 -0.0481380
v 0.0550000 1.0499700 -0.0518312
v 0.0550000 1.0434156 -0.0537557
v 0.0550000 0.6965844 -0.0537557
v 0.0550000 0.6900300 -0.0518312
v 0.0550000 0.6842833 -0.0481380
v 0.0550000 0.6798099 -0.0429754
v 0.0550000 0.6769722 -0.0367616
v 0.0583808 1.0630278 -0.0358557
v 0.0614877 1.0601901 -0.0412370
v 0.0640690 1.0557167 -0.0457080
v 0.0659156 1.0499700 -0.0489063
v 0.0668779 1.0434156 -0.0505731
v 0.0668779 0.6965844 -0.0505731
v 0.0659156 0.6900300 -0.0489063
v 0.0640690 0.6842833 -0.0457080
v 0.0614877 0.6798099 -0.0412370
v 0.0583808 0.6769722 -0.0358557
v 0.0608557 1.0630278 -0.0333808
v 0.0662370 1.0601901 -0.0364877
v 0.0707080 1.0557167 -0.0390690
v 0.0739063 1.0499700 -0.0409156
v 0.0755731 1.0434156 -0.0418779
v 0.0755731 0.6965844 -0.0418779
v 0.0739063 0.6900300 -0.0409156
v 0.0707080 0.6842833 -0.0390690
v 0.0662370 0.6798099 -0.0364877
v 0.0608557 0.6769722 -0.0333808
v 0.0450000 0.6550000 -0.0500000
v 0.0520433 0.6539873 -0.0500000
v 0.0585160 0.6510313 -0.0500000
v 0.0638937 0.6463715 -0.0500000
v 0.0677408 0.6403854 -0.0500000
v 0.0697455 0.6335579 -0.0500000
v 0.0697455 -0.4535579 -0.0500000
v 0.0677408 -0.4603854 -0.0500000
v 0.0638937 -0.4663715 -0.0500000
v 0.0585160 -0.4710313 -0.0500000
v 0.0520433 -0.4739873 -0.0500000
v 0.0450000 -0.4750000 -0.0500000
v 0.0510997 0.6539873 -0.0464783
v 0.0567052 0.6510313 -0.0432420
v 0.0613625 0.6463715 -0.0405531
v 0.0646941 0.6403854 -0.0386296
v 0.0664303 0.6335579 -0.0376272
v 0.0664303 -0.4535579 -0.0376272
v 0.0646941 -0.4603854 -0.0386296
v 0.0613625 -0.4663715 -0.0405531
v 0.0567052 -0.4710313 -0.0432420
v 0.0510997 -0.4739873 -0.0464783
v 0.0485217 0.6539873 -0.0439003
v 0.0517580 0.6510313 -0.0382948
v 0.0544469 0.6463715 -0.0336375
v 0.0563704 0.6403854 -0.0303059
v 0.0573728 0.6335579 -0.0285697
v 0.0573728 -0.4535579 -0.0285697
v 0.0563704 -0.4603854 -0.0303059
v 0.0544469 -0.4663715 -0.0336375
v 0.0517580 -0.4710313 -0.0382948
v 0.0485217 -0.4739873 -0.0439003
v 0.0450000 0.6539873 -0.0429567
v 0.0450000 0.6510313 -0.0364840
v 0.0450000 0.6463715 -0.0311063
v 0.0450000 0.6403854 -0.0272592
v 0.0450000 0.6335579 -0.0252545
v 0.0450000 -0.4535579 -0.0252545
v 0.0450000 -0.4603854 -0.0272592
v 0.0450000 -0.4663715 -0.0311063
v 0.0450000 -0.4710313 -0.0364840
v 0.0450000 -0.4739873 -0.0429567
v 0.0414783 0.6539873 -0.0439003
v 0.0382420 0.6510313 -0.0382948
v 0.0355531 0.6463715 -0.0336375
v 0.0336296 0.6403854 -0.0303059
v 0.0326272 0.6335579 -0.0285697
v 0.0326272 -0.4535579 -0.0285697
v 0.0336296 -0.4603854 -0.0303059
v 0.0355531 -0.4663715 -0.0336375
v 0.0382420 -0.4710313 -0.0382948
v 0.0414783 -0.4739873 -0.0439003
v 0.0389003 0.6539873 -0.0464783
v 0.0332948 0.6510313 -0.0432420
v 0.0286375 0.6463715 -0.0405531
v 0.0253059 0.6403854 -0.0386296
v 0.0235697 0.6335579 -0.0376272
v 0.0235697 -0.4535579 -0.0376272
v 0.0253059 -0.4603854 -0.0386296
v 0.0286375 -0.4663715 -0.0405531
v 0.0332948 -0.4710313 -0.0432420
v 0.0389003 -0.4739873 -0.0464783
v 0.0379567 0.6539873 -0.0500000
v 0.0314840 0.6510313 -0.0500000
v 0.0261063 0.6463715 -0.0500000
v 0.0222592 0.6403854 -0.0500000
v 0.0202545 0.6335579 -0.0500000
v 0.0202545 -0.4535579 -0.0500000
v 0.0222592 -0.4603854 -0.0500000
v 0.0261063 -0.4663715 -0.0500000
v 0.0314840 -0.4710313 -0.0500000
v 0.0379567 -0.4739873 -0.0500000
v 0.0389003 0.6539873 -0.0535217
v 0.0332948 0.6510313 -0.0567580
v 0.0286375 0.6463715 -0.0594469
v 0.0253059 0.6403854 -0.0613704
v 0.0235697 0.6335579 -0.0623728
v 0.0235697 -0.4535579 -0.0623728
v 0.0253059 -0.4603854 -0.0613704
v 0.0286375 -0.4663715 -0.0594469
v 0.0332948 -0.4710313 -0.0567580
v 0.0389003 -0.4739873 -0.0535217
v 0.0414783 0.6539873 -0.0560997
v 0.0382420 0.6510313 -0.0617052
v 0.0355531 0.6463715 -0.0663625
v 0.0336296 0.6403854 -0.0696941
v 0.0326272 0.6335579 -0.0714303
v 0.0326272 -0.4535579 -0.0714303
v 0.0336296 -0.4603854 -0.0696941
v 0.0355531 -0.4663715 -0.0663625
v 0.0382420 -0.4710313 -0.0617052
v 0.0414783 -0.4739873 -0.0560997
v 0.0450000 0.6539873 -0.0570433
v 0.0450000 0.6510313 -0.0635160
v 0.0450000 0.6463715 -0.0688937
v 0.0450000 0.6403854 -0.0727408
v 0.0450000 0.6335579 -0.0747455
v 0.0450000 -0.4535579 -0.0747455
v 0.0450000 -0.4603854 -0.0727408
v 0.0450000 -0.4663715 -0.0688937
v 0.0450000 -0.4710313 -0.0635160
v 0.0450000 -0.4739873 -0.0570433
v 0.0485217 0.6539873 -0.0560997
v 0.0517580 0.6510313 -0.0617052
v 0.0544469 0.6463715 -0.0663625
v 0.0563704 0.6403854 -0.0696941
v 0.0573728 0.6335579 -0.0714303
v 0.0573728 -0.4535579 -0.0714303
v 0.0563704 -0.4603854 -0.0696941
v 0.0544469 -0.4663715 -0.0663625
v 0.0517580 -0.4710313 -0.0617052
v 0.0485217 -0.4739873 -0.0560997
v 0.0510997 0.6539873 -0.0535217
v 0.0567052 0.6510313 -0.0567580
v 0.0613625 0.6463715 -0.0594469
v 0.0646941 0.6403854 -0.0613704
v 0.0664303 0.6335579 -0.0623728
v 0.0664303 -0.4535579 -0.0623728
v 0.0646941 -0.4603854 -0.0613704
v 0.0613625 -0.4663715 -0.0594469
v 0.0567052 -0.4710313 -0.0567580
v 0.0510997 -0.4739873 -0.0535217
v -0.0434872 1.2360820 -0.0000000
v -0.0396503 1.2370695 0.0004262
v -0.0362467 1.2391045 0.0008179
v -0.0335524 1.2420223 0.0011433
v -0.0317854 1.2455863 0.0013761
v -0.0310890 1.2495079 0.0014974
v -0.0565196 1.4834694 0.0014974
v -0.0580423 1.4871498 0.0013761
v -0.0605337 1.4902510 0.0011433
v -0.0637921 1.4925217 0.0008179
v -0.0675533 1.4937780 0.0004262
v -0.0715128 1.4939180 0.0000000
v -0.0399607 1.2370357 -0.0015915
v -0.0368424 1.2390398 -0.0030540
v -0.0343850 1.2419318 -0.0042691
v -0.0327876 1.2454774 -0.0051384
v -0.0321796 1.2493894 -0.0055914
v -0.0576102 1.4833509 -0.0055914
v -0.0590445 1.4870409 -0.0051384
v -0.0613664 1.4901605 -0.0042691
v -0.0643877 1.4924569 -0.0030540
v -0.0678637 1.4937442 -0.0015915
v -0.0412324 1.2368975 -0.0031827
v -0.0392829 1.2387745 -0.0061076
v -0.0377965 1.2415609 -0.0085377
v -0.0368937 1.2450311 -0.0102761
v -0.0366476 1.2489037 -0.0111820
v -0.0620782 1.4828652 -0.0111820
v -0.0631506 1.4865946 -0.0102761
v -0.0647779 1.4897897 -0.0085377
v -0.0668282 1.4921917 -0.0061076
v -0.0691355 1.4936060 -0.0031827
v -0.0431247 1.2366918 -0.0039212
v -0.0429142 1.2383798 -0.0075247
v -0.0428727 1.2410092 -0.0105185
v -0.0430035 1.2443669 -0.0126603
v -0.0432960 1.2481811 -0.0137764
v -0.0687266 1.4821426 -0.0137764
v -0.0692604 1.4859305 -0.0126603
v -0.0698541 1.4892379 -0.0105185
v -0.0704596 1.4917970 -0.0075247
v -0.0710278 1.4934003 -0.0039212
v -0.0451306 1.2364738 -0.0036089
v -0.0467635 1.2379614 -0.0069255
v -0.0482534 1.2404243 -0.0096810
v -0.0494798 1.2436630 -0.0116522
v -0.0503433 1.2474151 -0.0126794
v -0.0757739 1.4813765 -0.0126794
v -0.0757368 1.4852265 -0.0116522
v -0.0752348 1.4886530 -0.0096810
v -0.0743088 1.4913786 -0.0069255
v -0.0730337 1.4931823 -0.0036089
v -0.0467125 1.2363018 -0.0023297
v -0.0497992 1.2376314 -0.0044706
v -0.0524970 1.2399631 -0.0062494
v -0.0545874 1.2431078 -0.0075219
v -0.0559012 1.2468109 -0.0081850
v -0.0813318 1.4807724 -0.0081850
v -0.0808443 1.4846713 -0.0075219
v -0.0794784 1.4881918 -0.0062494
v -0.0773445 1.4910486 -0.0044706
v -0.0746156 1.4930103 -0.0023297
v -0.0474467 1.2362220 -0.0004262
v -0.0512079 1.2374783 -0.0008179
v -0.0544663 1.2397490 -0.0011433
v -0.0569577 1.2428502 -0.0013761
v -0.0584804 1.2465306 -0.0014974
v -0.0839110 1.4804921 -0.0014974
v -0.0832146 1.4844137 -0.0013761
v -0.0814476 1.4879777 -0.0011433
v -0.0787533 1.4908955 -0.0008179
v -0.0753497 1.4929305 -0.0004262
v -0.0471363 1.2362558 0.0015915
v -0.0506123 1.2375431 0.0030540
v -0.0536336 1.2398395 0.0042691
v -0.0559555 1.2429591 0.0051384
v -0.0573898 1.2466491 0.0055914
v -0.0828204 1.4806106 0.0055914
v -0.0822124 1.4845226 0.0051384
v -0.0806150 1.4880682 0.0042691
v -0.0781576 1.4909602 0.0030540
v -0.0750393 1.4929643 0.0015915
v -0.0458645 1.2363940 0.0031827
v -0.0481718 1.2378083 0.0061076
v -0.0502221 1.2402103 0.0085377
v -0.0518494 1.2434054 0.0102761
v -0.0529218 1.2471348 0.0111820
v -0.0783524 1.4810963 0.0111820
v -0.0781063 1.4849689 0.0102761
v -0.0772035 1.4884391 0.0085377
v -0.0757171 1.4912255 0.0061076
v -0.0737676 1.4931025 0.0031827
v -0.0439722 1.2365997 0.0039212
v -0.0445404 1.2382030 0.0075247
v -0.0451459 1.2407621 0.0105185
v -0.0457396 1.2440695 0.0126603
v -0.0462734 1.2478574 0.0137764
v -0.0717040 1.4818189 0.0137764
v -0.0719965 1.4856331 0.0126603
v -0.0721273 1.4889908 0.0105185
v -0.0720858 1.4916202 0.0075247
v -0.0718753 1.4933082 0.0039212
v -0.0419663 1.2368177 0.0036089
v -0.0406912 1.2386214 0.0069255
v -0.0397652 1.2413470 0.0096810
v -0.0392632 1.2447735 0.0116522
v -0.0392261 1.2486235 0.0126794
v -0.0646567 1.4825849 0.0126794
v -0.0655202 1.4863370 0.0116522
v -0.0667466 1.4895757 0.0096810
v -0.0682365 1.4920386 0.0069255
v -0.0698694 1.4935262 0.0036089
v -0.0403844 1.2369897 0.0023297
v -0.0376555 1.2389514 0.0044706
v -0.0355216 1.2418082 0.0062494
v -0.0341557 1.2453287 0.0075219
v -0.0336682 1.2492276 0.0081850
v -0.0590988 1.4831891 0.0081850
v -0.0604126 1.4868922 0.0075219
v -0.0625030 1.4900369 0.0062494
v -0.0652008 1.4923686 0.0044706
v -0.0682875 1.4936982 0.0023297
v 0.0434872 1.2360820 -0.0000000
v 0.0474467 1.2362220 -0.0004262
v 0.0512079 1.2374783 -0.0008179
v 0.0544663 1.2397490 -0.0011433
v 0.0569577 1.2428502 -0.0013761
v 0.0584804 1.2465306 -0.0014974
v 0.0839110 1.4804921 -0.0014974
v 0.0832146 1.4844137 -0.0013761
v 0.0814476 1.4879777 -0.0011433
v 0.0787533 1.4908955 -0.0008179
v 0.0753497 1.4929305 -0.0004262
v 0.0715128 1.4939180 0.0000000
v 0.0467125 1.2363018 -0.0023297
v 0.0497992 1.2376314 -0.0044706
v 0.0524970 1.2399631 -0.0062494
v 0.0545874 1.2431078 -0.0075219
v 0.0559012 1.2468109 -0.0081850
v 0.0813318 1.4807724 -0.0081850
v 0.0808443 1.4846713 -0.0075219
v 0.0794784 1.4881918 -0.0062494
v 0.0773445 1.4910486 -0.0044706
v 0.0746156 1.4930103 -0.0023297
v 0.0451306 1.2364738 -0.0036089
v 0.0467635 1.2379614 -0.0069255
v 0.0482534 1.2404243 -0.0096810
v 0.0494798 1.2436630 -0.0116522
v 0.0503433 1.2474151 -0.0126794
v 0.0757739 1.4813765 -0.0126794
v 0.0757368 1.4852265 -0.0116522
v 0.0752348 1.4886530 -0.0096810
v 0.0743088 1.4913786 -0.0069255
v 0.0730337 1.4931823 -0.0036089
v 0.0431247 1.2366918 -0.0039212
v 0.0429142 1.2383798 -0.0075247
v 0.0428727 1.2410092 -0.0105185
v 0.0430035 1.2443669 -0.0126603
v 0.0432960 1.2481811 -0.0137764
v 0.0687266 1.4821426 -0.0137764
v 0.0692604 1.4859305 -0.0126603
v 0.0698541 1.4892379 -0.0105185
v 0.0704596 1.4917970 -0.0075247
v 0.0710278 1.4934003 -0.0039212
v 0.0412324 1.2368975 -0.0031827
v 0.0392829 1.2387745 -0.0061076
v 0.0377965 1.2415609 -0.0085377
v 0.0368937 1.2450311 -0.0102761
v 0.0366476 1.2489037 -0.0111820
v 0.0620782 1.4828652 -0.0111820
v 0.0631506 1.4865946 -0.0102761
v 0.0647779 1.4897897 -0.0085377
v 0.0668282 1.4921917 -0.0061076
v 0.0691355 1.4936060 -0.0031827
v 0.0399607 1.2370357 -0.0015915
v 0.0368424 1.2390398 -0.0030540
v 0.0343850 1.2419318 -0.0042691
v 0.0327876 1.2454774 -0.0051384
v 0.0321796 1.2493894 -0.0055914
v 0.0576102 1.4833509 -0.0055914
v 0.0590445 1.4870409 -0.0051384
v 0.0613664 1.4901605 -0.0042691
v 0.0643877 1.4924569 -0.0030540
v 0.0678637 1.4937442 -0.0015915
v 0.0396503 1.2370695 0.0004262
v 0.0362467 1.2391045 0.0008179
v 0.0335524 1.2420223 0.0011433
v 0.0317854 1.2455863 0.0013761
v 0.0310890 1.2495079 0.0014974
v 0.0565196 1.4834694 0.0014974
v 0.0580423 1.4871498 0.0013761
v 0.0605337 1.4902510 0.0011433
v 0.0637921 1.4925217 0.0008179
v 0.0675533 1.4937780 0.0004262
v 0.0403844 1.2369897 0.0023297
v 0.0376555 1.2389514 0.0044706
v 0.0355216 1.2418082 0.0062494
v 0.0341557 1.2453287 0.0075219
v 0.0336682 1.2492276 0.0081850
v 0.0590988 1.4831891 0.0081850
v 0.0604126 1.4868922 0.0075219
v 0.0625030 1.4900369 0.0062494
v 0.0652008 1.4923686 0.0044706
v 0.0682875 1.4936982 0.0023297
v 0.0419663 1.2368177 0.0036089
v 0.0406912 1.2386214 0.0069255
v 0.0397652 1.2413470 0.0096810
v 0.0392632 1.2447735 0.0116522
v 0.0392261 1.2486235 0.0126794
v 0.0646567 1.4825849 0.0126794
v 0.0655202 1.4863370 0.0116522
v 0.0667466 1.4895757 0.0096810
v 0.0682365 1.4920386 0.0069255
v 0.0698694 1.4935262 0.0036089
v 0.0439722 1.2365997 0.0039212
v 0.0445404 1.2382030 0.0075247
v 0.0451459 1.2407621 0.0105185
v 0.0457396 1.2440695 0.0126603
v 0.0462734 1.2478574 0.0137764
v 0.0717040 1.4818189 0.0137764
v 0.0719965 1.4856331 0.0126603
v 0.0721273 1.4889908 0.0105185
v 0.0720858 1.4916202 0.0075247
v 0.0718753 1.4933082 0.0039212
v 0.0458645 1.2363940 0.0031827
v 0.0481718 1.2378083 0.0061076
v 0.0502221 1.2402103 0.0085377
v 0.0518494 1.2434054 0.0102761
v 0.0529218 1.2471348 0.0111820
v 0.0783524 1.4810963 0.0111820
v 0.0781063 1.4849689 0.0102761
v 0.0772035 1.4884391 0.0085377
v 0.0757171 1.4912255 0.0061076
v 0.0737676 1.4931025 0.0031827
v 0.0471363 1.2362558 0.0015915
v 0.0506123 1.2375431 0.0030540
v 0.0536336 1.2398395 0.0042691
v 0.0559555 1.2429591 0.0051384
v 0.0573898 1.2466491 0.0055914
v 0.0828204 1.4806106 0.0055914
v 0.0822124 1.4845226 0.0051384
v 0.0806150 1.4880682 0.0042691
v 0.0781576 1.4909602 0.0030540
v 0.0750393 1.4929643 0.0015915
v -0.0840889 1.2260297 -0.0200000
v -0.0801982 1.2268517 -0.0197433
v -0.0766966 1.2287390 -0.0195074
v -0.0738677 1.2315385 -0.0193114
v -0.0719406 1.2350235 -0.0191712
v -0.0710715 1.2389117 -0.0190982
v -0.0863309 1.4728881 -0.0190982
v -0.0876976 1.4766305 -0.0191712
v -0.0900610 1.4798357 -0.0193114
v -0.0932296 1.4822441 -0.0195074
v -0.0969467 1.4836606 -0.0197433
v -0.1009111 1.4839703 -0.0200000
v -0.0805964 1.2268258 -0.0217456
v -0.0774606 1.2286891 -0.0233499
v -0.0749356 1.2314688 -0.0246827
v -0.0732260 1.2349397 -0.0256362
v -0.0724703 1.2388205 -0.0261331
v -0.0877296 1.4727969 -0.0261331
v -0.0889830 1.4765467 -0.0256362
v -0.0911289 1.4797661 -0.0246827
v -0.0939935 1.4821943 -0.0233499
v -0.0973448 1.4836346 -0.0217456
v -0.0819402 1.2267381 -0.0232802
v -0.0800394 1.2285209 -0.0262947
v -0.0785405 1.2312337 -0.0287993
v -0.0775648 1.2346567 -0.0305909
v -0.0771916 1.2385126 -0.0315246
v -0.0924509 1.4724890 -0.0315246
v -0.0933218 1.4762637 -0.0305909
v -0.0947338 1.4795310 -0.0287993
v -0.0965723 1.4820261 -0.0262947
v -0.0986886 1.4835470 -0.0232802
v -0.0838697 1.2266123 -0.0239359
v -0.0837420 1.2282795 -0.0275529
v -0.0837162 1.2308962 -0.0305581
v -0.0837945 1.2342505 -0.0327079
v -0.0839704 1.2380705 -0.0338281
v -0.0992297 1.4720469 -0.0338281
v -0.0995515 1.4758574 -0.0327079
v -0.0999095 1.4791934 -0.0305581
v -0.1002749 1.4817846 -0.0275529
v -0.1006181 1.4834211 -0.0239359
v -0.0858677 1.2264820 -0.0235369
v -0.0875763 1.2280294 -0.0267873
v -0.0890761 1.2305466 -0.0294878
v -0.0902458 1.2338297 -0.0314197
v -0.0909904 1.2376127 -0.0324264
v -0.1062497 1.4715891 -0.0324264
v -0.1060027 1.4754367 -0.0314197
v -0.1052694 1.4788439 -0.0294878
v -0.1041092 1.4815346 -0.0267873
v -0.1026161 1.4832908 -0.0235369
v -0.0873991 1.2263821 -0.0221902
v -0.0905149 1.2278378 -0.0242031
v -0.0931840 1.2302787 -0.0258754
v -0.0951900 1.2335073 -0.0270717
v -0.0963705 1.2372618 -0.0276951
v -0.1116298 1.4712382 -0.0276951
v -0.1109470 1.4751142 -0.0270717
v -0.1093773 1.4785760 -0.0258754
v -0.1070479 1.4813429 -0.0242031
v -0.1041475 1.4831910 -0.0221902
v -0.0880533 1.2263394 -0.0202567
v -0.0917704 1.2277559 -0.0204926
v -0.0949390 1.2301643 -0.0206886
v -0.0973024 1.2333695 -0.0208288
v -0.0986691 1.2371119 -0.0209018
v -0.1139285 1.4710883 -0.0209018
v -0.1130594 1.4749765 -0.0208288
v -0.1111323 1.4784615 -0.0206886
v -0.1083034 1.4812610 -0.0204926
v -0.1048018 1.4831483 -0.0202567
v -0.0876552 1.2263654 -0.0182544
v -0.0910065 1.2278057 -0.0166501
v -0.0938711 1.2302339 -0.0153173
v -0.0960170 1.2334533 -0.0143638
v -0.0972704 1.2372031 -0.0138669
v -0.1125297 1.4711795 -0.0138669
v -0.1117740 1.4750603 -0.0143638
v -0.1100644 1.4785312 -0.0153173
v -0.1075394 1.4813109 -0.0166501
v -0.1044036 1.4831742 -0.0182544
v -0.0863114 1.2264530 -0.0167198
v -0.0884277 1.2279739 -0.0137053
v -0.0902662 1.2304690 -0.0112007
v -0.0916782 1.2337363 -0.0094091
v -0.0925491 1.2375110 -0.0084754
v -0.1078084 1.4714874 -0.0084754
v -0.1074352 1.4753433 -0.0094091
v -0.1064595 1.4787663 -0.0112007
v -0.1049606 1.4814791 -0.0137053
v -0.1030598 1.4832619 -0.0167198
v -0.0843819 1.2265789 -0.0160641
v -0.0847251 1.2282154 -0.0124471
v -0.0850905 1.2308066 -0.0094419
v -0.0854485 1.2341426 -0.0072921
v -0.0857703 1.2379531 -0.0061719
v -0.1010296 1.4719295 -0.0061719
v -0.1012055 1.4757495 -0.0072921
v -0.1012838 1.4791038 -0.0094419
v -0.1012580 1.4817205 -0.0124471
v -0.1011303 1.4833877 -0.0160641
v -0.0823839 1.2267092 -0.0164631
v -0.0808908 1.2284654 -0.0132127
v -0.0797306 1.2311561 -0.0105122
v -0.0789973 1.2345633 -0.0085803
v -0.0787503 1.2384109 -0.0075736
v -0.0940096 1.4723873 -0.0075736
v -0.0947542 1.4761703 -0.0085803
v -0.0959239 1.4794534 -0.0105122
v -0.0974237 1.4819706 -0.0132127
v -0.0991323 1.4835180 -0.0164631
v -0.0808525 1.2268090 -0.0178098
v -0.0779521 1.2286571 -0.0157969
v -0.0756227 1.2314240 -0.0141246
v -0.0740530 1.2348858 -0.0129283
v -0.0733702 1.2387618 -0.0123049
v -0.0886295 1.4727382 -0.0123049
v -0.0898100 1.4764927 -0.0129283
v -0.0918160 1.4797213 -0.0141246
v -0.0944851 1.4821622 -0.0157969
v -0.0976009 1.4836179 -0.0178098
v 0.0840889 1.2260297 -0.0200000
v 0.0880533 1.2263394 -0.0202567
v 0.0917704 1.2277559 -0.0204926
v 0.0949390 1.2301643 -0.0206886
v 0.0973024 1.2333695 -0.0208288
v 0.0986691 1.2371119 -0.0209018
v 0.1139285 1.4710883 -0.0209018
v 0.1130594 1.4749765 -0.0208288
v 0.1111323 1.4784615 -0.0206886
v 0.1083034 1.4812610 -0.0204926
v 0.1048018 1.4831483 -0.0202567
v 0.1009111 1.4839703 -0.0200000
v 0.0873991 1.2263821 -0.0221902
v 0.0905149 1.2278378 -0.0242031
v 0.0931840 1.2302787 -0.0258754
v 0.0951900 1.2335073 -0.0270717
v 0.0963705 1.2372618 -0.0276951
v 0.1116298 1.4712382 -0.0276951
v 0.1109470 1.4751142 -0.0270717
v 0.1093773 1.4785760 -0.0258754
v 0.1070479 1.4813429 -0.0242031
v 0.1041475 1.4831910 -0.0221902
v 0.0858677 1.2264820 -0.0235369
v 0.0875763 1.2280294 -0.0267873
v 0.0890761 1.2305466 -0.0294878
v 0.0902458 1.2338297 -0.0314197
v 0.0909904 1.2376127 -0.0324264
v 0.1062497 1.4715891 -0.0324264
v 0.1060027 1.4754367 -0.0314197
v 0.1052694 1.4788439 -0.0294878
v 0.1041092 1.4815346 -0.0267873
v 0.1026161 1.4832908 -0.0235369
v 0.0838697 1.2266123 -0.0239359
v 0.0837420 1.2282795 -0.0275529
v 0.0837162 1.2308962 -0.0305581
v 0.0837945 1.2342505 -0.0327079
v 0.0839704 1.2380705 -0.0338281
v 0.0992297 1.4720469 -0.0338281
v 0.0995515 1.4758574 -0.0327079
v 0.0999095 1.4791934 -0.0305581
v 0.1002749 1.4817846 -0.0275529
v 0.1006181 1.4834211 -0.0239359
v 0.0819402 1.2267381 -0.0232802
v 0.0800394 1.2285209 -0.0262947
v 0.0785405 1.2312337 -0.0287993
v 0.0775648 1.2346567 -0.0305909
v 0.0771916 1.2385126 -0.0315246
v 0.0924509 1.4724890 -0.0315246
v 0.0933218 1.4762637 -0.0305909
v 0.0947338 1.4795310 -0.0287993
v 0.0965723 1.4820261 -0.0262947
v 0.0986886 1.4835470 -0.0232802
v 0.0805964 1.2268258 -0.0217456
v 0.0774606 1.2286891 -0.0233499
v 0.0749356 1.2314688 -0.0246827
v 0.0732260 1.2349397 -0.0256362
v 0.0724703 1.2388205 -0.0261331
v 0.0877296 1.4727969 -0.0261331
v 0.0889830 1.4765467 -0.0256362
v 0.0911289 1.4797661 -0.0246827
v 0.0939935 1.4821943 -0.0233499
v 0.0973448 1.4836346 -0.0217456
v 0.0801982 1.2268517 -0.0197433
v 0.0766966 1.2287390 -0.0195074
v 0.0738677 1.2315385 -0.0193114
v 0.0719406 1.2350235 -0.0191712
v 0.0710715 1.2389117 -0.0190982
v 0.0863309 1.4728881 -0.0190982
v 0.0876976 1.4766305 -0.0191712
v 0.0900610 1.4798357 -0.0193114
v 0.0932296 1.4822441 -0.0195074
v 0.0969467 1.4836606 -0.0197433
v 0.0808525 1.2268090 -0.0178098
v 0.0779521 1.2286571 -0.0157969
v 0.0756227 1.2314240 -0.0141246
v 0.0740530 1.2348858 -0.0129283
v 0.0733702 1.2387618 -0.0123049
v 0.0886295 1.4727382 -0.0123049
v 0.0898100 1.4764927 -0.0129283
v 0.0918160 1.4797213 -0.0141246
v 0.0944851 1.4821622 -0.0157969
v 0.0976009 1.4836179 -0.0178098
v 0.0823839 1.2267092 -0.0164631
v 0.0808908 1.2284654 -0.0132127
v 0.0797306 1.2311561 -0.0105122
v 0.0789973 1.2345633 -0.0085803
v 0.0787503 1.2384109 -0.0075736
v 0.0940096 1.4723873 -0.0075736
v 0.0947542 1.4761703 -0.0085803
v 0.0959239 1.4794534 -0.0105122
v 0.0974237 1.4819706 -0.0132127
v 0.0991323 1.4835180 -0.0164631
v 0.0843819 1.2265789 -0.0160641
v 0.0847251 1.2282154 -0.0124471
v 0.0850905 1.2308066 -0.0094419
v 0.0854485 1.2341426 -0.0072921
v 0.0857703 1.2379531 -0.0061719
v 0.1010296 1.4719295 -0.0061719
v 0.1012055 1.4757495 -0.0072921
v 0.1012838 1.4791038 -0.0094419
v 0.1012580 1.4817205 -0.0124471
v 0.1011303 1.4833877 -0.0160641
v 0.0863114 1.2264530 -0.0167198
v 0.0884277 1.2279739 -0.0137053
v 0.0902662 1.2304690 -0.0112007
v 0.0916782 1.2337363 -0.0094091
v 0.0925491 1.2375110 -0.0084754
v 0.1078084 1.4714874 -0.0084754
v 0.1074352 1.4753433 -0.0094091
v 0.1064595 1.4787663 -0.0112007
v 0.1049606 1.4814791 -0.0137053
v 0.1030598 1.4832619 -0.0167198
v 0.0876552 1.2263654 -0.0182544
v 0.0910065 1.2278057 -0.0166501
v 0.0938711 1.2302339 -0.0153173
v 0.0960170 1.2334533 -0.0143638
v 0.0972704 1.2372031 -0.0138669
v 0.1125297 1.4711795 -0.0138669
v 0.1117740 1.4750603 -0.0143638
v 0.1100644 1.4785312 -0.0153173
v 0.1075394 1.4813109 -0.0166501
v 0.1044036 1.4831742 -0.0182544
v -0.0470104 1.1905196 -0.0000000
v -0.0475307 1.1903523 0.0036596
v -0.0490612 1.1901564 0.0070227
v -0.0514779 1.1899479 0.0098169
v -0.0545850 1.1897436 0.0118158
v -0.0581308 1.1895601 0.0128574
v -0.3118281 1.1794122 0.0128574
v -0.3153772 1.1793119 0.0118158
v -0.3184907 1.1792674 0.0098169
v -0.3209163 1.1792822 0.0070227
v -0.3224576 1.1793552 0.0036596
v -0.3229896 1.1794804 0.0000000
v -0.0476046 1.1922002 0.0032425
v -0.0492031 1.1937026 0.0062223
v -0.0516762 1.1949050 0.0086980
v -0.0548237 1.1957100 0.0104691
v -0.0583905 1.1960525 0.0113920
v -0.3120878 1.1859046 0.0113920
v -0.3156158 1.1852783 0.0104691
v -0.3186890 1.1842245 0.0086980
v -0.3210582 1.1828284 0.0062223
v -0.3225315 1.1812031 0.0032425
v -0.0476603 1.1935922 0.0019566
v -0.0493099 1.1963737 0.0037546
v -0.0518256 1.1986390 0.0052485
v -0.0550035 1.2002043 0.0063172
v -0.0585861 1.2009429 0.0068741
v -0.3122834 1.1907950 0.0068741
v -0.3157956 1.1897726 0.0063172
v -0.3188383 1.1879584 0.0052485
v -0.3211650 1.1854995 0.0037546
v -0.3225872 1.1825951 0.0019566
v -0.0476828 1.1941552 0.0001464
v -0.0493531 1.1974542 0.0002809
v -0.0518860 1.2001493 0.0003927
v -0.0550762 1.2020222 0.0004726
v -0.0586653 1.2029211 0.0005143
v -0.3123625 1.1927732 0.0005143
v -0.3158683 1.1915905 0.0004726
v -0.3188987 1.1894688 0.0003927
v -0.3212082 1.1865800 0.0002809
v -0.3226097 1.1831581 0.0001464
v -0.0476662 1.1937384 -0.0017030
v -0.0493211 1.1966544 -0.0032681
v -0.0518413 1.1990313 -0.0045684
v -0.0550223 1.2006765 -0.0054986
v -0.0586067 1.2014568 -0.0059833
v -0.3123039 1.1913089 -0.0059833
v -0.3158145 1.1902449 -0.0054986
v -0.3188540 1.1883508 -0.0045684
v -0.3211763 1.1857802 -0.0032681
v -0.3225930 1.1827414 -0.0017030
v -0.0476148 1.1924535 -0.0030961
v -0.0492225 1.1941887 -0.0059414
v -0.0517034 1.1955846 -0.0083053
v -0.0548564 1.1965280 -0.0099964
v -0.0584261 1.1969425 -0.0108777
v -0.3121234 1.1867947 -0.0108777
v -0.3156486 1.1860963 -0.0099964
v -0.3187162 1.1849041 -0.0083053
v -0.3210776 1.1833145 -0.0059414
v -0.3225416 1.1814565 -0.0030961
v -0.0475424 1.1906448 -0.0036596
v -0.0490837 1.1907178 -0.0070227
v -0.0515093 1.1907326 -0.0098169
v -0.0546228 1.1906881 -0.0118158
v -0.0581719 1.1905878 -0.0128574
v -0.3118692 1.1804399 -0.0128574
v -0.3154150 1.1802564 -0.0118158
v -0.3185221 1.1800521 -0.0098169
v -0.3209388 1.1798436 -0.0070227
v -0.3224693 1.1796477 -0.0036596
v -0.0474685 1.1887969 -0.0032425
v -0.0489418 1.1871716 -0.0062223
v -0.0513110 1.1857755 -0.0086980
v -0.0543842 1.1847217 -0.0104691
v -0.0579122 1.1840954 -0.0113920
v -0.3116095 1.1739475 -0.0113920
v -0.3151763 1.1742900 -0.0104691
v -0.3183238 1.1750950 -0.0086980
v -0.3207969 1.1762974 -0.0062223
v -0.3223954 1.1777998 -0.0032425
v -0.0474128 1.1874049 -0.0019566
v -0.0488350 1.1845005 -0.0037546
v -0.0511617 1.1820416 -0.0052485
v -0.0542044 1.1802274 -0.0063172
v -0.0577166 1.1792050 -0.0068741
v -0.3114139 1.1690571 -0.0068741
v -0.3149965 1.1697957 -0.0063172
v -0.3181744 1.1713610 -0.0052485
v -0.3206901 1.1736263 -0.0037546
v -0.3223397 1.1764078 -0.0019566
v -0.0473903 1.1868419 -0.0001464
v -0.0487918 1.1834200 -0.0002809
v -0.0511013 1.1805312 -0.0003927
v -0.0541317 1.1784095 -0.0004726
v -0.0576375 1.1772268 -0.0005143
v -0.3113347 1.1670789 -0.0005143
v -0.3149238 1.1679778 -0.0004726
v -0.3181140 1.1698507 -0.0003927
v -0.3206469 1.1725458 -0.0002809
v -0.3223172 1.1758448 -0.0001464
v -0.0474070 1.1872586 0.0017030
v -0.0488237 1.1842198 0.0032681
v -0.0511460 1.1816492 0.0045684
v -0.0541855 1.1797551 0.0054986
v -0.0576961 1.1786911 0.0059833
v -0.3113933 1.1685432 0.0059833
v -0.3149777 1.1693235 0.0054986
v -0.3181587 1.1709687 0.0045684
v -0.3206789 1.1733456 0.0032681
v -0.3223338 1.1762616 0.0017030
v -0.0474584 1.1885435 0.0030961
v -0.0489224 1.1866855 0.0059414
v -0.0512838 1.1850959 0.0083053
v -0.0543514 1.1839037 0.0099964
v -0.0578766 1.1832053 0.0108777
v -0.3115739 1.1730575 0.0108777
v -0.3151436 1.1734720 0.0099964
v -0.3182966 1.1744154 0.0083053
v -0.3207775 1.1758113 0.0059414
v -0.3223852 1.1775465 0.0030961
v 0.0470104 1.1905196 -0.0000000
v 0.0475424 1.1906448 -0.0036596
v 0.0490837 1.1907178 -0.0070227
v 0.0515093 1.1907326 -0.0098169
v 0.0546228 1.1906881 -0.0118158
v 0.0581719 1.1905878 -0.0128574
v 0.3118692 1.1804399 -0.0128574
v 0.3154150 1.1802564 -0.0118158
v 0.3185221 1.1800521 -0.0098169
v 0.3209388 1.1798436 -0.0070227
v 0.3224693 1.1796477 -0.0036596
v 0.3229896 1.1794804 0.0000000
v 0.0476148 1.1924535 -0.0030961
v 0.0492225 1.1941887 -0.0059414
v 0.0517034 1.1955846 -0.0083053
v 0.0548564 1.1965280 -0.0099964
v 0.0584261 1.1969425 -0.0108777
v 0.3121234 1.1867947 -0.0108777
v 0.3156486 1.1860963 -0.0099964
v 0.3187162 1.1849041 -0.0083053
v 0.3210776 1.1833145 -0.0059414
v 0.3225416 1.1814565 -0.0030961
v 0.0476662 1.1937384 -0.0017030
v 0.0493211 1.1966544 -0.0032681
v 0.0518413 1.1990313 -0.0045684
v 0.0550223 1.2006765 -0.0054986
v 0.0586067 1.2014568 -0.0059833
v 0.3123039 1.1913089 -0.0059833
v 0.3158145 1.1902449 -0.0054986
v 0.3188540 1.1883508 -0.0045684
v 0.3211763 1.1857802 -0.0032681
v 0.3225930 1.1827414 -0.0017030
v 0.0476828 1.1941552 0.0001464
v 0.0493531 1.1974542 0.0002809
v 0.0518860 1.2001493 0.0003927
v 0.0550762 1.2020222 0.0004726
v 0.0586653 1.2029211 0.0005143
v 0.3123625 1.1927732 0.0005143
v 0.3158683 1.1915905 0.0004726
v 0.3188987 1.1894688 0.0003927
v 0.3212082 1.1865800 0.0002809
v 0.3226097 1.1831581 0.0001464
v 0.0476603 1.1935922 0.0019566
v 0.0493099 1.1963737 0.0037546
v 0.0518256 1.1986390 0.0052485
v 0.0550035 1.2002043 0.0063172
v 0.0585861 1.2009429 0.0068741
v 0.3122834 1.1907950 0.0068741
v 0.3157956 1.1897726 0.0063172
v 0.3188383 1.1879584 0.0052485
v 0.3211650 1.1854995 0.0037546
v 0.3225872 1.1825951 0.0019566
v 0.0476046 1.1922002 0.0032425
v 0.0492031 1.1937026 0.0062223
v 0.0516762 1.1949050 0.0086980
v 0.0548237 1.1957100 0.0104691
v 0.0583905 1.1960525 0.0113920
v 0.3120878 1.1859046 0.0113920
v 0.3156158 1.1852783 0.0104691
v 0.3186890 1.1842245 0.0086980
v 0.3210582 1.1828284 0.0062223
v 0.3225315 1.1812031 0.0032425
v 0.0475307 1.1903523 0.0036596
v 0.0490612 1.1901564 0.0070227
v 0.0514779 1.1899479 0.0098169
v 0.0545850 1.1897436 0.0118158
v 0.0581308 1.1895601 0.0128574
v 0.3118281 1.1794122 0.0128574
v 0.3153772 1.1793119 0.0118158
v 0.3184907 1.1792674 0.0098169
v 0.3209163 1.1792822 0.0070227
v 0.3224576 1.1793552 0.0036596
v 0.0474584 1.1885435 0.0030961
v 0.0489224 1.1866855 0.0059414
v 0.0512838 1.1850959 0.0083053
v 0.0543514 1.1839037 0.0099964
v 0.0578766 1.1832053 0.0108777
v 0.3115739 1.1730575 0.0108777
v 0.3151436 1.1734720 0.0099964
v 0.3182966 1.1744154 0.0083053
v 0.3207775 1.1758113 0.0059414
v 0.3223852 1.1775465 0.0030961
v 0.0474070 1.1872586 0.0017030
v 0.0488237 1.1842198 0.0032681
v 0.0511460 1.1816492 0.0045684
v 0.0541855 1.1797551 0.0054986
v 0.0576961 1.1786911 0.0059833
v 0.3113933 1.1685432 0.0059833
v 0.3149777 1.1693235 0.0054986
v 0.3181587 1.1709687 0.0045684
v 0.3206789 1.1733456 0.0032681
v 0.3223338 1.1762616 0.0017030
v 0.0473903 1.1868419 -0.0001464
v 0.0487918 1.1834200 -0.0002809
v 0.0511013 1.1805312 -0.0003927
v 0.0541317 1.1784095 -0.0004726
v 0.0576375 1.1772268 -0.0005143
v 0.3113347 1.1670789 -0.0005143
v 0.3149238 1.1679778 -0.0004726
v 0.3181140 1.1698507 -0.0003927
v 0.3206469 1.1725458 -0.0002809
v 0.3223172 1.1758448 -0.0001464
v 0.0474128 1.1874049 -0.0019566
v 0.0488350 1.1845005 -0.0037546
v 0.0511617 1.1820416 -0.0052485
v 0.0542044 1.1802274 -0.0063172
v 0.0577166 1.1792050 -0.0068741
v 0.3114139 1.1690571 -0.0068741
v 0.3149965 1.1697957 -0.0063172
v 0.3181744 1.1713610 -0.0052485
v 0.3206901 1.1736263 -0.0037546
v 0.3223397 1.1764078 -0.0019566
v 0.0474685 1.1887969 -0.0032425
v 0.0489418 1.1871716 -0.0062223
v 0.0513110 1.1857755 -0.0086980
v 0.0543842 1.1847217 -0.0104691
v 0.0579122 1.1840954 -0.0113920
v 0.3116095 1.1739475 -0.0113920
v 0.3151763 1.1742900 -0.0104691
v 0.3183238 1.1750950 -0.0086980
v 0.3207969 1.1762974 -0.0062223
v 0.3223954 1.1777998 -0.0032425
v -0.3364563 1.1314648 0.0300000
v -0.3335139 1.1300466 0.0309984
v -0.3310969 1.1278144 0.0319159
v -0.3294013 1.1249492 0.0326781
v -0.3285642 1.1216830 0.0332234
v -0.3286536 1.1182804 0.0335076
v -0.4996623 0.5650172 0.0335076
v -0.5015084 0.5621577 0.0332234
v -0.5040425 0.5599334 0.0326781
v -0.5070592 0.5585248 0.0319159
v -0.5103142 0.5580457 0.0309984
v -0.5135437 0.5585352 0.0300000
v -0.3344043 1.1303218 0.0324796
v -0.3328055 1.1283425 0.0347584
v -0.3317897 1.1256874 0.0366516
v -0.3314389 1.1225715 0.0380060
v -0.3317818 1.1192473 0.0387117
v -0.5027904 0.5659841 0.0387117
v -0.5043831 0.5630462 0.0380060
v -0.5064309 0.5606717 0.0366516
v -0.5087678 0.5590529 0.0347584
v -0.5112045 0.5583209 0.0324796
v -0.3358829 1.1307788 0.0332965
v -0.3356431 1.1292196 0.0363259
v -0.3357562 1.1269134 0.0388428
v -0.3362131 1.1240472 0.0406433
v -0.3369769 1.1208531 0.0415816
v -0.5079855 0.5675898 0.0415816
v -0.5091573 0.5645219 0.0406433
v -0.5103974 0.5618977 0.0388428
v -0.5116054 0.5599299 0.0363259
v -0.5126832 0.5587780 0.0332965
v -0.3375537 1.1312952 0.0332300
v -0.3388493 1.1302106 0.0361984
v -0.3402381 1.1282987 0.0386645
v -0.3416076 1.1257146 0.0404288
v -0.3428469 1.1226674 0.0413481
v -0.5138555 0.5694042 0.0413481
v -0.5145518 0.5661892 0.0404288
v -0.5148793 0.5632830 0.0386645
v -0.5148115 0.5609209 0.0361984
v -0.5143540 0.5592944 0.0332300
v -0.3389689 1.1317327 0.0322981
v -0.3415650 1.1310500 0.0344100
v -0.3440343 1.1294721 0.0361646
v -0.3461768 1.1271269 0.0374199
v -0.3478189 1.1242042 0.0380740
v -0.5188275 0.5709410 0.0380740
v -0.5191210 0.5676015 0.0374199
v -0.5186756 0.5644564 0.0361646
v -0.5175273 0.5617603 0.0344100
v -0.5157692 0.5597318 0.0322981
v -0.3397493 1.1319739 0.0307504
v -0.3430626 1.1315129 0.0314400
v -0.3461278 1.1301192 0.0320129
v -0.3486965 1.1279057 0.0324228
v -0.3505608 1.1250517 0.0326364
v -0.5215694 0.5717885 0.0326364
v -0.5216407 0.5683804 0.0324228
v -0.5207690 0.5651035 0.0320129
v -0.5190249 0.5622232 0.0314400
v -0.5165496 0.5599730 0.0307504
v -0.3396858 1.1319543 0.0290016
v -0.3429408 1.1314752 0.0280841
v -0.3459575 1.1300666 0.0273219
v -0.3484916 1.1278423 0.0267766
v -0.3503377 1.1249828 0.0264924
v -0.5213464 0.5717196 0.0264924
v -0.5214358 0.5683170 0.0267766
v -0.5205987 0.5650508 0.0273219
v -0.5189031 0.5621856 0.0280841
v -0.5164861 0.5599534 0.0290016
v -0.3387955 1.1316791 0.0275204
v -0.3412322 1.1309471 0.0252416
v -0.3435691 1.1293283 0.0233484
v -0.3456169 1.1269538 0.0219940
v -0.3472096 1.1240159 0.0212883
v -0.5182182 0.5707527 0.0212883
v -0.5185611 0.5674285 0.0219940
v -0.5182103 0.5643126 0.0233484
v -0.5171945 0.5616575 0.0252416
v -0.5155957 0.5596782 0.0275204
v -0.3373168 1.1312220 0.0267035
v -0.3383946 1.1300701 0.0236741
v -0.3396026 1.1281023 0.0211572
v -0.3408427 1.1254781 0.0193567
v -0.3420145 1.1224102 0.0184184
v -0.5130231 0.5691469 0.0184184
v -0.5137869 0.5659528 0.0193567
v -0.5142438 0.5630866 0.0211572
v -0.5143569 0.5607804 0.0236741
v -0.5141171 0.5592212 0.0267035
v -0.3356460 1.1307056 0.0267700
v -0.3351885 1.1290791 0.0238016
v -0.3351207 1.1267170 0.0213355
v -0.3354482 1.1238108 0.0195712
v -0.3361445 1.1205958 0.0186519
v -0.5071531 0.5673326 0.0186519
v -0.5083924 0.5642854 0.0195712
v -0.5097619 0.5617013 0.0213355
v -0.5111507 0.5597894 0.0238016
v -0.5124463 0.5587048 0.0267700
v -0.3342308 1.1302682 0.0277019
v -0.3324727 1.1282397 0.0255900
v -0.3313244 1.1255436 0.0238354
v -0.3308790 1.1223985 0.0225801
v -0.3311725 1.1190590 0.0219260
v -0.5021811 0.5657958 0.0219260
v -0.5038232 0.5628731 0.0225801
v -0.5059657 0.5605279 0.0238354
v -0.5084350 0.5589500 0.0255900
v -0.5110311 0.5582673 0.0277019
v -0.3334504 1.1300270 0.0292496
v -0.3309751 1.1277768 0.0285600
v -0.3292310 1.1248965 0.0279871
v -0.3283593 1.1216196 0.0275772
v -0.3284306 1.1182115 0.0273636
v -0.4994392 0.5649483 0.0273636
v -0.5013035 0.5620943 0.0275772
v -0.5038722 0.5598808 0.0279871
v -0.5069374 0.5584871 0.0285600
v -0.5102507 0.5580261 0.0292496
v 0.3364563 1.1314648 0.0300000
v 0.3396858 1.1319543 0.0290016
v 0.3429408 1.1314752 0.0280841
v 0.3459575 1.1300666 0.0273219
v 0.3484916 1.1278423 0.0267766
v 0.3503377 1.1249828 0.0264924
v 0.5213464 0.5717196 0.0264924
v 0.5214358 0.5683170 0.0267766
v 0.5205987 0.5650508 0.0273219
v 0.5189031 0.5621856 0.0280841
v 0.5164861 0.5599534 0.0290016
v 0.5135437 0.5585352 0.0300000
v 0.3397493 1.1319739 0.0307504
v 0.3430626 1.1315129 0.0314400
v 0.3461278 1.1301192 0.0320129
v 0.3486965 1.1279057 0.0324228
v 0.3505608 1.1250517 0.0326364
v 0.5215694 0.5717885 0.0326364
v 0.5216407 0.5683804 0.0324228
v 0.5207690 0.5651035 0.0320129
v 0.5190249 0.5622232 0.0314400
v 0.5165496 0.5599730 0.0307504
v 0.3389689 1.1317327 0.0322981
v 0.3415650 1.1310500 0.0344100
v 0.3440343 1.1294721 0.0361646
v 0.3461768 1.1271269 0.0374199
v 0.3478189 1.1242042 0.0380740
v 0.5188275 0.5709410 0.0380740
v 0.5191210 0.5676015 0.0374199
v 0.5186756 0.5644564 0.0361646
v 0.5175273 0.5617603 0.0344100
v 0.5157692 0.5597318 0.0322981
v 0.3375537 1.1312952 0.0332300
v 0.3388493 1.1302106 0.0361984
v 0.3402381 1.1282987 0.0386645
v 0.3416076 1.1257146 0.0404288
v 0.3428469 1.1226674 0.0413481
v 0.5138555 0.5694042 0.0413481
v 0.5145518 0.5661892 0.0404288
v 0.5148793 0.5632830 0.0386645
v 0.5148115 0.5609209 0.0361984
v 0.5143540 0.5592944 0.0332300
v 0.3358829 1.1307788 0.0332965
v 0.3356431 1.1292196 0.0363259
v 0.3357562 1.1269134 0.0388428
v 0.3362131 1.1240472 0.0406433
v 0.3369769 1.1208531 0.0415816
v 0.5079855 0.5675898 0.0415816
v 0.5091573 0.5645219 0.0406433
v 0.5103974 0.5618977 0.0388428
v 0.5116054 0.5599299 0.0363259
v 0.5126832 0.5587780 0.0332965
v 0.3344043 1.1303218 0.0324796
v 0.3328055 1.1283425 0.0347584
v 0.3317897 1.1256874 0.0366516
v 0.3314389 1.1225715 0.0380060
v 0.3317818 1.1192473 0.0387117
v 0.5027904 0.5659841 0.0387117
v 0.5043831 0.5630462 0.0380060
v 0.5064309 0.5606717 0.0366516
v 0.5087678 0.5590529 0.0347584
v 0.5112045 0.5583209 0.0324796
v 0.3335139 1.1300466 0.0309984
v 0.3310969 1.1278144 0.0319159
v 0.3294013 1.1249492 0.0326781
v 0.3285642 1.1216830 0.0332234
v 0.3286536 1.1182804 0.0335076
v 0.4996623 0.5650172 0.0335076
v 0.5015084 0.5621577 0.0332234
v 0.5040425 0.5599334 0.0326781
v 0.5070592 0.5585248 0.0319159
v 0.5103142 0.5580457 0.0309984
v 0.3334504 1.1300270 0.0292496
v 0.3309751 1.1277768 0.0285600
v 0.3292310 1.1248965 0.0279871
v 0.3283593 1.1216196 0.0275772
v 0.3284306 1.1182115 0.0273636
v 0.4994392 0.5649483 0.0273636
v 0.5013035 0.5620943 0.0275772
v 0.5038722 0.5598808 0.0279871
v 0.5069374 0.5584871 0.0285600
v 0.5102507 0.5580261 0.0292496
v 0.3342308 1.1302682 0.0277019
v 0.3324727 1.1282397 0.0255900
v 0.3313244 1.1255436 0.0238354
v 0.3308790 1.1223985 0.0225801
v 0.3311725 1.1190590 0.0219260
v 0.5021811 0.5657958 0.0219260
v 0.5038232 0.5628731 0.0225801
v 0.5059657 0.5605279 0.0238354
v 0.5084350 0.5589500 0.0255900
v 0.5110311 0.5582673 0.0277019
v 0.3356460 1.1307056 0.0267700
v 0.3351885 1.1290791 0.0238016
v 0.3351207 1.1267170 0.0213355
v 0.3354482 1.1238108 0.0195712
v 0.3361445 1.1205958 0.0186519
v 0.5071531 0.5673326 0.0186519
v 0.5083924 0.5642854 0.0195712
v 0.5097619 0.5617013 0.0213355
v 0.5111507 0.5597894 0.0238016
v 0.5124463 0.5587048 0.0267700
v 0.3373168 1.1312220 0.0267035
v 0.3383946 1.1300701 0.0236741
v 0.3396026 1.1281023 0.0211572
v 0.3408427 1.1254781 0.0193567
v 0.3420145 1.1224102 0.0184184
v 0.5130231 0.5691469 0.0184184
v 0.5137869 0.5659528 0.0193567
v 0.5142438 0.5630866 0.0211572
v 0.5143569 0.5607804 0.0236741
v 0.5141171 0.5592212 0.0267035
v 0.3387955 1.1316791 0.0275204
v 0.3412322 1.1309471 0.0252416
v 0.3435691 1.1293283 0.0233484
v 0.3456169 1.1269538 0.0219940
v 0.3472096 1.1240159 0.0212883
v 0.5182182 0.5707527 0.0212883
v 0.5185611 0.5674285 0.0219940
v 0.5182103 0.5643126 0.0233484
v 0.5171945 0.5616575 0.0252416
v 0.5155957 0.5596782 0.0275204
v -0.5094816 0.5489851 0.0400000
v -0.5069754 0.5484753 0.0401460
v -0.5047143 0.5472789 0.0402803
v -0.5028814 0.5454929 0.0403918
v -0.5016251 0.5432618 0.0404715
v -0.5010474 0.5407665 0.0405131
v -0.5311949 0.0182091 0.0405131
v -0.5320558 0.0157967 0.0404715
v -0.5335603 0.0137249 0.0403918
v -0.5355865 0.0121615 0.0402803
v -0.5379702 0.0112331 0.0401460
v -0.5405184 0.0110149 0.0400000
v -0.5073869 0.5484990 0.0413922
v -0.5055039 0.5473245 0.0426715
v -0.5039851 0.5455565 0.0437345
v -0.5029537 0.5433384 0.0444949
v -0.5024930 0.5408499 0.0448912
v -0.5326406 0.0182925 0.0448912
v -0.5333843 0.0158734 0.0444949
v -0.5346641 0.0137886 0.0437345
v -0.5363761 0.0122071 0.0426715
v -0.5383817 0.0112568 0.0413922
v -0.5083653 0.5485555 0.0422653
v -0.5073814 0.5474328 0.0443470
v -0.5066097 0.5457080 0.0460766
v -0.5061126 0.5435207 0.0473139
v -0.5059304 0.5410482 0.0479586
v -0.5360780 0.0184908 0.0479586
v -0.5365432 0.0160556 0.0473139
v -0.5372886 0.0139400 0.0460766
v -0.5382536 0.0123154 0.0443470
v -0.5393600 0.0113133 0.0422653
v -0.5096484 0.5486295 0.0425314
v -0.5098437 0.5475749 0.0448577
v -0.5100516 0.5459065 0.0467905
v -0.5102554 0.5437597 0.0481731
v -0.5104385 0.5413083 0.0488936
v -0.5405860 0.0187508 0.0488936
v -0.5406861 0.0162946 0.0481731
v -0.5407306 0.0141386 0.0467905
v -0.5407159 0.0124574 0.0448577
v -0.5406432 0.0113873 0.0425314
v -0.5108925 0.5487013 0.0421192
v -0.5122310 0.5477126 0.0440668
v -0.5133888 0.5460991 0.0456848
v -0.5142721 0.5439914 0.0468423
v -0.5148093 0.5415604 0.0474455
v -0.5449568 0.0190030 0.0474455
v -0.5447028 0.0165264 0.0468423
v -0.5440678 0.0143311 0.0456848
v -0.5431032 0.0125952 0.0440668
v -0.5418872 0.0114591 0.0421192
v -0.5117641 0.5487516 0.0411392
v -0.5139037 0.5478091 0.0421861
v -0.5157270 0.5462340 0.0430560
v -0.5170864 0.5441538 0.0436782
v -0.5178717 0.5417371 0.0440025
v -0.5480192 0.0191797 0.0440025
v -0.5475171 0.0166887 0.0436782
v -0.5464060 0.0144660 0.0430560
v -0.5447759 0.0126917 0.0421861
v -0.5427589 0.0115094 0.0411392
v -0.5120298 0.5487669 0.0398540
v -0.5144135 0.5478385 0.0397197
v -0.5164397 0.5462751 0.0396082
v -0.5179442 0.5442033 0.0395285
v -0.5188051 0.5417909 0.0394869
v -0.5489526 0.0192335 0.0394869
v -0.5483749 0.0167382 0.0395285
v -0.5471186 0.0145071 0.0396082
v -0.5452857 0.0127211 0.0397197
v -0.5430246 0.0115247 0.0398540
v -0.5116183 0.5487432 0.0386078
v -0.5136239 0.5477929 0.0373285
v -0.5153359 0.5462114 0.0362655
v -0.5166157 0.5441266 0.0355051
v -0.5173594 0.5417075 0.0351088
v -0.5475070 0.0191501 0.0351088
v -0.5470463 0.0166616 0.0355051
v -0.5460149 0.0144435 0.0362655
v -0.5444961 0.0126755 0.0373285
v -0.5426131 0.0115010 0.0386078
v -0.5106400 0.5486867 0.0377347
v -0.5117464 0.5476846 0.0356530
v -0.5127114 0.5460600 0.0339234
v -0.5134568 0.5439444 0.0326861
v -0.5139220 0.5415092 0.0320414
v -0.5440696 0.0189518 0.0320414
v -0.5438874 0.0164793 0.0326861
v -0.5433903 0.0142920 0.0339234
v -0.5426186 0.0125672 0.0356530
v -0.5416347 0.0114445 0.0377347
v -0.5093568 0.5486127 0.0374686
v -0.5092841 0.5475426 0.0351423
v -0.5092694 0.5458614 0.0332095
v -0.5093139 0.5437054 0.0318269
v -0.5094140 0.5412492 0.0311064
v -0.5395615 0.0186917 0.0311064
v -0.5397446 0.0162403 0.0318269
v -0.5399484 0.0140935 0.0332095
v -0.5401563 0.0124251 0.0351423
v -0.5403516 0.0113705 0.0374686
v -0.5081128 0.5485409 0.0378808
v -0.5068968 0.5474048 0.0359332
v -0.5059322 0.5456689 0.0343152
v -0.5052972 0.5434736 0.0331577
v -0.5050432 0.5409970 0.0325545
v -0.5351907 0.0184396 0.0325545
v -0.5357279 0.0160086 0.0331577
v -0.5366112 0.0139009 0.0343152
v -0.5377690 0.0122874 0.0359332
v -0.5391075 0.0112987 0.0378808
v -0.5072411 0.5484906 0.0388608
v -0.5052241 0.5473083 0.0378139
v -0.5035940 0.5455340 0.0369440
v -0.5024829 0.5433113 0.0363218
v -0.5019808 0.5408203 0.0359975
v -0.5321283 0.0182629 0.0359975
v -0.5329136 0.0158462 0.0363218
v -0.5342730 0.0137660 0.0369440
v -0.5360963 0.0121909 0.0378139
v -0.5382359 0.0112484 0.0388608
v 0.5094816 0.5489851 0.0400000
v 0.5120298 0.5487669 0.0398540
v 0.5144135 0.5478385 0.0397197
v 0.5164397 0.5462751 0.0396082
v 0.5179442 0.5442033 0.0395285
v 0.5188051 0.5417909 0.0394869
v 0.5489526 0.0192335 0.0394869
v 0.5483749 0.0167382 0.0395285
v 0.5471186 0.0145071 0.0396082
v 0.5452857 0.0127211 0.0397197
v 0.5430246 0.0115247 0.0398540
v 0.5405184 0.0110149 0.0400000
v 0.5117641 0.5487516 0.0411392
v 0.5139037 0.5478091 0.0421861
v 0.5157270 0.5462340 0.0430560
v 0.5170864 0.5441538 0.0436782
v 0.5178717 0.5417371 0.0440025
v 0.5480192 0.0191797 0.0440025
v 0.5475171 0.0166887 0.0436782
v 0.5464060 0.0144660 0.0430560
v 0.5447759 0.0126917 0.0421861
v 0.5427589 0.0115094 0.0411392
v 0.5108925 0.5487013 0.0421192
v 0.5122310 0.5477126 0.0440668
v 0.5133888 0.5460991 0.0456848
v 0.5142721 0.5439914 0.0468423
v 0.5148093 0.5415604 0.0474455
v 0.5449568 0.0190030 0.0474455
v 0.5447028 0.0165264 0.0468423
v 0.5440678 0.0143311 0.0456848
v 0.5431032 0.0125952 0.0440668
v 0.5418872 0.0114591 0.0421192
v 0.5096484 0.5486295 0.0425314
v 0.5098437 0.5475749 0.0448577
v 0.5100516 0.5459065 0.0467905
v 0.5102554 0.5437597 0.0481731
v 0.5104385 0.5413083 0.0488936
v 0.5405860 0.0187508 0.0488936
v 0.5406861 0.0162946 0.0481731
v 0.5407306 0.0141386 0.0467905
v 0.5407159 0.0124574 0.0448577
v 0.5406432 0.0113873 0.0425314
v 0.5083653 0.5485555 0.0422653
v 0.5073814 0.5474328 0.0443470
v 0.5066097 0.5457080 0.0460766
v 0.5061126 0.5435207 0.0473139
v 0.5059304 0.5410482 0.0479586
v 0.5360780 0.0184908 0.0479586
v 0.5365432 0.0160556 0.0473139
v 0.5372886 0.0139400 0.0460766
v 0.5382536 0.0123154 0.0443470
v 0.5393600 0.0113133 0.0422653
v 0.5073869 0.5484990 0.0413922
v 0.5055039 0.5473245 0.0426715
v 0.5039851 0.5455565 0.0437345
v 0.5029537 0.5433384 0.0444949
v 0.5024930 0.5408499 0.0448912
v 0.5326406 0.0182925 0.0448912
v 0.5333843 0.0158734 0.0444949
v 0.5346641 0.0137886 0.0437345
v 0.5363761 0.0122071 0.0426715
v 0.5383817 0.0112568 0.0413922
v 0.5069754 0.5484753 0.0401460
v 0.5047143 0.5472789 0.0402803
v 0.5028814 0.5454929 0.0403918
v 0.5016251 0.5432618 0.0404715
v 0.5010474 0.5407665 0.0405131
v 0.5311949 0.0182091 0.0405131
v 0.5320558 0.0157967 0.0404715
v 0.5335603 0.0137249 0.0403918
v 0.5355865 0.0121615 0.0402803
v 0.5379702 0.0112331 0.0401460
v 0.5072411 0.5484906 0.0388608
v 0.5052241 0.5473083 0.0378139
v 0.5035940 0.5455340 0.0369440
v 0.5024829 0.5433113 0.0363218
v 0.5019808 0.5408203 0.0359975
v 0.5321283 0.0182629 0.0359975
v 0.5329136 0.0158462 0.0363218
v 0.5342730 0.0137660 0.0369440
v 0.5360963 0.0121909 0.0378139
v 0.5382359 0.0112484 0.0388608
v 0.5081128 0.5485409 0.0378808
v 0.5068968 0.5474048 0.0359332
v 0.5059322 0.5456689 0.0343152
v 0.5052972 0.5434736 0.0331577
v 0.5050432 0.5409970 0.0325545
v 0.5351907 0.0184396 0.0325545
v 0.5357279 0.0160086 0.0331577
v 0.5366112 0.0139009 0.0343152
v 0.5377690 0.0122874 0.0359332
v 0.5391075 0.0112987 0.0378808
v 0.5093568 0.5486127 0.0374686
v 0.5092841 0.5475426 0.0351423
v 0.5092694 0.5458614 0.0332095
v 0.5093139 0.5437054 0.0318269
v 0.5094140 0.5412492 0.0311064
v 0.5395615 0.0186917 0.0311064
v 0.5397446 0.0162403 0.0318269
v 0.5399484 0.0140935 0.0332095
v 0.5401563 0.0124251 0.0351423
v 0.5403516 0.0113705 0.0374686
v 0.5106400 0.5486867 0.0377347
v 0.5117464 0.5476846 0.0356530
v 0.5127114 0.5460600 0.0339234
v 0.5134568 0.5439444 0.0326861
v 0.5139220 0.5415092 0.0320414
v 0.5440696 0.0189518 0.0320414
v 0.5438874 0.0164793 0.0326861
v 0.5433903 0.0142920 0.0339234
v 0.5426186 0.0125672 0.0356530
v 0.5416347 0.0114445 0.0377347
v 0.5116183 0.5487432 0.0386078
v 0.5136239 0.5477929 0.0373285
v 0.5153359 0.5462114 0.0362655
v 0.5166157 0.5441266 0.0355051
v 0.5173594 0.5417075 0.0351088
v 0.5475070 0.0191501 0.0351088
v 0.5470463 0.0166616 0.0355051
v 0.5460149 0.0144435 0.0362655
v 0.5444961 0.0126755 0.0373285
v 0.5426131 0.0115010 0.0386078
v -0.4881374 0.5488051 -0.0000000
v -0.4857858 0.5479351 0.0005248
v -0.4837757 0.5464222 0.0010070
v -0.4822698 0.5443889 0.0014077
v -0.4813902 0.5420002 0.0016943
v -0.4812081 0.5394494 0.0018437
v -0.5917382 0.0169431 0.0018437
v -0.5929377 0.0146846 0.0016943
v -0.5947093 0.0128567 0.0014077
v -0.5969096 0.0116074 0.0010070
v -0.5993602 0.0110381 0.0005248
v -0.6018626 0.0111949 0.0000000
v -0.4863677 0.5480582 0.0016948
v -0.4848923 0.5466583 0.0032523
v -0.4838307 0.5447191 0.0045463
v -0.4832688 0.5423976 0.0054720
v -0.4832523 0.5398818 0.0059544
v -0.5937825 0.0173756 0.0059544
v -0.5948164 0.0150820 0.0054720
v -0.5962702 0.0131868 0.0045463
v -0.5980262 0.0118436 0.0032523
v -0.5999420 0.0111612 0.0016948
v -0.4874439 0.5482858 0.0024107
v -0.4869576 0.5470952 0.0046262
v -0.4867177 0.5453298 0.0064668
v -0.4867438 0.5431327 0.0077835
v -0.4870336 0.5406817 0.0084697
v -0.5975638 0.0181755 0.0084697
v -0.5982913 0.0158171 0.0077835
v -0.5991572 0.0137976 0.0064668
v -0.6000915 0.0122805 0.0046262
v -0.6010183 0.0113889 0.0024107
v -0.4887262 0.5485571 0.0024807
v -0.4894183 0.5476158 0.0047604
v -0.4901574 0.5460575 0.0066545
v -0.4908839 0.5440084 0.0080094
v -0.4915387 0.5416347 0.0087155
v -0.6020688 0.0191285 0.0087155
v -0.6024314 0.0166929 0.0080094
v -0.6025970 0.0145252 0.0066545
v -0.6025522 0.0128010 0.0047604
v -0.6023006 0.0116601 0.0024807
v -0.4898709 0.5487992 0.0018860
v -0.4916150 0.5480805 0.0036191
v -0.4932281 0.5467070 0.0050591
v -0.4945798 0.5447903 0.0060892
v -0.4955604 0.5424854 0.0066260
v -0.6060906 0.0199792 0.0066260
v -0.6061273 0.0174747 0.0060892
v -0.6056677 0.0151748 0.0050591
v -0.6047488 0.0132657 0.0036191
v -0.6034453 0.0119023 0.0018860
v -0.4905714 0.5489474 0.0007859
v -0.4929591 0.5483648 0.0015081
v -0.4951070 0.5471045 0.0021082
v -0.4968413 0.5452687 0.0025374
v -0.4980212 0.5430060 0.0027611
v -0.6085514 0.0204998 0.0027611
v -0.6083888 0.0179531 0.0025374
v -0.6075465 0.0155722 0.0021082
v -0.6060929 0.0135501 0.0015081
v -0.6041457 0.0120504 0.0007859
v -0.4906398 0.5489619 -0.0005248
v -0.4930904 0.5483926 -0.0010070
v -0.4952907 0.5471433 -0.0014077
v -0.4970623 0.5453154 -0.0016943
v -0.4982618 0.5430569 -0.0018437
v -0.6087919 0.0205506 -0.0018437
v -0.6086098 0.0179998 -0.0016943
v -0.6077302 0.0156111 -0.0014077
v -0.6062243 0.0135778 -0.0010070
v -0.6042142 0.0120649 -0.0005248
v -0.4900580 0.5488388 -0.0016948
v -0.4919738 0.5481564 -0.0032523
v -0.4937298 0.5468132 -0.0045463
v -0.4951836 0.5449180 -0.0054720
v -0.4962175 0.5426244 -0.0059544
v -0.6067477 0.0201182 -0.0059544
v -0.6067312 0.0176024 -0.0054720
v -0.6061693 0.0152809 -0.0045463
v -0.6051077 0.0133417 -0.0032523
v -0.6036323 0.0119418 -0.0016948
v -0.4889817 0.5486111 -0.0024107
v -0.4899085 0.5477195 -0.0046262
v -0.4908428 0.5462024 -0.0064668
v -0.4917087 0.5441829 -0.0077835
v -0.4924362 0.5418245 -0.0084697
v -0.6029664 0.0193183 -0.0084697
v -0.6032562 0.0168673 -0.0077835
v -0.6032823 0.0146702 -0.0064668
v -0.6030424 0.0129048 -0.0046262
v -0.6025561 0.0117142 -0.0024107
v -0.4876994 0.5483399 -0.0024807
v -0.4874478 0.5471990 -0.0047604
v -0.4874030 0.5454748 -0.0066545
v -0.4875686 0.5433071 -0.0080094
v -0.4879312 0.5408715 -0.0087155
v -0.5984613 0.0183653 -0.0087155
v -0.5991161 0.0159916 -0.0080094
v -0.5998426 0.0139425 -0.0066545
v -0.6005817 0.0123842 -0.0047604
v -0.6012738 0.0114429 -0.0024807
v -0.4865547 0.5480977 -0.0018860
v -0.4852512 0.5467343 -0.0036191
v -0.4843323 0.5448252 -0.0050591
v -0.4838727 0.5425253 -0.0060892
v -0.4839094 0.5400208 -0.0066260
v -0.5944396 0.0175146 -0.0066260
v -0.5954202 0.0152097 -0.0060892
v -0.5967719 0.0132930 -0.0050591
v -0.5983850 0.0119195 -0.0036191
v -0.6001291 0.0112008 -0.0018860
v -0.4858543 0.5479496 -0.0007859
v -0.4839071 0.5464499 -0.0015081
v -0.4824535 0.5444278 -0.0021082
v -0.4816112 0.5420469 -0.0025374
v -0.4814486 0.5395002 -0.0027611
v -0.5919788 0.0169940 -0.0027611
v -0.5931587 0.0147313 -0.0025374
v -0.5948930 0.0128955 -0.0021082
v -0.5970409 0.0116352 -0.0015081
v -0.5994286 0.0110526 -0.0007859
v 0.4881374 0.5488051 -0.0000000
v 0.4906398 0.5489619 -0.0005248
v 0.4930904 0.5483926 -0.0010070
v 0.4952907 0.5471433 -0.0014077
v 0.4970623 0.5453154 -0.0016943
v 0.4982618 0.5430569 -0.0018437
v 0.6087919 0.0205506 -0.0018437
v 0.6086098 0.0179998 -0.0016943
v 0.6077302 0.0156111 -0.0014077
v 0.6062243 0.0135778 -0.0010070
v 0.6042142 0.0120649 -0.0005248
v 0.6018626 0.0111949 0.0000000
v 0.4905714 0.5489474 0.0007859
v 0.4929591 0.5483648 0.0015081
v 0.4951070 0.5471045 0.0021082
v 0.4968413 0.5452687 0.0025374
v 0.4980212 0.5430060 0.0027611
v 0.6085514 0.0204998 0.0027611
v 0.6083888 0.0179531 0.0025374
v 0.6075465 0.0155722 0.0021082
v 0.6060929 0.0135501 0.0015081
v 0.6041457 0.0120504 0.0007859
v 0.4898709 0.5487992 0.0018860
v 0.4916150 0.5480805 0.0036191
v 0.4932281 0.5467070 0.0050591
v 0.4945798 0.5447903 0.0060892
v 0.4955604 0.5424854 0.0066260
v 0.6060906 0.0199792 0.0066260
v 0.6061273 0.0174747 0.0060892
v 0.6056677 0.0151748 0.0050591
v 0.6047488 0.0132657 0.0036191
v 0.6034453 0.0119023 0.0018860
v 0.4887262 0.5485571 0.0024807
v 0.4894183 0.5476158 0.0047604
v 0.4901574 0.5460575 0.0066545
v 0.4908839 0.5440084 0.0080094
v 0.4915387 0.5416347 0.0087155
v 0.6020688 0.0191285 0.0087155
v 0.6024314 0.0166929 0.0080094
v 0.6025970 0.0145252 0.0066545
v 0.6025522 0.0128010 0.0047604
v 0.6023006 0.0116601 0.0024807
v 0.4874439 0.5482858 0.0024107
v 0.4869576 0.5470952 0.0046262
v 0.4867177 0.5453298 0.0064668
v 0.4867438 0.5431327 0.0077835
v 0.4870336 0.5406817 0.0084697
v 0.5975638 0.0181755 0.0084697
v 0.5982913 0.0158171 0.0077835
v 0.5991572 0.0137976 0.0064668
v 0.6000915 0.0122805 0.0046262
v 0.6010183 0.0113889 0.0024107
v 0.4863677 0.5480582 0.0016948
v 0.4848923 0.5466583 0.0032523
v 0.4838307 0.5447191 0.0045463
v 0.4832688 0.5423976 0.0054720
v 0.4832523 0.5398818 0.0059544
v 0.5937825 0.0173756 0.0059544
v 0.5948164 0.0150820 0.0054720
v 0.5962702 0.0131868 0.0045463
v 0.5980262 0.0118436 0.0032523
v 0.5999420 0.0111612 0.0016948
v 0.4857858 0.5479351 0.0005248
v 0.4837757 0.5464222 0.0010070
v 0.4822698 0.5443889 0.0014077
v 0.4813902 0.5420002 0.0016943
v 0.4812081 0.5394494 0.0018437
v 0.5917382 0.0169431 0.0018437
v 0.5929377 0.0146846 0.0016943
v 0.5947093 0.0128567 0.0014077
v 0.5969096 0.0116074 0.0010070
v 0.5993602 0.0110381 0.0005248
v 0.4858543 0.5479496 -0.0007859
v 0.4839071 0.5464499 -0.0015081
v 0.4824535 0.5444278 -0.0021082
v 0.4816112 0.5420469 -0.0025374
v 0.4814486 0.5395002 -0.0027611
v 0.5919788 0.0169940 -0.0027611
v 0.5931587 0.0147313 -0.0025374
v 0.5948930 0.0128955 -0.0021082
v 0.5970409 0.0116352 -0.0015081
v 0.5994286 0.0110526 -0.0007859
v 0.4865547 0.5480977 -0.0018860
v 0.4852512 0.5467343 -0.0036191
v 0.4843323 0.5448252 -0.0050591
v 0.4838727 0.5425253 -0.0060892
v 0.4839094 0.5400208 -0.0066260
v 0.5944396 0.0175146 -0.0066260
v 0.5954202 0.0152097 -0.0060892
v 0.5967719 0.0132930 -0.0050591
v 0.5983850 0.0119195 -0.0036191
v 0.6001291 0.0112008 -0.0018860
v 0.4876994 0.5483399 -0.0024807
v 0.4874478 0.5471990 -0.0047604
v 0.4874030 0.5454748 -0.0066545
v 0.4875686 0.5433071 -0.0080094
v 0.4879312 0.5408715 -0.0087155
v 0.5984613 0.0183653 -0.0087155
v 0.5991161 0.0159916 -0.0080094
v 0.5998426 0.0139425 -0.0066545
v 0.6005817 0.0123842 -0.0047604
v 0.6012738 0.0114429 -0.0024807
v 0.4889817 0.5486111 -0.0024107
v 0.4899085 0.5477195 -0.0046262
v 0.4908428 0.5462024 -0.0064668
v 0.4917087 0.5441829 -0.0077835
v 0.4924362 0.5418245 -0.0084697
v 0.6029664 0.0193183 -0.0084697
v 0.6032562 0.0168673 -0.0077835
v 0.6032823 0.0146702 -0.0064668
v 0.6030424 0.0129048 -0.0046262
v 0.6025561 0.0117142 -0.0024107
v 0.4900580 0.5488388 -0.0016948
v 0.4919738 0.5481564 -0.0032523
v 0.4937298 0.5468132 -0.0045463
v 0.4951836 0.5449180 -0.0054720
v 0.4962175 0.5426244 -0.0059544
v 0.6067477 0.0201182 -0.0059544
v 0.6067312 0.0176024 -0.0054720
v 0.6061693 0.0152809 -0.0045463
v 0.6051077 0.0133417 -0.0032523
v 0.6036323 0.0119418 -0.0016948
v -0.1086406 -0.4660662 0.0350000
v -0.1047886 -0.4670118 0.0353830
v -0.1013588 -0.4690096 0.0357349
v -0.0986290 -0.4718978 0.0360274
v -0.0968205 -0.4754424 0.0362366
v -0.0960797 -0.4793562 0.0363456
v -0.1764666 -1.3033222 0.0363456
v -0.1779499 -1.3070190 0.0362366
v -0.1804095 -1.3101472 0.0360274
v -0.1836460 -1.3124534 0.0357349
v -0.1873973 -1.3137506 0.0353830
v -0.1913594 -1.3139338 0.0350000
v -0.1055026 -0.4669421 0.0372945
v -0.1027290 -0.4688759 0.0394031
v -0.1005445 -0.4717109 0.0411550
v -0.0991259 -0.4752175 0.0424082
v -0.0985883 -0.4791115 0.0430613
v -0.1789753 -1.3030775 0.0430613
v -0.1802554 -1.3067941 0.0424082
v -0.1823249 -1.3099604 0.0411550
v -0.1850162 -1.3123197 0.0394031
v -0.1881113 -1.3136809 0.0372945
v -0.1070722 -0.4667890 0.0385912
v -0.1057411 -0.4685820 0.0418914
v -0.1047549 -0.4713001 0.0446334
v -0.1041937 -0.4747230 0.0465949
v -0.1041029 -0.4785735 0.0476170
v -0.1844898 -1.3025394 0.0476170
v -0.1853232 -1.3062997 0.0465949
v -0.1865354 -1.3095496 0.0446334
v -0.1880283 -1.3120258 0.0418914
v -0.1896809 -1.3135278 0.0385912
v -0.1090768 -0.4665934 0.0389256
v -0.1095879 -0.4682067 0.0425332
v -0.1101323 -0.4707755 0.0455305
v -0.1106660 -0.4740916 0.0476747
v -0.1111457 -0.4778864 0.0487920
v -0.1915327 -1.3018523 0.0487920
v -0.1917954 -1.3056683 0.0476747
v -0.1919127 -1.3090250 0.0455305
v -0.1918751 -1.3116505 0.0425332
v -0.1916855 -1.3133322 0.0389256
v -0.1109793 -0.4664078 0.0382082
v -0.1132387 -0.4678506 0.0411565
v -0.1152357 -0.4702776 0.0436060
v -0.1168085 -0.4734923 0.0453583
v -0.1178297 -0.4772343 0.0462715
v -0.1982167 -1.3012002 0.0462715
v -0.1979379 -1.3050690 0.0453583
v -0.1970161 -1.3085271 0.0436060
v -0.1955259 -1.3112944 0.0411565
v -0.1935880 -1.3131466 0.0382082
v -0.1122699 -0.4662819 0.0366311
v -0.1157153 -0.4676089 0.0381301
v -0.1186976 -0.4699399 0.0393755
v -0.1209754 -0.4730858 0.0402664
v -0.1223639 -0.4767919 0.0407307
v -0.2027509 -1.3007579 0.0407307
v -0.2021048 -1.3046625 0.0402664
v -0.2004781 -1.3081893 0.0393755
v -0.1980025 -1.3110527 0.0381301
v -0.1948785 -1.3130207 0.0366311
v -0.1126027 -0.4662494 0.0346170
v -0.1163540 -0.4675466 0.0342651
v -0.1195905 -0.4698528 0.0339726
v -0.1220501 -0.4729810 0.0337634
v -0.1235334 -0.4766778 0.0336544
v -0.2039203 -1.3006438 0.0336544
v -0.2031795 -1.3045576 0.0337634
v -0.2013710 -1.3081022 0.0339726
v -0.1986412 -1.3109904 0.0342651
v -0.1952114 -1.3129882 0.0346170
v -0.1118887 -0.4663191 0.0327055
v -0.1149838 -0.4676803 0.0305969
v -0.1176751 -0.4700396 0.0288450
v -0.1197446 -0.4732059 0.0275918
v -0.1210247 -0.4769225 0.0269387
v -0.2014117 -1.3008885 0.0269387
v -0.2008741 -1.3047825 0.0275918
v -0.1994555 -1.3082891 0.0288450
v -0.1972710 -1.3111241 0.0305969
v -0.1944974 -1.3130579 0.0327055
v -0.1103191 -0.4664722 0.0314088
v -0.1119717 -0.4679742 0.0281086
v -0.1134646 -0.4704504 0.0253666
v -0.1146768 -0.4737003 0.0234051
v -0.1155102 -0.4774606 0.0223830
v -0.1958971 -1.3014265 0.0223830
v -0.1958063 -1.3052770 0.0234051
v -0.1952451 -1.3086999 0.0253666
v -0.1942589 -1.3114180 0.0281086
v -0.1929278 -1.3132110 0.0314088
v -0.1083145 -0.4666678 0.0310744
v -0.1081249 -0.4683495 0.0274668
v -0.1080873 -0.4709750 0.0244695
v -0.1082046 -0.4743317 0.0223253
v -0.1084673 -0.4781477 0.0212080
v -0.1888543 -1.3021136 0.0212080
v -0.1893340 -1.3059084 0.0223253
v -0.1898677 -1.3092245 0.0244695
v -0.1904121 -1.3117933 0.0274668
v -0.1909232 -1.3134066 0.0310744
v -0.1064120 -0.4668534 0.0317918
v -0.1044741 -0.4687056 0.0288435
v -0.1029839 -0.4714729 0.0263940
v -0.1020621 -0.4749310 0.0246417
v -0.1017833 -0.4787998 0.0237285
v -0.1821703 -1.3027657 0.0237285
v -0.1831915 -1.3065077 0.0246417
v -0.1847643 -1.3097224 0.0263940
v -0.1867613 -1.3121494 0.0288435
v -0.1890207 -1.3135922 0.0317918
v -0.1051215 -0.4669793 0.0333689
v -0.1019975 -0.4689473 0.0318699
v -0.0995219 -0.4718107 0.0306245
v -0.0978952 -0.4753375 0.0297336
v -0.0972491 -0.4792421 0.0292693
v -0.1776361 -1.3032081 0.0292693
v -0.1790246 -1.3069142 0.0297336
v -0.1813024 -1.3100601 0.0306245
v -0.1842847 -1.3123911 0.0318699
v -0.1877301 -1.3137181 0.0333689
v 0.1086406 -0.4660662 0.0350000
v 0.1126027 -0.4662494 0.0346170
v 0.1163540 -0.4675466 0.0342651
v 0.1195905 -0.4698528 0.0339726
v 0.1220501 -0.4729810 0.0337634
v 0.1235334 -0.4766778 0.0336544
v 0.2039203 -1.3006438 0.0336544
v 0.2031795 -1.3045576 0.0337634
v 0.2013710 -1.3081022 0.0339726
v 0.1986412 -1.3109904 0.0342651
v 0.1952114 -1.3129882 0.0346170
v 0.1913594 -1.3139338 0.0350000
v 0.1122699 -0.4662819 0.0366311
v 0.1157153 -0.4676089 0.0381301
v 0.1186976 -0.4699399 0.0393755
v 0.1209754 -0.4730858 0.0402664
v 0.1223639 -0.4767919 0.0407307
v 0.2027509 -1.3007579 0.0407307
v 0.2021048 -1.3046625 0.0402664
v 0.2004781 -1.3081893 0.0393755
v 0.1980025 -1.3110527 0.0381301
v 0.1948785 -1.3130207 0.0366311
v 0.1109793 -0.4664078 0.0382082
v 0.1132387 -0.4678506 0.0411565
v 0.1152357 -0.4702776 0.0436060
v 0.1168085 -0.4734923 0.0453583
v 0.1178297 -0.4772343 0.0462715
v 0.1982167 -1.3012002 0.0462715
v 0.1979379 -1.3050690 0.0453583
v 0.1970161 -1.3085271 0.0436060
v 0.1955259 -1.3112944 0.0411565
v 0.1935880 -1.3131466 0.0382082
v 0.1090768 -0.4665934 0.0389256
v 0.1095879 -0.4682067 0.0425332
v 0.1101323 -0.4707755 0.0455305
v 0.1106660 -0.4740916 0.0476747
v 0.1111457 -0.4778864 0.0487920
v 0.1915327 -1.3018523 0.0487920
v 0.1917954 -1.3056683 0.0476747
v 0.1919127 -1.3090250 0.0455305
v 0.1918751 -1.3116505 0.0425332
v 0.1916855 -1.3133322 0.0389256
v 0.1070722 -0.4667890 0.0385912
v 0.1057411 -0.4685820 0.0418914
v 0.1047549 -0.4713001 0.0446334
v 0.1041937 -0.4747230 0.0465949
v 0.1041029 -0.4785735 0.0476170
v 0.1844898 -1.3025394 0.0476170
v 0.1853232 -1.3062997 0.0465949
v 0.1865354 -1.3095496 0.0446334
v 0.1880283 -1.3120258 0.0418914
v 0.1896809 -1.3135278 0.0385912
v 0.1055026 -0.4669421 0.0372945
v 0.1027290 -0.4688759 0.0394031
v 0.1005445 -0.4717109 0.0411550
v 0.0991259 -0.4752175 0.0424082
v 0.0985883 -0.4791115 0.0430613
v 0.1789753 -1.3030775 0.0430613
v 0.1802554 -1.3067941 0.0424082
v 0.1823249 -1.3099604 0.0411550
v 0.1850162 -1.3123197 0.0394031
v 0.1881113 -1.3136809 0.0372945
v 0.1047886 -0.4670118 0.0353830
v 0.1013588 -0.4690096 0.0357349
v 0.0986290 -0.4718978 0.0360274
v 0.0968205 -0.4754424 0.0362366
v 0.0960797 -0.4793562 0.0363456
v 0.1764666 -1.3033222 0.0363456
v 0.1779499 -1.3070190 0.0362366
v 0.1804095 -1.3101472 0.0360274
v 0.1836460 -1.3124534 0.0357349
v 0.1873973 -1.3137506 0.0353830
v 0.1051215 -0.4669793 0.0333689
v 0.1019975 -0.4689473 0.0318699
v 0.0995219 -0.4718107 0.0306245
v 0.0978952 -0.4753375 0.0297336
v 0.0972491 -0.4792421 0.0292693
v 0.1776361 -1.3032081 0.0292693
v 0.1790246 -1.3069142 0.0297336
v 0.1813024 -1.3100601 0.0306245
v 0.1842847 -1.3123911 0.0318699
v 0.1877301 -1.3137181 0.0333689
v 0.1064120 -0.4668534 0.0317918
v 0.1044741 -0.4687056 0.0288435
v 0.1029839 -0.4714729 0.0263940
v 0.1020621 -0.4749310 0.0246417
v 0.1017833 -0.4787998 0.0237285
v 0.1821703 -1.3027657 0.0237285
v 0.1831915 -1.3065077 0.0246417
v 0.1847643 -1.3097224 0.0263940
v 0.1867613 -1.3121494 0.0288435
v 0.1890207 -1.3135922 0.0317918
v 0.1083145 -0.4666678 0.0310744
v 0.1081249 -0.4683495 0.0274668
v 0.1080873 -0.4709750 0.0244695
v 0.1082046 -0.4743317 0.0223253
v 0.1084673 -0.4781477 0.0212080
v 0.1888543 -1.3021136 0.0212080
v 0.1893340 -1.3059084 0.0223253
v 0.1898677 -1.3092245 0.0244695
v 0.1904121 -1.3117933 0.0274668
v 0.1909232 -1.3134066 0.0310744
v 0.1103191 -0.4664722 0.0314088
v 0.1119717 -0.4679742 0.0281086
v 0.1134646 -0.4704504 0.0253666
v 0.1146768 -0.4737003 0.0234051
v 0.1155102 -0.4774606 0.0223830
v 0.1958971 -1.3014265 0.0223830
v 0.1958063 -1.3052770 0.0234051
v 0.1952451 -1.3086999 0.0253666
v 0.1942589 -1.3114180 0.0281086
v 0.1929278 -1.3132110 0.0314088
v 0.1118887 -0.4663191 0.0327055
v 0.1149838 -0.4676803 0.0305969
v 0.1176751 -0.4700396 0.0288450
v 0.1197446 -0.4732059 0.0275918
v 0.1210247 -0.4769225 0.0269387
v 0.2014117 -1.3008885 0.0269387
v 0.2008741 -1.3047825 0.0275918
v 0.1994555 -1.3082891 0.0288450
v 0.1972710 -1.3111241 0.0305969
v 0.1944974 -1.3130579 0.0327055
v -0.1900000 -1.2690000 -0.0300000
v -0.1869009 -1.2694456 -0.0300000
v -0.1840530 -1.2707462 -0.0300000
v -0.1816868 -1.2727965 -0.0300000
v -0.1799940 -1.2754304 -0.0300000
v -0.1791120 -1.2784345 -0.0300000
v -0.1791120 -1.4715655 -0.0300000
v -0.1799940 -1.4745696 -0.0300000
v -0.1816868 -1.4772035 -0.0300000
v -0.1840530 -1.4792538 -0.0300000
v -0.1869009 -1.4805544 -0.0300000
v -0.1900000 -1.4810000 -0.0300000
v -0.1873161 -1.2694456 -0.0284505
v -0.1848497 -1.2707462 -0.0270265
v -0.1828005 -1.2727965 -0.0258434
v -0.1813346 -1.2754304 -0.0249970
v -0.1805707 -1.2784345 -0.0245560
v -0.1805707 -1.4715655 -0.0245560
v -0.1813346 -1.4745696 -0.0249970
v -0.1828005 -1.4772035 -0.0258434
v -0.1848497 -1.4792538 -0.0270265
v -0.1873161 -1.4805544 -0.0284505
v -0.1884505 -1.2694456 -0.0273161
v -0.1870265 -1.2707462 -0.0248497
v -0.1858434 -1.2727965 -0.0228005
v -0.1849970 -1.2754304 -0.0213346
v -0.1845560 -1.2784345 -0.0205707
v -0.1845560 -1.4715655 -0.0205707
v -0.1849970 -1.4745696 -0.0213346
v -0.1858434 -1.4772035 -0.0228005
v -0.1870265 -1.4792538 -0.0248497
v -0.1884505 -1.4805544 -0.0273161
v -0.1900000 -1.2694456 -0.0269009
v -0.1900000 -1.2707462 -0.0240530
v -0.1900000 -1.2727965 -0.0216868
v -0.1900000 -1.2754304 -0.0199940
v -0.1900000 -1.2784345 -0.0191120
v -0.1900000 -1.4715655 -0.0191120
v -0.1900000 -1.4745696 -0.0199940
v -0.1900000 -1.4772035 -0.0216868
v -0.1900000 -1.4792538 -0.0240530
v -0.1900000 -1.4805544 -0.0269009
v -0.1915495 -1.2694456 -0.0273161
v -0.1929735 -1.2707462 -0.0248497
v -0.1941566 -1.2727965 -0.0228005
v -0.1950030 -1.2754304 -0.0213346
v -0.1954440 -1.2784345 -0.0205707
v -0.1954440 -1.4715655 -0.0205707
v -0.1950030 -1.4745696 -0.0213346
v -0.1941566 -1.4772035 -0.0228005
v -0.1929735 -1.4792538 -0.0248497
v -0.1915495 -1.4805544 -0.0273161
v -0.1926839 -1.2694456 -0.0284505
v -0.1951503 -1.2707462 -0.0270265
v -0.1971995 -1.2727965 -0.0258434
v -0.1986654 -1.2754304 -0.0249970
v -0.1994293 -1.2784345 -0.0245560
v -0.1994293 -1.4715655 -0.0245560
v -0.1986654 -1.4745696 -0.0249970
v -0.1971995 -1.4772035 -0.0258434
v -0.1951503 -1.4792538 -0.0270265
v -0.1926839 -1.4805544 -0.0284505
v -0.1930991 -1.2694456 -0.0300000
v -0.1959470 -1.2707462 -0.0300000
v -0.1983132 -1.2727965 -0.0300000
v -0.2000060 -1.2754304 -0.0300000
v -0.2008880 -1.2784345 -0.0300000
v -0.2008880 -1.4715655 -0.0300000
v -0.2000060 -1.4745696 -0.0300000
v -0.1983132 -1.4772035 -0.0300000
v -0.1959470 -1.4792538 -0.0300000
v -0.1930991 -1.4805544 -0.0300000
v -0.1926839 -1.2694456 -0.0315495
v -0.1951503 -1.2707462 -0.0329735
v -0.1971995 -1.2727965 -0.0341566
v -0.1986654 -1.2754304 -0.0350030
v -0.1994293 -1.2784345 -0.0354440
v -0.1994293 -1.4715655 -0.0354440
v -0.1986654 -1.4745696 -0.0350030
v -0.1971995 -1.4772035 -0.0341566
v -0.1951503 -1.4792538 -0.0329735
v -0.1926839 -1.4805544 -0.0315495
v -0.1915495 -1.2694456 -0.0326839
v -0.1929735 -1.2707462 -0.0351503
v -0.1941566 -1.2727965 -0.0371995
v -0.1950030 -1.2754304 -0.0386654
v -0.1954440 -1.2784345 -0.0394293
v -0.1954440 -1.4715655 -0.0394293
v -0.1950030 -1.4745696 -0.0386654
v -0.1941566 -1.4772035 -0.0371995
v -0.1929735 -1.4792538 -0.0351503
v -0.1915495 -1.4805544 -0.0326839
v -0.1900000 -1.2694456 -0.0330991
v -0.1900000 -1.2707462 -0.0359470
v -0.1900000 -1.2727965 -0.0383132
v -0.1900000 -1.2754304 -0.0400060
v -0.1900000 -1.2784345 -0.0408880
v -0.1900000 -1.4715655 -0.0408880
v -0.1900000 -1.4745696 -0.0400060
v -0.1900000 -1.4772035 -0.0383132
v -0.1900000 -1.4792538 -0.0359470
v -0.1900000 -1.4805544 -0.0330991
v -0.1884505 -1.2694456 -0.0326839
v -0.1870265 -1.2707462 -0.0351503
v -0.1858434 -1.2727965 -0.0371995
v -0.1849970 -1.2754304 -0.0386654
v -0.1845560 -1.2784345 -0.0394293
v -0.1845560 -1.4715655 -0.0394293
v -0.1849970 -1.4745696 -0.0386654
v -0.1858434 -1.4772035 -0.0371995
v -0.1870265 -1.4792538 -0.0351503
v -0.1884505 -1.4805544 -0.0326839
v -0.1873161 -1.2694456 -0.0315495
v -0.1848497 -1.2707462 -0.0329735
v -0.1828005 -1.2727965 -0.0341566
v -0.1813346 -1.2754304 -0.0350030
v -0.1805707 -1.2784345 -0.0354440
v -0.1805707 -1.4715655 -0.0354440
v -0.1813346 -1.4745696 -0.0350030
v -0.1828005 -1.4772035 -0.0341566
v -0.1848497 -1.4792538 -0.0329735
v -0.1873161 -1.4805544 -0.0315495
v 0.1900000 -1.2690000 -0.0300000
v 0.1930991 -1.2694456 -0.0300000
v 0.1959470 -1.2707462 -0.0300000
v 0.1983132 -1.2727965 -0.0300000
v 0.2000060 -1.2754304 -0.0300000
v 0.2008880 -1.2784345 -0.0300000
v 0.2008880 -1.4715655 -0.0300000
v 0.2000060 -1.4745696 -0.0300000
v 0.1983132 -1.4772035 -0.0300000
v 0.1959470 -1.4792538 -0.0300000
v 0.1930991 -1.4805544 -0.0300000
v 0.1900000 -1.4810000 -0.0300000
v 0.1926839 -1.2694456 -0.0284505
v 0.1951503 -1.2707462 -0.0270265
v 0.1971995 -1.2727965 -0.0258434
v 0.1986654 -1.2754304 -0.0249970
v 0.1994293 -1.2784345 -0.0245560
v 0.1994293 -1.4715655 -0.0245560
v 0.1986654 -1.4745696 -0.0249970
v 0.1971995 -1.4772035 -0.0258434
v 0.1951503 -1.4792538 -0.0270265
v 0.1926839 -1.4805544 -0.0284505
v 0.1915495 -1.2694456 -0.0273161
v 0.1929735 -1.2707462 -0.0248497
v 0.1941566 -1.2727965 -0.0228005
v 0.1950030 -1.2754304 -0.0213346
v 0.1954440 -1.2784345 -0.0205707
v 0.1954440 -1.4715655 -0.0205707
v 0.1950030 -1.4745696 -0.0213346
v 0.1941566 -1.4772035 -0.0228005
v 0.1929735 -1.4792538 -0.0248497
v 0.1915495 -1.4805544 -0.0273161
v 0.1900000 -1.2694456 -0.0269009
v 0.1900000 -1.2707462 -0.0240530
v 0.1900000 -1.2727965 -0.0216868
v 0.1900000 -1.2754304 -0.0199940
v 0.1900000 -1.2784345 -0.0191120
v 0.1900000 -1.4715655 -0.0191120
v 0.1900000 -1.4745696 -0.0199940
v 0.1900000 -1.4772035 -0.0216868
v 0.1900000 -1.4792538 -0.0240530
v 0.1900000 -1.4805544 -0.0269009
v 0.1884505 -1.2694456 -0.0273161
v 0.1870265 -1.2707462 -0.0248497
v 0.1858434 -1.2727965 -0.0228005
v 0.1849970 -1.2754304 -0.0213346
v 0.1845560 -1.2784345 -0.0205707
v 0.1845560 -1.4715655 -0.0205707
v 0.1849970 -1.4745696 -0.0213346
v 0.1858434 -1.4772035 -0.0228005
v 0.1870265 -1.4792538 -0.0248497
v 0.1884505 -1.4805544 -0.0273161
v 0.1873161 -1.2694456 -0.0284505
v 0.1848497 -1.2707462 -0.0270265
v 0.1828005 -1.2727965 -0.0258434
v 0.1813346 -1.2754304 -0.0249970
v 0.1805707 -1.2784345 -0.0245560
v 0.1805707 -1.4715655 -0.0245560
v 0.1813346 -1.4745696 -0.0249970
v 0.1828005 -1.4772035 -0.0258434
v 0.1848497 -1.4792538 -0.0270265
v 0.1873161 -1.4805544 -0.0284505
v 0.1869009 -1.2694456 -0.0300000
v 0.1840530 -1.2707462 -0.0300000
v 0.1816868 -1.2727965 -0.0300000
v 0.1799940 -1.2754304 -0.0300000
v 0.1791120 -1.2784345 -0.0300000
v 0.1791120 -1.4715655 -0.0300000
v 0.1799940 -1.4745696 -0.0300000
v 0.1816868 -1.4772035 -0.0300000
v 0.1840530 -1.4792538 -0.0300000
v 0.1869009 -1.4805544 -0.0300000
v 0.1873161 -1.2694456 -0.0315495
v 0.1848497 -1.2707462 -0.0329735
v 0.1828005 -1.2727965 -0.0341566
v 0.1813346 -1.2754304 -0.0350030
v 0.1805707 -1.2784345 -0.0354440
v 0.1805707 -1.4715655 -0.0354440
v 0.1813346 -1.4745696 -0.0350030
v 0.1828005 -1.4772035 -0.0341566
v 0.1848497 -1.4792538 -0.0329735
v 0.1873161 -1.4805544 -0.0315495
v 0.1884505 -1.2694456 -0.0326839
v 0.1870265 -1.2707462 -0.0351503
v 0.1858434 -1.2727965 -0.0371995
v 0.1849970 -1.2754304 -0.0386654
v 0.1845560 -1.2784345 -0.0394293
v 0.1845560 -1.4715655 -0.0394293
v 0.1849970 -1.4745696 -0.0386654
v 0.1858434 -1.4772035 -0.0371995
v 0.1870265 -1.4792538 -0.0351503
v 0.1884505 -1.4805544 -0.0326839
v 0.1900000 -1.2694456 -0.0330991
v 0.1900000 -1.2707462 -0.0359470
v 0.1900000 -1.2727965 -0.0383132
v 0.1900000 -1.2754304 -0.0400060
v 0.1900000 -1.2784345 -0.0408880
v 0.1900000 -1.4715655 -0.0408880
v 0.1900000 -1.4745696 -0.0400060
v 0.1900000 -1.4772035 -0.0383132
v 0.1900000 -1.4792538 -0.0359470
v 0.1900000 -1.4805544 -0.0330991
v 0.1915495 -1.2694456 -0.0326839
v 0.1929735 -1.2707462 -0.0351503
v 0.1941566 -1.2727965 -0.0371995
v 0.1950030 -1.2754304 -0.0386654
v 0.1954440 -1.2784345 -0.0394293
v 0.1954440 -1.4715655 -0.0394293
v 0.1950030 -1.4745696 -0.0386654
v 0.1941566 -1.4772035 -0.0371995
v 0.1929735 -1.4792538 -0.0351503
v 0.1915495 -1.4805544 -0.0326839
v 0.1926839 -1.2694456 -0.0315495
v 0.1951503 -1.2707462 -0.0329735
v 0.1971995 -1.2727965 -0.0341566
v 0.1986654 -1.2754304 -0.0350030
v 0.1994293 -1.2784345 -0.0354440
v 0.1994293 -1.4715655 -0.0354440
v 0.1986654 -1.4745696 -0.0350030
v 0.1971995 -1.4772035 -0.0341566
v 0.1951503 -1.4792538 -0.0329735
v 0.1926839 -1.4805544 -0.0315495
v -0.1900000 -1.4910000 -0.0200000
v -0.1874644 -1.4913646 -0.0200000
v -0.1851342 -1.4924287 -0.0200000
v -0.1831983 -1.4941063 -0.0200000
v -0.1818133 -1.4962613 -0.0200000
v -0.1810916 -1.4987192 -0.0200000
v -0.1810916 -2.0812808 -0.0200000
v -0.1818133 -2.0837387 -0.0200000
v -0.1831983 -2.0858937 -0.0200000
v -0.1851342 -2.0875713 -0.0200000
v -0.1874644 -2.0886354 -0.0200000
v -0.1900000 -2.0890000 -0.0200000
v -0.1878041 -1.4913646 -0.0187322
v -0.1857861 -1.4924287 -0.0175671
v -0.1841095 -1.4941063 -0.0165991
v -0.1829101 -1.4962613 -0.0159067
v -0.1822851 -1.4987192 -0.0155458
v -0.1822851 -2.0812808 -0.0155458
v -0.1829101 -2.0837387 -0.0159067
v -0.1841095 -2.0858937 -0.0165991
v -0.1857861 -2.0875713 -0.0175671
v -0.1878041 -2.0886354 -0.0187322
v -0.1887322 -1.4913646 -0.0178041
v -0.1875671 -1.4924287 -0.0157861
v -0.1865991 -1.4941063 -0.0141095
v -0.1859067 -1.4962613 -0.0129101
v -0.1855458 -1.4987192 -0.0122851
v -0.1855458 -2.0812808 -0.0122851
v -0.1859067 -2.0837387 -0.0129101
v -0.1865991 -2.0858937 -0.0141095
v -0.1875671 -2.0875713 -0.0157861
v -0.1887322 -2.0886354 -0.0178041
v -0.1900000 -1.4913646 -0.0174644
v -0.1900000 -1.4924287 -0.0151342
v -0.1900000 -1.4941063 -0.0131983
v -0.1900000 -1.4962613 -0.0118133
v -0.1900000 -1.4987192 -0.0110916
v -0.1900000 -2.0812808 -0.0110916
v -0.1900000 -2.0837387 -0.0118133
v -0.1900000 -2.0858937 -0.0131983
v -0.1900000 -2.0875713 -0.0151342
v -0.1900000 -2.0886354 -0.0174644
v -0.1912678 -1.4913646 -0.0178041
v -0.1924329 -1.4924287 -0.0157861
v -0.1934009 -1.4941063 -0.0141095
v -0.1940933 -1.4962613 -0.0129101
v -0.1944542 -1.4987192 -0.0122851
v -0.1944542 -2.0812808 -0.0122851
v -0.1940933 -2.0837387 -0.0129101
v -0.1934009 -2.0858937 -0.0141095
v -0.1924329 -2.0875713 -0.0157861
v -0.1912678 -2.0886354 -0.0178041
v -0.1921959 -1.4913646 -0.0187322
v -0.1942139 -1.4924287 -0.0175671
v -0.1958905 -1.4941063 -0.0165991
v -0.1970899 -1.4962613 -0.0159067
v -0.1977149 -1.4987192 -0.0155458
v -0.1977149 -2.0812808 -0.0155458
v -0.1970899 -2.0837387 -0.0159067
v -0.1958905 -2.0858937 -0.0165991
v -0.1942139 -2.0875713 -0.0175671
v -0.1921959 -2.0886354 -0.0187322
v -0.1925356 -1.4913646 -0.0200000
v -0.1948658 -1.4924287 -0.0200000
v -0.1968017 -1.4941063 -0.0200000
v -0.1981867 -1.4962613 -0.0200000
v -0.1989084 -1.4987192 -0.0200000
v -0.1989084 -2.0812808 -0.0200000
v -0.1981867 -2.0837387 -0.0200000
v -0.1968017 -2.0858937 -0.0200000
v -0.1948658 -2.0875713 -0.0200000
v -0.1925356 -2.0886354 -0.0200000
v -0.1921959 -1.4913646 -0.0212678
v -0.1942139 -1.4924287 -0.0224329
v -0.1958905 -1.4941063 -0.0234009
v -0.1970899 -1.4962613 -0.0240933
v -0.1977149 -1.4987192 -0.0244542
v -0.1977149 -2.0812808 -0.0244542
v -0.1970899 -2.0837387 -0.0240933
v -0.1958905 -2.0858937 -0.0234009
v -0.1942139 -2.0875713 -0.0224329
v -0.1921959 -2.0886354 -0.0212678
v -0.1912678 -1.4913646 -0.0221959
v -0.1924329 -1.4924287 -0.0242139
v -0.1934009 -1.4941063 -0.0258905
v -0.1940933 -1.4962613 -0.0270899
v -0.1944542 -1.4987192 -0.0277149
v -0.1944542 -2.0812808 -0.0277149
v -0.1940933 -2.0837387 -0.0270899
v -0.1934009 -2.0858937 -0.0258905
v -0.1924329 -2.0875713 -0.0242139
v -0.1912678 -2.0886354 -0.0221959
v -0.1900000 -1.4913646 -0.0225356
v -0.1900000 -1.4924287 -0.0248658
v -0.1900000 -1.4941063 -0.0268017
v -0.1900000 -1.4962613 -0.0281867
v -0.1900000 -1.4987192 -0.0289084
v -0.1900000 -2.0812808 -0.0289084
v -0.1900000 -2.0837387 -0.0281867
v -0.1900000 -2.0858937 -0.0268017
v -0.1900000 -2.0875713 -0.0248658
v -0.1900000 -2.0886354 -0.0225356
v -0.1887322 -1.4913646 -0.0221959
v -0.1875671 -1.4924287 -0.0242139
v -0.1865991 -1.4941063 -0.0258905
v -0.1859067 -1.4962613 -0.0270899
v -0.1855458 -1.4987192 -0.0277149
v -0.1855458 -2.0812808 -0.0277149
v -0.1859067 -2.0837387 -0.0270899
v -0.1865991 -2.0858937 -0.0258905
v -0.1875671 -2.0875713 -0.0242139
v -0.1887322 -2.0886354 -0.0221959
v -0.1878041 -1.4913646 -0.0212678
v -0.1857861 -1.4924287 -0.0224329
v -0.1841095 -1.4941063 -0.0234009
v -0.1829101 -1.4962613 -0.0240933
v -0.1822851 -1.4987192 -0.0244542
v -0.1822851 -2.0812808 -0.0244542
v -0.1829101 -2.0837387 -0.0240933
v -0.1841095 -2.0858937 -0.0234009
v -0.1857861 -2.0875713 -0.0224329
v -0.1878041 -2.0886354 -0.0212678
v 0.1900000 -1.4910000 -0.0200000
v 0.1925356 -1.4913646 -0.0200000
v 0.1948658 -1.4924287 -0.0200000
v 0.1968017 -1.4941063 -0.0200000
v 0.1981867 -1.4962613 -0.0200000
v 0.1989084 -1.4987192 -0.0200000
v 0.1989084 -2.0812808 -0.0200000
v 0.1981867 -2.0837387 -0.0200000
v 0.1968017 -2.0858937 -0.0200000
v 0.1948658 -2.0875713 -0.0200000
v 0.1925356 -2.0886354 -0.0200000
v 0.1900000 -2.0890000 -0.0200000
v 0.1921959 -1.4913646 -0.0187322
v 0.1942139 -1.4924287 -0.0175671
v 0.1958905 -1.4941063 -0.0165991
v 0.1970899 -1.4962613 -0.0159067
v 0.1977149 -1.4987192 -0.0155458
v 0.1977149 -2.0812808 -0.0155458
v 0.1970899 -2.0837387 -0.0159067
v 0.1958905 -2.0858937 -0.0165991
v 0.1942139 -2.0875713 -0.0175671
v 0.1921959 -2.0886354 -0.0187322
v 0.1912678 -1.4913646 -0.0178041
v 0.1924329 -1.4924287 -0.0157861
v 0.1934009 -1.4941063 -0.0141095
v 0.1940933 -1.4962613 -0.0129101
v 0.1944542 -1.4987192 -0.0122851
v 0.1944542 -2.0812808 -0.0122851
v 0.1940933 -2.0837387 -0.0129101
v 0.1934009 -2.0858937 -0.0141095
v 0.1924329 -2.0875713 -0.0157861
v 0.1912678 -2.0886354 -0.0178041
v 0.1900000 -1.4913646 -0.0174644
v 0.1900000 -1.4924287 -0.0151342
v 0.1900000 -1.4941063 -0.0131983
v 0.1900000 -1.4962613 -0.0118133
v 0.1900000 -1.4987192 -0.0110916
v 0.1900000 -2.0812808 -0.0110916
v 0.1900000 -2.0837387 -0.0118133
v 0.1900000 -2.0858937 -0.0131983
v 0.1900000 -2.0875713 -0.0151342
v 0.1900000 -2.0886354 -0.0174644
v 0.1887322 -1.4913646 -0.0178041
v 0.1875671 -1.4924287 -0.0157861
v 0.1865991 -1.4941063 -0.0141095
v 0.1859067 -1.4962613 -0.0129101
v 0.1855458 -1.4987192 -0.0122851
v 0.1855458 -2.0812808 -0.0122851
v 0.1859067 -2.0837387 -0.0129101
v 0.1865991 -2.0858937 -0.0141095
v 0.1875671 -2.0875713 -0.0157861
v 0.1887322 -2.0886354 -0.0178041
v 0.1878041 -1.4913646 -0.0187322
v 0.1857861 -1.4924287 -0.0175671
v 0.1841095 -1.4941063 -0.0165991
v 0.1829101 -1.4962613 -0.0159067
v 0.1822851 -1.4987192 -0.0155458
v 0.1822851 -2.0812808 -0.0155458
v 0.1829101 -2.0837387 -0.0159067
v 0.1841095 -2.0858937 -0.0165991
v 0.1857861 -2.0875713 -0.0175671
v 0.1878041 -2.0886354 -0.0187322
v 0.1874644 -1.4913646 -0.0200000
v 0.1851342 -1.4924287 -0.0200000
v 0.1831983 -1.4941063 -0.0200000
v 0.1818133 -1.4962613 -0.0200000
v 0.1810916 -1.4987192 -0.0200000
v 0.1810916 -2.0812808 -0.0200000
v 0.1818133 -2.0837387 -0.0200000
v 0.1831983 -2.0858937 -0.0200000
v 0.1851342 -2.0875713 -0.0200000
v 0.1874644 -2.0886354 -0.0200000
v 0.1878041 -1.4913646 -0.0212678
v 0.1857861 -1.4924287 -0.0224329
v 0.1841095 -1.4941063 -0.0234009
v 0.1829101 -1.4962613 -0.0240933
v 0.1822851 -1.4987192 -0.0244542
v 0.1822851 -2.0812808 -0.0244542
v 0.1829101 -2.0837387 -0.0240933
v 0.1841095 -2.0858937 -0.0234009
v 0.1857861 -2.0875713 -0.0224329
v 0.1878041 -2.0886354 -0.0212678
v 0.1887322 -1.4913646 -0.0221959
v 0.1875671 -1.4924287 -0.0242139
v 0.1865991 -1.4941063 -0.0258905
v 0.1859067 -1.4962613 -0.0270899
v 0.1855458 -1.4987192 -0.0277149
v 0.1855458 -2.0812808 -0.0277149
v 0.1859067 -2.0837387 -0.0270899
v 0.1865991 -2.0858937 -0.0258905
v 0.1875671 -2.0875713 -0.0242139
v 0.1887322 -2.0886354 -0.0221959
v 0.1900000 -1.4913646 -0.0225356
v 0.1900000 -1.4924287 -0.0248658
v 0.1900000 -1.4941063 -0.0268017
v 0.1900000 -1.4962613 -0.0281867
v 0.1900000 -1.4987192 -0.0289084
v 0.1900000 -2.0812808 -0.0289084
v 0.1900000 -2.0837387 -0.0281867
v 0.1900000 -2.0858937 -0.0268017
v 0.1900000 -2.0875713 -0.0248658
v 0.1900000 -2.0886354 -0.0225356
v 0.1912678 -1.4913646 -0.0221959
v 0.1924329 -1.4924287 -0.0242139
v 0.1934009 -1.4941063 -0.0258905
v 0.1940933 -1.4962613 -0.0270899
v 0.1944542 -1.4987192 -0.0277149
v 0.1944542 -2.0812808 -0.0277149
v 0.1940933 -2.0837387 -0.0270899
v 0.1934009 -2.0858937 -0.0258905
v 0.1924329 -2.0875713 -0.0242139
v 0.1912678 -2.0886354 -0.0221959
v 0.1921959 -1.4913646 -0.0212678
v 0.1942139 -1.4924287 -0.0224329
v 0.1958905 -1.4941063 -0.0234009
v 0.1970899 -1.4962613 -0.0240933
v 0.1977149 -1.4987192 -0.0244542
v 0.1977149 -2.0812808 -0.0244542
v 0.1970899 -2.0837387 -0.0240933
v 0.1958905 -2.0858937 -0.0234009
v 0.1942139 -2.0875713 -0.0224329
v 0.1921959 -2.0886354 -0.0212678
v 0.0000000 0.7005971 0.0151493
v 0.0056347 0.7013831 0.0153458
v 0.0108128 0.7036773 0.0159193
v 0.0151150 0.7072938 0.0168235
v 0.0181926 0.7119398 0.0179849
v 0.0197964 0.7172387 0.0193097
v 0.0197964 0.8827613 0.0606903
v 0.0181926 0.8880602 0.0620151
v 0.0151150 0.8927062 0.0631765
v 0.0108128 0.8963227 0.0640807
v 0.0056347 0.8986169 0.0646542
v 0.0000000 0.8994029 0.0648507
v 0.0048798 0.7020664 0.0126126
v 0.0093642 0.7049885 0.0106743
v 0.0130900 0.7091268 0.0094916
v 0.0157553 0.7141459 0.0091602
v 0.0171442 0.7196394 0.0097070
v 0.0171442 0.8851620 0.0510876
v 0.0157553 0.8902664 0.0531903
v 0.0130900 0.8945391 0.0558447
v 0.0093642 0.8976340 0.0588357
v 0.0048798 0.8993002 0.0619210
v 0.0028173 0.7025666 0.0106117
v 0.0054064 0.7059484 0.0068347
v 0.0075575 0.7104686 0.0041243
v 0.0090963 0.7157610 0.0027001
v 0.0098982 0.7213968 0.0026773
v 0.0098982 0.8869194 0.0440580
v 0.0090963 0.8918815 0.0467302
v 0.0075575 0.8958809 0.0504774
v 0.0054064 0.8985939 0.0549961
v 0.0028173 0.8998004 0.0599202
v 0.0000000 0.7027497 0.0098794
v 0.0000000 0.7062998 0.0054293
v 0.0000000 0.7109598 0.0021598
v 0.0000000 0.7163521 0.0003355
v 0.0000000 0.7220400 0.0001043
v 0.0000000 0.8875627 0.0414850
v 0.0000000 0.8924726 0.0443656
v 0.0000000 0.8963721 0.0485128
v 0.0000000 0.8989452 0.0535907
v 0.0000000 0.8999835 0.0591878
v -0.0028173 0.7025666 0.0106117
v -0.0054064 0.7059484 0.0068347
v -0.0075575 0.7104686 0.0041243
v -0.0090963 0.7157610 0.0027001
v -0.0098982 0.7213968 0.0026773
v -0.0098982 0.8869194 0.0440580
v -0.0090963 0.8918815 0.0467302
v -0.0075575 0.8958809 0.0504774
v -0.0054064 0.8985939 0.0549961
v -0.0028173 0.8998004 0.0599202
v -0.0048798 0.7020664 0.0126126
v -0.0093642 0.7049885 0.0106743
v -0.0130900 0.7091268 0.0094916
v -0.0157553 0.7141459 0.0091602
v -0.0171442 0.7196394 0.0097070
v -0.0171442 0.8851620 0.0510876
v -0.0157553 0.8902664 0.0531903
v -0.0130900 0.8945391 0.0558447
v -0.0093642 0.8976340 0.0588357
v -0.0048798 0.8993002 0.0619210
v -0.0056347 0.7013831 0.0153458
v -0.0108128 0.7036773 0.0159193
v -0.0151150 0.7072938 0.0168235
v -0.0181926 0.7119398 0.0179849
v -0.0197964 0.7172387 0.0193097
v -0.0197964 0.8827613 0.0606903
v -0.0181926 0.8880602 0.0620151
v -0.0151150 0.8927062 0.0631765
v -0.0108128 0.8963227 0.0640807
v -0.0056347 0.8986169 0.0646542
v -0.0048798 0.7006998 0.0180790
v -0.0093642 0.7023660 0.0211643
v -0.0130900 0.7054609 0.0241553
v -0.0157553 0.7097336 0.0268097
v -0.0171442 0.7148380 0.0289124
v -0.0171442 0.8803606 0.0702930
v -0.0157553 0.8858541 0.0708398
v -0.0130900 0.8908732 0.0705084
v -0.0093642 0.8950115 0.0693257
v -0.0048798 0.8979336 0.0673874
v -0.0028173 0.7001996 0.0200798
v -0.0054064 0.7014061 0.0250039
v -0.0075575 0.7041191 0.0295226
v -0.0090963 0.7081185 0.0332698
v -0.0098982 0.7130806 0.0359420
v -0.0098982 0.8786032 0.0773227
v -0.0090963 0.8842390 0.0772999
v -0.0075575 0.8895314 0.0758757
v -0.0054064 0.8940516 0.0731653
v -0.0028173 0.8974334 0.0693883
v -0.0000000 0.7000165 0.0208122
v -0.0000000 0.7010548 0.0264093
v -0.0000000 0.7036279 0.0314872
v -0.0000000 0.7075274 0.0356344
v -0.0000000 0.7124373 0.0385150
v -0.0000000 0.8779600 0.0798957
v -0.0000000 0.8836479 0.0796645
v -0.0000000 0.8890402 0.0778402
v -0.0000000 0.8937002 0.0745707
v -0.0000000 0.8972503 0.0701206
v 0.0028173 0.7001996 0.0200798
v 0.0054064 0.7014061 0.0250039
v 0.0075575 0.7041191 0.0295226
v 0.0090963 0.7081185 0.0332698
v 0.0098982 0.7130806 0.0359420
v 0.0098982 0.8786032 0.0773227
v 0.0090963 0.8842390 0.0772999
v 0.0075575 0.8895314 0.0758757
v 0.0054064 0.8940516 0.0731653
v 0.0028173 0.8974334 0.0693883
v 0.0048798 0.7006998 0.0180790
v 0.0093642 0.7023660 0.0211643
v 0.0130900 0.7054609 0.0241553
v 0.0157553 0.7097336 0.0268097
v 0.0171442 0.7148380 0.0289124
v 0.0171442 0.8803606 0.0702930
v 0.0157553 0.8858541 0.0708398
v 0.0130900 0.8908732 0.0705084
v 0.0093642 0.8950115 0.0693257
v 0.0048798 0.8979336 0.0673874
v -0.0062138 0.8617233 0.0417233
v -0.0071895 0.8611083 0.0455375
v -0.0092032 0.8604035 0.0489031
v -0.0120915 0.8596660 0.0515475
v -0.0156205 0.8589556 0.0532563
v -0.0195043 0.8583298 0.0538912
v -0.1834283 0.8378393 0.0334007
v -0.1870745 0.8375238 0.0318245
v -0.1901476 0.8374090 0.0292904
v -0.1923986 0.8375041 0.0260037
v -0.1936452 0.8378013 0.0222306
v -0.1937862 0.8382767 0.0182767
v -0.0074062 0.8631194 0.0452599
v -0.0096190 0.8642627 0.0483704
v -0.0126727 0.8650608 0.0508028
v -0.0163201 0.8654488 0.0523600
v -0.0202656 0.8653954 0.0529158
v -0.1841896 0.8449049 0.0324253
v -0.1877741 0.8440171 0.0309282
v -0.1907289 0.8428038 0.0285458
v -0.1928144 0.8413633 0.0254710
v -0.1938618 0.8398124 0.0219529
v -0.0074530 0.8647377 0.0440160
v -0.0097088 0.8673683 0.0459833
v -0.0127983 0.8694019 0.0474659
v -0.0164712 0.8706739 0.0483436
v -0.0204300 0.8710811 0.0485454
v -0.1843540 0.8505906 0.0280549
v -0.1879252 0.8492421 0.0269119
v -0.1908544 0.8471449 0.0252089
v -0.1929042 0.8444688 0.0230838
v -0.1939086 0.8414307 0.0207090
v -0.0073174 0.8655296 0.0421390
v -0.0094485 0.8688879 0.0423814
v -0.0124344 0.8715262 0.0424309
v -0.0160333 0.8732307 0.0422834
v -0.0199535 0.8738633 0.0419510
v -0.1838775 0.8533728 0.0214605
v -0.1874873 0.8517989 0.0208517
v -0.1904906 0.8492692 0.0201739
v -0.1926440 0.8459885 0.0194820
v -0.1937730 0.8422226 0.0188320
v -0.0070357 0.8652829 0.0401319
v -0.0089079 0.8684145 0.0385299
v -0.0116787 0.8708644 0.0370469
v -0.0151237 0.8724342 0.0358032
v -0.0189637 0.8729966 0.0348995
v -0.1828877 0.8525061 0.0144090
v -0.1865777 0.8510024 0.0143715
v -0.1897349 0.8486074 0.0147899
v -0.1921033 0.8455151 0.0156304
v -0.1934913 0.8419759 0.0168250
v -0.0066834 0.8640637 0.0385326
v -0.0082318 0.8660749 0.0354607
v -0.0107336 0.8675939 0.0327566
v -0.0139862 0.8684977 0.0306393
v -0.0177259 0.8687131 0.0292804
v -0.1816499 0.8482226 0.0087899
v -0.1854402 0.8470660 0.0092076
v -0.1887898 0.8453369 0.0104996
v -0.1914272 0.8431754 0.0125613
v -0.1931390 0.8407567 0.0152256
v -0.0063548 0.8621987 0.0377694
v -0.0076014 0.8624959 0.0339963
v -0.0098524 0.8625910 0.0307096
v -0.0129255 0.8624762 0.0281755
v -0.0165717 0.8621607 0.0265993
v -0.1804957 0.8416702 0.0061088
v -0.1843795 0.8410444 0.0067437
v -0.1879085 0.8403340 0.0084525
v -0.1907968 0.8395965 0.0110969
v -0.1928105 0.8388917 0.0144625
v -0.0061382 0.8601876 0.0380471
v -0.0071856 0.8586367 0.0345290
v -0.0092711 0.8571962 0.0314542
v -0.0122259 0.8559829 0.0290718
v -0.0158104 0.8550951 0.0275747
v -0.1797344 0.8346046 0.0070842
v -0.1836799 0.8345512 0.0076400
v -0.1873273 0.8349392 0.0091972
v -0.1903810 0.8357373 0.0116296
v -0.1925938 0.8368806 0.0147401
v -0.0060914 0.8585693 0.0392910
v -0.0070958 0.8555312 0.0369162
v -0.0091456 0.8528551 0.0347911
v -0.0120748 0.8507579 0.0330881
v -0.0156460 0.8494094 0.0319451
v -0.1795700 0.8289189 0.0114546
v -0.1835288 0.8293261 0.0116564
v -0.1872017 0.8305981 0.0125341
v -0.1902912 0.8326317 0.0140167
v -0.1925470 0.8352623 0.0159840
v -0.0062270 0.8577774 0.0411680
v -0.0073560 0.8540115 0.0405180
v -0.0095094 0.8507308 0.0398261
v -0.0125127 0.8482011 0.0391483
v -0.0161225 0.8466272 0.0385395
v -0.1800465 0.8261367 0.0180490
v -0.1839667 0.8267693 0.0177166
v -0.1875656 0.8284738 0.0175691
v -0.1905515 0.8311121 0.0176186
v -0.1926826 0.8344704 0.0178610
v -0.0065087 0.8580241 0.0431750
v -0.0078967 0.8544849 0.0443696
v -0.0102651 0.8513926 0.0452101
v -0.0134223 0.8489976 0.0456285
v -0.0171123 0.8474939 0.0455910
v -0.1810363 0.8270034 0.0251005
v -0.1848763 0.8275658 0.0241968
v -0.1883213 0.8291356 0.0229531
v -0.1910921 0.8315855 0.0214701
v -0.1929643 0.8347171 0.0198681
v -0.0068610 0.8592433 0.0447744
v -0.0085728 0.8568246 0.0474387
v -0.0112102 0.8546631 0.0495004
v -0.0145598 0.8529340 0.0507924
v -0.0183501 0.8517774 0.0512101
v -0.1822741 0.8312869 0.0307196
v -0.1860138 0.8315023 0.0293607
v -0.1892664 0.8324061 0.0272434
v -0.1917682 0.8339251 0.0245393
v -0.1933166 0.8359363 0.0214674
v 0.0062138 0.8617233 0.0417233
v 0.0063548 0.8621987 0.0377694
v 0.0076014 0.8624959 0.0339963
v 0.0098524 0.8625910 0.0307096
v 0.0129255 0.8624762 0.0281755
v 0.0165717 0.8621607 0.0265993
v 0.1804957 0.8416702 0.0061088
v 0.1843795 0.8410444 0.0067437
v 0.1879085 0.8403340 0.0084525
v 0.1907968 0.8395965 0.0110969
v 0.1928105 0.8388917 0.0144625
v 0.1937862 0.8382767 0.0182767
v 0.0066834 0.8640637 0.0385326
v 0.0082318 0.8660749 0.0354607
v 0.0107336 0.8675939 0.0327566
v 0.0139862 0.8684977 0.0306393
v 0.0177259 0.8687131 0.0292804
v 0.1816499 0.8482226 0.0087899
v 0.1854402 0.8470660 0.0092076
v 0.1887898 0.8453369 0.0104996
v 0.1914272 0.8431754 0.0125613
v 0.1931390 0.8407567 0.0152256
v 0.0070357 0.8652829 0.0401319
v 0.0089079 0.8684145 0.0385299
v 0.0116787 0.8708644 0.0370469
v 0.0151237 0.8724342 0.0358032
v 0.0189637 0.8729966 0.0348995
v 0.1828877 0.8525061 0.0144090
v 0.1865777 0.8510024 0.0143715
v 0.1897349 0.8486074 0.0147899
v 0.1921033 0.8455151 0.0156304
v 0.1934913 0.8419759 0.0168250
v 0.0073174 0.8655296 0.0421390
v 0.0094485 0.8688879 0.0423814
v 0.0124344 0.8715262 0.0424309
v 0.0160333 0.8732307 0.0422834
v 0.0199535 0.8738633 0.0419510
v 0.1838775 0.8533728 0.0214605
v 0.1874873 0.8517989 0.0208517
v 0.1904906 0.8492692 0.0201739
v 0.1926440 0.8459885 0.0194820
v 0.1937730 0.8422226 0.0188320
v 0.0074530 0.8647377 0.0440160
v 0.0097088 0.8673683 0.0459833
v 0.0127983 0.8694019 0.0474659
v 0.0164712 0.8706739 0.0483436
v 0.0204300 0.8710811 0.0485454
v 0.1843540 0.8505906 0.0280549
v 0.1879252 0.8492421 0.0269119
v 0.1908544 0.8471449 0.0252089
v 0.1929042 0.8444688 0.0230838
v 0.1939086 0.8414307 0.0207090
v 0.0074062 0.8631194 0.0452599
v 0.0096190 0.8642627 0.0483704
v 0.0126727 0.8650608 0.0508028
v 0.0163201 0.8654488 0.0523600
v 0.0202656 0.8653954 0.0529158
v 0.1841896 0.8449049 0.0324253
v 0.1877741 0.8440171 0.0309282
v 0.1907289 0.8428038 0.0285458
v 0.1928144 0.8413633 0.0254710
v 0.1938618 0.8398124 0.0219529
v 0.0071895 0.8611083 0.0455375
v 0.0092032 0.8604035 0.0489031
v 0.0120915 0.8596660 0.0515475
v 0.0156205 0.8589556 0.0532563
v 0.0195043 0.8583298 0.0538912
v 0.1834283 0.8378393 0.0334007
v 0.1870745 0.8375238 0.0318245
v 0.1901476 0.8374090 0.0292904
v 0.1923986 0.8375041 0.0260037
v 0.1936452 0.8378013 0.0222306
v 0.0068610 0.8592433 0.0447744
v 0.0085728 0.8568246 0.0474387
v 0.0112102 0.8546631 0.0495004
v 0.0145598 0.8529340 0.0507924
v 0.0183501 0.8517774 0.0512101
v 0.1822741 0.8312869 0.0307196
v 0.1860138 0.8315023 0.0293607
v 0.1892664 0.8324061 0.0272434
v 0.1917682 0.8339251 0.0245393
v 0.1933166 0.8359363 0.0214674
v 0.0065087 0.8580241 0.0431750
v 0.0078967 0.8544849 0.0443696
v 0.0102651 0.8513926 0.0452101
v 0.0134223 0.8489976 0.0456285
v 0.0171123 0.8474939 0.0455910
v 0.1810363 0.8270034 0.0251005
v 0.1848763 0.8275658 0.0241968
v 0.1883213 0.8291356 0.0229531
v 0.1910921 0.8315855 0.0214701
v 0.1929643 0.8347171 0.0198681
v 0.0062270 0.8577774 0.0411680
v 0.0073560 0.8540115 0.0405180
v 0.0095094 0.8507308 0.0398261
v 0.0125127 0.8482011 0.0391483
v 0.0161225 0.8466272 0.0385395
v 0.1800465 0.8261367 0.0180490
v 0.1839667 0.8267693 0.0177166
v 0.1875656 0.8284738 0.0175691
v 0.1905515 0.8311121 0.0176186
v 0.1926826 0.8344704 0.0178610
v 0.0060914 0.8585693 0.0392910
v 0.0070958 0.8555312 0.0369162
v 0.0091456 0.8528551 0.0347911
v 0.0120748 0.8507579 0.0330881
v 0.0156460 0.8494094 0.0319451
v 0.1795700 0.8289189 0.0114546
v 0.1835288 0.8293261 0.0116564
v 0.1872017 0.8305981 0.0125341
v 0.1902912 0.8326317 0.0140167
v 0.1925470 0.8352623 0.0159840
v 0.0061382 0.8601876 0.0380471
v 0.0071856 0.8586367 0.0345290
v 0.0092711 0.8571962 0.0314542
v 0.0122259 0.8559829 0.0290718
v 0.0158104 0.8550951 0.0275747
v 0.1797344 0.8346046 0.0070842
v 0.1836799 0.8345512 0.0076400
v 0.1873273 0.8349392 0.0091972
v 0.1903810 0.8357373 0.0116296
v 0.1925938 0.8368806 0.0147401
v -0.1915383 0.7732967 -0.0200000
v -0.1908158 0.7740562 -0.0232507
v -0.1892170 0.7744871 -0.0262381
v -0.1868715 0.7745544 -0.0287201
v -0.1839694 0.7742528 -0.0304956
v -0.1807456 0.7736067 -0.0314208
v -0.0374615 0.7326684 -0.0314208
v -0.0343830 0.7315139 -0.0304956
v -0.0317596 0.7302367 -0.0287201
v -0.0298037 0.7289404 -0.0262381
v -0.0286739 0.7277299 -0.0232507
v -0.0284617 0.7267033 -0.0200000
v -0.1904034 0.7754993 -0.0223508
v -0.1884257 0.7772565 -0.0245112
v -0.1857654 0.7784258 -0.0263061
v -0.1826380 0.7789124 -0.0275901
v -0.1792970 0.7786771 -0.0282592
v -0.0360128 0.7377387 -0.0282592
v -0.0330517 0.7361735 -0.0275901
v -0.0306535 0.7341081 -0.0263061
v -0.0290125 0.7317098 -0.0245112
v -0.0282616 0.7291731 -0.0223508
v -0.1901699 0.7763165 -0.0208210
v -0.1879777 0.7788247 -0.0215755
v -0.1851391 0.7806179 -0.0222024
v -0.1818842 0.7815509 -0.0226508
v -0.1784767 0.7815481 -0.0228845
v -0.0351925 0.7406098 -0.0228845
v -0.0322978 0.7388119 -0.0226508
v -0.0300272 0.7363002 -0.0222024
v -0.0285644 0.7332780 -0.0215755
v -0.0280281 0.7299903 -0.0208210
v -0.1901779 0.7762888 -0.0190712
v -0.1879929 0.7787714 -0.0182177
v -0.1851604 0.7805434 -0.0175086
v -0.1819098 0.7814612 -0.0170013
v -0.1785045 0.7814506 -0.0167369
v -0.0352204 0.7405123 -0.0167369
v -0.0323235 0.7387223 -0.0170013
v -0.0300484 0.7362257 -0.0175086
v -0.0285796 0.7332247 -0.0182177
v -0.0280361 0.7299625 -0.0190712
v -0.1904251 0.7754235 -0.0175703
v -0.1884673 0.7771109 -0.0153374
v -0.1858236 0.7782223 -0.0134823
v -0.1827080 0.7786675 -0.0121552
v -0.1793731 0.7784106 -0.0114637
v -0.0360890 0.7374722 -0.0114637
v -0.0331217 0.7359286 -0.0121552
v -0.0307116 0.7339046 -0.0134823
v -0.0290541 0.7315643 -0.0153374
v -0.0282833 0.7290972 -0.0175703
v -0.1908454 0.7739525 -0.0167204
v -0.1892738 0.7742882 -0.0137065
v -0.1869509 0.7742765 -0.0112025
v -0.1840649 0.7739183 -0.0094112
v -0.1808496 0.7732427 -0.0084777
v -0.0375655 0.7323043 -0.0084777
v -0.0344786 0.7311793 -0.0094112
v -0.0318390 0.7299588 -0.0112025
v -0.0298605 0.7287416 -0.0137065
v -0.0287035 0.7276263 -0.0167204
v -0.1913261 0.7722701 -0.0167493
v -0.1901963 0.7710596 -0.0137619
v -0.1882404 0.7697633 -0.0112799
v -0.1856170 0.7684861 -0.0095044
v -0.1825385 0.7673316 -0.0085792
v -0.0392544 0.7263933 -0.0085792
v -0.0360306 0.7257472 -0.0095044
v -0.0331285 0.7254456 -0.0112799
v -0.0307830 0.7255129 -0.0137619
v -0.0291842 0.7259438 -0.0167493
v -0.1917384 0.7708269 -0.0176492
v -0.1909875 0.7682902 -0.0154888
v -0.1893465 0.7658919 -0.0136939
v -0.1869483 0.7638265 -0.0124099
v -0.1839872 0.7622613 -0.0117408
v -0.0407030 0.7213229 -0.0117408
v -0.0373620 0.7210876 -0.0124099
v -0.0342346 0.7215742 -0.0136939
v -0.0315743 0.7227435 -0.0154888
v -0.0295966 0.7245007 -0.0176492
v -0.1919719 0.7700097 -0.0191790
v -0.1914356 0.7667220 -0.0184245
v -0.1899728 0.7636998 -0.0177976
v -0.1877022 0.7611881 -0.0173492
v -0.1848075 0.7593902 -0.0171155
v -0.0415233 0.7184519 -0.0171155
v -0.0381158 0.7184491 -0.0173492
v -0.0348609 0.7193821 -0.0177976
v -0.0320223 0.7211753 -0.0184245
v -0.0298301 0.7236835 -0.0191790
v -0.1919639 0.7700375 -0.0209288
v -0.1914204 0.7667753 -0.0217823
v -0.1899516 0.7637743 -0.0224914
v -0.1876765 0.7612777 -0.0229987
v -0.1847796 0.7594877 -0.0232631
v -0.0414955 0.7185494 -0.0232631
v -0.0380902 0.7185388 -0.0229987
v -0.0348396 0.7194566 -0.0224914
v -0.0320071 0.7212286 -0.0217823
v -0.0298221 0.7237112 -0.0209288
v -0.1917167 0.7709028 -0.0224297
v -0.1909459 0.7684357 -0.0246626
v -0.1892884 0.7660954 -0.0265177
v -0.1868783 0.7640714 -0.0278448
v -0.1839110 0.7625278 -0.0285363
v -0.0406269 0.7215894 -0.0285363
v -0.0372920 0.7213325 -0.0278448
v -0.0341764 0.7217777 -0.0265177
v -0.0315327 0.7228891 -0.0246626
v -0.0295749 0.7245765 -0.0224297
v -0.1912965 0.7723737 -0.0232796
v -0.1901395 0.7712584 -0.0262935
v -0.1881610 0.7700412 -0.0287975
v -0.1855214 0.7688207 -0.0305888
v -0.1824345 0.7676957 -0.0315223
v -0.0391504 0.7267573 -0.0315223
v -0.0359351 0.7260817 -0.0305888
v -0.0330491 0.7257235 -0.0287975
v -0.0307262 0.7257118 -0.0262935
v -0.0291546 0.7260475 -0.0232796
v 0.1915383 0.7732967 -0.0200000
v 0.1913261 0.7722701 -0.0167493
v 0.1901963 0.7710596 -0.0137619
v 0.1882404 0.7697633 -0.0112799
v 0.1856170 0.7684861 -0.0095044
v 0.1825385 0.7673316 -0.0085792
v 0.0392544 0.7263933 -0.0085792
v 0.0360306 0.7257472 -0.0095044
v 0.0331285 0.7254456 -0.0112799
v 0.0307830 0.7255129 -0.0137619
v 0.0291842 0.7259438 -0.0167493
v 0.0284617 0.7267033 -0.0200000
v 0.1908454 0.7739525 -0.0167204
v 0.1892738 0.7742882 -0.0137065
v 0.1869509 0.7742765 -0.0112025
v 0.1840649 0.7739183 -0.0094112
v 0.1808496 0.7732427 -0.0084777
v 0.0375655 0.7323043 -0.0084777
v 0.0344786 0.7311793 -0.0094112
v 0.0318390 0.7299588 -0.0112025
v 0.0298605 0.7287416 -0.0137065
v 0.0287035 0.7276263 -0.0167204
v 0.1904251 0.7754235 -0.0175703
v 0.1884673 0.7771109 -0.0153374
v 0.1858236 0.7782223 -0.0134823
v 0.1827080 0.7786675 -0.0121552
v 0.1793731 0.7784106 -0.0114637
v 0.0360890 0.7374722 -0.0114637
v 0.0331217 0.7359286 -0.0121552
v 0.0307116 0.7339046 -0.0134823
v 0.0290541 0.7315643 -0.0153374
v 0.0282833 0.7290972 -0.0175703
v 0.1901779 0.7762888 -0.0190712
v 0.1879929 0.7787714 -0.0182177
v 0.1851604 0.7805434 -0.0175086
v 0.1819098 0.7814612 -0.0170013
v 0.1785045 0.7814506 -0.0167369
v 0.0352204 0.7405123 -0.0167369
v 0.0323235 0.7387223 -0.0170013
v 0.0300484 0.7362257 -0.0175086
v 0.0285796 0.7332247 -0.0182177
v 0.0280361 0.7299625 -0.0190712
v 0.1901699 0.7763165 -0.0208210
v 0.1879777 0.7788247 -0.0215755
v 0.1851391 0.7806179 -0.0222024
v 0.1818842 0.7815509 -0.0226508
v 0.1784767 0.7815481 -0.0228845
v 0.0351925 0.7406098 -0.0228845
v 0.0322978 0.7388119 -0.0226508
v 0.0300272 0.7363002 -0.0222024
v 0.0285644 0.7332780 -0.0215755
v 0.0280281 0.7299903 -0.0208210
v 0.1904034 0.7754993 -0.0223508
v 0.1884257 0.7772565 -0.0245112
v 0.1857654 0.7784258 -0.0263061
v 0.1826380 0.7789124 -0.0275901
v 0.1792970 0.7786771 -0.0282592
v 0.0360128 0.7377387 -0.0282592
v 0.0330517 0.7361735 -0.0275901
v 0.0306535 0.7341081 -0.0263061
v 0.0290125 0.7317098 -0.0245112
v 0.0282616 0.7291731 -0.0223508
v 0.1908158 0.7740562 -0.0232507
v 0.1892170 0.7744871 -0.0262381
v 0.1868715 0.7745544 -0.0287201
v 0.1839694 0.7742528 -0.0304956
v 0.1807456 0.7736067 -0.0314208
v 0.0374615 0.7326684 -0.0314208
v 0.0343830 0.7315139 -0.0304956
v 0.0317596 0.7302367 -0.0287201
v 0.0298037 0.7289404 -0.0262381
v 0.0286739 0.7277299 -0.0232507
v 0.1912965 0.7723737 -0.0232796
v 0.1901395 0.7712584 -0.0262935
v 0.1881610 0.7700412 -0.0287975
v 0.1855214 0.7688207 -0.0305888
v 0.1824345 0.7676957 -0.0315223
v 0.0391504 0.7267573 -0.0315223
v 0.0359351 0.7260817 -0.0305888
v 0.0330491 0.7257235 -0.0287975
v 0.0307262 0.7257118 -0.0262935
v 0.0291546 0.7260475 -0.0232796
v 0.1917167 0.7709028 -0.0224297
v 0.1909459 0.7684357 -0.0246626
v 0.1892884 0.7660954 -0.0265177
v 0.1868783 0.7640714 -0.0278448
v 0.1839110 0.7625278 -0.0285363
v 0.0406269 0.7215894 -0.0285363
v 0.0372920 0.7213325 -0.0278448
v 0.0341764 0.7217777 -0.0265177
v 0.0315327 0.7228891 -0.0246626
v 0.0295749 0.7245765 -0.0224297
v 0.1919639 0.7700375 -0.0209288
v 0.1914204 0.7667753 -0.0217823
v 0.1899516 0.7637743 -0.0224914
v 0.1876765 0.7612777 -0.0229987
v 0.1847796 0.7594877 -0.0232631
v 0.0414955 0.7185494 -0.0232631
v 0.0380902 0.7185388 -0.0229987
v 0.0348396 0.7194566 -0.0224914
v 0.0320071 0.7212286 -0.0217823
v 0.0298221 0.7237112 -0.0209288
v 0.1919719 0.7700097 -0.0191790
v 0.1914356 0.7667220 -0.0184245
v 0.1899728 0.7636998 -0.0177976
v 0.1877022 0.7611881 -0.0173492
v 0.1848075 0.7593902 -0.0171155
v 0.0415233 0.7184519 -0.0171155
v 0.0381158 0.7184491 -0.0173492
v 0.0348609 0.7193821 -0.0177976
v 0.0320223 0.7211753 -0.0184245
v 0.0298301 0.7236835 -0.0191790
v 0.1917384 0.7708269 -0.0176492
v 0.1909875 0.7682902 -0.0154888
v 0.1893465 0.7658919 -0.0136939
v 0.1869483 0.7638265 -0.0124099
v 0.1839872 0.7622613 -0.0117408
v 0.0407030 0.7213229 -0.0117408
v 0.0373620 0.7210876 -0.0124099
v 0.0342346 0.7215742 -0.0136939
v 0.0315743 0.7227435 -0.0154888
v 0.0295966 0.7245007 -0.0176492
v -0.0091279 0.0816726 -0.0000000
v -0.0094967 0.0811391 0.0030630
v -0.0107163 0.0805133 0.0058779
v -0.0126881 0.0798459 0.0082166
v -0.0152522 0.0791911 0.0098896
v -0.0182010 0.0786017 0.0107614
v -0.1512955 0.0581256 0.0107614
v -0.1542851 0.0578014 0.0098896
v -0.1569275 0.0576553 0.0082166
v -0.1590087 0.0576991 0.0058779
v -0.1603600 0.0579294 0.0030630
v -0.1608721 0.0583274 0.0000000
v -0.0097391 0.0827152 0.0028883
v -0.0111816 0.0835378 0.0055426
v -0.0133385 0.0840739 0.0077478
v -0.0160351 0.0842798 0.0093254
v -0.0190529 0.0841391 0.0101475
v -0.1521474 0.0636630 0.0101475
v -0.1550680 0.0628901 0.0093254
v -0.1575779 0.0618832 0.0077478
v -0.1594740 0.0607236 0.0055426
v -0.1606025 0.0595055 0.0028883
v -0.0099358 0.0839938 0.0019396
v -0.0115591 0.0859914 0.0037221
v -0.0138662 0.0875037 0.0052030
v -0.0166702 0.0884080 0.0062624
v -0.0197440 0.0886312 0.0068145
v -0.1528385 0.0681551 0.0068145
v -0.1557031 0.0670183 0.0062624
v -0.1581056 0.0653130 0.0052030
v -0.1598515 0.0631772 0.0037221
v -0.1607992 0.0607841 0.0019396
v -0.0100341 0.0846323 0.0004712
v -0.0117476 0.0872167 0.0009043
v -0.0141297 0.0892164 0.0012641
v -0.0169874 0.0904694 0.0015215
v -0.0200891 0.0908743 0.0016556
v -0.1531836 0.0703982 0.0016556
v -0.1560202 0.0690798 0.0015215
v -0.1583691 0.0670257 0.0012641
v -0.1600400 0.0644024 0.0009043
v -0.1608974 0.0614225 0.0004712
v -0.0100075 0.0844596 -0.0011234
v -0.0116966 0.0868852 -0.0021558
v -0.0140584 0.0887531 -0.0030136
v -0.0169016 0.0899118 -0.0036272
v -0.0199957 0.0902675 -0.0039469
v -0.1530903 0.0697914 -0.0039469
v -0.1559344 0.0685221 -0.0036272
v -0.1582978 0.0665624 -0.0030136
v -0.1599890 0.0640710 -0.0021558
v -0.1608709 0.0612498 -0.0011234
v -0.0098632 0.0835219 -0.0024170
v -0.0114198 0.0850859 -0.0046383
v -0.0136715 0.0862379 -0.0064837
v -0.0164358 0.0868845 -0.0078039
v -0.0194889 0.0869733 -0.0084919
v -0.1525835 0.0664972 -0.0084919
v -0.1554687 0.0654948 -0.0078039
v -0.1579109 0.0640472 -0.0064837
v -0.1597122 0.0622717 -0.0046383
v -0.1607266 0.0603122 -0.0024170
v -0.0096400 0.0820706 -0.0030630
v -0.0109913 0.0823009 -0.0058779
v -0.0130725 0.0823447 -0.0082166
v -0.0157149 0.0821986 -0.0098896
v -0.0187045 0.0818744 -0.0107614
v -0.1517990 0.0613983 -0.0107614
v -0.1547478 0.0608089 -0.0098896
v -0.1573119 0.0601541 -0.0082166
v -0.1592837 0.0594867 -0.0058779
v -0.1605033 0.0588609 -0.0030630
v -0.0093975 0.0804945 -0.0028883
v -0.0105260 0.0792764 -0.0055426
v -0.0124221 0.0781168 -0.0077478
v -0.0149320 0.0771099 -0.0093254
v -0.0178526 0.0763370 -0.0101475
v -0.1509471 0.0558609 -0.0101475
v -0.1539649 0.0557202 -0.0093254
v -0.1566615 0.0559261 -0.0077478
v -0.1588184 0.0564622 -0.0055426
v -0.1602609 0.0572848 -0.0028883
v -0.0092008 0.0792159 -0.0019396
v -0.0101485 0.0768228 -0.0037221
v -0.0118944 0.0746870 -0.0052030
v -0.0142969 0.0729817 -0.0062624
v -0.0171615 0.0718449 -0.0068145
v -0.1502560 0.0513688 -0.0068145
v -0.1533298 0.0515920 -0.0062624
v -0.1561338 0.0524963 -0.0052030
v -0.1584409 0.0540086 -0.0037221
v -0.1600642 0.0560062 -0.0019396
v -0.0091026 0.0785775 -0.0004712
v -0.0099600 0.0755976 -0.0009043
v -0.0116309 0.0729743 -0.0012641
v -0.0139798 0.0709202 -0.0015215
v -0.0168164 0.0696018 -0.0016556
v -0.1499109 0.0491257 -0.0016556
v -0.1530126 0.0495306 -0.0015215
v -0.1558703 0.0507836 -0.0012641
v -0.1582524 0.0527833 -0.0009043
v -0.1599659 0.0553677 -0.0004712
v -0.0091291 0.0787502 0.0011234
v -0.0100110 0.0759290 0.0021558
v -0.0117022 0.0734376 0.0030136
v -0.0140656 0.0714779 0.0036272
v -0.0169097 0.0702086 0.0039469
v -0.1500043 0.0497325 0.0039469
v -0.1530984 0.0500882 0.0036272
v -0.1559416 0.0512469 0.0030136
v -0.1583034 0.0531148 0.0021558
v -0.1599925 0.0555404 0.0011234
v -0.0092734 0.0796878 0.0024170
v -0.0102878 0.0777283 0.0046383
v -0.0120891 0.0759528 0.0064837
v -0.0145313 0.0745052 0.0078039
v -0.0174165 0.0735028 0.0084919
v -0.1505111 0.0530267 0.0084919
v -0.1535642 0.0531155 0.0078039
v -0.1563285 0.0537621 0.0064837
v -0.1585802 0.0549141 0.0046383
v -0.1601368 0.0564781 0.0024170
v 0.0091279 0.0816726 -0.0000000
v 0.0096400 0.0820706 -0.0030630
v 0.0109913 0.0823009 -0.0058779
v 0.0130725 0.0823447 -0.0082166
v 0.0157149 0.0821986 -0.0098896
v 0.0187045 0.0818744 -0.0107614
v 0.1517990 0.0613983 -0.0107614
v 0.1547478 0.0608089 -0.0098896
v 0.1573119 0.0601541 -0.0082166
v 0.1592837 0.0594867 -0.0058779
v 0.1605033 0.0588609 -0.0030630
v 0.1608721 0.0583274 0.0000000
v 0.0098632 0.0835219 -0.0024170
v 0.0114198 0.0850859 -0.0046383
v 0.0136715 0.0862379 -0.0064837
v 0.0164358 0.0868845 -0.0078039
v 0.0194889 0.0869733 -0.0084919
v 0.1525835 0.0664972 -0.0084919
v 0.1554687 0.0654948 -0.0078039
v 0.1579109 0.0640472 -0.0064837
v 0.1597122 0.0622717 -0.0046383
v 0.1607266 0.0603122 -0.0024170
v 0.0100075 0.0844596 -0.0011234
v 0.0116966 0.0868852 -0.0021558
v 0.0140584 0.0887531 -0.0030136
v 0.0169016 0.0899118 -0.0036272
v 0.0199957 0.0902675 -0.0039469
v 0.1530903 0.0697914 -0.0039469
v 0.1559344 0.0685221 -0.0036272
v 0.1582978 0.0665624 -0.0030136
v 0.1599890 0.0640710 -0.0021558
v 0.1608709 0.0612498 -0.0011234
v 0.0100341 0.0846323 0.0004712
v 0.0117476 0.0872167 0.0009043
v 0.0141297 0.0892164 0.0012641
v 0.0169874 0.0904694 0.0015215
v 0.0200891 0.0908743 0.0016556
v 0.1531836 0.0703982 0.0016556
v 0.1560202 0.0690798 0.0015215
v 0.1583691 0.0670257 0.0012641
v 0.1600400 0.0644024 0.0009043
v 0.1608974 0.0614225 0.0004712
v 0.0099358 0.0839938 0.0019396
v 0.0115591 0.0859914 0.0037221
v 0.0138662 0.0875037 0.0052030
v 0.0166702 0.0884080 0.0062624
v 0.0197440 0.0886312 0.0068145
v 0.1528385 0.0681551 0.0068145
v 0.1557031 0.0670183 0.0062624
v 0.1581056 0.0653130 0.0052030
v 0.1598515 0.0631772 0.0037221
v 0.1607992 0.0607841 0.0019396
v 0.0097391 0.0827152 0.0028883
v 0.0111816 0.0835378 0.0055426
v 0.0133385 0.0840739 0.0077478
v 0.0160351 0.0842798 0.0093254
v 0.0190529 0.0841391 0.0101475
v 0.1521474 0.0636630 0.0101475
v 0.1550680 0.0628901 0.0093254
v 0.1575779 0.0618832 0.0077478
v 0.1594740 0.0607236 0.0055426
v 0.1606025 0.0595055 0.0028883
v 0.0094967 0.0811391 0.0030630
v 0.0107163 0.0805133 0.0058779
v 0.0126881 0.0798459 0.0082166
v 0.0152522 0.0791911 0.0098896
v 0.0182010 0.0786017 0.0107614
v 0.1512955 0.0581256 0.0107614
v 0.1542851 0.0578014 0.0098896
v 0.1569275 0.0576553 0.0082166
v 0.1590087 0.0576991 0.0058779
v 0.1603600 0.0579294 0.0030630
v 0.0092734 0.0796878 0.0024170
v 0.0102878 0.0777283 0.0046383
v 0.0120891 0.0759528 0.0064837
v 0.0145313 0.0745052 0.0078039
v 0.0174165 0.0735028 0.0084919
v 0.1505111 0.0530267 0.0084919
v 0.1535642 0.0531155 0.0078039
v 0.1563285 0.0537621 0.0064837
v 0.1585802 0.0549141 0.0046383
v 0.1601368 0.0564781 0.0024170
v 0.0091291 0.0787502 0.0011234
v 0.0100110 0.0759290 0.0021558
v 0.0117022 0.0734376 0.0030136
v 0.0140656 0.0714779 0.0036272
v 0.0169097 0.0702086 0.0039469
v 0.1500043 0.0497325 0.0039469
v 0.1530984 0.0500882 0.0036272
v 0.1559416 0.0512469 0.0030136
v 0.1583034 0.0531148 0.0021558
v 0.1599925 0.0555404 0.0011234
v 0.0091026 0.0785775 -0.0004712
v 0.0099600 0.0755976 -0.0009043
v 0.0116309 0.0729743 -0.0012641
v 0.0139798 0.0709202 -0.0015215
v 0.0168164 0.0696018 -0.0016556
v 0.1499109 0.0491257 -0.0016556
v 0.1530126 0.0495306 -0.0015215
v 0.1558703 0.0507836 -0.0012641
v 0.1582524 0.0527833 -0.0009043
v 0.1599659 0.0553677 -0.0004712
v 0.0092008 0.0792159 -0.0019396
v 0.0101485 0.0768228 -0.0037221
v 0.0118944 0.0746870 -0.0052030
v 0.0142969 0.0729817 -0.0062624
v 0.0171615 0.0718449 -0.0068145
v 0.1502560 0.0513688 -0.0068145
v 0.1533298 0.0515920 -0.0062624
v 0.1561338 0.0524963 -0.0052030
v 0.1584409 0.0540086 -0.0037221
v 0.1600642 0.0560062 -0.0019396
v 0.0093975 0.0804945 -0.0028883
v 0.0105260 0.0792764 -0.0055426
v 0.0124221 0.0781168 -0.0077478
v 0.0149320 0.0771099 -0.0093254
v 0.0178526 0.0763370 -0.0101475
v 0.1509471 0.0558609 -0.0101475
v 0.1539649 0.0557202 -0.0093254
v 0.1566615 0.0559261 -0.0077478
v 0.1588184 0.0564622 -0.0055426
v 0.1602609 0.0572848 -0.0028883
v -0.1610000 0.0200000 -0.0200000
v -0.1605544 0.0200000 -0.0230991
v -0.1592538 0.0200000 -0.0259470
v -0.1572035 0.0200000 -0.0283132
v -0.1545696 0.0200000 -0.0300060
v -0.1515655 0.0200000 -0.0308880
v -0.0284345 0.0200000 -0.0308880
v -0.0254304 0.0200000 -0.0300060
v -0.0227965 0.0200000 -0.0283132
v -0.0207462 0.0200000 -0.0259470
v -0.0194456 0.0200000 -0.0230991
v -0.0190000 0.0200000 -0.0200000
v -0.1605544 0.0215495 -0.0226839
v -0.1592538 0.0229735 -0.0251503
v -0.1572035 0.0241566 -0.0271995
v -0.1545696 0.0250030 -0.0286654
v -0.1515655 0.0254440 -0.0294293
v -0.0284345 0.0254440 -0.0294293
v -0.0254304 0.0250030 -0.0286654
v -0.0227965 0.0241566 -0.0271995
v -0.0207462 0.0229735 -0.0251503
v -0.0194456 0.0215495 -0.0226839
v -0.1605544 0.0226839 -0.0215495
v -0.1592538 0.0251503 -0.0229735
v -0.1572035 0.0271995 -0.0241566
v -0.1545696 0.0286654 -0.0250030
v -0.1515655 0.0294293 -0.0254440
v -0.0284345 0.0294293 -0.0254440
v -0.0254304 0.0286654 -0.0250030
v -0.0227965 0.0271995 -0.0241566
v -0.0207462 0.0251503 -0.0229735
v -0.0194456 0.0226839 -0.0215495
v -0.1605544 0.0230991 -0.0200000
v -0.1592538 0.0259470 -0.0200000
v -0.1572035 0.0283132 -0.0200000
v -0.1545696 0.0300060 -0.0200000
v -0.1515655 0.0308880 -0.0200000
v -0.0284345 0.0308880 -0.0200000
v -0.0254304 0.0300060 -0.0200000
v -0.0227965 0.0283132 -0.0200000
v -0.0207462 0.0259470 -0.0200000
v -0.0194456 0.0230991 -0.0200000
v -0.1605544 0.0226839 -0.0184505
v -0.1592538 0.0251503 -0.0170265
v -0.1572035 0.0271995 -0.0158434
v -0.1545696 0.0286654 -0.0149970
v -0.1515655 0.0294293 -0.0145560
v -0.0284345 0.0294293 -0.0145560
v -0.0254304 0.0286654 -0.0149970
v -0.0227965 0.0271995 -0.0158434
v -0.0207462 0.0251503 -0.0170265
v -0.0194456 0.0226839 -0.0184505
v -0.1605544 0.0215495 -0.0173161
v -0.1592538 0.0229735 -0.0148497
v -0.1572035 0.0241566 -0.0128005
v -0.1545696 0.0250030 -0.0113346
v -0.1515655 0.0254440 -0.0105707
v -0.0284345 0.0254440 -0.0105707
v -0.0254304 0.0250030 -0.0113346
v -0.0227965 0.0241566 -0.0128005
v -0.0207462 0.0229735 -0.0148497
v -0.0194456 0.0215495 -0.0173161
v -0.1605544 0.0200000 -0.0169009
v -0.1592538 0.0200000 -0.0140530
v -0.1572035 0.0200000 -0.0116868
v -0.1545696 0.0200000 -0.0099940
v -0.1515655 0.0200000 -0.0091120
v -0.0284345 0.0200000 -0.0091120
v -0.0254304 0.0200000 -0.0099940
v -0.0227965 0.0200000 -0.0116868
v -0.0207462 0.0200000 -0.0140530
v -0.0194456 0.0200000 -0.0169009
v -0.1605544 0.0184505 -0.0173161
v -0.1592538 0.0170265 -0.0148497
v -0.1572035 0.0158434 -0.0128005
v -0.1545696 0.0149970 -0.0113346
v -0.1515655 0.0145560 -0.0105707
v -0.0284345 0.0145560 -0.0105707
v -0.0254304 0.0149970 -0.0113346
v -0.0227965 0.0158434 -0.0128005
v -0.0207462 0.0170265 -0.0148497
v -0.0194456 0.0184505 -0.0173161
v -0.1605544 0.0173161 -0.0184505
v -0.1592538 0.0148497 -0.0170265
v -0.1572035 0.0128005 -0.0158434
v -0.1545696 0.0113346 -0.0149970
v -0.1515655 0.0105707 -0.0145560
v -0.0284345 0.0105707 -0.0145560
v -0.0254304 0.0113346 -0.0149970
v -0.0227965 0.0128005 -0.0158434
v -0.0207462 0.0148497 -0.0170265
v -0.0194456 0.0173161 -0.0184505
v -0.1605544 0.0169009 -0.0200000
v -0.1592538 0.0140530 -0.0200000
v -0.1572035 0.0116868 -0.0200000
v -0.1545696 0.0099940 -0.0200000
v -0.1515655 0.0091120 -0.0200000
v -0.0284345 0.0091120 -0.0200000
v -0.0254304 0.0099940 -0.0200000
v -0.0227965 0.0116868 -0.0200000
v -0.0207462 0.0140530 -0.0200000
v -0.0194456 0.0169009 -0.0200000
v -0.1605544 0.0173161 -0.0215495
v -0.1592538 0.0148497 -0.0229735
v -0.1572035 0.0128005 -0.0241566
v -0.1545696 0.0113346 -0.0250030
v -0.1515655 0.0105707 -0.0254440
v -0.0284345 0.0105707 -0.0254440
v -0.0254304 0.0113346 -0.0250030
v -0.0227965 0.0128005 -0.0241566
v -0.0207462 0.0148497 -0.0229735
v -0.0194456 0.0173161 -0.0215495
v -0.1605544 0.0184505 -0.0226839
v -0.1592538 0.0170265 -0.0251503
v -0.1572035 0.0158434 -0.0271995
v -0.1545696 0.0149970 -0.0286654
v -0.1515655 0.0145560 -0.0294293
v -0.0284345 0.0145560 -0.0294293
v -0.0254304 0.0149970 -0.0286654
v -0.0227965 0.0158434 -0.0271995
v -0.0207462 0.0170265 -0.0251503
v -0.0194456 0.0184505 -0.0226839
v 0.1610000 0.0200000 -0.0200000
v 0.1605544 0.0200000 -0.0169009
v 0.1592538 0.0200000 -0.0140530
v 0.1572035 0.0200000 -0.0116868
v 0.1545696 0.0200000 -0.0099940
v 0.1515655 0.0200000 -0.0091120
v 0.0284345 0.0200000 -0.0091120
v 0.0254304 0.0200000 -0.0099940
v 0.0227965 0.0200000 -0.0116868
v 0.0207462 0.0200000 -0.0140530
v 0.0194456 0.0200000 -0.0169009
v 0.0190000 0.0200000 -0.0200000
v 0.1605544 0.0215495 -0.0173161
v 0.1592538 0.0229735 -0.0148497
v 0.1572035 0.0241566 -0.0128005
v 0.1545696 0.0250030 -0.0113346
v 0.1515655 0.0254440 -0.0105707
v 0.0284345 0.0254440 -0.0105707
v 0.0254304 0.0250030 -0.0113346
v 0.0227965 0.0241566 -0.0128005
v 0.0207462 0.0229735 -0.0148497
v 0.0194456 0.0215495 -0.0173161
v 0.1605544 0.0226839 -0.0184505
v 0.1592538 0.0251503 -0.0170265
v 0.1572035 0.0271995 -0.0158434
v 0.1545696 0.0286654 -0.0149970
v 0.1515655 0.0294293 -0.0145560
v 0.0284345 0.0294293 -0.0145560
v 0.0254304 0.0286654 -0.0149970
v 0.0227965 0.0271995 -0.0158434
v 0.0207462 0.0251503 -0.0170265
v 0.0194456 0.0226839 -0.0184505
v 0.1605544 0.0230991 -0.0200000
v 0.1592538 0.0259470 -0.0200000
v 0.1572035 0.0283132 -0.0200000
v 0.1545696 0.0300060 -0.0200000
v 0.1515655 0.0308880 -0.0200000
v 0.0284345 0.0308880 -0.0200000
v 0.0254304 0.0300060 -0.0200000
v 0.0227965 0.0283132 -0.0200000
v 0.0207462 0.0259470 -0.0200000
v 0.0194456 0.0230991 -0.0200000
v 0.1605544 0.0226839 -0.0215495
v 0.1592538 0.0251503 -0.0229735
v 0.1572035 0.0271995 -0.0241566
v 0.1545696 0.0286654 -0.0250030
v 0.1515655 0.0294293 -0.0254440
v 0.0284345 0.0294293 -0.0254440
v 0.0254304 0.0286654 -0.0250030
v 0.0227965 0.0271995 -0.0241566
v 0.0207462 0.0251503 -0.0229735
v 0.0194456 0.0226839 -0.0215495
v 0.1605544 0.0215495 -0.0226839
v 0.1592538 0.0229735 -0.0251503
v 0.1572035 0.0241566 -0.0271995
v 0.1545696 0.0250030 -0.0286654
v 0.1515655 0.0254440 -0.0294293
v 0.0284345 0.0254440 -0.0294293
v 0.0254304 0.0250030 -0.0286654
v 0.0227965 0.0241566 -0.0271995
v 0.0207462 0.0229735 -0.0251503
v 0.0194456 0.0215495 -0.0226839
v 0.1605544 0.0200000 -0.0230991
v 0.1592538 0.0200000 -0.0259470
v 0.1572035 0.0200000 -0.0283132
v 0.1545696 0.0200000 -0.0300060
v 0.1515655 0.0200000 -0.0308880
v 0.0284345 0.0200000 -0.0308880
v 0.0254304 0.0200000 -0.0300060
v 0.0227965 0.0200000 -0.0283132
v 0.0207462 0.0200000 -0.0259470
v 0.0194456 0.0200000 -0.0230991
v 0.1605544 0.0184505 -0.0226839
v 0.1592538 0.0170265 -0.0251503
v 0.1572035 0.0158434 -0.0271995
v 0.1545696 0.0149970 -0.0286654
v 0.1515655 0.0145560 -0.0294293
v 0.0284345 0.0145560 -0.0294293
v 0.0254304 0.0149970 -0.0286654
v 0.0227965 0.0158434 -0.0271995
v 0.0207462 0.0170265 -0.0251503
v 0.0194456 0.0184505 -0.0226839
v 0.1605544 0.0173161 -0.0215495
v 0.1592538 0.0148497 -0.0229735
v 0.1572035 0.0128005 -0.0241566
v 0.1545696 0.0113346 -0.0250030
v 0.1515655 0.0105707 -0.0254440
v 0.0284345 0.0105707 -0.0254440
v 0.0254304 0.0113346 -0.0250030
v 0.0227965 0.0128005 -0.0241566
v 0.0207462 0.0148497 -0.0229735
v 0.0194456 0.0173161 -0.0215495
v 0.1605544 0.0169009 -0.0200000
v 0.1592538 0.0140530 -0.0200000
v 0.1572035 0.0116868 -0.0200000
v 0.1545696 0.0099940 -0.0200000
v 0.1515655 0.0091120 -0.0200000
v 0.0284345 0.0091120 -0.0200000
v 0.0254304 0.0099940 -0.0200000
v 0.0227965 0.0116868 -0.0200000
v 0.0207462 0.0140530 -0.0200000
v 0.0194456 0.0169009 -0.0200000
v 0.1605544 0.0173161 -0.0184505
v 0.1592538 0.0148497 -0.0170265
v 0.1572035 0.0128005 -0.0158434
v 0.1545696 0.0113346 -0.0149970
v 0.1515655 0.0105707 -0.0145560
v 0.0284345 0.0105707 -0.0145560
v 0.0254304 0.0113346 -0.0149970
v 0.0227965 0.0128005 -0.0158434
v 0.0207462 0.0148497 -0.0170265
v 0.0194456 0.0173161 -0.0184505
v 0.1605544 0.0184505 -0.0173161
v 0.1592538 0.0170265 -0.0148497
v 0.1572035 0.0158434 -0.0128005
v 0.1545696 0.0149970 -0.0113346
v 0.1515655 0.0145560 -0.0105707
v 0.0284345 0.0145560 -0.0105707
v 0.0254304 0.0149970 -0.0113346
v 0.0227965 0.0158434 -0.0128005
v 0.0207462 0.0170265 -0.0148497
v 0.0194456 0.0184505 -0.0173161
v -0.0190838 -0.3295597 -0.0000000
v -0.0167644 -0.3314328 0.0016668
v -0.0151122 -0.3339999 0.0031985
v -0.0142611 -0.3370531 0.0044711
v -0.0142799 -0.3403450 0.0053815
v -0.0151672 -0.3436090 0.0058559
v -0.1018511 -0.4965806 0.0058559
v -0.1041952 -0.4990191 0.0053815
v -0.1070096 -0.5007269 0.0044711
v -0.1100662 -0.5015657 0.0031985
v -0.1131175 -0.5014675 0.0016668
v -0.1159162 -0.5004403 0.0000000
v -0.0178324 -0.3308276 0.0029141
v -0.0171615 -0.3328386 0.0055922
v -0.0171258 -0.3354297 0.0078172
v -0.0177279 -0.3383911 0.0094089
v -0.0189192 -0.3414829 0.0102384
v -0.1056031 -0.4944545 0.0102384
v -0.1076432 -0.4970652 0.0094089
v -0.1098743 -0.4991036 0.0078172
v -0.1121155 -0.5004044 0.0055922
v -0.1141854 -0.5008623 0.0029141
v -0.0192998 -0.3299961 0.0033807
v -0.0199776 -0.3312428 0.0064875
v -0.0210622 -0.3331991 0.0090687
v -0.0224659 -0.3357063 0.0109152
v -0.0240749 -0.3385613 0.0118775
v -0.1107588 -0.4915329 0.0118775
v -0.1123812 -0.4943804 0.0109152
v -0.1138107 -0.4968729 0.0090687
v -0.1149315 -0.4988087 0.0064875
v -0.1156528 -0.5000308 0.0033807
v -0.0207736 -0.3291609 0.0029414
v -0.0228058 -0.3296402 0.0056444
v -0.0250157 -0.3309588 0.0078902
v -0.0272244 -0.3330098 0.0094968
v -0.0292528 -0.3356271 0.0103340
v -0.1159367 -0.4885988 0.0103340
v -0.1171397 -0.4916839 0.0094968
v -0.1177642 -0.4946326 0.0078902
v -0.1177598 -0.4972060 0.0056444
v -0.1171266 -0.4991956 0.0029414
v -0.0218589 -0.3285459 0.0017139
v -0.0248884 -0.3284601 0.0032890
v -0.0279269 -0.3293091 0.0045976
v -0.0307283 -0.3310242 0.0055337
v -0.0330657 -0.3334665 0.0060215
v -0.1197496 -0.4864382 0.0060215
v -0.1206436 -0.4896983 0.0055337
v -0.1206754 -0.4929829 0.0045976
v -0.1198423 -0.4960259 0.0032890
v -0.1182119 -0.4985807 0.0017139
v -0.0222648 -0.3283159 0.0000272
v -0.0256673 -0.3280187 0.0000522
v -0.0290157 -0.3286921 0.0000730
v -0.0320388 -0.3302816 0.0000879
v -0.0344917 -0.3326585 0.0000956
v -0.1211756 -0.4856301 0.0000956
v -0.1219542 -0.4889557 0.0000879
v -0.1217642 -0.4923659 0.0000730
v -0.1206212 -0.4955845 0.0000522
v -0.1186178 -0.4983506 0.0000272
v -0.0218825 -0.3285325 -0.0016668
v -0.0249338 -0.3284343 -0.0031985
v -0.0279904 -0.3292731 -0.0044711
v -0.0308048 -0.3309809 -0.0053815
v -0.0331489 -0.3334194 -0.0058559
v -0.1198328 -0.4863910 -0.0058559
v -0.1207201 -0.4896550 -0.0053815
v -0.1207389 -0.4929469 -0.0044711
v -0.1198878 -0.4960001 -0.0031985
v -0.1182356 -0.4985672 -0.0016668
v -0.0208146 -0.3291377 -0.0029141
v -0.0228845 -0.3295956 -0.0055922
v -0.0251257 -0.3308964 -0.0078172
v -0.0273568 -0.3329348 -0.0094089
v -0.0293969 -0.3355455 -0.0102384
v -0.1160808 -0.4885171 -0.0102384
v -0.1172721 -0.4916089 -0.0094089
v -0.1178742 -0.4945703 -0.0078172
v -0.1178385 -0.4971614 -0.0055922
v -0.1171676 -0.4991724 -0.0029141
v -0.0193472 -0.3299692 -0.0033807
v -0.0200685 -0.3311913 -0.0064875
v -0.0211893 -0.3331271 -0.0090687
v -0.0226188 -0.3356196 -0.0109152
v -0.0242412 -0.3384671 -0.0118775
v -0.1109251 -0.4914387 -0.0118775
v -0.1125341 -0.4942937 -0.0109152
v -0.1139378 -0.4968009 -0.0090687
v -0.1150224 -0.4987572 -0.0064875
v -0.1157002 -0.5000039 -0.0033807
v -0.0178734 -0.3308044 -0.0029414
v -0.0172402 -0.3327940 -0.0056444
v -0.0172358 -0.3353674 -0.0078902
v -0.0178603 -0.3383161 -0.0094968
v -0.0190633 -0.3414012 -0.0103340
v -0.1057472 -0.4943729 -0.0103340
v -0.1077756 -0.4969902 -0.0094968
v -0.1099843 -0.4990412 -0.0078902
v -0.1121942 -0.5003598 -0.0056444
v -0.1142264 -0.5008391 -0.0029414
v -0.0167881 -0.3314193 -0.0017139
v -0.0151577 -0.3339741 -0.0032890
v -0.0143246 -0.3370171 -0.0045976
v -0.0143564 -0.3403017 -0.0055337
v -0.0152504 -0.3435618 -0.0060215
v -0.1019343 -0.4965335 -0.0060215
v -0.1042717 -0.4989758 -0.0055337
v -0.1070731 -0.5006909 -0.0045976
v -0.1101116 -0.5015399 -0.0032890
v -0.1131411 -0.5014541 -0.0017139
v -0.0163822 -0.3316494 -0.0000272
v -0.0143788 -0.3344155 -0.0000522
v -0.0132358 -0.3376341 -0.0000730
v -0.0130458 -0.3410443 -0.0000879
v -0.0138244 -0.3443699 -0.0000956
v -0.1005083 -0.4973415 -0.0000956
v -0.1029612 -0.4997184 -0.0000879
v -0.1059843 -0.5013079 -0.0000730
v -0.1093327 -0.5019813 -0.0000522
v -0.1127352 -0.5016841 -0.0000272
v 0.0190838 -0.3295597 -0.0000000
v 0.0218825 -0.3285325 -0.0016668
v 0.0249338 -0.3284343 -0.0031985
v 0.0279904 -0.3292731 -0.0044711
v 0.0308048 -0.3309809 -0.0053815
v 0.0331489 -0.3334194 -0.0058559
v 0.1198328 -0.4863910 -0.0058559
v 0.1207201 -0.4896550 -0.0053815
v 0.1207389 -0.4929469 -0.0044711
v 0.1198878 -0.4960001 -0.0031985
v 0.1182356 -0.4985672 -0.0016668
v 0.1159162 -0.5004403 0.0000000
v 0.0222648 -0.3283159 0.0000272
v 0.0256673 -0.3280187 0.0000522
v 0.0290157 -0.3286921 0.0000730
v 0.0320388 -0.3302816 0.0000879
v 0.0344917 -0.3326585 0.0000956
v 0.1211756 -0.4856301 0.0000956
v 0.1219542 -0.4889557 0.0000879
v 0.1217642 -0.4923659 0.0000730
v 0.1206212 -0.4955845 0.0000522
v 0.1186178 -0.4983506 0.0000272
v 0.0218589 -0.3285459 0.0017139
v 0.0248884 -0.3284601 0.0032890
v 0.0279269 -0.3293091 0.0045976
v 0.0307283 -0.3310242 0.0055337
v 0.0330657 -0.3334665 0.0060215
v 0.1197496 -0.4864382 0.0060215
v 0.1206436 -0.4896983 0.0055337
v 0.1206754 -0.4929829 0.0045976
v 0.1198423 -0.4960259 0.0032890
v 0.1182119 -0.4985807 0.0017139
v 0.0207736 -0.3291609 0.0029414
v 0.0228058 -0.3296402 0.0056444
v 0.0250157 -0.3309588 0.0078902
v 0.0272244 -0.3330098 0.0094968
v 0.0292528 -0.3356271 0.0103340
v 0.1159367 -0.4885988 0.0103340
v 0.1171397 -0.4916839 0.0094968
v 0.1177642 -0.4946326 0.0078902
v 0.1177598 -0.4972060 0.0056444
v 0.1171266 -0.4991956 0.0029414
v 0.0192998 -0.3299961 0.0033807
v 0.0199776 -0.3312428 0.0064875
v 0.0210622 -0.3331991 0.0090687
v 0.0224659 -0.3357063 0.0109152
v 0.0240749 -0.3385613 0.0118775
v 0.1107588 -0.4915329 0.0118775
v 0.1123812 -0.4943804 0.0109152
v 0.1138107 -0.4968729 0.0090687
v 0.1149315 -0.4988087 0.0064875
v 0.1156528 -0.5000308 0.0033807
v 0.0178324 -0.3308276 0.0029141
v 0.0171615 -0.3328386 0.0055922
v 0.0171258 -0.3354297 0.0078172
v 0.0177279 -0.3383911 0.0094089
v 0.0189192 -0.3414829 0.0102384
v 0.1056031 -0.4944545 0.0102384
v 0.1076432 -0.4970652 0.0094089
v 0.1098743 -0.4991036 0.0078172
v 0.1121155 -0.5004044 0.0055922
v 0.1141854 -0.5008623 0.0029141
v 0.0167644 -0.3314328 0.0016668
v 0.0151122 -0.3339999 0.0031985
v 0.0142611 -0.3370531 0.0044711
v 0.0142799 -0.3403450 0.0053815
v 0.0151672 -0.3436090 0.0058559
v 0.1018511 -0.4965806 0.0058559
v 0.1041952 -0.4990191 0.0053815
v 0.1070096 -0.5007269 0.0044711
v 0.1100662 -0.5015657 0.0031985
v 0.1131175 -0.5014675 0.0016668
v 0.0163822 -0.3316494 -0.0000272
v 0.0143788 -0.3344155 -0.0000522
v 0.0132358 -0.3376341 -0.0000730
v 0.0130458 -0.3410443 -0.0000879
v 0.0138244 -0.3443699 -0.0000956
v 0.1005083 -0.4973415 -0.0000956
v 0.1029612 -0.4997184 -0.0000879
v 0.1059843 -0.5013079 -0.0000730
v 0.1093327 -0.5019813 -0.0000522
v 0.1127352 -0.5016841 -0.0000272
v 0.0167881 -0.3314193 -0.0017139
v 0.0151577 -0.3339741 -0.0032890
v 0.0143246 -0.3370171 -0.0045976
v 0.0143564 -0.3403017 -0.0055337
v 0.0152504 -0.3435618 -0.0060215
v 0.1019343 -0.4965335 -0.0060215
v 0.1042717 -0.4989758 -0.0055337
v 0.1070731 -0.5006909 -0.0045976
v 0.1101116 -0.5015399 -0.0032890
v 0.1131411 -0.5014541 -0.0017139
v 0.0178734 -0.3308044 -0.0029414
v 0.0172402 -0.3327940 -0.0056444
v 0.0172358 -0.3353674 -0.0078902
v 0.0178603 -0.3383161 -0.0094968
v 0.0190633 -0.3414012 -0.0103340
v 0.1057472 -0.4943729 -0.0103340
v 0.1077756 -0.4969902 -0.0094968
v 0.1099843 -0.4990412 -0.0078902
v 0.1121942 -0.5003598 -0.0056444
v 0.1142264 -0.5008391 -0.0029414
v 0.0193472 -0.3299692 -0.0033807
v 0.0200685 -0.3311913 -0.0064875
v 0.0211893 -0.3331271 -0.0090687
v 0.0226188 -0.3356196 -0.0109152
v 0.0242412 -0.3384671 -0.0118775
v 0.1109251 -0.4914387 -0.0118775
v 0.1125341 -0.4942937 -0.0109152
v 0.1139378 -0.4968009 -0.0090687
v 0.1150224 -0.4987572 -0.0064875
v 0.1157002 -0.5000039 -0.0033807
v 0.0208146 -0.3291377 -0.0029141
v 0.0228845 -0.3295956 -0.0055922
v 0.0251257 -0.3308964 -0.0078172
v 0.0273568 -0.3329348 -0.0094089
v 0.0293969 -0.3355455 -0.0102384
v 0.1160808 -0.4885171 -0.0102384
v 0.1172721 -0.4916089 -0.0094089
v 0.1178742 -0.4945703 -0.0078172
v 0.1178385 -0.4971614 -0.0055922
v 0.1171676 -0.4991724 -0.0029141
v -0.1087169 -0.4790939 0.0093585
v -0.1057097 -0.4798744 0.0097459
v -0.1030500 -0.4814751 0.0101540
v -0.1009534 -0.4837665 0.0105496
v -0.0995897 -0.4865628 0.0109006
v -0.0990693 -0.4896377 0.0111787
v -0.1194345 -0.6627419 0.0213613
v -0.1206557 -0.6656239 0.0214336
v -0.1226339 -0.6680504 0.0213898
v -0.1252088 -0.6698246 0.0212334
v -0.1281719 -0.6708029 0.0209770
v -0.1312831 -0.6709061 0.0206415
v -0.1062889 -0.4797187 0.0112338
v -0.1041615 -0.4811764 0.0130092
v -0.1025071 -0.4833489 0.0145408
v -0.1014597 -0.4860603 0.0157045
v -0.1011042 -0.4890908 0.0164061
v -0.1214694 -0.6621950 0.0265887
v -0.1225257 -0.6651213 0.0262375
v -0.1241875 -0.6676328 0.0253810
v -0.1263202 -0.6695259 0.0240886
v -0.1287511 -0.6706473 0.0224649
v -0.1075326 -0.4795140 0.0122261
v -0.1065481 -0.4807836 0.0149135
v -0.1058433 -0.4827998 0.0172027
v -0.1054752 -0.4853994 0.0189085
v -0.1054737 -0.4883716 0.0198925
v -0.1258389 -0.6614758 0.0300751
v -0.1265412 -0.6644605 0.0294415
v -0.1275238 -0.6670837 0.0280430
v -0.1287069 -0.6691331 0.0259928
v -0.1299948 -0.6704426 0.0234572
v -0.1091076 -0.4793151 0.0124570
v -0.1095705 -0.4804019 0.0153566
v -0.1100682 -0.4822663 0.0178221
v -0.1105604 -0.4847573 0.0196540
v -0.1110072 -0.4876729 0.0207038
v -0.1313724 -0.6607771 0.0308864
v -0.1316264 -0.6638183 0.0301870
v -0.1317486 -0.6665502 0.0286624
v -0.1317292 -0.6687515 0.0264360
v -0.1315697 -0.6702437 0.0236881
v -0.1105918 -0.4791754 0.0118647
v -0.1124187 -0.4801337 0.0142198
v -0.1140497 -0.4818914 0.0162330
v -0.1153526 -0.4843060 0.0177413
v -0.1162218 -0.4871819 0.0186225
v -0.1365870 -0.6602861 0.0288051
v -0.1364186 -0.6633671 0.0282744
v -0.1357301 -0.6661753 0.0270733
v -0.1345775 -0.6684833 0.0252992
v -0.1330540 -0.6701039 0.0230957
v -0.1115876 -0.4791321 0.0106077
v -0.1143296 -0.4800508 0.0118077
v -0.1167209 -0.4817755 0.0128612
v -0.1185677 -0.4841665 0.0136830
v -0.1197204 -0.4870300 0.0142064
v -0.1400856 -0.6601342 0.0243890
v -0.1396337 -0.6632275 0.0242160
v -0.1384014 -0.6660594 0.0237015
v -0.1364884 -0.6684003 0.0228871
v -0.1340498 -0.6700607 0.0218388
v -0.1118281 -0.4791971 0.0090230
v -0.1147912 -0.4801754 0.0087666
v -0.1173661 -0.4819496 0.0086102
v -0.1193443 -0.4843761 0.0085664
v -0.1205655 -0.4872581 0.0086387
v -0.1409307 -0.6603623 0.0188213
v -0.1404103 -0.6634372 0.0190994
v -0.1390466 -0.6662335 0.0194504
v -0.1369500 -0.6685249 0.0198460
v -0.1342903 -0.6701256 0.0202541
v -0.1112489 -0.4793527 0.0075351
v -0.1136798 -0.4804741 0.0059114
v -0.1158125 -0.4823672 0.0046190
v -0.1174743 -0.4848787 0.0037625
v -0.1185306 -0.4878050 0.0034113
v -0.1388958 -0.6609092 0.0135939
v -0.1385403 -0.6639397 0.0142955
v -0.1374929 -0.6666511 0.0154592
v -0.1358385 -0.6688236 0.0169908
v -0.1337111 -0.6702813 0.0187662
v -0.1100052 -0.4795574 0.0065428
v -0.1112931 -0.4808669 0.0040072
v -0.1124762 -0.4829163 0.0019570
v -0.1134588 -0.4855395 0.0005585
v -0.1141611 -0.4885242 -0.0000751
v -0.1345263 -0.6616284 0.0101075
v -0.1345248 -0.6646006 0.0110915
v -0.1341567 -0.6672002 0.0127973
v -0.1334519 -0.6692164 0.0150865
v -0.1324674 -0.6704860 0.0177739
v -0.1084303 -0.4797563 0.0063119
v -0.1082708 -0.4812485 0.0035640
v -0.1082514 -0.4834498 0.0013376
v -0.1083736 -0.4861817 -0.0001870
v -0.1086276 -0.4892229 -0.0008864
v -0.1289928 -0.6623271 0.0092962
v -0.1294396 -0.6652427 0.0103460
v -0.1299318 -0.6677337 0.0121779
v -0.1304295 -0.6695981 0.0146434
v -0.1308924 -0.6706849 0.0175430
v -0.1069460 -0.4798961 0.0069043
v -0.1054225 -0.4815167 0.0047008
v -0.1042699 -0.4838247 0.0029267
v -0.1035814 -0.4866329 0.0017256
v -0.1034130 -0.4897139 0.0011949
v -0.1237782 -0.6628181 0.0113775
v -0.1246474 -0.6656940 0.0122587
v -0.1259503 -0.6681086 0.0137670
v -0.1275813 -0.6698663 0.0157802
v -0.1294082 -0.6708246 0.0181353
v -0.1059502 -0.4799393 0.0081612
v -0.1035116 -0.4815997 0.0071129
v -0.1015986 -0.4839406 0.0062985
v -0.1003663 -0.4867725 0.0057840
v -0.0999144 -0.4898658 0.0056110
v -0.1202796 -0.6629700 0.0157936
v -0.1214323 -0.6658335 0.0163170
v -0.1232791 -0.6682245 0.0171388
v -0.1256704 -0.6699492 0.0181923
v -0.1284124 -0.6708679 0.0193923
v 0.1087169 -0.4790939 0.0093585
v 0.1118281 -0.4791971 0.0090230
v 0.1147912 -0.4801754 0.0087666
v 0.1173661 -0.4819496 0.0086102
v 0.1193443 -0.4843761 0.0085664
v 0.1205655 -0.4872581 0.0086387
v 0.1409307 -0.6603623 0.0188213
v 0.1404103 -0.6634372 0.0190994
v 0.1390466 -0.6662335 0.0194504
v 0.1369500 -0.6685249 0.0198460
v 0.1342903 -0.6701256 0.0202541
v 0.1312831 -0.6709061 0.0206415
v 0.1115876 -0.4791321 0.0106077
v 0.1143296 -0.4800508 0.0118077
v 0.1167209 -0.4817755 0.0128612
v 0.1185677 -0.4841665 0.0136830
v 0.1197204 -0.4870300 0.0142064
v 0.1400856 -0.6601342 0.0243890
v 0.1396337 -0.6632275 0.0242160
v 0.1384014 -0.6660594 0.0237015
v 0.1364884 -0.6684003 0.0228871
v 0.1340498 -0.6700607 0.0218388
v 0.1105918 -0.4791754 0.0118647
v 0.1124187 -0.4801337 0.0142198
v 0.1140497 -0.4818914 0.0162330
v 0.1153526 -0.4843060 0.0177413
v 0.1162218 -0.4871819 0.0186225
v 0.1365870 -0.6602861 0.0288051
v 0.1364186 -0.6633671 0.0282744
v 0.1357301 -0.6661753 0.0270733
v 0.1345775 -0.6684833 0.0252992
v 0.1330540 -0.6701039 0.0230957
v 0.1091076 -0.4793151 0.0124570
v 0.1095705 -0.4804019 0.0153566
v 0.1100682 -0.4822663 0.0178221
v 0.1105604 -0.4847573 0.0196540
v 0.1110072 -0.4876729 0.0207038
v 0.1313724 -0.6607771 0.0308864
v 0.1316264 -0.6638183 0.0301870
v 0.1317486 -0.6665502 0.0286624
v 0.1317292 -0.6687515 0.0264360
v 0.1315697 -0.6702437 0.0236881
v 0.1075326 -0.4795140 0.0122261
v 0.1065481 -0.4807836 0.0149135
v 0.1058433 -0.4827998 0.0172027
v 0.1054752 -0.4853994 0.0189085
v 0.1054737 -0.4883716 0.0198925
v 0.1258389 -0.6614758 0.0300751
v 0.1265412 -0.6644605 0.0294415
v 0.1275238 -0.6670837 0.0280430
v 0.1287069 -0.6691331 0.0259928
v 0.1299948 -0.6704426 0.0234572
v 0.1062889 -0.4797187 0.0112338
v 0.1041615 -0.4811764 0.0130092
v 0.1025071 -0.4833489 0.0145408
v 0.1014597 -0.4860603 0.0157045
v 0.1011042 -0.4890908 0.0164061
v 0.1214694 -0.6621950 0.0265887
v 0.1225257 -0.6651213 0.0262375
v 0.1241875 -0.6676328 0.0253810
v 0.1263202 -0.6695259 0.0240886
v 0.1287511 -0.6706473 0.0224649
v 0.1057097 -0.4798744 0.0097459
v 0.1030500 -0.4814751 0.0101540
v 0.1009534 -0.4837665 0.0105496
v 0.0995897 -0.4865628 0.0109006
v 0.0990693 -0.4896377 0.0111787
v 0.1194345 -0.6627419 0.0213613
v 0.1206557 -0.6656239 0.0214336
v 0.1226339 -0.6680504 0.0213898
v 0.1252088 -0.6698246 0.0212334
v 0.1281719 -0.6708029 0.0209770
v 0.1059502 -0.4799393 0.0081612
v 0.1035116 -0.4815997 0.0071129
v 0.1015986 -0.4839406 0.0062985
v 0.1003663 -0.4867725 0.0057840
v 0.0999144 -0.4898658 0.0056110
v 0.1202796 -0.6629700 0.0157936
v 0.1214323 -0.6658335 0.0163170
v 0.1232791 -0.6682245 0.0171388
v 0.1256704 -0.6699492 0.0181923
v 0.1284124 -0.6708679 0.0193923
v 0.1069460 -0.4798961 0.0069043
v 0.1054225 -0.4815167 0.0047008
v 0.1042699 -0.4838247 0.0029267
v 0.1035814 -0.4866329 0.0017256
v 0.1034130 -0.4897139 0.0011949
v 0.1237782 -0.6628181 0.0113775
v 0.1246474 -0.6656940 0.0122587
v 0.1259503 -0.6681086 0.0137670
v 0.1275813 -0.6698663 0.0157802
v 0.1294082 -0.6708246 0.0181353
v 0.1084303 -0.4797563 0.0063119
v 0.1082708 -0.4812485 0.0035640
v 0.1082514 -0.4834498 0.0013376
v 0.1083736 -0.4861817 -0.0001870
v 0.1086276 -0.4892229 -0.0008864
v 0.1289928 -0.6623271 0.0092962
v 0.1294396 -0.6652427 0.0103460
v 0.1299318 -0.6677337 0.0121779
v 0.1304295 -0.6695981 0.0146434
v 0.1308924 -0.6706849 0.0175430
v 0.1100052 -0.4795574 0.0065428
v 0.1112931 -0.4808669 0.0040072
v 0.1124762 -0.4829163 0.0019570
v 0.1134588 -0.4855395 0.0005585
v 0.1141611 -0.4885242 -0.0000751
v 0.1345263 -0.6616284 0.0101075
v 0.1345248 -0.6646006 0.0110915
v 0.1341567 -0.6672002 0.0127973
v 0.1334519 -0.6692164 0.0150865
v 0.1324674 -0.6704860 0.0177739
v 0.1112489 -0.4793527 0.0075351
v 0.1136798 -0.4804741 0.0059114
v 0.1158125 -0.4823672 0.0046190
v 0.1174743 -0.4848787 0.0037625
v 0.1185306 -0.4878050 0.0034113
v 0.1388958 -0.6609092 0.0135939
v 0.1385403 -0.6639397 0.0142955
v 0.1374929 -0.6666511 0.0154592
v 0.1358385 -0.6688236 0.0169908
v 0.1337111 -0.6702813 0.0187662
v -0.1153582 -0.5107164 -0.0293302
v -0.1124743 -0.5117101 -0.0308669
v -0.1093899 -0.5117551 -0.0323334
v -0.1063549 -0.5108478 -0.0336108
v -0.1036153 -0.5090617 -0.0345958
v -0.1013929 -0.5065414 -0.0352083
v -0.0198678 -0.3434912 -0.0453990
v -0.0191635 -0.3401582 -0.0451522
v -0.0193372 -0.3368123 -0.0444881
v -0.0203747 -0.3337247 -0.0434603
v -0.0221920 -0.3311455 -0.0421522
v -0.0246418 -0.3292836 -0.0406698
v -0.1135455 -0.5112562 -0.0321743
v -0.1114455 -0.5108841 -0.0348422
v -0.1092284 -0.5096303 -0.0371178
v -0.1070738 -0.5075962 -0.0388168
v -0.1051563 -0.5049468 -0.0398014
v -0.0236312 -0.3418966 -0.0499921
v -0.0226221 -0.3386927 -0.0493732
v -0.0222107 -0.3355948 -0.0479950
v -0.0224303 -0.3328537 -0.0459691
v -0.0232631 -0.3306916 -0.0434596
v -0.1150442 -0.5105414 -0.0327268
v -0.1143216 -0.5095123 -0.0359025
v -0.1132488 -0.5077127 -0.0386000
v -0.1119129 -0.5052882 -0.0406008
v -0.1104220 -0.5024353 -0.0417427
v -0.0288969 -0.3393851 -0.0519334
v -0.0274611 -0.3363847 -0.0511572
v -0.0262311 -0.3336772 -0.0494772
v -0.0253064 -0.3314819 -0.0470294
v -0.0247619 -0.3299768 -0.0440121
v -0.1165689 -0.5097571 -0.0323765
v -0.1172475 -0.5080074 -0.0352303
v -0.1173389 -0.5056089 -0.0376603
v -0.1168358 -0.5027560 -0.0394697
v -0.1157789 -0.4996799 -0.0405120
v -0.0342538 -0.3366297 -0.0507026
v -0.0323841 -0.3338525 -0.0500262
v -0.0303212 -0.3315734 -0.0485375
v -0.0282323 -0.3299769 -0.0463572
v -0.0262866 -0.3291925 -0.0436618
v -0.1177111 -0.5091136 -0.0312172
v -0.1194393 -0.5067724 -0.0330056
v -0.1204028 -0.5038826 -0.0345505
v -0.1205235 -0.5006783 -0.0357268
v -0.1197917 -0.4974189 -0.0364391
v -0.0382666 -0.3343687 -0.0466297
v -0.0360718 -0.3317747 -0.0462832
v -0.0333850 -0.3298471 -0.0454277
v -0.0304241 -0.3287420 -0.0441325
v -0.0274288 -0.3285490 -0.0425025
v -0.1181646 -0.5087832 -0.0295596
v -0.1203096 -0.5061384 -0.0298247
v -0.1216194 -0.5029964 -0.0301039
v -0.1219879 -0.4996116 -0.0303748
v -0.1213851 -0.4962582 -0.0306152
v -0.0398600 -0.3332080 -0.0408059
v -0.0375361 -0.3307081 -0.0409312
v -0.0346017 -0.3289609 -0.0409811
v -0.0312944 -0.3281080 -0.0409516
v -0.0278823 -0.3282186 -0.0408449
v -0.1178080 -0.5088545 -0.0278478
v -0.1196253 -0.5062753 -0.0265397
v -0.1206628 -0.5031877 -0.0255119
v -0.1208365 -0.4998418 -0.0248478
v -0.1201322 -0.4965088 -0.0246010
v -0.0386071 -0.3334586 -0.0347917
v -0.0363847 -0.3309383 -0.0354042
v -0.0336451 -0.3291522 -0.0363892
v -0.0306101 -0.3282449 -0.0376666
v -0.0275257 -0.3282899 -0.0391331
v -0.1167369 -0.5093084 -0.0265404
v -0.1175697 -0.5071463 -0.0240309
v -0.1177893 -0.5044052 -0.0220050
v -0.1173779 -0.5013073 -0.0206268
v -0.1163688 -0.4981034 -0.0200079
v -0.0348437 -0.3350532 -0.0301986
v -0.0329262 -0.3324038 -0.0311832
v -0.0307716 -0.3303697 -0.0328822
v -0.0285545 -0.3291159 -0.0351578
v -0.0264545 -0.3287438 -0.0378257
v -0.1152381 -0.5100232 -0.0259879
v -0.1146936 -0.5085181 -0.0229706
v -0.1137689 -0.5063228 -0.0205228
v -0.1125389 -0.5036153 -0.0188428
v -0.1111031 -0.5006149 -0.0180666
v -0.0295780 -0.3375647 -0.0282573
v -0.0280871 -0.3347118 -0.0293992
v -0.0267512 -0.3322873 -0.0314000
v -0.0256784 -0.3304877 -0.0340975
v -0.0249558 -0.3294586 -0.0372732
v -0.1137134 -0.5108075 -0.0263382
v -0.1117677 -0.5100231 -0.0236428
v -0.1096788 -0.5084266 -0.0214625
v -0.1076159 -0.5061475 -0.0199738
v -0.1057462 -0.5033703 -0.0192974
v -0.0242211 -0.3403201 -0.0294880
v -0.0231642 -0.3372440 -0.0305303
v -0.0226611 -0.3343911 -0.0323397
v -0.0227525 -0.3319926 -0.0347697
v -0.0234311 -0.3302429 -0.0376235
v -0.1125712 -0.5114510 -0.0274975
v -0.1095759 -0.5112580 -0.0258675
v -0.1066150 -0.5101529 -0.0245723
v -0.1039282 -0.5082253 -0.0237168
v -0.1017334 -0.5056313 -0.0233703
v -0.0202083 -0.3425811 -0.0335609
v -0.0194765 -0.3393217 -0.0342732
v -0.0195972 -0.3361174 -0.0354495
v -0.0205607 -0.3332276 -0.0369944
v -0.0222889 -0.3308864 -0.0387828
v -0.1121177 -0.5117814 -0.0291551
v -0.1087056 -0.5118920 -0.0290484
v -0.1053983 -0.5110391 -0.0290189
v -0.1024639 -0.5092919 -0.0290688
v -0.1001400 -0.5067920 -0.0291941
v -0.0186149 -0.3437418 -0.0393848
v -0.0180121 -0.3403884 -0.0396252
v -0.0183806 -0.3370036 -0.0398961
v -0.0196904 -0.3338616 -0.0401753
v -0.0218354 -0.3312168 -0.0404404
v 0.1153582 -0.5107164 -0.0293302
v 0.1178080 -0.5088545 -0.0278478
v 0.1196253 -0.5062753 -0.0265397
v 0.1206628 -0.5031877 -0.0255119
v 0.1208365 -0.4998418 -0.0248478
v 0.1201322 -0.4965088 -0.0246010
v 0.0386071 -0.3334586 -0.0347917
v 0.0363847 -0.3309383 -0.0354042
v 0.0336451 -0.3291522 -0.0363892
v 0.0306101 -0.3282449 -0.0376666
v 0.0275257 -0.3282899 -0.0391331
v 0.0246418 -0.3292836 -0.0406698
v 0.1181646 -0.5087832 -0.0295596
v 0.1203096 -0.5061384 -0.0298247
v 0.1216194 -0.5029964 -0.0301039
v 0.1219879 -0.4996116 -0.0303748
v 0.1213851 -0.4962582 -0.0306152
v 0.0398600 -0.3332080 -0.0408059
v 0.0375361 -0.3307081 -0.0409312
v 0.0346017 -0.3289609 -0.0409811
v 0.0312944 -0.3281080 -0.0409516
v 0.0278823 -0.3282186 -0.0408449
v 0.1177111 -0.5091136 -0.0312172
v 0.1194393 -0.5067724 -0.0330056
v 0.1204028 -0.5038826 -0.0345505
v 0.1205235 -0.5006783 -0.0357268
v 0.1197917 -0.4974189 -0.0364391
v 0.0382666 -0.3343687 -0.0466297
v 0.0360718 -0.3317747 -0.0462832
v 0.0333850 -0.3298471 -0.0454277
v 0.0304241 -0.3287420 -0.0441325
v 0.0274288 -0.3285490 -0.0425025
v 0.1165689 -0.5097571 -0.0323765
v 0.1172475 -0.5080074 -0.0352303
v 0.1173389 -0.5056089 -0.0376603
v 0.1168358 -0.5027560 -0.0394697
v 0.1157789 -0.4996799 -0.0405120
v 0.0342538 -0.3366297 -0.0507026
v 0.0323841 -0.3338525 -0.0500262
v 0.0303212 -0.3315734 -0.0485375
v 0.0282323 -0.3299769 -0.0463572
v 0.0262866 -0.3291925 -0.0436618
v 0.1150442 -0.5105414 -0.0327268
v 0.1143216 -0.5095123 -0.0359025
v 0.1132488 -0.5077127 -0.0386000
v 0.1119129 -0.5052882 -0.0406008
v 0.1104220 -0.5024353 -0.0417427
v 0.0288969 -0.3393851 -0.0519334
v 0.0274611 -0.3363847 -0.0511572
v 0.0262311 -0.3336772 -0.0494772
v 0.0253064 -0.3314819 -0.0470294
v 0.0247619 -0.3299768 -0.0440121
v 0.1135455 -0.5112562 -0.0321743
v 0.1114455 -0.5108841 -0.0348422
v 0.1092284 -0.5096303 -0.0371178
v 0.1070738 -0.5075962 -0.0388168
v 0.1051563 -0.5049468 -0.0398014
v 0.0236312 -0.3418966 -0.0499921
v 0.0226221 -0.3386927 -0.0493732
v 0.0222107 -0.3355948 -0.0479950
v 0.0224303 -0.3328537 -0.0459691
v 0.0232631 -0.3306916 -0.0434596
v 0.1124743 -0.5117101 -0.0308669
v 0.1093899 -0.5117551 -0.0323334
v 0.1063549 -0.5108478 -0.0336108
v 0.1036153 -0.5090617 -0.0345958
v 0.1013929 -0.5065414 -0.0352083
v 0.0198678 -0.3434912 -0.0453990
v 0.0191635 -0.3401582 -0.0451522
v 0.0193372 -0.3368123 -0.0444881
v 0.0203747 -0.3337247 -0.0434603
v 0.0221920 -0.3311455 -0.0421522
v 0.1121177 -0.5117814 -0.0291551
v 0.1087056 -0.5118920 -0.0290484
v 0.1053983 -0.5110391 -0.0290189
v 0.1024639 -0.5092919 -0.0290688
v 0.1001400 -0.5067920 -0.0291941
v 0.0186149 -0.3437418 -0.0393848
v 0.0180121 -0.3403884 -0.0396252
v 0.0183806 -0.3370036 -0.0398961
v 0.0196904 -0.3338616 -0.0401753
v 0.0218354 -0.3312168 -0.0404404
v 0.1125712 -0.5114510 -0.0274975
v 0.1095759 -0.5112580 -0.0258675
v 0.1066150 -0.5101529 -0.0245723
v 0.1039282 -0.5082253 -0.0237168
v 0.1017334 -0.5056313 -0.0233703
v 0.0202083 -0.3425811 -0.0335609
v 0.0194765 -0.3393217 -0.0342732
v 0.0195972 -0.3361174 -0.0354495
v 0.0205607 -0.3332276 -0.0369944
v 0.0222889 -0.3308864 -0.0387828
v 0.1137134 -0.5108075 -0.0263382
v 0.1117677 -0.5100231 -0.0236428
v 0.1096788 -0.5084266 -0.0214625
v 0.1076159 -0.5061475 -0.0199738
v 0.1057462 -0.5033703 -0.0192974
v 0.0242211 -0.3403201 -0.0294880
v 0.0231642 -0.3372440 -0.0305303
v 0.0226611 -0.3343911 -0.0323397
v 0.0227525 -0.3319926 -0.0347697
v 0.0234311 -0.3302429 -0.0376235
v 0.1152381 -0.5100232 -0.0259879
v 0.1146936 -0.5085181 -0.0229706
v 0.1137689 -0.5063228 -0.0205228
v 0.1125389 -0.5036153 -0.0188428
v 0.1111031 -0.5006149 -0.0180666
v 0.0295780 -0.3375647 -0.0282573
v 0.0280871 -0.3347118 -0.0293992
v 0.0267512 -0.3322873 -0.0314000
v 0.0256784 -0.3304877 -0.0340975
v 0.0249558 -0.3294586 -0.0372732
v 0.1167369 -0.5093084 -0.0265404
v 0.1175697 -0.5071463 -0.0240309
v 0.1177893 -0.5044052 -0.0220050
v 0.1173779 -0.5013073 -0.0206268
v 0.1163688 -0.4981034 -0.0200079
v 0.0348437 -0.3350532 -0.0301986
v 0.0329262 -0.3324038 -0.0311832
v 0.0307716 -0.3303697 -0.0328822
v 0.0285545 -0.3291159 -0.0351578
v 0.0264545 -0.3287438 -0.0378257
v 0.0000000 1.4710000 -0.0500000
v 0.0025356 1.4713646 -0.0500000
v 0.0048658 1.4724287 -0.0500000
v 0.0068017 1.4741063 -0.0500000
v 0.0081867 1.4762613 -0.0500000
v 0.0089084 1.4787192 -0.0500000
v 0.0089084 1.5912808 -0.0500000
v 0.0081867 1.5937387 -0.0500000
v 0.0068017 1.5958937 -0.0500000
v 0.0048658 1.5975713 -0.0500000
v 0.0025356 1.5986354 -0.0500000
v 0.0000000 1.5990000 -0.0500000
v 0.0021959 1.4713646 -0.0512678
v 0.0042139 1.4724287 -0.0524329
v 0.0058905 1.4741063 -0.0534009
v 0.0070899 1.4762613 -0.0540933
v 0.0077149 1.4787192 -0.0544542
v 0.0077149 1.5912808 -0.0544542
v 0.0070899 1.5937387 -0.0540933
v 0.0058905 1.5958937 -0.0534009
v 0.0042139 1.5975713 -0.0524329
v 0.0021959 1.5986354 -0.0512678
v 0.0012678 1.4713646 -0.0521959
v 0.0024329 1.4724287 -0.0542139
v 0.0034009 1.4741063 -0.0558905
v 0.0040933 1.4762613 -0.0570899
v 0.0044542 1.4787192 -0.0577149
v 0.0044542 1.5912808 -0.0577149
v 0.0040933 1.5937387 -0.0570899
v 0.0034009 1.5958937 -0.0558905
v 0.0024329 1.5975713 -0.0542139
v 0.0012678 1.5986354 -0.0521959
v 0.0000000 1.4713646 -0.0525356
v 0.0000000 1.4724287 -0.0548658
v 0.0000000 1.4741063 -0.0568017
v 0.0000000 1.4762613 -0.0581867
v 0.0000000 1.4787192 -0.0589084
v 0.0000000 1.5912808 -0.0589084
v 0.0000000 1.5937387 -0.0581867
v 0.0000000 1.5958937 -0.0568017
v 0.0000000 1.5975713 -0.0548658
v 0.0000000 1.5986354 -0.0525356
v -0.0012678 1.4713646 -0.0521959
v -0.0024329 1.4724287 -0.0542139
v -0.0034009 1.4741063 -0.0558905
v -0.0040933 1.4762613 -0.0570899
v -0.0044542 1.4787192 -0.0577149
v -0.0044542 1.5912808 -0.0577149
v -0.0040933 1.5937387 -0.0570899
v -0.0034009 1.5958937 -0.0558905
v -0.0024329 1.5975713 -0.0542139
v -0.0012678 1.5986354 -0.0521959
v -0.0021959 1.4713646 -0.0512678
v -0.0042139 1.4724287 -0.0524329
v -0.0058905 1.4741063 -0.0534009
v -0.0070899 1.4762613 -0.0540933
v -0.0077149 1.4787192 -0.0544542
v -0.0077149 1.5912808 -0.0544542
v -0.0070899 1.5937387 -0.0540933
v -0.0058905 1.5958937 -0.0534009
v -0.0042139 1.5975713 -0.0524329
v -0.0021959 1.5986354 -0.0512678
v -0.0025356 1.4713646 -0.0500000
v -0.0048658 1.4724287 -0.0500000
v -0.0068017 1.4741063 -0.0500000
v -0.0081867 1.4762613 -0.0500000
v -0.0089084 1.4787192 -0.0500000
v -0.0089084 1.5912808 -0.0500000
v -0.0081867 1.5937387 -0.0500000
v -0.0068017 1.5958937 -0.0500000
v -0.0048658 1.5975713 -0.0500000
v -0.0025356 1.5986354 -0.0500000
v -0.0021959 1.4713646 -0.0487322
v -0.0042139 1.4724287 -0.0475671
v -0.0058905 1.4741063 -0.0465991
v -0.0070899 1.4762613 -0.0459067
v -0.0077149 1.4787192 -0.0455458
v -0.0077149 1.5912808 -0.0455458
v -0.0070899 1.5937387 -0.0459067
v -0.0058905 1.5958937 -0.0465991
v -0.0042139 1.5975713 -0.0475671
v -0.0021959 1.5986354 -0.0487322
v -0.0012678 1.4713646 -0.0478041
v -0.0024329 1.4724287 -0.0457861
v -0.0034009 1.4741063 -0.0441095
v -0.0040933 1.4762613 -0.0429101
v -0.0044542 1.4787192 -0.0422851
v -0.0044542 1.5912808 -0.0422851
v -0.0040933 1.5937387 -0.0429101
v -0.0034009 1.5958937 -0.0441095
v -0.0024329 1.5975713 -0.0457861
v -0.0012678 1.5986354 -0.0478041
v -0.0000000 1.4713646 -0.0474644
v -0.0000000 1.4724287 -0.0451342
v -0.0000000 1.4741063 -0.0431983
v -0.0000000 1.4762613 -0.0418133
v -0.0000000 1.4787192 -0.0410916
v -0.0000000 1.5912808 -0.0410916
v -0.0000000 1.5937387 -0.0418133
v -0.0000000 1.5958937 -0.0431983
v -0.0000000 1.5975713 -0.0451342
v -0.0000000 1.5986354 -0.0474644
v 0.0012678 1.4713646 -0.0478041
v 0.0024329 1.4724287 -0.0457861
v 0.0034009 1.4741063 -0.0441095
v 0.0040933 1.4762613 -0.0429101
v 0.0044542 1.4787192 -0.0422851
v 0.0044542 1.5912808 -0.0422851
v 0.0040933 1.5937387 -0.0429101
v 0.0034009 1.5958937 -0.0441095
v 0.0024329 1.5975713 -0.0457861
v 0.0012678 1.5986354 -0.0478041
v 0.0021959 1.4713646 -0.0487322
v 0.0042139 1.4724287 -0.0475671
v 0.0058905 1.4741063 -0.0465991
v 0.0070899 1.4762613 -0.0459067
v 0.0077149 1.4787192 -0.0455458
v 0.0077149 1.5912808 -0.0455458
v 0.0070899 1.5937387 -0.0459067
v 0.0058905 1.5958937 -0.0465991
v 0.0042139 1.5975713 -0.0475671
v 0.0021959 1.5986354 -0.0487322
v -0.0352755 1.1920095 -0.0397245
v -0.0330133 1.1922529 -0.0398133
v -0.0309120 1.1931239 -0.0399172
v -0.0291419 1.1945519 -0.0400278
v -0.0278463 1.1964214 -0.0401362
v -0.0271304 1.1985807 -0.0402335
v -0.0170519 1.4908550 -0.0503119
v -0.0176174 1.4930601 -0.0503651
v -0.0187810 1.4950173 -0.0503887
v -0.0204484 1.4965679 -0.0503808
v -0.0224845 1.4975865 -0.0503420
v -0.0247245 1.4979905 -0.0502755
v -0.0333550 1.1922262 -0.0409284
v -0.0315678 1.1930727 -0.0420572
v -0.0300586 1.1944804 -0.0430193
v -0.0289497 1.1963352 -0.0437368
v -0.0283310 1.1984870 -0.0441516
v -0.0182526 1.4907613 -0.0542300
v -0.0187208 1.4929740 -0.0539657
v -0.0196977 1.4949457 -0.0533802
v -0.0211042 1.4965168 -0.0525208
v -0.0228263 1.4975599 -0.0514572
v -0.0342084 1.1922282 -0.0417240
v -0.0332053 1.1930765 -0.0435839
v -0.0323477 1.1944857 -0.0451535
v -0.0317049 1.1963417 -0.0463055
v -0.0313291 1.1984940 -0.0469467
v -0.0212507 1.4907683 -0.0570251
v -0.0214760 1.4929804 -0.0565344
v -0.0219868 1.4949511 -0.0555143
v -0.0227417 1.4965206 -0.0540475
v -0.0236796 1.4975619 -0.0522528
v -0.0353447 1.1922583 -0.0419868
v -0.0353859 1.1931343 -0.0440882
v -0.0353958 1.1945665 -0.0458584
v -0.0353737 1.1964389 -0.0471540
v -0.0353213 1.1985998 -0.0478700
v -0.0252429 1.4908742 -0.0579484
v -0.0251448 1.4930777 -0.0573829
v -0.0250350 1.4950319 -0.0562193
v -0.0249223 1.4965784 -0.0545518
v -0.0248159 1.4975920 -0.0525156
v -0.0364595 1.1923085 -0.0416464
v -0.0375252 1.1932306 -0.0434349
v -0.0383863 1.1947011 -0.0449452
v -0.0389731 1.1966009 -0.0460549
v -0.0392380 1.1987761 -0.0466740
v -0.0291595 1.4910505 -0.0567524
v -0.0287441 1.4932397 -0.0562838
v -0.0280254 1.4951665 -0.0553061
v -0.0270616 1.4966747 -0.0538985
v -0.0259307 1.4976422 -0.0521751
v -0.0372540 1.1923653 -0.0407940
v -0.0390499 1.1933396 -0.0417992
v -0.0405177 1.1948535 -0.0426586
v -0.0415385 1.1967843 -0.0433027
v -0.0420295 1.1989757 -0.0436792
v -0.0319511 1.4912500 -0.0537576
v -0.0313095 1.4934231 -0.0535316
v -0.0301568 1.4953188 -0.0530195
v -0.0285863 1.4967837 -0.0522628
v -0.0267253 1.4976989 -0.0513227
v -0.0375155 1.1924135 -0.0396580
v -0.0395516 1.1934321 -0.0396192
v -0.0412190 1.1949827 -0.0396113
v -0.0423826 1.1969399 -0.0396349
v -0.0429481 1.1991450 -0.0396881
v -0.0328696 1.4914193 -0.0497665
v -0.0321537 1.4935786 -0.0498638
v -0.0308581 1.4954481 -0.0499722
v -0.0290880 1.4968761 -0.0500828
v -0.0269867 1.4977471 -0.0501867
v -0.0371737 1.1924401 -0.0385428
v -0.0388958 1.1934832 -0.0374792
v -0.0403023 1.1950543 -0.0366198
v -0.0412792 1.1970260 -0.0360343
v -0.0417474 1.1992387 -0.0357700
v -0.0316690 1.4915130 -0.0458484
v -0.0310503 1.4936648 -0.0462632
v -0.0299414 1.4955196 -0.0469807
v -0.0284322 1.4969273 -0.0479428
v -0.0266450 1.4977738 -0.0490716
v -0.0363204 1.1924381 -0.0377472
v -0.0372583 1.1934794 -0.0359525
v -0.0380132 1.1950489 -0.0344857
v -0.0385240 1.1970196 -0.0334656
v -0.0387493 1.1992317 -0.0329749
v -0.0286709 1.4915060 -0.0430533
v -0.0282951 1.4936583 -0.0436945
v -0.0276523 1.4955143 -0.0448465
v -0.0267947 1.4969235 -0.0464161
v -0.0257916 1.4977718 -0.0482760
v -0.0351841 1.1924080 -0.0374844
v -0.0350777 1.1934216 -0.0354482
v -0.0349650 1.1949681 -0.0337807
v -0.0348552 1.1969223 -0.0326171
v -0.0347571 1.1991258 -0.0320516
v -0.0246787 1.4914002 -0.0421300
v -0.0246263 1.4935611 -0.0428460
v -0.0246042 1.4954335 -0.0441416
v -0.0246141 1.4968657 -0.0459118
v -0.0246553 1.4977417 -0.0480132
v -0.0340693 1.1923578 -0.0378249
v -0.0329384 1.1933253 -0.0361015
v -0.0319746 1.1948335 -0.0346939
v -0.0312559 1.1967603 -0.0337162
v -0.0308405 1.1989495 -0.0332476
v -0.0207620 1.4912239 -0.0433260
v -0.0210269 1.4933991 -0.0439451
v -0.0216137 1.4952989 -0.0450548
v -0.0224748 1.4967694 -0.0465651
v -0.0235405 1.4976915 -0.0483536
v -0.0332747 1.1923011 -0.0386773
v -0.0314137 1.1932163 -0.0377372
v -0.0298432 1.1946812 -0.0369805
v -0.0286905 1.1965769 -0.0364684
v -0.0280489 1.1987500 -0.0362424
v -0.0179705 1.4910243 -0.0463208
v -0.0184615 1.4932157 -0.0466973
v -0.0194823 1.4951465 -0.0473414
v -0.0209501 1.4966604 -0.0482008
v -0.0227460 1.4976347 -0.0492060
v -0.0236318 0.6747762 0.0407960
v -0.0232219 0.6733932 0.0425579
v -0.0233611 0.6717353 0.0441126
v -0.0240382 0.6699369 0.0453341
v -0.0251982 0.6681435 0.0461234
v -0.0267473 0.6665006 0.0464167
v -0.1085599 0.6051412 0.0361901
v -0.1104891 0.6041754 0.0354621
v -0.1123788 0.6036814 0.0342915
v -0.1140757 0.6036994 0.0327733
v -0.1154424 0.6042278 0.0310304
v -0.1163682 0.6052238 0.0292040
v -0.0239061 0.6742334 0.0429904
v -0.0246741 0.6733477 0.0449424
v -0.0258736 0.6721908 0.0464941
v -0.0274074 0.6708564 0.0475196
v -0.0291512 0.6694526 0.0479360
v -0.1109638 0.6080932 0.0377094
v -0.1126983 0.6068882 0.0368583
v -0.1142142 0.6059353 0.0354515
v -0.1153887 0.6053118 0.0336031
v -0.1161266 0.6050680 0.0314628
v -0.0245859 0.6751673 0.0428262
v -0.0259787 0.6751397 0.0446274
v -0.0276973 0.6746958 0.0460537
v -0.0296024 0.6738714 0.0469896
v -0.0315397 0.6727334 0.0473592
v -0.1133523 0.6113740 0.0371326
v -0.1148933 0.6099032 0.0363282
v -0.1160379 0.6084403 0.0350111
v -0.1166933 0.6071038 0.0332881
v -0.1168065 0.6060018 0.0312986
v -0.0250792 0.6759444 0.0421094
v -0.0269253 0.6766311 0.0432519
v -0.0290205 0.6767806 0.0441309
v -0.0311951 0.6763807 0.0446752
v -0.0332728 0.6754640 0.0448409
v -0.1150854 0.6141045 0.0346143
v -0.1164860 0.6124125 0.0340139
v -0.1173612 0.6105251 0.0330883
v -0.1176399 0.6085952 0.0319125
v -0.1172998 0.6067790 0.0305818
v -0.0252538 0.6763568 0.0410320
v -0.0272603 0.6774223 0.0411844
v -0.0294888 0.6778866 0.0412409
v -0.0317587 0.6777120 0.0411968
v -0.0338861 0.6769125 0.0410558
v -0.1156987 0.6155531 0.0308292
v -0.1170496 0.6137438 0.0305354
v -0.1178294 0.6116312 0.0301983
v -0.1179749 0.6093864 0.0298451
v -0.1174743 0.6071913 0.0295045
v -0.0250629 0.6762937 0.0398828
v -0.0268939 0.6773014 0.0389791
v -0.0289766 0.6777175 0.0381581
v -0.0311422 0.6775084 0.0374863
v -0.0332153 0.6766911 0.0370181
v -0.1150279 0.6153316 0.0267916
v -0.1164332 0.6135402 0.0268249
v -0.1173172 0.6114621 0.0271155
v -0.1176085 0.6092654 0.0276398
v -0.1172834 0.6071283 0.0283552
v -0.0245576 0.6757722 0.0389696
v -0.0259243 0.6763006 0.0372267
v -0.0276212 0.6763186 0.0357085
v -0.0295109 0.6758246 0.0345379
v -0.0314401 0.6748588 0.0338099
v -0.1132527 0.6134994 0.0235833
v -0.1148018 0.6118565 0.0238766
v -0.1159618 0.6100631 0.0246659
v -0.1166389 0.6082647 0.0258874
v -0.1167781 0.6066068 0.0274421
v -0.0238734 0.6749320 0.0385372
v -0.0246113 0.6746882 0.0363969
v -0.0257858 0.6740647 0.0345485
v -0.0273017 0.6731118 0.0331417
v -0.0290362 0.6719068 0.0322906
v -0.1108488 0.6105474 0.0220640
v -0.1125926 0.6091436 0.0224804
v -0.1141264 0.6078092 0.0235059
v -0.1153259 0.6066523 0.0250576
v -0.1160939 0.6057666 0.0270096
v -0.0231935 0.6739982 0.0387014
v -0.0233067 0.6728962 0.0367119
v -0.0239621 0.6715597 0.0349889
v -0.0251067 0.6700968 0.0336718
v -0.0266477 0.6686260 0.0328674
v -0.1084603 0.6072666 0.0226408
v -0.1103976 0.6061286 0.0230104
v -0.1123027 0.6053042 0.0239463
v -0.1140213 0.6048603 0.0253726
v -0.1154141 0.6048327 0.0271738
v -0.0227002 0.6732210 0.0394182
v -0.0223601 0.6714048 0.0380875
v -0.0226388 0.6694749 0.0369117
v -0.0235140 0.6675875 0.0359861
v -0.0249146 0.6658955 0.0353857
v -0.1067272 0.6045360 0.0251591
v -0.1088049 0.6036193 0.0253248
v -0.1109795 0.6032194 0.0258691
v -0.1130747 0.6033689 0.0267481
v -0.1149208 0.6040556 0.0278906
v -0.0225257 0.6728087 0.0404955
v -0.0220251 0.6706136 0.0401549
v -0.0221706 0.6683688 0.0398017
v -0.0229504 0.6662562 0.0394646
v -0.0243013 0.6644469 0.0391708
v -0.1061139 0.6030875 0.0289442
v -0.1082413 0.6022880 0.0288032
v -0.1105112 0.6021134 0.0287591
v -0.1127397 0.6025777 0.0288156
v -0.1147462 0.6036432 0.0289680
v -0.0227166 0.6728717 0.0416448
v -0.0223915 0.6707346 0.0423602
v -0.0226828 0.6685379 0.0428845
v -0.0235668 0.6664598 0.0431751
v -0.0249721 0.6646684 0.0432084
v -0.1067847 0.6033089 0.0329819
v -0.1088578 0.6024916 0.0325137
v -0.1110234 0.6022825 0.0318419
v -0.1131061 0.6026986 0.0310209
v -0.1149371 0.6037063 0.0301172
v 0.0352755 1.1920095 -0.0397245
v 0.0375155 1.1924135 -0.0396580
v 0.0395516 1.1934321 -0.0396192
v 0.0412190 1.1949827 -0.0396113
v 0.0423826 1.1969399 -0.0396349
v 0.0429481 1.1991450 -0.0396881
v 0.0328696 1.4914193 -0.0497665
v 0.0321537 1.4935786 -0.0498638
v 0.0308581 1.4954481 -0.0499722
v 0.0290880 1.4968761 -0.0500828
v 0.0269867 1.4977471 -0.0501867
v 0.0247245 1.4979905 -0.0502755
v 0.0372540 1.1923653 -0.0407940
v 0.0390499 1.1933396 -0.0417992
v 0.0405177 1.1948535 -0.0426586
v 0.0415385 1.1967843 -0.0433027
v 0.0420295 1.1989757 -0.0436792
v 0.0319511 1.4912500 -0.0537576
v 0.0313095 1.4934231 -0.0535316
v 0.0301568 1.4953188 -0.0530195
v 0.0285863 1.4967837 -0.0522628
v 0.0267253 1.4976989 -0.0513227
v 0.0364595 1.1923085 -0.0416464
v 0.0375252 1.1932306 -0.0434349
v 0.0383863 1.1947011 -0.0449452
v 0.0389731 1.1966009 -0.0460549
v 0.0392380 1.1987761 -0.0466740
v 0.0291595 1.4910505 -0.0567524
v 0.0287441 1.4932397 -0.0562838
v 0.0280254 1.4951665 -0.0553061
v 0.0270616 1.4966747 -0.0538985
v 0.0259307 1.4976422 -0.0521751
v 0.0353447 1.1922583 -0.0419868
v 0.0353859 1.1931343 -0.0440882
v 0.0353958 1.1945665 -0.0458584
v 0.0353737 1.1964389 -0.0471540
v 0.0353213 1.1985998 -0.0478700
v 0.0252429 1.4908742 -0.0579484
v 0.0251448 1.4930777 -0.0573829
v 0.0250350 1.4950319 -0.0562193
v 0.0249223 1.4965784 -0.0545518
v 0.0248159 1.4975920 -0.0525156
v 0.0342084 1.1922282 -0.0417240
v 0.0332053 1.1930765 -0.0435839
v 0.0323477 1.1944857 -0.0451535
v 0.0317049 1.1963417 -0.0463055
v 0.0313291 1.1984940 -0.0469467
v 0.0212507 1.4907683 -0.0570251
v 0.0214760 1.4929804 -0.0565344
v 0.0219868 1.4949511 -0.0555143
v 0.0227417 1.4965206 -0.0540475
v 0.0236796 1.4975619 -0.0522528
v 0.0333550 1.1922262 -0.0409284
v 0.0315678 1.1930727 -0.0420572
v 0.0300586 1.1944804 -0.0430193
v 0.0289497 1.1963352 -0.0437368
v 0.0283310 1.1984870 -0.0441516
v 0.0182526 1.4907613 -0.0542300
v 0.0187208 1.4929740 -0.0539657
v 0.0196977 1.4949457 -0.0533802
v 0.0211042 1.4965168 -0.0525208
v 0.0228263 1.4975599 -0.0514572
v 0.0330133 1.1922529 -0.0398133
v 0.0309120 1.1931239 -0.0399172
v 0.0291419 1.1945519 -0.0400278
v 0.0278463 1.1964214 -0.0401362
v 0.0271304 1.1985807 -0.0402335
v 0.0170519 1.4908550 -0.0503119
v 0.0176174 1.4930601 -0.0503651
v 0.0187810 1.4950173 -0.0503887
v 0.0204484 1.4965679 -0.0503808
v 0.0224845 1.4975865 -0.0503420
v 0.0332747 1.1923011 -0.0386773
v 0.0314137 1.1932163 -0.0377372
v 0.0298432 1.1946812 -0.0369805
v 0.0286905 1.1965769 -0.0364684
v 0.0280489 1.1987500 -0.0362424
v 0.0179705 1.4910243 -0.0463208
v 0.0184615 1.4932157 -0.0466973
v 0.0194823 1.4951465 -0.0473414
v 0.0209501 1.4966604 -0.0482008
v 0.0227460 1.4976347 -0.0492060
v 0.0340693 1.1923578 -0.0378249
v 0.0329384 1.1933253 -0.0361015
v 0.0319746 1.1948335 -0.0346939
v 0.0312559 1.1967603 -0.0337162
v 0.0308405 1.1989495 -0.0332476
v 0.0207620 1.4912239 -0.0433260
v 0.0210269 1.4933991 -0.0439451
v 0.0216137 1.4952989 -0.0450548
v 0.0224748 1.4967694 -0.0465651
v 0.0235405 1.4976915 -0.0483536
v 0.0351841 1.1924080 -0.0374844
v 0.0350777 1.1934216 -0.0354482
v 0.0349650 1.1949681 -0.0337807
v 0.0348552 1.1969223 -0.0326171
v 0.0347571 1.1991258 -0.0320516
v 0.0246787 1.4914002 -0.0421300
v 0.0246263 1.4935611 -0.0428460
v 0.0246042 1.4954335 -0.0441416
v 0.0246141 1.4968657 -0.0459118
v 0.0246553 1.4977417 -0.0480132
v 0.0363204 1.1924381 -0.0377472
v 0.0372583 1.1934794 -0.0359525
v 0.0380132 1.1950489 -0.0344857
v 0.0385240 1.1970196 -0.0334656
v 0.0387493 1.1992317 -0.0329749
v 0.0286709 1.4915060 -0.0430533
v 0.0282951 1.4936583 -0.0436945
v 0.0276523 1.4955143 -0.0448465
v 0.0267947 1.4969235 -0.0464161
v 0.0257916 1.4977718 -0.0482760
v 0.0371737 1.1924401 -0.0385428
v 0.0388958 1.1934832 -0.0374792
v 0.0403023 1.1950543 -0.0366198
v 0.0412792 1.1970260 -0.0360343
v 0.0417474 1.1992387 -0.0357700
v 0.0316690 1.4915130 -0.0458484
v 0.0310503 1.4936648 -0.0462632
v 0.0299414 1.4955196 -0.0469807
v 0.0284322 1.4969273 -0.0479428
v 0.0266450 1.4977738 -0.0490716
v 0.0236318 0.6747762 0.0407960
v 0.0245576 0.6757722 0.0389696
v 0.0259243 0.6763006 0.0372267
v 0.0276212 0.6763186 0.0357085
v 0.0295109 0.6758246 0.0345379
v 0.0314401 0.6748588 0.0338099
v 0.1132527 0.6134994 0.0235833
v 0.1148018 0.6118565 0.0238766
v 0.1159618 0.6100631 0.0246659
v 0.1166389 0.6082647 0.0258874
v 0.1167781 0.6066068 0.0274421
v 0.1163682 0.6052238 0.0292040
v 0.0250629 0.6762937 0.0398828
v 0.0268939 0.6773014 0.0389791
v 0.0289766 0.6777175 0.0381581
v 0.0311422 0.6775084 0.0374863
v 0.0332153 0.6766911 0.0370181
v 0.1150279 0.6153316 0.0267916
v 0.1164332 0.6135402 0.0268249
v 0.1173172 0.6114621 0.0271155
v 0.1176085 0.6092654 0.0276398
v 0.1172834 0.6071283 0.0283552
v 0.0252538 0.6763568 0.0410320
v 0.0272603 0.6774223 0.0411844
v 0.0294888 0.6778866 0.0412409
v 0.0317587 0.6777120 0.0411968
v 0.0338861 0.6769125 0.0410558
v 0.1156987 0.6155531 0.0308292
v 0.1170496 0.6137438 0.0305354
v 0.1178294 0.6116312 0.0301983
v 0.1179749 0.6093864 0.0298451
v 0.1174743 0.6071913 0.0295045
v 0.0250792 0.6759444 0.0421094
v 0.0269253 0.6766311 0.0432519
v 0.0290205 0.6767806 0.0441309
v 0.0311951 0.6763807 0.0446752
v 0.0332728 0.6754640 0.0448409
v 0.1150854 0.6141045 0.0346143
v 0.1164860 0.6124125 0.0340139
v 0.1173612 0.6105251 0.0330883
v 0.1176399 0.6085952 0.0319125
v 0.1172998 0.6067790 0.0305818
v 0.0245859 0.6751673 0.0428262
v 0.0259787 0.6751397 0.0446274
v 0.0276973 0.6746958 0.0460537
v 0.0296024 0.6738714 0.0469896
v 0.0315397 0.6727334 0.0473592
v 0.1133523 0.6113740 0.0371326
v 0.1148933 0.6099032 0.0363282
v 0.1160379 0.6084403 0.0350111
v 0.1166933 0.6071038 0.0332881
v 0.1168065 0.6060018 0.0312986
v 0.0239061 0.6742334 0.0429904
v 0.0246741 0.6733477 0.0449424
v 0.0258736 0.6721908 0.0464941
v 0.0274074 0.6708564 0.0475196
v 0.0291512 0.6694526 0.0479360
v 0.1109638 0.6080932 0.0377094
v 0.1126983 0.6068882 0.0368583
v 0.1142142 0.6059353 0.0354515
v 0.1153887 0.6053118 0.0336031
v 0.1161266 0.6050680 0.0314628
v 0.0232219 0.6733932 0.0425579
v 0.0233611 0.6717353 0.0441126
v 0.0240382 0.6699369 0.0453341
v 0.0251982 0.6681435 0.0461234
v 0.0267473 0.6665006 0.0464167
v 0.1085599 0.6051412 0.0361901
v 0.1104891 0.6041754 0.0354621
v 0.1123788 0.6036814 0.0342915
v 0.1140757 0.6036994 0.0327733
v 0.1154424 0.6042278 0.0310304
v 0.0227166 0.6728717 0.0416448
v 0.0223915 0.6707346 0.0423602
v 0.0226828 0.6685379 0.0428845
v 0.0235668 0.6664598 0.0431751
v 0.0249721 0.6646684 0.0432084
v 0.1067847 0.6033089 0.0329819
v 0.1088578 0.6024916 0.0325137
v 0.1110234 0.6022825 0.0318419
v 0.1131061 0.6026986 0.0310209
v 0.1149371 0.6037063 0.0301172
v 0.0225257 0.6728087 0.0404955
v 0.0220251 0.6706136 0.0401549
v 0.0221706 0.6683688 0.0398017
v 0.0229504 0.6662562 0.0394646
v 0.0243013 0.6644469 0.0391708
v 0.1061139 0.6030875 0.0289442
v 0.1082413 0.6022880 0.0288032
v 0.1105112 0.6021134 0.0287591
v 0.1127397 0.6025777 0.0288156
v 0.1147462 0.6036432 0.0289680
v 0.0227002 0.6732210 0.0394182
v 0.0223601 0.6714048 0.0380875
v 0.0226388 0.6694749 0.0369117
v 0.0235140 0.6675875 0.0359861
v 0.0249146 0.6658955 0.0353857
v 0.1067272 0.6045360 0.0251591
v 0.1088049 0.6036193 0.0253248
v 0.1109795 0.6032194 0.0258691
v 0.1130747 0.6033689 0.0267481
v 0.1149208 0.6040556 0.0278906
v 0.0231935 0.6739982 0.0387014
v 0.0233067 0.6728962 0.0367119
v 0.0239621 0.6715597 0.0349889
v 0.0251067 0.6700968 0.0336718
v 0.0266477 0.6686260 0.0328674
v 0.1084603 0.6072666 0.0226408
v 0.1103976 0.6061286 0.0230104
v 0.1123027 0.6053042 0.0239463
v 0.1140213 0.6048603 0.0253726
v 0.1154141 0.6048327 0.0271738
v 0.0238734 0.6749320 0.0385372
v 0.0246113 0.6746882 0.0363969
v 0.0257858 0.6740647 0.0345485
v 0.0273017 0.6731118 0.0331417
v 0.0290362 0.6719068 0.0322906
v 0.1108488 0.6105474 0.0220640
v 0.1125926 0.6091436 0.0224804
v 0.1141264 0.6078092 0.0235059
v 0.1153259 0.6066523 0.0250576
v 0.1160939 0.6057666 0.0270096
v -0.1497226 -1.4725103 0.0197226
v -0.1476236 -1.4728889 0.0198120
v -0.1457172 -1.4738437 0.0199166
v -0.1441577 -1.4752972 0.0200280
v -0.1430715 -1.4771316 0.0201371
v -0.1425467 -1.4791985 0.0202351
v -0.1626256 -2.0213303 0.0403141
v -0.1633020 -2.0233543 0.0403676
v -0.1645210 -2.0251066 0.0403913
v -0.1661839 -2.0264452 0.0403833
v -0.1681560 -2.0272616 0.0403443
v -0.1702774 -2.0274897 0.0402774
v -0.1479440 -1.4728384 0.0208566
v -0.1463319 -1.4737467 0.0219211
v -0.1450170 -1.4751615 0.0228301
v -0.1441058 -1.4769684 0.0235097
v -0.1436721 -1.4790209 0.0239051
v -0.1637511 -2.0211527 0.0439840
v -0.1643363 -2.0231911 0.0437402
v -0.1653803 -2.0249710 0.0431934
v -0.1667986 -2.0263482 0.0423879
v -0.1684763 -2.0272111 0.0413889
v -0.1487439 -1.4727812 0.0216003
v -0.1478670 -1.4736369 0.0233484
v -0.1471629 -1.4750082 0.0248252
v -0.1466886 -1.4767838 0.0259111
v -0.1464826 -1.4788200 0.0265181
v -0.1665615 -2.0209518 0.0465970
v -0.1669191 -2.0230065 0.0461415
v -0.1675262 -2.0248176 0.0451885
v -0.1683337 -2.0262385 0.0438151
v -0.1692762 -2.0271539 0.0421326
v -0.1498091 -1.4727327 0.0218439
v -0.1499111 -1.4735439 0.0238159
v -0.1500202 -1.4748781 0.0254787
v -0.1501278 -1.4766273 0.0266977
v -0.1502249 -1.4786497 0.0273740
v -0.1703039 -2.0207815 0.0474530
v -0.1703582 -2.0228500 0.0469281
v -0.1703835 -2.0246876 0.0458420
v -0.1703778 -2.0261454 0.0442826
v -0.1703414 -2.0271054 0.0423763
v -0.1508541 -1.4727059 0.0215222
v -0.1519164 -1.4734925 0.0231984
v -0.1528235 -1.4748063 0.0246155
v -0.1535018 -1.4765408 0.0256587
v -0.1538964 -1.4785556 0.0262435
v -0.1739754 -2.0206874 0.0463225
v -0.1737323 -2.0227635 0.0458892
v -0.1731868 -2.0246158 0.0449789
v -0.1723832 -2.0260940 0.0436651
v -0.1713864 -2.0270786 0.0420545
v -0.1515990 -1.4727080 0.0207212
v -0.1533458 -1.4734965 0.0216614
v -0.1548215 -1.4748119 0.0224670
v -0.1559067 -1.4765475 0.0230727
v -0.1565133 -1.4785629 0.0234295
v -0.1765923 -2.0206947 0.0435084
v -0.1761372 -2.0227702 0.0433032
v -0.1751849 -2.0246213 0.0428303
v -0.1738125 -2.0260980 0.0421281
v -0.1721313 -2.0270807 0.0412535
v -0.1518440 -1.4727384 0.0196557
v -0.1538161 -1.4735548 0.0196167
v -0.1554790 -1.4748934 0.0196087
v -0.1566980 -1.4766457 0.0196324
v -0.1573744 -1.4786697 0.0196859
v -0.1774533 -2.0208015 0.0397649
v -0.1769285 -2.0228684 0.0398629
v -0.1758423 -2.0247028 0.0399720
v -0.1742828 -2.0261563 0.0400834
v -0.1723764 -2.0271111 0.0401880
v -0.1515237 -1.4727889 0.0186111
v -0.1532014 -1.4736518 0.0176121
v -0.1546197 -1.4750290 0.0168066
v -0.1556637 -1.4768089 0.0162598
v -0.1562489 -1.4788473 0.0160160
v -0.1763279 -2.0209791 0.0360949
v -0.1758942 -2.0230316 0.0364903
v -0.1749830 -2.0248385 0.0371699
v -0.1736681 -2.0262533 0.0380789
v -0.1720560 -2.0271616 0.0391434
v -0.1507238 -1.4728461 0.0178674
v -0.1516663 -1.4737615 0.0161849
v -0.1524738 -1.4751824 0.0148115
v -0.1530809 -1.4769935 0.0138585
v -0.1534385 -1.4790482 0.0134030
v -0.1735174 -2.0211800 0.0334819
v -0.1733114 -2.0232162 0.0340889
v -0.1728371 -2.0249918 0.0351748
v -0.1721330 -2.0263631 0.0366516
v -0.1712561 -2.0272188 0.0383997
v -0.1496586 -1.4728946 0.0176237
v -0.1496222 -1.4738546 0.0157174
v -0.1496165 -1.4753124 0.0141580
v -0.1496418 -1.4771500 0.0130719
v -0.1496961 -1.4792185 0.0125470
v -0.1697751 -2.0213503 0.0326260
v -0.1698722 -2.0233727 0.0333023
v -0.1699798 -2.0251219 0.0345213
v -0.1700889 -2.0264561 0.0361841
v -0.1701909 -2.0272673 0.0381561
v -0.1486136 -1.4729214 0.0179455
v -0.1476168 -1.4739060 0.0163349
v -0.1468132 -1.4753842 0.0150211
v -0.1462677 -1.4772365 0.0141108
v -0.1460246 -1.4793126 0.0136775
v -0.1661036 -2.0214444 0.0337565
v -0.1664982 -2.0234592 0.0343413
v -0.1671765 -2.0251937 0.0353845
v -0.1680836 -2.0265075 0.0368016
v -0.1691459 -2.0272941 0.0384778
v -0.1478687 -1.4729193 0.0187465
v -0.1461875 -1.4739020 0.0178719
v -0.1448151 -1.4753787 0.0171697
v -0.1438628 -1.4772298 0.0166968
v -0.1434077 -1.4793053 0.0164916
v -0.1634867 -2.0214371 0.0365705
v -0.1640933 -2.0234525 0.0369273
v -0.1651785 -2.0251881 0.0375330
v -0.1666542 -2.0265035 0.0383386
v -0.1684010 -2.0272920 0.0392788
v 0.1497226 -1.4725103 0.0197226
v 0.1518440 -1.4727384 0.0196557
v 0.1538161 -1.4735548 0.0196167
v 0.1554790 -1.4748934 0.0196087
v 0.1566980 -1.4766457 0.0196324
v 0.1573744 -1.4786697 0.0196859
v 0.1774533 -2.0208015 0.0397649
v 0.1769285 -2.0228684 0.0398629
v 0.1758423 -2.0247028 0.0399720
v 0.1742828 -2.0261563 0.0400834
v 0.1723764 -2.0271111 0.0401880
v 0.1702774 -2.0274897 0.0402774
v 0.1515990 -1.4727080 0.0207212
v 0.1533458 -1.4734965 0.0216614
v 0.1548215 -1.4748119 0.0224670
v 0.1559067 -1.4765475 0.0230727
v 0.1565133 -1.4785629 0.0234295
v 0.1765923 -2.0206947 0.0435084
v 0.1761372 -2.0227702 0.0433032
v 0.1751849 -2.0246213 0.0428303
v 0.1738125 -2.0260980 0.0421281
v 0.1721313 -2.0270807 0.0412535
v 0.1508541 -1.4727059 0.0215222
v 0.1519164 -1.4734925 0.0231984
v 0.1528235 -1.4748063 0.0246155
v 0.1535018 -1.4765408 0.0256587
v 0.1538964 -1.4785556 0.0262435
v 0.1739754 -2.0206874 0.0463225
v 0.1737323 -2.0227635 0.0458892
v 0.1731868 -2.0246158 0.0449789
v 0.1723832 -2.0260940 0.0436651
v 0.1713864 -2.0270786 0.0420545
v 0.1498091 -1.4727327 0.0218439
v 0.1499111 -1.4735439 0.0238159
v 0.1500202 -1.4748781 0.0254787
v 0.1501278 -1.4766273 0.0266977
v 0.1502249 -1.4786497 0.0273740
v 0.1703039 -2.0207815 0.0474530
v 0.1703582 -2.0228500 0.0469281
v 0.1703835 -2.0246876 0.0458420
v 0.1703778 -2.0261454 0.0442826
v 0.1703414 -2.0271054 0.0423763
v 0.1487439 -1.4727812 0.0216003
v 0.1478670 -1.4736369 0.0233484
v 0.1471629 -1.4750082 0.0248252
v 0.1466886 -1.4767838 0.0259111
v 0.1464826 -1.4788200 0.0265181
v 0.1665615 -2.0209518 0.0465970
v 0.1669191 -2.0230065 0.0461415
v 0.1675262 -2.0248176 0.0451885
v 0.1683337 -2.0262385 0.0438151
v 0.1692762 -2.0271539 0.0421326
v 0.1479440 -1.4728384 0.0208566
v 0.1463319 -1.4737467 0.0219211
v 0.1450170 -1.4751615 0.0228301
v 0.1441058 -1.4769684 0.0235097
v 0.1436721 -1.4790209 0.0239051
v 0.1637511 -2.0211527 0.0439840
v 0.1643363 -2.0231911 0.0437402
v 0.1653803 -2.0249710 0.0431934
v 0.1667986 -2.0263482 0.0423879
v 0.1684763 -2.0272111 0.0413889
v 0.1476236 -1.4728889 0.0198120
v 0.1457172 -1.4738437 0.0199166
v 0.1441577 -1.4752972 0.0200280
v 0.1430715 -1.4771316 0.0201371
v 0.1425467 -1.4791985 0.0202351
v 0.1626256 -2.0213303 0.0403141
v 0.1633020 -2.0233543 0.0403676
v 0.1645210 -2.0251066 0.0403913
v 0.1661839 -2.0264452 0.0403833
v 0.1681560 -2.0272616 0.0403443
v 0.1478687 -1.4729193 0.0187465
v 0.1461875 -1.4739020 0.0178719
v 0.1448151 -1.4753787 0.0171697
v 0.1438628 -1.4772298 0.0166968
v 0.1434077 -1.4793053 0.0164916
v 0.1634867 -2.0214371 0.0365705
v 0.1640933 -2.0234525 0.0369273
v 0.1651785 -2.0251881 0.0375330
v 0.1666542 -2.0265035 0.0383386
v 0.1684010 -2.0272920 0.0392788
v 0.1486136 -1.4729214 0.0179455
v 0.1476168 -1.4739060 0.0163349
v 0.1468132 -1.4753842 0.0150211
v 0.1462677 -1.4772365 0.0141108
v 0.1460246 -1.4793126 0.0136775
v 0.1661036 -2.0214444 0.0337565
v 0.1664982 -2.0234592 0.0343413
v 0.1671765 -2.0251937 0.0353845
v 0.1680836 -2.0265075 0.0368016
v 0.1691459 -2.0272941 0.0384778
v 0.1496586 -1.4728946 0.0176237
v 0.1496222 -1.4738546 0.0157174
v 0.1496165 -1.4753124 0.0141580
v 0.1496418 -1.4771500 0.0130719
v 0.1496961 -1.4792185 0.0125470
v 0.1697751 -2.0213503 0.0326260
v 0.1698722 -2.0233727 0.0333023
v 0.1699798 -2.0251219 0.0345213
v 0.1700889 -2.0264561 0.0361841
v 0.1701909 -2.0272673 0.0381561
v 0.1507238 -1.4728461 0.0178674
v 0.1516663 -1.4737615 0.0161849
v 0.1524738 -1.4751824 0.0148115
v 0.1530809 -1.4769935 0.0138585
v 0.1534385 -1.4790482 0.0134030
v 0.1735174 -2.0211800 0.0334819
v 0.1733114 -2.0232162 0.0340889
v 0.1728371 -2.0249918 0.0351748
v 0.1721330 -2.0263631 0.0366516
v 0.1712561 -2.0272188 0.0383997
v 0.1515237 -1.4727889 0.0186111
v 0.1532014 -1.4736518 0.0176121
v 0.1546197 -1.4750290 0.0168066
v 0.1556637 -1.4768089 0.0162598
v 0.1562489 -1.4788473 0.0160160
v 0.1763279 -2.0209791 0.0360949
v 0.1758942 -2.0230316 0.0364903
v 0.1749830 -2.0248385 0.0371699
v 0.1736681 -2.0262533 0.0380789
v 0.1720560 -2.0271616 0.0391434
v -0.1691155 -2.0138082 0.0382309
v -0.1673467 -2.0142456 0.0385518
v -0.1657929 -2.0151492 0.0389900
v -0.1645799 -2.0164458 0.0395100
v -0.1638060 -2.0180303 0.0400697
v -0.1635339 -2.0197744 0.0406238
v -0.1937857 -2.2315368 0.1011273
v -0.1945409 -2.2331746 0.1015395
v -0.1957384 -2.2345553 0.1018270
v -0.1972811 -2.2355669 0.1019665
v -0.1990441 -2.2361276 0.1019466
v -0.2008845 -2.2361918 0.1017691
v -0.1676818 -2.0139581 0.0393906
v -0.1664359 -2.0145975 0.0405997
v -0.1654787 -2.0156745 0.0417601
v -0.1648879 -2.0171020 0.0427780
v -0.1647112 -2.0187642 0.0435708
v -0.1949629 -2.2305266 0.1040744
v -0.1956228 -2.2322463 0.1042478
v -0.1966372 -2.2337840 0.1040771
v -0.1979241 -2.2350152 0.1035762
v -0.1993792 -2.2358400 0.1027854
v -0.1684106 -2.0136976 0.0399379
v -0.1678345 -2.0140976 0.0416499
v -0.1674338 -2.0149757 0.0432282
v -0.1672410 -2.0162609 0.0445451
v -0.1672718 -2.0178490 0.0454936
v -0.1975235 -2.2296114 0.1059972
v -0.1979759 -2.2314052 0.1060149
v -0.1985923 -2.2330852 0.1055452
v -0.1993227 -2.2345153 0.1046264
v -0.2001080 -2.2355795 0.1033327
v -0.1693379 -2.0135340 0.0400470
v -0.1696140 -2.0137836 0.0418593
v -0.1699213 -2.0145368 0.0435209
v -0.1702350 -2.0157326 0.0448973
v -0.1705297 -2.0172741 0.0458770
v -0.2007815 -2.2290365 0.1063805
v -0.2009699 -2.2308769 0.1063671
v -0.2010798 -2.2326463 0.1058379
v -0.2011022 -2.2342013 0.1048358
v -0.2010353 -2.2354159 0.1034418
v -0.1702152 -2.0135110 0.0396887
v -0.1712975 -2.0137395 0.0411717
v -0.1722747 -2.0144752 0.0425598
v -0.1730676 -2.0156585 0.0437405
v -0.1736120 -2.0171934 0.0446181
v -0.2038637 -2.2289558 0.1051216
v -0.2038025 -2.2308028 0.1052103
v -0.2034332 -2.2325847 0.1048768
v -0.2027857 -2.2341572 0.1041482
v -0.2019126 -2.2353929 0.1030835
v -0.1708074 -2.0136349 0.0389590
v -0.1724340 -2.0139773 0.0397714
v -0.1738633 -2.0148075 0.0406023
v -0.1749797 -2.0160585 0.0413844
v -0.1756927 -2.0176287 0.0420544
v -0.2059444 -2.2293911 0.1025579
v -0.2057146 -2.2312028 0.1028542
v -0.2050218 -2.2329170 0.1029193
v -0.2039222 -2.2343949 0.1027479
v -0.2025048 -2.2355168 0.1023538
v -0.1709559 -2.0138724 0.0380534
v -0.1727189 -2.0144331 0.0380335
v -0.1742616 -2.0154447 0.0381730
v -0.1754591 -2.0168254 0.0384605
v -0.1762143 -2.0184632 0.0388727
v -0.2064661 -2.2302256 0.0993762
v -0.2061940 -2.2319697 0.0999303
v -0.2054201 -2.2335542 0.1004900
v -0.2042071 -2.2348508 0.1010100
v -0.2026533 -2.2357544 0.1014482
v -0.1706208 -2.0141600 0.0372146
v -0.1720759 -2.0149848 0.0364238
v -0.1733628 -2.0162160 0.0359229
v -0.1743772 -2.0177537 0.0357522
v -0.1750371 -2.0194734 0.0359256
v -0.2052888 -2.2312358 0.0964292
v -0.2051121 -2.2328980 0.0972220
v -0.2045213 -2.2343255 0.0982399
v -0.2035641 -2.2354025 0.0994003
v -0.2023182 -2.2360419 0.1006094
v -0.1698920 -2.0144205 0.0366673
v -0.1706773 -2.0154847 0.0353736
v -0.1714077 -2.0169148 0.0344548
v -0.1720241 -2.0185948 0.0339851
v -0.1724765 -2.0203886 0.0340028
v -0.2027282 -2.2321510 0.0945064
v -0.2027590 -2.2337391 0.0954549
v -0.2025662 -2.2350243 0.0967718
v -0.2021655 -2.2359024 0.0983501
v -0.2015894 -2.2363024 0.1000621
v -0.1689647 -2.0145841 0.0365582
v -0.1688978 -2.0157987 0.0351642
v -0.1689202 -2.0173537 0.0341621
v -0.1690301 -2.0191231 0.0336329
v -0.1692185 -2.0209635 0.0336195
v -0.1994703 -2.2327259 0.0941230
v -0.1997650 -2.2342674 0.0951027
v -0.2000787 -2.2354632 0.0964791
v -0.2003860 -2.2362164 0.0981407
v -0.2006621 -2.2364660 0.0999530
v -0.1680874 -2.0146071 0.0369165
v -0.1672143 -2.0158428 0.0358518
v -0.1665668 -2.0174153 0.0351232
v -0.1661975 -2.0191972 0.0347897
v -0.1661363 -2.0210442 0.0348784
v -0.1963880 -2.2328066 0.0953819
v -0.1969324 -2.2343415 0.0962595
v -0.1977253 -2.2355248 0.0974402
v -0.1987025 -2.2362605 0.0988283
v -0.1997848 -2.2364890 0.1003113
v -0.1674952 -2.0144832 0.0376462
v -0.1660778 -2.0156051 0.0372521
v -0.1649782 -2.0170830 0.0370807
v -0.1642854 -2.0187972 0.0371458
v -0.1640556 -2.0206089 0.0374421
v -0.1943073 -2.2323713 0.0979456
v -0.1950203 -2.2339415 0.0986156
v -0.1961367 -2.2351925 0.0993977
v -0.1975660 -2.2360227 0.1002286
v -0.1991926 -2.2363651 0.1010410
v 0.1691155 -2.0138082 0.0382309
v 0.1709559 -2.0138724 0.0380534
v 0.1727189 -2.0144331 0.0380335
v 0.1742616 -2.0154447 0.0381730
v 0.1754591 -2.0168254 0.0384605
v 0.1762143 -2.0184632 0.0388727
v 0.2064661 -2.2302256 0.0993762
v 0.2061940 -2.2319697 0.0999303
v 0.2054201 -2.2335542 0.1004900
v 0.2042071 -2.2348508 0.1010100
v 0.2026533 -2.2357544 0.1014482
v 0.2008845 -2.2361918 0.1017691
v 0.1708074 -2.0136349 0.0389590
v 0.1724340 -2.0139773 0.0397714
v 0.1738633 -2.0148075 0.0406023
v 0.1749797 -2.0160585 0.0413844
v 0.1756927 -2.0176287 0.0420544
v 0.2059444 -2.2293911 0.1025579
v 0.2057146 -2.2312028 0.1028542
v 0.2050218 -2.2329170 0.1029193
v 0.2039222 -2.2343949 0.1027479
v 0.2025048 -2.2355168 0.1023538
v 0.1702152 -2.0135110 0.0396887
v 0.1712975 -2.0137395 0.0411717
v 0.1722747 -2.0144752 0.0425598
v 0.1730676 -2.0156585 0.0437405
v 0.1736120 -2.0171934 0.0446181
v 0.2038637 -2.2289558 0.1051216
v 0.2038025 -2.2308028 0.1052103
v 0.2034332 -2.2325847 0.1048768
v 0.2027857 -2.2341572 0.1041482
v 0.2019126 -2.2353929 0.1030835
v 0.1693379 -2.0135340 0.0400470
v 0.1696140 -2.0137836 0.0418593
v 0.1699213 -2.0145368 0.0435209
v 0.1702350 -2.0157326 0.0448973
v 0.1705297 -2.0172741 0.0458770
v 0.2007815 -2.2290365 0.1063805
v 0.2009699 -2.2308769 0.1063671
v 0.2010798 -2.2326463 0.1058379
v 0.2011022 -2.2342013 0.1048358
v 0.2010353 -2.2354159 0.1034418
v 0.1684106 -2.0136976 0.0399379
v 0.1678345 -2.0140976 0.0416499
v 0.1674338 -2.0149757 0.0432282
v 0.1672410 -2.0162609 0.0445451
v 0.1672718 -2.0178490 0.0454936
v 0.1975235 -2.2296114 0.1059972
v 0.1979759 -2.2314052 0.1060149
v 0.1985923 -2.2330852 0.1055452
v 0.1993227 -2.2345153 0.1046264
v 0.2001080 -2.2355795 0.1033327
v 0.1676818 -2.0139581 0.0393906
v 0.1664359 -2.0145975 0.0405997
v 0.1654787 -2.0156745 0.0417601
v 0.1648879 -2.0171020 0.0427780
v 0.1647112 -2.0187642 0.0435708
v 0.1949629 -2.2305266 0.1040744
v 0.1956228 -2.2322463 0.1042478
v 0.1966372 -2.2337840 0.1040771
v 0.1979241 -2.2350152 0.1035762
v 0.1993792 -2.2358400 0.1027854
v 0.1673467 -2.0142456 0.0385518
v 0.1657929 -2.0151492 0.0389900
v 0.1645799 -2.0164458 0.0395100
v 0.1638060 -2.0180303 0.0400697
v 0.1635339 -2.0197744 0.0406238
v 0.1937857 -2.2315368 0.1011273
v 0.1945409 -2.2331746 0.1015395
v 0.1957384 -2.2345553 0.1018270
v 0.1972811 -2.2355669 0.1019665
v 0.1990441 -2.2361276 0.1019466
v 0.1674952 -2.0144832 0.0376462
v 0.1660778 -2.0156051 0.0372521
v 0.1649782 -2.0170830 0.0370807
v 0.1642854 -2.0187972 0.0371458
v 0.1640556 -2.0206089 0.0374421
v 0.1943073 -2.2323713 0.0979456
v 0.1950203 -2.2339415 0.0986156
v 0.1961367 -2.2351925 0.0993977
v 0.1975660 -2.2360227 0.1002286
v 0.1991926 -2.2363651 0.1010410
v 0.1680874 -2.0146071 0.0369165
v 0.1672143 -2.0158428 0.0358518
v 0.1665668 -2.0174153 0.0351232
v 0.1661975 -2.0191972 0.0347897
v 0.1661363 -2.0210442 0.0348784
v 0.1963880 -2.2328066 0.0953819
v 0.1969324 -2.2343415 0.0962595
v 0.1977253 -2.2355248 0.0974402
v 0.1987025 -2.2362605 0.0988283
v 0.1997848 -2.2364890 0.1003113
v 0.1689647 -2.0145841 0.0365582
v 0.1688978 -2.0157987 0.0351642
v 0.1689202 -2.0173537 0.0341621
v 0.1690301 -2.0191231 0.0336329
v 0.1692185 -2.0209635 0.0336195
v 0.1994703 -2.2327259 0.0941230
v 0.1997650 -2.2342674 0.0951027
v 0.2000787 -2.2354632 0.0964791
v 0.2003860 -2.2362164 0.0981407
v 0.2006621 -2.2364660 0.0999530
v 0.1698920 -2.0144205 0.0366673
v 0.1706773 -2.0154847 0.0353736
v 0.1714077 -2.0169148 0.0344548
v 0.1720241 -2.0185948 0.0339851
v 0.1724765 -2.0203886 0.0340028
v 0.2027282 -2.2321510 0.0945064
v 0.2027590 -2.2337391 0.0954549
v 0.2025662 -2.2350243 0.0967718
v 0.2021655 -2.2359024 0.0983501
v 0.2015894 -2.2363024 0.1000621
v 0.1706208 -2.0141600 0.0372146
v 0.1720759 -2.0149848 0.0364238
v 0.1733628 -2.0162160 0.0359229
v 0.1743772 -2.0177537 0.0357522
v 0.1750371 -2.0194734 0.0359256
v 0.2052888 -2.2312358 0.0964292
v 0.2051121 -2.2328980 0.0972220
v 0.2045213 -2.2343255 0.0982399
v 0.2035641 -2.2354025 0.0994003
v 0.2023182 -2.2360419 0.1006094
v -0.3482069 1.0277961 0.0599220
v -0.3461378 1.0269927 0.0604304
v -0.3443816 1.0256229 0.0609038
v -0.3430806 1.0237975 0.0613041
v -0.3423401 1.0216645 0.0615987
v -0.3422202 1.0193966 0.0617638
v -0.5727306 0.0171776 0.0717859
v -0.5738299 0.0151873 0.0716634
v -0.5754290 0.0135868 0.0714062
v -0.5773985 0.0125059 0.0710350
v -0.5795787 0.0120322 0.0705800
v -0.5817931 0.0122039 0.0700780
v -0.3466685 1.0271251 0.0614609
v -0.3454000 1.0258769 0.0628814
v -0.3445042 1.0241526 0.0640685
v -0.3440536 1.0220918 0.0649259
v -0.3440848 1.0198616 0.0653843
v -0.5745951 0.0176426 0.0754065
v -0.5755434 0.0156146 0.0749907
v -0.5768527 0.0139419 0.0741706
v -0.5784169 0.0127599 0.0730126
v -0.5801094 0.0121645 0.0716105
v -0.3476309 1.0273526 0.0620799
v -0.3472468 1.0263135 0.0640693
v -0.3470858 1.0247629 0.0657290
v -0.3471609 1.0228265 0.0669246
v -0.3474659 1.0206611 0.0675592
v -0.5779763 0.0184421 0.0775814
v -0.5786506 0.0163493 0.0769894
v -0.5794343 0.0145523 0.0758311
v -0.5802637 0.0131966 0.0742005
v -0.5810718 0.0123921 0.0722295
v -0.3487671 1.0276144 0.0621216
v -0.3494271 1.0268158 0.0641493
v -0.3501336 1.0254651 0.0658408
v -0.3508293 1.0236716 0.0670592
v -0.3514577 1.0215806 0.0677056
v -0.5819681 0.0193616 0.0777278
v -0.5823190 0.0171944 0.0771239
v -0.5824821 0.0152544 0.0759429
v -0.5824440 0.0136989 0.0742805
v -0.5822080 0.0126538 0.0722712
v -0.3497726 1.0278402 0.0615748
v -0.3513568 1.0272491 0.0630999
v -0.3528310 1.0260708 0.0643739
v -0.3540759 1.0244006 0.0652936
v -0.3549905 1.0223740 0.0657844
v -0.5855009 0.0201550 0.0758065
v -0.5855656 0.0179234 0.0753583
v -0.5851795 0.0158601 0.0744760
v -0.5843737 0.0141322 0.0732311
v -0.5832136 0.0128796 0.0717244
v -0.3503781 1.0279696 0.0605859
v -0.3525187 1.0274974 0.0612023
v -0.3544552 1.0264178 0.0617213
v -0.3560308 1.0248183 0.0621009
v -0.3571178 1.0228285 0.0623102
v -0.5876281 0.0206095 0.0723324
v -0.5875205 0.0183411 0.0721656
v -0.5868036 0.0162071 0.0718234
v -0.5855356 0.0143804 0.0713335
v -0.5838190 0.0130090 0.0707355
v -0.3504213 1.0279678 0.0594200
v -0.3526015 1.0274941 0.0589650
v -0.3545710 1.0264132 0.0585938
v -0.3561701 1.0248127 0.0583366
v -0.3572694 1.0228224 0.0582141
v -0.5877798 0.0206034 0.0682362
v -0.5876599 0.0183355 0.0684013
v -0.5869194 0.0162025 0.0686959
v -0.5856184 0.0143771 0.0690962
v -0.5838622 0.0130073 0.0695696
v -0.3498906 1.0278355 0.0583895
v -0.3515831 1.0272401 0.0569874
v -0.3531473 1.0260581 0.0558294
v -0.3544566 1.0243854 0.0550093
v -0.3554049 1.0223574 0.0545935
v -0.5859152 0.0201384 0.0646157
v -0.5859464 0.0179082 0.0650741
v -0.5854958 0.0158474 0.0659315
v -0.5846000 0.0141231 0.0671186
v -0.5833315 0.0128749 0.0685391
v -0.3489282 1.0276079 0.0577705
v -0.3497363 1.0268034 0.0557995
v -0.3505657 1.0254477 0.0541689
v -0.3513494 1.0236507 0.0530106
v -0.3520237 1.0215579 0.0524186
v -0.5825341 0.0193389 0.0624408
v -0.5828391 0.0171735 0.0630754
v -0.5829142 0.0152371 0.0642710
v -0.5827532 0.0136865 0.0659307
v -0.5823691 0.0126474 0.0679201
v -0.3477920 1.0273462 0.0577288
v -0.3475560 1.0263011 0.0557195
v -0.3475179 1.0247456 0.0540571
v -0.3476810 1.0228056 0.0528761
v -0.3480319 1.0206384 0.0522722
v -0.5785423 0.0184194 0.0622944
v -0.5791707 0.0163284 0.0629408
v -0.5798664 0.0145349 0.0641592
v -0.5805729 0.0131842 0.0658507
v -0.5812329 0.0123856 0.0678784
v -0.3467864 1.0271204 0.0582756
v -0.3456263 1.0258678 0.0567689
v -0.3448205 1.0241399 0.0555240
v -0.3444344 1.0220766 0.0546417
v -0.3444991 1.0198450 0.0541935
v -0.5750095 0.0176260 0.0642156
v -0.5759241 0.0155994 0.0647064
v -0.5771690 0.0139292 0.0656261
v -0.5786432 0.0127509 0.0669001
v -0.5802274 0.0121598 0.0684252
v -0.3461810 1.0269910 0.0592645
v -0.3444644 1.0256196 0.0586665
v -0.3431964 1.0237929 0.0581766
v -0.3424795 1.0216589 0.0578344
v -0.3423719 1.0193905 0.0576676
v -0.5728822 0.0171715 0.0676898
v -0.5739692 0.0151817 0.0678991
v -0.5755448 0.0135822 0.0682787
v -0.5774813 0.0125026 0.0687977
v -0.5796219 0.0120304 0.0694141
v 0.3482069 1.0277961 0.0599220
v 0.3504213 1.0279678 0.0594200
v 0.3526015 1.0274941 0.0589650
v 0.3545710 1.0264132 0.0585938
v 0.3561701 1.0248127 0.0583366
v 0.3572694 1.0228224 0.0582141
v 0.5877798 0.0206034 0.0682362
v 0.5876599 0.0183355 0.0684013
v 0.5869194 0.0162025 0.0686959
v 0.5856184 0.0143771 0.0690962
v 0.5838622 0.0130073 0.0695696
v 0.5817931 0.0122039 0.0700780
v 0.3503781 1.0279696 0.0605859
v 0.3525187 1.0274974 0.0612023
v 0.3544552 1.0264178 0.0617213
v 0.3560308 1.0248183 0.0621009
v 0.3571178 1.0228285 0.0623102
v 0.5876281 0.0206095 0.0723324
v 0.5875205 0.0183411 0.0721656
v 0.5868036 0.0162071 0.0718234
v 0.5855356 0.0143804 0.0713335
v 0.5838190 0.0130090 0.0707355
v 0.3497726 1.0278402 0.0615748
v 0.3513568 1.0272491 0.0630999
v 0.3528310 1.0260708 0.0643739
v 0.3540759 1.0244006 0.0652936
v 0.3549905 1.0223740 0.0657844
v 0.5855009 0.0201550 0.0758065
v 0.5855656 0.0179234 0.0753583
v 0.5851795 0.0158601 0.0744760
v 0.5843737 0.0141322 0.0732311
v 0.5832136 0.0128796 0.0717244
v 0.3487671 1.0276144 0.0621216
v 0.3494271 1.0268158 0.0641493
v 0.3501336 1.0254651 0.0658408
v 0.3508293 1.0236716 0.0670592
v 0.3514577 1.0215806 0.0677056
v 0.5819681 0.0193616 0.0777278
v 0.5823190 0.0171944 0.0771239
v 0.5824821 0.0152544 0.0759429
v 0.5824440 0.0136989 0.0742805
v 0.5822080 0.0126538 0.0722712
v 0.3476309 1.0273526 0.0620799
v 0.3472468 1.0263135 0.0640693
v 0.3470858 1.0247629 0.0657290
v 0.3471609 1.0228265 0.0669246
v 0.3474659 1.0206611 0.0675592
v 0.5779763 0.0184421 0.0775814
v 0.5786506 0.0163493 0.0769894
v 0.5794343 0.0145523 0.0758311
v 0.5802637 0.0131966 0.0742005
v 0.5810718 0.0123921 0.0722295
v 0.3466685 1.0271251 0.0614609
v 0.3454000 1.0258769 0.0628814
v 0.3445042 1.0241526 0.0640685
v 0.3440536 1.0220918 0.0649259
v 0.3440848 1.0198616 0.0653843
v 0.5745951 0.0176426 0.0754065
v 0.5755434 0.0156146 0.0749907
v 0.5768527 0.0139419 0.0741706
v 0.5784169 0.0127599 0.0730126
v 0.5801094 0.0121645 0.0716105
v 0.3461378 1.0269927 0.0604304
v 0.3443816 1.0256229 0.0609038
v 0.3430806 1.0237975 0.0613041
v 0.3423401 1.0216645 0.0615987
v 0.3422202 1.0193966 0.0617638
v 0.5727306 0.0171776 0.0717859
v 0.5738299 0.0151873 0.0716634
v 0.5754290 0.0135868 0.0714062
v 0.5773985 0.0125059 0.0710350
v 0.5795787 0.0120322 0.0705800
v 0.3461810 1.0269910 0.0592645
v 0.3444644 1.0256196 0.0586665
v 0.3431964 1.0237929 0.0581766
v 0.3424795 1.0216589 0.0578344
v 0.3423719 1.0193905 0.0576676
v 0.5728822 0.0171715 0.0676898
v 0.5739692 0.0151817 0.0678991
v 0.5755448 0.0135822 0.0682787
v 0.5774813 0.0125026 0.0687977
v 0.5796219 0.0120304 0.0694141
v 0.3467864 1.0271204 0.0582756
v 0.3456263 1.0258678 0.0567689
v 0.3448205 1.0241399 0.0555240
v 0.3444344 1.0220766 0.0546417
v 0.3444991 1.0198450 0.0541935
v 0.5750095 0.0176260 0.0642156
v 0.5759241 0.0155994 0.0647064
v 0.5771690 0.0139292 0.0656261
v 0.5786432 0.0127509 0.0669001
v 0.5802274 0.0121598 0.0684252
v 0.3477920 1.0273462 0.0577288
v 0.3475560 1.0263011 0.0557195
v 0.3475179 1.0247456 0.0540571
v 0.3476810 1.0228056 0.0528761
v 0.3480319 1.0206384 0.0522722
v 0.5785423 0.0184194 0.0622944
v 0.5791707 0.0163284 0.0629408
v 0.5798664 0.0145349 0.0641592
v 0.5805729 0.0131842 0.0658507
v 0.5812329 0.0123856 0.0678784
v 0.3489282 1.0276079 0.0577705
v 0.3497363 1.0268034 0.0557995
v 0.3505657 1.0254477 0.0541689
v 0.3513494 1.0236507 0.0530106
v 0.3520237 1.0215579 0.0524186
v 0.5825341 0.0193389 0.0624408
v 0.5828391 0.0171735 0.0630754
v 0.5829142 0.0152371 0.0642710
v 0.5827532 0.0136865 0.0659307
v 0.5823691 0.0126474 0.0679201
v 0.3498906 1.0278355 0.0583895
v 0.3515831 1.0272401 0.0569874
v 0.3531473 1.0260581 0.0558294
v 0.3544566 1.0243854 0.0550093
v 0.3554049 1.0223574 0.0545935
v 0.5859152 0.0201384 0.0646157
v 0.5859464 0.0179082 0.0650741
v 0.5854958 0.0158474 0.0659315
v 0.5846000 0.0141231 0.0671186
v 0.5833315 0.0128749 0.0685391
v -0.2880397 0.9677560 0.0399574
v -0.2859999 0.9669092 0.0405114
v -0.2842841 0.9655027 0.0410240
v -0.2830314 0.9636504 0.0414536
v -0.2823432 0.9615023 0.0417655
v -0.2822754 0.9592326 0.0419343
v -0.5128334 0.0470250 0.0469464
v -0.5139719 0.0450584 0.0468009
v -0.5155988 0.0434922 0.0465094
v -0.5175823 0.0424532 0.0460957
v -0.5197617 0.0420256 0.0455932
v -0.5219603 0.0422440 0.0450426
v -0.2865501 0.9670539 0.0415300
v -0.2853400 0.9657803 0.0429786
v -0.2845074 0.9640385 0.0441859
v -0.2841197 0.9619694 0.0450541
v -0.2842085 0.9597408 0.0455129
v -0.5147665 0.0475333 0.0505250
v -0.5157484 0.0455255 0.0500895
v -0.5170748 0.0438803 0.0492417
v -0.5186382 0.0427308 0.0480503
v -0.5203119 0.0421702 0.0466117
v -0.2875207 0.9673025 0.0421276
v -0.2872026 0.9662574 0.0441255
v -0.2871111 0.9647054 0.0457891
v -0.2872537 0.9627721 0.0469838
v -0.2876187 0.9606143 0.0476126
v -0.5181767 0.0484067 0.0526248
v -0.5188823 0.0463282 0.0520192
v -0.5196786 0.0445472 0.0508449
v -0.5205008 0.0432079 0.0491972
v -0.5212825 0.0424189 0.0472094
v -0.2886517 0.9675884 0.0421442
v -0.2893729 0.9668061 0.0441574
v -0.2901450 0.9654724 0.0458337
v -0.2909053 0.9636953 0.0470374
v -0.2915922 0.9616189 0.0476710
v -0.5221502 0.0494113 0.0526831
v -0.5225339 0.0472514 0.0520728
v -0.5227124 0.0453142 0.0508895
v -0.5226712 0.0437566 0.0492291
v -0.5224135 0.0427048 0.0472260
v -0.2896400 0.9678351 0.0415753
v -0.2912694 0.9672794 0.0430657
v -0.2927960 0.9661341 0.0443076
v -0.2940961 0.9644917 0.0452006
v -0.2950643 0.9624855 0.0456723
v -0.5256223 0.0502779 0.0506844
v -0.5257248 0.0480478 0.0502360
v -0.5253635 0.0459759 0.0493634
v -0.5245676 0.0442299 0.0481374
v -0.5234018 0.0429515 0.0466571
v -0.2902207 0.9679764 0.0405734
v -0.2923839 0.9675506 0.0411429
v -0.2943539 0.9665130 0.0416199
v -0.2959712 0.9649479 0.0419656
v -0.2971047 0.9629819 0.0421521
v -0.5276627 0.0507743 0.0471642
v -0.5275999 0.0485040 0.0470010
v -0.5269213 0.0463549 0.0466757
v -0.5256821 0.0445010 0.0462146
v -0.5239825 0.0430927 0.0456552
v -0.2902383 0.9679744 0.0394068
v -0.2924177 0.9675468 0.0389043
v -0.2944012 0.9665078 0.0384906
v -0.2960281 0.9649416 0.0381991
v -0.2971666 0.9629750 0.0380536
v -0.5277246 0.0507674 0.0430657
v -0.5276568 0.0484977 0.0432345
v -0.5269686 0.0463496 0.0435464
v -0.5257159 0.0444973 0.0439760
v -0.5240001 0.0430908 0.0444886
v -0.2896881 0.9678298 0.0383883
v -0.2913618 0.9672692 0.0369497
v -0.2929252 0.9661197 0.0357583
v -0.2942516 0.9644745 0.0349105
v -0.2952335 0.9624667 0.0344750
v -0.5257915 0.0502592 0.0394871
v -0.5258803 0.0480306 0.0399459
v -0.5254926 0.0459615 0.0408141
v -0.5246600 0.0442197 0.0420214
v -0.5234499 0.0429461 0.0434700
v -0.2887175 0.9675811 0.0377906
v -0.2894992 0.9667921 0.0358028
v -0.2903214 0.9654528 0.0341551
v -0.2911177 0.9636718 0.0329808
v -0.2918233 0.9615933 0.0323752
v -0.5223813 0.0493857 0.0373874
v -0.5227463 0.0472279 0.0380162
v -0.5228889 0.0452946 0.0392109
v -0.5227974 0.0437426 0.0408745
v -0.5224793 0.0426975 0.0428724
v -0.2875865 0.9672952 0.0377740
v -0.2873288 0.9662434 0.0357709
v -0.2872876 0.9646858 0.0341105
v -0.2874661 0.9627486 0.0329272
v -0.2878498 0.9605887 0.0323169
v -0.5184078 0.0483811 0.0373290
v -0.5190947 0.0463047 0.0379626
v -0.5198550 0.0445276 0.0391663
v -0.5206271 0.0431939 0.0408426
v -0.5213483 0.0424116 0.0428558
v -0.2865982 0.9670485 0.0383429
v -0.2854324 0.9657701 0.0368626
v -0.2846365 0.9640241 0.0356366
v -0.2842752 0.9619522 0.0347640
v -0.2843777 0.9597221 0.0343156
v -0.5149357 0.0475145 0.0393277
v -0.5159039 0.0455083 0.0397994
v -0.5172040 0.0438659 0.0406924
v -0.5187306 0.0427206 0.0419343
v -0.5203600 0.0421649 0.0434247
v -0.2860175 0.9669073 0.0393448
v -0.2843179 0.9654990 0.0387854
v -0.2830787 0.9636451 0.0383243
v -0.2824001 0.9614960 0.0379990
v -0.2823373 0.9592257 0.0378358
v -0.5128953 0.0470181 0.0428479
v -0.5140288 0.0450521 0.0430344
v -0.5156461 0.0434870 0.0433801
v -0.5176161 0.0424494 0.0438571
v -0.5197793 0.0420236 0.0444266
v 0.2880397 0.9677560 0.0399574
v 0.2902383 0.9679744 0.0394068
v 0.2924177 0.9675468 0.0389043
v 0.2944012 0.9665078 0.0384906
v 0.2960281 0.9649416 0.0381991
v 0.2971666 0.9629750 0.0380536
v 0.5277246 0.0507674 0.0430657
v 0.5276568 0.0484977 0.0432345
v 0.5269686 0.0463496 0.0435464
v 0.5257159 0.0444973 0.0439760
v 0.5240001 0.0430908 0.0444886
v 0.5219603 0.0422440 0.0450426
v 0.2902207 0.9679764 0.0405734
v 0.2923839 0.9675506 0.0411429
v 0.2943539 0.9665130 0.0416199
v 0.2959712 0.9649479 0.0419656
v 0.2971047 0.9629819 0.0421521
v 0.5276627 0.0507743 0.0471642
v 0.5275999 0.0485040 0.0470010
v 0.5269213 0.0463549 0.0466757
v 0.5256821 0.0445010 0.0462146
v 0.5239825 0.0430927 0.0456552
v 0.2896400 0.9678351 0.0415753
v 0.2912694 0.9672794 0.0430657
v 0.2927960 0.9661341 0.0443076
v 0.2940961 0.9644917 0.0452006
v 0.2950643 0.9624855 0.0456723
v 0.5256223 0.0502779 0.0506844
v 0.5257248 0.0480478 0.0502360
v 0.5253635 0.0459759 0.0493634
v 0.5245676 0.0442299 0.0481374
v 0.5234018 0.0429515 0.0466571
v 0.2886517 0.9675884 0.0421442
v 0.2893729 0.9668061 0.0441574
v 0.2901450 0.9654724 0.0458337
v 0.2909053 0.9636953 0.0470374
v 0.2915922 0.9616189 0.0476710
v 0.5221502 0.0494113 0.0526831
v 0.5225339 0.0472514 0.0520728
v 0.5227124 0.0453142 0.0508895
v 0.5226712 0.0437566 0.0492291
v 0.5224135 0.0427048 0.0472260
v 0.2875207 0.9673025 0.0421276
v 0.2872026 0.9662574 0.0441255
v 0.2871111 0.9647054 0.0457891
v 0.2872537 0.9627721 0.0469838
v 0.2876187 0.9606143 0.0476126
v 0.5181767 0.0484067 0.0526248
v 0.5188823 0.0463282 0.0520192
v 0.5196786 0.0445472 0.0508449
v 0.5205008 0.0432079 0.0491972
v 0.5212825 0.0424189 0.0472094
v 0.2865501 0.9670539 0.0415300
v 0.2853400 0.9657803 0.0429786
v 0.2845074 0.9640385 0.0441859
v 0.2841197 0.9619694 0.0450541
v 0.2842085 0.9597408 0.0455129
v 0.5147665 0.0475333 0.0505250
v 0.5157484 0.0455255 0.0500895
v 0.5170748 0.0438803 0.0492417
v 0.5186382 0.0427308 0.0480503
v 0.5203119 0.0421702 0.0466117
v 0.2859999 0.9669092 0.0405114
v 0.2842841 0.9655027 0.0410240
v 0.2830314 0.9636504 0.0414536
v 0.2823432 0.9615023 0.0417655
v 0.2822754 0.9592326 0.0419343
v 0.5128334 0.0470250 0.0469464
v 0.5139719 0.0450584 0.0468009
v 0.5155988 0.0434922 0.0465094
v 0.5175823 0.0424532 0.0460957
v 0.5197617 0.0420256 0.0455932
v 0.2860175 0.9669073 0.0393448
v 0.2843179 0.9654990 0.0387854
v 0.2830787 0.9636451 0.0383243
v 0.2824001 0.9614960 0.0379990
v 0.2823373 0.9592257 0.0378358
v 0.5128953 0.0470181 0.0428479
v 0.5140288 0.0450521 0.0430344
v 0.5156461 0.0434870 0.0433801
v 0.5176161 0.0424494 0.0438571
v 0.5197793 0.0420236 0.0444266
v 0.2865982 0.9670485 0.0383429
v 0.2854324 0.9657701 0.0368626
v 0.2846365 0.9640241 0.0356366
v 0.2842752 0.9619522 0.0347640
v 0.2843777 0.9597221 0.0343156
v 0.5149357 0.0475145 0.0393277
v 0.5159039 0.0455083 0.0397994
v 0.5172040 0.0438659 0.0406924
v 0.5187306 0.0427206 0.0419343
v 0.5203600 0.0421649 0.0434247
v 0.2875865 0.9672952 0.0377740
v 0.2873288 0.9662434 0.0357709
v 0.2872876 0.9646858 0.0341105
v 0.2874661 0.9627486 0.0329272
v 0.2878498 0.9605887 0.0323169
v 0.5184078 0.0483811 0.0373290
v 0.5190947 0.0463047 0.0379626
v 0.5198550 0.0445276 0.0391663
v 0.5206271 0.0431939 0.0408426
v 0.5213483 0.0424116 0.0428558
v 0.2887175 0.9675811 0.0377906
v 0.2894992 0.9667921 0.0358028
v 0.2903214 0.9654528 0.0341551
v 0.2911177 0.9636718 0.0329808
v 0.2918233 0.9615933 0.0323752
v 0.5223813 0.0493857 0.0373874
v 0.5227463 0.0472279 0.0380162
v 0.5228889 0.0452946 0.0392109
v 0.5227974 0.0437426 0.0408745
v 0.5224793 0.0426975 0.0428724
v 0.2896881 0.9678298 0.0383883
v 0.2913618 0.9672692 0.0369497
v 0.2929252 0.9661197 0.0357583
v 0.2942516 0.9644745 0.0349105
v 0.2952335 0.9624667 0.0344750
v 0.5257915 0.0502592 0.0394871
v 0.5258803 0.0480306 0.0399459
v 0.5254926 0.0459615 0.0408141
v 0.5246600 0.0442197 0.0420214
v 0.5234499 0.0429461 0.0434700
v -0.1197387 -0.5420044 0.0599477
v -0.1174978 -0.5424014 0.0600235
v -0.1154596 -0.5434140 0.0600973
v -0.1137893 -0.5449601 0.0601632
v -0.1126221 -0.5469145 0.0602160
v -0.1120526 -0.5491189 0.0602512
v -0.1621270 -2.0813947 0.0702661
v -0.1628392 -2.0835575 0.0702594
v -0.1641315 -2.0854321 0.0702317
v -0.1658993 -2.0868666 0.0701852
v -0.1679992 -2.0877448 0.0701238
v -0.1702613 -2.0879956 0.0700523
v -0.1178360 -0.5423831 0.0611399
v -0.1161086 -0.5433788 0.0622397
v -0.1146965 -0.5449109 0.0631581
v -0.1137140 -0.5468553 0.0638206
v -0.1132408 -0.5490545 0.0641736
v -0.1633152 -2.0813302 0.0741885
v -0.1639311 -2.0834982 0.0738641
v -0.1650387 -2.0853828 0.0732266
v -0.1665482 -2.0868314 0.0723277
v -0.1683374 -2.0877264 0.0712402
v -0.1186869 -0.5423500 0.0619375
v -0.1177414 -0.5433154 0.0637703
v -0.1169789 -0.5448223 0.0652976
v -0.1164612 -0.5467487 0.0663957
v -0.1162301 -0.5489385 0.0669758
v -0.1663045 -2.0812142 0.0769906
v -0.1666783 -2.0833916 0.0764392
v -0.1673211 -2.0852943 0.0753660
v -0.1681810 -2.0867680 0.0738582
v -0.1691883 -2.0876934 0.0720378
v -0.1198224 -0.5423112 0.0622025
v -0.1199205 -0.5432409 0.0642788
v -0.1200250 -0.5447181 0.0660084
v -0.1201275 -0.5466233 0.0672513
v -0.1202196 -0.5488020 0.0679067
v -0.1702940 -2.0810778 0.0779216
v -0.1703446 -2.0832662 0.0772947
v -0.1703672 -2.0851901 0.0760769
v -0.1703601 -2.0866935 0.0743667
v -0.1703238 -2.0876546 0.0723028
v -0.1209383 -0.5422769 0.0618639
v -0.1220619 -0.5431751 0.0636290
v -0.1230185 -0.5446262 0.0651001
v -0.1237305 -0.5465127 0.0661581
v -0.1241403 -0.5486816 0.0667171
v -0.1742147 -2.0809574 0.0767320
v -0.1739476 -2.0831556 0.0762015
v -0.1733607 -2.0850982 0.0751686
v -0.1725016 -2.0866277 0.0737169
v -0.1714397 -2.0876203 0.0719642
v -0.1217357 -0.5422565 0.0610124
v -0.1235920 -0.5431358 0.0619951
v -0.1251574 -0.5445713 0.0628161
v -0.1263049 -0.5464465 0.0634090
v -0.1269416 -0.5486096 0.0637257
v -0.1770160 -2.0808854 0.0737405
v -0.1765220 -2.0830895 0.0734524
v -0.1754996 -2.0850432 0.0728845
v -0.1740316 -2.0865884 0.0720830
v -0.1722371 -2.0875998 0.0711127
v -0.1220008 -0.5422552 0.0598762
v -0.1241007 -0.5431334 0.0598148
v -0.1258685 -0.5445679 0.0597683
v -0.1271608 -0.5464425 0.0597406
v -0.1278730 -0.5486053 0.0597339
v -0.1779474 -2.0808811 0.0697488
v -0.1773779 -2.0830855 0.0697840
v -0.1762107 -2.0850399 0.0698368
v -0.1745404 -2.0865860 0.0699027
v -0.1725022 -2.0875986 0.0699765
v -0.1216626 -0.5422736 0.0587598
v -0.1234518 -0.5431686 0.0576723
v -0.1249613 -0.5446172 0.0567734
v -0.1260689 -0.5465018 0.0561359
v -0.1266848 -0.5486698 0.0558115
v -0.1767592 -2.0809455 0.0658264
v -0.1762860 -2.0831447 0.0661794
v -0.1753035 -2.0850891 0.0668419
v -0.1738914 -2.0866212 0.0677603
v -0.1721640 -2.0876169 0.0688601
v -0.1208117 -0.5423066 0.0579622
v -0.1218190 -0.5432320 0.0561418
v -0.1226789 -0.5447057 0.0546340
v -0.1233217 -0.5466084 0.0535608
v -0.1236955 -0.5487858 0.0530094
v -0.1737699 -2.0810615 0.0630242
v -0.1735388 -2.0832513 0.0636043
v -0.1730211 -2.0851777 0.0647024
v -0.1722586 -2.0866846 0.0662297
v -0.1713131 -2.0876500 0.0680625
v -0.1196762 -0.5423454 0.0576972
v -0.1196399 -0.5433065 0.0556333
v -0.1196328 -0.5448099 0.0539231
v -0.1196554 -0.5467338 0.0527053
v -0.1197060 -0.5489222 0.0520784
v -0.1697804 -2.0811980 0.0620933
v -0.1698725 -2.0833767 0.0627487
v -0.1699750 -2.0852819 0.0639916
v -0.1700795 -2.0867591 0.0657212
v -0.1701776 -2.0876888 0.0677975
v -0.1185603 -0.5423797 0.0580358
v -0.1174984 -0.5433723 0.0562831
v -0.1166393 -0.5449018 0.0548314
v -0.1160524 -0.5468444 0.0537985
v -0.1157853 -0.5490426 0.0532680
v -0.1658597 -2.0813184 0.0632829
v -0.1662695 -2.0834873 0.0638419
v -0.1669815 -2.0853738 0.0648999
v -0.1679381 -2.0868249 0.0663710
v -0.1690617 -2.0877231 0.0681361
v -0.1177629 -0.5424002 0.0588873
v -0.1159684 -0.5434116 0.0579170
v -0.1145004 -0.5449568 0.0571155
v -0.1134780 -0.5469105 0.0565476
v -0.1129840 -0.5491146 0.0562595
v -0.1630584 -2.0813904 0.0662743
v -0.1636951 -2.0835535 0.0665910
v -0.1648426 -2.0854287 0.0671839
v -0.1664080 -2.0868642 0.0680049
v -0.1682643 -2.0877435 0.0689876
v 0.1197387 -0.5420044 0.0599477
v 0.1220008 -0.5422552 0.0598762
v 0.1241007 -0.5431334 0.0598148
v 0.1258685 -0.5445679 0.0597683
v 0.1271608 -0.5464425 0.0597406
v 0.1278730 -0.5486053 0.0597339
v 0.1779474 -2.0808811 0.0697488
v 0.1773779 -2.0830855 0.0697840
v 0.1762107 -2.0850399 0.0698368
v 0.1745404 -2.0865860 0.0699027
v 0.1725022 -2.0875986 0.0699765
v 0.1702613 -2.0879956 0.0700523
v 0.1217357 -0.5422565 0.0610124
v 0.1235920 -0.5431358 0.0619951
v 0.1251574 -0.5445713 0.0628161
v 0.1263049 -0.5464465 0.0634090
v 0.1269416 -0.5486096 0.0637257
v 0.1770160 -2.0808854 0.0737405
v 0.1765220 -2.0830895 0.0734524
v 0.1754996 -2.0850432 0.0728845
v 0.1740316 -2.0865884 0.0720830
v 0.1722371 -2.0875998 0.0711127
v 0.1209383 -0.5422769 0.0618639
v 0.1220619 -0.5431751 0.0636290
v 0.1230185 -0.5446262 0.0651001
v 0.1237305 -0.5465127 0.0661581
v 0.1241403 -0.5486816 0.0667171
v 0.1742147 -2.0809574 0.0767320
v 0.1739476 -2.0831556 0.0762015
v 0.1733607 -2.0850982 0.0751686
v 0.1725016 -2.0866277 0.0737169
v 0.1714397 -2.0876203 0.0719642
v 0.1198224 -0.5423112 0.0622025
v 0.1199205 -0.5432409 0.0642788
v 0.1200250 -0.5447181 0.0660084
v 0.1201275 -0.5466233 0.0672513
v 0.1202196 -0.5488020 0.0679067
v 0.1702940 -2.0810778 0.0779216
v 0.1703446 -2.0832662 0.0772947
v 0.1703672 -2.0851901 0.0760769
v 0.1703601 -2.0866935 0.0743667
v 0.1703238 -2.0876546 0.0723028
v 0.1186869 -0.5423500 0.0619375
v 0.1177414 -0.5433154 0.0637703
v 0.1169789 -0.5448223 0.0652976
v 0.1164612 -0.5467487 0.0663957
v 0.1162301 -0.5489385 0.0669758
v 0.1663045 -2.0812142 0.0769906
v 0.1666783 -2.0833916 0.0764392
v 0.1673211 -2.0852943 0.0753660
v 0.1681810 -2.0867680 0.0738582
v 0.1691883 -2.0876934 0.0720378
v 0.1178360 -0.5423831 0.0611399
v 0.1161086 -0.5433788 0.0622397
v 0.1146965 -0.5449109 0.0631581
v 0.1137140 -0.5468553 0.0638206
v 0.1132408 -0.5490545 0.0641736
v 0.1633152 -2.0813302 0.0741885
v 0.1639311 -2.0834982 0.0738641
v 0.1650387 -2.0853828 0.0732266
v 0.1665482 -2.0868314 0.0723277
v 0.1683374 -2.0877264 0.0712402
v 0.1174978 -0.5424014 0.0600235
v 0.1154596 -0.5434140 0.0600973
v 0.1137893 -0.5449601 0.0601632
v 0.1126221 -0.5469145 0.0602160
v 0.1120526 -0.5491189 0.0602512
v 0.1621270 -2.0813947 0.0702661
v 0.1628392 -2.0835575 0.0702594
v 0.1641315 -2.0854321 0.0702317
v 0.1658993 -2.0868666 0.0701852
v 0.1679992 -2.0877448 0.0701238
v 0.1177629 -0.5424002 0.0588873
v 0.1159684 -0.5434116 0.0579170
v 0.1145004 -0.5449568 0.0571155
v 0.1134780 -0.5469105 0.0565476
v 0.1129840 -0.5491146 0.0562595
v 0.1630584 -2.0813904 0.0662743
v 0.1636951 -2.0835535 0.0665910
v 0.1648426 -2.0854287 0.0671839
v 0.1664080 -2.0868642 0.0680049
v 0.1682643 -2.0877435 0.0689876
v 0.1185603 -0.5423797 0.0580358
v 0.1174984 -0.5433723 0.0562831
v 0.1166393 -0.5449018 0.0548314
v 0.1160524 -0.5468444 0.0537985
v 0.1157853 -0.5490426 0.0532680
v 0.1658597 -2.0813184 0.0632829
v 0.1662695 -2.0834873 0.0638419
v 0.1669815 -2.0853738 0.0648999
v 0.1679381 -2.0868249 0.0663710
v 0.1690617 -2.0877231 0.0681361
v 0.1196762 -0.5423454 0.0576972
v 0.1196399 -0.5433065 0.0556333
v 0.1196328 -0.5448099 0.0539231
v 0.1196554 -0.5467338 0.0527053
v 0.1197060 -0.5489222 0.0520784
v 0.1697804 -2.0811980 0.0620933
v 0.1698725 -2.0833767 0.0627487
v 0.1699750 -2.0852819 0.0639916
v 0.1700795 -2.0867591 0.0657212
v 0.1701776 -2.0876888 0.0677975
v 0.1208117 -0.5423066 0.0579622
v 0.1218190 -0.5432320 0.0561418
v 0.1226789 -0.5447057 0.0546340
v 0.1233217 -0.5466084 0.0535608
v 0.1236955 -0.5487858 0.0530094
v 0.1737699 -2.0810615 0.0630242
v 0.1735388 -2.0832513 0.0636043
v 0.1730211 -2.0851777 0.0647024
v 0.1722586 -2.0866846 0.0662297
v 0.1713131 -2.0876500 0.0680625
v 0.1216626 -0.5422736 0.0587598
v 0.1234518 -0.5431686 0.0576723
v 0.1249613 -0.5446172 0.0567734
v 0.1260689 -0.5465018 0.0561359
v 0.1266848 -0.5486698 0.0558115
v 0.1767592 -2.0809455 0.0658264
v 0.1762860 -2.0831447 0.0661794
v 0.1753035 -2.0850891 0.0668419
v 0.1738914 -2.0866212 0.0677603
v 0.1721640 -2.0876169 0.0688601
v 0.0000000 0.2280022 0.0197693
v 0.0033808 0.2284882 0.0197786
v 0.0064877 0.2299068 0.0198059
v 0.0090690 0.2321431 0.0198489
v 0.0109156 0.2350159 0.0199042
v 0.0118779 0.2382925 0.0199672
v 0.0118779 0.5017075 0.0250328
v 0.0109156 0.5049841 0.0250958
v 0.0090690 0.5078569 0.0251511
v 0.0064877 0.5100932 0.0251941
v 0.0033808 0.5115118 0.0252214
v 0.0000000 0.5119978 0.0252307
v 0.0029279 0.2285207 0.0180885
v 0.0056185 0.2299692 0.0165627
v 0.0078540 0.2322303 0.0153152
v 0.0094532 0.2351209 0.0144474
v 0.0102865 0.2384067 0.0140293
v 0.0102865 0.5018217 0.0190950
v 0.0094532 0.5050890 0.0196391
v 0.0078540 0.5079441 0.0206174
v 0.0056185 0.5101555 0.0219509
v 0.0029279 0.5115443 0.0235313
v 0.0016904 0.2285445 0.0168513
v 0.0032438 0.2300149 0.0141884
v 0.0045345 0.2322941 0.0119964
v 0.0054578 0.2351977 0.0104527
v 0.0059389 0.2384903 0.0096825
v 0.0059389 0.5019052 0.0147482
v 0.0054578 0.5051658 0.0156444
v 0.0045345 0.5080079 0.0172986
v 0.0032438 0.5102012 0.0195766
v 0.0016904 0.5115681 0.0222941
v 0.0000000 0.2285532 0.0163985
v 0.0000000 0.2300316 0.0133194
v 0.0000000 0.2323175 0.0107816
v 0.0000000 0.2352258 0.0089906
v 0.0000000 0.2385209 0.0080915
v 0.0000000 0.5019358 0.0131572
v 0.0000000 0.5051939 0.0141823
v 0.0000000 0.5080312 0.0160838
v 0.0000000 0.5102179 0.0187076
v 0.0000000 0.5115768 0.0218412
v -0.0016904 0.2285445 0.0168513
v -0.0032438 0.2300149 0.0141884
v -0.0045345 0.2322941 0.0119964
v -0.0054578 0.2351977 0.0104527
v -0.0059389 0.2384903 0.0096825
v -0.0059389 0.5019052 0.0147482
v -0.0054578 0.5051658 0.0156444
v -0.0045345 0.5080079 0.0172986
v -0.0032438 0.5102012 0.0195766
v -0.0016904 0.5115681 0.0222941
v -0.0029279 0.2285207 0.0180885
v -0.0056185 0.2299692 0.0165627
v -0.0078540 0.2322303 0.0153152
v -0.0094532 0.2351209 0.0144474
v -0.0102865 0.2384067 0.0140293
v -0.0102865 0.5018217 0.0190950
v -0.0094532 0.5050890 0.0196391
v -0.0078540 0.5079441 0.0206174
v -0.0056185 0.5101555 0.0219509
v -0.0029279 0.5115443 0.0235313
v -0.0033808 0.2284882 0.0197786
v -0.0064877 0.2299068 0.0198059
v -0.0090690 0.2321431 0.0198489
v -0.0109156 0.2350159 0.0199042
v -0.0118779 0.2382925 0.0199672
v -0.0118779 0.5017075 0.0250328
v -0.0109156 0.5049841 0.0250958
v -0.0090690 0.5078569 0.0251511
v -0.0064877 0.5100932 0.0251941
v -0.0033808 0.5115118 0.0252214
v -0.0029279 0.2284557 0.0214687
v -0.0056185 0.2298445 0.0230491
v -0.0078540 0.2320559 0.0243826
v -0.0094532 0.2349110 0.0253609
v -0.0102865 0.2381783 0.0259050
v -0.0102865 0.5015933 0.0309707
v -0.0094532 0.5048791 0.0305526
v -0.0078540 0.5077697 0.0296848
v -0.0056185 0.5100308 0.0284373
v -0.0029279 0.5114793 0.0269115
v -0.0016904 0.2284319 0.0227059
v -0.0032438 0.2297988 0.0254234
v -0.0045345 0.2319921 0.0277014
v -0.0054578 0.2348342 0.0293556
v -0.0059389 0.2380948 0.0302518
v -0.0059389 0.5015097 0.0353175
v -0.0054578 0.5048023 0.0345473
v -0.0045345 0.5077059 0.0330036
v -0.0032438 0.5099851 0.0308116
v -0.0016904 0.5114555 0.0281487
v -0.0000000 0.2284232 0.0231588
v -0.0000000 0.2297821 0.0262924
v -0.0000000 0.2319688 0.0289162
v -0.0000000 0.2348061 0.0308177
v -0.0000000 0.2380642 0.0318428
v -0.0000000 0.5014791 0.0369085
v -0.0000000 0.5047742 0.0360094
v -0.0000000 0.5076825 0.0342184
v -0.0000000 0.5099684 0.0316806
v -0.0000000 0.5114468 0.0286015
v 0.0016904 0.2284319 0.0227059
v 0.0032438 0.2297988 0.0254234
v 0.0045345 0.2319921 0.0277014
v 0.0054578 0.2348342 0.0293556
v 0.0059389 0.2380948 0.0302518
v 0.0059389 0.5015097 0.0353175
v 0.0054578 0.5048023 0.0345473
v 0.0045345 0.5077059 0.0330036
v 0.0032438 0.5099851 0.0308116
v 0.0016904 0.5114555 0.0281487
v 0.0029279 0.2284557 0.0214687
v 0.0056185 0.2298445 0.0230491
v 0.0078540 0.2320559 0.0243826
v 0.0094532 0.2349110 0.0253609
v 0.0102865 0.2381783 0.0259050
v 0.0102865 0.5015933 0.0309707
v 0.0094532 0.5048791 0.0305526
v 0.0078540 0.5077697 0.0296848
v 0.0056185 0.5100308 0.0284373
v 0.0029279 0.5114793 0.0269115
v -0.0592941 1.3560001 0.0685883
v -0.0578959 1.3564104 0.0689148
v -0.0567514 1.3572537 0.0693723
v -0.0559987 1.3584282 0.0699054
v -0.0557287 1.3597922 0.0704500
v -0.0859738 1.5311814 0.1309403
v -0.0867046 1.5324280 0.1313171
v -0.0878328 1.5333818 0.1315352
v -0.0892224 1.5339277 0.1315680
v -0.0907059 1.5339999 0.1314117
v -0.0580717 1.3566795 0.0680646
v -0.0570818 1.3577593 0.0677744
v -0.0564439 1.3591094 0.0677526
v -0.0562349 1.3605669 0.0680019
v -0.0864800 1.5319561 0.1284922
v -0.0871497 1.5331093 0.1291643
v -0.0881632 1.5338874 0.1299373
v -0.0893982 1.5341967 0.1307178
v -0.0587307 1.3567812 0.0674470
v -0.0583203 1.3579505 0.0666136
v -0.0581125 1.3593669 0.0661886
v -0.0581324 1.3608598 0.0662234
v -0.0883776 1.5322489 0.1267137
v -0.0888184 1.5333668 0.1276003
v -0.0894017 1.5340786 0.1287764
v -0.0900573 1.5342985 0.1301001
v -0.0596212 1.3566767 0.0672977
v -0.0599939 1.3577541 0.0663331
v -0.0603674 1.3591024 0.0658108
v -0.0606965 1.3605589 0.0657938
v -0.0909416 1.5319481 0.1262840
v -0.0910732 1.5331022 0.1272225
v -0.0910753 1.5338822 0.1284960
v -0.0909477 1.5341940 0.1299509
v -0.0604030 1.3564059 0.0676740
v -0.0614633 1.3572452 0.0670403
v -0.0623470 1.3584168 0.0667635
v -0.0629477 1.3597793 0.0668771
v -0.0931929 1.5311684 0.1273674
v -0.0930529 1.5324166 0.1281752
v -0.0925447 1.5333733 0.1292031
v -0.0917296 1.5339232 0.1303272
v -0.0607776 1.3560723 0.0684320
v -0.0621672 1.3566182 0.0684648
v -0.0632954 1.3575720 0.0686829
v -0.0640262 1.3588186 0.0690597
v -0.0942713 1.5302078 0.1295500
v -0.0940013 1.5315718 0.1300946
v -0.0932486 1.5327463 0.1306277
v -0.0921041 1.5335896 0.1310852
v -0.0606018 1.3558033 0.0692822
v -0.0618368 1.3561126 0.0700627
v -0.0628503 1.3568907 0.0708357
v -0.0635200 1.3580439 0.0715078
v -0.0937651 1.5294331 0.1319981
v -0.0935561 1.5308906 0.1322474
v -0.0929182 1.5322407 0.1322256
v -0.0919283 1.5333205 0.1319354
v -0.0599427 1.3557015 0.0698999
v -0.0605983 1.3559214 0.0712236
v -0.0611816 1.3566332 0.0723997
v -0.0616224 1.3577511 0.0732863
v -0.0918676 1.5291402 0.1337766
v -0.0918875 1.5306331 0.1338114
v -0.0916797 1.5320495 0.1333864
v -0.0912693 1.5332188 0.1325530
v -0.0590523 1.3558060 0.0700491
v -0.0589247 1.3561178 0.0715040
v -0.0589268 1.3568978 0.0727775
v -0.0590584 1.3580519 0.0737160
v -0.0893035 1.5294411 0.1342062
v -0.0896326 1.5308976 0.1341892
v -0.0900061 1.5322459 0.1336669
v -0.0903788 1.5333233 0.1327023
v -0.0582704 1.3560768 0.0696728
v -0.0574553 1.3566267 0.0707969
v -0.0569471 1.3575834 0.0718248
v -0.0568071 1.3588316 0.0726326
v -0.0870523 1.5302207 0.1331229
v -0.0876530 1.5315832 0.1332365
v -0.0885367 1.5327548 0.1329597
v -0.0895970 1.5335941 0.1323260
v 0.0592941 1.3560001 0.0685883
v 0.0607776 1.3560723 0.0684320
v 0.0621672 1.3566182 0.0684648
v 0.0632954 1.3575720 0.0686829
v 0.0640262 1.3588186 0.0690597
v 0.0942713 1.5302078 0.1295500
v 0.0940013 1.5315718 0.1300946
v 0.0932486 1.5327463 0.1306277
v 0.0921041 1.5335896 0.1310852
v 0.0907059 1.5339999 0.1314117
v 0.0604030 1.3564059 0.0676740
v 0.0614633 1.3572452 0.0670403
v 0.0623470 1.3584168 0.0667635
v 0.0629477 1.3597793 0.0668771
v 0.0931929 1.5311684 0.1273674
v 0.0930529 1.5324166 0.1281752
v 0.0925447 1.5333733 0.1292031
v 0.0917296 1.5339232 0.1303272
v 0.0596212 1.3566767 0.0672977
v 0.0599939 1.3577541 0.0663331
v 0.0603674 1.3591024 0.0658108
v 0.0606965 1.3605589 0.0657938
v 0.0909416 1.5319481 0.1262840
v 0.0910732 1.5331022 0.1272225
v 0.0910753 1.5338822 0.1284960
v 0.0909477 1.5341940 0.1299509
v 0.0587307 1.3567812 0.0674470
v 0.0583203 1.3579505 0.0666136
v 0.0581125 1.3593669 0.0661886
v 0.0581324 1.3608598 0.0662234
v 0.0883776 1.5322489 0.1267137
v 0.0888184 1.5333668 0.1276003
v 0.0894017 1.5340786 0.1287764
v 0.0900573 1.5342985 0.1301001
v 0.0580717 1.3566795 0.0680646
v 0.0570818 1.3577593 0.0677744
v 0.0564439 1.3591094 0.0677526
v 0.0562349 1.3605669 0.0680019
v 0.0864800 1.5319561 0.1284922
v 0.0871497 1.5331093 0.1291643
v 0.0881632 1.5338874 0.1299373
v 0.0893982 1.5341967 0.1307178
v 0.0578959 1.3564104 0.0689148
v 0.0567514 1.3572537 0.0693723
v 0.0559987 1.3584282 0.0699054
v 0.0557287 1.3597922 0.0704500
v 0.0859738 1.5311814 0.1309403
v 0.0867046 1.5324280 0.1313171
v 0.0878328 1.5333818 0.1315352
v 0.0892224 1.5339277 0.1315680
v 0.0582704 1.3560768 0.0696728
v 0.0574553 1.3566267 0.0707969
v 0.0569471 1.3575834 0.0718248
v 0.0568071 1.3588316 0.0726326
v 0.0870523 1.5302207 0.1331229
v 0.0876530 1.5315832 0.1332365
v 0.0885367 1.5327548 0.1329597
v 0.0895970 1.5335941 0.1323260
v 0.0590523 1.3558060 0.0700491
v 0.0589247 1.3561178 0.0715040
v 0.0589268 1.3568978 0.0727775
v 0.0590584 1.3580519 0.0737160
v 0.0893035 1.5294411 0.1342062
v 0.0896326 1.5308976 0.1341892
v 0.0900061 1.5322459 0.1336669
v 0.0903788 1.5333233 0.1327023
v 0.0599427 1.3557015 0.0698999
v 0.0605983 1.3559214 0.0712236
v 0.0611816 1.3566332 0.0723997
v 0.0616224 1.3577511 0.0732863
v 0.0918676 1.5291402 0.1337766
v 0.0918875 1.5306331 0.1338114
v 0.0916797 1.5320495 0.1333864
v 0.0912693 1.5332188 0.1325530
v 0.0606018 1.3558033 0.0692822
v 0.0618368 1.3561126 0.0700627
v 0.0628503 1.3568907 0.0708357
v 0.0635200 1.3580439 0.0715078
v 0.0937651 1.5294331 0.1319981
v 0.0935561 1.5308906 0.1322474
v 0.0929182 1.5322407 0.1322256
v 0.0919283 1.5333205 0.1319354
v -0.0297189 1.3563457 0.0677512
v -0.0282693 1.3566197 0.0679830
v -0.0270284 1.3573015 0.0684580
v -0.0261460 1.3583087 0.0691190
v -0.0257284 1.3595199 0.0698863
v -0.0358260 1.4907890 0.1506673
v -0.0364271 1.4919630 0.1513678
v -0.0374591 1.4929002 0.1519034
v -0.0387976 1.4934876 0.1522093
v -0.0402811 1.4936543 0.1522488
v -0.0285178 1.3570640 0.0672300
v -0.0274956 1.3581364 0.0670428
v -0.0267754 1.3594336 0.0672124
v -0.0264441 1.3607991 0.0677181
v -0.0365417 1.4920682 0.1484991
v -0.0370565 1.4930879 0.1494612
v -0.0379262 1.4937351 0.1504882
v -0.0390461 1.4939318 0.1514563
v -0.0292316 1.3573181 0.0667279
v -0.0288371 1.3586139 0.0660992
v -0.0285827 1.3600770 0.0659410
v -0.0284994 1.3615307 0.0662724
v -0.0385970 1.4927998 0.1470534
v -0.0388638 1.4937313 0.1481898
v -0.0392677 1.4942126 0.1495445
v -0.0397599 1.4941859 0.1509542
v -0.0301380 1.3572849 0.0666684
v -0.0305405 1.3585516 0.0659875
v -0.0308778 1.3599930 0.0657906
v -0.0311092 1.3614352 0.0661013
v -0.0412068 1.4927044 0.1468823
v -0.0411589 1.4936473 0.1480394
v -0.0409712 1.4941503 0.1494329
v -0.0406663 1.4941528 0.1508948
v -0.0308908 1.3569772 0.0670744
v -0.0319552 1.3579733 0.0667505
v -0.0327839 1.3592138 0.0668185
v -0.0332767 1.3605492 0.0672702
v -0.0433743 1.4918183 0.1480512
v -0.0430650 1.4928681 0.1490673
v -0.0423859 1.4935720 0.1501958
v -0.0414191 1.4938450 0.1513008
v -0.0312024 1.3565124 0.0677907
v -0.0325409 1.3570998 0.0680966
v -0.0335729 1.3580370 0.0686322
v -0.0341740 1.3592110 0.0693327
v -0.0442716 1.4904801 0.1501137
v -0.0438540 1.4916913 0.1508810
v -0.0429716 1.4926985 0.1515420
v -0.0417307 1.4933803 0.1520170
v -0.0309539 1.3560682 0.0685437
v -0.0320738 1.3562649 0.0695118
v -0.0329435 1.3569121 0.0705388
v -0.0334583 1.3579318 0.0715009
v -0.0435559 1.4892009 0.1522819
v -0.0432246 1.4905664 0.1527876
v -0.0425044 1.4918636 0.1529572
v -0.0414822 1.4929360 0.1527700
v -0.0302401 1.3558141 0.0690458
v -0.0307323 1.3557874 0.0704555
v -0.0311362 1.3562687 0.0718102
v -0.0314030 1.3572002 0.0729466
v -0.0415006 1.4884693 0.1537276
v -0.0414173 1.4899230 0.1540590
v -0.0411629 1.4913861 0.1539008
v -0.0407684 1.4926819 0.1532721
v -0.0293337 1.3558472 0.0691052
v -0.0290288 1.3558497 0.0705671
v -0.0288411 1.3563527 0.0719606
v -0.0287932 1.3572956 0.0731177
v -0.0388908 1.4885648 0.1538987
v -0.0391222 1.4900070 0.1542094
v -0.0394595 1.4914484 0.1540125
v -0.0398620 1.4927151 0.1533316
v -0.0285809 1.3561550 0.0686992
v -0.0276141 1.3564280 0.0698042
v -0.0269350 1.3571319 0.0709327
v -0.0266257 1.3581817 0.0719488
v -0.0367233 1.4894508 0.1527298
v -0.0372161 1.4907862 0.1531815
v -0.0380448 1.4920267 0.1532495
v -0.0391092 1.4930228 0.1529256
v 0.0297189 1.3563457 0.0677512
v 0.0312024 1.3565124 0.0677907
v 0.0325409 1.3570998 0.0680966
v 0.0335729 1.3580370 0.0686322
v 0.0341740 1.3592110 0.0693327
v 0.0442716 1.4904801 0.1501137
v 0.0438540 1.4916913 0.1508810
v 0.0429716 1.4926985 0.1515420
v 0.0417307 1.4933803 0.1520170
v 0.0402811 1.4936543 0.1522488
v 0.0308908 1.3569772 0.0670744
v 0.0319552 1.3579733 0.0667505
v 0.0327839 1.3592138 0.0668185
v 0.0332767 1.3605492 0.0672702
v 0.0433743 1.4918183 0.1480512
v 0.0430650 1.4928681 0.1490673
v 0.0423859 1.4935720 0.1501958
v 0.0414191 1.4938450 0.1513008
v 0.0301380 1.3572849 0.0666684
v 0.0305405 1.3585516 0.0659875
v 0.0308778 1.3599930 0.0657906
v 0.0311092 1.3614352 0.0661013
v 0.0412068 1.4927044 0.1468823
v 0.0411589 1.4936473 0.1480394
v 0.0409712 1.4941503 0.1494329
v 0.0406663 1.4941528 0.1508948
v 0.0292316 1.3573181 0.0667279
v 0.0288371 1.3586139 0.0660992
v 0.0285827 1.3600770 0.0659410
v 0.0284994 1.3615307 0.0662724
v 0.0385970 1.4927998 0.1470534
v 0.0388638 1.4937313 0.1481898
v 0.0392677 1.4942126 0.1495445
v 0.0397599 1.4941859 0.1509542
v 0.0285178 1.3570640 0.0672300
v 0.0274956 1.3581364 0.0670428
v 0.0267754 1.3594336 0.0672124
v 0.0264441 1.3607991 0.0677181
v 0.0365417 1.4920682 0.1484991
v 0.0370565 1.4930879 0.1494612
v 0.0379262 1.4937351 0.1504882
v 0.0390461 1.4939318 0.1514563
v 0.0282693 1.3566197 0.0679830
v 0.0270284 1.3573015 0.0684580
v 0.0261460 1.3583087 0.0691190
v 0.0257284 1.3595199 0.0698863
v 0.0358260 1.4907890 0.1506673
v 0.0364271 1.4919630 0.1513678
v 0.0374591 1.4929002 0.1519034
v 0.0387976 1.4934876 0.1522093
v 0.0285809 1.3561550 0.0686992
v 0.0276141 1.3564280 0.0698042
v 0.0269350 1.3571319 0.0709327
v 0.0266257 1.3581817 0.0719488
v 0.0367233 1.4894508 0.1527298
v 0.0372161 1.4907862 0.1531815
v 0.0380448 1.4920267 0.1532495
v 0.0391092 1.4930228 0.1529256
v 0.0293337 1.3558472 0.0691052
v 0.0290288 1.3558497 0.0705671
v 0.0288411 1.3563527 0.0719606
v 0.0287932 1.3572956 0.0731177
v 0.0388908 1.4885648 0.1538987
v 0.0391222 1.4900070 0.1542094
v 0.0394595 1.4914484 0.1540125
v 0.0398620 1.4927151 0.1533316
v 0.0302401 1.3558141 0.0690458
v 0.0307323 1.3557874 0.0704555
v 0.0311362 1.3562687 0.0718102
v 0.0314030 1.3572002 0.0729466
v 0.0415006 1.4884693 0.1537276
v 0.0414173 1.4899230 0.1540590
v 0.0411629 1.4913861 0.1539008
v 0.0407684 1.4926819 0.1532721
v 0.0309539 1.3560682 0.0685437
v 0.0320738 1.3562649 0.0695118
v 0.0329435 1.3569121 0.0705388
v 0.0334583 1.3579318 0.0715009
v 0.0435559 1.4892009 0.1522819
v 0.0432246 1.4905664 0.1527876
v 0.0425044 1.4918636 0.1529572
v 0.0414822 1.4929360 0.1527700
v -0.0527464 1.4866196 0.0735915
v -0.0517159 1.4872799 0.0744472
v -0.0510815 1.4882683 0.0753696
v -0.0509198 1.4894655 0.0762474
v -0.0512502 1.4907273 0.0769748
v -0.0920328 1.5519013 0.1024640
v -0.0931734 1.5528460 0.1026559
v -0.0945343 1.5534474 0.1025276
v -0.0959513 1.5536330 0.1020944
v -0.0972536 1.5533804 0.1014085
v -0.0516704 1.4876547 0.0736204
v -0.0509960 1.4889727 0.0738158
v -0.0508045 1.4904147 0.0741539
v -0.0511191 1.4918066 0.0745942
v -0.0919018 1.5529806 0.1000833
v -0.0930581 1.5537951 0.1005624
v -0.0944487 1.5541519 0.1009737
v -0.0959058 1.5540078 0.1012676
v -0.0520878 1.4877120 0.0728150
v -0.0517804 1.4890805 0.0723021
v -0.0518614 1.4905598 0.0721146
v -0.0523209 1.4919716 0.0722751
v -0.0931036 1.5531456 0.0977643
v -0.0941150 1.5539402 0.0985231
v -0.0952331 1.5542596 0.0994601
v -0.0963232 1.5540652 0.1004622
v -0.0528086 1.4874299 0.0723387
v -0.0531352 1.4885503 0.0714068
v -0.0536867 1.4898455 0.0709084
v -0.0543966 1.4911594 0.0709035
v -0.0951792 1.5523334 0.0963926
v -0.0959403 1.5532260 0.0973169
v -0.0965879 1.5537294 0.0985648
v -0.0970440 1.5537831 0.0999858
v -0.0535576 1.4869162 0.0723733
v -0.0545429 1.4875848 0.0714719
v -0.0555832 1.4885446 0.0709960
v -0.0565532 1.4896801 0.0710031
v -0.0973359 1.5508541 0.0964923
v -0.0978368 1.5519251 0.0974045
v -0.0979956 1.5527639 0.0986298
v -0.0977931 1.5532693 0.1000204
v -0.0540487 1.4863670 0.0729056
v -0.0554657 1.4865526 0.0724724
v -0.0568266 1.4871540 0.0723441
v -0.0579672 1.4880987 0.0725360
v -0.0987498 1.5492727 0.0980252
v -0.0990802 1.5505345 0.0987526
v -0.0989185 1.5517317 0.0996304
v -0.0982841 1.5527201 0.1005528
v -0.0540942 1.4859922 0.0737324
v -0.0555513 1.4858481 0.0740263
v -0.0569419 1.4862049 0.0744376
v -0.0580982 1.4870194 0.0749167
v -0.0988809 1.5481934 0.1004058
v -0.0991955 1.5495853 0.1008461
v -0.0990040 1.5510273 0.1011842
v -0.0983296 1.5523453 0.1013796
v -0.0536768 1.4859348 0.0745378
v -0.0547669 1.4857404 0.0755399
v -0.0558850 1.4860598 0.0764769
v -0.0568964 1.4868544 0.0772357
v -0.0976791 1.5480284 0.1027249
v -0.0981386 1.5494402 0.1028854
v -0.0982196 1.5509195 0.1026979
v -0.0979122 1.5522880 0.1021850
v -0.0529560 1.4862169 0.0750142
v -0.0534121 1.4862706 0.0764352
v -0.0540597 1.4867740 0.0776831
v -0.0548208 1.4876666 0.0786074
v -0.0956034 1.5488406 0.1040965
v -0.0963133 1.5501545 0.1040916
v -0.0968648 1.5514497 0.1035932
v -0.0971914 1.5525701 0.1026613
v -0.0522069 1.4867307 0.0749796
v -0.0520044 1.4872361 0.0763702
v -0.0521632 1.4880749 0.0775955
v -0.0526641 1.4891459 0.0785077
v -0.0934468 1.5503199 0.1039969
v -0.0944168 1.5514554 0.1040040
v -0.0954571 1.5524152 0.1035281
v -0.0964424 1.5530838 0.1026267
v 0.0527464 1.4866196 0.0735915
v 0.0540487 1.4863670 0.0729056
v 0.0554657 1.4865526 0.0724724
v 0.0568266 1.4871540 0.0723441
v 0.0579672 1.4880987 0.0725360
v 0.0987498 1.5492727 0.0980252
v 0.0990802 1.5505345 0.0987526
v 0.0989185 1.5517317 0.0996304
v 0.0982841 1.5527201 0.1005528
v 0.0972536 1.5533804 0.1014085
v 0.0535576 1.4869162 0.0723733
v 0.0545429 1.4875848 0.0714719
v 0.0555832 1.4885446 0.0709960
v 0.0565532 1.4896801 0.0710031
v 0.0973359 1.5508541 0.0964923
v 0.0978368 1.5519251 0.0974045
v 0.0979956 1.5527639 0.0986298
v 0.0977931 1.5532693 0.1000204
v 0.0528086 1.4874299 0.0723387
v 0.0531352 1.4885503 0.0714068
v 0.0536867 1.4898455 0.0709084
v 0.0543966 1.4911594 0.0709035
v 0.0951792 1.5523334 0.0963926
v 0.0959403 1.5532260 0.0973169
v 0.0965879 1.5537294 0.0985648
v 0.0970440 1.5537831 0.0999858
v 0.0520878 1.4877120 0.0728150
v 0.0517804 1.4890805 0.0723021
v 0.0518614 1.4905598 0.0721146
v 0.0523209 1.4919716 0.0722751
v 0.0931036 1.5531456 0.0977643
v 0.0941150 1.5539402 0.0985231
v 0.0952331 1.5542596 0.0994601
v 0.0963232 1.5540652 0.1004622
v 0.0516704 1.4876547 0.0736204
v 0.0509960 1.4889727 0.0738158
v 0.0508045 1.4904147 0.0741539
v 0.0511191 1.4918066 0.0745942
v 0.0919018 1.5529806 0.1000833
v 0.0930581 1.5537951 0.1005624
v 0.0944487 1.5541519 0.1009737
v 0.0959058 1.5540078 0.1012676
v 0.0517159 1.4872799 0.0744472
v 0.0510815 1.4882683 0.0753696
v 0.0509198 1.4894655 0.0762474
v 0.0512502 1.4907273 0.0769748
v 0.0920328 1.5519013 0.1024640
v 0.0931734 1.5528460 0.1026559
v 0.0945343 1.5534474 0.1025276
v 0.0959513 1.5536330 0.1020944
v 0.0522069 1.4867307 0.0749796
v 0.0520044 1.4872361 0.0763702
v 0.0521632 1.4880749 0.0775955
v 0.0526641 1.4891459 0.0785077
v 0.0934468 1.5503199 0.1039969
v 0.0944168 1.5514554 0.1040040
v 0.0954571 1.5524152 0.1035281
v 0.0964424 1.5530838 0.1026267
v 0.0529560 1.4862169 0.0750142
v 0.0534121 1.4862706 0.0764352
v 0.0540597 1.4867740 0.0776831
v 0.0548208 1.4876666 0.0786074
v 0.0956034 1.5488406 0.1040965
v 0.0963133 1.5501545 0.1040916
v 0.0968648 1.5514497 0.1035932
v 0.0971914 1.5525701 0.1026613
v 0.0536768 1.4859348 0.0745378
v 0.0547669 1.4857404 0.0755399
v 0.0558850 1.4860598 0.0764769
v 0.0568964 1.4868544 0.0772357
v 0.0976791 1.5480284 0.1027249
v 0.0981386 1.5494402 0.1028854
v 0.0982196 1.5509195 0.1026979
v 0.0979122 1.5522880 0.1021850
v 0.0540942 1.4859922 0.0737324
v 0.0555513 1.4858481 0.0740263
v 0.0569419 1.4862049 0.0744376
v 0.0580982 1.4870194 0.0749167
v 0.0988809 1.5481934 0.1004058
v 0.0991955 1.5495853 0.1008461
v 0.0990040 1.5510273 0.1011842
v 0.0983296 1.5523453 0.1013796
v -0.0771458 1.5032187 0.0881224
v -0.0758006 1.5034070 0.0875017
v -0.0743589 1.5031843 0.0871824
v -0.0729945 1.5025776 0.0872029
v -0.0718720 1.5016600 0.0875607
v -0.0311267 1.4405421 0.1232128
v -0.0308487 1.4393589 0.1240805
v -0.0310713 1.4382530 0.1250590
v -0.0317678 1.4373578 0.1260304
v -0.0328542 1.4367813 0.1268776
v -0.0758081 1.5038613 0.0882890
v -0.0743729 1.5040381 0.0886619
v -0.0730133 1.5037279 0.0891962
v -0.0718934 1.5029680 0.0898275
v -0.0311481 1.4418502 0.1254796
v -0.0308675 1.4405091 0.1260738
v -0.0310853 1.4391067 0.1265385
v -0.0317753 1.4378121 0.1268177
v -0.0762770 1.5039960 0.0890558
v -0.0752542 1.5042912 0.0901031
v -0.0742008 1.5040689 0.0911380
v -0.0732437 1.5033558 0.0920356
v -0.0324985 1.4422380 0.1276877
v -0.0320550 1.4408502 0.1280156
v -0.0319667 1.4393599 0.1279798
v -0.0322442 1.4379468 0.1275845
v -0.0770284 1.5037596 0.0895094
v -0.0766664 1.5038471 0.0909556
v -0.0761033 1.5034705 0.0922865
v -0.0754072 1.5026754 0.0933417
v -0.0346620 1.4415575 0.1289937
v -0.0339575 1.4402518 0.1291641
v -0.0333788 1.4389157 0.1288322
v -0.0329956 1.4377104 0.1280381
v -0.0777752 1.5032425 0.0894765
v -0.0780699 1.5028753 0.0908937
v -0.0779943 1.5021612 0.0922031
v -0.0775575 1.5011865 0.0932468
v -0.0368123 1.4400686 0.1288988
v -0.0358485 1.4389425 0.1290807
v -0.0347823 1.4379439 0.1287703
v -0.0337424 1.4371933 0.1280052
v -0.0782322 1.5026422 0.0889696
v -0.0789287 1.5017470 0.0899410
v -0.0791513 1.5006411 0.0909195
v -0.0788733 1.4994579 0.0917872
v -0.0381280 1.4383400 0.1274393
v -0.0370055 1.4374224 0.1277971
v -0.0356411 1.4368157 0.1278176
v -0.0341994 1.4365930 0.1274983
v -0.0782247 1.5021879 0.0881823
v -0.0789147 1.5008933 0.0884615
v -0.0791325 1.4994909 0.0889262
v -0.0788519 1.4981498 0.0895204
v -0.0381066 1.4370320 0.1251725
v -0.0369867 1.4362721 0.1258038
v -0.0356271 1.4359619 0.1263381
v -0.0341919 1.4361387 0.1267110
v -0.0777558 1.5020532 0.0874155
v -0.0780333 1.5006401 0.0870202
v -0.0779450 1.4991498 0.0869844
v -0.0775015 1.4977620 0.0873123
v -0.0367563 1.4366442 0.1229644
v -0.0357992 1.4359311 0.1238620
v -0.0347458 1.4357088 0.1248969
v -0.0337230 1.4360040 0.1259442
v -0.0770044 1.5022896 0.0869619
v -0.0766212 1.5010843 0.0861678
v -0.0760425 1.4997482 0.0858359
v -0.0753380 1.4984425 0.0860063
v -0.0345928 1.4373246 0.1216583
v -0.0338967 1.4365295 0.1227135
v -0.0333336 1.4361529 0.1240444
v -0.0329716 1.4362404 0.1254906
v -0.0762576 1.5028067 0.0869948
v -0.0752177 1.5020561 0.0862297
v -0.0741515 1.5010575 0.0859193
v -0.0731877 1.4999314 0.0861012
v -0.0324425 1.4388135 0.1217532
v -0.0320057 1.4378388 0.1227969
v -0.0319301 1.4371247 0.1241063
v -0.0322248 1.4367575 0.1255235
v 0.0771458 1.5032187 0.0881224
v 0.0782322 1.5026422 0.0889696
v 0.0789287 1.5017470 0.0899410
v 0.0791513 1.5006411 0.0909195
v 0.0788733 1.4994579 0.0917872
v 0.0381280 1.4383400 0.1274393
v 0.0370055 1.4374224 0.1277971
v 0.0356411 1.4368157 0.1278176
v 0.0341994 1.4365930 0.1274983
v 0.0328542 1.4367813 0.1268776
v 0.0777752 1.5032425 0.0894765
v 0.0780699 1.5028753 0.0908937
v 0.0779943 1.5021612 0.0922031
v 0.0775575 1.5011865 0.0932468
v 0.0368123 1.4400686 0.1288988
v 0.0358485 1.4389425 0.1290807
v 0.0347823 1.4379439 0.1287703
v 0.0337424 1.4371933 0.1280052
v 0.0770284 1.5037596 0.0895094
v 0.0766664 1.5038471 0.0909556
v 0.0761033 1.5034705 0.0922865
v 0.0754072 1.5026754 0.0933417
v 0.0346620 1.4415575 0.1289937
v 0.0339575 1.4402518 0.1291641
v 0.0333788 1.4389157 0.1288322
v 0.0329956 1.4377104 0.1280381
v 0.0762770 1.5039960 0.0890558
v 0.0752542 1.5042912 0.0901031
v 0.0742008 1.5040689 0.0911380
v 0.0732437 1.5033558 0.0920356
v 0.0324985 1.4422380 0.1276877
v 0.0320550 1.4408502 0.1280156
v 0.0319667 1.4393599 0.1279798
v 0.0322442 1.4379468 0.1275845
v 0.0758081 1.5038613 0.0882890
v 0.0743729 1.5040381 0.0886619
v 0.0730133 1.5037279 0.0891962
v 0.0718934 1.5029680 0.0898275
v 0.0311481 1.4418502 0.1254796
v 0.0308675 1.4405091 0.1260738
v 0.0310853 1.4391067 0.1265385
v 0.0317753 1.4378121 0.1268177
v 0.0758006 1.5034070 0.0875017
v 0.0743589 1.5031843 0.0871824
v 0.0729945 1.5025776 0.0872029
v 0.0718720 1.5016600 0.0875607
v 0.0311267 1.4405421 0.1232128
v 0.0308487 1.4393589 0.1240805
v 0.0310713 1.4382530 0.1250590
v 0.0317678 1.4373578 0.1260304
v 0.0762576 1.5028067 0.0869948
v 0.0752177 1.5020561 0.0862297
v 0.0741515 1.5010575 0.0859193
v 0.0731877 1.4999314 0.0861012
v 0.0324425 1.4388135 0.1217532
v 0.0320057 1.4378388 0.1227969
v 0.0319301 1.4371247 0.1241063
v 0.0322248 1.4367575 0.1255235
v 0.0770044 1.5022896 0.0869619
v 0.0766212 1.5010843 0.0861678
v 0.0760425 1.4997482 0.0858359
v 0.0753380 1.4984425 0.0860063
v 0.0345928 1.4373246 0.1216583
v 0.0338967 1.4365295 0.1227135
v 0.0333336 1.4361529 0.1240444
v 0.0329716 1.4362404 0.1254906
v 0.0777558 1.5020532 0.0874155
v 0.0780333 1.5006401 0.0870202
v 0.0779450 1.4991498 0.0869844
v 0.0775015 1.4977620 0.0873123
v 0.0367563 1.4366442 0.1229644
v 0.0357992 1.4359311 0.1238620
v 0.0347458 1.4357088 0.1248969
v 0.0337230 1.4360040 0.1259442
v 0.0782247 1.5021879 0.0881823
v 0.0789147 1.5008933 0.0884615
v 0.0791325 1.4994909 0.0889262
v 0.0788519 1.4981498 0.0895204
v 0.0381066 1.4370320 0.1251725
v 0.0369867 1.4362721 0.1258038
v 0.0356271 1.4359619 0.1263381
v 0.0341919 1.4361387 0.1267110
v -0.0691176 1.5108761 0.1341239
v -0.0685190 1.5110616 0.1327684
v -0.0674958 1.5111191 0.1316821
v -0.0661717 1.5110416 0.1309960
v -0.0647062 1.5108385 0.1307928
v -0.0162762 1.5005342 0.1410971
v -0.0150540 1.5001655 0.1418721
v -0.0141873 1.4997769 0.1430244
v -0.0137803 1.4994151 0.1444149
v -0.0138824 1.4991239 0.1458761
v -0.0684458 1.5118507 0.1332135
v -0.0673583 1.5126022 0.1325186
v -0.0659863 1.5130397 0.1321230
v -0.0644954 1.5131106 0.1320744
v -0.0160654 1.5028064 0.1423786
v -0.0148687 1.5021636 0.1429991
v -0.0140497 1.5012599 0.1438609
v -0.0137071 1.5002042 0.1448600
v -0.0685343 1.5122474 0.1340265
v -0.0675248 1.5133476 0.1340466
v -0.0662106 1.5140441 0.1341816
v -0.0647505 1.5142528 0.1344153
v -0.0163205 1.5039485 0.1447196
v -0.0150930 1.5031680 0.1450577
v -0.0142162 1.5020054 0.1453888
v -0.0137957 1.5006009 0.1456730
v -0.0687509 1.5121001 0.1348969
v -0.0679317 1.5130707 0.1356823
v -0.0667589 1.5136710 0.1363855
v -0.0653740 1.5138286 0.1369215
v -0.0169440 1.5035243 0.1472258
v -0.0156413 1.5027950 0.1472616
v -0.0146231 1.5017285 0.1470246
v -0.0140123 1.5004536 0.1465434
v -0.0690126 1.5114651 0.1354922
v -0.0684237 1.5118773 0.1368012
v -0.0674218 1.5120631 0.1378929
v -0.0661277 1.5120001 0.1386356
v -0.0176977 1.5016958 0.1489399
v -0.0163041 1.5011870 0.1487689
v -0.0151151 1.5005351 0.1481434
v -0.0142740 1.4998185 0.1471387
v -0.0692197 1.5105849 0.1355851
v -0.0688127 1.5102231 0.1369756
v -0.0679460 1.5098345 0.1381279
v -0.0667238 1.5094658 0.1389029
v -0.0182938 1.4991615 0.1492072
v -0.0168283 1.4989584 0.1490040
v -0.0155042 1.4988809 0.1483179
v -0.0144810 1.4989384 0.1472316
v -0.0692929 1.5097958 0.1351400
v -0.0689503 1.5087401 0.1361391
v -0.0681313 1.5078364 0.1370009
v -0.0669346 1.5071936 0.1376214
v -0.0185046 1.4968894 0.1479256
v -0.0170137 1.4969603 0.1478770
v -0.0156417 1.4973978 0.1474814
v -0.0145542 1.4981493 0.1467865
v -0.0692043 1.5093991 0.1343270
v -0.0687838 1.5079946 0.1346112
v -0.0679070 1.5068320 0.1349423
v -0.0666795 1.5060515 0.1352804
v -0.0182495 1.4957472 0.1455847
v -0.0167894 1.4959559 0.1458184
v -0.0154752 1.4966524 0.1459534
v -0.0144657 1.4977526 0.1459735
v -0.0689877 1.5095464 0.1334566
v -0.0683769 1.5082715 0.1329754
v -0.0673587 1.5072050 0.1327384
v -0.0660560 1.5064757 0.1327742
v -0.0176260 1.4961714 0.1430785
v -0.0162411 1.4963290 0.1436145
v -0.0150683 1.4969293 0.1443177
v -0.0142491 1.4978999 0.1451031
v -0.0687260 1.5101815 0.1328613
v -0.0678849 1.5094649 0.1318566
v -0.0666959 1.5088130 0.1312311
v -0.0653023 1.5083042 0.1310601
v -0.0168723 1.4979999 0.1413644
v -0.0155782 1.4979369 0.1421071
v -0.0145763 1.4981227 0.1431988
v -0.0139874 1.4985349 0.1445078
v 0.0691176 1.5108761 0.1341239
v 0.0692197 1.5105849 0.1355851
v 0.0688127 1.5102231 0.1369756
v 0.0679460 1.5098345 0.1381279
v 0.0667238 1.5094658 0.1389029
v 0.0182938 1.4991615 0.1492072
v 0.0168283 1.4989584 0.1490040
v 0.0155042 1.4988809 0.1483179
v 0.0144810 1.4989384 0.1472316
v 0.0138824 1.4991239 0.1458761
v 0.0690126 1.5114651 0.1354922
v 0.0684237 1.5118773 0.1368012
v 0.0674218 1.5120631 0.1378929
v 0.0661277 1.5120001 0.1386356
v 0.0176977 1.5016958 0.1489399
v 0.0163041 1.5011870 0.1487689
v 0.0151151 1.5005351 0.1481434
v 0.0142740 1.4998185 0.1471387
v 0.0687509 1.5121001 0.1348969
v 0.0679317 1.5130707 0.1356823
v 0.0667589 1.5136710 0.1363855
v 0.0653740 1.5138286 0.1369215
v 0.0169440 1.5035243 0.1472258
v 0.0156413 1.5027950 0.1472616
v 0.0146231 1.5017285 0.1470246
v 0.0140123 1.5004536 0.1465434
v 0.0685343 1.5122474 0.1340265
v 0.0675248 1.5133476 0.1340466
v 0.0662106 1.5140441 0.1341816
v 0.0647505 1.5142528 0.1344153
v 0.0163205 1.5039485 0.1447196
v 0.0150930 1.5031680 0.1450577
v 0.0142162 1.5020054 0.1453888
v 0.0137957 1.5006009 0.1456730
v 0.0684458 1.5118507 0.1332135
v 0.0673583 1.5126022 0.1325186
v 0.0659863 1.5130397 0.1321230
v 0.0644954 1.5131106 0.1320744
v 0.0160654 1.5028064 0.1423786
v 0.0148687 1.5021636 0.1429991
v 0.0140497 1.5012599 0.1438609
v 0.0137071 1.5002042 0.1448600
v 0.0685190 1.5110616 0.1327684
v 0.0674958 1.5111191 0.1316821
v 0.0661717 1.5110416 0.1309960
v 0.0647062 1.5108385 0.1307928
v 0.0162762 1.5005342 0.1410971
v 0.0150540 1.5001655 0.1418721
v 0.0141873 1.4997769 0.1430244
v 0.0137803 1.4994151 0.1444149
v 0.0687260 1.5101815 0.1328613
v 0.0678849 1.5094649 0.1318566
v 0.0666959 1.5088130 0.1312311
v 0.0653023 1.5083042 0.1310601
v 0.0168723 1.4979999 0.1413644
v 0.0155782 1.4979369 0.1421071
v 0.0145763 1.4981227 0.1431988
v 0.0139874 1.4985349 0.1445078
v 0.0689877 1.5095464 0.1334566
v 0.0683769 1.5082715 0.1329754
v 0.0673587 1.5072050 0.1327384
v 0.0660560 1.5064757 0.1327742
v 0.0176260 1.4961714 0.1430785
v 0.0162411 1.4963290 0.1436145
v 0.0150683 1.4969293 0.1443177
v 0.0142491 1.4978999 0.1451031
v 0.0692043 1.5093991 0.1343270
v 0.0687838 1.5079946 0.1346112
v 0.0679070 1.5068320 0.1349423
v 0.0666795 1.5060515 0.1352804
v 0.0182495 1.4957472 0.1455847
v 0.0167894 1.4959559 0.1458184
v 0.0154752 1.4966524 0.1459534
v 0.0144657 1.4977526 0.1459735
v 0.0692929 1.5097958 0.1351400
v 0.0689503 1.5087401 0.1361391
v 0.0681313 1.5078364 0.1370009
v 0.0669346 1.5071936 0.1376214
v 0.0185046 1.4968894 0.1479256
v 0.0170137 1.4969603 0.1478770
v 0.0156417 1.4973978 0.1474814
v 0.0145542 1.4981493 0.1467865
v -0.0641553 1.4690106 0.1395053
v -0.0636657 1.4687771 0.1381140
v -0.0627339 1.4686910 0.1369501
v -0.0614724 1.4687628 0.1361541
v -0.0600333 1.4689838 0.1358219
v -0.0165902 1.4793274 0.1409937
v -0.0153172 1.4797521 0.1416487
v -0.0143677 1.4802067 0.1427080
v -0.0138563 1.4806364 0.1440437
v -0.0138447 1.4809894 0.1454947
v -0.0638837 1.4696565 0.1381865
v -0.0631437 1.4703437 0.1370864
v -0.0620245 1.4709895 0.1363377
v -0.0606611 1.4715160 0.1360308
v -0.0172180 1.4818596 0.1412026
v -0.0158692 1.4819789 0.1418324
v -0.0147774 1.4818595 0.1428443
v -0.0140743 1.4815158 0.1441162
v -0.0641097 1.4703120 0.1387742
v -0.0635685 1.4715757 0.1381909
v -0.0625968 1.4726494 0.1378258
v -0.0613120 1.4734035 0.1377229
v -0.0178688 1.4837471 0.1428947
v -0.0164415 1.4836387 0.1433204
v -0.0152022 1.4830915 0.1439487
v -0.0143003 1.4821714 0.1447039
v -0.0642575 1.4704932 0.1396525
v -0.0638461 1.4719163 0.1398416
v -0.0629709 1.4731083 0.1400498
v -0.0617373 1.4739253 0.1402520
v -0.0182942 1.4842689 0.1454238
v -0.0168156 1.4840976 0.1455445
v -0.0154798 1.4834321 0.1455995
v -0.0144481 1.4823526 0.1455822
v -0.0642704 1.4701310 0.1404860
v -0.0638705 1.4712355 0.1414081
v -0.0630037 1.4721910 0.1421604
v -0.0617747 1.4728822 0.1426520
v -0.0183315 1.4832258 0.1478238
v -0.0168484 1.4831804 0.1476550
v -0.0155042 1.4827513 0.1471660
v -0.0144610 1.4819903 0.1464157
v -0.0641437 1.4693636 0.1409563
v -0.0636323 1.4697933 0.1422920
v -0.0626828 1.4702479 0.1433513
v -0.0614098 1.4706726 0.1440063
v -0.0179667 1.4810162 0.1491781
v -0.0165276 1.4812372 0.1488459
v -0.0152661 1.4813090 0.1480499
v -0.0143343 1.4812229 0.1468860
v -0.0639257 1.4684842 0.1408838
v -0.0632226 1.4681405 0.1421557
v -0.0621308 1.4680211 0.1431676
v -0.0607820 1.4681404 0.1437974
v -0.0173389 1.4784840 0.1489692
v -0.0159755 1.4790105 0.1486623
v -0.0148563 1.4796563 0.1479136
v -0.0141163 1.4803435 0.1468135
v -0.0636997 1.4678286 0.1402961
v -0.0627978 1.4669085 0.1410513
v -0.0615585 1.4663613 0.1416796
v -0.0601312 1.4662529 0.1421053
v -0.0166880 1.4765965 0.1472771
v -0.0154032 1.4773506 0.1471742
v -0.0144315 1.4784243 0.1468091
v -0.0138903 1.4796880 0.1462258
v -0.0635519 1.4676474 0.1394178
v -0.0625202 1.4665679 0.1394005
v -0.0611844 1.4659024 0.1394555
v -0.0597058 1.4657311 0.1395762
v -0.0162627 1.4760747 0.1447480
v -0.0150291 1.4768917 0.1449502
v -0.0141539 1.4780837 0.1451584
v -0.0137425 1.4795068 0.1453475
v -0.0635390 1.4680097 0.1385843
v -0.0624958 1.4672487 0.1378340
v -0.0611516 1.4668196 0.1373450
v -0.0596685 1.4667742 0.1371762
v -0.0162253 1.4771178 0.1423480
v -0.0149963 1.4778090 0.1428396
v -0.0141295 1.4787645 0.1435919
v -0.0137296 1.4798690 0.1445140
v 0.0641553 1.4690106 0.1395053
v 0.0641437 1.4693636 0.1409563
v 0.0636323 1.4697933 0.1422920
v 0.0626828 1.4702479 0.1433513
v 0.0614098 1.4706726 0.1440063
v 0.0179667 1.4810162 0.1491781
v 0.0165276 1.4812372 0.1488459
v 0.0152661 1.4813090 0.1480499
v 0.0143343 1.4812229 0.1468860
v 0.0138447 1.4809894 0.1454947
v 0.0642704 1.4701310 0.1404860
v 0.0638705 1.4712355 0.1414081
v 0.0630037 1.4721910 0.1421604
v 0.0617747 1.4728822 0.1426520
v 0.0183315 1.4832258 0.1478238
v 0.0168484 1.4831804 0.1476550
v 0.0155042 1.4827513 0.1471660
v 0.0144610 1.4819903 0.1464157
v 0.0642575 1.4704932 0.1396525
v 0.0638461 1.4719163 0.1398416
v 0.0629709 1.4731083 0.1400498
v 0.0617373 1.4739253 0.1402520
v 0.0182942 1.4842689 0.1454238
v 0.0168156 1.4840976 0.1455445
v 0.0154798 1.4834321 0.1455995
v 0.0144481 1.4823526 0.1455822
v 0.0641097 1.4703120 0.1387742
v 0.0635685 1.4715757 0.1381909
v 0.0625968 1.4726494 0.1378258
v 0.0613120 1.4734035 0.1377229
v 0.0178688 1.4837471 0.1428947
v 0.0164415 1.4836387 0.1433204
v 0.0152022 1.4830915 0.1439487
v 0.0143003 1.4821714 0.1447039
v 0.0638837 1.4696565 0.1381865
v 0.0631437 1.4703437 0.1370864
v 0.0620245 1.4709895 0.1363377
v 0.0606611 1.4715160 0.1360308
v 0.0172180 1.4818596 0.1412026
v 0.0158692 1.4819789 0.1418324
v 0.0147774 1.4818595 0.1428443
v 0.0140743 1.4815158 0.1441162
v 0.0636657 1.4687771 0.1381140
v 0.0627339 1.4686910 0.1369501
v 0.0614724 1.4687628 0.1361541
v 0.0600333 1.4689838 0.1358219
v 0.0165902 1.4793274 0.1409937
v 0.0153172 1.4797521 0.1416487
v 0.0143677 1.4802067 0.1427080
v 0.0138563 1.4806364 0.1440437
v 0.0635390 1.4680097 0.1385843
v 0.0624958 1.4672487 0.1378340
v 0.0611516 1.4668196 0.1373450
v 0.0596685 1.4667742 0.1371762
v 0.0162253 1.4771178 0.1423480
v 0.0149963 1.4778090 0.1428396
v 0.0141295 1.4787645 0.1435919
v 0.0137296 1.4798690 0.1445140
v 0.0635519 1.4676474 0.1394178
v 0.0625202 1.4665679 0.1394005
v 0.0611844 1.4659024 0.1394555
v 0.0597058 1.4657311 0.1395762
v 0.0162627 1.4760747 0.1447480
v 0.0150291 1.4768917 0.1449502
v 0.0141539 1.4780837 0.1451584
v 0.0137425 1.4795068 0.1453475
v 0.0636997 1.4678286 0.1402961
v 0.0627978 1.4669085 0.1410513
v 0.0615585 1.4663613 0.1416796
v 0.0601312 1.4662529 0.1421053
v 0.0166880 1.4765965 0.1472771
v 0.0154032 1.4773506 0.1471742
v 0.0144315 1.4784243 0.1468091
v 0.0138903 1.4796880 0.1462258
v 0.0639257 1.4684842 0.1408838
v 0.0632226 1.4681405 0.1421557
v 0.0621308 1.4680211 0.1431676
v 0.0607820 1.4681404 0.1437974
v 0.0173389 1.4784840 0.1489692
v 0.0159755 1.4790105 0.1486623
v 0.0148563 1.4796563 0.1479136
v 0.0141163 1.4803435 0.1468135
vn 0.0000000 1.0000000 0.0000000
vn 0.3032500 0.9529110 -0.0000020
vn 0.5569485 0.8305470 0.0000010
vn 0.7655098 0.6434242 0.0000011
vn 0.9135211 0.4067914 -0.0000007
vn 0.9902751 0.1391229 -0.0000007
vn 0.9902751 -0.1391229 0.0000007
vn 0.9135211 -0.4067914 0.0000007
vn 0.7655098 -0.6434242 -0.0000011
vn 0.5569485 -0.8305470 -0.0000010
vn 0.3032500 -0.9529110 0.0000020
vn 0.0000000 -1.0000000 -0.0000000
vn 0.2626249 0.9529102 0.1516255
vn 0.4823304 0.8305472 0.2784756
vn 0.6629496 0.6434274 0.3827520
vn 0.7911332 0.4067909 0.4567597
vn 0.8576034 0.1391202 0.4951383
vn 0.8576037 -0.1391209 0.4951377
vn 0.7911339 -0.4067900 0.4567593
vn 0.6629493 -0.6434269 0.3827532
vn 0.4823284 -0.8305484 0.2784757
vn 0.2626272 -0.9529097 0.1516245
vn 0.1516245 0.9529097 0.2626272
vn 0.2784757 0.8305484 0.4823284
vn 0.3827532 0.6434269 0.6629493
vn 0.4567593 0.4067900 0.7911339
vn 0.4951377 0.1391209 0.8576037
vn 0.4951383 -0.1391202 0.8576034
vn 0.4567597 -0.4067909 0.7911332
vn 0.3827520 -0.6434274 0.6629496
vn 0.2784756 -0.8305472 0.4823304
vn 0.1516255 -0.9529102 0.2626249
vn 0.0000020 0.9529110 0.3032500
vn -0.0000010 0.8305470 0.5569485
vn -0.0000011 0.6434242 0.7655098
vn 0.0000007 0.4067914 0.9135211
vn 0.0000007 0.1391229 0.9902751
vn -0.0000007 -0.1391229 0.9902751
vn -0.0000007 -0.4067914 0.9135211
vn 0.0000011 -0.6434242 0.7655098
vn 0.0000010 -0.8305470 0.5569485
vn -0.0000020 -0.9529110 0.3032500
vn -0.1516255 0.9529102 0.2626249
vn -0.2784756 0.8305472 0.4823304
vn -0.3827520 0.6434274 0.6629496
vn -0.4567597 0.4067909 0.7911332
vn -0.4951383 0.1391202 0.8576034
vn -0.4951377 -0.1391209 0.8576037
vn -0.4567593 -0.4067900 0.7911339
vn -0.3827532 -0.6434269 0.6629493
vn -0.2784757 -0.8305484 0.4823284
vn -0.1516245 -0.9529097 0.2626272
vn -0.2626272 0.9529097 0.1516245
vn -0.4823284 0.8305484 0.2784757
vn -0.6629493 0.6434269 0.3827532
vn -0.7911339 0.4067900 0.4567593
vn -0.8576037 0.1391209 0.4951377
vn -0.8576034 -0.1391202 0.4951383
vn -0.7911332 -0.4067909 0.4567597
vn -0.6629496 -0.6434274 0.3827520
vn -0.4823304 -0.8305472 0.2784756
vn -0.2626249 -0.9529102 0.1516255
vn -0.3032500 0.9529110 0.0000020
vn -0.5569485 0.8305470 -0.0000010
vn -0.7655098 0.6434242 -0.0000011
vn -0.9135211 0.4067914 0.0000007
vn -0.9902751 0.1391229 0.0000007
vn -0.9902751 -0.1391229 -0.0000007
vn -0.9135211 -0.4067914 -0.0000007
vn -0.7655098 -0.6434242 0.0000011
vn -0.5569485 -0.8305470 0.0000010
vn -0.3032500 -0.9529110 -0.0000020
vn -0.2626249 0.9529102 -0.1516255
vn -0.4823304 0.8305472 -0.2784756
vn -0.6629496 0.6434274 -0.3827520
vn -0.7911332 0.4067909 -0.4567597
vn -0.8576034 0.1391202 -0.4951383
vn -0.8576037 -0.1391209 -0.4951377
vn -0.7911339 -0.4067900 -0.4567593
vn -0.6629493 -0.6434269 -0.3827532
vn -0.4823284 -0.8305484 -0.2784757
vn -0.2626272 -0.9529097 -0.1516245
vn -0.1516245 0.9529097 -0.2626272
vn -0.2784757 0.8305484 -0.4823284
vn -0.3827532 0.6434269 -0.6629493
vn -0.4567593 0.4067900 -0.7911339
vn -0.4951377 0.1391209 -0.8576037
vn -0.4951383 -0.1391202 -0.8576034
vn -0.4567597 -0.4067909 -0.7911332
vn -0.3827520 -0.6434274 -0.6629496
vn -0.2784756 -0.8305472 -0.4823304
vn -0.1516255 -0.9529102 -0.2626249
vn -0.0000020 0.9529110 -0.3032500
vn 0.0000010 0.8305470 -0.5569485
vn 0.0000011 0.6434242 -0.7655098
vn -0.0000007 0.4067914 -0.9135211
vn -0.0000007 0.1391229 -0.9902751
vn 0.0000007 -0.1391229 -0.9902751
vn 0.0000007 -0.4067914 -0.9135211
vn -0.0000011 -0.6434242 -0.7655098
vn -0.0000010 -0.8305470 -0.5569485
vn 0.0000020 -0.9529110 -0.3032500
vn 0.1516255 0.9529102 -0.2626249
vn 0.2784756 0.8305472 -0.4823304
vn 0.3827520 0.6434274 -0.6629496
vn 0.4567597 0.4067909 -0.7911332
vn 0.4951383 0.1391202 -0.8576034
vn 0.4951377 -0.1391209 -0.8576037
vn 0.4567593 -0.4067900 -0.7911339
vn 0.3827532 -0.6434269 -0.6629493
vn 0.2784757 -0.8305484 -0.4823284
vn 0.1516245 -0.9529097 -0.2626272
vn 0.2626272 0.9529097 -0.1516245
vn 0.4823284 0.8305484 -0.2784757
vn 0.6629493 0.6434269 -0.3827532
vn 0.7911339 0.4067900 -0.4567593
vn 0.8576037 0.1391209 -0.4951377
vn 0.8576034 -0.1391202 -0.4951383
vn 0.7911332 -0.4067909 -0.4567597
vn 0.6629496 -0.6434274 -0.3827520
vn 0.4823304 -0.8305472 -0.2784756
vn 0.2626249 -0.9529102 -0.1516255
vn 0.0000000 1.0000000 0.0000000
vn 0.3032514 0.9529106 0.0000001
vn 0.5569469 0.8305481 0.0000010
vn 0.7655072 0.6434273 -0.0000013
vn 0.9135227 0.4067879 0.0000013
vn 0.9902759 0.1391176 0.0000018
vn 0.9902759 -0.1391176 -0.0000018
vn 0.9135227 -0.4067879 -0.0000013
vn 0.7655072 -0.6434273 0.0000013
vn 0.5569469 -0.8305481 -0.0000010
vn 0.3032514 -0.9529106 -0.0000001
vn 0.0000000 -1.0000000 0.0000000
vn 0.2626230 0.9529106 0.1516263
vn 0.4823289 0.8305489 0.2784733
vn 0.6629502 0.6434256 0.3827540
vn 0.7911321 0.4067906 0.4567619
vn 0.8576047 0.1391253 0.4951347
vn 0.8576040 -0.1391236 0.4951364
vn 0.7911304 -0.4067932 0.4567624
vn 0.6629518 -0.6434242 0.3827534
vn 0.4823279 -0.8305493 0.2784738
vn 0.2626229 -0.9529106 0.1516263
vn 0.1516263 0.9529106 0.2626229
vn 0.2784738 0.8305493 0.4823279
vn 0.3827534 0.6434242 0.6629518
vn 0.4567624 0.4067932 0.7911304
vn 0.4951364 0.1391236 0.8576040
vn 0.4951347 -0.1391253 0.8576047
vn 0.4567619 -0.4067906 0.7911321
vn 0.3827540 -0.6434256 0.6629502
vn 0.2784733 -0.8305489 0.4823289
vn 0.1516263 -0.9529106 0.2626230
vn -0.0000001 0.9529106 0.3032514
vn -0.0000010 0.8305481 0.5569469
vn 0.0000013 0.6434273 0.7655072
vn -0.0000013 0.4067879 0.9135227
vn -0.0000018 0.1391176 0.9902759
vn 0.0000018 -0.1391176 0.9902759
vn 0.0000013 -0.4067879 0.9135227
vn -0.0000013 -0.6434273 0.7655072
vn 0.0000010 -0.8305481 0.5569469
vn 0.0000001 -0.9529106 0.3032514
vn -0.1516263 0.9529106 0.2626230
vn -0.2784733 0.8305489 0.4823289
vn -0.3827540 0.6434256 0.6629502
vn -0.4567619 0.4067906 0.7911321
vn -0.4951347 0.1391253 0.8576047
vn -0.4951364 -0.1391236 0.8576040
vn -0.4567624 -0.4067932 0.7911304
vn -0.3827534 -0.6434242 0.6629518
vn -0.2784738 -0.8305493 0.4823279
vn -0.1516263 -0.9529106 0.2626229
vn -0.2626229 0.9529106 0.1516263
vn -0.4823279 0.8305493 0.2784738
vn -0.6629518 0.6434242 0.3827534
vn -0.7911304 0.4067932 0.4567624
vn -0.8576040 0.1391236 0.4951364
vn -0.8576047 -0.1391253 0.4951347
vn -0.7911321 -0.4067906 0.4567619
vn -0.6629502 -0.6434256 0.3827540
vn -0.4823289 -0.8305489 0.2784733
vn -0.2626230 -0.9529106 0.1516263
vn -0.3032514 0.9529106 -0.0000001
vn -0.5569469 0.8305481 -0.0000010
vn -0.7655072 0.6434273 0.0000013
vn -0.9135227 0.4067879 -0.0000013
vn -0.9902759 0.1391176 -0.0000018
vn -0.9902759 -0.1391176 0.0000018
vn -0.9135227 -0.4067879 0.0000013
vn -0.7655072 -0.6434273 -0.0000013
vn -0.5569469 -0.8305481 0.0000010
vn -0.3032514 -0.9529106 0.0000001
vn -0.2626230 0.9529106 -0.1516263
vn -0.4823289 0.8305489 -0.2784733
vn -0.6629502 0.6434256 -0.3827540
vn -0.7911321 0.4067906 -0.4567619
vn -0.8576047 0.1391253 -0.4951347
vn -0.8576040 -0.1391236 -0.4951364
vn -0.7911304 -0.4067932 -0.4567624
vn -0.6629518 -0.6434242 -0.3827534
vn -0.4823279 -0.8305493 -0.2784738
vn -0.2626229 -0.9529106 -0.1516263
vn -0.1516263 0.9529106 -0.2626229
vn -0.2784738 0.8305493 -0.4823279
vn -0.3827534 0.6434242 -0.6629518
vn -0.4567624 0.4067932 -0.7911304
vn -0.4951364 0.1391236 -0.8576040
vn -0.4951347 -0.1391253 -0.8576047
vn -0.4567619 -0.4067906 -0.7911321
vn -0.3827540 -0.6434256 -0.6629502
vn -0.2784733 -0.8305489 -0.4823289
vn -0.1516263 -0.9529106 -0.2626230
vn 0.0000001 0.9529106 -0.3032514
vn 0.0000010 0.8305481 -0.5569469
vn -0.0000013 0.6434273 -0.7655072
vn 0.0000013 0.4067879 -0.9135227
vn 0.0000018 0.1391176 -0.9902759
vn -0.0000018 -0.1391176 -0.9902759
vn -0.0000013 -0.4067879 -0.9135227
vn 0.0000013 -0.6434273 -0.7655072
vn -0.0000010 -0.8305481 -0.5569469
vn -0.0000001 -0.9529106 -0.3032514
vn 0.1516263 0.9529106 -0.2626230
vn 0.2784733 0.8305489 -0.4823289
vn 0.3827540 0.6434256 -0.6629502
vn 0.4567619 0.4067906 -0.7911321
vn 0.4951347 0.1391253 -0.8576047
vn 0.4951364 -0.1391236 -0.8576040
vn 0.4567624 -0.4067932 -0.7911304
vn 0.3827534 -0.6434242 -0.6629518
vn 0.2784738 -0.8305493 -0.4823279
vn 0.1516263 -0.9529106 -0.2626229
vn 0.2626229 0.9529106 -0.1516263
vn 0.4823279 0.8305493 -0.2784738
vn 0.6629518 0.6434242 -0.3827534
vn 0.7911304 0.4067932 -0.4567624
vn 0.8576040 0.1391236 -0.4951364
vn 0.8576047 -0.1391253 -0.4951347
vn 0.7911321 -0.4067906 -0.4567619
vn 0.6629502 -0.6434256 -0.3827540
vn 0.4823289 -0.8305489 -0.2784733
vn 0.2626230 -0.9529106 -0.1516263
vn -0.0000000 1.0000000 -0.0000000
vn 0.3032553 0.9529093 -0.0000008
vn 0.5569506 0.8305456 0.0000010
vn 0.7655055 0.6434293 -0.0000012
vn 0.9135215 0.4067904 0.0000003
vn 0.9902759 0.1391177 0.0000010
vn 0.9902759 -0.1391177 -0.0000010
vn 0.9135215 -0.4067904 -0.0000003
vn 0.7655055 -0.6434293 0.0000012
vn 0.5569506 -0.8305456 -0.0000010
vn 0.3032553 -0.9529093 0.0000008
vn -0.0000000 -1.0000000 -0.0000000
vn 0.2626281 0.9529090 0.1516277
vn 0.4823326 0.8305468 0.2784732
vn 0.6629490 0.6434281 0.3827518
vn 0.7911333 0.4067906 0.4567599
vn 0.8576049 0.1391226 0.4951350
vn 0.8576045 -0.1391217 0.4951360
vn 0.7911324 -0.4067925 0.4567597
vn 0.6629506 -0.6434267 0.3827514
vn 0.4823312 -0.8305474 0.2784736
vn 0.2626290 -0.9529088 0.1516273
vn 0.1516273 0.9529088 0.2626290
vn 0.2784736 0.8305474 0.4823312
vn 0.3827514 0.6434267 0.6629506
vn 0.4567597 0.4067925 0.7911324
vn 0.4951360 0.1391217 0.8576045
vn 0.4951350 -0.1391226 0.8576049
vn 0.4567599 -0.4067906 0.7911333
vn 0.3827518 -0.6434281 0.6629490
vn 0.2784732 -0.8305468 0.4823326
vn 0.1516277 -0.9529090 0.2626281
vn 0.0000008 0.9529093 0.3032553
vn -0.0000010 0.8305456 0.5569506
vn 0.0000012 0.6434293 0.7655055
vn -0.0000003 0.4067904 0.9135215
vn -0.0000010 0.1391177 0.9902759
vn 0.0000010 -0.1391177 0.9902759
vn 0.0000003 -0.4067904 0.9135215
vn -0.0000012 -0.6434293 0.7655055
vn 0.0000010 -0.8305456 0.5569506
vn -0.0000008 -0.9529093 0.3032553
vn -0.1516277 0.9529090 0.2626281
vn -0.2784732 0.8305468 0.4823326
vn -0.3827518 0.6434281 0.6629490
vn -0.4567599 0.4067906 0.7911333
vn -0.4951350 0.1391226 0.8576049
vn -0.4951360 -0.1391217 0.8576045
vn -0.4567597 -0.4067925 0.7911324
vn -0.3827514 -0.6434267 0.6629506
vn -0.2784736 -0.8305474 0.4823312
vn -0.1516273 -0.9529088 0.2626290
vn -0.2626290 0.9529088 0.1516273
vn -0.4823312 0.8305474 0.2784736
vn -0.6629506 0.6434267 0.3827514
vn -0.7911324 0.4067925 0.4567597
vn -0.8576045 0.1391217 0.4951360
vn -0.8576049 -0.1391226 0.4951350
vn -0.7911333 -0.4067906 0.4567599
vn -0.6629490 -0.6434281 0.3827518
vn -0.4823326 -0.8305468 0.2784732
vn -0.2626281 -0.9529090 0.1516277
vn -0.3032553 0.9529093 0.0000008
vn -0.5569506 0.8305456 -0.0000010
vn -0.7655055 0.6434293 0.0000012
vn -0.9135215 0.4067904 -0.0000003
vn -0.9902759 0.1391177 -0.0000010
vn -0.9902759 -0.1391177 0.0000010
vn -0.9135215 -0.4067904 0.0000003
vn -0.7655055 -0.6434293 -0.0000012
vn -0.5569506 -0.8305456 0.0000010
vn -0.3032553 -0.9529093 -0.0000008
vn -0.2626281 0.9529090 -0.1516277
vn -0.4823326 0.8305468 -0.2784732
vn -0.6629490 0.6434281 -0.3827518
vn -0.7911333 0.4067906 -0.4567599
vn -0.8576049 0.1391226 -0.4951350
vn -0.8576045 -0.1391217 -0.4951360
vn -0.7911324 -0.4067925 -0.4567597
vn -0.6629506 -0.6434267 -0.3827514
vn -0.4823312 -0.8305474 -0.2784736
vn -0.2626290 -0.9529088 -0.1516273
vn -0.1516273 0.9529088 -0.2626290
vn -0.2784736 0.8305474 -0.4823312
vn -0.3827514 0.6434267 -0.6629506
vn -0.4567597 0.4067925 -0.7911324
vn -0.4951360 0.1391217 -0.8576045
vn -0.4951350 -0.1391226 -0.8576049
vn -0.4567599 -0.4067906 -0.7911333
vn -0.3827518 -0.6434281 -0.6629490
vn -0.2784732 -0.8305468 -0.4823326
vn -0.1516277 -0.9529090 -0.2626281
vn -0.0000008 0.9529093 -0.3032553
vn 0.0000010 0.8305456 -0.5569506
vn -0.0000012 0.6434293 -0.7655055
vn 0.0000003 0.4067904 -0.9135215
vn 0.0000010 0.1391177 -0.9902759
vn -0.0000010 -0.1391177 -0.9902759
vn -0.0000003 -0.4067904 -0.9135215
vn 0.0000012 -0.6434293 -0.7655055
vn -0.0000010 -0.8305456 -0.5569506
vn 0.0000008 -0.9529093 -0.3032553
vn 0.1516277 0.9529090 -0.2626281
vn 0.2784732 0.8305468 -0.4823326
vn 0.3827518 0.6434281 -0.6629490
vn 0.4567599 0.4067906 -0.7911333
vn 0.4951350 0.1391226 -0.8576049
vn 0.4951360 -0.1391217 -0.8576045
vn 0.4567597 -0.4067925 -0.7911324
vn 0.3827514 -0.6434267 -0.6629506
vn 0.2784736 -0.8305474 -0.4823312
vn 0.1516273 -0.9529088 -0.2626290
vn 0.2626290 0.9529088 -0.1516273
vn 0.4823312 0.8305474 -0.2784736
vn 0.6629506 0.6434267 -0.3827514
vn 0.7911324 0.4067925 -0.4567597
vn 0.8576045 0.1391217 -0.4951360
vn 0.8576049 -0.1391226 -0.4951350
vn 0.7911333 -0.4067906 -0.4567599
vn 0.6629490 -0.6434281 -0.3827518
vn 0.4823326 -0.8305468 -0.2784732
vn 0.2626281 -0.9529090 -0.1516277
vn 0.1080613 -0.9941442 0.0000013
vn 0.4026733 -0.9147565 0.0327824
vn 0.6401986 -0.7658487 0.0601789
vn 0.8261003 -0.5574190 0.0827184
vn 0.9468095 -0.3062791 0.0987162
vn 0.9937459 -0.0319235 0.1070041
vn 0.9636795 0.2446873 0.1070042
vn 0.8588999 0.5025396 0.0987164
vn 0.6870437 0.7218921 0.0827212
vn 0.4606978 0.8855147 0.0601769
vn 0.1967411 0.9799079 0.0327625
vn -0.1080613 0.9941442 -0.0000013
vn 0.3788115 -0.9173498 -0.1223570
vn 0.5963688 -0.7706107 -0.2247294
vn 0.7658563 -0.5639722 -0.3088681
vn 0.8749215 -0.3140828 -0.3685979
vn 0.9158135 -0.0403910 -0.3995676
vn 0.8857485 0.2362137 -0.3995657
vn 0.7870081 0.4947280 -0.3685953
vn 0.6267946 0.7153500 -0.3088737
vn 0.4168726 0.8807477 -0.2247239
vn 0.1728769 0.9773122 -0.1223698
vn 0.2810438 -0.9279751 -0.2446970
vn 0.4167911 -0.7901373 -0.4494087
vn 0.5190291 -0.5907994 -0.6177094
vn 0.5803738 -0.3461031 -0.7371424
vn 0.5965230 -0.0751040 -0.7990742
vn 0.5664562 0.2015092 -0.7990753
vn 0.4924591 0.4627169 -0.7371412
vn 0.3799700 0.6885217 -0.6177059
vn 0.2372956 0.8612306 -0.4494137
vn 0.0750970 0.9666883 -0.2446920
vn 0.1355413 -0.9437909 -0.3014751
vn 0.1495749 -0.8191756 -0.5536955
vn 0.1517642 -0.6307213 -0.7610245
vn 0.1420936 -0.3937495 -0.9081689
vn 0.1214138 -0.1267416 -0.9844771
vn 0.0913464 0.1498705 -0.9844769
vn 0.0541723 0.4150832 -0.9081692
vn 0.0127012 0.6485986 -0.7610246
vn -0.0299148 0.8321816 -0.5536957
vn -0.0703904 0.9508730 -0.3014728
vn -0.0186658 -0.9605526 -0.2774712
vn -0.1336597 -0.8499654 -0.5096018
vn -0.2375378 -0.6730354 -0.7004279
vn -0.3224840 -0.4442356 -0.8358581
vn -0.3821946 -0.1814802 -0.9060862
vn -0.4122587 0.0951223 -0.9060875
vn -0.4104005 0.3645789 -0.8358550
vn -0.3765935 0.6062782 -0.7004313
vn -0.3131623 0.8013969 -0.5096003
vn -0.2246172 0.9341113 -0.2774585
vn -0.1402804 -0.9737742 -0.1791235
vn -0.3570472 -0.8742427 -0.3289635
vn -0.5445650 -0.7064043 -0.4521525
vn -0.6888642 -0.4840676 -0.5395783
vn -0.7793639 -0.2246574 -0.5849111
vn -0.8094333 0.0519603 -0.5849084
vn -0.7767843 0.3247523 -0.5395759
vn -0.6836217 0.5729067 -0.4521497
vn -0.5365361 0.7771201 -0.3289580
vn -0.3462434 0.9208889 -0.1791068
vn -0.1967415 -0.9799081 -0.0327551
vn -0.4607002 -0.8855132 -0.0601796
vn -0.6870426 -0.7218933 -0.0827195
vn -0.8588989 -0.5025417 -0.0987140
vn -0.9636800 -0.2446855 -0.1070040
vn -0.9937459 0.0319255 -0.1070042
vn -0.9468111 0.3062754 -0.0987124
vn -0.8260989 0.5574215 -0.0827160
vn -0.6401976 0.7658490 -0.0601864
vn -0.4026773 0.9147552 -0.0327714
vn -0.1728813 -0.9773114 0.1223705
vn -0.4168702 -0.8807495 0.2247213
vn -0.6267972 -0.7153485 0.3088718
vn -0.7870071 -0.4947293 0.3685956
vn -0.8857480 -0.2362133 0.3995670
vn -0.9158144 0.0403907 0.3995656
vn -0.8749220 0.3140852 0.3685947
vn -0.7658592 0.5639669 0.3088705
vn -0.5963643 0.7706151 0.2247264
vn -0.3788189 0.9173478 0.1223490
vn -0.0750999 -0.9666881 0.2446920
vn -0.2372956 -0.8612335 0.4494080
vn -0.3799709 -0.6885179 0.6177096
vn -0.4924572 -0.4627170 0.7371423
vn -0.5664558 -0.2015103 0.7990753
vn -0.5965218 0.0751032 0.7990752
vn -0.5803753 0.3461023 0.7371416
vn -0.5190305 0.5908020 0.6177058
vn -0.4167847 0.7901368 0.4494156
vn -0.2810394 0.9279755 0.2447003
vn 0.0703893 -0.9508734 0.3014716
vn 0.0299209 -0.8321817 0.5536952
vn -0.0127030 -0.6485969 0.7610261
vn -0.0541767 -0.4150847 0.9081682
vn -0.0913481 -0.1498705 0.9844767
vn -0.1214140 0.1267420 0.9844771
vn -0.1420890 0.3937491 0.9081698
vn -0.1517601 0.6307230 0.7610239
vn -0.1495857 0.8191732 0.5536960
vn -0.1355485 0.9437906 0.3014731
vn 0.2246199 -0.9341109 0.2774575
vn 0.3131670 -0.8013937 0.5096024
vn 0.3765912 -0.6062841 0.7004275
vn 0.4104032 -0.3645744 0.8358557
vn 0.4122617 -0.0951232 0.9060860
vn 0.3821937 0.1814794 0.9060868
vn 0.3224795 0.4442371 0.8358591
vn 0.2375362 0.6730331 0.7004306
vn 0.1336656 0.8499669 0.5095977
vn 0.0186740 0.9605535 0.2774675
vn 0.3462477 -0.9208871 0.1791073
vn 0.5365279 -0.7771228 0.3289649
vn 0.6836246 -0.5729052 0.4521472
vn 0.7767848 -0.3247518 0.5395754
vn 0.8094313 -0.0519615 0.5849110
vn 0.7793651 0.2246577 0.5849094
vn 0.6888668 0.4840678 0.5395747
vn 0.5445663 0.7064031 0.4521528
vn 0.3570398 0.8742451 0.3289652
vn 0.1402853 0.9737727 0.1791276
vn -0.1080613 -0.9941442 0.0000013
vn 0.1967411 -0.9799079 -0.0327625
vn 0.4606978 -0.8855147 -0.0601769
vn 0.6870437 -0.7218921 -0.0827212
vn 0.8588999 -0.5025396 -0.0987164
vn 0.9636795 -0.2446873 -0.1070042
vn 0.9937459 0.0319235 -0.1070041
vn 0.9468095 0.3062791 -0.0987162
vn 0.8261003 0.5574190 -0.0827184
vn 0.6401986 0.7658487 -0.0601789
vn 0.4026733 0.9147565 -0.0327824
vn 0.1080613 0.9941442 -0.0000013
vn 0.1402853 -0.9737727 -0.1791276
vn 0.3570398 -0.8742451 -0.3289652
vn 0.5445663 -0.7064031 -0.4521528
vn 0.6888668 -0.4840678 -0.5395747
vn 0.7793651 -0.2246577 -0.5849094
vn 0.8094313 0.0519615 -0.5849110
vn 0.7767848 0.3247518 -0.5395754
vn 0.6836246 0.5729052 -0.4521472
vn 0.5365279 0.7771228 -0.3289649
vn 0.3462477 0.9208871 -0.1791073
vn 0.0186740 -0.9605535 -0.2774675
vn 0.1336656 -0.8499669 -0.5095977
vn 0.2375362 -0.6730331 -0.7004306
vn 0.3224795 -0.4442371 -0.8358591
vn 0.3821937 -0.1814794 -0.9060868
vn 0.4122617 0.0951232 -0.9060860
vn 0.4104032 0.3645744 -0.8358557
vn 0.3765912 0.6062841 -0.7004275
vn 0.3131670 0.8013937 -0.5096024
vn 0.2246199 0.9341109 -0.2774575
vn -0.1355485 -0.9437906 -0.3014731
vn -0.1495857 -0.8191732 -0.5536960
vn -0.1517601 -0.6307230 -0.7610239
vn -0.1420890 -0.3937491 -0.9081698
vn -0.1214140 -0.1267420 -0.9844771
vn -0.0913481 0.1498705 -0.9844767
vn -0.0541767 0.4150847 -0.9081682
vn -0.0127030 0.6485969 -0.7610261
vn 0.0299209 0.8321817 -0.5536952
vn 0.0703893 0.9508734 -0.3014716
vn -0.2810394 -0.9279755 -0.2447003
vn -0.4167847 -0.7901368 -0.4494156
vn -0.5190305 -0.5908020 -0.6177058
vn -0.5803753 -0.3461023 -0.7371416
vn -0.5965218 -0.0751032 -0.7990752
vn -0.5664558 0.2015103 -0.7990753
vn -0.4924572 0.4627170 -0.7371423
vn -0.3799709 0.6885179 -0.6177096
vn -0.2372956 0.8612335 -0.4494080
vn -0.0750999 0.9666881 -0.2446920
vn -0.3788189 -0.9173478 -0.1223490
vn -0.5963643 -0.7706151 -0.2247264
vn -0.7658592 -0.5639669 -0.3088705
vn -0.8749220 -0.3140852 -0.3685947
vn -0.9158144 -0.0403907 -0.3995656
vn -0.8857480 0.2362133 -0.3995670
vn -0.7870071 0.4947293 -0.3685956
vn -0.6267972 0.7153485 -0.3088718
vn -0.4168702 0.8807495 -0.2247213
vn -0.1728813 0.9773114 -0.1223705
vn -0.4026773 -0.9147552 0.0327714
vn -0.6401976 -0.7658490 0.0601864
vn -0.8260989 -0.5574215 0.0827160
vn -0.9468111 -0.3062754 0.0987124
vn -0.9937459 -0.0319255 0.1070042
vn -0.9636800 0.2446855 0.1070040
vn -0.8588989 0.5025417 0.0987140
vn -0.6870426 0.7218933 0.0827195
vn -0.4607002 0.8855132 0.0601796
vn -0.1967415 0.9799081 0.0327551
vn -0.3462434 -0.9208889 0.1791068
vn -0.5365361 -0.7771201 0.3289580
vn -0.6836217 -0.5729067 0.4521497
vn -0.7767843 -0.3247523 0.5395759
vn -0.8094333 -0.0519603 0.5849084
vn -0.7793639 0.2246574 0.5849111
vn -0.6888642 0.4840676 0.5395783
vn -0.5445650 0.7064043 0.4521525
vn -0.3570472 0.8742427 0.3289635
vn -0.1402804 0.9737742 0.1791235
vn -0.2246172 -0.9341113 0.2774585
vn -0.3131623 -0.8013969 0.5096003
vn -0.3765935 -0.6062782 0.7004313
vn -0.4104005 -0.3645789 0.8358550
vn -0.4122587 -0.0951223 0.9060875
vn -0.3821946 0.1814802 0.9060862
vn -0.3224840 0.4442356 0.8358581
vn -0.2375378 0.6730354 0.7004279
vn -0.1336597 0.8499654 0.5096018
vn -0.0186658 0.9605526 0.2774712
vn -0.0703904 -0.9508730 0.3014728
vn -0.0299148 -0.8321816 0.5536957
vn 0.0127012 -0.6485986 0.7610246
vn 0.0541723 -0.4150832 0.9081692
vn 0.0913464 -0.1498705 0.9844769
vn 0.1214138 0.1267416 0.9844771
vn 0.1420936 0.3937495 0.9081689
vn 0.1517642 0.6307213 0.7610245
vn 0.1495749 0.8191756 0.5536955
vn 0.1355413 0.9437909 0.3014751
vn 0.0750970 -0.9666883 0.2446920
vn 0.2372956 -0.8612306 0.4494137
vn 0.3799700 -0.6885217 0.6177059
vn 0.4924591 -0.4627169 0.7371412
vn 0.5664562 -0.2015092 0.7990753
vn 0.5965230 0.0751040 0.7990742
vn 0.5803738 0.3461031 0.7371424
vn 0.5190291 0.5907994 0.6177094
vn 0.4167911 0.7901373 0.4494087
vn 0.2810438 0.9279751 0.2446970
vn 0.1728769 -0.9773122 0.1223698
vn 0.4168726 -0.8807477 0.2247239
vn 0.6267946 -0.7153500 0.3088737
vn 0.7870081 -0.4947280 0.3685953
vn 0.8857485 -0.2362137 0.3995657
vn 0.9158135 0.0403910 0.3995676
vn 0.8749215 0.3140828 0.3685979
vn 0.7658563 0.5639722 0.3088681
vn 0.5963688 0.7706107 0.2247294
vn 0.3788115 0.9173498 0.1223570
vn 0.0650791 -0.9978801 -0.0000027
vn 0.3639910 -0.9311939 0.0197092
vn 0.6086453 -0.7926142 0.0362439
vn 0.8041372 -0.5923522 0.0498217
vn 0.9361240 -0.3466078 0.0594555
vn 0.9951354 -0.0745155 0.0644440
vn 0.9770285 0.2031315 0.0644439
vn 0.8831806 0.4652499 0.0594522
vn 0.7203901 0.6917777 0.0498168
vn 0.5005432 0.8649521 0.0362538
vn 0.2399497 0.9705847 0.0197374
vn -0.0650791 0.9978801 0.0000027
vn 0.3333742 -0.9331934 -0.1342076
vn 0.5524219 -0.7962880 -0.2464862
vn 0.7268729 -0.5973890 -0.3387952
vn 0.8439196 -0.3526109 -0.4043084
vn 0.8951778 -0.0810293 -0.4382819
vn 0.8770732 0.1966154 -0.4382751
vn 0.7909721 0.4592399 -0.4043042
vn 0.6431291 0.6867346 -0.3387928
vn 0.4443234 0.8612890 -0.2464913
vn 0.2093413 0.9685881 -0.1342140
vn 0.2300509 -0.9399351 -0.2521875
vn 0.3626615 -0.8086621 -0.4631870
vn 0.4660546 -0.6143995 -0.6366367
vn 0.5326816 -0.3729128 -0.7597279
vn 0.5577866 -0.1030351 -0.8235642
vn 0.5396778 0.1746153 -0.8235639
vn 0.4797318 0.4389402 -0.7597295
vn 0.3823080 0.6697266 -0.6366372
vn 0.2545623 0.8489146 -0.4631869
vn 0.1060248 0.9618501 -0.2521967
vn 0.0816952 -0.9496055 -0.3026140
vn 0.0902179 -0.8264300 -0.5557646
vn 0.0915864 -0.6388215 -0.7638841
vn 0.0857958 -0.4020510 -0.9115888
vn 0.0733616 -0.1346244 -0.9881773
vn 0.0552587 0.1430134 -0.9881769
vn 0.0328508 0.4097910 -0.9115877
vn 0.0078375 0.6453088 -0.7638816
vn -0.0178805 0.8311443 -0.5557693
vn -0.0423332 0.9521728 -0.3026134
vn -0.0719058 -0.9596252 -0.2719358
vn -0.1919186 -0.8448298 -0.4994295
vn -0.2961984 -0.6641160 -0.6864520
vn -0.3769773 -0.4322365 -0.8191823
vn -0.4282920 -0.1673427 -0.8880104
vn -0.4464000 0.1103005 -0.8880095
vn -0.4299231 0.3796172 -0.8191806
vn -0.3799488 0.6200158 -0.6864542
vn -0.3000127 0.8127469 -0.4994345
vn -0.1959346 0.9421566 -0.2719385
vn -0.1896464 -0.9673029 -0.1684023
vn -0.4081494 -0.8589317 -0.3092739
vn -0.5934133 -0.6834948 -0.4250830
vn -0.7316502 -0.4553644 -0.5072783
vn -0.8127639 -0.1924209 -0.5498991
vn -0.8308680 0.0852240 -0.5499048
vn -0.7845927 0.3564772 -0.5072852
vn -0.6771568 0.6006304 -0.4250904
vn -0.5162553 0.7986429 -0.3092734
vn -0.3136698 0.9344785 -0.1684077
vn -0.2399533 -0.9705839 -0.0197312
vn -0.5005392 -0.8649546 -0.0362498
vn -0.7203921 -0.6917753 -0.0498214
vn -0.8831796 -0.4652516 -0.0594538
vn -0.9770287 -0.2031306 -0.0644428
vn -0.9951355 0.0745163 -0.0644415
vn -0.9361248 0.3466068 -0.0594484
vn -0.8041372 0.5923526 -0.0498162
vn -0.6086487 0.7926113 -0.0362494
vn -0.3639826 0.9311970 -0.0197216
vn -0.2093458 -0.9685885 0.1342036
vn -0.4443241 -0.8612886 0.2464916
vn -0.6431265 -0.6867359 0.3387950
vn -0.7909723 -0.4592382 0.4043057
vn -0.8770729 -0.1966159 0.4382754
vn -0.8951783 0.0810312 0.4382804
vn -0.8439217 0.3526100 0.4043047
vn -0.7268756 0.5973874 0.3387922
vn -0.5524209 0.7962871 0.2464914
vn -0.3333627 0.9331955 0.1342218
vn -0.1060160 -0.9618502 0.2521999
vn -0.2545631 -0.8489132 0.4631890
vn -0.3823072 -0.6697264 0.6366378
vn -0.4797326 -0.4389424 0.7597277
vn -0.5396797 -0.1746141 0.8235628
vn -0.5577856 0.1030366 0.8235646
vn -0.5326803 0.3729107 0.7597297
vn -0.4660547 0.6143992 0.6366369
vn -0.3626620 0.8086648 0.4631820
vn -0.2300579 0.9399330 0.2521891
vn 0.0423341 -0.9521710 0.3026190
vn 0.0178786 -0.8311473 0.5557648
vn -0.0078407 -0.6453070 0.7638831
vn -0.0328475 -0.4097918 0.9115875
vn -0.0552554 -0.1430129 0.9881772
vn -0.0733636 0.1346250 0.9881771
vn -0.0857987 0.4020492 0.9115893
vn -0.0915854 0.6388226 0.7638834
vn -0.0902150 0.8264293 0.5557659
vn -0.0817002 0.9496059 0.3026115
vn 0.1959239 -0.9421579 0.2719419
vn 0.3000133 -0.8127470 0.4994340
vn 0.3799479 -0.6200167 0.6864538
vn 0.4299194 -0.3796152 0.8191835
vn 0.4463980 -0.1103014 0.8880104
vn 0.4282917 0.1673411 0.8880108
vn 0.3769788 0.4322398 0.8191799
vn 0.2962020 0.6641142 0.6864523
vn 0.1919154 0.8448301 0.4994302
vn 0.0719137 0.9596256 0.2719323
vn 0.3136680 -0.9344805 0.1683998
vn 0.5162571 -0.7986409 0.3092754
vn 0.6771597 -0.6006298 0.4250865
vn 0.7845958 -0.3564773 0.5072804
vn 0.8308689 -0.0852242 0.5499034
vn 0.8127650 0.1924211 0.5498974
vn 0.7316490 0.4553648 0.5072797
vn 0.5934111 0.6834941 0.4250872
vn 0.4081507 0.8589331 0.3092683
vn 0.1896480 0.9673017 0.1684075
vn -0.0650791 -0.9978801 -0.0000027
vn 0.2399497 -0.9705847 -0.0197374
vn 0.5005432 -0.8649521 -0.0362538
vn 0.7203901 -0.6917777 -0.0498168
vn 0.8831806 -0.4652499 -0.0594522
vn 0.9770285 -0.2031315 -0.0644439
vn 0.9951354 0.0745155 -0.0644440
vn 0.9361240 0.3466078 -0.0594555
vn 0.8041372 0.5923522 -0.0498217
vn 0.6086453 0.7926142 -0.0362439
vn 0.3639910 0.9311939 -0.0197092
vn 0.0650791 0.9978801 0.0000027
vn 0.1896480 -0.9673017 -0.1684075
vn 0.4081507 -0.8589331 -0.3092683
vn 0.5934111 -0.6834941 -0.4250872
vn 0.7316490 -0.4553648 -0.5072797
vn 0.8127650 -0.1924211 -0.5498974
vn 0.8308689 0.0852242 -0.5499034
vn 0.7845958 0.3564773 -0.5072804
vn 0.6771597 0.6006298 -0.4250865
vn 0.5162571 0.7986409 -0.3092754
vn 0.3136680 0.9344805 -0.1683998
vn 0.0719137 -0.9596256 -0.2719323
vn 0.1919154 -0.8448301 -0.4994302
vn 0.2962020 -0.6641142 -0.6864523
vn 0.3769788 -0.4322398 -0.8191799
vn 0.4282917 -0.1673411 -0.8880108
vn 0.4463980 0.1103014 -0.8880104
vn 0.4299194 0.3796152 -0.8191835
vn 0.3799479 0.6200167 -0.6864538
vn 0.3000133 0.8127470 -0.4994340
vn 0.1959239 0.9421579 -0.2719419
vn -0.0817002 -0.9496059 -0.3026115
vn -0.0902150 -0.8264293 -0.5557659
vn -0.0915854 -0.6388226 -0.7638834
vn -0.0857987 -0.4020492 -0.9115893
vn -0.0733636 -0.1346250 -0.9881771
vn -0.0552554 0.1430129 -0.9881772
vn -0.0328475 0.4097918 -0.9115875
vn -0.0078407 0.6453070 -0.7638831
vn 0.0178786 0.8311473 -0.5557648
vn 0.0423341 0.9521710 -0.3026190
vn -0.2300579 -0.9399330 -0.2521891
vn -0.3626620 -0.8086648 -0.4631820
vn -0.4660547 -0.6143992 -0.6366369
vn -0.5326803 -0.3729107 -0.7597297
vn -0.5577856 -0.1030366 -0.8235646
vn -0.5396797 0.1746141 -0.8235628
vn -0.4797326 0.4389424 -0.7597277
vn -0.3823072 0.6697264 -0.6366378
vn -0.2545631 0.8489132 -0.4631890
vn -0.1060160 0.9618502 -0.2521999
vn -0.3333627 -0.9331955 -0.1342218
vn -0.5524209 -0.7962871 -0.2464914
vn -0.7268756 -0.5973874 -0.3387922
vn -0.8439217 -0.3526100 -0.4043047
vn -0.8951783 -0.0810312 -0.4382804
vn -0.8770729 0.1966159 -0.4382754
vn -0.7909723 0.4592382 -0.4043057
vn -0.6431265 0.6867359 -0.3387950
vn -0.4443241 0.8612886 -0.2464916
vn -0.2093458 0.9685885 -0.1342036
vn -0.3639826 -0.9311970 0.0197216
vn -0.6086487 -0.7926113 0.0362494
vn -0.8041372 -0.5923526 0.0498162
vn -0.9361248 -0.3466068 0.0594484
vn -0.9951355 -0.0745163 0.0644415
vn -0.9770287 0.2031306 0.0644428
vn -0.8831796 0.4652516 0.0594538
vn -0.7203921 0.6917753 0.0498214
vn -0.5005392 0.8649546 0.0362498
vn -0.2399533 0.9705839 0.0197312
vn -0.3136698 -0.9344785 0.1684077
vn -0.5162553 -0.7986429 0.3092734
vn -0.6771568 -0.6006304 0.4250904
vn -0.7845927 -0.3564772 0.5072852
vn -0.8308680 -0.0852240 0.5499048
vn -0.8127639 0.1924209 0.5498991
vn -0.7316502 0.4553644 0.5072783
vn -0.5934133 0.6834948 0.4250830
vn -0.4081494 0.8589317 0.3092739
vn -0.1896464 0.9673029 0.1684023
vn -0.1959346 -0.9421566 0.2719385
vn -0.3000127 -0.8127469 0.4994345
vn -0.3799488 -0.6200158 0.6864542
vn -0.4299231 -0.3796172 0.8191806
vn -0.4464000 -0.1103005 0.8880095
vn -0.4282920 0.1673427 0.8880104
vn -0.3769773 0.4322365 0.8191823
vn -0.2961984 0.6641160 0.6864520
vn -0.1919186 0.8448298 0.4994295
vn -0.0719058 0.9596252 0.2719358
vn -0.0423332 -0.9521728 0.3026134
vn -0.0178805 -0.8311443 0.5557693
vn 0.0078375 -0.6453088 0.7638816
vn 0.0328508 -0.4097910 0.9115877
vn 0.0552587 -0.1430134 0.9881769
vn 0.0733616 0.1346244 0.9881773
vn 0.0857958 0.4020510 0.9115888
vn 0.0915864 0.6388215 0.7638841
vn 0.0902179 0.8264300 0.5557646
vn 0.0816952 0.9496055 0.3026140
vn 0.1060248 -0.9618501 0.2521967
vn 0.2545623 -0.8489146 0.4631869
vn 0.3823080 -0.6697266 0.6366372
vn 0.4797318 -0.4389402 0.7597295
vn 0.5396778 -0.1746153 0.8235639
vn 0.5577866 0.1030351 0.8235642
vn 0.5326816 0.3729128 0.7597279
vn 0.4660546 0.6143995 0.6366367
vn 0.3626615 0.8086621 0.4631870
vn 0.2300509 0.9399351 0.2521875
vn 0.2093413 -0.9685881 0.1342140
vn 0.4443234 -0.8612890 0.2464913
vn 0.6431291 -0.6867346 0.3387928
vn 0.7909721 -0.4592399 0.4043042
vn 0.8770732 -0.1966154 0.4382751
vn 0.8951778 0.0810293 0.4382819
vn 0.8439196 0.3526109 0.4043084
vn 0.7268729 0.5973890 0.3387952
vn 0.5524219 0.7962880 0.2464862
vn 0.3333742 0.9331934 0.1342076
vn 0.9992010 0.0399674 -0.0000018
vn 0.9526350 0.0259626 0.3030057
vn 0.8307732 0.0109528 0.5565032
vn 0.6441387 -0.0048542 0.7648933
vn 0.4079254 -0.0202241 0.9127912
vn 0.1405865 -0.0339844 0.9894850
vn -0.1374247 -0.0451097 0.9894845
vn -0.4050057 -0.0527458 0.9127914
vn -0.6416935 -0.0562878 0.7648929
vn -0.8289932 -0.0554406 0.5565040
vn -0.9516634 -0.0502118 0.3030108
vn -0.9992010 -0.0399674 0.0000018
vn 0.9465126 0.1789829 0.2684753
vn 0.8195283 0.2919696 0.4930792
vn 0.6286885 0.3813867 0.6777131
vn 0.3894907 0.4406940 0.8087557
vn 0.1206060 0.4656604 0.8767067
vn -0.1574166 0.4545413 0.8767053
vn -0.4234430 0.4081779 0.8087564
vn -0.6571384 0.3299552 0.6777158
vn -0.8402338 0.2255748 0.4930751
vn -0.9577850 0.1028114 0.2684729
vn 0.9419007 0.2942402 0.1620057
vn 0.8110651 0.5036331 0.2975349
vn 0.6170461 0.6723238 0.4089435
vn 0.3755972 0.7878882 0.4880153
vn 0.1055490 0.8420202 0.5290192
vn -0.1724656 0.8308987 0.5290208
vn -0.4373319 0.7553685 0.4880156
vn -0.6687795 0.6208888 0.4089389
vn -0.8486979 0.4372531 0.2975260
vn -0.9623933 0.2180658 0.1620076
vn 0.9400392 0.3408517 0.0121030
vn 0.8076393 0.5892565 0.0222591
vn 0.6123397 0.7900026 0.0305958
vn 0.3699840 0.9283205 0.0365087
vn 0.0994599 0.9942541 0.0395802
vn -0.1785565 0.9831333 0.0395792
vn -0.4429497 0.8958027 0.0365111
vn -0.6734849 0.7385672 0.0306029
vn -0.8521208 0.5228713 0.0222662
vn -0.9642602 0.2646801 0.0121136
vn 0.9414194 0.3063389 -0.1410177
vn 0.8101758 0.5258758 -0.2589784
vn 0.6158245 0.7028925 -0.3559528
vn 0.3741429 0.8243659 -0.4247799
vn 0.1039674 0.8815666 -0.4604683
vn -0.1740391 0.8704507 -0.4604628
vn -0.4387866 0.7918543 -0.4247741
vn -0.6699994 0.6514607 -0.3559491
vn -0.8495915 0.4594874 -0.2589704
vn -0.9628801 0.2301689 -0.1410116
vn 0.9456751 0.1999683 -0.2563420
vn 0.8179897 0.3304843 -0.4708216
vn 0.6265680 0.4343375 -0.6471193
vn 0.3869625 0.5038889 -0.7722409
vn 0.1178653 0.5341564 -0.8371289
vn -0.1601578 0.5230352 -0.8371282
vn -0.4259763 0.4713642 -0.7722435
vn -0.6592578 0.3829060 -0.6471183
vn -0.8417778 0.2640878 -0.4708161
vn -0.9586228 0.1237977 -0.2563523
vn 0.9516646 0.0501999 -0.3030091
vn 0.8289923 0.0554436 -0.5565049
vn 0.6416937 0.0562920 -0.7648925
vn 0.4050063 0.0527431 -0.9127914
vn 0.1374241 0.0451070 -0.9894847
vn -0.1405882 0.0339875 -0.9894846
vn -0.4079234 0.0202277 -0.9127920
vn -0.6441396 0.0048536 -0.7648926
vn -0.8307744 -0.0109515 -0.5565016
vn -0.9526336 -0.0259625 -0.3030101
vn 0.9577851 -0.1028005 -0.2684766
vn 0.8402340 -0.2255761 -0.4930744
vn 0.6571365 -0.3299619 -0.6777143
vn 0.4234450 -0.4081769 -0.8087558
vn 0.1574159 -0.4545392 -0.8767065
vn -0.1206061 -0.4656619 -0.8767058
vn -0.3894906 -0.4406962 -0.8087546
vn -0.6286881 -0.3813871 -0.6777132
vn -0.8195292 -0.2919683 -0.4930786
vn -0.9465122 -0.1789805 -0.2684786
vn 0.9623942 -0.2180692 -0.1619975
vn 0.8486964 -0.4372559 -0.2975259
vn 0.6687792 -0.6208858 -0.4089440
vn 0.4373333 -0.7553680 -0.4880151
vn 0.1724651 -0.8309001 -0.5290187
vn -0.1055494 -0.8420194 -0.5290205
vn -0.3755962 -0.7878869 -0.4880182
vn -0.6170481 -0.6723224 -0.4089429
vn -0.8110632 -0.5036369 -0.2975336
vn -0.9419013 -0.2942381 -0.1620057
vn 0.9642587 -0.2646856 -0.0121134
vn 0.8521233 -0.5228671 -0.0222688
vn 0.6734845 -0.7385676 -0.0306015
vn 0.4429501 -0.8958024 -0.0365135
vn 0.1785556 -0.9831333 -0.0395822
vn -0.0994589 -0.9942542 -0.0395800
vn -0.3699843 -0.9283204 -0.0365073
vn -0.6123417 -0.7900010 -0.0305952
vn -0.8076357 -0.5892613 -0.0222639
vn -0.9400416 -0.3408448 -0.0121083
vn 0.9628801 -0.2301726 0.1410053
vn 0.8495904 -0.4594860 0.2589763
vn 0.6700015 -0.6514590 0.3559483
vn 0.4387842 -0.7918530 0.4247791
vn 0.1740405 -0.8704479 0.4604675
vn -0.1039667 -0.8815667 0.4604683
vn -0.3741445 -0.8243651 0.4247800
vn -0.6158227 -0.7028938 0.3559532
vn -0.8101754 -0.5258761 0.2589789
vn -0.9414210 -0.3063311 0.1410243
vn 0.9586241 -0.1237947 0.2563487
vn 0.8417749 -0.2640957 0.4708168
vn 0.6592603 -0.3829040 0.6471170
vn 0.4259747 -0.4713692 0.7722413
vn 0.1601590 -0.5230400 0.8371250
vn -0.1178666 -0.5341545 0.8371299
vn -0.3869617 -0.5038875 0.7722422
vn -0.6265653 -0.4343402 0.6471201
vn -0.8179942 -0.3304806 0.4708164
vn -0.9456729 -0.1999675 0.2563507
vn -0.9992010 0.0399674 -0.0000018
vn -0.9516634 0.0502118 -0.3030108
vn -0.8289932 0.0554406 -0.5565040
vn -0.6416935 0.0562878 -0.7648929
vn -0.4050057 0.0527458 -0.9127914
vn -0.1374247 0.0451097 -0.9894845
vn 0.1405865 0.0339844 -0.9894850
vn 0.4079254 0.0202241 -0.9127912
vn 0.6441387 0.0048542 -0.7648933
vn 0.8307732 -0.0109528 -0.5565032
vn 0.9526350 -0.0259626 -0.3030057
vn 0.9992010 -0.0399674 0.0000018
vn -0.9456729 0.1999675 -0.2563507
vn -0.8179942 0.3304806 -0.4708164
vn -0.6265653 0.4343402 -0.6471201
vn -0.3869617 0.5038875 -0.7722422
vn -0.1178666 0.5341545 -0.8371299
vn 0.1601590 0.5230400 -0.8371250
vn 0.4259747 0.4713692 -0.7722413
vn 0.6592603 0.3829040 -0.6471170
vn 0.8417749 0.2640957 -0.4708168
vn 0.9586241 0.1237947 -0.2563487
vn -0.9414210 0.3063311 -0.1410243
vn -0.8101754 0.5258761 -0.2589789
vn -0.6158227 0.7028938 -0.3559532
vn -0.3741445 0.8243651 -0.4247800
vn -0.1039667 0.8815667 -0.4604683
vn 0.1740405 0.8704479 -0.4604675
vn 0.4387842 0.7918530 -0.4247791
vn 0.6700015 0.6514590 -0.3559483
vn 0.8495904 0.4594860 -0.2589763
vn 0.9628801 0.2301726 -0.1410053
vn -0.9400416 0.3408448 0.0121083
vn -0.8076357 0.5892613 0.0222639
vn -0.6123417 0.7900010 0.0305952
vn -0.3699843 0.9283204 0.0365073
vn -0.0994589 0.9942542 0.0395800
vn 0.1785556 0.9831333 0.0395822
vn 0.4429501 0.8958024 0.0365135
vn 0.6734845 0.7385676 0.0306015
vn 0.8521233 0.5228671 0.0222688
vn 0.9642587 0.2646856 0.0121134
vn -0.9419013 0.2942381 0.1620057
vn -0.8110632 0.5036369 0.2975336
vn -0.6170481 0.6723224 0.4089429
vn -0.3755962 0.7878869 0.4880182
vn -0.1055494 0.8420194 0.5290205
vn 0.1724651 0.8309001 0.5290187
vn 0.4373333 0.7553680 0.4880151
vn 0.6687792 0.6208858 0.4089440
vn 0.8486964 0.4372559 0.2975259
vn 0.9623942 0.2180692 0.1619975
vn -0.9465122 0.1789805 0.2684786
vn -0.8195292 0.2919683 0.4930786
vn -0.6286881 0.3813871 0.6777132
vn -0.3894906 0.4406962 0.8087546
vn -0.1206061 0.4656619 0.8767058
vn 0.1574159 0.4545392 0.8767065
vn 0.4234450 0.4081769 0.8087558
vn 0.6571365 0.3299619 0.6777143
vn 0.8402340 0.2255761 0.4930744
vn 0.9577851 0.1028005 0.2684766
vn -0.9526336 0.0259625 0.3030101
vn -0.8307744 0.0109515 0.5565016
vn -0.6441396 -0.0048536 0.7648926
vn -0.4079234 -0.0202277 0.9127920
vn -0.1405882 -0.0339875 0.9894846
vn 0.1374241 -0.0451070 0.9894847
vn 0.4050063 -0.0527431 0.9127914
vn 0.6416937 -0.0562920 0.7648925
vn 0.8289923 -0.0554436 0.5565049
vn 0.9516646 -0.0501999 0.3030091
vn -0.9586228 -0.1237977 0.2563523
vn -0.8417778 -0.2640878 0.4708161
vn -0.6592578 -0.3829060 0.6471183
vn -0.4259763 -0.4713642 0.7722435
vn -0.1601578 -0.5230352 0.8371282
vn 0.1178653 -0.5341564 0.8371289
vn 0.3869625 -0.5038889 0.7722409
vn 0.6265680 -0.4343375 0.6471193
vn 0.8179897 -0.3304843 0.4708216
vn 0.9456751 -0.1999683 0.2563420
vn -0.9628801 -0.2301689 0.1410116
vn -0.8495915 -0.4594874 0.2589704
vn -0.6699994 -0.6514607 0.3559491
vn -0.4387866 -0.7918543 0.4247741
vn -0.1740391 -0.8704507 0.4604628
vn 0.1039674 -0.8815666 0.4604683
vn 0.3741429 -0.8243659 0.4247799
vn 0.6158245 -0.7028925 0.3559528
vn 0.8101758 -0.5258758 0.2589784
vn 0.9414194 -0.3063389 0.1410177
vn -0.9642602 -0.2646801 -0.0121136
vn -0.8521208 -0.5228713 -0.0222662
vn -0.6734849 -0.7385672 -0.0306029
vn -0.4429497 -0.8958027 -0.0365111
vn -0.1785565 -0.9831333 -0.0395792
vn 0.0994599 -0.9942541 -0.0395802
vn 0.3699840 -0.9283205 -0.0365087
vn 0.6123397 -0.7900026 -0.0305958
vn 0.8076393 -0.5892565 -0.0222591
vn 0.9400392 -0.3408517 -0.0121030
vn -0.9623933 -0.2180658 -0.1620076
vn -0.8486979 -0.4372531 -0.2975260
vn -0.6687795 -0.6208888 -0.4089389
vn -0.4373319 -0.7553685 -0.4880156
vn -0.1724656 -0.8308987 -0.5290208
vn 0.1055490 -0.8420202 -0.5290192
vn 0.3755972 -0.7878882 -0.4880153
vn 0.6170461 -0.6723238 -0.4089435
vn 0.8110651 -0.5036331 -0.2975349
vn 0.9419007 -0.2942402 -0.1620057
vn -0.9577850 -0.1028114 -0.2684729
vn -0.8402338 -0.2255748 -0.4930751
vn -0.6571384 -0.3299552 -0.6777158
vn -0.4234430 -0.4081779 -0.8087564
vn -0.1574166 -0.4545413 -0.8767053
vn 0.1206060 -0.4656604 -0.8767067
vn 0.3894907 -0.4406940 -0.8087557
vn 0.6286885 -0.3813867 -0.6777131
vn 0.8195283 -0.2919696 -0.4930792
vn 0.9465126 -0.1789829 -0.2684753
vn 0.2953067 0.9554025 0.0000038
vn 0.5582012 0.8248570 0.0895672
vn 0.7536514 0.6363621 0.1644777
vn 0.8887602 0.3987529 0.2260560
vn 0.9539862 0.1309229 0.2697584
vn 0.9450008 -0.1464772 0.2924346
vn 0.8628329 -0.4123106 0.2924368
vn 0.7137368 -0.6463805 0.2697629
vn 0.5087434 -0.8307095 0.2260575
vn 0.2631139 -0.9506409 0.1644780
vn -0.0045900 -0.9959719 0.0895479
vn -0.2953067 -0.9554025 -0.0000038
vn 0.4783369 0.8495439 0.2224159
vn 0.6069714 0.6817009 0.4084967
vn 0.6871567 0.4610692 0.5614542
vn 0.7134004 0.2052687 0.6700184
vn 0.6841976 -0.0658778 0.7263152
vn 0.6020457 -0.3316916 0.7263069
vn 0.4731487 -0.5720222 0.6700156
vn 0.3071351 -0.7683973 0.5614567
vn 0.1164491 -0.9053024 0.4084939
vn -0.0844629 -0.9712857 0.2224188
vn 0.3456979 0.8905397 0.2956890
vn 0.3633707 0.7569994 0.5430596
vn 0.3523373 0.5645535 0.7464166
vn 0.3138532 0.3287717 0.8907331
vn 0.2510795 0.0680058 0.9655746
vn 0.1689105 -0.1978263 0.9655744
vn 0.0735936 -0.4485255 0.8907350
vn -0.0276650 -0.6649026 0.7464176
vn -0.1271571 -0.8300105 0.5430594
vn -0.2171015 -0.9302891 0.2956843
vn 0.1958581 0.9368553 0.2897272
vn 0.0881216 0.8420722 0.5321175
vn -0.0259736 0.6814902 0.7313661
vn -0.1376097 0.4683159 0.8727793
vn -0.2383175 0.2192648 0.9461119
vn -0.3204739 -0.0465506 0.9461129
vn -0.3778621 -0.3089836 0.8727825
vn -0.4059899 -0.5479765 0.7313644
vn -0.4024000 -0.7449326 0.5321180
vn -0.3669506 -0.8839726 0.2897236
vn 0.0689120 0.9760936 0.2061367
vn -0.1450189 0.9141322 0.3785920
vn -0.3464025 0.7805378 0.5203519
vn -0.5200064 0.5865119 0.6209647
vn -0.6528359 0.3473971 0.6731422
vn -0.7349993 0.0815726 0.6731433
vn -0.7602638 -0.1907910 0.6209652
vn -0.7264307 -0.4489270 0.5203489
vn -0.6355417 -0.6728706 0.3785920
vn -0.4938896 -0.8447363 0.2061396
vn -0.0010990 0.9977313 0.0673124
vn -0.2735767 0.9538731 0.1236198
vn -0.5231176 0.8351515 0.1699114
vn -0.7308800 0.6516907 0.2027650
vn -0.8814264 0.4180611 0.2198009
vn -0.9635950 0.1522194 0.2198041
vn -0.9711373 -0.1256141 0.2027643
vn -0.9031374 -0.3943014 0.1699098
vn -0.7641123 -0.6331271 0.1236225
vn -0.5638953 -0.8230992 0.0673034
vn 0.0045940 0.9959715 -0.0895522
vn -0.2631168 0.9506407 -0.1644745
vn -0.5087445 0.8307080 -0.2260603
vn -0.7137324 0.6463847 -0.2697644
vn -0.8628345 0.4123076 -0.2924365
vn -0.9450007 0.1464735 -0.2924365
vn -0.9539857 -0.1309173 -0.2697628
vn -0.8887592 -0.3987544 -0.2260576
vn -0.7536515 -0.6363618 -0.1644784
vn -0.5581988 -0.8248589 -0.0895646
vn 0.0844626 0.9712841 -0.2224260
vn -0.1164433 0.9053037 -0.4084925
vn -0.3071418 0.7683975 -0.5614527
vn -0.4731479 0.5720214 -0.6700169
vn -0.6020419 0.3316914 -0.7263101
vn -0.6842013 0.0658778 -0.7263118
vn -0.7134037 -0.2052672 -0.6700153
vn -0.6871552 -0.4610683 -0.5614568
vn -0.6069707 -0.6817015 -0.4084968
vn -0.4783329 -0.8495456 -0.2224185
vn 0.2170937 0.9302903 -0.2956861
vn 0.1271569 0.8300124 -0.5430567
vn 0.0276726 0.6648991 -0.7464204
vn -0.0735959 0.4485269 -0.8907341
vn -0.1689160 0.1978279 -0.9655732
vn -0.2510754 -0.0680078 -0.9655755
vn -0.3138504 -0.3287707 -0.8907344
vn -0.3523414 -0.5645537 -0.7464145
vn -0.3633692 -0.7569987 -0.5430615
vn -0.3457038 -0.8905387 -0.2956852
vn 0.3669493 0.8839738 -0.2897214
vn 0.4023998 0.7449322 -0.5321188
vn 0.4059846 0.5479757 -0.7313679
vn 0.3778645 0.3089869 -0.8727804
vn 0.3204771 0.0465477 -0.9461119
vn 0.2383136 -0.2192652 -0.9461128
vn 0.1376088 -0.4683116 -0.8727818
vn 0.0259738 -0.6814927 -0.7313639
vn -0.0881227 -0.8420731 -0.5321159
vn -0.1958434 -0.9368586 -0.2897263
vn 0.4938893 0.8447371 -0.2061372
vn 0.6355400 0.6728717 -0.3785928
vn 0.7264313 0.4489258 -0.5203491
vn 0.7602652 0.1907874 -0.6209646
vn 0.7350004 -0.0815701 -0.6731425
vn 0.6528363 -0.3473942 -0.6731434
vn 0.5200040 -0.5865162 -0.6209626
vn 0.3464084 -0.7805360 -0.5203506
vn 0.1450130 -0.9141336 -0.3785907
vn -0.0689156 -0.9760907 -0.2061494
vn 0.5638963 0.8230987 -0.0673014
vn 0.7641126 0.6331277 -0.1236175
vn 0.9031392 0.3942986 -0.1699064
vn 0.9711368 0.1256150 -0.2027665
vn 0.9635946 -0.1522182 -0.2198067
vn 0.8814274 -0.4180609 -0.2197973
vn 0.7308785 -0.6516934 -0.2027619
vn 0.5231214 -0.8351482 -0.1699160
vn 0.2735729 -0.9538743 -0.1236189
vn 0.0011019 -0.9977318 -0.0673061
vn -0.2953067 0.9554025 0.0000038
vn -0.0045900 0.9959719 -0.0895479
vn 0.2631139 0.9506409 -0.1644780
vn 0.5087434 0.8307095 -0.2260575
vn 0.7137368 0.6463805 -0.2697629
vn 0.8628329 0.4123106 -0.2924368
vn 0.9450008 0.1464772 -0.2924346
vn 0.9539862 -0.1309229 -0.2697584
vn 0.8887602 -0.3987529 -0.2260560
vn 0.7536514 -0.6363621 -0.1644777
vn 0.5582012 -0.8248570 -0.0895672
vn 0.2953067 -0.9554025 -0.0000038
vn 0.0011019 0.9977318 0.0673061
vn 0.2735729 0.9538743 0.1236189
vn 0.5231214 0.8351482 0.1699160
vn 0.7308785 0.6516934 0.2027619
vn 0.8814274 0.4180609 0.2197973
vn 0.9635946 0.1522182 0.2198067
vn 0.9711368 -0.1256150 0.2027665
vn 0.9031392 -0.3942986 0.1699064
vn 0.7641126 -0.6331277 0.1236175
vn 0.5638963 -0.8230987 0.0673014
vn -0.0689156 0.9760907 0.2061494
vn 0.1450130 0.9141336 0.3785907
vn 0.3464084 0.7805360 0.5203506
vn 0.5200040 0.5865162 0.6209626
vn 0.6528363 0.3473942 0.6731434
vn 0.7350004 0.0815701 0.6731425
vn 0.7602652 -0.1907874 0.6209646
vn 0.7264313 -0.4489258 0.5203491
vn 0.6355400 -0.6728717 0.3785928
vn 0.4938893 -0.8447371 0.2061372
vn -0.1958434 0.9368586 0.2897263
vn -0.0881227 0.8420731 0.5321159
vn 0.0259738 0.6814927 0.7313639
vn 0.1376088 0.4683116 0.8727818
vn 0.2383136 0.2192652 0.9461128
vn 0.3204771 -0.0465477 0.9461119
vn 0.3778645 -0.3089869 0.8727804
vn 0.4059846 -0.5479757 0.7313679
vn 0.4023998 -0.7449322 0.5321188
vn 0.3669493 -0.8839738 0.2897214
vn -0.3457038 0.8905387 0.2956852
vn -0.3633692 0.7569987 0.5430615
vn -0.3523414 0.5645537 0.7464145
vn -0.3138504 0.3287707 0.8907344
vn -0.2510754 0.0680078 0.9655755
vn -0.1689160 -0.1978279 0.9655732
vn -0.0735959 -0.4485269 0.8907341
vn 0.0276726 -0.6648991 0.7464204
vn 0.1271569 -0.8300124 0.5430567
vn 0.2170937 -0.9302903 0.2956861
vn -0.4783329 0.8495456 0.2224185
vn -0.6069707 0.6817015 0.4084968
vn -0.6871552 0.4610683 0.5614568
vn -0.7134037 0.2052672 0.6700153
vn -0.6842013 -0.0658778 0.7263118
vn -0.6020419 -0.3316914 0.7263101
vn -0.4731479 -0.5720214 0.6700169
vn -0.3071418 -0.7683975 0.5614527
vn -0.1164433 -0.9053037 0.4084925
vn 0.0844626 -0.9712841 0.2224260
vn -0.5581988 0.8248589 0.0895646
vn -0.7536515 0.6363618 0.1644784
vn -0.8887592 0.3987544 0.2260576
vn -0.9539857 0.1309173 0.2697628
vn -0.9450007 -0.1464735 0.2924365
vn -0.8628345 -0.4123076 0.2924365
vn -0.7137324 -0.6463847 0.2697644
vn -0.5087445 -0.8307080 0.2260603
vn -0.2631168 -0.9506407 0.1644745
vn 0.0045940 -0.9959715 0.0895522
vn -0.5638953 0.8230992 -0.0673034
vn -0.7641123 0.6331271 -0.1236225
vn -0.9031374 0.3943014 -0.1699098
vn -0.9711373 0.1256141 -0.2027643
vn -0.9635950 -0.1522194 -0.2198041
vn -0.8814264 -0.4180611 -0.2198009
vn -0.7308800 -0.6516907 -0.2027650
vn -0.5231176 -0.8351515 -0.1699114
vn -0.2735767 -0.9538731 -0.1236198
vn -0.0010990 -0.9977313 -0.0673124
vn -0.4938896 0.8447363 -0.2061396
vn -0.6355417 0.6728706 -0.3785920
vn -0.7264307 0.4489270 -0.5203489
vn -0.7602638 0.1907910 -0.6209652
vn -0.7349993 -0.0815726 -0.6731433
vn -0.6528359 -0.3473971 -0.6731422
vn -0.5200064 -0.5865119 -0.6209647
vn -0.3464025 -0.7805378 -0.5203519
vn -0.1450189 -0.9141322 -0.3785920
vn 0.0689120 -0.9760936 -0.2061367
vn -0.3669506 0.8839726 -0.2897236
vn -0.4024000 0.7449326 -0.5321180
vn -0.4059899 0.5479765 -0.7313644
vn -0.3778621 0.3089836 -0.8727825
vn -0.3204739 0.0465506 -0.9461129
vn -0.2383175 -0.2192648 -0.9461119
vn -0.1376097 -0.4683159 -0.8727793
vn -0.0259736 -0.6814902 -0.7313661
vn 0.0881216 -0.8420722 -0.5321175
vn 0.1958581 -0.9368553 -0.2897272
vn -0.2171015 0.9302891 -0.2956843
vn -0.1271571 0.8300105 -0.5430594
vn -0.0276650 0.6649026 -0.7464176
vn 0.0735936 0.4485255 -0.8907350
vn 0.1689105 0.1978263 -0.9655744
vn 0.2510795 -0.0680058 -0.9655746
vn 0.3138532 -0.3287717 -0.8907331
vn 0.3523373 -0.5645535 -0.7464166
vn 0.3633707 -0.7569994 -0.5430596
vn 0.3456979 -0.8905397 -0.2956890
vn -0.0844629 0.9712857 -0.2224188
vn 0.1164491 0.9053024 -0.4084939
vn 0.3071351 0.7683973 -0.5614567
vn 0.4731487 0.5720222 -0.6700156
vn 0.6020457 0.3316916 -0.7263069
vn 0.6841976 0.0658778 -0.7263152
vn 0.7134004 -0.2052687 -0.6700184
vn 0.6871567 -0.4610692 -0.5614542
vn 0.6069714 -0.6817009 -0.4084967
vn 0.4783369 -0.8495439 -0.2224159
vn 0.0576048 0.9983395 -0.0000010
vn 0.3571421 0.9338867 0.0174705
vn 0.6029370 0.7971435 0.0320801
vn 0.8000207 0.5983498 0.0440951
vn 0.9339215 0.3535844 0.0526179
vn 0.9950035 0.0819440 0.0570372
vn 0.9789774 -0.1958303 0.0570423
vn 0.8870613 -0.4586438 0.0526126
vn 0.7259015 -0.6863836 0.0440973
vn 0.5072580 -0.8611965 0.0320924
vn 0.2473792 -0.9687613 0.0174653
vn -0.0576048 -0.9983395 0.0000010
vn 0.3079351 0.9367250 0.1664999
vn 0.5125575 0.8023591 0.3057854
vn 0.6758054 0.6054992 0.4203069
vn 0.7856725 0.3621450 0.5015673
vn 0.8343013 0.0912327 0.5437075
vn 0.8182699 -0.1865545 0.5437203
vn 0.7388195 -0.4500849 0.5015669
vn 0.6016710 -0.6792205 0.4202994
vn 0.4168841 -0.8559777 0.3057938
vn 0.1981642 -0.9659231 0.1665035
vn 0.1909084 0.9434794 0.2709256
vn 0.2976613 0.8147564 0.4975639
vn 0.3804256 0.6225511 0.6838907
vn 0.4331811 0.3824722 0.8161306
vn 0.4521902 0.1132578 0.8847015
vn 0.4361709 -0.1644976 0.8847008
vn 0.3863349 -0.4297426 0.8161291
vn 0.3063004 -0.6621794 0.6838849
vn 0.2019899 -0.8435799 0.4975672
vn 0.0811421 -0.9591703 0.2709398
vn 0.0374499 0.9523329 0.3027532
vn 0.0158131 0.8310170 0.5560222
vn -0.0069604 0.6448905 0.7642433
vn -0.0291048 0.4091410 0.9120069
vn -0.0489326 0.1421747 0.9886314
vn -0.0649552 -0.1356001 0.9886321
vn -0.0759679 -0.4030812 0.9120057
vn -0.0810801 -0.6398151 0.7642399
vn -0.0798582 -0.8273221 0.5560223
vn -0.0723299 -0.9503221 0.3027478
vn -0.1113371 0.9609182 0.2534566
vn -0.2574546 0.8467776 0.4654942
vn -0.3825460 0.6665620 0.6398075
vn -0.4773073 0.4350015 0.7635126
vn -0.5347934 0.1702082 0.8276625
vn -0.5508185 -0.1075717 0.8276638
vn -0.5241690 -0.3772158 0.7635149
vn -0.4566663 -0.6181448 0.6398069
vn -0.3531260 -0.8115585 0.4654834
vn -0.2211283 -0.9417349 0.2534515
vn -0.2155913 0.9669323 0.1362438
vn -0.4489109 0.8578273 0.2502227
vn -0.6456928 0.6817528 0.3439390
vn -0.7913365 0.4531295 0.4104390
vn -0.8752129 0.1898515 0.4449257
vn -0.8912402 -0.0879296 0.4449261
vn -0.8382035 -0.3591009 0.4104404
vn -0.7198135 -0.6029750 0.3439327
vn -0.5445760 -0.8005175 0.2502172
vn -0.3253679 -0.9357174 0.1362672
vn -0.2473730 0.9687631 -0.0174562
vn -0.5072636 0.8611933 -0.0320904
vn -0.7259018 0.6863832 -0.0440982
vn -0.8870587 0.4586487 -0.0526131
vn -0.9789780 0.1958271 -0.0570424
vn -0.9950040 -0.0819406 -0.0570323
vn -0.9339203 -0.3535878 -0.0526171
vn -0.8000188 -0.5983517 -0.0441045
vn -0.6029404 -0.7971411 -0.0320766
vn -0.3571417 -0.9338871 -0.0174571
vn -0.1981543 0.9659232 -0.1665152
vn -0.4168846 0.8559769 -0.3057952
vn -0.6016736 0.6792192 -0.4202978
vn -0.7388184 0.4500912 -0.5015628
vn -0.8182718 0.1865498 -0.5437191
vn -0.8342971 -0.0912324 -0.5437141
vn -0.7856686 -0.3621471 -0.5015718
vn -0.6758106 -0.6054981 -0.4203000
vn -0.5125581 -0.8023583 -0.3057866
vn -0.3079269 -0.9367258 -0.1665108
vn -0.0811486 0.9591685 -0.2709439
vn -0.2019904 0.8435842 -0.4975595
vn -0.3063047 0.6621779 -0.6838844
vn -0.3863288 0.4297420 -0.8161323
vn -0.4361651 0.1644969 -0.8847038
vn -0.4521947 -0.1132596 -0.8846989
vn -0.4331854 -0.3824691 -0.8161297
vn -0.3804194 -0.6225538 -0.6838917
vn -0.2976607 -0.8147545 -0.4975672
vn -0.1909203 -0.9434790 -0.2709186
vn 0.0723308 0.9503207 -0.3027519
vn 0.0798645 0.8273241 -0.5560185
vn 0.0810834 0.6398156 -0.7642391
vn 0.0759653 0.4030759 -0.9120083
vn 0.0649532 0.1356039 -0.9886317
vn 0.0489337 -0.1421732 -0.9886315
vn 0.0291062 -0.4091443 -0.9120053
vn 0.0069583 -0.6448903 -0.7642435
vn -0.0158157 -0.8310143 -0.5560262
vn -0.0374396 -0.9523346 -0.3027493
vn 0.2211239 0.9417350 -0.2534550
vn 0.3531280 0.8115563 -0.4654858
vn 0.4566678 0.6181471 -0.6398036
vn 0.5241694 0.3772147 -0.7635152
vn 0.5508178 0.1075726 -0.8276641
vn 0.5347933 -0.1702073 -0.8276627
vn 0.4773056 -0.4350032 -0.7635127
vn 0.3825449 -0.6665589 -0.6398114
vn 0.2574487 -0.8467805 -0.4654923
vn 0.1113377 -0.9609172 -0.2534603
vn 0.3253610 0.9357197 -0.1362674
vn 0.5445761 0.8005150 -0.2502252
vn 0.7198157 0.6029724 -0.3439326
vn 0.8382029 0.3591046 -0.4104385
vn 0.8912399 0.0879290 -0.4449268
vn 0.8752137 -0.1898526 -0.4449235
vn 0.7913384 -0.4531277 -0.4104373
vn 0.6456941 -0.6817512 -0.3439397
vn 0.4489079 -0.8578299 -0.2502188
vn 0.2155917 -0.9669319 -0.1362455
vn -0.0576048 0.9983395 -0.0000010
vn 0.2473792 0.9687613 -0.0174653
vn 0.5072580 0.8611965 -0.0320924
vn 0.7259015 0.6863836 -0.0440973
vn 0.8870613 0.4586438 -0.0526126
vn 0.9789774 0.1958303 -0.0570423
vn 0.9950035 -0.0819440 -0.0570372
vn 0.9339215 -0.3535844 -0.0526179
vn 0.8000207 -0.5983498 -0.0440951
vn 0.6029370 -0.7971435 -0.0320801
vn 0.3571421 -0.9338867 -0.0174705
vn 0.0576048 -0.9983395 0.0000010
vn 0.2155917 0.9669319 0.1362455
vn 0.4489079 0.8578299 0.2502188
vn 0.6456941 0.6817512 0.3439397
vn 0.7913384 0.4531277 0.4104373
vn 0.8752137 0.1898526 0.4449235
vn 0.8912399 -0.0879290 0.4449268
vn 0.8382029 -0.3591046 0.4104385
vn 0.7198157 -0.6029724 0.3439326
vn 0.5445761 -0.8005150 0.2502252
vn 0.3253610 -0.9357197 0.1362674
vn 0.1113377 0.9609172 0.2534603
vn 0.2574487 0.8467805 0.4654923
vn 0.3825449 0.6665589 0.6398114
vn 0.4773056 0.4350032 0.7635127
vn 0.5347933 0.1702073 0.8276627
vn 0.5508178 -0.1075726 0.8276641
vn 0.5241694 -0.3772147 0.7635152
vn 0.4566678 -0.6181471 0.6398036
vn 0.3531280 -0.8115563 0.4654858
vn 0.2211239 -0.9417350 0.2534550
vn -0.0374396 0.9523346 0.3027493
vn -0.0158157 0.8310143 0.5560262
vn 0.0069583 0.6448903 0.7642435
vn 0.0291062 0.4091443 0.9120053
vn 0.0489337 0.1421732 0.9886315
vn 0.0649532 -0.1356039 0.9886317
vn 0.0759653 -0.4030759 0.9120083
vn 0.0810834 -0.6398156 0.7642391
vn 0.0798645 -0.8273241 0.5560185
vn 0.0723308 -0.9503207 0.3027519
vn -0.1909203 0.9434790 0.2709186
vn -0.2976607 0.8147545 0.4975672
vn -0.3804194 0.6225538 0.6838917
vn -0.4331854 0.3824691 0.8161297
vn -0.4521947 0.1132596 0.8846989
vn -0.4361651 -0.1644969 0.8847038
vn -0.3863288 -0.4297420 0.8161323
vn -0.3063047 -0.6621779 0.6838844
vn -0.2019904 -0.8435842 0.4975595
vn -0.0811486 -0.9591685 0.2709439
vn -0.3079269 0.9367258 0.1665108
vn -0.5125581 0.8023583 0.3057866
vn -0.6758106 0.6054981 0.4203000
vn -0.7856686 0.3621471 0.5015718
vn -0.8342971 0.0912324 0.5437141
vn -0.8182718 -0.1865498 0.5437191
vn -0.7388184 -0.4500912 0.5015628
vn -0.6016736 -0.6792192 0.4202978
vn -0.4168846 -0.8559769 0.3057952
vn -0.1981543 -0.9659232 0.1665152
vn -0.3571417 0.9338871 0.0174571
vn -0.6029404 0.7971411 0.0320766
vn -0.8000188 0.5983517 0.0441045
vn -0.9339203 0.3535878 0.0526171
vn -0.9950040 0.0819406 0.0570323
vn -0.9789780 -0.1958271 0.0570424
vn -0.8870587 -0.4586487 0.0526131
vn -0.7259018 -0.6863832 0.0440982
vn -0.5072636 -0.8611933 0.0320904
vn -0.2473730 -0.9687631 0.0174562
vn -0.3253679 0.9357174 -0.1362672
vn -0.5445760 0.8005175 -0.2502172
vn -0.7198135 0.6029750 -0.3439327
vn -0.8382035 0.3591009 -0.4104404
vn -0.8912402 0.0879296 -0.4449261
vn -0.8752129 -0.1898515 -0.4449257
vn -0.7913365 -0.4531295 -0.4104390
vn -0.6456928 -0.6817528 -0.3439390
vn -0.4489109 -0.8578273 -0.2502227
vn -0.2155913 -0.9669323 -0.1362438
vn -0.2211283 0.9417349 -0.2534515
vn -0.3531260 0.8115585 -0.4654834
vn -0.4566663 0.6181448 -0.6398069
vn -0.5241690 0.3772158 -0.7635149
vn -0.5508185 0.1075717 -0.8276638
vn -0.5347934 -0.1702082 -0.8276625
vn -0.4773073 -0.4350015 -0.7635126
vn -0.3825460 -0.6665620 -0.6398075
vn -0.2574546 -0.8467776 -0.4654942
vn -0.1113371 -0.9609182 -0.2534566
vn -0.0723299 0.9503221 -0.3027478
vn -0.0798582 0.8273221 -0.5560223
vn -0.0810801 0.6398151 -0.7642399
vn -0.0759679 0.4030812 -0.9120057
vn -0.0649552 0.1356001 -0.9886321
vn -0.0489326 -0.1421747 -0.9886314
vn -0.0291048 -0.4091410 -0.9120069
vn -0.0069604 -0.6448905 -0.7642433
vn 0.0158131 -0.8310170 -0.5560222
vn 0.0374499 -0.9523329 -0.3027532
vn 0.0811421 0.9591703 -0.2709398
vn 0.2019899 0.8435799 -0.4975672
vn 0.3063004 0.6621794 -0.6838849
vn 0.3863349 0.4297426 -0.8161291
vn 0.4361709 0.1644976 -0.8847008
vn 0.4521902 -0.1132578 -0.8847015
vn 0.4331811 -0.3824722 -0.8161306
vn 0.3804256 -0.6225511 -0.6838907
vn 0.2976613 -0.8147564 -0.4975639
vn 0.1909084 -0.9434794 -0.2709256
vn 0.1981642 0.9659231 -0.1665035
vn 0.4168841 0.8559777 -0.3057938
vn 0.6016710 0.6792205 -0.4202994
vn 0.7388195 0.4500849 -0.5015669
vn 0.8182699 0.1865545 -0.5437203
vn 0.8343013 -0.0912327 -0.5437075
vn 0.7856725 -0.3621450 -0.5015673
vn 0.6758054 -0.6054992 -0.4203069
vn 0.5125575 -0.8023591 -0.3057854
vn 0.3079351 -0.9367250 -0.1664999
vn 0.2069524 0.9783510 -0.0000002
vn 0.4874720 0.8708802 0.0627586
vn 0.7049858 0.6997915 0.1152690
vn 0.8658826 0.4744944 0.1584375
vn 0.9585823 0.2130175 0.1890596
vn 0.9766524 -0.0644012 0.2049453
vn 0.9190656 -0.3366215 0.2049495
vn 0.7901965 -0.5829602 0.1890687
vn 0.5995640 -0.7844887 0.1584315
vn 0.3612104 -0.9253326 0.1152676
vn 0.0930348 -0.9936829 0.0627592
vn -0.2069524 -0.9783510 0.0000002
vn 0.4178683 0.8856029 0.2027155
vn 0.5771791 0.7268222 0.3722819
vn 0.6902147 0.5116681 0.5116634
vn 0.7489521 0.2573705 0.6105990
vn 0.7494093 -0.0163292 0.6619056
vn 0.6918180 -0.2885489 0.6619119
vn 0.5805703 -0.5386052 0.6106083
vn 0.4238949 -0.7473303 0.5116742
vn 0.2333995 -0.8982975 0.3722717
vn 0.0234444 -0.9789608 0.2026969
vn 0.2891805 0.9128241 0.2883173
vn 0.3407835 0.7768326 0.5295259
vn 0.3652994 0.5803890 0.7278083
vn 0.3611923 0.3393880 0.8685366
vn 0.3290752 0.0725938 0.9415092
vn 0.2714878 -0.1996323 0.9415101
vn 0.1928206 -0.4565794 0.8685364
vn 0.0989773 -0.6785858 0.7278219
vn -0.0029980 -0.8482873 0.5295277
vn -0.1052595 -0.9517356 0.2883050
vn 0.1358158 0.9452719 0.2966735
vn 0.0591219 0.8364212 0.5448891
vn -0.0218407 0.6622764 0.7489413
vn -0.1007864 0.4371078 0.8937443
vn -0.1717204 0.1785289 0.9688341
vn -0.2293000 -0.0936928 0.9688360
vn -0.2691559 -0.3588468 0.8937472
vn -0.2881602 -0.5966933 0.7489464
vn -0.2846679 -0.7887091 0.5448872
vn -0.2586026 -0.9192989 0.2966719
vn -0.0010808 0.9742302 0.2255536
vn -0.1923328 0.8896061 0.4142572
vn -0.3674286 0.7353857 0.5693892
vn -0.5131902 0.5243547 0.6794763
vn -0.6187874 0.2730858 0.7365638
vn -0.6763679 0.0008750 0.7365634
vn -0.6815703 -0.2716097 0.6794778
vn -0.6337622 -0.5235946 0.5693805
vn -0.5361077 -0.7355205 0.4142440
vn -0.3955280 -0.8903268 0.2255564
vn -0.0848488 0.9919501 0.0939984
vn -0.3461822 0.9221492 0.1726230
vn -0.5788801 0.7801276 0.2372737
vn -0.7655474 0.5777279 0.2831390
vn -0.8923346 0.3309498 0.3069383
vn -0.9499167 0.0587498 0.3069313
vn -0.9339200 -0.2182307 0.2831408
vn -0.8452102 -0.4788791 0.2372648
vn -0.6899519 -0.7029690 0.1726297
vn -0.4792793 -0.8726126 0.0940137
vn -0.0930347 0.9936828 -0.0627615
vn -0.3612123 0.9253316 -0.1152695
vn -0.5995592 0.7844920 -0.1584331
vn -0.7902016 0.5829549 -0.1890635
vn -0.9190656 0.3366250 -0.2049441
vn -0.9766522 0.0644015 -0.2049461
vn -0.9585833 -0.2130161 -0.1890561
vn -0.8658836 -0.4744965 -0.1584256
vn -0.7049885 -0.6997897 -0.1152631
vn -0.4874693 -0.8708812 -0.0627673
vn -0.0234456 0.9789592 -0.2027046
vn -0.2333994 0.8983001 -0.3722654
vn -0.4238959 0.7473308 -0.5116727
vn -0.5805695 0.5386048 -0.6106094
vn -0.6918180 0.2885478 -0.6619124
vn -0.7494103 0.0163307 -0.6619044
vn -0.7489495 -0.2573721 -0.6106016
vn -0.6902069 -0.5116691 -0.5116729
vn -0.5771783 -0.7268221 -0.3722834
vn -0.4178741 -0.8856028 -0.2027042
vn 0.1052459 0.9517391 -0.2882986
vn 0.0030015 0.8482861 -0.5295298
vn -0.0989748 0.6785870 -0.7278212
vn -0.1928221 0.4565787 -0.8685364
vn -0.2714881 0.1996318 -0.9415102
vn -0.3290739 -0.0725924 -0.9415098
vn -0.3611913 -0.3393958 -0.8685340
vn -0.3653015 -0.5803820 -0.7278128
vn -0.3407845 -0.7768323 -0.5295257
vn -0.2891673 -0.9128276 -0.2883192
vn 0.2586111 0.9192990 -0.2966641
vn 0.2846697 0.7887039 -0.5448938
vn 0.2881642 0.5966955 -0.7489431
vn 0.2691600 0.3588455 -0.8937465
vn 0.2293013 0.0936929 -0.9688357
vn 0.1717225 -0.1785313 -0.9688333
vn 0.1007841 -0.4371051 -0.8937459
vn 0.0218333 -0.6622756 -0.7489421
vn -0.0591169 -0.8364217 -0.5448890
vn -0.1358260 -0.9452698 -0.2966754
vn 0.3955176 0.8903309 -0.2255586
vn 0.5361084 0.7355163 -0.4142506
vn 0.6337631 0.5235935 -0.5693805
vn 0.6815680 0.2716141 -0.6794783
vn 0.6763661 -0.0008754 -0.7365651
vn 0.6187855 -0.2730886 -0.7365644
vn 0.5131947 -0.5243502 -0.6794763
vn 0.3674292 -0.7353881 -0.5693857
vn 0.1923279 -0.8896056 -0.4142606
vn 0.0010907 -0.9742319 -0.2255461
vn 0.4792813 0.8726131 -0.0939996
vn 0.6899501 0.7029698 -0.1726333
vn 0.8452083 0.4788779 -0.2372740
vn 0.9339196 0.2182322 -0.2831412
vn 0.9499172 -0.0587511 -0.3069292
vn 0.8923341 -0.3309462 -0.3069437
vn 0.7655417 -0.5777330 -0.2831439
vn 0.5788865 -0.7801234 -0.2372719
vn 0.3461758 -0.9221523 -0.1726192
vn 0.0848528 -0.9919490 -0.0940060
vn -0.2069524 0.9783510 -0.0000002
vn 0.0930348 0.9936829 -0.0627592
vn 0.3612104 0.9253326 -0.1152676
vn 0.5995640 0.7844887 -0.1584315
vn 0.7901965 0.5829602 -0.1890687
vn 0.9190656 0.3366215 -0.2049495
vn 0.9766524 0.0644012 -0.2049453
vn 0.9585823 -0.2130175 -0.1890596
vn 0.8658826 -0.4744944 -0.1584375
vn 0.7049858 -0.6997915 -0.1152690
vn 0.4874720 -0.8708802 -0.0627586
vn 0.2069524 -0.9783510 0.0000002
vn 0.0848528 0.9919490 0.0940060
vn 0.3461758 0.9221523 0.1726192
vn 0.5788865 0.7801234 0.2372719
vn 0.7655417 0.5777330 0.2831439
vn 0.8923341 0.3309462 0.3069437
vn 0.9499172 0.0587511 0.3069292
vn 0.9339196 -0.2182322 0.2831412
vn 0.8452083 -0.4788779 0.2372740
vn 0.6899501 -0.7029698 0.1726333
vn 0.4792813 -0.8726131 0.0939996
vn 0.0010907 0.9742319 0.2255461
vn 0.1923279 0.8896056 0.4142606
vn 0.3674292 0.7353881 0.5693857
vn 0.5131947 0.5243502 0.6794763
vn 0.6187855 0.2730886 0.7365644
vn 0.6763661 0.0008754 0.7365651
vn 0.6815680 -0.2716141 0.6794783
vn 0.6337631 -0.5235935 0.5693805
vn 0.5361084 -0.7355163 0.4142506
vn 0.3955176 -0.8903309 0.2255586
vn -0.1358260 0.9452698 0.2966754
vn -0.0591169 0.8364217 0.5448890
vn 0.0218333 0.6622756 0.7489421
vn 0.1007841 0.4371051 0.8937459
vn 0.1717225 0.1785313 0.9688333
vn 0.2293013 -0.0936929 0.9688357
vn 0.2691600 -0.3588455 0.8937465
vn 0.2881642 -0.5966955 0.7489431
vn 0.2846697 -0.7887039 0.5448938
vn 0.2586111 -0.9192990 0.2966641
vn -0.2891673 0.9128276 0.2883192
vn -0.3407845 0.7768323 0.5295257
vn -0.3653015 0.5803820 0.7278128
vn -0.3611913 0.3393958 0.8685340
vn -0.3290739 0.0725924 0.9415098
vn -0.2714881 -0.1996318 0.9415102
vn -0.1928221 -0.4565787 0.8685364
vn -0.0989748 -0.6785870 0.7278212
vn 0.0030015 -0.8482861 0.5295298
vn 0.1052459 -0.9517391 0.2882986
vn -0.4178741 0.8856028 0.2027042
vn -0.5771783 0.7268221 0.3722834
vn -0.6902069 0.5116691 0.5116729
vn -0.7489495 0.2573721 0.6106016
vn -0.7494103 -0.0163307 0.6619044
vn -0.6918180 -0.2885478 0.6619124
vn -0.5805695 -0.5386048 0.6106094
vn -0.4238959 -0.7473308 0.5116727
vn -0.2333994 -0.8983001 0.3722654
vn -0.0234456 -0.9789592 0.2027046
vn -0.4874693 0.8708812 0.0627673
vn -0.7049885 0.6997897 0.1152631
vn -0.8658836 0.4744965 0.1584256
vn -0.9585833 0.2130161 0.1890561
vn -0.9766522 -0.0644015 0.2049461
vn -0.9190656 -0.3366250 0.2049441
vn -0.7902016 -0.5829549 0.1890635
vn -0.5995592 -0.7844920 0.1584331
vn -0.3612123 -0.9253316 0.1152695
vn -0.0930347 -0.9936828 0.0627615
vn -0.4792793 0.8726126 -0.0940137
vn -0.6899519 0.7029690 -0.1726297
vn -0.8452102 0.4788791 -0.2372648
vn -0.9339200 0.2182307 -0.2831408
vn -0.9499167 -0.0587498 -0.3069313
vn -0.8923346 -0.3309498 -0.3069383
vn -0.7655474 -0.5777279 -0.2831390
vn -0.5788801 -0.7801276 -0.2372737
vn -0.3461822 -0.9221492 -0.1726230
vn -0.0848488 -0.9919501 -0.0939984
vn -0.3955280 0.8903268 -0.2255564
vn -0.5361077 0.7355205 -0.4142440
vn -0.6337622 0.5235946 -0.5693805
vn -0.6815703 0.2716097 -0.6794778
vn -0.6763679 -0.0008750 -0.7365634
vn -0.6187874 -0.2730858 -0.7365638
vn -0.5131902 -0.5243547 -0.6794763
vn -0.3674286 -0.7353857 -0.5693892
vn -0.1923328 -0.8896061 -0.4142572
vn -0.0010808 -0.9742302 -0.2255536
vn -0.2586026 0.9192989 -0.2966719
vn -0.2846679 0.7887091 -0.5448872
vn -0.2881602 0.5966933 -0.7489464
vn -0.2691559 0.3588468 -0.8937472
vn -0.2293000 0.0936928 -0.9688360
vn -0.1717204 -0.1785289 -0.9688341
vn -0.1007864 -0.4371078 -0.8937443
vn -0.0218407 -0.6622764 -0.7489413
vn 0.0591219 -0.8364212 -0.5448891
vn 0.1358158 -0.9452719 -0.2966735
vn -0.1052595 0.9517356 -0.2883050
vn -0.0029980 0.8482873 -0.5295277
vn 0.0989773 0.6785858 -0.7278219
vn 0.1928206 0.4565794 -0.8685364
vn 0.2714878 0.1996323 -0.9415101
vn 0.3290752 -0.0725938 -0.9415092
vn 0.3611923 -0.3393880 -0.8685366
vn 0.3652994 -0.5803890 -0.7278083
vn 0.3407835 -0.7768326 -0.5295259
vn 0.2891805 -0.9128241 -0.2883173
vn 0.0234444 0.9789608 -0.2026969
vn 0.2333995 0.8982975 -0.3722717
vn 0.4238949 0.7473303 -0.5116742
vn 0.5805703 0.5386052 -0.6106083
vn 0.6918180 0.2885489 -0.6619119
vn 0.7494093 0.0163292 -0.6619056
vn 0.7489521 -0.2573705 -0.6105990
vn 0.6902147 -0.5116681 -0.5116634
vn 0.5771791 -0.7268222 -0.3722819
vn 0.4178683 -0.8856029 -0.2027155
vn 0.0971015 0.9952745 -0.0000012
vn 0.3929207 0.9191011 0.0294358
vn 0.6323405 0.7728012 0.0540717
vn 0.8207678 0.5664049 0.0743352
vn 0.9444088 0.3165801 0.0887081
vn 0.9944472 0.0427600 0.0961575
vn 0.9674309 -0.2341607 0.0961570
vn 0.8654062 -0.4931559 0.0887091
vn 0.6958172 -0.7143620 0.0743326
vn 0.4710546 -0.8804448 0.0540794
vn 0.2078528 -0.9777168 0.0294474
vn -0.0971015 -0.9952745 0.0000012
vn 0.3380197 0.9244588 0.1764045
vn 0.5315201 0.7826332 0.3239932
vn 0.6821860 0.5799250 0.4453193
vn 0.7790345 0.3327198 0.5314158
vn 0.8151767 0.0602511 0.5760701
vn 0.7881552 -0.2166783 0.5760746
vn 0.7000325 -0.4770157 0.5314232
vn 0.5572401 -0.7008392 0.4453178
vn 0.3702199 -0.8706119 0.3239941
vn 0.1529629 -0.9723584 0.1764131
vn 0.2173432 0.9362311 0.2761037
vn 0.3098820 0.8042624 0.5070849
vn 0.3775558 0.6096494 0.6969786
vn 0.4154976 0.3681778 0.8317493
vn 0.4210952 0.0986882 0.9016316
vn 0.3940843 -0.1782230 0.9016286
vn 0.3365023 -0.4415428 0.8317488
vn 0.2525969 -0.6711280 0.6969806
vn 0.1485820 -0.8489889 0.5070909
vn 0.0322910 -0.9605849 0.2761048
vn 0.0632273 0.9512698 0.3018081
vn 0.0268154 0.8318754 0.5543142
vn -0.0115062 0.6476044 0.7618898
vn -0.0487888 0.4134731 0.9092083
vn -0.0821901 0.1477922 0.9855974
vn -0.1092068 -0.1291185 0.9855974
vn -0.1277814 -0.3962516 0.9092066
vn -0.1364578 -0.6331742 0.7618856
vn -0.1344659 -0.8213720 0.5543167
vn -0.1218367 -0.9455493 0.3018150
vn -0.0830516 0.9655381 0.2466547
vn -0.2418120 0.8580824 0.4530138
vn -0.3807411 0.6836259 0.6226491
vn -0.4894144 0.4564659 0.7430427
vn -0.5598380 0.1943962 0.8054760
vn -0.5868584 -0.0825303 0.8054725
vn -0.5684102 -0.3532710 0.7430407
vn -0.5056905 -0.5971410 0.6226555
vn -0.4031045 -0.7951640 0.4530133
vn -0.2681011 -0.9312810 0.2466527
vn -0.1822653 0.9752188 0.1254098
vn -0.4240537 0.8758594 0.2303231
vn -0.6312163 0.7080603 0.3165701
vn -0.7883191 0.4856290 0.3777797
vn -0.8838609 0.2260045 0.4095264
vn -0.9108788 -0.0509183 0.4095206
vn -0.8673153 -0.3241074 0.3777812
vn -0.7561679 -0.5727061 0.3165718
vn -0.5853447 -0.7773845 0.2303150
vn -0.3673261 -0.9216000 0.1253995
vn -0.2078526 0.9777167 -0.0294514
vn -0.4710564 0.8804437 -0.0540805
vn -0.6958138 0.7143657 -0.0743290
vn -0.8654093 0.4931509 -0.0887071
vn -0.9674303 0.2341632 -0.0961567
vn -0.9944474 -0.0427599 -0.0961560
vn -0.9444093 -0.3165796 -0.0887043
vn -0.8207666 -0.5664067 -0.0743344
vn -0.6323405 -0.7728008 -0.0540779
vn -0.3929227 -0.9191002 -0.0294384
vn -0.1529652 0.9723594 -0.1764051
vn -0.3702238 0.8706097 -0.3239957
vn -0.5572340 0.7008415 -0.4453218
vn -0.7000328 0.4770147 -0.5314236
vn -0.7881568 0.2166783 -0.5760724
vn -0.8151749 -0.0602526 -0.5760725
vn -0.7790321 -0.3327176 -0.5314207
vn -0.6821857 -0.5799266 -0.4453177
vn -0.5315255 -0.7826323 -0.3239865
vn -0.3380229 -0.9244585 -0.1764003
vn -0.0322815 0.9605844 -0.2761077
vn -0.1485836 0.8489878 -0.5070923
vn -0.2525995 0.6711273 -0.6969804
vn -0.3365006 0.4415462 -0.8317477
vn -0.3940836 0.1782212 -0.9016292
vn -0.4210979 -0.0986894 -0.9016301
vn -0.4155017 -0.3681755 -0.8317483
vn -0.3775544 -0.6096498 -0.6969791
vn -0.3098765 -0.8042627 -0.5070878
vn -0.2173400 -0.9362319 -0.2761035
vn 0.1218344 0.9455482 -0.3018194
vn 0.1344620 0.8213755 -0.5543125
vn 0.1364535 0.6331730 -0.7618874
vn 0.1277829 0.3962496 -0.9092072
vn 0.1092095 0.1291198 -0.9855970
vn 0.0821893 -0.1477898 -0.9855978
vn 0.0487881 -0.4134753 -0.9092073
vn 0.0115058 -0.6476043 -0.7618900
vn -0.0268198 -0.8318759 -0.5543133
vn -0.0632241 -0.9512692 -0.3018106
vn 0.2680996 0.9312809 -0.2466545
vn 0.4031088 0.7951642 -0.4530091
vn 0.5056947 0.5971407 -0.6226523
vn 0.5684087 0.3532693 -0.7430426
vn 0.5868561 0.0825318 -0.8054740
vn 0.5598399 -0.1943951 -0.8054749
vn 0.4894147 -0.4564664 -0.7430422
vn 0.3807399 -0.6836281 -0.6226474
vn 0.2418186 -0.8580815 -0.4530121
vn 0.0830450 -0.9655377 -0.2466585
vn 0.3673256 0.9216002 -0.1253988
vn 0.5853465 0.7773824 -0.2303173
vn 0.7561657 0.5727082 -0.3165734
vn 0.8673145 0.3241085 -0.3777820
vn 0.9108788 0.0509169 -0.4095208
vn 0.8838604 -0.2260033 -0.4095281
vn 0.7883189 -0.4856291 -0.3777800
vn 0.6312140 -0.7080628 -0.3165690
vn 0.4240546 -0.8758572 -0.2303297
vn 0.1822661 -0.9752195 -0.1254035
vn -0.0971015 0.9952745 -0.0000012
vn 0.2078528 0.9777168 -0.0294474
vn 0.4710546 0.8804448 -0.0540794
vn 0.6958172 0.7143620 -0.0743326
vn 0.8654062 0.4931559 -0.0887091
vn 0.9674309 0.2341607 -0.0961570
vn 0.9944472 -0.0427600 -0.0961575
vn 0.9444088 -0.3165801 -0.0887081
vn 0.8207678 -0.5664049 -0.0743352
vn 0.6323405 -0.7728012 -0.0540717
vn 0.3929207 -0.9191011 -0.0294358
vn 0.0971015 -0.9952745 0.0000012
vn 0.1822661 0.9752195 0.1254035
vn 0.4240546 0.8758572 0.2303297
vn 0.6312140 0.7080628 0.3165690
vn 0.7883189 0.4856291 0.3777800
vn 0.8838604 0.2260033 0.4095281
vn 0.9108788 -0.0509169 0.4095208
vn 0.8673145 -0.3241085 0.3777820
vn 0.7561657 -0.5727082 0.3165734
vn 0.5853465 -0.7773824 0.2303173
vn 0.3673256 -0.9216002 0.1253988
vn 0.0830450 0.9655377 0.2466585
vn 0.2418186 0.8580815 0.4530121
vn 0.3807399 0.6836281 0.6226474
vn 0.4894147 0.4564664 0.7430422
vn 0.5598399 0.1943951 0.8054749
vn 0.5868561 -0.0825318 0.8054740
vn 0.5684087 -0.3532693 0.7430426
vn 0.5056947 -0.5971407 0.6226523
vn 0.4031088 -0.7951642 0.4530091
vn 0.2680996 -0.9312809 0.2466545
vn -0.0632241 0.9512692 0.3018106
vn -0.0268198 0.8318759 0.5543133
vn 0.0115058 0.6476043 0.7618900
vn 0.0487881 0.4134753 0.9092073
vn 0.0821893 0.1477898 0.9855978
vn 0.1092095 -0.1291198 0.9855970
vn 0.1277829 -0.3962496 0.9092072
vn 0.1364535 -0.6331730 0.7618874
vn 0.1344620 -0.8213755 0.5543125
vn 0.1218344 -0.9455482 0.3018194
vn -0.2173400 0.9362319 0.2761035
vn -0.3098765 0.8042627 0.5070878
vn -0.3775544 0.6096498 0.6969791
vn -0.4155017 0.3681755 0.8317483
vn -0.4210979 0.0986894 0.9016301
vn -0.3940836 -0.1782212 0.9016292
vn -0.3365006 -0.4415462 0.8317477
vn -0.2525995 -0.6711273 0.6969804
vn -0.1485836 -0.8489878 0.5070923
vn -0.0322815 -0.9605844 0.2761077
vn -0.3380229 0.9244585 0.1764003
vn -0.5315255 0.7826323 0.3239865
vn -0.6821857 0.5799266 0.4453177
vn -0.7790321 0.3327176 0.5314207
vn -0.8151749 0.0602526 0.5760725
vn -0.7881568 -0.2166783 0.5760724
vn -0.7000328 -0.4770147 0.5314236
vn -0.5572340 -0.7008415 0.4453218
vn -0.3702238 -0.8706097 0.3239957
vn -0.1529652 -0.9723594 0.1764051
vn -0.3929227 0.9191002 0.0294384
vn -0.6323405 0.7728008 0.0540779
vn -0.8207666 0.5664067 0.0743344
vn -0.9444093 0.3165796 0.0887043
vn -0.9944474 0.0427599 0.0961560
vn -0.9674303 -0.2341632 0.0961567
vn -0.8654093 -0.4931509 0.0887071
vn -0.6958138 -0.7143657 0.0743290
vn -0.4710564 -0.8804437 0.0540805
vn -0.2078526 -0.9777167 0.0294514
vn -0.3673261 0.9216000 -0.1253995
vn -0.5853447 0.7773845 -0.2303150
vn -0.7561679 0.5727061 -0.3165718
vn -0.8673153 0.3241074 -0.3777812
vn -0.9108788 0.0509183 -0.4095206
vn -0.8838609 -0.2260045 -0.4095264
vn -0.7883191 -0.4856290 -0.3777797
vn -0.6312163 -0.7080603 -0.3165701
vn -0.4240537 -0.8758594 -0.2303231
vn -0.1822653 -0.9752188 -0.1254098
vn -0.2681011 0.9312810 -0.2466527
vn -0.4031045 0.7951640 -0.4530133
vn -0.5056905 0.5971410 -0.6226555
vn -0.5684102 0.3532710 -0.7430407
vn -0.5868584 0.0825303 -0.8054725
vn -0.5598380 -0.1943962 -0.8054760
vn -0.4894144 -0.4564659 -0.7430427
vn -0.3807411 -0.6836259 -0.6226491
vn -0.2418120 -0.8580824 -0.4530138
vn -0.0830516 -0.9655381 -0.2466547
vn -0.1218367 0.9455493 -0.3018150
vn -0.1344659 0.8213720 -0.5543167
vn -0.1364578 0.6331742 -0.7618856
vn -0.1277814 0.3962516 -0.9092066
vn -0.1092068 0.1291185 -0.9855974
vn -0.0821901 -0.1477922 -0.9855974
vn -0.0487888 -0.4134731 -0.9092083
vn -0.0115062 -0.6476044 -0.7618898
vn 0.0268154 -0.8318754 -0.5543142
vn 0.0632273 -0.9512698 -0.3018081
vn 0.0322910 0.9605849 -0.2761048
vn 0.1485820 0.8489889 -0.5070909
vn 0.2525969 0.6711280 -0.6969806
vn 0.3365023 0.4415428 -0.8317488
vn 0.3940843 0.1782230 -0.9016286
vn 0.4210952 -0.0986882 -0.9016316
vn 0.4154976 -0.3681778 -0.8317493
vn 0.3775558 -0.6096494 -0.6969786
vn 0.3098820 -0.8042624 -0.5070849
vn 0.2173432 -0.9362311 -0.2761037
vn 0.1529629 0.9723584 -0.1764131
vn 0.3702199 0.8706119 -0.3239941
vn 0.5572401 0.7008392 -0.4453178
vn 0.7000325 0.4770157 -0.5314232
vn 0.7881552 0.2166783 -0.5760746
vn 0.8151767 -0.0602511 -0.5760701
vn 0.7790345 -0.3327198 -0.5314158
vn 0.6821860 -0.5799250 -0.4453193
vn 0.5315201 -0.7826332 -0.3239932
vn 0.3380197 -0.9244588 -0.1764045
vn 0.0000000 1.0000000 0.0000000
vn 0.3032555 0.9529093 0.0000018
vn 0.5569472 0.8305479 0.0000002
vn 0.7654992 0.6434368 -0.0000041
vn 0.9135230 0.4067870 -0.0000001
vn 0.9902771 0.1391085 0.0000017
vn 0.9902771 -0.1391085 -0.0000017
vn 0.9135230 -0.4067870 0.0000001
vn 0.7654992 -0.6434368 0.0000041
vn 0.5569472 -0.8305479 -0.0000002
vn 0.3032555 -0.9529093 -0.0000018
vn 0.0000000 -1.0000000 0.0000000
vn 0.2626252 0.9529101 0.1516257
vn 0.4823303 0.8305494 0.2784691
vn 0.6629475 0.6434308 0.3827498
vn 0.7911332 0.4067843 0.4567655
vn 0.8576054 0.1391151 0.4951363
vn 0.8576047 -0.1391135 0.4951380
vn 0.7911318 -0.4067881 0.4567646
vn 0.6629511 -0.6434286 0.3827472
vn 0.4823309 -0.8305489 0.2784697
vn 0.2626232 -0.9529105 0.1516266
vn 0.1516266 0.9529105 0.2626232
vn 0.2784697 0.8305489 0.4823309
vn 0.3827472 0.6434286 0.6629511
vn 0.4567646 0.4067881 0.7911318
vn 0.4951380 0.1391135 0.8576047
vn 0.4951363 -0.1391151 0.8576054
vn 0.4567655 -0.4067843 0.7911332
vn 0.3827498 -0.6434308 0.6629475
vn 0.2784691 -0.8305494 0.4823303
vn 0.1516257 -0.9529101 0.2626252
vn -0.0000018 0.9529093 0.3032555
vn -0.0000002 0.8305479 0.5569472
vn 0.0000041 0.6434368 0.7654992
vn 0.0000001 0.4067870 0.9135230
vn -0.0000017 0.1391085 0.9902771
vn 0.0000017 -0.1391085 0.9902771
vn -0.0000001 -0.4067870 0.9135230
vn -0.0000041 -0.6434368 0.7654992
vn 0.0000002 -0.8305479 0.5569472
vn 0.0000018 -0.9529093 0.3032555
vn -0.1516257 0.9529101 0.2626252
vn -0.2784691 0.8305494 0.4823303
vn -0.3827498 0.6434308 0.6629475
vn -0.4567655 0.4067843 0.7911332
vn -0.4951363 0.1391151 0.8576054
vn -0.4951380 -0.1391135 0.8576047
vn -0.4567646 -0.4067881 0.7911318
vn -0.3827472 -0.6434286 0.6629511
vn -0.2784697 -0.8305489 0.4823309
vn -0.1516266 -0.9529105 0.2626232
vn -0.2626232 0.9529105 0.1516266
vn -0.4823309 0.8305489 0.2784697
vn -0.6629511 0.6434286 0.3827472
vn -0.7911318 0.4067881 0.4567646
vn -0.8576047 0.1391135 0.4951380
vn -0.8576054 -0.1391151 0.4951363
vn -0.7911332 -0.4067843 0.4567655
vn -0.6629475 -0.6434308 0.3827498
vn -0.4823303 -0.8305494 0.2784691
vn -0.2626252 -0.9529101 0.1516257
vn -0.3032555 0.9529093 -0.0000018
vn -0.5569472 0.8305479 -0.0000002
vn -0.7654992 0.6434368 0.0000041
vn -0.9135230 0.4067870 0.0000001
vn -0.9902771 0.1391085 -0.0000017
vn -0.9902771 -0.1391085 0.0000017
vn -0.9135230 -0.4067870 -0.0000001
vn -0.7654992 -0.6434368 -0.0000041
vn -0.5569472 -0.8305479 0.0000002
vn -0.3032555 -0.9529093 0.0000018
vn -0.2626252 0.9529101 -0.1516257
vn -0.4823303 0.8305494 -0.2784691
vn -0.6629475 0.6434308 -0.3827498
vn -0.7911332 0.4067843 -0.4567655
vn -0.8576054 0.1391151 -0.4951363
vn -0.8576047 -0.1391135 -0.4951380
vn -0.7911318 -0.4067881 -0.4567646
vn -0.6629511 -0.6434286 -0.3827472
vn -0.4823309 -0.8305489 -0.2784697
vn -0.2626232 -0.9529105 -0.1516266
vn -0.1516266 0.9529105 -0.2626232
vn -0.2784697 0.8305489 -0.4823309
vn -0.3827472 0.6434286 -0.6629511
vn -0.4567646 0.4067881 -0.7911318
vn -0.4951380 0.1391135 -0.8576047
vn -0.4951363 -0.1391151 -0.8576054
vn -0.4567655 -0.4067843 -0.7911332
vn -0.3827498 -0.6434308 -0.6629475
vn -0.2784691 -0.8305494 -0.4823303
vn -0.1516257 -0.9529101 -0.2626252
vn 0.0000018 0.9529093 -0.3032555
vn 0.0000002 0.8305479 -0.5569472
vn -0.0000041 0.6434368 -0.7654992
vn -0.0000001 0.4067870 -0.9135230
vn 0.0000017 0.1391085 -0.9902771
vn -0.0000017 -0.1391085 -0.9902771
vn 0.0000001 -0.4067870 -0.9135230
vn 0.0000041 -0.6434368 -0.7654992
vn -0.0000002 -0.8305479 -0.5569472
vn -0.0000018 -0.9529093 -0.3032555
vn 0.1516257 0.9529101 -0.2626252
vn 0.2784691 0.8305494 -0.4823303
vn 0.3827498 0.6434308 -0.6629475
vn 0.4567655 0.4067843 -0.7911332
vn 0.4951363 0.1391151 -0.8576054
vn 0.4951380 -0.1391135 -0.8576047
vn 0.4567646 -0.4067881 -0.7911318
vn 0.3827472 -0.6434286 -0.6629511
vn 0.2784697 -0.8305489 -0.4823309
vn 0.1516266 -0.9529105 -0.2626232
vn 0.2626232 0.9529105 -0.1516266
vn 0.4823309 0.8305489 -0.2784697
vn 0.6629511 0.6434286 -0.3827472
vn 0.7911318 0.4067881 -0.4567646
vn 0.8576047 0.1391135 -0.4951380
vn 0.8576054 -0.1391151 -0.4951363
vn 0.7911332 -0.4067843 -0.4567655
vn 0.6629475 -0.6434308 -0.3827498
vn 0.4823303 -0.8305494 -0.2784691
vn 0.2626252 -0.9529101 -0.1516257
vn 0.0000000 1.0000000 0.0000000
vn 0.3032555 0.9529093 0.0000018
vn 0.5569472 0.8305479 0.0000002
vn 0.7654992 0.6434368 -0.0000041
vn 0.9135230 0.4067870 -0.0000001
vn 0.9902771 0.1391085 0.0000017
vn 0.9902771 -0.1391085 -0.0000017
vn 0.9135230 -0.4067870 0.0000001
vn 0.7654992 -0.6434368 0.0000041
vn 0.5569472 -0.8305479 -0.0000002
vn 0.3032555 -0.9529093 -0.0000018
vn 0.0000000 -1.0000000 0.0000000
vn 0.2626252 0.9529101 0.1516257
vn 0.4823303 0.8305494 0.2784691
vn 0.6629475 0.6434308 0.3827498
vn 0.7911332 0.4067843 0.4567655
vn 0.8576054 0.1391151 0.4951363
vn 0.8576047 -0.1391135 0.4951380
vn 0.7911318 -0.4067881 0.4567646
vn 0.6629511 -0.6434286 0.3827472
vn 0.4823309 -0.8305489 0.2784697
vn 0.2626232 -0.9529105 0.1516266
vn 0.1516266 0.9529105 0.2626232
vn 0.2784697 0.8305489 0.4823309
vn 0.3827472 0.6434286 0.6629511
vn 0.4567646 0.4067881 0.7911318
vn 0.4951380 0.1391135 0.8576047
vn 0.4951363 -0.1391151 0.8576054
vn 0.4567655 -0.4067843 0.7911332
vn 0.3827498 -0.6434308 0.6629475
vn 0.2784691 -0.8305494 0.4823303
vn 0.1516257 -0.9529101 0.2626252
vn -0.0000018 0.9529093 0.3032555
vn -0.0000002 0.8305479 0.5569472
vn 0.0000041 0.6434368 0.7654992
vn 0.0000001 0.4067870 0.9135230
vn -0.0000017 0.1391085 0.9902771
vn 0.0000017 -0.1391085 0.9902771
vn -0.0000001 -0.4067870 0.9135230
vn -0.0000041 -0.6434368 0.7654992
vn 0.0000002 -0.8305479 0.5569472
vn 0.0000018 -0.9529093 0.3032555
vn -0.1516257 0.9529101 0.2626252
vn -0.2784691 0.8305494 0.4823303
vn -0.3827498 0.6434308 0.6629475
vn -0.4567655 0.4067843 0.7911332
vn -0.4951363 0.1391151 0.8576054
vn -0.4951380 -0.1391135 0.8576047
vn -0.4567646 -0.4067881 0.7911318
vn -0.3827472 -0.6434286 0.6629511
vn -0.2784697 -0.8305489 0.4823309
vn -0.1516266 -0.9529105 0.2626232
vn -0.2626232 0.9529105 0.1516266
vn -0.4823309 0.8305489 0.2784697
vn -0.6629511 0.6434286 0.3827472
vn -0.7911318 0.4067881 0.4567646
vn -0.8576047 0.1391135 0.4951380
vn -0.8576054 -0.1391151 0.4951363
vn -0.7911332 -0.4067843 0.4567655
vn -0.6629475 -0.6434308 0.3827498
vn -0.4823303 -0.8305494 0.2784691
vn -0.2626252 -0.9529101 0.1516257
vn -0.3032555 0.9529093 -0.0000018
vn -0.5569472 0.8305479 -0.0000002
vn -0.7654992 0.6434368 0.0000041
vn -0.9135230 0.4067870 0.0000001
vn -0.9902771 0.1391085 -0.0000017
vn -0.9902771 -0.1391085 0.0000017
vn -0.9135230 -0.4067870 -0.0000001
vn -0.7654992 -0.6434368 -0.0000041
vn -0.5569472 -0.8305479 0.0000002
vn -0.3032555 -0.9529093 0.0000018
vn -0.2626252 0.9529101 -0.1516257
vn -0.4823303 0.8305494 -0.2784691
vn -0.6629475 0.6434308 -0.3827498
vn -0.7911332 0.4067843 -0.4567655
vn -0.8576054 0.1391151 -0.4951363
vn -0.8576047 -0.1391135 -0.4951380
vn -0.7911318 -0.4067881 -0.4567646
vn -0.6629511 -0.6434286 -0.3827472
vn -0.4823309 -0.8305489 -0.2784697
vn -0.2626232 -0.9529105 -0.1516266
vn -0.1516266 0.9529105 -0.2626232
vn -0.2784697 0.8305489 -0.4823309
vn -0.3827472 0.6434286 -0.6629511
vn -0.4567646 0.4067881 -0.7911318
vn -0.4951380 0.1391135 -0.8576047
vn -0.4951363 -0.1391151 -0.8576054
vn -0.4567655 -0.4067843 -0.7911332
vn -0.3827498 -0.6434308 -0.6629475
vn -0.2784691 -0.8305494 -0.4823303
vn -0.1516257 -0.9529101 -0.2626252
vn 0.0000018 0.9529093 -0.3032555
vn 0.0000002 0.8305479 -0.5569472
vn -0.0000041 0.6434368 -0.7654992
vn -0.0000001 0.4067870 -0.9135230
vn 0.0000017 0.1391085 -0.9902771
vn -0.0000017 -0.1391085 -0.9902771
vn 0.0000001 -0.4067870 -0.9135230
vn 0.0000041 -0.6434368 -0.7654992
vn -0.0000002 -0.8305479 -0.5569472
vn -0.0000018 -0.9529093 -0.3032555
vn 0.1516257 0.9529101 -0.2626252
vn 0.2784691 0.8305494 -0.4823303
vn 0.3827498 0.6434308 -0.6629475
vn 0.4567655 0.4067843 -0.7911332
vn 0.4951363 0.1391151 -0.8576054
vn 0.4951380 -0.1391135 -0.8576047
vn 0.4567646 -0.4067881 -0.7911318
vn 0.3827472 -0.6434286 -0.6629511
vn 0.2784697 -0.8305489 -0.4823309
vn 0.1516266 -0.9529105 -0.2626232
vn 0.2626232 0.9529105 -0.1516266
vn 0.4823309 0.8305489 -0.2784697
vn 0.6629511 0.6434286 -0.3827472
vn 0.7911318 0.4067881 -0.4567646
vn 0.8576047 0.1391135 -0.4951380
vn 0.8576054 -0.1391151 -0.4951363
vn 0.7911332 -0.4067843 -0.4567655
vn 0.6629475 -0.6434308 -0.3827498
vn 0.4823303 -0.8305494 -0.2784691
vn 0.2626252 -0.9529101 -0.1516257
vn -0.0000000 1.0000000 -0.0000000
vn 0.3032455 0.9529125 -0.0000005
vn 0.5569589 0.8305401 0.0000028
vn 0.7655119 0.6434218 -0.0000022
vn 0.9135192 0.4067957 -0.0000019
vn 0.9902758 0.1391182 0.0000001
vn 0.9902758 -0.1391182 -0.0000001
vn 0.9135192 -0.4067957 0.0000019
vn 0.7655119 -0.6434218 0.0000022
vn 0.5569589 -0.8305401 -0.0000028
vn 0.3032455 -0.9529125 0.0000005
vn -0.0000000 -1.0000000 0.0000000
vn 0.2626190 0.9529123 0.1516227
vn 0.4823370 0.8305438 0.2784745
vn 0.6629563 0.6434179 0.3827563
vn 0.7911352 0.4067881 0.4567587
vn 0.8576029 0.1391209 0.4951390
vn 0.8576029 -0.1391209 0.4951391
vn 0.7911354 -0.4067902 0.4567566
vn 0.6629597 -0.6434147 0.3827558
vn 0.4823339 -0.8305451 0.2784759
vn 0.2626196 -0.9529122 0.1516225
vn 0.1516225 0.9529122 0.2626196
vn 0.2784759 0.8305451 0.4823339
vn 0.3827558 0.6434147 0.6629597
vn 0.4567566 0.4067902 0.7911354
vn 0.4951391 0.1391209 0.8576029
vn 0.4951390 -0.1391209 0.8576029
vn 0.4567587 -0.4067881 0.7911352
vn 0.3827563 -0.6434179 0.6629563
vn 0.2784745 -0.8305438 0.4823370
vn 0.1516227 -0.9529123 0.2626190
vn 0.0000005 0.9529125 0.3032455
vn -0.0000028 0.8305401 0.5569589
vn 0.0000022 0.6434218 0.7655119
vn 0.0000019 0.4067957 0.9135192
vn -0.0000001 0.1391182 0.9902758
vn 0.0000001 -0.1391182 0.9902758
vn -0.0000019 -0.4067957 0.9135192
vn -0.0000022 -0.6434218 0.7655119
vn 0.0000028 -0.8305401 0.5569589
vn -0.0000005 -0.9529125 0.3032455
vn -0.1516227 0.9529123 0.2626190
vn -0.2784745 0.8305438 0.4823370
vn -0.3827563 0.6434179 0.6629563
vn -0.4567587 0.4067881 0.7911352
vn -0.4951390 0.1391209 0.8576029
vn -0.4951391 -0.1391209 0.8576029
vn -0.4567566 -0.4067902 0.7911354
vn -0.3827558 -0.6434147 0.6629597
vn -0.2784759 -0.8305451 0.4823339
vn -0.1516225 -0.9529122 0.2626196
vn -0.2626196 0.9529122 0.1516225
vn -0.4823339 0.8305451 0.2784759
vn -0.6629597 0.6434147 0.3827558
vn -0.7911354 0.4067902 0.4567566
vn -0.8576029 0.1391209 0.4951391
vn -0.8576029 -0.1391209 0.4951390
vn -0.7911352 -0.4067881 0.4567587
vn -0.6629563 -0.6434179 0.3827563
vn -0.4823370 -0.8305438 0.2784745
vn -0.2626190 -0.9529123 0.1516227
vn -0.3032455 0.9529125 0.0000005
vn -0.5569589 0.8305401 -0.0000028
vn -0.7655119 0.6434218 0.0000022
vn -0.9135192 0.4067957 0.0000019
vn -0.9902758 0.1391182 -0.0000001
vn -0.9902758 -0.1391182 0.0000001
vn -0.9135192 -0.4067957 -0.0000019
vn -0.7655119 -0.6434218 -0.0000022
vn -0.5569589 -0.8305401 0.0000028
vn -0.3032455 -0.9529125 -0.0000005
vn -0.2626190 0.9529123 -0.1516227
vn -0.4823370 0.8305438 -0.2784745
vn -0.6629563 0.6434179 -0.3827563
vn -0.7911352 0.4067881 -0.4567587
vn -0.8576029 0.1391209 -0.4951390
vn -0.8576029 -0.1391209 -0.4951391
vn -0.7911354 -0.4067902 -0.4567566
vn -0.6629597 -0.6434147 -0.3827558
vn -0.4823339 -0.8305451 -0.2784759
vn -0.2626196 -0.9529122 -0.1516225
vn -0.1516225 0.9529122 -0.2626196
vn -0.2784759 0.8305451 -0.4823339
vn -0.3827558 0.6434147 -0.6629597
vn -0.4567566 0.4067902 -0.7911354
vn -0.4951391 0.1391209 -0.8576029
vn -0.4951390 -0.1391209 -0.8576029
vn -0.4567587 -0.4067881 -0.7911352
vn -0.3827563 -0.6434179 -0.6629563
vn -0.2784745 -0.8305438 -0.4823370
vn -0.1516227 -0.9529123 -0.2626190
vn -0.0000005 0.9529125 -0.3032455
vn 0.0000028 0.8305401 -0.5569589
vn -0.0000022 0.6434218 -0.7655119
vn -0.0000019 0.4067957 -0.9135192
vn 0.0000001 0.1391182 -0.9902758
vn -0.0000001 -0.1391182 -0.9902758
vn 0.0000019 -0.4067957 -0.9135192
vn 0.0000022 -0.6434218 -0.7655119
vn -0.0000028 -0.8305401 -0.5569589
vn 0.0000005 -0.9529125 -0.3032455
vn 0.1516227 0.9529123 -0.2626190
vn 0.2784745 0.8305438 -0.4823370
vn 0.3827563 0.6434179 -0.6629563
vn 0.4567587 0.4067881 -0.7911352
vn 0.4951390 0.1391209 -0.8576029
vn 0.4951391 -0.1391209 -0.8576029
vn 0.4567566 -0.4067902 -0.7911354
vn 0.3827558 -0.6434147 -0.6629597
vn 0.2784759 -0.8305451 -0.4823339
vn 0.1516225 -0.9529122 -0.2626196
vn 0.2626196 0.9529122 -0.1516225
vn 0.4823339 0.8305451 -0.2784759
vn 0.6629597 0.6434147 -0.3827558
vn 0.7911354 0.4067902 -0.4567566
vn 0.8576029 0.1391209 -0.4951391
vn 0.8576029 -0.1391209 -0.4951390
vn 0.7911352 -0.4067881 -0.4567587
vn 0.6629563 -0.6434179 -0.3827563
vn 0.4823370 -0.8305438 -0.2784745
vn 0.2626190 -0.9529123 -0.1516227
vn 0.0000000 1.0000000 0.0000000
vn 0.3032455 0.9529125 -0.0000005
vn 0.5569589 0.8305401 0.0000028
vn 0.7655119 0.6434218 -0.0000022
vn 0.9135192 0.4067957 -0.0000019
vn 0.9902758 0.1391182 0.0000001
vn 0.9902758 -0.1391182 -0.0000001
vn 0.9135192 -0.4067957 0.0000019
vn 0.7655119 -0.6434218 0.0000022
vn 0.5569589 -0.8305401 -0.0000028
vn 0.3032455 -0.9529125 0.0000005
vn 0.0000000 -1.0000000 -0.0000000
vn 0.2626190 0.9529123 0.1516227
vn 0.4823370 0.8305438 0.2784745
vn 0.6629563 0.6434179 0.3827563
vn 0.7911352 0.4067881 0.4567587
vn 0.8576029 0.1391209 0.4951390
vn 0.8576029 -0.1391209 0.4951391
vn 0.7911354 -0.4067902 0.4567566
vn 0.6629597 -0.6434147 0.3827558
vn 0.4823339 -0.8305451 0.2784759
vn 0.2626196 -0.9529122 0.1516225
vn 0.1516225 0.9529122 0.2626196
vn 0.2784759 0.8305451 0.4823339
vn 0.3827558 0.6434147 0.6629597
vn 0.4567566 0.4067902 0.7911354
vn 0.4951391 0.1391209 0.8576029
vn 0.4951390 -0.1391209 0.8576029
vn 0.4567587 -0.4067881 0.7911352
vn 0.3827563 -0.6434179 0.6629563
vn 0.2784745 -0.8305438 0.4823370
vn 0.1516227 -0.9529123 0.2626190
vn 0.0000005 0.9529125 0.3032455
vn -0.0000028 0.8305401 0.5569589
vn 0.0000022 0.6434218 0.7655119
vn 0.0000019 0.4067957 0.9135192
vn -0.0000001 0.1391182 0.9902758
vn 0.0000001 -0.1391182 0.9902758
vn -0.0000019 -0.4067957 0.9135192
vn -0.0000022 -0.6434218 0.7655119
vn 0.0000028 -0.8305401 0.5569589
vn -0.0000005 -0.9529125 0.3032455
vn -0.1516227 0.9529123 0.2626190
vn -0.2784745 0.8305438 0.4823370
vn -0.3827563 0.6434179 0.6629563
vn -0.4567587 0.4067881 0.7911352
vn -0.4951390 0.1391209 0.8576029
vn -0.4951391 -0.1391209 0.8576029
vn -0.4567566 -0.4067902 0.7911354
vn -0.3827558 -0.6434147 0.6629597
vn -0.2784759 -0.8305451 0.4823339
vn -0.1516225 -0.9529122 0.2626196
vn -0.2626196 0.9529122 0.1516225
vn -0.4823339 0.8305451 0.2784759
vn -0.6629597 0.6434147 0.3827558
vn -0.7911354 0.4067902 0.4567566
vn -0.8576029 0.1391209 0.4951391
vn -0.8576029 -0.1391209 0.4951390
vn -0.7911352 -0.4067881 0.4567587
vn -0.6629563 -0.6434179 0.3827563
vn -0.4823370 -0.8305438 0.2784745
vn -0.2626190 -0.9529123 0.1516227
vn -0.3032455 0.9529125 0.0000005
vn -0.5569589 0.8305401 -0.0000028
vn -0.7655119 0.6434218 0.0000022
vn -0.9135192 0.4067957 0.0000019
vn -0.9902758 0.1391182 -0.0000001
vn -0.9902758 -0.1391182 0.0000001
vn -0.9135192 -0.4067957 -0.0000019
vn -0.7655119 -0.6434218 -0.0000022
vn -0.5569589 -0.8305401 0.0000028
vn -0.3032455 -0.9529125 -0.0000005
vn -0.2626190 0.9529123 -0.1516227
vn -0.4823370 0.8305438 -0.2784745
vn -0.6629563 0.6434179 -0.3827563
vn -0.7911352 0.4067881 -0.4567587
vn -0.8576029 0.1391209 -0.4951390
vn -0.8576029 -0.1391209 -0.4951391
vn -0.7911354 -0.4067902 -0.4567566
vn -0.6629597 -0.6434147 -0.3827558
vn -0.4823339 -0.8305451 -0.2784759
vn -0.2626196 -0.9529122 -0.1516225
vn -0.1516225 0.9529122 -0.2626196
vn -0.2784759 0.8305451 -0.4823339
vn -0.3827558 0.6434147 -0.6629597
vn -0.4567566 0.4067902 -0.7911354
vn -0.4951391 0.1391209 -0.8576029
vn -0.4951390 -0.1391209 -0.8576029
vn -0.4567587 -0.4067881 -0.7911352
vn -0.3827563 -0.6434179 -0.6629563
vn -0.2784745 -0.8305438 -0.4823370
vn -0.1516227 -0.9529123 -0.2626190
vn -0.0000005 0.9529125 -0.3032455
vn 0.0000028 0.8305401 -0.5569589
vn -0.0000022 0.6434218 -0.7655119
vn -0.0000019 0.4067957 -0.9135192
vn 0.0000001 0.1391182 -0.9902758
vn -0.0000001 -0.1391182 -0.9902758
vn 0.0000019 -0.4067957 -0.9135192
vn 0.0000022 -0.6434218 -0.7655119
vn -0.0000028 -0.8305401 -0.5569589
vn 0.0000005 -0.9529125 -0.3032455
vn 0.1516227 0.9529123 -0.2626190
vn 0.2784745 0.8305438 -0.4823370
vn 0.3827563 0.6434179 -0.6629563
vn 0.4567587 0.4067881 -0.7911352
vn 0.4951390 0.1391209 -0.8576029
vn 0.4951391 -0.1391209 -0.8576029
vn 0.4567566 -0.4067902 -0.7911354
vn 0.3827558 -0.6434147 -0.6629597
vn 0.2784759 -0.8305451 -0.4823339
vn 0.1516225 -0.9529122 -0.2626196
vn 0.2626196 0.9529122 -0.1516225
vn 0.4823339 0.8305451 -0.2784759
vn 0.6629597 0.6434147 -0.3827558
vn 0.7911354 0.4067902 -0.4567566
vn 0.8576029 0.1391209 -0.4951391
vn 0.8576029 -0.1391209 -0.4951390
vn 0.7911352 -0.4067881 -0.4567587
vn 0.6629563 -0.6434179 -0.3827563
vn 0.4823370 -0.8305438 -0.2784745
vn 0.2626190 -0.9529123 -0.1516227
vn 0.0000000 -0.9701429 -0.2425338
vn 0.3032575 -0.9244568 -0.2311160
vn 0.5569502 -0.8057481 -0.2014357
vn 0.7655099 -0.6242140 -0.1560497
vn 0.9135238 -0.3946393 -0.0986619
vn 0.9902756 -0.1349659 -0.0337401
vn 0.9902756 0.1349659 0.0337401
vn 0.9135238 0.3946393 0.0986619
vn 0.7655099 0.6242140 0.1560497
vn 0.5569502 0.8057481 0.2014357
vn 0.3032575 0.9244568 0.2311160
vn 0.0000000 0.9701429 0.2425338
vn 0.2626282 -0.8876846 -0.3782096
vn 0.4823336 -0.7382087 -0.4715953
vn 0.6629520 -0.5313819 -0.5273783
vn 0.7911344 -0.2838597 -0.5417841
vn 0.8576047 -0.0148745 -0.5140943
vn 0.8576037 0.2550546 -0.4466129
vn 0.7911345 0.5054229 -0.3444618
vn 0.6629504 0.7170455 -0.2152733
vn 0.4823380 0.8732853 -0.0687226
vn 0.2626233 0.9612340 0.0840127
vn 0.1516212 -0.8607629 -0.4858994
vn 0.2784719 -0.6887652 -0.6693698
vn 0.3827513 -0.4634192 -0.7992147
vn 0.4567600 -0.2027660 -0.8661734
vn 0.4951378 0.0730293 -0.8657397
vn 0.4951361 0.3429647 -0.7982578
vn 0.4567590 0.5865244 -0.6688500
vn 0.3827560 0.7850021 -0.4871033
vn 0.2784735 0.9227308 -0.2664967
vn 0.1516215 0.9881552 -0.0236702
vn 0.0000016 -0.8509087 -0.5253137
vn -0.0000011 -0.6706631 -0.7417621
vn 0.0000022 -0.4385487 -0.8987074
vn 0.0000007 -0.1730874 -0.9849065
vn -0.0000008 0.1052087 -0.9944502
vn 0.0000001 0.3751423 -0.9269672
vn 0.0000012 0.6162033 -0.7875871
vn 0.0000007 0.8098776 -0.5865989
vn -0.0000024 0.9408285 -0.3388832
vn 0.0000027 0.9980080 -0.0630877
vn -0.1516234 -0.8607634 -0.4858979
vn -0.2784708 -0.6887646 -0.6693709
vn -0.3827540 -0.4634207 -0.7992125
vn -0.4567597 -0.2027660 -0.8661735
vn -0.4951359 0.0730304 -0.8657407
vn -0.4951361 0.3429644 -0.7982579
vn -0.4567603 0.5865237 -0.6688497
vn -0.3827562 0.7850035 -0.4871008
vn -0.2784727 0.9227301 -0.2664997
vn -0.1516254 0.9881546 -0.0236674
vn -0.2626260 -0.8876842 -0.3782121
vn -0.4823356 -0.7382083 -0.4715940
vn -0.6629512 -0.5313818 -0.5273795
vn -0.7911346 -0.2838612 -0.5417831
vn -0.8576058 -0.0148740 -0.5140924
vn -0.8576035 0.2550539 -0.4466136
vn -0.7911337 0.5054248 -0.3444607
vn -0.6629523 0.7170431 -0.2152753
vn -0.4823334 0.8732879 -0.0687229
vn -0.2626260 0.9612334 0.0840111
vn -0.3032575 -0.9244578 -0.2311119
vn -0.5569495 -0.8057476 -0.2014401
vn -0.7655106 -0.6242132 -0.1560491
vn -0.9135236 -0.3946397 -0.0986620
vn -0.9902756 -0.1349656 -0.0337414
vn -0.9902756 0.1349656 0.0337414
vn -0.9135236 0.3946397 0.0986620
vn -0.7655106 0.6242132 0.1560491
vn -0.5569495 0.8057476 0.2014401
vn -0.3032575 0.9244578 0.2311119
vn -0.2626260 -0.9612334 -0.0840111
vn -0.4823334 -0.8732879 0.0687229
vn -0.6629523 -0.7170431 0.2152753
vn -0.7911337 -0.5054248 0.3444607
vn -0.8576035 -0.2550539 0.4466136
vn -0.8576058 0.0148740 0.5140924
vn -0.7911346 0.2838612 0.5417831
vn -0.6629512 0.5313818 0.5273795
vn -0.4823356 0.7382083 0.4715940
vn -0.2626260 0.8876842 0.3782121
vn -0.1516254 -0.9881546 0.0236674
vn -0.2784727 -0.9227301 0.2664997
vn -0.3827562 -0.7850035 0.4871008
vn -0.4567603 -0.5865237 0.6688497
vn -0.4951361 -0.3429644 0.7982579
vn -0.4951359 -0.0730304 0.8657407
vn -0.4567597 0.2027660 0.8661735
vn -0.3827540 0.4634207 0.7992125
vn -0.2784708 0.6887646 0.6693709
vn -0.1516234 0.8607634 0.4858979
vn 0.0000027 -0.9980080 0.0630877
vn -0.0000024 -0.9408285 0.3388832
vn 0.0000007 -0.8098776 0.5865989
vn 0.0000012 -0.6162033 0.7875871
vn 0.0000001 -0.3751423 0.9269672
vn -0.0000008 -0.1052087 0.9944502
vn 0.0000007 0.1730874 0.9849065
vn 0.0000022 0.4385487 0.8987074
vn -0.0000011 0.6706631 0.7417621
vn 0.0000016 0.8509087 0.5253137
vn 0.1516215 -0.9881552 0.0236702
vn 0.2784735 -0.9227308 0.2664967
vn 0.3827560 -0.7850021 0.4871033
vn 0.4567590 -0.5865244 0.6688500
vn 0.4951361 -0.3429647 0.7982578
vn 0.4951378 -0.0730293 0.8657397
vn 0.4567600 0.2027660 0.8661734
vn 0.3827513 0.4634192 0.7992147
vn 0.2784719 0.6887652 0.6693698
vn 0.1516212 0.8607629 0.4858994
vn 0.2626233 -0.9612340 -0.0840127
vn 0.4823380 -0.8732853 0.0687226
vn 0.6629504 -0.7170455 0.2152733
vn 0.7911345 -0.5054229 0.3444618
vn 0.8576037 -0.2550546 0.4466129
vn 0.8576047 0.0148745 0.5140943
vn 0.7911344 0.2838597 0.5417841
vn 0.6629520 0.5313819 0.5273783
vn 0.4823336 0.7382087 0.4715953
vn 0.2626282 0.8876846 0.3782096
vn 0.9847329 0.1230910 0.1230841
vn 0.9062723 0.0753771 0.4159192
vn 0.7589336 0.0252454 0.6506785
vn 0.5526042 -0.0266156 0.8330187
vn 0.3039160 -0.0762030 0.9496463
vn 0.0322109 -0.1197566 0.9922806
vn -0.2417854 -0.1540026 0.9580308
vn -0.4972472 -0.1763440 0.8494987
vn -0.7146013 -0.1850124 0.6746224
vn -0.8767953 -0.1792187 0.4462181
vn -0.9704482 -0.1592219 0.1813247
vn -0.9847329 -0.1230910 -0.1230841
vn 0.8896125 0.2299992 0.3945756
vn 0.7283393 0.3092147 0.6114803
vn 0.5105495 0.3637045 0.7791394
vn 0.2537210 0.3895878 0.8853514
vn -0.0221996 0.3851668 0.9225799
vn -0.2961819 0.3509149 0.8883327
vn -0.5474193 0.2894408 0.7852109
vn -0.7566540 0.2052999 0.6207469
vn -0.9073980 0.1047611 0.4070062
vn -0.9871113 -0.0045684 0.1599698
vn 0.8860162 0.3544253 0.2989281
vn 0.7217239 0.5377444 0.4358274
vn 0.5014624 0.6777888 0.5377154
vn 0.2428876 0.7644013 0.5972405
vn -0.0339431 0.7914679 0.6102675
vn -0.3079299 0.7572199 0.5760183
vn -0.5582615 0.6642561 0.4970996
vn -0.7657405 0.5193876 0.3793125
vn -0.9140057 0.3332653 0.2313609
vn -0.9907071 0.1198251 0.0643536
vn 0.8964451 0.4153089 0.1546114
vn 0.7408817 0.6495581 0.1707884
vn 0.5277897 0.8314810 0.1734283
vn 0.2743007 0.9478120 0.1625166
vn 0.0001099 0.9902893 0.1390218
vn -0.2738813 0.9560397 0.1047718
vn -0.5268501 0.8476663 0.0623768
vn -0.7394110 0.6730864 0.0150346
vn -0.8948538 0.4450877 -0.0336690
vn -0.9802809 0.1807080 -0.0799627
vn 0.9181051 0.3963369 0.0003007
vn 0.7806624 0.6147226 -0.1126155
vn 0.5824679 0.7836000 -0.2161070
vn 0.3395549 0.8906722 -0.3023335
vn 0.0708430 0.9283513 -0.3648906
vn -0.2031526 0.8941007 -0.3991402
vn -0.4616021 0.7905297 -0.4024752
vn -0.6847360 0.6252045 -0.3745075
vn -0.8550710 0.4102502 -0.3170936
vn -0.9586195 0.1617532 -0.2342745
vn 0.9451893 0.3026174 -0.1226373
vn 0.8304102 0.4425675 -0.3384566
vn 0.6508426 0.5469734 -0.5265207
vn 0.4211513 0.6082916 -0.6727651
vn 0.1592999 0.6222492 -0.7664395
vn -0.1146916 0.5880016 -0.8006871
vn -0.3800008 0.5081573 -0.7729008
vn -0.6163647 0.3885738 -0.6849124
vn -0.8053226 0.2380937 -0.5429244
vn -0.9315308 0.0680237 -0.3572437
vn 0.9704513 0.1592013 -0.1813262
vn 0.8767954 0.1792098 -0.4462215
vn 0.7146023 0.1850164 -0.6746202
vn 0.4972460 0.1763507 -0.8494980
vn 0.2417846 0.1540053 -0.9580306
vn -0.0322122 0.1197543 -0.9922808
vn -0.3039142 0.0762007 -0.9496471
vn -0.5526044 0.0266161 -0.8330186
vn -0.7589331 -0.0252436 -0.6506792
vn -0.9062730 -0.0753758 -0.4159180
vn 0.9871097 0.0045770 -0.1599797
vn 0.9073977 -0.1047559 -0.4070080
vn 0.7566564 -0.2053025 -0.6207431
vn 0.5474200 -0.2894456 -0.7852086
vn 0.2961807 -0.3509168 -0.8883323
vn 0.0221985 -0.3851643 -0.9225810
vn -0.2537198 -0.3895838 -0.8853534
vn -0.5105522 -0.3637050 -0.7791374
vn -0.7283360 -0.3092208 -0.6114812
vn -0.8896132 -0.2299995 -0.3945740
vn 0.9907071 -0.1198272 -0.0643504
vn 0.9140067 -0.3332613 -0.2313627
vn 0.7657394 -0.5193856 -0.3793175
vn 0.5582611 -0.6642554 -0.4971009
vn 0.3079304 -0.7572199 -0.5760181
vn 0.0339443 -0.7914682 -0.6102671
vn -0.2428896 -0.7644025 -0.5972382
vn -0.5014625 -0.6777885 -0.5377156
vn -0.7217219 -0.5377405 -0.4358356
vn -0.8860173 -0.3544222 -0.2989284
vn 0.9802817 -0.1807058 0.0799577
vn 0.8948534 -0.4450882 0.0336743
vn 0.7394105 -0.6730871 -0.0150300
vn 0.5268488 -0.8476671 -0.0623761
vn 0.2738819 -0.9560395 -0.1047717
vn -0.0001091 -0.9902893 -0.1390217
vn -0.2743015 -0.9478113 -0.1625190
vn -0.5277882 -0.8314815 -0.1734303
vn -0.7408821 -0.6495588 -0.1707838
vn -0.8964466 -0.4153062 -0.1546099
vn 0.9586212 -0.1617477 0.2342713
vn 0.8550671 -0.4102565 0.3170960
vn 0.6847370 -0.6252027 0.3745087
vn 0.4616048 -0.7905291 0.4024732
vn 0.2031516 -0.8941019 0.3991382
vn -0.0708425 -0.9283512 0.3648909
vn -0.3395560 -0.8906710 0.3023356
vn -0.5824695 -0.7835979 0.2161102
vn -0.7806601 -0.6147254 0.1126169
vn -0.9181061 -0.3963345 -0.0003041
vn 0.9315312 -0.0680177 0.3572439
vn 0.8053210 -0.2380983 0.5429248
vn 0.6163655 -0.3885766 0.6849101
vn 0.3800028 -0.5081552 0.7729011
vn 0.1146898 -0.5880004 0.8006883
vn -0.1592985 -0.6222499 0.7664392
vn -0.4211518 -0.6082943 0.6727623
vn -0.6508426 -0.5469767 0.5265172
vn -0.8304117 -0.4425645 0.3384570
vn -0.9451901 -0.3026093 0.1226507
vn -0.9847329 0.1230910 0.1230841
vn -0.9704482 0.1592219 -0.1813247
vn -0.8767953 0.1792187 -0.4462181
vn -0.7146013 0.1850124 -0.6746224
vn -0.4972472 0.1763440 -0.8494987
vn -0.2417854 0.1540026 -0.9580308
vn 0.0322109 0.1197566 -0.9922806
vn 0.3039160 0.0762030 -0.9496463
vn 0.5526042 0.0266156 -0.8330187
vn 0.7589336 -0.0252454 -0.6506785
vn 0.9062723 -0.0753771 -0.4159192
vn 0.9847329 -0.1230910 -0.1230841
vn -0.9451901 0.3026093 -0.1226507
vn -0.8304117 0.4425645 -0.3384570
vn -0.6508426 0.5469767 -0.5265172
vn -0.4211518 0.6082943 -0.6727623
vn -0.1592985 0.6222499 -0.7664392
vn 0.1146898 0.5880004 -0.8006883
vn 0.3800028 0.5081552 -0.7729011
vn 0.6163655 0.3885766 -0.6849101
vn 0.8053210 0.2380983 -0.5429248
vn 0.9315312 0.0680177 -0.3572439
vn -0.9181061 0.3963345 0.0003041
vn -0.7806601 0.6147254 -0.1126169
vn -0.5824695 0.7835979 -0.2161102
vn -0.3395560 0.8906710 -0.3023356
vn -0.0708425 0.9283512 -0.3648909
vn 0.2031516 0.8941019 -0.3991382
vn 0.4616048 0.7905291 -0.4024732
vn 0.6847370 0.6252027 -0.3745087
vn 0.8550671 0.4102565 -0.3170960
vn 0.9586212 0.1617477 -0.2342713
vn -0.8964466 0.4153062 0.1546099
vn -0.7408821 0.6495588 0.1707838
vn -0.5277882 0.8314815 0.1734303
vn -0.2743015 0.9478113 0.1625190
vn -0.0001091 0.9902893 0.1390217
vn 0.2738819 0.9560395 0.1047717
vn 0.5268488 0.8476671 0.0623761
vn 0.7394105 0.6730871 0.0150300
vn 0.8948534 0.4450882 -0.0336743
vn 0.9802817 0.1807058 -0.0799577
vn -0.8860173 0.3544222 0.2989284
vn -0.7217219 0.5377405 0.4358356
vn -0.5014625 0.6777885 0.5377156
vn -0.2428896 0.7644025 0.5972382
vn 0.0339443 0.7914682 0.6102671
vn 0.3079304 0.7572199 0.5760181
vn 0.5582611 0.6642554 0.4971009
vn 0.7657394 0.5193856 0.3793175
vn 0.9140067 0.3332613 0.2313627
vn 0.9907071 0.1198272 0.0643504
vn -0.8896132 0.2299995 0.3945740
vn -0.7283360 0.3092208 0.6114812
vn -0.5105522 0.3637050 0.7791374
vn -0.2537198 0.3895838 0.8853534
vn 0.0221985 0.3851643 0.9225810
vn 0.2961807 0.3509168 0.8883323
vn 0.5474200 0.2894456 0.7852086
vn 0.7566564 0.2053025 0.6207431
vn 0.9073977 0.1047559 0.4070080
vn 0.9871097 -0.0045770 0.1599797
vn -0.9062730 0.0753758 0.4159180
vn -0.7589331 0.0252436 0.6506792
vn -0.5526044 -0.0266161 0.8330186
vn -0.3039142 -0.0762007 0.9496471
vn -0.0322122 -0.1197543 0.9922808
vn 0.2417846 -0.1540053 0.9580306
vn 0.4972460 -0.1763507 0.8494980
vn 0.7146023 -0.1850164 0.6746202
vn 0.8767954 -0.1792098 0.4462215
vn 0.9704513 -0.1592013 0.1813262
vn -0.9315308 -0.0680237 0.3572437
vn -0.8053226 -0.2380937 0.5429244
vn -0.6163647 -0.3885738 0.6849124
vn -0.3800008 -0.5081573 0.7729008
vn -0.1146916 -0.5880016 0.8006871
vn 0.1592999 -0.6222492 0.7664395
vn 0.4211513 -0.6082916 0.6727651
vn 0.6508426 -0.5469734 0.5265207
vn 0.8304102 -0.4425675 0.3384566
vn 0.9451893 -0.3026174 0.1226373
vn -0.9586195 -0.1617532 0.2342745
vn -0.8550710 -0.4102502 0.3170936
vn -0.6847360 -0.6252045 0.3745075
vn -0.4616021 -0.7905297 0.4024752
vn -0.2031526 -0.8941007 0.3991402
vn 0.0708430 -0.9283513 0.3648906
vn 0.3395549 -0.8906722 0.3023335
vn 0.5824679 -0.7836000 0.2161070
vn 0.7806624 -0.6147226 0.1126155
vn 0.9181051 -0.3963369 -0.0003007
vn -0.9802809 -0.1807080 0.0799627
vn -0.8948538 -0.4450877 0.0336690
vn -0.7394110 -0.6730864 -0.0150346
vn -0.5268501 -0.8476663 -0.0623768
vn -0.2738813 -0.9560397 -0.1047718
vn 0.0001099 -0.9902893 -0.1390218
vn 0.2743007 -0.9478120 -0.1625166
vn 0.5277897 -0.8314810 -0.1734283
vn 0.7408817 -0.6495581 -0.1707884
vn 0.8964451 -0.4153089 -0.1546114
vn -0.9907071 -0.1198251 -0.0643536
vn -0.9140057 -0.3332653 -0.2313609
vn -0.7657405 -0.5193876 -0.3793125
vn -0.5582615 -0.6642561 -0.4970996
vn -0.3079299 -0.7572199 -0.5760183
vn -0.0339431 -0.7914679 -0.6102675
vn 0.2428876 -0.7644013 -0.5972405
vn 0.5014624 -0.6777888 -0.5377154
vn 0.7217239 -0.5377444 -0.4358274
vn 0.8860162 -0.3544253 -0.2989281
vn -0.9871113 0.0045684 -0.1599698
vn -0.9073980 -0.1047611 -0.4070062
vn -0.7566540 -0.2052999 -0.6207469
vn -0.5474193 -0.2894408 -0.7852109
vn -0.2961819 -0.3509149 -0.8883327
vn -0.0221996 -0.3851668 -0.9225799
vn 0.2537210 -0.3895878 -0.8853514
vn 0.5105495 -0.3637045 -0.7791394
vn 0.7283393 -0.3092147 -0.6114803
vn 0.8896125 -0.2299992 -0.3945756
vn -0.9615239 0.2747213 -0.0000027
vn -0.8933535 0.3419113 -0.2915754
vn -0.7565490 0.3752963 -0.5355243
vn -0.5608928 0.3789672 -0.7360592
vn -0.3221875 0.3530580 -0.8783765
vn -0.0590220 0.2998020 -0.9521739
vn 0.2084991 0.2233649 -0.9521745
vn 0.4600747 0.1295527 -0.8783777
vn 0.6764365 0.0254414 -0.7360614
vn 0.8406227 -0.0810478 -0.5355229
vn 0.9391367 -0.1816734 -0.2915769
vn 0.9615239 -0.2747213 0.0000027
vn -0.8563659 0.4713577 -0.2108540
vn -0.6886314 0.6130315 -0.3872714
vn -0.4675234 0.7057500 -0.5322958
vn -0.2107730 0.7430175 -0.6352162
vn 0.0617442 0.7225240 -0.6885831
vn 0.3292760 0.6460856 -0.6885860
vn 0.5714952 0.5195162 -0.6352135
vn 0.7698096 0.3522238 -0.5322890
vn 0.9085523 0.1567020 -0.3872688
vn 0.9761194 -0.0522208 -0.2108645
vn -0.8354337 0.5446313 -0.0736701
vn -0.6501670 0.7476558 -0.1352540
vn -0.4146567 0.8907862 -0.1859025
vn -0.1476800 0.9638347 -0.2218409
vn 0.1301409 0.9618893 -0.2404833
vn 0.3976719 0.8854504 -0.2404884
vn 0.6345936 0.7403225 -0.2218412
vn 0.8226740 0.5372591 -0.1859037
vn 0.9470134 0.2913233 -0.1352638
vn 0.9970626 0.0210682 -0.0736361
vn -0.8361432 0.5421485 0.0833043
vn -0.6514654 0.7430874 0.1530162
vn -0.4164524 0.8845001 0.2103021
vn -0.1498310 0.9563311 0.2509612
vn 0.1278079 0.9537589 0.2720460
vn 0.3953534 0.8773144 0.2720571
vn 0.6324436 0.7328246 0.2509646
vn 0.8208755 0.5309793 0.2102960
vn 0.9457118 0.2867356 0.1530094
vn 0.9963490 0.0185730 0.0833295
vn -0.8583142 0.4645368 0.2179504
vn -0.6921984 0.6005383 0.4002688
vn -0.4724348 0.6885745 0.5501550
vn -0.2166273 0.7225226 0.6565315
vn 0.0554009 0.7003084 0.7116873
vn 0.3229251 0.6238723 0.7116901
vn 0.5656312 0.4990289 0.6565299
vn 0.7648997 0.3350462 0.5501568
vn 0.9049816 0.1441998 0.4002682
vn 0.9741784 -0.0590147 0.2179304
vn -0.8960126 0.3325973 0.2941777
vn -0.7614288 0.3582200 0.5402821
vn -0.5675914 0.3555122 0.7425975
vn -0.3301920 0.3250672 0.8861741
vn -0.0677019 0.2694539 0.9606305
vn 0.1998338 0.1930094 0.9606320
vn 0.4520829 0.1015515 0.8861762
vn 0.6697359 0.0019905 0.7425967
vn 0.8357461 -0.0981053 0.5402812
vn 0.9364828 -0.1909567 0.2941690
vn -0.9391357 0.1816747 0.2915791
vn -0.8406228 0.0810437 0.5355233
vn -0.6764391 -0.0254423 0.7360590
vn -0.4600765 -0.1295556 0.8783763
vn -0.2084982 -0.2233678 0.9521740
vn 0.0590238 -0.2997984 0.9521749
vn 0.3221893 -0.3530540 0.8783774
vn 0.5608891 -0.3789675 0.7360618
vn 0.7565509 -0.3752921 0.5355246
vn 0.8933571 -0.3419038 0.2915731
vn -0.9761194 0.0522202 0.2108646
vn -0.9085509 -0.1566970 0.3872743
vn -0.7698093 -0.3522222 0.5322905
vn -0.5714941 -0.5195186 0.6352125
vn -0.3292780 -0.6460856 0.6885851
vn -0.0617446 -0.7225263 0.6885807
vn 0.2107726 -0.7430192 0.6352145
vn 0.4675227 -0.7057496 0.5322969
vn 0.6886279 -0.6130375 0.3872681
vn 0.8563689 -0.4713555 0.2108464
vn -0.9970629 -0.0210770 0.0736299
vn -0.9470155 -0.2913207 0.1352552
vn -0.8226745 -0.5372579 0.1859050
vn -0.6345903 -0.7403243 0.2218448
vn -0.3976740 -0.8854493 0.2404889
vn -0.1301413 -0.9618882 0.2404876
vn 0.1476810 -0.9638336 0.2218447
vn 0.4146571 -0.8907863 0.1859010
vn 0.6501691 -0.7476541 0.1352531
vn 0.8354292 -0.5446399 0.0736573
vn -0.9963499 -0.0185793 -0.0833171
vn -0.9457115 -0.2867382 -0.1530066
vn -0.8208775 -0.5309748 -0.2102995
vn -0.6324451 -0.7328246 -0.2509610
vn -0.3953510 -0.8773169 -0.2720528
vn -0.1278086 -0.9537576 -0.2720503
vn 0.1498334 -0.9563295 -0.2509658
vn 0.4164486 -0.8845022 -0.2103008
vn 0.6514706 -0.7430844 -0.1530088
vn 0.8361382 -0.5421578 -0.0832931
vn -0.9741787 0.0590206 -0.2179277
vn -0.9049827 -0.1442057 -0.4002638
vn -0.7648989 -0.3350506 -0.5501552
vn -0.5656310 -0.4990220 -0.6565353
vn -0.3229229 -0.6238680 -0.7116948
vn -0.0554016 -0.7003108 -0.7116850
vn 0.2166255 -0.7225264 -0.6565280
vn 0.4724353 -0.6885737 -0.5501556
vn 0.6921996 -0.6005337 -0.4002738
vn 0.8583154 -0.4645343 -0.2179508
vn -0.9364828 0.1909597 -0.2941671
vn -0.8357449 0.0981128 -0.5402818
vn -0.6697339 -0.0019894 -0.7425985
vn -0.4520845 -0.1015587 -0.8861746
vn -0.1998357 -0.1930143 -0.9606306
vn 0.0677035 -0.2694505 -0.9606314
vn 0.3301928 -0.3250613 -0.8861760
vn 0.5675932 -0.3555114 -0.7425965
vn 0.7614262 -0.3582230 -0.5402837
vn 0.8960126 -0.3325991 -0.2941757
vn 0.9615239 0.2747213 -0.0000027
vn 0.9391367 0.1816734 0.2915769
vn 0.8406227 0.0810478 0.5355229
vn 0.6764365 -0.0254414 0.7360614
vn 0.4600747 -0.1295527 0.8783777
vn 0.2084991 -0.2233649 0.9521745
vn -0.0590220 -0.2998020 0.9521739
vn -0.3221875 -0.3530580 0.8783765
vn -0.5608928 -0.3789672 0.7360592
vn -0.7565490 -0.3752963 0.5355243
vn -0.8933535 -0.3419113 0.2915754
vn -0.9615239 -0.2747213 0.0000027
vn 0.8960126 0.3325991 0.2941757
vn 0.7614262 0.3582230 0.5402837
vn 0.5675932 0.3555114 0.7425965
vn 0.3301928 0.3250613 0.8861760
vn 0.0677035 0.2694505 0.9606314
vn -0.1998357 0.1930143 0.9606306
vn -0.4520845 0.1015587 0.8861746
vn -0.6697339 0.0019894 0.7425985
vn -0.8357449 -0.0981128 0.5402818
vn -0.9364828 -0.1909597 0.2941671
vn 0.8583154 0.4645343 0.2179508
vn 0.6921996 0.6005337 0.4002738
vn 0.4724353 0.6885737 0.5501556
vn 0.2166255 0.7225264 0.6565280
vn -0.0554016 0.7003108 0.7116850
vn -0.3229229 0.6238680 0.7116948
vn -0.5656310 0.4990220 0.6565353
vn -0.7648989 0.3350506 0.5501552
vn -0.9049827 0.1442057 0.4002638
vn -0.9741787 -0.0590206 0.2179277
vn 0.8361382 0.5421578 0.0832931
vn 0.6514706 0.7430844 0.1530088
vn 0.4164486 0.8845022 0.2103008
vn 0.1498334 0.9563295 0.2509658
vn -0.1278086 0.9537576 0.2720503
vn -0.3953510 0.8773169 0.2720528
vn -0.6324451 0.7328246 0.2509610
vn -0.8208775 0.5309748 0.2102995
vn -0.9457115 0.2867382 0.1530066
vn -0.9963499 0.0185793 0.0833171
vn 0.8354292 0.5446399 -0.0736573
vn 0.6501691 0.7476541 -0.1352531
vn 0.4146571 0.8907863 -0.1859010
vn 0.1476810 0.9638336 -0.2218447
vn -0.1301413 0.9618882 -0.2404876
vn -0.3976740 0.8854493 -0.2404889
vn -0.6345903 0.7403243 -0.2218448
vn -0.8226745 0.5372579 -0.1859050
vn -0.9470155 0.2913207 -0.1352552
vn -0.9970629 0.0210770 -0.0736299
vn 0.8563689 0.4713555 -0.2108464
vn 0.6886279 0.6130375 -0.3872681
vn 0.4675227 0.7057496 -0.5322969
vn 0.2107726 0.7430192 -0.6352145
vn -0.0617446 0.7225263 -0.6885807
vn -0.3292780 0.6460856 -0.6885851
vn -0.5714941 0.5195186 -0.6352125
vn -0.7698093 0.3522222 -0.5322905
vn -0.9085509 0.1566970 -0.3872743
vn -0.9761194 -0.0522202 -0.2108646
vn 0.8933571 0.3419038 -0.2915731
vn 0.7565509 0.3752921 -0.5355246
vn 0.5608891 0.3789675 -0.7360618
vn 0.3221893 0.3530540 -0.8783774
vn 0.0590238 0.2997984 -0.9521749
vn -0.2084982 0.2233678 -0.9521740
vn -0.4600765 0.1295556 -0.8783763
vn -0.6764391 0.0254423 -0.7360590
vn -0.8406228 -0.0810437 -0.5355233
vn -0.9391357 -0.1816747 -0.2915791
vn 0.9364828 0.1909567 -0.2941690
vn 0.8357461 0.0981053 -0.5402812
vn 0.6697359 -0.0019905 -0.7425967
vn 0.4520829 -0.1015515 -0.8861762
vn 0.1998338 -0.1930094 -0.9606320
vn -0.0677019 -0.2694539 -0.9606305
vn -0.3301920 -0.3250672 -0.8861741
vn -0.5675914 -0.3555122 -0.7425975
vn -0.7614288 -0.3582200 -0.5402821
vn -0.8960126 -0.3325973 -0.2941777
vn 0.9741784 0.0590147 -0.2179304
vn 0.9049816 -0.1441998 -0.4002682
vn 0.7648997 -0.3350462 -0.5501568
vn 0.5656312 -0.4990289 -0.6565299
vn 0.3229251 -0.6238723 -0.7116901
vn 0.0554009 -0.7003084 -0.7116873
vn -0.2166273 -0.7225226 -0.6565315
vn -0.4724348 -0.6885745 -0.5501550
vn -0.6921984 -0.6005383 -0.4002688
vn -0.8583142 -0.4645368 -0.2179504
vn 0.9963490 -0.0185730 -0.0833295
vn 0.9457118 -0.2867356 -0.1530094
vn 0.8208755 -0.5309793 -0.2102960
vn 0.6324436 -0.7328246 -0.2509646
vn 0.3953534 -0.8773144 -0.2720571
vn 0.1278079 -0.9537589 -0.2720460
vn -0.1498310 -0.9563311 -0.2509612
vn -0.4164524 -0.8845001 -0.2103021
vn -0.6514654 -0.7430874 -0.1530162
vn -0.8361432 -0.5421485 -0.0833043
vn 0.9970626 -0.0210682 0.0736361
vn 0.9470134 -0.2913233 0.1352638
vn 0.8226740 -0.5372591 0.1859037
vn 0.6345936 -0.7403225 0.2218412
vn 0.3976719 -0.8854504 0.2404884
vn 0.1301409 -0.9618893 0.2404833
vn -0.1476800 -0.9638347 0.2218409
vn -0.4146567 -0.8907862 0.1859025
vn -0.6501670 -0.7476558 0.1352540
vn -0.8354337 -0.5446313 0.0736701
vn 0.9761194 0.0522208 0.2108645
vn 0.9085523 -0.1567020 0.3872688
vn 0.7698096 -0.3522238 0.5322890
vn 0.5714952 -0.5195162 0.6352135
vn 0.3292760 -0.6460856 0.6885860
vn 0.0617442 -0.7225240 0.6885831
vn -0.2107730 -0.7430175 0.6352162
vn -0.4675234 -0.7057500 0.5322958
vn -0.6886314 -0.6130315 0.3872714
vn -0.8563659 -0.4713577 0.2108540
vn 0.9883726 0.1520512 -0.0000019
vn 0.9488455 0.0993011 0.2997189
vn 0.8337667 0.0425851 0.5504722
vn 0.6536419 -0.0172149 0.7566082
vn 0.4231764 -0.0754327 0.9029018
vn 0.1603943 -0.1276735 0.9787610
vn -0.1146005 -0.1699832 0.9787607
vn -0.3809333 -0.1991485 0.9029007
vn -0.6182442 -0.2128848 0.7566070
vn -0.8080123 -0.2099946 0.5504711
vn -0.9348208 -0.1904592 0.2997256
vn -0.9883726 -0.1520512 0.0000019
vn 0.9251192 0.2535284 0.2826266
vn 0.7901883 0.3258353 0.5190702
vn 0.5937469 0.3721134 0.7134397
vn 0.3517065 0.3891549 0.8513877
vn 0.0829213 0.3759544 0.9229206
vn -0.1920870 0.3336465 0.9229207
vn -0.4524195 0.2654443 0.8513847
vn -0.6781400 0.1764399 0.7134390
vn -0.8515832 0.0732515 0.5190764
vn -0.9585444 -0.0362554 0.2826273
vn 0.9058637 0.3786737 0.1897817
vn 0.7548396 0.5556161 0.3485799
vn 0.5451568 0.6879380 0.4791088
vn 0.2937240 0.7660521 0.5717433
vn 0.0200656 0.7845197 0.6197792
vn -0.2549467 0.7422107 0.6197786
vn -0.5103990 0.6423396 0.5717454
vn -0.7267243 0.4922619 0.4791137
vn -0.8869387 0.3030368 0.3485806
vn -0.9777958 0.0888705 0.1897826
vn 0.8962521 0.4411416 0.0461119
vn 0.7371855 0.6703622 0.0846885
vn 0.5208865 0.8456523 0.1164019
vn 0.2647595 0.9542569 0.1389105
vn -0.0113270 0.9885337 0.1505751
vn -0.2863199 0.9462277 0.1505789
vn -0.5393420 0.8305502 0.1389120
vn -0.7509913 0.6499716 0.1164003
vn -0.9045951 0.4177751 0.0846860
vn -0.9874054 0.1513410 0.0461127
vn 0.8988530 0.4242411 -0.1099218
vn 0.7419637 0.6393192 -0.2018932
vn 0.5274584 0.8029832 -0.2774989
vn 0.2725900 0.9033457 -0.3311515
vn -0.0028408 0.9333441 -0.3589716
vn -0.2778350 0.8910372 -0.3589713
vn -0.5315143 0.7796341 -0.3311544
vn -0.7444234 0.6073132 -0.2774970
vn -0.8998167 0.3867450 -0.2018865
vn -0.9848072 0.1344395 -0.1099128
vn 0.9129733 0.3324711 -0.2365224
vn 0.7678836 0.4708134 -0.4343840
vn 0.5630926 0.5713770 -0.5970386
vn 0.3151243 0.6269560 -0.7124765
vn 0.0432577 0.6337303 -0.7723437
vn -0.2317452 0.5914205 -0.7723444
vn -0.4889974 0.5032429 -0.7124803
vn -0.7087940 0.3757034 -0.5970411
vn -0.8738939 0.2182292 -0.4343793
vn -0.9706891 0.0426703 -0.2365204
vn 0.9348178 0.1904717 -0.2997267
vn 0.8080133 0.2100029 -0.5504664
vn 0.6182429 0.2128813 -0.7566091
vn 0.3809345 0.1991429 -0.9029014
vn 0.1146009 0.1699814 -0.9787609
vn -0.1603944 0.1276761 -0.9787607
vn -0.4231781 0.0754359 -0.9029007
vn -0.6536401 0.0172142 -0.7566097
vn -0.8337686 -0.0425912 -0.5504688
vn -0.9488423 -0.0993074 -0.2997272
vn 0.9585457 0.0362495 -0.2826238
vn 0.8515852 -0.0732569 -0.5190724
vn 0.6781373 -0.1764384 -0.7134419
vn 0.4524188 -0.2654407 -0.8513862
vn 0.1920879 -0.3336456 -0.9229208
vn -0.0829197 -0.3759556 -0.9229202
vn -0.3517078 -0.3891559 -0.8513867
vn -0.5937474 -0.3721116 -0.7134403
vn -0.7901909 -0.3258318 -0.5190684
vn -0.9251175 -0.2535239 -0.2826363
vn 0.9777949 -0.0888770 -0.1897843
vn 0.8869398 -0.3030360 -0.3485786
vn 0.7267255 -0.4922626 -0.4791112
vn 0.5104008 -0.6423367 -0.5717470
vn 0.2549438 -0.7422093 -0.6197814
vn -0.0200664 -0.7845203 -0.6197784
vn -0.2937233 -0.7660538 -0.5717414
vn -0.5451575 -0.6879400 -0.4791053
vn -0.7548361 -0.5556197 -0.3485818
vn -0.9058668 -0.3786644 -0.1897858
vn 0.9874055 -0.1513370 -0.0461256
vn 0.9045946 -0.4177750 -0.0846921
vn 0.7509915 -0.6499708 -0.1164036
vn 0.5393427 -0.8305507 -0.1389067
vn 0.2863190 -0.9462288 -0.1505738
vn 0.0113248 -0.9885338 -0.1505748
vn -0.2647576 -0.9542573 -0.1389118
vn -0.5208861 -0.8456517 -0.1164079
vn -0.7371849 -0.6703623 -0.0846925
vn -0.8962528 -0.4411415 -0.0460987
vn 0.9848065 -0.1344334 0.1099265
vn 0.8998171 -0.3867423 0.2018901
vn 0.7444226 -0.6073129 0.2774995
vn 0.5315119 -0.7796357 0.3311544
vn 0.2778374 -0.8910371 0.3589698
vn 0.0028403 -0.9333449 0.3589698
vn -0.2725864 -0.9033480 0.3311481
vn -0.5274611 -0.8029814 0.2774987
vn -0.7419657 -0.6393152 0.2018982
vn -0.8988510 -0.4242462 0.1099187
vn 0.9706891 -0.0426794 0.2365190
vn 0.8738946 -0.2182272 0.4343790
vn 0.7087944 -0.3757034 0.5970405
vn 0.4889984 -0.5032452 0.7124779
vn 0.2317448 -0.5914220 0.7723434
vn -0.0432580 -0.6337291 0.7723446
vn -0.3151241 -0.6269518 0.7124804
vn -0.5630950 -0.5713731 0.5970400
vn -0.7678795 -0.4708209 0.4343831
vn -0.9129747 -0.3324742 0.2365123
vn -0.9883726 0.1520512 -0.0000019
vn -0.9348208 0.1904592 -0.2997256
vn -0.8080123 0.2099946 -0.5504711
vn -0.6182442 0.2128848 -0.7566070
vn -0.3809333 0.1991485 -0.9029007
vn -0.1146005 0.1699832 -0.9787607
vn 0.1603943 0.1276735 -0.9787610
vn 0.4231764 0.0754327 -0.9029018
vn 0.6536419 0.0172149 -0.7566082
vn 0.8337667 -0.0425851 -0.5504722
vn 0.9488455 -0.0993011 -0.2997189
vn 0.9883726 -0.1520512 0.0000019
vn -0.9129747 0.3324742 -0.2365123
vn -0.7678795 0.4708209 -0.4343831
vn -0.5630950 0.5713731 -0.5970400
vn -0.3151241 0.6269518 -0.7124804
vn -0.0432580 0.6337291 -0.7723446
vn 0.2317448 0.5914220 -0.7723434
vn 0.4889984 0.5032452 -0.7124779
vn 0.7087944 0.3757034 -0.5970405
vn 0.8738946 0.2182272 -0.4343790
vn 0.9706891 0.0426794 -0.2365190
vn -0.8988510 0.4242462 -0.1099187
vn -0.7419657 0.6393152 -0.2018982
vn -0.5274611 0.8029814 -0.2774987
vn -0.2725864 0.9033480 -0.3311481
vn 0.0028403 0.9333449 -0.3589698
vn 0.2778374 0.8910371 -0.3589698
vn 0.5315119 0.7796357 -0.3311544
vn 0.7444226 0.6073129 -0.2774995
vn 0.8998171 0.3867423 -0.2018901
vn 0.9848065 0.1344334 -0.1099265
vn -0.8962528 0.4411415 0.0460987
vn -0.7371849 0.6703623 0.0846925
vn -0.5208861 0.8456517 0.1164079
vn -0.2647576 0.9542573 0.1389118
vn 0.0113248 0.9885338 0.1505748
vn 0.2863190 0.9462288 0.1505738
vn 0.5393427 0.8305507 0.1389067
vn 0.7509915 0.6499708 0.1164036
vn 0.9045946 0.4177750 0.0846921
vn 0.9874055 0.1513370 0.0461256
vn -0.9058668 0.3786644 0.1897858
vn -0.7548361 0.5556197 0.3485818
vn -0.5451575 0.6879400 0.4791053
vn -0.2937233 0.7660538 0.5717414
vn -0.0200664 0.7845203 0.6197784
vn 0.2549438 0.7422093 0.6197814
vn 0.5104008 0.6423367 0.5717470
vn 0.7267255 0.4922626 0.4791112
vn 0.8869398 0.3030360 0.3485786
vn 0.9777949 0.0888770 0.1897843
vn -0.9251175 0.2535239 0.2826363
vn -0.7901909 0.3258318 0.5190684
vn -0.5937474 0.3721116 0.7134403
vn -0.3517078 0.3891559 0.8513867
vn -0.0829197 0.3759556 0.9229202
vn 0.1920879 0.3336456 0.9229208
vn 0.4524188 0.2654407 0.8513862
vn 0.6781373 0.1764384 0.7134419
vn 0.8515852 0.0732569 0.5190724
vn 0.9585457 -0.0362495 0.2826238
vn -0.9488423 0.0993074 0.2997272
vn -0.8337686 0.0425912 0.5504688
vn -0.6536401 -0.0172142 0.7566097
vn -0.4231781 -0.0754359 0.9029007
vn -0.1603944 -0.1276761 0.9787607
vn 0.1146009 -0.1699814 0.9787609
vn 0.3809345 -0.1991429 0.9029014
vn 0.6182429 -0.2128813 0.7566091
vn 0.8080133 -0.2100029 0.5504664
vn 0.9348178 -0.1904717 0.2997267
vn -0.9706891 -0.0426703 0.2365204
vn -0.8738939 -0.2182292 0.4343793
vn -0.7087940 -0.3757034 0.5970411
vn -0.4889974 -0.5032429 0.7124803
vn -0.2317452 -0.5914205 0.7723444
vn 0.0432577 -0.6337303 0.7723437
vn 0.3151243 -0.6269560 0.7124765
vn 0.5630926 -0.5713770 0.5970386
vn 0.7678836 -0.4708134 0.4343840
vn 0.9129733 -0.3324711 0.2365224
vn -0.9848072 -0.1344395 0.1099128
vn -0.8998167 -0.3867450 0.2018865
vn -0.7444234 -0.6073132 0.2774970
vn -0.5315143 -0.7796341 0.3311544
vn -0.2778350 -0.8910372 0.3589713
vn -0.0028408 -0.9333441 0.3589716
vn 0.2725900 -0.9033457 0.3311515
vn 0.5274584 -0.8029832 0.2774989
vn 0.7419637 -0.6393192 0.2018932
vn 0.8988530 -0.4242411 0.1099218
vn -0.9874054 -0.1513410 -0.0461127
vn -0.9045951 -0.4177751 -0.0846860
vn -0.7509913 -0.6499716 -0.1164003
vn -0.5393420 -0.8305502 -0.1389120
vn -0.2863199 -0.9462277 -0.1505789
vn -0.0113270 -0.9885337 -0.1505751
vn 0.2647595 -0.9542569 -0.1389105
vn 0.5208865 -0.8456523 -0.1164019
vn 0.7371855 -0.6703622 -0.0846885
vn 0.8962521 -0.4411416 -0.0461119
vn -0.9777958 -0.0888705 -0.1897826
vn -0.8869387 -0.3030368 -0.3485806
vn -0.7267243 -0.4922619 -0.4791137
vn -0.5103990 -0.6423396 -0.5717454
vn -0.2549467 -0.7422107 -0.6197786
vn 0.0200656 -0.7845197 -0.6197792
vn 0.2937240 -0.7660521 -0.5717433
vn 0.5451568 -0.6879380 -0.4791088
vn 0.7548396 -0.5556161 -0.3485799
vn 0.9058637 -0.3786737 -0.1897817
vn -0.9585444 0.0362554 -0.2826273
vn -0.8515832 -0.0732515 -0.5190764
vn -0.6781400 -0.1764399 -0.7134390
vn -0.4524195 -0.2654443 -0.8513847
vn -0.1920870 -0.3336465 -0.9229207
vn 0.0829213 -0.3759544 -0.9229206
vn 0.3517065 -0.3891549 -0.8513877
vn 0.5937469 -0.3721134 -0.7134397
vn 0.7901883 -0.3258353 -0.5190702
vn 0.9251192 -0.2535284 -0.2826266
vn -1.0000000 -0.0000000 0.0000000
vn -0.9529093 0.0000018 -0.3032555
vn -0.8305479 0.0000002 -0.5569472
vn -0.6434368 -0.0000041 -0.7654992
vn -0.4067870 -0.0000001 -0.9135230
vn -0.1391085 0.0000017 -0.9902771
vn 0.1391085 -0.0000017 -0.9902771
vn 0.4067870 0.0000001 -0.9135230
vn 0.6434368 0.0000041 -0.7654992
vn 0.8305479 -0.0000002 -0.5569472
vn 0.9529093 -0.0000018 -0.3032555
vn 1.0000000 -0.0000000 0.0000000
vn -0.9529101 0.1516257 -0.2626252
vn -0.8305494 0.2784691 -0.4823303
vn -0.6434308 0.3827498 -0.6629475
vn -0.4067843 0.4567655 -0.7911332
vn -0.1391151 0.4951363 -0.8576054
vn 0.1391135 0.4951380 -0.8576047
vn 0.4067881 0.4567646 -0.7911318
vn 0.6434286 0.3827472 -0.6629511
vn 0.8305489 0.2784697 -0.4823309
vn 0.9529105 0.1516266 -0.2626232
vn -0.9529105 0.2626232 -0.1516266
vn -0.8305489 0.4823309 -0.2784697
vn -0.6434286 0.6629511 -0.3827472
vn -0.4067881 0.7911318 -0.4567646
vn -0.1391135 0.8576047 -0.4951380
vn 0.1391151 0.8576054 -0.4951363
vn 0.4067843 0.7911332 -0.4567655
vn 0.6434308 0.6629475 -0.3827498
vn 0.8305494 0.4823303 -0.2784691
vn 0.9529101 0.2626252 -0.1516257
vn -0.9529093 0.3032555 0.0000018
vn -0.8305479 0.5569472 0.0000002
vn -0.6434368 0.7654992 -0.0000041
vn -0.4067870 0.9135230 -0.0000001
vn -0.1391085 0.9902771 0.0000017
vn 0.1391085 0.9902771 -0.0000017
vn 0.4067870 0.9135230 0.0000001
vn 0.6434368 0.7654992 0.0000041
vn 0.8305479 0.5569472 -0.0000002
vn 0.9529093 0.3032555 -0.0000018
vn -0.9529101 0.2626252 0.1516257
vn -0.8305494 0.4823303 0.2784691
vn -0.6434308 0.6629475 0.3827498
vn -0.4067843 0.7911332 0.4567655
vn -0.1391151 0.8576054 0.4951363
vn 0.1391135 0.8576047 0.4951380
vn 0.4067881 0.7911318 0.4567646
vn 0.6434286 0.6629511 0.3827472
vn 0.8305489 0.4823309 0.2784697
vn 0.9529105 0.2626232 0.1516266
vn -0.9529105 0.1516266 0.2626232
vn -0.8305489 0.2784697 0.4823309
vn -0.6434286 0.3827472 0.6629511
vn -0.4067881 0.4567646 0.7911318
vn -0.1391135 0.4951380 0.8576047
vn 0.1391151 0.4951363 0.8576054
vn 0.4067843 0.4567655 0.7911332
vn 0.6434308 0.3827498 0.6629475
vn 0.8305494 0.2784691 0.4823303
vn 0.9529101 0.1516257 0.2626252
vn -0.9529093 -0.0000018 0.3032555
vn -0.8305479 -0.0000002 0.5569472
vn -0.6434368 0.0000041 0.7654992
vn -0.4067870 0.0000001 0.9135230
vn -0.1391085 -0.0000017 0.9902771
vn 0.1391085 0.0000017 0.9902771
vn 0.4067870 -0.0000001 0.9135230
vn 0.6434368 -0.0000041 0.7654992
vn 0.8305479 0.0000002 0.5569472
vn 0.9529093 0.0000018 0.3032555
vn -0.9529101 -0.1516257 0.2626252
vn -0.8305494 -0.2784691 0.4823303
vn -0.6434308 -0.3827498 0.6629475
vn -0.4067843 -0.4567655 0.7911332
vn -0.1391151 -0.4951363 0.8576054
vn 0.1391135 -0.4951380 0.8576047
vn 0.4067881 -0.4567646 0.7911318
vn 0.6434286 -0.3827472 0.6629511
vn 0.8305489 -0.2784697 0.4823309
vn 0.9529105 -0.1516266 0.2626232
vn -0.9529105 -0.2626232 0.1516266
vn -0.8305489 -0.4823309 0.2784697
vn -0.6434286 -0.6629511 0.3827472
vn -0.4067881 -0.7911318 0.4567646
vn -0.1391135 -0.8576047 0.4951380
vn 0.1391151 -0.8576054 0.4951363
vn 0.4067843 -0.7911332 0.4567655
vn 0.6434308 -0.6629475 0.3827498
vn 0.8305494 -0.4823303 0.2784691
vn 0.9529101 -0.2626252 0.1516257
vn -0.9529093 -0.3032555 -0.0000018
vn -0.8305479 -0.5569472 -0.0000002
vn -0.6434368 -0.7654992 0.0000041
vn -0.4067870 -0.9135230 0.0000001
vn -0.1391085 -0.9902771 -0.0000017
vn 0.1391085 -0.9902771 0.0000017
vn 0.4067870 -0.9135230 -0.0000001
vn 0.6434368 -0.7654992 -0.0000041
vn 0.8305479 -0.5569472 0.0000002
vn 0.9529093 -0.3032555 0.0000018
vn -0.9529101 -0.2626252 -0.1516257
vn -0.8305494 -0.4823303 -0.2784691
vn -0.6434308 -0.6629475 -0.3827498
vn -0.4067843 -0.7911332 -0.4567655
vn -0.1391151 -0.8576054 -0.4951363
vn 0.1391135 -0.8576047 -0.4951380
vn 0.4067881 -0.7911318 -0.4567646
vn 0.6434286 -0.6629511 -0.3827472
vn 0.8305489 -0.4823309 -0.2784697
vn 0.9529105 -0.2626232 -0.1516266
vn -0.9529105 -0.1516266 -0.2626232
vn -0.8305489 -0.2784697 -0.4823309
vn -0.6434286 -0.3827472 -0.6629511
vn -0.4067881 -0.4567646 -0.7911318
vn -0.1391135 -0.4951380 -0.8576047
vn 0.1391151 -0.4951363 -0.8576054
vn 0.4067843 -0.4567655 -0.7911332
vn 0.6434308 -0.3827498 -0.6629475
vn 0.8305494 -0.2784691 -0.4823303
vn 0.9529101 -0.1516257 -0.2626252
vn 1.0000000 -0.0000000 0.0000000
vn 0.9529093 0.0000018 0.3032555
vn 0.8305479 0.0000002 0.5569472
vn 0.6434368 -0.0000041 0.7654992
vn 0.4067870 -0.0000001 0.9135230
vn 0.1391085 0.0000017 0.9902771
vn -0.1391085 -0.0000017 0.9902771
vn -0.4067870 0.0000001 0.9135230
vn -0.6434368 0.0000041 0.7654992
vn -0.8305479 -0.0000002 0.5569472
vn -0.9529093 -0.0000018 0.3032555
vn -1.0000000 -0.0000000 0.0000000
vn 0.9529101 0.1516257 0.2626252
vn 0.8305494 0.2784691 0.4823303
vn 0.6434308 0.3827498 0.6629475
vn 0.4067843 0.4567655 0.7911332
vn 0.1391151 0.4951363 0.8576054
vn -0.1391135 0.4951380 0.8576047
vn -0.4067881 0.4567646 0.7911318
vn -0.6434286 0.3827472 0.6629511
vn -0.8305489 0.2784697 0.4823309
vn -0.9529105 0.1516266 0.2626232
vn 0.9529105 0.2626232 0.1516266
vn 0.8305489 0.4823309 0.2784697
vn 0.6434286 0.6629511 0.3827472
vn 0.4067881 0.7911318 0.4567646
vn 0.1391135 0.8576047 0.4951380
vn -0.1391151 0.8576054 0.4951363
vn -0.4067843 0.7911332 0.4567655
vn -0.6434308 0.6629475 0.3827498
vn -0.8305494 0.4823303 0.2784691
vn -0.9529101 0.2626252 0.1516257
vn 0.9529093 0.3032555 -0.0000018
vn 0.8305479 0.5569472 -0.0000002
vn 0.6434368 0.7654992 0.0000041
vn 0.4067870 0.9135230 0.0000001
vn 0.1391085 0.9902771 -0.0000017
vn -0.1391085 0.9902771 0.0000017
vn -0.4067870 0.9135230 -0.0000001
vn -0.6434368 0.7654992 -0.0000041
vn -0.8305479 0.5569472 0.0000002
vn -0.9529093 0.3032555 0.0000018
vn 0.9529101 0.2626252 -0.1516257
vn 0.8305494 0.4823303 -0.2784691
vn 0.6434308 0.6629475 -0.3827498
vn 0.4067843 0.7911332 -0.4567655
vn 0.1391151 0.8576054 -0.4951363
vn -0.1391135 0.8576047 -0.4951380
vn -0.4067881 0.7911318 -0.4567646
vn -0.6434286 0.6629511 -0.3827472
vn -0.8305489 0.4823309 -0.2784697
vn -0.9529105 0.2626232 -0.1516266
vn 0.9529105 0.1516266 -0.2626232
vn 0.8305489 0.2784697 -0.4823309
vn 0.6434286 0.3827472 -0.6629511
vn 0.4067881 0.4567646 -0.7911318
vn 0.1391135 0.4951380 -0.8576047
vn -0.1391151 0.4951363 -0.8576054
vn -0.4067843 0.4567655 -0.7911332
vn -0.6434308 0.3827498 -0.6629475
vn -0.8305494 0.2784691 -0.4823303
vn -0.9529101 0.1516257 -0.2626252
vn 0.9529093 -0.0000018 -0.3032555
vn 0.8305479 -0.0000002 -0.5569472
vn 0.6434368 0.0000041 -0.7654992
vn 0.4067870 0.0000001 -0.9135230
vn 0.1391085 -0.0000017 -0.9902771
vn -0.1391085 0.0000017 -0.9902771
vn -0.4067870 -0.0000001 -0.9135230
vn -0.6434368 -0.0000041 -0.7654992
vn -0.8305479 0.0000002 -0.5569472
vn -0.9529093 0.0000018 -0.3032555
vn 0.9529101 -0.1516257 -0.2626252
vn 0.8305494 -0.2784691 -0.4823303
vn 0.6434308 -0.3827498 -0.6629475
vn 0.4067843 -0.4567655 -0.7911332
vn 0.1391151 -0.4951363 -0.8576054
vn -0.1391135 -0.4951380 -0.8576047
vn -0.4067881 -0.4567646 -0.7911318
vn -0.6434286 -0.3827472 -0.6629511
vn -0.8305489 -0.2784697 -0.4823309
vn -0.9529105 -0.1516266 -0.2626232
vn 0.9529105 -0.2626232 -0.1516266
vn 0.8305489 -0.4823309 -0.2784697
vn 0.6434286 -0.6629511 -0.3827472
vn 0.4067881 -0.7911318 -0.4567646
vn 0.1391135 -0.8576047 -0.4951380
vn -0.1391151 -0.8576054 -0.4951363
vn -0.4067843 -0.7911332 -0.4567655
vn -0.6434308 -0.6629475 -0.3827498
vn -0.8305494 -0.4823303 -0.2784691
vn -0.9529101 -0.2626252 -0.1516257
vn 0.9529093 -0.3032555 0.0000018
vn 0.8305479 -0.5569472 0.0000002
vn 0.6434368 -0.7654992 -0.0000041
vn 0.4067870 -0.9135230 -0.0000001
vn 0.1391085 -0.9902771 0.0000017
vn -0.1391085 -0.9902771 -0.0000017
vn -0.4067870 -0.9135230 0.0000001
vn -0.6434368 -0.7654992 0.0000041
vn -0.8305479 -0.5569472 -0.0000002
vn -0.9529093 -0.3032555 -0.0000018
vn 0.9529101 -0.2626252 0.1516257
vn 0.8305494 -0.4823303 0.2784691
vn 0.6434308 -0.6629475 0.3827498
vn 0.4067843 -0.7911332 0.4567655
vn 0.1391151 -0.8576054 0.4951363
vn -0.1391135 -0.8576047 0.4951380
vn -0.4067881 -0.7911318 0.4567646
vn -0.6434286 -0.6629511 0.3827472
vn -0.8305489 -0.4823309 0.2784697
vn -0.9529105 -0.2626232 0.1516266
vn 0.9529105 -0.1516266 0.2626232
vn 0.8305489 -0.2784697 0.4823309
vn 0.6434286 -0.3827472 0.6629511
vn 0.4067881 -0.4567646 0.7911318
vn 0.1391135 -0.4951380 0.8576047
vn -0.1391151 -0.4951363 0.8576054
vn -0.4067843 -0.4567655 0.7911332
vn -0.6434308 -0.3827498 0.6629475
vn -0.8305494 -0.2784691 0.4823303
vn -0.9529101 -0.1516257 0.2626252
vn 0.4930147 0.8700210 0.0000009
vn 0.6993444 0.6989716 0.1495195
vn 0.8310515 0.4836918 0.2745827
vn 0.8966597 0.2314435 0.3774061
vn 0.8920321 -0.0379173 0.4503788
vn 0.8181677 -0.3037230 0.4882150
vn 0.6809931 -0.5457978 0.4882143
vn 0.4909248 -0.7457571 0.4503768
vn 0.2622237 -0.8881462 0.3774056
vn 0.0121116 -0.9614871 0.2745831
vn -0.2402592 -0.9591245 0.1495181
vn -0.4930147 -0.8700210 -0.0000009
vn 0.6035469 0.7532611 0.2613979
vn 0.6551247 0.5833883 0.4800727
vn 0.6548546 0.3684662 0.6598471
vn 0.6034734 0.1255997 0.7874291
vn 0.5053613 -0.1264644 0.8535905
vn 0.3681808 -0.3685453 0.8535908
vn 0.2023661 -0.5822389 0.7874299
vn 0.0204214 -0.7511216 0.6598479
vn -0.1638216 -0.8617945 0.4800757
vn -0.3360471 -0.9048426 0.2614041
vn 0.4719335 0.8278410 0.3032458
vn 0.4133616 0.7203852 0.5569358
vn 0.3225737 0.5567531 0.7654882
vn 0.2069549 0.3502942 0.9134898
vn 0.0755247 0.1171136 0.9902426
vn -0.0616590 -0.1249695 0.9902428
vn -0.1941532 -0.3575470 0.9134904
vn -0.3118544 -0.5628314 0.7654853
vn -0.4055604 -0.7248050 0.5569367
vn -0.4676654 -0.8302595 0.3032462
vn 0.3397229 0.9027592 0.2638449
vn 0.1705641 0.8579668 0.4845625
vn -0.0111249 0.7458605 0.6660093
vn -0.1912801 0.5759627 0.7947823
vn -0.3561738 0.3617369 0.8615606
vn -0.4933472 0.1196626 0.8615622
vn -0.5923928 -0.1318757 0.7947827
vn -0.6455679 -0.3737290 0.6660096
vn -0.6483670 -0.5872168 0.4845583
vn -0.5998701 -0.7553399 0.2638513
vn 0.2423630 0.9579271 0.1537393
vn -0.0082101 0.9592750 0.2823545
vn -0.2568572 0.8851090 0.3880804
vn -0.4845258 0.7421325 0.4631134
vn -0.6740565 0.5418699 0.5020208
vn -0.8112323 0.2997924 0.5020225
vn -0.8856326 0.0342991 0.4631182
vn -0.8912967 -0.2344786 0.3880850
vn -0.8271481 -0.4859064 0.2823489
vn -0.6972141 -0.7001822 0.1537444
vn 0.2059535 0.9785587 0.0024424
vn -0.0750770 0.9971676 0.0044868
vn -0.3487694 0.9371883 0.0061607
vn -0.5942064 0.8042790 0.0073549
vn -0.7929488 0.6092361 0.0079690
vn -0.9301184 0.3671733 0.0079760
vn -0.9953107 0.0964491 0.0073609
vn -0.9832028 -0.1824127 0.0061575
vn -0.8940163 -0.4480120 0.0044815
vn -0.7336354 -0.6795390 0.0024300
vn 0.2402556 0.9591244 -0.1495248
vn -0.0121072 0.9614863 -0.2745860
vn -0.2622239 0.8881472 -0.3774031
vn -0.4909267 0.7457561 -0.4503763
vn -0.6809918 0.5457986 -0.4882151
vn -0.8181661 0.3037248 -0.4882166
vn -0.8920317 0.0379134 -0.4503799
vn -0.8966602 -0.2314438 -0.3774047
vn -0.8310555 -0.4836863 -0.2745803
vn -0.6993447 -0.6989732 -0.1495108
vn 0.3360386 0.9048468 -0.2614008
vn 0.1638165 0.8617992 -0.4800692
vn -0.0204209 0.7511208 -0.6598489
vn -0.2023669 0.5822385 -0.7874300
vn -0.3681822 0.3685465 -0.8535897
vn -0.5053610 0.1264651 -0.8535906
vn -0.6034735 -0.1256024 -0.7874286
vn -0.6548535 -0.3684652 -0.6598487
vn -0.6551233 -0.5833874 -0.4800756
vn -0.6035398 -0.7532667 -0.2613982
vn 0.4676708 0.8302568 -0.3032453
vn 0.4055668 0.7248027 -0.5569350
vn 0.3118545 0.5628277 -0.7654880
vn 0.1941541 0.3575513 -0.9134885
vn 0.0616569 0.1249678 -0.9902431
vn -0.0755235 -0.1171156 -0.9902425
vn -0.2069543 -0.3502929 -0.9134904
vn -0.3225786 -0.5567493 -0.7654889
vn -0.4133643 -0.7203875 -0.5569307
vn -0.4719262 -0.8278426 -0.3032528
vn 0.5998609 0.7553467 -0.2638527
vn 0.6483661 0.5872144 -0.4845623
vn 0.6455649 0.3737334 -0.6660100
vn 0.5923935 0.1318745 -0.7947824
vn 0.4933494 -0.1196644 -0.8615607
vn 0.3561717 -0.3617372 -0.8615613
vn 0.1912817 -0.5759618 -0.7947825
vn 0.0111309 -0.7458617 -0.6660078
vn -0.1705691 -0.8579686 -0.4845576
vn -0.3397250 -0.9027557 -0.2638544
vn 0.6972177 0.7001813 -0.1537322
vn 0.8271502 0.4859030 -0.2823489
vn 0.8912998 0.2344774 -0.3880785
vn 0.8856325 -0.0342966 -0.4631187
vn 0.8112297 -0.2997927 -0.5020265
vn 0.6740564 -0.5418715 -0.5020191
vn 0.4845262 -0.7421329 -0.4631125
vn 0.2568589 -0.8851077 -0.3880822
vn 0.0082106 -0.9592755 -0.2823529
vn -0.2423647 -0.9579265 -0.1537407
vn 0.7336373 0.6795369 -0.0024345
vn 0.8940147 0.4480152 -0.0044864
vn 0.9832035 0.1824087 -0.0061644
vn 0.9953110 -0.0964458 -0.0073573
vn 0.9301181 -0.3671741 -0.0079708
vn 0.7929479 -0.6092373 -0.0079709
vn 0.5942082 -0.8042776 -0.0073584
vn 0.3487676 -0.9371890 -0.0061623
vn 0.0750798 -0.9971674 -0.0044862
vn -0.2059561 -0.9785582 -0.0024426
vn -0.4930147 0.8700210 0.0000009
vn -0.2402592 0.9591245 -0.1495181
vn 0.0121116 0.9614871 -0.2745831
vn 0.2622237 0.8881462 -0.3774056
vn 0.4909248 0.7457571 -0.4503768
vn 0.6809931 0.5457978 -0.4882143
vn 0.8181677 0.3037230 -0.4882150
vn 0.8920321 0.0379173 -0.4503788
vn 0.8966597 -0.2314435 -0.3774061
vn 0.8310515 -0.4836918 -0.2745827
vn 0.6993444 -0.6989716 -0.1495195
vn 0.4930147 -0.8700210 -0.0000009
vn -0.2059561 0.9785582 0.0024426
vn 0.0750798 0.9971674 0.0044862
vn 0.3487676 0.9371890 0.0061623
vn 0.5942082 0.8042776 0.0073584
vn 0.7929479 0.6092373 0.0079709
vn 0.9301181 0.3671741 0.0079708
vn 0.9953110 0.0964458 0.0073573
vn 0.9832035 -0.1824087 0.0061644
vn 0.8940147 -0.4480152 0.0044864
vn 0.7336373 -0.6795369 0.0024345
vn -0.2423647 0.9579265 0.1537407
vn 0.0082106 0.9592755 0.2823529
vn 0.2568589 0.8851077 0.3880822
vn 0.4845262 0.7421329 0.4631125
vn 0.6740564 0.5418715 0.5020191
vn 0.8112297 0.2997927 0.5020265
vn 0.8856325 0.0342966 0.4631187
vn 0.8912998 -0.2344774 0.3880785
vn 0.8271502 -0.4859030 0.2823489
vn 0.6972177 -0.7001813 0.1537322
vn -0.3397250 0.9027557 0.2638544
vn -0.1705691 0.8579686 0.4845576
vn 0.0111309 0.7458617 0.6660078
vn 0.1912817 0.5759618 0.7947825
vn 0.3561717 0.3617372 0.8615613
vn 0.4933494 0.1196644 0.8615607
vn 0.5923935 -0.1318745 0.7947824
vn 0.6455649 -0.3737334 0.6660100
vn 0.6483661 -0.5872144 0.4845623
vn 0.5998609 -0.7553467 0.2638527
vn -0.4719262 0.8278426 0.3032528
vn -0.4133643 0.7203875 0.5569307
vn -0.3225786 0.5567493 0.7654889
vn -0.2069543 0.3502929 0.9134904
vn -0.0755235 0.1171156 0.9902425
vn 0.0616569 -0.1249678 0.9902431
vn 0.1941541 -0.3575513 0.9134885
vn 0.3118545 -0.5628277 0.7654880
vn 0.4055668 -0.7248027 0.5569350
vn 0.4676708 -0.8302568 0.3032453
vn -0.6035398 0.7532667 0.2613982
vn -0.6551233 0.5833874 0.4800756
vn -0.6548535 0.3684652 0.6598487
vn -0.6034735 0.1256024 0.7874286
vn -0.5053610 -0.1264651 0.8535906
vn -0.3681822 -0.3685465 0.8535897
vn -0.2023669 -0.5822385 0.7874300
vn -0.0204209 -0.7511208 0.6598489
vn 0.1638165 -0.8617992 0.4800692
vn 0.3360386 -0.9048468 0.2614008
vn -0.6993447 0.6989732 0.1495108
vn -0.8310555 0.4836863 0.2745803
vn -0.8966602 0.2314438 0.3774047
vn -0.8920317 -0.0379134 0.4503799
vn -0.8181661 -0.3037248 0.4882166
vn -0.6809918 -0.5457986 0.4882151
vn -0.4909267 -0.7457561 0.4503763
vn -0.2622239 -0.8881472 0.3774031
vn -0.0121072 -0.9614863 0.2745860
vn 0.2402556 -0.9591244 0.1495248
vn -0.7336354 0.6795390 -0.0024300
vn -0.8940163 0.4480120 -0.0044815
vn -0.9832028 0.1824127 -0.0061575
vn -0.9953107 -0.0964491 -0.0073609
vn -0.9301184 -0.3671733 -0.0079760
vn -0.7929488 -0.6092361 -0.0079690
vn -0.5942064 -0.8042790 -0.0073549
vn -0.3487694 -0.9371883 -0.0061607
vn -0.0750770 -0.9971676 -0.0044868
vn 0.2059535 -0.9785587 -0.0024424
vn -0.6972141 0.7001822 -0.1537444
vn -0.8271481 0.4859064 -0.2823489
vn -0.8912967 0.2344786 -0.3880850
vn -0.8856326 -0.0342991 -0.4631182
vn -0.8112323 -0.2997924 -0.5020225
vn -0.6740565 -0.5418699 -0.5020208
vn -0.4845258 -0.7421325 -0.4631134
vn -0.2568572 -0.8851090 -0.3880804
vn -0.0082101 -0.9592750 -0.2823545
vn 0.2423630 -0.9579271 -0.1537393
vn -0.5998701 0.7553399 -0.2638513
vn -0.6483670 0.5872168 -0.4845583
vn -0.6455679 0.3737290 -0.6660096
vn -0.5923928 0.1318757 -0.7947827
vn -0.4933472 -0.1196626 -0.8615622
vn -0.3561738 -0.3617369 -0.8615606
vn -0.1912801 -0.5759627 -0.7947823
vn -0.0111249 -0.7458605 -0.6660093
vn 0.1705641 -0.8579668 -0.4845625
vn 0.3397229 -0.9027592 -0.2638449
vn -0.4676654 0.8302595 -0.3032462
vn -0.4055604 0.7248050 -0.5569367
vn -0.3118544 0.5628314 -0.7654853
vn -0.1941532 0.3575470 -0.9134904
vn -0.0616590 0.1249695 -0.9902428
vn 0.0755247 -0.1171136 -0.9902426
vn 0.2069549 -0.3502942 -0.9134898
vn 0.3225737 -0.5567531 -0.7654882
vn 0.4133616 -0.7203852 -0.5569358
vn 0.4719335 -0.8278410 -0.3032458
vn -0.3360471 0.9048426 -0.2614041
vn -0.1638216 0.8617945 -0.4800757
vn 0.0204214 0.7511216 -0.6598479
vn 0.2023661 0.5822389 -0.7874299
vn 0.3681808 0.3685453 -0.8535908
vn 0.5053613 0.1264644 -0.8535905
vn 0.6034734 -0.1255997 -0.7874291
vn 0.6548546 -0.3684662 -0.6598471
vn 0.6551247 -0.5833883 -0.4800727
vn 0.6035469 -0.7532611 -0.2613979
vn 0.1166496 0.9914593 -0.0583209
vn 0.4105113 0.9116316 -0.0202071
vn 0.6466658 0.7625943 0.0165328
vn 0.8307197 0.5542781 0.0517747
vn 0.9492237 0.3035023 0.0828294
vn 0.9937719 0.0297273 0.1073951
vn 0.9613150 -0.2461512 0.1236249
vn 0.8543245 -0.5031466 0.1302812
vn 0.6806167 -0.7215807 0.1268161
vn 0.4529117 -0.8843134 0.1134053
vn 0.1882122 -0.9779072 0.0909602
vn -0.1166496 -0.9914593 0.0583209
vn 0.3538369 0.9268640 0.1253894
vn 0.5425795 0.7905680 0.2839187
vn 0.6876522 0.5927311 0.4192902
vn 0.7785009 0.3493798 0.5214117
vn 0.8087008 0.0794629 0.5828282
vn 0.7762440 -0.1964084 0.5990567
vn 0.6836063 -0.4572537 0.5688599
vn 0.5375588 -0.6831270 0.4943360
vn 0.3488273 -0.8563375 0.3807961
vn 0.1315389 -0.9626790 0.2365304
vn 0.2321380 0.9468940 0.2224942
vn 0.3190744 0.8273532 0.4622534
vn 0.3804447 0.6432937 0.6644058
vn 0.4118895 0.4097176 0.8139278
vn 0.4112895 0.1448686 0.8999189
vn 0.3788388 -0.1309905 0.9161456
vn 0.3169949 -0.3969183 0.8613769
vn 0.2303278 -0.6325759 0.7394571
vn 0.1253114 -0.8195523 0.5591342
vn 0.0098218 -0.9426470 0.3336469
vn 0.0780051 0.9663594 0.2450809
vn 0.0360167 0.8630954 0.5037549
vn -0.0086047 0.6924133 0.7214498
vn -0.0523773 0.4683438 0.8819925
vn -0.0919841 0.2084248 0.9737033
vn -0.1244422 -0.0674519 0.9899315
vn -0.1472751 -0.3382965 0.9294437
vn -0.1586926 -0.5834392 0.7965020
vn -0.1577215 -0.7838095 0.6006385
vn -0.1442987 -0.9231896 0.3562287
vn -0.0672182 0.9800320 0.1871337
vn -0.2307310 0.8882124 0.3972934
vn -0.3752345 0.7269389 0.5751164
vn -0.4898948 0.5095408 0.7073692
vn -0.5662587 0.2530799 0.7844117
vn -0.5987110 -0.0227802 0.8006411
vn -0.5847867 -0.2970966 0.7548232
vn -0.5253245 -0.5489187 0.6501711
vn -0.4244769 -0.7586963 0.4941653
vn -0.2895276 -0.9095117 0.2982656
vn -0.1646725 0.9842625 0.0641114
vn -0.4096940 0.8959772 0.1713934
vn -0.6212033 0.7376166 0.2646284
vn -0.7834214 0.5222829 0.3368552
vn -0.8844528 0.2668954 0.3827664
vn -0.9169107 -0.0089778 0.3989915
vn -0.8783249 -0.2843541 0.3843022
vn -0.7713055 -0.5382406 0.3396834
vn -0.6034386 -0.7509306 0.2682631
vn -0.3869712 -0.9052792 0.1752792
vn -0.1882167 0.9779076 -0.0909461
vn -0.4529107 0.8843150 -0.1133972
vn -0.6806165 0.7215811 -0.1268143
vn -0.8543249 0.5031464 -0.1302791
vn -0.9613152 0.2461509 -0.1236234
vn -0.9937718 -0.0297275 -0.1073962
vn -0.9492241 -0.3035001 -0.0828334
vn -0.8307175 -0.5542814 -0.0517750
vn -0.6466671 -0.7625933 -0.0165283
vn -0.4105105 -0.9116322 0.0201967
vn -0.1315325 0.9626794 -0.2365325
vn -0.3488251 0.8563348 -0.3808041
vn -0.5375552 0.6831251 -0.4943424
vn -0.6836034 0.4572583 -0.5688596
vn -0.7762456 0.1964056 -0.5990557
vn -0.8087006 -0.0794643 -0.5828282
vn -0.7785021 -0.3493769 -0.5214118
vn -0.6876519 -0.5927320 -0.4192895
vn -0.5425764 -0.7905697 -0.2839198
vn -0.3538433 -0.9268621 -0.1253855
vn -0.0098174 0.9426441 -0.3336551
vn -0.1253176 0.8195565 -0.5591267
vn -0.2303391 0.6325754 -0.7394540
vn -0.3169922 0.3969183 -0.8613778
vn -0.3788341 0.1309902 -0.9161475
vn -0.4112920 -0.1448673 -0.8999180
vn -0.4118907 -0.4097179 -0.8139271
vn -0.3804405 -0.6432963 -0.6644057
vn -0.3190751 -0.8273510 -0.4622568
vn -0.2321367 -0.9468947 -0.2224927
vn 0.1442948 0.9231869 -0.3562371
vn 0.1577264 0.7838151 -0.6006299
vn 0.1587007 0.5834348 -0.7965036
vn 0.1472709 0.3382974 -0.9294440
vn 0.1244365 0.0674522 -0.9899322
vn 0.0919871 -0.2084243 -0.9737031
vn 0.0523794 -0.4683455 -0.8819914
vn 0.0086015 -0.6924131 -0.7214500
vn -0.0360192 -0.8630937 -0.5037578
vn -0.0780074 -0.9663599 -0.2450782
vn 0.2895165 0.9095139 -0.2982695
vn 0.4244834 0.7586916 -0.4941668
vn 0.5253182 0.5489240 -0.6501717
vn 0.5847885 0.2970948 -0.7548225
vn 0.5987155 0.0227795 -0.8006378
vn 0.5662566 -0.2530789 -0.7844135
vn 0.4898917 -0.5095404 -0.7073716
vn 0.3752336 -0.7269392 -0.5751166
vn 0.2307313 -0.8882143 -0.3972888
vn 0.0672323 -0.9800317 -0.1871303
vn 0.3869744 0.9052804 -0.1752664
vn 0.6034375 0.7509285 -0.2682715
vn 0.7713061 0.5382431 -0.3396782
vn 0.8783273 0.2843499 -0.3842997
vn 0.9169098 0.0089807 -0.3989935
vn 0.8844538 -0.2668933 -0.3827655
vn 0.7834215 -0.5222846 -0.3368524
vn 0.6212044 -0.7376160 -0.2646275
vn 0.4096896 -0.8959783 -0.1713982
vn 0.1646656 -0.9842625 -0.0641297
vn -0.1166496 0.9914593 -0.0583209
vn 0.1882122 0.9779072 -0.0909602
vn 0.4529117 0.8843134 -0.1134053
vn 0.6806167 0.7215807 -0.1268161
vn 0.8543245 0.5031466 -0.1302812
vn 0.9613150 0.2461512 -0.1236249
vn 0.9937719 -0.0297273 -0.1073951
vn 0.9492237 -0.3035023 -0.0828294
vn 0.8307197 -0.5542781 -0.0517747
vn 0.6466658 -0.7625943 -0.0165328
vn 0.4105113 -0.9116316 0.0202071
vn 0.1166496 -0.9914593 0.0583209
vn 0.1646656 0.9842625 0.0641297
vn 0.4096896 0.8959783 0.1713982
vn 0.6212044 0.7376160 0.2646275
vn 0.7834215 0.5222846 0.3368524
vn 0.8844538 0.2668933 0.3827655
vn 0.9169098 -0.0089807 0.3989935
vn 0.8783273 -0.2843499 0.3842997
vn 0.7713061 -0.5382431 0.3396782
vn 0.6034375 -0.7509285 0.2682715
vn 0.3869744 -0.9052804 0.1752664
vn 0.0672323 0.9800317 0.1871303
vn 0.2307313 0.8882143 0.3972888
vn 0.3752336 0.7269392 0.5751166
vn 0.4898917 0.5095404 0.7073716
vn 0.5662566 0.2530789 0.7844135
vn 0.5987155 -0.0227795 0.8006378
vn 0.5847885 -0.2970948 0.7548225
vn 0.5253182 -0.5489240 0.6501717
vn 0.4244834 -0.7586916 0.4941668
vn 0.2895165 -0.9095139 0.2982695
vn -0.0780074 0.9663599 0.2450782
vn -0.0360192 0.8630937 0.5037578
vn 0.0086015 0.6924131 0.7214500
vn 0.0523794 0.4683455 0.8819914
vn 0.0919871 0.2084243 0.9737031
vn 0.1244365 -0.0674522 0.9899322
vn 0.1472709 -0.3382974 0.9294440
vn 0.1587007 -0.5834348 0.7965036
vn 0.1577264 -0.7838151 0.6006299
vn 0.1442948 -0.9231869 0.3562371
vn -0.2321367 0.9468947 0.2224927
vn -0.3190751 0.8273510 0.4622568
vn -0.3804405 0.6432963 0.6644057
vn -0.4118907 0.4097179 0.8139271
vn -0.4112920 0.1448673 0.8999180
vn -0.3788341 -0.1309902 0.9161475
vn -0.3169922 -0.3969183 0.8613778
vn -0.2303391 -0.6325754 0.7394540
vn -0.1253176 -0.8195565 0.5591267
vn -0.0098174 -0.9426441 0.3336551
vn -0.3538433 0.9268621 0.1253855
vn -0.5425764 0.7905697 0.2839198
vn -0.6876519 0.5927320 0.4192895
vn -0.7785021 0.3493769 0.5214118
vn -0.8087006 0.0794643 0.5828282
vn -0.7762456 -0.1964056 0.5990557
vn -0.6836034 -0.4572583 0.5688596
vn -0.5375552 -0.6831251 0.4943424
vn -0.3488251 -0.8563348 0.3808041
vn -0.1315325 -0.9626794 0.2365325
vn -0.4105105 0.9116322 -0.0201967
vn -0.6466671 0.7625933 0.0165283
vn -0.8307175 0.5542814 0.0517750
vn -0.9492241 0.3035001 0.0828334
vn -0.9937718 0.0297275 0.1073962
vn -0.9613152 -0.2461509 0.1236234
vn -0.8543249 -0.5031464 0.1302791
vn -0.6806165 -0.7215811 0.1268143
vn -0.4529107 -0.8843150 0.1133972
vn -0.1882167 -0.9779076 0.0909461
vn -0.3869712 0.9052792 -0.1752792
vn -0.6034386 0.7509306 -0.2682631
vn -0.7713055 0.5382406 -0.3396834
vn -0.8783249 0.2843541 -0.3843022
vn -0.9169107 0.0089778 -0.3989915
vn -0.8844528 -0.2668954 -0.3827664
vn -0.7834214 -0.5222829 -0.3368552
vn -0.6212033 -0.7376166 -0.2646284
vn -0.4096940 -0.8959772 -0.1713934
vn -0.1646725 -0.9842625 -0.0641114
vn -0.2895276 0.9095117 -0.2982656
vn -0.4244769 0.7586963 -0.4941653
vn -0.5253245 0.5489187 -0.6501711
vn -0.5847867 0.2970966 -0.7548232
vn -0.5987110 0.0227802 -0.8006411
vn -0.5662587 -0.2530799 -0.7844117
vn -0.4898948 -0.5095408 -0.7073692
vn -0.3752345 -0.7269389 -0.5751164
vn -0.2307310 -0.8882124 -0.3972934
vn -0.0672182 -0.9800320 -0.1871337
vn -0.1442987 0.9231896 -0.3562287
vn -0.1577215 0.7838095 -0.6006385
vn -0.1586926 0.5834392 -0.7965020
vn -0.1472751 0.3382965 -0.9294437
vn -0.1244422 0.0674519 -0.9899315
vn -0.0919841 -0.2084248 -0.9737033
vn -0.0523773 -0.4683438 -0.8819925
vn -0.0086047 -0.6924133 -0.7214498
vn 0.0360167 -0.8630954 -0.5037549
vn 0.0780051 -0.9663594 -0.2450809
vn 0.0098218 0.9426470 -0.3336469
vn 0.1253114 0.8195523 -0.5591342
vn 0.2303278 0.6325759 -0.7394571
vn 0.3169949 0.3969183 -0.8613769
vn 0.3788388 0.1309905 -0.9161456
vn 0.4112895 -0.1448686 -0.8999189
vn 0.4118895 -0.4097176 -0.8139278
vn 0.3804447 -0.6432937 -0.6644058
vn 0.3190744 -0.8273532 -0.4622534
vn 0.2321380 -0.9468940 -0.2224942
vn 0.1315389 0.9626790 -0.2365304
vn 0.3488273 0.8563375 -0.3807961
vn 0.5375588 0.6831270 -0.4943360
vn 0.6836063 0.4572537 -0.5688599
vn 0.7762440 0.1964084 -0.5990567
vn 0.8087008 -0.0794629 -0.5828282
vn 0.7785009 -0.3493798 -0.5214117
vn 0.6876522 -0.5927311 -0.4192902
vn 0.5425795 -0.7905680 -0.2839187
vn 0.3538369 -0.9268640 -0.1253894
vn -0.4465176 -0.8930321 0.0558183
vn -0.1862743 -0.9790514 -0.0822205
vn 0.0684923 -0.9769182 -0.2023353
vn 0.3165601 -0.8978987 -0.3058881
vn 0.5389843 -0.7490772 -0.3852003
vn 0.7190521 -0.5424500 -0.4344101
vn 0.8432836 -0.2939844 -0.4499399
vn 0.9022587 -0.0225299 -0.4306060
vn 0.8911581 0.2513136 -0.3777282
vn 0.8101965 0.5064921 -0.2950380
vn 0.6647166 0.7229024 -0.1885840
vn 0.4465176 0.8930321 -0.0558183
vn -0.2823536 -0.9383395 -0.1994880
vn -0.1079789 -0.9021468 -0.4176982
vn 0.0740104 -0.7951256 -0.6019118
vn 0.2495423 -0.6264279 -0.7384557
vn 0.4052903 -0.4095041 -0.8173409
vn 0.5295244 -0.1610276 -0.8328710
vn 0.6128119 0.1001266 -0.7838598
vn 0.6486114 0.3540770 -0.6737453
vn 0.6337335 0.5812540 -0.5104172
vn 0.5686325 0.7636169 -0.3058535
vn -0.4168059 -0.8742116 -0.2490522
vn -0.3548839 -0.7843831 -0.5087244
vn -0.2653522 -0.6332629 -0.7270257
vn -0.1554479 -0.4332697 -0.8877575
vn -0.0337229 -0.2001158 -0.9791917
vn 0.0905113 0.0483650 -0.9947203
vn 0.2078369 0.2932778 -0.9331623
vn 0.3092501 0.5159374 -0.7988572
vn 0.3868206 0.6990256 -0.6014424
vn 0.4341769 0.8277470 -0.3554228
vn -0.5535557 -0.8038736 -0.2176313
vn -0.6060683 -0.6551826 -0.4510177
vn -0.6105965 -0.4556737 -0.6477140
vn -0.5674444 -0.2213644 -0.7930982
vn -0.4803366 0.0295908 -0.8765850
vn -0.3561008 0.2780719 -0.8921145
vn -0.2041650 0.5051881 -0.8385116
vn -0.0359947 0.6935197 -0.7195379
vn 0.1356378 0.8282253 -0.5437326
vn 0.2974257 0.8980905 -0.3239928
vn -0.6560136 -0.7461456 -0.1136350
vn -0.7942312 -0.5491630 -0.2600324
vn -0.8692111 -0.3099707 -0.3852145
vn -0.8760608 -0.0474886 -0.4798565
vn -0.8148911 0.2180960 -0.5370164
vn -0.6906519 0.4665745 -0.5525469
vn -0.5127833 0.6790899 -0.5252526
vn -0.2946083 0.8392398 -0.4570366
vn -0.0525224 0.9342440 -0.3527457
vn 0.1949656 0.9558154 -0.2200119
vn -0.6967019 -0.7165036 0.0350586
vn -0.8689397 -0.4947462 0.0130359
vn -0.9719034 -0.2351725 -0.0098794
vn -0.9986155 0.0417920 -0.0319451
vn -0.9477362 0.3148768 -0.0514648
vn -0.8234978 0.5633496 -0.0669970
vn -0.6353374 0.7683515 -0.0773461
vn -0.3973125 0.9140387 -0.0817068
vn -0.1272335 0.9886675 -0.0796760
vn 0.1542908 0.9854468 -0.0713369
vn -0.6647194 -0.7229033 0.1885710
vn -0.8101975 -0.5064935 0.2950330
vn -0.8911580 -0.2513105 0.3777305
vn -0.9022567 0.0225304 0.4306102
vn -0.8432829 0.2939829 0.4499422
vn -0.7190529 0.5424510 0.4344074
vn -0.5389846 0.7490774 0.3851996
vn -0.3165607 0.8978966 0.3058939
vn -0.0684886 0.9769191 0.2023324
vn 0.1862699 0.9790525 0.0822180
vn -0.5686194 -0.7636232 0.3058622
vn -0.6337256 -0.5812584 0.5104219
vn -0.6486107 -0.3540757 0.6737467
vn -0.6128145 -0.1001243 0.7838581
vn -0.5295266 0.1610269 0.8328697
vn -0.4052903 0.4095028 0.8173416
vn -0.2495420 0.6264303 0.7384537
vn -0.0740155 0.7951255 0.6019113
vn 0.1079822 0.9021469 0.4176971
vn 0.2823546 0.9383386 0.1994906
vn -0.4341859 -0.8277408 0.3554260
vn -0.3868270 -0.6990242 0.6014399
vn -0.3092494 -0.5159367 0.7988580
vn -0.2078400 -0.2932802 0.9331609
vn -0.0905121 -0.0483615 0.9947204
vn 0.0337193 0.2001142 0.9791922
vn 0.1554485 0.4332732 0.8877557
vn 0.2653578 0.6332608 0.7270255
vn 0.3548844 0.7843802 0.5087285
vn 0.4167975 0.8742170 0.2490473
vn -0.2974226 -0.8980924 0.3239904
vn -0.1356317 -0.8282277 0.5437306
vn 0.0359965 -0.6935198 0.7195378
vn 0.2041676 -0.5051920 0.8385086
vn 0.3561046 -0.2780728 0.8921127
vn 0.4803383 -0.0295943 0.8765839
vn 0.5674466 0.2213660 0.7930961
vn 0.6105904 0.4556764 0.6477178
vn 0.6060655 0.6551840 0.4510194
vn 0.5535680 0.8038670 0.2176242
vn -0.1949672 -0.9558144 0.2200148
vn 0.0525203 -0.9342420 0.3527514
vn 0.2946024 -0.8392393 0.4570414
vn 0.5127855 -0.6790856 0.5252560
vn 0.6906502 -0.4665769 0.5525471
vn 0.8148934 -0.2180935 0.5370140
vn 0.8760614 0.0474819 0.4798560
vn 0.8692111 0.3099710 0.3852143
vn 0.7942288 0.5491677 0.2600299
vn 0.6560108 0.7461464 0.1136459
vn -0.1542953 -0.9854459 0.0713390
vn 0.1272361 -0.9886674 0.0796727
vn 0.3973113 -0.9140399 0.0816994
vn 0.6353380 -0.7683509 0.0773470
vn 0.8234979 -0.5633491 0.0670002
vn 0.9477373 -0.3148734 0.0514669
vn 0.9986153 -0.0417965 0.0319464
vn 0.9719031 0.2351740 0.0098739
vn 0.8689416 0.4947428 -0.0130394
vn 0.6966982 0.7165071 -0.0350582
vn 0.4465176 -0.8930321 0.0558183
vn 0.6647166 -0.7229024 0.1885840
vn 0.8101965 -0.5064921 0.2950380
vn 0.8911581 -0.2513136 0.3777282
vn 0.9022587 0.0225299 0.4306060
vn 0.8432836 0.2939844 0.4499399
vn 0.7190521 0.5424500 0.4344101
vn 0.5389843 0.7490772 0.3852003
vn 0.3165601 0.8978987 0.3058881
vn 0.0684923 0.9769182 0.2023353
vn -0.1862743 0.9790514 0.0822205
vn -0.4465176 0.8930321 -0.0558183
vn 0.6966982 -0.7165071 0.0350582
vn 0.8689416 -0.4947428 0.0130394
vn 0.9719031 -0.2351740 -0.0098739
vn 0.9986153 0.0417965 -0.0319464
vn 0.9477373 0.3148734 -0.0514669
vn 0.8234979 0.5633491 -0.0670002
vn 0.6353380 0.7683509 -0.0773470
vn 0.3973113 0.9140399 -0.0816994
vn 0.1272361 0.9886674 -0.0796727
vn -0.1542953 0.9854459 -0.0713390
vn 0.6560108 -0.7461464 -0.1136459
vn 0.7942288 -0.5491677 -0.2600299
vn 0.8692111 -0.3099710 -0.3852143
vn 0.8760614 -0.0474819 -0.4798560
vn 0.8148934 0.2180935 -0.5370140
vn 0.6906502 0.4665769 -0.5525471
vn 0.5127855 0.6790856 -0.5252560
vn 0.2946024 0.8392393 -0.4570414
vn 0.0525203 0.9342420 -0.3527514
vn -0.1949672 0.9558144 -0.2200148
vn 0.5535680 -0.8038670 -0.2176242
vn 0.6060655 -0.6551840 -0.4510194
vn 0.6105904 -0.4556764 -0.6477178
vn 0.5674466 -0.2213660 -0.7930961
vn 0.4803383 0.0295943 -0.8765839
vn 0.3561046 0.2780728 -0.8921127
vn 0.2041676 0.5051920 -0.8385086
vn 0.0359965 0.6935198 -0.7195378
vn -0.1356317 0.8282277 -0.5437306
vn -0.2974226 0.8980924 -0.3239904
vn 0.4167975 -0.8742170 -0.2490473
vn 0.3548844 -0.7843802 -0.5087285
vn 0.2653578 -0.6332608 -0.7270255
vn 0.1554485 -0.4332732 -0.8877557
vn 0.0337193 -0.2001142 -0.9791922
vn -0.0905121 0.0483615 -0.9947204
vn -0.2078400 0.2932802 -0.9331609
vn -0.3092494 0.5159367 -0.7988580
vn -0.3868270 0.6990242 -0.6014399
vn -0.4341859 0.8277408 -0.3554260
vn 0.2823546 -0.9383386 -0.1994906
vn 0.1079822 -0.9021469 -0.4176971
vn -0.0740155 -0.7951255 -0.6019113
vn -0.2495420 -0.6264303 -0.7384537
vn -0.4052903 -0.4095028 -0.8173416
vn -0.5295266 -0.1610269 -0.8328697
vn -0.6128145 0.1001243 -0.7838581
vn -0.6486107 0.3540757 -0.6737467
vn -0.6337256 0.5812584 -0.5104219
vn -0.5686194 0.7636232 -0.3058622
vn 0.1862699 -0.9790525 -0.0822180
vn -0.0684886 -0.9769191 -0.2023324
vn -0.3165607 -0.8978966 -0.3058939
vn -0.5389846 -0.7490774 -0.3851996
vn -0.7190529 -0.5424510 -0.4344074
vn -0.8432829 -0.2939829 -0.4499422
vn -0.9022567 -0.0225304 -0.4306102
vn -0.8911580 0.2513105 -0.3777305
vn -0.8101975 0.5064935 -0.2950330
vn -0.6647194 0.7229033 -0.1885710
vn 0.1542908 -0.9854468 0.0713369
vn -0.1272335 -0.9886675 0.0796760
vn -0.3973125 -0.9140387 0.0817068
vn -0.6353374 -0.7683515 0.0773461
vn -0.8234978 -0.5633496 0.0669970
vn -0.9477362 -0.3148768 0.0514648
vn -0.9986155 -0.0417920 0.0319451
vn -0.9719034 0.2351725 0.0098794
vn -0.8689397 0.4947462 -0.0130359
vn -0.6967019 0.7165036 -0.0350586
vn 0.1949656 -0.9558154 0.2200119
vn -0.0525224 -0.9342440 0.3527457
vn -0.2946083 -0.8392398 0.4570366
vn -0.5127833 -0.6790899 0.5252526
vn -0.6906519 -0.4665745 0.5525469
vn -0.8148911 -0.2180960 0.5370164
vn -0.8760608 0.0474886 0.4798565
vn -0.8692111 0.3099707 0.3852145
vn -0.7942312 0.5491630 0.2600324
vn -0.6560136 0.7461456 0.1136350
vn 0.2974257 -0.8980905 0.3239928
vn 0.1356378 -0.8282253 0.5437326
vn -0.0359947 -0.6935197 0.7195379
vn -0.2041650 -0.5051881 0.8385116
vn -0.3561008 -0.2780719 0.8921145
vn -0.4803366 -0.0295908 0.8765850
vn -0.5674444 0.2213644 0.7930982
vn -0.6105965 0.4556737 0.6477140
vn -0.6060683 0.6551826 0.4510177
vn -0.5535557 0.8038736 0.2176313
vn 0.4341769 -0.8277470 0.3554228
vn 0.3868206 -0.6990256 0.6014424
vn 0.3092501 -0.5159374 0.7988572
vn 0.2078369 -0.2932778 0.9331623
vn 0.0905113 -0.0483650 0.9947203
vn -0.0337229 0.2001158 0.9791917
vn -0.1554479 0.4332697 0.8877575
vn -0.2653522 0.6332629 0.7270257
vn -0.3548839 0.7843831 0.5087244
vn -0.4168059 0.8742116 0.2490522
vn 0.5686325 -0.7636169 0.3058535
vn 0.6337335 -0.5812540 0.5104172
vn 0.6486114 -0.3540770 0.6737453
vn 0.6128119 -0.1001266 0.7838598
vn 0.5295244 0.1610276 0.8328710
vn 0.4052903 0.4095041 0.8173409
vn 0.2495423 0.6264279 0.7384557
vn 0.0740104 0.7951256 0.6019118
vn -0.1079789 0.9021468 0.4176982
vn -0.2823536 0.9383395 0.1994880
vn 0.0000000 -1.0000000 -0.0000000
vn 0.3032455 -0.9529125 0.0000005
vn 0.5569589 -0.8305401 -0.0000028
vn 0.7655119 -0.6434218 0.0000022
vn 0.9135192 -0.4067957 0.0000019
vn 0.9902758 -0.1391182 -0.0000001
vn 0.9902758 0.1391182 0.0000001
vn 0.9135192 0.4067957 -0.0000019
vn 0.7655119 0.6434218 -0.0000022
vn 0.5569589 0.8305401 0.0000028
vn 0.3032455 0.9529125 -0.0000005
vn 0.0000000 1.0000000 -0.0000000
vn 0.2626190 -0.9529123 -0.1516227
vn 0.4823370 -0.8305438 -0.2784745
vn 0.6629563 -0.6434179 -0.3827563
vn 0.7911352 -0.4067881 -0.4567587
vn 0.8576029 -0.1391209 -0.4951390
vn 0.8576029 0.1391209 -0.4951391
vn 0.7911354 0.4067902 -0.4567566
vn 0.6629597 0.6434147 -0.3827558
vn 0.4823339 0.8305451 -0.2784759
vn 0.2626196 0.9529122 -0.1516225
vn 0.1516225 -0.9529122 -0.2626196
vn 0.2784759 -0.8305451 -0.4823339
vn 0.3827558 -0.6434147 -0.6629597
vn 0.4567566 -0.4067902 -0.7911354
vn 0.4951391 -0.1391209 -0.8576029
vn 0.4951390 0.1391209 -0.8576029
vn 0.4567587 0.4067881 -0.7911352
vn 0.3827563 0.6434179 -0.6629563
vn 0.2784745 0.8305438 -0.4823370
vn 0.1516227 0.9529123 -0.2626190
vn 0.0000005 -0.9529125 -0.3032455
vn -0.0000028 -0.8305401 -0.5569589
vn 0.0000022 -0.6434218 -0.7655119
vn 0.0000019 -0.4067957 -0.9135192
vn -0.0000001 -0.1391182 -0.9902758
vn 0.0000001 0.1391182 -0.9902758
vn -0.0000019 0.4067957 -0.9135192
vn -0.0000022 0.6434218 -0.7655119
vn 0.0000028 0.8305401 -0.5569589
vn -0.0000005 0.9529125 -0.3032455
vn -0.1516227 -0.9529123 -0.2626190
vn -0.2784745 -0.8305438 -0.4823370
vn -0.3827563 -0.6434179 -0.6629563
vn -0.4567587 -0.4067881 -0.7911352
vn -0.4951390 -0.1391209 -0.8576029
vn -0.4951391 0.1391209 -0.8576029
vn -0.4567566 0.4067902 -0.7911354
vn -0.3827558 0.6434147 -0.6629597
vn -0.2784759 0.8305451 -0.4823339
vn -0.1516225 0.9529122 -0.2626196
vn -0.2626196 -0.9529122 -0.1516225
vn -0.4823339 -0.8305451 -0.2784759
vn -0.6629597 -0.6434147 -0.3827558
vn -0.7911354 -0.4067902 -0.4567566
vn -0.8576029 -0.1391209 -0.4951391
vn -0.8576029 0.1391209 -0.4951390
vn -0.7911352 0.4067881 -0.4567587
vn -0.6629563 0.6434179 -0.3827563
vn -0.4823370 0.8305438 -0.2784745
vn -0.2626190 0.9529123 -0.1516227
vn -0.3032455 -0.9529125 -0.0000005
vn -0.5569589 -0.8305401 0.0000028
vn -0.7655119 -0.6434218 -0.0000022
vn -0.9135192 -0.4067957 -0.0000019
vn -0.9902758 -0.1391182 0.0000001
vn -0.9902758 0.1391182 -0.0000001
vn -0.9135192 0.4067957 0.0000019
vn -0.7655119 0.6434218 0.0000022
vn -0.5569589 0.8305401 -0.0000028
vn -0.3032455 0.9529125 0.0000005
vn -0.2626190 -0.9529123 0.1516227
vn -0.4823370 -0.8305438 0.2784745
vn -0.6629563 -0.6434179 0.3827563
vn -0.7911352 -0.4067881 0.4567587
vn -0.8576029 -0.1391209 0.4951390
vn -0.8576029 0.1391209 0.4951391
vn -0.7911354 0.4067902 0.4567566
vn -0.6629597 0.6434147 0.3827558
vn -0.4823339 0.8305451 0.2784759
vn -0.2626196 0.9529122 0.1516225
vn -0.1516225 -0.9529122 0.2626196
vn -0.2784759 -0.8305451 0.4823339
vn -0.3827558 -0.6434147 0.6629597
vn -0.4567566 -0.4067902 0.7911354
vn -0.4951391 -0.1391209 0.8576029
vn -0.4951390 0.1391209 0.8576029
vn -0.4567587 0.4067881 0.7911352
vn -0.3827563 0.6434179 0.6629563
vn -0.2784745 0.8305438 0.4823370
vn -0.1516227 0.9529123 0.2626190
vn -0.0000005 -0.9529125 0.3032455
vn 0.0000028 -0.8305401 0.5569589
vn -0.0000022 -0.6434218 0.7655119
vn -0.0000019 -0.4067957 0.9135192
vn 0.0000001 -0.1391182 0.9902758
vn -0.0000001 0.1391182 0.9902758
vn 0.0000019 0.4067957 0.9135192
vn 0.0000022 0.6434218 0.7655119
vn -0.0000028 0.8305401 0.5569589
vn 0.0000005 0.9529125 0.3032455
vn 0.1516227 -0.9529123 0.2626190
vn 0.2784745 -0.8305438 0.4823370
vn 0.3827563 -0.6434179 0.6629563
vn 0.4567587 -0.4067881 0.7911352
vn 0.4951390 -0.1391209 0.8576029
vn 0.4951391 0.1391209 0.8576029
vn 0.4567566 0.4067902 0.7911354
vn 0.3827558 0.6434147 0.6629597
vn 0.2784759 0.8305451 0.4823339
vn 0.1516225 0.9529122 0.2626196
vn 0.2626196 -0.9529122 0.1516225
vn 0.4823339 -0.8305451 0.2784759
vn 0.6629597 -0.6434147 0.3827558
vn 0.7911354 -0.4067902 0.4567566
vn 0.8576029 -0.1391209 0.4951391
vn 0.8576029 0.1391209 0.4951390
vn 0.7911352 0.4067881 0.4567587
vn 0.6629563 0.6434179 0.3827563
vn 0.4823370 0.8305438 0.2784745
vn 0.2626190 0.9529123 0.1516227
vn -0.0344342 -0.9988137 0.0344300
vn 0.2700620 -0.9625827 0.0223844
vn 0.5276596 -0.8494037 0.0094179
vn 0.7423984 -0.6699455 -0.0042016
vn 0.8983918 -0.4388481 -0.0174532
vn 0.9842694 -0.1742257 -0.0293116
vn 0.9938509 0.1036709 -0.0388950
vn 0.9264089 0.3737622 -0.0454794
vn 0.7867221 0.6153970 -0.0485279
vn 0.5848669 0.8097204 -0.0477879
vn 0.3357156 0.9409704 -0.0432406
vn 0.0344342 0.9988137 -0.0344300
vn 0.2240857 -0.9661710 -0.1276682
vn 0.4432158 -0.8559945 -0.2661451
vn 0.6263346 -0.6790047 -0.3829590
vn 0.7598776 -0.4496720 -0.4694476
vn 0.8341200 -0.1859532 -0.5192931
vn 0.8436968 0.0919542 -0.5288858
vn 0.7878988 0.3629455 -0.4974797
vn 0.6706626 0.6063249 -0.4272958
vn 0.5004330 0.8031257 -0.3233510
vn 0.2897257 0.9373900 -0.1932845
vn 0.1092703 -0.9659045 -0.2347094
vn 0.2323505 -0.8555081 -0.4627300
vn 0.3365035 -0.6783180 -0.6531846
vn 0.4140074 -0.4488497 -0.7919165
vn 0.4591855 -0.1850774 -0.8688470
vn 0.4687697 0.0928255 -0.8784295
vn 0.4420325 0.3637469 -0.8199363
vn 0.3808353 0.6070010 -0.6975058
vn 0.2895612 0.8036157 -0.5199578
vn 0.1749069 0.9376555 -0.3003492
vn -0.0436237 -0.9618528 -0.2700669
vn -0.0484558 -0.8480610 -0.5276785
vn -0.0494325 -0.6680933 -0.7424337
vn -0.0465492 -0.4366534 -0.8984247
vn -0.0400652 -0.1718435 -0.9843092
vn -0.0304863 0.1060634 -0.9938919
vn -0.0185312 0.3759599 -0.9264506
vn -0.0051128 0.6172373 -0.7867605
vn 0.0087584 0.8110641 -0.5848917
vn 0.0220074 0.9417071 -0.3357132
vn -0.1936320 -0.9550978 -0.2242649
vn -0.3239282 -0.8356619 -0.4435535
vn -0.4280645 -0.6510574 -0.6268054
vn -0.4983980 -0.4163172 -0.7604468
vn -0.5298807 -0.1497923 -0.8347387
vn -0.5202937 0.1281102 -0.8443235
vn -0.4703795 0.3962985 -0.7884736
vn -0.3837516 0.6342831 -0.6711331
vn -0.2667191 0.8234622 -0.5007704
vn -0.1279876 0.9484662 -0.2898811
vn -0.3005246 -0.9474586 -0.1095772
vn -0.5202728 -0.8216237 -0.2329179
vn -0.6979298 -0.6317642 -0.3372952
vn -0.8204512 -0.3932859 -0.4149532
vn -0.8789842 -0.1248330 -0.4602211
vn -0.8694002 0.1530674 -0.4698018
vn -0.7924231 0.4193270 -0.4429792
vn -0.6536155 0.6535663 -0.3816254
vn -0.4630570 0.8374978 -0.2901305
vn -0.2349011 0.9561025 -0.1751840
vn -0.3357115 -0.9409717 0.0432446
vn -0.5848683 -0.8097199 0.0477780
vn -0.7867213 -0.6153982 0.0485255
vn -0.9264109 -0.3737576 0.0454760
vn -0.9938507 -0.1036741 0.0388916
vn -0.9842694 0.1742262 0.0293068
vn -0.8983931 0.4388456 0.0174459
vn -0.7423987 0.6699451 0.0042040
vn -0.5276529 0.8494080 -0.0094093
vn -0.2700690 0.9625807 -0.0223848
vn -0.2897245 -0.9373916 0.1932789
vn -0.5004288 -0.8031268 0.3233548
vn -0.6706626 -0.6063229 0.4272988
vn -0.7878993 -0.3629464 0.4974782
vn -0.8436975 -0.0919528 0.5288849
vn -0.8341188 0.1859518 0.5192955
vn -0.7598719 0.4496754 0.4694537
vn -0.6263319 0.6790035 0.3829655
vn -0.4432197 0.8559936 0.2661416
vn -0.2240901 0.9661711 0.1276596
vn -0.1749000 -0.9376564 0.3003505
vn -0.2895589 -0.8036138 0.5199621
vn -0.3808336 -0.6070027 0.6975052
vn -0.4420305 -0.3637472 0.8199372
vn -0.4687683 -0.0928248 0.8784304
vn -0.4591858 0.1850781 0.8688466
vn -0.4140132 0.4488499 0.7919134
vn -0.3365119 0.6783177 0.6531806
vn -0.2323475 0.8555073 0.4627330
vn -0.1092619 0.9659047 0.2347124
vn -0.0220073 -0.9417062 0.3357159
vn -0.0087611 -0.8110639 0.5848920
vn 0.0051138 -0.6172374 0.7867604
vn 0.0185318 -0.3759605 0.9264504
vn 0.0304858 -0.1060636 0.9938919
vn 0.0400656 0.1718442 0.9843091
vn 0.0465510 0.4366493 0.8984266
vn 0.0494332 0.6680961 0.7424311
vn 0.0484510 0.8480623 0.5276768
vn 0.0436200 0.9618523 0.2700695
vn 0.1280025 -0.9484632 0.2898844
vn 0.2667136 -0.8234674 0.5007647
vn 0.3837528 -0.6342786 0.6711367
vn 0.4703807 -0.3963003 0.7884720
vn 0.5202945 -0.1281112 0.8443229
vn 0.5298812 0.1497940 0.8347381
vn 0.4983999 0.4163139 0.7604474
vn 0.4280664 0.6510588 0.6268027
vn 0.3239321 0.8356611 0.4435522
vn 0.1936289 0.9550986 0.2242643
vn 0.2348978 -0.9561000 0.1752021
vn 0.4630592 -0.8374988 0.2901241
vn 0.6536175 -0.6535657 0.3816230
vn 0.7924187 -0.4193302 0.4429841
vn 0.8693987 -0.1530655 0.4698051
vn 0.8789823 0.1248311 0.4602254
vn 0.8204482 0.3932890 0.4149560
vn 0.6979314 0.6317621 0.3372956
vn 0.5202684 0.8216255 0.2329213
vn 0.3005294 0.9474577 0.1095715
vn 0.7960281 0.5970249 0.0995014
vn 0.8484059 0.4088616 0.3362136
vn 0.8261763 0.2019123 0.5259887
vn 0.7390189 -0.0198619 0.6733919
vn 0.5945094 -0.2392630 0.7676664
vn 0.4041805 -0.4395732 0.8021306
vn 0.1826943 -0.6056814 0.7744500
vn -0.0531039 -0.7249816 0.6867180
vn -0.2853425 -0.7881493 0.5453442
vn -0.4961185 -0.7897834 0.3607058
vn -0.6686824 -0.7289575 0.1465768
vn -0.7960281 -0.5970249 -0.0995014
vn 0.7563647 0.5218838 0.3943979
vn 0.6571038 0.4095354 0.6328470
vn 0.5066253 0.2655062 0.8202666
vn 0.3171875 0.1012951 0.9429376
vn 0.1035613 -0.0704015 0.9921284
vn -0.1179252 -0.2365117 0.9644459
vn -0.3304434 -0.3844243 0.8619891
vn -0.5177499 -0.5027698 0.6922121
vn -0.6651922 -0.5821575 0.4675596
vn -0.7607364 -0.6159132 0.2047707
vn 0.6648713 0.6475643 0.3722990
vn 0.4891014 0.6402965 0.5922839
vn 0.2757213 0.5826749 0.7645049
vn 0.0416269 0.4797857 0.8763977
vn -0.1951488 0.3398859 0.9199970
vn -0.4166337 0.1737757 0.8923107
vn -0.6059981 -0.0059382 0.7954439
vn -0.7486461 -0.1856054 0.6364588
vn -0.8331783 -0.3514082 0.4269968
vn -0.8522082 -0.4902732 0.1826840
vn 0.5985007 0.7521275 0.2758644
vn 0.3672050 0.8323537 0.4151479
vn 0.1081691 0.8466476 0.5210445
vn -0.1582971 0.7947956 0.5858686
vn -0.4118691 0.6813677 0.6050635
vn -0.6333749 0.5152440 0.5773732
vn -0.8059360 0.3090697 0.5049189
vn -0.9161959 0.0783619 0.3929942
vn -0.9550805 -0.1593551 0.2498545
vn -0.9185946 -0.3856813 0.0862203
vn 0.5750087 0.8076094 0.1308896
vn 0.3240655 0.9342380 0.1489328
vn 0.0488983 0.9866813 0.1551418
vn -0.2290620 0.9619098 0.1491983
vn -0.4885937 0.8625141 0.1317030
vn -0.7100716 0.6964034 0.1040221
vn -0.8766896 0.4761903 0.0682499
vn -0.9754828 0.2184030 0.0270834
vn -0.9982134 -0.0574675 -0.0163553
vn -0.9420773 -0.3302118 -0.0587406
vn 0.6007029 0.7991204 -0.0237179
vn 0.3712492 0.9186601 -0.1350468
vn 0.1137337 0.9652718 -0.2351914
vn -0.1516615 0.9363611 -0.3165860
vn -0.4046833 0.8348272 -0.3732225
vn -0.6261770 0.6687115 -0.4009081
vn -0.7993050 0.4506306 -0.3975469
vn -0.9106347 0.1969812 -0.3632394
vn -0.9510329 -0.0730440 -0.3003349
vn -0.9163881 -0.3386953 -0.2133503
vn 0.6686882 0.7289526 -0.1465749
vn 0.4961118 0.7897849 -0.3607116
vn 0.2853482 0.7881472 -0.5453443
vn 0.0531132 0.7249781 -0.6867210
vn -0.1826966 0.6056761 -0.7744536
vn -0.4041787 0.4395756 -0.8021302
vn -0.5945124 0.2392592 -0.7676653
vn -0.7390184 0.0198641 -0.6733924
vn -0.8261762 -0.2019112 -0.5259893
vn -0.8483980 -0.4088719 -0.3362210
vn 0.7607346 0.6159179 -0.2047635
vn 0.6651867 0.5821611 -0.4675629
vn 0.5177463 0.5027743 -0.6922115
vn 0.3304434 0.3844247 -0.8619889
vn 0.1179265 0.2365108 -0.9644460
vn -0.1035594 0.0703975 -0.9921288
vn -0.3171849 -0.1012963 -0.9429384
vn -0.5066279 -0.2655052 -0.8202653
vn -0.6571017 -0.4095419 -0.6328450
vn -0.7563622 -0.5218807 -0.3944068
vn 0.8522099 0.4902735 -0.1826752
vn 0.8331820 0.3513957 -0.4269999
vn 0.7486503 0.1856058 -0.6364537
vn 0.6059957 0.0059369 -0.7954457
vn 0.4166342 -0.1737745 -0.8923107
vn 0.1951468 -0.3398781 -0.9200003
vn -0.0416334 -0.4797819 -0.8763994
vn -0.2757202 -0.5826790 -0.7645022
vn -0.4891027 -0.6402887 -0.5922913
vn -0.6648832 -0.6475501 -0.3723025
vn 0.9186000 0.3856699 -0.0862130
vn 0.9550776 0.1593617 -0.2498612
vn 0.9161954 -0.0783605 -0.3929957
vn 0.8059367 -0.3090703 -0.5049174
vn 0.6333749 -0.5152435 -0.5773737
vn 0.4118723 -0.6813737 -0.6050547
vn 0.1583012 -0.7947999 -0.5858616
vn -0.1081727 -0.8466421 -0.5210527
vn -0.3672048 -0.8323558 -0.4151439
vn -0.5984947 -0.7521391 -0.2758459
vn 0.9420786 0.3302110 0.0587240
vn 0.9982130 0.0574735 0.0163573
vn 0.9754811 -0.2184105 -0.0270812
vn 0.8766917 -0.4761866 -0.0682495
vn 0.7100711 -0.6964039 -0.1040224
vn 0.4885942 -0.8625121 -0.1317144
vn 0.2290630 -0.9619081 -0.1492076
vn -0.0489019 -0.9866832 -0.1551286
vn -0.3240608 -0.9342397 -0.1489324
vn -0.5750119 -0.8076028 -0.1309158
vn 0.9163841 0.3386971 0.2133644
vn 0.9510323 0.0730474 0.3003359
vn 0.9106355 -0.1969853 0.3632351
vn 0.7993055 -0.4506300 0.3975467
vn 0.6261769 -0.6687107 0.4009095
vn 0.4046808 -0.8348239 0.3732324
vn 0.1516525 -0.9363588 0.3165972
vn -0.1137277 -0.9652735 0.2351873
vn -0.3712437 -0.9186627 0.1350442
vn -0.6007154 -0.7991105 0.0237354
vn 0.0344342 -0.9988137 0.0344300
vn 0.3357156 -0.9409704 0.0432406
vn 0.5848669 -0.8097204 0.0477879
vn 0.7867221 -0.6153970 0.0485279
vn 0.9264089 -0.3737622 0.0454794
vn 0.9938509 -0.1036709 0.0388950
vn 0.9842694 0.1742257 0.0293116
vn 0.8983918 0.4388481 0.0174532
vn 0.7423984 0.6699455 0.0042016
vn 0.5276596 0.8494037 -0.0094179
vn 0.2700620 0.9625827 -0.0223844
vn -0.0344342 0.9988137 -0.0344300
vn 0.3005294 -0.9474577 -0.1095715
vn 0.5202684 -0.8216255 -0.2329213
vn 0.6979314 -0.6317621 -0.3372956
vn 0.8204482 -0.3932890 -0.4149560
vn 0.8789823 -0.1248311 -0.4602254
vn 0.8693987 0.1530655 -0.4698051
vn 0.7924187 0.4193302 -0.4429841
vn 0.6536175 0.6535657 -0.3816230
vn 0.4630592 0.8374988 -0.2901241
vn 0.2348978 0.9561000 -0.1752021
vn 0.1936289 -0.9550986 -0.2242643
vn 0.3239321 -0.8356611 -0.4435522
vn 0.4280664 -0.6510588 -0.6268027
vn 0.4983999 -0.4163139 -0.7604474
vn 0.5298812 -0.1497940 -0.8347381
vn 0.5202945 0.1281112 -0.8443229
vn 0.4703807 0.3963003 -0.7884720
vn 0.3837528 0.6342786 -0.6711367
vn 0.2667136 0.8234674 -0.5007647
vn 0.1280025 0.9484632 -0.2898844
vn 0.0436200 -0.9618523 -0.2700695
vn 0.0484510 -0.8480623 -0.5276768
vn 0.0494332 -0.6680961 -0.7424311
vn 0.0465510 -0.4366493 -0.8984266
vn 0.0400656 -0.1718442 -0.9843091
vn 0.0304858 0.1060636 -0.9938919
vn 0.0185318 0.3759605 -0.9264504
vn 0.0051138 0.6172374 -0.7867604
vn -0.0087611 0.8110639 -0.5848920
vn -0.0220073 0.9417062 -0.3357159
vn -0.1092619 -0.9659047 -0.2347124
vn -0.2323475 -0.8555073 -0.4627330
vn -0.3365119 -0.6783177 -0.6531806
vn -0.4140132 -0.4488499 -0.7919134
vn -0.4591858 -0.1850781 -0.8688466
vn -0.4687683 0.0928248 -0.8784304
vn -0.4420305 0.3637472 -0.8199372
vn -0.3808336 0.6070027 -0.6975052
vn -0.2895589 0.8036138 -0.5199621
vn -0.1749000 0.9376564 -0.3003505
vn -0.2240901 -0.9661711 -0.1276596
vn -0.4432197 -0.8559936 -0.2661416
vn -0.6263319 -0.6790035 -0.3829655
vn -0.7598719 -0.4496754 -0.4694537
vn -0.8341188 -0.1859518 -0.5192955
vn -0.8436975 0.0919528 -0.5288849
vn -0.7878993 0.3629464 -0.4974782
vn -0.6706626 0.6063229 -0.4272988
vn -0.5004288 0.8031268 -0.3233548
vn -0.2897245 0.9373916 -0.1932789
vn -0.2700690 -0.9625807 0.0223848
vn -0.5276529 -0.8494080 0.0094093
vn -0.7423987 -0.6699451 -0.0042040
vn -0.8983931 -0.4388456 -0.0174459
vn -0.9842694 -0.1742262 -0.0293068
vn -0.9938507 0.1036741 -0.0388916
vn -0.9264109 0.3737576 -0.0454760
vn -0.7867213 0.6153982 -0.0485255
vn -0.5848683 0.8097199 -0.0477780
vn -0.3357115 0.9409717 -0.0432446
vn -0.2349011 -0.9561025 0.1751840
vn -0.4630570 -0.8374978 0.2901305
vn -0.6536155 -0.6535663 0.3816254
vn -0.7924231 -0.4193270 0.4429792
vn -0.8694002 -0.1530674 0.4698018
vn -0.8789842 0.1248330 0.4602211
vn -0.8204512 0.3932859 0.4149532
vn -0.6979298 0.6317642 0.3372952
vn -0.5202728 0.8216237 0.2329179
vn -0.3005246 0.9474586 0.1095772
vn -0.1279876 -0.9484662 0.2898811
vn -0.2667191 -0.8234622 0.5007704
vn -0.3837516 -0.6342831 0.6711331
vn -0.4703795 -0.3962985 0.7884736
vn -0.5202937 -0.1281102 0.8443235
vn -0.5298807 0.1497923 0.8347387
vn -0.4983980 0.4163172 0.7604468
vn -0.4280645 0.6510574 0.6268054
vn -0.3239282 0.8356619 0.4435535
vn -0.1936320 0.9550978 0.2242649
vn 0.0220074 -0.9417071 0.3357132
vn 0.0087584 -0.8110641 0.5848917
vn -0.0051128 -0.6172373 0.7867605
vn -0.0185312 -0.3759599 0.9264506
vn -0.0304863 -0.1060634 0.9938919
vn -0.0400652 0.1718435 0.9843092
vn -0.0465492 0.4366534 0.8984247
vn -0.0494325 0.6680933 0.7424337
vn -0.0484558 0.8480610 0.5276785
vn -0.0436237 0.9618528 0.2700669
vn 0.1749069 -0.9376555 0.3003492
vn 0.2895612 -0.8036157 0.5199578
vn 0.3808353 -0.6070010 0.6975058
vn 0.4420325 -0.3637469 0.8199363
vn 0.4687697 -0.0928255 0.8784295
vn 0.4591855 0.1850774 0.8688470
vn 0.4140074 0.4488497 0.7919165
vn 0.3365035 0.6783180 0.6531846
vn 0.2323505 0.8555081 0.4627300
vn 0.1092703 0.9659045 0.2347094
vn 0.2897257 -0.9373900 0.1932845
vn 0.5004330 -0.8031257 0.3233510
vn 0.6706626 -0.6063249 0.4272958
vn 0.7878988 -0.3629455 0.4974797
vn 0.8436968 -0.0919542 0.5288858
vn 0.8341200 0.1859532 0.5192931
vn 0.7598776 0.4496720 0.4694476
vn 0.6263346 0.6790047 0.3829590
vn 0.4432158 0.8559945 0.2661451
vn 0.2240857 0.9661710 0.1276682
vn -0.7960281 0.5970249 0.0995014
vn -0.6686824 0.7289575 -0.1465768
vn -0.4961185 0.7897834 -0.3607058
vn -0.2853425 0.7881493 -0.5453442
vn -0.0531039 0.7249816 -0.6867180
vn 0.1826943 0.6056814 -0.7744500
vn 0.4041805 0.4395732 -0.8021306
vn 0.5945094 0.2392630 -0.7676664
vn 0.7390189 0.0198619 -0.6733919
vn 0.8261763 -0.2019123 -0.5259887
vn 0.8484059 -0.4088616 -0.3362136
vn 0.7960281 -0.5970249 -0.0995014
vn -0.6007154 0.7991105 -0.0237354
vn -0.3712437 0.9186627 -0.1350442
vn -0.1137277 0.9652735 -0.2351873
vn 0.1516525 0.9363588 -0.3165972
vn 0.4046808 0.8348239 -0.3732324
vn 0.6261769 0.6687107 -0.4009095
vn 0.7993055 0.4506300 -0.3975467
vn 0.9106355 0.1969853 -0.3632351
vn 0.9510323 -0.0730474 -0.3003359
vn 0.9163841 -0.3386971 -0.2133644
vn -0.5750119 0.8076028 0.1309158
vn -0.3240608 0.9342397 0.1489324
vn -0.0489019 0.9866832 0.1551286
vn 0.2290630 0.9619081 0.1492076
vn 0.4885942 0.8625121 0.1317144
vn 0.7100711 0.6964039 0.1040224
vn 0.8766917 0.4761866 0.0682495
vn 0.9754811 0.2184105 0.0270812
vn 0.9982130 -0.0574735 -0.0163573
vn 0.9420786 -0.3302110 -0.0587240
vn -0.5984947 0.7521391 0.2758459
vn -0.3672048 0.8323558 0.4151439
vn -0.1081727 0.8466421 0.5210527
vn 0.1583012 0.7947999 0.5858616
vn 0.4118723 0.6813737 0.6050547
vn 0.6333749 0.5152435 0.5773737
vn 0.8059367 0.3090703 0.5049174
vn 0.9161954 0.0783605 0.3929957
vn 0.9550776 -0.1593617 0.2498612
vn 0.9186000 -0.3856699 0.0862130
vn -0.6648832 0.6475501 0.3723025
vn -0.4891027 0.6402887 0.5922913
vn -0.2757202 0.5826790 0.7645022
vn -0.0416334 0.4797819 0.8763994
vn 0.1951468 0.3398781 0.9200003
vn 0.4166342 0.1737745 0.8923107
vn 0.6059957 -0.0059369 0.7954457
vn 0.7486503 -0.1856058 0.6364537
vn 0.8331820 -0.3513957 0.4269999
vn 0.8522099 -0.4902735 0.1826752
vn -0.7563622 0.5218807 0.3944068
vn -0.6571017 0.4095419 0.6328450
vn -0.5066279 0.2655052 0.8202653
vn -0.3171849 0.1012963 0.9429384
vn -0.1035594 -0.0703975 0.9921288
vn 0.1179265 -0.2365108 0.9644460
vn 0.3304434 -0.3844247 0.8619889
vn 0.5177463 -0.5027743 0.6922115
vn 0.6651867 -0.5821611 0.4675629
vn 0.7607346 -0.6159179 0.2047635
vn -0.8483980 0.4088719 0.3362210
vn -0.8261762 0.2019112 0.5259893
vn -0.7390184 -0.0198641 0.6733924
vn -0.5945124 -0.2392592 0.7676653
vn -0.4041787 -0.4395756 0.8021302
vn -0.1826966 -0.6056761 0.7744536
vn 0.0531132 -0.7249781 0.6867210
vn 0.2853482 -0.7881472 0.5453443
vn 0.4961118 -0.7897849 0.3607116
vn 0.6686882 -0.7289526 0.1465749
vn -0.9163881 0.3386953 0.2133503
vn -0.9510329 0.0730440 0.3003349
vn -0.9106347 -0.1969812 0.3632394
vn -0.7993050 -0.4506306 0.3975469
vn -0.6261770 -0.6687115 0.4009081
vn -0.4046833 -0.8348272 0.3732225
vn -0.1516615 -0.9363611 0.3165860
vn 0.1137337 -0.9652718 0.2351914
vn 0.3712492 -0.9186601 0.1350468
vn 0.6007029 -0.7991204 0.0237179
vn -0.9420773 0.3302118 0.0587406
vn -0.9982134 0.0574675 0.0163553
vn -0.9754828 -0.2184030 -0.0270834
vn -0.8766896 -0.4761903 -0.0682499
vn -0.7100716 -0.6964034 -0.1040221
vn -0.4885937 -0.8625141 -0.1317030
vn -0.2290620 -0.9619098 -0.1491983
vn 0.0488983 -0.9866813 -0.1551418
vn 0.3240655 -0.9342380 -0.1489328
vn 0.5750087 -0.8076094 -0.1308896
vn -0.9185946 0.3856813 -0.0862203
vn -0.9550805 0.1593551 -0.2498545
vn -0.9161959 -0.0783619 -0.3929942
vn -0.8059360 -0.3090697 -0.5049189
vn -0.6333749 -0.5152440 -0.5773732
vn -0.4118691 -0.6813677 -0.6050635
vn -0.1582971 -0.7947956 -0.5858686
vn 0.1081691 -0.8466476 -0.5210445
vn 0.3672050 -0.8323537 -0.4151479
vn 0.5985007 -0.7521275 -0.2758644
vn -0.8522082 0.4902732 -0.1826840
vn -0.8331783 0.3514082 -0.4269968
vn -0.7486461 0.1856054 -0.6364588
vn -0.6059981 0.0059382 -0.7954439
vn -0.4166337 -0.1737757 -0.8923107
vn -0.1951488 -0.3398859 -0.9199970
vn 0.0416269 -0.4797857 -0.8763977
vn 0.2757213 -0.5826749 -0.7645049
vn 0.4891014 -0.6402965 -0.5922839
vn 0.6648713 -0.6475643 -0.3722990
vn -0.7607364 0.6159132 -0.2047707
vn -0.6651922 0.5821575 -0.4675596
vn -0.5177499 0.5027698 -0.6922121
vn -0.3304434 0.3844243 -0.8619891
vn -0.1179252 0.2365117 -0.9644459
vn 0.1035613 0.0704015 -0.9921284
vn 0.3171875 -0.1012951 -0.9429376
vn 0.5066253 -0.2655062 -0.8202666
vn 0.6571038 -0.4095354 -0.6328470
vn 0.7563647 -0.5218838 -0.3943979
vn 0.0369933 0.9986308 -0.0369861
vn 0.3381028 0.9408031 -0.0240009
vn 0.5869386 0.8095682 -0.0101141
vn 0.7882859 0.6152927 0.0045065
vn 0.9273641 0.3736904 0.0187411
vn 0.9941161 0.1036441 0.0314808
vn 0.9838232 -0.1742028 0.0417773
vn 0.8972700 -0.4387726 0.0488387
vn 0.7407098 -0.6698019 0.0521009
vn 0.5254988 -0.8492457 0.0513107
vn 0.2675980 -0.9624101 0.0464560
vn -0.0369933 -0.9986308 0.0369861
vn 0.2921271 0.9480560 0.1259028
vn 0.5024978 0.8229063 0.2651813
vn 0.6722330 0.6336013 0.3829519
vn 0.7888682 0.3955521 0.4703461
vn 0.8439841 0.1273547 0.5210294
vn 0.8336895 -0.1505091 0.5313273
vn 0.7587753 -0.4169087 0.5004469
vn 0.6246528 -0.6514841 0.4305547
vn 0.4410694 -0.8359166 0.3266514
vn 0.2216302 -0.9551577 0.1963512
vn 0.1773318 0.9562678 0.2326058
vn 0.2916455 0.8379686 0.4612499
vn 0.3824310 0.6543056 0.6524037
vn 0.4430248 0.4202756 0.7918949
vn 0.4690765 0.1541413 0.8696020
vn 0.4587995 -0.1237189 0.8798844
vn 0.4129290 -0.3921978 0.8219918
vn 0.3348393 -0.6307671 0.7000111
vn 0.2301997 -0.8208474 0.5227023
vn 0.1068043 -0.9469491 0.3031176
vn 0.0244634 0.9632266 0.2675743
vn 0.0108747 0.8507432 0.5254691
vn -0.0034680 0.6718766 0.7406550
vn -0.0175100 0.4412185 0.8972289
vn -0.0301300 0.1768540 0.9837758
vn -0.0404122 -0.1010070 0.9940646
vn -0.0475775 -0.3712481 0.9273140
vn -0.0510535 -0.6132160 0.7882637
vn -0.0505676 -0.8080748 0.5869055
vn -0.0460505 -0.9399861 0.3380911
vn -0.1255323 0.9670682 0.2214061
vn -0.2645732 0.8577999 0.4406590
vn -0.3820740 0.6815716 0.6240830
vn -0.4692922 0.4528102 0.7581081
vn -0.5198795 0.1894165 0.8329746
vn -0.5301776 -0.0884505 0.8432605
vn -0.4993793 -0.3596524 0.7882071
vn -0.4296470 -0.6035176 0.6716918
vn -0.3260071 -0.8010233 0.5020767
vn -0.1960282 -0.9361435 0.2919047
vn -0.2324453 0.9667675 0.1064415
vn -0.4609066 0.8572493 0.2295403
vn -0.6519011 0.6808244 0.3339209
vn -0.7913098 0.4519134 0.4118289
vn -0.8689612 0.1884381 0.4575997
vn -0.8792588 -0.0894091 0.4678782
vn -0.8214060 -0.3605415 0.4419298
vn -0.6995039 -0.6042782 0.3814999
vn -0.5223336 -0.8015639 0.2909690
vn -0.3029204 -0.9364413 0.1769660
vn -0.2675981 0.9624108 -0.0464396
vn -0.5254994 0.8492459 -0.0513006
vn -0.7407051 0.6698068 -0.0521037
vn -0.8972730 0.4387665 -0.0488376
vn -0.9838231 0.1742039 -0.0417743
vn -0.9941165 -0.1036420 -0.0314751
vn -0.9273632 -0.3736929 -0.0187401
vn -0.7882871 -0.6152910 -0.0045151
vn -0.5869395 -0.8095675 0.0101254
vn -0.3380981 -0.9408043 0.0240180
vn -0.2216207 0.9551580 -0.1963606
vn -0.4410658 0.8359172 -0.3266550
vn -0.6246518 0.6514827 -0.4305583
vn -0.7587727 0.4169068 -0.5004525
vn -0.8336876 0.1505101 -0.5313301
vn -0.8439807 -0.1273538 -0.5210351
vn -0.7888673 -0.3955533 -0.4703467
vn -0.6722330 -0.6336047 -0.3829464
vn -0.5024953 -0.8229003 -0.2652047
vn -0.2921129 -0.9480603 -0.1259039
vn -0.1068142 0.9469507 -0.3031090
vn -0.2301971 0.8208435 -0.5227095
vn -0.3348352 0.6307683 -0.7000119
vn -0.4129310 0.3921959 -0.8219917
vn -0.4588003 0.1237222 -0.8798836
vn -0.4690781 -0.1541444 -0.8696006
vn -0.4430232 -0.4202704 -0.7918985
vn -0.3824290 -0.6543107 -0.6523999
vn -0.2916627 -0.8379651 -0.4612454
vn -0.1773251 -0.9562679 -0.2326101
vn 0.0460631 0.9399867 -0.3380875
vn 0.0505702 0.8080675 -0.5869154
vn 0.0510471 0.6132248 -0.7882573
vn 0.0475714 0.3712456 -0.9273153
vn 0.0404103 0.1010073 -0.9940647
vn 0.0301257 -0.1768512 -0.9837765
vn 0.0175028 -0.4412225 -0.8972271
vn 0.0034696 -0.6718733 -0.7406580
vn -0.0108663 -0.8507479 -0.5254616
vn -0.0244594 -0.9632242 -0.2675835
vn 0.1960215 0.9361435 -0.2919092
vn 0.3259985 0.8010217 -0.5020849
vn 0.4296501 0.6035202 -0.6716876
vn 0.4993803 0.3596556 -0.7882050
vn 0.5301755 0.0884465 -0.8432622
vn 0.5198838 -0.1894141 -0.8329725
vn 0.4692953 -0.4528112 -0.7581055
vn 0.3820700 -0.6815750 -0.6240818
vn 0.2645729 -0.8577989 -0.4406612
vn 0.1255243 -0.9670672 -0.2214150
vn 0.3029144 0.9364436 -0.1769639
vn 0.5223343 0.8015636 -0.2909686
vn 0.6995094 0.6042713 -0.3815007
vn 0.8214038 0.3605517 -0.4419257
vn 0.8792599 0.0894041 -0.4678770
vn 0.8689599 -0.1884371 -0.4576026
vn 0.7913093 -0.4519167 -0.4118263
vn 0.6519062 -0.6808223 -0.3339152
vn 0.4609070 -0.8572467 -0.2295490
vn 0.2324358 -0.9667698 -0.1064413
vn -0.0369933 0.9986308 -0.0369861
vn 0.2675980 0.9624101 -0.0464560
vn 0.5254988 0.8492457 -0.0513107
vn 0.7407098 0.6698019 -0.0521009
vn 0.8972700 0.4387726 -0.0488387
vn 0.9838232 0.1742028 -0.0417773
vn 0.9941161 -0.1036441 -0.0314808
vn 0.9273641 -0.3736904 -0.0187411
vn 0.7882859 -0.6152927 -0.0045065
vn 0.5869386 -0.8095682 0.0101141
vn 0.3381028 -0.9408031 0.0240009
vn 0.0369933 -0.9986308 0.0369861
vn 0.2324358 0.9667698 0.1064413
vn 0.4609070 0.8572467 0.2295490
vn 0.6519062 0.6808223 0.3339152
vn 0.7913093 0.4519167 0.4118263
vn 0.8689599 0.1884371 0.4576026
vn 0.8792599 -0.0894041 0.4678770
vn 0.8214038 -0.3605517 0.4419257
vn 0.6995094 -0.6042713 0.3815007
vn 0.5223343 -0.8015636 0.2909686
vn 0.3029144 -0.9364436 0.1769639
vn 0.1255243 0.9670672 0.2214150
vn 0.2645729 0.8577989 0.4406612
vn 0.3820700 0.6815750 0.6240818
vn 0.4692953 0.4528112 0.7581055
vn 0.5198838 0.1894141 0.8329725
vn 0.5301755 -0.0884465 0.8432622
vn 0.4993803 -0.3596556 0.7882050
vn 0.4296501 -0.6035202 0.6716876
vn 0.3259985 -0.8010217 0.5020849
vn 0.1960215 -0.9361435 0.2919092
vn -0.0244594 0.9632242 0.2675835
vn -0.0108663 0.8507479 0.5254616
vn 0.0034696 0.6718733 0.7406580
vn 0.0175028 0.4412225 0.8972271
vn 0.0301257 0.1768512 0.9837765
vn 0.0404103 -0.1010073 0.9940647
vn 0.0475714 -0.3712456 0.9273153
vn 0.0510471 -0.6132248 0.7882573
vn 0.0505702 -0.8080675 0.5869154
vn 0.0460631 -0.9399867 0.3380875
vn -0.1773251 0.9562679 0.2326101
vn -0.2916627 0.8379651 0.4612454
vn -0.3824290 0.6543107 0.6523999
vn -0.4430232 0.4202704 0.7918985
vn -0.4690781 0.1541444 0.8696006
vn -0.4588003 -0.1237222 0.8798836
vn -0.4129310 -0.3921959 0.8219917
vn -0.3348352 -0.6307683 0.7000119
vn -0.2301971 -0.8208435 0.5227095
vn -0.1068142 -0.9469507 0.3031090
vn -0.2921129 0.9480603 0.1259039
vn -0.5024953 0.8229003 0.2652047
vn -0.6722330 0.6336047 0.3829464
vn -0.7888673 0.3955533 0.4703467
vn -0.8439807 0.1273538 0.5210351
vn -0.8336876 -0.1505101 0.5313301
vn -0.7587727 -0.4169068 0.5004525
vn -0.6246518 -0.6514827 0.4305583
vn -0.4410658 -0.8359172 0.3266550
vn -0.2216207 -0.9551580 0.1963606
vn -0.3380981 0.9408043 -0.0240180
vn -0.5869395 0.8095675 -0.0101254
vn -0.7882871 0.6152910 0.0045151
vn -0.9273632 0.3736929 0.0187401
vn -0.9941165 0.1036420 0.0314751
vn -0.9838231 -0.1742039 0.0417743
vn -0.8972730 -0.4387665 0.0488376
vn -0.7407051 -0.6698068 0.0521037
vn -0.5254994 -0.8492459 0.0513006
vn -0.2675981 -0.9624108 0.0464396
vn -0.3029204 0.9364413 -0.1769660
vn -0.5223336 0.8015639 -0.2909690
vn -0.6995039 0.6042782 -0.3814999
vn -0.8214060 0.3605415 -0.4419298
vn -0.8792588 0.0894091 -0.4678782
vn -0.8689612 -0.1884381 -0.4575997
vn -0.7913098 -0.4519134 -0.4118289
vn -0.6519011 -0.6808244 -0.3339209
vn -0.4609066 -0.8572493 -0.2295403
vn -0.2324453 -0.9667675 -0.1064415
vn -0.1960282 0.9361435 -0.2919047
vn -0.3260071 0.8010233 -0.5020767
vn -0.4296470 0.6035176 -0.6716918
vn -0.4993793 0.3596524 -0.7882071
vn -0.5301776 0.0884505 -0.8432605
vn -0.5198795 -0.1894165 -0.8329746
vn -0.4692922 -0.4528102 -0.7581081
vn -0.3820740 -0.6815716 -0.6240830
vn -0.2645732 -0.8577999 -0.4406590
vn -0.1255323 -0.9670682 -0.2214061
vn -0.0460505 0.9399861 -0.3380911
vn -0.0505676 0.8080748 -0.5869055
vn -0.0510535 0.6132160 -0.7882637
vn -0.0475775 0.3712481 -0.9273140
vn -0.0404122 0.1010070 -0.9940646
vn -0.0301300 -0.1768540 -0.9837758
vn -0.0175100 -0.4412185 -0.8972289
vn -0.0034680 -0.6718766 -0.7406550
vn 0.0108747 -0.8507432 -0.5254691
vn 0.0244634 -0.9632266 -0.2675743
vn 0.1068043 0.9469491 -0.3031176
vn 0.2301997 0.8208474 -0.5227023
vn 0.3348393 0.6307671 -0.7000111
vn 0.4129290 0.3921978 -0.8219918
vn 0.4587995 0.1237189 -0.8798844
vn 0.4690765 -0.1541413 -0.8696020
vn 0.4430248 -0.4202756 -0.7918949
vn 0.3824310 -0.6543056 -0.6524037
vn 0.2916455 -0.8379686 -0.4612499
vn 0.1773318 -0.9562678 -0.2326058
vn 0.2216302 0.9551577 -0.1963512
vn 0.4410694 0.8359166 -0.3266514
vn 0.6246528 0.6514841 -0.4305547
vn 0.7587753 0.4169087 -0.5004469
vn 0.8336895 0.1505091 -0.5313273
vn 0.8439841 -0.1273547 -0.5210294
vn 0.7888682 -0.3955521 -0.4703461
vn 0.6722330 -0.6336013 -0.3829519
vn 0.5024978 -0.8229063 -0.2651813
vn 0.2921271 -0.9480560 -0.1259028
vn 0.1360813 0.9525754 -0.2721801
vn 0.4285114 0.8768209 -0.2180897
vn 0.6618662 0.7344112 -0.1502444
vn 0.8419187 0.5349192 -0.0709530
vn 0.9555790 0.2944213 0.0135985
vn 0.9947917 0.0316212 0.0968998
vn 0.9569276 -0.2334345 0.1726210
vn 0.8448655 -0.4805884 0.2350258
vn 0.6668066 -0.6909168 0.2792902
vn 0.4358334 -0.8479104 0.3018230
vn 0.1691638 -0.9386237 0.3006148
vn -0.1360813 -0.9525754 0.2721801
vn 0.3730339 0.9244346 -0.0791600
vn 0.5599580 0.8218578 0.1048653
vn 0.7018608 0.6551032 0.2796986
vn 0.7884346 0.4378398 0.4320500
vn 0.8135946 0.1870996 0.5505067
vn 0.7757326 -0.0779588 0.6262278
vn 0.6777114 -0.3371654 0.6534729
vn 0.5267512 -0.5707144 0.6299351
vn 0.3339143 -0.7604610 0.5569563
vn 0.1136380 -0.8909996 0.4395523
vn 0.2523248 0.9675746 0.0114697
vn 0.3382914 0.9010844 0.2713038
vn 0.3971892 0.7640071 0.5084622
vn 0.4248559 0.5677841 0.7050664
vn 0.4194765 0.3279461 0.8464578
vn 0.3816124 0.0629206 0.9221784
vn 0.3141377 -0.2072179 0.9264871
vn 0.2220682 -0.4618323 0.8587180
vn 0.1122543 -0.6812372 0.7234050
vn -0.0070018 -0.8478744 0.5301510
vn 0.0987784 0.9946708 0.0295434
vn 0.0562714 0.9508480 0.3045022
vn 0.0095551 0.8324019 0.5540901
vn -0.0377213 0.6494323 0.7594832
vn -0.0819622 0.4164644 0.9054500
vn -0.1198554 0.1514071 0.9811782
vn -0.1484399 -0.1255751 0.9809162
vn -0.1655406 -0.3934153 0.9043344
vn -0.1697659 -0.6314795 0.7565799
vn -0.1605737 -0.8207827 0.5482079
vn -0.0464986 0.9984737 -0.0298034
vn -0.2105505 0.9578310 0.1955203
vn -0.3571762 0.8419946 0.4043146
vn -0.4753693 0.6608763 0.5807464
vn -0.5563869 0.4288758 0.7116875
vn -0.5942465 0.1638470 0.7874168
vn -0.5860779 -0.1140962 0.8021813
vn -0.5322960 -0.3838394 0.7545385
vn -0.4365972 -0.6245081 0.6475898
vn -0.3058717 -0.8169686 0.4888811
vn -0.1445901 0.9779583 -0.1506364
vn -0.3906746 0.9201499 -0.0264121
vn -0.6047442 0.7902088 0.0992704
vn -0.7707984 0.5990844 0.2167205
vn -0.8766372 0.3618901 0.3170848
vn -0.9145014 0.0968400 0.3928222
vn -0.8815189 -0.1759253 0.4381491
vn -0.7798588 -0.4356252 0.4495007
vn -0.6167072 -0.6621664 0.4256852
vn -0.4039269 -0.8374735 0.3680777
vn -0.1691739 0.9386137 -0.3006401
vn -0.4358216 0.8479153 -0.3018263
vn -0.6668106 0.6909151 -0.2792849
vn -0.8448650 0.4805867 -0.2350309
vn -0.9569269 0.2334335 -0.1726262
vn -0.9947915 -0.0316216 -0.0969020
vn -0.9555771 -0.2944272 -0.0136034
vn -0.8419230 -0.5349132 0.0709477
vn -0.6618610 -0.7344134 0.1502564
vn -0.4285183 -0.8768152 0.2180992
vn -0.1136635 0.8910028 -0.4395390
vn -0.3339063 0.7604664 -0.5569537
vn -0.5267484 0.5707065 -0.6299447
vn -0.6777123 0.3371707 -0.6534692
vn -0.7757370 0.0779601 -0.6262222
vn -0.8135924 -0.1871061 -0.5505077
vn -0.7884374 -0.4378337 -0.4320511
vn -0.7018680 -0.6550978 -0.2796930
vn -0.5599503 -0.8218627 -0.1048679
vn -0.3730321 -0.9244356 0.0791573
vn 0.0070065 0.8478758 -0.5301485
vn -0.1122568 0.6812344 -0.7234073
vn -0.2220803 0.4618372 -0.8587123
vn -0.3141371 0.2072196 -0.9264869
vn -0.3816072 -0.0629242 -0.9221803
vn -0.4194869 -0.3279418 -0.8464544
vn -0.4248646 -0.5677814 -0.7050634
vn -0.3971787 -0.7640121 -0.5084629
vn -0.3382917 -0.9010834 -0.2713069
vn -0.2523304 -0.9675732 -0.0114645
vn 0.1605752 0.8207830 -0.5482069
vn 0.1697751 0.6314728 -0.7565834
vn 0.1655524 0.3934230 -0.9043289
vn 0.1484332 0.1255767 -0.9809170
vn 0.1198460 -0.1514109 -0.9811787
vn 0.0819720 -0.4164618 -0.9054503
vn 0.0377317 -0.6494390 -0.7594770
vn -0.0095564 -0.8324004 -0.5540923
vn -0.0562708 -0.9508473 -0.3045045
vn -0.0987691 -0.9946718 -0.0295411
vn 0.3058692 0.8169693 -0.4888816
vn 0.4365859 0.6245048 -0.6476006
vn 0.5322913 0.3838392 -0.7545419
vn 0.5860894 0.1141010 -0.8021722
vn 0.5942553 -0.1638488 -0.7874098
vn 0.5563827 -0.4288762 -0.7116906
vn 0.4753626 -0.6608782 -0.5807499
vn 0.3571758 -0.8419922 -0.4043199
vn 0.2105429 -0.9578330 -0.1955189
vn 0.0464998 -0.9984737 0.0297984
vn 0.4039162 0.8374766 -0.3680823
vn 0.6167090 0.6621667 -0.4256821
vn 0.7798610 0.4356218 -0.4495002
vn 0.8815181 0.1759196 -0.4381530
vn 0.9145002 -0.0968354 -0.3928261
vn 0.8766392 -0.3618892 -0.3170804
vn 0.7708005 -0.5990831 -0.2167163
vn 0.6047448 -0.7902082 -0.0992708
vn 0.3906736 -0.9201500 0.0264208
vn 0.1445959 -0.9779574 0.1506364
vn -0.1360813 0.9525754 -0.2721801
vn 0.1691638 0.9386237 -0.3006148
vn 0.4358334 0.8479104 -0.3018230
vn 0.6668066 0.6909168 -0.2792902
vn 0.8448655 0.4805884 -0.2350258
vn 0.9569276 0.2334345 -0.1726210
vn 0.9947917 -0.0316212 -0.0968998
vn 0.9555790 -0.2944213 -0.0135985
vn 0.8419187 -0.5349192 0.0709530
vn 0.6618662 -0.7344112 0.1502444
vn 0.4285114 -0.8768209 0.2180897
vn 0.1360813 -0.9525754 0.2721801
vn 0.1445959 0.9779574 -0.1506364
vn 0.3906736 0.9201500 -0.0264208
vn 0.6047448 0.7902082 0.0992708
vn 0.7708005 0.5990831 0.2167163
vn 0.8766392 0.3618892 0.3170804
vn 0.9145002 0.0968354 0.3928261
vn 0.8815181 -0.1759196 0.4381530
vn 0.7798610 -0.4356218 0.4495002
vn 0.6167090 -0.6621667 0.4256821
vn 0.4039162 -0.8374766 0.3680823
vn 0.0464998 0.9984737 -0.0297984
vn 0.2105429 0.9578330 0.1955189
vn 0.3571758 0.8419922 0.4043199
vn 0.4753626 0.6608782 0.5807499
vn 0.5563827 0.4288762 0.7116906
vn 0.5942553 0.1638488 0.7874098
vn 0.5860894 -0.1141010 0.8021722
vn 0.5322913 -0.3838392 0.7545419
vn 0.4365859 -0.6245048 0.6476006
vn 0.3058692 -0.8169693 0.4888816
vn -0.0987691 0.9946718 0.0295411
vn -0.0562708 0.9508473 0.3045045
vn -0.0095564 0.8324004 0.5540923
vn 0.0377317 0.6494390 0.7594770
vn 0.0819720 0.4164618 0.9054503
vn 0.1198460 0.1514109 0.9811787
vn 0.1484332 -0.1255767 0.9809170
vn 0.1655524 -0.3934230 0.9043289
vn 0.1697751 -0.6314728 0.7565834
vn 0.1605752 -0.8207830 0.5482069
vn -0.2523304 0.9675732 0.0114645
vn -0.3382917 0.9010834 0.2713069
vn -0.3971787 0.7640121 0.5084629
vn -0.4248646 0.5677814 0.7050634
vn -0.4194869 0.3279418 0.8464544
vn -0.3816072 0.0629242 0.9221803
vn -0.3141371 -0.2072196 0.9264869
vn -0.2220803 -0.4618372 0.8587123
vn -0.1122568 -0.6812344 0.7234073
vn 0.0070065 -0.8478758 0.5301485
vn -0.3730321 0.9244356 -0.0791573
vn -0.5599503 0.8218627 0.1048679
vn -0.7018680 0.6550978 0.2796930
vn -0.7884374 0.4378337 0.4320511
vn -0.8135924 0.1871061 0.5505077
vn -0.7757370 -0.0779601 0.6262222
vn -0.6777123 -0.3371707 0.6534692
vn -0.5267484 -0.5707065 0.6299447
vn -0.3339063 -0.7604664 0.5569537
vn -0.1136635 -0.8910028 0.4395390
vn -0.4285183 0.8768152 -0.2180992
vn -0.6618610 0.7344134 -0.1502564
vn -0.8419230 0.5349132 -0.0709477
vn -0.9555771 0.2944272 0.0136034
vn -0.9947915 0.0316216 0.0969020
vn -0.9569269 -0.2334335 0.1726262
vn -0.8448650 -0.4805867 0.2350309
vn -0.6668106 -0.6909151 0.2792849
vn -0.4358216 -0.8479153 0.3018263
vn -0.1691739 -0.9386137 0.3006401
vn -0.4039269 0.8374735 -0.3680777
vn -0.6167072 0.6621664 -0.4256852
vn -0.7798588 0.4356252 -0.4495007
vn -0.8815189 0.1759253 -0.4381491
vn -0.9145014 -0.0968400 -0.3928222
vn -0.8766372 -0.3618901 -0.3170848
vn -0.7707984 -0.5990844 -0.2167205
vn -0.6047442 -0.7902088 -0.0992704
vn -0.3906746 -0.9201499 0.0264121
vn -0.1445901 -0.9779583 0.1506364
vn -0.3058717 0.8169686 -0.4888811
vn -0.4365972 0.6245081 -0.6475898
vn -0.5322960 0.3838394 -0.7545385
vn -0.5860779 0.1140962 -0.8021813
vn -0.5942465 -0.1638470 -0.7874168
vn -0.5563869 -0.4288758 -0.7116875
vn -0.4753693 -0.6608763 -0.5807464
vn -0.3571762 -0.8419946 -0.4043146
vn -0.2105505 -0.9578310 -0.1955203
vn -0.0464986 -0.9984737 0.0298034
vn -0.1605737 0.8207827 -0.5482079
vn -0.1697659 0.6314795 -0.7565799
vn -0.1655406 0.3934153 -0.9043344
vn -0.1484399 0.1255751 -0.9809162
vn -0.1198554 -0.1514071 -0.9811782
vn -0.0819622 -0.4164644 -0.9054500
vn -0.0377213 -0.6494323 -0.7594832
vn 0.0095551 -0.8324019 -0.5540901
vn 0.0562714 -0.9508480 -0.3045022
vn 0.0987784 -0.9946708 -0.0295434
vn -0.0070018 0.8478744 -0.5301510
vn 0.1122543 0.6812372 -0.7234050
vn 0.2220682 0.4618323 -0.8587180
vn 0.3141377 0.2072179 -0.9264871
vn 0.3816124 -0.0629206 -0.9221784
vn 0.4194765 -0.3279461 -0.8464578
vn 0.4248559 -0.5677841 -0.7050664
vn 0.3971892 -0.7640071 -0.5084622
vn 0.3382914 -0.9010844 -0.2713038
vn 0.2523248 -0.9675746 -0.0114697
vn 0.1136380 0.8909996 -0.4395523
vn 0.3339143 0.7604610 -0.5569563
vn 0.5267512 0.5707144 -0.6299351
vn 0.6777114 0.3371654 -0.6534729
vn 0.7757326 0.0779588 -0.6262278
vn 0.8135946 -0.1870996 -0.5505067
vn 0.7884346 -0.4378398 -0.4320500
vn 0.7018608 -0.6551032 -0.2796986
vn 0.5599580 -0.8218578 -0.1048653
vn 0.3730339 -0.9244346 0.0791600
vn 0.2241417 0.9745078 -0.0097451
vn 0.5017499 0.8630201 0.0586794
vn 0.7153990 0.6888951 0.1167383
vn 0.8716374 0.4614363 0.1653021
vn 0.9592482 0.1988173 0.2007849
vn 0.9721882 -0.0786400 0.2206033
vn 0.9098242 -0.3497889 0.2233105
vn 0.7769024 -0.5940215 0.2087132
vn 0.5832224 -0.7926043 0.1778483
vn 0.3430840 -0.9298516 0.1329261
vn 0.0745871 -0.9942166 0.0772660
vn -0.2241417 -0.9745078 0.0097451
vn 0.4303317 0.8808341 0.1973473
vn 0.5842480 0.7216108 0.3713921
vn 0.6913788 0.5063864 0.5153331
vn 0.7441407 0.2524488 0.6184855
vn 0.7390074 -0.0204857 0.6733857
vn 0.6766512 -0.2916350 0.6760860
vn 0.5617895 -0.5403835 0.6264010
vn 0.4029481 -0.7476536 0.5278702
vn 0.2119479 -0.8971370 0.3875865
vn 0.0031741 -0.9764098 0.2159025
vn 0.3008652 0.9114405 0.2806357
vn 0.3464407 0.7778303 0.5243651
vn 0.3645227 0.5836690 0.7255713
vn 0.3540847 0.3446954 0.8693728
vn 0.3161810 0.0794974 0.9453622
vn 0.2538075 -0.1916488 0.9480783
vn 0.1717185 -0.4481589 0.8773063
vn 0.0760737 -0.6703733 0.7381141
vn -0.0258821 -0.8409073 0.5405599
vn -0.1263228 -0.9457867 0.2992158
vn 0.1480063 0.9466574 0.2862409
vn 0.0656882 0.8425085 0.5346630
vn -0.0213623 0.6725786 0.7397173
vn -0.1064373 0.4507669 0.8862733
vn -0.1830312 0.1944767 0.9636796
vn -0.2454036 -0.0766612 0.9663851
vn -0.2887903 -0.3420705 0.8941968
vn -0.3098024 -0.5814705 0.7522729
vn -0.3066219 -0.7762345 0.5508566
vn -0.2791499 -0.9105790 0.3048297
vn 0.0126913 0.9770406 0.2126749
vn -0.1828012 0.8983073 0.3995344
vn -0.3629014 0.7492677 0.5539860
vn -0.5139957 0.5422909 0.6646269
vn -0.6248267 0.2937007 0.7234165
vn -0.6872000 0.0225596 0.7261179
vn -0.6963425 -0.2505338 0.6725623
vn -0.6513347 -0.5047768 0.5665365
vn -0.5551061 -0.7204331 0.4157324
vn -0.4144734 -0.8801947 0.2312341
vn -0.0687815 0.9944516 0.0795938
vn -0.3324253 0.9302760 0.1551773
vn -0.5685491 0.7932009 0.2181380
vn -0.7594003 0.5947304 0.2638312
vn -0.8908615 0.3505460 0.2889347
vn -0.9532214 0.0794016 0.2916580
vn -0.9417536 -0.1981054 0.2717615
vn -0.8569810 -0.4608402 0.2306727
vn -0.7047341 -0.6884657 0.1713619
vn -0.4959391 -0.8627933 0.0981441
vn -0.0745933 0.9942175 -0.0772485
vn -0.3430836 0.9298537 -0.1329122
vn -0.5832229 0.7926018 -0.1778577
vn -0.7769007 0.5940209 -0.2087208
vn -0.9098238 0.3497900 -0.2233106
vn -0.9721879 0.0786388 -0.2206051
vn -0.9592466 -0.1988183 -0.2007916
vn -0.8716373 -0.4614334 -0.1653108
vn -0.7153955 -0.6888986 -0.1167394
vn -0.5017535 -0.8630179 -0.0586810
vn -0.0031639 0.9764077 -0.2159119
vn -0.2119386 0.8971363 -0.3875932
vn -0.4029549 0.7476464 -0.5278751
vn -0.5617886 0.5403911 -0.6263952
vn -0.6766530 0.2916345 -0.6760843
vn -0.7390102 0.0204876 -0.6733826
vn -0.7441486 -0.2524479 -0.6184763
vn -0.6913848 -0.5063857 -0.5153257
vn -0.5842485 -0.7216098 -0.3713933
vn -0.4303362 -0.8808333 -0.1973409
vn 0.1263095 0.9457905 -0.2992094
vn 0.0258770 0.8409067 -0.5405611
vn -0.0760812 0.6703760 -0.7381109
vn -0.1717183 0.4481583 -0.8773067
vn -0.2538034 0.1916487 -0.9480794
vn -0.3161752 -0.0794991 -0.9453640
vn -0.3540734 -0.3446949 -0.8693776
vn -0.3645180 -0.5836734 -0.7255702
vn -0.3464405 -0.7778303 -0.5243653
vn -0.3008553 -0.9114424 -0.2806402
vn 0.2791535 0.9105814 -0.3048194
vn 0.3066210 0.7762317 -0.5508610
vn 0.3098045 0.5814729 -0.7522702
vn 0.2887856 0.3420687 -0.8941990
vn 0.2453988 0.0766623 -0.9663862
vn 0.1830249 -0.1944753 -0.9636811
vn 0.1064295 -0.4507667 -0.8862743
vn 0.0213646 -0.6725770 -0.7397187
vn -0.0656901 -0.8425109 -0.5346590
vn -0.1480067 -0.9466550 -0.2862487
vn 0.4144928 0.8801873 -0.2312273
vn 0.5551022 0.7204399 -0.4157256
vn 0.6513385 0.5047709 -0.5665373
vn 0.6963467 0.2505372 -0.6725566
vn 0.6872015 -0.0225624 -0.7261164
vn 0.6248298 -0.2936978 -0.7234151
vn 0.5139947 -0.5422946 -0.6646248
vn 0.3628993 -0.7492687 -0.5539860
vn 0.1828054 -0.8983074 -0.3995323
vn -0.0126914 -0.9770396 -0.2126793
vn 0.4959422 0.8627891 -0.0981646
vn 0.7047298 0.6884713 -0.1713569
vn 0.8569843 0.4608342 -0.2306723
vn 0.9417528 0.1981091 -0.2717618
vn 0.9532215 -0.0794013 -0.2916576
vn 0.8908618 -0.3505451 -0.2889349
vn 0.7593994 -0.5947335 -0.2638269
vn 0.5685515 -0.7932001 -0.2181347
vn 0.3324276 -0.9302733 -0.1551888
vn 0.0687707 -0.9944517 -0.0796021
vn -0.2241417 0.9745078 -0.0097451
vn 0.0745871 0.9942166 -0.0772660
vn 0.3430840 0.9298516 -0.1329261
vn 0.5832224 0.7926043 -0.1778483
vn 0.7769024 0.5940215 -0.2087132
vn 0.9098242 0.3497889 -0.2233105
vn 0.9721882 0.0786400 -0.2206033
vn 0.9592482 -0.1988173 -0.2007849
vn 0.8716374 -0.4614363 -0.1653021
vn 0.7153990 -0.6888951 -0.1167383
vn 0.5017499 -0.8630201 -0.0586794
vn 0.2241417 -0.9745078 0.0097451
vn 0.0687707 0.9944517 0.0796021
vn 0.3324276 0.9302733 0.1551888
vn 0.5685515 0.7932001 0.2181347
vn 0.7593994 0.5947335 0.2638269
vn 0.8908618 0.3505451 0.2889349
vn 0.9532215 0.0794013 0.2916576
vn 0.9417528 -0.1981091 0.2717618
vn 0.8569843 -0.4608342 0.2306723
vn 0.7047298 -0.6884713 0.1713569
vn 0.4959422 -0.8627891 0.0981646
vn -0.0126914 0.9770396 0.2126793
vn 0.1828054 0.8983074 0.3995323
vn 0.3628993 0.7492687 0.5539860
vn 0.5139947 0.5422946 0.6646248
vn 0.6248298 0.2936978 0.7234151
vn 0.6872015 0.0225624 0.7261164
vn 0.6963467 -0.2505372 0.6725566
vn 0.6513385 -0.5047709 0.5665373
vn 0.5551022 -0.7204399 0.4157256
vn 0.4144928 -0.8801873 0.2312273
vn -0.1480067 0.9466550 0.2862487
vn -0.0656901 0.8425109 0.5346590
vn 0.0213646 0.6725770 0.7397187
vn 0.1064295 0.4507667 0.8862743
vn 0.1830249 0.1944753 0.9636811
vn 0.2453988 -0.0766623 0.9663862
vn 0.2887856 -0.3420687 0.8941990
vn 0.3098045 -0.5814729 0.7522702
vn 0.3066210 -0.7762317 0.5508610
vn 0.2791535 -0.9105814 0.3048194
vn -0.3008553 0.9114424 0.2806402
vn -0.3464405 0.7778303 0.5243653
vn -0.3645180 0.5836734 0.7255702
vn -0.3540734 0.3446949 0.8693776
vn -0.3161752 0.0794991 0.9453640
vn -0.2538034 -0.1916487 0.9480794
vn -0.1717183 -0.4481583 0.8773067
vn -0.0760812 -0.6703760 0.7381109
vn 0.0258770 -0.8409067 0.5405611
vn 0.1263095 -0.9457905 0.2992094
vn -0.4303362 0.8808333 0.1973409
vn -0.5842485 0.7216098 0.3713933
vn -0.6913848 0.5063857 0.5153257
vn -0.7441486 0.2524479 0.6184763
vn -0.7390102 -0.0204876 0.6733826
vn -0.6766530 -0.2916345 0.6760843
vn -0.5617886 -0.5403911 0.6263952
vn -0.4029549 -0.7476464 0.5278751
vn -0.2119386 -0.8971363 0.3875932
vn -0.0031639 -0.9764077 0.2159119
vn -0.5017535 0.8630179 0.0586810
vn -0.7153955 0.6888986 0.1167394
vn -0.8716373 0.4614334 0.1653108
vn -0.9592466 0.1988183 0.2007916
vn -0.9721879 -0.0786388 0.2206051
vn -0.9098238 -0.3497900 0.2233106
vn -0.7769007 -0.5940209 0.2087208
vn -0.5832229 -0.7926018 0.1778577
vn -0.3430836 -0.9298537 0.1329122
vn -0.0745933 -0.9942175 0.0772485
vn -0.4959391 0.8627933 -0.0981441
vn -0.7047341 0.6884657 -0.1713619
vn -0.8569810 0.4608402 -0.2306727
vn -0.9417536 0.1981054 -0.2717615
vn -0.9532214 -0.0794016 -0.2916580
vn -0.8908615 -0.3505460 -0.2889347
vn -0.7594003 -0.5947304 -0.2638312
vn -0.5685491 -0.7932009 -0.2181380
vn -0.3324253 -0.9302760 -0.1551773
vn -0.0687815 -0.9944516 -0.0795938
vn -0.4144734 0.8801947 -0.2312341
vn -0.5551061 0.7204331 -0.4157324
vn -0.6513347 0.5047768 -0.5665365
vn -0.6963425 0.2505338 -0.6725623
vn -0.6872000 -0.0225596 -0.7261179
vn -0.6248267 -0.2937007 -0.7234165
vn -0.5139957 -0.5422909 -0.6646269
vn -0.3629014 -0.7492677 -0.5539860
vn -0.1828012 -0.8983073 -0.3995344
vn 0.0126913 -0.9770406 -0.2126749
vn -0.2791499 0.9105790 -0.3048297
vn -0.3066219 0.7762345 -0.5508566
vn -0.3098024 0.5814705 -0.7522729
vn -0.2887903 0.3420705 -0.8941968
vn -0.2454036 0.0766612 -0.9663851
vn -0.1830312 -0.1944767 -0.9636796
vn -0.1064373 -0.4507669 -0.8862733
vn -0.0213623 -0.6725786 -0.7397173
vn 0.0656882 -0.8425085 -0.5346630
vn 0.1480063 -0.9466574 -0.2862409
vn -0.1263228 0.9457867 -0.2992158
vn -0.0258821 0.8409073 -0.5405599
vn 0.0760737 0.6703733 -0.7381141
vn 0.1717185 0.4481589 -0.8773063
vn 0.2538075 0.1916488 -0.9480783
vn 0.3161810 -0.0794974 -0.9453622
vn 0.3540847 -0.3446954 -0.8693728
vn 0.3645227 -0.5836690 -0.7255713
vn 0.3464407 -0.7778303 -0.5243651
vn 0.3008652 -0.9114405 -0.2806357
vn 0.0031741 0.9764098 -0.2159025
vn 0.2119479 0.8971370 -0.3875865
vn 0.4029481 0.7476536 -0.5278702
vn 0.5617895 0.5403835 -0.6264010
vn 0.6766512 0.2916350 -0.6760860
vn 0.7390074 0.0204857 -0.6733857
vn 0.7441407 -0.2524488 -0.6184855
vn 0.6913788 -0.5063864 -0.5153331
vn 0.5842480 -0.7216108 -0.3713921
vn 0.4303317 -0.8808341 -0.1973473
vn 0.2450409 0.9694981 -0.0053262
vn 0.5186431 0.8521831 0.0692333
vn 0.7272026 0.6735999 0.1320587
vn 0.8774470 0.4429186 0.1841463
vn 0.9586396 0.1785098 0.2216852
vn 0.9652198 -0.0991389 0.2419137
vn 0.8970474 -0.3688692 0.2433958
vn 0.7592883 -0.6102435 0.2260181
vn 0.5621210 -0.8046970 0.1910046
vn 0.3201634 -0.9368236 0.1409144
vn 0.0516442 -0.9955049 0.0793911
vn -0.2450409 -0.9694981 0.0053262
vn 0.4446157 0.8716461 0.2062764
vn 0.5912388 0.7093496 0.3837446
vn 0.6905690 0.4920520 0.5300937
vn 0.7356291 0.2371518 0.6345147
vn 0.7234669 -0.0355710 0.6894421
vn 0.6552953 -0.3053135 0.6909209
vn 0.5362707 -0.5516179 0.6388516
vn 0.3752361 -0.7555630 0.5369566
vn 0.1842097 -0.9010712 0.3926035
vn -0.0223981 -0.9760428 0.2164229
vn 0.3139924 0.9051038 0.2866982
vn 0.3513845 0.7707883 0.5314267
vn 0.3609029 0.5764810 0.7330885
vn 0.3422004 0.3379065 0.8767657
vn 0.2969943 0.0736577 0.9520341
vn 0.2288151 -0.1960902 0.9535158
vn 0.1428517 -0.4508644 0.8810872
vn 0.0455661 -0.6711265 0.7399412
vn -0.0556402 -0.8396372 0.5402902
vn -0.1530026 -0.9425849 0.2968566
vn 0.1618401 0.9435718 0.2889291
vn 0.0719059 0.8414472 0.5355334
vn -0.0232387 0.6735941 0.7387360
vn -0.1161984 0.4538036 0.8834932
vn -0.1999117 0.1992973 0.9593310
vn -0.2681051 -0.0704570 0.9608098
vn -0.3155451 -0.3349595 0.8878251
vn -0.3385500 -0.5739996 0.7455926
vn -0.3351208 -0.7689815 0.5443909
vn -0.3051491 -0.9041245 0.2990703
vn 0.0288788 0.9767562 0.2123992
vn -0.1722926 0.9023939 0.3949690
vn -0.3588920 0.7573730 0.5455113
vn -0.5167507 0.5537801 0.6529137
vn -0.6341278 0.3076690 0.7093813
vn -0.7023085 0.0379173 0.7108622
vn -0.7161068 -0.2349834 0.6572472
vn -0.6742237 -0.4902265 0.5523589
vn -0.5793385 -0.7080281 0.4038108
vn -0.4381299 -0.8709298 0.2225388
vn -0.0492646 0.9957693 0.0775661
vn -0.3158226 0.9373052 0.1473604
vn -0.5561384 0.8053563 0.2052103
vn -0.7521351 0.6110464 0.2468099
vn -0.8892989 0.3697366 0.2691511
vn -0.9574756 0.0999960 0.2706311
vn -0.9514961 -0.1777258 0.2511349
vn -0.8714650 -0.4422440 0.2120591
vn -0.7228524 -0.6731126 0.1562174
vn -0.5162569 -0.8519293 0.0877226
vn -0.0516435 0.9955058 -0.0793792
vn -0.3201724 0.9368224 -0.1409025
vn -0.5621176 0.8046996 -0.1910034
vn -0.7592876 0.6102422 -0.2260239
vn -0.8970467 0.3688691 -0.2433984
vn -0.9652202 0.0991402 -0.2419117
vn -0.9586403 -0.1785122 -0.2216802
vn -0.8774505 -0.4429118 -0.1841461
vn -0.7271942 -0.6736077 -0.1320651
vn -0.5186429 -0.8521820 -0.0692485
vn 0.0224090 0.9760396 -0.2164358
vn -0.1842036 0.9010711 -0.3926066
vn -0.3752372 0.7555594 -0.5369609
vn -0.5362703 0.5516192 -0.6388509
vn -0.6552958 0.3053150 -0.6909198
vn -0.7234646 0.0355704 -0.6894445
vn -0.7356253 -0.2371536 -0.6345184
vn -0.6905662 -0.4920518 -0.5300975
vn -0.5912368 -0.7093514 -0.3837443
vn -0.4446280 -0.8716418 -0.2062683
vn 0.1529900 0.9425864 -0.2968583
vn 0.0556385 0.8396399 -0.5402863
vn -0.0455733 0.6711282 -0.7399392
vn -0.1428569 0.4508664 -0.8810853
vn -0.2288163 0.1960895 -0.9535156
vn -0.2969982 -0.0736556 -0.9520331
vn -0.3422057 -0.3379088 -0.8767627
vn -0.3609024 -0.5764803 -0.7330893
vn -0.3513868 -0.7707831 -0.5314327
vn -0.3139930 -0.9051066 -0.2866888
vn 0.3051546 0.9041228 -0.2990696
vn 0.3351233 0.7689812 -0.5443898
vn 0.3385564 0.5739990 -0.7455902
vn 0.3155487 0.3349594 -0.8878238
vn 0.2681047 0.0704551 -0.9608101
vn 0.1999145 -0.1992945 -0.9593310
vn 0.1161974 -0.4538080 -0.8834911
vn 0.0232346 -0.6735916 -0.7387385
vn -0.0719058 -0.8414479 -0.5355325
vn -0.1618252 -0.9435753 -0.2889259
vn 0.4381231 0.8709319 -0.2225439
vn 0.5793322 0.7080311 -0.4038146
vn 0.6742246 0.4902213 -0.5523625
vn 0.7161078 0.2349876 -0.6572446
vn 0.7023088 -0.0379186 -0.7108618
vn 0.6341288 -0.3076690 -0.7093803
vn 0.5167519 -0.5537778 -0.6529147
vn 0.3588885 -0.7573779 -0.5455068
vn 0.1723007 -0.9023943 -0.3949644
vn -0.0288830 -0.9767537 -0.2124098
vn 0.5162593 0.8519288 -0.0877129
vn 0.7228578 0.6731100 -0.1562033
vn 0.8714642 0.4422451 -0.2120598
vn 0.9514948 0.1777271 -0.2511387
vn 0.9574755 -0.0999967 -0.2706314
vn 0.8892984 -0.3697383 -0.2691504
vn 0.7521382 -0.6110445 -0.2468052
vn 0.5561369 -0.8053573 -0.2052105
vn 0.3158209 -0.9373029 -0.1473785
vn 0.0492600 -0.9957695 -0.0775659
vn -0.2450409 0.9694981 -0.0053262
vn 0.0516442 0.9955049 -0.0793911
vn 0.3201634 0.9368236 -0.1409144
vn 0.5621210 0.8046970 -0.1910046
vn 0.7592883 0.6102435 -0.2260181
vn 0.8970474 0.3688692 -0.2433958
vn 0.9652198 0.0991389 -0.2419137
vn 0.9586396 -0.1785098 -0.2216852
vn 0.8774470 -0.4429186 -0.1841463
vn 0.7272026 -0.6735999 -0.1320587
vn 0.5186431 -0.8521831 -0.0692333
vn 0.2450409 -0.9694981 0.0053262
vn 0.0492600 0.9957695 0.0775659
vn 0.3158209 0.9373029 0.1473785
vn 0.5561369 0.8053573 0.2052105
vn 0.7521382 0.6110445 0.2468052
vn 0.8892984 0.3697383 0.2691504
vn 0.9574755 0.0999967 0.2706314
vn 0.9514948 -0.1777271 0.2511387
vn 0.8714642 -0.4422451 0.2120598
vn 0.7228578 -0.6731100 0.1562033
vn 0.5162593 -0.8519288 0.0877129
vn -0.0288830 0.9767537 0.2124098
vn 0.1723007 0.9023943 0.3949644
vn 0.3588885 0.7573779 0.5455068
vn 0.5167519 0.5537778 0.6529147
vn 0.6341288 0.3076690 0.7093803
vn 0.7023088 0.0379186 0.7108618
vn 0.7161078 -0.2349876 0.6572446
vn 0.6742246 -0.4902213 0.5523625
vn 0.5793322 -0.7080311 0.4038146
vn 0.4381231 -0.8709319 0.2225439
vn -0.1618252 0.9435753 0.2889259
vn -0.0719058 0.8414479 0.5355325
vn 0.0232346 0.6735916 0.7387385
vn 0.1161974 0.4538080 0.8834911
vn 0.1999145 0.1992945 0.9593310
vn 0.2681047 -0.0704551 0.9608101
vn 0.3155487 -0.3349594 0.8878238
vn 0.3385564 -0.5739990 0.7455902
vn 0.3351233 -0.7689812 0.5443898
vn 0.3051546 -0.9041228 0.2990696
vn -0.3139930 0.9051066 0.2866888
vn -0.3513868 0.7707831 0.5314327
vn -0.3609024 0.5764803 0.7330893
vn -0.3422057 0.3379088 0.8767627
vn -0.2969982 0.0736556 0.9520331
vn -0.2288163 -0.1960895 0.9535156
vn -0.1428569 -0.4508664 0.8810853
vn -0.0455733 -0.6711282 0.7399392
vn 0.0556385 -0.8396399 0.5402863
vn 0.1529900 -0.9425864 0.2968583
vn -0.4446280 0.8716418 0.2062683
vn -0.5912368 0.7093514 0.3837443
vn -0.6905662 0.4920518 0.5300975
vn -0.7356253 0.2371536 0.6345184
vn -0.7234646 -0.0355704 0.6894445
vn -0.6552958 -0.3053150 0.6909198
vn -0.5362703 -0.5516192 0.6388509
vn -0.3752372 -0.7555594 0.5369609
vn -0.1842036 -0.9010711 0.3926066
vn 0.0224090 -0.9760396 0.2164358
vn -0.5186429 0.8521820 0.0692485
vn -0.7271942 0.6736077 0.1320651
vn -0.8774505 0.4429118 0.1841461
vn -0.9586403 0.1785122 0.2216802
vn -0.9652202 -0.0991402 0.2419117
vn -0.8970467 -0.3688691 0.2433984
vn -0.7592876 -0.6102422 0.2260239
vn -0.5621176 -0.8046996 0.1910034
vn -0.3201724 -0.9368224 0.1409025
vn -0.0516435 -0.9955058 0.0793792
vn -0.5162569 0.8519293 -0.0877226
vn -0.7228524 0.6731126 -0.1562174
vn -0.8714650 0.4422440 -0.2120591
vn -0.9514961 0.1777258 -0.2511349
vn -0.9574756 -0.0999960 -0.2706311
vn -0.8892989 -0.3697366 -0.2691511
vn -0.7521351 -0.6110464 -0.2468099
vn -0.5561384 -0.8053563 -0.2052103
vn -0.3158226 -0.9373052 -0.1473604
vn -0.0492646 -0.9957693 -0.0775661
vn -0.4381299 0.8709298 -0.2225388
vn -0.5793385 0.7080281 -0.4038108
vn -0.6742237 0.4902265 -0.5523589
vn -0.7161068 0.2349834 -0.6572472
vn -0.7023085 -0.0379173 -0.7108622
vn -0.6341278 -0.3076690 -0.7093813
vn -0.5167507 -0.5537801 -0.6529137
vn -0.3588920 -0.7573730 -0.5455113
vn -0.1722926 -0.9023939 -0.3949690
vn 0.0288788 -0.9767562 -0.2123992
vn -0.3051491 0.9041245 -0.2990703
vn -0.3351208 0.7689815 -0.5443909
vn -0.3385500 0.5739996 -0.7455926
vn -0.3155451 0.3349595 -0.8878251
vn -0.2681051 0.0704570 -0.9608098
vn -0.1999117 -0.1992973 -0.9593310
vn -0.1161984 -0.4538036 -0.8834932
vn -0.0232387 -0.6735941 -0.7387360
vn 0.0719059 -0.8414472 -0.5355334
vn 0.1618401 -0.9435718 -0.2889291
vn -0.1530026 0.9425849 -0.2968566
vn -0.0556402 0.8396372 -0.5402902
vn 0.0455661 0.6711265 -0.7399412
vn 0.1428517 0.4508644 -0.8810872
vn 0.2288151 0.1960902 -0.9535158
vn 0.2969943 -0.0736577 -0.9520341
vn 0.3422004 -0.3379065 -0.8767657
vn 0.3609029 -0.5764810 -0.7330885
vn 0.3513845 -0.7707883 -0.5314267
vn 0.3139924 -0.9051038 -0.2866982
vn -0.0223981 0.9760428 -0.2164229
vn 0.1842097 0.9010712 -0.3926035
vn 0.3752361 0.7555630 -0.5369566
vn 0.5362707 0.5516179 -0.6388516
vn 0.6552953 0.3053135 -0.6909209
vn 0.7234669 0.0355710 -0.6894421
vn 0.7356291 -0.2371518 -0.6345147
vn 0.6905690 -0.4920520 -0.5300937
vn 0.5912388 -0.7093496 -0.3837446
vn 0.4446157 -0.8716461 -0.2062764
vn 0.0326626 0.9994450 -0.0065396
vn 0.3340607 0.9425443 0.0036932
vn 0.5834903 0.8120197 0.0127701
vn 0.7857082 0.6182475 0.0207973
vn 0.9258375 0.3769430 0.0271835
vn 0.9937696 0.1069297 0.0314321
vn 0.9846823 -0.1711569 0.0332574
vn 0.8992696 -0.4361860 0.0324968
vn 0.7436802 -0.6678973 0.0292064
vn 0.5292301 -0.8481499 0.0236049
vn 0.2718038 -0.9622177 0.0161164
vn -0.0326626 -0.9994450 0.0065396
vn 0.2885748 0.9450087 0.1538934
vn 0.4999246 0.8165548 0.2886410
vn 0.6708483 0.6244769 0.3999889
vn 0.7887655 0.3843703 0.4796962
vn 0.8451799 0.1149866 0.5219665
vn 0.8360931 -0.1630861 0.5237854
vn 0.7621967 -0.4287418 0.4850120
vn 0.6288240 -0.6616532 0.4084059
vn 0.4456713 -0.8436102 0.2994977
vn 0.2262897 -0.9597481 0.1663629
vn 0.1740797 0.9494586 0.2611984
vn 0.2896659 0.8247130 0.4857388
vn 0.3818652 0.6356777 0.6708895
vn 0.4439061 0.3977621 0.8029525
vn 0.4713463 0.1295106 0.8723874
vn 0.4622598 -0.1485794 0.8742082
vn 0.4173238 -0.4153656 0.8082774
vn 0.3398392 -0.6504419 0.6792898
vn 0.2354048 -0.8354563 0.4965857
vn 0.1118465 -0.9553034 0.2736528
vn 0.0212935 0.9546789 0.2968750
vn 0.0090632 0.8343080 0.5512242
vn -0.0038109 0.6488763 0.7608844
vn -0.0163423 0.4134953 0.9103596
vn -0.0275767 0.1465551 0.9888180
vn -0.0366575 -0.1315269 0.9906346
vn -0.0429178 -0.3996222 0.9156747
vn -0.0458333 -0.6372436 0.7692984
vn -0.0451935 -0.8258601 0.5620611
vn -0.0409573 -0.9500788 0.3093102
vn -0.1288774 0.9592937 0.2512891
vn -0.2666932 0.8427793 0.4675444
vn -0.3828361 0.6605143 0.6458772
vn -0.4686418 0.4273792 0.7731248
vn -0.5178791 0.1616063 0.8400504
vn -0.5269741 -0.1164734 0.8418623
vn -0.4952201 -0.3857346 0.7784381
vn -0.4248664 -0.6256231 0.6542815
vn -0.3209662 -0.8173937 0.4783809
vn -0.1911284 -0.9454655 0.2637515
vn -0.2361533 0.9620457 0.1367465
vn -0.4637231 0.8478423 0.2571466
vn -0.6536437 0.6674746 0.3566897
vn -0.7918212 0.4356862 0.4280148
vn -0.8682079 0.1706104 0.4659477
vn -0.8772968 -0.1074585 0.4677639
vn -0.8183928 -0.3774343 0.4333319
vn -0.6956721 -0.6186722 0.3650822
vn -0.5179752 -0.8123298 0.2679962
vn -0.2983955 -0.9427078 0.1492049
vn -0.2718072 0.9622164 -0.0161369
vn -0.5292235 0.8481543 -0.0235980
vn -0.7436827 0.6678945 -0.0292055
vn -0.8992694 0.4361865 -0.0324958
vn -0.9846826 0.1711561 -0.0332545
vn -0.9937696 -0.1069282 -0.0314363
vn -0.9258361 -0.3769462 -0.0271883
vn -0.7857094 -0.6182462 -0.0207945
vn -0.5834919 -0.8120186 -0.0127627
vn -0.3340591 -0.9425449 -0.0036828
vn -0.2263041 0.9597471 -0.1663492
vn -0.4456613 0.8436131 -0.2995046
vn -0.6288234 0.6616513 -0.4084099
vn -0.7621952 0.4287421 -0.4850141
vn -0.8360913 0.1630858 -0.5237885
vn -0.8451831 -0.1149837 -0.5219620
vn -0.7887662 -0.3843762 -0.4796904
vn -0.6708475 -0.6244740 -0.3999949
vn -0.4999207 -0.8165547 -0.2886480
vn -0.2885679 -0.9450090 -0.1539045
vn -0.1118413 0.9553058 -0.2736463
vn -0.2354131 0.8354512 -0.4965903
vn -0.3398422 0.6504492 -0.6792813
vn -0.4173263 0.4153566 -0.8082807
vn -0.4622578 0.1485840 -0.8742085
vn -0.4713391 -0.1295104 -0.8723913
vn -0.4439005 -0.3977636 -0.8029548
vn -0.3818741 -0.6356767 -0.6708855
vn -0.2896712 -0.8247139 -0.4857341
vn -0.1740883 -0.9494571 -0.2611983
vn 0.0409639 0.9500793 -0.3093078
vn 0.0451995 0.8258569 -0.5620653
vn 0.0458432 0.6372478 -0.7692942
vn 0.0429172 0.3996173 -0.9156769
vn 0.0366535 0.1315296 -0.9906344
vn 0.0275724 -0.1465583 -0.9888177
vn 0.0163383 -0.4134895 -0.9103623
vn 0.0038141 -0.6488785 -0.7608825
vn -0.0090587 -0.8343087 -0.5512231
vn -0.0212897 -0.9546787 -0.2968759
vn 0.1911278 0.9454651 -0.2637536
vn 0.3209613 0.8173928 -0.4783857
vn 0.4248675 0.6256207 -0.6542831
vn 0.4952173 0.3857420 -0.7784362
vn 0.5269721 0.1164700 -0.8418641
vn 0.5178797 -0.1616064 -0.8400500
vn 0.4686428 -0.4273773 -0.7731252
vn 0.3828343 -0.6605173 -0.6458752
vn 0.2666930 -0.8427759 -0.4675506
vn 0.1288614 -0.9592954 -0.2512909
vn 0.2983912 0.9427088 -0.1492071
vn 0.5179730 0.8123307 -0.2679978
vn 0.6956710 0.6186689 -0.3650899
vn 0.8183939 0.3774363 -0.4333282
vn 0.8772996 0.1074581 -0.4677586
vn 0.8682073 -0.1706099 -0.4659489
vn 0.7918213 -0.4356871 -0.4280138
vn 0.6536455 -0.6674741 -0.3566875
vn 0.4637249 -0.8478415 -0.2571460
vn 0.2361595 -0.9620469 -0.1367279
vn -0.0326626 0.9994450 -0.0065396
vn 0.2718038 0.9622177 -0.0161164
vn 0.5292301 0.8481499 -0.0236049
vn 0.7436802 0.6678973 -0.0292064
vn 0.8992696 0.4361860 -0.0324968
vn 0.9846823 0.1711569 -0.0332574
vn 0.9937696 -0.1069297 -0.0314321
vn 0.9258375 -0.3769430 -0.0271835
vn 0.7857082 -0.6182475 -0.0207973
vn 0.5834903 -0.8120197 -0.0127701
vn 0.3340607 -0.9425443 -0.0036932
vn 0.0326626 -0.9994450 0.0065396
vn 0.2361595 0.9620469 0.1367279
vn 0.4637249 0.8478415 0.2571460
vn 0.6536455 0.6674741 0.3566875
vn 0.7918213 0.4356871 0.4280138
vn 0.8682073 0.1706099 0.4659489
vn 0.8772996 -0.1074581 0.4677586
vn 0.8183939 -0.3774363 0.4333282
vn 0.6956710 -0.6186689 0.3650899
vn 0.5179730 -0.8123307 0.2679978
vn 0.2983912 -0.9427088 0.1492071
vn 0.1288614 0.9592954 0.2512909
vn 0.2666930 0.8427759 0.4675506
vn 0.3828343 0.6605173 0.6458752
vn 0.4686428 0.4273773 0.7731252
vn 0.5178797 0.1616064 0.8400500
vn 0.5269721 -0.1164700 0.8418641
vn 0.4952173 -0.3857420 0.7784362
vn 0.4248675 -0.6256207 0.6542831
vn 0.3209613 -0.8173928 0.4783857
vn 0.1911278 -0.9454651 0.2637536
vn -0.0212897 0.9546787 0.2968759
vn -0.0090587 0.8343087 0.5512231
vn 0.0038141 0.6488785 0.7608825
vn 0.0163383 0.4134895 0.9103623
vn 0.0275724 0.1465583 0.9888177
vn 0.0366535 -0.1315296 0.9906344
vn 0.0429172 -0.3996173 0.9156769
vn 0.0458432 -0.6372478 0.7692942
vn 0.0451995 -0.8258569 0.5620653
vn 0.0409639 -0.9500793 0.3093078
vn -0.1740883 0.9494571 0.2611983
vn -0.2896712 0.8247139 0.4857341
vn -0.3818741 0.6356767 0.6708855
vn -0.4439005 0.3977636 0.8029548
vn -0.4713391 0.1295104 0.8723913
vn -0.4622578 -0.1485840 0.8742085
vn -0.4173263 -0.4153566 0.8082807
vn -0.3398422 -0.6504492 0.6792813
vn -0.2354131 -0.8354512 0.4965903
vn -0.1118413 -0.9553058 0.2736463
vn -0.2885679 0.9450090 0.1539045
vn -0.4999207 0.8165547 0.2886480
vn -0.6708475 0.6244740 0.3999949
vn -0.7887662 0.3843762 0.4796904
vn -0.8451831 0.1149837 0.5219620
vn -0.8360913 -0.1630858 0.5237885
vn -0.7621952 -0.4287421 0.4850141
vn -0.6288234 -0.6616513 0.4084099
vn -0.4456613 -0.8436131 0.2995046
vn -0.2263041 -0.9597471 0.1663492
vn -0.3340591 0.9425449 0.0036828
vn -0.5834919 0.8120186 0.0127627
vn -0.7857094 0.6182462 0.0207945
vn -0.9258361 0.3769462 0.0271883
vn -0.9937696 0.1069282 0.0314363
vn -0.9846826 -0.1711561 0.0332545
vn -0.8992694 -0.4361865 0.0324958
vn -0.7436827 -0.6678945 0.0292055
vn -0.5292235 -0.8481543 0.0235980
vn -0.2718072 -0.9622164 0.0161369
vn -0.2983955 0.9427078 -0.1492049
vn -0.5179752 0.8123298 -0.2679962
vn -0.6956721 0.6186722 -0.3650822
vn -0.8183928 0.3774343 -0.4333319
vn -0.8772968 0.1074585 -0.4677639
vn -0.8682079 -0.1706104 -0.4659477
vn -0.7918212 -0.4356862 -0.4280148
vn -0.6536437 -0.6674746 -0.3566897
vn -0.4637231 -0.8478423 -0.2571466
vn -0.2361533 -0.9620457 -0.1367465
vn -0.1911284 0.9454655 -0.2637515
vn -0.3209662 0.8173937 -0.4783809
vn -0.4248664 0.6256231 -0.6542815
vn -0.4952201 0.3857346 -0.7784381
vn -0.5269741 0.1164734 -0.8418623
vn -0.5178791 -0.1616063 -0.8400504
vn -0.4686418 -0.4273792 -0.7731248
vn -0.3828361 -0.6605143 -0.6458772
vn -0.2666932 -0.8427793 -0.4675444
vn -0.1288774 -0.9592937 -0.2512891
vn -0.0409573 0.9500788 -0.3093102
vn -0.0451935 0.8258601 -0.5620611
vn -0.0458333 0.6372436 -0.7692984
vn -0.0429178 0.3996222 -0.9156747
vn -0.0366575 0.1315269 -0.9906346
vn -0.0275767 -0.1465551 -0.9888180
vn -0.0163423 -0.4134953 -0.9103596
vn -0.0038109 -0.6488763 -0.7608844
vn 0.0090632 -0.8343080 -0.5512242
vn 0.0212935 -0.9546789 -0.2968750
vn 0.1118465 0.9553034 -0.2736528
vn 0.2354048 0.8354563 -0.4965857
vn 0.3398392 0.6504419 -0.6792898
vn 0.4173238 0.4153656 -0.8082774
vn 0.4622598 0.1485794 -0.8742082
vn 0.4713463 -0.1295106 -0.8723874
vn 0.4439061 -0.3977621 -0.8029525
vn 0.3818652 -0.6356777 -0.6708895
vn 0.2896659 -0.8247130 -0.4857388
vn 0.1740797 -0.9494586 -0.2611984
vn 0.2262897 0.9597481 -0.1663629
vn 0.4456713 0.8436102 -0.2994977
vn 0.6288240 0.6616532 -0.4084059
vn 0.7621967 0.4287418 -0.4850120
vn 0.8360931 0.1630861 -0.5237854
vn 0.8451799 -0.1149866 -0.5219665
vn 0.7887655 -0.3843703 -0.4796962
vn 0.6708483 -0.6244769 -0.3999889
vn 0.4999246 -0.8165548 -0.2886410
vn 0.2885748 -0.9450087 -0.1538934
vn 0.0000000 -0.9998152 -0.0192264
vn 0.3032540 -0.9527337 -0.0183154
vn 0.5569478 -0.8303940 -0.0159684
vn 0.7655067 -0.6433090 -0.0123735
vn 0.9135200 -0.4067188 -0.0078168
vn 0.9902754 -0.1390955 -0.0026722
vn 0.9902754 0.1390955 0.0026722
vn 0.9135200 0.4067188 0.0078168
vn 0.7655067 0.6433090 0.0123735
vn 0.5569478 0.8303940 0.0159684
vn 0.3032540 0.9527337 0.0183154
vn 0.0000000 0.9998152 0.0192264
vn 0.2626272 -0.9498162 -0.1699300
vn 0.4823299 -0.8250387 -0.2943959
vn 0.6629463 -0.6359479 -0.3950600
vn 0.7911355 -0.3979288 -0.4644968
vn 0.8576016 -0.1295722 -0.4977253
vn 0.8576005 0.1486137 -0.4923773
vn 0.7911368 0.4154898 -0.4488550
vn 0.6629438 0.6506708 -0.3703146
vn 0.4823267 0.8357493 -0.2624577
vn 0.2626378 0.9556455 -0.1332785
vn 0.1516247 -0.9476809 -0.2809107
vn 0.2784704 -0.8211188 -0.4982149
vn 0.3827515 -0.6305658 -0.6751948
vn 0.4567604 -0.3915055 -0.7988075
vn 0.4951351 -0.1226037 -0.8601218
vn 0.4951360 0.1555782 -0.8547723
vn 0.4567588 0.4219223 -0.7831685
vn 0.3827465 0.6560586 -0.6504555
vn 0.2784779 0.8396634 -0.4662782
vn 0.1516253 0.9577831 -0.2442565
vn 0.0000020 -0.9469022 -0.3215217
vn -0.0000004 -0.8196829 -0.5728175
vn -0.0000009 -0.6285908 -0.7777362
vn 0.0000001 -0.3891536 -0.9211729
vn 0.0000003 -0.1200548 -0.9927673
vn -0.0000006 0.1581320 -0.9874180
vn -0.0000004 0.4242788 -0.9055316
vn 0.0000008 0.6580225 -0.7529983
vn 0.0000013 0.8410957 -0.5408863
vn 0.0000018 0.9585628 -0.2848811
vn -0.1516237 -0.9476818 -0.2809082
vn -0.2784710 -0.8211174 -0.4982170
vn -0.3827474 -0.6305678 -0.6751953
vn -0.4567603 -0.3915035 -0.7988085
vn -0.4951360 -0.1226042 -0.8601212
vn -0.4951346 0.1555777 -0.8547733
vn -0.4567583 0.4219244 -0.7831677
vn -0.3827496 0.6560544 -0.6504578
vn -0.2784728 0.8396665 -0.4662757
vn -0.1516313 0.9577825 -0.2442550
vn -0.2626318 -0.9498157 -0.1699258
vn -0.4823272 -0.8250403 -0.2943961
vn -0.6629479 -0.6359479 -0.3950574
vn -0.7911381 -0.3979260 -0.4644948
vn -0.8576016 -0.1295740 -0.4977249
vn -0.8576007 0.1486116 -0.4923775
vn -0.7911341 0.4154925 -0.4488572
vn -0.6629439 0.6506702 -0.3703156
vn -0.4823313 0.8357489 -0.2624508
vn -0.2626318 0.9556460 -0.1332865
vn -0.3032528 -0.9527339 -0.0183254
vn -0.5569500 -0.8303926 -0.0159629
vn -0.7655053 -0.6433106 -0.0123735
vn -0.9135202 -0.4067181 -0.0078219
vn -0.9902754 -0.1390954 -0.0026745
vn -0.9902754 0.1390954 0.0026745
vn -0.9135202 0.4067181 0.0078219
vn -0.7655053 0.6433106 0.0123735
vn -0.5569500 0.8303926 0.0159629
vn -0.3032528 0.9527339 0.0183254
vn -0.2626318 -0.9556460 0.1332865
vn -0.4823313 -0.8357489 0.2624508
vn -0.6629439 -0.6506702 0.3703156
vn -0.7911341 -0.4154925 0.4488572
vn -0.8576007 -0.1486116 0.4923775
vn -0.8576016 0.1295740 0.4977249
vn -0.7911381 0.3979260 0.4644948
vn -0.6629479 0.6359479 0.3950574
vn -0.4823272 0.8250403 0.2943961
vn -0.2626318 0.9498157 0.1699258
vn -0.1516313 -0.9577825 0.2442550
vn -0.2784728 -0.8396665 0.4662757
vn -0.3827496 -0.6560544 0.6504578
vn -0.4567583 -0.4219244 0.7831677
vn -0.4951346 -0.1555777 0.8547733
vn -0.4951360 0.1226042 0.8601212
vn -0.4567603 0.3915035 0.7988085
vn -0.3827474 0.6305678 0.6751953
vn -0.2784710 0.8211174 0.4982170
vn -0.1516237 0.9476818 0.2809082
vn 0.0000018 -0.9585628 0.2848811
vn 0.0000013 -0.8410957 0.5408863
vn 0.0000008 -0.6580225 0.7529983
vn -0.0000004 -0.4242788 0.9055316
vn -0.0000006 -0.1581320 0.9874180
vn 0.0000003 0.1200548 0.9927673
vn 0.0000001 0.3891536 0.9211729
vn -0.0000009 0.6285908 0.7777362
vn -0.0000004 0.8196829 0.5728175
vn 0.0000020 0.9469022 0.3215217
vn 0.1516253 -0.9577831 0.2442565
vn 0.2784779 -0.8396634 0.4662782
vn 0.3827465 -0.6560586 0.6504555
vn 0.4567588 -0.4219223 0.7831685
vn 0.4951360 -0.1555782 0.8547723
vn 0.4951351 0.1226037 0.8601218
vn 0.4567604 0.3915055 0.7988075
vn 0.3827515 0.6305658 0.6751948
vn 0.2784704 0.8211188 0.4982149
vn 0.1516247 0.9476809 0.2809107
vn 0.2626378 -0.9556455 0.1332785
vn 0.4823267 -0.8357493 0.2624577
vn 0.6629438 -0.6506708 0.3703146
vn 0.7911368 -0.4154898 0.4488550
vn 0.8576005 -0.1486137 0.4923773
vn 0.8576016 0.1295722 0.4977253
vn 0.7911355 0.3979288 0.4644968
vn 0.6629463 0.6359479 0.3950600
vn 0.4823299 0.8250387 0.2943959
vn 0.2626272 0.9498162 0.1699300
vn 0.1641590 -0.9301961 -0.3283094
vn 0.5167492 -0.8207115 -0.2437272
vn 0.7717352 -0.6209420 -0.1373164
vn 0.9361226 -0.3513103 -0.0159876
vn 0.9933678 -0.0430171 0.1066298
vn 0.9381792 0.2696795 0.2170088
vn 0.7766556 0.5522925 0.3029505
vn 0.5257297 0.7731617 0.3547241
vn 0.2119781 0.9062403 0.3657783
vn -0.1641590 0.9301961 0.3283094
vn 0.4722737 -0.7526747 -0.4587355
vn 0.6925743 -0.4998093 -0.5201264
vn 0.8316269 -0.1914077 -0.5213059
vn 0.8755320 0.1373134 -0.4632372
vn 0.8203443 0.4500038 -0.3528907
vn 0.6721573 0.7122106 -0.2023873
vn 0.4465510 0.8943175 -0.0280776
vn 0.1675490 0.9742614 0.1508046
vn 0.3056548 -0.7269644 -0.6148967
vn 0.3958905 -0.4540258 -0.7982050
vn 0.4399434 -0.1309628 -0.8884248
vn 0.4338030 0.2055009 -0.8772596
vn 0.3786355 0.5181587 -0.7669072
vn 0.2804804 0.7726448 -0.5695180
vn 0.1498743 0.9400999 -0.3061861
vn 0.0008979 0.9999852 -0.0053720
vn 0.0804734 -0.7533869 -0.6526348
vn -0.0050644 -0.5010456 -0.8654060
vn -0.0893642 -0.1930326 -0.9771143
vn -0.1630755 0.1354649 -0.9772695
vn -0.2182418 0.4481515 -0.8669087
vn -0.2488102 0.7105595 -0.6581783
vn -0.2510923 0.8930546 -0.3733712
vn -0.2243283 0.9735587 -0.0431317
vn -0.1172629 -0.8218698 -0.5574759
vn -0.3570964 -0.6229564 -0.6959939
vn -0.5540383 -0.3539892 -0.7534807
vn -0.6871197 -0.0460445 -0.7250837
vn -0.7423202 0.2666509 -0.6147016
vn -0.7134988 0.5496242 -0.4345488
vn -0.6031047 0.7711448 -0.2039618
vn -0.4220378 0.9050845 0.0520203
vn -0.2119831 -0.9062391 -0.3657784
vn -0.5257330 -0.7731664 -0.3547091
vn -0.7766529 -0.5522947 -0.3029536
vn -0.9381785 -0.2696768 -0.2170148
vn -0.9933673 0.0430175 -0.1066348
vn -0.9361204 0.3513161 0.0159852
vn -0.7717420 0.6209338 0.1373154
vn -0.5167385 0.8207207 0.2437190
vn -0.1675518 -0.9742589 -0.1508180
vn -0.4465651 -0.8943112 0.0280536
vn -0.6721591 -0.7122117 0.2023776
vn -0.8203450 -0.4499995 0.3528944
vn -0.8755295 -0.1373159 0.4632412
vn -0.8316266 0.1914076 0.5213064
vn -0.6925825 0.4998079 0.5201168
vn -0.4722597 0.7526797 0.4587417
vn -0.0008855 -0.9999852 0.0053717
vn -0.1498557 -0.9401016 0.3061898
vn -0.2804670 -0.7726373 0.5695348
vn -0.3786270 -0.5181628 0.7669087
vn -0.4338047 -0.2054987 0.8772593
vn -0.4399354 0.1309636 0.8884286
vn -0.3958669 0.4540240 0.7982178
vn -0.3056457 0.7269616 0.6149045
vn 0.2243292 -0.9735583 0.0431340
vn 0.2510918 -0.8930546 0.3733717
vn 0.2487988 -0.7105588 0.6581834
vn 0.2182353 -0.4481580 0.8669070
vn 0.1630712 -0.1354702 0.9772695
vn 0.0893453 0.1930391 0.9771148
vn 0.0050445 0.5010379 0.8654107
vn -0.0804795 0.7533811 0.6526408
vn 0.4220393 -0.9050839 -0.0520181
vn 0.6031036 -0.7711457 0.2039617
vn 0.7134971 -0.5496273 0.4345478
vn 0.7423196 -0.2666486 0.6147033
vn 0.6871233 0.0460376 0.7250807
vn 0.5540386 0.3539994 0.7534757
vn 0.3571026 0.6229583 0.6959891
vn 0.1172584 0.8218692 0.5574778
vn -0.1641590 -0.9301961 -0.3283094
vn 0.2119781 -0.9062403 -0.3657783
vn 0.5257297 -0.7731617 -0.3547241
vn 0.7766556 -0.5522925 -0.3029505
vn 0.9381792 -0.2696795 -0.2170088
vn 0.9933678 0.0430171 -0.1066298
vn 0.9361226 0.3513103 0.0159876
vn 0.7717352 0.6209420 0.1373164
vn 0.5167492 0.8207115 0.2437272
vn 0.1641590 0.9301961 0.3283094
vn 0.1172584 -0.8218692 -0.5574778
vn 0.3571026 -0.6229583 -0.6959891
vn 0.5540386 -0.3539994 -0.7534757
vn 0.6871233 -0.0460376 -0.7250807
vn 0.7423196 0.2666486 -0.6147033
vn 0.7134971 0.5496273 -0.4345478
vn 0.6031036 0.7711457 -0.2039617
vn 0.4220393 0.9050839 0.0520181
vn -0.0804795 -0.7533811 -0.6526408
vn 0.0050445 -0.5010379 -0.8654107
vn 0.0893453 -0.1930391 -0.9771148
vn 0.1630712 0.1354702 -0.9772695
vn 0.2182353 0.4481580 -0.8669070
vn 0.2487988 0.7105588 -0.6581834
vn 0.2510918 0.8930546 -0.3733717
vn 0.2243292 0.9735583 -0.0431340
vn -0.3056457 -0.7269616 -0.6149045
vn -0.3958669 -0.4540240 -0.7982178
vn -0.4399354 -0.1309636 -0.8884286
vn -0.4338047 0.2054987 -0.8772593
vn -0.3786270 0.5181628 -0.7669087
vn -0.2804670 0.7726373 -0.5695348
vn -0.1498557 0.9401016 -0.3061898
vn -0.0008855 0.9999852 -0.0053717
vn -0.4722597 -0.7526797 -0.4587417
vn -0.6925825 -0.4998079 -0.5201168
vn -0.8316266 -0.1914076 -0.5213064
vn -0.8755295 0.1373159 -0.4632412
vn -0.8203450 0.4499995 -0.3528944
vn -0.6721591 0.7122117 -0.2023776
vn -0.4465651 0.8943112 -0.0280536
vn -0.1675518 0.9742589 0.1508180
vn -0.5167385 -0.8207207 -0.2437190
vn -0.7717420 -0.6209338 -0.1373154
vn -0.9361204 -0.3513161 -0.0159852
vn -0.9933673 -0.0430175 0.1066348
vn -0.9381785 0.2696768 0.2170148
vn -0.7766529 0.5522947 0.3029536
vn -0.5257330 0.7731664 0.3547091
vn -0.2119831 0.9062391 0.3657784
vn -0.4220378 -0.9050845 -0.0520203
vn -0.6031047 -0.7711448 0.2039618
vn -0.7134988 -0.5496242 0.4345488
vn -0.7423202 -0.2666509 0.6147016
vn -0.6871197 0.0460445 0.7250837
vn -0.5540383 0.3539892 0.7534807
vn -0.3570964 0.6229564 0.6959939
vn -0.1172629 0.8218698 0.5574759
vn -0.2243283 -0.9735587 0.0431317
vn -0.2510923 -0.8930546 0.3733712
vn -0.2488102 -0.7105595 0.6581783
vn -0.2182418 -0.4481515 0.8669087
vn -0.1630755 -0.1354649 0.9772695
vn -0.0893642 0.1930326 0.9771143
vn -0.0050644 0.5010456 0.8654060
vn 0.0804734 0.7533869 0.6526348
vn 0.0008979 -0.9999852 0.0053720
vn 0.1498743 -0.9400999 0.3061861
vn 0.2804804 -0.7726448 0.5695180
vn 0.3786355 -0.5181587 0.7669072
vn 0.4338030 -0.2055009 0.8772596
vn 0.4399434 0.1309628 0.8884248
vn 0.3958905 0.4540258 0.7982050
vn 0.3056548 0.7269644 0.6148967
vn 0.1675490 -0.9742614 -0.1508046
vn 0.4465510 -0.8943175 0.0280776
vn 0.6721573 -0.7122106 0.2023873
vn 0.8203443 -0.4500038 0.3528907
vn 0.8755320 -0.1373134 0.4632372
vn 0.8316269 0.1914077 0.5213059
vn 0.6925743 0.4998093 0.5201264
vn 0.4722737 0.7526747 0.4587355
vn 0.0653725 -0.8498355 -0.5229780
vn 0.4315248 -0.7753238 -0.4611500
vn 0.7092946 -0.6126727 -0.3486163
vn 0.9034236 -0.3808718 -0.1968818
vn 0.9939948 -0.1068819 -0.0234629
vn 0.9720203 0.1788003 0.1523383
vn 0.8399167 0.4446674 0.3111446
vn 0.6113242 0.6609723 0.4351992
vn 0.3101443 0.8024634 0.5097676
vn -0.0653725 0.8498355 0.5229780
vn 0.3686751 -0.6629744 -0.6515701
vn 0.5973736 -0.4126388 -0.6876584
vn 0.7556880 -0.1168455 -0.6444244
vn 0.8273903 0.1908942 -0.5281900
vn 0.8054108 0.4765907 -0.3523844
vn 0.6921876 0.7087107 -0.1364019
vn 0.4994113 0.8610129 0.0961522
vn 0.2473137 0.9147975 0.3193454
vn 0.1882262 -0.5987337 -0.7785171
vn 0.2760088 -0.2982668 -0.9137046
vn 0.3314409 0.0341876 -0.9428564
vn 0.3489377 0.3612210 -0.8647323
vn 0.3269883 0.6468700 -0.6889397
vn 0.2679504 0.8597234 -0.4348313
vn 0.1780188 0.9754150 -0.1299034
vn 0.0668568 0.9790387 0.1923887
vn -0.0409979 -0.6071219 -0.7935503
vn -0.1321083 -0.3131706 -0.9404635
vn -0.2072887 0.0144749 -0.9781727
vn -0.2585710 0.3389730 -0.9045653
vn -0.2805514 0.6246692 -0.7287519
vn -0.2707993 0.8400298 -0.4701252
vn -0.2300561 0.9604831 -0.1566728
vn -0.1623585 0.9706595 0.1773693
vn -0.2313934 -0.6849207 -0.6908985
vn -0.4709939 -0.4517345 -0.7576943
vn -0.6546993 -0.1684377 -0.7368837
vn -0.7631424 0.1327216 -0.6324545
vn -0.7851179 0.4183919 -0.4566597
vn -0.7182103 0.6571136 -0.2288573
vn -0.5689822 0.8219353 0.0261091
vn -0.3527477 0.8928266 0.2800531
vn -0.3101523 -0.8024576 -0.5097718
vn -0.6113117 -0.6609881 -0.4351928
vn -0.8399243 -0.4446600 -0.3111343
vn -0.9720193 -0.1788033 -0.1523415
vn -0.9939956 0.1068757 0.0234600
vn -0.9034189 0.3808803 0.1968869
vn -0.7092963 0.6126730 0.3486123
vn -0.4315276 0.7753232 0.4611484
vn -0.2473170 -0.9147935 -0.3193542
vn -0.4994118 -0.8610137 -0.0961420
vn -0.6921875 -0.7087132 0.1363890
vn -0.8054168 -0.4765829 0.3523812
vn -0.8273840 -0.1908947 0.5281996
vn -0.7556859 0.1168326 0.6444292
vn -0.5973765 0.4126502 0.6876490
vn -0.3686770 0.6629740 0.6515694
vn -0.0668566 -0.9790361 -0.1924021
vn -0.1780357 -0.9754113 0.1299082
vn -0.2679356 -0.8597264 0.4348346
vn -0.3269746 -0.6468721 0.6889442
vn -0.3489488 -0.3612164 0.8647297
vn -0.3314490 -0.0341913 0.9428534
vn -0.2759835 0.2982719 0.9137106
vn -0.1882132 0.5987209 0.7785300
vn 0.1623843 -0.9706546 -0.1773722
vn 0.2300641 -0.9604825 0.1566651
vn 0.2707869 -0.8400279 0.4701357
vn 0.2805420 -0.6246749 0.7287506
vn 0.2585768 -0.3389745 0.9045631
vn 0.2072870 -0.0144735 0.9781731
vn 0.1320812 0.3131736 0.9404663
vn 0.0409826 0.6071087 0.7935613
vn 0.3527429 -0.8928340 -0.2800355
vn 0.5689726 -0.8219418 -0.0261116
vn 0.7182170 -0.6571068 0.2288558
vn 0.7851217 -0.4183902 0.4566548
vn 0.7631401 -0.1327248 0.6324565
vn 0.6547018 0.1684441 0.7368800
vn 0.4710140 0.4517406 0.7576782
vn 0.2313828 0.6849212 0.6909015
vn -0.0653725 -0.8498355 -0.5229780
vn 0.3101443 -0.8024634 -0.5097676
vn 0.6113242 -0.6609723 -0.4351992
vn 0.8399167 -0.4446674 -0.3111446
vn 0.9720203 -0.1788003 -0.1523383
vn 0.9939948 0.1068819 0.0234629
vn 0.9034236 0.3808718 0.1968818
vn 0.7092946 0.6126727 0.3486163
vn 0.4315248 0.7753238 0.4611500
vn 0.0653725 0.8498355 0.5229780
vn 0.2313828 -0.6849212 -0.6909015
vn 0.4710140 -0.4517406 -0.7576782
vn 0.6547018 -0.1684441 -0.7368800
vn 0.7631401 0.1327248 -0.6324565
vn 0.7851217 0.4183902 -0.4566548
vn 0.7182170 0.6571068 -0.2288558
vn 0.5689726 0.8219418 0.0261116
vn 0.3527429 0.8928340 0.2800355
vn 0.0409826 -0.6071087 -0.7935613
vn 0.1320812 -0.3131736 -0.9404663
vn 0.2072870 0.0144735 -0.9781731
vn 0.2585768 0.3389745 -0.9045631
vn 0.2805420 0.6246749 -0.7287506
vn 0.2707869 0.8400279 -0.4701357
vn 0.2300641 0.9604825 -0.1566651
vn 0.1623843 0.9706546 0.1773722
vn -0.1882132 -0.5987209 -0.7785300
vn -0.2759835 -0.2982719 -0.9137106
vn -0.3314490 0.0341913 -0.9428534
vn -0.3489488 0.3612164 -0.8647297
vn -0.3269746 0.6468721 -0.6889442
vn -0.2679356 0.8597264 -0.4348346
vn -0.1780357 0.9754113 -0.1299082
vn -0.0668566 0.9790361 0.1924021
vn -0.3686770 -0.6629740 -0.6515694
vn -0.5973765 -0.4126502 -0.6876490
vn -0.7556859 -0.1168326 -0.6444292
vn -0.8273840 0.1908947 -0.5281996
vn -0.8054168 0.4765829 -0.3523812
vn -0.6921875 0.7087132 -0.1363890
vn -0.4994118 0.8610137 0.0961420
vn -0.2473170 0.9147935 0.3193542
vn -0.4315276 -0.7753232 -0.4611484
vn -0.7092963 -0.6126730 -0.3486123
vn -0.9034189 -0.3808803 -0.1968869
vn -0.9939956 -0.1068757 -0.0234600
vn -0.9720193 0.1788033 0.1523415
vn -0.8399243 0.4446600 0.3111343
vn -0.6113117 0.6609881 0.4351928
vn -0.3101523 0.8024576 0.5097718
vn -0.3527477 -0.8928266 -0.2800531
vn -0.5689822 -0.8219353 -0.0261091
vn -0.7182103 -0.6571136 0.2288573
vn -0.7851179 -0.4183919 0.4566597
vn -0.7631424 -0.1327216 0.6324545
vn -0.6546993 0.1684377 0.7368837
vn -0.4709939 0.4517345 0.7576943
vn -0.2313934 0.6849207 0.6908985
vn -0.1623585 -0.9706595 -0.1773693
vn -0.2300561 -0.9604831 0.1566728
vn -0.2707993 -0.8400298 0.4701252
vn -0.2805514 -0.6246692 0.7287519
vn -0.2585710 -0.3389730 0.9045653
vn -0.2072887 -0.0144749 0.9781727
vn -0.1321083 0.3131706 0.9404635
vn -0.0409979 0.6071219 0.7935503
vn 0.0668568 -0.9790387 -0.1923887
vn 0.1780188 -0.9754150 0.1299034
vn 0.2679504 -0.8597234 0.4348313
vn 0.3269883 -0.6468700 0.6889397
vn 0.3489377 -0.3612210 0.8647323
vn 0.3314409 -0.0341876 0.9428564
vn 0.2760088 0.2982668 0.9137046
vn 0.1882262 0.5987337 0.7785171
vn 0.2473137 -0.9147975 -0.3193454
vn 0.4994113 -0.8610129 -0.0961522
vn 0.6921876 -0.7087107 0.1364019
vn 0.8054108 -0.4765907 0.3523844
vn 0.8273903 -0.1908942 0.5281900
vn 0.7556880 0.1168455 0.6444244
vn 0.5973736 0.4126388 0.6876584
vn 0.3686751 0.6629744 0.6515701
vn 0.5240988 -0.7861463 -0.3275584
vn 0.7814538 -0.6143380 -0.1091730
vn 0.9179039 -0.3835839 0.1015669
vn 0.9478196 -0.1105455 0.2990280
vn 0.8698997 0.1738084 0.4615898
vn 0.6937187 0.4380873 0.5716940
vn 0.4386928 0.6531499 0.6172065
vn 0.1324129 0.7946011 0.5925166
vn -0.1915818 0.8451729 0.4989781
vn -0.5240988 0.7861463 0.3275584
vn 0.7929593 -0.5195611 -0.3182323
vn 0.9383921 -0.2148482 -0.2706667
vn 0.9748756 0.1122555 -0.1923960
vn 0.9004137 0.4250675 -0.0925895
vn 0.7242386 0.6893275 0.0174934
vn 0.4657771 0.8759156 0.1257915
vn 0.1529129 0.9633871 0.2202339
vn -0.1800662 0.9399622 0.2899090
vn 0.6874200 -0.5050658 -0.5218834
vn 0.7504740 -0.1890137 -0.6332950
vn 0.7267928 0.1463245 -0.6710897
vn 0.6206511 0.4634771 -0.6324407
vn 0.4444824 0.7277443 -0.5223251
vn 0.2176964 0.9099836 -0.3528996
vn -0.0349973 0.9891934 -0.1423787
vn -0.2855868 0.9544617 0.0862731
vn 0.5051319 -0.5764138 -0.6423308
vn 0.4258874 -0.3160316 -0.8477877
vn 0.2983316 -0.0213369 -0.9542238
vn 0.1374608 0.2744135 -0.9517362
vn -0.0387010 0.5386694 -0.8416279
vn -0.2107777 0.7423352 -0.6360120
vn -0.3595750 0.8621863 -0.3568483
vn -0.4678783 0.8831301 -0.0342209
vn 0.3157406 -0.7063028 -0.6335963
vn 0.0886854 -0.5473454 -0.8321946
vn -0.1468379 -0.3267115 -0.9336478
vn -0.3645710 -0.0699479 -0.9285447
vn -0.5407623 0.1942963 -0.8184284
vn -0.6559518 0.4369611 -0.6154610
vn -0.6967943 0.6308737 -0.3412860
vn -0.6572836 0.7532137 -0.0254431
vn 0.1915723 -0.8451800 -0.4989698
vn -0.1324027 -0.7946116 -0.5925048
vn -0.4386990 -0.6531365 -0.6172162
vn -0.6937134 -0.4380835 -0.5717033
vn -0.8699006 -0.1738097 -0.4615876
vn -0.9478193 0.1105408 -0.2990307
vn -0.9179017 0.3835891 -0.1015668
vn -0.7814553 0.6143340 0.1091846
vn 0.1800665 -0.9399523 -0.2899408
vn -0.1529141 -0.9633855 -0.2202401
vn -0.4657755 -0.8759177 -0.1257826
vn -0.7242394 -0.6893269 -0.0174872
vn -0.9004136 -0.4250693 0.0925822
vn -0.9748760 -0.1122501 0.1923974
vn -0.9383889 0.2148416 0.2706831
vn -0.7929606 0.5195627 0.3182264
vn 0.2856119 -0.9544549 -0.0862656
vn 0.0349994 -0.9891900 0.1424015
vn -0.2176920 -0.9099838 0.3529017
vn -0.4444817 -0.7277461 0.5223232
vn -0.6206456 -0.4634785 0.6324450
vn -0.7267910 -0.1463137 0.6710940
vn -0.7504809 0.1890010 0.6332906
vn -0.6874188 0.5050697 0.5218812
vn 0.4678791 -0.8831296 0.0342245
vn 0.3595578 -0.8621965 0.3568408
vn 0.2107669 -0.7423411 0.6360086
vn 0.0386995 -0.5386698 0.8416277
vn -0.1374635 -0.2744134 0.9517358
vn -0.2983379 0.0213250 0.9542221
vn -0.4259017 0.3160325 0.8477802
vn -0.5051249 0.5764170 0.6423335
vn 0.6572895 -0.7532084 0.0254492
vn 0.6968046 -0.6308702 0.3412713
vn 0.6559572 -0.4369523 0.6154615
vn 0.5407636 -0.1942944 0.8184280
vn 0.3645712 0.0699374 0.9285454
vn 0.1468342 0.3267187 0.9336459
vn -0.0886697 0.5473632 0.8321846
vn -0.3157389 0.7062996 0.6336006
vn -0.5240988 -0.7861463 -0.3275584
vn -0.1915818 -0.8451729 -0.4989781
vn 0.1324129 -0.7946011 -0.5925166
vn 0.4386928 -0.6531499 -0.6172065
vn 0.6937187 -0.4380873 -0.5716940
vn 0.8698997 -0.1738084 -0.4615898
vn 0.9478196 0.1105455 -0.2990280
vn 0.9179039 0.3835839 -0.1015669
vn 0.7814538 0.6143380 0.1091730
vn 0.5240988 0.7861463 0.3275584
vn -0.3157389 -0.7062996 -0.6336006
vn -0.0886697 -0.5473632 -0.8321846
vn 0.1468342 -0.3267187 -0.9336459
vn 0.3645712 -0.0699374 -0.9285454
vn 0.5407636 0.1942944 -0.8184280
vn 0.6559572 0.4369523 -0.6154615
vn 0.6968046 0.6308702 -0.3412713
vn 0.6572895 0.7532084 -0.0254492
vn -0.5051249 -0.5764170 -0.6423335
vn -0.4259017 -0.3160325 -0.8477802
vn -0.2983379 -0.0213250 -0.9542221
vn -0.1374635 0.2744134 -0.9517358
vn 0.0386995 0.5386698 -0.8416277
vn 0.2107669 0.7423411 -0.6360086
vn 0.3595578 0.8621965 -0.3568408
vn 0.4678791 0.8831296 -0.0342245
vn -0.6874188 -0.5050697 -0.5218812
vn -0.7504809 -0.1890010 -0.6332906
vn -0.7267910 0.1463137 -0.6710940
vn -0.6206456 0.4634785 -0.6324450
vn -0.4444817 0.7277461 -0.5223232
vn -0.2176920 0.9099838 -0.3529017
vn 0.0349994 0.9891900 -0.1424015
vn 0.2856119 0.9544549 0.0862656
vn -0.7929606 -0.5195627 -0.3182264
vn -0.9383889 -0.2148416 -0.2706831
vn -0.9748760 0.1122501 -0.1923974
vn -0.9004136 0.4250693 -0.0925822
vn -0.7242394 0.6893269 0.0174872
vn -0.4657755 0.8759177 0.1257826
vn -0.1529141 0.9633855 0.2202401
vn 0.1800665 0.9399523 0.2899408
vn -0.7814553 -0.6143340 -0.1091846
vn -0.9179017 -0.3835891 0.1015668
vn -0.9478193 -0.1105408 0.2990307
vn -0.8699006 0.1738097 0.4615876
vn -0.6937134 0.4380835 0.5717033
vn -0.4386990 0.6531365 0.6172162
vn -0.1324027 0.7946116 0.5925048
vn 0.1915723 0.8451800 0.4989698
vn -0.6572836 -0.7532137 0.0254431
vn -0.6967943 -0.6308737 0.3412860
vn -0.6559518 -0.4369611 0.6154610
vn -0.5407623 -0.1942963 0.8184284
vn -0.3645710 0.0699479 0.9285447
vn -0.1468379 0.3267115 0.9336478
vn 0.0886854 0.5473454 0.8321946
vn 0.3157406 0.7063028 0.6335963
vn -0.4678783 -0.8831301 0.0342209
vn -0.3595750 -0.8621863 0.3568483
vn -0.2107777 -0.7423352 0.6360120
vn -0.0387010 -0.5386694 0.8416279
vn 0.1374608 -0.2744135 0.9517362
vn 0.2983316 0.0213369 0.9542238
vn 0.4258874 0.3160316 0.8477877
vn 0.5051319 0.5764138 0.6423308
vn -0.2855868 -0.9544617 -0.0862731
vn -0.0349973 -0.9891934 0.1423787
vn 0.2176964 -0.9099836 0.3528996
vn 0.4444824 -0.7277443 0.5223251
vn 0.6206511 -0.4634771 0.6324407
vn 0.7267928 -0.1463245 0.6710897
vn 0.7504740 0.1890137 0.6332950
vn 0.6874200 0.5050658 0.5218834
vn -0.1800662 -0.9399622 -0.2899090
vn 0.1529129 -0.9633871 -0.2202339
vn 0.4657771 -0.8759156 -0.1257915
vn 0.7242386 -0.6893275 -0.0174934
vn 0.9004137 -0.4250675 0.0925895
vn 0.9748756 -0.1122555 0.1923960
vn 0.9383921 0.2148482 0.2706667
vn 0.7929593 0.5195611 0.3182323
vn -0.4990446 0.7485310 -0.4366415
vn -0.1557775 0.7915552 -0.5909092
vn 0.1734427 0.7330929 -0.6576415
vn 0.4802088 0.5908554 -0.6482972
vn 0.7310176 0.3821244 -0.5653266
vn 0.8987813 0.1304818 -0.4185292
vn 0.9649880 -0.1362922 -0.2241040
vn 0.9213379 -0.3887494 -0.0032310
vn 0.7706543 -0.5981683 0.2197423
vn 0.4990446 -0.7485310 0.4366415
vn -0.1576876 0.9064113 -0.3918586
vn 0.1700771 0.9376242 -0.3032072
vn 0.4758079 0.8608538 -0.1803818
vn 0.7260544 0.6866069 -0.0376284
vn 0.8938011 0.4349764 0.1091568
vn 0.9605685 0.1336940 0.2437909
vn 0.9179852 -0.1842297 0.3512301
vn 0.7687723 -0.4832774 0.4188461
vn -0.2762893 0.9404793 -0.1978963
vn -0.0410507 0.9982708 0.0420733
vn 0.1970692 0.9409075 0.2754211
vn 0.4117176 0.7768972 0.4763605
vn 0.5794503 0.5252642 0.6231652
vn 0.6818313 0.2137726 0.6995766
vn 0.7068414 -0.1235809 0.6964933
vn 0.6502174 -0.4492115 0.6127204
vn -0.4662862 0.8807089 -0.0832401
vn -0.3793529 0.8918711 0.2462871
vn -0.2495072 0.8004588 0.5449879
vn -0.0919202 0.6185129 0.7803797
vn 0.0758130 0.3668669 0.9271791
vn 0.2352445 0.0733159 0.9691671
vn 0.3685485 -0.2299978 0.9007070
vn 0.4602292 -0.5089685 0.7274202
vn -0.6550893 0.7499815 -0.0915739
vn -0.7155895 0.6590600 0.2314554
vn -0.6933940 0.4930976 0.5254136
vn -0.5924884 0.2718984 0.7583065
vn -0.4247458 0.0202927 0.9050852
vn -0.2086288 -0.2340182 0.9495839
vn 0.0323108 -0.4628053 0.8858709
vn 0.2713655 -0.6397352 0.7190964
vn -0.7706596 0.5981532 -0.2197646
vn -0.9213430 0.3887373 0.0032208
vn -0.9649864 0.1362914 0.2241115
vn -0.8987816 -0.1304730 0.4185312
vn -0.7310218 -0.3821309 0.5653168
vn -0.4802126 -0.5908666 0.6482842
vn -0.1734425 -0.7330899 0.6576450
vn 0.1557843 -0.7915486 0.5909163
vn -0.7687796 0.4832790 -0.4188309
vn -0.9179885 0.1842344 -0.3512191
vn -0.9605711 -0.1336857 -0.2437855
vn -0.8938005 -0.4349786 -0.1091524
vn -0.7260553 -0.6866055 0.0376368
vn -0.4758122 -0.8608497 0.1803902
vn -0.1700756 -0.9376273 0.3031985
vn 0.1576924 -0.9064170 0.3918434
vn -0.6502168 0.4492187 -0.6127158
vn -0.7068360 0.1235743 -0.6965000
vn -0.6818295 -0.2137635 -0.6995811
vn -0.5794469 -0.5252700 -0.6231635
vn -0.4117241 -0.7768919 -0.4763636
vn -0.1970586 -0.9409128 -0.2754105
vn 0.0410389 -0.9982710 -0.0420823
vn 0.2762739 -0.9404776 0.1979259
vn -0.4602321 0.5089760 -0.7274131
vn -0.3685517 0.2299862 -0.9007086
vn -0.2352527 -0.0733089 -0.9691656
vn -0.0758106 -0.3668730 -0.9271769
vn 0.0919277 -0.6185079 -0.7803828
vn 0.2495160 -0.8004571 -0.5449865
vn 0.3793423 -0.8918726 -0.2462979
vn 0.4663091 -0.8806958 0.0832509
vn -0.2713668 0.6397418 -0.7190900
vn -0.0323064 0.4628048 -0.8858713
vn 0.2086429 0.2340258 -0.9495789
vn 0.4247514 -0.0202832 -0.9050828
vn 0.5924802 -0.2719039 -0.7583110
vn 0.6933857 -0.4931068 -0.5254159
vn 0.7155971 -0.6590549 -0.2314463
vn 0.6551038 -0.7499694 0.0915688
vn 0.4990446 0.7485310 -0.4366415
vn 0.7706543 0.5981683 -0.2197423
vn 0.9213379 0.3887494 0.0032310
vn 0.9649880 0.1362922 0.2241040
vn 0.8987813 -0.1304818 0.4185292
vn 0.7310176 -0.3821244 0.5653266
vn 0.4802088 -0.5908554 0.6482972
vn 0.1734427 -0.7330929 0.6576415
vn -0.1557775 -0.7915552 0.5909092
vn -0.4990446 -0.7485310 0.4366415
vn 0.6551038 0.7499694 -0.0915688
vn 0.7155971 0.6590549 0.2314463
vn 0.6933857 0.4931068 0.5254159
vn 0.5924802 0.2719039 0.7583110
vn 0.4247514 0.0202832 0.9050828
vn 0.2086429 -0.2340258 0.9495789
vn -0.0323064 -0.4628048 0.8858713
vn -0.2713668 -0.6397418 0.7190900
vn 0.4663091 0.8806958 -0.0832509
vn 0.3793423 0.8918726 0.2462979
vn 0.2495160 0.8004571 0.5449865
vn 0.0919277 0.6185079 0.7803828
vn -0.0758106 0.3668730 0.9271769
vn -0.2352527 0.0733089 0.9691656
vn -0.3685517 -0.2299862 0.9007086
vn -0.4602321 -0.5089760 0.7274131
vn 0.2762739 0.9404776 -0.1979259
vn 0.0410389 0.9982710 0.0420823
vn -0.1970586 0.9409128 0.2754105
vn -0.4117241 0.7768919 0.4763636
vn -0.5794469 0.5252700 0.6231635
vn -0.6818295 0.2137635 0.6995811
vn -0.7068360 -0.1235743 0.6965000
vn -0.6502168 -0.4492187 0.6127158
vn 0.1576924 0.9064170 -0.3918434
vn -0.1700756 0.9376273 -0.3031985
vn -0.4758122 0.8608497 -0.1803902
vn -0.7260553 0.6866055 -0.0376368
vn -0.8938005 0.4349786 0.1091524
vn -0.9605711 0.1336857 0.2437855
vn -0.9179885 -0.1842344 0.3512191
vn -0.7687796 -0.4832790 0.4188309
vn 0.1557843 0.7915486 -0.5909163
vn -0.1734425 0.7330899 -0.6576450
vn -0.4802126 0.5908666 -0.6482842
vn -0.7310218 0.3821309 -0.5653168
vn -0.8987816 0.1304730 -0.4185312
vn -0.9649864 -0.1362914 -0.2241115
vn -0.9213430 -0.3887373 -0.0032208
vn -0.7706596 -0.5981532 0.2197646
vn 0.2713655 0.6397352 -0.7190964
vn 0.0323108 0.4628053 -0.8858709
vn -0.2086288 0.2340182 -0.9495839
vn -0.4247458 -0.0202927 -0.9050852
vn -0.5924884 -0.2718984 -0.7583065
vn -0.6933940 -0.4930976 -0.5254136
vn -0.7155895 -0.6590600 -0.2314554
vn -0.6550893 -0.7499815 0.0915739
vn 0.4602292 0.5089685 -0.7274202
vn 0.3685485 0.2299978 -0.9007070
vn 0.2352445 -0.0733159 -0.9691671
vn 0.0758130 -0.3668669 -0.9271791
vn -0.0919202 -0.6185129 -0.7803797
vn -0.2495072 -0.8004588 -0.5449879
vn -0.3793529 -0.8918711 -0.2462871
vn -0.4662862 -0.8807089 0.0832401
vn 0.6502174 0.4492115 -0.6127204
vn 0.7068414 0.1235809 -0.6964933
vn 0.6818313 -0.2137726 -0.6995766
vn 0.5794503 -0.5252642 -0.6231652
vn 0.4117176 -0.7768972 -0.4763605
vn 0.1970692 -0.9409075 -0.2754211
vn -0.0410507 -0.9982708 -0.0420733
vn -0.2762893 -0.9404793 0.1978963
vn 0.7687723 0.4832774 -0.4188461
vn 0.9179852 0.1842297 -0.3512301
vn 0.9605685 -0.1336940 -0.2437909
vn 0.8938011 -0.4349764 -0.1091568
vn 0.7260544 -0.6866069 0.0376284
vn 0.4758079 -0.8608538 0.1803818
vn 0.1700771 -0.9376242 0.3032072
vn -0.1576876 -0.9064113 0.3918586
vn -0.9575897 0.2037420 -0.2037429
vn -0.8003146 0.2493977 -0.5452498
vn -0.5598233 0.2599869 -0.7867685
vn -0.2568719 0.2406315 -0.9360092
vn 0.0738898 0.1940277 -0.9782094
vn 0.3957650 0.1255214 -0.9097332
vn 0.6733536 0.0427263 -0.7380849
vn 0.8753350 -0.0453299 -0.4813874
vn 0.9774910 -0.1288980 -0.1670230
vn 0.9575897 -0.2037420 0.2037429
vn -0.7818200 0.4489419 -0.4326763
vn -0.5268660 0.6153048 -0.5863550
vn -0.2133376 0.7096613 -0.6714670
vn 0.1229601 0.7229384 -0.6798830
vn 0.4448593 0.6544486 -0.6113895
vn 0.7168688 0.5117266 -0.4735346
vn 0.9082790 0.3099359 -0.2810143
vn 0.9960118 0.0706863 -0.0544413
vn -0.8042039 0.5492415 -0.2271341
vn -0.5667652 0.7938823 -0.2202910
vn -0.2660228 0.9454083 -0.1882419
vn 0.0635646 0.9888114 -0.1349500
vn 0.3854663 0.9203267 -0.0664419
vn 0.6641982 0.7474940 0.0096676
vn 0.8683959 0.4885266 0.0850315
vn 0.9736097 0.1709822 0.1511599
vn -0.8589666 0.5119837 -0.0070112
vn -0.6642477 0.7275568 0.1715697
vn -0.3947302 0.8578455 0.3290731
vn -0.0815788 0.8900686 0.4484672
vn 0.2403165 0.8215808 0.5169651
vn 0.5354919 0.6599342 0.5270060
vn 0.7709128 0.4221788 0.4769260
vn 0.9188534 0.1337287 0.3712479
vn -0.9251454 0.3514497 0.1434892
vn -0.7821221 0.4416321 0.4395977
vn -0.5502944 0.4804033 0.6829266
vn -0.2570039 0.4644156 0.8475064
vn 0.0648774 0.3959225 0.9159893
vn 0.3799178 0.2824851 0.8808318
vn 0.6530417 0.1362927 0.7449569
vn 0.8526776 -0.0268101 0.5217492
vn -0.9774995 0.1288679 0.1669965
vn -0.8753269 0.0453325 0.4814019
vn -0.6733484 -0.0427259 0.7380897
vn -0.3957744 -0.1255223 0.9097290
vn -0.0738843 -0.1940282 0.9782097
vn 0.2568695 -0.2406351 0.9360090
vn 0.5598194 -0.2599894 0.7867705
vn 0.8003179 -0.2493752 0.5452552
vn -0.9960116 -0.0706856 0.0544459
vn -0.9082809 -0.3099357 0.2810083
vn -0.7168656 -0.5117198 0.4735468
vn -0.4448613 -0.6544411 0.6113962
vn -0.1229608 -0.7229350 0.6798865
vn 0.2133362 -0.7096496 0.6714798
vn 0.5268646 -0.6152939 0.5863678
vn 0.7818249 -0.4489450 0.4326641
vn -0.9736051 -0.1709958 -0.1511740
vn -0.8683991 -0.4885203 -0.0850350
vn -0.6642015 -0.7474910 -0.0096719
vn -0.3854601 -0.9203294 0.0664408
vn -0.0635723 -0.9888110 0.1349497
vn 0.2660242 -0.9454086 0.1882384
vn 0.5667818 -0.7938745 0.2202764
vn 0.8041992 -0.5492565 0.2271143
vn -0.9188605 -0.1337443 -0.3712248
vn -0.7709196 -0.4221784 -0.4769154
vn -0.5354845 -0.6599351 -0.5270123
vn -0.2403174 -0.8215773 -0.5169702
vn 0.0815838 -0.8900641 -0.4484752
vn 0.3947343 -0.8578378 -0.3290884
vn 0.6642449 -0.7275601 -0.1715663
vn 0.8589551 -0.5120024 0.0070456
vn -0.8526853 0.0268183 -0.5217361
vn -0.6530354 -0.1362903 -0.7449629
vn -0.3799162 -0.2824928 -0.8808300
vn -0.0648808 -0.3959279 -0.9159867
vn 0.2570045 -0.4644240 -0.8475016
vn 0.5502830 -0.4804216 -0.6829230
vn 0.7821269 -0.4416319 -0.4395894
vn 0.9251573 -0.3514067 -0.1435176
vn 0.9575897 0.2037420 -0.2037429
vn 0.9774910 0.1288980 0.1670230
vn 0.8753350 0.0453299 0.4813874
vn 0.6733536 -0.0427263 0.7380849
vn 0.3957650 -0.1255214 0.9097332
vn 0.0738898 -0.1940277 0.9782094
vn -0.2568719 -0.2406315 0.9360092
vn -0.5598233 -0.2599869 0.7867685
vn -0.8003146 -0.2493977 0.5452498
vn -0.9575897 -0.2037420 0.2037429
vn 0.9251573 0.3514067 0.1435176
vn 0.7821269 0.4416319 0.4395894
vn 0.5502830 0.4804216 0.6829230
vn 0.2570045 0.4644240 0.8475016
vn -0.0648808 0.3959279 0.9159867
vn -0.3799162 0.2824928 0.8808300
vn -0.6530354 0.1362903 0.7449629
vn -0.8526853 -0.0268183 0.5217361
vn 0.8589551 0.5120024 -0.0070456
vn 0.6642449 0.7275601 0.1715663
vn 0.3947343 0.8578378 0.3290884
vn 0.0815838 0.8900641 0.4484752
vn -0.2403174 0.8215773 0.5169702
vn -0.5354845 0.6599351 0.5270123
vn -0.7709196 0.4221784 0.4769154
vn -0.9188605 0.1337443 0.3712248
vn 0.8041992 0.5492565 -0.2271143
vn 0.5667818 0.7938745 -0.2202764
vn 0.2660242 0.9454086 -0.1882384
vn -0.0635723 0.9888110 -0.1349497
vn -0.3854601 0.9203294 -0.0664408
vn -0.6642015 0.7474910 0.0096719
vn -0.8683991 0.4885203 0.0850350
vn -0.9736051 0.1709958 0.1511740
vn 0.7818249 0.4489450 -0.4326641
vn 0.5268646 0.6152939 -0.5863678
vn 0.2133362 0.7096496 -0.6714798
vn -0.1229608 0.7229350 -0.6798865
vn -0.4448613 0.6544411 -0.6113962
vn -0.7168656 0.5117198 -0.4735468
vn -0.9082809 0.3099357 -0.2810083
vn -0.9960116 0.0706856 -0.0544459
vn 0.8003179 0.2493752 -0.5452552
vn 0.5598194 0.2599894 -0.7867705
vn 0.2568695 0.2406351 -0.9360090
vn -0.0738843 0.1940282 -0.9782097
vn -0.3957744 0.1255223 -0.9097290
vn -0.6733484 0.0427259 -0.7380897
vn -0.8753269 -0.0453325 -0.4814019
vn -0.9774995 -0.1288679 -0.1669965
vn 0.8526776 0.0268101 -0.5217492
vn 0.6530417 -0.1362927 -0.7449569
vn 0.3799178 -0.2824851 -0.8808318
vn 0.0648774 -0.3959225 -0.9159893
vn -0.2570039 -0.4644156 -0.8475064
vn -0.5502944 -0.4804033 -0.6829266
vn -0.7821221 -0.4416321 -0.4395977
vn -0.9251454 -0.3514497 -0.1434892
vn 0.9188534 -0.1337287 -0.3712479
vn 0.7709128 -0.4221788 -0.4769260
vn 0.5354919 -0.6599342 -0.5270060
vn 0.2403165 -0.8215808 -0.5169651
vn -0.0815788 -0.8900686 -0.4484672
vn -0.3947302 -0.8578455 -0.3290731
vn -0.6642477 -0.7275568 -0.1715697
vn -0.8589666 -0.5119837 0.0070112
vn 0.9736097 -0.1709822 -0.1511599
vn 0.8683959 -0.4885266 -0.0850315
vn 0.6641982 -0.7474940 -0.0096676
vn 0.3854663 -0.9203267 0.0664419
vn 0.0635646 -0.9888114 0.1349500
vn -0.2660228 -0.9454083 0.1882419
vn -0.5667652 -0.7938823 0.2202910
vn -0.8042039 -0.5492415 0.2271341
vn 0.9960118 -0.0706863 0.0544413
vn 0.9082790 -0.3099359 0.2810143
vn 0.7168688 -0.5117266 0.4735346
vn 0.4448593 -0.6544486 0.6113895
vn 0.1229601 -0.7229384 0.6798830
vn -0.2133376 -0.7096613 0.6714670
vn -0.5268660 -0.6153048 0.5863550
vn -0.7818200 -0.4489419 0.4326763
vn -0.9663472 -0.2300811 -0.1150465
vn -0.8365954 -0.2877186 -0.4661825
vn -0.6165229 -0.3044454 -0.7260940
vn -0.3273101 -0.2860653 -0.9005747
vn -0.0022237 -0.2352503 -0.9719323
vn 0.3226284 -0.1578901 -0.9332640
vn 0.6114308 -0.0625364 -0.7888229
vn 0.8317628 0.0403777 -0.5536609
vn 0.9574788 0.1393988 -0.2525910
vn 0.9663472 0.2300811 0.1150465
vn -0.8917318 -0.0653360 -0.4478233
vn -0.7147007 0.0914817 -0.6934219
vn -0.4568841 0.2366345 -0.8574736
vn -0.1483438 0.3542308 -0.9233172
vn 0.1764858 0.4315653 -0.8846492
vn 0.4818435 0.4601377 -0.7457213
vn 0.7336079 0.4363037 -0.5210168
vn 0.9023541 0.3617668 -0.2342687
vn -0.9488786 0.1003969 -0.2992487
vn -0.8164652 0.3866399 -0.4288288
vn -0.5912420 0.6262472 -0.5081803
vn -0.2998681 0.7935983 -0.5294156
vn 0.0249899 0.8709516 -0.4907330
vn 0.3474971 0.8497606 -0.3964250
vn 0.6318194 0.7314677 -0.2564355
vn 0.8451976 0.5275494 -0.0856315
vn -0.9862423 0.1462218 -0.0771056
vn -0.8829756 0.4682307 -0.0333776
vn -0.6790313 0.7339781 0.0138770
vn -0.3988547 0.9150921 0.0593417
vn -0.0740320 0.9924282 0.0980078
vn 0.2596726 0.9574904 0.1256277
vn 0.5653115 0.8130744 0.1390430
vn 0.8078290 0.5733927 0.1365030
vn -0.9895184 0.0546334 0.1336730
vn -0.8888184 0.3051232 0.3419089
vn -0.6867331 0.5186628 0.5093000
vn -0.4075631 0.6722773 0.6180094
vn -0.0827399 0.7496177 0.6566791
vn 0.2519652 0.7421813 0.6210318
vn 0.5594868 0.6499501 0.5143339
vn 0.8045622 0.4817777 0.3472317
vn -0.9574782 -0.1394086 0.2525879
vn -0.8317633 -0.0403719 0.5536604
vn -0.6114315 0.0625480 0.7888215
vn -0.3226300 0.1578952 0.9332626
vn 0.0022261 0.2352384 0.9719352
vn 0.3273117 0.2860473 0.9005798
vn 0.6165238 0.3044472 0.7260925
vn 0.8365946 0.2877275 0.4661785
vn -0.9023591 -0.3617556 0.2342667
vn -0.7336108 -0.4363010 0.5210150
vn -0.4818384 -0.4601425 0.7457215
vn -0.1764838 -0.4315684 0.8846481
vn 0.1483429 -0.3542208 0.9233212
vn 0.4568786 -0.2366229 0.8574798
vn 0.7146978 -0.0914867 0.6934242
vn 0.8917351 0.0653426 0.4478157
vn -0.8451876 -0.5275689 0.0856098
vn -0.6318241 -0.7314683 0.2564225
vn -0.3474944 -0.8497598 0.3964290
vn -0.0249903 -0.8709501 0.4907356
vn 0.2998716 -0.7936026 0.5294072
vn 0.5912411 -0.6262550 0.5081718
vn 0.8164691 -0.3866333 0.4288273
vn 0.9488828 -0.1004167 0.2992288
vn -0.8078247 -0.5734045 -0.1364795
vn -0.5653154 -0.8130715 -0.1390440
vn -0.2596797 -0.9574885 -0.1256277
vn 0.0740374 -0.9924281 -0.0980048
vn 0.3988571 -0.9150915 -0.0593337
vn 0.6790284 -0.7339809 -0.0138727
vn 0.8829763 -0.4682297 0.0333726
vn 0.9862388 -0.1462275 0.0771403
vn -0.8045653 -0.4817743 -0.3472293
vn -0.5594803 -0.6499544 -0.5143355
vn -0.2519677 -0.7421717 -0.6210422
vn 0.0827374 -0.7496111 -0.6566869
vn 0.4075585 -0.6722797 -0.6180097
vn 0.6867395 -0.5186622 -0.5092920
vn 0.8888157 -0.3051302 -0.3419097
vn 0.9895175 -0.0546131 -0.1336878
vn 0.9663472 -0.2300811 -0.1150465
vn 0.9574788 -0.1393988 0.2525910
vn 0.8317628 -0.0403777 0.5536609
vn 0.6114308 0.0625364 0.7888229
vn 0.3226284 0.1578901 0.9332640
vn -0.0022237 0.2352503 0.9719323
vn -0.3273101 0.2860653 0.9005747
vn -0.6165229 0.3044454 0.7260940
vn -0.8365954 0.2877186 0.4661825
vn -0.9663472 0.2300811 0.1150465
vn 0.9895175 0.0546131 0.1336878
vn 0.8888157 0.3051302 0.3419097
vn 0.6867395 0.5186622 0.5092920
vn 0.4075585 0.6722797 0.6180097
vn 0.0827374 0.7496111 0.6566869
vn -0.2519677 0.7421717 0.6210422
vn -0.5594803 0.6499544 0.5143355
vn -0.8045653 0.4817743 0.3472293
vn 0.9862388 0.1462275 -0.0771403
vn 0.8829763 0.4682297 -0.0333726
vn 0.6790284 0.7339809 0.0138727
vn 0.3988571 0.9150915 0.0593337
vn 0.0740374 0.9924281 0.0980048
vn -0.2596797 0.9574885 0.1256277
vn -0.5653154 0.8130715 0.1390440
vn -0.8078247 0.5734045 0.1364795
vn 0.9488828 0.1004167 -0.2992288
vn 0.8164691 0.3866333 -0.4288273
vn 0.5912411 0.6262550 -0.5081718
vn 0.2998716 0.7936026 -0.5294072
vn -0.0249903 0.8709501 -0.4907356
vn -0.3474944 0.8497598 -0.3964290
vn -0.6318241 0.7314683 -0.2564225
vn -0.8451876 0.5275689 -0.0856098
vn 0.8917351 -0.0653426 -0.4478157
vn 0.7146978 0.0914867 -0.6934242
vn 0.4568786 0.2366229 -0.8574798
vn 0.1483429 0.3542208 -0.9233212
vn -0.1764838 0.4315684 -0.8846481
vn -0.4818384 0.4601425 -0.7457215
vn -0.7336108 0.4363010 -0.5210150
vn -0.9023591 0.3617556 -0.2342667
vn 0.8365946 -0.2877275 -0.4661785
vn 0.6165238 -0.3044472 -0.7260925
vn 0.3273117 -0.2860473 -0.9005798
vn 0.0022261 -0.2352384 -0.9719352
vn -0.3226300 -0.1578952 -0.9332626
vn -0.6114315 -0.0625480 -0.7888215
vn -0.8317633 0.0403719 -0.5536604
vn -0.9574782 0.1394086 -0.2525879
vn 0.8045622 -0.4817777 -0.3472317
vn 0.5594868 -0.6499501 -0.5143339
vn 0.2519652 -0.7421813 -0.6210318
vn -0.0827399 -0.7496177 -0.6566791
vn -0.4075631 -0.6722773 -0.6180094
vn -0.6867331 -0.5186628 -0.5093000
vn -0.8888184 -0.3051232 -0.3419089
vn -0.9895184 -0.0546334 -0.1336730
vn 0.8078290 -0.5733927 -0.1365030
vn 0.5653115 -0.8130744 -0.1390430
vn 0.2596726 -0.9574904 -0.1256277
vn -0.0740320 -0.9924282 -0.0980078
vn -0.3988547 -0.9150921 -0.0593417
vn -0.6790313 -0.7339781 -0.0138770
vn -0.8829756 -0.4682307 0.0333776
vn -0.9862423 -0.1462218 0.0771056
vn 0.8451976 -0.5275494 0.0856315
vn 0.6318194 -0.7314677 0.2564355
vn 0.3474971 -0.8497606 0.3964250
vn 0.0249899 -0.8709516 0.4907330
vn -0.2998681 -0.7935983 0.5294156
vn -0.5912420 -0.6262472 0.5081803
vn -0.8164652 -0.3866399 0.4288288
vn -0.9488786 -0.1003969 0.2992487
vn 0.9023541 -0.3617668 0.2342687
vn 0.7336079 -0.4363037 0.5210168
vn 0.4818435 -0.4601377 0.7457213
vn 0.1764858 -0.4315653 0.8846492
vn -0.1483438 -0.3542308 0.9233172
vn -0.4568841 -0.2366345 0.8574736
vn -0.7147007 -0.0914817 0.6934219
vn -0.8917318 0.0653360 0.4478233
f 2//2 1//1 13//13
f 2//2 13//13 3//3
f 3//3 13//13 14//14
f 3//3 14//14 4//4
f 4//4 14//14 15//15
f 4//4 15//15 5//5
f 5//5 15//15 16//16
f 5//5 16//16 6//6
f 6//6 16//16 17//17
f 6//6 17//17 7//7
f 7//7 17//17 18//18
f 7//7 18//18 8//8
f 8//8 18//18 19//19
f 8//8 19//19 9//9
f 9//9 19//19 20//20
f 9//9 20//20 10//10
f 10//10 20//20 21//21
f 10//10 21//21 11//11
f 11//11 21//21 22//22
f 11//11 22//22 12//12
f 13//13 1//1 23//23
f 13//13 23//23 14//14
f 14//14 23//23 24//24
f 14//14 24//24 15//15
f 15//15 24//24 25//25
f 15//15 25//25 16//16
f 16//16 25//25 26//26
f 16//16 26//26 17//17
f 17//17 26//26 27//27
f 17//17 27//27 18//18
f 18//18 27//27 28//28
f 18//18 28//28 19//19
f 19//19 28//28 29//29
f 19//19 29//29 20//20
f 20//20 29//29 30//30
f 20//20 30//30 21//21
f 21//21 30//30 31//31
f 21//21 31//31 22//22
f 22//22 31//31 32//32
f 22//22 32//32 12//12
f 23//23 1//1 33//33
f 23//23 33//33 24//24
f 24//24 33//33 34//34
f 24//24 34//34 25//25
f 25//25 34//34 35//35
f 25//25 35//35 26//26
f 26//26 35//35 36//36
f 26//26 36//36 27//27
f 27//27 36//36 37//37
f 27//27 37//37 28//28
f 28//28 37//37 38//38
f 28//28 38//38 29//29
f 29//29 38//38 39//39
f 29//29 39//39 30//30
f 30//30 39//39 40//40
f 30//30 40//40 31//31
f 31//31 40//40 41//41
f 31//31 41//41 32//32
f 32//32 41//41 42//42
f 32//32 42//42 12//12
f 33//33 1//1 43//43
f 33//33 43//43 34//34
f 34//34 43//43 44//44
f 34//34 44//44 35//35
f 35//35 44//44 45//45
f 35//35 45//45 36//36
f 36//36 45//45 46//46
f 36//36 46//46 37//37
f 37//37 46//46 47//47
f 37//37 47//47 38//38
f 38//38 47//47 48//48
f 38//38 48//48 39//39
f 39//39 48//48 49//49
f 39//39 49//49 40//40
f 40//40 49//49 50//50
f 40//40 50//50 41//41
f 41//41 50//50 51//51
f 41//41 51//51 42//42
f 42//42 51//51 52//52
f 42//42 52//52 12//12
f 43//43 1//1 53//53
f 43//43 53//53 44//44
f 44//44 53//53 54//54
f 44//44 54//54 45//45
f 45//45 54//54 55//55
f 45//45 55//55 46//46
f 46//46 55//55 56//56
f 46//46 56//56 47//47
f 47//47 56//56 57//57
f 47//47 57//57 48//48
f 48//48 57//57 58//58
f 48//48 58//58 49//49
f 49//49 58//58 59//59
f 49//49 59//59 50//50
f 50//50 59//59 60//60
f 50//50 60//60 51//51
f 51//51 60//60 61//61
f 51//51 61//61 52//52
f 52//52 61//61 62//62
f 52//52 62//62 12//12
f 53//53 1//1 63//63
f 53//53 63//63 54//54
f 54//54 63//63 64//64
f 54//54 64//64 55//55
f 55//55 64//64 65//65
f 55//55 65//65 56//56
f 56//56 65//65 66//66
f 56//56 66//66 57//57
f 57//57 66//66 67//67
f 57//57 67//67 58//58
f 58//58 67//67 68//68
f 58//58 68//68 59//59
f 59//59 68//68 69//69
f 59//59 69//69 60//60
f 60//60 69//69 70//70
f 60//60 70//70 61//61
f 61//61 70//70 71//71
f 61//61 71//71 62//62
f 62//62 71//71 72//72
f 62//62 72//72 12//12
f 63//63 1//1 73//73
f 63//63 73//73 64//64
f 64//64 73//73 74//74
f 64//64 74//74 65//65
f 65//65 74//74 75//75
f 65//65 75//75 66//66
f 66//66 75//75 76//76
f 66//66 76//76 67//67
f 67//67 76//76 77//77
f 67//67 77//77 68//68
f 68//68 77//77 78//78
f 68//68 78//78 69//69
f 69//69 78//78 79//79
f 69//69 79//79 70//70
f 70//70 79//79 80//80
f 70//70 80//80 71//71
f 71//71 80//80 81//81
f 71//71 81//81 72//72
f 72//72 81//81 82//82
f 72//72 82//82 12//12
f 73//73 1//1 83//83
f 73//73 83//83 74//74
f 74//74 83//83 84//84
f 74//74 84//84 75//75
f 75//75 84//84 85//85
f 75//75 85//85 76//76
f 76//76 85//85 86//86
f 76//76 86//86 77//77
f 77//77 86//86 87//87
f 77//77 87//87 78//78
f 78//78 87//87 88//88
f 78//78 88//88 79//79
f 79//79 88//88 89//89
f 79//79 89//89 80//80
f 80//80 89//89 90//90
f 80//80 90//90 81//81
f 81//81 90//90 91//91
f 81//81 91//91 82//82
f 82//82 91//91 92//92
f 82//82 92//92 12//12
f 83//83 1//1 93//93
f 83//83 93//93 84//84
f 84//84 93//93 94//94
f 84//84 94//94 85//85
f 85//85 94//94 95//95
f 85//85 95//95 86//86
f 86//86 95//95 96//96
f 86//86 96//96 87//87
f 87//87 96//96 97//97
f 87//87 97//97 88//88
f 88//88 97//97 98//98
f 88//88 98//98 89//89
f 89//89 98//98 99//99
f 89//89 99//99 90//90
f 90//90 99//99 100//100
f 90//90 100//100 91//91
f 91//91 100//100 101//101
f 91//91 101//101 92//92
f 92//92 101//101 102//102
f 92//92 102//102 12//12
f 93//93 1//1 103//103
f 93//93 103//103 94//94
f 94//94 103//103 104//104
f 94//94 104//104 95//95
f 95//95 104//104 105//105
f 95//95 105//105 96//96
f 96//96 105//105 106//106
f 96//96 106//106 97//97
f 97//97 106//106 107//107
f 97//97 107//107 98//98
f 98//98 107//107 108//108
f 98//98 108//108 99//99
f 99//99 108//108 109//109
f 99//99 109//109 100//100
f 100//100 109//109 110//110
f 100//100 110//110 101//101
f 101//101 110//110 111//111
f 101//101 111//111 102//102
f 102//102 111//111 112//112
f 102//102 112//112 12//12
f 103//103 1//1 113//113
f 103//103 113//113 104//104
f 104//104 113//113 114//114
f 104//104 114//114 105//105
f 105//105 114//114 115//115
f 105//105 115//115 106//106
f 106//106 115//115 116//116
f 106//106 116//116 107//107
f 107//107 116//116 117//117
f 107//107 117//117 108//108
f 108//108 117//117 118//118
f 108//108 118//118 109//109
f 109//109 118//118 119//119
f 109//109 119//119 110//110
f 110//110 119//119 120//120
f 110//110 120//120 111//111
f 111//111 120//120 121//121
f 111//111 121//121 112//112
f 112//112 121//121 122//122
f 112//112 122//122 12//12
f 113//113 1//1 2//2
f 113//113 2//2 114//114
f 114//114 2//2 3//3
f 114//114 3//3 115//115
f 115//115 3//3 4//4
f 115//115 4//4 116//116
f 116//116 4//4 5//5
f 116//116 5//5 117//117
f 117//117 5//5 6//6
f 117//117 6//6 118//118
f 118//118 6//6 7//7
f 118//118 7//7 119//119
f 119//119 7//7 8//8
f 119//119 8//8 120//120
f 120//120 8//8 9//9
f 120//120 9//9 121//121
f 121//121 9//9 10//10
f 121//121 10//10 122//122
f 122//122 10//10 11//11
f 122//122 11//11 12//12
f 124//124 123//123 135//135
f 124//124 135//135 125//125
f 125//125 135//135 136//136
f 125//125 136//136 126//126
f 126//126 136//136 137//137
f 126//126 137//137 127//127
f 127//127 137//137 138//138
f 127//127 138//138 128//128
f 128//128 138//138 139//139
f 128//128 139//139 129//129
f 129//129 139//139 140//140
f 129//129 140//140 130//130
f 130//130 140//140 141//141
f 130//130 141//141 131//131
f 131//131 141//141 142//142
f 131//131 142//142 132//132
f 132//132 142//142 143//143
f 132//132 143//143 133//133
f 133//133 143//143 144//144
f 133//133 144//144 134//134
f 135//135 123//123 145//145
f 135//135 145//145 136//136
f 136//136 145//145 146//146
f 136//136 146//146 137//137
f 137//137 146//146 147//147
f 137//137 147//147 138//138
f 138//138 147//147 148//148
f 138//138 148//148 139//139
f 139//139 148//148 149//149
f 139//139 149//149 140//140
f 140//140 149//149 150//150
f 140//140 150//150 141//141
f 141//141 150//150 151//151
f 141//141 151//151 142//142
f 142//142 151//151 152//152
f 142//142 152//152 143//143
f 143//143 152//152 153//153
f 143//143 153//153 144//144
f 144//144 153//153 154//154
f 144//144 154//154 134//134
f 145//145 123//123 155//155
f 145//145 155//155 146//146
f 146//146 155//155 156//156
f 146//146 156//156 147//147
f 147//147 156//156 157//157
f 147//147 157//157 148//148
f 148//148 157//157 158//158
f 148//148 158//158 149//149
f 149//149 158//158 159//159
f 149//149 159//159 150//150
f 150//150 159//159 160//160
f 150//150 160//160 151//151
f 151//151 160//160 161//161
f 151//151 161//161 152//152
f 152//152 161//161 162//162
f 152//152 162//162 153//153
f 153//153 162//162 163//163
f 153//153 163//163 154//154
f 154//154 163//163 164//164
f 154//154 164//164 134//134
f 155//155 123//123 165//165
f 155//155 165//165 156//156
f 156//156 165//165 166//166
f 156//156 166//166 157//157
f 157//157 166//166 167//167
f 157//157 167//167 158//158
f 158//158 167//167 168//168
f 158//158 168//168 159//159
f 159//159 168//168 169//169
f 159//159 169//169 160//160
f 160//160 169//169 170//170
f 160//160 170//170 161//161
f 161//161 170//170 171//171
f 161//161 171//171 162//162
f 162//162 171//171 172//172
f 162//162 172//172 163//163
f 163//163 172//172 173//173
f 163//163 173//173 164//164
f 164//164 173//173 174//174
f 164//164 174//174 134//134
f 165//165 123//123 175//175
f 165//165 175//175 166//166
f 166//166 175//175 176//176
f 166//166 176//176 167//167
f 167//167 176//176 177//177
f 167//167 177//177 168//168
f 168//168 177//177 178//178
f 168//168 178//178 169//169
f 169//169 178//178 179//179
f 169//169 179//179 170//170
f 170//170 179//179 180//180
f 170//170 180//180 171//171
f 171//171 180//180 181//181
f 171//171 181//181 172//172
f 172//172 181//181 182//182
f 172//172 182//182 173//173
f 173//173 182//182 183//183
f 173//173 183//183 174//174
f 174//174 183//183 184//184
f 174//174 184//184 134//134
f 175//175 123//123 185//185
f 175//175 185//185 176//176
f 176//176 185//185 186//186
f 176//176 186//186 177//177
f 177//177 186//186 187//187
f 177//177 187//187 178//178
f 178//178 187//187 188//188
f 178//178 188//188 179//179
f 179//179 188//188 189//189
f 179//179 189//189 180//180
f 180//180 189//189 190//190
f 180//180 190//190 181//181
f 181//181 190//190 191//191
f 181//181 191//191 182//182
f 182//182 191//191 192//192
f 182//182 192//192 183//183
f 183//183 192//192 193//193
f 183//183 193//193 184//184
f 184//184 193//193 194//194
f 184//184 194//194 134//134
f 185//185 123//123 195//195
f 185//185 195//195 186//186
f 186//186 195//195 196//196
f 186//186 196//196 187//187
f 187//187 196//196 197//197
f 187//187 197//197 188//188
f 188//188 197//197 198//198
f 188//188 198//198 189//189
f 189//189 198//198 199//199
f 189//189 199//199 190//190
f 190//190 199//199 200//200
f 190//190 200//200 191//191
f 191//191 200//200 201//201
f 191//191 201//201 192//192
f 192//192 201//201 202//202
f 192//192 202//202 193//193
f 193//193 202//202 203//203
f 193//193 203//203 194//194
f 194//194 203//203 204//204
f 194//194 204//204 134//134
f 195//195 123//123 205//205
f 195//195 205//205 196//196
f 196//196 205//205 206//206
f 196//196 206//206 197//197
f 197//197 206//206 207//207
f 197//197 207//207 198//198
f 198//198 207//207 208//208
f 198//198 208//208 199//199
f 199//199 208//208 209//209
f 199//199 209//209 200//200
f 200//200 209//209 210//210
f 200//200 210//210 201//201
f 201//201 210//210 211//211
f 201//201 211//211 202//202
f 202//202 211//211 212//212
f 202//202 212//212 203//203
f 203//203 212//212 213//213
f 203//203 213//213 204//204
f 204//204 213//213 214//214
f 204//204 214//214 134//134
f 205//205 123//123 215//215
f 205//205 215//215 206//206
f 206//206 215//215 216//216
f 206//206 216//216 207//207
f 207//207 216//216 217//217
f 207//207 217//217 208//208
f 208//208 217//217 218//218
f 208//208 218//218 209//209
f 209//209 218//218 219//219
f 209//209 219//219 210//210
f 210//210 219//219 220//220
f 210//210 220//220 211//211
f 211//211 220//220 221//221
f 211//211 221//221 212//212
f 212//212 221//221 222//222
f 212//212 222//222 213//213
f 213//213 222//222 223//223
f 213//213 223//223 214//214
f 214//214 223//223 224//224
f 214//214 224//224 134//134
f 215//215 123//123 225//225
f 215//215 225//225 216//216
f 216//216 225//225 226//226
f 216//216 226//226 217//217
f 217//217 226//226 227//227
f 217//217 227//227 218//218
f 218//218 227//227 228//228
f 218//218 228//228 219//219
f 219//219 228//228 229//229
f 219//219 229//229 220//220
f 220//220 229//229 230//230
f 220//220 230//230 221//221
f 221//221 230//230 231//231
f 221//221 231//231 222//222
f 222//222 231//231 232//232
f 222//222 232//232 223//223
f 223//223 232//232 233//233
f 223//223 233//233 224//224
f 224//224 233//233 234//234
f 224//224 234//234 134//134
f 225//225 123//123 235//235
f 225//225 235//235 226//226
f 226//226 235//235 236//236
f 226//226 236//236 227//227
f 227//227 236//236 237//237
f 227//227 237//237 228//228
f 228//228 237//237 238//238
f 228//228 238//238 229//229
f 229//229 238//238 239//239
f 229//229 239//239 230//230
f 230//230 239//239 240//240
f 230//230 240//240 231//231
f 231//231 240//240 241//241
f 231//231 241//241 232//232
f 232//232 241//241 242//242
f 232//232 242//242 233//233
f 233//233 242//242 243//243
f 233//233 243//243 234//234
f 234//234 243//243 244//244
f 234//234 244//244 134//134
f 235//235 123//123 124//124
f 235//235 124//124 236//236
f 236//236 124//124 125//125
f 236//236 125//125 237//237
f 237//237 125//125 126//126
f 237//237 126//126 238//238
f 238//238 126//126 127//127
f 238//238 127//127 239//239
f 239//239 127//127 128//128
f 239//239 128//128 240//240
f 240//240 128//128 129//129
f 240//240 129//129 241//241
f 241//241 129//129 130//130
f 241//241 130//130 242//242
f 242//242 130//130 131//131
f 242//242 131//131 243//243
f 243//243 131//131 132//132
f 243//243 132//132 244//244
f 244//244 132//132 133//133
f 244//244 133//133 134//134
f 246//246 245//245 257//257
f 246//246 257//257 247//247
f 247//247 257//257 258//258
f 247//247 258//258 248//248
f 248//248 258//258 259//259
f 248//248 259//259 249//249
f 249//249 259//259 260//260
f 249//249 260//260 250//250
f 250//250 260//260 261//261
f 250//250 261//261 251//251
f 251//251 261//261 262//262
f 251//251 262//262 252//252
f 252//252 262//262 263//263
f 252//252 263//263 253//253
f 253//253 263//263 264//264
f 253//253 264//264 254//254
f 254//254 264//264 265//265
f 254//254 265//265 255//255
f 255//255 265//265 266//266
f 255//255 266//266 256//256
f 257//257 245//245 267//267
f 257//257 267//267 258//258
f 258//258 267//267 268//268
f 258//258 268//268 259//259
f 259//259 268//268 269//269
f 259//259 269//269 260//260
f 260//260 269//269 270//270
f 260//260 270//270 261//261
f 261//261 270//270 271//271
f 261//261 271//271 262//262
f 262//262 271//271 272//272
f 262//262 272//272 263//263
f 263//263 272//272 273//273
f 263//263 273//273 264//264
f 264//264 273//273 274//274
f 264//264 274//274 265//265
f 265//265 274//274 275//275
f 265//265 275//275 266//266
f 266//266 275//275 276//276
f 266//266 276//276 256//256
f 267//267 245//245 277//277
f 267//267 277//277 268//268
f 268//268 277//277 278//278
f 268//268 278//278 269//269
f 269//269 278//278 279//279
f 269//269 279//279 270//270
f 270//270 279//279 280//280
f 270//270 280//280 271//271
f 271//271 280//280 281//281
f 271//271 281//281 272//272
f 272//272 281//281 282//282
f 272//272 282//282 273//273
f 273//273 282//282 283//283
f 273//273 283//283 274//274
f 274//274 283//283 284//284
f 274//274 284//284 275//275
f 275//275 284//284 285//285
f 275//275 285//285 276//276
f 276//276 285//285 286//286
f 276//276 286//286 256//256
f 277//277 245//245 287//287
f 277//277 287//287 278//278
f 278//278 287//287 288//288
f 278//278 288//288 279//279
f 279//279 288//288 289//289
f 279//279 289//289 280//280
f 280//280 289//289 290//290
f 280//280 290//290 281//281
f 281//281 290//290 291//291
f 281//281 291//291 282//282
f 282//282 291//291 292//292
f 282//282 292//292 283//283
f 283//283 292//292 293//293
f 283//283 293//293 284//284
f 284//284 293//293 294//294
f 284//284 294//294 285//285
f 285//285 294//294 295//295
f 285//285 295//295 286//286
f 286//286 295//295 296//296
f 286//286 296//296 256//256
f 287//287 245//245 297//297
f 287//287 297//297 288//288
f 288//288 297//297 298//298
f 288//288 298//298 289//289
f 289//289 298//298 299//299
f 289//289 299//299 290//290
f 290//290 299//299 300//300
f 290//290 300//300 291//291
f 291//291 300//300 301//301
f 291//291 301//301 292//292
f 292//292 301//301 302//302
f 292//292 302//302 293//293
f 293//293 302//302 303//303
f 293//293 303//303 294//294
f 294//294 303//303 304//304
f 294//294 304//304 295//295
f 295//295 304//304 305//305
f 295//295 305//305 296//296
f 296//296 305//305 306//306
f 296//296 306//306 256//256
f 297//297 245//245 307//307
f 297//297 307//307 298//298
f 298//298 307//307 308//308
f 298//298 308//308 299//299
f 299//299 308//308 309//309
f 299//299 309//309 300//300
f 300//300 309//309 310//310
f 300//300 310//310 301//301
f 301//301 310//310 311//311
f 301//301 311//311 302//302
f 302//302 311//311 312//312
f 302//302 312//312 303//303
f 303//303 312//312 313//313
f 303//303 313//313 304//304
f 304//304 313//313 314//314
f 304//304 314//314 305//305
f 305//305 314//314 315//315
f 305//305 315//315 306//306
f 306//306 315//315 316//316
f 306//306 316//316 256//256
f 307//307 245//245 317//317
f 307//307 317//317 308//308
f 308//308 317//317 318//318
f 308//308 318//318 309//309
f 309//309 318//318 319//319
f 309//309 319//319 310//310
f 310//310 319//319 320//320
f 310//310 320//320 311//311
f 311//311 320//320 321//321
f 311//311 321//321 312//312
f 312//312 321//321 322//322
f 312//312 322//322 313//313
f 313//313 322//322 323//323
f 313//313 323//323 314//314
f 314//314 323//323 324//324
f 314//314 324//324 315//315
f 315//315 324//324 325//325
f 315//315 325//325 316//316
f 316//316 325//325 326//326
f 316//316 326//326 256//256
f 317//317 245//245 327//327
f 317//317 327//327 318//318
f 318//318 327//327 328//328
f 318//318 328//328 319//319
f 319//319 328//328 329//329
f 319//319 329//329 320//320
f 320//320 329//329 330//330
f 320//320 330//330 321//321
f 321//321 330//330 331//331
f 321//321 331//331 322//322
f 322//322 331//331 332//332
f 322//322 332//332 323//323
f 323//323 332//332 333//333
f 323//323 333//333 324//324
f 324//324 333//333 334//334
f 324//324 334//334 325//325
f 325//325 334//334 335//335
f 325//325 335//335 326//326
f 326//326 335//335 336//336
f 326//326 336//336 256//256
f 327//327 245//245 337//337
f 327//327 337//337 328//328
f 328//328 337//337 338//338
f 328//328 338//338 329//329
f 329//329 338//338 339//339
f 329//329 339//339 330//330
f 330//330 339//339 340//340
f 330//330 340//340 331//331
f 331//331 340//340 341//341
f 331//331 341//341 332//332
f 332//332 341//341 342//342
f 332//332 342//342 333//333
f 333//333 342//342 343//343
f 333//333 343//343 334//334
f 334//334 343//343 344//344
f 334//334 344//344 335//335
f 335//335 344//344 345//345
f 335//335 345//345 336//336
f 336//336 345//345 346//346
f 336//336 346//346 256//256
f 337//337 245//245 347//347
f 337//337 347//347 338//338
f 338//338 347//347 348//348
f 338//338 348//348 339//339
f 339//339 348//348 349//349
f 339//339 349//349 340//340
f 340//340 349//349 350//350
f 340//340 350//350 341//341
f 341//341 350//350 351//351
f 341//341 351//351 342//342
f 342//342 351//351 352//352
f 342//342 352//352 343//343
f 343//343 352//352 353//353
f 343//343 353//353 344//344
f 344//344 353//353 354//354
f 344//344 354//354 345//345
f 345//345 354//354 355//355
f 345//345 355//355 346//346
f 346//346 355//355 356//356
f 346//346 356//356 256//256
f 347//347 245//245 357//357
f 347//347 357//357 348//348
f 348//348 357//357 358//358
f 348//348 358//358 349//349
f 349//349 358//358 359//359
f 349//349 359//359 350//350
f 350//350 359//359 360//360
f 350//350 360//360 351//351
f 351//351 360//360 361//361
f 351//351 361//361 352//352
f 352//352 361//361 362//362
f 352//352 362//362 353//353
f 353//353 362//362 363//363
f 353//353 363//363 354//354
f 354//354 363//363 364//364
f 354//354 364//364 355//355
f 355//355 364//364 365//365
f 355//355 365//365 356//356
f 356//356 365//365 366//366
f 356//356 366//366 256//256
f 357//357 245//245 246//246
f 357//357 246//246 358//358
f 358//358 246//246 247//247
f 358//358 247//247 359//359
f 359//359 247//247 248//248
f 359//359 248//248 360//360
f 360//360 248//248 249//249
f 360//360 249//249 361//361
f 361//361 249//249 250//250
f 361//361 250//250 362//362
f 362//362 250//250 251//251
f 362//362 251//251 363//363
f 363//363 251//251 252//252
f 363//363 252//252 364//364
f 364//364 252//252 253//253
f 364//364 253//253 365//365
f 365//365 253//253 254//254
f 365//365 254//254 366//366
f 366//366 254//254 255//255
f 366//366 255//255 256//256
f 368//368 367//367 379//379
f 368//368 379//379 369//369
f 369//369 379//379 380//380
f 369//369 380//380 370//370
f 370//370 380//380 381//381
f 370//370 381//381 371//371
f 371//371 381//381 382//382
f 371//371 382//382 372//372
f 372//372 382//382 383//383
f 372//372 383//383 373//373
f 373//373 383//383 384//384
f 373//373 384//384 374//374
f 374//374 384//384 385//385
f 374//374 385//385 375//375
f 375//375 385//385 386//386
f 375//375 386//386 376//376
f 376//376 386//386 387//387
f 376//376 387//387 377//377
f 377//377 387//387 388//388
f 377//377 388//388 378//378
f 379//379 367//367 389//389
f 379//379 389//389 380//380
f 380//380 389//389 390//390
f 380//380 390//390 381//381
f 381//381 390//390 391//391
f 381//381 391//391 382//382
f 382//382 391//391 392//392
f 382//382 392//392 383//383
f 383//383 392//392 393//393
f 383//383 393//393 384//384
f 384//384 393//393 394//394
f 384//384 394//394 385//385
f 385//385 394//394 395//395
f 385//385 395//395 386//386
f 386//386 395//395 396//396
f 386//386 396//396 387//387
f 387//387 396//396 397//397
f 387//387 397//397 388//388
f 388//388 397//397 398//398
f 388//388 398//398 378//378
f 389//389 367//367 399//399
f 389//389 399//399 390//390
f 390//390 399//399 400//400
f 390//390 400//400 391//391
f 391//391 400//400 401//401
f 391//391 401//401 392//392
f 392//392 401//401 402//402
f 392//392 402//402 393//393
f 393//393 402//402 403//403
f 393//393 403//403 394//394
f 394//394 403//403 404//404
f 394//394 404//404 395//395
f 395//395 404//404 405//405
f 395//395 405//405 396//396
f 396//396 405//405 406//406
f 396//396 406//406 397//397
f 397//397 406//406 407//407
f 397//397 407//407 398//398
f 398//398 407//407 408//408
f 398//398 408//408 378//378
f 399//399 367//367 409//409
f 399//399 409//409 400//400
f 400//400 409//409 410//410
f 400//400 410//410 401//401
f 401//401 410//410 411//411
f 401//401 411//411 402//402
f 402//402 411//411 412//412
f 402//402 412//412 403//403
f 403//403 412//412 413//413
f 403//403 413//413 404//404
f 404//404 413//413 414//414
f 404//404 414//414 405//405
f 405//405 414//414 415//415
f 405//405 415//415 406//406
f 406//406 415//415 416//416
f 406//406 416//416 407//407
f 407//407 416//416 417//417
f 407//407 417//417 408//408
f 408//408 417//417 418//418
f 408//408 418//418 378//378
f 409//409 367//367 419//419
f 409//409 419//419 410//410
f 410//410 419//419 420//420
f 410//410 420//420 411//411
f 411//411 420//420 421//421
f 411//411 421//421 412//412
f 412//412 421//421 422//422
f 412//412 422//422 413//413
f 413//413 422//422 423//423
f 413//413 423//423 414//414
f 414//414 423//423 424//424
f 414//414 424//424 415//415
f 415//415 424//424 425//425
f 415//415 425//425 416//416
f 416//416 425//425 426//426
f 416//416 426//426 417//417
f 417//417 426//426 427//427
f 417//417 427//427 418//418
f 418//418 427//427 428//428
f 418//418 428//428 378//378
f 419//419 367//367 429//429
f 419//419 429//429 420//420
f 420//420 429//429 430//430
f 420//420 430//430 421//421
f 421//421 430//430 431//431
f 421//421 431//431 422//422
f 422//422 431//431 432//432
f 422//422 432//432 423//423
f 423//423 432//432 433//433
f 423//423 433//433 424//424
f 424//424 433//433 434//434
f 424//424 434//434 425//425
f 425//425 434//434 435//435
f 425//425 435//435 426//426
f 426//426 435//435 436//436
f 426//426 436//436 427//427
f 427//427 436//436 437//437
f 427//427 437//437 428//428
f 428//428 437//437 438//438
f 428//428 438//438 378//378
f 429//429 367//367 439//439
f 429//429 439//439 430//430
f 430//430 439//439 440//440
f 430//430 440//440 431//431
f 431//431 440//440 441//441
f 431//431 441//441 432//432
f 432//432 441//441 442//442
f 432//432 442//442 433//433
f 433//433 442//442 443//443
f 433//433 443//443 434//434
f 434//434 443//443 444//444
f 434//434 444//444 435//435
f 435//435 444//444 445//445
f 435//435 445//445 436//436
f 436//436 445//445 446//446
f 436//436 446//446 437//437
f 437//437 446//446 447//447
f 437//437 447//447 438//438
f 438//438 447//447 448//448
f 438//438 448//448 378//378
f 439//439 367//367 449//449
f 439//439 449//449 440//440
f 440//440 449//449 450//450
f 440//440 450//450 441//441
f 441//441 450//450 451//451
f 441//441 451//451 442//442
f 442//442 451//451 452//452
f 442//442 452//452 443//443
f 443//443 452//452 453//453
f 443//443 453//453 444//444
f 444//444 453//453 454//454
f 444//444 454//454 445//445
f 445//445 454//454 455//455
f 445//445 455//455 446//446
f 446//446 455//455 456//456
f 446//446 456//456 447//447
f 447//447 456//456 457//457
f 447//447 457//457 448//448
f 448//448 457//457 458//458
f 448//448 458//458 378//378
f 449//449 367//367 459//459
f 449//449 459//459 450//450
f 450//450 459//459 460//460
f 450//450 460//460 451//451
f 451//451 460//460 461//461
f 451//451 461//461 452//452
f 452//452 461//461 462//462
f 452//452 462//462 453//453
f 453//453 462//462 463//463
f 453//453 463//463 454//454
f 454//454 463//463 464//464
f 454//454 464//464 455//455
f 455//455 464//464 465//465
f 455//455 465//465 456//456
f 456//456 465//465 466//466
f 456//456 466//466 457//457
f 457//457 466//466 467//467
f 457//457 467//467 458//458
f 458//458 467//467 468//468
f 458//458 468//468 378//378
f 459//459 367//367 469//469
f 459//459 469//469 460//460
f 460//460 469//469 470//470
f 460//460 470//470 461//461
f 461//461 470//470 471//471
f 461//461 471//471 462//462
f 462//462 471//471 472//472
f 462//462 472//472 463//463
f 463//463 472//472 473//473
f 463//463 473//473 464//464
f 464//464 473//473 474//474
f 464//464 474//474 465//465
f 465//465 474//474 475//475
f 465//465 475//475 466//466
f 466//466 475//475 476//476
f 466//466 476//476 467//467
f 467//467 476//476 477//477
f 467//467 477//477 468//468
f 468//468 477//477 478//478
f 468//468 478//478 378//378
f 469//469 367//367 479//479
f 469//469 479//479 470//470
f 470//470 479//479 480//480
f 470//470 480//480 471//471
f 471//471 480//480 481//481
f 471//471 481//481 472//472
f 472//472 481//481 482//482
f 472//472 482//482 473//473
f 473//473 482//482 483//483
f 473//473 483//483 474//474
f 474//474 483//483 484//484
f 474//474 484//484 475//475
f 475//475 484//484 485//485
f 475//475 485//485 476//476
f 476//476 485//485 486//486
f 476//476 486//486 477//477
f 477//477 486//486 487//487
f 477//477 487//487 478//478
f 478//478 487//487 488//488
f 478//478 488//488 378//378
f 479//479 367//367 368//368
f 479//479 368//368 480//480
f 480//480 368//368 369//369
f 480//480 369//369 481//481
f 481//481 369//369 370//370
f 481//481 370//370 482//482
f 482//482 370//370 371//371
f 482//482 371//371 483//483
f 483//483 371//371 372//372
f 483//483 372//372 484//484
f 484//484 372//372 373//373
f 484//484 373//373 485//485
f 485//485 373//373 374//374
f 485//485 374//374 486//486
f 486//486 374//374 375//375
f 486//486 375//375 487//487
f 487//487 375//375 376//376
f 487//487 376//376 488//488
f 488//488 376//376 377//377
f 488//488 377//377 378//378
f 490//490 489//489 501//501
f 490//490 501//501 491//491
f 491//491 501//501 502//502
f 491//491 502//502 492//492
f 492//492 502//502 503//503
f 492//492 503//503 493//493
f 493//493 503//503 504//504
f 493//493 504//504 494//494
f 494//494 504//504 505//505
f 494//494 505//505 495//495
f 495//495 505//505 506//506
f 495//495 506//506 496//496
f 496//496 506//506 507//507
f 496//496 507//507 497//497
f 497//497 507//507 508//508
f 497//497 508//508 498//498
f 498//498 508//508 509//509
f 498//498 509//509 499//499
f 499//499 509//509 510//510
f 499//499 510//510 500//500
f 501//501 489//489 511//511
f 501//501 511//511 502//502
f 502//502 511//511 512//512
f 502//502 512//512 503//503
f 503//503 512//512 513//513
f 503//503 513//513 504//504
f 504//504 513//513 514//514
f 504//504 514//514 505//505
f 505//505 514//514 515//515
f 505//505 515//515 506//506
f 506//506 515//515 516//516
f 506//506 516//516 507//507
f 507//507 516//516 517//517
f 507//507 517//517 508//508
f 508//508 517//517 518//518
f 508//508 518//518 509//509
f 509//509 518//518 519//519
f 509//509 519//519 510//510
f 510//510 519//519 520//520
f 510//510 520//520 500//500
f 511//511 489//489 521//521
f 511//511 521//521 512//512
f 512//512 521//521 522//522
f 512//512 522//522 513//513
f 513//513 522//522 523//523
f 513//513 523//523 514//514
f 514//514 523//523 524//524
f 514//514 524//524 515//515
f 515//515 524//524 525//525
f 515//515 525//525 516//516
f 516//516 525//525 526//526
f 516//516 526//526 517//517
f 517//517 526//526 527//527
f 517//517 527//527 518//518
f 518//518 527//527 528//528
f 518//518 528//528 519//519
f 519//519 528//528 529//529
f 519//519 529//529 520//520
f 520//520 529//529 530//530
f 520//520 530//530 500//500
f 521//521 489//489 531//531
f 521//521 531//531 522//522
f 522//522 531//531 532//532
f 522//522 532//532 523//523
f 523//523 532//532 533//533
f 523//523 533//533 524//524
f 524//524 533//533 534//534
f 524//524 534//534 525//525
f 525//525 534//534 535//535
f 525//525 535//535 526//526
f 526//526 535//535 536//536
f 526//526 536//536 527//527
f 527//527 536//536 537//537
f 527//527 537//537 528//528
f 528//528 537//537 538//538
f 528//528 538//538 529//529
f 529//529 538//538 539//539
f 529//529 539//539 530//530
f 530//530 539//539 540//540
f 530//530 540//540 500//500
f 531//531 489//489 541//541
f 531//531 541//541 532//532
f 532//532 541//541 542//542
f 532//532 542//542 533//533
f 533//533 542//542 543//543
f 533//533 543//543 534//534
f 534//534 543//543 544//544
f 534//534 544//544 535//535
f 535//535 544//544 545//545
f 535//535 545//545 536//536
f 536//536 545//545 546//546
f 536//536 546//546 537//537
f 537//537 546//546 547//547
f 537//537 547//547 538//538
f 538//538 547//547 548//548
f 538//538 548//548 539//539
f 539//539 548//548 549//549
f 539//539 549//549 540//540
f 540//540 549//549 550//550
f 540//540 550//550 500//500
f 541//541 489//489 551//551
f 541//541 551//551 542//542
f 542//542 551//551 552//552
f 542//542 552//552 543//543
f 543//543 552//552 553//553
f 543//543 553//553 544//544
f 544//544 553//553 554//554
f 544//544 554//554 545//545
f 545//545 554//554 555//555
f 545//545 555//555 546//546
f 546//546 555//555 556//556
f 546//546 556//556 547//547
f 547//547 556//556 557//557
f 547//547 557//557 548//548
f 548//548 557//557 558//558
f 548//548 558//558 549//549
f 549//549 558//558 559//559
f 549//549 559//559 550//550
f 550//550 559//559 560//560
f 550//550 560//560 500//500
f 551//551 489//489 561//561
f 551//551 561//561 552//552
f 552//552 561//561 562//562
f 552//552 562//562 553//553
f 553//553 562//562 563//563
f 553//553 563//563 554//554
f 554//554 563//563 564//564
f 554//554 564//564 555//555
f 555//555 564//564 565//565
f 555//555 565//565 556//556
f 556//556 565//565 566//566
f 556//556 566//566 557//557
f 557//557 566//566 567//567
f 557//557 567//567 558//558
f 558//558 567//567 568//568
f 558//558 568//568 559//559
f 559//559 568//568 569//569
f 559//559 569//569 560//560
f 560//560 569//569 570//570
f 560//560 570//570 500//500
f 561//561 489//489 571//571
f 561//561 571//571 562//562
f 562//562 571//571 572//572
f 562//562 572//572 563//563
f 563//563 572//572 573//573
f 563//563 573//573 564//564
f 564//564 573//573 574//574
f 564//564 574//574 565//565
f 565//565 574//574 575//575
f 565//565 575//575 566//566
f 566//566 575//575 576//576
f 566//566 576//576 567//567
f 567//567 576//576 577//577
f 567//567 577//577 568//568
f 568//568 577//577 578//578
f 568//568 578//578 569//569
f 569//569 578//578 579//579
f 569//569 579//579 570//570
f 570//570 579//579 580//580
f 570//570 580//580 500//500
f 571//571 489//489 581//581
f 571//571 581//581 572//572
f 572//572 581//581 582//582
f 572//572 582//582 573//573
f 573//573 582//582 583//583
f 573//573 583//583 574//574
f 574//574 583//583 584//584
f 574//574 584//584 575//575
f 575//575 584//584 585//585
f 575//575 585//585 576//576
f 576//576 585//585 586//586
f 576//576 586//586 577//577
f 577//577 586//586 587//587
f 577//577 587//587 578//578
f 578//578 587//587 588//588
f 578//578 588//588 579//579
f 579//579 588//588 589//589
f 579//579 589//589 580//580
f 580//580 589//589 590//590
f 580//580 590//590 500//500
f 581//581 489//489 591//591
f 581//581 591//591 582//582
f 582//582 591//591 592//592
f 582//582 592//592 583//583
f 583//583 592//592 593//593
f 583//583 593//593 584//584
f 584//584 593//593 594//594
f 584//584 594//594 585//585
f 585//585 594//594 595//595
f 585//585 595//595 586//586
f 586//586 595//595 596//596
f 586//586 596//596 587//587
f 587//587 596//596 597//597
f 587//587 597//597 588//588
f 588//588 597//597 598//598
f 588//588 598//598 589//589
f 589//589 598//598 599//599
f 589//589 599//599 590//590
f 590//590 599//599 600//600
f 590//590 600//600 500//500
f 591//591 489//489 601//601
f 591//591 601//601 592//592
f 592//592 601//601 602//602
f 592//592 602//602 593//593
f 593//593 602//602 603//603
f 593//593 603//603 594//594
f 594//594 603//603 604//604
f 594//594 604//604 595//595
f 595//595 604//604 605//605
f 595//595 605//605 596//596
f 596//596 605//605 606//606
f 596//596 606//606 597//597
f 597//597 606//606 607//607
f 597//597 607//607 598//598
f 598//598 607//607 608//608
f 598//598 608//608 599//599
f 599//599 608//608 609//609
f 599//599 609//609 600//600
f 600//600 609//609 610//610
f 600//600 610//610 500//500
f 601//601 489//489 490//490
f 601//601 490//490 602//602
f 602//602 490//490 491//491
f 602//602 491//491 603//603
f 603//603 491//491 492//492
f 603//603 492//492 604//604
f 604//604 492//492 493//493
f 604//604 493//493 605//605
f 605//605 493//493 494//494
f 605//605 494//494 606//606
f 606//606 494//494 495//495
f 606//606 495//495 607//607
f 607//607 495//495 496//496
f 607//607 496//496 608//608
f 608//608 496//496 497//497
f 608//608 497//497 609//609
f 609//609 497//497 498//498
f 609//609 498//498 610//610
f 610//610 498//498 499//499
f 610//610 499//499 500//500
f 612//612 611//611 623//623
f 612//612 623//623 613//613
f 613//613 623//623 624//624
f 613//613 624//624 614//614
f 614//614 624//624 625//625
f 614//614 625//625 615//615
f 615//615 625//625 626//626
f 615//615 626//626 616//616
f 616//616 626//626 627//627
f 616//616 627//627 617//617
f 617//617 627//627 628//628
f 617//617 628//628 618//618
f 618//618 628//628 629//629
f 618//618 629//629 619//619
f 619//619 629//629 630//630
f 619//619 630//630 620//620
f 620//620 630//630 631//631
f 620//620 631//631 621//621
f 621//621 631//631 632//632
f 621//621 632//632 622//622
f 623//623 611//611 633//633
f 623//623 633//633 624//624
f 624//624 633//633 634//634
f 624//624 634//634 625//625
f 625//625 634//634 635//635
f 625//625 635//635 626//626
f 626//626 635//635 636//636
f 626//626 636//636 627//627
f 627//627 636//636 637//637
f 627//627 637//637 628//628
f 628//628 637//637 638//638
f 628//628 638//638 629//629
f 629//629 638//638 639//639
f 629//629 639//639 630//630
f 630//630 639//639 640//640
f 630//630 640//640 631//631
f 631//631 640//640 641//641
f 631//631 641//641 632//632
f 632//632 641//641 642//642
f 632//632 642//642 622//622
f 633//633 611//611 643//643
f 633//633 643//643 634//634
f 634//634 643//643 644//644
f 634//634 644//644 635//635
f 635//635 644//644 645//645
f 635//635 645//645 636//636
f 636//636 645//645 646//646
f 636//636 646//646 637//637
f 637//637 646//646 647//647
f 637//637 647//647 638//638
f 638//638 647//647 648//648
f 638//638 648//648 639//639
f 639//639 648//648 649//649
f 639//639 649//649 640//640
f 640//640 649//649 650//650
f 640//640 650//650 641//641
f 641//641 650//650 651//651
f 641//641 651//651 642//642
f 642//642 651//651 652//652
f 642//642 652//652 622//622
f 643//643 611//611 653//653
f 643//643 653//653 644//644
f 644//644 653//653 654//654
f 644//644 654//654 645//645
f 645//645 654//654 655//655
f 645//645 655//655 646//646
f 646//646 655//655 656//656
f 646//646 656//656 647//647
f 647//647 656//656 657//657
f 647//647 657//657 648//648
f 648//648 657//657 658//658
f 648//648 658//658 649//649
f 649//649 658//658 659//659
f 649//649 659//659 650//650
f 650//650 659//659 660//660
f 650//650 660//660 651//651
f 651//651 660//660 661//661
f 651//651 661//661 652//652
f 652//652 661//661 662//662
f 652//652 662//662 622//622
f 653//653 611//611 663//663
f 653//653 663//663 654//654
f 654//654 663//663 664//664
f 654//654 664//664 655//655
f 655//655 664//664 665//665
f 655//655 665//665 656//656
f 656//656 665//665 666//666
f 656//656 666//666 657//657
f 657//657 666//666 667//667
f 657//657 667//667 658//658
f 658//658 667//667 668//668
f 658//658 668//668 659//659
f 659//659 668//668 669//669
f 659//659 669//669 660//660
f 660//660 669//669 670//670
f 660//660 670//670 661//661
f 661//661 670//670 671//671
f 661//661 671//671 662//662
f 662//662 671//671 672//672
f 662//662 672//672 622//622
f 663//663 611//611 673//673
f 663//663 673//673 664//664
f 664//664 673//673 674//674
f 664//664 674//674 665//665
f 665//665 674//674 675//675
f 665//665 675//675 666//666
f 666//666 675//675 676//676
f 666//666 676//676 667//667
f 667//667 676//676 677//677
f 667//667 677//677 668//668
f 668//668 677//677 678//678
f 668//668 678//678 669//669
f 669//669 678//678 679//679
f 669//669 679//679 670//670
f 670//670 679//679 680//680
f 670//670 680//680 671//671
f 671//671 680//680 681//681
f 671//671 681//681 672//672
f 672//672 681//681 682//682
f 672//672 682//682 622//622
f 673//673 611//611 683//683
f 673//673 683//683 674//674
f 674//674 683//683 684//684
f 674//674 684//684 675//675
f 675//675 684//684 685//685
f 675//675 685//685 676//676
f 676//676 685//685 686//686
f 676//676 686//686 677//677
f 677//677 686//686 687//687
f 677//677 687//687 678//678
f 678//678 687//687 688//688
f 678//678 688//688 679//679
f 679//679 688//688 689//689
f 679//679 689//689 680//680
f 680//680 689//689 690//690
f 680//680 690//690 681//681
f 681//681 690//690 691//691
f 681//681 691//691 682//682
f 682//682 691//691 692//692
f 682//682 692//692 622//622
f 683//683 611//611 693//693
f 683//683 693//693 684//684
f 684//684 693//693 694//694
f 684//684 694//694 685//685
f 685//685 694//694 695//695
f 685//685 695//695 686//686
f 686//686 695//695 696//696
f 686//686 696//696 687//687
f 687//687 696//696 697//697
f 687//687 697//697 688//688
f 688//688 697//697 698//698
f 688//688 698//698 689//689
f 689//689 698//698 699//699
f 689//689 699//699 690//690
f 690//690 699//699 700//700
f 690//690 700//700 691//691
f 691//691 700//700 701//701
f 691//691 701//701 692//692
f 692//692 701//701 702//702
f 692//692 702//702 622//622
f 693//693 611//611 703//703
f 693//693 703//703 694//694
f 694//694 703//703 704//704
f 694//694 704//704 695//695
f 695//695 704//704 705//705
f 695//695 705//705 696//696
f 696//696 705//705 706//706
f 696//696 706//706 697//697
f 697//697 706//706 707//707
f 697//697 707//707 698//698
f 698//698 707//707 708//708
f 698//698 708//708 699//699
f 699//699 708//708 709//709
f 699//699 709//709 700//700
f 700//700 709//709 710//710
f 700//700 710//710 701//701
f 701//701 710//710 711//711
f 701//701 711//711 702//702
f 702//702 711//711 712//712
f 702//702 712//712 622//622
f 703//703 611//611 713//713
f 703//703 713//713 704//704
f 704//704 713//713 714//714
f 704//704 714//714 705//705
f 705//705 714//714 715//715
f 705//705 715//715 706//706
f 706//706 715//715 716//716
f 706//706 716//716 707//707
f 707//707 716//716 717//717
f 707//707 717//717 708//708
f 708//708 717//717 718//718
f 708//708 718//718 709//709
f 709//709 718//718 719//719
f 709//709 719//719 710//710
f 710//710 719//719 720//720
f 710//710 720//720 711//711
f 711//711 720//720 721//721
f 711//711 721//721 712//712
f 712//712 721//721 722//722
f 712//712 722//722 622//622
f 713//713 611//611 723//723
f 713//713 723//723 714//714
f 714//714 723//723 724//724
f 714//714 724//724 715//715
f 715//715 724//724 725//725
f 715//715 725//725 716//716
f 716//716 725//725 726//726
f 716//716 726//726 717//717
f 717//717 726//726 727//727
f 717//717 727//727 718//718
f 718//718 727//727 728//728
f 718//718 728//728 719//719
f 719//719 728//728 729//729
f 719//719 729//729 720//720
f 720//720 729//729 730//730
f 720//720 730//730 721//721
f 721//721 730//730 731//731
f 721//721 731//731 722//722
f 722//722 731//731 732//732
f 722//722 732//732 622//622
f 723//723 611//611 612//612
f 723//723 612//612 724//724
f 724//724 612//612 613//613
f 724//724 613//613 725//725
f 725//725 613//613 614//614
f 725//725 614//614 726//726
f 726//726 614//614 615//615
f 726//726 615//615 727//727
f 727//727 615//615 616//616
f 727//727 616//616 728//728
f 728//728 616//616 617//617
f 728//728 617//617 729//729
f 729//729 617//617 618//618
f 729//729 618//618 730//730
f 730//730 618//618 619//619
f 730//730 619//619 731//731
f 731//731 619//619 620//620
f 731//731 620//620 732//732
f 732//732 620//620 621//621
f 732//732 621//621 622//622
f 734//734 733//733 745//745
f 734//734 745//745 735//735
f 735//735 745//745 746//746
f 735//735 746//746 736//736
f 736//736 746//746 747//747
f 736//736 747//747 737//737
f 737//737 747//747 748//748
f 737//737 748//748 738//738
f 738//738 748//748 749//749
f 738//738 749//749 739//739
f 739//739 749//749 750//750
f 739//739 750//750 740//740
f 740//740 750//750 751//751
f 740//740 751//751 741//741
f 741//741 751//751 752//752
f 741//741 752//752 742//742
f 742//742 752//752 753//753
f 742//742 753//753 743//743
f 743//743 753//753 754//754
f 743//743 754//754 744//744
f 745//745 733//733 755//755
f 745//745 755//755 746//746
f 746//746 755//755 756//756
f 746//746 756//756 747//747
f 747//747 756//756 757//757
f 747//747 757//757 748//748
f 748//748 757//757 758//758
f 748//748 758//758 749//749
f 749//749 758//758 759//759
f 749//749 759//759 750//750
f 750//750 759//759 760//760
f 750//750 760//760 751//751
f 751//751 760//760 761//761
f 751//751 761//761 752//752
f 752//752 761//761 762//762
f 752//752 762//762 753//753
f 753//753 762//762 763//763
f 753//753 763//763 754//754
f 754//754 763//763 764//764
f 754//754 764//764 744//744
f 755//755 733//733 765//765
f 755//755 765//765 756//756
f 756//756 765//765 766//766
f 756//756 766//766 757//757
f 757//757 766//766 767//767
f 757//757 767//767 758//758
f 758//758 767//767 768//768
f 758//758 768//768 759//759
f 759//759 768//768 769//769
f 759//759 769//769 760//760
f 760//760 769//769 770//770
f 760//760 770//770 761//761
f 761//761 770//770 771//771
f 761//761 771//771 762//762
f 762//762 771//771 772//772
f 762//762 772//772 763//763
f 763//763 772//772 773//773
f 763//763 773//773 764//764
f 764//764 773//773 774//774
f 764//764 774//774 744//744
f 765//765 733//733 775//775
f 765//765 775//775 766//766
f 766//766 775//775 776//776
f 766//766 776//776 767//767
f 767//767 776//776 777//777
f 767//767 777//777 768//768
f 768//768 777//777 778//778
f 768//768 778//778 769//769
f 769//769 778//778 779//779
f 769//769 779//779 770//770
f 770//770 779//779 780//780
f 770//770 780//780 771//771
f 771//771 780//780 781//781
f 771//771 781//781 772//772
f 772//772 781//781 782//782
f 772//772 782//782 773//773
f 773//773 782//782 783//783
f 773//773 783//783 774//774
f 774//774 783//783 784//784
f 774//774 784//784 744//744
f 775//775 733//733 785//785
f 775//775 785//785 776//776
f 776//776 785//785 786//786
f 776//776 786//786 777//777
f 777//777 786//786 787//787
f 777//777 787//787 778//778
f 778//778 787//787 788//788
f 778//778 788//788 779//779
f 779//779 788//788 789//789
f 779//779 789//789 780//780
f 780//780 789//789 790//790
f 780//780 790//790 781//781
f 781//781 790//790 791//791
f 781//781 791//791 782//782
f 782//782 791//791 792//792
f 782//782 792//792 783//783
f 783//783 792//792 793//793
f 783//783 793//793 784//784
f 784//784 793//793 794//794
f 784//784 794//794 744//744
f 785//785 733//733 795//795
f 785//785 795//795 786//786
f 786//786 795//795 796//796
f 786//786 796//796 787//787
f 787//787 796//796 797//797
f 787//787 797//797 788//788
f 788//788 797//797 798//798
f 788//788 798//798 789//789
f 789//789 798//798 799//799
f 789//789 799//799 790//790
f 790//790 799//799 800//800
f 790//790 800//800 791//791
f 791//791 800//800 801//801
f 791//791 801//801 792//792
f 792//792 801//801 802//802
f 792//792 802//802 793//793
f 793//793 802//802 803//803
f 793//793 803//803 794//794
f 794//794 803//803 804//804
f 794//794 804//804 744//744
f 795//795 733//733 805//805
f 795//795 805//805 796//796
f 796//796 805//805 806//806
f 796//796 806//806 797//797
f 797//797 806//806 807//807
f 797//797 807//807 798//798
f 798//798 807//807 808//808
f 798//798 808//808 799//799
f 799//799 808//808 809//809
f 799//799 809//809 800//800
f 800//800 809//809 810//810
f 800//800 810//810 801//801
f 801//801 810//810 811//811
f 801//801 811//811 802//802
f 802//802 811//811 812//812
f 802//802 812//812 803//803
f 803//803 812//812 813//813
f 803//803 813//813 804//804
f 804//804 813//813 814//814
f 804//804 814//814 744//744
f 805//805 733//733 815//815
f 805//805 815//815 806//806
f 806//806 815//815 816//816
f 806//806 816//816 807//807
f 807//807 816//816 817//817
f 807//807 817//817 808//808
f 808//808 817//817 818//818
f 808//808 818//818 809//809
f 809//809 818//818 819//819
f 809//809 819//819 810//810
f 810//810 819//819 820//820
f 810//810 820//820 811//811
f 811//811 820//820 821//821
f 811//811 821//821 812//812
f 812//812 821//821 822//822
f 812//812 822//822 813//813
f 813//813 822//822 823//823
f 813//813 823//823 814//814
f 814//814 823//823 824//824
f 814//814 824//824 744//744
f 815//815 733//733 825//825
f 815//815 825//825 816//816
f 816//816 825//825 826//826
f 816//816 826//826 817//817
f 817//817 826//826 827//827
f 817//817 827//827 818//818
f 818//818 827//827 828//828
f 818//818 828//828 819//819
f 819//819 828//828 829//829
f 819//819 829//829 820//820
f 820//820 829//829 830//830
f 820//820 830//830 821//821
f 821//821 830//830 831//831
f 821//821 831//831 822//822
f 822//822 831//831 832//832
f 822//822 832//832 823//823
f 823//823 832//832 833//833
f 823//823 833//833 824//824
f 824//824 833//833 834//834
f 824//824 834//834 744//744
f 825//825 733//733 835//835
f 825//825 835//835 826//826
f 826//826 835//835 836//836
f 826//826 836//836 827//827
f 827//827 836//836 837//837
f 827//827 837//837 828//828
f 828//828 837//837 838//838
f 828//828 838//838 829//829
f 829//829 838//838 839//839
f 829//829 839//839 830//830
f 830//830 839//839 840//840
f 830//830 840//840 831//831
f 831//831 840//840 841//841
f 831//831 841//841 832//832
f 832//832 841//841 842//842
f 832//832 842//842 833//833
f 833//833 842//842 843//843
f 833//833 843//843 834//834
f 834//834 843//843 844//844
f 834//834 844//844 744//744
f 835//835 733//733 845//845
f 835//835 845//845 836//836
f 836//836 845//845 846//846
f 836//836 846//846 837//837
f 837//837 846//846 847//847
f 837//837 847//847 838//838
f 838//838 847//847 848//848
f 838//838 848//848 839//839
f 839//839 848//848 849//849
f 839//839 849//849 840//840
f 840//840 849//849 850//850
f 840//840 850//850 841//841
f 841//841 850//850 851//851
f 841//841 851//851 842//842
f 842//842 851//851 852//852
f 842//842 852//852 843//843
f 843//843 852//852 853//853
f 843//843 853//853 844//844
f 844//844 853//853 854//854
f 844//844 854//854 744//744
f 845//845 733//733 734//734
f 845//845 734//734 846//846
f 846//846 734//734 735//735
f 846//846 735//735 847//847
f 847//847 735//735 736//736
f 847//847 736//736 848//848
f 848//848 736//736 737//737
f 848//848 737//737 849//849
f 849//849 737//737 738//738
f 849//849 738//738 850//850
f 850//850 738//738 739//739
f 850//850 739//739 851//851
f 851//851 739//739 740//740
f 851//851 740//740 852//852
f 852//852 740//740 741//741
f 852//852 741//741 853//853
f 853//853 741//741 742//742
f 853//853 742//742 854//854
f 854//854 742//742 743//743
f 854//854 743//743 744//744
f 856//856 855//855 867//867
f 856//856 867//867 857//857
f 857//857 867//867 868//868
f 857//857 868//868 858//858
f 858//858 868//868 869//869
f 858//858 869//869 859//859
f 859//859 869//869 870//870
f 859//859 870//870 860//860
f 860//860 870//870 871//871
f 860//860 871//871 861//861
f 861//861 871//871 872//872
f 861//861 872//872 862//862
f 862//862 872//872 873//873
f 862//862 873//873 863//863
f 863//863 873//873 874//874
f 863//863 874//874 864//864
f 864//864 874//874 875//875
f 864//864 875//875 865//865
f 865//865 875//875 876//876
f 865//865 876//876 866//866
f 867//867 855//855 877//877
f 867//867 877//877 868//868
f 868//868 877//877 878//878
f 868//868 878//878 869//869
f 869//869 878//878 879//879
f 869//869 879//879 870//870
f 870//870 879//879 880//880
f 870//870 880//880 871//871
f 871//871 880//880 881//881
f 871//871 881//881 872//872
f 872//872 881//881 882//882
f 872//872 882//882 873//873
f 873//873 882//882 883//883
f 873//873 883//883 874//874
f 874//874 883//883 884//884
f 874//874 884//884 875//875
f 875//875 884//884 885//885
f 875//875 885//885 876//876
f 876//876 885//885 886//886
f 876//876 886//886 866//866
f 877//877 855//855 887//887
f 877//877 887//887 878//878
f 878//878 887//887 888//888
f 878//878 888//888 879//879
f 879//879 888//888 889//889
f 879//879 889//889 880//880
f 880//880 889//889 890//890
f 880//880 890//890 881//881
f 881//881 890//890 891//891
f 881//881 891//891 882//882
f 882//882 891//891 892//892
f 882//882 892//892 883//883
f 883//883 892//892 893//893
f 883//883 893//893 884//884
f 884//884 893//893 894//894
f 884//884 894//894 885//885
f 885//885 894//894 895//895
f 885//885 895//895 886//886
f 886//886 895//895 896//896
f 886//886 896//896 866//866
f 887//887 855//855 897//897
f 887//887 897//897 888//888
f 888//888 897//897 898//898
f 888//888 898//898 889//889
f 889//889 898//898 899//899
f 889//889 899//899 890//890
f 890//890 899//899 900//900
f 890//890 900//900 891//891
f 891//891 900//900 901//901
f 891//891 901//901 892//892
f 892//892 901//901 902//902
f 892//892 902//902 893//893
f 893//893 902//902 903//903
f 893//893 903//903 894//894
f 894//894 903//903 904//904
f 894//894 904//904 895//895
f 895//895 904//904 905//905
f 895//895 905//905 896//896
f 896//896 905//905 906//906
f 896//896 906//906 866//866
f 897//897 855//855 907//907
f 897//897 907//907 898//898
f 898//898 907//907 908//908
f 898//898 908//908 899//899
f 899//899 908//908 909//909
f 899//899 909//909 900//900
f 900//900 909//909 910//910
f 900//900 910//910 901//901
f 901//901 910//910 911//911
f 901//901 911//911 902//902
f 902//902 911//911 912//912
f 902//902 912//912 903//903
f 903//903 912//912 913//913
f 903//903 913//913 904//904
f 904//904 913//913 914//914
f 904//904 914//914 905//905
f 905//905 914//914 915//915
f 905//905 915//915 906//906
f 906//906 915//915 916//916
f 906//906 916//916 866//866
f 907//907 855//855 917//917
f 907//907 917//917 908//908
f 908//908 917//917 918//918
f 908//908 918//918 909//909
f 909//909 918//918 919//919
f 909//909 919//919 910//910
f 910//910 919//919 920//920
f 910//910 920//920 911//911
f 911//911 920//920 921//921
f 911//911 921//921 912//912
f 912//912 921//921 922//922
f 912//912 922//922 913//913
f 913//913 922//922 923//923
f 913//913 923//923 914//914
f 914//914 923//923 924//924
f 914//914 924//924 915//915
f 915//915 924//924 925//925
f 915//915 925//925 916//916
f 916//916 925//925 926//926
f 916//916 926//926 866//866
f 917//917 855//855 927//927
f 917//917 927//927 918//918
f 918//918 927//927 928//928
f 918//918 928//928 919//919
f 919//919 928//928 929//929
f 919//919 929//929 920//920
f 920//920 929//929 930//930
f 920//920 930//930 921//921
f 921//921 930//930 931//931
f 921//921 931//931 922//922
f 922//922 931//931 932//932
f 922//922 932//932 923//923
f 923//923 932//932 933//933
f 923//923 933//933 924//924
f 924//924 933//933 934//934
f 924//924 934//934 925//925
f 925//925 934//934 935//935
f 925//925 935//935 926//926
f 926//926 935//935 936//936
f 926//926 936//936 866//866
f 927//927 855//855 937//937
f 927//927 937//937 928//928
f 928//928 937//937 938//938
f 928//928 938//938 929//929
f 929//929 938//938 939//939
f 929//929 939//939 930//930
f 930//930 939//939 940//940
f 930//930 940//940 931//931
f 931//931 940//940 941//941
f 931//931 941//941 932//932
f 932//932 941//941 942//942
f 932//932 942//942 933//933
f 933//933 942//942 943//943
f 933//933 943//943 934//934
f 934//934 943//943 944//944
f 934//934 944//944 935//935
f 935//935 944//944 945//945
f 935//935 945//945 936//936
f 936//936 945//945 946//946
f 936//936 946//946 866//866
f 937//937 855//855 947//947
f 937//937 947//947 938//938
f 938//938 947//947 948//948
f 938//938 948//948 939//939
f 939//939 948//948 949//949
f 939//939 949//949 940//940
f 940//940 949//949 950//950
f 940//940 950//950 941//941
f 941//941 950//950 951//951
f 941//941 951//951 942//942
f 942//942 951//951 952//952
f 942//942 952//952 943//943
f 943//943 952//952 953//953
f 943//943 953//953 944//944
f 944//944 953//953 954//954
f 944//944 954//954 945//945
f 945//945 954//954 955//955
f 945//945 955//955 946//946
f 946//946 955//955 956//956
f 946//946 956//956 866//866
f 947//947 855//855 957//957
f 947//947 957//957 948//948
f 948//948 957//957 958//958
f 948//948 958//958 949//949
f 949//949 958//958 959//959
f 949//949 959//959 950//950
f 950//950 959//959 960//960
f 950//950 960//960 951//951
f 951//951 960//960 961//961
f 951//951 961//961 952//952
f 952//952 961//961 962//962
f 952//952 962//962 953//953
f 953//953 962//962 963//963
f 953//953 963//963 954//954
f 954//954 963//963 964//964
f 954//954 964//964 955//955
f 955//955 964//964 965//965
f 955//955 965//965 956//956
f 956//956 965//965 966//966
f 956//956 966//966 866//866
f 957//957 855//855 967//967
f 957//957 967//967 958//958
f 958//958 967//967 968//968
f 958//958 968//968 959//959
f 959//959 968//968 969//969
f 959//959 969//969 960//960
f 960//960 969//969 970//970
f 960//960 970//970 961//961
f 961//961 970//970 971//971
f 961//961 971//971 962//962
f 962//962 971//971 972//972
f 962//962 972//972 963//963
f 963//963 972//972 973//973
f 963//963 973//973 964//964
f 964//964 973//973 974//974
f 964//964 974//974 965//965
f 965//965 974//974 975//975
f 965//965 975//975 966//966
f 966//966 975//975 976//976
f 966//966 976//976 866//866
f 967//967 855//855 856//856
f 967//967 856//856 968//968
f 968//968 856//856 857//857
f 968//968 857//857 969//969
f 969//969 857//857 858//858
f 969//969 858//858 970//970
f 970//970 858//858 859//859
f 970//970 859//859 971//971
f 971//971 859//859 860//860
f 971//971 860//860 972//972
f 972//972 860//860 861//861
f 972//972 861//861 973//973
f 973//973 861//861 862//862
f 973//973 862//862 974//974
f 974//974 862//862 863//863
f 974//974 863//863 975//975
f 975//975 863//863 864//864
f 975//975 864//864 976//976
f 976//976 864//864 865//865
f 976//976 865//865 866//866
f 978//978 977//977 989//989
f 978//978 989//989 979//979
f 979//979 989//989 990//990
f 979//979 990//990 980//980
f 980//980 990//990 991//991
f 980//980 991//991 981//981
f 981//981 991//991 992//992
f 981//981 992//992 982//982
f 982//982 992//992 993//993
f 982//982 993//993 983//983
f 983//983 993//993 994//994
f 983//983 994//994 984//984
f 984//984 994//994 995//995
f 984//984 995//995 985//985
f 985//985 995//995 996//996
f 985//985 996//996 986//986
f 986//986 996//996 997//997
f 986//986 997//997 987//987
f 987//987 997//997 998//998
f 987//987 998//998 988//988
f 989//989 977//977 999//999
f 989//989 999//999 990//990
f 990//990 999//999 1000//1000
f 990//990 1000//1000 991//991
f 991//991 1000//1000 1001//1001
f 991//991 1001//1001 992//992
f 992//992 1001//1001 1002//1002
f 992//992 1002//1002 993//993
f 993//993 1002//1002 1003//1003
f 993//993 1003//1003 994//994
f 994//994 1003//1003 1004//1004
f 994//994 1004//1004 995//995
f 995//995 1004//1004 1005//1005
f 995//995 1005//1005 996//996
f 996//996 1005//1005 1006//1006
f 996//996 1006//1006 997//997
f 997//997 1006//1006 1007//1007
f 997//997 1007//1007 998//998
f 998//998 1007//1007 1008//1008
f 998//998 1008//1008 988//988
f 999//999 977//977 1009//1009
f 999//999 1009//1009 1000//1000
f 1000//1000 1009//1009 1010//1010
f 1000//1000 1010//1010 1001//1001
f 1001//1001 1010//1010 1011//1011
f 1001//1001 1011//1011 1002//1002
f 1002//1002 1011//1011 1012//1012
f 1002//1002 1012//1012 1003//1003
f 1003//1003 1012//1012 1013//1013
f 1003//1003 1013//1013 1004//1004
f 1004//1004 1013//1013 1014//1014
f 1004//1004 1014//1014 1005//1005
f 1005//1005 1014//1014 1015//1015
f 1005//1005 1015//1015 1006//1006
f 1006//1006 1015//1015 1016//1016
f 1006//1006 1016//1016 1007//1007
f 1007//1007 1016//1016 1017//1017
f 1007//1007 1017//1017 1008//1008
f 1008//1008 1017//1017 1018//1018
f 1008//1008 1018//1018 988//988
f 1009//1009 977//977 1019//1019
f 1009//1009 1019//1019 1010//1010
f 1010//1010 1019//1019 1020//1020
f 1010//1010 1020//1020 1011//1011
f 1011//1011 1020//1020 1021//1021
f 1011//1011 1021//1021 1012//1012
f 1012//1012 1021//1021 1022//1022
f 1012//1012 1022//1022 1013//1013
f 1013//1013 1022//1022 1023//1023
f 1013//1013 1023//1023 1014//1014
f 1014//1014 1023//1023 1024//1024
f 1014//1014 1024//1024 1015//1015
f 1015//1015 1024//1024 1025//1025
f 1015//1015 1025//1025 1016//1016
f 1016//1016 1025//1025 1026//1026
f 1016//1016 1026//1026 1017//1017
f 1017//1017 1026//1026 1027//1027
f 1017//1017 1027//1027 1018//1018
f 1018//1018 1027//1027 1028//1028
f 1018//1018 1028//1028 988//988
f 1019//1019 977//977 1029//1029
f 1019//1019 1029//1029 1020//1020
f 1020//1020 1029//1029 1030//1030
f 1020//1020 1030//1030 1021//1021
f 1021//1021 1030//1030 1031//1031
f 1021//1021 1031//1031 1022//1022
f 1022//1022 1031//1031 1032//1032
f 1022//1022 1032//1032 1023//1023
f 1023//1023 1032//1032 1033//1033
f 1023//1023 1033//1033 1024//1024
f 1024//1024 1033//1033 1034//1034
f 1024//1024 1034//1034 1025//1025
f 1025//1025 1034//1034 1035//1035
f 1025//1025 1035//1035 1026//1026
f 1026//1026 1035//1035 1036//1036
f 1026//1026 1036//1036 1027//1027
f 1027//1027 1036//1036 1037//1037
f 1027//1027 1037//1037 1028//1028
f 1028//1028 1037//1037 1038//1038
f 1028//1028 1038//1038 988//988
f 1029//1029 977//977 1039//1039
f 1029//1029 1039//1039 1030//1030
f 1030//1030 1039//1039 1040//1040
f 1030//1030 1040//1040 1031//1031
f 1031//1031 1040//1040 1041//1041
f 1031//1031 1041//1041 1032//1032
f 1032//1032 1041//1041 1042//1042
f 1032//1032 1042//1042 1033//1033
f 1033//1033 1042//1042 1043//1043
f 1033//1033 1043//1043 1034//1034
f 1034//1034 1043//1043 1044//1044
f 1034//1034 1044//1044 1035//1035
f 1035//1035 1044//1044 1045//1045
f 1035//1035 1045//1045 1036//1036
f 1036//1036 1045//1045 1046//1046
f 1036//1036 1046//1046 1037//1037
f 1037//1037 1046//1046 1047//1047
f 1037//1037 1047//1047 1038//1038
f 1038//1038 1047//1047 1048//1048
f 1038//1038 1048//1048 988//988
f 1039//1039 977//977 1049//1049
f 1039//1039 1049//1049 1040//1040
f 1040//1040 1049//1049 1050//1050
f 1040//1040 1050//1050 1041//1041
f 1041//1041 1050//1050 1051//1051
f 1041//1041 1051//1051 1042//1042
f 1042//1042 1051//1051 1052//1052
f 1042//1042 1052//1052 1043//1043
f 1043//1043 1052//1052 1053//1053
f 1043//1043 1053//1053 1044//1044
f 1044//1044 1053//1053 1054//1054
f 1044//1044 1054//1054 1045//1045
f 1045//1045 1054//1054 1055//1055
f 1045//1045 1055//1055 1046//1046
f 1046//1046 1055//1055 1056//1056
f 1046//1046 1056//1056 1047//1047
f 1047//1047 1056//1056 1057//1057
f 1047//1047 1057//1057 1048//1048
f 1048//1048 1057//1057 1058//1058
f 1048//1048 1058//1058 988//988
f 1049//1049 977//977 1059//1059
f 1049//1049 1059//1059 1050//1050
f 1050//1050 1059//1059 1060//1060
f 1050//1050 1060//1060 1051//1051
f 1051//1051 1060//1060 1061//1061
f 1051//1051 1061//1061 1052//1052
f 1052//1052 1061//1061 1062//1062
f 1052//1052 1062//1062 1053//1053
f 1053//1053 1062//1062 1063//1063
f 1053//1053 1063//1063 1054//1054
f 1054//1054 1063//1063 1064//1064
f 1054//1054 1064//1064 1055//1055
f 1055//1055 1064//1064 1065//1065
f 1055//1055 1065//1065 1056//1056
f 1056//1056 1065//1065 1066//1066
f 1056//1056 1066//1066 1057//1057
f 1057//1057 1066//1066 1067//1067
f 1057//1057 1067//1067 1058//1058
f 1058//1058 1067//1067 1068//1068
f 1058//1058 1068//1068 988//988
f 1059//1059 977//977 1069//1069
f 1059//1059 1069//1069 1060//1060
f 1060//1060 1069//1069 1070//1070
f 1060//1060 1070//1070 1061//1061
f 1061//1061 1070//1070 1071//1071
f 1061//1061 1071//1071 1062//1062
f 1062//1062 1071//1071 1072//1072
f 1062//1062 1072//1072 1063//1063
f 1063//1063 1072//1072 1073//1073
f 1063//1063 1073//1073 1064//1064
f 1064//1064 1073//1073 1074//1074
f 1064//1064 1074//1074 1065//1065
f 1065//1065 1074//1074 1075//1075
f 1065//1065 1075//1075 1066//1066
f 1066//1066 1075//1075 1076//1076
f 1066//1066 1076//1076 1067//1067
f 1067//1067 1076//1076 1077//1077
f 1067//1067 1077//1077 1068//1068
f 1068//1068 1077//1077 1078//1078
f 1068//1068 1078//1078 988//988
f 1069//1069 977//977 1079//1079
f 1069//1069 1079//1079 1070//1070
f 1070//1070 1079//1079 1080//1080
f 1070//1070 1080//1080 1071//1071
f 1071//1071 1080//1080 1081//1081
f 1071//1071 1081//1081 1072//1072
f 1072//1072 1081//1081 1082//1082
f 1072//1072 1082//1082 1073//1073
f 1073//1073 1082//1082 1083//1083
f 1073//1073 1083//1083 1074//1074
f 1074//1074 1083//1083 1084//1084
f 1074//1074 1084//1084 1075//1075
f 1075//1075 1084//1084 1085//1085
f 1075//1075 1085//1085 1076//1076
f 1076//1076 1085//1085 1086//1086
f 1076//1076 1086//1086 1077//1077
f 1077//1077 1086//1086 1087//1087
f 1077//1077 1087//1087 1078//1078
f 1078//1078 1087//1087 1088//1088
f 1078//1078 1088//1088 988//988
f 1079//1079 977//977 1089//1089
f 1079//1079 1089//1089 1080//1080
f 1080//1080 1089//1089 1090//1090
f 1080//1080 1090//1090 1081//1081
f 1081//1081 1090//1090 1091//1091
f 1081//1081 1091//1091 1082//1082
f 1082//1082 1091//1091 1092//1092
f 1082//1082 1092//1092 1083//1083
f 1083//1083 1092//1092 1093//1093
f 1083//1083 1093//1093 1084//1084
f 1084//1084 1093//1093 1094//1094
f 1084//1084 1094//1094 1085//1085
f 1085//1085 1094//1094 1095//1095
f 1085//1085 1095//1095 1086//1086
f 1086//1086 1095//1095 1096//1096
f 1086//1086 1096//1096 1087//1087
f 1087//1087 1096//1096 1097//1097
f 1087//1087 1097//1097 1088//1088
f 1088//1088 1097//1097 1098//1098
f 1088//1088 1098//1098 988//988
f 1089//1089 977//977 978//978
f 1089//1089 978//978 1090//1090
f 1090//1090 978//978 979//979
f 1090//1090 979//979 1091//1091
f 1091//1091 979//979 980//980
f 1091//1091 980//980 1092//1092
f 1092//1092 980//980 981//981
f 1092//1092 981//981 1093//1093
f 1093//1093 981//981 982//982
f 1093//1093 982//982 1094//1094
f 1094//1094 982//982 983//983
f 1094//1094 983//983 1095//1095
f 1095//1095 983//983 984//984
f 1095//1095 984//984 1096//1096
f 1096//1096 984//984 985//985
f 1096//1096 985//985 1097//1097
f 1097//1097 985//985 986//986
f 1097//1097 986//986 1098//1098
f 1098//1098 986//986 987//987
f 1098//1098 987//987 988//988
f 1100//1100 1099//1099 1111//1111
f 1100//1100 1111//1111 1101//1101
f 1101//1101 1111//1111 1112//1112
f 1101//1101 1112//1112 1102//1102
f 1102//1102 1112//1112 1113//1113
f 1102//1102 1113//1113 1103//1103
f 1103//1103 1113//1113 1114//1114
f 1103//1103 1114//1114 1104//1104
f 1104//1104 1114//1114 1115//1115
f 1104//1104 1115//1115 1105//1105
f 1105//1105 1115//1115 1116//1116
f 1105//1105 1116//1116 1106//1106
f 1106//1106 1116//1116 1117//1117
f 1106//1106 1117//1117 1107//1107
f 1107//1107 1117//1117 1118//1118
f 1107//1107 1118//1118 1108//1108
f 1108//1108 1118//1118 1119//1119
f 1108//1108 1119//1119 1109//1109
f 1109//1109 1119//1119 1120//1120
f 1109//1109 1120//1120 1110//1110
f 1111//1111 1099//1099 1121//1121
f 1111//1111 1121//1121 1112//1112
f 1112//1112 1121//1121 1122//1122
f 1112//1112 1122//1122 1113//1113
f 1113//1113 1122//1122 1123//1123
f 1113//1113 1123//1123 1114//1114
f 1114//1114 1123//1123 1124//1124
f 1114//1114 1124//1124 1115//1115
f 1115//1115 1124//1124 1125//1125
f 1115//1115 1125//1125 1116//1116
f 1116//1116 1125//1125 1126//1126
f 1116//1116 1126//1126 1117//1117
f 1117//1117 1126//1126 1127//1127
f 1117//1117 1127//1127 1118//1118
f 1118//1118 1127//1127 1128//1128
f 1118//1118 1128//1128 1119//1119
f 1119//1119 1128//1128 1129//1129
f 1119//1119 1129//1129 1120//1120
f 1120//1120 1129//1129 1130//1130
f 1120//1120 1130//1130 1110//1110
f 1121//1121 1099//1099 1131//1131
f 1121//1121 1131//1131 1122//1122
f 1122//1122 1131//1131 1132//1132
f 1122//1122 1132//1132 1123//1123
f 1123//1123 1132//1132 1133//1133
f 1123//1123 1133//1133 1124//1124
f 1124//1124 1133//1133 1134//1134
f 1124//1124 1134//1134 1125//1125
f 1125//1125 1134//1134 1135//1135
f 1125//1125 1135//1135 1126//1126
f 1126//1126 1135//1135 1136//1136
f 1126//1126 1136//1136 1127//1127
f 1127//1127 1136//1136 1137//1137
f 1127//1127 1137//1137 1128//1128
f 1128//1128 1137//1137 1138//1138
f 1128//1128 1138//1138 1129//1129
f 1129//1129 1138//1138 1139//1139
f 1129//1129 1139//1139 1130//1130
f 1130//1130 1139//1139 1140//1140
f 1130//1130 1140//1140 1110//1110
f 1131//1131 1099//1099 1141//1141
f 1131//1131 1141//1141 1132//1132
f 1132//1132 1141//1141 1142//1142
f 1132//1132 1142//1142 1133//1133
f 1133//1133 1142//1142 1143//1143
f 1133//1133 1143//1143 1134//1134
f 1134//1134 1143//1143 1144//1144
f 1134//1134 1144//1144 1135//1135
f 1135//1135 1144//1144 1145//1145
f 1135//1135 1145//1145 1136//1136
f 1136//1136 1145//1145 1146//1146
f 1136//1136 1146//1146 1137//1137
f 1137//1137 1146//1146 1147//1147
f 1137//1137 1147//1147 1138//1138
f 1138//1138 1147//1147 1148//1148
f 1138//1138 1148//1148 1139//1139
f 1139//1139 1148//1148 1149//1149
f 1139//1139 1149//1149 1140//1140
f 1140//1140 1149//1149 1150//1150
f 1140//1140 1150//1150 1110//1110
f 1141//1141 1099//1099 1151//1151
f 1141//1141 1151//1151 1142//1142
f 1142//1142 1151//1151 1152//1152
f 1142//1142 1152//1152 1143//1143
f 1143//1143 1152//1152 1153//1153
f 1143//1143 1153//1153 1144//1144
f 1144//1144 1153//1153 1154//1154
f 1144//1144 1154//1154 1145//1145
f 1145//1145 1154//1154 1155//1155
f 1145//1145 1155//1155 1146//1146
f 1146//1146 1155//1155 1156//1156
f 1146//1146 1156//1156 1147//1147
f 1147//1147 1156//1156 1157//1157
f 1147//1147 1157//1157 1148//1148
f 1148//1148 1157//1157 1158//1158
f 1148//1148 1158//1158 1149//1149
f 1149//1149 1158//1158 1159//1159
f 1149//1149 1159//1159 1150//1150
f 1150//1150 1159//1159 1160//1160
f 1150//1150 1160//1160 1110//1110
f 1151//1151 1099//1099 1161//1161
f 1151//1151 1161//1161 1152//1152
f 1152//1152 1161//1161 1162//1162
f 1152//1152 1162//1162 1153//1153
f 1153//1153 1162//1162 1163//1163
f 1153//1153 1163//1163 1154//1154
f 1154//1154 1163//1163 1164//1164
f 1154//1154 1164//1164 1155//1155
f 1155//1155 1164//1164 1165//1165
f 1155//1155 1165//1165 1156//1156
f 1156//1156 1165//1165 1166//1166
f 1156//1156 1166//1166 1157//1157
f 1157//1157 1166//1166 1167//1167
f 1157//1157 1167//1167 1158//1158
f 1158//1158 1167//1167 1168//1168
f 1158//1158 1168//1168 1159//1159
f 1159//1159 1168//1168 1169//1169
f 1159//1159 1169//1169 1160//1160
f 1160//1160 1169//1169 1170//1170
f 1160//1160 1170//1170 1110//1110
f 1161//1161 1099//1099 1171//1171
f 1161//1161 1171//1171 1162//1162
f 1162//1162 1171//1171 1172//1172
f 1162//1162 1172//1172 1163//1163
f 1163//1163 1172//1172 1173//1173
f 1163//1163 1173//1173 1164//1164
f 1164//1164 1173//1173 1174//1174
f 1164//1164 1174//1174 1165//1165
f 1165//1165 1174//1174 1175//1175
f 1165//1165 1175//1175 1166//1166
f 1166//1166 1175//1175 1176//1176
f 1166//1166 1176//1176 1167//1167
f 1167//1167 1176//1176 1177//1177
f 1167//1167 1177//1177 1168//1168
f 1168//1168 1177//1177 1178//1178
f 1168//1168 1178//1178 1169//1169
f 1169//1169 1178//1178 1179//1179
f 1169//1169 1179//1179 1170//1170
f 1170//1170 1179//1179 1180//1180
f 1170//1170 1180//1180 1110//1110
f 1171//1171 1099//1099 1181//1181
f 1171//1171 1181//1181 1172//1172
f 1172//1172 1181//1181 1182//1182
f 1172//1172 1182//1182 1173//1173
f 1173//1173 1182//1182 1183//1183
f 1173//1173 1183//1183 1174//1174
f 1174//1174 1183//1183 1184//1184
f 1174//1174 1184//1184 1175//1175
f 1175//1175 1184//1184 1185//1185
f 1175//1175 1185//1185 1176//1176
f 1176//1176 1185//1185 1186//1186
f 1176//1176 1186//1186 1177//1177
f 1177//1177 1186//1186 1187//1187
f 1177//1177 1187//1187 1178//1178
f 1178//1178 1187//1187 1188//1188
f 1178//1178 1188//1188 1179//1179
f 1179//1179 1188//1188 1189//1189
f 1179//1179 1189//1189 1180//1180
f 1180//1180 1189//1189 1190//1190
f 1180//1180 1190//1190 1110//1110
f 1181//1181 1099//1099 1191//1191
f 1181//1181 1191//1191 1182//1182
f 1182//1182 1191//1191 1192//1192
f 1182//1182 1192//1192 1183//1183
f 1183//1183 1192//1192 1193//1193
f 1183//1183 1193//1193 1184//1184
f 1184//1184 1193//1193 1194//1194
f 1184//1184 1194//1194 1185//1185
f 1185//1185 1194//1194 1195//1195
f 1185//1185 1195//1195 1186//1186
f 1186//1186 1195//1195 1196//1196
f 1186//1186 1196//1196 1187//1187
f 1187//1187 1196//1196 1197//1197
f 1187//1187 1197//1197 1188//1188
f 1188//1188 1197//1197 1198//1198
f 1188//1188 1198//1198 1189//1189
f 1189//1189 1198//1198 1199//1199
f 1189//1189 1199//1199 1190//1190
f 1190//1190 1199//1199 1200//1200
f 1190//1190 1200//1200 1110//1110
f 1191//1191 1099//1099 1201//1201
f 1191//1191 1201//1201 1192//1192
f 1192//1192 1201//1201 1202//1202
f 1192//1192 1202//1202 1193//1193
f 1193//1193 1202//1202 1203//1203
f 1193//1193 1203//1203 1194//1194
f 1194//1194 1203//1203 1204//1204
f 1194//1194 1204//1204 1195//1195
f 1195//1195 1204//1204 1205//1205
f 1195//1195 1205//1205 1196//1196
f 1196//1196 1205//1205 1206//1206
f 1196//1196 1206//1206 1197//1197
f 1197//1197 1206//1206 1207//1207
f 1197//1197 1207//1207 1198//1198
f 1198//1198 1207//1207 1208//1208
f 1198//1198 1208//1208 1199//1199
f 1199//1199 1208//1208 1209//1209
f 1199//1199 1209//1209 1200//1200
f 1200//1200 1209//1209 1210//1210
f 1200//1200 1210//1210 1110//1110
f 1201//1201 1099//1099 1211//1211
f 1201//1201 1211//1211 1202//1202
f 1202//1202 1211//1211 1212//1212
f 1202//1202 1212//1212 1203//1203
f 1203//1203 1212//1212 1213//1213
f 1203//1203 1213//1213 1204//1204
f 1204//1204 1213//1213 1214//1214
f 1204//1204 1214//1214 1205//1205
f 1205//1205 1214//1214 1215//1215
f 1205//1205 1215//1215 1206//1206
f 1206//1206 1215//1215 1216//1216
f 1206//1206 1216//1216 1207//1207
f 1207//1207 1216//1216 1217//1217
f 1207//1207 1217//1217 1208//1208
f 1208//1208 1217//1217 1218//1218
f 1208//1208 1218//1218 1209//1209
f 1209//1209 1218//1218 1219//1219
f 1209//1209 1219//1219 1210//1210
f 1210//1210 1219//1219 1220//1220
f 1210//1210 1220//1220 1110//1110
f 1211//1211 1099//1099 1100//1100
f 1211//1211 1100//1100 1212//1212
f 1212//1212 1100//1100 1101//1101
f 1212//1212 1101//1101 1213//1213
f 1213//1213 1101//1101 1102//1102
f 1213//1213 1102//1102 1214//1214
f 1214//1214 1102//1102 1103//1103
f 1214//1214 1103//1103 1215//1215
f 1215//1215 1103//1103 1104//1104
f 1215//1215 1104//1104 1216//1216
f 1216//1216 1104//1104 1105//1105
f 1216//1216 1105//1105 1217//1217
f 1217//1217 1105//1105 1106//1106
f 1217//1217 1106//1106 1218//1218
f 1218//1218 1106//1106 1107//1107
f 1218//1218 1107//1107 1219//1219
f 1219//1219 1107//1107 1108//1108
f 1219//1219 1108//1108 1220//1220
f 1220//1220 1108//1108 1109//1109
f 1220//1220 1109//1109 1110//1110
f 1222//1222 1221//1221 1233//1233
f 1222//1222 1233//1233 1223//1223
f 1223//1223 1233//1233 1234//1234
f 1223//1223 1234//1234 1224//1224
f 1224//1224 1234//1234 1235//1235
f 1224//1224 1235//1235 1225//1225
f 1225//1225 1235//1235 1236//1236
f 1225//1225 1236//1236 1226//1226
f 1226//1226 1236//1236 1237//1237
f 1226//1226 1237//1237 1227//1227
f 1227//1227 1237//1237 1238//1238
f 1227//1227 1238//1238 1228//1228
f 1228//1228 1238//1238 1239//1239
f 1228//1228 1239//1239 1229//1229
f 1229//1229 1239//1239 1240//1240
f 1229//1229 1240//1240 1230//1230
f 1230//1230 1240//1240 1241//1241
f 1230//1230 1241//1241 1231//1231
f 1231//1231 1241//1241 1242//1242
f 1231//1231 1242//1242 1232//1232
f 1233//1233 1221//1221 1243//1243
f 1233//1233 1243//1243 1234//1234
f 1234//1234 1243//1243 1244//1244
f 1234//1234 1244//1244 1235//1235
f 1235//1235 1244//1244 1245//1245
f 1235//1235 1245//1245 1236//1236
f 1236//1236 1245//1245 1246//1246
f 1236//1236 1246//1246 1237//1237
f 1237//1237 1246//1246 1247//1247
f 1237//1237 1247//1247 1238//1238
f 1238//1238 1247//1247 1248//1248
f 1238//1238 1248//1248 1239//1239
f 1239//1239 1248//1248 1249//1249
f 1239//1239 1249//1249 1240//1240
f 1240//1240 1249//1249 1250//1250
f 1240//1240 1250//1250 1241//1241
f 1241//1241 1250//1250 1251//1251
f 1241//1241 1251//1251 1242//1242
f 1242//1242 1251//1251 1252//1252
f 1242//1242 1252//1252 1232//1232
f 1243//1243 1221//1221 1253//1253
f 1243//1243 1253//1253 1244//1244
f 1244//1244 1253//1253 1254//1254
f 1244//1244 1254//1254 1245//1245
f 1245//1245 1254//1254 1255//1255
f 1245//1245 1255//1255 1246//1246
f 1246//1246 1255//1255 1256//1256
f 1246//1246 1256//1256 1247//1247
f 1247//1247 1256//1256 1257//1257
f 1247//1247 1257//1257 1248//1248
f 1248//1248 1257//1257 1258//1258
f 1248//1248 1258//1258 1249//1249
f 1249//1249 1258//1258 1259//1259
f 1249//1249 1259//1259 1250//1250
f 1250//1250 1259//1259 1260//1260
f 1250//1250 1260//1260 1251//1251
f 1251//1251 1260//1260 1261//1261
f 1251//1251 1261//1261 1252//1252
f 1252//1252 1261//1261 1262//1262
f 1252//1252 1262//1262 1232//1232
f 1253//1253 1221//1221 1263//1263
f 1253//1253 1263//1263 1254//1254
f 1254//1254 1263//1263 1264//1264
f 1254//1254 1264//1264 1255//1255
f 1255//1255 1264//1264 1265//1265
f 1255//1255 1265//1265 1256//1256
f 1256//1256 1265//1265 1266//1266
f 1256//1256 1266//1266 1257//1257
f 1257//1257 1266//1266 1267//1267
f 1257//1257 1267//1267 1258//1258
f 1258//1258 1267//1267 1268//1268
f 1258//1258 1268//1268 1259//1259
f 1259//1259 1268//1268 1269//1269
f 1259//1259 1269//1269 1260//1260
f 1260//1260 1269//1269 1270//1270
f 1260//1260 1270//1270 1261//1261
f 1261//1261 1270//1270 1271//1271
f 1261//1261 1271//1271 1262//1262
f 1262//1262 1271//1271 1272//1272
f 1262//1262 1272//1272 1232//1232
f 1263//1263 1221//1221 1273//1273
f 1263//1263 1273//1273 1264//1264
f 1264//1264 1273//1273 1274//1274
f 1264//1264 1274//1274 1265//1265
f 1265//1265 1274//1274 1275//1275
f 1265//1265 1275//1275 1266//1266
f 1266//1266 1275//1275 1276//1276
f 1266//1266 1276//1276 1267//1267
f 1267//1267 1276//1276 1277//1277
f 1267//1267 1277//1277 1268//1268
f 1268//1268 1277//1277 1278//1278
f 1268//1268 1278//1278 1269//1269
f 1269//1269 1278//1278 1279//1279
f 1269//1269 1279//1279 1270//1270
f 1270//1270 1279//1279 1280//1280
f 1270//1270 1280//1280 1271//1271
f 1271//1271 1280//1280 1281//1281
f 1271//1271 1281//1281 1272//1272
f 1272//1272 1281//1281 1282//1282
f 1272//1272 1282//1282 1232//1232
f 1273//1273 1221//1221 1283//1283
f 1273//1273 1283//1283 1274//1274
f 1274//1274 1283//1283 1284//1284
f 1274//1274 1284//1284 1275//1275
f 1275//1275 1284//1284 1285//1285
f 1275//1275 1285//1285 1276//1276
f 1276//1276 1285//1285 1286//1286
f 1276//1276 1286//1286 1277//1277
f 1277//1277 1286//1286 1287//1287
f 1277//1277 1287//1287 1278//1278
f 1278//1278 1287//1287 1288//1288
f 1278//1278 1288//1288 1279//1279
f 1279//1279 1288//1288 1289//1289
f 1279//1279 1289//1289 1280//1280
f 1280//1280 1289//1289 1290//1290
f 1280//1280 1290//1290 1281//1281
f 1281//1281 1290//1290 1291//1291
f 1281//1281 1291//1291 1282//1282
f 1282//1282 1291//1291 1292//1292
f 1282//1282 1292//1292 1232//1232
f 1283//1283 1221//1221 1293//1293
f 1283//1283 1293//1293 1284//1284
f 1284//1284 1293//1293 1294//1294
f 1284//1284 1294//1294 1285//1285
f 1285//1285 1294//1294 1295//1295
f 1285//1285 1295//1295 1286//1286
f 1286//1286 1295//1295 1296//1296
f 1286//1286 1296//1296 1287//1287
f 1287//1287 1296//1296 1297//1297
f 1287//1287 1297//1297 1288//1288
f 1288//1288 1297//1297 1298//1298
f 1288//1288 1298//1298 1289//1289
f 1289//1289 1298//1298 1299//1299
f 1289//1289 1299//1299 1290//1290
f 1290//1290 1299//1299 1300//1300
f 1290//1290 1300//1300 1291//1291
f 1291//1291 1300//1300 1301//1301
f 1291//1291 1301//1301 1292//1292
f 1292//1292 1301//1301 1302//1302
f 1292//1292 1302//1302 1232//1232
f 1293//1293 1221//1221 1303//1303
f 1293//1293 1303//1303 1294//1294
f 1294//1294 1303//1303 1304//1304
f 1294//1294 1304//1304 1295//1295
f 1295//1295 1304//1304 1305//1305
f 1295//1295 1305//1305 1296//1296
f 1296//1296 1305//1305 1306//1306
f 1296//1296 1306//1306 1297//1297
f 1297//1297 1306//1306 1307//1307
f 1297//1297 1307//1307 1298//1298
f 1298//1298 1307//1307 1308//1308
f 1298//1298 1308//1308 1299//1299
f 1299//1299 1308//1308 1309//1309
f 1299//1299 1309//1309 1300//1300
f 1300//1300 1309//1309 1310//1310
f 1300//1300 1310//1310 1301//1301
f 1301//1301 1310//1310 1311//1311
f 1301//1301 1311//1311 1302//1302
f 1302//1302 1311//1311 1312//1312
f 1302//1302 1312//1312 1232//1232
f 1303//1303 1221//1221 1313//1313
f 1303//1303 1313//1313 1304//1304
f 1304//1304 1313//1313 1314//1314
f 1304//1304 1314//1314 1305//1305
f 1305//1305 1314//1314 1315//1315
f 1305//1305 1315//1315 1306//1306
f 1306//1306 1315//1315 1316//1316
f 1306//1306 1316//1316 1307//1307
f 1307//1307 1316//1316 1317//1317
f 1307//1307 1317//1317 1308//1308
f 1308//1308 1317//1317 1318//1318
f 1308//1308 1318//1318 1309//1309
f 1309//1309 1318//1318 1319//1319
f 1309//1309 1319//1319 1310//1310
f 1310//1310 1319//1319 1320//1320
f 1310//1310 1320//1320 1311//1311
f 1311//1311 1320//1320 1321//1321
f 1311//1311 1321//1321 1312//1312
f 1312//1312 1321//1321 1322//1322
f 1312//1312 1322//1322 1232//1232
f 1313//1313 1221//1221 1323//1323
f 1313//1313 1323//1323 1314//1314
f 1314//1314 1323//1323 1324//1324
f 1314//1314 1324//1324 1315//1315
f 1315//1315 1324//1324 1325//1325
f 1315//1315 1325//1325 1316//1316
f 1316//1316 1325//1325 1326//1326
f 1316//1316 1326//1326 1317//1317
f 1317//1317 1326//1326 1327//1327
f 1317//1317 1327//1327 1318//1318
f 1318//1318 1327//1327 1328//1328
f 1318//1318 1328//1328 1319//1319
f 1319//1319 1328//1328 1329//1329
f 1319//1319 1329//1329 1320//1320
f 1320//1320 1329//1329 1330//1330
f 1320//1320 1330//1330 1321//1321
f 1321//1321 1330//1330 1331//1331
f 1321//1321 1331//1331 1322//1322
f 1322//1322 1331//1331 1332//1332
f 1322//1322 1332//1332 1232//1232
f 1323//1323 1221//1221 1333//1333
f 1323//1323 1333//1333 1324//1324
f 1324//1324 1333//1333 1334//1334
f 1324//1324 1334//1334 1325//1325
f 1325//1325 1334//1334 1335//1335
f 1325//1325 1335//1335 1326//1326
f 1326//1326 1335//1335 1336//1336
f 1326//1326 1336//1336 1327//1327
f 1327//1327 1336//1336 1337//1337
f 1327//1327 1337//1337 1328//1328
f 1328//1328 1337//1337 1338//1338
f 1328//1328 1338//1338 1329//1329
f 1329//1329 1338//1338 1339//1339
f 1329//1329 1339//1339 1330//1330
f 1330//1330 1339//1339 1340//1340
f 1330//1330 1340//1340 1331//1331
f 1331//1331 1340//1340 1341//1341
f 1331//1331 1341//1341 1332//1332
f 1332//1332 1341//1341 1342//1342
f 1332//1332 1342//1342 1232//1232
f 1333//1333 1221//1221 1222//1222
f 1333//1333 1222//1222 1334//1334
f 1334//1334 1222//1222 1223//1223
f 1334//1334 1223//1223 1335//1335
f 1335//1335 1223//1223 1224//1224
f 1335//1335 1224//1224 1336//1336
f 1336//1336 1224//1224 1225//1225
f 1336//1336 1225//1225 1337//1337
f 1337//1337 1225//1225 1226//1226
f 1337//1337 1226//1226 1338//1338
f 1338//1338 1226//1226 1227//1227
f 1338//1338 1227//1227 1339//1339
f 1339//1339 1227//1227 1228//1228
f 1339//1339 1228//1228 1340//1340
f 1340//1340 1228//1228 1229//1229
f 1340//1340 1229//1229 1341//1341
f 1341//1341 1229//1229 1230//1230
f 1341//1341 1230//1230 1342//1342
f 1342//1342 1230//1230 1231//1231
f 1342//1342 1231//1231 1232//1232
f 1344//1344 1343//1343 1355//1355
f 1344//1344 1355//1355 1345//1345
f 1345//1345 1355//1355 1356//1356
f 1345//1345 1356//1356 1346//1346
f 1346//1346 1356//1356 1357//1357
f 1346//1346 1357//1357 1347//1347
f 1347//1347 1357//1357 1358//1358
f 1347//1347 1358//1358 1348//1348
f 1348//1348 1358//1358 1359//1359
f 1348//1348 1359//1359 1349//1349
f 1349//1349 1359//1359 1360//1360
f 1349//1349 1360//1360 1350//1350
f 1350//1350 1360//1360 1361//1361
f 1350//1350 1361//1361 1351//1351
f 1351//1351 1361//1361 1362//1362
f 1351//1351 1362//1362 1352//1352
f 1352//1352 1362//1362 1363//1363
f 1352//1352 1363//1363 1353//1353
f 1353//1353 1363//1363 1364//1364
f 1353//1353 1364//1364 1354//1354
f 1355//1355 1343//1343 1365//1365
f 1355//1355 1365//1365 1356//1356
f 1356//1356 1365//1365 1366//1366
f 1356//1356 1366//1366 1357//1357
f 1357//1357 1366//1366 1367//1367
f 1357//1357 1367//1367 1358//1358
f 1358//1358 1367//1367 1368//1368
f 1358//1358 1368//1368 1359//1359
f 1359//1359 1368//1368 1369//1369
f 1359//1359 1369//1369 1360//1360
f 1360//1360 1369//1369 1370//1370
f 1360//1360 1370//1370 1361//1361
f 1361//1361 1370//1370 1371//1371
f 1361//1361 1371//1371 1362//1362
f 1362//1362 1371//1371 1372//1372
f 1362//1362 1372//1372 1363//1363
f 1363//1363 1372//1372 1373//1373
f 1363//1363 1373//1373 1364//1364
f 1364//1364 1373//1373 1374//1374
f 1364//1364 1374//1374 1354//1354
f 1365//1365 1343//1343 1375//1375
f 1365//1365 1375//1375 1366//1366
f 1366//1366 1375//1375 1376//1376
f 1366//1366 1376//1376 1367//1367
f 1367//1367 1376//1376 1377//1377
f 1367//1367 1377//1377 1368//1368
f 1368//1368 1377//1377 1378//1378
f 1368//1368 1378//1378 1369//1369
f 1369//1369 1378//1378 1379//1379
f 1369//1369 1379//1379 1370//1370
f 1370//1370 1379//1379 1380//1380
f 1370//1370 1380//1380 1371//1371
f 1371//1371 1380//1380 1381//1381
f 1371//1371 1381//1381 1372//1372
f 1372//1372 1381//1381 1382//1382
f 1372//1372 1382//1382 1373//1373
f 1373//1373 1382//1382 1383//1383
f 1373//1373 1383//1383 1374//1374
f 1374//1374 1383//1383 1384//1384
f 1374//1374 1384//1384 1354//1354
f 1375//1375 1343//1343 1385//1385
f 1375//1375 1385//1385 1376//1376
f 1376//1376 1385//1385 1386//1386
f 1376//1376 1386//1386 1377//1377
f 1377//1377 1386//1386 1387//1387
f 1377//1377 1387//1387 1378//1378
f 1378//1378 1387//1387 1388//1388
f 1378//1378 1388//1388 1379//1379
f 1379//1379 1388//1388 1389//1389
f 1379//1379 1389//1389 1380//1380
f 1380//1380 1389//1389 1390//1390
f 1380//1380 1390//1390 1381//1381
f 1381//1381 1390//1390 1391//1391
f 1381//1381 1391//1391 1382//1382
f 1382//1382 1391//1391 1392//1392
f 1382//1382 1392//1392 1383//1383
f 1383//1383 1392//1392 1393//1393
f 1383//1383 1393//1393 1384//1384
f 1384//1384 1393//1393 1394//1394
f 1384//1384 1394//1394 1354//1354
f 1385//1385 1343//1343 1395//1395
f 1385//1385 1395//1395 1386//1386
f 1386//1386 1395//1395 1396//1396
f 1386//1386 1396//1396 1387//1387
f 1387//1387 1396//1396 1397//1397
f 1387//1387 1397//1397 1388//1388
f 1388//1388 1397//1397 1398//1398
f 1388//1388 1398//1398 1389//1389
f 1389//1389 1398//1398 1399//1399
f 1389//1389 1399//1399 1390//1390
f 1390//1390 1399//1399 1400//1400
f 1390//1390 1400//1400 1391//1391
f 1391//1391 1400//1400 1401//1401
f 1391//1391 1401//1401 1392//1392
f 1392//1392 1401//1401 1402//1402
f 1392//1392 1402//1402 1393//1393
f 1393//1393 1402//1402 1403//1403
f 1393//1393 1403//1403 1394//1394
f 1394//1394 1403//1403 1404//1404
f 1394//1394 1404//1404 1354//1354
f 1395//1395 1343//1343 1405//1405
f 1395//1395 1405//1405 1396//1396
f 1396//1396 1405//1405 1406//1406
f 1396//1396 1406//1406 1397//1397
f 1397//1397 1406//1406 1407//1407
f 1397//1397 1407//1407 1398//1398
f 1398//1398 1407//1407 1408//1408
f 1398//1398 1408//1408 1399//1399
f 1399//1399 1408//1408 1409//1409
f 1399//1399 1409//1409 1400//1400
f 1400//1400 1409//1409 1410//1410
f 1400//1400 1410//1410 1401//1401
f 1401//1401 1410//1410 1411//1411
f 1401//1401 1411//1411 1402//1402
f 1402//1402 1411//1411 1412//1412
f 1402//1402 1412//1412 1403//1403
f 1403//1403 1412//1412 1413//1413
f 1403//1403 1413//1413 1404//1404
f 1404//1404 1413//1413 1414//1414
f 1404//1404 1414//1414 1354//1354
f 1405//1405 1343//1343 1415//1415
f 1405//1405 1415//1415 1406//1406
f 1406//1406 1415//1415 1416//1416
f 1406//1406 1416//1416 1407//1407
f 1407//1407 1416//1416 1417//1417
f 1407//1407 1417//1417 1408//1408
f 1408//1408 1417//1417 1418//1418
f 1408//1408 1418//1418 1409//1409
f 1409//1409 1418//1418 1419//1419
f 1409//1409 1419//1419 1410//1410
f 1410//1410 1419//1419 1420//1420
f 1410//1410 1420//1420 1411//1411
f 1411//1411 1420//1420 1421//1421
f 1411//1411 1421//1421 1412//1412
f 1412//1412 1421//1421 1422//1422
f 1412//1412 1422//1422 1413//1413
f 1413//1413 1422//1422 1423//1423
f 1413//1413 1423//1423 1414//1414
f 1414//1414 1423//1423 1424//1424
f 1414//1414 1424//1424 1354//1354
f 1415//1415 1343//1343 1425//1425
f 1415//1415 1425//1425 1416//1416
f 1416//1416 1425//1425 1426//1426
f 1416//1416 1426//1426 1417//1417
f 1417//1417 1426//1426 1427//1427
f 1417//1417 1427//1427 1418//1418
f 1418//1418 1427//1427 1428//1428
f 1418//1418 1428//1428 1419//1419
f 1419//1419 1428//1428 1429//1429
f 1419//1419 1429//1429 1420//1420
f 1420//1420 1429//1429 1430//1430
f 1420//1420 1430//1430 1421//1421
f 1421//1421 1430//1430 1431//1431
f 1421//1421 1431//1431 1422//1422
f 1422//1422 1431//1431 1432//1432
f 1422//1422 1432//1432 1423//1423
f 1423//1423 1432//1432 1433//1433
f 1423//1423 1433//1433 1424//1424
f 1424//1424 1433//1433 1434//1434
f 1424//1424 1434//1434 1354//1354
f 1425//1425 1343//1343 1435//1435
f 1425//1425 1435//1435 1426//1426
f 1426//1426 1435//1435 1436//1436
f 1426//1426 1436//1436 1427//1427
f 1427//1427 1436//1436 1437//1437
f 1427//1427 1437//1437 1428//1428
f 1428//1428 1437//1437 1438//1438
f 1428//1428 1438//1438 1429//1429
f 1429//1429 1438//1438 1439//1439
f 1429//1429 1439//1439 1430//1430
f 1430//1430 1439//1439 1440//1440
f 1430//1430 1440//1440 1431//1431
f 1431//1431 1440//1440 1441//1441
f 1431//1431 1441//1441 1432//1432
f 1432//1432 1441//1441 1442//1442
f 1432//1432 1442//1442 1433//1433
f 1433//1433 1442//1442 1443//1443
f 1433//1433 1443//1443 1434//1434
f 1434//1434 1443//1443 1444//1444
f 1434//1434 1444//1444 1354//1354
f 1435//1435 1343//1343 1445//1445
f 1435//1435 1445//1445 1436//1436
f 1436//1436 1445//1445 1446//1446
f 1436//1436 1446//1446 1437//1437
f 1437//1437 1446//1446 1447//1447
f 1437//1437 1447//1447 1438//1438
f 1438//1438 1447//1447 1448//1448
f 1438//1438 1448//1448 1439//1439
f 1439//1439 1448//1448 1449//1449
f 1439//1439 1449//1449 1440//1440
f 1440//1440 1449//1449 1450//1450
f 1440//1440 1450//1450 1441//1441
f 1441//1441 1450//1450 1451//1451
f 1441//1441 1451//1451 1442//1442
f 1442//1442 1451//1451 1452//1452
f 1442//1442 1452//1452 1443//1443
f 1443//1443 1452//1452 1453//1453
f 1443//1443 1453//1453 1444//1444
f 1444//1444 1453//1453 1454//1454
f 1444//1444 1454//1454 1354//1354
f 1445//1445 1343//1343 1455//1455
f 1445//1445 1455//1455 1446//1446
f 1446//1446 1455//1455 1456//1456
f 1446//1446 1456//1456 1447//1447
f 1447//1447 1456//1456 1457//1457
f 1447//1447 1457//1457 1448//1448
f 1448//1448 1457//1457 1458//1458
f 1448//1448 1458//1458 1449//1449
f 1449//1449 1458//1458 1459//1459
f 1449//1449 1459//1459 1450//1450
f 1450//1450 1459//1459 1460//1460
f 1450//1450 1460//1460 1451//1451
f 1451//1451 1460//1460 1461//1461
f 1451//1451 1461//1461 1452//1452
f 1452//1452 1461//1461 1462//1462
f 1452//1452 1462//1462 1453//1453
f 1453//1453 1462//1462 1463//1463
f 1453//1453 1463//1463 1454//1454
f 1454//1454 1463//1463 1464//1464
f 1454//1454 1464//1464 1354//1354
f 1455//1455 1343//1343 1344//1344
f 1455//1455 1344//1344 1456//1456
f 1456//1456 1344//1344 1345//1345
f 1456//1456 1345//1345 1457//1457
f 1457//1457 1345//1345 1346//1346
f 1457//1457 1346//1346 1458//1458
f 1458//1458 1346//1346 1347//1347
f 1458//1458 1347//1347 1459//1459
f 1459//1459 1347//1347 1348//1348
f 1459//1459 1348//1348 1460//1460
f 1460//1460 1348//1348 1349//1349
f 1460//1460 1349//1349 1461//1461
f 1461//1461 1349//1349 1350//1350
f 1461//1461 1350//1350 1462//1462
f 1462//1462 1350//1350 1351//1351
f 1462//1462 1351//1351 1463//1463
f 1463//1463 1351//1351 1352//1352
f 1463//1463 1352//1352 1464//1464
f 1464//1464 1352//1352 1353//1353
f 1464//1464 1353//1353 1354//1354
f 1466//1466 1465//1465 1477//1477
f 1466//1466 1477//1477 1467//1467
f 1467//1467 1477//1477 1478//1478
f 1467//1467 1478//1478 1468//1468
f 1468//1468 1478//1478 1479//1479
f 1468//1468 1479//1479 1469//1469
f 1469//1469 1479//1479 1480//1480
f 1469//1469 1480//1480 1470//1470
f 1470//1470 1480//1480 1481//1481
f 1470//1470 1481//1481 1471//1471
f 1471//1471 1481//1481 1482//1482
f 1471//1471 1482//1482 1472//1472
f 1472//1472 1482//1482 1483//1483
f 1472//1472 1483//1483 1473//1473
f 1473//1473 1483//1483 1484//1484
f 1473//1473 1484//1484 1474//1474
f 1474//1474 1484//1484 1485//1485
f 1474//1474 1485//1485 1475//1475
f 1475//1475 1485//1485 1486//1486
f 1475//1475 1486//1486 1476//1476
f 1477//1477 1465//1465 1487//1487
f 1477//1477 1487//1487 1478//1478
f 1478//1478 1487//1487 1488//1488
f 1478//1478 1488//1488 1479//1479
f 1479//1479 1488//1488 1489//1489
f 1479//1479 1489//1489 1480//1480
f 1480//1480 1489//1489 1490//1490
f 1480//1480 1490//1490 1481//1481
f 1481//1481 1490//1490 1491//1491
f 1481//1481 1491//1491 1482//1482
f 1482//1482 1491//1491 1492//1492
f 1482//1482 1492//1492 1483//1483
f 1483//1483 1492//1492 1493//1493
f 1483//1483 1493//1493 1484//1484
f 1484//1484 1493//1493 1494//1494
f 1484//1484 1494//1494 1485//1485
f 1485//1485 1494//1494 1495//1495
f 1485//1485 1495//1495 1486//1486
f 1486//1486 1495//1495 1496//1496
f 1486//1486 1496//1496 1476//1476
f 1487//1487 1465//1465 1497//1497
f 1487//1487 1497//1497 1488//1488
f 1488//1488 1497//1497 1498//1498
f 1488//1488 1498//1498 1489//1489
f 1489//1489 1498//1498 1499//1499
f 1489//1489 1499//1499 1490//1490
f 1490//1490 1499//1499 1500//1500
f 1490//1490 1500//1500 1491//1491
f 1491//1491 1500//1500 1501//1501
f 1491//1491 1501//1501 1492//1492
f 1492//1492 1501//1501 1502//1502
f 1492//1492 1502//1502 1493//1493
f 1493//1493 1502//1502 1503//1503
f 1493//1493 1503//1503 1494//1494
f 1494//1494 1503//1503 1504//1504
f 1494//1494 1504//1504 1495//1495
f 1495//1495 1504//1504 1505//1505
f 1495//1495 1505//1505 1496//1496
f 1496//1496 1505//1505 1506//1506
f 1496//1496 1506//1506 1476//1476
f 1497//1497 1465//1465 1507//1507
f 1497//1497 1507//1507 1498//1498
f 1498//1498 1507//1507 1508//1508
f 1498//1498 1508//1508 1499//1499
f 1499//1499 1508//1508 1509//1509
f 1499//1499 1509//1509 1500//1500
f 1500//1500 1509//1509 1510//1510
f 1500//1500 1510//1510 1501//1501
f 1501//1501 1510//1510 1511//1511
f 1501//1501 1511//1511 1502//1502
f 1502//1502 1511//1511 1512//1512
f 1502//1502 1512//1512 1503//1503
f 1503//1503 1512//1512 1513//1513
f 1503//1503 1513//1513 1504//1504
f 1504//1504 1513//1513 1514//1514
f 1504//1504 1514//1514 1505//1505
f 1505//1505 1514//1514 1515//1515
f 1505//1505 1515//1515 1506//1506
f 1506//1506 1515//1515 1516//1516
f 1506//1506 1516//1516 1476//1476
f 1507//1507 1465//1465 1517//1517
f 1507//1507 1517//1517 1508//1508
f 1508//1508 1517//1517 1518//1518
f 1508//1508 1518//1518 1509//1509
f 1509//1509 1518//1518 1519//1519
f 1509//1509 1519//1519 1510//1510
f 1510//1510 1519//1519 1520//1520
f 1510//1510 1520//1520 1511//1511
f 1511//1511 1520//1520 1521//1521
f 1511//1511 1521//1521 1512//1512
f 1512//1512 1521//1521 1522//1522
f 1512//1512 1522//1522 1513//1513
f 1513//1513 1522//1522 1523//1523
f 1513//1513 1523//1523 1514//1514
f 1514//1514 1523//1523 1524//1524
f 1514//1514 1524//1524 1515//1515
f 1515//1515 1524//1524 1525//1525
f 1515//1515 1525//1525 1516//1516
f 1516//1516 1525//1525 1526//1526
f 1516//1516 1526//1526 1476//1476
f 1517//1517 1465//1465 1527//1527
f 1517//1517 1527//1527 1518//1518
f 1518//1518 1527//1527 1528//1528
f 1518//1518 1528//1528 1519//1519
f 1519//1519 1528//1528 1529//1529
f 1519//1519 1529//1529 1520//1520
f 1520//1520 1529//1529 1530//1530
f 1520//1520 1530//1530 1521//1521
f 1521//1521 1530//1530 1531//1531
f 1521//1521 1531//1531 1522//1522
f 1522//1522 1531//1531 1532//1532
f 1522//1522 1532//1532 1523//1523
f 1523//1523 1532//1532 1533//1533
f 1523//1523 1533//1533 1524//1524
f 1524//1524 1533//1533 1534//1534
f 1524//1524 1534//1534 1525//1525
f 1525//1525 1534//1534 1535//1535
f 1525//1525 1535//1535 1526//1526
f 1526//1526 1535//1535 1536//1536
f 1526//1526 1536//1536 1476//1476
f 1527//1527 1465//1465 1537//1537
f 1527//1527 1537//1537 1528//1528
f 1528//1528 1537//1537 1538//1538
f 1528//1528 1538//1538 1529//1529
f 1529//1529 1538//1538 1539//1539
f 1529//1529 1539//1539 1530//1530
f 1530//1530 1539//1539 1540//1540
f 1530//1530 1540//1540 1531//1531
f 1531//1531 1540//1540 1541//1541
f 1531//1531 1541//1541 1532//1532
f 1532//1532 1541//1541 1542//1542
f 1532//1532 1542//1542 1533//1533
f 1533//1533 1542//1542 1543//1543
f 1533//1533 1543//1543 1534//1534
f 1534//1534 1543//1543 1544//1544
f 1534//1534 1544//1544 1535//1535
f 1535//1535 1544//1544 1545//1545
f 1535//1535 1545//1545 1536//1536
f 1536//1536 1545//1545 1546//1546
f 1536//1536 1546//1546 1476//1476
f 1537//1537 1465//1465 1547//1547
f 1537//1537 1547//1547 1538//1538
f 1538//1538 1547//1547 1548//1548
f 1538//1538 1548//1548 1539//1539
f 1539//1539 1548//1548 1549//1549
f 1539//1539 1549//1549 1540//1540
f 1540//1540 1549//1549 1550//1550
f 1540//1540 1550//1550 1541//1541
f 1541//1541 1550//1550 1551//1551
f 1541//1541 1551//1551 1542//1542
f 1542//1542 1551//1551 1552//1552
f 1542//1542 1552//1552 1543//1543
f 1543//1543 1552//1552 1553//1553
f 1543//1543 1553//1553 1544//1544
f 1544//1544 1553//1553 1554//1554
f 1544//1544 1554//1554 1545//1545
f 1545//1545 1554//1554 1555//1555
f 1545//1545 1555//1555 1546//1546
f 1546//1546 1555//1555 1556//1556
f 1546//1546 1556//1556 1476//1476
f 1547//1547 1465//1465 1557//1557
f 1547//1547 1557//1557 1548//1548
f 1548//1548 1557//1557 1558//1558
f 1548//1548 1558//1558 1549//1549
f 1549//1549 1558//1558 1559//1559
f 1549//1549 1559//1559 1550//1550
f 1550//1550 1559//1559 1560//1560
f 1550//1550 1560//1560 1551//1551
f 1551//1551 1560//1560 1561//1561
f 1551//1551 1561//1561 1552//1552
f 1552//1552 1561//1561 1562//1562
f 1552//1552 1562//1562 1553//1553
f 1553//1553 1562//1562 1563//1563
f 1553//1553 1563//1563 1554//1554
f 1554//1554 1563//1563 1564//1564
f 1554//1554 1564//1564 1555//1555
f 1555//1555 1564//1564 1565//1565
f 1555//1555 1565//1565 1556//1556
f 1556//1556 1565//1565 1566//1566
f 1556//1556 1566//1566 1476//1476
f 1557//1557 1465//1465 1567//1567
f 1557//1557 1567//1567 1558//1558
f 1558//1558 1567//1567 1568//1568
f 1558//1558 1568//1568 1559//1559
f 1559//1559 1568//1568 1569//1569
f 1559//1559 1569//1569 1560//1560
f 1560//1560 1569//1569 1570//1570
f 1560//1560 1570//1570 1561//1561
f 1561//1561 1570//1570 1571//1571
f 1561//1561 1571//1571 1562//1562
f 1562//1562 1571//1571 1572//1572
f 1562//1562 1572//1572 1563//1563
f 1563//1563 1572//1572 1573//1573
f 1563//1563 1573//1573 1564//1564
f 1564//1564 1573//1573 1574//1574
f 1564//1564 1574//1574 1565//1565
f 1565//1565 1574//1574 1575//1575
f 1565//1565 1575//1575 1566//1566
f 1566//1566 1575//1575 1576//1576
f 1566//1566 1576//1576 1476//1476
f 1567//1567 1465//1465 1577//1577
f 1567//1567 1577//1577 1568//1568
f 1568//1568 1577//1577 1578//1578
f 1568//1568 1578//1578 1569//1569
f 1569//1569 1578//1578 1579//1579
f 1569//1569 1579//1579 1570//1570
f 1570//1570 1579//1579 1580//1580
f 1570//1570 1580//1580 1571//1571
f 1571//1571 1580//1580 1581//1581
f 1571//1571 1581//1581 1572//1572
f 1572//1572 1581//1581 1582//1582
f 1572//1572 1582//1582 1573//1573
f 1573//1573 1582//1582 1583//1583
f 1573//1573 1583//1583 1574//1574
f 1574//1574 1583//1583 1584//1584
f 1574//1574 1584//1584 1575//1575
f 1575//1575 1584//1584 1585//1585
f 1575//1575 1585//1585 1576//1576
f 1576//1576 1585//1585 1586//1586
f 1576//1576 1586//1586 1476//1476
f 1577//1577 1465//1465 1466//1466
f 1577//1577 1466//1466 1578//1578
f 1578//1578 1466//1466 1467//1467
f 1578//1578 1467//1467 1579//1579
f 1579//1579 1467//1467 1468//1468
f 1579//1579 1468//1468 1580//1580
f 1580//1580 1468//1468 1469//1469
f 1580//1580 1469//1469 1581//1581
f 1581//1581 1469//1469 1470//1470
f 1581//1581 1470//1470 1582//1582
f 1582//1582 1470//1470 1471//1471
f 1582//1582 1471//1471 1583//1583
f 1583//1583 1471//1471 1472//1472
f 1583//1583 1472//1472 1584//1584
f 1584//1584 1472//1472 1473//1473
f 1584//1584 1473//1473 1585//1585
f 1585//1585 1473//1473 1474//1474
f 1585//1585 1474//1474 1586//1586
f 1586//1586 1474//1474 1475//1475
f 1586//1586 1475//1475 1476//1476
f 1588//1588 1587//1587 1599//1599
f 1588//1588 1599//1599 1589//1589
f 1589//1589 1599//1599 1600//1600
f 1589//1589 1600//1600 1590//1590
f 1590//1590 1600//1600 1601//1601
f 1590//1590 1601//1601 1591//1591
f 1591//1591 1601//1601 1602//1602
f 1591//1591 1602//1602 1592//1592
f 1592//1592 1602//1602 1603//1603
f 1592//1592 1603//1603 1593//1593
f 1593//1593 1603//1603 1604//1604
f 1593//1593 1604//1604 1594//1594
f 1594//1594 1604//1604 1605//1605
f 1594//1594 1605//1605 1595//1595
f 1595//1595 1605//1605 1606//1606
f 1595//1595 1606//1606 1596//1596
f 1596//1596 1606//1606 1607//1607
f 1596//1596 1607//1607 1597//1597
f 1597//1597 1607//1607 1608//1608
f 1597//1597 1608//1608 1598//1598
f 1599//1599 1587//1587 1609//1609
f 1599//1599 1609//1609 1600//1600
f 1600//1600 1609//1609 1610//1610
f 1600//1600 1610//1610 1601//1601
f 1601//1601 1610//1610 1611//1611
f 1601//1601 1611//1611 1602//1602
f 1602//1602 1611//1611 1612//1612
f 1602//1602 1612//1612 1603//1603
f 1603//1603 1612//1612 1613//1613
f 1603//1603 1613//1613 1604//1604
f 1604//1604 1613//1613 1614//1614
f 1604//1604 1614//1614 1605//1605
f 1605//1605 1614//1614 1615//1615
f 1605//1605 1615//1615 1606//1606
f 1606//1606 1615//1615 1616//1616
f 1606//1606 1616//1616 1607//1607
f 1607//1607 1616//1616 1617//1617
f 1607//1607 1617//1617 1608//1608
f 1608//1608 1617//1617 1618//1618
f 1608//1608 1618//1618 1598//1598
f 1609//1609 1587//1587 1619//1619
f 1609//1609 1619//1619 1610//1610
f 1610//1610 1619//1619 1620//1620
f 1610//1610 1620//1620 1611//1611
f 1611//1611 1620//1620 1621//1621
f 1611//1611 1621//1621 1612//1612
f 1612//1612 1621//1621 1622//1622
f 1612//1612 1622//1622 1613//1613
f 1613//1613 1622//1622 1623//1623
f 1613//1613 1623//1623 1614//1614
f 1614//1614 1623//1623 1624//1624
f 1614//1614 1624//1624 1615//1615
f 1615//1615 1624//1624 1625//1625
f 1615//1615 1625//1625 1616//1616
f 1616//1616 1625//1625 1626//1626
f 1616//1616 1626//1626 1617//1617
f 1617//1617 1626//1626 1627//1627
f 1617//1617 1627//1627 1618//1618
f 1618//1618 1627//1627 1628//1628
f 1618//1618 1628//1628 1598//1598
f 1619//1619 1587//1587 1629//1629
f 1619//1619 1629//1629 1620//1620
f 1620//1620 1629//1629 1630//1630
f 1620//1620 1630//1630 1621//1621
f 1621//1621 1630//1630 1631//1631
f 1621//1621 1631//1631 1622//1622
f 1622//1622 1631//1631 1632//1632
f 1622//1622 1632//1632 1623//1623
f 1623//1623 1632//1632 1633//1633
f 1623//1623 1633//1633 1624//1624
f 1624//1624 1633//1633 1634//1634
f 1624//1624 1634//1634 1625//1625
f 1625//1625 1634//1634 1635//1635
f 1625//1625 1635//1635 1626//1626
f 1626//1626 1635//1635 1636//1636
f 1626//1626 1636//1636 1627//1627
f 1627//1627 1636//1636 1637//1637
f 1627//1627 1637//1637 1628//1628
f 1628//1628 1637//1637 1638//1638
f 1628//1628 1638//1638 1598//1598
f 1629//1629 1587//1587 1639//1639
f 1629//1629 1639//1639 1630//1630
f 1630//1630 1639//1639 1640//1640
f 1630//1630 1640//1640 1631//1631
f 1631//1631 1640//1640 1641//1641
f 1631//1631 1641//1641 1632//1632
f 1632//1632 1641//1641 1642//1642
f 1632//1632 1642//1642 1633//1633
f 1633//1633 1642//1642 1643//1643
f 1633//1633 1643//1643 1634//1634
f 1634//1634 1643//1643 1644//1644
f 1634//1634 1644//1644 1635//1635
f 1635//1635 1644//1644 1645//1645
f 1635//1635 1645//1645 1636//1636
f 1636//1636 1645//1645 1646//1646
f 1636//1636 1646//1646 1637//1637
f 1637//1637 1646//1646 1647//1647
f 1637//1637 1647//1647 1638//1638
f 1638//1638 1647//1647 1648//1648
f 1638//1638 1648//1648 1598//1598
f 1639//1639 1587//1587 1649//1649
f 1639//1639 1649//1649 1640//1640
f 1640//1640 1649//1649 1650//1650
f 1640//1640 1650//1650 1641//1641
f 1641//1641 1650//1650 1651//1651
f 1641//1641 1651//1651 1642//1642
f 1642//1642 1651//1651 1652//1652
f 1642//1642 1652//1652 1643//1643
f 1643//1643 1652//1652 1653//1653
f 1643//1643 1653//1653 1644//1644
f 1644//1644 1653//1653 1654//1654
f 1644//1644 1654//1654 1645//1645
f 1645//1645 1654//1654 1655//1655
f 1645//1645 1655//1655 1646//1646
f 1646//1646 1655//1655 1656//1656
f 1646//1646 1656//1656 1647//1647
f 1647//1647 1656//1656 1657//1657
f 1647//1647 1657//1657 1648//1648
f 1648//1648 1657//1657 1658//1658
f 1648//1648 1658//1658 1598//1598
f 1649//1649 1587//1587 1659//1659
f 1649//1649 1659//1659 1650//1650
f 1650//1650 1659//1659 1660//1660
f 1650//1650 1660//1660 1651//1651
f 1651//1651 1660//1660 1661//1661
f 1651//1651 1661//1661 1652//1652
f 1652//1652 1661//1661 1662//1662
f 1652//1652 1662//1662 1653//1653
f 1653//1653 1662//1662 1663//1663
f 1653//1653 1663//1663 1654//1654
f 1654//1654 1663//1663 1664//1664
f 1654//1654 1664//1664 1655//1655
f 1655//1655 1664//1664 1665//1665
f 1655//1655 1665//1665 1656//1656
f 1656//1656 1665//1665 1666//1666
f 1656//1656 1666//1666 1657//1657
f 1657//1657 1666//1666 1667//1667
f 1657//1657 1667//1667 1658//1658
f 1658//1658 1667//1667 1668//1668
f 1658//1658 1668//1668 1598//1598
f 1659//1659 1587//1587 1669//1669
f 1659//1659 1669//1669 1660//1660
f 1660//1660 1669//1669 1670//1670
f 1660//1660 1670//1670 1661//1661
f 1661//1661 1670//1670 1671//1671
f 1661//1661 1671//1671 1662//1662
f 1662//1662 1671//1671 1672//1672
f 1662//1662 1672//1672 1663//1663
f 1663//1663 1672//1672 1673//1673
f 1663//1663 1673//1673 1664//1664
f 1664//1664 1673//1673 1674//1674
f 1664//1664 1674//1674 1665//1665
f 1665//1665 1674//1674 1675//1675
f 1665//1665 1675//1675 1666//1666
f 1666//1666 1675//1675 1676//1676
f 1666//1666 1676//1676 1667//1667
f 1667//1667 1676//1676 1677//1677
f 1667//1667 1677//1677 1668//1668
f 1668//1668 1677//1677 1678//1678
f 1668//1668 1678//1678 1598//1598
f 1669//1669 1587//1587 1679//1679
f 1669//1669 1679//1679 1670//1670
f 1670//1670 1679//1679 1680//1680
f 1670//1670 1680//1680 1671//1671
f 1671//1671 1680//1680 1681//1681
f 1671//1671 1681//1681 1672//1672
f 1672//1672 1681//1681 1682//1682
f 1672//1672 1682//1682 1673//1673
f 1673//1673 1682//1682 1683//1683
f 1673//1673 1683//1683 1674//1674
f 1674//1674 1683//1683 1684//1684
f 1674//1674 1684//1684 1675//1675
f 1675//1675 1684//1684 1685//1685
f 1675//1675 1685//1685 1676//1676
f 1676//1676 1685//1685 1686//1686
f 1676//1676 1686//1686 1677//1677
f 1677//1677 1686//1686 1687//1687
f 1677//1677 1687//1687 1678//1678
f 1678//1678 1687//1687 1688//1688
f 1678//1678 1688//1688 1598//1598
f 1679//1679 1587//1587 1689//1689
f 1679//1679 1689//1689 1680//1680
f 1680//1680 1689//1689 1690//1690
f 1680//1680 1690//1690 1681//1681
f 1681//1681 1690//1690 1691//1691
f 1681//1681 1691//1691 1682//1682
f 1682//1682 1691//1691 1692//1692
f 1682//1682 1692//1692 1683//1683
f 1683//1683 1692//1692 1693//1693
f 1683//1683 1693//1693 1684//1684
f 1684//1684 1693//1693 1694//1694
f 1684//1684 1694//1694 1685//1685
f 1685//1685 1694//1694 1695//1695
f 1685//1685 1695//1695 1686//1686
f 1686//1686 1695//1695 1696//1696
f 1686//1686 1696//1696 1687//1687
f 1687//1687 1696//1696 1697//1697
f 1687//1687 1697//1697 1688//1688
f 1688//1688 1697//1697 1698//1698
f 1688//1688 1698//1698 1598//1598
f 1689//1689 1587//1587 1699//1699
f 1689//1689 1699//1699 1690//1690
f 1690//1690 1699//1699 1700//1700
f 1690//1690 1700//1700 1691//1691
f 1691//1691 1700//1700 1701//1701
f 1691//1691 1701//1701 1692//1692
f 1692//1692 1701//1701 1702//1702
f 1692//1692 1702//1702 1693//1693
f 1693//1693 1702//1702 1703//1703
f 1693//1693 1703//1703 1694//1694
f 1694//1694 1703//1703 1704//1704
f 1694//1694 1704//1704 1695//1695
f 1695//1695 1704//1704 1705//1705
f 1695//1695 1705//1705 1696//1696
f 1696//1696 1705//1705 1706//1706
f 1696//1696 1706//1706 1697//1697
f 1697//1697 1706//1706 1707//1707
f 1697//1697 1707//1707 1698//1698
f 1698//1698 1707//1707 1708//1708
f 1698//1698 1708//1708 1598//1598
f 1699//1699 1587//1587 1588//1588
f 1699//1699 1588//1588 1700//1700
f 1700//1700 1588//1588 1589//1589
f 1700//1700 1589//1589 1701//1701
f 1701//1701 1589//1589 1590//1590
f 1701//1701 1590//1590 1702//1702
f 1702//1702 1590//1590 1591//1591
f 1702//1702 1591//1591 1703//1703
f 1703//1703 1591//1591 1592//1592
f 1703//1703 1592//1592 1704//1704
f 1704//1704 1592//1592 1593//1593
f 1704//1704 1593//1593 1705//1705
f 1705//1705 1593//1593 1594//1594
f 1705//1705 1594//1594 1706//1706
f 1706//1706 1594//1594 1595//1595
f 1706//1706 1595//1595 1707//1707
f 1707//1707 1595//1595 1596//1596
f 1707//1707 1596//1596 1708//1708
f 1708//1708 1596//1596 1597//1597
f 1708//1708 1597//1597 1598//1598
f 1710//1710 1709//1709 1721//1721
f 1710//1710 1721//1721 1711//1711
f 1711//1711 1721//1721 1722//1722
f 1711//1711 1722//1722 1712//1712
f 1712//1712 1722//1722 1723//1723
f 1712//1712 1723//1723 1713//1713
f 1713//1713 1723//1723 1724//1724
f 1713//1713 1724//1724 1714//1714
f 1714//1714 1724//1724 1725//1725
f 1714//1714 1725//1725 1715//1715
f 1715//1715 1725//1725 1726//1726
f 1715//1715 1726//1726 1716//1716
f 1716//1716 1726//1726 1727//1727
f 1716//1716 1727//1727 1717//1717
f 1717//1717 1727//1727 1728//1728
f 1717//1717 1728//1728 1718//1718
f 1718//1718 1728//1728 1729//1729
f 1718//1718 1729//1729 1719//1719
f 1719//1719 1729//1729 1730//1730
f 1719//1719 1730//1730 1720//1720
f 1721//1721 1709//1709 1731//1731
f 1721//1721 1731//1731 1722//1722
f 1722//1722 1731//1731 1732//1732
f 1722//1722 1732//1732 1723//1723
f 1723//1723 1732//1732 1733//1733
f 1723//1723 1733//1733 1724//1724
f 1724//1724 1733//1733 1734//1734
f 1724//1724 1734//1734 1725//1725
f 1725//1725 1734//1734 1735//1735
f 1725//1725 1735//1735 1726//1726
f 1726//1726 1735//1735 1736//1736
f 1726//1726 1736//1736 1727//1727
f 1727//1727 1736//1736 1737//1737
f 1727//1727 1737//1737 1728//1728
f 1728//1728 1737//1737 1738//1738
f 1728//1728 1738//1738 1729//1729
f 1729//1729 1738//1738 1739//1739
f 1729//1729 1739//1739 1730//1730
f 1730//1730 1739//1739 1740//1740
f 1730//1730 1740//1740 1720//1720
f 1731//1731 1709//1709 1741//1741
f 1731//1731 1741//1741 1732//1732
f 1732//1732 1741//1741 1742//1742
f 1732//1732 1742//1742 1733//1733
f 1733//1733 1742//1742 1743//1743
f 1733//1733 1743//1743 1734//1734
f 1734//1734 1743//1743 1744//1744
f 1734//1734 1744//1744 1735//1735
f 1735//1735 1744//1744 1745//1745
f 1735//1735 1745//1745 1736//1736
f 1736//1736 1745//1745 1746//1746
f 1736//1736 1746//1746 1737//1737
f 1737//1737 1746//1746 1747//1747
f 1737//1737 1747//1747 1738//1738
f 1738//1738 1747//1747 1748//1748
f 1738//1738 1748//1748 1739//1739
f 1739//1739 1748//1748 1749//1749
f 1739//1739 1749//1749 1740//1740
f 1740//1740 1749//1749 1750//1750
f 1740//1740 1750//1750 1720//1720
f 1741//1741 1709//1709 1751//1751
f 1741//1741 1751//1751 1742//1742
f 1742//1742 1751//1751 1752//1752
f 1742//1742 1752//1752 1743//1743
f 1743//1743 1752//1752 1753//1753
f 1743//1743 1753//1753 1744//1744
f 1744//1744 1753//1753 1754//1754
f 1744//1744 1754//1754 1745//1745
f 1745//1745 1754//1754 1755//1755
f 1745//1745 1755//1755 1746//1746
f 1746//1746 1755//1755 1756//1756
f 1746//1746 1756//1756 1747//1747
f 1747//1747 1756//1756 1757//1757
f 1747//1747 1757//1757 1748//1748
f 1748//1748 1757//1757 1758//1758
f 1748//1748 1758//1758 1749//1749
f 1749//1749 1758//1758 1759//1759
f 1749//1749 1759//1759 1750//1750
f 1750//1750 1759//1759 1760//1760
f 1750//1750 1760//1760 1720//1720
f 1751//1751 1709//1709 1761//1761
f 1751//1751 1761//1761 1752//1752
f 1752//1752 1761//1761 1762//1762
f 1752//1752 1762//1762 1753//1753
f 1753//1753 1762//1762 1763//1763
f 1753//1753 1763//1763 1754//1754
f 1754//1754 1763//1763 1764//1764
f 1754//1754 1764//1764 1755//1755
f 1755//1755 1764//1764 1765//1765
f 1755//1755 1765//1765 1756//1756
f 1756//1756 1765//1765 1766//1766
f 1756//1756 1766//1766 1757//1757
f 1757//1757 1766//1766 1767//1767
f 1757//1757 1767//1767 1758//1758
f 1758//1758 1767//1767 1768//1768
f 1758//1758 1768//1768 1759//1759
f 1759//1759 1768//1768 1769//1769
f 1759//1759 1769//1769 1760//1760
f 1760//1760 1769//1769 1770//1770
f 1760//1760 1770//1770 1720//1720
f 1761//1761 1709//1709 1771//1771
f 1761//1761 1771//1771 1762//1762
f 1762//1762 1771//1771 1772//1772
f 1762//1762 1772//1772 1763//1763
f 1763//1763 1772//1772 1773//1773
f 1763//1763 1773//1773 1764//1764
f 1764//1764 1773//1773 1774//1774
f 1764//1764 1774//1774 1765//1765
f 1765//1765 1774//1774 1775//1775
f 1765//1765 1775//1775 1766//1766
f 1766//1766 1775//1775 1776//1776
f 1766//1766 1776//1776 1767//1767
f 1767//1767 1776//1776 1777//1777
f 1767//1767 1777//1777 1768//1768
f 1768//1768 1777//1777 1778//1778
f 1768//1768 1778//1778 1769//1769
f 1769//1769 1778//1778 1779//1779
f 1769//1769 1779//1779 1770//1770
f 1770//1770 1779//1779 1780//1780
f 1770//1770 1780//1780 1720//1720
f 1771//1771 1709//1709 1781//1781
f 1771//1771 1781//1781 1772//1772
f 1772//1772 1781//1781 1782//1782
f 1772//1772 1782//1782 1773//1773
f 1773//1773 1782//1782 1783//1783
f 1773//1773 1783//1783 1774//1774
f 1774//1774 1783//1783 1784//1784
f 1774//1774 1784//1784 1775//1775
f 1775//1775 1784//1784 1785//1785
f 1775//1775 1785//1785 1776//1776
f 1776//1776 1785//1785 1786//1786
f 1776//1776 1786//1786 1777//1777
f 1777//1777 1786//1786 1787//1787
f 1777//1777 1787//1787 1778//1778
f 1778//1778 1787//1787 1788//1788
f 1778//1778 1788//1788 1779//1779
f 1779//1779 1788//1788 1789//1789
f 1779//1779 1789//1789 1780//1780
f 1780//1780 1789//1789 1790//1790
f 1780//1780 1790//1790 1720//1720
f 1781//1781 1709//1709 1791//1791
f 1781//1781 1791//1791 1782//1782
f 1782//1782 1791//1791 1792//1792
f 1782//1782 1792//1792 1783//1783
f 1783//1783 1792//1792 1793//1793
f 1783//1783 1793//1793 1784//1784
f 1784//1784 1793//1793 1794//1794
f 1784//1784 1794//1794 1785//1785
f 1785//1785 1794//1794 1795//1795
f 1785//1785 1795//1795 1786//1786
f 1786//1786 1795//1795 1796//1796
f 1786//1786 1796//1796 1787//1787
f 1787//1787 1796//1796 1797//1797
f 1787//1787 1797//1797 1788//1788
f 1788//1788 1797//1797 1798//1798
f 1788//1788 1798//1798 1789//1789
f 1789//1789 1798//1798 1799//1799
f 1789//1789 1799//1799 1790//1790
f 1790//1790 1799//1799 1800//1800
f 1790//1790 1800//1800 1720//1720
f 1791//1791 1709//1709 1801//1801
f 1791//1791 1801//1801 1792//1792
f 1792//1792 1801//1801 1802//1802
f 1792//1792 1802//1802 1793//1793
f 1793//1793 1802//1802 1803//1803
f 1793//1793 1803//1803 1794//1794
f 1794//1794 1803//1803 1804//1804
f 1794//1794 1804//1804 1795//1795
f 1795//1795 1804//1804 1805//1805
f 1795//1795 1805//1805 1796//1796
f 1796//1796 1805//1805 1806//1806
f 1796//1796 1806//1806 1797//1797
f 1797//1797 1806//1806 1807//1807
f 1797//1797 1807//1807 1798//1798
f 1798//1798 1807//1807 1808//1808
f 1798//1798 1808//1808 1799//1799
f 1799//1799 1808//1808 1809//1809
f 1799//1799 1809//1809 1800//1800
f 1800//1800 1809//1809 1810//1810
f 1800//1800 1810//1810 1720//1720
f 1801//1801 1709//1709 1811//1811
f 1801//1801 1811//1811 1802//1802
f 1802//1802 1811//1811 1812//1812
f 1802//1802 1812//1812 1803//1803
f 1803//1803 1812//1812 1813//1813
f 1803//1803 1813//1813 1804//1804
f 1804//1804 1813//1813 1814//1814
f 1804//1804 1814//1814 1805//1805
f 1805//1805 1814//1814 1815//1815
f 1805//1805 1815//1815 1806//1806
f 1806//1806 1815//1815 1816//1816
f 1806//1806 1816//1816 1807//1807
f 1807//1807 1816//1816 1817//1817
f 1807//1807 1817//1817 1808//1808
f 1808//1808 1817//1817 1818//1818
f 1808//1808 1818//1818 1809//1809
f 1809//1809 1818//1818 1819//1819
f 1809//1809 1819//1819 1810//1810
f 1810//1810 1819//1819 1820//1820
f 1810//1810 1820//1820 1720//1720
f 1811//1811 1709//1709 1821//1821
f 1811//1811 1821//1821 1812//1812
f 1812//1812 1821//1821 1822//1822
f 1812//1812 1822//1822 1813//1813
f 1813//1813 1822//1822 1823//1823
f 1813//1813 1823//1823 1814//1814
f 1814//1814 1823//1823 1824//1824
f 1814//1814 1824//1824 1815//1815
f 1815//1815 1824//1824 1825//1825
f 1815//1815 1825//1825 1816//1816
f 1816//1816 1825//1825 1826//1826
f 1816//1816 1826//1826 1817//1817
f 1817//1817 1826//1826 1827//1827
f 1817//1817 1827//1827 1818//1818
f 1818//1818 1827//1827 1828//1828
f 1818//1818 1828//1828 1819//1819
f 1819//1819 1828//1828 1829//1829
f 1819//1819 1829//1829 1820//1820
f 1820//1820 1829//1829 1830//1830
f 1820//1820 1830//1830 1720//1720
f 1821//1821 1709//1709 1710//1710
f 1821//1821 1710//1710 1822//1822
f 1822//1822 1710//1710 1711//1711
f 1822//1822 1711//1711 1823//1823
f 1823//1823 1711//1711 1712//1712
f 1823//1823 1712//1712 1824//1824
f 1824//1824 1712//1712 1713//1713
f 1824//1824 1713//1713 1825//1825
f 1825//1825 1713//1713 1714//1714
f 1825//1825 1714//1714 1826//1826
f 1826//1826 1714//1714 1715//1715
f 1826//1826 1715//1715 1827//1827
f 1827//1827 1715//1715 1716//1716
f 1827//1827 1716//1716 1828//1828
f 1828//1828 1716//1716 1717//1717
f 1828//1828 1717//1717 1829//1829
f 1829//1829 1717//1717 1718//1718
f 1829//1829 1718//1718 1830//1830
f 1830//1830 1718//1718 1719//1719
f 1830//1830 1719//1719 1720//1720
f 1832//1832 1831//1831 1843//1843
f 1832//1832 1843//1843 1833//1833
f 1833//1833 1843//1843 1844//1844
f 1833//1833 1844//1844 1834//1834
f 1834//1834 1844//1844 1845//1845
f 1834//1834 1845//1845 1835//1835
f 1835//1835 1845//1845 1846//1846
f 1835//1835 1846//1846 1836//1836
f 1836//1836 1846//1846 1847//1847
f 1836//1836 1847//1847 1837//1837
f 1837//1837 1847//1847 1848//1848
f 1837//1837 1848//1848 1838//1838
f 1838//1838 1848//1848 1849//1849
f 1838//1838 1849//1849 1839//1839
f 1839//1839 1849//1849 1850//1850
f 1839//1839 1850//1850 1840//1840
f 1840//1840 1850//1850 1851//1851
f 1840//1840 1851//1851 1841//1841
f 1841//1841 1851//1851 1852//1852
f 1841//1841 1852//1852 1842//1842
f 1843//1843 1831//1831 1853//1853
f 1843//1843 1853//1853 1844//1844
f 1844//1844 1853//1853 1854//1854
f 1844//1844 1854//1854 1845//1845
f 1845//1845 1854//1854 1855//1855
f 1845//1845 1855//1855 1846//1846
f 1846//1846 1855//1855 1856//1856
f 1846//1846 1856//1856 1847//1847
f 1847//1847 1856//1856 1857//1857
f 1847//1847 1857//1857 1848//1848
f 1848//1848 1857//1857 1858//1858
f 1848//1848 1858//1858 1849//1849
f 1849//1849 1858//1858 1859//1859
f 1849//1849 1859//1859 1850//1850
f 1850//1850 1859//1859 1860//1860
f 1850//1850 1860//1860 1851//1851
f 1851//1851 1860//1860 1861//1861
f 1851//1851 1861//1861 1852//1852
f 1852//1852 1861//1861 1862//1862
f 1852//1852 1862//1862 1842//1842
f 1853//1853 1831//1831 1863//1863
f 1853//1853 1863//1863 1854//1854
f 1854//1854 1863//1863 1864//1864
f 1854//1854 1864//1864 1855//1855
f 1855//1855 1864//1864 1865//1865
f 1855//1855 1865//1865 1856//1856
f 1856//1856 1865//1865 1866//1866
f 1856//1856 1866//1866 1857//1857
f 1857//1857 1866//1866 1867//1867
f 1857//1857 1867//1867 1858//1858
f 1858//1858 1867//1867 1868//1868
f 1858//1858 1868//1868 1859//1859
f 1859//1859 1868//1868 1869//1869
f 1859//1859 1869//1869 1860//1860
f 1860//1860 1869//1869 1870//1870
f 1860//1860 1870//1870 1861//1861
f 1861//1861 1870//1870 1871//1871
f 1861//1861 1871//1871 1862//1862
f 1862//1862 1871//1871 1872//1872
f 1862//1862 1872//1872 1842//1842
f 1863//1863 1831//1831 1873//1873
f 1863//1863 1873//1873 1864//1864
f 1864//1864 1873//1873 1874//1874
f 1864//1864 1874//1874 1865//1865
f 1865//1865 1874//1874 1875//1875
f 1865//1865 1875//1875 1866//1866
f 1866//1866 1875//1875 1876//1876
f 1866//1866 1876//1876 1867//1867
f 1867//1867 1876//1876 1877//1877
f 1867//1867 1877//1877 1868//1868
f 1868//1868 1877//1877 1878//1878
f 1868//1868 1878//1878 1869//1869
f 1869//1869 1878//1878 1879//1879
f 1869//1869 1879//1879 1870//1870
f 1870//1870 1879//1879 1880//1880
f 1870//1870 1880//1880 1871//1871
f 1871//1871 1880//1880 1881//1881
f 1871//1871 1881//1881 1872//1872
f 1872//1872 1881//1881 1882//1882
f 1872//1872 1882//1882 1842//1842
f 1873//1873 1831//1831 1883//1883
f 1873//1873 1883//1883 1874//1874
f 1874//1874 1883//1883 1884//1884
f 1874//1874 1884//1884 1875//1875
f 1875//1875 1884//1884 1885//1885
f 1875//1875 1885//1885 1876//1876
f 1876//1876 1885//1885 1886//1886
f 1876//1876 1886//1886 1877//1877
f 1877//1877 1886//1886 1887//1887
f 1877//1877 1887//1887 1878//1878
f 1878//1878 1887//1887 1888//1888
f 1878//1878 1888//1888 1879//1879
f 1879//1879 1888//1888 1889//1889
f 1879//1879 1889//1889 1880//1880
f 1880//1880 1889//1889 1890//1890
f 1880//1880 1890//1890 1881//1881
f 1881//1881 1890//1890 1891//1891
f 1881//1881 1891//1891 1882//1882
f 1882//1882 1891//1891 1892//1892
f 1882//1882 1892//1892 1842//1842
f 1883//1883 1831//1831 1893//1893
f 1883//1883 1893//1893 1884//1884
f 1884//1884 1893//1893 1894//1894
f 1884//1884 1894//1894 1885//1885
f 1885//1885 1894//1894 1895//1895
f 1885//1885 1895//1895 1886//1886
f 1886//1886 1895//1895 1896//1896
f 1886//1886 1896//1896 1887//1887
f 1887//1887 1896//1896 1897//1897
f 1887//1887 1897//1897 1888//1888
f 1888//1888 1897//1897 1898//1898
f 1888//1888 1898//1898 1889//1889
f 1889//1889 1898//1898 1899//1899
f 1889//1889 1899//1899 1890//1890
f 1890//1890 1899//1899 1900//1900
f 1890//1890 1900//1900 1891//1891
f 1891//1891 1900//1900 1901//1901
f 1891//1891 1901//1901 1892//1892
f 1892//1892 1901//1901 1902//1902
f 1892//1892 1902//1902 1842//1842
f 1893//1893 1831//1831 1903//1903
f 1893//1893 1903//1903 1894//1894
f 1894//1894 1903//1903 1904//1904
f 1894//1894 1904//1904 1895//1895
f 1895//1895 1904//1904 1905//1905
f 1895//1895 1905//1905 1896//1896
f 1896//1896 1905//1905 1906//1906
f 1896//1896 1906//1906 1897//1897
f 1897//1897 1906//1906 1907//1907
f 1897//1897 1907//1907 1898//1898
f 1898//1898 1907//1907 1908//1908
f 1898//1898 1908//1908 1899//1899
f 1899//1899 1908//1908 1909//1909
f 1899//1899 1909//1909 1900//1900
f 1900//1900 1909//1909 1910//1910
f 1900//1900 1910//1910 1901//1901
f 1901//1901 1910//1910 1911//1911
f 1901//1901 1911//1911 1902//1902
f 1902//1902 1911//1911 1912//1912
f 1902//1902 1912//1912 1842//1842
f 1903//1903 1831//1831 1913//1913
f 1903//1903 1913//1913 1904//1904
f 1904//1904 1913//1913 1914//1914
f 1904//1904 1914//1914 1905//1905
f 1905//1905 1914//1914 1915//1915
f 1905//1905 1915//1915 1906//1906
f 1906//1906 1915//1915 1916//1916
f 1906//1906 1916//1916 1907//1907
f 1907//1907 1916//1916 1917//1917
f 1907//1907 1917//1917 1908//1908
f 1908//1908 1917//1917 1918//1918
f 1908//1908 1918//1918 1909//1909
f 1909//1909 1918//1918 1919//1919
f 1909//1909 1919//1919 1910//1910
f 1910//1910 1919//1919 1920//1920
f 1910//1910 1920//1920 1911//1911
f 1911//1911 1920//1920 1921//1921
f 1911//1911 1921//1921 1912//1912
f 1912//1912 1921//1921 1922//1922
f 1912//1912 1922//1922 1842//1842
f 1913//1913 1831//1831 1923//1923
f 1913//1913 1923//1923 1914//1914
f 1914//1914 1923//1923 1924//1924
f 1914//1914 1924//1924 1915//1915
f 1915//1915 1924//1924 1925//1925
f 1915//1915 1925//1925 1916//1916
f 1916//1916 1925//1925 1926//1926
f 1916//1916 1926//1926 1917//1917
f 1917//1917 1926//1926 1927//1927
f 1917//1917 1927//1927 1918//1918
f 1918//1918 1927//1927 1928//1928
f 1918//1918 1928//1928 1919//1919
f 1919//1919 1928//1928 1929//1929
f 1919//1919 1929//1929 1920//1920
f 1920//1920 1929//1929 1930//1930
f 1920//1920 1930//1930 1921//1921
f 1921//1921 1930//1930 1931//1931
f 1921//1921 1931//1931 1922//1922
f 1922//1922 1931//1931 1932//1932
f 1922//1922 1932//1932 1842//1842
f 1923//1923 1831//1831 1933//1933
f 1923//1923 1933//1933 1924//1924
f 1924//1924 1933//1933 1934//1934
f 1924//1924 1934//1934 1925//1925
f 1925//1925 1934//1934 1935//1935
f 1925//1925 1935//1935 1926//1926
f 1926//1926 1935//1935 1936//1936
f 1926//1926 1936//1936 1927//1927
f 1927//1927 1936//1936 1937//1937
f 1927//1927 1937//1937 1928//1928
f 1928//1928 1937//1937 1938//1938
f 1928//1928 1938//1938 1929//1929
f 1929//1929 1938//1938 1939//1939
f 1929//1929 1939//1939 1930//1930
f 1930//1930 1939//1939 1940//1940
f 1930//1930 1940//1940 1931//1931
f 1931//1931 1940//1940 1941//1941
f 1931//1931 1941//1941 1932//1932
f 1932//1932 1941//1941 1942//1942
f 1932//1932 1942//1942 1842//1842
f 1933//1933 1831//1831 1943//1943
f 1933//1933 1943//1943 1934//1934
f 1934//1934 1943//1943 1944//1944
f 1934//1934 1944//1944 1935//1935
f 1935//1935 1944//1944 1945//1945
f 1935//1935 1945//1945 1936//1936
f 1936//1936 1945//1945 1946//1946
f 1936//1936 1946//1946 1937//1937
f 1937//1937 1946//1946 1947//1947
f 1937//1937 1947//1947 1938//1938
f 1938//1938 1947//1947 1948//1948
f 1938//1938 1948//1948 1939//1939
f 1939//1939 1948//1948 1949//1949
f 1939//1939 1949//1949 1940//1940
f 1940//1940 1949//1949 1950//1950
f 1940//1940 1950//1950 1941//1941
f 1941//1941 1950//1950 1951//1951
f 1941//1941 1951//1951 1942//1942
f 1942//1942 1951//1951 1952//1952
f 1942//1942 1952//1952 1842//1842
f 1943//1943 1831//1831 1832//1832
f 1943//1943 1832//1832 1944//1944
f 1944//1944 1832//1832 1833//1833
f 1944//1944 1833//1833 1945//1945
f 1945//1945 1833//1833 1834//1834
f 1945//1945 1834//1834 1946//1946
f 1946//1946 1834//1834 1835//1835
f 1946//1946 1835//1835 1947//1947
f 1947//1947 1835//1835 1836//1836
f 1947//1947 1836//1836 1948//1948
f 1948//1948 1836//1836 1837//1837
f 1948//1948 1837//1837 1949//1949
f 1949//1949 1837//1837 1838//1838
f 1949//1949 1838//1838 1950//1950
f 1950//1950 1838//1838 1839//1839
f 1950//1950 1839//1839 1951//1951
f 1951//1951 1839//1839 1840//1840
f 1951//1951 1840//1840 1952//1952
f 1952//1952 1840//1840 1841//1841
f 1952//1952 1841//1841 1842//1842
f 1954//1954 1953//1953 1965//1965
f 1954//1954 1965//1965 1955//1955
f 1955//1955 1965//1965 1966//1966
f 1955//1955 1966//1966 1956//1956
f 1956//1956 1966//1966 1967//1967
f 1956//1956 1967//1967 1957//1957
f 1957//1957 1967//1967 1968//1968
f 1957//1957 1968//1968 1958//1958
f 1958//1958 1968//1968 1969//1969
f 1958//1958 1969//1969 1959//1959
f 1959//1959 1969//1969 1970//1970
f 1959//1959 1970//1970 1960//1960
f 1960//1960 1970//1970 1971//1971
f 1960//1960 1971//1971 1961//1961
f 1961//1961 1971//1971 1972//1972
f 1961//1961 1972//1972 1962//1962
f 1962//1962 1972//1972 1973//1973
f 1962//1962 1973//1973 1963//1963
f 1963//1963 1973//1973 1974//1974
f 1963//1963 1974//1974 1964//1964
f 1965//1965 1953//1953 1975//1975
f 1965//1965 1975//1975 1966//1966
f 1966//1966 1975//1975 1976//1976
f 1966//1966 1976//1976 1967//1967
f 1967//1967 1976//1976 1977//1977
f 1967//1967 1977//1977 1968//1968
f 1968//1968 1977//1977 1978//1978
f 1968//1968 1978//1978 1969//1969
f 1969//1969 1978//1978 1979//1979
f 1969//1969 1979//1979 1970//1970
f 1970//1970 1979//1979 1980//1980
f 1970//1970 1980//1980 1971//1971
f 1971//1971 1980//1980 1981//1981
f 1971//1971 1981//1981 1972//1972
f 1972//1972 1981//1981 1982//1982
f 1972//1972 1982//1982 1973//1973
f 1973//1973 1982//1982 1983//1983
f 1973//1973 1983//1983 1974//1974
f 1974//1974 1983//1983 1984//1984
f 1974//1974 1984//1984 1964//1964
f 1975//1975 1953//1953 1985//1985
f 1975//1975 1985//1985 1976//1976
f 1976//1976 1985//1985 1986//1986
f 1976//1976 1986//1986 1977//1977
f 1977//1977 1986//1986 1987//1987
f 1977//1977 1987//1987 1978//1978
f 1978//1978 1987//1987 1988//1988
f 1978//1978 1988//1988 1979//1979
f 1979//1979 1988//1988 1989//1989
f 1979//1979 1989//1989 1980//1980
f 1980//1980 1989//1989 1990//1990
f 1980//1980 1990//1990 1981//1981
f 1981//1981 1990//1990 1991//1991
f 1981//1981 1991//1991 1982//1982
f 1982//1982 1991//1991 1992//1992
f 1982//1982 1992//1992 1983//1983
f 1983//1983 1992//1992 1993//1993
f 1983//1983 1993//1993 1984//1984
f 1984//1984 1993//1993 1994//1994
f 1984//1984 1994//1994 1964//1964
f 1985//1985 1953//1953 1995//1995
f 1985//1985 1995//1995 1986//1986
f 1986//1986 1995//1995 1996//1996
f 1986//1986 1996//1996 1987//1987
f 1987//1987 1996//1996 1997//1997
f 1987//1987 1997//1997 1988//1988
f 1988//1988 1997//1997 1998//1998
f 1988//1988 1998//1998 1989//1989
f 1989//1989 1998//1998 1999//1999
f 1989//1989 1999//1999 1990//1990
f 1990//1990 1999//1999 2000//2000
f 1990//1990 2000//2000 1991//1991
f 1991//1991 2000//2000 2001//2001
f 1991//1991 2001//2001 1992//1992
f 1992//1992 2001//2001 2002//2002
f 1992//1992 2002//2002 1993//1993
f 1993//1993 2002//2002 2003//2003
f 1993//1993 2003//2003 1994//1994
f 1994//1994 2003//2003 2004//2004
f 1994//1994 2004//2004 1964//1964
f 1995//1995 1953//1953 2005//2005
f 1995//1995 2005//2005 1996//1996
f 1996//1996 2005//2005 2006//2006
f 1996//1996 2006//2006 1997//1997
f 1997//1997 2006//2006 2007//2007
f 1997//1997 2007//2007 1998//1998
f 1998//1998 2007//2007 2008//2008
f 1998//1998 2008//2008 1999//1999
f 1999//1999 2008//2008 2009//2009
f 1999//1999 2009//2009 2000//2000
f 2000//2000 2009//2009 2010//2010
f 2000//2000 2010//2010 2001//2001
f 2001//2001 2010//2010 2011//2011
f 2001//2001 2011//2011 2002//2002
f 2002//2002 2011//2011 2012//2012
f 2002//2002 2012//2012 2003//2003
f 2003//2003 2012//2012 2013//2013
f 2003//2003 2013//2013 2004//2004
f 2004//2004 2013//2013 2014//2014
f 2004//2004 2014//2014 1964//1964
f 2005//2005 1953//1953 2015//2015
f 2005//2005 2015//2015 2006//2006
f 2006//2006 2015//2015 2016//2016
f 2006//2006 2016//2016 2007//2007
f 2007//2007 2016//2016 2017//2017
f 2007//2007 2017//2017 2008//2008
f 2008//2008 2017//2017 2018//2018
f 2008//2008 2018//2018 2009//2009
f 2009//2009 2018//2018 2019//2019
f 2009//2009 2019//2019 2010//2010
f 2010//2010 2019//2019 2020//2020
f 2010//2010 2020//2020 2011//2011
f 2011//2011 2020//2020 2021//2021
f 2011//2011 2021//2021 2012//2012
f 2012//2012 2021//2021 2022//2022
f 2012//2012 2022//2022 2013//2013
f 2013//2013 2022//2022 2023//2023
f 2013//2013 2023//2023 2014//2014
f 2014//2014 2023//2023 2024//2024
f 2014//2014 2024//2024 1964//1964
f 2015//2015 1953//1953 2025//2025
f 2015//2015 2025//2025 2016//2016
f 2016//2016 2025//2025 2026//2026
f 2016//2016 2026//2026 2017//2017
f 2017//2017 2026//2026 2027//2027
f 2017//2017 2027//2027 2018//2018
f 2018//2018 2027//2027 2028//2028
f 2018//2018 2028//2028 2019//2019
f 2019//2019 2028//2028 2029//2029
f 2019//2019 2029//2029 2020//2020
f 2020//2020 2029//2029 2030//2030
f 2020//2020 2030//2030 2021//2021
f 2021//2021 2030//2030 2031//2031
f 2021//2021 2031//2031 2022//2022
f 2022//2022 2031//2031 2032//2032
f 2022//2022 2032//2032 2023//2023
f 2023//2023 2032//2032 2033//2033
f 2023//2023 2033//2033 2024//2024
f 2024//2024 2033//2033 2034//2034
f 2024//2024 2034//2034 1964//1964
f 2025//2025 1953//1953 2035//2035
f 2025//2025 2035//2035 2026//2026
f 2026//2026 2035//2035 2036//2036
f 2026//2026 2036//2036 2027//2027
f 2027//2027 2036//2036 2037//2037
f 2027//2027 2037//2037 2028//2028
f 2028//2028 2037//2037 2038//2038
f 2028//2028 2038//2038 2029//2029
f 2029//2029 2038//2038 2039//2039
f 2029//2029 2039//2039 2030//2030
f 2030//2030 2039//2039 2040//2040
f 2030//2030 2040//2040 2031//2031
f 2031//2031 2040//2040 2041//2041
f 2031//2031 2041//2041 2032//2032
f 2032//2032 2041//2041 2042//2042
f 2032//2032 2042//2042 2033//2033
f 2033//2033 2042//2042 2043//2043
f 2033//2033 2043//2043 2034//2034
f 2034//2034 2043//2043 2044//2044
f 2034//2034 2044//2044 1964//1964
f 2035//2035 1953//1953 2045//2045
f 2035//2035 2045//2045 2036//2036
f 2036//2036 2045//2045 2046//2046
f 2036//2036 2046//2046 2037//2037
f 2037//2037 2046//2046 2047//2047
f 2037//2037 2047//2047 2038//2038
f 2038//2038 2047//2047 2048//2048
f 2038//2038 2048//2048 2039//2039
f 2039//2039 2048//2048 2049//2049
f 2039//2039 2049//2049 2040//2040
f 2040//2040 2049//2049 2050//2050
f 2040//2040 2050//2050 2041//2041
f 2041//2041 2050//2050 2051//2051
f 2041//2041 2051//2051 2042//2042
f 2042//2042 2051//2051 2052//2052
f 2042//2042 2052//2052 2043//2043
f 2043//2043 2052//2052 2053//2053
f 2043//2043 2053//2053 2044//2044
f 2044//2044 2053//2053 2054//2054
f 2044//2044 2054//2054 1964//1964
f 2045//2045 1953//1953 2055//2055
f 2045//2045 2055//2055 2046//2046
f 2046//2046 2055//2055 2056//2056
f 2046//2046 2056//2056 2047//2047
f 2047//2047 2056//2056 2057//2057
f 2047//2047 2057//2057 2048//2048
f 2048//2048 2057//2057 2058//2058
f 2048//2048 2058//2058 2049//2049
f 2049//2049 2058//2058 2059//2059
f 2049//2049 2059//2059 2050//2050
f 2050//2050 2059//2059 2060//2060
f 2050//2050 2060//2060 2051//2051
f 2051//2051 2060//2060 2061//2061
f 2051//2051 2061//2061 2052//2052
f 2052//2052 2061//2061 2062//2062
f 2052//2052 2062//2062 2053//2053
f 2053//2053 2062//2062 2063//2063
f 2053//2053 2063//2063 2054//2054
f 2054//2054 2063//2063 2064//2064
f 2054//2054 2064//2064 1964//1964
f 2055//2055 1953//1953 2065//2065
f 2055//2055 2065//2065 2056//2056
f 2056//2056 2065//2065 2066//2066
f 2056//2056 2066//2066 2057//2057
f 2057//2057 2066//2066 2067//2067
f 2057//2057 2067//2067 2058//2058
f 2058//2058 2067//2067 2068//2068
f 2058//2058 2068//2068 2059//2059
f 2059//2059 2068//2068 2069//2069
f 2059//2059 2069//2069 2060//2060
f 2060//2060 2069//2069 2070//2070
f 2060//2060 2070//2070 2061//2061
f 2061//2061 2070//2070 2071//2071
f 2061//2061 2071//2071 2062//2062
f 2062//2062 2071//2071 2072//2072
f 2062//2062 2072//2072 2063//2063
f 2063//2063 2072//2072 2073//2073
f 2063//2063 2073//2073 2064//2064
f 2064//2064 2073//2073 2074//2074
f 2064//2064 2074//2074 1964//1964
f 2065//2065 1953//1953 1954//1954
f 2065//2065 1954//1954 2066//2066
f 2066//2066 1954//1954 1955//1955
f 2066//2066 1955//1955 2067//2067
f 2067//2067 1955//1955 1956//1956
f 2067//2067 1956//1956 2068//2068
f 2068//2068 1956//1956 1957//1957
f 2068//2068 1957//1957 2069//2069
f 2069//2069 1957//1957 1958//1958
f 2069//2069 1958//1958 2070//2070
f 2070//2070 1958//1958 1959//1959
f 2070//2070 1959//1959 2071//2071
f 2071//2071 1959//1959 1960//1960
f 2071//2071 1960//1960 2072//2072
f 2072//2072 1960//1960 1961//1961
f 2072//2072 1961//1961 2073//2073
f 2073//2073 1961//1961 1962//1962
f 2073//2073 1962//1962 2074//2074
f 2074//2074 1962//1962 1963//1963
f 2074//2074 1963//1963 1964//1964
f 2076//2076 2075//2075 2087//2087
f 2076//2076 2087//2087 2077//2077
f 2077//2077 2087//2087 2088//2088
f 2077//2077 2088//2088 2078//2078
f 2078//2078 2088//2088 2089//2089
f 2078//2078 2089//2089 2079//2079
f 2079//2079 2089//2089 2090//2090
f 2079//2079 2090//2090 2080//2080
f 2080//2080 2090//2090 2091//2091
f 2080//2080 2091//2091 2081//2081
f 2081//2081 2091//2091 2092//2092
f 2081//2081 2092//2092 2082//2082
f 2082//2082 2092//2092 2093//2093
f 2082//2082 2093//2093 2083//2083
f 2083//2083 2093//2093 2094//2094
f 2083//2083 2094//2094 2084//2084
f 2084//2084 2094//2094 2095//2095
f 2084//2084 2095//2095 2085//2085
f 2085//2085 2095//2095 2096//2096
f 2085//2085 2096//2096 2086//2086
f 2087//2087 2075//2075 2097//2097
f 2087//2087 2097//2097 2088//2088
f 2088//2088 2097//2097 2098//2098
f 2088//2088 2098//2098 2089//2089
f 2089//2089 2098//2098 2099//2099
f 2089//2089 2099//2099 2090//2090
f 2090//2090 2099//2099 2100//2100
f 2090//2090 2100//2100 2091//2091
f 2091//2091 2100//2100 2101//2101
f 2091//2091 2101//2101 2092//2092
f 2092//2092 2101//2101 2102//2102
f 2092//2092 2102//2102 2093//2093
f 2093//2093 2102//2102 2103//2103
f 2093//2093 2103//2103 2094//2094
f 2094//2094 2103//2103 2104//2104
f 2094//2094 2104//2104 2095//2095
f 2095//2095 2104//2104 2105//2105
f 2095//2095 2105//2105 2096//2096
f 2096//2096 2105//2105 2106//2106
f 2096//2096 2106//2106 2086//2086
f 2097//2097 2075//2075 2107//2107
f 2097//2097 2107//2107 2098//2098
f 2098//2098 2107//2107 2108//2108
f 2098//2098 2108//2108 2099//2099
f 2099//2099 2108//2108 2109//2109
f 2099//2099 2109//2109 2100//2100
f 2100//2100 2109//2109 2110//2110
f 2100//2100 2110//2110 2101//2101
f 2101//2101 2110//2110 2111//2111
f 2101//2101 2111//2111 2102//2102
f 2102//2102 2111//2111 2112//2112
f 2102//2102 2112//2112 2103//2103
f 2103//2103 2112//2112 2113//2113
f 2103//2103 2113//2113 2104//2104
f 2104//2104 2113//2113 2114//2114
f 2104//2104 2114//2114 2105//2105
f 2105//2105 2114//2114 2115//2115
f 2105//2105 2115//2115 2106//2106
f 2106//2106 2115//2115 2116//2116
f 2106//2106 2116//2116 2086//2086
f 2107//2107 2075//2075 2117//2117
f 2107//2107 2117//2117 2108//2108
f 2108//2108 2117//2117 2118//2118
f 2108//2108 2118//2118 2109//2109
f 2109//2109 2118//2118 2119//2119
f 2109//2109 2119//2119 2110//2110
f 2110//2110 2119//2119 2120//2120
f 2110//2110 2120//2120 2111//2111
f 2111//2111 2120//2120 2121//2121
f 2111//2111 2121//2121 2112//2112
f 2112//2112 2121//2121 2122//2122
f 2112//2112 2122//2122 2113//2113
f 2113//2113 2122//2122 2123//2123
f 2113//2113 2123//2123 2114//2114
f 2114//2114 2123//2123 2124//2124
f 2114//2114 2124//2124 2115//2115
f 2115//2115 2124//2124 2125//2125
f 2115//2115 2125//2125 2116//2116
f 2116//2116 2125//2125 2126//2126
f 2116//2116 2126//2126 2086//2086
f 2117//2117 2075//2075 2127//2127
f 2117//2117 2127//2127 2118//2118
f 2118//2118 2127//2127 2128//2128
f 2118//2118 2128//2128 2119//2119
f 2119//2119 2128//2128 2129//2129
f 2119//2119 2129//2129 2120//2120
f 2120//2120 2129//2129 2130//2130
f 2120//2120 2130//2130 2121//2121
f 2121//2121 2130//2130 2131//2131
f 2121//2121 2131//2131 2122//2122
f 2122//2122 2131//2131 2132//2132
f 2122//2122 2132//2132 2123//2123
f 2123//2123 2132//2132 2133//2133
f 2123//2123 2133//2133 2124//2124
f 2124//2124 2133//2133 2134//2134
f 2124//2124 2134//2134 2125//2125
f 2125//2125 2134//2134 2135//2135
f 2125//2125 2135//2135 2126//2126
f 2126//2126 2135//2135 2136//2136
f 2126//2126 2136//2136 2086//2086
f 2127//2127 2075//2075 2137//2137
f 2127//2127 2137//2137 2128//2128
f 2128//2128 2137//2137 2138//2138
f 2128//2128 2138//2138 2129//2129
f 2129//2129 2138//2138 2139//2139
f 2129//2129 2139//2139 2130//2130
f 2130//2130 2139//2139 2140//2140
f 2130//2130 2140//2140 2131//2131
f 2131//2131 2140//2140 2141//2141
f 2131//2131 2141//2141 2132//2132
f 2132//2132 2141//2141 2142//2142
f 2132//2132 2142//2142 2133//2133
f 2133//2133 2142//2142 2143//2143
f 2133//2133 2143//2143 2134//2134
f 2134//2134 2143//2143 2144//2144
f 2134//2134 2144//2144 2135//2135
f 2135//2135 2144//2144 2145//2145
f 2135//2135 2145//2145 2136//2136
f 2136//2136 2145//2145 2146//2146
f 2136//2136 2146//2146 2086//2086
f 2137//2137 2075//2075 2147//2147
f 2137//2137 2147//2147 2138//2138
f 2138//2138 2147//2147 2148//2148
f 2138//2138 2148//2148 2139//2139
f 2139//2139 2148//2148 2149//2149
f 2139//2139 2149//2149 2140//2140
f 2140//2140 2149//2149 2150//2150
f 2140//2140 2150//2150 2141//2141
f 2141//2141 2150//2150 2151//2151
f 2141//2141 2151//2151 2142//2142
f 2142//2142 2151//2151 2152//2152
f 2142//2142 2152//2152 2143//2143
f 2143//2143 2152//2152 2153//2153
f 2143//2143 2153//2153 2144//2144
f 2144//2144 2153//2153 2154//2154
f 2144//2144 2154//2154 2145//2145
f 2145//2145 2154//2154 2155//2155
f 2145//2145 2155//2155 2146//2146
f 2146//2146 2155//2155 2156//2156
f 2146//2146 2156//2156 2086//2086
f 2147//2147 2075//2075 2157//2157
f 2147//2147 2157//2157 2148//2148
f 2148//2148 2157//2157 2158//2158
f 2148//2148 2158//2158 2149//2149
f 2149//2149 2158//2158 2159//2159
f 2149//2149 2159//2159 2150//2150
f 2150//2150 2159//2159 2160//2160
f 2150//2150 2160//2160 2151//2151
f 2151//2151 2160//2160 2161//2161
f 2151//2151 2161//2161 2152//2152
f 2152//2152 2161//2161 2162//2162
f 2152//2152 2162//2162 2153//2153
f 2153//2153 2162//2162 2163//2163
f 2153//2153 2163//2163 2154//2154
f 2154//2154 2163//2163 2164//2164
f 2154//2154 2164//2164 2155//2155
f 2155//2155 2164//2164 2165//2165
f 2155//2155 2165//2165 2156//2156
f 2156//2156 2165//2165 2166//2166
f 2156//2156 2166//2166 2086//2086
f 2157//2157 2075//2075 2167//2167
f 2157//2157 2167//2167 2158//2158
f 2158//2158 2167//2167 2168//2168
f 2158//2158 2168//2168 2159//2159
f 2159//2159 2168//2168 2169//2169
f 2159//2159 2169//2169 2160//2160
f 2160//2160 2169//2169 2170//2170
f 2160//2160 2170//2170 2161//2161
f 2161//2161 2170//2170 2171//2171
f 2161//2161 2171//2171 2162//2162
f 2162//2162 2171//2171 2172//2172
f 2162//2162 2172//2172 2163//2163
f 2163//2163 2172//2172 2173//2173
f 2163//2163 2173//2173 2164//2164
f 2164//2164 2173//2173 2174//2174
f 2164//2164 2174//2174 2165//2165
f 2165//2165 2174//2174 2175//2175
f 2165//2165 2175//2175 2166//2166
f 2166//2166 2175//2175 2176//2176
f 2166//2166 2176//2176 2086//2086
f 2167//2167 2075//2075 2177//2177
f 2167//2167 2177//2177 2168//2168
f 2168//2168 2177//2177 2178//2178
f 2168//2168 2178//2178 2169//2169
f 2169//2169 2178//2178 2179//2179
f 2169//2169 2179//2179 2170//2170
f 2170//2170 2179//2179 2180//2180
f 2170//2170 2180//2180 2171//2171
f 2171//2171 2180//2180 2181//2181
f 2171//2171 2181//2181 2172//2172
f 2172//2172 2181//2181 2182//2182
f 2172//2172 2182//2182 2173//2173
f 2173//2173 2182//2182 2183//2183
f 2173//2173 2183//2183 2174//2174
f 2174//2174 2183//2183 2184//2184
f 2174//2174 2184//2184 2175//2175
f 2175//2175 2184//2184 2185//2185
f 2175//2175 2185//2185 2176//2176
f 2176//2176 2185//2185 2186//2186
f 2176//2176 2186//2186 2086//2086
f 2177//2177 2075//2075 2187//2187
f 2177//2177 2187//2187 2178//2178
f 2178//2178 2187//2187 2188//2188
f 2178//2178 2188//2188 2179//2179
f 2179//2179 2188//2188 2189//2189
f 2179//2179 2189//2189 2180//2180
f 2180//2180 2189//2189 2190//2190
f 2180//2180 2190//2190 2181//2181
f 2181//2181 2190//2190 2191//2191
f 2181//2181 2191//2191 2182//2182
f 2182//2182 2191//2191 2192//2192
f 2182//2182 2192//2192 2183//2183
f 2183//2183 2192//2192 2193//2193
f 2183//2183 2193//2193 2184//2184
f 2184//2184 2193//2193 2194//2194
f 2184//2184 2194//2194 2185//2185
f 2185//2185 2194//2194 2195//2195
f 2185//2185 2195//2195 2186//2186
f 2186//2186 2195//2195 2196//2196
f 2186//2186 2196//2196 2086//2086
f 2187//2187 2075//2075 2076//2076
f 2187//2187 2076//2076 2188//2188
f 2188//2188 2076//2076 2077//2077
f 2188//2188 2077//2077 2189//2189
f 2189//2189 2077//2077 2078//2078
f 2189//2189 2078//2078 2190//2190
f 2190//2190 2078//2078 2079//2079
f 2190//2190 2079//2079 2191//2191
f 2191//2191 2079//2079 2080//2080
f 2191//2191 2080//2080 2192//2192
f 2192//2192 2080//2080 2081//2081
f 2192//2192 2081//2081 2193//2193
f 2193//2193 2081//2081 2082//2082
f 2193//2193 2082//2082 2194//2194
f 2194//2194 2082//2082 2083//2083
f 2194//2194 2083//2083 2195//2195
f 2195//2195 2083//2083 2084//2084
f 2195//2195 2084//2084 2196//2196
f 2196//2196 2084//2084 2085//2085
f 2196//2196 2085//2085 2086//2086
f 2198//2198 2197//2197 2209//2209
f 2198//2198 2209//2209 2199//2199
f 2199//2199 2209//2209 2210//2210
f 2199//2199 2210//2210 2200//2200
f 2200//2200 2210//2210 2211//2211
f 2200//2200 2211//2211 2201//2201
f 2201//2201 2211//2211 2212//2212
f 2201//2201 2212//2212 2202//2202
f 2202//2202 2212//2212 2213//2213
f 2202//2202 2213//2213 2203//2203
f 2203//2203 2213//2213 2214//2214
f 2203//2203 2214//2214 2204//2204
f 2204//2204 2214//2214 2215//2215
f 2204//2204 2215//2215 2205//2205
f 2205//2205 2215//2215 2216//2216
f 2205//2205 2216//2216 2206//2206
f 2206//2206 2216//2216 2217//2217
f 2206//2206 2217//2217 2207//2207
f 2207//2207 2217//2217 2218//2218
f 2207//2207 2218//2218 2208//2208
f 2209//2209 2197//2197 2219//2219
f 2209//2209 2219//2219 2210//2210
f 2210//2210 2219//2219 2220//2220
f 2210//2210 2220//2220 2211//2211
f 2211//2211 2220//2220 2221//2221
f 2211//2211 2221//2221 2212//2212
f 2212//2212 2221//2221 2222//2222
f 2212//2212 2222//2222 2213//2213
f 2213//2213 2222//2222 2223//2223
f 2213//2213 2223//2223 2214//2214
f 2214//2214 2223//2223 2224//2224
f 2214//2214 2224//2224 2215//2215
f 2215//2215 2224//2224 2225//2225
f 2215//2215 2225//2225 2216//2216
f 2216//2216 2225//2225 2226//2226
f 2216//2216 2226//2226 2217//2217
f 2217//2217 2226//2226 2227//2227
f 2217//2217 2227//2227 2218//2218
f 2218//2218 2227//2227 2228//2228
f 2218//2218 2228//2228 2208//2208
f 2219//2219 2197//2197 2229//2229
f 2219//2219 2229//2229 2220//2220
f 2220//2220 2229//2229 2230//2230
f 2220//2220 2230//2230 2221//2221
f 2221//2221 2230//2230 2231//2231
f 2221//2221 2231//2231 2222//2222
f 2222//2222 2231//2231 2232//2232
f 2222//2222 2232//2232 2223//2223
f 2223//2223 2232//2232 2233//2233
f 2223//2223 2233//2233 2224//2224
f 2224//2224 2233//2233 2234//2234
f 2224//2224 2234//2234 2225//2225
f 2225//2225 2234//2234 2235//2235
f 2225//2225 2235//2235 2226//2226
f 2226//2226 2235//2235 2236//2236
f 2226//2226 2236//2236 2227//2227
f 2227//2227 2236//2236 2237//2237
f 2227//2227 2237//2237 2228//2228
f 2228//2228 2237//2237 2238//2238
f 2228//2228 2238//2238 2208//2208
f 2229//2229 2197//2197 2239//2239
f 2229//2229 2239//2239 2230//2230
f 2230//2230 2239//2239 2240//2240
f 2230//2230 2240//2240 2231//2231
f 2231//2231 2240//2240 2241//2241
f 2231//2231 2241//2241 2232//2232
f 2232//2232 2241//2241 2242//2242
f 2232//2232 2242//2242 2233//2233
f 2233//2233 2242//2242 2243//2243
f 2233//2233 2243//2243 2234//2234
f 2234//2234 2243//2243 2244//2244
f 2234//2234 2244//2244 2235//2235
f 2235//2235 2244//2244 2245//2245
f 2235//2235 2245//2245 2236//2236
f 2236//2236 2245//2245 2246//2246
f 2236//2236 2246//2246 2237//2237
f 2237//2237 2246//2246 2247//2247
f 2237//2237 2247//2247 2238//2238
f 2238//2238 2247//2247 2248//2248
f 2238//2238 2248//2248 2208//2208
f 2239//2239 2197//2197 2249//2249
f 2239//2239 2249//2249 2240//2240
f 2240//2240 2249//2249 2250//2250
f 2240//2240 2250//2250 2241//2241
f 2241//2241 2250//2250 2251//2251
f 2241//2241 2251//2251 2242//2242
f 2242//2242 2251//2251 2252//2252
f 2242//2242 2252//2252 2243//2243
f 2243//2243 2252//2252 2253//2253
f 2243//2243 2253//2253 2244//2244
f 2244//2244 2253//2253 2254//2254
f 2244//2244 2254//2254 2245//2245
f 2245//2245 2254//2254 2255//2255
f 2245//2245 2255//2255 2246//2246
f 2246//2246 2255//2255 2256//2256
f 2246//2246 2256//2256 2247//2247
f 2247//2247 2256//2256 2257//2257
f 2247//2247 2257//2257 2248//2248
f 2248//2248 2257//2257 2258//2258
f 2248//2248 2258//2258 2208//2208
f 2249//2249 2197//2197 2259//2259
f 2249//2249 2259//2259 2250//2250
f 2250//2250 2259//2259 2260//2260
f 2250//2250 2260//2260 2251//2251
f 2251//2251 2260//2260 2261//2261
f 2251//2251 2261//2261 2252//2252
f 2252//2252 2261//2261 2262//2262
f 2252//2252 2262//2262 2253//2253
f 2253//2253 2262//2262 2263//2263
f 2253//2253 2263//2263 2254//2254
f 2254//2254 2263//2263 2264//2264
f 2254//2254 2264//2264 2255//2255
f 2255//2255 2264//2264 2265//2265
f 2255//2255 2265//2265 2256//2256
f 2256//2256 2265//2265 2266//2266
f 2256//2256 2266//2266 2257//2257
f 2257//2257 2266//2266 2267//2267
f 2257//2257 2267//2267 2258//2258
f 2258//2258 2267//2267 2268//2268
f 2258//2258 2268//2268 2208//2208
f 2259//2259 2197//2197 2269//2269
f 2259//2259 2269//2269 2260//2260
f 2260//2260 2269//2269 2270//2270
f 2260//2260 2270//2270 2261//2261
f 2261//2261 2270//2270 2271//2271
f 2261//2261 2271//2271 2262//2262
f 2262//2262 2271//2271 2272//2272
f 2262//2262 2272//2272 2263//2263
f 2263//2263 2272//2272 2273//2273
f 2263//2263 2273//2273 2264//2264
f 2264//2264 2273//2273 2274//2274
f 2264//2264 2274//2274 2265//2265
f 2265//2265 2274//2274 2275//2275
f 2265//2265 2275//2275 2266//2266
f 2266//2266 2275//2275 2276//2276
f 2266//2266 2276//2276 2267//2267
f 2267//2267 2276//2276 2277//2277
f 2267//2267 2277//2277 2268//2268
f 2268//2268 2277//2277 2278//2278
f 2268//2268 2278//2278 2208//2208
f 2269//2269 2197//2197 2279//2279
f 2269//2269 2279//2279 2270//2270
f 2270//2270 2279//2279 2280//2280
f 2270//2270 2280//2280 2271//2271
f 2271//2271 2280//2280 2281//2281
f 2271//2271 2281//2281 2272//2272
f 2272//2272 2281//2281 2282//2282
f 2272//2272 2282//2282 2273//2273
f 2273//2273 2282//2282 2283//2283
f 2273//2273 2283//2283 2274//2274
f 2274//2274 2283//2283 2284//2284
f 2274//2274 2284//2284 2275//2275
f 2275//2275 2284//2284 2285//2285
f 2275//2275 2285//2285 2276//2276
f 2276//2276 2285//2285 2286//2286
f 2276//2276 2286//2286 2277//2277
f 2277//2277 2286//2286 2287//2287
f 2277//2277 2287//2287 2278//2278
f 2278//2278 2287//2287 2288//2288
f 2278//2278 2288//2288 2208//2208
f 2279//2279 2197//2197 2289//2289
f 2279//2279 2289//2289 2280//2280
f 2280//2280 2289//2289 2290//2290
f 2280//2280 2290//2290 2281//2281
f 2281//2281 2290//2290 2291//2291
f 2281//2281 2291//2291 2282//2282
f 2282//2282 2291//2291 2292//2292
f 2282//2282 2292//2292 2283//2283
f 2283//2283 2292//2292 2293//2293
f 2283//2283 2293//2293 2284//2284
f 2284//2284 2293//2293 2294//2294
f 2284//2284 2294//2294 2285//2285
f 2285//2285 2294//2294 2295//2295
f 2285//2285 2295//2295 2286//2286
f 2286//2286 2295//2295 2296//2296
f 2286//2286 2296//2296 2287//2287
f 2287//2287 2296//2296 2297//2297
f 2287//2287 2297//2297 2288//2288
f 2288//2288 2297//2297 2298//2298
f 2288//2288 2298//2298 2208//2208
f 2289//2289 2197//2197 2299//2299
f 2289//2289 2299//2299 2290//2290
f 2290//2290 2299//2299 2300//2300
f 2290//2290 2300//2300 2291//2291
f 2291//2291 2300//2300 2301//2301
f 2291//2291 2301//2301 2292//2292
f 2292//2292 2301//2301 2302//2302
f 2292//2292 2302//2302 2293//2293
f 2293//2293 2302//2302 2303//2303
f 2293//2293 2303//2303 2294//2294
f 2294//2294 2303//2303 2304//2304
f 2294//2294 2304//2304 2295//2295
f 2295//2295 2304//2304 2305//2305
f 2295//2295 2305//2305 2296//2296
f 2296//2296 2305//2305 2306//2306
f 2296//2296 2306//2306 2297//2297
f 2297//2297 2306//2306 2307//2307
f 2297//2297 2307//2307 2298//2298
f 2298//2298 2307//2307 2308//2308
f 2298//2298 2308//2308 2208//2208
f 2299//2299 2197//2197 2309//2309
f 2299//2299 2309//2309 2300//2300
f 2300//2300 2309//2309 2310//2310
f 2300//2300 2310//2310 2301//2301
f 2301//2301 2310//2310 2311//2311
f 2301//2301 2311//2311 2302//2302
f 2302//2302 2311//2311 2312//2312
f 2302//2302 2312//2312 2303//2303
f 2303//2303 2312//2312 2313//2313
f 2303//2303 2313//2313 2304//2304
f 2304//2304 2313//2313 2314//2314
f 2304//2304 2314//2314 2305//2305
f 2305//2305 2314//2314 2315//2315
f 2305//2305 2315//2315 2306//2306
f 2306//2306 2315//2315 2316//2316
f 2306//2306 2316//2316 2307//2307
f 2307//2307 2316//2316 2317//2317
f 2307//2307 2317//2317 2308//2308
f 2308//2308 2317//2317 2318//2318
f 2308//2308 2318//2318 2208//2208
f 2309//2309 2197//2197 2198//2198
f 2309//2309 2198//2198 2310//2310
f 2310//2310 2198//2198 2199//2199
f 2310//2310 2199//2199 2311//2311
f 2311//2311 2199//2199 2200//2200
f 2311//2311 2200//2200 2312//2312
f 2312//2312 2200//2200 2201//2201
f 2312//2312 2201//2201 2313//2313
f 2313//2313 2201//2201 2202//2202
f 2313//2313 2202//2202 2314//2314
f 2314//2314 2202//2202 2203//2203
f 2314//2314 2203//2203 2315//2315
f 2315//2315 2203//2203 2204//2204
f 2315//2315 2204//2204 2316//2316
f 2316//2316 2204//2204 2205//2205
f 2316//2316 2205//2205 2317//2317
f 2317//2317 2205//2205 2206//2206
f 2317//2317 2206//2206 2318//2318
f 2318//2318 2206//2206 2207//2207
f 2318//2318 2207//2207 2208//2208
f 2320//2320 2319//2319 2331//2331
f 2320//2320 2331//2331 2321//2321
f 2321//2321 2331//2331 2332//2332
f 2321//2321 2332//2332 2322//2322
f 2322//2322 2332//2332 2333//2333
f 2322//2322 2333//2333 2323//2323
f 2323//2323 2333//2333 2334//2334
f 2323//2323 2334//2334 2324//2324
f 2324//2324 2334//2334 2335//2335
f 2324//2324 2335//2335 2325//2325
f 2325//2325 2335//2335 2336//2336
f 2325//2325 2336//2336 2326//2326
f 2326//2326 2336//2336 2337//2337
f 2326//2326 2337//2337 2327//2327
f 2327//2327 2337//2337 2338//2338
f 2327//2327 2338//2338 2328//2328
f 2328//2328 2338//2338 2339//2339
f 2328//2328 2339//2339 2329//2329
f 2329//2329 2339//2339 2340//2340
f 2329//2329 2340//2340 2330//2330
f 2331//2331 2319//2319 2341//2341
f 2331//2331 2341//2341 2332//2332
f 2332//2332 2341//2341 2342//2342
f 2332//2332 2342//2342 2333//2333
f 2333//2333 2342//2342 2343//2343
f 2333//2333 2343//2343 2334//2334
f 2334//2334 2343//2343 2344//2344
f 2334//2334 2344//2344 2335//2335
f 2335//2335 2344//2344 2345//2345
f 2335//2335 2345//2345 2336//2336
f 2336//2336 2345//2345 2346//2346
f 2336//2336 2346//2346 2337//2337
f 2337//2337 2346//2346 2347//2347
f 2337//2337 2347//2347 2338//2338
f 2338//2338 2347//2347 2348//2348
f 2338//2338 2348//2348 2339//2339
f 2339//2339 2348//2348 2349//2349
f 2339//2339 2349//2349 2340//2340
f 2340//2340 2349//2349 2350//2350
f 2340//2340 2350//2350 2330//2330
f 2341//2341 2319//2319 2351//2351
f 2341//2341 2351//2351 2342//2342
f 2342//2342 2351//2351 2352//2352
f 2342//2342 2352//2352 2343//2343
f 2343//2343 2352//2352 2353//2353
f 2343//2343 2353//2353 2344//2344
f 2344//2344 2353//2353 2354//2354
f 2344//2344 2354//2354 2345//2345
f 2345//2345 2354//2354 2355//2355
f 2345//2345 2355//2355 2346//2346
f 2346//2346 2355//2355 2356//2356
f 2346//2346 2356//2356 2347//2347
f 2347//2347 2356//2356 2357//2357
f 2347//2347 2357//2357 2348//2348
f 2348//2348 2357//2357 2358//2358
f 2348//2348 2358//2358 2349//2349
f 2349//2349 2358//2358 2359//2359
f 2349//2349 2359//2359 2350//2350
f 2350//2350 2359//2359 2360//2360
f 2350//2350 2360//2360 2330//2330
f 2351//2351 2319//2319 2361//2361
f 2351//2351 2361//2361 2352//2352
f 2352//2352 2361//2361 2362//2362
f 2352//2352 2362//2362 2353//2353
f 2353//2353 2362//2362 2363//2363
f 2353//2353 2363//2363 2354//2354
f 2354//2354 2363//2363 2364//2364
f 2354//2354 2364//2364 2355//2355
f 2355//2355 2364//2364 2365//2365
f 2355//2355 2365//2365 2356//2356
f 2356//2356 2365//2365 2366//2366
f 2356//2356 2366//2366 2357//2357
f 2357//2357 2366//2366 2367//2367
f 2357//2357 2367//2367 2358//2358
f 2358//2358 2367//2367 2368//2368
f 2358//2358 2368//2368 2359//2359
f 2359//2359 2368//2368 2369//2369
f 2359//2359 2369//2369 2360//2360
f 2360//2360 2369//2369 2370//2370
f 2360//2360 2370//2370 2330//2330
f 2361//2361 2319//2319 2371//2371
f 2361//2361 2371//2371 2362//2362
f 2362//2362 2371//2371 2372//2372
f 2362//2362 2372//2372 2363//2363
f 2363//2363 2372//2372 2373//2373
f 2363//2363 2373//2373 2364//2364
f 2364//2364 2373//2373 2374//2374
f 2364//2364 2374//2374 2365//2365
f 2365//2365 2374//2374 2375//2375
f 2365//2365 2375//2375 2366//2366
f 2366//2366 2375//2375 2376//2376
f 2366//2366 2376//2376 2367//2367
f 2367//2367 2376//2376 2377//2377
f 2367//2367 2377//2377 2368//2368
f 2368//2368 2377//2377 2378//2378
f 2368//2368 2378//2378 2369//2369
f 2369//2369 2378//2378 2379//2379
f 2369//2369 2379//2379 2370//2370
f 2370//2370 2379//2379 2380//2380
f 2370//2370 2380//2380 2330//2330
f 2371//2371 2319//2319 2381//2381
f 2371//2371 2381//2381 2372//2372
f 2372//2372 2381//2381 2382//2382
f 2372//2372 2382//2382 2373//2373
f 2373//2373 2382//2382 2383//2383
f 2373//2373 2383//2383 2374//2374
f 2374//2374 2383//2383 2384//2384
f 2374//2374 2384//2384 2375//2375
f 2375//2375 2384//2384 2385//2385
f 2375//2375 2385//2385 2376//2376
f 2376//2376 2385//2385 2386//2386
f 2376//2376 2386//2386 2377//2377
f 2377//2377 2386//2386 2387//2387
f 2377//2377 2387//2387 2378//2378
f 2378//2378 2387//2387 2388//2388
f 2378//2378 2388//2388 2379//2379
f 2379//2379 2388//2388 2389//2389
f 2379//2379 2389//2389 2380//2380
f 2380//2380 2389//2389 2390//2390
f 2380//2380 2390//2390 2330//2330
f 2381//2381 2319//2319 2391//2391
f 2381//2381 2391//2391 2382//2382
f 2382//2382 2391//2391 2392//2392
f 2382//2382 2392//2392 2383//2383
f 2383//2383 2392//2392 2393//2393
f 2383//2383 2393//2393 2384//2384
f 2384//2384 2393//2393 2394//2394
f 2384//2384 2394//2394 2385//2385
f 2385//2385 2394//2394 2395//2395
f 2385//2385 2395//2395 2386//2386
f 2386//2386 2395//2395 2396//2396
f 2386//2386 2396//2396 2387//2387
f 2387//2387 2396//2396 2397//2397
f 2387//2387 2397//2397 2388//2388
f 2388//2388 2397//2397 2398//2398
f 2388//2388 2398//2398 2389//2389
f 2389//2389 2398//2398 2399//2399
f 2389//2389 2399//2399 2390//2390
f 2390//2390 2399//2399 2400//2400
f 2390//2390 2400//2400 2330//2330
f 2391//2391 2319//2319 2401//2401
f 2391//2391 2401//2401 2392//2392
f 2392//2392 2401//2401 2402//2402
f 2392//2392 2402//2402 2393//2393
f 2393//2393 2402//2402 2403//2403
f 2393//2393 2403//2403 2394//2394
f 2394//2394 2403//2403 2404//2404
f 2394//2394 2404//2404 2395//2395
f 2395//2395 2404//2404 2405//2405
f 2395//2395 2405//2405 2396//2396
f 2396//2396 2405//2405 2406//2406
f 2396//2396 2406//2406 2397//2397
f 2397//2397 2406//2406 2407//2407
f 2397//2397 2407//2407 2398//2398
f 2398//2398 2407//2407 2408//2408
f 2398//2398 2408//2408 2399//2399
f 2399//2399 2408//2408 2409//2409
f 2399//2399 2409//2409 2400//2400
f 2400//2400 2409//2409 2410//2410
f 2400//2400 2410//2410 2330//2330
f 2401//2401 2319//2319 2411//2411
f 2401//2401 2411//2411 2402//2402
f 2402//2402 2411//2411 2412//2412
f 2402//2402 2412//2412 2403//2403
f 2403//2403 2412//2412 2413//2413
f 2403//2403 2413//2413 2404//2404
f 2404//2404 2413//2413 2414//2414
f 2404//2404 2414//2414 2405//2405
f 2405//2405 2414//2414 2415//2415
f 2405//2405 2415//2415 2406//2406
f 2406//2406 2415//2415 2416//2416
f 2406//2406 2416//2416 2407//2407
f 2407//2407 2416//2416 2417//2417
f 2407//2407 2417//2417 2408//2408
f 2408//2408 2417//2417 2418//2418
f 2408//2408 2418//2418 2409//2409
f 2409//2409 2418//2418 2419//2419
f 2409//2409 2419//2419 2410//2410
f 2410//2410 2419//2419 2420//2420
f 2410//2410 2420//2420 2330//2330
f 2411//2411 2319//2319 2421//2421
f 2411//2411 2421//2421 2412//2412
f 2412//2412 2421//2421 2422//2422
f 2412//2412 2422//2422 2413//2413
f 2413//2413 2422//2422 2423//2423
f 2413//2413 2423//2423 2414//2414
f 2414//2414 2423//2423 2424//2424
f 2414//2414 2424//2424 2415//2415
f 2415//2415 2424//2424 2425//2425
f 2415//2415 2425//2425 2416//2416
f 2416//2416 2425//2425 2426//2426
f 2416//2416 2426//2426 2417//2417
f 2417//2417 2426//2426 2427//2427
f 2417//2417 2427//2427 2418//2418
f 2418//2418 2427//2427 2428//2428
f 2418//2418 2428//2428 2419//2419
f 2419//2419 2428//2428 2429//2429
f 2419//2419 2429//2429 2420//2420
f 2420//2420 2429//2429 2430//2430
f 2420//2420 2430//2430 2330//2330
f 2421//2421 2319//2319 2431//2431
f 2421//2421 2431//2431 2422//2422
f 2422//2422 2431//2431 2432//2432
f 2422//2422 2432//2432 2423//2423
f 2423//2423 2432//2432 2433//2433
f 2423//2423 2433//2433 2424//2424
f 2424//2424 2433//2433 2434//2434
f 2424//2424 2434//2434 2425//2425
f 2425//2425 2434//2434 2435//2435
f 2425//2425 2435//2435 2426//2426
f 2426//2426 2435//2435 2436//2436
f 2426//2426 2436//2436 2427//2427
f 2427//2427 2436//2436 2437//2437
f 2427//2427 2437//2437 2428//2428
f 2428//2428 2437//2437 2438//2438
f 2428//2428 2438//2438 2429//2429
f 2429//2429 2438//2438 2439//2439
f 2429//2429 2439//2439 2430//2430
f 2430//2430 2439//2439 2440//2440
f 2430//2430 2440//2440 2330//2330
f 2431//2431 2319//2319 2320//2320
f 2431//2431 2320//2320 2432//2432
f 2432//2432 2320//2320 2321//2321
f 2432//2432 2321//2321 2433//2433
f 2433//2433 2321//2321 2322//2322
f 2433//2433 2322//2322 2434//2434
f 2434//2434 2322//2322 2323//2323
f 2434//2434 2323//2323 2435//2435
f 2435//2435 2323//2323 2324//2324
f 2435//2435 2324//2324 2436//2436
f 2436//2436 2324//2324 2325//2325
f 2436//2436 2325//2325 2437//2437
f 2437//2437 2325//2325 2326//2326
f 2437//2437 2326//2326 2438//2438
f 2438//2438 2326//2326 2327//2327
f 2438//2438 2327//2327 2439//2439
f 2439//2439 2327//2327 2328//2328
f 2439//2439 2328//2328 2440//2440
f 2440//2440 2328//2328 2329//2329
f 2440//2440 2329//2329 2330//2330
f 2442//2442 2441//2441 2453//2453
f 2442//2442 2453//2453 2443//2443
f 2443//2443 2453//2453 2454//2454
f 2443//2443 2454//2454 2444//2444
f 2444//2444 2454//2454 2455//2455
f 2444//2444 2455//2455 2445//2445
f 2445//2445 2455//2455 2456//2456
f 2445//2445 2456//2456 2446//2446
f 2446//2446 2456//2456 2457//2457
f 2446//2446 2457//2457 2447//2447
f 2447//2447 2457//2457 2458//2458
f 2447//2447 2458//2458 2448//2448
f 2448//2448 2458//2458 2459//2459
f 2448//2448 2459//2459 2449//2449
f 2449//2449 2459//2459 2460//2460
f 2449//2449 2460//2460 2450//2450
f 2450//2450 2460//2460 2461//2461
f 2450//2450 2461//2461 2451//2451
f 2451//2451 2461//2461 2462//2462
f 2451//2451 2462//2462 2452//2452
f 2453//2453 2441//2441 2463//2463
f 2453//2453 2463//2463 2454//2454
f 2454//2454 2463//2463 2464//2464
f 2454//2454 2464//2464 2455//2455
f 2455//2455 2464//2464 2465//2465
f 2455//2455 2465//2465 2456//2456
f 2456//2456 2465//2465 2466//2466
f 2456//2456 2466//2466 2457//2457
f 2457//2457 2466//2466 2467//2467
f 2457//2457 2467//2467 2458//2458
f 2458//2458 2467//2467 2468//2468
f 2458//2458 2468//2468 2459//2459
f 2459//2459 2468//2468 2469//2469
f 2459//2459 2469//2469 2460//2460
f 2460//2460 2469//2469 2470//2470
f 2460//2460 2470//2470 2461//2461
f 2461//2461 2470//2470 2471//2471
f 2461//2461 2471//2471 2462//2462
f 2462//2462 2471//2471 2472//2472
f 2462//2462 2472//2472 2452//2452
f 2463//2463 2441//2441 2473//2473
f 2463//2463 2473//2473 2464//2464
f 2464//2464 2473//2473 2474//2474
f 2464//2464 2474//2474 2465//2465
f 2465//2465 2474//2474 2475//2475
f 2465//2465 2475//2475 2466//2466
f 2466//2466 2475//2475 2476//2476
f 2466//2466 2476//2476 2467//2467
f 2467//2467 2476//2476 2477//2477
f 2467//2467 2477//2477 2468//2468
f 2468//2468 2477//2477 2478//2478
f 2468//2468 2478//2478 2469//2469
f 2469//2469 2478//2478 2479//2479
f 2469//2469 2479//2479 2470//2470
f 2470//2470 2479//2479 2480//2480
f 2470//2470 2480//2480 2471//2471
f 2471//2471 2480//2480 2481//2481
f 2471//2471 2481//2481 2472//2472
f 2472//2472 2481//2481 2482//2482
f 2472//2472 2482//2482 2452//2452
f 2473//2473 2441//2441 2483//2483
f 2473//2473 2483//2483 2474//2474
f 2474//2474 2483//2483 2484//2484
f 2474//2474 2484//2484 2475//2475
f 2475//2475 2484//2484 2485//2485
f 2475//2475 2485//2485 2476//2476
f 2476//2476 2485//2485 2486//2486
f 2476//2476 2486//2486 2477//2477
f 2477//2477 2486//2486 2487//2487
f 2477//2477 2487//2487 2478//2478
f 2478//2478 2487//2487 2488//2488
f 2478//2478 2488//2488 2479//2479
f 2479//2479 2488//2488 2489//2489
f 2479//2479 2489//2489 2480//2480
f 2480//2480 2489//2489 2490//2490
f 2480//2480 2490//2490 2481//2481
f 2481//2481 2490//2490 2491//2491
f 2481//2481 2491//2491 2482//2482
f 2482//2482 2491//2491 2492//2492
f 2482//2482 2492//2492 2452//2452
f 2483//2483 2441//2441 2493//2493
f 2483//2483 2493//2493 2484//2484
f 2484//2484 2493//2493 2494//2494
f 2484//2484 2494//2494 2485//2485
f 2485//2485 2494//2494 2495//2495
f 2485//2485 2495//2495 2486//2486
f 2486//2486 2495//2495 2496//2496
f 2486//2486 2496//2496 2487//2487
f 2487//2487 2496//2496 2497//2497
f 2487//2487 2497//2497 2488//2488
f 2488//2488 2497//2497 2498//2498
f 2488//2488 2498//2498 2489//2489
f 2489//2489 2498//2498 2499//2499
f 2489//2489 2499//2499 2490//2490
f 2490//2490 2499//2499 2500//2500
f 2490//2490 2500//2500 2491//2491
f 2491//2491 2500//2500 2501//2501
f 2491//2491 2501//2501 2492//2492
f 2492//2492 2501//2501 2502//2502
f 2492//2492 2502//2502 2452//2452
f 2493//2493 2441//2441 2503//2503
f 2493//2493 2503//2503 2494//2494
f 2494//2494 2503//2503 2504//2504
f 2494//2494 2504//2504 2495//2495
f 2495//2495 2504//2504 2505//2505
f 2495//2495 2505//2505 2496//2496
f 2496//2496 2505//2505 2506//2506
f 2496//2496 2506//2506 2497//2497
f 2497//2497 2506//2506 2507//2507
f 2497//2497 2507//2507 2498//2498
f 2498//2498 2507//2507 2508//2508
f 2498//2498 2508//2508 2499//2499
f 2499//2499 2508//2508 2509//2509
f 2499//2499 2509//2509 2500//2500
f 2500//2500 2509//2509 2510//2510
f 2500//2500 2510//2510 2501//2501
f 2501//2501 2510//2510 2511//2511
f 2501//2501 2511//2511 2502//2502
f 2502//2502 2511//2511 2512//2512
f 2502//2502 2512//2512 2452//2452
f 2503//2503 2441//2441 2513//2513
f 2503//2503 2513//2513 2504//2504
f 2504//2504 2513//2513 2514//2514
f 2504//2504 2514//2514 2505//2505
f 2505//2505 2514//2514 2515//2515
f 2505//2505 2515//2515 2506//2506
f 2506//2506 2515//2515 2516//2516
f 2506//2506 2516//2516 2507//2507
f 2507//2507 2516//2516 2517//2517
f 2507//2507 2517//2517 2508//2508
f 2508//2508 2517//2517 2518//2518
f 2508//2508 2518//2518 2509//2509
f 2509//2509 2518//2518 2519//2519
f 2509//2509 2519//2519 2510//2510
f 2510//2510 2519//2519 2520//2520
f 2510//2510 2520//2520 2511//2511
f 2511//2511 2520//2520 2521//2521
f 2511//2511 2521//2521 2512//2512
f 2512//2512 2521//2521 2522//2522
f 2512//2512 2522//2522 2452//2452
f 2513//2513 2441//2441 2523//2523
f 2513//2513 2523//2523 2514//2514
f 2514//2514 2523//2523 2524//2524
f 2514//2514 2524//2524 2515//2515
f 2515//2515 2524//2524 2525//2525
f 2515//2515 2525//2525 2516//2516
f 2516//2516 2525//2525 2526//2526
f 2516//2516 2526//2526 2517//2517
f 2517//2517 2526//2526 2527//2527
f 2517//2517 2527//2527 2518//2518
f 2518//2518 2527//2527 2528//2528
f 2518//2518 2528//2528 2519//2519
f 2519//2519 2528//2528 2529//2529
f 2519//2519 2529//2529 2520//2520
f 2520//2520 2529//2529 2530//2530
f 2520//2520 2530//2530 2521//2521
f 2521//2521 2530//2530 2531//2531
f 2521//2521 2531//2531 2522//2522
f 2522//2522 2531//2531 2532//2532
f 2522//2522 2532//2532 2452//2452
f 2523//2523 2441//2441 2533//2533
f 2523//2523 2533//2533 2524//2524
f 2524//2524 2533//2533 2534//2534
f 2524//2524 2534//2534 2525//2525
f 2525//2525 2534//2534 2535//2535
f 2525//2525 2535//2535 2526//2526
f 2526//2526 2535//2535 2536//2536
f 2526//2526 2536//2536 2527//2527
f 2527//2527 2536//2536 2537//2537
f 2527//2527 2537//2537 2528//2528
f 2528//2528 2537//2537 2538//2538
f 2528//2528 2538//2538 2529//2529
f 2529//2529 2538//2538 2539//2539
f 2529//2529 2539//2539 2530//2530
f 2530//2530 2539//2539 2540//2540
f 2530//2530 2540//2540 2531//2531
f 2531//2531 2540//2540 2541//2541
f 2531//2531 2541//2541 2532//2532
f 2532//2532 2541//2541 2542//2542
f 2532//2532 2542//2542 2452//2452
f 2533//2533 2441//2441 2543//2543
f 2533//2533 2543//2543 2534//2534
f 2534//2534 2543//2543 2544//2544
f 2534//2534 2544//2544 2535//2535
f 2535//2535 2544//2544 2545//2545
f 2535//2535 2545//2545 2536//2536
f 2536//2536 2545//2545 2546//2546
f 2536//2536 2546//2546 2537//2537
f 2537//2537 2546//2546 2547//2547
f 2537//2537 2547//2547 2538//2538
f 2538//2538 2547//2547 2548//2548
f 2538//2538 2548//2548 2539//2539
f 2539//2539 2548//2548 2549//2549
f 2539//2539 2549//2549 2540//2540
f 2540//2540 2549//2549 2550//2550
f 2540//2540 2550//2550 2541//2541
f 2541//2541 2550//2550 2551//2551
f 2541//2541 2551//2551 2542//2542
f 2542//2542 2551//2551 2552//2552
f 2542//2542 2552//2552 2452//2452
f 2543//2543 2441//2441 2553//2553
f 2543//2543 2553//2553 2544//2544
f 2544//2544 2553//2553 2554//2554
f 2544//2544 2554//2554 2545//2545
f 2545//2545 2554//2554 2555//2555
f 2545//2545 2555//2555 2546//2546
f 2546//2546 2555//2555 2556//2556
f 2546//2546 2556//2556 2547//2547
f 2547//2547 2556//2556 2557//2557
f 2547//2547 2557//2557 2548//2548
f 2548//2548 2557//2557 2558//2558
f 2548//2548 2558//2558 2549//2549
f 2549//2549 2558//2558 2559//2559
f 2549//2549 2559//2559 2550//2550
f 2550//2550 2559//2559 2560//2560
f 2550//2550 2560//2560 2551//2551
f 2551//2551 2560//2560 2561//2561
f 2551//2551 2561//2561 2552//2552
f 2552//2552 2561//2561 2562//2562
f 2552//2552 2562//2562 2452//2452
f 2553//2553 2441//2441 2442//2442
f 2553//2553 2442//2442 2554//2554
f 2554//2554 2442//2442 2443//2443
f 2554//2554 2443//2443 2555//2555
f 2555//2555 2443//2443 2444//2444
f 2555//2555 2444//2444 2556//2556
f 2556//2556 2444//2444 2445//2445
f 2556//2556 2445//2445 2557//2557
f 2557//2557 2445//2445 2446//2446
f 2557//2557 2446//2446 2558//2558
f 2558//2558 2446//2446 2447//2447
f 2558//2558 2447//2447 2559//2559
f 2559//2559 2447//2447 2448//2448
f 2559//2559 2448//2448 2560//2560
f 2560//2560 2448//2448 2449//2449
f 2560//2560 2449//2449 2561//2561
f 2561//2561 2449//2449 2450//2450
f 2561//2561 2450//2450 2562//2562
f 2562//2562 2450//2450 2451//2451
f 2562//2562 2451//2451 2452//2452
f 2564//2564 2563//2563 2575//2575
f 2564//2564 2575//2575 2565//2565
f 2565//2565 2575//2575 2576//2576
f 2565//2565 2576//2576 2566//2566
f 2566//2566 2576//2576 2577//2577
f 2566//2566 2577//2577 2567//2567
f 2567//2567 2577//2577 2578//2578
f 2567//2567 2578//2578 2568//2568
f 2568//2568 2578//2578 2579//2579
f 2568//2568 2579//2579 2569//2569
f 2569//2569 2579//2579 2580//2580
f 2569//2569 2580//2580 2570//2570
f 2570//2570 2580//2580 2581//2581
f 2570//2570 2581//2581 2571//2571
f 2571//2571 2581//2581 2582//2582
f 2571//2571 2582//2582 2572//2572
f 2572//2572 2582//2582 2583//2583
f 2572//2572 2583//2583 2573//2573
f 2573//2573 2583//2583 2584//2584
f 2573//2573 2584//2584 2574//2574
f 2575//2575 2563//2563 2585//2585
f 2575//2575 2585//2585 2576//2576
f 2576//2576 2585//2585 2586//2586
f 2576//2576 2586//2586 2577//2577
f 2577//2577 2586//2586 2587//2587
f 2577//2577 2587//2587 2578//2578
f 2578//2578 2587//2587 2588//2588
f 2578//2578 2588//2588 2579//2579
f 2579//2579 2588//2588 2589//2589
f 2579//2579 2589//2589 2580//2580
f 2580//2580 2589//2589 2590//2590
f 2580//2580 2590//2590 2581//2581
f 2581//2581 2590//2590 2591//2591
f 2581//2581 2591//2591 2582//2582
f 2582//2582 2591//2591 2592//2592
f 2582//2582 2592//2592 2583//2583
f 2583//2583 2592//2592 2593//2593
f 2583//2583 2593//2593 2584//2584
f 2584//2584 2593//2593 2594//2594
f 2584//2584 2594//2594 2574//2574
f 2585//2585 2563//2563 2595//2595
f 2585//2585 2595//2595 2586//2586
f 2586//2586 2595//2595 2596//2596
f 2586//2586 2596//2596 2587//2587
f 2587//2587 2596//2596 2597//2597
f 2587//2587 2597//2597 2588//2588
f 2588//2588 2597//2597 2598//2598
f 2588//2588 2598//2598 2589//2589
f 2589//2589 2598//2598 2599//2599
f 2589//2589 2599//2599 2590//2590
f 2590//2590 2599//2599 2600//2600
f 2590//2590 2600//2600 2591//2591
f 2591//2591 2600//2600 2601//2601
f 2591//2591 2601//2601 2592//2592
f 2592//2592 2601//2601 2602//2602
f 2592//2592 2602//2602 2593//2593
f 2593//2593 2602//2602 2603//2603
f 2593//2593 2603//2603 2594//2594
f 2594//2594 2603//2603 2604//2604
f 2594//2594 2604//2604 2574//2574
f 2595//2595 2563//2563 2605//2605
f 2595//2595 2605//2605 2596//2596
f 2596//2596 2605//2605 2606//2606
f 2596//2596 2606//2606 2597//2597
f 2597//2597 2606//2606 2607//2607
f 2597//2597 2607//2607 2598//2598
f 2598//2598 2607//2607 2608//2608
f 2598//2598 2608//2608 2599//2599
f 2599//2599 2608//2608 2609//2609
f 2599//2599 2609//2609 2600//2600
f 2600//2600 2609//2609 2610//2610
f 2600//2600 2610//2610 2601//2601
f 2601//2601 2610//2610 2611//2611
f 2601//2601 2611//2611 2602//2602
f 2602//2602 2611//2611 2612//2612
f 2602//2602 2612//2612 2603//2603
f 2603//2603 2612//2612 2613//2613
f 2603//2603 2613//2613 2604//2604
f 2604//2604 2613//2613 2614//2614
f 2604//2604 2614//2614 2574//2574
f 2605//2605 2563//2563 2615//2615
f 2605//2605 2615//2615 2606//2606
f 2606//2606 2615//2615 2616//2616
f 2606//2606 2616//2616 2607//2607
f 2607//2607 2616//2616 2617//2617
f 2607//2607 2617//2617 2608//2608
f 2608//2608 2617//2617 2618//2618
f 2608//2608 2618//2618 2609//2609
f 2609//2609 2618//2618 2619//2619
f 2609//2609 2619//2619 2610//2610
f 2610//2610 2619//2619 2620//2620
f 2610//2610 2620//2620 2611//2611
f 2611//2611 2620//2620 2621//2621
f 2611//2611 2621//2621 2612//2612
f 2612//2612 2621//2621 2622//2622
f 2612//2612 2622//2622 2613//2613
f 2613//2613 2622//2622 2623//2623
f 2613//2613 2623//2623 2614//2614
f 2614//2614 2623//2623 2624//2624
f 2614//2614 2624//2624 2574//2574
f 2615//2615 2563//2563 2625//2625
f 2615//2615 2625//2625 2616//2616
f 2616//2616 2625//2625 2626//2626
f 2616//2616 2626//2626 2617//2617
f 2617//2617 2626//2626 2627//2627
f 2617//2617 2627//2627 2618//2618
f 2618//2618 2627//2627 2628//2628
f 2618//2618 2628//2628 2619//2619
f 2619//2619 2628//2628 2629//2629
f 2619//2619 2629//2629 2620//2620
f 2620//2620 2629//2629 2630//2630
f 2620//2620 2630//2630 2621//2621
f 2621//2621 2630//2630 2631//2631
f 2621//2621 2631//2631 2622//2622
f 2622//2622 2631//2631 2632//2632
f 2622//2622 2632//2632 2623//2623
f 2623//2623 2632//2632 2633//2633
f 2623//2623 2633//2633 2624//2624
f 2624//2624 2633//2633 2634//2634
f 2624//2624 2634//2634 2574//2574
f 2625//2625 2563//2563 2635//2635
f 2625//2625 2635//2635 2626//2626
f 2626//2626 2635//2635 2636//2636
f 2626//2626 2636//2636 2627//2627
f 2627//2627 2636//2636 2637//2637
f 2627//2627 2637//2637 2628//2628
f 2628//2628 2637//2637 2638//2638
f 2628//2628 2638//2638 2629//2629
f 2629//2629 2638//2638 2639//2639
f 2629//2629 2639//2639 2630//2630
f 2630//2630 2639//2639 2640//2640
f 2630//2630 2640//2640 2631//2631
f 2631//2631 2640//2640 2641//2641
f 2631//2631 2641//2641 2632//2632
f 2632//2632 2641//2641 2642//2642
f 2632//2632 2642//2642 2633//2633
f 2633//2633 2642//2642 2643//2643
f 2633//2633 2643//2643 2634//2634
f 2634//2634 2643//2643 2644//2644
f 2634//2634 2644//2644 2574//2574
f 2635//2635 2563//2563 2645//2645
f 2635//2635 2645//2645 2636//2636
f 2636//2636 2645//2645 2646//2646
f 2636//2636 2646//2646 2637//2637
f 2637//2637 2646//2646 2647//2647
f 2637//2637 2647//2647 2638//2638
f 2638//2638 2647//2647 2648//2648
f 2638//2638 2648//2648 2639//2639
f 2639//2639 2648//2648 2649//2649
f 2639//2639 2649//2649 2640//2640
f 2640//2640 2649//2649 2650//2650
f 2640//2640 2650//2650 2641//2641
f 2641//2641 2650//2650 2651//2651
f 2641//2641 2651//2651 2642//2642
f 2642//2642 2651//2651 2652//2652
f 2642//2642 2652//2652 2643//2643
f 2643//2643 2652//2652 2653//2653
f 2643//2643 2653//2653 2644//2644
f 2644//2644 2653//2653 2654//2654
f 2644//2644 2654//2654 2574//2574
f 2645//2645 2563//2563 2655//2655
f 2645//2645 2655//2655 2646//2646
f 2646//2646 2655//2655 2656//2656
f 2646//2646 2656//2656 2647//2647
f 2647//2647 2656//2656 2657//2657
f 2647//2647 2657//2657 2648//2648
f 2648//2648 2657//2657 2658//2658
f 2648//2648 2658//2658 2649//2649
f 2649//2649 2658//2658 2659//2659
f 2649//2649 2659//2659 2650//2650
f 2650//2650 2659//2659 2660//2660
f 2650//2650 2660//2660 2651//2651
f 2651//2651 2660//2660 2661//2661
f 2651//2651 2661//2661 2652//2652
f 2652//2652 2661//2661 2662//2662
f 2652//2652 2662//2662 2653//2653
f 2653//2653 2662//2662 2663//2663
f 2653//2653 2663//2663 2654//2654
f 2654//2654 2663//2663 2664//2664
f 2654//2654 2664//2664 2574//2574
f 2655//2655 2563//2563 2665//2665
f 2655//2655 2665//2665 2656//2656
f 2656//2656 2665//2665 2666//2666
f 2656//2656 2666//2666 2657//2657
f 2657//2657 2666//2666 2667//2667
f 2657//2657 2667//2667 2658//2658
f 2658//2658 2667//2667 2668//2668
f 2658//2658 2668//2668 2659//2659
f 2659//2659 2668//2668 2669//2669
f 2659//2659 2669//2669 2660//2660
f 2660//2660 2669//2669 2670//2670
f 2660//2660 2670//2670 2661//2661
f 2661//2661 2670//2670 2671//2671
f 2661//2661 2671//2671 2662//2662
f 2662//2662 2671//2671 2672//2672
f 2662//2662 2672//2672 2663//2663
f 2663//2663 2672//2672 2673//2673
f 2663//2663 2673//2673 2664//2664
f 2664//2664 2673//2673 2674//2674
f 2664//2664 2674//2674 2574//2574
f 2665//2665 2563//2563 2675//2675
f 2665//2665 2675//2675 2666//2666
f 2666//2666 2675//2675 2676//2676
f 2666//2666 2676//2676 2667//2667
f 2667//2667 2676//2676 2677//2677
f 2667//2667 2677//2677 2668//2668
f 2668//2668 2677//2677 2678//2678
f 2668//2668 2678//2678 2669//2669
f 2669//2669 2678//2678 2679//2679
f 2669//2669 2679//2679 2670//2670
f 2670//2670 2679//2679 2680//2680
f 2670//2670 2680//2680 2671//2671
f 2671//2671 2680//2680 2681//2681
f 2671//2671 2681//2681 2672//2672
f 2672//2672 2681//2681 2682//2682
f 2672//2672 2682//2682 2673//2673
f 2673//2673 2682//2682 2683//2683
f 2673//2673 2683//2683 2674//2674
f 2674//2674 2683//2683 2684//2684
f 2674//2674 2684//2684 2574//2574
f 2675//2675 2563//2563 2564//2564
f 2675//2675 2564//2564 2676//2676
f 2676//2676 2564//2564 2565//2565
f 2676//2676 2565//2565 2677//2677
f 2677//2677 2565//2565 2566//2566
f 2677//2677 2566//2566 2678//2678
f 2678//2678 2566//2566 2567//2567
f 2678//2678 2567//2567 2679//2679
f 2679//2679 2567//2567 2568//2568
f 2679//2679 2568//2568 2680//2680
f 2680//2680 2568//2568 2569//2569
f 2680//2680 2569//2569 2681//2681
f 2681//2681 2569//2569 2570//2570
f 2681//2681 2570//2570 2682//2682
f 2682//2682 2570//2570 2571//2571
f 2682//2682 2571//2571 2683//2683
f 2683//2683 2571//2571 2572//2572
f 2683//2683 2572//2572 2684//2684
f 2684//2684 2572//2572 2573//2573
f 2684//2684 2573//2573 2574//2574
f 2686//2686 2685//2685 2697//2697
f 2686//2686 2697//2697 2687//2687
f 2687//2687 2697//2697 2698//2698
f 2687//2687 2698//2698 2688//2688
f 2688//2688 2698//2698 2699//2699
f 2688//2688 2699//2699 2689//2689
f 2689//2689 2699//2699 2700//2700
f 2689//2689 2700//2700 2690//2690
f 2690//2690 2700//2700 2701//2701
f 2690//2690 2701//2701 2691//2691
f 2691//2691 2701//2701 2702//2702
f 2691//2691 2702//2702 2692//2692
f 2692//2692 2702//2702 2703//2703
f 2692//2692 2703//2703 2693//2693
f 2693//2693 2703//2703 2704//2704
f 2693//2693 2704//2704 2694//2694
f 2694//2694 2704//2704 2705//2705
f 2694//2694 2705//2705 2695//2695
f 2695//2695 2705//2705 2706//2706
f 2695//2695 2706//2706 2696//2696
f 2697//2697 2685//2685 2707//2707
f 2697//2697 2707//2707 2698//2698
f 2698//2698 2707//2707 2708//2708
f 2698//2698 2708//2708 2699//2699
f 2699//2699 2708//2708 2709//2709
f 2699//2699 2709//2709 2700//2700
f 2700//2700 2709//2709 2710//2710
f 2700//2700 2710//2710 2701//2701
f 2701//2701 2710//2710 2711//2711
f 2701//2701 2711//2711 2702//2702
f 2702//2702 2711//2711 2712//2712
f 2702//2702 2712//2712 2703//2703
f 2703//2703 2712//2712 2713//2713
f 2703//2703 2713//2713 2704//2704
f 2704//2704 2713//2713 2714//2714
f 2704//2704 2714//2714 2705//2705
f 2705//2705 2714//2714 2715//2715
f 2705//2705 2715//2715 2706//2706
f 2706//2706 2715//2715 2716//2716
f 2706//2706 2716//2716 2696//2696
f 2707//2707 2685//2685 2717//2717
f 2707//2707 2717//2717 2708//2708
f 2708//2708 2717//2717 2718//2718
f 2708//2708 2718//2718 2709//2709
f 2709//2709 2718//2718 2719//2719
f 2709//2709 2719//2719 2710//2710
f 2710//2710 2719//2719 2720//2720
f 2710//2710 2720//2720 2711//2711
f 2711//2711 2720//2720 2721//2721
f 2711//2711 2721//2721 2712//2712
f 2712//2712 2721//2721 2722//2722
f 2712//2712 2722//2722 2713//2713
f 2713//2713 2722//2722 2723//2723
f 2713//2713 2723//2723 2714//2714
f 2714//2714 2723//2723 2724//2724
f 2714//2714 2724//2724 2715//2715
f 2715//2715 2724//2724 2725//2725
f 2715//2715 2725//2725 2716//2716
f 2716//2716 2725//2725 2726//2726
f 2716//2716 2726//2726 2696//2696
f 2717//2717 2685//2685 2727//2727
f 2717//2717 2727//2727 2718//2718
f 2718//2718 2727//2727 2728//2728
f 2718//2718 2728//2728 2719//2719
f 2719//2719 2728//2728 2729//2729
f 2719//2719 2729//2729 2720//2720
f 2720//2720 2729//2729 2730//2730
f 2720//2720 2730//2730 2721//2721
f 2721//2721 2730//2730 2731//2731
f 2721//2721 2731//2731 2722//2722
f 2722//2722 2731//2731 2732//2732
f 2722//2722 2732//2732 2723//2723
f 2723//2723 2732//2732 2733//2733
f 2723//2723 2733//2733 2724//2724
f 2724//2724 2733//2733 2734//2734
f 2724//2724 2734//2734 2725//2725
f 2725//2725 2734//2734 2735//2735
f 2725//2725 2735//2735 2726//2726
f 2726//2726 2735//2735 2736//2736
f 2726//2726 2736//2736 2696//2696
f 2727//2727 2685//2685 2737//2737
f 2727//2727 2737//2737 2728//2728
f 2728//2728 2737//2737 2738//2738
f 2728//2728 2738//2738 2729//2729
f 2729//2729 2738//2738 2739//2739
f 2729//2729 2739//2739 2730//2730
f 2730//2730 2739//2739 2740//2740
f 2730//2730 2740//2740 2731//2731
f 2731//2731 2740//2740 2741//2741
f 2731//2731 2741//2741 2732//2732
f 2732//2732 2741//2741 2742//2742
f 2732//2732 2742//2742 2733//2733
f 2733//2733 2742//2742 2743//2743
f 2733//2733 2743//2743 2734//2734
f 2734//2734 2743//2743 2744//2744
f 2734//2734 2744//2744 2735//2735
f 2735//2735 2744//2744 2745//2745
f 2735//2735 2745//2745 2736//2736
f 2736//2736 2745//2745 2746//2746
f 2736//2736 2746//2746 2696//2696
f 2737//2737 2685//2685 2747//2747
f 2737//2737 2747//2747 2738//2738
f 2738//2738 2747//2747 2748//2748
f 2738//2738 2748//2748 2739//2739
f 2739//2739 2748//2748 2749//2749
f 2739//2739 2749//2749 2740//2740
f 2740//2740 2749//2749 2750//2750
f 2740//2740 2750//2750 2741//2741
f 2741//2741 2750//2750 2751//2751
f 2741//2741 2751//2751 2742//2742
f 2742//2742 2751//2751 2752//2752
f 2742//2742 2752//2752 2743//2743
f 2743//2743 2752//2752 2753//2753
f 2743//2743 2753//2753 2744//2744
f 2744//2744 2753//2753 2754//2754
f 2744//2744 2754//2754 2745//2745
f 2745//2745 2754//2754 2755//2755
f 2745//2745 2755//2755 2746//2746
f 2746//2746 2755//2755 2756//2756
f 2746//2746 2756//2756 2696//2696
f 2747//2747 2685//2685 2757//2757
f 2747//2747 2757//2757 2748//2748
f 2748//2748 2757//2757 2758//2758
f 2748//2748 2758//2758 2749//2749
f 2749//2749 2758//2758 2759//2759
f 2749//2749 2759//2759 2750//2750
f 2750//2750 2759//2759 2760//2760
f 2750//2750 2760//2760 2751//2751
f 2751//2751 2760//2760 2761//2761
f 2751//2751 2761//2761 2752//2752
f 2752//2752 2761//2761 2762//2762
f 2752//2752 2762//2762 2753//2753
f 2753//2753 2762//2762 2763//2763
f 2753//2753 2763//2763 2754//2754
f 2754//2754 2763//2763 2764//2764
f 2754//2754 2764//2764 2755//2755
f 2755//2755 2764//2764 2765//2765
f 2755//2755 2765//2765 2756//2756
f 2756//2756 2765//2765 2766//2766
f 2756//2756 2766//2766 2696//2696
f 2757//2757 2685//2685 2767//2767
f 2757//2757 2767//2767 2758//2758
f 2758//2758 2767//2767 2768//2768
f 2758//2758 2768//2768 2759//2759
f 2759//2759 2768//2768 2769//2769
f 2759//2759 2769//2769 2760//2760
f 2760//2760 2769//2769 2770//2770
f 2760//2760 2770//2770 2761//2761
f 2761//2761 2770//2770 2771//2771
f 2761//2761 2771//2771 2762//2762
f 2762//2762 2771//2771 2772//2772
f 2762//2762 2772//2772 2763//2763
f 2763//2763 2772//2772 2773//2773
f 2763//2763 2773//2773 2764//2764
f 2764//2764 2773//2773 2774//2774
f 2764//2764 2774//2774 2765//2765
f 2765//2765 2774//2774 2775//2775
f 2765//2765 2775//2775 2766//2766
f 2766//2766 2775//2775 2776//2776
f 2766//2766 2776//2776 2696//2696
f 2767//2767 2685//2685 2777//2777
f 2767//2767 2777//2777 2768//2768
f 2768//2768 2777//2777 2778//2778
f 2768//2768 2778//2778 2769//2769
f 2769//2769 2778//2778 2779//2779
f 2769//2769 2779//2779 2770//2770
f 2770//2770 2779//2779 2780//2780
f 2770//2770 2780//2780 2771//2771
f 2771//2771 2780//2780 2781//2781
f 2771//2771 2781//2781 2772//2772
f 2772//2772 2781//2781 2782//2782
f 2772//2772 2782//2782 2773//2773
f 2773//2773 2782//2782 2783//2783
f 2773//2773 2783//2783 2774//2774
f 2774//2774 2783//2783 2784//2784
f 2774//2774 2784//2784 2775//2775
f 2775//2775 2784//2784 2785//2785
f 2775//2775 2785//2785 2776//2776
f 2776//2776 2785//2785 2786//2786
f 2776//2776 2786//2786 2696//2696
f 2777//2777 2685//2685 2787//2787
f 2777//2777 2787//2787 2778//2778
f 2778//2778 2787//2787 2788//2788
f 2778//2778 2788//2788 2779//2779
f 2779//2779 2788//2788 2789//2789
f 2779//2779 2789//2789 2780//2780
f 2780//2780 2789//2789 2790//2790
f 2780//2780 2790//2790 2781//2781
f 2781//2781 2790//2790 2791//2791
f 2781//2781 2791//2791 2782//2782
f 2782//2782 2791//2791 2792//2792
f 2782//2782 2792//2792 2783//2783
f 2783//2783 2792//2792 2793//2793
f 2783//2783 2793//2793 2784//2784
f 2784//2784 2793//2793 2794//2794
f 2784//2784 2794//2794 2785//2785
f 2785//2785 2794//2794 2795//2795
f 2785//2785 2795//2795 2786//2786
f 2786//2786 2795//2795 2796//2796
f 2786//2786 2796//2796 2696//2696
f 2787//2787 2685//2685 2797//2797
f 2787//2787 2797//2797 2788//2788
f 2788//2788 2797//2797 2798//2798
f 2788//2788 2798//2798 2789//2789
f 2789//2789 2798//2798 2799//2799
f 2789//2789 2799//2799 2790//2790
f 2790//2790 2799//2799 2800//2800
f 2790//2790 2800//2800 2791//2791
f 2791//2791 2800//2800 2801//2801
f 2791//2791 2801//2801 2792//2792
f 2792//2792 2801//2801 2802//2802
f 2792//2792 2802//2802 2793//2793
f 2793//2793 2802//2802 2803//2803
f 2793//2793 2803//2803 2794//2794
f 2794//2794 2803//2803 2804//2804
f 2794//2794 2804//2804 2795//2795
f 2795//2795 2804//2804 2805//2805
f 2795//2795 2805//2805 2796//2796
f 2796//2796 2805//2805 2806//2806
f 2796//2796 2806//2806 2696//2696
f 2797//2797 2685//2685 2686//2686
f 2797//2797 2686//2686 2798//2798
f 2798//2798 2686//2686 2687//2687
f 2798//2798 2687//2687 2799//2799
f 2799//2799 2687//2687 2688//2688
f 2799//2799 2688//2688 2800//2800
f 2800//2800 2688//2688 2689//2689
f 2800//2800 2689//2689 2801//2801
f 2801//2801 2689//2689 2690//2690
f 2801//2801 2690//2690 2802//2802
f 2802//2802 2690//2690 2691//2691
f 2802//2802 2691//2691 2803//2803
f 2803//2803 2691//2691 2692//2692
f 2803//2803 2692//2692 2804//2804
f 2804//2804 2692//2692 2693//2693
f 2804//2804 2693//2693 2805//2805
f 2805//2805 2693//2693 2694//2694
f 2805//2805 2694//2694 2806//2806
f 2806//2806 2694//2694 2695//2695
f 2806//2806 2695//2695 2696//2696
f 2808//2808 2807//2807 2819//2819
f 2808//2808 2819//2819 2809//2809
f 2809//2809 2819//2819 2820//2820
f 2809//2809 2820//2820 2810//2810
f 2810//2810 2820//2820 2821//2821
f 2810//2810 2821//2821 2811//2811
f 2811//2811 2821//2821 2822//2822
f 2811//2811 2822//2822 2812//2812
f 2812//2812 2822//2822 2823//2823
f 2812//2812 2823//2823 2813//2813
f 2813//2813 2823//2823 2824//2824
f 2813//2813 2824//2824 2814//2814
f 2814//2814 2824//2824 2825//2825
f 2814//2814 2825//2825 2815//2815
f 2815//2815 2825//2825 2826//2826
f 2815//2815 2826//2826 2816//2816
f 2816//2816 2826//2826 2827//2827
f 2816//2816 2827//2827 2817//2817
f 2817//2817 2827//2827 2828//2828
f 2817//2817 2828//2828 2818//2818
f 2819//2819 2807//2807 2829//2829
f 2819//2819 2829//2829 2820//2820
f 2820//2820 2829//2829 2830//2830
f 2820//2820 2830//2830 2821//2821
f 2821//2821 2830//2830 2831//2831
f 2821//2821 2831//2831 2822//2822
f 2822//2822 2831//2831 2832//2832
f 2822//2822 2832//2832 2823//2823
f 2823//2823 2832//2832 2833//2833
f 2823//2823 2833//2833 2824//2824
f 2824//2824 2833//2833 2834//2834
f 2824//2824 2834//2834 2825//2825
f 2825//2825 2834//2834 2835//2835
f 2825//2825 2835//2835 2826//2826
f 2826//2826 2835//2835 2836//2836
f 2826//2826 2836//2836 2827//2827
f 2827//2827 2836//2836 2837//2837
f 2827//2827 2837//2837 2828//2828
f 2828//2828 2837//2837 2838//2838
f 2828//2828 2838//2838 2818//2818
f 2829//2829 2807//2807 2839//2839
f 2829//2829 2839//2839 2830//2830
f 2830//2830 2839//2839 2840//2840
f 2830//2830 2840//2840 2831//2831
f 2831//2831 2840//2840 2841//2841
f 2831//2831 2841//2841 2832//2832
f 2832//2832 2841//2841 2842//2842
f 2832//2832 2842//2842 2833//2833
f 2833//2833 2842//2842 2843//2843
f 2833//2833 2843//2843 2834//2834
f 2834//2834 2843//2843 2844//2844
f 2834//2834 2844//2844 2835//2835
f 2835//2835 2844//2844 2845//2845
f 2835//2835 2845//2845 2836//2836
f 2836//2836 2845//2845 2846//2846
f 2836//2836 2846//2846 2837//2837
f 2837//2837 2846//2846 2847//2847
f 2837//2837 2847//2847 2838//2838
f 2838//2838 2847//2847 2848//2848
f 2838//2838 2848//2848 2818//2818
f 2839//2839 2807//2807 2849//2849
f 2839//2839 2849//2849 2840//2840
f 2840//2840 2849//2849 2850//2850
f 2840//2840 2850//2850 2841//2841
f 2841//2841 2850//2850 2851//2851
f 2841//2841 2851//2851 2842//2842
f 2842//2842 2851//2851 2852//2852
f 2842//2842 2852//2852 2843//2843
f 2843//2843 2852//2852 2853//2853
f 2843//2843 2853//2853 2844//2844
f 2844//2844 2853//2853 2854//2854
f 2844//2844 2854//2854 2845//2845
f 2845//2845 2854//2854 2855//2855
f 2845//2845 2855//2855 2846//2846
f 2846//2846 2855//2855 2856//2856
f 2846//2846 2856//2856 2847//2847
f 2847//2847 2856//2856 2857//2857
f 2847//2847 2857//2857 2848//2848
f 2848//2848 2857//2857 2858//2858
f 2848//2848 2858//2858 2818//2818
f 2849//2849 2807//2807 2859//2859
f 2849//2849 2859//2859 2850//2850
f 2850//2850 2859//2859 2860//2860
f 2850//2850 2860//2860 2851//2851
f 2851//2851 2860//2860 2861//2861
f 2851//2851 2861//2861 2852//2852
f 2852//2852 2861//2861 2862//2862
f 2852//2852 2862//2862 2853//2853
f 2853//2853 2862//2862 2863//2863
f 2853//2853 2863//2863 2854//2854
f 2854//2854 2863//2863 2864//2864
f 2854//2854 2864//2864 2855//2855
f 2855//2855 2864//2864 2865//2865
f 2855//2855 2865//2865 2856//2856
f 2856//2856 2865//2865 2866//2866
f 2856//2856 2866//2866 2857//2857
f 2857//2857 2866//2866 2867//2867
f 2857//2857 2867//2867 2858//2858
f 2858//2858 2867//2867 2868//2868
f 2858//2858 2868//2868 2818//2818
f 2859//2859 2807//2807 2869//2869
f 2859//2859 2869//2869 2860//2860
f 2860//2860 2869//2869 2870//2870
f 2860//2860 2870//2870 2861//2861
f 2861//2861 2870//2870 2871//2871
f 2861//2861 2871//2871 2862//2862
f 2862//2862 2871//2871 2872//2872
f 2862//2862 2872//2872 2863//2863
f 2863//2863 2872//2872 2873//2873
f 2863//2863 2873//2873 2864//2864
f 2864//2864 2873//2873 2874//2874
f 2864//2864 2874//2874 2865//2865
f 2865//2865 2874//2874 2875//2875
f 2865//2865 2875//2875 2866//2866
f 2866//2866 2875//2875 2876//2876
f 2866//2866 2876//2876 2867//2867
f 2867//2867 2876//2876 2877//2877
f 2867//2867 2877//2877 2868//2868
f 2868//2868 2877//2877 2878//2878
f 2868//2868 2878//2878 2818//2818
f 2869//2869 2807//2807 2879//2879
f 2869//2869 2879//2879 2870//2870
f 2870//2870 2879//2879 2880//2880
f 2870//2870 2880//2880 2871//2871
f 2871//2871 2880//2880 2881//2881
f 2871//2871 2881//2881 2872//2872
f 2872//2872 2881//2881 2882//2882
f 2872//2872 2882//2882 2873//2873
f 2873//2873 2882//2882 2883//2883
f 2873//2873 2883//2883 2874//2874
f 2874//2874 2883//2883 2884//2884
f 2874//2874 2884//2884 2875//2875
f 2875//2875 2884//2884 2885//2885
f 2875//2875 2885//2885 2876//2876
f 2876//2876 2885//2885 2886//2886
f 2876//2876 2886//2886 2877//2877
f 2877//2877 2886//2886 2887//2887
f 2877//2877 2887//2887 2878//2878
f 2878//2878 2887//2887 2888//2888
f 2878//2878 2888//2888 2818//2818
f 2879//2879 2807//2807 2889//2889
f 2879//2879 2889//2889 2880//2880
f 2880//2880 2889//2889 2890//2890
f 2880//2880 2890//2890 2881//2881
f 2881//2881 2890//2890 2891//2891
f 2881//2881 2891//2891 2882//2882
f 2882//2882 2891//2891 2892//2892
f 2882//2882 2892//2892 2883//2883
f 2883//2883 2892//2892 2893//2893
f 2883//2883 2893//2893 2884//2884
f 2884//2884 2893//2893 2894//2894
f 2884//2884 2894//2894 2885//2885
f 2885//2885 2894//2894 2895//2895
f 2885//2885 2895//2895 2886//2886
f 2886//2886 2895//2895 2896//2896
f 2886//2886 2896//2896 2887//2887
f 2887//2887 2896//2896 2897//2897
f 2887//2887 2897//2897 2888//2888
f 2888//2888 2897//2897 2898//2898
f 2888//2888 2898//2898 2818//2818
f 2889//2889 2807//2807 2899//2899
f 2889//2889 2899//2899 2890//2890
f 2890//2890 2899//2899 2900//2900
f 2890//2890 2900//2900 2891//2891
f 2891//2891 2900//2900 2901//2901
f 2891//2891 2901//2901 2892//2892
f 2892//2892 2901//2901 2902//2902
f 2892//2892 2902//2902 2893//2893
f 2893//2893 2902//2902 2903//2903
f 2893//2893 2903//2903 2894//2894
f 2894//2894 2903//2903 2904//2904
f 2894//2894 2904//2904 2895//2895
f 2895//2895 2904//2904 2905//2905
f 2895//2895 2905//2905 2896//2896
f 2896//2896 2905//2905 2906//2906
f 2896//2896 2906//2906 2897//2897
f 2897//2897 2906//2906 2907//2907
f 2897//2897 2907//2907 2898//2898
f 2898//2898 2907//2907 2908//2908
f 2898//2898 2908//2908 2818//2818
f 2899//2899 2807//2807 2909//2909
f 2899//2899 2909//2909 2900//2900
f 2900//2900 2909//2909 2910//2910
f 2900//2900 2910//2910 2901//2901
f 2901//2901 2910//2910 2911//2911
f 2901//2901 2911//2911 2902//2902
f 2902//2902 2911//2911 2912//2912
f 2902//2902 2912//2912 2903//2903
f 2903//2903 2912//2912 2913//2913
f 2903//2903 2913//2913 2904//2904
f 2904//2904 2913//2913 2914//2914
f 2904//2904 2914//2914 2905//2905
f 2905//2905 2914//2914 2915//2915
f 2905//2905 2915//2915 2906//2906
f 2906//2906 2915//2915 2916//2916
f 2906//2906 2916//2916 2907//2907
f 2907//2907 2916//2916 2917//2917
f 2907//2907 2917//2917 2908//2908
f 2908//2908 2917//2917 2918//2918
f 2908//2908 2918//2918 2818//2818
f 2909//2909 2807//2807 2919//2919
f 2909//2909 2919//2919 2910//2910
f 2910//2910 2919//2919 2920//2920
f 2910//2910 2920//2920 2911//2911
f 2911//2911 2920//2920 2921//2921
f 2911//2911 2921//2921 2912//2912
f 2912//2912 2921//2921 2922//2922
f 2912//2912 2922//2922 2913//2913
f 2913//2913 2922//2922 2923//2923
f 2913//2913 2923//2923 2914//2914
f 2914//2914 2923//2923 2924//2924
f 2914//2914 2924//2924 2915//2915
f 2915//2915 2924//2924 2925//2925
f 2915//2915 2925//2925 2916//2916
f 2916//2916 2925//2925 2926//2926
f 2916//2916 2926//2926 2917//2917
f 2917//2917 2926//2926 2927//2927
f 2917//2917 2927//2927 2918//2918
f 2918//2918 2927//2927 2928//2928
f 2918//2918 2928//2928 2818//2818
f 2919//2919 2807//2807 2808//2808
f 2919//2919 2808//2808 2920//2920
f 2920//2920 2808//2808 2809//2809
f 2920//2920 2809//2809 2921//2921
f 2921//2921 2809//2809 2810//2810
f 2921//2921 2810//2810 2922//2922
f 2922//2922 2810//2810 2811//2811
f 2922//2922 2811//2811 2923//2923
f 2923//2923 2811//2811 2812//2812
f 2923//2923 2812//2812 2924//2924
f 2924//2924 2812//2812 2813//2813
f 2924//2924 2813//2813 2925//2925
f 2925//2925 2813//2813 2814//2814
f 2925//2925 2814//2814 2926//2926
f 2926//2926 2814//2814 2815//2815
f 2926//2926 2815//2815 2927//2927
f 2927//2927 2815//2815 2816//2816
f 2927//2927 2816//2816 2928//2928
f 2928//2928 2816//2816 2817//2817
f 2928//2928 2817//2817 2818//2818
f 2930//2930 2929//2929 2941//2941
f 2930//2930 2941//2941 2931//2931
f 2931//2931 2941//2941 2942//2942
f 2931//2931 2942//2942 2932//2932
f 2932//2932 2942//2942 2943//2943
f 2932//2932 2943//2943 2933//2933
f 2933//2933 2943//2943 2944//2944
f 2933//2933 2944//2944 2934//2934
f 2934//2934 2944//2944 2945//2945
f 2934//2934 2945//2945 2935//2935
f 2935//2935 2945//2945 2946//2946
f 2935//2935 2946//2946 2936//2936
f 2936//2936 2946//2946 2947//2947
f 2936//2936 2947//2947 2937//2937
f 2937//2937 2947//2947 2948//2948
f 2937//2937 2948//2948 2938//2938
f 2938//2938 2948//2948 2949//2949
f 2938//2938 2949//2949 2939//2939
f 2939//2939 2949//2949 2950//2950
f 2939//2939 2950//2950 2940//2940
f 2941//2941 2929//2929 2951//2951
f 2941//2941 2951//2951 2942//2942
f 2942//2942 2951//2951 2952//2952
f 2942//2942 2952//2952 2943//2943
f 2943//2943 2952//2952 2953//2953
f 2943//2943 2953//2953 2944//2944
f 2944//2944 2953//2953 2954//2954
f 2944//2944 2954//2954 2945//2945
f 2945//2945 2954//2954 2955//2955
f 2945//2945 2955//2955 2946//2946
f 2946//2946 2955//2955 2956//2956
f 2946//2946 2956//2956 2947//2947
f 2947//2947 2956//2956 2957//2957
f 2947//2947 2957//2957 2948//2948
f 2948//2948 2957//2957 2958//2958
f 2948//2948 2958//2958 2949//2949
f 2949//2949 2958//2958 2959//2959
f 2949//2949 2959//2959 2950//2950
f 2950//2950 2959//2959 2960//2960
f 2950//2950 2960//2960 2940//2940
f 2951//2951 2929//2929 2961//2961
f 2951//2951 2961//2961 2952//2952
f 2952//2952 2961//2961 2962//2962
f 2952//2952 2962//2962 2953//2953
f 2953//2953 2962//2962 2963//2963
f 2953//2953 2963//2963 2954//2954
f 2954//2954 2963//2963 2964//2964
f 2954//2954 2964//2964 2955//2955
f 2955//2955 2964//2964 2965//2965
f 2955//2955 2965//2965 2956//2956
f 2956//2956 2965//2965 2966//2966
f 2956//2956 2966//2966 2957//2957
f 2957//2957 2966//2966 2967//2967
f 2957//2957 2967//2967 2958//2958
f 2958//2958 2967//2967 2968//2968
f 2958//2958 2968//2968 2959//2959
f 2959//2959 2968//2968 2969//2969
f 2959//2959 2969//2969 2960//2960
f 2960//2960 2969//2969 2970//2970
f 2960//2960 2970//2970 2940//2940
f 2961//2961 2929//2929 2971//2971
f 2961//2961 2971//2971 2962//2962
f 2962//2962 2971//2971 2972//2972
f 2962//2962 2972//2972 2963//2963
f 2963//2963 2972//2972 2973//2973
f 2963//2963 2973//2973 2964//2964
f 2964//2964 2973//2973 2974//2974
f 2964//2964 2974//2974 2965//2965
f 2965//2965 2974//2974 2975//2975
f 2965//2965 2975//2975 2966//2966
f 2966//2966 2975//2975 2976//2976
f 2966//2966 2976//2976 2967//2967
f 2967//2967 2976//2976 2977//2977
f 2967//2967 2977//2977 2968//2968
f 2968//2968 2977//2977 2978//2978
f 2968//2968 2978//2978 2969//2969
f 2969//2969 2978//2978 2979//2979
f 2969//2969 2979//2979 2970//2970
f 2970//2970 2979//2979 2980//2980
f 2970//2970 2980//2980 2940//2940
f 2971//2971 2929//2929 2981//2981
f 2971//2971 2981//2981 2972//2972
f 2972//2972 2981//2981 2982//2982
f 2972//2972 2982//2982 2973//2973
f 2973//2973 2982//2982 2983//2983
f 2973//2973 2983//2983 2974//2974
f 2974//2974 2983//2983 2984//2984
f 2974//2974 2984//2984 2975//2975
f 2975//2975 2984//2984 2985//2985
f 2975//2975 2985//2985 2976//2976
f 2976//2976 2985//2985 2986//2986
f 2976//2976 2986//2986 2977//2977
f 2977//2977 2986//2986 2987//2987
f 2977//2977 2987//2987 2978//2978
f 2978//2978 2987//2987 2988//2988
f 2978//2978 2988//2988 2979//2979
f 2979//2979 2988//2988 2989//2989
f 2979//2979 2989//2989 2980//2980
f 2980//2980 2989//2989 2990//2990
f 2980//2980 2990//2990 2940//2940
f 2981//2981 2929//2929 2991//2991
f 2981//2981 2991//2991 2982//2982
f 2982//2982 2991//2991 2992//2992
f 2982//2982 2992//2992 2983//2983
f 2983//2983 2992//2992 2993//2993
f 2983//2983 2993//2993 2984//2984
f 2984//2984 2993//2993 2994//2994
f 2984//2984 2994//2994 2985//2985
f 2985//2985 2994//2994 2995//2995
f 2985//2985 2995//2995 2986//2986
f 2986//2986 2995//2995 2996//2996
f 2986//2986 2996//2996 2987//2987
f 2987//2987 2996//2996 2997//2997
f 2987//2987 2997//2997 2988//2988
f 2988//2988 2997//2997 2998//2998
f 2988//2988 2998//2998 2989//2989
f 2989//2989 2998//2998 2999//2999
f 2989//2989 2999//2999 2990//2990
f 2990//2990 2999//2999 3000//3000
f 2990//2990 3000//3000 2940//2940
f 2991//2991 2929//2929 3001//3001
f 2991//2991 3001//3001 2992//2992
f 2992//2992 3001//3001 3002//3002
f 2992//2992 3002//3002 2993//2993
f 2993//2993 3002//3002 3003//3003
f 2993//2993 3003//3003 2994//2994
f 2994//2994 3003//3003 3004//3004
f 2994//2994 3004//3004 2995//2995
f 2995//2995 3004//3004 3005//3005
f 2995//2995 3005//3005 2996//2996
f 2996//2996 3005//3005 3006//3006
f 2996//2996 3006//3006 2997//2997
f 2997//2997 3006//3006 3007//3007
f 2997//2997 3007//3007 2998//2998
f 2998//2998 3007//3007 3008//3008
f 2998//2998 3008//3008 2999//2999
f 2999//2999 3008//3008 3009//3009
f 2999//2999 3009//3009 3000//3000
f 3000//3000 3009//3009 3010//3010
f 3000//3000 3010//3010 2940//2940
f 3001//3001 2929//2929 3011//3011
f 3001//3001 3011//3011 3002//3002
f 3002//3002 3011//3011 3012//3012
f 3002//3002 3012//3012 3003//3003
f 3003//3003 3012//3012 3013//3013
f 3003//3003 3013//3013 3004//3004
f 3004//3004 3013//3013 3014//3014
f 3004//3004 3014//3014 3005//3005
f 3005//3005 3014//3014 3015//3015
f 3005//3005 3015//3015 3006//3006
f 3006//3006 3015//3015 3016//3016
f 3006//3006 3016//3016 3007//3007
f 3007//3007 3016//3016 3017//3017
f 3007//3007 3017//3017 3008//3008
f 3008//3008 3017//3017 3018//3018
f 3008//3008 3018//3018 3009//3009
f 3009//3009 3018//3018 3019//3019
f 3009//3009 3019//3019 3010//3010
f 3010//3010 3019//3019 3020//3020
f 3010//3010 3020//3020 2940//2940
f 3011//3011 2929//2929 3021//3021
f 3011//3011 3021//3021 3012//3012
f 3012//3012 3021//3021 3022//3022
f 3012//3012 3022//3022 3013//3013
f 3013//3013 3022//3022 3023//3023
f 3013//3013 3023//3023 3014//3014
f 3014//3014 3023//3023 3024//3024
f 3014//3014 3024//3024 3015//3015
f 3015//3015 3024//3024 3025//3025
f 3015//3015 3025//3025 3016//3016
f 3016//3016 3025//3025 3026//3026
f 3016//3016 3026//3026 3017//3017
f 3017//3017 3026//3026 3027//3027
f 3017//3017 3027//3027 3018//3018
f 3018//3018 3027//3027 3028//3028
f 3018//3018 3028//3028 3019//3019
f 3019//3019 3028//3028 3029//3029
f 3019//3019 3029//3029 3020//3020
f 3020//3020 3029//3029 3030//3030
f 3020//3020 3030//3030 2940//2940
f 3021//3021 2929//2929 3031//3031
f 3021//3021 3031//3031 3022//3022
f 3022//3022 3031//3031 3032//3032
f 3022//3022 3032//3032 3023//3023
f 3023//3023 3032//3032 3033//3033
f 3023//3023 3033//3033 3024//3024
f 3024//3024 3033//3033 3034//3034
f 3024//3024 3034//3034 3025//3025
f 3025//3025 3034//3034 3035//3035
f 3025//3025 3035//3035 3026//3026
f 3026//3026 3035//3035 3036//3036
f 3026//3026 3036//3036 3027//3027
f 3027//3027 3036//3036 3037//3037
f 3027//3027 3037//3037 3028//3028
f 3028//3028 3037//3037 3038//3038
f 3028//3028 3038//3038 3029//3029
f 3029//3029 3038//3038 3039//3039
f 3029//3029 3039//3039 3030//3030
f 3030//3030 3039//3039 3040//3040
f 3030//3030 3040//3040 2940//2940
f 3031//3031 2929//2929 3041//3041
f 3031//3031 3041//3041 3032//3032
f 3032//3032 3041//3041 3042//3042
f 3032//3032 3042//3042 3033//3033
f 3033//3033 3042//3042 3043//3043
f 3033//3033 3043//3043 3034//3034
f 3034//3034 3043//3043 3044//3044
f 3034//3034 3044//3044 3035//3035
f 3035//3035 3044//3044 3045//3045
f 3035//3035 3045//3045 3036//3036
f 3036//3036 3045//3045 3046//3046
f 3036//3036 3046//3046 3037//3037
f 3037//3037 3046//3046 3047//3047
f 3037//3037 3047//3047 3038//3038
f 3038//3038 3047//3047 3048//3048
f 3038//3038 3048//3048 3039//3039
f 3039//3039 3048//3048 3049//3049
f 3039//3039 3049//3049 3040//3040
f 3040//3040 3049//3049 3050//3050
f 3040//3040 3050//3050 2940//2940
f 3041//3041 2929//2929 2930//2930
f 3041//3041 2930//2930 3042//3042
f 3042//3042 2930//2930 2931//2931
f 3042//3042 2931//2931 3043//3043
f 3043//3043 2931//2931 2932//2932
f 3043//3043 2932//2932 3044//3044
f 3044//3044 2932//2932 2933//2933
f 3044//3044 2933//2933 3045//3045
f 3045//3045 2933//2933 2934//2934
f 3045//3045 2934//2934 3046//3046
f 3046//3046 2934//2934 2935//2935
f 3046//3046 2935//2935 3047//3047
f 3047//3047 2935//2935 2936//2936
f 3047//3047 2936//2936 3048//3048
f 3048//3048 2936//2936 2937//2937
f 3048//3048 2937//2937 3049//3049
f 3049//3049 2937//2937 2938//2938
f 3049//3049 2938//2938 3050//3050
f 3050//3050 2938//2938 2939//2939
f 3050//3050 2939//2939 2940//2940
f 3052//3052 3051//3051 3063//3063
f 3052//3052 3063//3063 3053//3053
f 3053//3053 3063//3063 3064//3064
f 3053//3053 3064//3064 3054//3054
f 3054//3054 3064//3064 3065//3065
f 3054//3054 3065//3065 3055//3055
f 3055//3055 3065//3065 3066//3066
f 3055//3055 3066//3066 3056//3056
f 3056//3056 3066//3066 3067//3067
f 3056//3056 3067//3067 3057//3057
f 3057//3057 3067//3067 3068//3068
f 3057//3057 3068//3068 3058//3058
f 3058//3058 3068//3068 3069//3069
f 3058//3058 3069//3069 3059//3059
f 3059//3059 3069//3069 3070//3070
f 3059//3059 3070//3070 3060//3060
f 3060//3060 3070//3070 3071//3071
f 3060//3060 3071//3071 3061//3061
f 3061//3061 3071//3071 3072//3072
f 3061//3061 3072//3072 3062//3062
f 3063//3063 3051//3051 3073//3073
f 3063//3063 3073//3073 3064//3064
f 3064//3064 3073//3073 3074//3074
f 3064//3064 3074//3074 3065//3065
f 3065//3065 3074//3074 3075//3075
f 3065//3065 3075//3075 3066//3066
f 3066//3066 3075//3075 3076//3076
f 3066//3066 3076//3076 3067//3067
f 3067//3067 3076//3076 3077//3077
f 3067//3067 3077//3077 3068//3068
f 3068//3068 3077//3077 3078//3078
f 3068//3068 3078//3078 3069//3069
f 3069//3069 3078//3078 3079//3079
f 3069//3069 3079//3079 3070//3070
f 3070//3070 3079//3079 3080//3080
f 3070//3070 3080//3080 3071//3071
f 3071//3071 3080//3080 3081//3081
f 3071//3071 3081//3081 3072//3072
f 3072//3072 3081//3081 3082//3082
f 3072//3072 3082//3082 3062//3062
f 3073//3073 3051//3051 3083//3083
f 3073//3073 3083//3083 3074//3074
f 3074//3074 3083//3083 3084//3084
f 3074//3074 3084//3084 3075//3075
f 3075//3075 3084//3084 3085//3085
f 3075//3075 3085//3085 3076//3076
f 3076//3076 3085//3085 3086//3086
f 3076//3076 3086//3086 3077//3077
f 3077//3077 3086//3086 3087//3087
f 3077//3077 3087//3087 3078//3078
f 3078//3078 3087//3087 3088//3088
f 3078//3078 3088//3088 3079//3079
f 3079//3079 3088//3088 3089//3089
f 3079//3079 3089//3089 3080//3080
f 3080//3080 3089//3089 3090//3090
f 3080//3080 3090//3090 3081//3081
f 3081//3081 3090//3090 3091//3091
f 3081//3081 3091//3091 3082//3082
f 3082//3082 3091//3091 3092//3092
f 3082//3082 3092//3092 3062//3062
f 3083//3083 3051//3051 3093//3093
f 3083//3083 3093//3093 3084//3084
f 3084//3084 3093//3093 3094//3094
f 3084//3084 3094//3094 3085//3085
f 3085//3085 3094//3094 3095//3095
f 3085//3085 3095//3095 3086//3086
f 3086//3086 3095//3095 3096//3096
f 3086//3086 3096//3096 3087//3087
f 3087//3087 3096//3096 3097//3097
f 3087//3087 3097//3097 3088//3088
f 3088//3088 3097//3097 3098//3098
f 3088//3088 3098//3098 3089//3089
f 3089//3089 3098//3098 3099//3099
f 3089//3089 3099//3099 3090//3090
f 3090//3090 3099//3099 3100//3100
f 3090//3090 3100//3100 3091//3091
f 3091//3091 3100//3100 3101//3101
f 3091//3091 3101//3101 3092//3092
f 3092//3092 3101//3101 3102//3102
f 3092//3092 3102//3102 3062//3062
f 3093//3093 3051//3051 3103//3103
f 3093//3093 3103//3103 3094//3094
f 3094//3094 3103//3103 3104//3104
f 3094//3094 3104//3104 3095//3095
f 3095//3095 3104//3104 3105//3105
f 3095//3095 3105//3105 3096//3096
f 3096//3096 3105//3105 3106//3106
f 3096//3096 3106//3106 3097//3097
f 3097//3097 3106//3106 3107//3107
f 3097//3097 3107//3107 3098//3098
f 3098//3098 3107//3107 3108//3108
f 3098//3098 3108//3108 3099//3099
f 3099//3099 3108//3108 3109//3109
f 3099//3099 3109//3109 3100//3100
f 3100//3100 3109//3109 3110//3110
f 3100//3100 3110//3110 3101//3101
f 3101//3101 3110//3110 3111//3111
f 3101//3101 3111//3111 3102//3102
f 3102//3102 3111//3111 3112//3112
f 3102//3102 3112//3112 3062//3062
f 3103//3103 3051//3051 3113//3113
f 3103//3103 3113//3113 3104//3104
f 3104//3104 3113//3113 3114//3114
f 3104//3104 3114//3114 3105//3105
f 3105//3105 3114//3114 3115//3115
f 3105//3105 3115//3115 3106//3106
f 3106//3106 3115//3115 3116//3116
f 3106//3106 3116//3116 3107//3107
f 3107//3107 3116//3116 3117//3117
f 3107//3107 3117//3117 3108//3108
f 3108//3108 3117//3117 3118//3118
f 3108//3108 3118//3118 3109//3109
f 3109//3109 3118//3118 3119//3119
f 3109//3109 3119//3119 3110//3110
f 3110//3110 3119//3119 3120//3120
f 3110//3110 3120//3120 3111//3111
f 3111//3111 3120//3120 3121//3121
f 3111//3111 3121//3121 3112//3112
f 3112//3112 3121//3121 3122//3122
f 3112//3112 3122//3122 3062//3062
f 3113//3113 3051//3051 3123//3123
f 3113//3113 3123//3123 3114//3114
f 3114//3114 3123//3123 3124//3124
f 3114//3114 3124//3124 3115//3115
f 3115//3115 3124//3124 3125//3125
f 3115//3115 3125//3125 3116//3116
f 3116//3116 3125//3125 3126//3126
f 3116//3116 3126//3126 3117//3117
f 3117//3117 3126//3126 3127//3127
f 3117//3117 3127//3127 3118//3118
f 3118//3118 3127//3127 3128//3128
f 3118//3118 3128//3128 3119//3119
f 3119//3119 3128//3128 3129//3129
f 3119//3119 3129//3129 3120//3120
f 3120//3120 3129//3129 3130//3130
f 3120//3120 3130//3130 3121//3121
f 3121//3121 3130//3130 3131//3131
f 3121//3121 3131//3131 3122//3122
f 3122//3122 3131//3131 3132//3132
f 3122//3122 3132//3132 3062//3062
f 3123//3123 3051//3051 3133//3133
f 3123//3123 3133//3133 3124//3124
f 3124//3124 3133//3133 3134//3134
f 3124//3124 3134//3134 3125//3125
f 3125//3125 3134//3134 3135//3135
f 3125//3125 3135//3135 3126//3126
f 3126//3126 3135//3135 3136//3136
f 3126//3126 3136//3136 3127//3127
f 3127//3127 3136//3136 3137//3137
f 3127//3127 3137//3137 3128//3128
f 3128//3128 3137//3137 3138//3138
f 3128//3128 3138//3138 3129//3129
f 3129//3129 3138//3138 3139//3139
f 3129//3129 3139//3139 3130//3130
f 3130//3130 3139//3139 3140//3140
f 3130//3130 3140//3140 3131//3131
f 3131//3131 3140//3140 3141//3141
f 3131//3131 3141//3141 3132//3132
f 3132//3132 3141//3141 3142//3142
f 3132//3132 3142//3142 3062//3062
f 3133//3133 3051//3051 3143//3143
f 3133//3133 3143//3143 3134//3134
f 3134//3134 3143//3143 3144//3144
f 3134//3134 3144//3144 3135//3135
f 3135//3135 3144//3144 3145//3145
f 3135//3135 3145//3145 3136//3136
f 3136//3136 3145//3145 3146//3146
f 3136//3136 3146//3146 3137//3137
f 3137//3137 3146//3146 3147//3147
f 3137//3137 3147//3147 3138//3138
f 3138//3138 3147//3147 3148//3148
f 3138//3138 3148//3148 3139//3139
f 3139//3139 3148//3148 3149//3149
f 3139//3139 3149//3149 3140//3140
f 3140//3140 3149//3149 3150//3150
f 3140//3140 3150//3150 3141//3141
f 3141//3141 3150//3150 3151//3151
f 3141//3141 3151//3151 3142//3142
f 3142//3142 3151//3151 3152//3152
f 3142//3142 3152//3152 3062//3062
f 3143//3143 3051//3051 3153//3153
f 3143//3143 3153//3153 3144//3144
f 3144//3144 3153//3153 3154//3154
f 3144//3144 3154//3154 3145//3145
f 3145//3145 3154//3154 3155//3155
f 3145//3145 3155//3155 3146//3146
f 3146//3146 3155//3155 3156//3156
f 3146//3146 3156//3156 3147//3147
f 3147//3147 3156//3156 3157//3157
f 3147//3147 3157//3157 3148//3148
f 3148//3148 3157//3157 3158//3158
f 3148//3148 3158//3158 3149//3149
f 3149//3149 3158//3158 3159//3159
f 3149//3149 3159//3159 3150//3150
f 3150//3150 3159//3159 3160//3160
f 3150//3150 3160//3160 3151//3151
f 3151//3151 3160//3160 3161//3161
f 3151//3151 3161//3161 3152//3152
f 3152//3152 3161//3161 3162//3162
f 3152//3152 3162//3162 3062//3062
f 3153//3153 3051//3051 3163//3163
f 3153//3153 3163//3163 3154//3154
f 3154//3154 3163//3163 3164//3164
f 3154//3154 3164//3164 3155//3155
f 3155//3155 3164//3164 3165//3165
f 3155//3155 3165//3165 3156//3156
f 3156//3156 3165//3165 3166//3166
f 3156//3156 3166//3166 3157//3157
f 3157//3157 3166//3166 3167//3167
f 3157//3157 3167//3167 3158//3158
f 3158//3158 3167//3167 3168//3168
f 3158//3158 3168//3168 3159//3159
f 3159//3159 3168//3168 3169//3169
f 3159//3159 3169//3169 3160//3160
f 3160//3160 3169//3169 3170//3170
f 3160//3160 3170//3170 3161//3161
f 3161//3161 3170//3170 3171//3171
f 3161//3161 3171//3171 3162//3162
f 3162//3162 3171//3171 3172//3172
f 3162//3162 3172//3172 3062//3062
f 3163//3163 3051//3051 3052//3052
f 3163//3163 3052//3052 3164//3164
f 3164//3164 3052//3052 3053//3053
f 3164//3164 3053//3053 3165//3165
f 3165//3165 3053//3053 3054//3054
f 3165//3165 3054//3054 3166//3166
f 3166//3166 3054//3054 3055//3055
f 3166//3166 3055//3055 3167//3167
f 3167//3167 3055//3055 3056//3056
f 3167//3167 3056//3056 3168//3168
f 3168//3168 3056//3056 3057//3057
f 3168//3168 3057//3057 3169//3169
f 3169//3169 3057//3057 3058//3058
f 3169//3169 3058//3058 3170//3170
f 3170//3170 3058//3058 3059//3059
f 3170//3170 3059//3059 3171//3171
f 3171//3171 3059//3059 3060//3060
f 3171//3171 3060//3060 3172//3172
f 3172//3172 3060//3060 3061//3061
f 3172//3172 3061//3061 3062//3062
f 3174//3174 3173//3173 3185//3185
f 3174//3174 3185//3185 3175//3175
f 3175//3175 3185//3185 3186//3186
f 3175//3175 3186//3186 3176//3176
f 3176//3176 3186//3186 3187//3187
f 3176//3176 3187//3187 3177//3177
f 3177//3177 3187//3187 3188//3188
f 3177//3177 3188//3188 3178//3178
f 3178//3178 3188//3188 3189//3189
f 3178//3178 3189//3189 3179//3179
f 3179//3179 3189//3189 3190//3190
f 3179//3179 3190//3190 3180//3180
f 3180//3180 3190//3190 3191//3191
f 3180//3180 3191//3191 3181//3181
f 3181//3181 3191//3191 3192//3192
f 3181//3181 3192//3192 3182//3182
f 3182//3182 3192//3192 3193//3193
f 3182//3182 3193//3193 3183//3183
f 3183//3183 3193//3193 3194//3194
f 3183//3183 3194//3194 3184//3184
f 3185//3185 3173//3173 3195//3195
f 3185//3185 3195//3195 3186//3186
f 3186//3186 3195//3195 3196//3196
f 3186//3186 3196//3196 3187//3187
f 3187//3187 3196//3196 3197//3197
f 3187//3187 3197//3197 3188//3188
f 3188//3188 3197//3197 3198//3198
f 3188//3188 3198//3198 3189//3189
f 3189//3189 3198//3198 3199//3199
f 3189//3189 3199//3199 3190//3190
f 3190//3190 3199//3199 3200//3200
f 3190//3190 3200//3200 3191//3191
f 3191//3191 3200//3200 3201//3201
f 3191//3191 3201//3201 3192//3192
f 3192//3192 3201//3201 3202//3202
f 3192//3192 3202//3202 3193//3193
f 3193//3193 3202//3202 3203//3203
f 3193//3193 3203//3203 3194//3194
f 3194//3194 3203//3203 3204//3204
f 3194//3194 3204//3204 3184//3184
f 3195//3195 3173//3173 3205//3205
f 3195//3195 3205//3205 3196//3196
f 3196//3196 3205//3205 3206//3206
f 3196//3196 3206//3206 3197//3197
f 3197//3197 3206//3206 3207//3207
f 3197//3197 3207//3207 3198//3198
f 3198//3198 3207//3207 3208//3208
f 3198//3198 3208//3208 3199//3199
f 3199//3199 3208//3208 3209//3209
f 3199//3199 3209//3209 3200//3200
f 3200//3200 3209//3209 3210//3210
f 3200//3200 3210//3210 3201//3201
f 3201//3201 3210//3210 3211//3211
f 3201//3201 3211//3211 3202//3202
f 3202//3202 3211//3211 3212//3212
f 3202//3202 3212//3212 3203//3203
f 3203//3203 3212//3212 3213//3213
f 3203//3203 3213//3213 3204//3204
f 3204//3204 3213//3213 3214//3214
f 3204//3204 3214//3214 3184//3184
f 3205//3205 3173//3173 3215//3215
f 3205//3205 3215//3215 3206//3206
f 3206//3206 3215//3215 3216//3216
f 3206//3206 3216//3216 3207//3207
f 3207//3207 3216//3216 3217//3217
f 3207//3207 3217//3217 3208//3208
f 3208//3208 3217//3217 3218//3218
f 3208//3208 3218//3218 3209//3209
f 3209//3209 3218//3218 3219//3219
f 3209//3209 3219//3219 3210//3210
f 3210//3210 3219//3219 3220//3220
f 3210//3210 3220//3220 3211//3211
f 3211//3211 3220//3220 3221//3221
f 3211//3211 3221//3221 3212//3212
f 3212//3212 3221//3221 3222//3222
f 3212//3212 3222//3222 3213//3213
f 3213//3213 3222//3222 3223//3223
f 3213//3213 3223//3223 3214//3214
f 3214//3214 3223//3223 3224//3224
f 3214//3214 3224//3224 3184//3184
f 3215//3215 3173//3173 3225//3225
f 3215//3215 3225//3225 3216//3216
f 3216//3216 3225//3225 3226//3226
f 3216//3216 3226//3226 3217//3217
f 3217//3217 3226//3226 3227//3227
f 3217//3217 3227//3227 3218//3218
f 3218//3218 3227//3227 3228//3228
f 3218//3218 3228//3228 3219//3219
f 3219//3219 3228//3228 3229//3229
f 3219//3219 3229//3229 3220//3220
f 3220//3220 3229//3229 3230//3230
f 3220//3220 3230//3230 3221//3221
f 3221//3221 3230//3230 3231//3231
f 3221//3221 3231//3231 3222//3222
f 3222//3222 3231//3231 3232//3232
f 3222//3222 3232//3232 3223//3223
f 3223//3223 3232//3232 3233//3233
f 3223//3223 3233//3233 3224//3224
f 3224//3224 3233//3233 3234//3234
f 3224//3224 3234//3234 3184//3184
f 3225//3225 3173//3173 3235//3235
f 3225//3225 3235//3235 3226//3226
f 3226//3226 3235//3235 3236//3236
f 3226//3226 3236//3236 3227//3227
f 3227//3227 3236//3236 3237//3237
f 3227//3227 3237//3237 3228//3228
f 3228//3228 3237//3237 3238//3238
f 3228//3228 3238//3238 3229//3229
f 3229//3229 3238//3238 3239//3239
f 3229//3229 3239//3239 3230//3230
f 3230//3230 3239//3239 3240//3240
f 3230//3230 3240//3240 3231//3231
f 3231//3231 3240//3240 3241//3241
f 3231//3231 3241//3241 3232//3232
f 3232//3232 3241//3241 3242//3242
f 3232//3232 3242//3242 3233//3233
f 3233//3233 3242//3242 3243//3243
f 3233//3233 3243//3243 3234//3234
f 3234//3234 3243//3243 3244//3244
f 3234//3234 3244//3244 3184//3184
f 3235//3235 3173//3173 3245//3245
f 3235//3235 3245//3245 3236//3236
f 3236//3236 3245//3245 3246//3246
f 3236//3236 3246//3246 3237//3237
f 3237//3237 3246//3246 3247//3247
f 3237//3237 3247//3247 3238//3238
f 3238//3238 3247//3247 3248//3248
f 3238//3238 3248//3248 3239//3239
f 3239//3239 3248//3248 3249//3249
f 3239//3239 3249//3249 3240//3240
f 3240//3240 3249//3249 3250//3250
f 3240//3240 3250//3250 3241//3241
f 3241//3241 3250//3250 3251//3251
f 3241//3241 3251//3251 3242//3242
f 3242//3242 3251//3251 3252//3252
f 3242//3242 3252//3252 3243//3243
f 3243//3243 3252//3252 3253//3253
f 3243//3243 3253//3253 3244//3244
f 3244//3244 3253//3253 3254//3254
f 3244//3244 3254//3254 3184//3184
f 3245//3245 3173//3173 3255//3255
f 3245//3245 3255//3255 3246//3246
f 3246//3246 3255//3255 3256//3256
f 3246//3246 3256//3256 3247//3247
f 3247//3247 3256//3256 3257//3257
f 3247//3247 3257//3257 3248//3248
f 3248//3248 3257//3257 3258//3258
f 3248//3248 3258//3258 3249//3249
f 3249//3249 3258//3258 3259//3259
f 3249//3249 3259//3259 3250//3250
f 3250//3250 3259//3259 3260//3260
f 3250//3250 3260//3260 3251//3251
f 3251//3251 3260//3260 3261//3261
f 3251//3251 3261//3261 3252//3252
f 3252//3252 3261//3261 3262//3262
f 3252//3252 3262//3262 3253//3253
f 3253//3253 3262//3262 3263//3263
f 3253//3253 3263//3263 3254//3254
f 3254//3254 3263//3263 3264//3264
f 3254//3254 3264//3264 3184//3184
f 3255//3255 3173//3173 3265//3265
f 3255//3255 3265//3265 3256//3256
f 3256//3256 3265//3265 3266//3266
f 3256//3256 3266//3266 3257//3257
f 3257//3257 3266//3266 3267//3267
f 3257//3257 3267//3267 3258//3258
f 3258//3258 3267//3267 3268//3268
f 3258//3258 3268//3268 3259//3259
f 3259//3259 3268//3268 3269//3269
f 3259//3259 3269//3269 3260//3260
f 3260//3260 3269//3269 3270//3270
f 3260//3260 3270//3270 3261//3261
f 3261//3261 3270//3270 3271//3271
f 3261//3261 3271//3271 3262//3262
f 3262//3262 3271//3271 3272//3272
f 3262//3262 3272//3272 3263//3263
f 3263//3263 3272//3272 3273//3273
f 3263//3263 3273//3273 3264//3264
f 3264//3264 3273//3273 3274//3274
f 3264//3264 3274//3274 3184//3184
f 3265//3265 3173//3173 3275//3275
f 3265//3265 3275//3275 3266//3266
f 3266//3266 3275//3275 3276//3276
f 3266//3266 3276//3276 3267//3267
f 3267//3267 3276//3276 3277//3277
f 3267//3267 3277//3277 3268//3268
f 3268//3268 3277//3277 3278//3278
f 3268//3268 3278//3278 3269//3269
f 3269//3269 3278//3278 3279//3279
f 3269//3269 3279//3279 3270//3270
f 3270//3270 3279//3279 3280//3280
f 3270//3270 3280//3280 3271//3271
f 3271//3271 3280//3280 3281//3281
f 3271//3271 3281//3281 3272//3272
f 3272//3272 3281//3281 3282//3282
f 3272//3272 3282//3282 3273//3273
f 3273//3273 3282//3282 3283//3283
f 3273//3273 3283//3283 3274//3274
f 3274//3274 3283//3283 3284//3284
f 3274//3274 3284//3284 3184//3184
f 3275//3275 3173//3173 3285//3285
f 3275//3275 3285//3285 3276//3276
f 3276//3276 3285//3285 3286//3286
f 3276//3276 3286//3286 3277//3277
f 3277//3277 3286//3286 3287//3287
f 3277//3277 3287//3287 3278//3278
f 3278//3278 3287//3287 3288//3288
f 3278//3278 3288//3288 3279//3279
f 3279//3279 3288//3288 3289//3289
f 3279//3279 3289//3289 3280//3280
f 3280//3280 3289//3289 3290//3290
f 3280//3280 3290//3290 3281//3281
f 3281//3281 3290//3290 3291//3291
f 3281//3281 3291//3291 3282//3282
f 3282//3282 3291//3291 3292//3292
f 3282//3282 3292//3292 3283//3283
f 3283//3283 3292//3292 3293//3293
f 3283//3283 3293//3293 3284//3284
f 3284//3284 3293//3293 3294//3294
f 3284//3284 3294//3294 3184//3184
f 3285//3285 3173//3173 3174//3174
f 3285//3285 3174//3174 3286//3286
f 3286//3286 3174//3174 3175//3175
f 3286//3286 3175//3175 3287//3287
f 3287//3287 3175//3175 3176//3176
f 3287//3287 3176//3176 3288//3288
f 3288//3288 3176//3176 3177//3177
f 3288//3288 3177//3177 3289//3289
f 3289//3289 3177//3177 3178//3178
f 3289//3289 3178//3178 3290//3290
f 3290//3290 3178//3178 3179//3179
f 3290//3290 3179//3179 3291//3291
f 3291//3291 3179//3179 3180//3180
f 3291//3291 3180//3180 3292//3292
f 3292//3292 3180//3180 3181//3181
f 3292//3292 3181//3181 3293//3293
f 3293//3293 3181//3181 3182//3182
f 3293//3293 3182//3182 3294//3294
f 3294//3294 3182//3182 3183//3183
f 3294//3294 3183//3183 3184//3184
f 3296//3296 3295//3295 3307//3307
f 3296//3296 3307//3307 3297//3297
f 3297//3297 3307//3307 3308//3308
f 3297//3297 3308//3308 3298//3298
f 3298//3298 3308//3308 3309//3309
f 3298//3298 3309//3309 3299//3299
f 3299//3299 3309//3309 3310//3310
f 3299//3299 3310//3310 3300//3300
f 3300//3300 3310//3310 3311//3311
f 3300//3300 3311//3311 3301//3301
f 3301//3301 3311//3311 3312//3312
f 3301//3301 3312//3312 3302//3302
f 3302//3302 3312//3312 3313//3313
f 3302//3302 3313//3313 3303//3303
f 3303//3303 3313//3313 3314//3314
f 3303//3303 3314//3314 3304//3304
f 3304//3304 3314//3314 3315//3315
f 3304//3304 3315//3315 3305//3305
f 3305//3305 3315//3315 3316//3316
f 3305//3305 3316//3316 3306//3306
f 3307//3307 3295//3295 3317//3317
f 3307//3307 3317//3317 3308//3308
f 3308//3308 3317//3317 3318//3318
f 3308//3308 3318//3318 3309//3309
f 3309//3309 3318//3318 3319//3319
f 3309//3309 3319//3319 3310//3310
f 3310//3310 3319//3319 3320//3320
f 3310//3310 3320//3320 3311//3311
f 3311//3311 3320//3320 3321//3321
f 3311//3311 3321//3321 3312//3312
f 3312//3312 3321//3321 3322//3322
f 3312//3312 3322//3322 3313//3313
f 3313//3313 3322//3322 3323//3323
f 3313//3313 3323//3323 3314//3314
f 3314//3314 3323//3323 3324//3324
f 3314//3314 3324//3324 3315//3315
f 3315//3315 3324//3324 3325//3325
f 3315//3315 3325//3325 3316//3316
f 3316//3316 3325//3325 3326//3326
f 3316//3316 3326//3326 3306//3306
f 3317//3317 3295//3295 3327//3327
f 3317//3317 3327//3327 3318//3318
f 3318//3318 3327//3327 3328//3328
f 3318//3318 3328//3328 3319//3319
f 3319//3319 3328//3328 3329//3329
f 3319//3319 3329//3329 3320//3320
f 3320//3320 3329//3329 3330//3330
f 3320//3320 3330//3330 3321//3321
f 3321//3321 3330//3330 3331//3331
f 3321//3321 3331//3331 3322//3322
f 3322//3322 3331//3331 3332//3332
f 3322//3322 3332//3332 3323//3323
f 3323//3323 3332//3332 3333//3333
f 3323//3323 3333//3333 3324//3324
f 3324//3324 3333//3333 3334//3334
f 3324//3324 3334//3334 3325//3325
f 3325//3325 3334//3334 3335//3335
f 3325//3325 3335//3335 3326//3326
f 3326//3326 3335//3335 3336//3336
f 3326//3326 3336//3336 3306//3306
f 3327//3327 3295//3295 3337//3337
f 3327//3327 3337//3337 3328//3328
f 3328//3328 3337//3337 3338//3338
f 3328//3328 3338//3338 3329//3329
f 3329//3329 3338//3338 3339//3339
f 3329//3329 3339//3339 3330//3330
f 3330//3330 3339//3339 3340//3340
f 3330//3330 3340//3340 3331//3331
f 3331//3331 3340//3340 3341//3341
f 3331//3331 3341//3341 3332//3332
f 3332//3332 3341//3341 3342//3342
f 3332//3332 3342//3342 3333//3333
f 3333//3333 3342//3342 3343//3343
f 3333//3333 3343//3343 3334//3334
f 3334//3334 3343//3343 3344//3344
f 3334//3334 3344//3344 3335//3335
f 3335//3335 3344//3344 3345//3345
f 3335//3335 3345//3345 3336//3336
f 3336//3336 3345//3345 3346//3346
f 3336//3336 3346//3346 3306//3306
f 3337//3337 3295//3295 3347//3347
f 3337//3337 3347//3347 3338//3338
f 3338//3338 3347//3347 3348//3348
f 3338//3338 3348//3348 3339//3339
f 3339//3339 3348//3348 3349//3349
f 3339//3339 3349//3349 3340//3340
f 3340//3340 3349//3349 3350//3350
f 3340//3340 3350//3350 3341//3341
f 3341//3341 3350//3350 3351//3351
f 3341//3341 3351//3351 3342//3342
f 3342//3342 3351//3351 3352//3352
f 3342//3342 3352//3352 3343//3343
f 3343//3343 3352//3352 3353//3353
f 3343//3343 3353//3353 3344//3344
f 3344//3344 3353//3353 3354//3354
f 3344//3344 3354//3354 3345//3345
f 3345//3345 3354//3354 3355//3355
f 3345//3345 3355//3355 3346//3346
f 3346//3346 3355//3355 3356//3356
f 3346//3346 3356//3356 3306//3306
f 3347//3347 3295//3295 3357//3357
f 3347//3347 3357//3357 3348//3348
f 3348//3348 3357//3357 3358//3358
f 3348//3348 3358//3358 3349//3349
f 3349//3349 3358//3358 3359//3359
f 3349//3349 3359//3359 3350//3350
f 3350//3350 3359//3359 3360//3360
f 3350//3350 3360//3360 3351//3351
f 3351//3351 3360//3360 3361//3361
f 3351//3351 3361//3361 3352//3352
f 3352//3352 3361//3361 3362//3362
f 3352//3352 3362//3362 3353//3353
f 3353//3353 3362//3362 3363//3363
f 3353//3353 3363//3363 3354//3354
f 3354//3354 3363//3363 3364//3364
f 3354//3354 3364//3364 3355//3355
f 3355//3355 3364//3364 3365//3365
f 3355//3355 3365//3365 3356//3356
f 3356//3356 3365//3365 3366//3366
f 3356//3356 3366//3366 3306//3306
f 3357//3357 3295//3295 3367//3367
f 3357//3357 3367//3367 3358//3358
f 3358//3358 3367//3367 3368//3368
f 3358//3358 3368//3368 3359//3359
f 3359//3359 3368//3368 3369//3369
f 3359//3359 3369//3369 3360//3360
f 3360//3360 3369//3369 3370//3370
f 3360//3360 3370//3370 3361//3361
f 3361//3361 3370//3370 3371//3371
f 3361//3361 3371//3371 3362//3362
f 3362//3362 3371//3371 3372//3372
f 3362//3362 3372//3372 3363//3363
f 3363//3363 3372//3372 3373//3373
f 3363//3363 3373//3373 3364//3364
f 3364//3364 3373//3373 3374//3374
f 3364//3364 3374//3374 3365//3365
f 3365//3365 3374//3374 3375//3375
f 3365//3365 3375//3375 3366//3366
f 3366//3366 3375//3375 3376//3376
f 3366//3366 3376//3376 3306//3306
f 3367//3367 3295//3295 3377//3377
f 3367//3367 3377//3377 3368//3368
f 3368//3368 3377//3377 3378//3378
f 3368//3368 3378//3378 3369//3369
f 3369//3369 3378//3378 3379//3379
f 3369//3369 3379//3379 3370//3370
f 3370//3370 3379//3379 3380//3380
f 3370//3370 3380//3380 3371//3371
f 3371//3371 3380//3380 3381//3381
f 3371//3371 3381//3381 3372//3372
f 3372//3372 3381//3381 3382//3382
f 3372//3372 3382//3382 3373//3373
f 3373//3373 3382//3382 3383//3383
f 3373//3373 3383//3383 3374//3374
f 3374//3374 3383//3383 3384//3384
f 3374//3374 3384//3384 3375//3375
f 3375//3375 3384//3384 3385//3385
f 3375//3375 3385//3385 3376//3376
f 3376//3376 3385//3385 3386//3386
f 3376//3376 3386//3386 3306//3306
f 3377//3377 3295//3295 3387//3387
f 3377//3377 3387//3387 3378//3378
f 3378//3378 3387//3387 3388//3388
f 3378//3378 3388//3388 3379//3379
f 3379//3379 3388//3388 3389//3389
f 3379//3379 3389//3389 3380//3380
f 3380//3380 3389//3389 3390//3390
f 3380//3380 3390//3390 3381//3381
f 3381//3381 3390//3390 3391//3391
f 3381//3381 3391//3391 3382//3382
f 3382//3382 3391//3391 3392//3392
f 3382//3382 3392//3392 3383//3383
f 3383//3383 3392//3392 3393//3393
f 3383//3383 3393//3393 3384//3384
f 3384//3384 3393//3393 3394//3394
f 3384//3384 3394//3394 3385//3385
f 3385//3385 3394//3394 3395//3395
f 3385//3385 3395//3395 3386//3386
f 3386//3386 3395//3395 3396//3396
f 3386//3386 3396//3396 3306//3306
f 3387//3387 3295//3295 3397//3397
f 3387//3387 3397//3397 3388//3388
f 3388//3388 3397//3397 3398//3398
f 3388//3388 3398//3398 3389//3389
f 3389//3389 3398//3398 3399//3399
f 3389//3389 3399//3399 3390//3390
f 3390//3390 3399//3399 3400//3400
f 3390//3390 3400//3400 3391//3391
f 3391//3391 3400//3400 3401//3401
f 3391//3391 3401//3401 3392//3392
f 3392//3392 3401//3401 3402//3402
f 3392//3392 3402//3402 3393//3393
f 3393//3393 3402//3402 3403//3403
f 3393//3393 3403//3403 3394//3394
f 3394//3394 3403//3403 3404//3404
f 3394//3394 3404//3404 3395//3395
f 3395//3395 3404//3404 3405//3405
f 3395//3395 3405//3405 3396//3396
f 3396//3396 3405//3405 3406//3406
f 3396//3396 3406//3406 3306//3306
f 3397//3397 3295//3295 3407//3407
f 3397//3397 3407//3407 3398//3398
f 3398//3398 3407//3407 3408//3408
f 3398//3398 3408//3408 3399//3399
f 3399//3399 3408//3408 3409//3409
f 3399//3399 3409//3409 3400//3400
f 3400//3400 3409//3409 3410//3410
f 3400//3400 3410//3410 3401//3401
f 3401//3401 3410//3410 3411//3411
f 3401//3401 3411//3411 3402//3402
f 3402//3402 3411//3411 3412//3412
f 3402//3402 3412//3412 3403//3403
f 3403//3403 3412//3412 3413//3413
f 3403//3403 3413//3413 3404//3404
f 3404//3404 3413//3413 3414//3414
f 3404//3404 3414//3414 3405//3405
f 3405//3405 3414//3414 3415//3415
f 3405//3405 3415//3415 3406//3406
f 3406//3406 3415//3415 3416//3416
f 3406//3406 3416//3416 3306//3306
f 3407//3407 3295//3295 3296//3296
f 3407//3407 3296//3296 3408//3408
f 3408//3408 3296//3296 3297//3297
f 3408//3408 3297//3297 3409//3409
f 3409//3409 3297//3297 3298//3298
f 3409//3409 3298//3298 3410//3410
f 3410//3410 3298//3298 3299//3299
f 3410//3410 3299//3299 3411//3411
f 3411//3411 3299//3299 3300//3300
f 3411//3411 3300//3300 3412//3412
f 3412//3412 3300//3300 3301//3301
f 3412//3412 3301//3301 3413//3413
f 3413//3413 3301//3301 3302//3302
f 3413//3413 3302//3302 3414//3414
f 3414//3414 3302//3302 3303//3303
f 3414//3414 3303//3303 3415//3415
f 3415//3415 3303//3303 3304//3304
f 3415//3415 3304//3304 3416//3416
f 3416//3416 3304//3304 3305//3305
f 3416//3416 3305//3305 3306//3306
f 3418//3418 3417//3417 3429//3429
f 3418//3418 3429//3429 3419//3419
f 3419//3419 3429//3429 3430//3430
f 3419//3419 3430//3430 3420//3420
f 3420//3420 3430//3430 3431//3431
f 3420//3420 3431//3431 3421//3421
f 3421//3421 3431//3431 3432//3432
f 3421//3421 3432//3432 3422//3422
f 3422//3422 3432//3432 3433//3433
f 3422//3422 3433//3433 3423//3423
f 3423//3423 3433//3433 3434//3434
f 3423//3423 3434//3434 3424//3424
f 3424//3424 3434//3434 3435//3435
f 3424//3424 3435//3435 3425//3425
f 3425//3425 3435//3435 3436//3436
f 3425//3425 3436//3436 3426//3426
f 3426//3426 3436//3436 3437//3437
f 3426//3426 3437//3437 3427//3427
f 3427//3427 3437//3437 3438//3438
f 3427//3427 3438//3438 3428//3428
f 3429//3429 3417//3417 3439//3439
f 3429//3429 3439//3439 3430//3430
f 3430//3430 3439//3439 3440//3440
f 3430//3430 3440//3440 3431//3431
f 3431//3431 3440//3440 3441//3441
f 3431//3431 3441//3441 3432//3432
f 3432//3432 3441//3441 3442//3442
f 3432//3432 3442//3442 3433//3433
f 3433//3433 3442//3442 3443//3443
f 3433//3433 3443//3443 3434//3434
f 3434//3434 3443//3443 3444//3444
f 3434//3434 3444//3444 3435//3435
f 3435//3435 3444//3444 3445//3445
f 3435//3435 3445//3445 3436//3436
f 3436//3436 3445//3445 3446//3446
f 3436//3436 3446//3446 3437//3437
f 3437//3437 3446//3446 3447//3447
f 3437//3437 3447//3447 3438//3438
f 3438//3438 3447//3447 3448//3448
f 3438//3438 3448//3448 3428//3428
f 3439//3439 3417//3417 3449//3449
f 3439//3439 3449//3449 3440//3440
f 3440//3440 3449//3449 3450//3450
f 3440//3440 3450//3450 3441//3441
f 3441//3441 3450//3450 3451//3451
f 3441//3441 3451//3451 3442//3442
f 3442//3442 3451//3451 3452//3452
f 3442//3442 3452//3452 3443//3443
f 3443//3443 3452//3452 3453//3453
f 3443//3443 3453//3453 3444//3444
f 3444//3444 3453//3453 3454//3454
f 3444//3444 3454//3454 3445//3445
f 3445//3445 3454//3454 3455//3455
f 3445//3445 3455//3455 3446//3446
f 3446//3446 3455//3455 3456//3456
f 3446//3446 3456//3456 3447//3447
f 3447//3447 3456//3456 3457//3457
f 3447//3447 3457//3457 3448//3448
f 3448//3448 3457//3457 3458//3458
f 3448//3448 3458//3458 3428//3428
f 3449//3449 3417//3417 3459//3459
f 3449//3449 3459//3459 3450//3450
f 3450//3450 3459//3459 3460//3460
f 3450//3450 3460//3460 3451//3451
f 3451//3451 3460//3460 3461//3461
f 3451//3451 3461//3461 3452//3452
f 3452//3452 3461//3461 3462//3462
f 3452//3452 3462//3462 3453//3453
f 3453//3453 3462//3462 3463//3463
f 3453//3453 3463//3463 3454//3454
f 3454//3454 3463//3463 3464//3464
f 3454//3454 3464//3464 3455//3455
f 3455//3455 3464//3464 3465//3465
f 3455//3455 3465//3465 3456//3456
f 3456//3456 3465//3465 3466//3466
f 3456//3456 3466//3466 3457//3457
f 3457//3457 3466//3466 3467//3467
f 3457//3457 3467//3467 3458//3458
f 3458//3458 3467//3467 3468//3468
f 3458//3458 3468//3468 3428//3428
f 3459//3459 3417//3417 3469//3469
f 3459//3459 3469//3469 3460//3460
f 3460//3460 3469//3469 3470//3470
f 3460//3460 3470//3470 3461//3461
f 3461//3461 3470//3470 3471//3471
f 3461//3461 3471//3471 3462//3462
f 3462//3462 3471//3471 3472//3472
f 3462//3462 3472//3472 3463//3463
f 3463//3463 3472//3472 3473//3473
f 3463//3463 3473//3473 3464//3464
f 3464//3464 3473//3473 3474//3474
f 3464//3464 3474//3474 3465//3465
f 3465//3465 3474//3474 3475//3475
f 3465//3465 3475//3475 3466//3466
f 3466//3466 3475//3475 3476//3476
f 3466//3466 3476//3476 3467//3467
f 3467//3467 3476//3476 3477//3477
f 3467//3467 3477//3477 3468//3468
f 3468//3468 3477//3477 3478//3478
f 3468//3468 3478//3478 3428//3428
f 3469//3469 3417//3417 3479//3479
f 3469//3469 3479//3479 3470//3470
f 3470//3470 3479//3479 3480//3480
f 3470//3470 3480//3480 3471//3471
f 3471//3471 3480//3480 3481//3481
f 3471//3471 3481//3481 3472//3472
f 3472//3472 3481//3481 3482//3482
f 3472//3472 3482//3482 3473//3473
f 3473//3473 3482//3482 3483//3483
f 3473//3473 3483//3483 3474//3474
f 3474//3474 3483//3483 3484//3484
f 3474//3474 3484//3484 3475//3475
f 3475//3475 3484//3484 3485//3485
f 3475//3475 3485//3485 3476//3476
f 3476//3476 3485//3485 3486//3486
f 3476//3476 3486//3486 3477//3477
f 3477//3477 3486//3486 3487//3487
f 3477//3477 3487//3487 3478//3478
f 3478//3478 3487//3487 3488//3488
f 3478//3478 3488//3488 3428//3428
f 3479//3479 3417//3417 3489//3489
f 3479//3479 3489//3489 3480//3480
f 3480//3480 3489//3489 3490//3490
f 3480//3480 3490//3490 3481//3481
f 3481//3481 3490//3490 3491//3491
f 3481//3481 3491//3491 3482//3482
f 3482//3482 3491//3491 3492//3492
f 3482//3482 3492//3492 3483//3483
f 3483//3483 3492//3492 3493//3493
f 3483//3483 3493//3493 3484//3484
f 3484//3484 3493//3493 3494//3494
f 3484//3484 3494//3494 3485//3485
f 3485//3485 3494//3494 3495//3495
f 3485//3485 3495//3495 3486//3486
f 3486//3486 3495//3495 3496//3496
f 3486//3486 3496//3496 3487//3487
f 3487//3487 3496//3496 3497//3497
f 3487//3487 3497//3497 3488//3488
f 3488//3488 3497//3497 3498//3498
f 3488//3488 3498//3498 3428//3428
f 3489//3489 3417//3417 3499//3499
f 3489//3489 3499//3499 3490//3490
f 3490//3490 3499//3499 3500//3500
f 3490//3490 3500//3500 3491//3491
f 3491//3491 3500//3500 3501//3501
f 3491//3491 3501//3501 3492//3492
f 3492//3492 3501//3501 3502//3502
f 3492//3492 3502//3502 3493//3493
f 3493//3493 3502//3502 3503//3503
f 3493//3493 3503//3503 3494//3494
f 3494//3494 3503//3503 3504//3504
f 3494//3494 3504//3504 3495//3495
f 3495//3495 3504//3504 3505//3505
f 3495//3495 3505//3505 3496//3496
f 3496//3496 3505//3505 3506//3506
f 3496//3496 3506//3506 3497//3497
f 3497//3497 3506//3506 3507//3507
f 3497//3497 3507//3507 3498//3498
f 3498//3498 3507//3507 3508//3508
f 3498//3498 3508//3508 3428//3428
f 3499//3499 3417//3417 3509//3509
f 3499//3499 3509//3509 3500//3500
f 3500//3500 3509//3509 3510//3510
f 3500//3500 3510//3510 3501//3501
f 3501//3501 3510//3510 3511//3511
f 3501//3501 3511//3511 3502//3502
f 3502//3502 3511//3511 3512//3512
f 3502//3502 3512//3512 3503//3503
f 3503//3503 3512//3512 3513//3513
f 3503//3503 3513//3513 3504//3504
f 3504//3504 3513//3513 3514//3514
f 3504//3504 3514//3514 3505//3505
f 3505//3505 3514//3514 3515//3515
f 3505//3505 3515//3515 3506//3506
f 3506//3506 3515//3515 3516//3516
f 3506//3506 3516//3516 3507//3507
f 3507//3507 3516//3516 3517//3517
f 3507//3507 3517//3517 3508//3508
f 3508//3508 3517//3517 3518//3518
f 3508//3508 3518//3518 3428//3428
f 3509//3509 3417//3417 3519//3519
f 3509//3509 3519//3519 3510//3510
f 3510//3510 3519//3519 3520//3520
f 3510//3510 3520//3520 3511//3511
f 3511//3511 3520//3520 3521//3521
f 3511//3511 3521//3521 3512//3512
f 3512//3512 3521//3521 3522//3522
f 3512//3512 3522//3522 3513//3513
f 3513//3513 3522//3522 3523//3523
f 3513//3513 3523//3523 3514//3514
f 3514//3514 3523//3523 3524//3524
f 3514//3514 3524//3524 3515//3515
f 3515//3515 3524//3524 3525//3525
f 3515//3515 3525//3525 3516//3516
f 3516//3516 3525//3525 3526//3526
f 3516//3516 3526//3526 3517//3517
f 3517//3517 3526//3526 3527//3527
f 3517//3517 3527//3527 3518//3518
f 3518//3518 3527//3527 3528//3528
f 3518//3518 3528//3528 3428//3428
f 3519//3519 3417//3417 3529//3529
f 3519//3519 3529//3529 3520//3520
f 3520//3520 3529//3529 3530//3530
f 3520//3520 3530//3530 3521//3521
f 3521//3521 3530//3530 3531//3531
f 3521//3521 3531//3531 3522//3522
f 3522//3522 3531//3531 3532//3532
f 3522//3522 3532//3532 3523//3523
f 3523//3523 3532//3532 3533//3533
f 3523//3523 3533//3533 3524//3524
f 3524//3524 3533//3533 3534//3534
f 3524//3524 3534//3534 3525//3525
f 3525//3525 3534//3534 3535//3535
f 3525//3525 3535//3535 3526//3526
f 3526//3526 3535//3535 3536//3536
f 3526//3526 3536//3536 3527//3527
f 3527//3527 3536//3536 3537//3537
f 3527//3527 3537//3537 3528//3528
f 3528//3528 3537//3537 3538//3538
f 3528//3528 3538//3538 3428//3428
f 3529//3529 3417//3417 3418//3418
f 3529//3529 3418//3418 3530//3530
f 3530//3530 3418//3418 3419//3419
f 3530//3530 3419//3419 3531//3531
f 3531//3531 3419//3419 3420//3420
f 3531//3531 3420//3420 3532//3532
f 3532//3532 3420//3420 3421//3421
f 3532//3532 3421//3421 3533//3533
f 3533//3533 3421//3421 3422//3422
f 3533//3533 3422//3422 3534//3534
f 3534//3534 3422//3422 3423//3423
f 3534//3534 3423//3423 3535//3535
f 3535//3535 3423//3423 3424//3424
f 3535//3535 3424//3424 3536//3536
f 3536//3536 3424//3424 3425//3425
f 3536//3536 3425//3425 3537//3537
f 3537//3537 3425//3425 3426//3426
f 3537//3537 3426//3426 3538//3538
f 3538//3538 3426//3426 3427//3427
f 3538//3538 3427//3427 3428//3428
f 3540//3540 3539//3539 3551//3551
f 3540//3540 3551//3551 3541//3541
f 3541//3541 3551//3551 3552//3552
f 3541//3541 3552//3552 3542//3542
f 3542//3542 3552//3552 3553//3553
f 3542//3542 3553//3553 3543//3543
f 3543//3543 3553//3553 3554//3554
f 3543//3543 3554//3554 3544//3544
f 3544//3544 3554//3554 3555//3555
f 3544//3544 3555//3555 3545//3545
f 3545//3545 3555//3555 3556//3556
f 3545//3545 3556//3556 3546//3546
f 3546//3546 3556//3556 3557//3557
f 3546//3546 3557//3557 3547//3547
f 3547//3547 3557//3557 3558//3558
f 3547//3547 3558//3558 3548//3548
f 3548//3548 3558//3558 3559//3559
f 3548//3548 3559//3559 3549//3549
f 3549//3549 3559//3559 3560//3560
f 3549//3549 3560//3560 3550//3550
f 3551//3551 3539//3539 3561//3561
f 3551//3551 3561//3561 3552//3552
f 3552//3552 3561//3561 3562//3562
f 3552//3552 3562//3562 3553//3553
f 3553//3553 3562//3562 3563//3563
f 3553//3553 3563//3563 3554//3554
f 3554//3554 3563//3563 3564//3564
f 3554//3554 3564//3564 3555//3555
f 3555//3555 3564//3564 3565//3565
f 3555//3555 3565//3565 3556//3556
f 3556//3556 3565//3565 3566//3566
f 3556//3556 3566//3566 3557//3557
f 3557//3557 3566//3566 3567//3567
f 3557//3557 3567//3567 3558//3558
f 3558//3558 3567//3567 3568//3568
f 3558//3558 3568//3568 3559//3559
f 3559//3559 3568//3568 3569//3569
f 3559//3559 3569//3569 3560//3560
f 3560//3560 3569//3569 3570//3570
f 3560//3560 3570//3570 3550//3550
f 3561//3561 3539//3539 3571//3571
f 3561//3561 3571//3571 3562//3562
f 3562//3562 3571//3571 3572//3572
f 3562//3562 3572//3572 3563//3563
f 3563//3563 3572//3572 3573//3573
f 3563//3563 3573//3573 3564//3564
f 3564//3564 3573//3573 3574//3574
f 3564//3564 3574//3574 3565//3565
f 3565//3565 3574//3574 3575//3575
f 3565//3565 3575//3575 3566//3566
f 3566//3566 3575//3575 3576//3576
f 3566//3566 3576//3576 3567//3567
f 3567//3567 3576//3576 3577//3577
f 3567//3567 3577//3577 3568//3568
f 3568//3568 3577//3577 3578//3578
f 3568//3568 3578//3578 3569//3569
f 3569//3569 3578//3578 3579//3579
f 3569//3569 3579//3579 3570//3570
f 3570//3570 3579//3579 3580//3580
f 3570//3570 3580//3580 3550//3550
f 3571//3571 3539//3539 3581//3581
f 3571//3571 3581//3581 3572//3572
f 3572//3572 3581//3581 3582//3582
f 3572//3572 3582//3582 3573//3573
f 3573//3573 3582//3582 3583//3583
f 3573//3573 3583//3583 3574//3574
f 3574//3574 3583//3583 3584//3584
f 3574//3574 3584//3584 3575//3575
f 3575//3575 3584//3584 3585//3585
f 3575//3575 3585//3585 3576//3576
f 3576//3576 3585//3585 3586//3586
f 3576//3576 3586//3586 3577//3577
f 3577//3577 3586//3586 3587//3587
f 3577//3577 3587//3587 3578//3578
f 3578//3578 3587//3587 3588//3588
f 3578//3578 3588//3588 3579//3579
f 3579//3579 3588//3588 3589//3589
f 3579//3579 3589//3589 3580//3580
f 3580//3580 3589//3589 3590//3590
f 3580//3580 3590//3590 3550//3550
f 3581//3581 3539//3539 3591//3591
f 3581//3581 3591//3591 3582//3582
f 3582//3582 3591//3591 3592//3592
f 3582//3582 3592//3592 3583//3583
f 3583//3583 3592//3592 3593//3593
f 3583//3583 3593//3593 3584//3584
f 3584//3584 3593//3593 3594//3594
f 3584//3584 3594//3594 3585//3585
f 3585//3585 3594//3594 3595//3595
f 3585//3585 3595//3595 3586//3586
f 3586//3586 3595//3595 3596//3596
f 3586//3586 3596//3596 3587//3587
f 3587//3587 3596//3596 3597//3597
f 3587//3587 3597//3597 3588//3588
f 3588//3588 3597//3597 3598//3598
f 3588//3588 3598//3598 3589//3589
f 3589//3589 3598//3598 3599//3599
f 3589//3589 3599//3599 3590//3590
f 3590//3590 3599//3599 3600//3600
f 3590//3590 3600//3600 3550//3550
f 3591//3591 3539//3539 3601//3601
f 3591//3591 3601//3601 3592//3592
f 3592//3592 3601//3601 3602//3602
f 3592//3592 3602//3602 3593//3593
f 3593//3593 3602//3602 3603//3603
f 3593//3593 3603//3603 3594//3594
f 3594//3594 3603//3603 3604//3604
f 3594//3594 3604//3604 3595//3595
f 3595//3595 3604//3604 3605//3605
f 3595//3595 3605//3605 3596//3596
f 3596//3596 3605//3605 3606//3606
f 3596//3596 3606//3606 3597//3597
f 3597//3597 3606//3606 3607//3607
f 3597//3597 3607//3607 3598//3598
f 3598//3598 3607//3607 3608//3608
f 3598//3598 3608//3608 3599//3599
f 3599//3599 3608//3608 3609//3609
f 3599//3599 3609//3609 3600//3600
f 3600//3600 3609//3609 3610//3610
f 3600//3600 3610//3610 3550//3550
f 3601//3601 3539//3539 3611//3611
f 3601//3601 3611//3611 3602//3602
f 3602//3602 3611//3611 3612//3612
f 3602//3602 3612//3612 3603//3603
f 3603//3603 3612//3612 3613//3613
f 3603//3603 3613//3613 3604//3604
f 3604//3604 3613//3613 3614//3614
f 3604//3604 3614//3614 3605//3605
f 3605//3605 3614//3614 3615//3615
f 3605//3605 3615//3615 3606//3606
f 3606//3606 3615//3615 3616//3616
f 3606//3606 3616//3616 3607//3607
f 3607//3607 3616//3616 3617//3617
f 3607//3607 3617//3617 3608//3608
f 3608//3608 3617//3617 3618//3618
f 3608//3608 3618//3618 3609//3609
f 3609//3609 3618//3618 3619//3619
f 3609//3609 3619//3619 3610//3610
f 3610//3610 3619//3619 3620//3620
f 3610//3610 3620//3620 3550//3550
f 3611//3611 3539//3539 3621//3621
f 3611//3611 3621//3621 3612//3612
f 3612//3612 3621//3621 3622//3622
f 3612//3612 3622//3622 3613//3613
f 3613//3613 3622//3622 3623//3623
f 3613//3613 3623//3623 3614//3614
f 3614//3614 3623//3623 3624//3624
f 3614//3614 3624//3624 3615//3615
f 3615//3615 3624//3624 3625//3625
f 3615//3615 3625//3625 3616//3616
f 3616//3616 3625//3625 3626//3626
f 3616//3616 3626//3626 3617//3617
f 3617//3617 3626//3626 3627//3627
f 3617//3617 3627//3627 3618//3618
f 3618//3618 3627//3627 3628//3628
f 3618//3618 3628//3628 3619//3619
f 3619//3619 3628//3628 3629//3629
f 3619//3619 3629//3629 3620//3620
f 3620//3620 3629//3629 3630//3630
f 3620//3620 3630//3630 3550//3550
f 3621//3621 3539//3539 3631//3631
f 3621//3621 3631//3631 3622//3622
f 3622//3622 3631//3631 3632//3632
f 3622//3622 3632//3632 3623//3623
f 3623//3623 3632//3632 3633//3633
f 3623//3623 3633//3633 3624//3624
f 3624//3624 3633//3633 3634//3634
f 3624//3624 3634//3634 3625//3625
f 3625//3625 3634//3634 3635//3635
f 3625//3625 3635//3635 3626//3626
f 3626//3626 3635//3635 3636//3636
f 3626//3626 3636//3636 3627//3627
f 3627//3627 3636//3636 3637//3637
f 3627//3627 3637//3637 3628//3628
f 3628//3628 3637//3637 3638//3638
f 3628//3628 3638//3638 3629//3629
f 3629//3629 3638//3638 3639//3639
f 3629//3629 3639//3639 3630//3630
f 3630//3630 3639//3639 3640//3640
f 3630//3630 3640//3640 3550//3550
f 3631//3631 3539//3539 3641//3641
f 3631//3631 3641//3641 3632//3632
f 3632//3632 3641//3641 3642//3642
f 3632//3632 3642//3642 3633//3633
f 3633//3633 3642//3642 3643//3643
f 3633//3633 3643//3643 3634//3634
f 3634//3634 3643//3643 3644//3644
f 3634//3634 3644//3644 3635//3635
f 3635//3635 3644//3644 3645//3645
f 3635//3635 3645//3645 3636//3636
f 3636//3636 3645//3645 3646//3646
f 3636//3636 3646//3646 3637//3637
f 3637//3637 3646//3646 3647//3647
f 3637//3637 3647//3647 3638//3638
f 3638//3638 3647//3647 3648//3648
f 3638//3638 3648//3648 3639//3639
f 3639//3639 3648//3648 3649//3649
f 3639//3639 3649//3649 3640//3640
f 3640//3640 3649//3649 3650//3650
f 3640//3640 3650//3650 3550//3550
f 3641//3641 3539//3539 3651//3651
f 3641//3641 3651//3651 3642//3642
f 3642//3642 3651//3651 3652//3652
f 3642//3642 3652//3652 3643//3643
f 3643//3643 3652//3652 3653//3653
f 3643//3643 3653//3653 3644//3644
f 3644//3644 3653//3653 3654//3654
f 3644//3644 3654//3654 3645//3645
f 3645//3645 3654//3654 3655//3655
f 3645//3645 3655//3655 3646//3646
f 3646//3646 3655//3655 3656//3656
f 3646//3646 3656//3656 3647//3647
f 3647//3647 3656//3656 3657//3657
f 3647//3647 3657//3657 3648//3648
f 3648//3648 3657//3657 3658//3658
f 3648//3648 3658//3658 3649//3649
f 3649//3649 3658//3658 3659//3659
f 3649//3649 3659//3659 3650//3650
f 3650//3650 3659//3659 3660//3660
f 3650//3650 3660//3660 3550//3550
f 3651//3651 3539//3539 3540//3540
f 3651//3651 3540//3540 3652//3652
f 3652//3652 3540//3540 3541//3541
f 3652//3652 3541//3541 3653//3653
f 3653//3653 3541//3541 3542//3542
f 3653//3653 3542//3542 3654//3654
f 3654//3654 3542//3542 3543//3543
f 3654//3654 3543//3543 3655//3655
f 3655//3655 3543//3543 3544//3544
f 3655//3655 3544//3544 3656//3656
f 3656//3656 3544//3544 3545//3545
f 3656//3656 3545//3545 3657//3657
f 3657//3657 3545//3545 3546//3546
f 3657//3657 3546//3546 3658//3658
f 3658//3658 3546//3546 3547//3547
f 3658//3658 3547//3547 3659//3659
f 3659//3659 3547//3547 3548//3548
f 3659//3659 3548//3548 3660//3660
f 3660//3660 3548//3548 3549//3549
f 3660//3660 3549//3549 3550//3550
f 3662//3662 3661//3661 3673//3673
f 3662//3662 3673//3673 3663//3663
f 3663//3663 3673//3673 3674//3674
f 3663//3663 3674//3674 3664//3664
f 3664//3664 3674//3674 3675//3675
f 3664//3664 3675//3675 3665//3665
f 3665//3665 3675//3675 3676//3676
f 3665//3665 3676//3676 3666//3666
f 3666//3666 3676//3676 3677//3677
f 3666//3666 3677//3677 3667//3667
f 3667//3667 3677//3677 3678//3678
f 3667//3667 3678//3678 3668//3668
f 3668//3668 3678//3678 3679//3679
f 3668//3668 3679//3679 3669//3669
f 3669//3669 3679//3679 3680//3680
f 3669//3669 3680//3680 3670//3670
f 3670//3670 3680//3680 3681//3681
f 3670//3670 3681//3681 3671//3671
f 3671//3671 3681//3681 3682//3682
f 3671//3671 3682//3682 3672//3672
f 3673//3673 3661//3661 3683//3683
f 3673//3673 3683//3683 3674//3674
f 3674//3674 3683//3683 3684//3684
f 3674//3674 3684//3684 3675//3675
f 3675//3675 3684//3684 3685//3685
f 3675//3675 3685//3685 3676//3676
f 3676//3676 3685//3685 3686//3686
f 3676//3676 3686//3686 3677//3677
f 3677//3677 3686//3686 3687//3687
f 3677//3677 3687//3687 3678//3678
f 3678//3678 3687//3687 3688//3688
f 3678//3678 3688//3688 3679//3679
f 3679//3679 3688//3688 3689//3689
f 3679//3679 3689//3689 3680//3680
f 3680//3680 3689//3689 3690//3690
f 3680//3680 3690//3690 3681//3681
f 3681//3681 3690//3690 3691//3691
f 3681//3681 3691//3691 3682//3682
f 3682//3682 3691//3691 3692//3692
f 3682//3682 3692//3692 3672//3672
f 3683//3683 3661//3661 3693//3693
f 3683//3683 3693//3693 3684//3684
f 3684//3684 3693//3693 3694//3694
f 3684//3684 3694//3694 3685//3685
f 3685//3685 3694//3694 3695//3695
f 3685//3685 3695//3695 3686//3686
f 3686//3686 3695//3695 3696//3696
f 3686//3686 3696//3696 3687//3687
f 3687//3687 3696//3696 3697//3697
f 3687//3687 3697//3697 3688//3688
f 3688//3688 3697//3697 3698//3698
f 3688//3688 3698//3698 3689//3689
f 3689//3689 3698//3698 3699//3699
f 3689//3689 3699//3699 3690//3690
f 3690//3690 3699//3699 3700//3700
f 3690//3690 3700//3700 3691//3691
f 3691//3691 3700//3700 3701//3701
f 3691//3691 3701//3701 3692//3692
f 3692//3692 3701//3701 3702//3702
f 3692//3692 3702//3702 3672//3672
f 3693//3693 3661//3661 3703//3703
f 3693//3693 3703//3703 3694//3694
f 3694//3694 3703//3703 3704//3704
f 3694//3694 3704//3704 3695//3695
f 3695//3695 3704//3704 3705//3705
f 3695//3695 3705//3705 3696//3696
f 3696//3696 3705//3705 3706//3706
f 3696//3696 3706//3706 3697//3697
f 3697//3697 3706//3706 3707//3707
f 3697//3697 3707//3707 3698//3698
f 3698//3698 3707//3707 3708//3708
f 3698//3698 3708//3708 3699//3699
f 3699//3699 3708//3708 3709//3709
f 3699//3699 3709//3709 3700//3700
f 3700//3700 3709//3709 3710//3710
f 3700//3700 3710//3710 3701//3701
f 3701//3701 3710//3710 3711//3711
f 3701//3701 3711//3711 3702//3702
f 3702//3702 3711//3711 3712//3712
f 3702//3702 3712//3712 3672//3672
f 3703//3703 3661//3661 3713//3713
f 3703//3703 3713//3713 3704//3704
f 3704//3704 3713//3713 3714//3714
f 3704//3704 3714//3714 3705//3705
f 3705//3705 3714//3714 3715//3715
f 3705//3705 3715//3715 3706//3706
f 3706//3706 3715//3715 3716//3716
f 3706//3706 3716//3716 3707//3707
f 3707//3707 3716//3716 3717//3717
f 3707//3707 3717//3717 3708//3708
f 3708//3708 3717//3717 3718//3718
f 3708//3708 3718//3718 3709//3709
f 3709//3709 3718//3718 3719//3719
f 3709//3709 3719//3719 3710//3710
f 3710//3710 3719//3719 3720//3720
f 3710//3710 3720//3720 3711//3711
f 3711//3711 3720//3720 3721//3721
f 3711//3711 3721//3721 3712//3712
f 3712//3712 3721//3721 3722//3722
f 3712//3712 3722//3722 3672//3672
f 3713//3713 3661//3661 3723//3723
f 3713//3713 3723//3723 3714//3714
f 3714//3714 3723//3723 3724//3724
f 3714//3714 3724//3724 3715//3715
f 3715//3715 3724//3724 3725//3725
f 3715//3715 3725//3725 3716//3716
f 3716//3716 3725//3725 3726//3726
f 3716//3716 3726//3726 3717//3717
f 3717//3717 3726//3726 3727//3727
f 3717//3717 3727//3727 3718//3718
f 3718//3718 3727//3727 3728//3728
f 3718//3718 3728//3728 3719//3719
f 3719//3719 3728//3728 3729//3729
f 3719//3719 3729//3729 3720//3720
f 3720//3720 3729//3729 3730//3730
f 3720//3720 3730//3730 3721//3721
f 3721//3721 3730//3730 3731//3731
f 3721//3721 3731//3731 3722//3722
f 3722//3722 3731//3731 3732//3732
f 3722//3722 3732//3732 3672//3672
f 3723//3723 3661//3661 3733//3733
f 3723//3723 3733//3733 3724//3724
f 3724//3724 3733//3733 3734//3734
f 3724//3724 3734//3734 3725//3725
f 3725//3725 3734//3734 3735//3735
f 3725//3725 3735//3735 3726//3726
f 3726//3726 3735//3735 3736//3736
f 3726//3726 3736//3736 3727//3727
f 3727//3727 3736//3736 3737//3737
f 3727//3727 3737//3737 3728//3728
f 3728//3728 3737//3737 3738//3738
f 3728//3728 3738//3738 3729//3729
f 3729//3729 3738//3738 3739//3739
f 3729//3729 3739//3739 3730//3730
f 3730//3730 3739//3739 3740//3740
f 3730//3730 3740//3740 3731//3731
f 3731//3731 3740//3740 3741//3741
f 3731//3731 3741//3741 3732//3732
f 3732//3732 3741//3741 3742//3742
f 3732//3732 3742//3742 3672//3672
f 3733//3733 3661//3661 3743//3743
f 3733//3733 3743//3743 3734//3734
f 3734//3734 3743//3743 3744//3744
f 3734//3734 3744//3744 3735//3735
f 3735//3735 3744//3744 3745//3745
f 3735//3735 3745//3745 3736//3736
f 3736//3736 3745//3745 3746//3746
f 3736//3736 3746//3746 3737//3737
f 3737//3737 3746//3746 3747//3747
f 3737//3737 3747//3747 3738//3738
f 3738//3738 3747//3747 3748//3748
f 3738//3738 3748//3748 3739//3739
f 3739//3739 3748//3748 3749//3749
f 3739//3739 3749//3749 3740//3740
f 3740//3740 3749//3749 3750//3750
f 3740//3740 3750//3750 3741//3741
f 3741//3741 3750//3750 3751//3751
f 3741//3741 3751//3751 3742//3742
f 3742//3742 3751//3751 3752//3752
f 3742//3742 3752//3752 3672//3672
f 3743//3743 3661//3661 3753//3753
f 3743//3743 3753//3753 3744//3744
f 3744//3744 3753//3753 3754//3754
f 3744//3744 3754//3754 3745//3745
f 3745//3745 3754//3754 3755//3755
f 3745//3745 3755//3755 3746//3746
f 3746//3746 3755//3755 3756//3756
f 3746//3746 3756//3756 3747//3747
f 3747//3747 3756//3756 3757//3757
f 3747//3747 3757//3757 3748//3748
f 3748//3748 3757//3757 3758//3758
f 3748//3748 3758//3758 3749//3749
f 3749//3749 3758//3758 3759//3759
f 3749//3749 3759//3759 3750//3750
f 3750//3750 3759//3759 3760//3760
f 3750//3750 3760//3760 3751//3751
f 3751//3751 3760//3760 3761//3761
f 3751//3751 3761//3761 3752//3752
f 3752//3752 3761//3761 3762//3762
f 3752//3752 3762//3762 3672//3672
f 3753//3753 3661//3661 3763//3763
f 3753//3753 3763//3763 3754//3754
f 3754//3754 3763//3763 3764//3764
f 3754//3754 3764//3764 3755//3755
f 3755//3755 3764//3764 3765//3765
f 3755//3755 3765//3765 3756//3756
f 3756//3756 3765//3765 3766//3766
f 3756//3756 3766//3766 3757//3757
f 3757//3757 3766//3766 3767//3767
f 3757//3757 3767//3767 3758//3758
f 3758//3758 3767//3767 3768//3768
f 3758//3758 3768//3768 3759//3759
f 3759//3759 3768//3768 3769//3769
f 3759//3759 3769//3769 3760//3760
f 3760//3760 3769//3769 3770//3770
f 3760//3760 3770//3770 3761//3761
f 3761//3761 3770//3770 3771//3771
f 3761//3761 3771//3771 3762//3762
f 3762//3762 3771//3771 3772//3772
f 3762//3762 3772//3772 3672//3672
f 3763//3763 3661//3661 3773//3773
f 3763//3763 3773//3773 3764//3764
f 3764//3764 3773//3773 3774//3774
f 3764//3764 3774//3774 3765//3765
f 3765//3765 3774//3774 3775//3775
f 3765//3765 3775//3775 3766//3766
f 3766//3766 3775//3775 3776//3776
f 3766//3766 3776//3776 3767//3767
f 3767//3767 3776//3776 3777//3777
f 3767//3767 3777//3777 3768//3768
f 3768//3768 3777//3777 3778//3778
f 3768//3768 3778//3778 3769//3769
f 3769//3769 3778//3778 3779//3779
f 3769//3769 3779//3779 3770//3770
f 3770//3770 3779//3779 3780//3780
f 3770//3770 3780//3780 3771//3771
f 3771//3771 3780//3780 3781//3781
f 3771//3771 3781//3781 3772//3772
f 3772//3772 3781//3781 3782//3782
f 3772//3772 3782//3782 3672//3672
f 3773//3773 3661//3661 3662//3662
f 3773//3773 3662//3662 3774//3774
f 3774//3774 3662//3662 3663//3663
f 3774//3774 3663//3663 3775//3775
f 3775//3775 3663//3663 3664//3664
f 3775//3775 3664//3664 3776//3776
f 3776//3776 3664//3664 3665//3665
f 3776//3776 3665//3665 3777//3777
f 3777//3777 3665//3665 3666//3666
f 3777//3777 3666//3666 3778//3778
f 3778//3778 3666//3666 3667//3667
f 3778//3778 3667//3667 3779//3779
f 3779//3779 3667//3667 3668//3668
f 3779//3779 3668//3668 3780//3780
f 3780//3780 3668//3668 3669//3669
f 3780//3780 3669//3669 3781//3781
f 3781//3781 3669//3669 3670//3670
f 3781//3781 3670//3670 3782//3782
f 3782//3782 3670//3670 3671//3671
f 3782//3782 3671//3671 3672//3672
f 3784//3784 3783//3783 3795//3795
f 3784//3784 3795//3795 3785//3785
f 3785//3785 3795//3795 3796//3796
f 3785//3785 3796//3796 3786//3786
f 3786//3786 3796//3796 3797//3797
f 3786//3786 3797//3797 3787//3787
f 3787//3787 3797//3797 3798//3798
f 3787//3787 3798//3798 3788//3788
f 3788//3788 3798//3798 3799//3799
f 3788//3788 3799//3799 3789//3789
f 3789//3789 3799//3799 3800//3800
f 3789//3789 3800//3800 3790//3790
f 3790//3790 3800//3800 3801//3801
f 3790//3790 3801//3801 3791//3791
f 3791//3791 3801//3801 3802//3802
f 3791//3791 3802//3802 3792//3792
f 3792//3792 3802//3802 3803//3803
f 3792//3792 3803//3803 3793//3793
f 3793//3793 3803//3803 3804//3804
f 3793//3793 3804//3804 3794//3794
f 3795//3795 3783//3783 3805//3805
f 3795//3795 3805//3805 3796//3796
f 3796//3796 3805//3805 3806//3806
f 3796//3796 3806//3806 3797//3797
f 3797//3797 3806//3806 3807//3807
f 3797//3797 3807//3807 3798//3798
f 3798//3798 3807//3807 3808//3808
f 3798//3798 3808//3808 3799//3799
f 3799//3799 3808//3808 3809//3809
f 3799//3799 3809//3809 3800//3800
f 3800//3800 3809//3809 3810//3810
f 3800//3800 3810//3810 3801//3801
f 3801//3801 3810//3810 3811//3811
f 3801//3801 3811//3811 3802//3802
f 3802//3802 3811//3811 3812//3812
f 3802//3802 3812//3812 3803//3803
f 3803//3803 3812//3812 3813//3813
f 3803//3803 3813//3813 3804//3804
f 3804//3804 3813//3813 3814//3814
f 3804//3804 3814//3814 3794//3794
f 3805//3805 3783//3783 3815//3815
f 3805//3805 3815//3815 3806//3806
f 3806//3806 3815//3815 3816//3816
f 3806//3806 3816//3816 3807//3807
f 3807//3807 3816//3816 3817//3817
f 3807//3807 3817//3817 3808//3808
f 3808//3808 3817//3817 3818//3818
f 3808//3808 3818//3818 3809//3809
f 3809//3809 3818//3818 3819//3819
f 3809//3809 3819//3819 3810//3810
f 3810//3810 3819//3819 3820//3820
f 3810//3810 3820//3820 3811//3811
f 3811//3811 3820//3820 3821//3821
f 3811//3811 3821//3821 3812//3812
f 3812//3812 3821//3821 3822//3822
f 3812//3812 3822//3822 3813//3813
f 3813//3813 3822//3822 3823//3823
f 3813//3813 3823//3823 3814//3814
f 3814//3814 3823//3823 3824//3824
f 3814//3814 3824//3824 3794//3794
f 3815//3815 3783//3783 3825//3825
f 3815//3815 3825//3825 3816//3816
f 3816//3816 3825//3825 3826//3826
f 3816//3816 3826//3826 3817//3817
f 3817//3817 3826//3826 3827//3827
f 3817//3817 3827//3827 3818//3818
f 3818//3818 3827//3827 3828//3828
f 3818//3818 3828//3828 3819//3819
f 3819//3819 3828//3828 3829//3829
f 3819//3819 3829//3829 3820//3820
f 3820//3820 3829//3829 3830//3830
f 3820//3820 3830//3830 3821//3821
f 3821//3821 3830//3830 3831//3831
f 3821//3821 3831//3831 3822//3822
f 3822//3822 3831//3831 3832//3832
f 3822//3822 3832//3832 3823//3823
f 3823//3823 3832//3832 3833//3833
f 3823//3823 3833//3833 3824//3824
f 3824//3824 3833//3833 3834//3834
f 3824//3824 3834//3834 3794//3794
f 3825//3825 3783//3783 3835//3835
f 3825//3825 3835//3835 3826//3826
f 3826//3826 3835//3835 3836//3836
f 3826//3826 3836//3836 3827//3827
f 3827//3827 3836//3836 3837//3837
f 3827//3827 3837//3837 3828//3828
f 3828//3828 3837//3837 3838//3838
f 3828//3828 3838//3838 3829//3829
f 3829//3829 3838//3838 3839//3839
f 3829//3829 3839//3839 3830//3830
f 3830//3830 3839//3839 3840//3840
f 3830//3830 3840//3840 3831//3831
f 3831//3831 3840//3840 3841//3841
f 3831//3831 3841//3841 3832//3832
f 3832//3832 3841//3841 3842//3842
f 3832//3832 3842//3842 3833//3833
f 3833//3833 3842//3842 3843//3843
f 3833//3833 3843//3843 3834//3834
f 3834//3834 3843//3843 3844//3844
f 3834//3834 3844//3844 3794//3794
f 3835//3835 3783//3783 3845//3845
f 3835//3835 3845//3845 3836//3836
f 3836//3836 3845//3845 3846//3846
f 3836//3836 3846//3846 3837//3837
f 3837//3837 3846//3846 3847//3847
f 3837//3837 3847//3847 3838//3838
f 3838//3838 3847//3847 3848//3848
f 3838//3838 3848//3848 3839//3839
f 3839//3839 3848//3848 3849//3849
f 3839//3839 3849//3849 3840//3840
f 3840//3840 3849//3849 3850//3850
f 3840//3840 3850//3850 3841//3841
f 3841//3841 3850//3850 3851//3851
f 3841//3841 3851//3851 3842//3842
f 3842//3842 3851//3851 3852//3852
f 3842//3842 3852//3852 3843//3843
f 3843//3843 3852//3852 3853//3853
f 3843//3843 3853//3853 3844//3844
f 3844//3844 3853//3853 3854//3854
f 3844//3844 3854//3854 3794//3794
f 3845//3845 3783//3783 3855//3855
f 3845//3845 3855//3855 3846//3846
f 3846//3846 3855//3855 3856//3856
f 3846//3846 3856//3856 3847//3847
f 3847//3847 3856//3856 3857//3857
f 3847//3847 3857//3857 3848//3848
f 3848//3848 3857//3857 3858//3858
f 3848//3848 3858//3858 3849//3849
f 3849//3849 3858//3858 3859//3859
f 3849//3849 3859//3859 3850//3850
f 3850//3850 3859//3859 3860//3860
f 3850//3850 3860//3860 3851//3851
f 3851//3851 3860//3860 3861//3861
f 3851//3851 3861//3861 3852//3852
f 3852//3852 3861//3861 3862//3862
f 3852//3852 3862//3862 3853//3853
f 3853//3853 3862//3862 3863//3863
f 3853//3853 3863//3863 3854//3854
f 3854//3854 3863//3863 3864//3864
f 3854//3854 3864//3864 3794//3794
f 3855//3855 3783//3783 3865//3865
f 3855//3855 3865//3865 3856//3856
f 3856//3856 3865//3865 3866//3866
f 3856//3856 3866//3866 3857//3857
f 3857//3857 3866//3866 3867//3867
f 3857//3857 3867//3867 3858//3858
f 3858//3858 3867//3867 3868//3868
f 3858//3858 3868//3868 3859//3859
f 3859//3859 3868//3868 3869//3869
f 3859//3859 3869//3869 3860//3860
f 3860//3860 3869//3869 3870//3870
f 3860//3860 3870//3870 3861//3861
f 3861//3861 3870//3870 3871//3871
f 3861//3861 3871//3871 3862//3862
f 3862//3862 3871//3871 3872//3872
f 3862//3862 3872//3872 3863//3863
f 3863//3863 3872//3872 3873//3873
f 3863//3863 3873//3873 3864//3864
f 3864//3864 3873//3873 3874//3874
f 3864//3864 3874//3874 3794//3794
f 3865//3865 3783//3783 3875//3875
f 3865//3865 3875//3875 3866//3866
f 3866//3866 3875//3875 3876//3876
f 3866//3866 3876//3876 3867//3867
f 3867//3867 3876//3876 3877//3877
f 3867//3867 3877//3877 3868//3868
f 3868//3868 3877//3877 3878//3878
f 3868//3868 3878//3878 3869//3869
f 3869//3869 3878//3878 3879//3879
f 3869//3869 3879//3879 3870//3870
f 3870//3870 3879//3879 3880//3880
f 3870//3870 3880//3880 3871//3871
f 3871//3871 3880//3880 3881//3881
f 3871//3871 3881//3881 3872//3872
f 3872//3872 3881//3881 3882//3882
f 3872//3872 3882//3882 3873//3873
f 3873//3873 3882//3882 3883//3883
f 3873//3873 3883//3883 3874//3874
f 3874//3874 3883//3883 3884//3884
f 3874//3874 3884//3884 3794//3794
f 3875//3875 3783//3783 3885//3885
f 3875//3875 3885//3885 3876//3876
f 3876//3876 3885//3885 3886//3886
f 3876//3876 3886//3886 3877//3877
f 3877//3877 3886//3886 3887//3887
f 3877//3877 3887//3887 3878//3878
f 3878//3878 3887//3887 3888//3888
f 3878//3878 3888//3888 3879//3879
f 3879//3879 3888//3888 3889//3889
f 3879//3879 3889//3889 3880//3880
f 3880//3880 3889//3889 3890//3890
f 3880//3880 3890//3890 3881//3881
f 3881//3881 3890//3890 3891//3891
f 3881//3881 3891//3891 3882//3882
f 3882//3882 3891//3891 3892//3892
f 3882//3882 3892//3892 3883//3883
f 3883//3883 3892//3892 3893//3893
f 3883//3883 3893//3893 3884//3884
f 3884//3884 3893//3893 3894//3894
f 3884//3884 3894//3894 3794//3794
f 3885//3885 3783//3783 3895//3895
f 3885//3885 3895//3895 3886//3886
f 3886//3886 3895//3895 3896//3896
f 3886//3886 3896//3896 3887//3887
f 3887//3887 3896//3896 3897//3897
f 3887//3887 3897//3897 3888//3888
f 3888//3888 3897//3897 3898//3898
f 3888//3888 3898//3898 3889//3889
f 3889//3889 3898//3898 3899//3899
f 3889//3889 3899//3899 3890//3890
f 3890//3890 3899//3899 3900//3900
f 3890//3890 3900//3900 3891//3891
f 3891//3891 3900//3900 3901//3901
f 3891//3891 3901//3901 3892//3892
f 3892//3892 3901//3901 3902//3902
f 3892//3892 3902//3902 3893//3893
f 3893//3893 3902//3902 3903//3903
f 3893//3893 3903//3903 3894//3894
f 3894//3894 3903//3903 3904//3904
f 3894//3894 3904//3904 3794//3794
f 3895//3895 3783//3783 3784//3784
f 3895//3895 3784//3784 3896//3896
f 3896//3896 3784//3784 3785//3785
f 3896//3896 3785//3785 3897//3897
f 3897//3897 3785//3785 3786//3786
f 3897//3897 3786//3786 3898//3898
f 3898//3898 3786//3786 3787//3787
f 3898//3898 3787//3787 3899//3899
f 3899//3899 3787//3787 3788//3788
f 3899//3899 3788//3788 3900//3900
f 3900//3900 3788//3788 3789//3789
f 3900//3900 3789//3789 3901//3901
f 3901//3901 3789//3789 3790//3790
f 3901//3901 3790//3790 3902//3902
f 3902//3902 3790//3790 3791//3791
f 3902//3902 3791//3791 3903//3903
f 3903//3903 3791//3791 3792//3792
f 3903//3903 3792//3792 3904//3904
f 3904//3904 3792//3792 3793//3793
f 3904//3904 3793//3793 3794//3794
f 3906//3906 3905//3905 3917//3917
f 3906//3906 3917//3917 3907//3907
f 3907//3907 3917//3917 3918//3918
f 3907//3907 3918//3918 3908//3908
f 3908//3908 3918//3918 3919//3919
f 3908//3908 3919//3919 3909//3909
f 3909//3909 3919//3919 3920//3920
f 3909//3909 3920//3920 3910//3910
f 3910//3910 3920//3920 3921//3921
f 3910//3910 3921//3921 3911//3911
f 3911//3911 3921//3921 3922//3922
f 3911//3911 3922//3922 3912//3912
f 3912//3912 3922//3922 3923//3923
f 3912//3912 3923//3923 3913//3913
f 3913//3913 3923//3923 3924//3924
f 3913//3913 3924//3924 3914//3914
f 3914//3914 3924//3924 3925//3925
f 3914//3914 3925//3925 3915//3915
f 3915//3915 3925//3925 3926//3926
f 3915//3915 3926//3926 3916//3916
f 3917//3917 3905//3905 3927//3927
f 3917//3917 3927//3927 3918//3918
f 3918//3918 3927//3927 3928//3928
f 3918//3918 3928//3928 3919//3919
f 3919//3919 3928//3928 3929//3929
f 3919//3919 3929//3929 3920//3920
f 3920//3920 3929//3929 3930//3930
f 3920//3920 3930//3930 3921//3921
f 3921//3921 3930//3930 3931//3931
f 3921//3921 3931//3931 3922//3922
f 3922//3922 3931//3931 3932//3932
f 3922//3922 3932//3932 3923//3923
f 3923//3923 3932//3932 3933//3933
f 3923//3923 3933//3933 3924//3924
f 3924//3924 3933//3933 3934//3934
f 3924//3924 3934//3934 3925//3925
f 3925//3925 3934//3934 3935//3935
f 3925//3925 3935//3935 3926//3926
f 3926//3926 3935//3935 3936//3936
f 3926//3926 3936//3936 3916//3916
f 3927//3927 3905//3905 3937//3937
f 3927//3927 3937//3937 3928//3928
f 3928//3928 3937//3937 3938//3938
f 3928//3928 3938//3938 3929//3929
f 3929//3929 3938//3938 3939//3939
f 3929//3929 3939//3939 3930//3930
f 3930//3930 3939//3939 3940//3940
f 3930//3930 3940//3940 3931//3931
f 3931//3931 3940//3940 3941//3941
f 3931//3931 3941//3941 3932//3932
f 3932//3932 3941//3941 3942//3942
f 3932//3932 3942//3942 3933//3933
f 3933//3933 3942//3942 3943//3943
f 3933//3933 3943//3943 3934//3934
f 3934//3934 3943//3943 3944//3944
f 3934//3934 3944//3944 3935//3935
f 3935//3935 3944//3944 3945//3945
f 3935//3935 3945//3945 3936//3936
f 3936//3936 3945//3945 3946//3946
f 3936//3936 3946//3946 3916//3916
f 3937//3937 3905//3905 3947//3947
f 3937//3937 3947//3947 3938//3938
f 3938//3938 3947//3947 3948//3948
f 3938//3938 3948//3948 3939//3939
f 3939//3939 3948//3948 3949//3949
f 3939//3939 3949//3949 3940//3940
f 3940//3940 3949//3949 3950//3950
f 3940//3940 3950//3950 3941//3941
f 3941//3941 3950//3950 3951//3951
f 3941//3941 3951//3951 3942//3942
f 3942//3942 3951//3951 3952//3952
f 3942//3942 3952//3952 3943//3943
f 3943//3943 3952//3952 3953//3953
f 3943//3943 3953//3953 3944//3944
f 3944//3944 3953//3953 3954//3954
f 3944//3944 3954//3954 3945//3945
f 3945//3945 3954//3954 3955//3955
f 3945//3945 3955//3955 3946//3946
f 3946//3946 3955//3955 3956//3956
f 3946//3946 3956//3956 3916//3916
f 3947//3947 3905//3905 3957//3957
f 3947//3947 3957//3957 3948//3948
f 3948//3948 3957//3957 3958//3958
f 3948//3948 3958//3958 3949//3949
f 3949//3949 3958//3958 3959//3959
f 3949//3949 3959//3959 3950//3950
f 3950//3950 3959//3959 3960//3960
f 3950//3950 3960//3960 3951//3951
f 3951//3951 3960//3960 3961//3961
f 3951//3951 3961//3961 3952//3952
f 3952//3952 3961//3961 3962//3962
f 3952//3952 3962//3962 3953//3953
f 3953//3953 3962//3962 3963//3963
f 3953//3953 3963//3963 3954//3954
f 3954//3954 3963//3963 3964//3964
f 3954//3954 3964//3964 3955//3955
f 3955//3955 3964//3964 3965//3965
f 3955//3955 3965//3965 3956//3956
f 3956//3956 3965//3965 3966//3966
f 3956//3956 3966//3966 3916//3916
f 3957//3957 3905//3905 3967//3967
f 3957//3957 3967//3967 3958//3958
f 3958//3958 3967//3967 3968//3968
f 3958//3958 3968//3968 3959//3959
f 3959//3959 3968//3968 3969//3969
f 3959//3959 3969//3969 3960//3960
f 3960//3960 3969//3969 3970//3970
f 3960//3960 3970//3970 3961//3961
f 3961//3961 3970//3970 3971//3971
f 3961//3961 3971//3971 3962//3962
f 3962//3962 3971//3971 3972//3972
f 3962//3962 3972//3972 3963//3963
f 3963//3963 3972//3972 3973//3973
f 3963//3963 3973//3973 3964//3964
f 3964//3964 3973//3973 3974//3974
f 3964//3964 3974//3974 3965//3965
f 3965//3965 3974//3974 3975//3975
f 3965//3965 3975//3975 3966//3966
f 3966//3966 3975//3975 3976//3976
f 3966//3966 3976//3976 3916//3916
f 3967//3967 3905//3905 3977//3977
f 3967//3967 3977//3977 3968//3968
f 3968//3968 3977//3977 3978//3978
f 3968//3968 3978//3978 3969//3969
f 3969//3969 3978//3978 3979//3979
f 3969//3969 3979//3979 3970//3970
f 3970//3970 3979//3979 3980//3980
f 3970//3970 3980//3980 3971//3971
f 3971//3971 3980//3980 3981//3981
f 3971//3971 3981//3981 3972//3972
f 3972//3972 3981//3981 3982//3982
f 3972//3972 3982//3982 3973//3973
f 3973//3973 3982//3982 3983//3983
f 3973//3973 3983//3983 3974//3974
f 3974//3974 3983//3983 3984//3984
f 3974//3974 3984//3984 3975//3975
f 3975//3975 3984//3984 3985//3985
f 3975//3975 3985//3985 3976//3976
f 3976//3976 3985//3985 3986//3986
f 3976//3976 3986//3986 3916//3916
f 3977//3977 3905//3905 3987//3987
f 3977//3977 3987//3987 3978//3978
f 3978//3978 3987//3987 3988//3988
f 3978//3978 3988//3988 3979//3979
f 3979//3979 3988//3988 3989//3989
f 3979//3979 3989//3989 3980//3980
f 3980//3980 3989//3989 3990//3990
f 3980//3980 3990//3990 3981//3981
f 3981//3981 3990//3990 3991//3991
f 3981//3981 3991//3991 3982//3982
f 3982//3982 3991//3991 3992//3992
f 3982//3982 3992//3992 3983//3983
f 3983//3983 3992//3992 3993//3993
f 3983//3983 3993//3993 3984//3984
f 3984//3984 3993//3993 3994//3994
f 3984//3984 3994//3994 3985//3985
f 3985//3985 3994//3994 3995//3995
f 3985//3985 3995//3995 3986//3986
f 3986//3986 3995//3995 3996//3996
f 3986//3986 3996//3996 3916//3916
f 3987//3987 3905//3905 3997//3997
f 3987//3987 3997//3997 3988//3988
f 3988//3988 3997//3997 3998//3998
f 3988//3988 3998//3998 3989//3989
f 3989//3989 3998//3998 3999//3999
f 3989//3989 3999//3999 3990//3990
f 3990//3990 3999//3999 4000//4000
f 3990//3990 4000//4000 3991//3991
f 3991//3991 4000//4000 4001//4001
f 3991//3991 4001//4001 3992//3992
f 3992//3992 4001//4001 4002//4002
f 3992//3992 4002//4002 3993//3993
f 3993//3993 4002//4002 4003//4003
f 3993//3993 4003//4003 3994//3994
f 3994//3994 4003//4003 4004//4004
f 3994//3994 4004//4004 3995//3995
f 3995//3995 4004//4004 4005//4005
f 3995//3995 4005//4005 3996//3996
f 3996//3996 4005//4005 4006//4006
f 3996//3996 4006//4006 3916//3916
f 3997//3997 3905//3905 4007//4007
f 3997//3997 4007//4007 3998//3998
f 3998//3998 4007//4007 4008//4008
f 3998//3998 4008//4008 3999//3999
f 3999//3999 4008//4008 4009//4009
f 3999//3999 4009//4009 4000//4000
f 4000//4000 4009//4009 4010//4010
f 4000//4000 4010//4010 4001//4001
f 4001//4001 4010//4010 4011//4011
f 4001//4001 4011//4011 4002//4002
f 4002//4002 4011//4011 4012//4012
f 4002//4002 4012//4012 4003//4003
f 4003//4003 4012//4012 4013//4013
f 4003//4003 4013//4013 4004//4004
f 4004//4004 4013//4013 4014//4014
f 4004//4004 4014//4014 4005//4005
f 4005//4005 4014//4014 4015//4015
f 4005//4005 4015//4015 4006//4006
f 4006//4006 4015//4015 4016//4016
f 4006//4006 4016//4016 3916//3916
f 4007//4007 3905//3905 4017//4017
f 4007//4007 4017//4017 4008//4008
f 4008//4008 4017//4017 4018//4018
f 4008//4008 4018//4018 4009//4009
f 4009//4009 4018//4018 4019//4019
f 4009//4009 4019//4019 4010//4010
f 4010//4010 4019//4019 4020//4020
f 4010//4010 4020//4020 4011//4011
f 4011//4011 4020//4020 4021//4021
f 4011//4011 4021//4021 4012//4012
f 4012//4012 4021//4021 4022//4022
f 4012//4012 4022//4022 4013//4013
f 4013//4013 4022//4022 4023//4023
f 4013//4013 4023//4023 4014//4014
f 4014//4014 4023//4023 4024//4024
f 4014//4014 4024//4024 4015//4015
f 4015//4015 4024//4024 4025//4025
f 4015//4015 4025//4025 4016//4016
f 4016//4016 4025//4025 4026//4026
f 4016//4016 4026//4026 3916//3916
f 4017//4017 3905//3905 3906//3906
f 4017//4017 3906//3906 4018//4018
f 4018//4018 3906//3906 3907//3907
f 4018//4018 3907//3907 4019//4019
f 4019//4019 3907//3907 3908//3908
f 4019//4019 3908//3908 4020//4020
f 4020//4020 3908//3908 3909//3909
f 4020//4020 3909//3909 4021//4021
f 4021//4021 3909//3909 3910//3910
f 4021//4021 3910//3910 4022//4022
f 4022//4022 3910//3910 3911//3911
f 4022//4022 3911//3911 4023//4023
f 4023//4023 3911//3911 3912//3912
f 4023//4023 3912//3912 4024//4024
f 4024//4024 3912//3912 3913//3913
f 4024//4024 3913//3913 4025//4025
f 4025//4025 3913//3913 3914//3914
f 4025//4025 3914//3914 4026//4026
f 4026//4026 3914//3914 3915//3915
f 4026//4026 3915//3915 3916//3916
f 4028//4028 4027//4027 4039//4039
f 4028//4028 4039//4039 4029//4029
f 4029//4029 4039//4039 4040//4040
f 4029//4029 4040//4040 4030//4030
f 4030//4030 4040//4040 4041//4041
f 4030//4030 4041//4041 4031//4031
f 4031//4031 4041//4041 4042//4042
f 4031//4031 4042//4042 4032//4032
f 4032//4032 4042//4042 4043//4043
f 4032//4032 4043//4043 4033//4033
f 4033//4033 4043//4043 4044//4044
f 4033//4033 4044//4044 4034//4034
f 4034//4034 4044//4044 4045//4045
f 4034//4034 4045//4045 4035//4035
f 4035//4035 4045//4045 4046//4046
f 4035//4035 4046//4046 4036//4036
f 4036//4036 4046//4046 4047//4047
f 4036//4036 4047//4047 4037//4037
f 4037//4037 4047//4047 4048//4048
f 4037//4037 4048//4048 4038//4038
f 4039//4039 4027//4027 4049//4049
f 4039//4039 4049//4049 4040//4040
f 4040//4040 4049//4049 4050//4050
f 4040//4040 4050//4050 4041//4041
f 4041//4041 4050//4050 4051//4051
f 4041//4041 4051//4051 4042//4042
f 4042//4042 4051//4051 4052//4052
f 4042//4042 4052//4052 4043//4043
f 4043//4043 4052//4052 4053//4053
f 4043//4043 4053//4053 4044//4044
f 4044//4044 4053//4053 4054//4054
f 4044//4044 4054//4054 4045//4045
f 4045//4045 4054//4054 4055//4055
f 4045//4045 4055//4055 4046//4046
f 4046//4046 4055//4055 4056//4056
f 4046//4046 4056//4056 4047//4047
f 4047//4047 4056//4056 4057//4057
f 4047//4047 4057//4057 4048//4048
f 4048//4048 4057//4057 4058//4058
f 4048//4048 4058//4058 4038//4038
f 4049//4049 4027//4027 4059//4059
f 4049//4049 4059//4059 4050//4050
f 4050//4050 4059//4059 4060//4060
f 4050//4050 4060//4060 4051//4051
f 4051//4051 4060//4060 4061//4061
f 4051//4051 4061//4061 4052//4052
f 4052//4052 4061//4061 4062//4062
f 4052//4052 4062//4062 4053//4053
f 4053//4053 4062//4062 4063//4063
f 4053//4053 4063//4063 4054//4054
f 4054//4054 4063//4063 4064//4064
f 4054//4054 4064//4064 4055//4055
f 4055//4055 4064//4064 4065//4065
f 4055//4055 4065//4065 4056//4056
f 4056//4056 4065//4065 4066//4066
f 4056//4056 4066//4066 4057//4057
f 4057//4057 4066//4066 4067//4067
f 4057//4057 4067//4067 4058//4058
f 4058//4058 4067//4067 4068//4068
f 4058//4058 4068//4068 4038//4038
f 4059//4059 4027//4027 4069//4069
f 4059//4059 4069//4069 4060//4060
f 4060//4060 4069//4069 4070//4070
f 4060//4060 4070//4070 4061//4061
f 4061//4061 4070//4070 4071//4071
f 4061//4061 4071//4071 4062//4062
f 4062//4062 4071//4071 4072//4072
f 4062//4062 4072//4072 4063//4063
f 4063//4063 4072//4072 4073//4073
f 4063//4063 4073//4073 4064//4064
f 4064//4064 4073//4073 4074//4074
f 4064//4064 4074//4074 4065//4065
f 4065//4065 4074//4074 4075//4075
f 4065//4065 4075//4075 4066//4066
f 4066//4066 4075//4075 4076//4076
f 4066//4066 4076//4076 4067//4067
f 4067//4067 4076//4076 4077//4077
f 4067//4067 4077//4077 4068//4068
f 4068//4068 4077//4077 4078//4078
f 4068//4068 4078//4078 4038//4038
f 4069//4069 4027//4027 4079//4079
f 4069//4069 4079//4079 4070//4070
f 4070//4070 4079//4079 4080//4080
f 4070//4070 4080//4080 4071//4071
f 4071//4071 4080//4080 4081//4081
f 4071//4071 4081//4081 4072//4072
f 4072//4072 4081//4081 4082//4082
f 4072//4072 4082//4082 4073//4073
f 4073//4073 4082//4082 4083//4083
f 4073//4073 4083//4083 4074//4074
f 4074//4074 4083//4083 4084//4084
f 4074//4074 4084//4084 4075//4075
f 4075//4075 4084//4084 4085//4085
f 4075//4075 4085//4085 4076//4076
f 4076//4076 4085//4085 4086//4086
f 4076//4076 4086//4086 4077//4077
f 4077//4077 4086//4086 4087//4087
f 4077//4077 4087//4087 4078//4078
f 4078//4078 4087//4087 4088//4088
f 4078//4078 4088//4088 4038//4038
f 4079//4079 4027//4027 4089//4089
f 4079//4079 4089//4089 4080//4080
f 4080//4080 4089//4089 4090//4090
f 4080//4080 4090//4090 4081//4081
f 4081//4081 4090//4090 4091//4091
f 4081//4081 4091//4091 4082//4082
f 4082//4082 4091//4091 4092//4092
f 4082//4082 4092//4092 4083//4083
f 4083//4083 4092//4092 4093//4093
f 4083//4083 4093//4093 4084//4084
f 4084//4084 4093//4093 4094//4094
f 4084//4084 4094//4094 4085//4085
f 4085//4085 4094//4094 4095//4095
f 4085//4085 4095//4095 4086//4086
f 4086//4086 4095//4095 4096//4096
f 4086//4086 4096//4096 4087//4087
f 4087//4087 4096//4096 4097//4097
f 4087//4087 4097//4097 4088//4088
f 4088//4088 4097//4097 4098//4098
f 4088//4088 4098//4098 4038//4038
f 4089//4089 4027//4027 4099//4099
f 4089//4089 4099//4099 4090//4090
f 4090//4090 4099//4099 4100//4100
f 4090//4090 4100//4100 4091//4091
f 4091//4091 4100//4100 4101//4101
f 4091//4091 4101//4101 4092//4092
f 4092//4092 4101//4101 4102//4102
f 4092//4092 4102//4102 4093//4093
f 4093//4093 4102//4102 4103//4103
f 4093//4093 4103//4103 4094//4094
f 4094//4094 4103//4103 4104//4104
f 4094//4094 4104//4104 4095//4095
f 4095//4095 4104//4104 4105//4105
f 4095//4095 4105//4105 4096//4096
f 4096//4096 4105//4105 4106//4106
f 4096//4096 4106//4106 4097//4097
f 4097//4097 4106//4106 4107//4107
f 4097//4097 4107//4107 4098//4098
f 4098//4098 4107//4107 4108//4108
f 4098//4098 4108//4108 4038//4038
f 4099//4099 4027//4027 4109//4109
f 4099//4099 4109//4109 4100//4100
f 4100//4100 4109//4109 4110//4110
f 4100//4100 4110//4110 4101//4101
f 4101//4101 4110//4110 4111//4111
f 4101//4101 4111//4111 4102//4102
f 4102//4102 4111//4111 4112//4112
f 4102//4102 4112//4112 4103//4103
f 4103//4103 4112//4112 4113//4113
f 4103//4103 4113//4113 4104//4104
f 4104//4104 4113//4113 4114//4114
f 4104//4104 4114//4114 4105//4105
f 4105//4105 4114//4114 4115//4115
f 4105//4105 4115//4115 4106//4106
f 4106//4106 4115//4115 4116//4116
f 4106//4106 4116//4116 4107//4107
f 4107//4107 4116//4116 4117//4117
f 4107//4107 4117//4117 4108//4108
f 4108//4108 4117//4117 4118//4118
f 4108//4108 4118//4118 4038//4038
f 4109//4109 4027//4027 4119//4119
f 4109//4109 4119//4119 4110//4110
f 4110//4110 4119//4119 4120//4120
f 4110//4110 4120//4120 4111//4111
f 4111//4111 4120//4120 4121//4121
f 4111//4111 4121//4121 4112//4112
f 4112//4112 4121//4121 4122//4122
f 4112//4112 4122//4122 4113//4113
f 4113//4113 4122//4122 4123//4123
f 4113//4113 4123//4123 4114//4114
f 4114//4114 4123//4123 4124//4124
f 4114//4114 4124//4124 4115//4115
f 4115//4115 4124//4124 4125//4125
f 4115//4115 4125//4125 4116//4116
f 4116//4116 4125//4125 4126//4126
f 4116//4116 4126//4126 4117//4117
f 4117//4117 4126//4126 4127//4127
f 4117//4117 4127//4127 4118//4118
f 4118//4118 4127//4127 4128//4128
f 4118//4118 4128//4128 4038//4038
f 4119//4119 4027//4027 4129//4129
f 4119//4119 4129//4129 4120//4120
f 4120//4120 4129//4129 4130//4130
f 4120//4120 4130//4130 4121//4121
f 4121//4121 4130//4130 4131//4131
f 4121//4121 4131//4131 4122//4122
f 4122//4122 4131//4131 4132//4132
f 4122//4122 4132//4132 4123//4123
f 4123//4123 4132//4132 4133//4133
f 4123//4123 4133//4133 4124//4124
f 4124//4124 4133//4133 4134//4134
f 4124//4124 4134//4134 4125//4125
f 4125//4125 4134//4134 4135//4135
f 4125//4125 4135//4135 4126//4126
f 4126//4126 4135//4135 4136//4136
f 4126//4126 4136//4136 4127//4127
f 4127//4127 4136//4136 4137//4137
f 4127//4127 4137//4137 4128//4128
f 4128//4128 4137//4137 4138//4138
f 4128//4128 4138//4138 4038//4038
f 4129//4129 4027//4027 4139//4139
f 4129//4129 4139//4139 4130//4130
f 4130//4130 4139//4139 4140//4140
f 4130//4130 4140//4140 4131//4131
f 4131//4131 4140//4140 4141//4141
f 4131//4131 4141//4141 4132//4132
f 4132//4132 4141//4141 4142//4142
f 4132//4132 4142//4142 4133//4133
f 4133//4133 4142//4142 4143//4143
f 4133//4133 4143//4143 4134//4134
f 4134//4134 4143//4143 4144//4144
f 4134//4134 4144//4144 4135//4135
f 4135//4135 4144//4144 4145//4145
f 4135//4135 4145//4145 4136//4136
f 4136//4136 4145//4145 4146//4146
f 4136//4136 4146//4146 4137//4137
f 4137//4137 4146//4146 4147//4147
f 4137//4137 4147//4147 4138//4138
f 4138//4138 4147//4147 4148//4148
f 4138//4138 4148//4148 4038//4038
f 4139//4139 4027//4027 4028//4028
f 4139//4139 4028//4028 4140//4140
f 4140//4140 4028//4028 4029//4029
f 4140//4140 4029//4029 4141//4141
f 4141//4141 4029//4029 4030//4030
f 4141//4141 4030//4030 4142//4142
f 4142//4142 4030//4030 4031//4031
f 4142//4142 4031//4031 4143//4143
f 4143//4143 4031//4031 4032//4032
f 4143//4143 4032//4032 4144//4144
f 4144//4144 4032//4032 4033//4033
f 4144//4144 4033//4033 4145//4145
f 4145//4145 4033//4033 4034//4034
f 4145//4145 4034//4034 4146//4146
f 4146//4146 4034//4034 4035//4035
f 4146//4146 4035//4035 4147//4147
f 4147//4147 4035//4035 4036//4036
f 4147//4147 4036//4036 4148//4148
f 4148//4148 4036//4036 4037//4037
f 4148//4148 4037//4037 4038//4038
f 4150//4150 4149//4149 4161//4161
f 4150//4150 4161//4161 4151//4151
f 4151//4151 4161//4161 4162//4162
f 4151//4151 4162//4162 4152//4152
f 4152//4152 4162//4162 4163//4163
f 4152//4152 4163//4163 4153//4153
f 4153//4153 4163//4163 4164//4164
f 4153//4153 4164//4164 4154//4154
f 4154//4154 4164//4164 4165//4165
f 4154//4154 4165//4165 4155//4155
f 4155//4155 4165//4165 4166//4166
f 4155//4155 4166//4166 4156//4156
f 4156//4156 4166//4166 4167//4167
f 4156//4156 4167//4167 4157//4157
f 4157//4157 4167//4167 4168//4168
f 4157//4157 4168//4168 4158//4158
f 4158//4158 4168//4168 4169//4169
f 4158//4158 4169//4169 4159//4159
f 4159//4159 4169//4169 4170//4170
f 4159//4159 4170//4170 4160//4160
f 4161//4161 4149//4149 4171//4171
f 4161//4161 4171//4171 4162//4162
f 4162//4162 4171//4171 4172//4172
f 4162//4162 4172//4172 4163//4163
f 4163//4163 4172//4172 4173//4173
f 4163//4163 4173//4173 4164//4164
f 4164//4164 4173//4173 4174//4174
f 4164//4164 4174//4174 4165//4165
f 4165//4165 4174//4174 4175//4175
f 4165//4165 4175//4175 4166//4166
f 4166//4166 4175//4175 4176//4176
f 4166//4166 4176//4176 4167//4167
f 4167//4167 4176//4176 4177//4177
f 4167//4167 4177//4177 4168//4168
f 4168//4168 4177//4177 4178//4178
f 4168//4168 4178//4178 4169//4169
f 4169//4169 4178//4178 4179//4179
f 4169//4169 4179//4179 4170//4170
f 4170//4170 4179//4179 4180//4180
f 4170//4170 4180//4180 4160//4160
f 4171//4171 4149//4149 4181//4181
f 4171//4171 4181//4181 4172//4172
f 4172//4172 4181//4181 4182//4182
f 4172//4172 4182//4182 4173//4173
f 4173//4173 4182//4182 4183//4183
f 4173//4173 4183//4183 4174//4174
f 4174//4174 4183//4183 4184//4184
f 4174//4174 4184//4184 4175//4175
f 4175//4175 4184//4184 4185//4185
f 4175//4175 4185//4185 4176//4176
f 4176//4176 4185//4185 4186//4186
f 4176//4176 4186//4186 4177//4177
f 4177//4177 4186//4186 4187//4187
f 4177//4177 4187//4187 4178//4178
f 4178//4178 4187//4187 4188//4188
f 4178//4178 4188//4188 4179//4179
f 4179//4179 4188//4188 4189//4189
f 4179//4179 4189//4189 4180//4180
f 4180//4180 4189//4189 4190//4190
f 4180//4180 4190//4190 4160//4160
f 4181//4181 4149//4149 4191//4191
f 4181//4181 4191//4191 4182//4182
f 4182//4182 4191//4191 4192//4192
f 4182//4182 4192//4192 4183//4183
f 4183//4183 4192//4192 4193//4193
f 4183//4183 4193//4193 4184//4184
f 4184//4184 4193//4193 4194//4194
f 4184//4184 4194//4194 4185//4185
f 4185//4185 4194//4194 4195//4195
f 4185//4185 4195//4195 4186//4186
f 4186//4186 4195//4195 4196//4196
f 4186//4186 4196//4196 4187//4187
f 4187//4187 4196//4196 4197//4197
f 4187//4187 4197//4197 4188//4188
f 4188//4188 4197//4197 4198//4198
f 4188//4188 4198//4198 4189//4189
f 4189//4189 4198//4198 4199//4199
f 4189//4189 4199//4199 4190//4190
f 4190//4190 4199//4199 4200//4200
f 4190//4190 4200//4200 4160//4160
f 4191//4191 4149//4149 4201//4201
f 4191//4191 4201//4201 4192//4192
f 4192//4192 4201//4201 4202//4202
f 4192//4192 4202//4202 4193//4193
f 4193//4193 4202//4202 4203//4203
f 4193//4193 4203//4203 4194//4194
f 4194//4194 4203//4203 4204//4204
f 4194//4194 4204//4204 4195//4195
f 4195//4195 4204//4204 4205//4205
f 4195//4195 4205//4205 4196//4196
f 4196//4196 4205//4205 4206//4206
f 4196//4196 4206//4206 4197//4197
f 4197//4197 4206//4206 4207//4207
f 4197//4197 4207//4207 4198//4198
f 4198//4198 4207//4207 4208//4208
f 4198//4198 4208//4208 4199//4199
f 4199//4199 4208//4208 4209//4209
f 4199//4199 4209//4209 4200//4200
f 4200//4200 4209//4209 4210//4210
f 4200//4200 4210//4210 4160//4160
f 4201//4201 4149//4149 4211//4211
f 4201//4201 4211//4211 4202//4202
f 4202//4202 4211//4211 4212//4212
f 4202//4202 4212//4212 4203//4203
f 4203//4203 4212//4212 4213//4213
f 4203//4203 4213//4213 4204//4204
f 4204//4204 4213//4213 4214//4214
f 4204//4204 4214//4214 4205//4205
f 4205//4205 4214//4214 4215//4215
f 4205//4205 4215//4215 4206//4206
f 4206//4206 4215//4215 4216//4216
f 4206//4206 4216//4216 4207//4207
f 4207//4207 4216//4216 4217//4217
f 4207//4207 4217//4217 4208//4208
f 4208//4208 4217//4217 4218//4218
f 4208//4208 4218//4218 4209//4209
f 4209//4209 4218//4218 4219//4219
f 4209//4209 4219//4219 4210//4210
f 4210//4210 4219//4219 4220//4220
f 4210//4210 4220//4220 4160//4160
f 4211//4211 4149//4149 4221//4221
f 4211//4211 4221//4221 4212//4212
f 4212//4212 4221//4221 4222//4222
f 4212//4212 4222//4222 4213//4213
f 4213//4213 4222//4222 4223//4223
f 4213//4213 4223//4223 4214//4214
f 4214//4214 4223//4223 4224//4224
f 4214//4214 4224//4224 4215//4215
f 4215//4215 4224//4224 4225//4225
f 4215//4215 4225//4225 4216//4216
f 4216//4216 4225//4225 4226//4226
f 4216//4216 4226//4226 4217//4217
f 4217//4217 4226//4226 4227//4227
f 4217//4217 4227//4227 4218//4218
f 4218//4218 4227//4227 4228//4228
f 4218//4218 4228//4228 4219//4219
f 4219//4219 4228//4228 4229//4229
f 4219//4219 4229//4229 4220//4220
f 4220//4220 4229//4229 4230//4230
f 4220//4220 4230//4230 4160//4160
f 4221//4221 4149//4149 4231//4231
f 4221//4221 4231//4231 4222//4222
f 4222//4222 4231//4231 4232//4232
f 4222//4222 4232//4232 4223//4223
f 4223//4223 4232//4232 4233//4233
f 4223//4223 4233//4233 4224//4224
f 4224//4224 4233//4233 4234//4234
f 4224//4224 4234//4234 4225//4225
f 4225//4225 4234//4234 4235//4235
f 4225//4225 4235//4235 4226//4226
f 4226//4226 4235//4235 4236//4236
f 4226//4226 4236//4236 4227//4227
f 4227//4227 4236//4236 4237//4237
f 4227//4227 4237//4237 4228//4228
f 4228//4228 4237//4237 4238//4238
f 4228//4228 4238//4238 4229//4229
f 4229//4229 4238//4238 4239//4239
f 4229//4229 4239//4239 4230//4230
f 4230//4230 4239//4239 4240//4240
f 4230//4230 4240//4240 4160//4160
f 4231//4231 4149//4149 4241//4241
f 4231//4231 4241//4241 4232//4232
f 4232//4232 4241//4241 4242//4242
f 4232//4232 4242//4242 4233//4233
f 4233//4233 4242//4242 4243//4243
f 4233//4233 4243//4243 4234//4234
f 4234//4234 4243//4243 4244//4244
f 4234//4234 4244//4244 4235//4235
f 4235//4235 4244//4244 4245//4245
f 4235//4235 4245//4245 4236//4236
f 4236//4236 4245//4245 4246//4246
f 4236//4236 4246//4246 4237//4237
f 4237//4237 4246//4246 4247//4247
f 4237//4237 4247//4247 4238//4238
f 4238//4238 4247//4247 4248//4248
f 4238//4238 4248//4248 4239//4239
f 4239//4239 4248//4248 4249//4249
f 4239//4239 4249//4249 4240//4240
f 4240//4240 4249//4249 4250//4250
f 4240//4240 4250//4250 4160//4160
f 4241//4241 4149//4149 4251//4251
f 4241//4241 4251//4251 4242//4242
f 4242//4242 4251//4251 4252//4252
f 4242//4242 4252//4252 4243//4243
f 4243//4243 4252//4252 4253//4253
f 4243//4243 4253//4253 4244//4244
f 4244//4244 4253//4253 4254//4254
f 4244//4244 4254//4254 4245//4245
f 4245//4245 4254//4254 4255//4255
f 4245//4245 4255//4255 4246//4246
f 4246//4246 4255//4255 4256//4256
f 4246//4246 4256//4256 4247//4247
f 4247//4247 4256//4256 4257//4257
f 4247//4247 4257//4257 4248//4248
f 4248//4248 4257//4257 4258//4258
f 4248//4248 4258//4258 4249//4249
f 4249//4249 4258//4258 4259//4259
f 4249//4249 4259//4259 4250//4250
f 4250//4250 4259//4259 4260//4260
f 4250//4250 4260//4260 4160//4160
f 4251//4251 4149//4149 4261//4261
f 4251//4251 4261//4261 4252//4252
f 4252//4252 4261//4261 4262//4262
f 4252//4252 4262//4262 4253//4253
f 4253//4253 4262//4262 4263//4263
f 4253//4253 4263//4263 4254//4254
f 4254//4254 4263//4263 4264//4264
f 4254//4254 4264//4264 4255//4255
f 4255//4255 4264//4264 4265//4265
f 4255//4255 4265//4265 4256//4256
f 4256//4256 4265//4265 4266//4266
f 4256//4256 4266//4266 4257//4257
f 4257//4257 4266//4266 4267//4267
f 4257//4257 4267//4267 4258//4258
f 4258//4258 4267//4267 4268//4268
f 4258//4258 4268//4268 4259//4259
f 4259//4259 4268//4268 4269//4269
f 4259//4259 4269//4269 4260//4260
f 4260//4260 4269//4269 4270//4270
f 4260//4260 4270//4270 4160//4160
f 4261//4261 4149//4149 4150//4150
f 4261//4261 4150//4150 4262//4262
f 4262//4262 4150//4150 4151//4151
f 4262//4262 4151//4151 4263//4263
f 4263//4263 4151//4151 4152//4152
f 4263//4263 4152//4152 4264//4264
f 4264//4264 4152//4152 4153//4153
f 4264//4264 4153//4153 4265//4265
f 4265//4265 4153//4153 4154//4154
f 4265//4265 4154//4154 4266//4266
f 4266//4266 4154//4154 4155//4155
f 4266//4266 4155//4155 4267//4267
f 4267//4267 4155//4155 4156//4156
f 4267//4267 4156//4156 4268//4268
f 4268//4268 4156//4156 4157//4157
f 4268//4268 4157//4157 4269//4269
f 4269//4269 4157//4157 4158//4158
f 4269//4269 4158//4158 4270//4270
f 4270//4270 4158//4158 4159//4159
f 4270//4270 4159//4159 4160//4160
f 4272//4272 4271//4271 4283//4283
f 4272//4272 4283//4283 4273//4273
f 4273//4273 4283//4283 4284//4284
f 4273//4273 4284//4284 4274//4274
f 4274//4274 4284//4284 4285//4285
f 4274//4274 4285//4285 4275//4275
f 4275//4275 4285//4285 4286//4286
f 4275//4275 4286//4286 4276//4276
f 4276//4276 4286//4286 4287//4287
f 4276//4276 4287//4287 4277//4277
f 4277//4277 4287//4287 4288//4288
f 4277//4277 4288//4288 4278//4278
f 4278//4278 4288//4288 4289//4289
f 4278//4278 4289//4289 4279//4279
f 4279//4279 4289//4289 4290//4290
f 4279//4279 4290//4290 4280//4280
f 4280//4280 4290//4290 4291//4291
f 4280//4280 4291//4291 4281//4281
f 4281//4281 4291//4291 4292//4292
f 4281//4281 4292//4292 4282//4282
f 4283//4283 4271//4271 4293//4293
f 4283//4283 4293//4293 4284//4284
f 4284//4284 4293//4293 4294//4294
f 4284//4284 4294//4294 4285//4285
f 4285//4285 4294//4294 4295//4295
f 4285//4285 4295//4295 4286//4286
f 4286//4286 4295//4295 4296//4296
f 4286//4286 4296//4296 4287//4287
f 4287//4287 4296//4296 4297//4297
f 4287//4287 4297//4297 4288//4288
f 4288//4288 4297//4297 4298//4298
f 4288//4288 4298//4298 4289//4289
f 4289//4289 4298//4298 4299//4299
f 4289//4289 4299//4299 4290//4290
f 4290//4290 4299//4299 4300//4300
f 4290//4290 4300//4300 4291//4291
f 4291//4291 4300//4300 4301//4301
f 4291//4291 4301//4301 4292//4292
f 4292//4292 4301//4301 4302//4302
f 4292//4292 4302//4302 4282//4282
f 4293//4293 4271//4271 4303//4303
f 4293//4293 4303//4303 4294//4294
f 4294//4294 4303//4303 4304//4304
f 4294//4294 4304//4304 4295//4295
f 4295//4295 4304//4304 4305//4305
f 4295//4295 4305//4305 4296//4296
f 4296//4296 4305//4305 4306//4306
f 4296//4296 4306//4306 4297//4297
f 4297//4297 4306//4306 4307//4307
f 4297//4297 4307//4307 4298//4298
f 4298//4298 4307//4307 4308//4308
f 4298//4298 4308//4308 4299//4299
f 4299//4299 4308//4308 4309//4309
f 4299//4299 4309//4309 4300//4300
f 4300//4300 4309//4309 4310//4310
f 4300//4300 4310//4310 4301//4301
f 4301//4301 4310//4310 4311//4311
f 4301//4301 4311//4311 4302//4302
f 4302//4302 4311//4311 4312//4312
f 4302//4302 4312//4312 4282//4282
f 4303//4303 4271//4271 4313//4313
f 4303//4303 4313//4313 4304//4304
f 4304//4304 4313//4313 4314//4314
f 4304//4304 4314//4314 4305//4305
f 4305//4305 4314//4314 4315//4315
f 4305//4305 4315//4315 4306//4306
f 4306//4306 4315//4315 4316//4316
f 4306//4306 4316//4316 4307//4307
f 4307//4307 4316//4316 4317//4317
f 4307//4307 4317//4317 4308//4308
f 4308//4308 4317//4317 4318//4318
f 4308//4308 4318//4318 4309//4309
f 4309//4309 4318//4318 4319//4319
f 4309//4309 4319//4319 4310//4310
f 4310//4310 4319//4319 4320//4320
f 4310//4310 4320//4320 4311//4311
f 4311//4311 4320//4320 4321//4321
f 4311//4311 4321//4321 4312//4312
f 4312//4312 4321//4321 4322//4322
f 4312//4312 4322//4322 4282//4282
f 4313//4313 4271//4271 4323//4323
f 4313//4313 4323//4323 4314//4314
f 4314//4314 4323//4323 4324//4324
f 4314//4314 4324//4324 4315//4315
f 4315//4315 4324//4324 4325//4325
f 4315//4315 4325//4325 4316//4316
f 4316//4316 4325//4325 4326//4326
f 4316//4316 4326//4326 4317//4317
f 4317//4317 4326//4326 4327//4327
f 4317//4317 4327//4327 4318//4318
f 4318//4318 4327//4327 4328//4328
f 4318//4318 4328//4328 4319//4319
f 4319//4319 4328//4328 4329//4329
f 4319//4319 4329//4329 4320//4320
f 4320//4320 4329//4329 4330//4330
f 4320//4320 4330//4330 4321//4321
f 4321//4321 4330//4330 4331//4331
f 4321//4321 4331//4331 4322//4322
f 4322//4322 4331//4331 4332//4332
f 4322//4322 4332//4332 4282//4282
f 4323//4323 4271//4271 4333//4333
f 4323//4323 4333//4333 4324//4324
f 4324//4324 4333//4333 4334//4334
f 4324//4324 4334//4334 4325//4325
f 4325//4325 4334//4334 4335//4335
f 4325//4325 4335//4335 4326//4326
f 4326//4326 4335//4335 4336//4336
f 4326//4326 4336//4336 4327//4327
f 4327//4327 4336//4336 4337//4337
f 4327//4327 4337//4337 4328//4328
f 4328//4328 4337//4337 4338//4338
f 4328//4328 4338//4338 4329//4329
f 4329//4329 4338//4338 4339//4339
f 4329//4329 4339//4339 4330//4330
f 4330//4330 4339//4339 4340//4340
f 4330//4330 4340//4340 4331//4331
f 4331//4331 4340//4340 4341//4341
f 4331//4331 4341//4341 4332//4332
f 4332//4332 4341//4341 4342//4342
f 4332//4332 4342//4342 4282//4282
f 4333//4333 4271//4271 4343//4343
f 4333//4333 4343//4343 4334//4334
f 4334//4334 4343//4343 4344//4344
f 4334//4334 4344//4344 4335//4335
f 4335//4335 4344//4344 4345//4345
f 4335//4335 4345//4345 4336//4336
f 4336//4336 4345//4345 4346//4346
f 4336//4336 4346//4346 4337//4337
f 4337//4337 4346//4346 4347//4347
f 4337//4337 4347//4347 4338//4338
f 4338//4338 4347//4347 4348//4348
f 4338//4338 4348//4348 4339//4339
f 4339//4339 4348//4348 4349//4349
f 4339//4339 4349//4349 4340//4340
f 4340//4340 4349//4349 4350//4350
f 4340//4340 4350//4350 4341//4341
f 4341//4341 4350//4350 4351//4351
f 4341//4341 4351//4351 4342//4342
f 4342//4342 4351//4351 4352//4352
f 4342//4342 4352//4352 4282//4282
f 4343//4343 4271//4271 4353//4353
f 4343//4343 4353//4353 4344//4344
f 4344//4344 4353//4353 4354//4354
f 4344//4344 4354//4354 4345//4345
f 4345//4345 4354//4354 4355//4355
f 4345//4345 4355//4355 4346//4346
f 4346//4346 4355//4355 4356//4356
f 4346//4346 4356//4356 4347//4347
f 4347//4347 4356//4356 4357//4357
f 4347//4347 4357//4357 4348//4348
f 4348//4348 4357//4357 4358//4358
f 4348//4348 4358//4358 4349//4349
f 4349//4349 4358//4358 4359//4359
f 4349//4349 4359//4359 4350//4350
f 4350//4350 4359//4359 4360//4360
f 4350//4350 4360//4360 4351//4351
f 4351//4351 4360//4360 4361//4361
f 4351//4351 4361//4361 4352//4352
f 4352//4352 4361//4361 4362//4362
f 4352//4352 4362//4362 4282//4282
f 4353//4353 4271//4271 4363//4363
f 4353//4353 4363//4363 4354//4354
f 4354//4354 4363//4363 4364//4364
f 4354//4354 4364//4364 4355//4355
f 4355//4355 4364//4364 4365//4365
f 4355//4355 4365//4365 4356//4356
f 4356//4356 4365//4365 4366//4366
f 4356//4356 4366//4366 4357//4357
f 4357//4357 4366//4366 4367//4367
f 4357//4357 4367//4367 4358//4358
f 4358//4358 4367//4367 4368//4368
f 4358//4358 4368//4368 4359//4359
f 4359//4359 4368//4368 4369//4369
f 4359//4359 4369//4369 4360//4360
f 4360//4360 4369//4369 4370//4370
f 4360//4360 4370//4370 4361//4361
f 4361//4361 4370//4370 4371//4371
f 4361//4361 4371//4371 4362//4362
f 4362//4362 4371//4371 4372//4372
f 4362//4362 4372//4372 4282//4282
f 4363//4363 4271//4271 4373//4373
f 4363//4363 4373//4373 4364//4364
f 4364//4364 4373//4373 4374//4374
f 4364//4364 4374//4374 4365//4365
f 4365//4365 4374//4374 4375//4375
f 4365//4365 4375//4375 4366//4366
f 4366//4366 4375//4375 4376//4376
f 4366//4366 4376//4376 4367//4367
f 4367//4367 4376//4376 4377//4377
f 4367//4367 4377//4377 4368//4368
f 4368//4368 4377//4377 4378//4378
f 4368//4368 4378//4378 4369//4369
f 4369//4369 4378//4378 4379//4379
f 4369//4369 4379//4379 4370//4370
f 4370//4370 4379//4379 4380//4380
f 4370//4370 4380//4380 4371//4371
f 4371//4371 4380//4380 4381//4381
f 4371//4371 4381//4381 4372//4372
f 4372//4372 4381//4381 4382//4382
f 4372//4372 4382//4382 4282//4282
f 4373//4373 4271//4271 4383//4383
f 4373//4373 4383//4383 4374//4374
f 4374//4374 4383//4383 4384//4384
f 4374//4374 4384//4384 4375//4375
f 4375//4375 4384//4384 4385//4385
f 4375//4375 4385//4385 4376//4376
f 4376//4376 4385//4385 4386//4386
f 4376//4376 4386//4386 4377//4377
f 4377//4377 4386//4386 4387//4387
f 4377//4377 4387//4387 4378//4378
f 4378//4378 4387//4387 4388//4388
f 4378//4378 4388//4388 4379//4379
f 4379//4379 4388//4388 4389//4389
f 4379//4379 4389//4389 4380//4380
f 4380//4380 4389//4389 4390//4390
f 4380//4380 4390//4390 4381//4381
f 4381//4381 4390//4390 4391//4391
f 4381//4381 4391//4391 4382//4382
f 4382//4382 4391//4391 4392//4392
f 4382//4382 4392//4392 4282//4282
f 4383//4383 4271//4271 4272//4272
f 4383//4383 4272//4272 4384//4384
f 4384//4384 4272//4272 4273//4273
f 4384//4384 4273//4273 4385//4385
f 4385//4385 4273//4273 4274//4274
f 4385//4385 4274//4274 4386//4386
f 4386//4386 4274//4274 4275//4275
f 4386//4386 4275//4275 4387//4387
f 4387//4387 4275//4275 4276//4276
f 4387//4387 4276//4276 4388//4388
f 4388//4388 4276//4276 4277//4277
f 4388//4388 4277//4277 4389//4389
f 4389//4389 4277//4277 4278//4278
f 4389//4389 4278//4278 4390//4390
f 4390//4390 4278//4278 4279//4279
f 4390//4390 4279//4279 4391//4391
f 4391//4391 4279//4279 4280//4280
f 4391//4391 4280//4280 4392//4392
f 4392//4392 4280//4280 4281//4281
f 4392//4392 4281//4281 4282//4282
f 4394//4394 4393//4393 4405//4405
f 4394//4394 4405//4405 4395//4395
f 4395//4395 4405//4405 4406//4406
f 4395//4395 4406//4406 4396//4396
f 4396//4396 4406//4406 4407//4407
f 4396//4396 4407//4407 4397//4397
f 4397//4397 4407//4407 4408//4408
f 4397//4397 4408//4408 4398//4398
f 4398//4398 4408//4408 4409//4409
f 4398//4398 4409//4409 4399//4399
f 4399//4399 4409//4409 4410//4410
f 4399//4399 4410//4410 4400//4400
f 4400//4400 4410//4410 4411//4411
f 4400//4400 4411//4411 4401//4401
f 4401//4401 4411//4411 4412//4412
f 4401//4401 4412//4412 4402//4402
f 4402//4402 4412//4412 4413//4413
f 4402//4402 4413//4413 4403//4403
f 4403//4403 4413//4413 4414//4414
f 4403//4403 4414//4414 4404//4404
f 4405//4405 4393//4393 4415//4415
f 4405//4405 4415//4415 4406//4406
f 4406//4406 4415//4415 4416//4416
f 4406//4406 4416//4416 4407//4407
f 4407//4407 4416//4416 4417//4417
f 4407//4407 4417//4417 4408//4408
f 4408//4408 4417//4417 4418//4418
f 4408//4408 4418//4418 4409//4409
f 4409//4409 4418//4418 4419//4419
f 4409//4409 4419//4419 4410//4410
f 4410//4410 4419//4419 4420//4420
f 4410//4410 4420//4420 4411//4411
f 4411//4411 4420//4420 4421//4421
f 4411//4411 4421//4421 4412//4412
f 4412//4412 4421//4421 4422//4422
f 4412//4412 4422//4422 4413//4413
f 4413//4413 4422//4422 4423//4423
f 4413//4413 4423//4423 4414//4414
f 4414//4414 4423//4423 4424//4424
f 4414//4414 4424//4424 4404//4404
f 4415//4415 4393//4393 4425//4425
f 4415//4415 4425//4425 4416//4416
f 4416//4416 4425//4425 4426//4426
f 4416//4416 4426//4426 4417//4417
f 4417//4417 4426//4426 4427//4427
f 4417//4417 4427//4427 4418//4418
f 4418//4418 4427//4427 4428//4428
f 4418//4418 4428//4428 4419//4419
f 4419//4419 4428//4428 4429//4429
f 4419//4419 4429//4429 4420//4420
f 4420//4420 4429//4429 4430//4430
f 4420//4420 4430//4430 4421//4421
f 4421//4421 4430//4430 4431//4431
f 4421//4421 4431//4431 4422//4422
f 4422//4422 4431//4431 4432//4432
f 4422//4422 4432//4432 4423//4423
f 4423//4423 4432//4432 4433//4433
f 4423//4423 4433//4433 4424//4424
f 4424//4424 4433//4433 4434//4434
f 4424//4424 4434//4434 4404//4404
f 4425//4425 4393//4393 4435//4435
f 4425//4425 4435//4435 4426//4426
f 4426//4426 4435//4435 4436//4436
f 4426//4426 4436//4436 4427//4427
f 4427//4427 4436//4436 4437//4437
f 4427//4427 4437//4437 4428//4428
f 4428//4428 4437//4437 4438//4438
f 4428//4428 4438//4438 4429//4429
f 4429//4429 4438//4438 4439//4439
f 4429//4429 4439//4439 4430//4430
f 4430//4430 4439//4439 4440//4440
f 4430//4430 4440//4440 4431//4431
f 4431//4431 4440//4440 4441//4441
f 4431//4431 4441//4441 4432//4432
f 4432//4432 4441//4441 4442//4442
f 4432//4432 4442//4442 4433//4433
f 4433//4433 4442//4442 4443//4443
f 4433//4433 4443//4443 4434//4434
f 4434//4434 4443//4443 4444//4444
f 4434//4434 4444//4444 4404//4404
f 4435//4435 4393//4393 4445//4445
f 4435//4435 4445//4445 4436//4436
f 4436//4436 4445//4445 4446//4446
f 4436//4436 4446//4446 4437//4437
f 4437//4437 4446//4446 4447//4447
f 4437//4437 4447//4447 4438//4438
f 4438//4438 4447//4447 4448//4448
f 4438//4438 4448//4448 4439//4439
f 4439//4439 4448//4448 4449//4449
f 4439//4439 4449//4449 4440//4440
f 4440//4440 4449//4449 4450//4450
f 4440//4440 4450//4450 4441//4441
f 4441//4441 4450//4450 4451//4451
f 4441//4441 4451//4451 4442//4442
f 4442//4442 4451//4451 4452//4452
f 4442//4442 4452//4452 4443//4443
f 4443//4443 4452//4452 4453//4453
f 4443//4443 4453//4453 4444//4444
f 4444//4444 4453//4453 4454//4454
f 4444//4444 4454//4454 4404//4404
f 4445//4445 4393//4393 4455//4455
f 4445//4445 4455//4455 4446//4446
f 4446//4446 4455//4455 4456//4456
f 4446//4446 4456//4456 4447//4447
f 4447//4447 4456//4456 4457//4457
f 4447//4447 4457//4457 4448//4448
f 4448//4448 4457//4457 4458//4458
f 4448//4448 4458//4458 4449//4449
f 4449//4449 4458//4458 4459//4459
f 4449//4449 4459//4459 4450//4450
f 4450//4450 4459//4459 4460//4460
f 4450//4450 4460//4460 4451//4451
f 4451//4451 4460//4460 4461//4461
f 4451//4451 4461//4461 4452//4452
f 4452//4452 4461//4461 4462//4462
f 4452//4452 4462//4462 4453//4453
f 4453//4453 4462//4462 4463//4463
f 4453//4453 4463//4463 4454//4454
f 4454//4454 4463//4463 4464//4464
f 4454//4454 4464//4464 4404//4404
f 4455//4455 4393//4393 4465//4465
f 4455//4455 4465//4465 4456//4456
f 4456//4456 4465//4465 4466//4466
f 4456//4456 4466//4466 4457//4457
f 4457//4457 4466//4466 4467//4467
f 4457//4457 4467//4467 4458//4458
f 4458//4458 4467//4467 4468//4468
f 4458//4458 4468//4468 4459//4459
f 4459//4459 4468//4468 4469//4469
f 4459//4459 4469//4469 4460//4460
f 4460//4460 4469//4469 4470//4470
f 4460//4460 4470//4470 4461//4461
f 4461//4461 4470//4470 4471//4471
f 4461//4461 4471//4471 4462//4462
f 4462//4462 4471//4471 4472//4472
f 4462//4462 4472//4472 4463//4463
f 4463//4463 4472//4472 4473//4473
f 4463//4463 4473//4473 4464//4464
f 4464//4464 4473//4473 4474//4474
f 4464//4464 4474//4474 4404//4404
f 4465//4465 4393//4393 4475//4475
f 4465//4465 4475//4475 4466//4466
f 4466//4466 4475//4475 4476//4476
f 4466//4466 4476//4476 4467//4467
f 4467//4467 4476//4476 4477//4477
f 4467//4467 4477//4477 4468//4468
f 4468//4468 4477//4477 4478//4478
f 4468//4468 4478//4478 4469//4469
f 4469//4469 4478//4478 4479//4479
f 4469//4469 4479//4479 4470//4470
f 4470//4470 4479//4479 4480//4480
f 4470//4470 4480//4480 4471//4471
f 4471//4471 4480//4480 4481//4481
f 4471//4471 4481//4481 4472//4472
f 4472//4472 4481//4481 4482//4482
f 4472//4472 4482//4482 4473//4473
f 4473//4473 4482//4482 4483//4483
f 4473//4473 4483//4483 4474//4474
f 4474//4474 4483//4483 4484//4484
f 4474//4474 4484//4484 4404//4404
f 4475//4475 4393//4393 4485//4485
f 4475//4475 4485//4485 4476//4476
f 4476//4476 4485//4485 4486//4486
f 4476//4476 4486//4486 4477//4477
f 4477//4477 4486//4486 4487//4487
f 4477//4477 4487//4487 4478//4478
f 4478//4478 4487//4487 4488//4488
f 4478//4478 4488//4488 4479//4479
f 4479//4479 4488//4488 4489//4489
f 4479//4479 4489//4489 4480//4480
f 4480//4480 4489//4489 4490//4490
f 4480//4480 4490//4490 4481//4481
f 4481//4481 4490//4490 4491//4491
f 4481//4481 4491//4491 4482//4482
f 4482//4482 4491//4491 4492//4492
f 4482//4482 4492//4492 4483//4483
f 4483//4483 4492//4492 4493//4493
f 4483//4483 4493//4493 4484//4484
f 4484//4484 4493//4493 4494//4494
f 4484//4484 4494//4494 4404//4404
f 4485//4485 4393//4393 4495//4495
f 4485//4485 4495//4495 4486//4486
f 4486//4486 4495//4495 4496//4496
f 4486//4486 4496//4496 4487//4487
f 4487//4487 4496//4496 4497//4497
f 4487//4487 4497//4497 4488//4488
f 4488//4488 4497//4497 4498//4498
f 4488//4488 4498//4498 4489//4489
f 4489//4489 4498//4498 4499//4499
f 4489//4489 4499//4499 4490//4490
f 4490//4490 4499//4499 4500//4500
f 4490//4490 4500//4500 4491//4491
f 4491//4491 4500//4500 4501//4501
f 4491//4491 4501//4501 4492//4492
f 4492//4492 4501//4501 4502//4502
f 4492//4492 4502//4502 4493//4493
f 4493//4493 4502//4502 4503//4503
f 4493//4493 4503//4503 4494//4494
f 4494//4494 4503//4503 4504//4504
f 4494//4494 4504//4504 4404//4404
f 4495//4495 4393//4393 4505//4505
f 4495//4495 4505//4505 4496//4496
f 4496//4496 4505//4505 4506//4506
f 4496//4496 4506//4506 4497//4497
f 4497//4497 4506//4506 4507//4507
f 4497//4497 4507//4507 4498//4498
f 4498//4498 4507//4507 4508//4508
f 4498//4498 4508//4508 4499//4499
f 4499//4499 4508//4508 4509//4509
f 4499//4499 4509//4509 4500//4500
f 4500//4500 4509//4509 4510//4510
f 4500//4500 4510//4510 4501//4501
f 4501//4501 4510//4510 4511//4511
f 4501//4501 4511//4511 4502//4502
f 4502//4502 4511//4511 4512//4512
f 4502//4502 4512//4512 4503//4503
f 4503//4503 4512//4512 4513//4513
f 4503//4503 4513//4513 4504//4504
f 4504//4504 4513//4513 4514//4514
f 4504//4504 4514//4514 4404//4404
f 4505//4505 4393//4393 4394//4394
f 4505//4505 4394//4394 4506//4506
f 4506//4506 4394//4394 4395//4395
f 4506//4506 4395//4395 4507//4507
f 4507//4507 4395//4395 4396//4396
f 4507//4507 4396//4396 4508//4508
f 4508//4508 4396//4396 4397//4397
f 4508//4508 4397//4397 4509//4509
f 4509//4509 4397//4397 4398//4398
f 4509//4509 4398//4398 4510//4510
f 4510//4510 4398//4398 4399//4399
f 4510//4510 4399//4399 4511//4511
f 4511//4511 4399//4399 4400//4400
f 4511//4511 4400//4400 4512//4512
f 4512//4512 4400//4400 4401//4401
f 4512//4512 4401//4401 4513//4513
f 4513//4513 4401//4401 4402//4402
f 4513//4513 4402//4402 4514//4514
f 4514//4514 4402//4402 4403//4403
f 4514//4514 4403//4403 4404//4404
f 4516//4516 4515//4515 4527//4527
f 4516//4516 4527//4527 4517//4517
f 4517//4517 4527//4527 4528//4528
f 4517//4517 4528//4528 4518//4518
f 4518//4518 4528//4528 4529//4529
f 4518//4518 4529//4529 4519//4519
f 4519//4519 4529//4529 4530//4530
f 4519//4519 4530//4530 4520//4520
f 4520//4520 4530//4530 4531//4531
f 4520//4520 4531//4531 4521//4521
f 4521//4521 4531//4531 4532//4532
f 4521//4521 4532//4532 4522//4522
f 4522//4522 4532//4532 4533//4533
f 4522//4522 4533//4533 4523//4523
f 4523//4523 4533//4533 4534//4534
f 4523//4523 4534//4534 4524//4524
f 4524//4524 4534//4534 4535//4535
f 4524//4524 4535//4535 4525//4525
f 4525//4525 4535//4535 4536//4536
f 4525//4525 4536//4536 4526//4526
f 4527//4527 4515//4515 4537//4537
f 4527//4527 4537//4537 4528//4528
f 4528//4528 4537//4537 4538//4538
f 4528//4528 4538//4538 4529//4529
f 4529//4529 4538//4538 4539//4539
f 4529//4529 4539//4539 4530//4530
f 4530//4530 4539//4539 4540//4540
f 4530//4530 4540//4540 4531//4531
f 4531//4531 4540//4540 4541//4541
f 4531//4531 4541//4541 4532//4532
f 4532//4532 4541//4541 4542//4542
f 4532//4532 4542//4542 4533//4533
f 4533//4533 4542//4542 4543//4543
f 4533//4533 4543//4543 4534//4534
f 4534//4534 4543//4543 4544//4544
f 4534//4534 4544//4544 4535//4535
f 4535//4535 4544//4544 4545//4545
f 4535//4535 4545//4545 4536//4536
f 4536//4536 4545//4545 4546//4546
f 4536//4536 4546//4546 4526//4526
f 4537//4537 4515//4515 4547//4547
f 4537//4537 4547//4547 4538//4538
f 4538//4538 4547//4547 4548//4548
f 4538//4538 4548//4548 4539//4539
f 4539//4539 4548//4548 4549//4549
f 4539//4539 4549//4549 4540//4540
f 4540//4540 4549//4549 4550//4550
f 4540//4540 4550//4550 4541//4541
f 4541//4541 4550//4550 4551//4551
f 4541//4541 4551//4551 4542//4542
f 4542//4542 4551//4551 4552//4552
f 4542//4542 4552//4552 4543//4543
f 4543//4543 4552//4552 4553//4553
f 4543//4543 4553//4553 4544//4544
f 4544//4544 4553//4553 4554//4554
f 4544//4544 4554//4554 4545//4545
f 4545//4545 4554//4554 4555//4555
f 4545//4545 4555//4555 4546//4546
f 4546//4546 4555//4555 4556//4556
f 4546//4546 4556//4556 4526//4526
f 4547//4547 4515//4515 4557//4557
f 4547//4547 4557//4557 4548//4548
f 4548//4548 4557//4557 4558//4558
f 4548//4548 4558//4558 4549//4549
f 4549//4549 4558//4558 4559//4559
f 4549//4549 4559//4559 4550//4550
f 4550//4550 4559//4559 4560//4560
f 4550//4550 4560//4560 4551//4551
f 4551//4551 4560//4560 4561//4561
f 4551//4551 4561//4561 4552//4552
f 4552//4552 4561//4561 4562//4562
f 4552//4552 4562//4562 4553//4553
f 4553//4553 4562//4562 4563//4563
f 4553//4553 4563//4563 4554//4554
f 4554//4554 4563//4563 4564//4564
f 4554//4554 4564//4564 4555//4555
f 4555//4555 4564//4564 4565//4565
f 4555//4555 4565//4565 4556//4556
f 4556//4556 4565//4565 4566//4566
f 4556//4556 4566//4566 4526//4526
f 4557//4557 4515//4515 4567//4567
f 4557//4557 4567//4567 4558//4558
f 4558//4558 4567//4567 4568//4568
f 4558//4558 4568//4568 4559//4559
f 4559//4559 4568//4568 4569//4569
f 4559//4559 4569//4569 4560//4560
f 4560//4560 4569//4569 4570//4570
f 4560//4560 4570//4570 4561//4561
f 4561//4561 4570//4570 4571//4571
f 4561//4561 4571//4571 4562//4562
f 4562//4562 4571//4571 4572//4572
f 4562//4562 4572//4572 4563//4563
f 4563//4563 4572//4572 4573//4573
f 4563//4563 4573//4573 4564//4564
f 4564//4564 4573//4573 4574//4574
f 4564//4564 4574//4574 4565//4565
f 4565//4565 4574//4574 4575//4575
f 4565//4565 4575//4575 4566//4566
f 4566//4566 4575//4575 4576//4576
f 4566//4566 4576//4576 4526//4526
f 4567//4567 4515//4515 4577//4577
f 4567//4567 4577//4577 4568//4568
f 4568//4568 4577//4577 4578//4578
f 4568//4568 4578//4578 4569//4569
f 4569//4569 4578//4578 4579//4579
f 4569//4569 4579//4579 4570//4570
f 4570//4570 4579//4579 4580//4580
f 4570//4570 4580//4580 4571//4571
f 4571//4571 4580//4580 4581//4581
f 4571//4571 4581//4581 4572//4572
f 4572//4572 4581//4581 4582//4582
f 4572//4572 4582//4582 4573//4573
f 4573//4573 4582//4582 4583//4583
f 4573//4573 4583//4583 4574//4574
f 4574//4574 4583//4583 4584//4584
f 4574//4574 4584//4584 4575//4575
f 4575//4575 4584//4584 4585//4585
f 4575//4575 4585//4585 4576//4576
f 4576//4576 4585//4585 4586//4586
f 4576//4576 4586//4586 4526//4526
f 4577//4577 4515//4515 4587//4587
f 4577//4577 4587//4587 4578//4578
f 4578//4578 4587//4587 4588//4588
f 4578//4578 4588//4588 4579//4579
f 4579//4579 4588//4588 4589//4589
f 4579//4579 4589//4589 4580//4580
f 4580//4580 4589//4589 4590//4590
f 4580//4580 4590//4590 4581//4581
f 4581//4581 4590//4590 4591//4591
f 4581//4581 4591//4591 4582//4582
f 4582//4582 4591//4591 4592//4592
f 4582//4582 4592//4592 4583//4583
f 4583//4583 4592//4592 4593//4593
f 4583//4583 4593//4593 4584//4584
f 4584//4584 4593//4593 4594//4594
f 4584//4584 4594//4594 4585//4585
f 4585//4585 4594//4594 4595//4595
f 4585//4585 4595//4595 4586//4586
f 4586//4586 4595//4595 4596//4596
f 4586//4586 4596//4596 4526//4526
f 4587//4587 4515//4515 4597//4597
f 4587//4587 4597//4597 4588//4588
f 4588//4588 4597//4597 4598//4598
f 4588//4588 4598//4598 4589//4589
f 4589//4589 4598//4598 4599//4599
f 4589//4589 4599//4599 4590//4590
f 4590//4590 4599//4599 4600//4600
f 4590//4590 4600//4600 4591//4591
f 4591//4591 4600//4600 4601//4601
f 4591//4591 4601//4601 4592//4592
f 4592//4592 4601//4601 4602//4602
f 4592//4592 4602//4602 4593//4593
f 4593//4593 4602//4602 4603//4603
f 4593//4593 4603//4603 4594//4594
f 4594//4594 4603//4603 4604//4604
f 4594//4594 4604//4604 4595//4595
f 4595//4595 4604//4604 4605//4605
f 4595//4595 4605//4605 4596//4596
f 4596//4596 4605//4605 4606//4606
f 4596//4596 4606//4606 4526//4526
f 4597//4597 4515//4515 4607//4607
f 4597//4597 4607//4607 4598//4598
f 4598//4598 4607//4607 4608//4608
f 4598//4598 4608//4608 4599//4599
f 4599//4599 4608//4608 4609//4609
f 4599//4599 4609//4609 4600//4600
f 4600//4600 4609//4609 4610//4610
f 4600//4600 4610//4610 4601//4601
f 4601//4601 4610//4610 4611//4611
f 4601//4601 4611//4611 4602//4602
f 4602//4602 4611//4611 4612//4612
f 4602//4602 4612//4612 4603//4603
f 4603//4603 4612//4612 4613//4613
f 4603//4603 4613//4613 4604//4604
f 4604//4604 4613//4613 4614//4614
f 4604//4604 4614//4614 4605//4605
f 4605//4605 4614//4614 4615//4615
f 4605//4605 4615//4615 4606//4606
f 4606//4606 4615//4615 4616//4616
f 4606//4606 4616//4616 4526//4526
f 4607//4607 4515//4515 4617//4617
f 4607//4607 4617//4617 4608//4608
f 4608//4608 4617//4617 4618//4618
f 4608//4608 4618//4618 4609//4609
f 4609//4609 4618//4618 4619//4619
f 4609//4609 4619//4619 4610//4610
f 4610//4610 4619//4619 4620//4620
f 4610//4610 4620//4620 4611//4611
f 4611//4611 4620//4620 4621//4621
f 4611//4611 4621//4621 4612//4612
f 4612//4612 4621//4621 4622//4622
f 4612//4612 4622//4622 4613//4613
f 4613//4613 4622//4622 4623//4623
f 4613//4613 4623//4623 4614//4614
f 4614//4614 4623//4623 4624//4624
f 4614//4614 4624//4624 4615//4615
f 4615//4615 4624//4624 4625//4625
f 4615//4615 4625//4625 4616//4616
f 4616//4616 4625//4625 4626//4626
f 4616//4616 4626//4626 4526//4526
f 4617//4617 4515//4515 4627//4627
f 4617//4617 4627//4627 4618//4618
f 4618//4618 4627//4627 4628//4628
f 4618//4618 4628//4628 4619//4619
f 4619//4619 4628//4628 4629//4629
f 4619//4619 4629//4629 4620//4620
f 4620//4620 4629//4629 4630//4630
f 4620//4620 4630//4630 4621//4621
f 4621//4621 4630//4630 4631//4631
f 4621//4621 4631//4631 4622//4622
f 4622//4622 4631//4631 4632//4632
f 4622//4622 4632//4632 4623//4623
f 4623//4623 4632//4632 4633//4633
f 4623//4623 4633//4633 4624//4624
f 4624//4624 4633//4633 4634//4634
f 4624//4624 4634//4634 4625//4625
f 4625//4625 4634//4634 4635//4635
f 4625//4625 4635//4635 4626//4626
f 4626//4626 4635//4635 4636//4636
f 4626//4626 4636//4636 4526//4526
f 4627//4627 4515//4515 4516//4516
f 4627//4627 4516//4516 4628//4628
f 4628//4628 4516//4516 4517//4517
f 4628//4628 4517//4517 4629//4629
f 4629//4629 4517//4517 4518//4518
f 4629//4629 4518//4518 4630//4630
f 4630//4630 4518//4518 4519//4519
f 4630//4630 4519//4519 4631//4631
f 4631//4631 4519//4519 4520//4520
f 4631//4631 4520//4520 4632//4632
f 4632//4632 4520//4520 4521//4521
f 4632//4632 4521//4521 4633//4633
f 4633//4633 4521//4521 4522//4522
f 4633//4633 4522//4522 4634//4634
f 4634//4634 4522//4522 4523//4523
f 4634//4634 4523//4523 4635//4635
f 4635//4635 4523//4523 4524//4524
f 4635//4635 4524//4524 4636//4636
f 4636//4636 4524//4524 4525//4525
f 4636//4636 4525//4525 4526//4526
f 4638//4638 4637//4637 4649//4649
f 4638//4638 4649//4649 4639//4639
f 4639//4639 4649//4649 4650//4650
f 4639//4639 4650//4650 4640//4640
f 4640//4640 4650//4650 4651//4651
f 4640//4640 4651//4651 4641//4641
f 4641//4641 4651//4651 4652//4652
f 4641//4641 4652//4652 4642//4642
f 4642//4642 4652//4652 4653//4653
f 4642//4642 4653//4653 4643//4643
f 4643//4643 4653//4653 4654//4654
f 4643//4643 4654//4654 4644//4644
f 4644//4644 4654//4654 4655//4655
f 4644//4644 4655//4655 4645//4645
f 4645//4645 4655//4655 4656//4656
f 4645//4645 4656//4656 4646//4646
f 4646//4646 4656//4656 4657//4657
f 4646//4646 4657//4657 4647//4647
f 4647//4647 4657//4657 4658//4658
f 4647//4647 4658//4658 4648//4648
f 4649//4649 4637//4637 4659//4659
f 4649//4649 4659//4659 4650//4650
f 4650//4650 4659//4659 4660//4660
f 4650//4650 4660//4660 4651//4651
f 4651//4651 4660//4660 4661//4661
f 4651//4651 4661//4661 4652//4652
f 4652//4652 4661//4661 4662//4662
f 4652//4652 4662//4662 4653//4653
f 4653//4653 4662//4662 4663//4663
f 4653//4653 4663//4663 4654//4654
f 4654//4654 4663//4663 4664//4664
f 4654//4654 4664//4664 4655//4655
f 4655//4655 4664//4664 4665//4665
f 4655//4655 4665//4665 4656//4656
f 4656//4656 4665//4665 4666//4666
f 4656//4656 4666//4666 4657//4657
f 4657//4657 4666//4666 4667//4667
f 4657//4657 4667//4667 4658//4658
f 4658//4658 4667//4667 4668//4668
f 4658//4658 4668//4668 4648//4648
f 4659//4659 4637//4637 4669//4669
f 4659//4659 4669//4669 4660//4660
f 4660//4660 4669//4669 4670//4670
f 4660//4660 4670//4670 4661//4661
f 4661//4661 4670//4670 4671//4671
f 4661//4661 4671//4671 4662//4662
f 4662//4662 4671//4671 4672//4672
f 4662//4662 4672//4672 4663//4663
f 4663//4663 4672//4672 4673//4673
f 4663//4663 4673//4673 4664//4664
f 4664//4664 4673//4673 4674//4674
f 4664//4664 4674//4674 4665//4665
f 4665//4665 4674//4674 4675//4675
f 4665//4665 4675//4675 4666//4666
f 4666//4666 4675//4675 4676//4676
f 4666//4666 4676//4676 4667//4667
f 4667//4667 4676//4676 4677//4677
f 4667//4667 4677//4677 4668//4668
f 4668//4668 4677//4677 4678//4678
f 4668//4668 4678//4678 4648//4648
f 4669//4669 4637//4637 4679//4679
f 4669//4669 4679//4679 4670//4670
f 4670//4670 4679//4679 4680//4680
f 4670//4670 4680//4680 4671//4671
f 4671//4671 4680//4680 4681//4681
f 4671//4671 4681//4681 4672//4672
f 4672//4672 4681//4681 4682//4682
f 4672//4672 4682//4682 4673//4673
f 4673//4673 4682//4682 4683//4683
f 4673//4673 4683//4683 4674//4674
f 4674//4674 4683//4683 4684//4684
f 4674//4674 4684//4684 4675//4675
f 4675//4675 4684//4684 4685//4685
f 4675//4675 4685//4685 4676//4676
f 4676//4676 4685//4685 4686//4686
f 4676//4676 4686//4686 4677//4677
f 4677//4677 4686//4686 4687//4687
f 4677//4677 4687//4687 4678//4678
f 4678//4678 4687//4687 4688//4688
f 4678//4678 4688//4688 4648//4648
f 4679//4679 4637//4637 4689//4689
f 4679//4679 4689//4689 4680//4680
f 4680//4680 4689//4689 4690//4690
f 4680//4680 4690//4690 4681//4681
f 4681//4681 4690//4690 4691//4691
f 4681//4681 4691//4691 4682//4682
f 4682//4682 4691//4691 4692//4692
f 4682//4682 4692//4692 4683//4683
f 4683//4683 4692//4692 4693//4693
f 4683//4683 4693//4693 4684//4684
f 4684//4684 4693//4693 4694//4694
f 4684//4684 4694//4694 4685//4685
f 4685//4685 4694//4694 4695//4695
f 4685//4685 4695//4695 4686//4686
f 4686//4686 4695//4695 4696//4696
f 4686//4686 4696//4696 4687//4687
f 4687//4687 4696//4696 4697//4697
f 4687//4687 4697//4697 4688//4688
f 4688//4688 4697//4697 4698//4698
f 4688//4688 4698//4698 4648//4648
f 4689//4689 4637//4637 4699//4699
f 4689//4689 4699//4699 4690//4690
f 4690//4690 4699//4699 4700//4700
f 4690//4690 4700//4700 4691//4691
f 4691//4691 4700//4700 4701//4701
f 4691//4691 4701//4701 4692//4692
f 4692//4692 4701//4701 4702//4702
f 4692//4692 4702//4702 4693//4693
f 4693//4693 4702//4702 4703//4703
f 4693//4693 4703//4703 4694//4694
f 4694//4694 4703//4703 4704//4704
f 4694//4694 4704//4704 4695//4695
f 4695//4695 4704//4704 4705//4705
f 4695//4695 4705//4705 4696//4696
f 4696//4696 4705//4705 4706//4706
f 4696//4696 4706//4706 4697//4697
f 4697//4697 4706//4706 4707//4707
f 4697//4697 4707//4707 4698//4698
f 4698//4698 4707//4707 4708//4708
f 4698//4698 4708//4708 4648//4648
f 4699//4699 4637//4637 4709//4709
f 4699//4699 4709//4709 4700//4700
f 4700//4700 4709//4709 4710//4710
f 4700//4700 4710//4710 4701//4701
f 4701//4701 4710//4710 4711//4711
f 4701//4701 4711//4711 4702//4702
f 4702//4702 4711//4711 4712//4712
f 4702//4702 4712//4712 4703//4703
f 4703//4703 4712//4712 4713//4713
f 4703//4703 4713//4713 4704//4704
f 4704//4704 4713//4713 4714//4714
f 4704//4704 4714//4714 4705//4705
f 4705//4705 4714//4714 4715//4715
f 4705//4705 4715//4715 4706//4706
f 4706//4706 4715//4715 4716//4716
f 4706//4706 4716//4716 4707//4707
f 4707//4707 4716//4716 4717//4717
f 4707//4707 4717//4717 4708//4708
f 4708//4708 4717//4717 4718//4718
f 4708//4708 4718//4718 4648//4648
f 4709//4709 4637//4637 4719//4719
f 4709//4709 4719//4719 4710//4710
f 4710//4710 4719//4719 4720//4720
f 4710//4710 4720//4720 4711//4711
f 4711//4711 4720//4720 4721//4721
f 4711//4711 4721//4721 4712//4712
f 4712//4712 4721//4721 4722//4722
f 4712//4712 4722//4722 4713//4713
f 4713//4713 4722//4722 4723//4723
f 4713//4713 4723//4723 4714//4714
f 4714//4714 4723//4723 4724//4724
f 4714//4714 4724//4724 4715//4715
f 4715//4715 4724//4724 4725//4725
f 4715//4715 4725//4725 4716//4716
f 4716//4716 4725//4725 4726//4726
f 4716//4716 4726//4726 4717//4717
f 4717//4717 4726//4726 4727//4727
f 4717//4717 4727//4727 4718//4718
f 4718//4718 4727//4727 4728//4728
f 4718//4718 4728//4728 4648//4648
f 4719//4719 4637//4637 4729//4729
f 4719//4719 4729//4729 4720//4720
f 4720//4720 4729//4729 4730//4730
f 4720//4720 4730//4730 4721//4721
f 4721//4721 4730//4730 4731//4731
f 4721//4721 4731//4731 4722//4722
f 4722//4722 4731//4731 4732//4732
f 4722//4722 4732//4732 4723//4723
f 4723//4723 4732//4732 4733//4733
f 4723//4723 4733//4733 4724//4724
f 4724//4724 4733//4733 4734//4734
f 4724//4724 4734//4734 4725//4725
f 4725//4725 4734//4734 4735//4735
f 4725//4725 4735//4735 4726//4726
f 4726//4726 4735//4735 4736//4736
f 4726//4726 4736//4736 4727//4727
f 4727//4727 4736//4736 4737//4737
f 4727//4727 4737//4737 4728//4728
f 4728//4728 4737//4737 4738//4738
f 4728//4728 4738//4738 4648//4648
f 4729//4729 4637//4637 4739//4739
f 4729//4729 4739//4739 4730//4730
f 4730//4730 4739//4739 4740//4740
f 4730//4730 4740//4740 4731//4731
f 4731//4731 4740//4740 4741//4741
f 4731//4731 4741//4741 4732//4732
f 4732//4732 4741//4741 4742//4742
f 4732//4732 4742//4742 4733//4733
f 4733//4733 4742//4742 4743//4743
f 4733//4733 4743//4743 4734//4734
f 4734//4734 4743//4743 4744//4744
f 4734//4734 4744//4744 4735//4735
f 4735//4735 4744//4744 4745//4745
f 4735//4735 4745//4745 4736//4736
f 4736//4736 4745//4745 4746//4746
f 4736//4736 4746//4746 4737//4737
f 4737//4737 4746//4746 4747//4747
f 4737//4737 4747//4747 4738//4738
f 4738//4738 4747//4747 4748//4748
f 4738//4738 4748//4748 4648//4648
f 4739//4739 4637//4637 4749//4749
f 4739//4739 4749//4749 4740//4740
f 4740//4740 4749//4749 4750//4750
f 4740//4740 4750//4750 4741//4741
f 4741//4741 4750//4750 4751//4751
f 4741//4741 4751//4751 4742//4742
f 4742//4742 4751//4751 4752//4752
f 4742//4742 4752//4752 4743//4743
f 4743//4743 4752//4752 4753//4753
f 4743//4743 4753//4753 4744//4744
f 4744//4744 4753//4753 4754//4754
f 4744//4744 4754//4754 4745//4745
f 4745//4745 4754//4754 4755//4755
f 4745//4745 4755//4755 4746//4746
f 4746//4746 4755//4755 4756//4756
f 4746//4746 4756//4756 4747//4747
f 4747//4747 4756//4756 4757//4757
f 4747//4747 4757//4757 4748//4748
f 4748//4748 4757//4757 4758//4758
f 4748//4748 4758//4758 4648//4648
f 4749//4749 4637//4637 4638//4638
f 4749//4749 4638//4638 4750//4750
f 4750//4750 4638//4638 4639//4639
f 4750//4750 4639//4639 4751//4751
f 4751//4751 4639//4639 4640//4640
f 4751//4751 4640//4640 4752//4752
f 4752//4752 4640//4640 4641//4641
f 4752//4752 4641//4641 4753//4753
f 4753//4753 4641//4641 4642//4642
f 4753//4753 4642//4642 4754//4754
f 4754//4754 4642//4642 4643//4643
f 4754//4754 4643//4643 4755//4755
f 4755//4755 4643//4643 4644//4644
f 4755//4755 4644//4644 4756//4756
f 4756//4756 4644//4644 4645//4645
f 4756//4756 4645//4645 4757//4757
f 4757//4757 4645//4645 4646//4646
f 4757//4757 4646//4646 4758//4758
f 4758//4758 4646//4646 4647//4647
f 4758//4758 4647//4647 4648//4648
f 4760//4760 4759//4759 4771//4771
f 4760//4760 4771//4771 4761//4761
f 4761//4761 4771//4771 4772//4772
f 4761//4761 4772//4772 4762//4762
f 4762//4762 4772//4772 4773//4773
f 4762//4762 4773//4773 4763//4763
f 4763//4763 4773//4773 4774//4774
f 4763//4763 4774//4774 4764//4764
f 4764//4764 4774//4774 4775//4775
f 4764//4764 4775//4775 4765//4765
f 4765//4765 4775//4775 4776//4776
f 4765//4765 4776//4776 4766//4766
f 4766//4766 4776//4776 4777//4777
f 4766//4766 4777//4777 4767//4767
f 4767//4767 4777//4777 4778//4778
f 4767//4767 4778//4778 4768//4768
f 4768//4768 4778//4778 4779//4779
f 4768//4768 4779//4779 4769//4769
f 4769//4769 4779//4779 4780//4780
f 4769//4769 4780//4780 4770//4770
f 4771//4771 4759//4759 4781//4781
f 4771//4771 4781//4781 4772//4772
f 4772//4772 4781//4781 4782//4782
f 4772//4772 4782//4782 4773//4773
f 4773//4773 4782//4782 4783//4783
f 4773//4773 4783//4783 4774//4774
f 4774//4774 4783//4783 4784//4784
f 4774//4774 4784//4784 4775//4775
f 4775//4775 4784//4784 4785//4785
f 4775//4775 4785//4785 4776//4776
f 4776//4776 4785//4785 4786//4786
f 4776//4776 4786//4786 4777//4777
f 4777//4777 4786//4786 4787//4787
f 4777//4777 4787//4787 4778//4778
f 4778//4778 4787//4787 4788//4788
f 4778//4778 4788//4788 4779//4779
f 4779//4779 4788//4788 4789//4789
f 4779//4779 4789//4789 4780//4780
f 4780//4780 4789//4789 4790//4790
f 4780//4780 4790//4790 4770//4770
f 4781//4781 4759//4759 4791//4791
f 4781//4781 4791//4791 4782//4782
f 4782//4782 4791//4791 4792//4792
f 4782//4782 4792//4792 4783//4783
f 4783//4783 4792//4792 4793//4793
f 4783//4783 4793//4793 4784//4784
f 4784//4784 4793//4793 4794//4794
f 4784//4784 4794//4794 4785//4785
f 4785//4785 4794//4794 4795//4795
f 4785//4785 4795//4795 4786//4786
f 4786//4786 4795//4795 4796//4796
f 4786//4786 4796//4796 4787//4787
f 4787//4787 4796//4796 4797//4797
f 4787//4787 4797//4797 4788//4788
f 4788//4788 4797//4797 4798//4798
f 4788//4788 4798//4798 4789//4789
f 4789//4789 4798//4798 4799//4799
f 4789//4789 4799//4799 4790//4790
f 4790//4790 4799//4799 4800//4800
f 4790//4790 4800//4800 4770//4770
f 4791//4791 4759//4759 4801//4801
f 4791//4791 4801//4801 4792//4792
f 4792//4792 4801//4801 4802//4802
f 4792//4792 4802//4802 4793//4793
f 4793//4793 4802//4802 4803//4803
f 4793//4793 4803//4803 4794//4794
f 4794//4794 4803//4803 4804//4804
f 4794//4794 4804//4804 4795//4795
f 4795//4795 4804//4804 4805//4805
f 4795//4795 4805//4805 4796//4796
f 4796//4796 4805//4805 4806//4806
f 4796//4796 4806//4806 4797//4797
f 4797//4797 4806//4806 4807//4807
f 4797//4797 4807//4807 4798//4798
f 4798//4798 4807//4807 4808//4808
f 4798//4798 4808//4808 4799//4799
f 4799//4799 4808//4808 4809//4809
f 4799//4799 4809//4809 4800//4800
f 4800//4800 4809//4809 4810//4810
f 4800//4800 4810//4810 4770//4770
f 4801//4801 4759//4759 4811//4811
f 4801//4801 4811//4811 4802//4802
f 4802//4802 4811//4811 4812//4812
f 4802//4802 4812//4812 4803//4803
f 4803//4803 4812//4812 4813//4813
f 4803//4803 4813//4813 4804//4804
f 4804//4804 4813//4813 4814//4814
f 4804//4804 4814//4814 4805//4805
f 4805//4805 4814//4814 4815//4815
f 4805//4805 4815//4815 4806//4806
f 4806//4806 4815//4815 4816//4816
f 4806//4806 4816//4816 4807//4807
f 4807//4807 4816//4816 4817//4817
f 4807//4807 4817//4817 4808//4808
f 4808//4808 4817//4817 4818//4818
f 4808//4808 4818//4818 4809//4809
f 4809//4809 4818//4818 4819//4819
f 4809//4809 4819//4819 4810//4810
f 4810//4810 4819//4819 4820//4820
f 4810//4810 4820//4820 4770//4770
f 4811//4811 4759//4759 4821//4821
f 4811//4811 4821//4821 4812//4812
f 4812//4812 4821//4821 4822//4822
f 4812//4812 4822//4822 4813//4813
f 4813//4813 4822//4822 4823//4823
f 4813//4813 4823//4823 4814//4814
f 4814//4814 4823//4823 4824//4824
f 4814//4814 4824//4824 4815//4815
f 4815//4815 4824//4824 4825//4825
f 4815//4815 4825//4825 4816//4816
f 4816//4816 4825//4825 4826//4826
f 4816//4816 4826//4826 4817//4817
f 4817//4817 4826//4826 4827//4827
f 4817//4817 4827//4827 4818//4818
f 4818//4818 4827//4827 4828//4828
f 4818//4818 4828//4828 4819//4819
f 4819//4819 4828//4828 4829//4829
f 4819//4819 4829//4829 4820//4820
f 4820//4820 4829//4829 4830//4830
f 4820//4820 4830//4830 4770//4770
f 4821//4821 4759//4759 4831//4831
f 4821//4821 4831//4831 4822//4822
f 4822//4822 4831//4831 4832//4832
f 4822//4822 4832//4832 4823//4823
f 4823//4823 4832//4832 4833//4833
f 4823//4823 4833//4833 4824//4824
f 4824//4824 4833//4833 4834//4834
f 4824//4824 4834//4834 4825//4825
f 4825//4825 4834//4834 4835//4835
f 4825//4825 4835//4835 4826//4826
f 4826//4826 4835//4835 4836//4836
f 4826//4826 4836//4836 4827//4827
f 4827//4827 4836//4836 4837//4837
f 4827//4827 4837//4837 4828//4828
f 4828//4828 4837//4837 4838//4838
f 4828//4828 4838//4838 4829//4829
f 4829//4829 4838//4838 4839//4839
f 4829//4829 4839//4839 4830//4830
f 4830//4830 4839//4839 4840//4840
f 4830//4830 4840//4840 4770//4770
f 4831//4831 4759//4759 4841//4841
f 4831//4831 4841//4841 4832//4832
f 4832//4832 4841//4841 4842//4842
f 4832//4832 4842//4842 4833//4833
f 4833//4833 4842//4842 4843//4843
f 4833//4833 4843//4843 4834//4834
f 4834//4834 4843//4843 4844//4844
f 4834//4834 4844//4844 4835//4835
f 4835//4835 4844//4844 4845//4845
f 4835//4835 4845//4845 4836//4836
f 4836//4836 4845//4845 4846//4846
f 4836//4836 4846//4846 4837//4837
f 4837//4837 4846//4846 4847//4847
f 4837//4837 4847//4847 4838//4838
f 4838//4838 4847//4847 4848//4848
f 4838//4838 4848//4848 4839//4839
f 4839//4839 4848//4848 4849//4849
f 4839//4839 4849//4849 4840//4840
f 4840//4840 4849//4849 4850//4850
f 4840//4840 4850//4850 4770//4770
f 4841//4841 4759//4759 4851//4851
f 4841//4841 4851//4851 4842//4842
f 4842//4842 4851//4851 4852//4852
f 4842//4842 4852//4852 4843//4843
f 4843//4843 4852//4852 4853//4853
f 4843//4843 4853//4853 4844//4844
f 4844//4844 4853//4853 4854//4854
f 4844//4844 4854//4854 4845//4845
f 4845//4845 4854//4854 4855//4855
f 4845//4845 4855//4855 4846//4846
f 4846//4846 4855//4855 4856//4856
f 4846//4846 4856//4856 4847//4847
f 4847//4847 4856//4856 4857//4857
f 4847//4847 4857//4857 4848//4848
f 4848//4848 4857//4857 4858//4858
f 4848//4848 4858//4858 4849//4849
f 4849//4849 4858//4858 4859//4859
f 4849//4849 4859//4859 4850//4850
f 4850//4850 4859//4859 4860//4860
f 4850//4850 4860//4860 4770//4770
f 4851//4851 4759//4759 4861//4861
f 4851//4851 4861//4861 4852//4852
f 4852//4852 4861//4861 4862//4862
f 4852//4852 4862//4862 4853//4853
f 4853//4853 4862//4862 4863//4863
f 4853//4853 4863//4863 4854//4854
f 4854//4854 4863//4863 4864//4864
f 4854//4854 4864//4864 4855//4855
f 4855//4855 4864//4864 4865//4865
f 4855//4855 4865//4865 4856//4856
f 4856//4856 4865//4865 4866//4866
f 4856//4856 4866//4866 4857//4857
f 4857//4857 4866//4866 4867//4867
f 4857//4857 4867//4867 4858//4858
f 4858//4858 4867//4867 4868//4868
f 4858//4858 4868//4868 4859//4859
f 4859//4859 4868//4868 4869//4869
f 4859//4859 4869//4869 4860//4860
f 4860//4860 4869//4869 4870//4870
f 4860//4860 4870//4870 4770//4770
f 4861//4861 4759//4759 4871//4871
f 4861//4861 4871//4871 4862//4862
f 4862//4862 4871//4871 4872//4872
f 4862//4862 4872//4872 4863//4863
f 4863//4863 4872//4872 4873//4873
f 4863//4863 4873//4873 4864//4864
f 4864//4864 4873//4873 4874//4874
f 4864//4864 4874//4874 4865//4865
f 4865//4865 4874//4874 4875//4875
f 4865//4865 4875//4875 4866//4866
f 4866//4866 4875//4875 4876//4876
f 4866//4866 4876//4876 4867//4867
f 4867//4867 4876//4876 4877//4877
f 4867//4867 4877//4877 4868//4868
f 4868//4868 4877//4877 4878//4878
f 4868//4868 4878//4878 4869//4869
f 4869//4869 4878//4878 4879//4879
f 4869//4869 4879//4879 4870//4870
f 4870//4870 4879//4879 4880//4880
f 4870//4870 4880//4880 4770//4770
f 4871//4871 4759//4759 4760//4760
f 4871//4871 4760//4760 4872//4872
f 4872//4872 4760//4760 4761//4761
f 4872//4872 4761//4761 4873//4873
f 4873//4873 4761//4761 4762//4762
f 4873//4873 4762//4762 4874//4874
f 4874//4874 4762//4762 4763//4763
f 4874//4874 4763//4763 4875//4875
f 4875//4875 4763//4763 4764//4764
f 4875//4875 4764//4764 4876//4876
f 4876//4876 4764//4764 4765//4765
f 4876//4876 4765//4765 4877//4877
f 4877//4877 4765//4765 4766//4766
f 4877//4877 4766//4766 4878//4878
f 4878//4878 4766//4766 4767//4767
f 4878//4878 4767//4767 4879//4879
f 4879//4879 4767//4767 4768//4768
f 4879//4879 4768//4768 4880//4880
f 4880//4880 4768//4768 4769//4769
f 4880//4880 4769//4769 4770//4770
f 4882//4882 4881//4881 4893//4893
f 4882//4882 4893//4893 4883//4883
f 4883//4883 4893//4893 4894//4894
f 4883//4883 4894//4894 4884//4884
f 4884//4884 4894//4894 4895//4895
f 4884//4884 4895//4895 4885//4885
f 4885//4885 4895//4895 4896//4896
f 4885//4885 4896//4896 4886//4886
f 4886//4886 4896//4896 4897//4897
f 4886//4886 4897//4897 4887//4887
f 4887//4887 4897//4897 4898//4898
f 4887//4887 4898//4898 4888//4888
f 4888//4888 4898//4898 4899//4899
f 4888//4888 4899//4899 4889//4889
f 4889//4889 4899//4899 4900//4900
f 4889//4889 4900//4900 4890//4890
f 4890//4890 4900//4900 4901//4901
f 4890//4890 4901//4901 4891//4891
f 4891//4891 4901//4901 4902//4902
f 4891//4891 4902//4902 4892//4892
f 4893//4893 4881//4881 4903//4903
f 4893//4893 4903//4903 4894//4894
f 4894//4894 4903//4903 4904//4904
f 4894//4894 4904//4904 4895//4895
f 4895//4895 4904//4904 4905//4905
f 4895//4895 4905//4905 4896//4896
f 4896//4896 4905//4905 4906//4906
f 4896//4896 4906//4906 4897//4897
f 4897//4897 4906//4906 4907//4907
f 4897//4897 4907//4907 4898//4898
f 4898//4898 4907//4907 4908//4908
f 4898//4898 4908//4908 4899//4899
f 4899//4899 4908//4908 4909//4909
f 4899//4899 4909//4909 4900//4900
f 4900//4900 4909//4909 4910//4910
f 4900//4900 4910//4910 4901//4901
f 4901//4901 4910//4910 4911//4911
f 4901//4901 4911//4911 4902//4902
f 4902//4902 4911//4911 4912//4912
f 4902//4902 4912//4912 4892//4892
f 4903//4903 4881//4881 4913//4913
f 4903//4903 4913//4913 4904//4904
f 4904//4904 4913//4913 4914//4914
f 4904//4904 4914//4914 4905//4905
f 4905//4905 4914//4914 4915//4915
f 4905//4905 4915//4915 4906//4906
f 4906//4906 4915//4915 4916//4916
f 4906//4906 4916//4916 4907//4907
f 4907//4907 4916//4916 4917//4917
f 4907//4907 4917//4917 4908//4908
f 4908//4908 4917//4917 4918//4918
f 4908//4908 4918//4918 4909//4909
f 4909//4909 4918//4918 4919//4919
f 4909//4909 4919//4919 4910//4910
f 4910//4910 4919//4919 4920//4920
f 4910//4910 4920//4920 4911//4911
f 4911//4911 4920//4920 4921//4921
f 4911//4911 4921//4921 4912//4912
f 4912//4912 4921//4921 4922//4922
f 4912//4912 4922//4922 4892//4892
f 4913//4913 4881//4881 4923//4923
f 4913//4913 4923//4923 4914//4914
f 4914//4914 4923//4923 4924//4924
f 4914//4914 4924//4924 4915//4915
f 4915//4915 4924//4924 4925//4925
f 4915//4915 4925//4925 4916//4916
f 4916//4916 4925//4925 4926//4926
f 4916//4916 4926//4926 4917//4917
f 4917//4917 4926//4926 4927//4927
f 4917//4917 4927//4927 4918//4918
f 4918//4918 4927//4927 4928//4928
f 4918//4918 4928//4928 4919//4919
f 4919//4919 4928//4928 4929//4929
f 4919//4919 4929//4929 4920//4920
f 4920//4920 4929//4929 4930//4930
f 4920//4920 4930//4930 4921//4921
f 4921//4921 4930//4930 4931//4931
f 4921//4921 4931//4931 4922//4922
f 4922//4922 4931//4931 4932//4932
f 4922//4922 4932//4932 4892//4892
f 4923//4923 4881//4881 4933//4933
f 4923//4923 4933//4933 4924//4924
f 4924//4924 4933//4933 4934//4934
f 4924//4924 4934//4934 4925//4925
f 4925//4925 4934//4934 4935//4935
f 4925//4925 4935//4935 4926//4926
f 4926//4926 4935//4935 4936//4936
f 4926//4926 4936//4936 4927//4927
f 4927//4927 4936//4936 4937//4937
f 4927//4927 4937//4937 4928//4928
f 4928//4928 4937//4937 4938//4938
f 4928//4928 4938//4938 4929//4929
f 4929//4929 4938//4938 4939//4939
f 4929//4929 4939//4939 4930//4930
f 4930//4930 4939//4939 4940//4940
f 4930//4930 4940//4940 4931//4931
f 4931//4931 4940//4940 4941//4941
f 4931//4931 4941//4941 4932//4932
f 4932//4932 4941//4941 4942//4942
f 4932//4932 4942//4942 4892//4892
f 4933//4933 4881//4881 4943//4943
f 4933//4933 4943//4943 4934//4934
f 4934//4934 4943//4943 4944//4944
f 4934//4934 4944//4944 4935//4935
f 4935//4935 4944//4944 4945//4945
f 4935//4935 4945//4945 4936//4936
f 4936//4936 4945//4945 4946//4946
f 4936//4936 4946//4946 4937//4937
f 4937//4937 4946//4946 4947//4947
f 4937//4937 4947//4947 4938//4938
f 4938//4938 4947//4947 4948//4948
f 4938//4938 4948//4948 4939//4939
f 4939//4939 4948//4948 4949//4949
f 4939//4939 4949//4949 4940//4940
f 4940//4940 4949//4949 4950//4950
f 4940//4940 4950//4950 4941//4941
f 4941//4941 4950//4950 4951//4951
f 4941//4941 4951//4951 4942//4942
f 4942//4942 4951//4951 4952//4952
f 4942//4942 4952//4952 4892//4892
f 4943//4943 4881//4881 4953//4953
f 4943//4943 4953//4953 4944//4944
f 4944//4944 4953//4953 4954//4954
f 4944//4944 4954//4954 4945//4945
f 4945//4945 4954//4954 4955//4955
f 4945//4945 4955//4955 4946//4946
f 4946//4946 4955//4955 4956//4956
f 4946//4946 4956//4956 4947//4947
f 4947//4947 4956//4956 4957//4957
f 4947//4947 4957//4957 4948//4948
f 4948//4948 4957//4957 4958//4958
f 4948//4948 4958//4958 4949//4949
f 4949//4949 4958//4958 4959//4959
f 4949//4949 4959//4959 4950//4950
f 4950//4950 4959//4959 4960//4960
f 4950//4950 4960//4960 4951//4951
f 4951//4951 4960//4960 4961//4961
f 4951//4951 4961//4961 4952//4952
f 4952//4952 4961//4961 4962//4962
f 4952//4952 4962//4962 4892//4892
f 4953//4953 4881//4881 4963//4963
f 4953//4953 4963//4963 4954//4954
f 4954//4954 4963//4963 4964//4964
f 4954//4954 4964//4964 4955//4955
f 4955//4955 4964//4964 4965//4965
f 4955//4955 4965//4965 4956//4956
f 4956//4956 4965//4965 4966//4966
f 4956//4956 4966//4966 4957//4957
f 4957//4957 4966//4966 4967//4967
f 4957//4957 4967//4967 4958//4958
f 4958//4958 4967//4967 4968//4968
f 4958//4958 4968//4968 4959//4959
f 4959//4959 4968//4968 4969//4969
f 4959//4959 4969//4969 4960//4960
f 4960//4960 4969//4969 4970//4970
f 4960//4960 4970//4970 4961//4961
f 4961//4961 4970//4970 4971//4971
f 4961//4961 4971//4971 4962//4962
f 4962//4962 4971//4971 4972//4972
f 4962//4962 4972//4972 4892//4892
f 4963//4963 4881//4881 4973//4973
f 4963//4963 4973//4973 4964//4964
f 4964//4964 4973//4973 4974//4974
f 4964//4964 4974//4974 4965//4965
f 4965//4965 4974//4974 4975//4975
f 4965//4965 4975//4975 4966//4966
f 4966//4966 4975//4975 4976//4976
f 4966//4966 4976//4976 4967//4967
f 4967//4967 4976//4976 4977//4977
f 4967//4967 4977//4977 4968//4968
f 4968//4968 4977//4977 4978//4978
f 4968//4968 4978//4978 4969//4969
f 4969//4969 4978//4978 4979//4979
f 4969//4969 4979//4979 4970//4970
f 4970//4970 4979//4979 4980//4980
f 4970//4970 4980//4980 4971//4971
f 4971//4971 4980//4980 4981//4981
f 4971//4971 4981//4981 4972//4972
f 4972//4972 4981//4981 4982//4982
f 4972//4972 4982//4982 4892//4892
f 4973//4973 4881//4881 4983//4983
f 4973//4973 4983//4983 4974//4974
f 4974//4974 4983//4983 4984//4984
f 4974//4974 4984//4984 4975//4975
f 4975//4975 4984//4984 4985//4985
f 4975//4975 4985//4985 4976//4976
f 4976//4976 4985//4985 4986//4986
f 4976//4976 4986//4986 4977//4977
f 4977//4977 4986//4986 4987//4987
f 4977//4977 4987//4987 4978//4978
f 4978//4978 4987//4987 4988//4988
f 4978//4978 4988//4988 4979//4979
f 4979//4979 4988//4988 4989//4989
f 4979//4979 4989//4989 4980//4980
f 4980//4980 4989//4989 4990//4990
f 4980//4980 4990//4990 4981//4981
f 4981//4981 4990//4990 4991//4991
f 4981//4981 4991//4991 4982//4982
f 4982//4982 4991//4991 4992//4992
f 4982//4982 4992//4992 4892//4892
f 4983//4983 4881//4881 4993//4993
f 4983//4983 4993//4993 4984//4984
f 4984//4984 4993//4993 4994//4994
f 4984//4984 4994//4994 4985//4985
f 4985//4985 4994//4994 4995//4995
f 4985//4985 4995//4995 4986//4986
f 4986//4986 4995//4995 4996//4996
f 4986//4986 4996//4996 4987//4987
f 4987//4987 4996//4996 4997//4997
f 4987//4987 4997//4997 4988//4988
f 4988//4988 4997//4997 4998//4998
f 4988//4988 4998//4998 4989//4989
f 4989//4989 4998//4998 4999//4999
f 4989//4989 4999//4999 4990//4990
f 4990//4990 4999//4999 5000//5000
f 4990//4990 5000//5000 4991//4991
f 4991//4991 5000//5000 5001//5001
f 4991//4991 5001//5001 4992//4992
f 4992//4992 5001//5001 5002//5002
f 4992//4992 5002//5002 4892//4892
f 4993//4993 4881//4881 4882//4882
f 4993//4993 4882//4882 4994//4994
f 4994//4994 4882//4882 4883//4883
f 4994//4994 4883//4883 4995//4995
f 4995//4995 4883//4883 4884//4884
f 4995//4995 4884//4884 4996//4996
f 4996//4996 4884//4884 4885//4885
f 4996//4996 4885//4885 4997//4997
f 4997//4997 4885//4885 4886//4886
f 4997//4997 4886//4886 4998//4998
f 4998//4998 4886//4886 4887//4887
f 4998//4998 4887//4887 4999//4999
f 4999//4999 4887//4887 4888//4888
f 4999//4999 4888//4888 5000//5000
f 5000//5000 4888//4888 4889//4889
f 5000//5000 4889//4889 5001//5001
f 5001//5001 4889//4889 4890//4890
f 5001//5001 4890//4890 5002//5002
f 5002//5002 4890//4890 4891//4891
f 5002//5002 4891//4891 4892//4892
f 5004//5004 5003//5003 5015//5015
f 5004//5004 5015//5015 5005//5005
f 5005//5005 5015//5015 5016//5016
f 5005//5005 5016//5016 5006//5006
f 5006//5006 5016//5016 5017//5017
f 5006//5006 5017//5017 5007//5007
f 5007//5007 5017//5017 5018//5018
f 5007//5007 5018//5018 5008//5008
f 5008//5008 5018//5018 5019//5019
f 5008//5008 5019//5019 5009//5009
f 5009//5009 5019//5019 5020//5020
f 5009//5009 5020//5020 5010//5010
f 5010//5010 5020//5020 5021//5021
f 5010//5010 5021//5021 5011//5011
f 5011//5011 5021//5021 5022//5022
f 5011//5011 5022//5022 5012//5012
f 5012//5012 5022//5022 5023//5023
f 5012//5012 5023//5023 5013//5013
f 5013//5013 5023//5023 5024//5024
f 5013//5013 5024//5024 5014//5014
f 5015//5015 5003//5003 5025//5025
f 5015//5015 5025//5025 5016//5016
f 5016//5016 5025//5025 5026//5026
f 5016//5016 5026//5026 5017//5017
f 5017//5017 5026//5026 5027//5027
f 5017//5017 5027//5027 5018//5018
f 5018//5018 5027//5027 5028//5028
f 5018//5018 5028//5028 5019//5019
f 5019//5019 5028//5028 5029//5029
f 5019//5019 5029//5029 5020//5020
f 5020//5020 5029//5029 5030//5030
f 5020//5020 5030//5030 5021//5021
f 5021//5021 5030//5030 5031//5031
f 5021//5021 5031//5031 5022//5022
f 5022//5022 5031//5031 5032//5032
f 5022//5022 5032//5032 5023//5023
f 5023//5023 5032//5032 5033//5033
f 5023//5023 5033//5033 5024//5024
f 5024//5024 5033//5033 5034//5034
f 5024//5024 5034//5034 5014//5014
f 5025//5025 5003//5003 5035//5035
f 5025//5025 5035//5035 5026//5026
f 5026//5026 5035//5035 5036//5036
f 5026//5026 5036//5036 5027//5027
f 5027//5027 5036//5036 5037//5037
f 5027//5027 5037//5037 5028//5028
f 5028//5028 5037//5037 5038//5038
f 5028//5028 5038//5038 5029//5029
f 5029//5029 5038//5038 5039//5039
f 5029//5029 5039//5039 5030//5030
f 5030//5030 5039//5039 5040//5040
f 5030//5030 5040//5040 5031//5031
f 5031//5031 5040//5040 5041//5041
f 5031//5031 5041//5041 5032//5032
f 5032//5032 5041//5041 5042//5042
f 5032//5032 5042//5042 5033//5033
f 5033//5033 5042//5042 5043//5043
f 5033//5033 5043//5043 5034//5034
f 5034//5034 5043//5043 5044//5044
f 5034//5034 5044//5044 5014//5014
f 5035//5035 5003//5003 5045//5045
f 5035//5035 5045//5045 5036//5036
f 5036//5036 5045//5045 5046//5046
f 5036//5036 5046//5046 5037//5037
f 5037//5037 5046//5046 5047//5047
f 5037//5037 5047//5047 5038//5038
f 5038//5038 5047//5047 5048//5048
f 5038//5038 5048//5048 5039//5039
f 5039//5039 5048//5048 5049//5049
f 5039//5039 5049//5049 5040//5040
f 5040//5040 5049//5049 5050//5050
f 5040//5040 5050//5050 5041//5041
f 5041//5041 5050//5050 5051//5051
f 5041//5041 5051//5051 5042//5042
f 5042//5042 5051//5051 5052//5052
f 5042//5042 5052//5052 5043//5043
f 5043//5043 5052//5052 5053//5053
f 5043//5043 5053//5053 5044//5044
f 5044//5044 5053//5053 5054//5054
f 5044//5044 5054//5054 5014//5014
f 5045//5045 5003//5003 5055//5055
f 5045//5045 5055//5055 5046//5046
f 5046//5046 5055//5055 5056//5056
f 5046//5046 5056//5056 5047//5047
f 5047//5047 5056//5056 5057//5057
f 5047//5047 5057//5057 5048//5048
f 5048//5048 5057//5057 5058//5058
f 5048//5048 5058//5058 5049//5049
f 5049//5049 5058//5058 5059//5059
f 5049//5049 5059//5059 5050//5050
f 5050//5050 5059//5059 5060//5060
f 5050//5050 5060//5060 5051//5051
f 5051//5051 5060//5060 5061//5061
f 5051//5051 5061//5061 5052//5052
f 5052//5052 5061//5061 5062//5062
f 5052//5052 5062//5062 5053//5053
f 5053//5053 5062//5062 5063//5063
f 5053//5053 5063//5063 5054//5054
f 5054//5054 5063//5063 5064//5064
f 5054//5054 5064//5064 5014//5014
f 5055//5055 5003//5003 5065//5065
f 5055//5055 5065//5065 5056//5056
f 5056//5056 5065//5065 5066//5066
f 5056//5056 5066//5066 5057//5057
f 5057//5057 5066//5066 5067//5067
f 5057//5057 5067//5067 5058//5058
f 5058//5058 5067//5067 5068//5068
f 5058//5058 5068//5068 5059//5059
f 5059//5059 5068//5068 5069//5069
f 5059//5059 5069//5069 5060//5060
f 5060//5060 5069//5069 5070//5070
f 5060//5060 5070//5070 5061//5061
f 5061//5061 5070//5070 5071//5071
f 5061//5061 5071//5071 5062//5062
f 5062//5062 5071//5071 5072//5072
f 5062//5062 5072//5072 5063//5063
f 5063//5063 5072//5072 5073//5073
f 5063//5063 5073//5073 5064//5064
f 5064//5064 5073//5073 5074//5074
f 5064//5064 5074//5074 5014//5014
f 5065//5065 5003//5003 5075//5075
f 5065//5065 5075//5075 5066//5066
f 5066//5066 5075//5075 5076//5076
f 5066//5066 5076//5076 5067//5067
f 5067//5067 5076//5076 5077//5077
f 5067//5067 5077//5077 5068//5068
f 5068//5068 5077//5077 5078//5078
f 5068//5068 5078//5078 5069//5069
f 5069//5069 5078//5078 5079//5079
f 5069//5069 5079//5079 5070//5070
f 5070//5070 5079//5079 5080//5080
f 5070//5070 5080//5080 5071//5071
f 5071//5071 5080//5080 5081//5081
f 5071//5071 5081//5081 5072//5072
f 5072//5072 5081//5081 5082//5082
f 5072//5072 5082//5082 5073//5073
f 5073//5073 5082//5082 5083//5083
f 5073//5073 5083//5083 5074//5074
f 5074//5074 5083//5083 5084//5084
f 5074//5074 5084//5084 5014//5014
f 5075//5075 5003//5003 5085//5085
f 5075//5075 5085//5085 5076//5076
f 5076//5076 5085//5085 5086//5086
f 5076//5076 5086//5086 5077//5077
f 5077//5077 5086//5086 5087//5087
f 5077//5077 5087//5087 5078//5078
f 5078//5078 5087//5087 5088//5088
f 5078//5078 5088//5088 5079//5079
f 5079//5079 5088//5088 5089//5089
f 5079//5079 5089//5089 5080//5080
f 5080//5080 5089//5089 5090//5090
f 5080//5080 5090//5090 5081//5081
f 5081//5081 5090//5090 5091//5091
f 5081//5081 5091//5091 5082//5082
f 5082//5082 5091//5091 5092//5092
f 5082//5082 5092//5092 5083//5083
f 5083//5083 5092//5092 5093//5093
f 5083//5083 5093//5093 5084//5084
f 5084//5084 5093//5093 5094//5094
f 5084//5084 5094//5094 5014//5014
f 5085//5085 5003//5003 5095//5095
f 5085//5085 5095//5095 5086//5086
f 5086//5086 5095//5095 5096//5096
f 5086//5086 5096//5096 5087//5087
f 5087//5087 5096//5096 5097//5097
f 5087//5087 5097//5097 5088//5088
f 5088//5088 5097//5097 5098//5098
f 5088//5088 5098//5098 5089//5089
f 5089//5089 5098//5098 5099//5099
f 5089//5089 5099//5099 5090//5090
f 5090//5090 5099//5099 5100//5100
f 5090//5090 5100//5100 5091//5091
f 5091//5091 5100//5100 5101//5101
f 5091//5091 5101//5101 5092//5092
f 5092//5092 5101//5101 5102//5102
f 5092//5092 5102//5102 5093//5093
f 5093//5093 5102//5102 5103//5103
f 5093//5093 5103//5103 5094//5094
f 5094//5094 5103//5103 5104//5104
f 5094//5094 5104//5104 5014//5014
f 5095//5095 5003//5003 5105//5105
f 5095//5095 5105//5105 5096//5096
f 5096//5096 5105//5105 5106//5106
f 5096//5096 5106//5106 5097//5097
f 5097//5097 5106//5106 5107//5107
f 5097//5097 5107//5107 5098//5098
f 5098//5098 5107//5107 5108//5108
f 5098//5098 5108//5108 5099//5099
f 5099//5099 5108//5108 5109//5109
f 5099//5099 5109//5109 5100//5100
f 5100//5100 5109//5109 5110//5110
f 5100//5100 5110//5110 5101//5101
f 5101//5101 5110//5110 5111//5111
f 5101//5101 5111//5111 5102//5102
f 5102//5102 5111//5111 5112//5112
f 5102//5102 5112//5112 5103//5103
f 5103//5103 5112//5112 5113//5113
f 5103//5103 5113//5113 5104//5104
f 5104//5104 5113//5113 5114//5114
f 5104//5104 5114//5114 5014//5014
f 5105//5105 5003//5003 5115//5115
f 5105//5105 5115//5115 5106//5106
f 5106//5106 5115//5115 5116//5116
f 5106//5106 5116//5116 5107//5107
f 5107//5107 5116//5116 5117//5117
f 5107//5107 5117//5117 5108//5108
f 5108//5108 5117//5117 5118//5118
f 5108//5108 5118//5118 5109//5109
f 5109//5109 5118//5118 5119//5119
f 5109//5109 5119//5119 5110//5110
f 5110//5110 5119//5119 5120//5120
f 5110//5110 5120//5120 5111//5111
f 5111//5111 5120//5120 5121//5121
f 5111//5111 5121//5121 5112//5112
f 5112//5112 5121//5121 5122//5122
f 5112//5112 5122//5122 5113//5113
f 5113//5113 5122//5122 5123//5123
f 5113//5113 5123//5123 5114//5114
f 5114//5114 5123//5123 5124//5124
f 5114//5114 5124//5124 5014//5014
f 5115//5115 5003//5003 5004//5004
f 5115//5115 5004//5004 5116//5116
f 5116//5116 5004//5004 5005//5005
f 5116//5116 5005//5005 5117//5117
f 5117//5117 5005//5005 5006//5006
f 5117//5117 5006//5006 5118//5118
f 5118//5118 5006//5006 5007//5007
f 5118//5118 5007//5007 5119//5119
f 5119//5119 5007//5007 5008//5008
f 5119//5119 5008//5008 5120//5120
f 5120//5120 5008//5008 5009//5009
f 5120//5120 5009//5009 5121//5121
f 5121//5121 5009//5009 5010//5010
f 5121//5121 5010//5010 5122//5122
f 5122//5122 5010//5010 5011//5011
f 5122//5122 5011//5011 5123//5123
f 5123//5123 5011//5011 5012//5012
f 5123//5123 5012//5012 5124//5124
f 5124//5124 5012//5012 5013//5013
f 5124//5124 5013//5013 5014//5014
f 5126//5126 5125//5125 5137//5137
f 5126//5126 5137//5137 5127//5127
f 5127//5127 5137//5137 5138//5138
f 5127//5127 5138//5138 5128//5128
f 5128//5128 5138//5138 5139//5139
f 5128//5128 5139//5139 5129//5129
f 5129//5129 5139//5139 5140//5140
f 5129//5129 5140//5140 5130//5130
f 5130//5130 5140//5140 5141//5141
f 5130//5130 5141//5141 5131//5131
f 5131//5131 5141//5141 5142//5142
f 5131//5131 5142//5142 5132//5132
f 5132//5132 5142//5142 5143//5143
f 5132//5132 5143//5143 5133//5133
f 5133//5133 5143//5143 5144//5144
f 5133//5133 5144//5144 5134//5134
f 5134//5134 5144//5144 5145//5145
f 5134//5134 5145//5145 5135//5135
f 5135//5135 5145//5145 5146//5146
f 5135//5135 5146//5146 5136//5136
f 5137//5137 5125//5125 5147//5147
f 5137//5137 5147//5147 5138//5138
f 5138//5138 5147//5147 5148//5148
f 5138//5138 5148//5148 5139//5139
f 5139//5139 5148//5148 5149//5149
f 5139//5139 5149//5149 5140//5140
f 5140//5140 5149//5149 5150//5150
f 5140//5140 5150//5150 5141//5141
f 5141//5141 5150//5150 5151//5151
f 5141//5141 5151//5151 5142//5142
f 5142//5142 5151//5151 5152//5152
f 5142//5142 5152//5152 5143//5143
f 5143//5143 5152//5152 5153//5153
f 5143//5143 5153//5153 5144//5144
f 5144//5144 5153//5153 5154//5154
f 5144//5144 5154//5154 5145//5145
f 5145//5145 5154//5154 5155//5155
f 5145//5145 5155//5155 5146//5146
f 5146//5146 5155//5155 5156//5156
f 5146//5146 5156//5156 5136//5136
f 5147//5147 5125//5125 5157//5157
f 5147//5147 5157//5157 5148//5148
f 5148//5148 5157//5157 5158//5158
f 5148//5148 5158//5158 5149//5149
f 5149//5149 5158//5158 5159//5159
f 5149//5149 5159//5159 5150//5150
f 5150//5150 5159//5159 5160//5160
f 5150//5150 5160//5160 5151//5151
f 5151//5151 5160//5160 5161//5161
f 5151//5151 5161//5161 5152//5152
f 5152//5152 5161//5161 5162//5162
f 5152//5152 5162//5162 5153//5153
f 5153//5153 5162//5162 5163//5163
f 5153//5153 5163//5163 5154//5154
f 5154//5154 5163//5163 5164//5164
f 5154//5154 5164//5164 5155//5155
f 5155//5155 5164//5164 5165//5165
f 5155//5155 5165//5165 5156//5156
f 5156//5156 5165//5165 5166//5166
f 5156//5156 5166//5166 5136//5136
f 5157//5157 5125//5125 5167//5167
f 5157//5157 5167//5167 5158//5158
f 5158//5158 5167//5167 5168//5168
f 5158//5158 5168//5168 5159//5159
f 5159//5159 5168//5168 5169//5169
f 5159//5159 5169//5169 5160//5160
f 5160//5160 5169//5169 5170//5170
f 5160//5160 5170//5170 5161//5161
f 5161//5161 5170//5170 5171//5171
f 5161//5161 5171//5171 5162//5162
f 5162//5162 5171//5171 5172//5172
f 5162//5162 5172//5172 5163//5163
f 5163//5163 5172//5172 5173//5173
f 5163//5163 5173//5173 5164//5164
f 5164//5164 5173//5173 5174//5174
f 5164//5164 5174//5174 5165//5165
f 5165//5165 5174//5174 5175//5175
f 5165//5165 5175//5175 5166//5166
f 5166//5166 5175//5175 5176//5176
f 5166//5166 5176//5176 5136//5136
f 5167//5167 5125//5125 5177//5177
f 5167//5167 5177//5177 5168//5168
f 5168//5168 5177//5177 5178//5178
f 5168//5168 5178//5178 5169//5169
f 5169//5169 5178//5178 5179//5179
f 5169//5169 5179//5179 5170//5170
f 5170//5170 5179//5179 5180//5180
f 5170//5170 5180//5180 5171//5171
f 5171//5171 5180//5180 5181//5181
f 5171//5171 5181//5181 5172//5172
f 5172//5172 5181//5181 5182//5182
f 5172//5172 5182//5182 5173//5173
f 5173//5173 5182//5182 5183//5183
f 5173//5173 5183//5183 5174//5174
f 5174//5174 5183//5183 5184//5184
f 5174//5174 5184//5184 5175//5175
f 5175//5175 5184//5184 5185//5185
f 5175//5175 5185//5185 5176//5176
f 5176//5176 5185//5185 5186//5186
f 5176//5176 5186//5186 5136//5136
f 5177//5177 5125//5125 5187//5187
f 5177//5177 5187//5187 5178//5178
f 5178//5178 5187//5187 5188//5188
f 5178//5178 5188//5188 5179//5179
f 5179//5179 5188//5188 5189//5189
f 5179//5179 5189//5189 5180//5180
f 5180//5180 5189//5189 5190//5190
f 5180//5180 5190//5190 5181//5181
f 5181//5181 5190//5190 5191//5191
f 5181//5181 5191//5191 5182//5182
f 5182//5182 5191//5191 5192//5192
f 5182//5182 5192//5192 5183//5183
f 5183//5183 5192//5192 5193//5193
f 5183//5183 5193//5193 5184//5184
f 5184//5184 5193//5193 5194//5194
f 5184//5184 5194//5194 5185//5185
f 5185//5185 5194//5194 5195//5195
f 5185//5185 5195//5195 5186//5186
f 5186//5186 5195//5195 5196//5196
f 5186//5186 5196//5196 5136//5136
f 5187//5187 5125//5125 5197//5197
f 5187//5187 5197//5197 5188//5188
f 5188//5188 5197//5197 5198//5198
f 5188//5188 5198//5198 5189//5189
f 5189//5189 5198//5198 5199//5199
f 5189//5189 5199//5199 5190//5190
f 5190//5190 5199//5199 5200//5200
f 5190//5190 5200//5200 5191//5191
f 5191//5191 5200//5200 5201//5201
f 5191//5191 5201//5201 5192//5192
f 5192//5192 5201//5201 5202//5202
f 5192//5192 5202//5202 5193//5193
f 5193//5193 5202//5202 5203//5203
f 5193//5193 5203//5203 5194//5194
f 5194//5194 5203//5203 5204//5204
f 5194//5194 5204//5204 5195//5195
f 5195//5195 5204//5204 5205//5205
f 5195//5195 5205//5205 5196//5196
f 5196//5196 5205//5205 5206//5206
f 5196//5196 5206//5206 5136//5136
f 5197//5197 5125//5125 5207//5207
f 5197//5197 5207//5207 5198//5198
f 5198//5198 5207//5207 5208//5208
f 5198//5198 5208//5208 5199//5199
f 5199//5199 5208//5208 5209//5209
f 5199//5199 5209//5209 5200//5200
f 5200//5200 5209//5209 5210//5210
f 5200//5200 5210//5210 5201//5201
f 5201//5201 5210//5210 5211//5211
f 5201//5201 5211//5211 5202//5202
f 5202//5202 5211//5211 5212//5212
f 5202//5202 5212//5212 5203//5203
f 5203//5203 5212//5212 5213//5213
f 5203//5203 5213//5213 5204//5204
f 5204//5204 5213//5213 5214//5214
f 5204//5204 5214//5214 5205//5205
f 5205//5205 5214//5214 5215//5215
f 5205//5205 5215//5215 5206//5206
f 5206//5206 5215//5215 5216//5216
f 5206//5206 5216//5216 5136//5136
f 5207//5207 5125//5125 5217//5217
f 5207//5207 5217//5217 5208//5208
f 5208//5208 5217//5217 5218//5218
f 5208//5208 5218//5218 5209//5209
f 5209//5209 5218//5218 5219//5219
f 5209//5209 5219//5219 5210//5210
f 5210//5210 5219//5219 5220//5220
f 5210//5210 5220//5220 5211//5211
f 5211//5211 5220//5220 5221//5221
f 5211//5211 5221//5221 5212//5212
f 5212//5212 5221//5221 5222//5222
f 5212//5212 5222//5222 5213//5213
f 5213//5213 5222//5222 5223//5223
f 5213//5213 5223//5223 5214//5214
f 5214//5214 5223//5223 5224//5224
f 5214//5214 5224//5224 5215//5215
f 5215//5215 5224//5224 5225//5225
f 5215//5215 5225//5225 5216//5216
f 5216//5216 5225//5225 5226//5226
f 5216//5216 5226//5226 5136//5136
f 5217//5217 5125//5125 5227//5227
f 5217//5217 5227//5227 5218//5218
f 5218//5218 5227//5227 5228//5228
f 5218//5218 5228//5228 5219//5219
f 5219//5219 5228//5228 5229//5229
f 5219//5219 5229//5229 5220//5220
f 5220//5220 5229//5229 5230//5230
f 5220//5220 5230//5230 5221//5221
f 5221//5221 5230//5230 5231//5231
f 5221//5221 5231//5231 5222//5222
f 5222//5222 5231//5231 5232//5232
f 5222//5222 5232//5232 5223//5223
f 5223//5223 5232//5232 5233//5233
f 5223//5223 5233//5233 5224//5224
f 5224//5224 5233//5233 5234//5234
f 5224//5224 5234//5234 5225//5225
f 5225//5225 5234//5234 5235//5235
f 5225//5225 5235//5235 5226//5226
f 5226//5226 5235//5235 5236//5236
f 5226//5226 5236//5236 5136//5136
f 5227//5227 5125//5125 5237//5237
f 5227//5227 5237//5237 5228//5228
f 5228//5228 5237//5237 5238//5238
f 5228//5228 5238//5238 5229//5229
f 5229//5229 5238//5238 5239//5239
f 5229//5229 5239//5239 5230//5230
f 5230//5230 5239//5239 5240//5240
f 5230//5230 5240//5240 5231//5231
f 5231//5231 5240//5240 5241//5241
f 5231//5231 5241//5241 5232//5232
f 5232//5232 5241//5241 5242//5242
f 5232//5232 5242//5242 5233//5233
f 5233//5233 5242//5242 5243//5243
f 5233//5233 5243//5243 5234//5234
f 5234//5234 5243//5243 5244//5244
f 5234//5234 5244//5244 5235//5235
f 5235//5235 5244//5244 5245//5245
f 5235//5235 5245//5245 5236//5236
f 5236//5236 5245//5245 5246//5246
f 5236//5236 5246//5246 5136//5136
f 5237//5237 5125//5125 5126//5126
f 5237//5237 5126//5126 5238//5238
f 5238//5238 5126//5126 5127//5127
f 5238//5238 5127//5127 5239//5239
f 5239//5239 5127//5127 5128//5128
f 5239//5239 5128//5128 5240//5240
f 5240//5240 5128//5128 5129//5129
f 5240//5240 5129//5129 5241//5241
f 5241//5241 5129//5129 5130//5130
f 5241//5241 5130//5130 5242//5242
f 5242//5242 5130//5130 5131//5131
f 5242//5242 5131//5131 5243//5243
f 5243//5243 5131//5131 5132//5132
f 5243//5243 5132//5132 5244//5244
f 5244//5244 5132//5132 5133//5133
f 5244//5244 5133//5133 5245//5245
f 5245//5245 5133//5133 5134//5134
f 5245//5245 5134//5134 5246//5246
f 5246//5246 5134//5134 5135//5135
f 5246//5246 5135//5135 5136//5136
f 5248//5248 5247//5247 5259//5259
f 5248//5248 5259//5259 5249//5249
f 5249//5249 5259//5259 5260//5260
f 5249//5249 5260//5260 5250//5250
f 5250//5250 5260//5260 5261//5261
f 5250//5250 5261//5261 5251//5251
f 5251//5251 5261//5261 5262//5262
f 5251//5251 5262//5262 5252//5252
f 5252//5252 5262//5262 5263//5263
f 5252//5252 5263//5263 5253//5253
f 5253//5253 5263//5263 5264//5264
f 5253//5253 5264//5264 5254//5254
f 5254//5254 5264//5264 5265//5265
f 5254//5254 5265//5265 5255//5255
f 5255//5255 5265//5265 5266//5266
f 5255//5255 5266//5266 5256//5256
f 5256//5256 5266//5266 5267//5267
f 5256//5256 5267//5267 5257//5257
f 5257//5257 5267//5267 5268//5268
f 5257//5257 5268//5268 5258//5258
f 5259//5259 5247//5247 5269//5269
f 5259//5259 5269//5269 5260//5260
f 5260//5260 5269//5269 5270//5270
f 5260//5260 5270//5270 5261//5261
f 5261//5261 5270//5270 5271//5271
f 5261//5261 5271//5271 5262//5262
f 5262//5262 5271//5271 5272//5272
f 5262//5262 5272//5272 5263//5263
f 5263//5263 5272//5272 5273//5273
f 5263//5263 5273//5273 5264//5264
f 5264//5264 5273//5273 5274//5274
f 5264//5264 5274//5274 5265//5265
f 5265//5265 5274//5274 5275//5275
f 5265//5265 5275//5275 5266//5266
f 5266//5266 5275//5275 5276//5276
f 5266//5266 5276//5276 5267//5267
f 5267//5267 5276//5276 5277//5277
f 5267//5267 5277//5277 5268//5268
f 5268//5268 5277//5277 5278//5278
f 5268//5268 5278//5278 5258//5258
f 5269//5269 5247//5247 5279//5279
f 5269//5269 5279//5279 5270//5270
f 5270//5270 5279//5279 5280//5280
f 5270//5270 5280//5280 5271//5271
f 5271//5271 5280//5280 5281//5281
f 5271//5271 5281//5281 5272//5272
f 5272//5272 5281//5281 5282//5282
f 5272//5272 5282//5282 5273//5273
f 5273//5273 5282//5282 5283//5283
f 5273//5273 5283//5283 5274//5274
f 5274//5274 5283//5283 5284//5284
f 5274//5274 5284//5284 5275//5275
f 5275//5275 5284//5284 5285//5285
f 5275//5275 5285//5285 5276//5276
f 5276//5276 5285//5285 5286//5286
f 5276//5276 5286//5286 5277//5277
f 5277//5277 5286//5286 5287//5287
f 5277//5277 5287//5287 5278//5278
f 5278//5278 5287//5287 5288//5288
f 5278//5278 5288//5288 5258//5258
f 5279//5279 5247//5247 5289//5289
f 5279//5279 5289//5289 5280//5280
f 5280//5280 5289//5289 5290//5290
f 5280//5280 5290//5290 5281//5281
f 5281//5281 5290//5290 5291//5291
f 5281//5281 5291//5291 5282//5282
f 5282//5282 5291//5291 5292//5292
f 5282//5282 5292//5292 5283//5283
f 5283//5283 5292//5292 5293//5293
f 5283//5283 5293//5293 5284//5284
f 5284//5284 5293//5293 5294//5294
f 5284//5284 5294//5294 5285//5285
f 5285//5285 5294//5294 5295//5295
f 5285//5285 5295//5295 5286//5286
f 5286//5286 5295//5295 5296//5296
f 5286//5286 5296//5296 5287//5287
f 5287//5287 5296//5296 5297//5297
f 5287//5287 5297//5297 5288//5288
f 5288//5288 5297//5297 5298//5298
f 5288//5288 5298//5298 5258//5258
f 5289//5289 5247//5247 5299//5299
f 5289//5289 5299//5299 5290//5290
f 5290//5290 5299//5299 5300//5300
f 5290//5290 5300//5300 5291//5291
f 5291//5291 5300//5300 5301//5301
f 5291//5291 5301//5301 5292//5292
f 5292//5292 5301//5301 5302//5302
f 5292//5292 5302//5302 5293//5293
f 5293//5293 5302//5302 5303//5303
f 5293//5293 5303//5303 5294//5294
f 5294//5294 5303//5303 5304//5304
f 5294//5294 5304//5304 5295//5295
f 5295//5295 5304//5304 5305//5305
f 5295//5295 5305//5305 5296//5296
f 5296//5296 5305//5305 5306//5306
f 5296//5296 5306//5306 5297//5297
f 5297//5297 5306//5306 5307//5307
f 5297//5297 5307//5307 5298//5298
f 5298//5298 5307//5307 5308//5308
f 5298//5298 5308//5308 5258//5258
f 5299//5299 5247//5247 5309//5309
f 5299//5299 5309//5309 5300//5300
f 5300//5300 5309//5309 5310//5310
f 5300//5300 5310//5310 5301//5301
f 5301//5301 5310//5310 5311//5311
f 5301//5301 5311//5311 5302//5302
f 5302//5302 5311//5311 5312//5312
f 5302//5302 5312//5312 5303//5303
f 5303//5303 5312//5312 5313//5313
f 5303//5303 5313//5313 5304//5304
f 5304//5304 5313//5313 5314//5314
f 5304//5304 5314//5314 5305//5305
f 5305//5305 5314//5314 5315//5315
f 5305//5305 5315//5315 5306//5306
f 5306//5306 5315//5315 5316//5316
f 5306//5306 5316//5316 5307//5307
f 5307//5307 5316//5316 5317//5317
f 5307//5307 5317//5317 5308//5308
f 5308//5308 5317//5317 5318//5318
f 5308//5308 5318//5318 5258//5258
f 5309//5309 5247//5247 5319//5319
f 5309//5309 5319//5319 5310//5310
f 5310//5310 5319//5319 5320//5320
f 5310//5310 5320//5320 5311//5311
f 5311//5311 5320//5320 5321//5321
f 5311//5311 5321//5321 5312//5312
f 5312//5312 5321//5321 5322//5322
f 5312//5312 5322//5322 5313//5313
f 5313//5313 5322//5322 5323//5323
f 5313//5313 5323//5323 5314//5314
f 5314//5314 5323//5323 5324//5324
f 5314//5314 5324//5324 5315//5315
f 5315//5315 5324//5324 5325//5325
f 5315//5315 5325//5325 5316//5316
f 5316//5316 5325//5325 5326//5326
f 5316//5316 5326//5326 5317//5317
f 5317//5317 5326//5326 5327//5327
f 5317//5317 5327//5327 5318//5318
f 5318//5318 5327//5327 5328//5328
f 5318//5318 5328//5328 5258//5258
f 5319//5319 5247//5247 5329//5329
f 5319//5319 5329//5329 5320//5320
f 5320//5320 5329//5329 5330//5330
f 5320//5320 5330//5330 5321//5321
f 5321//5321 5330//5330 5331//5331
f 5321//5321 5331//5331 5322//5322
f 5322//5322 5331//5331 5332//5332
f 5322//5322 5332//5332 5323//5323
f 5323//5323 5332//5332 5333//5333
f 5323//5323 5333//5333 5324//5324
f 5324//5324 5333//5333 5334//5334
f 5324//5324 5334//5334 5325//5325
f 5325//5325 5334//5334 5335//5335
f 5325//5325 5335//5335 5326//5326
f 5326//5326 5335//5335 5336//5336
f 5326//5326 5336//5336 5327//5327
f 5327//5327 5336//5336 5337//5337
f 5327//5327 5337//5337 5328//5328
f 5328//5328 5337//5337 5338//5338
f 5328//5328 5338//5338 5258//5258
f 5329//5329 5247//5247 5339//5339
f 5329//5329 5339//5339 5330//5330
f 5330//5330 5339//5339 5340//5340
f 5330//5330 5340//5340 5331//5331
f 5331//5331 5340//5340 5341//5341
f 5331//5331 5341//5341 5332//5332
f 5332//5332 5341//5341 5342//5342
f 5332//5332 5342//5342 5333//5333
f 5333//5333 5342//5342 5343//5343
f 5333//5333 5343//5343 5334//5334
f 5334//5334 5343//5343 5344//5344
f 5334//5334 5344//5344 5335//5335
f 5335//5335 5344//5344 5345//5345
f 5335//5335 5345//5345 5336//5336
f 5336//5336 5345//5345 5346//5346
f 5336//5336 5346//5346 5337//5337
f 5337//5337 5346//5346 5347//5347
f 5337//5337 5347//5347 5338//5338
f 5338//5338 5347//5347 5348//5348
f 5338//5338 5348//5348 5258//5258
f 5339//5339 5247//5247 5349//5349
f 5339//5339 5349//5349 5340//5340
f 5340//5340 5349//5349 5350//5350
f 5340//5340 5350//5350 5341//5341
f 5341//5341 5350//5350 5351//5351
f 5341//5341 5351//5351 5342//5342
f 5342//5342 5351//5351 5352//5352
f 5342//5342 5352//5352 5343//5343
f 5343//5343 5352//5352 5353//5353
f 5343//5343 5353//5353 5344//5344
f 5344//5344 5353//5353 5354//5354
f 5344//5344 5354//5354 5345//5345
f 5345//5345 5354//5354 5355//5355
f 5345//5345 5355//5355 5346//5346
f 5346//5346 5355//5355 5356//5356
f 5346//5346 5356//5356 5347//5347
f 5347//5347 5356//5356 5357//5357
f 5347//5347 5357//5357 5348//5348
f 5348//5348 5357//5357 5358//5358
f 5348//5348 5358//5358 5258//5258
f 5349//5349 5247//5247 5359//5359
f 5349//5349 5359//5359 5350//5350
f 5350//5350 5359//5359 5360//5360
f 5350//5350 5360//5360 5351//5351
f 5351//5351 5360//5360 5361//5361
f 5351//5351 5361//5361 5352//5352
f 5352//5352 5361//5361 5362//5362
f 5352//5352 5362//5362 5353//5353
f 5353//5353 5362//5362 5363//5363
f 5353//5353 5363//5363 5354//5354
f 5354//5354 5363//5363 5364//5364
f 5354//5354 5364//5364 5355//5355
f 5355//5355 5364//5364 5365//5365
f 5355//5355 5365//5365 5356//5356
f 5356//5356 5365//5365 5366//5366
f 5356//5356 5366//5366 5357//5357
f 5357//5357 5366//5366 5367//5367
f 5357//5357 5367//5367 5358//5358
f 5358//5358 5367//5367 5368//5368
f 5358//5358 5368//5368 5258//5258
f 5359//5359 5247//5247 5248//5248
f 5359//5359 5248//5248 5360//5360
f 5360//5360 5248//5248 5249//5249
f 5360//5360 5249//5249 5361//5361
f 5361//5361 5249//5249 5250//5250
f 5361//5361 5250//5250 5362//5362
f 5362//5362 5250//5250 5251//5251
f 5362//5362 5251//5251 5363//5363
f 5363//5363 5251//5251 5252//5252
f 5363//5363 5252//5252 5364//5364
f 5364//5364 5252//5252 5253//5253
f 5364//5364 5253//5253 5365//5365
f 5365//5365 5253//5253 5254//5254
f 5365//5365 5254//5254 5366//5366
f 5366//5366 5254//5254 5255//5255
f 5366//5366 5255//5255 5367//5367
f 5367//5367 5255//5255 5256//5256
f 5367//5367 5256//5256 5368//5368
f 5368//5368 5256//5256 5257//5257
f 5368//5368 5257//5257 5258//5258
f 5370//5370 5369//5369 5381//5381
f 5370//5370 5381//5381 5371//5371
f 5371//5371 5381//5381 5382//5382
f 5371//5371 5382//5382 5372//5372
f 5372//5372 5382//5382 5383//5383
f 5372//5372 5383//5383 5373//5373
f 5373//5373 5383//5383 5384//5384
f 5373//5373 5384//5384 5374//5374
f 5374//5374 5384//5384 5385//5385
f 5374//5374 5385//5385 5375//5375
f 5375//5375 5385//5385 5386//5386
f 5375//5375 5386//5386 5376//5376
f 5376//5376 5386//5386 5387//5387
f 5376//5376 5387//5387 5377//5377
f 5377//5377 5387//5387 5388//5388
f 5377//5377 5388//5388 5378//5378
f 5378//5378 5388//5388 5389//5389
f 5378//5378 5389//5389 5379//5379
f 5379//5379 5389//5389 5390//5390
f 5379//5379 5390//5390 5380//5380
f 5381//5381 5369//5369 5391//5391
f 5381//5381 5391//5391 5382//5382
f 5382//5382 5391//5391 5392//5392
f 5382//5382 5392//5392 5383//5383
f 5383//5383 5392//5392 5393//5393
f 5383//5383 5393//5393 5384//5384
f 5384//5384 5393//5393 5394//5394
f 5384//5384 5394//5394 5385//5385
f 5385//5385 5394//5394 5395//5395
f 5385//5385 5395//5395 5386//5386
f 5386//5386 5395//5395 5396//5396
f 5386//5386 5396//5396 5387//5387
f 5387//5387 5396//5396 5397//5397
f 5387//5387 5397//5397 5388//5388
f 5388//5388 5397//5397 5398//5398
f 5388//5388 5398//5398 5389//5389
f 5389//5389 5398//5398 5399//5399
f 5389//5389 5399//5399 5390//5390
f 5390//5390 5399//5399 5400//5400
f 5390//5390 5400//5400 5380//5380
f 5391//5391 5369//5369 5401//5401
f 5391//5391 5401//5401 5392//5392
f 5392//5392 5401//5401 5402//5402
f 5392//5392 5402//5402 5393//5393
f 5393//5393 5402//5402 5403//5403
f 5393//5393 5403//5403 5394//5394
f 5394//5394 5403//5403 5404//5404
f 5394//5394 5404//5404 5395//5395
f 5395//5395 5404//5404 5405//5405
f 5395//5395 5405//5405 5396//5396
f 5396//5396 5405//5405 5406//5406
f 5396//5396 5406//5406 5397//5397
f 5397//5397 5406//5406 5407//5407
f 5397//5397 5407//5407 5398//5398
f 5398//5398 5407//5407 5408//5408
f 5398//5398 5408//5408 5399//5399
f 5399//5399 5408//5408 5409//5409
f 5399//5399 5409//5409 5400//5400
f 5400//5400 5409//5409 5410//5410
f 5400//5400 5410//5410 5380//5380
f 5401//5401 5369//5369 5411//5411
f 5401//5401 5411//5411 5402//5402
f 5402//5402 5411//5411 5412//5412
f 5402//5402 5412//5412 5403//5403
f 5403//5403 5412//5412 5413//5413
f 5403//5403 5413//5413 5404//5404
f 5404//5404 5413//5413 5414//5414
f 5404//5404 5414//5414 5405//5405
f 5405//5405 5414//5414 5415//5415
f 5405//5405 5415//5415 5406//5406
f 5406//5406 5415//5415 5416//5416
f 5406//5406 5416//5416 5407//5407
f 5407//5407 5416//5416 5417//5417
f 5407//5407 5417//5417 5408//5408
f 5408//5408 5417//5417 5418//5418
f 5408//5408 5418//5418 5409//5409
f 5409//5409 5418//5418 5419//5419
f 5409//5409 5419//5419 5410//5410
f 5410//5410 5419//5419 5420//5420
f 5410//5410 5420//5420 5380//5380
f 5411//5411 5369//5369 5421//5421
f 5411//5411 5421//5421 5412//5412
f 5412//5412 5421//5421 5422//5422
f 5412//5412 5422//5422 5413//5413
f 5413//5413 5422//5422 5423//5423
f 5413//5413 5423//5423 5414//5414
f 5414//5414 5423//5423 5424//5424
f 5414//5414 5424//5424 5415//5415
f 5415//5415 5424//5424 5425//5425
f 5415//5415 5425//5425 5416//5416
f 5416//5416 5425//5425 5426//5426
f 5416//5416 5426//5426 5417//5417
f 5417//5417 5426//5426 5427//5427
f 5417//5417 5427//5427 5418//5418
f 5418//5418 5427//5427 5428//5428
f 5418//5418 5428//5428 5419//5419
f 5419//5419 5428//5428 5429//5429
f 5419//5419 5429//5429 5420//5420
f 5420//5420 5429//5429 5430//5430
f 5420//5420 5430//5430 5380//5380
f 5421//5421 5369//5369 5431//5431
f 5421//5421 5431//5431 5422//5422
f 5422//5422 5431//5431 5432//5432
f 5422//5422 5432//5432 5423//5423
f 5423//5423 5432//5432 5433//5433
f 5423//5423 5433//5433 5424//5424
f 5424//5424 5433//5433 5434//5434
f 5424//5424 5434//5434 5425//5425
f 5425//5425 5434//5434 5435//5435
f 5425//5425 5435//5435 5426//5426
f 5426//5426 5435//5435 5436//5436
f 5426//5426 5436//5436 5427//5427
f 5427//5427 5436//5436 5437//5437
f 5427//5427 5437//5437 5428//5428
f 5428//5428 5437//5437 5438//5438
f 5428//5428 5438//5438 5429//5429
f 5429//5429 5438//5438 5439//5439
f 5429//5429 5439//5439 5430//5430
f 5430//5430 5439//5439 5440//5440
f 5430//5430 5440//5440 5380//5380
f 5431//5431 5369//5369 5441//5441
f 5431//5431 5441//5441 5432//5432
f 5432//5432 5441//5441 5442//5442
f 5432//5432 5442//5442 5433//5433
f 5433//5433 5442//5442 5443//5443
f 5433//5433 5443//5443 5434//5434
f 5434//5434 5443//5443 5444//5444
f 5434//5434 5444//5444 5435//5435
f 5435//5435 5444//5444 5445//5445
f 5435//5435 5445//5445 5436//5436
f 5436//5436 5445//5445 5446//5446
f 5436//5436 5446//5446 5437//5437
f 5437//5437 5446//5446 5447//5447
f 5437//5437 5447//5447 5438//5438
f 5438//5438 5447//5447 5448//5448
f 5438//5438 5448//5448 5439//5439
f 5439//5439 5448//5448 5449//5449
f 5439//5439 5449//5449 5440//5440
f 5440//5440 5449//5449 5450//5450
f 5440//5440 5450//5450 5380//5380
f 5441//5441 5369//5369 5451//5451
f 5441//5441 5451//5451 5442//5442
f 5442//5442 5451//5451 5452//5452
f 5442//5442 5452//5452 5443//5443
f 5443//5443 5452//5452 5453//5453
f 5443//5443 5453//5453 5444//5444
f 5444//5444 5453//5453 5454//5454
f 5444//5444 5454//5454 5445//5445
f 5445//5445 5454//5454 5455//5455
f 5445//5445 5455//5455 5446//5446
f 5446//5446 5455//5455 5456//5456
f 5446//5446 5456//5456 5447//5447
f 5447//5447 5456//5456 5457//5457
f 5447//5447 5457//5457 5448//5448
f 5448//5448 5457//5457 5458//5458
f 5448//5448 5458//5458 5449//5449
f 5449//5449 5458//5458 5459//5459
f 5449//5449 5459//5459 5450//5450
f 5450//5450 5459//5459 5460//5460
f 5450//5450 5460//5460 5380//5380
f 5451//5451 5369//5369 5461//5461
f 5451//5451 5461//5461 5452//5452
f 5452//5452 5461//5461 5462//5462
f 5452//5452 5462//5462 5453//5453
f 5453//5453 5462//5462 5463//5463
f 5453//5453 5463//5463 5454//5454
f 5454//5454 5463//5463 5464//5464
f 5454//5454 5464//5464 5455//5455
f 5455//5455 5464//5464 5465//5465
f 5455//5455 5465//5465 5456//5456
f 5456//5456 5465//5465 5466//5466
f 5456//5456 5466//5466 5457//5457
f 5457//5457 5466//5466 5467//5467
f 5457//5457 5467//5467 5458//5458
f 5458//5458 5467//5467 5468//5468
f 5458//5458 5468//5468 5459//5459
f 5459//5459 5468//5468 5469//5469
f 5459//5459 5469//5469 5460//5460
f 5460//5460 5469//5469 5470//5470
f 5460//5460 5470//5470 5380//5380
f 5461//5461 5369//5369 5471//5471
f 5461//5461 5471//5471 5462//5462
f 5462//5462 5471//5471 5472//5472
f 5462//5462 5472//5472 5463//5463
f 5463//5463 5472//5472 5473//5473
f 5463//5463 5473//5473 5464//5464
f 5464//5464 5473//5473 5474//5474
f 5464//5464 5474//5474 5465//5465
f 5465//5465 5474//5474 5475//5475
f 5465//5465 5475//5475 5466//5466
f 5466//5466 5475//5475 5476//5476
f 5466//5466 5476//5476 5467//5467
f 5467//5467 5476//5476 5477//5477
f 5467//5467 5477//5477 5468//5468
f 5468//5468 5477//5477 5478//5478
f 5468//5468 5478//5478 5469//5469
f 5469//5469 5478//5478 5479//5479
f 5469//5469 5479//5479 5470//5470
f 5470//5470 5479//5479 5480//5480
f 5470//5470 5480//5480 5380//5380
f 5471//5471 5369//5369 5481//5481
f 5471//5471 5481//5481 5472//5472
f 5472//5472 5481//5481 5482//5482
f 5472//5472 5482//5482 5473//5473
f 5473//5473 5482//5482 5483//5483
f 5473//5473 5483//5483 5474//5474
f 5474//5474 5483//5483 5484//5484
f 5474//5474 5484//5484 5475//5475
f 5475//5475 5484//5484 5485//5485
f 5475//5475 5485//5485 5476//5476
f 5476//5476 5485//5485 5486//5486
f 5476//5476 5486//5486 5477//5477
f 5477//5477 5486//5486 5487//5487
f 5477//5477 5487//5487 5478//5478
f 5478//5478 5487//5487 5488//5488
f 5478//5478 5488//5488 5479//5479
f 5479//5479 5488//5488 5489//5489
f 5479//5479 5489//5489 5480//5480
f 5480//5480 5489//5489 5490//5490
f 5480//5480 5490//5490 5380//5380
f 5481//5481 5369//5369 5370//5370
f 5481//5481 5370//5370 5482//5482
f 5482//5482 5370//5370 5371//5371
f 5482//5482 5371//5371 5483//5483
f 5483//5483 5371//5371 5372//5372
f 5483//5483 5372//5372 5484//5484
f 5484//5484 5372//5372 5373//5373
f 5484//5484 5373//5373 5485//5485
f 5485//5485 5373//5373 5374//5374
f 5485//5485 5374//5374 5486//5486
f 5486//5486 5374//5374 5375//5375
f 5486//5486 5375//5375 5487//5487
f 5487//5487 5375//5375 5376//5376
f 5487//5487 5376//5376 5488//5488
f 5488//5488 5376//5376 5377//5377
f 5488//5488 5377//5377 5489//5489
f 5489//5489 5377//5377 5378//5378
f 5489//5489 5378//5378 5490//5490
f 5490//5490 5378//5378 5379//5379
f 5490//5490 5379//5379 5380//5380
f 5492//5492 5491//5491 5503//5503
f 5492//5492 5503//5503 5493//5493
f 5493//5493 5503//5503 5504//5504
f 5493//5493 5504//5504 5494//5494
f 5494//5494 5504//5504 5505//5505
f 5494//5494 5505//5505 5495//5495
f 5495//5495 5505//5505 5506//5506
f 5495//5495 5506//5506 5496//5496
f 5496//5496 5506//5506 5507//5507
f 5496//5496 5507//5507 5497//5497
f 5497//5497 5507//5507 5508//5508
f 5497//5497 5508//5508 5498//5498
f 5498//5498 5508//5508 5509//5509
f 5498//5498 5509//5509 5499//5499
f 5499//5499 5509//5509 5510//5510
f 5499//5499 5510//5510 5500//5500
f 5500//5500 5510//5510 5511//5511
f 5500//5500 5511//5511 5501//5501
f 5501//5501 5511//5511 5512//5512
f 5501//5501 5512//5512 5502//5502
f 5503//5503 5491//5491 5513//5513
f 5503//5503 5513//5513 5504//5504
f 5504//5504 5513//5513 5514//5514
f 5504//5504 5514//5514 5505//5505
f 5505//5505 5514//5514 5515//5515
f 5505//5505 5515//5515 5506//5506
f 5506//5506 5515//5515 5516//5516
f 5506//5506 5516//5516 5507//5507
f 5507//5507 5516//5516 5517//5517
f 5507//5507 5517//5517 5508//5508
f 5508//5508 5517//5517 5518//5518
f 5508//5508 5518//5518 5509//5509
f 5509//5509 5518//5518 5519//5519
f 5509//5509 5519//5519 5510//5510
f 5510//5510 5519//5519 5520//5520
f 5510//5510 5520//5520 5511//5511
f 5511//5511 5520//5520 5521//5521
f 5511//5511 5521//5521 5512//5512
f 5512//5512 5521//5521 5522//5522
f 5512//5512 5522//5522 5502//5502
f 5513//5513 5491//5491 5523//5523
f 5513//5513 5523//5523 5514//5514
f 5514//5514 5523//5523 5524//5524
f 5514//5514 5524//5524 5515//5515
f 5515//5515 5524//5524 5525//5525
f 5515//5515 5525//5525 5516//5516
f 5516//5516 5525//5525 5526//5526
f 5516//5516 5526//5526 5517//5517
f 5517//5517 5526//5526 5527//5527
f 5517//5517 5527//5527 5518//5518
f 5518//5518 5527//5527 5528//5528
f 5518//5518 5528//5528 5519//5519
f 5519//5519 5528//5528 5529//5529
f 5519//5519 5529//5529 5520//5520
f 5520//5520 5529//5529 5530//5530
f 5520//5520 5530//5530 5521//5521
f 5521//5521 5530//5530 5531//5531
f 5521//5521 5531//5531 5522//5522
f 5522//5522 5531//5531 5532//5532
f 5522//5522 5532//5532 5502//5502
f 5523//5523 5491//5491 5533//5533
f 5523//5523 5533//5533 5524//5524
f 5524//5524 5533//5533 5534//5534
f 5524//5524 5534//5534 5525//5525
f 5525//5525 5534//5534 5535//5535
f 5525//5525 5535//5535 5526//5526
f 5526//5526 5535//5535 5536//5536
f 5526//5526 5536//5536 5527//5527
f 5527//5527 5536//5536 5537//5537
f 5527//5527 5537//5537 5528//5528
f 5528//5528 5537//5537 5538//5538
f 5528//5528 5538//5538 5529//5529
f 5529//5529 5538//5538 5539//5539
f 5529//5529 5539//5539 5530//5530
f 5530//5530 5539//5539 5540//5540
f 5530//5530 5540//5540 5531//5531
f 5531//5531 5540//5540 5541//5541
f 5531//5531 5541//5541 5532//5532
f 5532//5532 5541//5541 5542//5542
f 5532//5532 5542//5542 5502//5502
f 5533//5533 5491//5491 5543//5543
f 5533//5533 5543//5543 5534//5534
f 5534//5534 5543//5543 5544//5544
f 5534//5534 5544//5544 5535//5535
f 5535//5535 5544//5544 5545//5545
f 5535//5535 5545//5545 5536//5536
f 5536//5536 5545//5545 5546//5546
f 5536//5536 5546//5546 5537//5537
f 5537//5537 5546//5546 5547//5547
f 5537//5537 5547//5547 5538//5538
f 5538//5538 5547//5547 5548//5548
f 5538//5538 5548//5548 5539//5539
f 5539//5539 5548//5548 5549//5549
f 5539//5539 5549//5549 5540//5540
f 5540//5540 5549//5549 5550//5550
f 5540//5540 5550//5550 5541//5541
f 5541//5541 5550//5550 5551//5551
f 5541//5541 5551//5551 5542//5542
f 5542//5542 5551//5551 5552//5552
f 5542//5542 5552//5552 5502//5502
f 5543//5543 5491//5491 5553//5553
f 5543//5543 5553//5553 5544//5544
f 5544//5544 5553//5553 5554//5554
f 5544//5544 5554//5554 5545//5545
f 5545//5545 5554//5554 5555//5555
f 5545//5545 5555//5555 5546//5546
f 5546//5546 5555//5555 5556//5556
f 5546//5546 5556//5556 5547//5547
f 5547//5547 5556//5556 5557//5557
f 5547//5547 5557//5557 5548//5548
f 5548//5548 5557//5557 5558//5558
f 5548//5548 5558//5558 5549//5549
f 5549//5549 5558//5558 5559//5559
f 5549//5549 5559//5559 5550//5550
f 5550//5550 5559//5559 5560//5560
f 5550//5550 5560//5560 5551//5551
f 5551//5551 5560//5560 5561//5561
f 5551//5551 5561//5561 5552//5552
f 5552//5552 5561//5561 5562//5562
f 5552//5552 5562//5562 5502//5502
f 5553//5553 5491//5491 5563//5563
f 5553//5553 5563//5563 5554//5554
f 5554//5554 5563//5563 5564//5564
f 5554//5554 5564//5564 5555//5555
f 5555//5555 5564//5564 5565//5565
f 5555//5555 5565//5565 5556//5556
f 5556//5556 5565//5565 5566//5566
f 5556//5556 5566//5566 5557//5557
f 5557//5557 5566//5566 5567//5567
f 5557//5557 5567//5567 5558//5558
f 5558//5558 5567//5567 5568//5568
f 5558//5558 5568//5568 5559//5559
f 5559//5559 5568//5568 5569//5569
f 5559//5559 5569//5569 5560//5560
f 5560//5560 5569//5569 5570//5570
f 5560//5560 5570//5570 5561//5561
f 5561//5561 5570//5570 5571//5571
f 5561//5561 5571//5571 5562//5562
f 5562//5562 5571//5571 5572//5572
f 5562//5562 5572//5572 5502//5502
f 5563//5563 5491//5491 5573//5573
f 5563//5563 5573//5573 5564//5564
f 5564//5564 5573//5573 5574//5574
f 5564//5564 5574//5574 5565//5565
f 5565//5565 5574//5574 5575//5575
f 5565//5565 5575//5575 5566//5566
f 5566//5566 5575//5575 5576//5576
f 5566//5566 5576//5576 5567//5567
f 5567//5567 5576//5576 5577//5577
f 5567//5567 5577//5577 5568//5568
f 5568//5568 5577//5577 5578//5578
f 5568//5568 5578//5578 5569//5569
f 5569//5569 5578//5578 5579//5579
f 5569//5569 5579//5579 5570//5570
f 5570//5570 5579//5579 5580//5580
f 5570//5570 5580//5580 5571//5571
f 5571//5571 5580//5580 5581//5581
f 5571//5571 5581//5581 5572//5572
f 5572//5572 5581//5581 5582//5582
f 5572//5572 5582//5582 5502//5502
f 5573//5573 5491//5491 5583//5583
f 5573//5573 5583//5583 5574//5574
f 5574//5574 5583//5583 5584//5584
f 5574//5574 5584//5584 5575//5575
f 5575//5575 5584//5584 5585//5585
f 5575//5575 5585//5585 5576//5576
f 5576//5576 5585//5585 5586//5586
f 5576//5576 5586//5586 5577//5577
f 5577//5577 5586//5586 5587//5587
f 5577//5577 5587//5587 5578//5578
f 5578//5578 5587//5587 5588//5588
f 5578//5578 5588//5588 5579//5579
f 5579//5579 5588//5588 5589//5589
f 5579//5579 5589//5589 5580//5580
f 5580//5580 5589//5589 5590//5590
f 5580//5580 5590//5590 5581//5581
f 5581//5581 5590//5590 5591//5591
f 5581//5581 5591//5591 5582//5582
f 5582//5582 5591//5591 5592//5592
f 5582//5582 5592//5592 5502//5502
f 5583//5583 5491//5491 5593//5593
f 5583//5583 5593//5593 5584//5584
f 5584//5584 5593//5593 5594//5594
f 5584//5584 5594//5594 5585//5585
f 5585//5585 5594//5594 5595//5595
f 5585//5585 5595//5595 5586//5586
f 5586//5586 5595//5595 5596//5596
f 5586//5586 5596//5596 5587//5587
f 5587//5587 5596//5596 5597//5597
f 5587//5587 5597//5597 5588//5588
f 5588//5588 5597//5597 5598//5598
f 5588//5588 5598//5598 5589//5589
f 5589//5589 5598//5598 5599//5599
f 5589//5589 5599//5599 5590//5590
f 5590//5590 5599//5599 5600//5600
f 5590//5590 5600//5600 5591//5591
f 5591//5591 5600//5600 5601//5601
f 5591//5591 5601//5601 5592//5592
f 5592//5592 5601//5601 5602//5602
f 5592//5592 5602//5602 5502//5502
f 5593//5593 5491//5491 5603//5603
f 5593//5593 5603//5603 5594//5594
f 5594//5594 5603//5603 5604//5604
f 5594//5594 5604//5604 5595//5595
f 5595//5595 5604//5604 5605//5605
f 5595//5595 5605//5605 5596//5596
f 5596//5596 5605//5605 5606//5606
f 5596//5596 5606//5606 5597//5597
f 5597//5597 5606//5606 5607//5607
f 5597//5597 5607//5607 5598//5598
f 5598//5598 5607//5607 5608//5608
f 5598//5598 5608//5608 5599//5599
f 5599//5599 5608//5608 5609//5609
f 5599//5599 5609//5609 5600//5600
f 5600//5600 5609//5609 5610//5610
f 5600//5600 5610//5610 5601//5601
f 5601//5601 5610//5610 5611//5611
f 5601//5601 5611//5611 5602//5602
f 5602//5602 5611//5611 5612//5612
f 5602//5602 5612//5612 5502//5502
f 5603//5603 5491//5491 5492//5492
f 5603//5603 5492//5492 5604//5604
f 5604//5604 5492//5492 5493//5493
f 5604//5604 5493//5493 5605//5605
f 5605//5605 5493//5493 5494//5494
f 5605//5605 5494//5494 5606//5606
f 5606//5606 5494//5494 5495//5495
f 5606//5606 5495//5495 5607//5607
f 5607//5607 5495//5495 5496//5496
f 5607//5607 5496//5496 5608//5608
f 5608//5608 5496//5496 5497//5497
f 5608//5608 5497//5497 5609//5609
f 5609//5609 5497//5497 5498//5498
f 5609//5609 5498//5498 5610//5610
f 5610//5610 5498//5498 5499//5499
f 5610//5610 5499//5499 5611//5611
f 5611//5611 5499//5499 5500//5500
f 5611//5611 5500//5500 5612//5612
f 5612//5612 5500//5500 5501//5501
f 5612//5612 5501//5501 5502//5502
f 5614//5614 5613//5613 5625//5625
f 5614//5614 5625//5625 5615//5615
f 5615//5615 5625//5625 5626//5626
f 5615//5615 5626//5626 5616//5616
f 5616//5616 5626//5626 5627//5627
f 5616//5616 5627//5627 5617//5617
f 5617//5617 5627//5627 5628//5628
f 5617//5617 5628//5628 5618//5618
f 5618//5618 5628//5628 5629//5629
f 5618//5618 5629//5629 5619//5619
f 5619//5619 5629//5629 5630//5630
f 5619//5619 5630//5630 5620//5620
f 5620//5620 5630//5630 5631//5631
f 5620//5620 5631//5631 5621//5621
f 5621//5621 5631//5631 5632//5632
f 5621//5621 5632//5632 5622//5622
f 5622//5622 5632//5632 5633//5633
f 5622//5622 5633//5633 5623//5623
f 5623//5623 5633//5633 5634//5634
f 5623//5623 5634//5634 5624//5624
f 5625//5625 5613//5613 5635//5635
f 5625//5625 5635//5635 5626//5626
f 5626//5626 5635//5635 5636//5636
f 5626//5626 5636//5636 5627//5627
f 5627//5627 5636//5636 5637//5637
f 5627//5627 5637//5637 5628//5628
f 5628//5628 5637//5637 5638//5638
f 5628//5628 5638//5638 5629//5629
f 5629//5629 5638//5638 5639//5639
f 5629//5629 5639//5639 5630//5630
f 5630//5630 5639//5639 5640//5640
f 5630//5630 5640//5640 5631//5631
f 5631//5631 5640//5640 5641//5641
f 5631//5631 5641//5641 5632//5632
f 5632//5632 5641//5641 5642//5642
f 5632//5632 5642//5642 5633//5633
f 5633//5633 5642//5642 5643//5643
f 5633//5633 5643//5643 5634//5634
f 5634//5634 5643//5643 5644//5644
f 5634//5634 5644//5644 5624//5624
f 5635//5635 5613//5613 5645//5645
f 5635//5635 5645//5645 5636//5636
f 5636//5636 5645//5645 5646//5646
f 5636//5636 5646//5646 5637//5637
f 5637//5637 5646//5646 5647//5647
f 5637//5637 5647//5647 5638//5638
f 5638//5638 5647//5647 5648//5648
f 5638//5638 5648//5648 5639//5639
f 5639//5639 5648//5648 5649//5649
f 5639//5639 5649//5649 5640//5640
f 5640//5640 5649//5649 5650//5650
f 5640//5640 5650//5650 5641//5641
f 5641//5641 5650//5650 5651//5651
f 5641//5641 5651//5651 5642//5642
f 5642//5642 5651//5651 5652//5652
f 5642//5642 5652//5652 5643//5643
f 5643//5643 5652//5652 5653//5653
f 5643//5643 5653//5653 5644//5644
f 5644//5644 5653//5653 5654//5654
f 5644//5644 5654//5654 5624//5624
f 5645//5645 5613//5613 5655//5655
f 5645//5645 5655//5655 5646//5646
f 5646//5646 5655//5655 5656//5656
f 5646//5646 5656//5656 5647//5647
f 5647//5647 5656//5656 5657//5657
f 5647//5647 5657//5657 5648//5648
f 5648//5648 5657//5657 5658//5658
f 5648//5648 5658//5658 5649//5649
f 5649//5649 5658//5658 5659//5659
f 5649//5649 5659//5659 5650//5650
f 5650//5650 5659//5659 5660//5660
f 5650//5650 5660//5660 5651//5651
f 5651//5651 5660//5660 5661//5661
f 5651//5651 5661//5661 5652//5652
f 5652//5652 5661//5661 5662//5662
f 5652//5652 5662//5662 5653//5653
f 5653//5653 5662//5662 5663//5663
f 5653//5653 5663//5663 5654//5654
f 5654//5654 5663//5663 5664//5664
f 5654//5654 5664//5664 5624//5624
f 5655//5655 5613//5613 5665//5665
f 5655//5655 5665//5665 5656//5656
f 5656//5656 5665//5665 5666//5666
f 5656//5656 5666//5666 5657//5657
f 5657//5657 5666//5666 5667//5667
f 5657//5657 5667//5667 5658//5658
f 5658//5658 5667//5667 5668//5668
f 5658//5658 5668//5668 5659//5659
f 5659//5659 5668//5668 5669//5669
f 5659//5659 5669//5669 5660//5660
f 5660//5660 5669//5669 5670//5670
f 5660//5660 5670//5670 5661//5661
f 5661//5661 5670//5670 5671//5671
f 5661//5661 5671//5671 5662//5662
f 5662//5662 5671//5671 5672//5672
f 5662//5662 5672//5672 5663//5663
f 5663//5663 5672//5672 5673//5673
f 5663//5663 5673//5673 5664//5664
f 5664//5664 5673//5673 5674//5674
f 5664//5664 5674//5674 5624//5624
f 5665//5665 5613//5613 5675//5675
f 5665//5665 5675//5675 5666//5666
f 5666//5666 5675//5675 5676//5676
f 5666//5666 5676//5676 5667//5667
f 5667//5667 5676//5676 5677//5677
f 5667//5667 5677//5677 5668//5668
f 5668//5668 5677//5677 5678//5678
f 5668//5668 5678//5678 5669//5669
f 5669//5669 5678//5678 5679//5679
f 5669//5669 5679//5679 5670//5670
f 5670//5670 5679//5679 5680//5680
f 5670//5670 5680//5680 5671//5671
f 5671//5671 5680//5680 5681//5681
f 5671//5671 5681//5681 5672//5672
f 5672//5672 5681//5681 5682//5682
f 5672//5672 5682//5682 5673//5673
f 5673//5673 5682//5682 5683//5683
f 5673//5673 5683//5683 5674//5674
f 5674//5674 5683//5683 5684//5684
f 5674//5674 5684//5684 5624//5624
f 5675//5675 5613//5613 5685//5685
f 5675//5675 5685//5685 5676//5676
f 5676//5676 5685//5685 5686//5686
f 5676//5676 5686//5686 5677//5677
f 5677//5677 5686//5686 5687//5687
f 5677//5677 5687//5687 5678//5678
f 5678//5678 5687//5687 5688//5688
f 5678//5678 5688//5688 5679//5679
f 5679//5679 5688//5688 5689//5689
f 5679//5679 5689//5689 5680//5680
f 5680//5680 5689//5689 5690//5690
f 5680//5680 5690//5690 5681//5681
f 5681//5681 5690//5690 5691//5691
f 5681//5681 5691//5691 5682//5682
f 5682//5682 5691//5691 5692//5692
f 5682//5682 5692//5692 5683//5683
f 5683//5683 5692//5692 5693//5693
f 5683//5683 5693//5693 5684//5684
f 5684//5684 5693//5693 5694//5694
f 5684//5684 5694//5694 5624//5624
f 5685//5685 5613//5613 5695//5695
f 5685//5685 5695//5695 5686//5686
f 5686//5686 5695//5695 5696//5696
f 5686//5686 5696//5696 5687//5687
f 5687//5687 5696//5696 5697//5697
f 5687//5687 5697//5697 5688//5688
f 5688//5688 5697//5697 5698//5698
f 5688//5688 5698//5698 5689//5689
f 5689//5689 5698//5698 5699//5699
f 5689//5689 5699//5699 5690//5690
f 5690//5690 5699//5699 5700//5700
f 5690//5690 5700//5700 5691//5691
f 5691//5691 5700//5700 5701//5701
f 5691//5691 5701//5701 5692//5692
f 5692//5692 5701//5701 5702//5702
f 5692//5692 5702//5702 5693//5693
f 5693//5693 5702//5702 5703//5703
f 5693//5693 5703//5703 5694//5694
f 5694//5694 5703//5703 5704//5704
f 5694//5694 5704//5704 5624//5624
f 5695//5695 5613//5613 5705//5705
f 5695//5695 5705//5705 5696//5696
f 5696//5696 5705//5705 5706//5706
f 5696//5696 5706//5706 5697//5697
f 5697//5697 5706//5706 5707//5707
f 5697//5697 5707//5707 5698//5698
f 5698//5698 5707//5707 5708//5708
f 5698//5698 5708//5708 5699//5699
f 5699//5699 5708//5708 5709//5709
f 5699//5699 5709//5709 5700//5700
f 5700//5700 5709//5709 5710//5710
f 5700//5700 5710//5710 5701//5701
f 5701//5701 5710//5710 5711//5711
f 5701//5701 5711//5711 5702//5702
f 5702//5702 5711//5711 5712//5712
f 5702//5702 5712//5712 5703//5703
f 5703//5703 5712//5712 5713//5713
f 5703//5703 5713//5713 5704//5704
f 5704//5704 5713//5713 5714//5714
f 5704//5704 5714//5714 5624//5624
f 5705//5705 5613//5613 5715//5715
f 5705//5705 5715//5715 5706//5706
f 5706//5706 5715//5715 5716//5716
f 5706//5706 5716//5716 5707//5707
f 5707//5707 5716//5716 5717//5717
f 5707//5707 5717//5717 5708//5708
f 5708//5708 5717//5717 5718//5718
f 5708//5708 5718//5718 5709//5709
f 5709//5709 5718//5718 5719//5719
f 5709//5709 5719//5719 5710//5710
f 5710//5710 5719//5719 5720//5720
f 5710//5710 5720//5720 5711//5711
f 5711//5711 5720//5720 5721//5721
f 5711//5711 5721//5721 5712//5712
f 5712//5712 5721//5721 5722//5722
f 5712//5712 5722//5722 5713//5713
f 5713//5713 5722//5722 5723//5723
f 5713//5713 5723//5723 5714//5714
f 5714//5714 5723//5723 5724//5724
f 5714//5714 5724//5724 5624//5624
f 5715//5715 5613//5613 5725//5725
f 5715//5715 5725//5725 5716//5716
f 5716//5716 5725//5725 5726//5726
f 5716//5716 5726//5726 5717//5717
f 5717//5717 5726//5726 5727//5727
f 5717//5717 5727//5727 5718//5718
f 5718//5718 5727//5727 5728//5728
f 5718//5718 5728//5728 5719//5719
f 5719//5719 5728//5728 5729//5729
f 5719//5719 5729//5729 5720//5720
f 5720//5720 5729//5729 5730//5730
f 5720//5720 5730//5730 5721//5721
f 5721//5721 5730//5730 5731//5731
f 5721//5721 5731//5731 5722//5722
f 5722//5722 5731//5731 5732//5732
f 5722//5722 5732//5732 5723//5723
f 5723//5723 5732//5732 5733//5733
f 5723//5723 5733//5733 5724//5724
f 5724//5724 5733//5733 5734//5734
f 5724//5724 5734//5734 5624//5624
f 5725//5725 5613//5613 5614//5614
f 5725//5725 5614//5614 5726//5726
f 5726//5726 5614//5614 5615//5615
f 5726//5726 5615//5615 5727//5727
f 5727//5727 5615//5615 5616//5616
f 5727//5727 5616//5616 5728//5728
f 5728//5728 5616//5616 5617//5617
f 5728//5728 5617//5617 5729//5729
f 5729//5729 5617//5617 5618//5618
f 5729//5729 5618//5618 5730//5730
f 5730//5730 5618//5618 5619//5619
f 5730//5730 5619//5619 5731//5731
f 5731//5731 5619//5619 5620//5620
f 5731//5731 5620//5620 5732//5732
f 5732//5732 5620//5620 5621//5621
f 5732//5732 5621//5621 5733//5733
f 5733//5733 5621//5621 5622//5622
f 5733//5733 5622//5622 5734//5734
f 5734//5734 5622//5622 5623//5623
f 5734//5734 5623//5623 5624//5624
f 5736//5736 5735//5735 5747//5747
f 5736//5736 5747//5747 5737//5737
f 5737//5737 5747//5747 5748//5748
f 5737//5737 5748//5748 5738//5738
f 5738//5738 5748//5748 5749//5749
f 5738//5738 5749//5749 5739//5739
f 5739//5739 5749//5749 5750//5750
f 5739//5739 5750//5750 5740//5740
f 5740//5740 5750//5750 5751//5751
f 5740//5740 5751//5751 5741//5741
f 5741//5741 5751//5751 5752//5752
f 5741//5741 5752//5752 5742//5742
f 5742//5742 5752//5752 5753//5753
f 5742//5742 5753//5753 5743//5743
f 5743//5743 5753//5753 5754//5754
f 5743//5743 5754//5754 5744//5744
f 5744//5744 5754//5754 5755//5755
f 5744//5744 5755//5755 5745//5745
f 5745//5745 5755//5755 5756//5756
f 5745//5745 5756//5756 5746//5746
f 5747//5747 5735//5735 5757//5757
f 5747//5747 5757//5757 5748//5748
f 5748//5748 5757//5757 5758//5758
f 5748//5748 5758//5758 5749//5749
f 5749//5749 5758//5758 5759//5759
f 5749//5749 5759//5759 5750//5750
f 5750//5750 5759//5759 5760//5760
f 5750//5750 5760//5760 5751//5751
f 5751//5751 5760//5760 5761//5761
f 5751//5751 5761//5761 5752//5752
f 5752//5752 5761//5761 5762//5762
f 5752//5752 5762//5762 5753//5753
f 5753//5753 5762//5762 5763//5763
f 5753//5753 5763//5763 5754//5754
f 5754//5754 5763//5763 5764//5764
f 5754//5754 5764//5764 5755//5755
f 5755//5755 5764//5764 5765//5765
f 5755//5755 5765//5765 5756//5756
f 5756//5756 5765//5765 5766//5766
f 5756//5756 5766//5766 5746//5746
f 5757//5757 5735//5735 5767//5767
f 5757//5757 5767//5767 5758//5758
f 5758//5758 5767//5767 5768//5768
f 5758//5758 5768//5768 5759//5759
f 5759//5759 5768//5768 5769//5769
f 5759//5759 5769//5769 5760//5760
f 5760//5760 5769//5769 5770//5770
f 5760//5760 5770//5770 5761//5761
f 5761//5761 5770//5770 5771//5771
f 5761//5761 5771//5771 5762//5762
f 5762//5762 5771//5771 5772//5772
f 5762//5762 5772//5772 5763//5763
f 5763//5763 5772//5772 5773//5773
f 5763//5763 5773//5773 5764//5764
f 5764//5764 5773//5773 5774//5774
f 5764//5764 5774//5774 5765//5765
f 5765//5765 5774//5774 5775//5775
f 5765//5765 5775//5775 5766//5766
f 5766//5766 5775//5775 5776//5776
f 5766//5766 5776//5776 5746//5746
f 5767//5767 5735//5735 5777//5777
f 5767//5767 5777//5777 5768//5768
f 5768//5768 5777//5777 5778//5778
f 5768//5768 5778//5778 5769//5769
f 5769//5769 5778//5778 5779//5779
f 5769//5769 5779//5779 5770//5770
f 5770//5770 5779//5779 5780//5780
f 5770//5770 5780//5780 5771//5771
f 5771//5771 5780//5780 5781//5781
f 5771//5771 5781//5781 5772//5772
f 5772//5772 5781//5781 5782//5782
f 5772//5772 5782//5782 5773//5773
f 5773//5773 5782//5782 5783//5783
f 5773//5773 5783//5783 5774//5774
f 5774//5774 5783//5783 5784//5784
f 5774//5774 5784//5784 5775//5775
f 5775//5775 5784//5784 5785//5785
f 5775//5775 5785//5785 5776//5776
f 5776//5776 5785//5785 5786//5786
f 5776//5776 5786//5786 5746//5746
f 5777//5777 5735//5735 5787//5787
f 5777//5777 5787//5787 5778//5778
f 5778//5778 5787//5787 5788//5788
f 5778//5778 5788//5788 5779//5779
f 5779//5779 5788//5788 5789//5789
f 5779//5779 5789//5789 5780//5780
f 5780//5780 5789//5789 5790//5790
f 5780//5780 5790//5790 5781//5781
f 5781//5781 5790//5790 5791//5791
f 5781//5781 5791//5791 5782//5782
f 5782//5782 5791//5791 5792//5792
f 5782//5782 5792//5792 5783//5783
f 5783//5783 5792//5792 5793//5793
f 5783//5783 5793//5793 5784//5784
f 5784//5784 5793//5793 5794//5794
f 5784//5784 5794//5794 5785//5785
f 5785//5785 5794//5794 5795//5795
f 5785//5785 5795//5795 5786//5786
f 5786//5786 5795//5795 5796//5796
f 5786//5786 5796//5796 5746//5746
f 5787//5787 5735//5735 5797//5797
f 5787//5787 5797//5797 5788//5788
f 5788//5788 5797//5797 5798//5798
f 5788//5788 5798//5798 5789//5789
f 5789//5789 5798//5798 5799//5799
f 5789//5789 5799//5799 5790//5790
f 5790//5790 5799//5799 5800//5800
f 5790//5790 5800//5800 5791//5791
f 5791//5791 5800//5800 5801//5801
f 5791//5791 5801//5801 5792//5792
f 5792//5792 5801//5801 5802//5802
f 5792//5792 5802//5802 5793//5793
f 5793//5793 5802//5802 5803//5803
f 5793//5793 5803//5803 5794//5794
f 5794//5794 5803//5803 5804//5804
f 5794//5794 5804//5804 5795//5795
f 5795//5795 5804//5804 5805//5805
f 5795//5795 5805//5805 5796//5796
f 5796//5796 5805//5805 5806//5806
f 5796//5796 5806//5806 5746//5746
f 5797//5797 5735//5735 5807//5807
f 5797//5797 5807//5807 5798//5798
f 5798//5798 5807//5807 5808//5808
f 5798//5798 5808//5808 5799//5799
f 5799//5799 5808//5808 5809//5809
f 5799//5799 5809//5809 5800//5800
f 5800//5800 5809//5809 5810//5810
f 5800//5800 5810//5810 5801//5801
f 5801//5801 5810//5810 5811//5811
f 5801//5801 5811//5811 5802//5802
f 5802//5802 5811//5811 5812//5812
f 5802//5802 5812//5812 5803//5803
f 5803//5803 5812//5812 5813//5813
f 5803//5803 5813//5813 5804//5804
f 5804//5804 5813//5813 5814//5814
f 5804//5804 5814//5814 5805//5805
f 5805//5805 5814//5814 5815//5815
f 5805//5805 5815//5815 5806//5806
f 5806//5806 5815//5815 5816//5816
f 5806//5806 5816//5816 5746//5746
f 5807//5807 5735//5735 5817//5817
f 5807//5807 5817//5817 5808//5808
f 5808//5808 5817//5817 5818//5818
f 5808//5808 5818//5818 5809//5809
f 5809//5809 5818//5818 5819//5819
f 5809//5809 5819//5819 5810//5810
f 5810//5810 5819//5819 5820//5820
f 5810//5810 5820//5820 5811//5811
f 5811//5811 5820//5820 5821//5821
f 5811//5811 5821//5821 5812//5812
f 5812//5812 5821//5821 5822//5822
f 5812//5812 5822//5822 5813//5813
f 5813//5813 5822//5822 5823//5823
f 5813//5813 5823//5823 5814//5814
f 5814//5814 5823//5823 5824//5824
f 5814//5814 5824//5824 5815//5815
f 5815//5815 5824//5824 5825//5825
f 5815//5815 5825//5825 5816//5816
f 5816//5816 5825//5825 5826//5826
f 5816//5816 5826//5826 5746//5746
f 5817//5817 5735//5735 5827//5827
f 5817//5817 5827//5827 5818//5818
f 5818//5818 5827//5827 5828//5828
f 5818//5818 5828//5828 5819//5819
f 5819//5819 5828//5828 5829//5829
f 5819//5819 5829//5829 5820//5820
f 5820//5820 5829//5829 5830//5830
f 5820//5820 5830//5830 5821//5821
f 5821//5821 5830//5830 5831//5831
f 5821//5821 5831//5831 5822//5822
f 5822//5822 5831//5831 5832//5832
f 5822//5822 5832//5832 5823//5823
f 5823//5823 5832//5832 5833//5833
f 5823//5823 5833//5833 5824//5824
f 5824//5824 5833//5833 5834//5834
f 5824//5824 5834//5834 5825//5825
f 5825//5825 5834//5834 5835//5835
f 5825//5825 5835//5835 5826//5826
f 5826//5826 5835//5835 5836//5836
f 5826//5826 5836//5836 5746//5746
f 5827//5827 5735//5735 5837//5837
f 5827//5827 5837//5837 5828//5828
f 5828//5828 5837//5837 5838//5838
f 5828//5828 5838//5838 5829//5829
f 5829//5829 5838//5838 5839//5839
f 5829//5829 5839//5839 5830//5830
f 5830//5830 5839//5839 5840//5840
f 5830//5830 5840//5840 5831//5831
f 5831//5831 5840//5840 5841//5841
f 5831//5831 5841//5841 5832//5832
f 5832//5832 5841//5841 5842//5842
f 5832//5832 5842//5842 5833//5833
f 5833//5833 5842//5842 5843//5843
f 5833//5833 5843//5843 5834//5834
f 5834//5834 5843//5843 5844//5844
f 5834//5834 5844//5844 5835//5835
f 5835//5835 5844//5844 5845//5845
f 5835//5835 5845//5845 5836//5836
f 5836//5836 5845//5845 5846//5846
f 5836//5836 5846//5846 5746//5746
f 5837//5837 5735//5735 5847//5847
f 5837//5837 5847//5847 5838//5838
f 5838//5838 5847//5847 5848//5848
f 5838//5838 5848//5848 5839//5839
f 5839//5839 5848//5848 5849//5849
f 5839//5839 5849//5849 5840//5840
f 5840//5840 5849//5849 5850//5850
f 5840//5840 5850//5850 5841//5841
f 5841//5841 5850//5850 5851//5851
f 5841//5841 5851//5851 5842//5842
f 5842//5842 5851//5851 5852//5852
f 5842//5842 5852//5852 5843//5843
f 5843//5843 5852//5852 5853//5853
f 5843//5843 5853//5853 5844//5844
f 5844//5844 5853//5853 5854//5854
f 5844//5844 5854//5854 5845//5845
f 5845//5845 5854//5854 5855//5855
f 5845//5845 5855//5855 5846//5846
f 5846//5846 5855//5855 5856//5856
f 5846//5846 5856//5856 5746//5746
f 5847//5847 5735//5735 5736//5736
f 5847//5847 5736//5736 5848//5848
f 5848//5848 5736//5736 5737//5737
f 5848//5848 5737//5737 5849//5849
f 5849//5849 5737//5737 5738//5738
f 5849//5849 5738//5738 5850//5850
f 5850//5850 5738//5738 5739//5739
f 5850//5850 5739//5739 5851//5851
f 5851//5851 5739//5739 5740//5740
f 5851//5851 5740//5740 5852//5852
f 5852//5852 5740//5740 5741//5741
f 5852//5852 5741//5741 5853//5853
f 5853//5853 5741//5741 5742//5742
f 5853//5853 5742//5742 5854//5854
f 5854//5854 5742//5742 5743//5743
f 5854//5854 5743//5743 5855//5855
f 5855//5855 5743//5743 5744//5744
f 5855//5855 5744//5744 5856//5856
f 5856//5856 5744//5744 5745//5745
f 5856//5856 5745//5745 5746//5746
f 5858//5858 5857//5857 5869//5869
f 5858//5858 5869//5869 5859//5859
f 5859//5859 5869//5869 5870//5870
f 5859//5859 5870//5870 5860//5860
f 5860//5860 5870//5870 5871//5871
f 5860//5860 5871//5871 5861//5861
f 5861//5861 5871//5871 5872//5872
f 5861//5861 5872//5872 5862//5862
f 5862//5862 5872//5872 5873//5873
f 5862//5862 5873//5873 5863//5863
f 5863//5863 5873//5873 5874//5874
f 5863//5863 5874//5874 5864//5864
f 5864//5864 5874//5874 5875//5875
f 5864//5864 5875//5875 5865//5865
f 5865//5865 5875//5875 5876//5876
f 5865//5865 5876//5876 5866//5866
f 5866//5866 5876//5876 5877//5877
f 5866//5866 5877//5877 5867//5867
f 5867//5867 5877//5877 5878//5878
f 5867//5867 5878//5878 5868//5868
f 5869//5869 5857//5857 5879//5879
f 5869//5869 5879//5879 5870//5870
f 5870//5870 5879//5879 5880//5880
f 5870//5870 5880//5880 5871//5871
f 5871//5871 5880//5880 5881//5881
f 5871//5871 5881//5881 5872//5872
f 5872//5872 5881//5881 5882//5882
f 5872//5872 5882//5882 5873//5873
f 5873//5873 5882//5882 5883//5883
f 5873//5873 5883//5883 5874//5874
f 5874//5874 5883//5883 5884//5884
f 5874//5874 5884//5884 5875//5875
f 5875//5875 5884//5884 5885//5885
f 5875//5875 5885//5885 5876//5876
f 5876//5876 5885//5885 5886//5886
f 5876//5876 5886//5886 5877//5877
f 5877//5877 5886//5886 5887//5887
f 5877//5877 5887//5887 5878//5878
f 5878//5878 5887//5887 5888//5888
f 5878//5878 5888//5888 5868//5868
f 5879//5879 5857//5857 5889//5889
f 5879//5879 5889//5889 5880//5880
f 5880//5880 5889//5889 5890//5890
f 5880//5880 5890//5890 5881//5881
f 5881//5881 5890//5890 5891//5891
f 5881//5881 5891//5891 5882//5882
f 5882//5882 5891//5891 5892//5892
f 5882//5882 5892//5892 5883//5883
f 5883//5883 5892//5892 5893//5893
f 5883//5883 5893//5893 5884//5884
f 5884//5884 5893//5893 5894//5894
f 5884//5884 5894//5894 5885//5885
f 5885//5885 5894//5894 5895//5895
f 5885//5885 5895//5895 5886//5886
f 5886//5886 5895//5895 5896//5896
f 5886//5886 5896//5896 5887//5887
f 5887//5887 5896//5896 5897//5897
f 5887//5887 5897//5897 5888//5888
f 5888//5888 5897//5897 5898//5898
f 5888//5888 5898//5898 5868//5868
f 5889//5889 5857//5857 5899//5899
f 5889//5889 5899//5899 5890//5890
f 5890//5890 5899//5899 5900//5900
f 5890//5890 5900//5900 5891//5891
f 5891//5891 5900//5900 5901//5901
f 5891//5891 5901//5901 5892//5892
f 5892//5892 5901//5901 5902//5902
f 5892//5892 5902//5902 5893//5893
f 5893//5893 5902//5902 5903//5903
f 5893//5893 5903//5903 5894//5894
f 5894//5894 5903//5903 5904//5904
f 5894//5894 5904//5904 5895//5895
f 5895//5895 5904//5904 5905//5905
f 5895//5895 5905//5905 5896//5896
f 5896//5896 5905//5905 5906//5906
f 5896//5896 5906//5906 5897//5897
f 5897//5897 5906//5906 5907//5907
f 5897//5897 5907//5907 5898//5898
f 5898//5898 5907//5907 5908//5908
f 5898//5898 5908//5908 5868//5868
f 5899//5899 5857//5857 5909//5909
f 5899//5899 5909//5909 5900//5900
f 5900//5900 5909//5909 5910//5910
f 5900//5900 5910//5910 5901//5901
f 5901//5901 5910//5910 5911//5911
f 5901//5901 5911//5911 5902//5902
f 5902//5902 5911//5911 5912//5912
f 5902//5902 5912//5912 5903//5903
f 5903//5903 5912//5912 5913//5913
f 5903//5903 5913//5913 5904//5904
f 5904//5904 5913//5913 5914//5914
f 5904//5904 5914//5914 5905//5905
f 5905//5905 5914//5914 5915//5915
f 5905//5905 5915//5915 5906//5906
f 5906//5906 5915//5915 5916//5916
f 5906//5906 5916//5916 5907//5907
f 5907//5907 5916//5916 5917//5917
f 5907//5907 5917//5917 5908//5908
f 5908//5908 5917//5917 5918//5918
f 5908//5908 5918//5918 5868//5868
f 5909//5909 5857//5857 5919//5919
f 5909//5909 5919//5919 5910//5910
f 5910//5910 5919//5919 5920//5920
f 5910//5910 5920//5920 5911//5911
f 5911//5911 5920//5920 5921//5921
f 5911//5911 5921//5921 5912//5912
f 5912//5912 5921//5921 5922//5922
f 5912//5912 5922//5922 5913//5913
f 5913//5913 5922//5922 5923//5923
f 5913//5913 5923//5923 5914//5914
f 5914//5914 5923//5923 5924//5924
f 5914//5914 5924//5924 5915//5915
f 5915//5915 5924//5924 5925//5925
f 5915//5915 5925//5925 5916//5916
f 5916//5916 5925//5925 5926//5926
f 5916//5916 5926//5926 5917//5917
f 5917//5917 5926//5926 5927//5927
f 5917//5917 5927//5927 5918//5918
f 5918//5918 5927//5927 5928//5928
f 5918//5918 5928//5928 5868//5868
f 5919//5919 5857//5857 5929//5929
f 5919//5919 5929//5929 5920//5920
f 5920//5920 5929//5929 5930//5930
f 5920//5920 5930//5930 5921//5921
f 5921//5921 5930//5930 5931//5931
f 5921//5921 5931//5931 5922//5922
f 5922//5922 5931//5931 5932//5932
f 5922//5922 5932//5932 5923//5923
f 5923//5923 5932//5932 5933//5933
f 5923//5923 5933//5933 5924//5924
f 5924//5924 5933//5933 5934//5934
f 5924//5924 5934//5934 5925//5925
f 5925//5925 5934//5934 5935//5935
f 5925//5925 5935//5935 5926//5926
f 5926//5926 5935//5935 5936//5936
f 5926//5926 5936//5936 5927//5927
f 5927//5927 5936//5936 5937//5937
f 5927//5927 5937//5937 5928//5928
f 5928//5928 5937//5937 5938//5938
f 5928//5928 5938//5938 5868//5868
f 5929//5929 5857//5857 5939//5939
f 5929//5929 5939//5939 5930//5930
f 5930//5930 5939//5939 5940//5940
f 5930//5930 5940//5940 5931//5931
f 5931//5931 5940//5940 5941//5941
f 5931//5931 5941//5941 5932//5932
f 5932//5932 5941//5941 5942//5942
f 5932//5932 5942//5942 5933//5933
f 5933//5933 5942//5942 5943//5943
f 5933//5933 5943//5943 5934//5934
f 5934//5934 5943//5943 5944//5944
f 5934//5934 5944//5944 5935//5935
f 5935//5935 5944//5944 5945//5945
f 5935//5935 5945//5945 5936//5936
f 5936//5936 5945//5945 5946//5946
f 5936//5936 5946//5946 5937//5937
f 5937//5937 5946//5946 5947//5947
f 5937//5937 5947//5947 5938//5938
f 5938//5938 5947//5947 5948//5948
f 5938//5938 5948//5948 5868//5868
f 5939//5939 5857//5857 5949//5949
f 5939//5939 5949//5949 5940//5940
f 5940//5940 5949//5949 5950//5950
f 5940//5940 5950//5950 5941//5941
f 5941//5941 5950//5950 5951//5951
f 5941//5941 5951//5951 5942//5942
f 5942//5942 5951//5951 5952//5952
f 5942//5942 5952//5952 5943//5943
f 5943//5943 5952//5952 5953//5953
f 5943//5943 5953//5953 5944//5944
f 5944//5944 5953//5953 5954//5954
f 5944//5944 5954//5954 5945//5945
f 5945//5945 5954//5954 5955//5955
f 5945//5945 5955//5955 5946//5946
f 5946//5946 5955//5955 5956//5956
f 5946//5946 5956//5956 5947//5947
f 5947//5947 5956//5956 5957//5957
f 5947//5947 5957//5957 5948//5948
f 5948//5948 5957//5957 5958//5958
f 5948//5948 5958//5958 5868//5868
f 5949//5949 5857//5857 5959//5959
f 5949//5949 5959//5959 5950//5950
f 5950//5950 5959//5959 5960//5960
f 5950//5950 5960//5960 5951//5951
f 5951//5951 5960//5960 5961//5961
f 5951//5951 5961//5961 5952//5952
f 5952//5952 5961//5961 5962//5962
f 5952//5952 5962//5962 5953//5953
f 5953//5953 5962//5962 5963//5963
f 5953//5953 5963//5963 5954//5954
f 5954//5954 5963//5963 5964//5964
f 5954//5954 5964//5964 5955//5955
f 5955//5955 5964//5964 5965//5965
f 5955//5955 5965//5965 5956//5956
f 5956//5956 5965//5965 5966//5966
f 5956//5956 5966//5966 5957//5957
f 5957//5957 5966//5966 5967//5967
f 5957//5957 5967//5967 5958//5958
f 5958//5958 5967//5967 5968//5968
f 5958//5958 5968//5968 5868//5868
f 5959//5959 5857//5857 5969//5969
f 5959//5959 5969//5969 5960//5960
f 5960//5960 5969//5969 5970//5970
f 5960//5960 5970//5970 5961//5961
f 5961//5961 5970//5970 5971//5971
f 5961//5961 5971//5971 5962//5962
f 5962//5962 5971//5971 5972//5972
f 5962//5962 5972//5972 5963//5963
f 5963//5963 5972//5972 5973//5973
f 5963//5963 5973//5973 5964//5964
f 5964//5964 5973//5973 5974//5974
f 5964//5964 5974//5974 5965//5965
f 5965//5965 5974//5974 5975//5975
f 5965//5965 5975//5975 5966//5966
f 5966//5966 5975//5975 5976//5976
f 5966//5966 5976//5976 5967//5967
f 5967//5967 5976//5976 5977//5977
f 5967//5967 5977//5977 5968//5968
f 5968//5968 5977//5977 5978//5978
f 5968//5968 5978//5978 5868//5868
f 5969//5969 5857//5857 5858//5858
f 5969//5969 5858//5858 5970//5970
f 5970//5970 5858//5858 5859//5859
f 5970//5970 5859//5859 5971//5971
f 5971//5971 5859//5859 5860//5860
f 5971//5971 5860//5860 5972//5972
f 5972//5972 5860//5860 5861//5861
f 5972//5972 5861//5861 5973//5973
f 5973//5973 5861//5861 5862//5862
f 5973//5973 5862//5862 5974//5974
f 5974//5974 5862//5862 5863//5863
f 5974//5974 5863//5863 5975//5975
f 5975//5975 5863//5863 5864//5864
f 5975//5975 5864//5864 5976//5976
f 5976//5976 5864//5864 5865//5865
f 5976//5976 5865//5865 5977//5977
f 5977//5977 5865//5865 5866//5866
f 5977//5977 5866//5866 5978//5978
f 5978//5978 5866//5866 5867//5867
f 5978//5978 5867//5867 5868//5868
f 5980//5980 5979//5979 5991//5991
f 5980//5980 5991//5991 5981//5981
f 5981//5981 5991//5991 5992//5992
f 5981//5981 5992//5992 5982//5982
f 5982//5982 5992//5992 5993//5993
f 5982//5982 5993//5993 5983//5983
f 5983//5983 5993//5993 5994//5994
f 5983//5983 5994//5994 5984//5984
f 5984//5984 5994//5994 5995//5995
f 5984//5984 5995//5995 5985//5985
f 5985//5985 5995//5995 5996//5996
f 5985//5985 5996//5996 5986//5986
f 5986//5986 5996//5996 5997//5997
f 5986//5986 5997//5997 5987//5987
f 5987//5987 5997//5997 5998//5998
f 5987//5987 5998//5998 5988//5988
f 5988//5988 5998//5998 5999//5999
f 5988//5988 5999//5999 5989//5989
f 5989//5989 5999//5999 6000//6000
f 5989//5989 6000//6000 5990//5990
f 5991//5991 5979//5979 6001//6001
f 5991//5991 6001//6001 5992//5992
f 5992//5992 6001//6001 6002//6002
f 5992//5992 6002//6002 5993//5993
f 5993//5993 6002//6002 6003//6003
f 5993//5993 6003//6003 5994//5994
f 5994//5994 6003//6003 6004//6004
f 5994//5994 6004//6004 5995//5995
f 5995//5995 6004//6004 6005//6005
f 5995//5995 6005//6005 5996//5996
f 5996//5996 6005//6005 6006//6006
f 5996//5996 6006//6006 5997//5997
f 5997//5997 6006//6006 6007//6007
f 5997//5997 6007//6007 5998//5998
f 5998//5998 6007//6007 6008//6008
f 5998//5998 6008//6008 5999//5999
f 5999//5999 6008//6008 6009//6009
f 5999//5999 6009//6009 6000//6000
f 6000//6000 6009//6009 6010//6010
f 6000//6000 6010//6010 5990//5990
f 6001//6001 5979//5979 6011//6011
f 6001//6001 6011//6011 6002//6002
f 6002//6002 6011//6011 6012//6012
f 6002//6002 6012//6012 6003//6003
f 6003//6003 6012//6012 6013//6013
f 6003//6003 6013//6013 6004//6004
f 6004//6004 6013//6013 6014//6014
f 6004//6004 6014//6014 6005//6005
f 6005//6005 6014//6014 6015//6015
f 6005//6005 6015//6015 6006//6006
f 6006//6006 6015//6015 6016//6016
f 6006//6006 6016//6016 6007//6007
f 6007//6007 6016//6016 6017//6017
f 6007//6007 6017//6017 6008//6008
f 6008//6008 6017//6017 6018//6018
f 6008//6008 6018//6018 6009//6009
f 6009//6009 6018//6018 6019//6019
f 6009//6009 6019//6019 6010//6010
f 6010//6010 6019//6019 6020//6020
f 6010//6010 6020//6020 5990//5990
f 6011//6011 5979//5979 6021//6021
f 6011//6011 6021//6021 6012//6012
f 6012//6012 6021//6021 6022//6022
f 6012//6012 6022//6022 6013//6013
f 6013//6013 6022//6022 6023//6023
f 6013//6013 6023//6023 6014//6014
f 6014//6014 6023//6023 6024//6024
f 6014//6014 6024//6024 6015//6015
f 6015//6015 6024//6024 6025//6025
f 6015//6015 6025//6025 6016//6016
f 6016//6016 6025//6025 6026//6026
f 6016//6016 6026//6026 6017//6017
f 6017//6017 6026//6026 6027//6027
f 6017//6017 6027//6027 6018//6018
f 6018//6018 6027//6027 6028//6028
f 6018//6018 6028//6028 6019//6019
f 6019//6019 6028//6028 6029//6029
f 6019//6019 6029//6029 6020//6020
f 6020//6020 6029//6029 6030//6030
f 6020//6020 6030//6030 5990//5990
f 6021//6021 5979//5979 6031//6031
f 6021//6021 6031//6031 6022//6022
f 6022//6022 6031//6031 6032//6032
f 6022//6022 6032//6032 6023//6023
f 6023//6023 6032//6032 6033//6033
f 6023//6023 6033//6033 6024//6024
f 6024//6024 6033//6033 6034//6034
f 6024//6024 6034//6034 6025//6025
f 6025//6025 6034//6034 6035//6035
f 6025//6025 6035//6035 6026//6026
f 6026//6026 6035//6035 6036//6036
f 6026//6026 6036//6036 6027//6027
f 6027//6027 6036//6036 6037//6037
f 6027//6027 6037//6037 6028//6028
f 6028//6028 6037//6037 6038//6038
f 6028//6028 6038//6038 6029//6029
f 6029//6029 6038//6038 6039//6039
f 6029//6029 6039//6039 6030//6030
f 6030//6030 6039//6039 6040//6040
f 6030//6030 6040//6040 5990//5990
f 6031//6031 5979//5979 6041//6041
f 6031//6031 6041//6041 6032//6032
f 6032//6032 6041//6041 6042//6042
f 6032//6032 6042//6042 6033//6033
f 6033//6033 6042//6042 6043//6043
f 6033//6033 6043//6043 6034//6034
f 6034//6034 6043//6043 6044//6044
f 6034//6034 6044//6044 6035//6035
f 6035//6035 6044//6044 6045//6045
f 6035//6035 6045//6045 6036//6036
f 6036//6036 6045//6045 6046//6046
f 6036//6036 6046//6046 6037//6037
f 6037//6037 6046//6046 6047//6047
f 6037//6037 6047//6047 6038//6038
f 6038//6038 6047//6047 6048//6048
f 6038//6038 6048//6048 6039//6039
f 6039//6039 6048//6048 6049//6049
f 6039//6039 6049//6049 6040//6040
f 6040//6040 6049//6049 6050//6050
f 6040//6040 6050//6050 5990//5990
f 6041//6041 5979//5979 6051//6051
f 6041//6041 6051//6051 6042//6042
f 6042//6042 6051//6051 6052//6052
f 6042//6042 6052//6052 6043//6043
f 6043//6043 6052//6052 6053//6053
f 6043//6043 6053//6053 6044//6044
f 6044//6044 6053//6053 6054//6054
f 6044//6044 6054//6054 6045//6045
f 6045//6045 6054//6054 6055//6055
f 6045//6045 6055//6055 6046//6046
f 6046//6046 6055//6055 6056//6056
f 6046//6046 6056//6056 6047//6047
f 6047//6047 6056//6056 6057//6057
f 6047//6047 6057//6057 6048//6048
f 6048//6048 6057//6057 6058//6058
f 6048//6048 6058//6058 6049//6049
f 6049//6049 6058//6058 6059//6059
f 6049//6049 6059//6059 6050//6050
f 6050//6050 6059//6059 6060//6060
f 6050//6050 6060//6060 5990//5990
f 6051//6051 5979//5979 6061//6061
f 6051//6051 6061//6061 6052//6052
f 6052//6052 6061//6061 6062//6062
f 6052//6052 6062//6062 6053//6053
f 6053//6053 6062//6062 6063//6063
f 6053//6053 6063//6063 6054//6054
f 6054//6054 6063//6063 6064//6064
f 6054//6054 6064//6064 6055//6055
f 6055//6055 6064//6064 6065//6065
f 6055//6055 6065//6065 6056//6056
f 6056//6056 6065//6065 6066//6066
f 6056//6056 6066//6066 6057//6057
f 6057//6057 6066//6066 6067//6067
f 6057//6057 6067//6067 6058//6058
f 6058//6058 6067//6067 6068//6068
f 6058//6058 6068//6068 6059//6059
f 6059//6059 6068//6068 6069//6069
f 6059//6059 6069//6069 6060//6060
f 6060//6060 6069//6069 6070//6070
f 6060//6060 6070//6070 5990//5990
f 6061//6061 5979//5979 6071//6071
f 6061//6061 6071//6071 6062//6062
f 6062//6062 6071//6071 6072//6072
f 6062//6062 6072//6072 6063//6063
f 6063//6063 6072//6072 6073//6073
f 6063//6063 6073//6073 6064//6064
f 6064//6064 6073//6073 6074//6074
f 6064//6064 6074//6074 6065//6065
f 6065//6065 6074//6074 6075//6075
f 6065//6065 6075//6075 6066//6066
f 6066//6066 6075//6075 6076//6076
f 6066//6066 6076//6076 6067//6067
f 6067//6067 6076//6076 6077//6077
f 6067//6067 6077//6077 6068//6068
f 6068//6068 6077//6077 6078//6078
f 6068//6068 6078//6078 6069//6069
f 6069//6069 6078//6078 6079//6079
f 6069//6069 6079//6079 6070//6070
f 6070//6070 6079//6079 6080//6080
f 6070//6070 6080//6080 5990//5990
f 6071//6071 5979//5979 6081//6081
f 6071//6071 6081//6081 6072//6072
f 6072//6072 6081//6081 6082//6082
f 6072//6072 6082//6082 6073//6073
f 6073//6073 6082//6082 6083//6083
f 6073//6073 6083//6083 6074//6074
f 6074//6074 6083//6083 6084//6084
f 6074//6074 6084//6084 6075//6075
f 6075//6075 6084//6084 6085//6085
f 6075//6075 6085//6085 6076//6076
f 6076//6076 6085//6085 6086//6086
f 6076//6076 6086//6086 6077//6077
f 6077//6077 6086//6086 6087//6087
f 6077//6077 6087//6087 6078//6078
f 6078//6078 6087//6087 6088//6088
f 6078//6078 6088//6088 6079//6079
f 6079//6079 6088//6088 6089//6089
f 6079//6079 6089//6089 6080//6080
f 6080//6080 6089//6089 6090//6090
f 6080//6080 6090//6090 5990//5990
f 6081//6081 5979//5979 6091//6091
f 6081//6081 6091//6091 6082//6082
f 6082//6082 6091//6091 6092//6092
f 6082//6082 6092//6092 6083//6083
f 6083//6083 6092//6092 6093//6093
f 6083//6083 6093//6093 6084//6084
f 6084//6084 6093//6093 6094//6094
f 6084//6084 6094//6094 6085//6085
f 6085//6085 6094//6094 6095//6095
f 6085//6085 6095//6095 6086//6086
f 6086//6086 6095//6095 6096//6096
f 6086//6086 6096//6096 6087//6087
f 6087//6087 6096//6096 6097//6097
f 6087//6087 6097//6097 6088//6088
f 6088//6088 6097//6097 6098//6098
f 6088//6088 6098//6098 6089//6089
f 6089//6089 6098//6098 6099//6099
f 6089//6089 6099//6099 6090//6090
f 6090//6090 6099//6099 6100//6100
f 6090//6090 6100//6100 5990//5990
f 6091//6091 5979//5979 5980//5980
f 6091//6091 5980//5980 6092//6092
f 6092//6092 5980//5980 5981//5981
f 6092//6092 5981//5981 6093//6093
f 6093//6093 5981//5981 5982//5982
f 6093//6093 5982//5982 6094//6094
f 6094//6094 5982//5982 5983//5983
f 6094//6094 5983//5983 6095//6095
f 6095//6095 5983//5983 5984//5984
f 6095//6095 5984//5984 6096//6096
f 6096//6096 5984//5984 5985//5985
f 6096//6096 5985//5985 6097//6097
f 6097//6097 5985//5985 5986//5986
f 6097//6097 5986//5986 6098//6098
f 6098//6098 5986//5986 5987//5987
f 6098//6098 5987//5987 6099//6099
f 6099//6099 5987//5987 5988//5988
f 6099//6099 5988//5988 6100//6100
f 6100//6100 5988//5988 5989//5989
f 6100//6100 5989//5989 5990//5990
f 6102//6102 6101//6101 6113//6113
f 6102//6102 6113//6113 6103//6103
f 6103//6103 6113//6113 6114//6114
f 6103//6103 6114//6114 6104//6104
f 6104//6104 6114//6114 6115//6115
f 6104//6104 6115//6115 6105//6105
f 6105//6105 6115//6115 6116//6116
f 6105//6105 6116//6116 6106//6106
f 6106//6106 6116//6116 6117//6117
f 6106//6106 6117//6117 6107//6107
f 6107//6107 6117//6117 6118//6118
f 6107//6107 6118//6118 6108//6108
f 6108//6108 6118//6118 6119//6119
f 6108//6108 6119//6119 6109//6109
f 6109//6109 6119//6119 6120//6120
f 6109//6109 6120//6120 6110//6110
f 6110//6110 6120//6120 6121//6121
f 6110//6110 6121//6121 6111//6111
f 6111//6111 6121//6121 6122//6122
f 6111//6111 6122//6122 6112//6112
f 6113//6113 6101//6101 6123//6123
f 6113//6113 6123//6123 6114//6114
f 6114//6114 6123//6123 6124//6124
f 6114//6114 6124//6124 6115//6115
f 6115//6115 6124//6124 6125//6125
f 6115//6115 6125//6125 6116//6116
f 6116//6116 6125//6125 6126//6126
f 6116//6116 6126//6126 6117//6117
f 6117//6117 6126//6126 6127//6127
f 6117//6117 6127//6127 6118//6118
f 6118//6118 6127//6127 6128//6128
f 6118//6118 6128//6128 6119//6119
f 6119//6119 6128//6128 6129//6129
f 6119//6119 6129//6129 6120//6120
f 6120//6120 6129//6129 6130//6130
f 6120//6120 6130//6130 6121//6121
f 6121//6121 6130//6130 6131//6131
f 6121//6121 6131//6131 6122//6122
f 6122//6122 6131//6131 6132//6132
f 6122//6122 6132//6132 6112//6112
f 6123//6123 6101//6101 6133//6133
f 6123//6123 6133//6133 6124//6124
f 6124//6124 6133//6133 6134//6134
f 6124//6124 6134//6134 6125//6125
f 6125//6125 6134//6134 6135//6135
f 6125//6125 6135//6135 6126//6126
f 6126//6126 6135//6135 6136//6136
f 6126//6126 6136//6136 6127//6127
f 6127//6127 6136//6136 6137//6137
f 6127//6127 6137//6137 6128//6128
f 6128//6128 6137//6137 6138//6138
f 6128//6128 6138//6138 6129//6129
f 6129//6129 6138//6138 6139//6139
f 6129//6129 6139//6139 6130//6130
f 6130//6130 6139//6139 6140//6140
f 6130//6130 6140//6140 6131//6131
f 6131//6131 6140//6140 6141//6141
f 6131//6131 6141//6141 6132//6132
f 6132//6132 6141//6141 6142//6142
f 6132//6132 6142//6142 6112//6112
f 6133//6133 6101//6101 6143//6143
f 6133//6133 6143//6143 6134//6134
f 6134//6134 6143//6143 6144//6144
f 6134//6134 6144//6144 6135//6135
f 6135//6135 6144//6144 6145//6145
f 6135//6135 6145//6145 6136//6136
f 6136//6136 6145//6145 6146//6146
f 6136//6136 6146//6146 6137//6137
f 6137//6137 6146//6146 6147//6147
f 6137//6137 6147//6147 6138//6138
f 6138//6138 6147//6147 6148//6148
f 6138//6138 6148//6148 6139//6139
f 6139//6139 6148//6148 6149//6149
f 6139//6139 6149//6149 6140//6140
f 6140//6140 6149//6149 6150//6150
f 6140//6140 6150//6150 6141//6141
f 6141//6141 6150//6150 6151//6151
f 6141//6141 6151//6151 6142//6142
f 6142//6142 6151//6151 6152//6152
f 6142//6142 6152//6152 6112//6112
f 6143//6143 6101//6101 6153//6153
f 6143//6143 6153//6153 6144//6144
f 6144//6144 6153//6153 6154//6154
f 6144//6144 6154//6154 6145//6145
f 6145//6145 6154//6154 6155//6155
f 6145//6145 6155//6155 6146//6146
f 6146//6146 6155//6155 6156//6156
f 6146//6146 6156//6156 6147//6147
f 6147//6147 6156//6156 6157//6157
f 6147//6147 6157//6157 6148//6148
f 6148//6148 6157//6157 6158//6158
f 6148//6148 6158//6158 6149//6149
f 6149//6149 6158//6158 6159//6159
f 6149//6149 6159//6159 6150//6150
f 6150//6150 6159//6159 6160//6160
f 6150//6150 6160//6160 6151//6151
f 6151//6151 6160//6160 6161//6161
f 6151//6151 6161//6161 6152//6152
f 6152//6152 6161//6161 6162//6162
f 6152//6152 6162//6162 6112//6112
f 6153//6153 6101//6101 6163//6163
f 6153//6153 6163//6163 6154//6154
f 6154//6154 6163//6163 6164//6164
f 6154//6154 6164//6164 6155//6155
f 6155//6155 6164//6164 6165//6165
f 6155//6155 6165//6165 6156//6156
f 6156//6156 6165//6165 6166//6166
f 6156//6156 6166//6166 6157//6157
f 6157//6157 6166//6166 6167//6167
f 6157//6157 6167//6167 6158//6158
f 6158//6158 6167//6167 6168//6168
f 6158//6158 6168//6168 6159//6159
f 6159//6159 6168//6168 6169//6169
f 6159//6159 6169//6169 6160//6160
f 6160//6160 6169//6169 6170//6170
f 6160//6160 6170//6170 6161//6161
f 6161//6161 6170//6170 6171//6171
f 6161//6161 6171//6171 6162//6162
f 6162//6162 6171//6171 6172//6172
f 6162//6162 6172//6172 6112//6112
f 6163//6163 6101//6101 6173//6173
f 6163//6163 6173//6173 6164//6164
f 6164//6164 6173//6173 6174//6174
f 6164//6164 6174//6174 6165//6165
f 6165//6165 6174//6174 6175//6175
f 6165//6165 6175//6175 6166//6166
f 6166//6166 6175//6175 6176//6176
f 6166//6166 6176//6176 6167//6167
f 6167//6167 6176//6176 6177//6177
f 6167//6167 6177//6177 6168//6168
f 6168//6168 6177//6177 6178//6178
f 6168//6168 6178//6178 6169//6169
f 6169//6169 6178//6178 6179//6179
f 6169//6169 6179//6179 6170//6170
f 6170//6170 6179//6179 6180//6180
f 6170//6170 6180//6180 6171//6171
f 6171//6171 6180//6180 6181//6181
f 6171//6171 6181//6181 6172//6172
f 6172//6172 6181//6181 6182//6182
f 6172//6172 6182//6182 6112//6112
f 6173//6173 6101//6101 6183//6183
f 6173//6173 6183//6183 6174//6174
f 6174//6174 6183//6183 6184//6184
f 6174//6174 6184//6184 6175//6175
f 6175//6175 6184//6184 6185//6185
f 6175//6175 6185//6185 6176//6176
f 6176//6176 6185//6185 6186//6186
f 6176//6176 6186//6186 6177//6177
f 6177//6177 6186//6186 6187//6187
f 6177//6177 6187//6187 6178//6178
f 6178//6178 6187//6187 6188//6188
f 6178//6178 6188//6188 6179//6179
f 6179//6179 6188//6188 6189//6189
f 6179//6179 6189//6189 6180//6180
f 6180//6180 6189//6189 6190//6190
f 6180//6180 6190//6190 6181//6181
f 6181//6181 6190//6190 6191//6191
f 6181//6181 6191//6191 6182//6182
f 6182//6182 6191//6191 6192//6192
f 6182//6182 6192//6192 6112//6112
f 6183//6183 6101//6101 6193//6193
f 6183//6183 6193//6193 6184//6184
f 6184//6184 6193//6193 6194//6194
f 6184//6184 6194//6194 6185//6185
f 6185//6185 6194//6194 6195//6195
f 6185//6185 6195//6195 6186//6186
f 6186//6186 6195//6195 6196//6196
f 6186//6186 6196//6196 6187//6187
f 6187//6187 6196//6196 6197//6197
f 6187//6187 6197//6197 6188//6188
f 6188//6188 6197//6197 6198//6198
f 6188//6188 6198//6198 6189//6189
f 6189//6189 6198//6198 6199//6199
f 6189//6189 6199//6199 6190//6190
f 6190//6190 6199//6199 6200//6200
f 6190//6190 6200//6200 6191//6191
f 6191//6191 6200//6200 6201//6201
f 6191//6191 6201//6201 6192//6192
f 6192//6192 6201//6201 6202//6202
f 6192//6192 6202//6202 6112//6112
f 6193//6193 6101//6101 6203//6203
f 6193//6193 6203//6203 6194//6194
f 6194//6194 6203//6203 6204//6204
f 6194//6194 6204//6204 6195//6195
f 6195//6195 6204//6204 6205//6205
f 6195//6195 6205//6205 6196//6196
f 6196//6196 6205//6205 6206//6206
f 6196//6196 6206//6206 6197//6197
f 6197//6197 6206//6206 6207//6207
f 6197//6197 6207//6207 6198//6198
f 6198//6198 6207//6207 6208//6208
f 6198//6198 6208//6208 6199//6199
f 6199//6199 6208//6208 6209//6209
f 6199//6199 6209//6209 6200//6200
f 6200//6200 6209//6209 6210//6210
f 6200//6200 6210//6210 6201//6201
f 6201//6201 6210//6210 6211//6211
f 6201//6201 6211//6211 6202//6202
f 6202//6202 6211//6211 6212//6212
f 6202//6202 6212//6212 6112//6112
f 6203//6203 6101//6101 6213//6213
f 6203//6203 6213//6213 6204//6204
f 6204//6204 6213//6213 6214//6214
f 6204//6204 6214//6214 6205//6205
f 6205//6205 6214//6214 6215//6215
f 6205//6205 6215//6215 6206//6206
f 6206//6206 6215//6215 6216//6216
f 6206//6206 6216//6216 6207//6207
f 6207//6207 6216//6216 6217//6217
f 6207//6207 6217//6217 6208//6208
f 6208//6208 6217//6217 6218//6218
f 6208//6208 6218//6218 6209//6209
f 6209//6209 6218//6218 6219//6219
f 6209//6209 6219//6219 6210//6210
f 6210//6210 6219//6219 6220//6220
f 6210//6210 6220//6220 6211//6211
f 6211//6211 6220//6220 6221//6221
f 6211//6211 6221//6221 6212//6212
f 6212//6212 6221//6221 6222//6222
f 6212//6212 6222//6222 6112//6112
f 6213//6213 6101//6101 6102//6102
f 6213//6213 6102//6102 6214//6214
f 6214//6214 6102//6102 6103//6103
f 6214//6214 6103//6103 6215//6215
f 6215//6215 6103//6103 6104//6104
f 6215//6215 6104//6104 6216//6216
f 6216//6216 6104//6104 6105//6105
f 6216//6216 6105//6105 6217//6217
f 6217//6217 6105//6105 6106//6106
f 6217//6217 6106//6106 6218//6218
f 6218//6218 6106//6106 6107//6107
f 6218//6218 6107//6107 6219//6219
f 6219//6219 6107//6107 6108//6108
f 6219//6219 6108//6108 6220//6220
f 6220//6220 6108//6108 6109//6109
f 6220//6220 6109//6109 6221//6221
f 6221//6221 6109//6109 6110//6110
f 6221//6221 6110//6110 6222//6222
f 6222//6222 6110//6110 6111//6111
f 6222//6222 6111//6111 6112//6112
f 6224//6224 6223//6223 6235//6235
f 6224//6224 6235//6235 6225//6225
f 6225//6225 6235//6235 6236//6236
f 6225//6225 6236//6236 6226//6226
f 6226//6226 6236//6236 6237//6237
f 6226//6226 6237//6237 6227//6227
f 6227//6227 6237//6237 6238//6238
f 6227//6227 6238//6238 6228//6228
f 6228//6228 6238//6238 6239//6239
f 6228//6228 6239//6239 6229//6229
f 6229//6229 6239//6239 6240//6240
f 6229//6229 6240//6240 6230//6230
f 6230//6230 6240//6240 6241//6241
f 6230//6230 6241//6241 6231//6231
f 6231//6231 6241//6241 6242//6242
f 6231//6231 6242//6242 6232//6232
f 6232//6232 6242//6242 6243//6243
f 6232//6232 6243//6243 6233//6233
f 6233//6233 6243//6243 6244//6244
f 6233//6233 6244//6244 6234//6234
f 6235//6235 6223//6223 6245//6245
f 6235//6235 6245//6245 6236//6236
f 6236//6236 6245//6245 6246//6246
f 6236//6236 6246//6246 6237//6237
f 6237//6237 6246//6246 6247//6247
f 6237//6237 6247//6247 6238//6238
f 6238//6238 6247//6247 6248//6248
f 6238//6238 6248//6248 6239//6239
f 6239//6239 6248//6248 6249//6249
f 6239//6239 6249//6249 6240//6240
f 6240//6240 6249//6249 6250//6250
f 6240//6240 6250//6250 6241//6241
f 6241//6241 6250//6250 6251//6251
f 6241//6241 6251//6251 6242//6242
f 6242//6242 6251//6251 6252//6252
f 6242//6242 6252//6252 6243//6243
f 6243//6243 6252//6252 6253//6253
f 6243//6243 6253//6253 6244//6244
f 6244//6244 6253//6253 6254//6254
f 6244//6244 6254//6254 6234//6234
f 6245//6245 6223//6223 6255//6255
f 6245//6245 6255//6255 6246//6246
f 6246//6246 6255//6255 6256//6256
f 6246//6246 6256//6256 6247//6247
f 6247//6247 6256//6256 6257//6257
f 6247//6247 6257//6257 6248//6248
f 6248//6248 6257//6257 6258//6258
f 6248//6248 6258//6258 6249//6249
f 6249//6249 6258//6258 6259//6259
f 6249//6249 6259//6259 6250//6250
f 6250//6250 6259//6259 6260//6260
f 6250//6250 6260//6260 6251//6251
f 6251//6251 6260//6260 6261//6261
f 6251//6251 6261//6261 6252//6252
f 6252//6252 6261//6261 6262//6262
f 6252//6252 6262//6262 6253//6253
f 6253//6253 6262//6262 6263//6263
f 6253//6253 6263//6263 6254//6254
f 6254//6254 6263//6263 6264//6264
f 6254//6254 6264//6264 6234//6234
f 6255//6255 6223//6223 6265//6265
f 6255//6255 6265//6265 6256//6256
f 6256//6256 6265//6265 6266//6266
f 6256//6256 6266//6266 6257//6257
f 6257//6257 6266//6266 6267//6267
f 6257//6257 6267//6267 6258//6258
f 6258//6258 6267//6267 6268//6268
f 6258//6258 6268//6268 6259//6259
f 6259//6259 6268//6268 6269//6269
f 6259//6259 6269//6269 6260//6260
f 6260//6260 6269//6269 6270//6270
f 6260//6260 6270//6270 6261//6261
f 6261//6261 6270//6270 6271//6271
f 6261//6261 6271//6271 6262//6262
f 6262//6262 6271//6271 6272//6272
f 6262//6262 6272//6272 6263//6263
f 6263//6263 6272//6272 6273//6273
f 6263//6263 6273//6273 6264//6264
f 6264//6264 6273//6273 6274//6274
f 6264//6264 6274//6274 6234//6234
f 6265//6265 6223//6223 6275//6275
f 6265//6265 6275//6275 6266//6266
f 6266//6266 6275//6275 6276//6276
f 6266//6266 6276//6276 6267//6267
f 6267//6267 6276//6276 6277//6277
f 6267//6267 6277//6277 6268//6268
f 6268//6268 6277//6277 6278//6278
f 6268//6268 6278//6278 6269//6269
f 6269//6269 6278//6278 6279//6279
f 6269//6269 6279//6279 6270//6270
f 6270//6270 6279//6279 6280//6280
f 6270//6270 6280//6280 6271//6271
f 6271//6271 6280//6280 6281//6281
f 6271//6271 6281//6281 6272//6272
f 6272//6272 6281//6281 6282//6282
f 6272//6272 6282//6282 6273//6273
f 6273//6273 6282//6282 6283//6283
f 6273//6273 6283//6283 6274//6274
f 6274//6274 6283//6283 6284//6284
f 6274//6274 6284//6284 6234//6234
f 6275//6275 6223//6223 6285//6285
f 6275//6275 6285//6285 6276//6276
f 6276//6276 6285//6285 6286//6286
f 6276//6276 6286//6286 6277//6277
f 6277//6277 6286//6286 6287//6287
f 6277//6277 6287//6287 6278//6278
f 6278//6278 6287//6287 6288//6288
f 6278//6278 6288//6288 6279//6279
f 6279//6279 6288//6288 6289//6289
f 6279//6279 6289//6289 6280//6280
f 6280//6280 6289//6289 6290//6290
f 6280//6280 6290//6290 6281//6281
f 6281//6281 6290//6290 6291//6291
f 6281//6281 6291//6291 6282//6282
f 6282//6282 6291//6291 6292//6292
f 6282//6282 6292//6292 6283//6283
f 6283//6283 6292//6292 6293//6293
f 6283//6283 6293//6293 6284//6284
f 6284//6284 6293//6293 6294//6294
f 6284//6284 6294//6294 6234//6234
f 6285//6285 6223//6223 6295//6295
f 6285//6285 6295//6295 6286//6286
f 6286//6286 6295//6295 6296//6296
f 6286//6286 6296//6296 6287//6287
f 6287//6287 6296//6296 6297//6297
f 6287//6287 6297//6297 6288//6288
f 6288//6288 6297//6297 6298//6298
f 6288//6288 6298//6298 6289//6289
f 6289//6289 6298//6298 6299//6299
f 6289//6289 6299//6299 6290//6290
f 6290//6290 6299//6299 6300//6300
f 6290//6290 6300//6300 6291//6291
f 6291//6291 6300//6300 6301//6301
f 6291//6291 6301//6301 6292//6292
f 6292//6292 6301//6301 6302//6302
f 6292//6292 6302//6302 6293//6293
f 6293//6293 6302//6302 6303//6303
f 6293//6293 6303//6303 6294//6294
f 6294//6294 6303//6303 6304//6304
f 6294//6294 6304//6304 6234//6234
f 6295//6295 6223//6223 6305//6305
f 6295//6295 6305//6305 6296//6296
f 6296//6296 6305//6305 6306//6306
f 6296//6296 6306//6306 6297//6297
f 6297//6297 6306//6306 6307//6307
f 6297//6297 6307//6307 6298//6298
f 6298//6298 6307//6307 6308//6308
f 6298//6298 6308//6308 6299//6299
f 6299//6299 6308//6308 6309//6309
f 6299//6299 6309//6309 6300//6300
f 6300//6300 6309//6309 6310//6310
f 6300//6300 6310//6310 6301//6301
f 6301//6301 6310//6310 6311//6311
f 6301//6301 6311//6311 6302//6302
f 6302//6302 6311//6311 6312//6312
f 6302//6302 6312//6312 6303//6303
f 6303//6303 6312//6312 6313//6313
f 6303//6303 6313//6313 6304//6304
f 6304//6304 6313//6313 6314//6314
f 6304//6304 6314//6314 6234//6234
f 6305//6305 6223//6223 6315//6315
f 6305//6305 6315//6315 6306//6306
f 6306//6306 6315//6315 6316//6316
f 6306//6306 6316//6316 6307//6307
f 6307//6307 6316//6316 6317//6317
f 6307//6307 6317//6317 6308//6308
f 6308//6308 6317//6317 6318//6318
f 6308//6308 6318//6318 6309//6309
f 6309//6309 6318//6318 6319//6319
f 6309//6309 6319//6319 6310//6310
f 6310//6310 6319//6319 6320//6320
f 6310//6310 6320//6320 6311//6311
f 6311//6311 6320//6320 6321//6321
f 6311//6311 6321//6321 6312//6312
f 6312//6312 6321//6321 6322//6322
f 6312//6312 6322//6322 6313//6313
f 6313//6313 6322//6322 6323//6323
f 6313//6313 6323//6323 6314//6314
f 6314//6314 6323//6323 6324//6324
f 6314//6314 6324//6324 6234//6234
f 6315//6315 6223//6223 6325//6325
f 6315//6315 6325//6325 6316//6316
f 6316//6316 6325//6325 6326//6326
f 6316//6316 6326//6326 6317//6317
f 6317//6317 6326//6326 6327//6327
f 6317//6317 6327//6327 6318//6318
f 6318//6318 6327//6327 6328//6328
f 6318//6318 6328//6328 6319//6319
f 6319//6319 6328//6328 6329//6329
f 6319//6319 6329//6329 6320//6320
f 6320//6320 6329//6329 6330//6330
f 6320//6320 6330//6330 6321//6321
f 6321//6321 6330//6330 6331//6331
f 6321//6321 6331//6331 6322//6322
f 6322//6322 6331//6331 6332//6332
f 6322//6322 6332//6332 6323//6323
f 6323//6323 6332//6332 6333//6333
f 6323//6323 6333//6333 6324//6324
f 6324//6324 6333//6333 6334//6334
f 6324//6324 6334//6334 6234//6234
f 6325//6325 6223//6223 6335//6335
f 6325//6325 6335//6335 6326//6326
f 6326//6326 6335//6335 6336//6336
f 6326//6326 6336//6336 6327//6327
f 6327//6327 6336//6336 6337//6337
f 6327//6327 6337//6337 6328//6328
f 6328//6328 6337//6337 6338//6338
f 6328//6328 6338//6338 6329//6329
f 6329//6329 6338//6338 6339//6339
f 6329//6329 6339//6339 6330//6330
f 6330//6330 6339//6339 6340//6340
f 6330//6330 6340//6340 6331//6331
f 6331//6331 6340//6340 6341//6341
f 6331//6331 6341//6341 6332//6332
f 6332//6332 6341//6341 6342//6342
f 6332//6332 6342//6342 6333//6333
f 6333//6333 6342//6342 6343//6343
f 6333//6333 6343//6343 6334//6334
f 6334//6334 6343//6343 6344//6344
f 6334//6334 6344//6344 6234//6234
f 6335//6335 6223//6223 6224//6224
f 6335//6335 6224//6224 6336//6336
f 6336//6336 6224//6224 6225//6225
f 6336//6336 6225//6225 6337//6337
f 6337//6337 6225//6225 6226//6226
f 6337//6337 6226//6226 6338//6338
f 6338//6338 6226//6226 6227//6227
f 6338//6338 6227//6227 6339//6339
f 6339//6339 6227//6227 6228//6228
f 6339//6339 6228//6228 6340//6340
f 6340//6340 6228//6228 6229//6229
f 6340//6340 6229//6229 6341//6341
f 6341//6341 6229//6229 6230//6230
f 6341//6341 6230//6230 6342//6342
f 6342//6342 6230//6230 6231//6231
f 6342//6342 6231//6231 6343//6343
f 6343//6343 6231//6231 6232//6232
f 6343//6343 6232//6232 6344//6344
f 6344//6344 6232//6232 6233//6233
f 6344//6344 6233//6233 6234//6234
f 6346//6346 6345//6345 6355//6355
f 6346//6346 6355//6355 6347//6347
f 6347//6347 6355//6355 6356//6356
f 6347//6347 6356//6356 6348//6348
f 6348//6348 6356//6356 6357//6357
f 6348//6348 6357//6357 6349//6349
f 6349//6349 6357//6357 6358//6358
f 6349//6349 6358//6358 6350//6350
f 6350//6350 6358//6358 6359//6359
f 6350//6350 6359//6359 6351//6351
f 6351//6351 6359//6359 6360//6360
f 6351//6351 6360//6360 6352//6352
f 6352//6352 6360//6360 6361//6361
f 6352//6352 6361//6361 6353//6353
f 6353//6353 6361//6361 6362//6362
f 6353//6353 6362//6362 6354//6354
f 6355//6355 6345//6345 6363//6363
f 6355//6355 6363//6363 6356//6356
f 6356//6356 6363//6363 6364//6364
f 6356//6356 6364//6364 6357//6357
f 6357//6357 6364//6364 6365//6365
f 6357//6357 6365//6365 6358//6358
f 6358//6358 6365//6365 6366//6366
f 6358//6358 6366//6366 6359//6359
f 6359//6359 6366//6366 6367//6367
f 6359//6359 6367//6367 6360//6360
f 6360//6360 6367//6367 6368//6368
f 6360//6360 6368//6368 6361//6361
f 6361//6361 6368//6368 6369//6369
f 6361//6361 6369//6369 6362//6362
f 6362//6362 6369//6369 6370//6370
f 6362//6362 6370//6370 6354//6354
f 6363//6363 6345//6345 6371//6371
f 6363//6363 6371//6371 6364//6364
f 6364//6364 6371//6371 6372//6372
f 6364//6364 6372//6372 6365//6365
f 6365//6365 6372//6372 6373//6373
f 6365//6365 6373//6373 6366//6366
f 6366//6366 6373//6373 6374//6374
f 6366//6366 6374//6374 6367//6367
f 6367//6367 6374//6374 6375//6375
f 6367//6367 6375//6375 6368//6368
f 6368//6368 6375//6375 6376//6376
f 6368//6368 6376//6376 6369//6369
f 6369//6369 6376//6376 6377//6377
f 6369//6369 6377//6377 6370//6370
f 6370//6370 6377//6377 6378//6378
f 6370//6370 6378//6378 6354//6354
f 6371//6371 6345//6345 6379//6379
f 6371//6371 6379//6379 6372//6372
f 6372//6372 6379//6379 6380//6380
f 6372//6372 6380//6380 6373//6373
f 6373//6373 6380//6380 6381//6381
f 6373//6373 6381//6381 6374//6374
f 6374//6374 6381//6381 6382//6382
f 6374//6374 6382//6382 6375//6375
f 6375//6375 6382//6382 6383//6383
f 6375//6375 6383//6383 6376//6376
f 6376//6376 6383//6383 6384//6384
f 6376//6376 6384//6384 6377//6377
f 6377//6377 6384//6384 6385//6385
f 6377//6377 6385//6385 6378//6378
f 6378//6378 6385//6385 6386//6386
f 6378//6378 6386//6386 6354//6354
f 6379//6379 6345//6345 6387//6387
f 6379//6379 6387//6387 6380//6380
f 6380//6380 6387//6387 6388//6388
f 6380//6380 6388//6388 6381//6381
f 6381//6381 6388//6388 6389//6389
f 6381//6381 6389//6389 6382//6382
f 6382//6382 6389//6389 6390//6390
f 6382//6382 6390//6390 6383//6383
f 6383//6383 6390//6390 6391//6391
f 6383//6383 6391//6391 6384//6384
f 6384//6384 6391//6391 6392//6392
f 6384//6384 6392//6392 6385//6385
f 6385//6385 6392//6392 6393//6393
f 6385//6385 6393//6393 6386//6386
f 6386//6386 6393//6393 6394//6394
f 6386//6386 6394//6394 6354//6354
f 6387//6387 6345//6345 6395//6395
f 6387//6387 6395//6395 6388//6388
f 6388//6388 6395//6395 6396//6396
f 6388//6388 6396//6396 6389//6389
f 6389//6389 6396//6396 6397//6397
f 6389//6389 6397//6397 6390//6390
f 6390//6390 6397//6397 6398//6398
f 6390//6390 6398//6398 6391//6391
f 6391//6391 6398//6398 6399//6399
f 6391//6391 6399//6399 6392//6392
f 6392//6392 6399//6399 6400//6400
f 6392//6392 6400//6400 6393//6393
f 6393//6393 6400//6400 6401//6401
f 6393//6393 6401//6401 6394//6394
f 6394//6394 6401//6401 6402//6402
f 6394//6394 6402//6402 6354//6354
f 6395//6395 6345//6345 6403//6403
f 6395//6395 6403//6403 6396//6396
f 6396//6396 6403//6403 6404//6404
f 6396//6396 6404//6404 6397//6397
f 6397//6397 6404//6404 6405//6405
f 6397//6397 6405//6405 6398//6398
f 6398//6398 6405//6405 6406//6406
f 6398//6398 6406//6406 6399//6399
f 6399//6399 6406//6406 6407//6407
f 6399//6399 6407//6407 6400//6400
f 6400//6400 6407//6407 6408//6408
f 6400//6400 6408//6408 6401//6401
f 6401//6401 6408//6408 6409//6409
f 6401//6401 6409//6409 6402//6402
f 6402//6402 6409//6409 6410//6410
f 6402//6402 6410//6410 6354//6354
f 6403//6403 6345//6345 6411//6411
f 6403//6403 6411//6411 6404//6404
f 6404//6404 6411//6411 6412//6412
f 6404//6404 6412//6412 6405//6405
f 6405//6405 6412//6412 6413//6413
f 6405//6405 6413//6413 6406//6406
f 6406//6406 6413//6413 6414//6414
f 6406//6406 6414//6414 6407//6407
f 6407//6407 6414//6414 6415//6415
f 6407//6407 6415//6415 6408//6408
f 6408//6408 6415//6415 6416//6416
f 6408//6408 6416//6416 6409//6409
f 6409//6409 6416//6416 6417//6417
f 6409//6409 6417//6417 6410//6410
f 6410//6410 6417//6417 6418//6418
f 6410//6410 6418//6418 6354//6354
f 6411//6411 6345//6345 6419//6419
f 6411//6411 6419//6419 6412//6412
f 6412//6412 6419//6419 6420//6420
f 6412//6412 6420//6420 6413//6413
f 6413//6413 6420//6420 6421//6421
f 6413//6413 6421//6421 6414//6414
f 6414//6414 6421//6421 6422//6422
f 6414//6414 6422//6422 6415//6415
f 6415//6415 6422//6422 6423//6423
f 6415//6415 6423//6423 6416//6416
f 6416//6416 6423//6423 6424//6424
f 6416//6416 6424//6424 6417//6417
f 6417//6417 6424//6424 6425//6425
f 6417//6417 6425//6425 6418//6418
f 6418//6418 6425//6425 6426//6426
f 6418//6418 6426//6426 6354//6354
f 6419//6419 6345//6345 6346//6346
f 6419//6419 6346//6346 6420//6420
f 6420//6420 6346//6346 6347//6347
f 6420//6420 6347//6347 6421//6421
f 6421//6421 6347//6347 6348//6348
f 6421//6421 6348//6348 6422//6422
f 6422//6422 6348//6348 6349//6349
f 6422//6422 6349//6349 6423//6423
f 6423//6423 6349//6349 6350//6350
f 6423//6423 6350//6350 6424//6424
f 6424//6424 6350//6350 6351//6351
f 6424//6424 6351//6351 6425//6425
f 6425//6425 6351//6351 6352//6352
f 6425//6425 6352//6352 6426//6426
f 6426//6426 6352//6352 6353//6353
f 6426//6426 6353//6353 6354//6354
f 6428//6428 6427//6427 6437//6437
f 6428//6428 6437//6437 6429//6429
f 6429//6429 6437//6437 6438//6438
f 6429//6429 6438//6438 6430//6430
f 6430//6430 6438//6438 6439//6439
f 6430//6430 6439//6439 6431//6431
f 6431//6431 6439//6439 6440//6440
f 6431//6431 6440//6440 6432//6432
f 6432//6432 6440//6440 6441//6441
f 6432//6432 6441//6441 6433//6433
f 6433//6433 6441//6441 6442//6442
f 6433//6433 6442//6442 6434//6434
f 6434//6434 6442//6442 6443//6443
f 6434//6434 6443//6443 6435//6435
f 6435//6435 6443//6443 6444//6444
f 6435//6435 6444//6444 6436//6436
f 6437//6437 6427//6427 6445//6445
f 6437//6437 6445//6445 6438//6438
f 6438//6438 6445//6445 6446//6446
f 6438//6438 6446//6446 6439//6439
f 6439//6439 6446//6446 6447//6447
f 6439//6439 6447//6447 6440//6440
f 6440//6440 6447//6447 6448//6448
f 6440//6440 6448//6448 6441//6441
f 6441//6441 6448//6448 6449//6449
f 6441//6441 6449//6449 6442//6442
f 6442//6442 6449//6449 6450//6450
f 6442//6442 6450//6450 6443//6443
f 6443//6443 6450//6450 6451//6451
f 6443//6443 6451//6451 6444//6444
f 6444//6444 6451//6451 6452//6452
f 6444//6444 6452//6452 6436//6436
f 6445//6445 6427//6427 6453//6453
f 6445//6445 6453//6453 6446//6446
f 6446//6446 6453//6453 6454//6454
f 6446//6446 6454//6454 6447//6447
f 6447//6447 6454//6454 6455//6455
f 6447//6447 6455//6455 6448//6448
f 6448//6448 6455//6455 6456//6456
f 6448//6448 6456//6456 6449//6449
f 6449//6449 6456//6456 6457//6457
f 6449//6449 6457//6457 6450//6450
f 6450//6450 6457//6457 6458//6458
f 6450//6450 6458//6458 6451//6451
f 6451//6451 6458//6458 6459//6459
f 6451//6451 6459//6459 6452//6452
f 6452//6452 6459//6459 6460//6460
f 6452//6452 6460//6460 6436//6436
f 6453//6453 6427//6427 6461//6461
f 6453//6453 6461//6461 6454//6454
f 6454//6454 6461//6461 6462//6462
f 6454//6454 6462//6462 6455//6455
f 6455//6455 6462//6462 6463//6463
f 6455//6455 6463//6463 6456//6456
f 6456//6456 6463//6463 6464//6464
f 6456//6456 6464//6464 6457//6457
f 6457//6457 6464//6464 6465//6465
f 6457//6457 6465//6465 6458//6458
f 6458//6458 6465//6465 6466//6466
f 6458//6458 6466//6466 6459//6459
f 6459//6459 6466//6466 6467//6467
f 6459//6459 6467//6467 6460//6460
f 6460//6460 6467//6467 6468//6468
f 6460//6460 6468//6468 6436//6436
f 6461//6461 6427//6427 6469//6469
f 6461//6461 6469//6469 6462//6462
f 6462//6462 6469//6469 6470//6470
f 6462//6462 6470//6470 6463//6463
f 6463//6463 6470//6470 6471//6471
f 6463//6463 6471//6471 6464//6464
f 6464//6464 6471//6471 6472//6472
f 6464//6464 6472//6472 6465//6465
f 6465//6465 6472//6472 6473//6473
f 6465//6465 6473//6473 6466//6466
f 6466//6466 6473//6473 6474//6474
f 6466//6466 6474//6474 6467//6467
f 6467//6467 6474//6474 6475//6475
f 6467//6467 6475//6475 6468//6468
f 6468//6468 6475//6475 6476//6476
f 6468//6468 6476//6476 6436//6436
f 6469//6469 6427//6427 6477//6477
f 6469//6469 6477//6477 6470//6470
f 6470//6470 6477//6477 6478//6478
f 6470//6470 6478//6478 6471//6471
f 6471//6471 6478//6478 6479//6479
f 6471//6471 6479//6479 6472//6472
f 6472//6472 6479//6479 6480//6480
f 6472//6472 6480//6480 6473//6473
f 6473//6473 6480//6480 6481//6481
f 6473//6473 6481//6481 6474//6474
f 6474//6474 6481//6481 6482//6482
f 6474//6474 6482//6482 6475//6475
f 6475//6475 6482//6482 6483//6483
f 6475//6475 6483//6483 6476//6476
f 6476//6476 6483//6483 6484//6484
f 6476//6476 6484//6484 6436//6436
f 6477//6477 6427//6427 6485//6485
f 6477//6477 6485//6485 6478//6478
f 6478//6478 6485//6485 6486//6486
f 6478//6478 6486//6486 6479//6479
f 6479//6479 6486//6486 6487//6487
f 6479//6479 6487//6487 6480//6480
f 6480//6480 6487//6487 6488//6488
f 6480//6480 6488//6488 6481//6481
f 6481//6481 6488//6488 6489//6489
f 6481//6481 6489//6489 6482//6482
f 6482//6482 6489//6489 6490//6490
f 6482//6482 6490//6490 6483//6483
f 6483//6483 6490//6490 6491//6491
f 6483//6483 6491//6491 6484//6484
f 6484//6484 6491//6491 6492//6492
f 6484//6484 6492//6492 6436//6436
f 6485//6485 6427//6427 6493//6493
f 6485//6485 6493//6493 6486//6486
f 6486//6486 6493//6493 6494//6494
f 6486//6486 6494//6494 6487//6487
f 6487//6487 6494//6494 6495//6495
f 6487//6487 6495//6495 6488//6488
f 6488//6488 6495//6495 6496//6496
f 6488//6488 6496//6496 6489//6489
f 6489//6489 6496//6496 6497//6497
f 6489//6489 6497//6497 6490//6490
f 6490//6490 6497//6497 6498//6498
f 6490//6490 6498//6498 6491//6491
f 6491//6491 6498//6498 6499//6499
f 6491//6491 6499//6499 6492//6492
f 6492//6492 6499//6499 6500//6500
f 6492//6492 6500//6500 6436//6436
f 6493//6493 6427//6427 6501//6501
f 6493//6493 6501//6501 6494//6494
f 6494//6494 6501//6501 6502//6502
f 6494//6494 6502//6502 6495//6495
f 6495//6495 6502//6502 6503//6503
f 6495//6495 6503//6503 6496//6496
f 6496//6496 6503//6503 6504//6504
f 6496//6496 6504//6504 6497//6497
f 6497//6497 6504//6504 6505//6505
f 6497//6497 6505//6505 6498//6498
f 6498//6498 6505//6505 6506//6506
f 6498//6498 6506//6506 6499//6499
f 6499//6499 6506//6506 6507//6507
f 6499//6499 6507//6507 6500//6500
f 6500//6500 6507//6507 6508//6508
f 6500//6500 6508//6508 6436//6436
f 6501//6501 6427//6427 6428//6428
f 6501//6501 6428//6428 6502//6502
f 6502//6502 6428//6428 6429//6429
f 6502//6502 6429//6429 6503//6503
f 6503//6503 6429//6429 6430//6430
f 6503//6503 6430//6430 6504//6504
f 6504//6504 6430//6430 6431//6431
f 6504//6504 6431//6431 6505//6505
f 6505//6505 6431//6431 6432//6432
f 6505//6505 6432//6432 6506//6506
f 6506//6506 6432//6432 6433//6433
f 6506//6506 6433//6433 6507//6507
f 6507//6507 6433//6433 6434//6434
f 6507//6507 6434//6434 6508//6508
f 6508//6508 6434//6434 6435//6435
f 6508//6508 6435//6435 6436//6436
f 6510//6510 6509//6509 6519//6519
f 6510//6510 6519//6519 6511//6511
f 6511//6511 6519//6519 6520//6520
f 6511//6511 6520//6520 6512//6512
f 6512//6512 6520//6520 6521//6521
f 6512//6512 6521//6521 6513//6513
f 6513//6513 6521//6521 6522//6522
f 6513//6513 6522//6522 6514//6514
f 6514//6514 6522//6522 6523//6523
f 6514//6514 6523//6523 6515//6515
f 6515//6515 6523//6523 6524//6524
f 6515//6515 6524//6524 6516//6516
f 6516//6516 6524//6524 6525//6525
f 6516//6516 6525//6525 6517//6517
f 6517//6517 6525//6525 6526//6526
f 6517//6517 6526//6526 6518//6518
f 6519//6519 6509//6509 6527//6527
f 6519//6519 6527//6527 6520//6520
f 6520//6520 6527//6527 6528//6528
f 6520//6520 6528//6528 6521//6521
f 6521//6521 6528//6528 6529//6529
f 6521//6521 6529//6529 6522//6522
f 6522//6522 6529//6529 6530//6530
f 6522//6522 6530//6530 6523//6523
f 6523//6523 6530//6530 6531//6531
f 6523//6523 6531//6531 6524//6524
f 6524//6524 6531//6531 6532//6532
f 6524//6524 6532//6532 6525//6525
f 6525//6525 6532//6532 6533//6533
f 6525//6525 6533//6533 6526//6526
f 6526//6526 6533//6533 6534//6534
f 6526//6526 6534//6534 6518//6518
f 6527//6527 6509//6509 6535//6535
f 6527//6527 6535//6535 6528//6528
f 6528//6528 6535//6535 6536//6536
f 6528//6528 6536//6536 6529//6529
f 6529//6529 6536//6536 6537//6537
f 6529//6529 6537//6537 6530//6530
f 6530//6530 6537//6537 6538//6538
f 6530//6530 6538//6538 6531//6531
f 6531//6531 6538//6538 6539//6539
f 6531//6531 6539//6539 6532//6532
f 6532//6532 6539//6539 6540//6540
f 6532//6532 6540//6540 6533//6533
f 6533//6533 6540//6540 6541//6541
f 6533//6533 6541//6541 6534//6534
f 6534//6534 6541//6541 6542//6542
f 6534//6534 6542//6542 6518//6518
f 6535//6535 6509//6509 6543//6543
f 6535//6535 6543//6543 6536//6536
f 6536//6536 6543//6543 6544//6544
f 6536//6536 6544//6544 6537//6537
f 6537//6537 6544//6544 6545//6545
f 6537//6537 6545//6545 6538//6538
f 6538//6538 6545//6545 6546//6546
f 6538//6538 6546//6546 6539//6539
f 6539//6539 6546//6546 6547//6547
f 6539//6539 6547//6547 6540//6540
f 6540//6540 6547//6547 6548//6548
f 6540//6540 6548//6548 6541//6541
f 6541//6541 6548//6548 6549//6549
f 6541//6541 6549//6549 6542//6542
f 6542//6542 6549//6549 6550//6550
f 6542//6542 6550//6550 6518//6518
f 6543//6543 6509//6509 6551//6551
f 6543//6543 6551//6551 6544//6544
f 6544//6544 6551//6551 6552//6552
f 6544//6544 6552//6552 6545//6545
f 6545//6545 6552//6552 6553//6553
f 6545//6545 6553//6553 6546//6546
f 6546//6546 6553//6553 6554//6554
f 6546//6546 6554//6554 6547//6547
f 6547//6547 6554//6554 6555//6555
f 6547//6547 6555//6555 6548//6548
f 6548//6548 6555//6555 6556//6556
f 6548//6548 6556//6556 6549//6549
f 6549//6549 6556//6556 6557//6557
f 6549//6549 6557//6557 6550//6550
f 6550//6550 6557//6557 6558//6558
f 6550//6550 6558//6558 6518//6518
f 6551//6551 6509//6509 6559//6559
f 6551//6551 6559//6559 6552//6552
f 6552//6552 6559//6559 6560//6560
f 6552//6552 6560//6560 6553//6553
f 6553//6553 6560//6560 6561//6561
f 6553//6553 6561//6561 6554//6554
f 6554//6554 6561//6561 6562//6562
f 6554//6554 6562//6562 6555//6555
f 6555//6555 6562//6562 6563//6563
f 6555//6555 6563//6563 6556//6556
f 6556//6556 6563//6563 6564//6564
f 6556//6556 6564//6564 6557//6557
f 6557//6557 6564//6564 6565//6565
f 6557//6557 6565//6565 6558//6558
f 6558//6558 6565//6565 6566//6566
f 6558//6558 6566//6566 6518//6518
f 6559//6559 6509//6509 6567//6567
f 6559//6559 6567//6567 6560//6560
f 6560//6560 6567//6567 6568//6568
f 6560//6560 6568//6568 6561//6561
f 6561//6561 6568//6568 6569//6569
f 6561//6561 6569//6569 6562//6562
f 6562//6562 6569//6569 6570//6570
f 6562//6562 6570//6570 6563//6563
f 6563//6563 6570//6570 6571//6571
f 6563//6563 6571//6571 6564//6564
f 6564//6564 6571//6571 6572//6572
f 6564//6564 6572//6572 6565//6565
f 6565//6565 6572//6572 6573//6573
f 6565//6565 6573//6573 6566//6566
f 6566//6566 6573//6573 6574//6574
f 6566//6566 6574//6574 6518//6518
f 6567//6567 6509//6509 6575//6575
f 6567//6567 6575//6575 6568//6568
f 6568//6568 6575//6575 6576//6576
f 6568//6568 6576//6576 6569//6569
f 6569//6569 6576//6576 6577//6577
f 6569//6569 6577//6577 6570//6570
f 6570//6570 6577//6577 6578//6578
f 6570//6570 6578//6578 6571//6571
f 6571//6571 6578//6578 6579//6579
f 6571//6571 6579//6579 6572//6572
f 6572//6572 6579//6579 6580//6580
f 6572//6572 6580//6580 6573//6573
f 6573//6573 6580//6580 6581//6581
f 6573//6573 6581//6581 6574//6574
f 6574//6574 6581//6581 6582//6582
f 6574//6574 6582//6582 6518//6518
f 6575//6575 6509//6509 6583//6583
f 6575//6575 6583//6583 6576//6576
f 6576//6576 6583//6583 6584//6584
f 6576//6576 6584//6584 6577//6577
f 6577//6577 6584//6584 6585//6585
f 6577//6577 6585//6585 6578//6578
f 6578//6578 6585//6585 6586//6586
f 6578//6578 6586//6586 6579//6579
f 6579//6579 6586//6586 6587//6587
f 6579//6579 6587//6587 6580//6580
f 6580//6580 6587//6587 6588//6588
f 6580//6580 6588//6588 6581//6581
f 6581//6581 6588//6588 6589//6589
f 6581//6581 6589//6589 6582//6582
f 6582//6582 6589//6589 6590//6590
f 6582//6582 6590//6590 6518//6518
f 6583//6583 6509//6509 6510//6510
f 6583//6583 6510//6510 6584//6584
f 6584//6584 6510//6510 6511//6511
f 6584//6584 6511//6511 6585//6585
f 6585//6585 6511//6511 6512//6512
f 6585//6585 6512//6512 6586//6586
f 6586//6586 6512//6512 6513//6513
f 6586//6586 6513//6513 6587//6587
f 6587//6587 6513//6513 6514//6514
f 6587//6587 6514//6514 6588//6588
f 6588//6588 6514//6514 6515//6515
f 6588//6588 6515//6515 6589//6589
f 6589//6589 6515//6515 6516//6516
f 6589//6589 6516//6516 6590//6590
f 6590//6590 6516//6516 6517//6517
f 6590//6590 6517//6517 6518//6518
f 6592//6592 6591//6591 6601//6601
f 6592//6592 6601//6601 6593//6593
f 6593//6593 6601//6601 6602//6602
f 6593//6593 6602//6602 6594//6594
f 6594//6594 6602//6602 6603//6603
f 6594//6594 6603//6603 6595//6595
f 6595//6595 6603//6603 6604//6604
f 6595//6595 6604//6604 6596//6596
f 6596//6596 6604//6604 6605//6605
f 6596//6596 6605//6605 6597//6597
f 6597//6597 6605//6605 6606//6606
f 6597//6597 6606//6606 6598//6598
f 6598//6598 6606//6606 6607//6607
f 6598//6598 6607//6607 6599//6599
f 6599//6599 6607//6607 6608//6608
f 6599//6599 6608//6608 6600//6600
f 6601//6601 6591//6591 6609//6609
f 6601//6601 6609//6609 6602//6602
f 6602//6602 6609//6609 6610//6610
f 6602//6602 6610//6610 6603//6603
f 6603//6603 6610//6610 6611//6611
f 6603//6603 6611//6611 6604//6604
f 6604//6604 6611//6611 6612//6612
f 6604//6604 6612//6612 6605//6605
f 6605//6605 6612//6612 6613//6613
f 6605//6605 6613//6613 6606//6606
f 6606//6606 6613//6613 6614//6614
f 6606//6606 6614//6614 6607//6607
f 6607//6607 6614//6614 6615//6615
f 6607//6607 6615//6615 6608//6608
f 6608//6608 6615//6615 6616//6616
f 6608//6608 6616//6616 6600//6600
f 6609//6609 6591//6591 6617//6617
f 6609//6609 6617//6617 6610//6610
f 6610//6610 6617//6617 6618//6618
f 6610//6610 6618//6618 6611//6611
f 6611//6611 6618//6618 6619//6619
f 6611//6611 6619//6619 6612//6612
f 6612//6612 6619//6619 6620//6620
f 6612//6612 6620//6620 6613//6613
f 6613//6613 6620//6620 6621//6621
f 6613//6613 6621//6621 6614//6614
f 6614//6614 6621//6621 6622//6622
f 6614//6614 6622//6622 6615//6615
f 6615//6615 6622//6622 6623//6623
f 6615//6615 6623//6623 6616//6616
f 6616//6616 6623//6623 6624//6624
f 6616//6616 6624//6624 6600//6600
f 6617//6617 6591//6591 6625//6625
f 6617//6617 6625//6625 6618//6618
f 6618//6618 6625//6625 6626//6626
f 6618//6618 6626//6626 6619//6619
f 6619//6619 6626//6626 6627//6627
f 6619//6619 6627//6627 6620//6620
f 6620//6620 6627//6627 6628//6628
f 6620//6620 6628//6628 6621//6621
f 6621//6621 6628//6628 6629//6629
f 6621//6621 6629//6629 6622//6622
f 6622//6622 6629//6629 6630//6630
f 6622//6622 6630//6630 6623//6623
f 6623//6623 6630//6630 6631//6631
f 6623//6623 6631//6631 6624//6624
f 6624//6624 6631//6631 6632//6632
f 6624//6624 6632//6632 6600//6600
f 6625//6625 6591//6591 6633//6633
f 6625//6625 6633//6633 6626//6626
f 6626//6626 6633//6633 6634//6634
f 6626//6626 6634//6634 6627//6627
f 6627//6627 6634//6634 6635//6635
f 6627//6627 6635//6635 6628//6628
f 6628//6628 6635//6635 6636//6636
f 6628//6628 6636//6636 6629//6629
f 6629//6629 6636//6636 6637//6637
f 6629//6629 6637//6637 6630//6630
f 6630//6630 6637//6637 6638//6638
f 6630//6630 6638//6638 6631//6631
f 6631//6631 6638//6638 6639//6639
f 6631//6631 6639//6639 6632//6632
f 6632//6632 6639//6639 6640//6640
f 6632//6632 6640//6640 6600//6600
f 6633//6633 6591//6591 6641//6641
f 6633//6633 6641//6641 6634//6634
f 6634//6634 6641//6641 6642//6642
f 6634//6634 6642//6642 6635//6635
f 6635//6635 6642//6642 6643//6643
f 6635//6635 6643//6643 6636//6636
f 6636//6636 6643//6643 6644//6644
f 6636//6636 6644//6644 6637//6637
f 6637//6637 6644//6644 6645//6645
f 6637//6637 6645//6645 6638//6638
f 6638//6638 6645//6645 6646//6646
f 6638//6638 6646//6646 6639//6639
f 6639//6639 6646//6646 6647//6647
f 6639//6639 6647//6647 6640//6640
f 6640//6640 6647//6647 6648//6648
f 6640//6640 6648//6648 6600//6600
f 6641//6641 6591//6591 6649//6649
f 6641//6641 6649//6649 6642//6642
f 6642//6642 6649//6649 6650//6650
f 6642//6642 6650//6650 6643//6643
f 6643//6643 6650//6650 6651//6651
f 6643//6643 6651//6651 6644//6644
f 6644//6644 6651//6651 6652//6652
f 6644//6644 6652//6652 6645//6645
f 6645//6645 6652//6652 6653//6653
f 6645//6645 6653//6653 6646//6646
f 6646//6646 6653//6653 6654//6654
f 6646//6646 6654//6654 6647//6647
f 6647//6647 6654//6654 6655//6655
f 6647//6647 6655//6655 6648//6648
f 6648//6648 6655//6655 6656//6656
f 6648//6648 6656//6656 6600//6600
f 6649//6649 6591//6591 6657//6657
f 6649//6649 6657//6657 6650//6650
f 6650//6650 6657//6657 6658//6658
f 6650//6650 6658//6658 6651//6651
f 6651//6651 6658//6658 6659//6659
f 6651//6651 6659//6659 6652//6652
f 6652//6652 6659//6659 6660//6660
f 6652//6652 6660//6660 6653//6653
f 6653//6653 6660//6660 6661//6661
f 6653//6653 6661//6661 6654//6654
f 6654//6654 6661//6661 6662//6662
f 6654//6654 6662//6662 6655//6655
f 6655//6655 6662//6662 6663//6663
f 6655//6655 6663//6663 6656//6656
f 6656//6656 6663//6663 6664//6664
f 6656//6656 6664//6664 6600//6600
f 6657//6657 6591//6591 6665//6665
f 6657//6657 6665//6665 6658//6658
f 6658//6658 6665//6665 6666//6666
f 6658//6658 6666//6666 6659//6659
f 6659//6659 6666//6666 6667//6667
f 6659//6659 6667//6667 6660//6660
f 6660//6660 6667//6667 6668//6668
f 6660//6660 6668//6668 6661//6661
f 6661//6661 6668//6668 6669//6669
f 6661//6661 6669//6669 6662//6662
f 6662//6662 6669//6669 6670//6670
f 6662//6662 6670//6670 6663//6663
f 6663//6663 6670//6670 6671//6671
f 6663//6663 6671//6671 6664//6664
f 6664//6664 6671//6671 6672//6672
f 6664//6664 6672//6672 6600//6600
f 6665//6665 6591//6591 6592//6592
f 6665//6665 6592//6592 6666//6666
f 6666//6666 6592//6592 6593//6593
f 6666//6666 6593//6593 6667//6667
f 6667//6667 6593//6593 6594//6594
f 6667//6667 6594//6594 6668//6668
f 6668//6668 6594//6594 6595//6595
f 6668//6668 6595//6595 6669//6669
f 6669//6669 6595//6595 6596//6596
f 6669//6669 6596//6596 6670//6670
f 6670//6670 6596//6596 6597//6597
f 6670//6670 6597//6597 6671//6671
f 6671//6671 6597//6597 6598//6598
f 6671//6671 6598//6598 6672//6672
f 6672//6672 6598//6598 6599//6599
f 6672//6672 6599//6599 6600//6600
f 6674//6674 6673//6673 6683//6683
f 6674//6674 6683//6683 6675//6675
f 6675//6675 6683//6683 6684//6684
f 6675//6675 6684//6684 6676//6676
f 6676//6676 6684//6684 6685//6685
f 6676//6676 6685//6685 6677//6677
f 6677//6677 6685//6685 6686//6686
f 6677//6677 6686//6686 6678//6678
f 6678//6678 6686//6686 6687//6687
f 6678//6678 6687//6687 6679//6679
f 6679//6679 6687//6687 6688//6688
f 6679//6679 6688//6688 6680//6680
f 6680//6680 6688//6688 6689//6689
f 6680//6680 6689//6689 6681//6681
f 6681//6681 6689//6689 6690//6690
f 6681//6681 6690//6690 6682//6682
f 6683//6683 6673//6673 6691//6691
f 6683//6683 6691//6691 6684//6684
f 6684//6684 6691//6691 6692//6692
f 6684//6684 6692//6692 6685//6685
f 6685//6685 6692//6692 6693//6693
f 6685//6685 6693//6693 6686//6686
f 6686//6686 6693//6693 6694//6694
f 6686//6686 6694//6694 6687//6687
f 6687//6687 6694//6694 6695//6695
f 6687//6687 6695//6695 6688//6688
f 6688//6688 6695//6695 6696//6696
f 6688//6688 6696//6696 6689//6689
f 6689//6689 6696//6696 6697//6697
f 6689//6689 6697//6697 6690//6690
f 6690//6690 6697//6697 6698//6698
f 6690//6690 6698//6698 6682//6682
f 6691//6691 6673//6673 6699//6699
f 6691//6691 6699//6699 6692//6692
f 6692//6692 6699//6699 6700//6700
f 6692//6692 6700//6700 6693//6693
f 6693//6693 6700//6700 6701//6701
f 6693//6693 6701//6701 6694//6694
f 6694//6694 6701//6701 6702//6702
f 6694//6694 6702//6702 6695//6695
f 6695//6695 6702//6702 6703//6703
f 6695//6695 6703//6703 6696//6696
f 6696//6696 6703//6703 6704//6704
f 6696//6696 6704//6704 6697//6697
f 6697//6697 6704//6704 6705//6705
f 6697//6697 6705//6705 6698//6698
f 6698//6698 6705//6705 6706//6706
f 6698//6698 6706//6706 6682//6682
f 6699//6699 6673//6673 6707//6707
f 6699//6699 6707//6707 6700//6700
f 6700//6700 6707//6707 6708//6708
f 6700//6700 6708//6708 6701//6701
f 6701//6701 6708//6708 6709//6709
f 6701//6701 6709//6709 6702//6702
f 6702//6702 6709//6709 6710//6710
f 6702//6702 6710//6710 6703//6703
f 6703//6703 6710//6710 6711//6711
f 6703//6703 6711//6711 6704//6704
f 6704//6704 6711//6711 6712//6712
f 6704//6704 6712//6712 6705//6705
f 6705//6705 6712//6712 6713//6713
f 6705//6705 6713//6713 6706//6706
f 6706//6706 6713//6713 6714//6714
f 6706//6706 6714//6714 6682//6682
f 6707//6707 6673//6673 6715//6715
f 6707//6707 6715//6715 6708//6708
f 6708//6708 6715//6715 6716//6716
f 6708//6708 6716//6716 6709//6709
f 6709//6709 6716//6716 6717//6717
f 6709//6709 6717//6717 6710//6710
f 6710//6710 6717//6717 6718//6718
f 6710//6710 6718//6718 6711//6711
f 6711//6711 6718//6718 6719//6719
f 6711//6711 6719//6719 6712//6712
f 6712//6712 6719//6719 6720//6720
f 6712//6712 6720//6720 6713//6713
f 6713//6713 6720//6720 6721//6721
f 6713//6713 6721//6721 6714//6714
f 6714//6714 6721//6721 6722//6722
f 6714//6714 6722//6722 6682//6682
f 6715//6715 6673//6673 6723//6723
f 6715//6715 6723//6723 6716//6716
f 6716//6716 6723//6723 6724//6724
f 6716//6716 6724//6724 6717//6717
f 6717//6717 6724//6724 6725//6725
f 6717//6717 6725//6725 6718//6718
f 6718//6718 6725//6725 6726//6726
f 6718//6718 6726//6726 6719//6719
f 6719//6719 6726//6726 6727//6727
f 6719//6719 6727//6727 6720//6720
f 6720//6720 6727//6727 6728//6728
f 6720//6720 6728//6728 6721//6721
f 6721//6721 6728//6728 6729//6729
f 6721//6721 6729//6729 6722//6722
f 6722//6722 6729//6729 6730//6730
f 6722//6722 6730//6730 6682//6682
f 6723//6723 6673//6673 6731//6731
f 6723//6723 6731//6731 6724//6724
f 6724//6724 6731//6731 6732//6732
f 6724//6724 6732//6732 6725//6725
f 6725//6725 6732//6732 6733//6733
f 6725//6725 6733//6733 6726//6726
f 6726//6726 6733//6733 6734//6734
f 6726//6726 6734//6734 6727//6727
f 6727//6727 6734//6734 6735//6735
f 6727//6727 6735//6735 6728//6728
f 6728//6728 6735//6735 6736//6736
f 6728//6728 6736//6736 6729//6729
f 6729//6729 6736//6736 6737//6737
f 6729//6729 6737//6737 6730//6730
f 6730//6730 6737//6737 6738//6738
f 6730//6730 6738//6738 6682//6682
f 6731//6731 6673//6673 6739//6739
f 6731//6731 6739//6739 6732//6732
f 6732//6732 6739//6739 6740//6740
f 6732//6732 6740//6740 6733//6733
f 6733//6733 6740//6740 6741//6741
f 6733//6733 6741//6741 6734//6734
f 6734//6734 6741//6741 6742//6742
f 6734//6734 6742//6742 6735//6735
f 6735//6735 6742//6742 6743//6743
f 6735//6735 6743//6743 6736//6736
f 6736//6736 6743//6743 6744//6744
f 6736//6736 6744//6744 6737//6737
f 6737//6737 6744//6744 6745//6745
f 6737//6737 6745//6745 6738//6738
f 6738//6738 6745//6745 6746//6746
f 6738//6738 6746//6746 6682//6682
f 6739//6739 6673//6673 6747//6747
f 6739//6739 6747//6747 6740//6740
f 6740//6740 6747//6747 6748//6748
f 6740//6740 6748//6748 6741//6741
f 6741//6741 6748//6748 6749//6749
f 6741//6741 6749//6749 6742//6742
f 6742//6742 6749//6749 6750//6750
f 6742//6742 6750//6750 6743//6743
f 6743//6743 6750//6750 6751//6751
f 6743//6743 6751//6751 6744//6744
f 6744//6744 6751//6751 6752//6752
f 6744//6744 6752//6752 6745//6745
f 6745//6745 6752//6752 6753//6753
f 6745//6745 6753//6753 6746//6746
f 6746//6746 6753//6753 6754//6754
f 6746//6746 6754//6754 6682//6682
f 6747//6747 6673//6673 6674//6674
f 6747//6747 6674//6674 6748//6748
f 6748//6748 6674//6674 6675//6675
f 6748//6748 6675//6675 6749//6749
f 6749//6749 6675//6675 6676//6676
f 6749//6749 6676//6676 6750//6750
f 6750//6750 6676//6676 6677//6677
f 6750//6750 6677//6677 6751//6751
f 6751//6751 6677//6677 6678//6678
f 6751//6751 6678//6678 6752//6752
f 6752//6752 6678//6678 6679//6679
f 6752//6752 6679//6679 6753//6753
f 6753//6753 6679//6679 6680//6680
f 6753//6753 6680//6680 6754//6754
f 6754//6754 6680//6680 6681//6681
f 6754//6754 6681//6681 6682//6682
f 6756//6756 6755//6755 6765//6765
f 6756//6756 6765//6765 6757//6757
f 6757//6757 6765//6765 6766//6766
f 6757//6757 6766//6766 6758//6758
f 6758//6758 6766//6766 6767//6767
f 6758//6758 6767//6767 6759//6759
f 6759//6759 6767//6767 6768//6768
f 6759//6759 6768//6768 6760//6760
f 6760//6760 6768//6768 6769//6769
f 6760//6760 6769//6769 6761//6761
f 6761//6761 6769//6769 6770//6770
f 6761//6761 6770//6770 6762//6762
f 6762//6762 6770//6770 6771//6771
f 6762//6762 6771//6771 6763//6763
f 6763//6763 6771//6771 6772//6772
f 6763//6763 6772//6772 6764//6764
f 6765//6765 6755//6755 6773//6773
f 6765//6765 6773//6773 6766//6766
f 6766//6766 6773//6773 6774//6774
f 6766//6766 6774//6774 6767//6767
f 6767//6767 6774//6774 6775//6775
f 6767//6767 6775//6775 6768//6768
f 6768//6768 6775//6775 6776//6776
f 6768//6768 6776//6776 6769//6769
f 6769//6769 6776//6776 6777//6777
f 6769//6769 6777//6777 6770//6770
f 6770//6770 6777//6777 6778//6778
f 6770//6770 6778//6778 6771//6771
f 6771//6771 6778//6778 6779//6779
f 6771//6771 6779//6779 6772//6772
f 6772//6772 6779//6779 6780//6780
f 6772//6772 6780//6780 6764//6764
f 6773//6773 6755//6755 6781//6781
f 6773//6773 6781//6781 6774//6774
f 6774//6774 6781//6781 6782//6782
f 6774//6774 6782//6782 6775//6775
f 6775//6775 6782//6782 6783//6783
f 6775//6775 6783//6783 6776//6776
f 6776//6776 6783//6783 6784//6784
f 6776//6776 6784//6784 6777//6777
f 6777//6777 6784//6784 6785//6785
f 6777//6777 6785//6785 6778//6778
f 6778//6778 6785//6785 6786//6786
f 6778//6778 6786//6786 6779//6779
f 6779//6779 6786//6786 6787//6787
f 6779//6779 6787//6787 6780//6780
f 6780//6780 6787//6787 6788//6788
f 6780//6780 6788//6788 6764//6764
f 6781//6781 6755//6755 6789//6789
f 6781//6781 6789//6789 6782//6782
f 6782//6782 6789//6789 6790//6790
f 6782//6782 6790//6790 6783//6783
f 6783//6783 6790//6790 6791//6791
f 6783//6783 6791//6791 6784//6784
f 6784//6784 6791//6791 6792//6792
f 6784//6784 6792//6792 6785//6785
f 6785//6785 6792//6792 6793//6793
f 6785//6785 6793//6793 6786//6786
f 6786//6786 6793//6793 6794//6794
f 6786//6786 6794//6794 6787//6787
f 6787//6787 6794//6794 6795//6795
f 6787//6787 6795//6795 6788//6788
f 6788//6788 6795//6795 6796//6796
f 6788//6788 6796//6796 6764//6764
f 6789//6789 6755//6755 6797//6797
f 6789//6789 6797//6797 6790//6790
f 6790//6790 6797//6797 6798//6798
f 6790//6790 6798//6798 6791//6791
f 6791//6791 6798//6798 6799//6799
f 6791//6791 6799//6799 6792//6792
f 6792//6792 6799//6799 6800//6800
f 6792//6792 6800//6800 6793//6793
f 6793//6793 6800//6800 6801//6801
f 6793//6793 6801//6801 6794//6794
f 6794//6794 6801//6801 6802//6802
f 6794//6794 6802//6802 6795//6795
f 6795//6795 6802//6802 6803//6803
f 6795//6795 6803//6803 6796//6796
f 6796//6796 6803//6803 6804//6804
f 6796//6796 6804//6804 6764//6764
f 6797//6797 6755//6755 6805//6805
f 6797//6797 6805//6805 6798//6798
f 6798//6798 6805//6805 6806//6806
f 6798//6798 6806//6806 6799//6799
f 6799//6799 6806//6806 6807//6807
f 6799//6799 6807//6807 6800//6800
f 6800//6800 6807//6807 6808//6808
f 6800//6800 6808//6808 6801//6801
f 6801//6801 6808//6808 6809//6809
f 6801//6801 6809//6809 6802//6802
f 6802//6802 6809//6809 6810//6810
f 6802//6802 6810//6810 6803//6803
f 6803//6803 6810//6810 6811//6811
f 6803//6803 6811//6811 6804//6804
f 6804//6804 6811//6811 6812//6812
f 6804//6804 6812//6812 6764//6764
f 6805//6805 6755//6755 6813//6813
f 6805//6805 6813//6813 6806//6806
f 6806//6806 6813//6813 6814//6814
f 6806//6806 6814//6814 6807//6807
f 6807//6807 6814//6814 6815//6815
f 6807//6807 6815//6815 6808//6808
f 6808//6808 6815//6815 6816//6816
f 6808//6808 6816//6816 6809//6809
f 6809//6809 6816//6816 6817//6817
f 6809//6809 6817//6817 6810//6810
f 6810//6810 6817//6817 6818//6818
f 6810//6810 6818//6818 6811//6811
f 6811//6811 6818//6818 6819//6819
f 6811//6811 6819//6819 6812//6812
f 6812//6812 6819//6819 6820//6820
f 6812//6812 6820//6820 6764//6764
f 6813//6813 6755//6755 6821//6821
f 6813//6813 6821//6821 6814//6814
f 6814//6814 6821//6821 6822//6822
f 6814//6814 6822//6822 6815//6815
f 6815//6815 6822//6822 6823//6823
f 6815//6815 6823//6823 6816//6816
f 6816//6816 6823//6823 6824//6824
f 6816//6816 6824//6824 6817//6817
f 6817//6817 6824//6824 6825//6825
f 6817//6817 6825//6825 6818//6818
f 6818//6818 6825//6825 6826//6826
f 6818//6818 6826//6826 6819//6819
f 6819//6819 6826//6826 6827//6827
f 6819//6819 6827//6827 6820//6820
f 6820//6820 6827//6827 6828//6828
f 6820//6820 6828//6828 6764//6764
f 6821//6821 6755//6755 6829//6829
f 6821//6821 6829//6829 6822//6822
f 6822//6822 6829//6829 6830//6830
f 6822//6822 6830//6830 6823//6823
f 6823//6823 6830//6830 6831//6831
f 6823//6823 6831//6831 6824//6824
f 6824//6824 6831//6831 6832//6832
f 6824//6824 6832//6832 6825//6825
f 6825//6825 6832//6832 6833//6833
f 6825//6825 6833//6833 6826//6826
f 6826//6826 6833//6833 6834//6834
f 6826//6826 6834//6834 6827//6827
f 6827//6827 6834//6834 6835//6835
f 6827//6827 6835//6835 6828//6828
f 6828//6828 6835//6835 6836//6836
f 6828//6828 6836//6836 6764//6764
f 6829//6829 6755//6755 6756//6756
f 6829//6829 6756//6756 6830//6830
f 6830//6830 6756//6756 6757//6757
f 6830//6830 6757//6757 6831//6831
f 6831//6831 6757//6757 6758//6758
f 6831//6831 6758//6758 6832//6832
f 6832//6832 6758//6758 6759//6759
f 6832//6832 6759//6759 6833//6833
f 6833//6833 6759//6759 6760//6760
f 6833//6833 6760//6760 6834//6834
f 6834//6834 6760//6760 6761//6761
f 6834//6834 6761//6761 6835//6835
f 6835//6835 6761//6761 6762//6762
f 6835//6835 6762//6762 6836//6836
f 6836//6836 6762//6762 6763//6763
f 6836//6836 6763//6763 6764//6764
f 6838//6838 6837//6837 6847//6847
f 6838//6838 6847//6847 6839//6839
f 6839//6839 6847//6847 6848//6848
f 6839//6839 6848//6848 6840//6840
f 6840//6840 6848//6848 6849//6849
f 6840//6840 6849//6849 6841//6841
f 6841//6841 6849//6849 6850//6850
f 6841//6841 6850//6850 6842//6842
f 6842//6842 6850//6850 6851//6851
f 6842//6842 6851//6851 6843//6843
f 6843//6843 6851//6851 6852//6852
f 6843//6843 6852//6852 6844//6844
f 6844//6844 6852//6852 6853//6853
f 6844//6844 6853//6853 6845//6845
f 6845//6845 6853//6853 6854//6854
f 6845//6845 6854//6854 6846//6846
f 6847//6847 6837//6837 6855//6855
f 6847//6847 6855//6855 6848//6848
f 6848//6848 6855//6855 6856//6856
f 6848//6848 6856//6856 6849//6849
f 6849//6849 6856//6856 6857//6857
f 6849//6849 6857//6857 6850//6850
f 6850//6850 6857//6857 6858//6858
f 6850//6850 6858//6858 6851//6851
f 6851//6851 6858//6858 6859//6859
f 6851//6851 6859//6859 6852//6852
f 6852//6852 6859//6859 6860//6860
f 6852//6852 6860//6860 6853//6853
f 6853//6853 6860//6860 6861//6861
f 6853//6853 6861//6861 6854//6854
f 6854//6854 6861//6861 6862//6862
f 6854//6854 6862//6862 6846//6846
f 6855//6855 6837//6837 6863//6863
f 6855//6855 6863//6863 6856//6856
f 6856//6856 6863//6863 6864//6864
f 6856//6856 6864//6864 6857//6857
f 6857//6857 6864//6864 6865//6865
f 6857//6857 6865//6865 6858//6858
f 6858//6858 6865//6865 6866//6866
f 6858//6858 6866//6866 6859//6859
f 6859//6859 6866//6866 6867//6867
f 6859//6859 6867//6867 6860//6860
f 6860//6860 6867//6867 6868//6868
f 6860//6860 6868//6868 6861//6861
f 6861//6861 6868//6868 6869//6869
f 6861//6861 6869//6869 6862//6862
f 6862//6862 6869//6869 6870//6870
f 6862//6862 6870//6870 6846//6846
f 6863//6863 6837//6837 6871//6871
f 6863//6863 6871//6871 6864//6864
f 6864//6864 6871//6871 6872//6872
f 6864//6864 6872//6872 6865//6865
f 6865//6865 6872//6872 6873//6873
f 6865//6865 6873//6873 6866//6866
f 6866//6866 6873//6873 6874//6874
f 6866//6866 6874//6874 6867//6867
f 6867//6867 6874//6874 6875//6875
f 6867//6867 6875//6875 6868//6868
f 6868//6868 6875//6875 6876//6876
f 6868//6868 6876//6876 6869//6869
f 6869//6869 6876//6876 6877//6877
f 6869//6869 6877//6877 6870//6870
f 6870//6870 6877//6877 6878//6878
f 6870//6870 6878//6878 6846//6846
f 6871//6871 6837//6837 6879//6879
f 6871//6871 6879//6879 6872//6872
f 6872//6872 6879//6879 6880//6880
f 6872//6872 6880//6880 6873//6873
f 6873//6873 6880//6880 6881//6881
f 6873//6873 6881//6881 6874//6874
f 6874//6874 6881//6881 6882//6882
f 6874//6874 6882//6882 6875//6875
f 6875//6875 6882//6882 6883//6883
f 6875//6875 6883//6883 6876//6876
f 6876//6876 6883//6883 6884//6884
f 6876//6876 6884//6884 6877//6877
f 6877//6877 6884//6884 6885//6885
f 6877//6877 6885//6885 6878//6878
f 6878//6878 6885//6885 6886//6886
f 6878//6878 6886//6886 6846//6846
f 6879//6879 6837//6837 6887//6887
f 6879//6879 6887//6887 6880//6880
f 6880//6880 6887//6887 6888//6888
f 6880//6880 6888//6888 6881//6881
f 6881//6881 6888//6888 6889//6889
f 6881//6881 6889//6889 6882//6882
f 6882//6882 6889//6889 6890//6890
f 6882//6882 6890//6890 6883//6883
f 6883//6883 6890//6890 6891//6891
f 6883//6883 6891//6891 6884//6884
f 6884//6884 6891//6891 6892//6892
f 6884//6884 6892//6892 6885//6885
f 6885//6885 6892//6892 6893//6893
f 6885//6885 6893//6893 6886//6886
f 6886//6886 6893//6893 6894//6894
f 6886//6886 6894//6894 6846//6846
f 6887//6887 6837//6837 6895//6895
f 6887//6887 6895//6895 6888//6888
f 6888//6888 6895//6895 6896//6896
f 6888//6888 6896//6896 6889//6889
f 6889//6889 6896//6896 6897//6897
f 6889//6889 6897//6897 6890//6890
f 6890//6890 6897//6897 6898//6898
f 6890//6890 6898//6898 6891//6891
f 6891//6891 6898//6898 6899//6899
f 6891//6891 6899//6899 6892//6892
f 6892//6892 6899//6899 6900//6900
f 6892//6892 6900//6900 6893//6893
f 6893//6893 6900//6900 6901//6901
f 6893//6893 6901//6901 6894//6894
f 6894//6894 6901//6901 6902//6902
f 6894//6894 6902//6902 6846//6846
f 6895//6895 6837//6837 6903//6903
f 6895//6895 6903//6903 6896//6896
f 6896//6896 6903//6903 6904//6904
f 6896//6896 6904//6904 6897//6897
f 6897//6897 6904//6904 6905//6905
f 6897//6897 6905//6905 6898//6898
f 6898//6898 6905//6905 6906//6906
f 6898//6898 6906//6906 6899//6899
f 6899//6899 6906//6906 6907//6907
f 6899//6899 6907//6907 6900//6900
f 6900//6900 6907//6907 6908//6908
f 6900//6900 6908//6908 6901//6901
f 6901//6901 6908//6908 6909//6909
f 6901//6901 6909//6909 6902//6902
f 6902//6902 6909//6909 6910//6910
f 6902//6902 6910//6910 6846//6846
f 6903//6903 6837//6837 6911//6911
f 6903//6903 6911//6911 6904//6904
f 6904//6904 6911//6911 6912//6912
f 6904//6904 6912//6912 6905//6905
f 6905//6905 6912//6912 6913//6913
f 6905//6905 6913//6913 6906//6906
f 6906//6906 6913//6913 6914//6914
f 6906//6906 6914//6914 6907//6907
f 6907//6907 6914//6914 6915//6915
f 6907//6907 6915//6915 6908//6908
f 6908//6908 6915//6915 6916//6916
f 6908//6908 6916//6916 6909//6909
f 6909//6909 6916//6916 6917//6917
f 6909//6909 6917//6917 6910//6910
f 6910//6910 6917//6917 6918//6918
f 6910//6910 6918//6918 6846//6846
f 6911//6911 6837//6837 6838//6838
f 6911//6911 6838//6838 6912//6912
f 6912//6912 6838//6838 6839//6839
f 6912//6912 6839//6839 6913//6913
f 6913//6913 6839//6839 6840//6840
f 6913//6913 6840//6840 6914//6914
f 6914//6914 6840//6840 6841//6841
f 6914//6914 6841//6841 6915//6915
f 6915//6915 6841//6841 6842//6842
f 6915//6915 6842//6842 6916//6916
f 6916//6916 6842//6842 6843//6843
f 6916//6916 6843//6843 6917//6917
f 6917//6917 6843//6843 6844//6844
f 6917//6917 6844//6844 6918//6918
f 6918//6918 6844//6844 6845//6845
f 6918//6918 6845//6845 6846//6846
f 6920//6920 6919//6919 6929//6929
f 6920//6920 6929//6929 6921//6921
f 6921//6921 6929//6929 6930//6930
f 6921//6921 6930//6930 6922//6922
f 6922//6922 6930//6930 6931//6931
f 6922//6922 6931//6931 6923//6923
f 6923//6923 6931//6931 6932//6932
f 6923//6923 6932//6932 6924//6924
f 6924//6924 6932//6932 6933//6933
f 6924//6924 6933//6933 6925//6925
f 6925//6925 6933//6933 6934//6934
f 6925//6925 6934//6934 6926//6926
f 6926//6926 6934//6934 6935//6935
f 6926//6926 6935//6935 6927//6927
f 6927//6927 6935//6935 6936//6936
f 6927//6927 6936//6936 6928//6928
f 6929//6929 6919//6919 6937//6937
f 6929//6929 6937//6937 6930//6930
f 6930//6930 6937//6937 6938//6938
f 6930//6930 6938//6938 6931//6931
f 6931//6931 6938//6938 6939//6939
f 6931//6931 6939//6939 6932//6932
f 6932//6932 6939//6939 6940//6940
f 6932//6932 6940//6940 6933//6933
f 6933//6933 6940//6940 6941//6941
f 6933//6933 6941//6941 6934//6934
f 6934//6934 6941//6941 6942//6942
f 6934//6934 6942//6942 6935//6935
f 6935//6935 6942//6942 6943//6943
f 6935//6935 6943//6943 6936//6936
f 6936//6936 6943//6943 6944//6944
f 6936//6936 6944//6944 6928//6928
f 6937//6937 6919//6919 6945//6945
f 6937//6937 6945//6945 6938//6938
f 6938//6938 6945//6945 6946//6946
f 6938//6938 6946//6946 6939//6939
f 6939//6939 6946//6946 6947//6947
f 6939//6939 6947//6947 6940//6940
f 6940//6940 6947//6947 6948//6948
f 6940//6940 6948//6948 6941//6941
f 6941//6941 6948//6948 6949//6949
f 6941//6941 6949//6949 6942//6942
f 6942//6942 6949//6949 6950//6950
f 6942//6942 6950//6950 6943//6943
f 6943//6943 6950//6950 6951//6951
f 6943//6943 6951//6951 6944//6944
f 6944//6944 6951//6951 6952//6952
f 6944//6944 6952//6952 6928//6928
f 6945//6945 6919//6919 6953//6953
f 6945//6945 6953//6953 6946//6946
f 6946//6946 6953//6953 6954//6954
f 6946//6946 6954//6954 6947//6947
f 6947//6947 6954//6954 6955//6955
f 6947//6947 6955//6955 6948//6948
f 6948//6948 6955//6955 6956//6956
f 6948//6948 6956//6956 6949//6949
f 6949//6949 6956//6956 6957//6957
f 6949//6949 6957//6957 6950//6950
f 6950//6950 6957//6957 6958//6958
f 6950//6950 6958//6958 6951//6951
f 6951//6951 6958//6958 6959//6959
f 6951//6951 6959//6959 6952//6952
f 6952//6952 6959//6959 6960//6960
f 6952//6952 6960//6960 6928//6928
f 6953//6953 6919//6919 6961//6961
f 6953//6953 6961//6961 6954//6954
f 6954//6954 6961//6961 6962//6962
f 6954//6954 6962//6962 6955//6955
f 6955//6955 6962//6962 6963//6963
f 6955//6955 6963//6963 6956//6956
f 6956//6956 6963//6963 6964//6964
f 6956//6956 6964//6964 6957//6957
f 6957//6957 6964//6964 6965//6965
f 6957//6957 6965//6965 6958//6958
f 6958//6958 6965//6965 6966//6966
f 6958//6958 6966//6966 6959//6959
f 6959//6959 6966//6966 6967//6967
f 6959//6959 6967//6967 6960//6960
f 6960//6960 6967//6967 6968//6968
f 6960//6960 6968//6968 6928//6928
f 6961//6961 6919//6919 6969//6969
f 6961//6961 6969//6969 6962//6962
f 6962//6962 6969//6969 6970//6970
f 6962//6962 6970//6970 6963//6963
f 6963//6963 6970//6970 6971//6971
f 6963//6963 6971//6971 6964//6964
f 6964//6964 6971//6971 6972//6972
f 6964//6964 6972//6972 6965//6965
f 6965//6965 6972//6972 6973//6973
f 6965//6965 6973//6973 6966//6966
f 6966//6966 6973//6973 6974//6974
f 6966//6966 6974//6974 6967//6967
f 6967//6967 6974//6974 6975//6975
f 6967//6967 6975//6975 6968//6968
f 6968//6968 6975//6975 6976//6976
f 6968//6968 6976//6976 6928//6928
f 6969//6969 6919//6919 6977//6977
f 6969//6969 6977//6977 6970//6970
f 6970//6970 6977//6977 6978//6978
f 6970//6970 6978//6978 6971//6971
f 6971//6971 6978//6978 6979//6979
f 6971//6971 6979//6979 6972//6972
f 6972//6972 6979//6979 6980//6980
f 6972//6972 6980//6980 6973//6973
f 6973//6973 6980//6980 6981//6981
f 6973//6973 6981//6981 6974//6974
f 6974//6974 6981//6981 6982//6982
f 6974//6974 6982//6982 6975//6975
f 6975//6975 6982//6982 6983//6983
f 6975//6975 6983//6983 6976//6976
f 6976//6976 6983//6983 6984//6984
f 6976//6976 6984//6984 6928//6928
f 6977//6977 6919//6919 6985//6985
f 6977//6977 6985//6985 6978//6978
f 6978//6978 6985//6985 6986//6986
f 6978//6978 6986//6986 6979//6979
f 6979//6979 6986//6986 6987//6987
f 6979//6979 6987//6987 6980//6980
f 6980//6980 6987//6987 6988//6988
f 6980//6980 6988//6988 6981//6981
f 6981//6981 6988//6988 6989//6989
f 6981//6981 6989//6989 6982//6982
f 6982//6982 6989//6989 6990//6990
f 6982//6982 6990//6990 6983//6983
f 6983//6983 6990//6990 6991//6991
f 6983//6983 6991//6991 6984//6984
f 6984//6984 6991//6991 6992//6992
f 6984//6984 6992//6992 6928//6928
f 6985//6985 6919//6919 6993//6993
f 6985//6985 6993//6993 6986//6986
f 6986//6986 6993//6993 6994//6994
f 6986//6986 6994//6994 6987//6987
f 6987//6987 6994//6994 6995//6995
f 6987//6987 6995//6995 6988//6988
f 6988//6988 6995//6995 6996//6996
f 6988//6988 6996//6996 6989//6989
f 6989//6989 6996//6996 6997//6997
f 6989//6989 6997//6997 6990//6990
f 6990//6990 6997//6997 6998//6998
f 6990//6990 6998//6998 6991//6991
f 6991//6991 6998//6998 6999//6999
f 6991//6991 6999//6999 6992//6992
f 6992//6992 6999//6999 7000//7000
f 6992//6992 7000//7000 6928//6928
f 6993//6993 6919//6919 6920//6920
f 6993//6993 6920//6920 6994//6994
f 6994//6994 6920//6920 6921//6921
f 6994//6994 6921//6921 6995//6995
f 6995//6995 6921//6921 6922//6922
f 6995//6995 6922//6922 6996//6996
f 6996//6996 6922//6922 6923//6923
f 6996//6996 6923//6923 6997//6997
f 6997//6997 6923//6923 6924//6924
f 6997//6997 6924//6924 6998//6998
f 6998//6998 6924//6924 6925//6925
f 6998//6998 6925//6925 6999//6999
f 6999//6999 6925//6925 6926//6926
f 6999//6999 6926//6926 7000//7000
f 7000//7000 6926//6926 6927//6927
f 7000//7000 6927//6927 6928//6928
f 7002//7002 7001//7001 7011//7011
f 7002//7002 7011//7011 7003//7003
f 7003//7003 7011//7011 7012//7012
f 7003//7003 7012//7012 7004//7004
f 7004//7004 7012//7012 7013//7013
f 7004//7004 7013//7013 7005//7005
f 7005//7005 7013//7013 7014//7014
f 7005//7005 7014//7014 7006//7006
f 7006//7006 7014//7014 7015//7015
f 7006//7006 7015//7015 7007//7007
f 7007//7007 7015//7015 7016//7016
f 7007//7007 7016//7016 7008//7008
f 7008//7008 7016//7016 7017//7017
f 7008//7008 7017//7017 7009//7009
f 7009//7009 7017//7017 7018//7018
f 7009//7009 7018//7018 7010//7010
f 7011//7011 7001//7001 7019//7019
f 7011//7011 7019//7019 7012//7012
f 7012//7012 7019//7019 7020//7020
f 7012//7012 7020//7020 7013//7013
f 7013//7013 7020//7020 7021//7021
f 7013//7013 7021//7021 7014//7014
f 7014//7014 7021//7021 7022//7022
f 7014//7014 7022//7022 7015//7015
f 7015//7015 7022//7022 7023//7023
f 7015//7015 7023//7023 7016//7016
f 7016//7016 7023//7023 7024//7024
f 7016//7016 7024//7024 7017//7017
f 7017//7017 7024//7024 7025//7025
f 7017//7017 7025//7025 7018//7018
f 7018//7018 7025//7025 7026//7026
f 7018//7018 7026//7026 7010//7010
f 7019//7019 7001//7001 7027//7027
f 7019//7019 7027//7027 7020//7020
f 7020//7020 7027//7027 7028//7028
f 7020//7020 7028//7028 7021//7021
f 7021//7021 7028//7028 7029//7029
f 7021//7021 7029//7029 7022//7022
f 7022//7022 7029//7029 7030//7030
f 7022//7022 7030//7030 7023//7023
f 7023//7023 7030//7030 7031//7031
f 7023//7023 7031//7031 7024//7024
f 7024//7024 7031//7031 7032//7032
f 7024//7024 7032//7032 7025//7025
f 7025//7025 7032//7032 7033//7033
f 7025//7025 7033//7033 7026//7026
f 7026//7026 7033//7033 7034//7034
f 7026//7026 7034//7034 7010//7010
f 7027//7027 7001//7001 7035//7035
f 7027//7027 7035//7035 7028//7028
f 7028//7028 7035//7035 7036//7036
f 7028//7028 7036//7036 7029//7029
f 7029//7029 7036//7036 7037//7037
f 7029//7029 7037//7037 7030//7030
f 7030//7030 7037//7037 7038//7038
f 7030//7030 7038//7038 7031//7031
f 7031//7031 7038//7038 7039//7039
f 7031//7031 7039//7039 7032//7032
f 7032//7032 7039//7039 7040//7040
f 7032//7032 7040//7040 7033//7033
f 7033//7033 7040//7040 7041//7041
f 7033//7033 7041//7041 7034//7034
f 7034//7034 7041//7041 7042//7042
f 7034//7034 7042//7042 7010//7010
f 7035//7035 7001//7001 7043//7043
f 7035//7035 7043//7043 7036//7036
f 7036//7036 7043//7043 7044//7044
f 7036//7036 7044//7044 7037//7037
f 7037//7037 7044//7044 7045//7045
f 7037//7037 7045//7045 7038//7038
f 7038//7038 7045//7045 7046//7046
f 7038//7038 7046//7046 7039//7039
f 7039//7039 7046//7046 7047//7047
f 7039//7039 7047//7047 7040//7040
f 7040//7040 7047//7047 7048//7048
f 7040//7040 7048//7048 7041//7041
f 7041//7041 7048//7048 7049//7049
f 7041//7041 7049//7049 7042//7042
f 7042//7042 7049//7049 7050//7050
f 7042//7042 7050//7050 7010//7010
f 7043//7043 7001//7001 7051//7051
f 7043//7043 7051//7051 7044//7044
f 7044//7044 7051//7051 7052//7052
f 7044//7044 7052//7052 7045//7045
f 7045//7045 7052//7052 7053//7053
f 7045//7045 7053//7053 7046//7046
f 7046//7046 7053//7053 7054//7054
f 7046//7046 7054//7054 7047//7047
f 7047//7047 7054//7054 7055//7055
f 7047//7047 7055//7055 7048//7048
f 7048//7048 7055//7055 7056//7056
f 7048//7048 7056//7056 7049//7049
f 7049//7049 7056//7056 7057//7057
f 7049//7049 7057//7057 7050//7050
f 7050//7050 7057//7057 7058//7058
f 7050//7050 7058//7058 7010//7010
f 7051//7051 7001//7001 7059//7059
f 7051//7051 7059//7059 7052//7052
f 7052//7052 7059//7059 7060//7060
f 7052//7052 7060//7060 7053//7053
f 7053//7053 7060//7060 7061//7061
f 7053//7053 7061//7061 7054//7054
f 7054//7054 7061//7061 7062//7062
f 7054//7054 7062//7062 7055//7055
f 7055//7055 7062//7062 7063//7063
f 7055//7055 7063//7063 7056//7056
f 7056//7056 7063//7063 7064//7064
f 7056//7056 7064//7064 7057//7057
f 7057//7057 7064//7064 7065//7065
f 7057//7057 7065//7065 7058//7058
f 7058//7058 7065//7065 7066//7066
f 7058//7058 7066//7066 7010//7010
f 7059//7059 7001//7001 7067//7067
f 7059//7059 7067//7067 7060//7060
f 7060//7060 7067//7067 7068//7068
f 7060//7060 7068//7068 7061//7061
f 7061//7061 7068//7068 7069//7069
f 7061//7061 7069//7069 7062//7062
f 7062//7062 7069//7069 7070//7070
f 7062//7062 7070//7070 7063//7063
f 7063//7063 7070//7070 7071//7071
f 7063//7063 7071//7071 7064//7064
f 7064//7064 7071//7071 7072//7072
f 7064//7064 7072//7072 7065//7065
f 7065//7065 7072//7072 7073//7073
f 7065//7065 7073//7073 7066//7066
f 7066//7066 7073//7073 7074//7074
f 7066//7066 7074//7074 7010//7010
f 7067//7067 7001//7001 7075//7075
f 7067//7067 7075//7075 7068//7068
f 7068//7068 7075//7075 7076//7076
f 7068//7068 7076//7076 7069//7069
f 7069//7069 7076//7076 7077//7077
f 7069//7069 7077//7077 7070//7070
f 7070//7070 7077//7077 7078//7078
f 7070//7070 7078//7078 7071//7071
f 7071//7071 7078//7078 7079//7079
f 7071//7071 7079//7079 7072//7072
f 7072//7072 7079//7079 7080//7080
f 7072//7072 7080//7080 7073//7073
f 7073//7073 7080//7080 7081//7081
f 7073//7073 7081//7081 7074//7074
f 7074//7074 7081//7081 7082//7082
f 7074//7074 7082//7082 7010//7010
f 7075//7075 7001//7001 7002//7002
f 7075//7075 7002//7002 7076//7076
f 7076//7076 7002//7002 7003//7003
f 7076//7076 7003//7003 7077//7077
f 7077//7077 7003//7003 7004//7004
f 7077//7077 7004//7004 7078//7078
f 7078//7078 7004//7004 7005//7005
f 7078//7078 7005//7005 7079//7079
f 7079//7079 7005//7005 7006//7006
f 7079//7079 7006//7006 7080//7080
f 7080//7080 7006//7006 7007//7007
f 7080//7080 7007//7007 7081//7081
f 7081//7081 7007//7007 7008//7008
f 7081//7081 7008//7008 7082//7082
f 7082//7082 7008//7008 7009//7009
f 7082//7082 7009//7009 7010//7010
f 7084//7084 7083//7083 7093//7093
f 7084//7084 7093//7093 7085//7085
f 7085//7085 7093//7093 7094//7094
f 7085//7085 7094//7094 7086//7086
f 7086//7086 7094//7094 7095//7095
f 7086//7086 7095//7095 7087//7087
f 7087//7087 7095//7095 7096//7096
f 7087//7087 7096//7096 7088//7088
f 7088//7088 7096//7096 7097//7097
f 7088//7088 7097//7097 7089//7089
f 7089//7089 7097//7097 7098//7098
f 7089//7089 7098//7098 7090//7090
f 7090//7090 7098//7098 7099//7099
f 7090//7090 7099//7099 7091//7091
f 7091//7091 7099//7099 7100//7100
f 7091//7091 7100//7100 7092//7092
f 7093//7093 7083//7083 7101//7101
f 7093//7093 7101//7101 7094//7094
f 7094//7094 7101//7101 7102//7102
f 7094//7094 7102//7102 7095//7095
f 7095//7095 7102//7102 7103//7103
f 7095//7095 7103//7103 7096//7096
f 7096//7096 7103//7103 7104//7104
f 7096//7096 7104//7104 7097//7097
f 7097//7097 7104//7104 7105//7105
f 7097//7097 7105//7105 7098//7098
f 7098//7098 7105//7105 7106//7106
f 7098//7098 7106//7106 7099//7099
f 7099//7099 7106//7106 7107//7107
f 7099//7099 7107//7107 7100//7100
f 7100//7100 7107//7107 7108//7108
f 7100//7100 7108//7108 7092//7092
f 7101//7101 7083//7083 7109//7109
f 7101//7101 7109//7109 7102//7102
f 7102//7102 7109//7109 7110//7110
f 7102//7102 7110//7110 7103//7103
f 7103//7103 7110//7110 7111//7111
f 7103//7103 7111//7111 7104//7104
f 7104//7104 7111//7111 7112//7112
f 7104//7104 7112//7112 7105//7105
f 7105//7105 7112//7112 7113//7113
f 7105//7105 7113//7113 7106//7106
f 7106//7106 7113//7113 7114//7114
f 7106//7106 7114//7114 7107//7107
f 7107//7107 7114//7114 7115//7115
f 7107//7107 7115//7115 7108//7108
f 7108//7108 7115//7115 7116//7116
f 7108//7108 7116//7116 7092//7092
f 7109//7109 7083//7083 7117//7117
f 7109//7109 7117//7117 7110//7110
f 7110//7110 7117//7117 7118//7118
f 7110//7110 7118//7118 7111//7111
f 7111//7111 7118//7118 7119//7119
f 7111//7111 7119//7119 7112//7112
f 7112//7112 7119//7119 7120//7120
f 7112//7112 7120//7120 7113//7113
f 7113//7113 7120//7120 7121//7121
f 7113//7113 7121//7121 7114//7114
f 7114//7114 7121//7121 7122//7122
f 7114//7114 7122//7122 7115//7115
f 7115//7115 7122//7122 7123//7123
f 7115//7115 7123//7123 7116//7116
f 7116//7116 7123//7123 7124//7124
f 7116//7116 7124//7124 7092//7092
f 7117//7117 7083//7083 7125//7125
f 7117//7117 7125//7125 7118//7118
f 7118//7118 7125//7125 7126//7126
f 7118//7118 7126//7126 7119//7119
f 7119//7119 7126//7126 7127//7127
f 7119//7119 7127//7127 7120//7120
f 7120//7120 7127//7127 7128//7128
f 7120//7120 7128//7128 7121//7121
f 7121//7121 7128//7128 7129//7129
f 7121//7121 7129//7129 7122//7122
f 7122//7122 7129//7129 7130//7130
f 7122//7122 7130//7130 7123//7123
f 7123//7123 7130//7130 7131//7131
f 7123//7123 7131//7131 7124//7124
f 7124//7124 7131//7131 7132//7132
f 7124//7124 7132//7132 7092//7092
f 7125//7125 7083//7083 7133//7133
f 7125//7125 7133//7133 7126//7126
f 7126//7126 7133//7133 7134//7134
f 7126//7126 7134//7134 7127//7127
f 7127//7127 7134//7134 7135//7135
f 7127//7127 7135//7135 7128//7128
f 7128//7128 7135//7135 7136//7136
f 7128//7128 7136//7136 7129//7129
f 7129//7129 7136//7136 7137//7137
f 7129//7129 7137//7137 7130//7130
f 7130//7130 7137//7137 7138//7138
f 7130//7130 7138//7138 7131//7131
f 7131//7131 7138//7138 7139//7139
f 7131//7131 7139//7139 7132//7132
f 7132//7132 7139//7139 7140//7140
f 7132//7132 7140//7140 7092//7092
f 7133//7133 7083//7083 7141//7141
f 7133//7133 7141//7141 7134//7134
f 7134//7134 7141//7141 7142//7142
f 7134//7134 7142//7142 7135//7135
f 7135//7135 7142//7142 7143//7143
f 7135//7135 7143//7143 7136//7136
f 7136//7136 7143//7143 7144//7144
f 7136//7136 7144//7144 7137//7137
f 7137//7137 7144//7144 7145//7145
f 7137//7137 7145//7145 7138//7138
f 7138//7138 7145//7145 7146//7146
f 7138//7138 7146//7146 7139//7139
f 7139//7139 7146//7146 7147//7147
f 7139//7139 7147//7147 7140//7140
f 7140//7140 7147//7147 7148//7148
f 7140//7140 7148//7148 7092//7092
f 7141//7141 7083//7083 7149//7149
f 7141//7141 7149//7149 7142//7142
f 7142//7142 7149//7149 7150//7150
f 7142//7142 7150//7150 7143//7143
f 7143//7143 7150//7150 7151//7151
f 7143//7143 7151//7151 7144//7144
f 7144//7144 7151//7151 7152//7152
f 7144//7144 7152//7152 7145//7145
f 7145//7145 7152//7152 7153//7153
f 7145//7145 7153//7153 7146//7146
f 7146//7146 7153//7153 7154//7154
f 7146//7146 7154//7154 7147//7147
f 7147//7147 7154//7154 7155//7155
f 7147//7147 7155//7155 7148//7148
f 7148//7148 7155//7155 7156//7156
f 7148//7148 7156//7156 7092//7092
f 7149//7149 7083//7083 7157//7157
f 7149//7149 7157//7157 7150//7150
f 7150//7150 7157//7157 7158//7158
f 7150//7150 7158//7158 7151//7151
f 7151//7151 7158//7158 7159//7159
f 7151//7151 7159//7159 7152//7152
f 7152//7152 7159//7159 7160//7160
f 7152//7152 7160//7160 7153//7153
f 7153//7153 7160//7160 7161//7161
f 7153//7153 7161//7161 7154//7154
f 7154//7154 7161//7161 7162//7162
f 7154//7154 7162//7162 7155//7155
f 7155//7155 7162//7162 7163//7163
f 7155//7155 7163//7163 7156//7156
f 7156//7156 7163//7163 7164//7164
f 7156//7156 7164//7164 7092//7092
f 7157//7157 7083//7083 7084//7084
f 7157//7157 7084//7084 7158//7158
f 7158//7158 7084//7084 7085//7085
f 7158//7158 7085//7085 7159//7159
f 7159//7159 7085//7085 7086//7086
f 7159//7159 7086//7086 7160//7160
f 7160//7160 7086//7086 7087//7087
f 7160//7160 7087//7087 7161//7161
f 7161//7161 7087//7087 7088//7088
f 7161//7161 7088//7088 7162//7162
f 7162//7162 7088//7088 7089//7089
f 7162//7162 7089//7089 7163//7163
f 7163//7163 7089//7089 7090//7090
f 7163//7163 7090//7090 7164//7164
f 7164//7164 7090//7090 7091//7091
f 7164//7164 7091//7091 7092//7092
f 7166//7166 7165//7165 7175//7175
f 7166//7166 7175//7175 7167//7167
f 7167//7167 7175//7175 7176//7176
f 7167//7167 7176//7176 7168//7168
f 7168//7168 7176//7176 7177//7177
f 7168//7168 7177//7177 7169//7169
f 7169//7169 7177//7177 7178//7178
f 7169//7169 7178//7178 7170//7170
f 7170//7170 7178//7178 7179//7179
f 7170//7170 7179//7179 7171//7171
f 7171//7171 7179//7179 7180//7180
f 7171//7171 7180//7180 7172//7172
f 7172//7172 7180//7180 7181//7181
f 7172//7172 7181//7181 7173//7173
f 7173//7173 7181//7181 7182//7182
f 7173//7173 7182//7182 7174//7174
f 7175//7175 7165//7165 7183//7183
f 7175//7175 7183//7183 7176//7176
f 7176//7176 7183//7183 7184//7184
f 7176//7176 7184//7184 7177//7177
f 7177//7177 7184//7184 7185//7185
f 7177//7177 7185//7185 7178//7178
f 7178//7178 7185//7185 7186//7186
f 7178//7178 7186//7186 7179//7179
f 7179//7179 7186//7186 7187//7187
f 7179//7179 7187//7187 7180//7180
f 7180//7180 7187//7187 7188//7188
f 7180//7180 7188//7188 7181//7181
f 7181//7181 7188//7188 7189//7189
f 7181//7181 7189//7189 7182//7182
f 7182//7182 7189//7189 7190//7190
f 7182//7182 7190//7190 7174//7174
f 7183//7183 7165//7165 7191//7191
f 7183//7183 7191//7191 7184//7184
f 7184//7184 7191//7191 7192//7192
f 7184//7184 7192//7192 7185//7185
f 7185//7185 7192//7192 7193//7193
f 7185//7185 7193//7193 7186//7186
f 7186//7186 7193//7193 7194//7194
f 7186//7186 7194//7194 7187//7187
f 7187//7187 7194//7194 7195//7195
f 7187//7187 7195//7195 7188//7188
f 7188//7188 7195//7195 7196//7196
f 7188//7188 7196//7196 7189//7189
f 7189//7189 7196//7196 7197//7197
f 7189//7189 7197//7197 7190//7190
f 7190//7190 7197//7197 7198//7198
f 7190//7190 7198//7198 7174//7174
f 7191//7191 7165//7165 7199//7199
f 7191//7191 7199//7199 7192//7192
f 7192//7192 7199//7199 7200//7200
f 7192//7192 7200//7200 7193//7193
f 7193//7193 7200//7200 7201//7201
f 7193//7193 7201//7201 7194//7194
f 7194//7194 7201//7201 7202//7202
f 7194//7194 7202//7202 7195//7195
f 7195//7195 7202//7202 7203//7203
f 7195//7195 7203//7203 7196//7196
f 7196//7196 7203//7203 7204//7204
f 7196//7196 7204//7204 7197//7197
f 7197//7197 7204//7204 7205//7205
f 7197//7197 7205//7205 7198//7198
f 7198//7198 7205//7205 7206//7206
f 7198//7198 7206//7206 7174//7174
f 7199//7199 7165//7165 7207//7207
f 7199//7199 7207//7207 7200//7200
f 7200//7200 7207//7207 7208//7208
f 7200//7200 7208//7208 7201//7201
f 7201//7201 7208//7208 7209//7209
f 7201//7201 7209//7209 7202//7202
f 7202//7202 7209//7209 7210//7210
f 7202//7202 7210//7210 7203//7203
f 7203//7203 7210//7210 7211//7211
f 7203//7203 7211//7211 7204//7204
f 7204//7204 7211//7211 7212//7212
f 7204//7204 7212//7212 7205//7205
f 7205//7205 7212//7212 7213//7213
f 7205//7205 7213//7213 7206//7206
f 7206//7206 7213//7213 7214//7214
f 7206//7206 7214//7214 7174//7174
f 7207//7207 7165//7165 7215//7215
f 7207//7207 7215//7215 7208//7208
f 7208//7208 7215//7215 7216//7216
f 7208//7208 7216//7216 7209//7209
f 7209//7209 7216//7216 7217//7217
f 7209//7209 7217//7217 7210//7210
f 7210//7210 7217//7217 7218//7218
f 7210//7210 7218//7218 7211//7211
f 7211//7211 7218//7218 7219//7219
f 7211//7211 7219//7219 7212//7212
f 7212//7212 7219//7219 7220//7220
f 7212//7212 7220//7220 7213//7213
f 7213//7213 7220//7220 7221//7221
f 7213//7213 7221//7221 7214//7214
f 7214//7214 7221//7221 7222//7222
f 7214//7214 7222//7222 7174//7174
f 7215//7215 7165//7165 7223//7223
f 7215//7215 7223//7223 7216//7216
f 7216//7216 7223//7223 7224//7224
f 7216//7216 7224//7224 7217//7217
f 7217//7217 7224//7224 7225//7225
f 7217//7217 7225//7225 7218//7218
f 7218//7218 7225//7225 7226//7226
f 7218//7218 7226//7226 7219//7219
f 7219//7219 7226//7226 7227//7227
f 7219//7219 7227//7227 7220//7220
f 7220//7220 7227//7227 7228//7228
f 7220//7220 7228//7228 7221//7221
f 7221//7221 7228//7228 7229//7229
f 7221//7221 7229//7229 7222//7222
f 7222//7222 7229//7229 7230//7230
f 7222//7222 7230//7230 7174//7174
f 7223//7223 7165//7165 7231//7231
f 7223//7223 7231//7231 7224//7224
f 7224//7224 7231//7231 7232//7232
f 7224//7224 7232//7232 7225//7225
f 7225//7225 7232//7232 7233//7233
f 7225//7225 7233//7233 7226//7226
f 7226//7226 7233//7233 7234//7234
f 7226//7226 7234//7234 7227//7227
f 7227//7227 7234//7234 7235//7235
f 7227//7227 7235//7235 7228//7228
f 7228//7228 7235//7235 7236//7236
f 7228//7228 7236//7236 7229//7229
f 7229//7229 7236//7236 7237//7237
f 7229//7229 7237//7237 7230//7230
f 7230//7230 7237//7237 7238//7238
f 7230//7230 7238//7238 7174//7174
f 7231//7231 7165//7165 7239//7239
f 7231//7231 7239//7239 7232//7232
f 7232//7232 7239//7239 7240//7240
f 7232//7232 7240//7240 7233//7233
f 7233//7233 7240//7240 7241//7241
f 7233//7233 7241//7241 7234//7234
f 7234//7234 7241//7241 7242//7242
f 7234//7234 7242//7242 7235//7235
f 7235//7235 7242//7242 7243//7243
f 7235//7235 7243//7243 7236//7236
f 7236//7236 7243//7243 7244//7244
f 7236//7236 7244//7244 7237//7237
f 7237//7237 7244//7244 7245//7245
f 7237//7237 7245//7245 7238//7238
f 7238//7238 7245//7245 7246//7246
f 7238//7238 7246//7246 7174//7174
f 7239//7239 7165//7165 7166//7166
f 7239//7239 7166//7166 7240//7240
f 7240//7240 7166//7166 7167//7167
f 7240//7240 7167//7167 7241//7241
f 7241//7241 7167//7167 7168//7168
f 7241//7241 7168//7168 7242//7242
f 7242//7242 7168//7168 7169//7169
f 7242//7242 7169//7169 7243//7243
f 7243//7243 7169//7169 7170//7170
f 7243//7243 7170//7170 7244//7244
f 7244//7244 7170//7170 7171//7171
f 7244//7244 7171//7171 7245//7245
f 7245//7245 7171//7171 7172//7172
f 7245//7245 7172//7172 7246//7246
f 7246//7246 7172//7172 7173//7173
f 7246//7246 7173//7173 7174//7174
f 7248//7248 7247//7247 7257//7257
f 7248//7248 7257//7257 7249//7249
f 7249//7249 7257//7257 7258//7258
f 7249//7249 7258//7258 7250//7250
f 7250//7250 7258//7258 7259//7259
f 7250//7250 7259//7259 7251//7251
f 7251//7251 7259//7259 7260//7260
f 7251//7251 7260//7260 7252//7252
f 7252//7252 7260//7260 7261//7261
f 7252//7252 7261//7261 7253//7253
f 7253//7253 7261//7261 7262//7262
f 7253//7253 7262//7262 7254//7254
f 7254//7254 7262//7262 7263//7263
f 7254//7254 7263//7263 7255//7255
f 7255//7255 7263//7263 7264//7264
f 7255//7255 7264//7264 7256//7256
f 7257//7257 7247//7247 7265//7265
f 7257//7257 7265//7265 7258//7258
f 7258//7258 7265//7265 7266//7266
f 7258//7258 7266//7266 7259//7259
f 7259//7259 7266//7266 7267//7267
f 7259//7259 7267//7267 7260//7260
f 7260//7260 7267//7267 7268//7268
f 7260//7260 7268//7268 7261//7261
f 7261//7261 7268//7268 7269//7269
f 7261//7261 7269//7269 7262//7262
f 7262//7262 7269//7269 7270//7270
f 7262//7262 7270//7270 7263//7263
f 7263//7263 7270//7270 7271//7271
f 7263//7263 7271//7271 7264//7264
f 7264//7264 7271//7271 7272//7272
f 7264//7264 7272//7272 7256//7256
f 7265//7265 7247//7247 7273//7273
f 7265//7265 7273//7273 7266//7266
f 7266//7266 7273//7273 7274//7274
f 7266//7266 7274//7274 7267//7267
f 7267//7267 7274//7274 7275//7275
f 7267//7267 7275//7275 7268//7268
f 7268//7268 7275//7275 7276//7276
f 7268//7268 7276//7276 7269//7269
f 7269//7269 7276//7276 7277//7277
f 7269//7269 7277//7277 7270//7270
f 7270//7270 7277//7277 7278//7278
f 7270//7270 7278//7278 7271//7271
f 7271//7271 7278//7278 7279//7279
f 7271//7271 7279//7279 7272//7272
f 7272//7272 7279//7279 7280//7280
f 7272//7272 7280//7280 7256//7256
f 7273//7273 7247//7247 7281//7281
f 7273//7273 7281//7281 7274//7274
f 7274//7274 7281//7281 7282//7282
f 7274//7274 7282//7282 7275//7275
f 7275//7275 7282//7282 7283//7283
f 7275//7275 7283//7283 7276//7276
f 7276//7276 7283//7283 7284//7284
f 7276//7276 7284//7284 7277//7277
f 7277//7277 7284//7284 7285//7285
f 7277//7277 7285//7285 7278//7278
f 7278//7278 7285//7285 7286//7286
f 7278//7278 7286//7286 7279//7279
f 7279//7279 7286//7286 7287//7287
f 7279//7279 7287//7287 7280//7280
f 7280//7280 7287//7287 7288//7288
f 7280//7280 7288//7288 7256//7256
f 7281//7281 7247//7247 7289//7289
f 7281//7281 7289//7289 7282//7282
f 7282//7282 7289//7289 7290//7290
f 7282//7282 7290//7290 7283//7283
f 7283//7283 7290//7290 7291//7291
f 7283//7283 7291//7291 7284//7284
f 7284//7284 7291//7291 7292//7292
f 7284//7284 7292//7292 7285//7285
f 7285//7285 7292//7292 7293//7293
f 7285//7285 7293//7293 7286//7286
f 7286//7286 7293//7293 7294//7294
f 7286//7286 7294//7294 7287//7287
f 7287//7287 7294//7294 7295//7295
f 7287//7287 7295//7295 7288//7288
f 7288//7288 7295//7295 7296//7296
f 7288//7288 7296//7296 7256//7256
f 7289//7289 7247//7247 7297//7297
f 7289//7289 7297//7297 7290//7290
f 7290//7290 7297//7297 7298//7298
f 7290//7290 7298//7298 7291//7291
f 7291//7291 7298//7298 7299//7299
f 7291//7291 7299//7299 7292//7292
f 7292//7292 7299//7299 7300//7300
f 7292//7292 7300//7300 7293//7293
f 7293//7293 7300//7300 7301//7301
f 7293//7293 7301//7301 7294//7294
f 7294//7294 7301//7301 7302//7302
f 7294//7294 7302//7302 7295//7295
f 7295//7295 7302//7302 7303//7303
f 7295//7295 7303//7303 7296//7296
f 7296//7296 7303//7303 7304//7304
f 7296//7296 7304//7304 7256//7256
f 7297//7297 7247//7247 7305//7305
f 7297//7297 7305//7305 7298//7298
f 7298//7298 7305//7305 7306//7306
f 7298//7298 7306//7306 7299//7299
f 7299//7299 7306//7306 7307//7307
f 7299//7299 7307//7307 7300//7300
f 7300//7300 7307//7307 7308//7308
f 7300//7300 7308//7308 7301//7301
f 7301//7301 7308//7308 7309//7309
f 7301//7301 7309//7309 7302//7302
f 7302//7302 7309//7309 7310//7310
f 7302//7302 7310//7310 7303//7303
f 7303//7303 7310//7310 7311//7311
f 7303//7303 7311//7311 7304//7304
f 7304//7304 7311//7311 7312//7312
f 7304//7304 7312//7312 7256//7256
f 7305//7305 7247//7247 7313//7313
f 7305//7305 7313//7313 7306//7306
f 7306//7306 7313//7313 7314//7314
f 7306//7306 7314//7314 7307//7307
f 7307//7307 7314//7314 7315//7315
f 7307//7307 7315//7315 7308//7308
f 7308//7308 7315//7315 7316//7316
f 7308//7308 7316//7316 7309//7309
f 7309//7309 7316//7316 7317//7317
f 7309//7309 7317//7317 7310//7310
f 7310//7310 7317//7317 7318//7318
f 7310//7310 7318//7318 7311//7311
f 7311//7311 7318//7318 7319//7319
f 7311//7311 7319//7319 7312//7312
f 7312//7312 7319//7319 7320//7320
f 7312//7312 7320//7320 7256//7256
f 7313//7313 7247//7247 7321//7321
f 7313//7313 7321//7321 7314//7314
f 7314//7314 7321//7321 7322//7322
f 7314//7314 7322//7322 7315//7315
f 7315//7315 7322//7322 7323//7323
f 7315//7315 7323//7323 7316//7316
f 7316//7316 7323//7323 7324//7324
f 7316//7316 7324//7324 7317//7317
f 7317//7317 7324//7324 7325//7325
f 7317//7317 7325//7325 7318//7318
f 7318//7318 7325//7325 7326//7326
f 7318//7318 7326//7326 7319//7319
f 7319//7319 7326//7326 7327//7327
f 7319//7319 7327//7327 7320//7320
f 7320//7320 7327//7327 7328//7328
f 7320//7320 7328//7328 7256//7256
f 7321//7321 7247//7247 7248//7248
f 7321//7321 7248//7248 7322//7322
f 7322//7322 7248//7248 7249//7249
f 7322//7322 7249//7249 7323//7323
f 7323//7323 7249//7249 7250//7250
f 7323//7323 7250//7250 7324//7324
f 7324//7324 7250//7250 7251//7251
f 7324//7324 7251//7251 7325//7325
f 7325//7325 7251//7251 7252//7252
f 7325//7325 7252//7252 7326//7326
f 7326//7326 7252//7252 7253//7253
f 7326//7326 7253//7253 7327//7327
f 7327//7327 7253//7253 7254//7254
f 7327//7327 7254//7254 7328//7328
f 7328//7328 7254//7254 7255//7255
f 7328//7328 7255//7255 7256//7256

