# https://github.com/mikedh/trimesh

o node
v -0.0222573 1.5128637 0.1450000
v -0.0117427 1.5128637 0.1450000
v -0.0222573 1.4771363 0.1450000
v -0.0117427 1.4771363 0.1450000
v -0.0170000 1.4839596 0.1560585
v -0.0170000 1.5060404 0.1560585
v -0.0170000 1.4839596 0.1339415
v -0.0170000 1.5060404 0.1339415
v -0.0084935 1.4950000 0.1381655
v -0.0084935 1.4950000 0.1518345
v -0.0255065 1.4950000 0.1381655
v -0.0255065 1.4950000 0.1518345
v -0.0170000 1.5160000 0.1450000
v -0.0170000 1.4740000 0.1450000
v -0.0200902 1.4780106 0.1515000
v -0.0139098 1.4780106 0.1515000
v -0.0200902 1.5119894 0.1515000
v -0.0139098 1.5119894 0.1515000
v -0.0170000 1.4950000 0.1580000
v -0.0200902 1.4780106 0.1385000
v -0.0139098 1.4780106 0.1385000
v -0.0200902 1.5119894 0.1385000
v -0.0139098 1.5119894 0.1385000
v -0.0170000 1.4950000 0.1320000
v -0.0089098 1.5055000 0.1409828
v -0.0089098 1.4845000 0.1409828
v -0.0120000 1.4885106 0.1344828
v -0.0120000 1.5014894 0.1344828
v -0.0089098 1.5055000 0.1490172
v -0.0089098 1.4845000 0.1490172
v -0.0120000 1.4885106 0.1555172
v -0.0120000 1.5014894 0.1555172
v -0.0070000 1.4950000 0.1450000
v -0.0250902 1.5055000 0.1409828
v -0.0250902 1.4845000 0.1409828
v -0.0220000 1.4885106 0.1344828
v -0.0220000 1.5014894 0.1344828
v -0.0250902 1.5055000 0.1490172
v -0.0250902 1.4845000 0.1490172
v -0.0220000 1.4885106 0.1555172
v -0.0220000 1.5014894 0.1555172
v -0.0270000 1.4950000 0.1450000
v -0.0432573 1.5120130 0.1450000
v -0.0327427 1.5120130 0.1450000
v -0.0432573 1.4779870 0.1450000
v -0.0327427 1.4779870 0.1450000
v -0.0380000 1.4844854 0.1560585
v -0.0380000 1.5055146 0.1560585
v -0.0380000 1.4844854 0.1339415
v -0.0380000 1.5055146 0.1339415
v -0.0294935 1.4950000 0.1381655
v -0.0294935 1.4950000 0.1518345
v -0.0465065 1.4950000 0.1381655
v -0.0465065 1.4950000 0.1518345
v -0.0380000 1.5150000 0.1450000
v -0.0380000 1.4750000 0.1450000
v -0.0410902 1.4788197 0.1515000
v -0.0349098 1.4788197 0.1515000
v -0.0410902 1.5111803 0.1515000
v -0.0349098 1.5111803 0.1515000
v -0.0380000 1.4950000 0.1580000
v -0.0410902 1.4788197 0.1385000
v -0.0349098 1.4788197 0.1385000
v -0.0410902 1.5111803 0.1385000
v -0.0349098 1.5111803 0.1385000
v -0.0380000 1.4950000 0.1320000
v -0.0299098 1.5050000 0.1409828
v -0.0299098 1.4850000 0.1409828
v -0.0330000 1.4888197 0.1344828
v -0.0330000 1.5011803 0.1344828
v -0.0299098 1.5050000 0.1490172
v -0.0299098 1.4850000 0.1490172
v -0.0330000 1.4888197 0.1555172
v -0.0330000 1.5011803 0.1555172
v -0.0280000 1.4950000 0.1450000
v -0.0460902 1.5050000 0.1409828
v -0.0460902 1.4850000 0.1409828
v -0.0430000 1.4888197 0.1344828
v -0.0430000 1.5011803 0.1344828
v -0.0460902 1.5050000 0.1490172
v -0.0460902 1.4850000 0.1490172
v -0.0430000 1.4888197 0.1555172
v -0.0430000 1.5011803 0.1555172
v -0.0480000 1.4950000 0.1450000
v -0.0657830 1.5154156 0.1354000
v -0.0542170 1.5154156 0.1354000
v -0.0657830 1.4745844 0.1354000
v -0.0542170 1.4745844 0.1354000
v -0.0600000 1.4823825 0.1464585
v -0.0600000 1.5076175 0.1464585
v -0.0600000 1.4823825 0.1243415
v -0.0600000 1.5076175 0.1243415
v -0.0506428 1.4950000 0.1285655
v -0.0506428 1.4950000 0.1422345
v -0.0693572 1.4950000 0.1285655
v -0.0693572 1.4950000 0.1422345
v -0.0600000 1.5190000 0.1354000
v -0.0600000 1.4710000 0.1354000
v -0.0633992 1.4755836 0.1419000
v -0.0566008 1.4755836 0.1419000
v -0.0633992 1.5144164 0.1419000
v -0.0566008 1.5144164 0.1419000
v -0.0600000 1.4950000 0.1484000
v -0.0633992 1.4755836 0.1289000
v -0.0566008 1.4755836 0.1289000
v -0.0633992 1.5144164 0.1289000
v -0.0566008 1.5144164 0.1289000
v -0.0600000 1.4950000 0.1224000
v -0.0511008 1.5070000 0.1313828
v -0.0511008 1.4830000 0.1313828
v -0.0545000 1.4875836 0.1248828
v -0.0545000 1.5024164 0.1248828
v -0.0511008 1.5070000 0.1394172
v -0.0511008 1.4830000 0.1394172
v -0.0545000 1.4875836 0.1459172
v -0.0545000 1.5024164 0.1459172
v -0.0490000 1.4950000 0.1354000
v -0.0688992 1.5070000 0.1313828
v -0.0688992 1.4830000 0.1313828
v -0.0655000 1.4875836 0.1248828
v -0.0655000 1.5024164 0.1248828
v -0.0688992 1.5070000 0.1394172
v -0.0688992 1.4830000 0.1394172
v -0.0655000 1.4875836 0.1459172
v -0.0655000 1.5024164 0.1459172
v -0.0710000 1.4950000 0.1354000
v -0.0898345 1.5128637 0.1243600
v -0.0761655 1.5128637 0.1243600
v -0.0898345 1.4771363 0.1243600
v -0.0761655 1.4771363 0.1243600
v -0.0830000 1.4839596 0.1354185
v -0.0830000 1.5060404 0.1354185
v -0.0830000 1.4839596 0.1133015
v -0.0830000 1.5060404 0.1133015
v -0.0719415 1.4950000 0.1175255
v -0.0719415 1.4950000 0.1311945
v -0.0940585 1.4950000 0.1175255
v -0.0940585 1.4950000 0.1311945
v -0.0830000 1.5160000 0.1243600
v -0.0830000 1.4740000 0.1243600
v -0.0870172 1.4780106 0.1308600
v -0.0789828 1.4780106 0.1308600
v -0.0870172 1.5119894 0.1308600
v -0.0789828 1.5119894 0.1308600
v -0.0830000 1.4950000 0.1373600
v -0.0870172 1.4780106 0.1178600
v -0.0789828 1.4780106 0.1178600
v -0.0870172 1.5119894 0.1178600
v -0.0789828 1.5119894 0.1178600
v -0.0830000 1.4950000 0.1113600
v -0.0724828 1.5055000 0.1203428
v -0.0724828 1.4845000 0.1203428
v -0.0765000 1.4885106 0.1138428
v -0.0765000 1.5014894 0.1138428
v -0.0724828 1.5055000 0.1283772
v -0.0724828 1.4845000 0.1283772
v -0.0765000 1.4885106 0.1348772
v -0.0765000 1.5014894 0.1348772
v -0.0700000 1.4950000 0.1243600
v -0.0935172 1.5055000 0.1203428
v -0.0935172 1.4845000 0.1203428
v -0.0895000 1.4885106 0.1138428
v -0.0895000 1.5014894 0.1138428
v -0.0935172 1.5055000 0.1283772
v -0.0935172 1.4845000 0.1283772
v -0.0895000 1.4885106 0.1348772
v -0.0895000 1.5014894 0.1348772
v -0.0960000 1.4950000 0.1243600
v -0.1118345 1.5128637 0.1138000
v -0.0981655 1.5128637 0.1138000
v -0.1118345 1.4771363 0.1138000
v -0.0981655 1.4771363 0.1138000
v -0.1050000 1.4839596 0.1248585
v -0.1050000 1.5060404 0.1248585
v -0.1050000 1.4839596 0.1027415
v -0.1050000 1.5060404 0.1027415
v -0.0939415 1.4950000 0.1069655
v -0.0939415 1.4950000 0.1206345
v -0.1160585 1.4950000 0.1069655
v -0.1160585 1.4950000 0.1206345
v -0.1050000 1.5160000 0.1138000
v -0.1050000 1.4740000 0.1138000
v -0.1090172 1.4780106 0.1203000
v -0.1009828 1.4780106 0.1203000
v -0.1090172 1.5119894 0.1203000
v -0.1009828 1.5119894 0.1203000
v -0.1050000 1.4950000 0.1268000
v -0.1090172 1.4780106 0.1073000
v -0.1009828 1.4780106 0.1073000
v -0.1090172 1.5119894 0.1073000
v -0.1009828 1.5119894 0.1073000
v -0.1050000 1.4950000 0.1008000
v -0.0944828 1.5055000 0.1097828
v -0.0944828 1.4845000 0.1097828
v -0.0985000 1.4885106 0.1032828
v -0.0985000 1.5014894 0.1032828
v -0.0944828 1.5055000 0.1178172
v -0.0944828 1.4845000 0.1178172
v -0.0985000 1.4885106 0.1243172
v -0.0985000 1.5014894 0.1243172
v -0.0920000 1.4950000 0.1138000
v -0.1155172 1.5055000 0.1097828
v -0.1155172 1.4845000 0.1097828
v -0.1115000 1.4885106 0.1032828
v -0.1115000 1.5014894 0.1032828
v -0.1155172 1.5055000 0.1178172
v -0.1155172 1.4845000 0.1178172
v -0.1115000 1.4885106 0.1243172
v -0.1115000 1.5014894 0.1243172
v -0.1180000 1.4950000 0.1138000
v -0.1389374 1.5120130 0.1018000
v -0.1210626 1.5120130 0.1018000
v -0.1389374 1.4779870 0.1018000
v -0.1210626 1.4779870 0.1018000
v -0.1300000 1.4844854 0.1128585
v -0.1300000 1.5055146 0.1128585
v -0.1300000 1.4844854 0.0907415
v -0.1300000 1.5055146 0.0907415
v -0.1155389 1.4950000 0.0949655
v -0.1155389 1.4950000 0.1086345
v -0.1444611 1.4950000 0.0949655
v -0.1444611 1.4950000 0.1086345
v -0.1300000 1.5150000 0.1018000
v -0.1300000 1.4750000 0.1018000
v -0.1352533 1.4788197 0.1083000
v -0.1247467 1.4788197 0.1083000
v -0.1352533 1.5111803 0.1083000
v -0.1247467 1.5111803 0.1083000
v -0.1300000 1.4950000 0.1148000
v -0.1352533 1.4788197 0.0953000
v -0.1247467 1.4788197 0.0953000
v -0.1352533 1.5111803 0.0953000
v -0.1247467 1.5111803 0.0953000
v -0.1300000 1.4950000 0.0888000
v -0.1162467 1.5050000 0.0977828
v -0.1162467 1.4850000 0.0977828
v -0.1215000 1.4888197 0.0912828
v -0.1215000 1.5011803 0.0912828
v -0.1162467 1.5050000 0.1058172
v -0.1162467 1.4850000 0.1058172
v -0.1215000 1.4888197 0.1123172
v -0.1215000 1.5011803 0.1123172
v -0.1130000 1.4950000 0.1018000
v -0.1437533 1.5050000 0.0977828
v -0.1437533 1.4850000 0.0977828
v -0.1385000 1.4888197 0.0912828
v -0.1385000 1.5011803 0.0912828
v -0.1437533 1.5050000 0.1058172
v -0.1437533 1.4850000 0.1058172
v -0.1385000 1.4888197 0.1123172
v -0.1385000 1.5011803 0.1123172
v -0.1470000 1.4950000 0.1018000
v -0.1659374 1.5111624 0.0888400
v -0.1480626 1.5111624 0.0888400
v -0.1659374 1.4788376 0.0888400
v -0.1480626 1.4788376 0.0888400
v -0.1570000 1.4850111 0.0998985
v -0.1570000 1.5049889 0.0998985
v -0.1570000 1.4850111 0.0777815
v -0.1570000 1.5049889 0.0777815
v -0.1425389 1.4950000 0.0820055
v -0.1425389 1.4950000 0.0956745
v -0.1714611 1.4950000 0.0820055
v -0.1714611 1.4950000 0.0956745
v -0.1570000 1.5140000 0.0888400
v -0.1570000 1.4760000 0.0888400
v -0.1622533 1.4796287 0.0953400
v -0.1517467 1.4796287 0.0953400
v -0.1622533 1.5103713 0.0953400
v -0.1517467 1.5103713 0.0953400
v -0.1570000 1.4950000 0.1018400
v -0.1622533 1.4796287 0.0823400
v -0.1517467 1.4796287 0.0823400
v -0.1622533 1.5103713 0.0823400
v -0.1517467 1.5103713 0.0823400
v -0.1570000 1.4950000 0.0758400
v -0.1432467 1.5045000 0.0848228
v -0.1432467 1.4855000 0.0848228
v -0.1485000 1.4891287 0.0783228
v -0.1485000 1.5008713 0.0783228
v -0.1432467 1.5045000 0.0928572
v -0.1432467 1.4855000 0.0928572
v -0.1485000 1.4891287 0.0993572
v -0.1485000 1.5008713 0.0993572
v -0.1400000 1.4950000 0.0888400
v -0.1707533 1.5045000 0.0848228
v -0.1707533 1.4855000 0.0848228
v -0.1655000 1.4891287 0.0783228
v -0.1655000 1.5008713 0.0783228
v -0.1707533 1.5045000 0.0928572
v -0.1707533 1.4855000 0.0928572
v -0.1655000 1.4891287 0.0993572
v -0.1655000 1.5008713 0.0993572
v -0.1740000 1.4950000 0.0888400
v -0.1904117 1.5103117 0.0768400
v -0.1735883 1.5103117 0.0768400
v -0.1904117 1.4796883 0.0768400
v -0.1735883 1.4796883 0.0768400
v -0.1820000 1.4855368 0.0878985
v -0.1820000 1.5044632 0.0878985
v -0.1820000 1.4855368 0.0657815
v -0.1820000 1.5044632 0.0657815
v -0.1683896 1.4950000 0.0700055
v -0.1683896 1.4950000 0.0836745
v -0.1956104 1.4950000 0.0700055
v -0.1956104 1.4950000 0.0836745
v -0.1820000 1.5130000 0.0768400
v -0.1820000 1.4770000 0.0768400
v -0.1869443 1.4804377 0.0833400
v -0.1770557 1.4804377 0.0833400
v -0.1869443 1.5095623 0.0833400
v -0.1770557 1.5095623 0.0833400
v -0.1820000 1.4950000 0.0898400
v -0.1869443 1.4804377 0.0703400
v -0.1770557 1.4804377 0.0703400
v -0.1869443 1.5095623 0.0703400
v -0.1770557 1.5095623 0.0703400
v -0.1820000 1.4950000 0.0638400
v -0.1690557 1.5040000 0.0728228
v -0.1690557 1.4860000 0.0728228
v -0.1740000 1.4894377 0.0663228
v -0.1740000 1.5005623 0.0663228
v -0.1690557 1.5040000 0.0808572
v -0.1690557 1.4860000 0.0808572
v -0.1740000 1.4894377 0.0873572
v -0.1740000 1.5005623 0.0873572
v -0.1660000 1.4950000 0.0768400
v -0.1949443 1.5040000 0.0728228
v -0.1949443 1.4860000 0.0728228
v -0.1900000 1.4894377 0.0663228
v -0.1900000 1.5005623 0.0663228
v -0.1949443 1.5040000 0.0808572
v -0.1949443 1.4860000 0.0808572
v -0.1900000 1.4894377 0.0873572
v -0.1900000 1.5005623 0.0873572
v -0.1980000 1.4950000 0.0768400
v 0.0117427 1.5128637 0.1450000
v 0.0222573 1.5128637 0.1450000
v 0.0117427 1.4771363 0.1450000
v 0.0222573 1.4771363 0.1450000
v 0.0170000 1.4839596 0.1560585
v 0.0170000 1.5060404 0.1560585
v 0.0170000 1.4839596 0.1339415
v 0.0170000 1.5060404 0.1339415
v 0.0255065 1.4950000 0.1381655
v 0.0255065 1.4950000 0.1518345
v 0.0084935 1.4950000 0.1381655
v 0.0084935 1.4950000 0.1518345
v 0.0170000 1.5160000 0.1450000
v 0.0170000 1.4740000 0.1450000
v 0.0139098 1.4780106 0.1515000
v 0.0200902 1.4780106 0.1515000
v 0.0139098 1.5119894 0.1515000
v 0.0200902 1.5119894 0.1515000
v 0.0170000 1.4950000 0.1580000
v 0.0139098 1.4780106 0.1385000
v 0.0200902 1.4780106 0.1385000
v 0.0139098 1.5119894 0.1385000
v 0.0200902 1.5119894 0.1385000
v 0.0170000 1.4950000 0.1320000
v 0.0250902 1.5055000 0.1409828
v 0.0250902 1.4845000 0.1409828
v 0.0220000 1.4885106 0.1344828
v 0.0220000 1.5014894 0.1344828
v 0.0250902 1.5055000 0.1490172
v 0.0250902 1.4845000 0.1490172
v 0.0220000 1.4885106 0.1555172
v 0.0220000 1.5014894 0.1555172
v 0.0270000 1.4950000 0.1450000
v 0.0089098 1.5055000 0.1409828
v 0.0089098 1.4845000 0.1409828
v 0.0120000 1.4885106 0.1344828
v 0.0120000 1.5014894 0.1344828
v 0.0089098 1.5055000 0.1490172
v 0.0089098 1.4845000 0.1490172
v 0.0120000 1.4885106 0.1555172
v 0.0120000 1.5014894 0.1555172
v 0.0070000 1.4950000 0.1450000
v 0.0327427 1.5120130 0.1450000
v 0.0432573 1.5120130 0.1450000
v 0.0327427 1.4779870 0.1450000
v 0.0432573 1.4779870 0.1450000
v 0.0380000 1.4844854 0.1560585
v 0.0380000 1.5055146 0.1560585
v 0.0380000 1.4844854 0.1339415
v 0.0380000 1.5055146 0.1339415
v 0.0465065 1.4950000 0.1381655
v 0.0465065 1.4950000 0.1518345
v 0.0294935 1.4950000 0.1381655
v 0.0294935 1.4950000 0.1518345
v 0.0380000 1.5150000 0.1450000
v 0.0380000 1.4750000 0.1450000
v 0.0349098 1.4788197 0.1515000
v 0.0410902 1.4788197 0.1515000
v 0.0349098 1.5111803 0.1515000
v 0.0410902 1.5111803 0.1515000
v 0.0380000 1.4950000 0.1580000
v 0.0349098 1.4788197 0.1385000
v 0.0410902 1.4788197 0.1385000
v 0.0349098 1.5111803 0.1385000
v 0.0410902 1.5111803 0.1385000
v 0.0380000 1.4950000 0.1320000
v 0.0460902 1.5050000 0.1409828
v 0.0460902 1.4850000 0.1409828
v 0.0430000 1.4888197 0.1344828
v 0.0430000 1.5011803 0.1344828
v 0.0460902 1.5050000 0.1490172
v 0.0460902 1.4850000 0.1490172
v 0.0430000 1.4888197 0.1555172
v 0.0430000 1.5011803 0.1555172
v 0.0480000 1.4950000 0.1450000
v 0.0299098 1.5050000 0.1409828
v 0.0299098 1.4850000 0.1409828
v 0.0330000 1.4888197 0.1344828
v 0.0330000 1.5011803 0.1344828
v 0.0299098 1.5050000 0.1490172
v 0.0299098 1.4850000 0.1490172
v 0.0330000 1.4888197 0.1555172
v 0.0330000 1.5011803 0.1555172
v 0.0280000 1.4950000 0.1450000
v 0.0542170 1.5154156 0.1354000
v 0.0657830 1.5154156 0.1354000
v 0.0542170 1.4745844 0.1354000
v 0.0657830 1.4745844 0.1354000
v 0.0600000 1.4823825 0.1464585
v 0.0600000 1.5076175 0.1464585
v 0.0600000 1.4823825 0.1243415
v 0.0600000 1.5076175 0.1243415
v 0.0693572 1.4950000 0.1285655
v 0.0693572 1.4950000 0.1422345
v 0.0506428 1.4950000 0.1285655
v 0.0506428 1.4950000 0.1422345
v 0.0600000 1.5190000 0.1354000
v 0.0600000 1.4710000 0.1354000
v 0.0566008 1.4755836 0.1419000
v 0.0633992 1.4755836 0.1419000
v 0.0566008 1.5144164 0.1419000
v 0.0633992 1.5144164 0.1419000
v 0.0600000 1.4950000 0.1484000
v 0.0566008 1.4755836 0.1289000
v 0.0633992 1.4755836 0.1289000
v 0.0566008 1.5144164 0.1289000
v 0.0633992 1.5144164 0.1289000
v 0.0600000 1.4950000 0.1224000
v 0.0688992 1.5070000 0.1313828
v 0.0688992 1.4830000 0.1313828
v 0.0655000 1.4875836 0.1248828
v 0.0655000 1.5024164 0.1248828
v 0.0688992 1.5070000 0.1394172
v 0.0688992 1.4830000 0.1394172
v 0.0655000 1.4875836 0.1459172
v 0.0655000 1.5024164 0.1459172
v 0.0710000 1.4950000 0.1354000
v 0.0511008 1.5070000 0.1313828
v 0.0511008 1.4830000 0.1313828
v 0.0545000 1.4875836 0.1248828
v 0.0545000 1.5024164 0.1248828
v 0.0511008 1.5070000 0.1394172
v 0.0511008 1.4830000 0.1394172
v 0.0545000 1.4875836 0.1459172
v 0.0545000 1.5024164 0.1459172
v 0.0490000 1.4950000 0.1354000
v 0.0761655 1.5128637 0.1243600
v 0.0898345 1.5128637 0.1243600
v 0.0761655 1.4771363 0.1243600
v 0.0898345 1.4771363 0.1243600
v 0.0830000 1.4839596 0.1354185
v 0.0830000 1.5060404 0.1354185
v 0.0830000 1.4839596 0.1133015
v 0.0830000 1.5060404 0.1133015
v 0.0940585 1.4950000 0.1175255
v 0.0940585 1.4950000 0.1311945
v 0.0719415 1.4950000 0.1175255
v 0.0719415 1.4950000 0.1311945
v 0.0830000 1.5160000 0.1243600
v 0.0830000 1.4740000 0.1243600
v 0.0789828 1.4780106 0.1308600
v 0.0870172 1.4780106 0.1308600
v 0.0789828 1.5119894 0.1308600
v 0.0870172 1.5119894 0.1308600
v 0.0830000 1.4950000 0.1373600
v 0.0789828 1.4780106 0.1178600
v 0.0870172 1.4780106 0.1178600
v 0.0789828 1.5119894 0.1178600
v 0.0870172 1.5119894 0.1178600
v 0.0830000 1.4950000 0.1113600
v 0.0935172 1.5055000 0.1203428
v 0.0935172 1.4845000 0.1203428
v 0.0895000 1.4885106 0.1138428
v 0.0895000 1.5014894 0.1138428
v 0.0935172 1.5055000 0.1283772
v 0.0935172 1.4845000 0.1283772
v 0.0895000 1.4885106 0.1348772
v 0.0895000 1.5014894 0.1348772
v 0.0960000 1.4950000 0.1243600
v 0.0724828 1.5055000 0.1203428
v 0.0724828 1.4845000 0.1203428
v 0.0765000 1.4885106 0.1138428
v 0.0765000 1.5014894 0.1138428
v 0.0724828 1.5055000 0.1283772
v 0.0724828 1.4845000 0.1283772
v 0.0765000 1.4885106 0.1348772
v 0.0765000 1.5014894 0.1348772
v 0.0700000 1.4950000 0.1243600
v 0.0981655 1.5128637 0.1138000
v 0.1118345 1.5128637 0.1138000
v 0.0981655 1.4771363 0.1138000
v 0.1118345 1.4771363 0.1138000
v 0.1050000 1.4839596 0.1248585
v 0.1050000 1.5060404 0.1248585
v 0.1050000 1.4839596 0.1027415
v 0.1050000 1.5060404 0.1027415
v 0.1160585 1.4950000 0.1069655
v 0.1160585 1.4950000 0.1206345
v 0.0939415 1.4950000 0.1069655
v 0.0939415 1.4950000 0.1206345
v 0.1050000 1.5160000 0.1138000
v 0.1050000 1.4740000 0.1138000
v 0.1009828 1.4780106 0.1203000
v 0.1090172 1.4780106 0.1203000
v 0.1009828 1.5119894 0.1203000
v 0.1090172 1.5119894 0.1203000
v 0.1050000 1.4950000 0.1268000
v 0.1009828 1.4780106 0.1073000
v 0.1090172 1.4780106 0.1073000
v 0.1009828 1.5119894 0.1073000
v 0.1090172 1.5119894 0.1073000
v 0.1050000 1.4950000 0.1008000
v 0.1155172 1.5055000 0.1097828
v 0.1155172 1.4845000 0.1097828
v 0.1115000 1.4885106 0.1032828
v 0.1115000 1.5014894 0.1032828
v 0.1155172 1.5055000 0.1178172
v 0.1155172 1.4845000 0.1178172
v 0.1115000 1.4885106 0.1243172
v 0.1115000 1.5014894 0.1243172
v 0.1180000 1.4950000 0.1138000
v 0.0944828 1.5055000 0.1097828
v 0.0944828 1.4845000 0.1097828
v 0.0985000 1.4885106 0.1032828
v 0.0985000 1.5014894 0.1032828
v 0.0944828 1.5055000 0.1178172
v 0.0944828 1.4845000 0.1178172
v 0.0985000 1.4885106 0.1243172
v 0.0985000 1.5014894 0.1243172
v 0.0920000 1.4950000 0.1138000
v 0.1210626 1.5120130 0.1018000
v 0.1389374 1.5120130 0.1018000
v 0.1210626 1.4779870 0.1018000
v 0.1389374 1.4779870 0.1018000
v 0.1300000 1.4844854 0.1128585
v 0.1300000 1.5055146 0.1128585
v 0.1300000 1.4844854 0.0907415
v 0.1300000 1.5055146 0.0907415
v 0.1444611 1.4950000 0.0949655
v 0.1444611 1.4950000 0.1086345
v 0.1155389 1.4950000 0.0949655
v 0.1155389 1.4950000 0.1086345
v 0.1300000 1.5150000 0.1018000
v 0.1300000 1.4750000 0.1018000
v 0.1247467 1.4788197 0.1083000
v 0.1352533 1.4788197 0.1083000
v 0.1247467 1.5111803 0.1083000
v 0.1352533 1.5111803 0.1083000
v 0.1300000 1.4950000 0.1148000
v 0.1247467 1.4788197 0.0953000
v 0.1352533 1.4788197 0.0953000
v 0.1247467 1.5111803 0.0953000
v 0.1352533 1.5111803 0.0953000
v 0.1300000 1.4950000 0.0888000
v 0.1437533 1.5050000 0.0977828
v 0.1437533 1.4850000 0.0977828
v 0.1385000 1.4888197 0.0912828
v 0.1385000 1.5011803 0.0912828
v 0.1437533 1.5050000 0.1058172
v 0.1437533 1.4850000 0.1058172
v 0.1385000 1.4888197 0.1123172
v 0.1385000 1.5011803 0.1123172
v 0.1470000 1.4950000 0.1018000
v 0.1162467 1.5050000 0.0977828
v 0.1162467 1.4850000 0.0977828
v 0.1215000 1.4888197 0.0912828
v 0.1215000 1.5011803 0.0912828
v 0.1162467 1.5050000 0.1058172
v 0.1162467 1.4850000 0.1058172
v 0.1215000 1.4888197 0.1123172
v 0.1215000 1.5011803 0.1123172
v 0.1130000 1.4950000 0.1018000
v 0.1480626 1.5111624 0.0888400
v 0.1659374 1.5111624 0.0888400
v 0.1480626 1.4788376 0.0888400
v 0.1659374 1.4788376 0.0888400
v 0.1570000 1.4850111 0.0998985
v 0.1570000 1.5049889 0.0998985
v 0.1570000 1.4850111 0.0777815
v 0.1570000 1.5049889 0.0777815
v 0.1714611 1.4950000 0.0820055
v 0.1714611 1.4950000 0.0956745
v 0.1425389 1.4950000 0.0820055
v 0.1425389 1.4950000 0.0956745
v 0.1570000 1.5140000 0.0888400
v 0.1570000 1.4760000 0.0888400
v 0.1517467 1.4796287 0.0953400
v 0.1622533 1.4796287 0.0953400
v 0.1517467 1.5103713 0.0953400
v 0.1622533 1.5103713 0.0953400
v 0.1570000 1.4950000 0.1018400
v 0.1517467 1.4796287 0.0823400
v 0.1622533 1.4796287 0.0823400
v 0.1517467 1.5103713 0.0823400
v 0.1622533 1.5103713 0.0823400
v 0.1570000 1.4950000 0.0758400
v 0.1707533 1.5045000 0.0848228
v 0.1707533 1.4855000 0.0848228
v 0.1655000 1.4891287 0.0783228
v 0.1655000 1.5008713 0.0783228
v 0.1707533 1.5045000 0.0928572
v 0.1707533 1.4855000 0.0928572
v 0.1655000 1.4891287 0.0993572
v 0.1655000 1.5008713 0.0993572
v 0.1740000 1.4950000 0.0888400
v 0.1432467 1.5045000 0.0848228
v 0.1432467 1.4855000 0.0848228
v 0.1485000 1.4891287 0.0783228
v 0.1485000 1.5008713 0.0783228
v 0.1432467 1.5045000 0.0928572
v 0.1432467 1.4855000 0.0928572
v 0.1485000 1.4891287 0.0993572
v 0.1485000 1.5008713 0.0993572
v 0.1400000 1.4950000 0.0888400
v 0.1735883 1.5103117 0.0768400
v 0.1904117 1.5103117 0.0768400
v 0.1735883 1.4796883 0.0768400
v 0.1904117 1.4796883 0.0768400
v 0.1820000 1.4855368 0.0878985
v 0.1820000 1.5044632 0.0878985
v 0.1820000 1.4855368 0.0657815
v 0.1820000 1.5044632 0.0657815
v 0.1956104 1.4950000 0.0700055
v 0.1956104 1.4950000 0.0836745
v 0.1683896 1.4950000 0.0700055
v 0.1683896 1.4950000 0.0836745
v 0.1820000 1.5130000 0.0768400
v 0.1820000 1.4770000 0.0768400
v 0.1770557 1.4804377 0.0833400
v 0.1869443 1.4804377 0.0833400
v 0.1770557 1.5095623 0.0833400
v 0.1869443 1.5095623 0.0833400
v 0.1820000 1.4950000 0.0898400
v 0.1770557 1.4804377 0.0703400
v 0.1869443 1.4804377 0.0703400
v 0.1770557 1.5095623 0.0703400
v 0.1869443 1.5095623 0.0703400
v 0.1820000 1.4950000 0.0638400
v 0.1949443 1.5040000 0.0728228
v 0.1949443 1.4860000 0.0728228
v 0.1900000 1.4894377 0.0663228
v 0.1900000 1.5005623 0.0663228
v 0.1949443 1.5040000 0.0808572
v 0.1949443 1.4860000 0.0808572
v 0.1900000 1.4894377 0.0873572
v 0.1900000 1.5005623 0.0873572
v 0.1980000 1.4950000 0.0768400
v 0.1690557 1.5040000 0.0728228
v 0.1690557 1.4860000 0.0728228
v 0.1740000 1.4894377 0.0663228
v 0.1740000 1.5005623 0.0663228
v 0.1690557 1.5040000 0.0808572
v 0.1690557 1.4860000 0.0808572
v 0.1740000 1.4894377 0.0873572
v 0.1740000 1.5005623 0.0873572
v 0.1660000 1.4950000 0.0768400
v -0.0222573 1.4428637 0.1450000
v -0.0117427 1.4428637 0.1450000
v -0.0222573 1.4071363 0.1450000
v -0.0117427 1.4071363 0.1450000
v -0.0170000 1.4139596 0.1552078
v -0.0170000 1.4360404 0.1552078
v -0.0170000 1.4139596 0.1347922
v -0.0170000 1.4360404 0.1347922
v -0.0084935 1.4250000 0.1386912
v -0.0084935 1.4250000 0.1513088
v -0.0255065 1.4250000 0.1386912
v -0.0255065 1.4250000 0.1513088
v -0.0170000 1.4460000 0.1450000
v -0.0170000 1.4040000 0.1450000
v -0.0200902 1.4080106 0.1510000
v -0.0139098 1.4080106 0.1510000
v -0.0200902 1.4419894 0.1510000
v -0.0139098 1.4419894 0.1510000
v -0.0170000 1.4250000 0.1570000
v -0.0200902 1.4080106 0.1390000
v -0.0139098 1.4080106 0.1390000
v -0.0200902 1.4419894 0.1390000
v -0.0139098 1.4419894 0.1390000
v -0.0170000 1.4250000 0.1330000
v -0.0089098 1.4355000 0.1412918
v -0.0089098 1.4145000 0.1412918
v -0.0120000 1.4185106 0.1352918
v -0.0120000 1.4314894 0.1352918
v -0.0089098 1.4355000 0.1487082
v -0.0089098 1.4145000 0.1487082
v -0.0120000 1.4185106 0.1547082
v -0.0120000 1.4314894 0.1547082
v -0.0070000 1.4250000 0.1450000
v -0.0250902 1.4355000 0.1412918
v -0.0250902 1.4145000 0.1412918
v -0.0220000 1.4185106 0.1352918
v -0.0220000 1.4314894 0.1352918
v -0.0250902 1.4355000 0.1487082
v -0.0250902 1.4145000 0.1487082
v -0.0220000 1.4185106 0.1547082
v -0.0220000 1.4314894 0.1547082
v -0.0270000 1.4250000 0.1450000
v -0.0432573 1.4420130 0.1450000
v -0.0327427 1.4420130 0.1450000
v -0.0432573 1.4079870 0.1450000
v -0.0327427 1.4079870 0.1450000
v -0.0380000 1.4144854 0.1552078
v -0.0380000 1.4355146 0.1552078
v -0.0380000 1.4144854 0.1347922
v -0.0380000 1.4355146 0.1347922
v -0.0294935 1.4250000 0.1386912
v -0.0294935 1.4250000 0.1513088
v -0.0465065 1.4250000 0.1386912
v -0.0465065 1.4250000 0.1513088
v -0.0380000 1.4450000 0.1450000
v -0.0380000 1.4050000 0.1450000
v -0.0410902 1.4088197 0.1510000
v -0.0349098 1.4088197 0.1510000
v -0.0410902 1.4411803 0.1510000
v -0.0349098 1.4411803 0.1510000
v -0.0380000 1.4250000 0.1570000
v -0.0410902 1.4088197 0.1390000
v -0.0349098 1.4088197 0.1390000
v -0.0410902 1.4411803 0.1390000
v -0.0349098 1.4411803 0.1390000
v -0.0380000 1.4250000 0.1330000
v -0.0299098 1.4350000 0.1412918
v -0.0299098 1.4150000 0.1412918
v -0.0330000 1.4188197 0.1352918
v -0.0330000 1.4311803 0.1352918
v -0.0299098 1.4350000 0.1487082
v -0.0299098 1.4150000 0.1487082
v -0.0330000 1.4188197 0.1547082
v -0.0330000 1.4311803 0.1547082
v -0.0280000 1.4250000 0.1450000
v -0.0460902 1.4350000 0.1412918
v -0.0460902 1.4150000 0.1412918
v -0.0430000 1.4188197 0.1352918
v -0.0430000 1.4311803 0.1352918
v -0.0460902 1.4350000 0.1487082
v -0.0460902 1.4150000 0.1487082
v -0.0430000 1.4188197 0.1547082
v -0.0430000 1.4311803 0.1547082
v -0.0480000 1.4250000 0.1450000
v -0.0657830 1.4454156 0.1354000
v -0.0542170 1.4454156 0.1354000
v -0.0657830 1.4045844 0.1354000
v -0.0542170 1.4045844 0.1354000
v -0.0600000 1.4123825 0.1456078
v -0.0600000 1.4376175 0.1456078
v -0.0600000 1.4123825 0.1251922
v -0.0600000 1.4376175 0.1251922
v -0.0506428 1.4250000 0.1290912
v -0.0506428 1.4250000 0.1417088
v -0.0693572 1.4250000 0.1290912
v -0.0693572 1.4250000 0.1417088
v -0.0600000 1.4490000 0.1354000
v -0.0600000 1.4010000 0.1354000
v -0.0633992 1.4055836 0.1414000
v -0.0566008 1.4055836 0.1414000
v -0.0633992 1.4444164 0.1414000
v -0.0566008 1.4444164 0.1414000
v -0.0600000 1.4250000 0.1474000
v -0.0633992 1.4055836 0.1294000
v -0.0566008 1.4055836 0.1294000
v -0.0633992 1.4444164 0.1294000
v -0.0566008 1.4444164 0.1294000
v -0.0600000 1.4250000 0.1234000
v -0.0511008 1.4370000 0.1316918
v -0.0511008 1.4130000 0.1316918
v -0.0545000 1.4175836 0.1256918
v -0.0545000 1.4324164 0.1256918
v -0.0511008 1.4370000 0.1391082
v -0.0511008 1.4130000 0.1391082
v -0.0545000 1.4175836 0.1451082
v -0.0545000 1.4324164 0.1451082
v -0.0490000 1.4250000 0.1354000
v -0.0688992 1.4370000 0.1316918
v -0.0688992 1.4130000 0.1316918
v -0.0655000 1.4175836 0.1256918
v -0.0655000 1.4324164 0.1256918
v -0.0688992 1.4370000 0.1391082
v -0.0688992 1.4130000 0.1391082
v -0.0655000 1.4175836 0.1451082
v -0.0655000 1.4324164 0.1451082
v -0.0710000 1.4250000 0.1354000
v -0.0898345 1.4428637 0.1243600
v -0.0761655 1.4428637 0.1243600
v -0.0898345 1.4071363 0.1243600
v -0.0761655 1.4071363 0.1243600
v -0.0830000 1.4139596 0.1345678
v -0.0830000 1.4360404 0.1345678
v -0.0830000 1.4139596 0.1141522
v -0.0830000 1.4360404 0.1141522
v -0.0719415 1.4250000 0.1180512
v -0.0719415 1.4250000 0.1306688
v -0.0940585 1.4250000 0.1180512
v -0.0940585 1.4250000 0.1306688
v -0.0830000 1.4460000 0.1243600
v -0.0830000 1.4040000 0.1243600
v -0.0870172 1.4080106 0.1303600
v -0.0789828 1.4080106 0.1303600
v -0.0870172 1.4419894 0.1303600
v -0.0789828 1.4419894 0.1303600
v -0.0830000 1.4250000 0.1363600
v -0.0870172 1.4080106 0.1183600
v -0.0789828 1.4080106 0.1183600
v -0.0870172 1.4419894 0.1183600
v -0.0789828 1.4419894 0.1183600
v -0.0830000 1.4250000 0.1123600
v -0.0724828 1.4355000 0.1206518
v -0.0724828 1.4145000 0.1206518
v -0.0765000 1.4185106 0.1146518
v -0.0765000 1.4314894 0.1146518
v -0.0724828 1.4355000 0.1280682
v -0.0724828 1.4145000 0.1280682
v -0.0765000 1.4185106 0.1340682
v -0.0765000 1.4314894 0.1340682
v -0.0700000 1.4250000 0.1243600
v -0.0935172 1.4355000 0.1206518
v -0.0935172 1.4145000 0.1206518
v -0.0895000 1.4185106 0.1146518
v -0.0895000 1.4314894 0.1146518
v -0.0935172 1.4355000 0.1280682
v -0.0935172 1.4145000 0.1280682
v -0.0895000 1.4185106 0.1340682
v -0.0895000 1.4314894 0.1340682
v -0.0960000 1.4250000 0.1243600
v -0.1118345 1.4428637 0.1138000
v -0.0981655 1.4428637 0.1138000
v -0.1118345 1.4071363 0.1138000
v -0.0981655 1.4071363 0.1138000
v -0.1050000 1.4139596 0.1240078
v -0.1050000 1.4360404 0.1240078
v -0.1050000 1.4139596 0.1035922
v -0.1050000 1.4360404 0.1035922
v -0.0939415 1.4250000 0.1074912
v -0.0939415 1.4250000 0.1201088
v -0.1160585 1.4250000 0.1074912
v -0.1160585 1.4250000 0.1201088
v -0.1050000 1.4460000 0.1138000
v -0.1050000 1.4040000 0.1138000
v -0.1090172 1.4080106 0.1198000
v -0.1009828 1.4080106 0.1198000
v -0.1090172 1.4419894 0.1198000
v -0.1009828 1.4419894 0.1198000
v -0.1050000 1.4250000 0.1258000
v -0.1090172 1.4080106 0.1078000
v -0.1009828 1.4080106 0.1078000
v -0.1090172 1.4419894 0.1078000
v -0.1009828 1.4419894 0.1078000
v -0.1050000 1.4250000 0.1018000
v -0.0944828 1.4355000 0.1100918
v -0.0944828 1.4145000 0.1100918
v -0.0985000 1.4185106 0.1040918
v -0.0985000 1.4314894 0.1040918
v -0.0944828 1.4355000 0.1175082
v -0.0944828 1.4145000 0.1175082
v -0.0985000 1.4185106 0.1235082
v -0.0985000 1.4314894 0.1235082
v -0.0920000 1.4250000 0.1138000
v -0.1155172 1.4355000 0.1100918
v -0.1155172 1.4145000 0.1100918
v -0.1115000 1.4185106 0.1040918
v -0.1115000 1.4314894 0.1040918
v -0.1155172 1.4355000 0.1175082
v -0.1155172 1.4145000 0.1175082
v -0.1115000 1.4185106 0.1235082
v -0.1115000 1.4314894 0.1235082
v -0.1180000 1.4250000 0.1138000
v -0.1389374 1.4420130 0.1018000
v -0.1210626 1.4420130 0.1018000
v -0.1389374 1.4079870 0.1018000
v -0.1210626 1.4079870 0.1018000
v -0.1300000 1.4144854 0.1120078
v -0.1300000 1.4355146 0.1120078
v -0.1300000 1.4144854 0.0915922
v -0.1300000 1.4355146 0.0915922
v -0.1155389 1.4250000 0.0954912
v -0.1155389 1.4250000 0.1081088
v -0.1444611 1.4250000 0.0954912
v -0.1444611 1.4250000 0.1081088
v -0.1300000 1.4450000 0.1018000
v -0.1300000 1.4050000 0.1018000
v -0.1352533 1.4088197 0.1078000
v -0.1247467 1.4088197 0.1078000
v -0.1352533 1.4411803 0.1078000
v -0.1247467 1.4411803 0.1078000
v -0.1300000 1.4250000 0.1138000
v -0.1352533 1.4088197 0.0958000
v -0.1247467 1.4088197 0.0958000
v -0.1352533 1.4411803 0.0958000
v -0.1247467 1.4411803 0.0958000
v -0.1300000 1.4250000 0.0898000
v -0.1162467 1.4350000 0.0980918
v -0.1162467 1.4150000 0.0980918
v -0.1215000 1.4188197 0.0920918
v -0.1215000 1.4311803 0.0920918
v -0.1162467 1.4350000 0.1055082
v -0.1162467 1.4150000 0.1055082
v -0.1215000 1.4188197 0.1115082
v -0.1215000 1.4311803 0.1115082
v -0.1130000 1.4250000 0.1018000
v -0.1437533 1.4350000 0.0980918
v -0.1437533 1.4150000 0.0980918
v -0.1385000 1.4188197 0.0920918
v -0.1385000 1.4311803 0.0920918
v -0.1437533 1.4350000 0.1055082
v -0.1437533 1.4150000 0.1055082
v -0.1385000 1.4188197 0.1115082
v -0.1385000 1.4311803 0.1115082
v -0.1470000 1.4250000 0.1018000
v -0.1659374 1.4411624 0.0888400
v -0.1480626 1.4411624 0.0888400
v -0.1659374 1.4088376 0.0888400
v -0.1480626 1.4088376 0.0888400
v -0.1570000 1.4150111 0.0990478
v -0.1570000 1.4349889 0.0990478
v -0.1570000 1.4150111 0.0786322
v -0.1570000 1.4349889 0.0786322
v -0.1425389 1.4250000 0.0825312
v -0.1425389 1.4250000 0.0951488
v -0.1714611 1.4250000 0.0825312
v -0.1714611 1.4250000 0.0951488
v -0.1570000 1.4440000 0.0888400
v -0.1570000 1.4060000 0.0888400
v -0.1622533 1.4096287 0.0948400
v -0.1517467 1.4096287 0.0948400
v -0.1622533 1.4403713 0.0948400
v -0.1517467 1.4403713 0.0948400
v -0.1570000 1.4250000 0.1008400
v -0.1622533 1.4096287 0.0828400
v -0.1517467 1.4096287 0.0828400
v -0.1622533 1.4403713 0.0828400
v -0.1517467 1.4403713 0.0828400
v -0.1570000 1.4250000 0.0768400
v -0.1432467 1.4345000 0.0851318
v -0.1432467 1.4155000 0.0851318
v -0.1485000 1.4191287 0.0791318
v -0.1485000 1.4308713 0.0791318
v -0.1432467 1.4345000 0.0925482
v -0.1432467 1.4155000 0.0925482
v -0.1485000 1.4191287 0.0985482
v -0.1485000 1.4308713 0.0985482
v -0.1400000 1.4250000 0.0888400
v -0.1707533 1.4345000 0.0851318
v -0.1707533 1.4155000 0.0851318
v -0.1655000 1.4191287 0.0791318
v -0.1655000 1.4308713 0.0791318
v -0.1707533 1.4345000 0.0925482
v -0.1707533 1.4155000 0.0925482
v -0.1655000 1.4191287 0.0985482
v -0.1655000 1.4308713 0.0985482
v -0.1740000 1.4250000 0.0888400
v -0.1904117 1.4403117 0.0768400
v -0.1735883 1.4403117 0.0768400
v -0.1904117 1.4096883 0.0768400
v -0.1735883 1.4096883 0.0768400
v -0.1820000 1.4155368 0.0870478
v -0.1820000 1.4344632 0.0870478
v -0.1820000 1.4155368 0.0666322
v -0.1820000 1.4344632 0.0666322
v -0.1683896 1.4250000 0.0705312
v -0.1683896 1.4250000 0.0831488
v -0.1956104 1.4250000 0.0705312
v -0.1956104 1.4250000 0.0831488
v -0.1820000 1.4430000 0.0768400
v -0.1820000 1.4070000 0.0768400
v -0.1869443 1.4104377 0.0828400
v -0.1770557 1.4104377 0.0828400
v -0.1869443 1.4395623 0.0828400
v -0.1770557 1.4395623 0.0828400
v -0.1820000 1.4250000 0.0888400
v -0.1869443 1.4104377 0.0708400
v -0.1770557 1.4104377 0.0708400
v -0.1869443 1.4395623 0.0708400
v -0.1770557 1.4395623 0.0708400
v -0.1820000 1.4250000 0.0648400
v -0.1690557 1.4340000 0.0731318
v -0.1690557 1.4160000 0.0731318
v -0.1740000 1.4194377 0.0671318
v -0.1740000 1.4305623 0.0671318
v -0.1690557 1.4340000 0.0805482
v -0.1690557 1.4160000 0.0805482
v -0.1740000 1.4194377 0.0865482
v -0.1740000 1.4305623 0.0865482
v -0.1660000 1.4250000 0.0768400
v -0.1949443 1.4340000 0.0731318
v -0.1949443 1.4160000 0.0731318
v -0.1900000 1.4194377 0.0671318
v -0.1900000 1.4305623 0.0671318
v -0.1949443 1.4340000 0.0805482
v -0.1949443 1.4160000 0.0805482
v -0.1900000 1.4194377 0.0865482
v -0.1900000 1.4305623 0.0865482
v -0.1980000 1.4250000 0.0768400
v 0.0117427 1.4428637 0.1450000
v 0.0222573 1.4428637 0.1450000
v 0.0117427 1.4071363 0.1450000
v 0.0222573 1.4071363 0.1450000
v 0.0170000 1.4139596 0.1552078
v 0.0170000 1.4360404 0.1552078
v 0.0170000 1.4139596 0.1347922
v 0.0170000 1.4360404 0.1347922
v 0.0255065 1.4250000 0.1386912
v 0.0255065 1.4250000 0.1513088
v 0.0084935 1.4250000 0.1386912
v 0.0084935 1.4250000 0.1513088
v 0.0170000 1.4460000 0.1450000
v 0.0170000 1.4040000 0.1450000
v 0.0139098 1.4080106 0.1510000
v 0.0200902 1.4080106 0.1510000
v 0.0139098 1.4419894 0.1510000
v 0.0200902 1.4419894 0.1510000
v 0.0170000 1.4250000 0.1570000
v 0.0139098 1.4080106 0.1390000
v 0.0200902 1.4080106 0.1390000
v 0.0139098 1.4419894 0.1390000
v 0.0200902 1.4419894 0.1390000
v 0.0170000 1.4250000 0.1330000
v 0.0250902 1.4355000 0.1412918
v 0.0250902 1.4145000 0.1412918
v 0.0220000 1.4185106 0.1352918
v 0.0220000 1.4314894 0.1352918
v 0.0250902 1.4355000 0.1487082
v 0.0250902 1.4145000 0.1487082
v 0.0220000 1.4185106 0.1547082
v 0.0220000 1.4314894 0.1547082
v 0.0270000 1.4250000 0.1450000
v 0.0089098 1.4355000 0.1412918
v 0.0089098 1.4145000 0.1412918
v 0.0120000 1.4185106 0.1352918
v 0.0120000 1.4314894 0.1352918
v 0.0089098 1.4355000 0.1487082
v 0.0089098 1.4145000 0.1487082
v 0.0120000 1.4185106 0.1547082
v 0.0120000 1.4314894 0.1547082
v 0.0070000 1.4250000 0.1450000
v 0.0327427 1.4420130 0.1450000
v 0.0432573 1.4420130 0.1450000
v 0.0327427 1.4079870 0.1450000
v 0.0432573 1.4079870 0.1450000
v 0.0380000 1.4144854 0.1552078
v 0.0380000 1.4355146 0.1552078
v 0.0380000 1.4144854 0.1347922
v 0.0380000 1.4355146 0.1347922
v 0.0465065 1.4250000 0.1386912
v 0.0465065 1.4250000 0.1513088
v 0.0294935 1.4250000 0.1386912
v 0.0294935 1.4250000 0.1513088
v 0.0380000 1.4450000 0.1450000
v 0.0380000 1.4050000 0.1450000
v 0.0349098 1.4088197 0.1510000
v 0.0410902 1.4088197 0.1510000
v 0.0349098 1.4411803 0.1510000
v 0.0410902 1.4411803 0.1510000
v 0.0380000 1.4250000 0.1570000
v 0.0349098 1.4088197 0.1390000
v 0.0410902 1.4088197 0.1390000
v 0.0349098 1.4411803 0.1390000
v 0.0410902 1.4411803 0.1390000
v 0.0380000 1.4250000 0.1330000
v 0.0460902 1.4350000 0.1412918
v 0.0460902 1.4150000 0.1412918
v 0.0430000 1.4188197 0.1352918
v 0.0430000 1.4311803 0.1352918
v 0.0460902 1.4350000 0.1487082
v 0.0460902 1.4150000 0.1487082
v 0.0430000 1.4188197 0.1547082
v 0.0430000 1.4311803 0.1547082
v 0.0480000 1.4250000 0.1450000
v 0.0299098 1.4350000 0.1412918
v 0.0299098 1.4150000 0.1412918
v 0.0330000 1.4188197 0.1352918
v 0.0330000 1.4311803 0.1352918
v 0.0299098 1.4350000 0.1487082
v 0.0299098 1.4150000 0.1487082
v 0.0330000 1.4188197 0.1547082
v 0.0330000 1.4311803 0.1547082
v 0.0280000 1.4250000 0.1450000
v 0.0542170 1.4454156 0.1354000
v 0.0657830 1.4454156 0.1354000
v 0.0542170 1.4045844 0.1354000
v 0.0657830 1.4045844 0.1354000
v 0.0600000 1.4123825 0.1456078
v 0.0600000 1.4376175 0.1456078
v 0.0600000 1.4123825 0.1251922
v 0.0600000 1.4376175 0.1251922
v 0.0693572 1.4250000 0.1290912
v 0.0693572 1.4250000 0.1417088
v 0.0506428 1.4250000 0.1290912
v 0.0506428 1.4250000 0.1417088
v 0.0600000 1.4490000 0.1354000
v 0.0600000 1.4010000 0.1354000
v 0.0566008 1.4055836 0.1414000
v 0.0633992 1.4055836 0.1414000
v 0.0566008 1.4444164 0.1414000
v 0.0633992 1.4444164 0.1414000
v 0.0600000 1.4250000 0.1474000
v 0.0566008 1.4055836 0.1294000
v 0.0633992 1.4055836 0.1294000
v 0.0566008 1.4444164 0.1294000
v 0.0633992 1.4444164 0.1294000
v 0.0600000 1.4250000 0.1234000
v 0.0688992 1.4370000 0.1316918
v 0.0688992 1.4130000 0.1316918
v 0.0655000 1.4175836 0.1256918
v 0.0655000 1.4324164 0.1256918
v 0.0688992 1.4370000 0.1391082
v 0.0688992 1.4130000 0.1391082
v 0.0655000 1.4175836 0.1451082
v 0.0655000 1.4324164 0.1451082
v 0.0710000 1.4250000 0.1354000
v 0.0511008 1.4370000 0.1316918
v 0.0511008 1.4130000 0.1316918
v 0.0545000 1.4175836 0.1256918
v 0.0545000 1.4324164 0.1256918
v 0.0511008 1.4370000 0.1391082
v 0.0511008 1.4130000 0.1391082
v 0.0545000 1.4175836 0.1451082
v 0.0545000 1.4324164 0.1451082
v 0.0490000 1.4250000 0.1354000
v 0.0761655 1.4428637 0.1243600
v 0.0898345 1.4428637 0.1243600
v 0.0761655 1.4071363 0.1243600
v 0.0898345 1.4071363 0.1243600
v 0.0830000 1.4139596 0.1345678
v 0.0830000 1.4360404 0.1345678
v 0.0830000 1.4139596 0.1141522
v 0.0830000 1.4360404 0.1141522
v 0.0940585 1.4250000 0.1180512
v 0.0940585 1.4250000 0.1306688
v 0.0719415 1.4250000 0.1180512
v 0.0719415 1.4250000 0.1306688
v 0.0830000 1.4460000 0.1243600
v 0.0830000 1.4040000 0.1243600
v 0.0789828 1.4080106 0.1303600
v 0.0870172 1.4080106 0.1303600
v 0.0789828 1.4419894 0.1303600
v 0.0870172 1.4419894 0.1303600
v 0.0830000 1.4250000 0.1363600
v 0.0789828 1.4080106 0.1183600
v 0.0870172 1.4080106 0.1183600
v 0.0789828 1.4419894 0.1183600
v 0.0870172 1.4419894 0.1183600
v 0.0830000 1.4250000 0.1123600
v 0.0935172 1.4355000 0.1206518
v 0.0935172 1.4145000 0.1206518
v 0.0895000 1.4185106 0.1146518
v 0.0895000 1.4314894 0.1146518
v 0.0935172 1.4355000 0.1280682
v 0.0935172 1.4145000 0.1280682
v 0.0895000 1.4185106 0.1340682
v 0.0895000 1.4314894 0.1340682
v 0.0960000 1.4250000 0.1243600
v 0.0724828 1.4355000 0.1206518
v 0.0724828 1.4145000 0.1206518
v 0.0765000 1.4185106 0.1146518
v 0.0765000 1.4314894 0.1146518
v 0.0724828 1.4355000 0.1280682
v 0.0724828 1.4145000 0.1280682
v 0.0765000 1.4185106 0.1340682
v 0.0765000 1.4314894 0.1340682
v 0.0700000 1.4250000 0.1243600
v 0.0981655 1.4428637 0.1138000
v 0.1118345 1.4428637 0.1138000
v 0.0981655 1.4071363 0.1138000
v 0.1118345 1.4071363 0.1138000
v 0.1050000 1.4139596 0.1240078
v 0.1050000 1.4360404 0.1240078
v 0.1050000 1.4139596 0.1035922
v 0.1050000 1.4360404 0.1035922
v 0.1160585 1.4250000 0.1074912
v 0.1160585 1.4250000 0.1201088
v 0.0939415 1.4250000 0.1074912
v 0.0939415 1.4250000 0.1201088
v 0.1050000 1.4460000 0.1138000
v 0.1050000 1.4040000 0.1138000
v 0.1009828 1.4080106 0.1198000
v 0.1090172 1.4080106 0.1198000
v 0.1009828 1.4419894 0.1198000
v 0.1090172 1.4419894 0.1198000
v 0.1050000 1.4250000 0.1258000
v 0.1009828 1.4080106 0.1078000
v 0.1090172 1.4080106 0.1078000
v 0.1009828 1.4419894 0.1078000
v 0.1090172 1.4419894 0.1078000
v 0.1050000 1.4250000 0.1018000
v 0.1155172 1.4355000 0.1100918
v 0.1155172 1.4145000 0.1100918
v 0.1115000 1.4185106 0.1040918
v 0.1115000 1.4314894 0.1040918
v 0.1155172 1.4355000 0.1175082
v 0.1155172 1.4145000 0.1175082
v 0.1115000 1.4185106 0.1235082
v 0.1115000 1.4314894 0.1235082
v 0.1180000 1.4250000 0.1138000
v 0.0944828 1.4355000 0.1100918
v 0.0944828 1.4145000 0.1100918
v 0.0985000 1.4185106 0.1040918
v 0.0985000 1.4314894 0.1040918
v 0.0944828 1.4355000 0.1175082
v 0.0944828 1.4145000 0.1175082
v 0.0985000 1.4185106 0.1235082
v 0.0985000 1.4314894 0.1235082
v 0.0920000 1.4250000 0.1138000
v 0.1210626 1.4420130 0.1018000
v 0.1389374 1.4420130 0.1018000
v 0.1210626 1.4079870 0.1018000
v 0.1389374 1.4079870 0.1018000
v 0.1300000 1.4144854 0.1120078
v 0.1300000 1.4355146 0.1120078
v 0.1300000 1.4144854 0.0915922
v 0.1300000 1.4355146 0.0915922
v 0.1444611 1.4250000 0.0954912
v 0.1444611 1.4250000 0.1081088
v 0.1155389 1.4250000 0.0954912
v 0.1155389 1.4250000 0.1081088
v 0.1300000 1.4450000 0.1018000
v 0.1300000 1.4050000 0.1018000
v 0.1247467 1.4088197 0.1078000
v 0.1352533 1.4088197 0.1078000
v 0.1247467 1.4411803 0.1078000
v 0.1352533 1.4411803 0.1078000
v 0.1300000 1.4250000 0.1138000
v 0.1247467 1.4088197 0.0958000
v 0.1352533 1.4088197 0.0958000
v 0.1247467 1.4411803 0.0958000
v 0.1352533 1.4411803 0.0958000
v 0.1300000 1.4250000 0.0898000
v 0.1437533 1.4350000 0.0980918
v 0.1437533 1.4150000 0.0980918
v 0.1385000 1.4188197 0.0920918
v 0.1385000 1.4311803 0.0920918
v 0.1437533 1.4350000 0.1055082
v 0.1437533 1.4150000 0.1055082
v 0.1385000 1.4188197 0.1115082
v 0.1385000 1.4311803 0.1115082
v 0.1470000 1.4250000 0.1018000
v 0.1162467 1.4350000 0.0980918
v 0.1162467 1.4150000 0.0980918
v 0.1215000 1.4188197 0.0920918
v 0.1215000 1.4311803 0.0920918
v 0.1162467 1.4350000 0.1055082
v 0.1162467 1.4150000 0.1055082
v 0.1215000 1.4188197 0.1115082
v 0.1215000 1.4311803 0.1115082
v 0.1130000 1.4250000 0.1018000
v 0.1480626 1.4411624 0.0888400
v 0.1659374 1.4411624 0.0888400
v 0.1480626 1.4088376 0.0888400
v 0.1659374 1.4088376 0.0888400
v 0.1570000 1.4150111 0.0990478
v 0.1570000 1.4349889 0.0990478
v 0.1570000 1.4150111 0.0786322
v 0.1570000 1.4349889 0.0786322
v 0.1714611 1.4250000 0.0825312
v 0.1714611 1.4250000 0.0951488
v 0.1425389 1.4250000 0.0825312
v 0.1425389 1.4250000 0.0951488
v 0.1570000 1.4440000 0.0888400
v 0.1570000 1.4060000 0.0888400
v 0.1517467 1.4096287 0.0948400
v 0.1622533 1.4096287 0.0948400
v 0.1517467 1.4403713 0.0948400
v 0.1622533 1.4403713 0.0948400
v 0.1570000 1.4250000 0.1008400
v 0.1517467 1.4096287 0.0828400
v 0.1622533 1.4096287 0.0828400
v 0.1517467 1.4403713 0.0828400
v 0.1622533 1.4403713 0.0828400
v 0.1570000 1.4250000 0.0768400
v 0.1707533 1.4345000 0.0851318
v 0.1707533 1.4155000 0.0851318
v 0.1655000 1.4191287 0.0791318
v 0.1655000 1.4308713 0.0791318
v 0.1707533 1.4345000 0.0925482
v 0.1707533 1.4155000 0.0925482
v 0.1655000 1.4191287 0.0985482
v 0.1655000 1.4308713 0.0985482
v 0.1740000 1.4250000 0.0888400
v 0.1432467 1.4345000 0.0851318
v 0.1432467 1.4155000 0.0851318
v 0.1485000 1.4191287 0.0791318
v 0.1485000 1.4308713 0.0791318
v 0.1432467 1.4345000 0.0925482
v 0.1432467 1.4155000 0.0925482
v 0.1485000 1.4191287 0.0985482
v 0.1485000 1.4308713 0.0985482
v 0.1400000 1.4250000 0.0888400
v 0.1735883 1.4403117 0.0768400
v 0.1904117 1.4403117 0.0768400
v 0.1735883 1.4096883 0.0768400
v 0.1904117 1.4096883 0.0768400
v 0.1820000 1.4155368 0.0870478
v 0.1820000 1.4344632 0.0870478
v 0.1820000 1.4155368 0.0666322
v 0.1820000 1.4344632 0.0666322
v 0.1956104 1.4250000 0.0705312
v 0.1956104 1.4250000 0.0831488
v 0.1683896 1.4250000 0.0705312
v 0.1683896 1.4250000 0.0831488
v 0.1820000 1.4430000 0.0768400
v 0.1820000 1.4070000 0.0768400
v 0.1770557 1.4104377 0.0828400
v 0.1869443 1.4104377 0.0828400
v 0.1770557 1.4395623 0.0828400
v 0.1869443 1.4395623 0.0828400
v 0.1820000 1.4250000 0.0888400
v 0.1770557 1.4104377 0.0708400
v 0.1869443 1.4104377 0.0708400
v 0.1770557 1.4395623 0.0708400
v 0.1869443 1.4395623 0.0708400
v 0.1820000 1.4250000 0.0648400
v 0.1949443 1.4340000 0.0731318
v 0.1949443 1.4160000 0.0731318
v 0.1900000 1.4194377 0.0671318
v 0.1900000 1.4305623 0.0671318
v 0.1949443 1.4340000 0.0805482
v 0.1949443 1.4160000 0.0805482
v 0.1900000 1.4194377 0.0865482
v 0.1900000 1.4305623 0.0865482
v 0.1980000 1.4250000 0.0768400
v 0.1690557 1.4340000 0.0731318
v 0.1690557 1.4160000 0.0731318
v 0.1740000 1.4194377 0.0671318
v 0.1740000 1.4305623 0.0671318
v 0.1690557 1.4340000 0.0805482
v 0.1690557 1.4160000 0.0805482
v 0.1740000 1.4194377 0.0865482
v 0.1740000 1.4305623 0.0865482
v 0.1660000 1.4250000 0.0768400
v -0.0115661 1.5010585 0.1850000
v 0.0115661 1.5010585 0.1850000
v -0.0115661 1.4789415 0.1850000
v 0.0115661 1.4789415 0.1850000
v 0.0000000 1.4831655 0.2020130
v 0.0000000 1.4968345 0.2020130
v 0.0000000 1.4831655 0.1679870
v 0.0000000 1.4968345 0.1679870
v 0.0187143 1.4900000 0.1744854
v 0.0187143 1.4900000 0.1955146
v -0.0187143 1.4900000 0.1744854
v -0.0187143 1.4900000 0.1955146
v 0.0000000 1.5030000 0.1850000
v 0.0000000 1.4770000 0.1850000
v -0.0067984 1.4794828 0.1950000
v 0.0067984 1.4794828 0.1950000
v -0.0067984 1.5005172 0.1950000
v 0.0067984 1.5005172 0.1950000
v 0.0000000 1.4900000 0.2050000
v -0.0067984 1.4794828 0.1750000
v 0.0067984 1.4794828 0.1750000
v -0.0067984 1.5005172 0.1750000
v 0.0067984 1.5005172 0.1750000
v 0.0000000 1.4900000 0.1650000
v 0.0177984 1.4965000 0.1788197
v 0.0177984 1.4835000 0.1788197
v 0.0110000 1.4859828 0.1688197
v 0.0110000 1.4940172 0.1688197
v 0.0177984 1.4965000 0.1911803
v 0.0177984 1.4835000 0.1911803
v 0.0110000 1.4859828 0.2011803
v 0.0110000 1.4940172 0.2011803
v 0.0220000 1.4900000 0.1850000
v -0.0177984 1.4965000 0.1788197
v -0.0177984 1.4835000 0.1788197
v -0.0110000 1.4859828 0.1688197
v -0.0110000 1.4940172 0.1688197
v -0.0177984 1.4965000 0.1911803
v -0.0177984 1.4835000 0.1911803
v -0.0110000 1.4859828 0.2011803
v -0.0110000 1.4940172 0.2011803
v -0.0220000 1.4900000 0.1850000
v -0.0089374 1.4985065 0.1800000
v 0.0089374 1.4985065 0.1800000
v -0.0089374 1.4814935 0.1800000
v 0.0089374 1.4814935 0.1800000
v 0.0000000 1.4847427 0.1944611
v 0.0000000 1.4952573 0.1944611
v 0.0000000 1.4847427 0.1655389
v 0.0000000 1.4952573 0.1655389
v 0.0144611 1.4900000 0.1710626
v 0.0144611 1.4900000 0.1889374
v -0.0144611 1.4900000 0.1710626
v -0.0144611 1.4900000 0.1889374
v 0.0000000 1.5000000 0.1800000
v 0.0000000 1.4800000 0.1800000
v -0.0052533 1.4819098 0.1885000
v 0.0052533 1.4819098 0.1885000
v -0.0052533 1.4980902 0.1885000
v 0.0052533 1.4980902 0.1885000
v 0.0000000 1.4900000 0.1970000
v -0.0052533 1.4819098 0.1715000
v 0.0052533 1.4819098 0.1715000
v -0.0052533 1.4980902 0.1715000
v 0.0052533 1.4980902 0.1715000
v 0.0000000 1.4900000 0.1630000
v 0.0137533 1.4950000 0.1747467
v 0.0137533 1.4850000 0.1747467
v 0.0085000 1.4869098 0.1662467
v 0.0085000 1.4930902 0.1662467
v 0.0137533 1.4950000 0.1852533
v 0.0137533 1.4850000 0.1852533
v 0.0085000 1.4869098 0.1937533
v 0.0085000 1.4930902 0.1937533
v 0.0170000 1.4900000 0.1800000
v -0.0137533 1.4950000 0.1747467
v -0.0137533 1.4850000 0.1747467
v -0.0085000 1.4869098 0.1662467
v -0.0085000 1.4930902 0.1662467
v -0.0137533 1.4950000 0.1852533
v -0.0137533 1.4850000 0.1852533
v -0.0085000 1.4869098 0.1937533
v -0.0085000 1.4930902 0.1937533
v -0.0170000 1.4900000 0.1800000
v -0.0047316 1.4951039 0.1760000
v 0.0047316 1.4951039 0.1760000
v -0.0047316 1.4848961 0.1760000
v 0.0047316 1.4848961 0.1760000
v 0.0000000 1.4868456 0.1862078
v 0.0000000 1.4931544 0.1862078
v 0.0000000 1.4868456 0.1657922
v 0.0000000 1.4931544 0.1657922
v 0.0076559 1.4900000 0.1696912
v 0.0076559 1.4900000 0.1823088
v -0.0076559 1.4900000 0.1696912
v -0.0076559 1.4900000 0.1823088
v 0.0000000 1.4960000 0.1760000
v 0.0000000 1.4840000 0.1760000
v -0.0027812 1.4851459 0.1820000
v 0.0027812 1.4851459 0.1820000
v -0.0027812 1.4948541 0.1820000
v 0.0027812 1.4948541 0.1820000
v 0.0000000 1.4900000 0.1880000
v -0.0027812 1.4851459 0.1700000
v 0.0027812 1.4851459 0.1700000
v -0.0027812 1.4948541 0.1700000
v 0.0027812 1.4948541 0.1700000
v 0.0000000 1.4900000 0.1640000
v 0.0072812 1.4930000 0.1722918
v 0.0072812 1.4870000 0.1722918
v 0.0045000 1.4881459 0.1662918
v 0.0045000 1.4918541 0.1662918
v 0.0072812 1.4930000 0.1797082
v 0.0072812 1.4870000 0.1797082
v 0.0045000 1.4881459 0.1857082
v 0.0045000 1.4918541 0.1857082
v 0.0090000 1.4900000 0.1760000
v -0.0072812 1.4930000 0.1722918
v -0.0072812 1.4870000 0.1722918
v -0.0045000 1.4881459 0.1662918
v -0.0045000 1.4918541 0.1662918
v -0.0072812 1.4930000 0.1797082
v -0.0072812 1.4870000 0.1797082
v -0.0045000 1.4881459 0.1857082
v -0.0045000 1.4918541 0.1857082
v -0.0090000 1.4900000 0.1760000
v -0.0036801 1.4942533 0.1840000
v 0.0036801 1.4942533 0.1840000
v -0.0036801 1.4857467 0.1840000
v 0.0036801 1.4857467 0.1840000
v 0.0000000 1.4873713 0.1908052
v 0.0000000 1.4926287 0.1908052
v 0.0000000 1.4873713 0.1771948
v 0.0000000 1.4926287 0.1771948
v 0.0059546 1.4900000 0.1797942
v 0.0059546 1.4900000 0.1882058
v -0.0059546 1.4900000 0.1797942
v -0.0059546 1.4900000 0.1882058
v 0.0000000 1.4950000 0.1840000
v 0.0000000 1.4850000 0.1840000
v -0.0021631 1.4859549 0.1880000
v 0.0021631 1.4859549 0.1880000
v -0.0021631 1.4940451 0.1880000
v 0.0021631 1.4940451 0.1880000
v 0.0000000 1.4900000 0.1920000
v -0.0021631 1.4859549 0.1800000
v 0.0021631 1.4859549 0.1800000
v -0.0021631 1.4940451 0.1800000
v 0.0021631 1.4940451 0.1800000
v 0.0000000 1.4900000 0.1760000
v 0.0056631 1.4925000 0.1815279
v 0.0056631 1.4875000 0.1815279
v 0.0035000 1.4884549 0.1775279
v 0.0035000 1.4915451 0.1775279
v 0.0056631 1.4925000 0.1864721
v 0.0056631 1.4875000 0.1864721
v 0.0035000 1.4884549 0.1904721
v 0.0035000 1.4915451 0.1904721
v 0.0070000 1.4900000 0.1840000
v -0.0056631 1.4925000 0.1815279
v -0.0056631 1.4875000 0.1815279
v -0.0035000 1.4884549 0.1775279
v -0.0035000 1.4915451 0.1775279
v -0.0056631 1.4925000 0.1864721
v -0.0056631 1.4875000 0.1864721
v -0.0035000 1.4884549 0.1904721
v -0.0035000 1.4915451 0.1904721
v -0.0070000 1.4900000 0.1840000
v -0.0021029 1.4934026 0.1500000
v 0.0021029 1.4934026 0.1500000
v -0.0021029 1.4865974 0.1500000
v 0.0021029 1.4865974 0.1500000
v 0.0000000 1.4878971 0.1670130
v 0.0000000 1.4921029 0.1670130
v 0.0000000 1.4878971 0.1329870
v 0.0000000 1.4921029 0.1329870
v 0.0034026 1.4900000 0.1394854
v 0.0034026 1.4900000 0.1605146
v -0.0034026 1.4900000 0.1394854
v -0.0034026 1.4900000 0.1605146
v 0.0000000 1.4940000 0.1500000
v 0.0000000 1.4860000 0.1500000
v -0.0012361 1.4867639 0.1600000
v 0.0012361 1.4867639 0.1600000
v -0.0012361 1.4932361 0.1600000
v 0.0012361 1.4932361 0.1600000
v 0.0000000 1.4900000 0.1700000
v -0.0012361 1.4867639 0.1400000
v 0.0012361 1.4867639 0.1400000
v -0.0012361 1.4932361 0.1400000
v 0.0012361 1.4932361 0.1400000
v 0.0000000 1.4900000 0.1300000
v 0.0032361 1.4920000 0.1438197
v 0.0032361 1.4880000 0.1438197
v 0.0020000 1.4887639 0.1338197
v 0.0020000 1.4912361 0.1338197
v 0.0032361 1.4920000 0.1561803
v 0.0032361 1.4880000 0.1561803
v 0.0020000 1.4887639 0.1661803
v 0.0020000 1.4912361 0.1661803
v 0.0040000 1.4900000 0.1500000
v -0.0032361 1.4920000 0.1438197
v -0.0032361 1.4880000 0.1438197
v -0.0020000 1.4887639 0.1338197
v -0.0020000 1.4912361 0.1338197
v -0.0032361 1.4920000 0.1561803
v -0.0032361 1.4880000 0.1561803
v -0.0020000 1.4887639 0.1661803
v -0.0020000 1.4912361 0.1661803
v -0.0040000 1.4900000 0.1500000
v -0.0052573 1.4959546 0.1450000
v 0.0052573 1.4959546 0.1450000
v -0.0052573 1.4840454 0.1450000
v 0.0052573 1.4840454 0.1450000
v 0.0000000 1.4863199 0.1628637
v 0.0000000 1.4936801 0.1628637
v 0.0000000 1.4863199 0.1271363
v 0.0000000 1.4936801 0.1271363
v 0.0085065 1.4900000 0.1339596
v 0.0085065 1.4900000 0.1560404
v -0.0085065 1.4900000 0.1339596
v -0.0085065 1.4900000 0.1560404
v 0.0000000 1.4970000 0.1450000
v 0.0000000 1.4830000 0.1450000
v -0.0030902 1.4843369 0.1555000
v 0.0030902 1.4843369 0.1555000
v -0.0030902 1.4956631 0.1555000
v 0.0030902 1.4956631 0.1555000
v 0.0000000 1.4900000 0.1660000
v -0.0030902 1.4843369 0.1345000
v 0.0030902 1.4843369 0.1345000
v -0.0030902 1.4956631 0.1345000
v 0.0030902 1.4956631 0.1345000
v 0.0000000 1.4900000 0.1240000
v 0.0080902 1.4935000 0.1385106
v 0.0080902 1.4865000 0.1385106
v 0.0050000 1.4878369 0.1280106
v 0.0050000 1.4921631 0.1280106
v 0.0080902 1.4935000 0.1514894
v 0.0080902 1.4865000 0.1514894
v 0.0050000 1.4878369 0.1619894
v 0.0050000 1.4921631 0.1619894
v 0.0100000 1.4900000 0.1450000
v -0.0080902 1.4935000 0.1385106
v -0.0080902 1.4865000 0.1385106
v -0.0050000 1.4878369 0.1280106
v -0.0050000 1.4921631 0.1280106
v -0.0080902 1.4935000 0.1514894
v -0.0080902 1.4865000 0.1514894
v -0.0050000 1.4878369 0.1619894
v -0.0050000 1.4921631 0.1619894
v -0.0100000 1.4900000 0.1450000
v -0.0068345 1.4976559 0.1460000
v 0.0068345 1.4976559 0.1460000
v -0.0068345 1.4823441 0.1460000
v 0.0068345 1.4823441 0.1460000
v 0.0000000 1.4852684 0.1655650
v 0.0000000 1.4947316 0.1655650
v 0.0000000 1.4852684 0.1264350
v 0.0000000 1.4947316 0.1264350
v 0.0110585 1.4900000 0.1339082
v 0.0110585 1.4900000 0.1580918
v -0.0110585 1.4900000 0.1339082
v -0.0110585 1.4900000 0.1580918
v 0.0000000 1.4990000 0.1460000
v 0.0000000 1.4810000 0.1460000
v -0.0040172 1.4827188 0.1575000
v 0.0040172 1.4827188 0.1575000
v -0.0040172 1.4972812 0.1575000
v 0.0040172 1.4972812 0.1575000
v 0.0000000 1.4900000 0.1690000
v -0.0040172 1.4827188 0.1345000
v 0.0040172 1.4827188 0.1345000
v -0.0040172 1.4972812 0.1345000
v 0.0040172 1.4972812 0.1345000
v 0.0000000 1.4900000 0.1230000
v 0.0105172 1.4945000 0.1388926
v 0.0105172 1.4855000 0.1388926
v 0.0065000 1.4872188 0.1273926
v 0.0065000 1.4927812 0.1273926
v 0.0105172 1.4945000 0.1531074
v 0.0105172 1.4855000 0.1531074
v 0.0065000 1.4872188 0.1646074
v 0.0065000 1.4927812 0.1646074
v 0.0130000 1.4900000 0.1460000
v -0.0105172 1.4945000 0.1388926
v -0.0105172 1.4855000 0.1388926
v -0.0065000 1.4872188 0.1273926
v -0.0065000 1.4927812 0.1273926
v -0.0105172 1.4945000 0.1531074
v -0.0105172 1.4855000 0.1531074
v -0.0065000 1.4872188 0.1646074
v -0.0065000 1.4927812 0.1646074
v -0.0130000 1.4900000 0.1460000
v -0.0021029 1.4934026 0.1230000
v 0.0021029 1.4934026 0.1230000
v -0.0021029 1.4865974 0.1230000
v 0.0021029 1.4865974 0.1230000
v 0.0000000 1.4878971 0.1264026
v 0.0000000 1.4921029 0.1264026
v 0.0000000 1.4878971 0.1195974
v 0.0000000 1.4921029 0.1195974
v 0.0034026 1.4900000 0.1208971
v 0.0034026 1.4900000 0.1251029
v -0.0034026 1.4900000 0.1208971
v -0.0034026 1.4900000 0.1251029
v 0.0000000 1.4940000 0.1230000
v 0.0000000 1.4860000 0.1230000
v -0.0012361 1.4867639 0.1250000
v 0.0012361 1.4867639 0.1250000
v -0.0012361 1.4932361 0.1250000
v 0.0012361 1.4932361 0.1250000
v 0.0000000 1.4900000 0.1270000
v -0.0012361 1.4867639 0.1210000
v 0.0012361 1.4867639 0.1210000
v -0.0012361 1.4932361 0.1210000
v 0.0012361 1.4932361 0.1210000
v 0.0000000 1.4900000 0.1190000
v 0.0032361 1.4920000 0.1217639
v 0.0032361 1.4880000 0.1217639
v 0.0020000 1.4887639 0.1197639
v 0.0020000 1.4912361 0.1197639
v 0.0032361 1.4920000 0.1242361
v 0.0032361 1.4880000 0.1242361
v 0.0020000 1.4887639 0.1262361
v 0.0020000 1.4912361 0.1262361
v 0.0040000 1.4900000 0.1230000
v -0.0032361 1.4920000 0.1217639
v -0.0032361 1.4880000 0.1217639
v -0.0020000 1.4887639 0.1197639
v -0.0020000 1.4912361 0.1197639
v -0.0032361 1.4920000 0.1242361
v -0.0032361 1.4880000 0.1242361
v -0.0020000 1.4887639 0.1262361
v -0.0020000 1.4912361 0.1262361
v -0.0040000 1.4900000 0.1230000
v -0.0115661 1.5019091 0.1900000
v 0.0115661 1.5019091 0.1900000
v -0.0115661 1.4780909 0.1900000
v 0.0115661 1.4780909 0.1900000
v 0.0000000 1.4826398 0.2053117
v 0.0000000 1.4973602 0.2053117
v 0.0000000 1.4826398 0.1746883
v 0.0000000 1.4973602 0.1746883
v 0.0187143 1.4900000 0.1805368
v 0.0187143 1.4900000 0.1994632
v -0.0187143 1.4900000 0.1805368
v -0.0187143 1.4900000 0.1994632
v 0.0000000 1.5040000 0.1900000
v 0.0000000 1.4760000 0.1900000
v -0.0067984 1.4786738 0.1990000
v 0.0067984 1.4786738 0.1990000
v -0.0067984 1.5013262 0.1990000
v 0.0067984 1.5013262 0.1990000
v 0.0000000 1.4900000 0.2080000
v -0.0067984 1.4786738 0.1810000
v 0.0067984 1.4786738 0.1810000
v -0.0067984 1.5013262 0.1810000
v 0.0067984 1.5013262 0.1810000
v 0.0000000 1.4900000 0.1720000
v 0.0177984 1.4970000 0.1844377
v 0.0177984 1.4830000 0.1844377
v 0.0110000 1.4856738 0.1754377
v 0.0110000 1.4943262 0.1754377
v 0.0177984 1.4970000 0.1955623
v 0.0177984 1.4830000 0.1955623
v 0.0110000 1.4856738 0.2045623
v 0.0110000 1.4943262 0.2045623
v 0.0220000 1.4900000 0.1900000
v -0.0177984 1.4970000 0.1844377
v -0.0177984 1.4830000 0.1844377
v -0.0110000 1.4856738 0.1754377
v -0.0110000 1.4943262 0.1754377
v -0.0177984 1.4970000 0.1955623
v -0.0177984 1.4830000 0.1955623
v -0.0110000 1.4856738 0.2045623
v -0.0110000 1.4943262 0.2045623
v -0.0220000 1.4900000 0.1900000
v -0.0057830 1.4968052 0.1450000
v 0.0057830 1.4968052 0.1450000
v -0.0057830 1.4831948 0.1450000
v 0.0057830 1.4831948 0.1450000
v 0.0000000 1.4857942 0.1688182
v 0.0000000 1.4942058 0.1688182
v 0.0000000 1.4857942 0.1211818
v 0.0000000 1.4942058 0.1211818
v 0.0093572 1.4900000 0.1302795
v 0.0093572 1.4900000 0.1597205
v -0.0093572 1.4900000 0.1302795
v -0.0093572 1.4900000 0.1597205
v 0.0000000 1.4980000 0.1450000
v 0.0000000 1.4820000 0.1450000
v -0.0033992 1.4835279 0.1590000
v 0.0033992 1.4835279 0.1590000
v -0.0033992 1.4964721 0.1590000
v 0.0033992 1.4964721 0.1590000
v 0.0000000 1.4900000 0.1730000
v -0.0033992 1.4835279 0.1310000
v 0.0033992 1.4835279 0.1310000
v -0.0033992 1.4964721 0.1310000
v 0.0033992 1.4964721 0.1310000
v 0.0000000 1.4900000 0.1170000
v 0.0088992 1.4940000 0.1363475
v 0.0088992 1.4860000 0.1363475
v 0.0055000 1.4875279 0.1223475
v 0.0055000 1.4924721 0.1223475
v 0.0088992 1.4940000 0.1536525
v 0.0088992 1.4860000 0.1536525
v 0.0055000 1.4875279 0.1676525
v 0.0055000 1.4924721 0.1676525
v 0.0110000 1.4900000 0.1450000
v -0.0088992 1.4940000 0.1363475
v -0.0088992 1.4860000 0.1363475
v -0.0055000 1.4875279 0.1223475
v -0.0055000 1.4924721 0.1223475
v -0.0088992 1.4940000 0.1536525
v -0.0088992 1.4860000 0.1536525
v -0.0055000 1.4875279 0.1676525
v -0.0055000 1.4924721 0.1676525
v -0.0110000 1.4900000 0.1450000
v -0.0068345 1.4976559 0.1660000
v 0.0068345 1.4976559 0.1660000
v -0.0068345 1.4823441 0.1660000
v 0.0068345 1.4823441 0.1660000
v 0.0000000 1.4852684 0.1694026
v 0.0000000 1.4947316 0.1694026
v 0.0000000 1.4852684 0.1625974
v 0.0000000 1.4947316 0.1625974
v 0.0110585 1.4900000 0.1638971
v 0.0110585 1.4900000 0.1681029
v -0.0110585 1.4900000 0.1638971
v -0.0110585 1.4900000 0.1681029
v 0.0000000 1.4990000 0.1660000
v 0.0000000 1.4810000 0.1660000
v -0.0040172 1.4827188 0.1680000
v 0.0040172 1.4827188 0.1680000
v -0.0040172 1.4972812 0.1680000
v 0.0040172 1.4972812 0.1680000
v 0.0000000 1.4900000 0.1700000
v -0.0040172 1.4827188 0.1640000
v 0.0040172 1.4827188 0.1640000
v -0.0040172 1.4972812 0.1640000
v 0.0040172 1.4972812 0.1640000
v 0.0000000 1.4900000 0.1620000
v 0.0105172 1.4945000 0.1647639
v 0.0105172 1.4855000 0.1647639
v 0.0065000 1.4872188 0.1627639
v 0.0065000 1.4927812 0.1627639
v 0.0105172 1.4945000 0.1672361
v 0.0105172 1.4855000 0.1672361
v 0.0065000 1.4872188 0.1692361
v 0.0065000 1.4927812 0.1692361
v 0.0130000 1.4900000 0.1660000
v -0.0105172 1.4945000 0.1647639
v -0.0105172 1.4855000 0.1647639
v -0.0065000 1.4872188 0.1627639
v -0.0065000 1.4927812 0.1627639
v -0.0105172 1.4945000 0.1672361
v -0.0105172 1.4855000 0.1672361
v -0.0065000 1.4872188 0.1692361
v -0.0065000 1.4927812 0.1692361
v -0.0130000 1.4900000 0.1660000
v -0.0094632 1.5002078 0.1680000
v 0.0094632 1.5002078 0.1680000
v -0.0094632 1.4797922 0.1680000
v 0.0094632 1.4797922 0.1680000
v 0.0000000 1.4836912 0.1714026
v 0.0000000 1.4963088 0.1714026
v 0.0000000 1.4836912 0.1645974
v 0.0000000 1.4963088 0.1645974
v 0.0153117 1.4900000 0.1658971
v 0.0153117 1.4900000 0.1701029
v -0.0153117 1.4900000 0.1658971
v -0.0153117 1.4900000 0.1701029
v 0.0000000 1.5020000 0.1680000
v 0.0000000 1.4780000 0.1680000
v -0.0055623 1.4802918 0.1700000
v 0.0055623 1.4802918 0.1700000
v -0.0055623 1.4997082 0.1700000
v 0.0055623 1.4997082 0.1700000
v 0.0000000 1.4900000 0.1720000
v -0.0055623 1.4802918 0.1660000
v 0.0055623 1.4802918 0.1660000
v -0.0055623 1.4997082 0.1660000
v 0.0055623 1.4997082 0.1660000
v 0.0000000 1.4900000 0.1640000
v 0.0145623 1.4960000 0.1667639
v 0.0145623 1.4840000 0.1667639
v 0.0090000 1.4862918 0.1647639
v 0.0090000 1.4937082 0.1647639
v 0.0145623 1.4960000 0.1692361
v 0.0145623 1.4840000 0.1692361
v 0.0090000 1.4862918 0.1712361
v 0.0090000 1.4937082 0.1712361
v 0.0180000 1.4900000 0.1680000
v -0.0145623 1.4960000 0.1667639
v -0.0145623 1.4840000 0.1667639
v -0.0090000 1.4862918 0.1647639
v -0.0090000 1.4937082 0.1647639
v -0.0145623 1.4960000 0.1692361
v -0.0145623 1.4840000 0.1692361
v -0.0090000 1.4862918 0.1712361
v -0.0090000 1.4937082 0.1712361
v -0.0180000 1.4900000 0.1680000
v -0.0089374 1.5002078 0.1420000
v 0.0089374 1.5002078 0.1420000
v -0.0089374 1.4797922 0.1420000
v 0.0089374 1.4797922 0.1420000
v 0.0000000 1.4836912 0.1675195
v 0.0000000 1.4963088 0.1675195
v 0.0000000 1.4836912 0.1164805
v 0.0000000 1.4963088 0.1164805
v 0.0144611 1.4900000 0.1262281
v 0.0144611 1.4900000 0.1577719
v -0.0144611 1.4900000 0.1262281
v -0.0144611 1.4900000 0.1577719
v 0.0000000 1.5020000 0.1420000
v 0.0000000 1.4780000 0.1420000
v -0.0052533 1.4802918 0.1570000
v 0.0052533 1.4802918 0.1570000
v -0.0052533 1.4997082 0.1570000
v 0.0052533 1.4997082 0.1570000
v 0.0000000 1.4900000 0.1720000
v -0.0052533 1.4802918 0.1270000
v 0.0052533 1.4802918 0.1270000
v -0.0052533 1.4997082 0.1270000
v 0.0052533 1.4997082 0.1270000
v 0.0000000 1.4900000 0.1120000
v 0.0137533 1.4960000 0.1327295
v 0.0137533 1.4840000 0.1327295
v 0.0085000 1.4862918 0.1177295
v 0.0085000 1.4937082 0.1177295
v 0.0137533 1.4960000 0.1512705
v 0.0137533 1.4840000 0.1512705
v 0.0085000 1.4862918 0.1662705
v 0.0085000 1.4937082 0.1662705
v 0.0170000 1.4900000 0.1420000
v -0.0137533 1.4960000 0.1327295
v -0.0137533 1.4840000 0.1327295
v -0.0085000 1.4862918 0.1177295
v -0.0085000 1.4937082 0.1177295
v -0.0137533 1.4960000 0.1512705
v -0.0137533 1.4840000 0.1512705
v -0.0085000 1.4862918 0.1662705
v -0.0085000 1.4937082 0.1662705
v -0.0170000 1.4900000 0.1420000
v -0.0131433 1.5036104 0.2040000
v 0.0131433 1.5036104 0.2040000
v -0.0131433 1.4763896 0.2040000
v 0.0131433 1.4763896 0.2040000
v 0.0000000 1.4815883 0.2082533
v 0.0000000 1.4984117 0.2082533
v 0.0000000 1.4815883 0.1997467
v 0.0000000 1.4984117 0.1997467
v 0.0212663 1.4900000 0.2013713
v 0.0212663 1.4900000 0.2066287
v -0.0212663 1.4900000 0.2013713
v -0.0212663 1.4900000 0.2066287
v 0.0000000 1.5060000 0.2040000
v 0.0000000 1.4740000 0.2040000
v -0.0077254 1.4770557 0.2065000
v 0.0077254 1.4770557 0.2065000
v -0.0077254 1.5029443 0.2065000
v 0.0077254 1.5029443 0.2065000
v 0.0000000 1.4900000 0.2090000
v -0.0077254 1.4770557 0.2015000
v 0.0077254 1.4770557 0.2015000
v -0.0077254 1.5029443 0.2015000
v 0.0077254 1.5029443 0.2015000
v 0.0000000 1.4900000 0.1990000
v 0.0202254 1.4980000 0.2024549
v 0.0202254 1.4820000 0.2024549
v 0.0125000 1.4850557 0.1999549
v 0.0125000 1.4949443 0.1999549
v 0.0202254 1.4980000 0.2055451
v 0.0202254 1.4820000 0.2055451
v 0.0125000 1.4850557 0.2080451
v 0.0125000 1.4949443 0.2080451
v 0.0250000 1.4900000 0.2040000
v -0.0202254 1.4980000 0.2024549
v -0.0202254 1.4820000 0.2024549
v -0.0125000 1.4850557 0.1999549
v -0.0125000 1.4949443 0.1999549
v -0.0202254 1.4980000 0.2055451
v -0.0202254 1.4820000 0.2055451
v -0.0125000 1.4850557 0.2080451
v -0.0125000 1.4949443 0.2080451
v -0.0250000 1.4900000 0.2040000
v -0.0094632 1.5064026 0.1860000
v 0.0094632 1.5064026 0.1860000
v -0.0094632 1.4995974 0.1860000
v 0.0094632 1.4995974 0.1860000
v 0.0000000 1.5008971 0.2013117
v 0.0000000 1.5051029 0.2013117
v 0.0000000 1.5008971 0.1706883
v 0.0000000 1.5051029 0.1706883
v 0.0153117 1.5030000 0.1765368
v 0.0153117 1.5030000 0.1954632
v -0.0153117 1.5030000 0.1765368
v -0.0153117 1.5030000 0.1954632
v 0.0000000 1.5070000 0.1860000
v 0.0000000 1.4990000 0.1860000
v -0.0055623 1.4997639 0.1950000
v 0.0055623 1.4997639 0.1950000
v -0.0055623 1.5062361 0.1950000
v 0.0055623 1.5062361 0.1950000
v 0.0000000 1.5030000 0.2040000
v -0.0055623 1.4997639 0.1770000
v 0.0055623 1.4997639 0.1770000
v -0.0055623 1.5062361 0.1770000
v 0.0055623 1.5062361 0.1770000
v 0.0000000 1.5030000 0.1680000
v 0.0145623 1.5050000 0.1804377
v 0.0145623 1.5010000 0.1804377
v 0.0090000 1.5017639 0.1714377
v 0.0090000 1.5042361 0.1714377
v 0.0145623 1.5050000 0.1915623
v 0.0145623 1.5010000 0.1915623
v 0.0090000 1.5017639 0.2005623
v 0.0090000 1.5042361 0.2005623
v 0.0180000 1.5030000 0.1860000
v -0.0145623 1.5050000 0.1804377
v -0.0145623 1.5010000 0.1804377
v -0.0090000 1.5017639 0.1714377
v -0.0090000 1.5042361 0.1714377
v -0.0145623 1.5050000 0.1915623
v -0.0145623 1.5010000 0.1915623
v -0.0090000 1.5017639 0.2005623
v -0.0090000 1.5042361 0.2005623
v -0.0180000 1.5030000 0.1860000
v -0.0094632 1.4804026 0.1860000
v 0.0094632 1.4804026 0.1860000
v -0.0094632 1.4735974 0.1860000
v 0.0094632 1.4735974 0.1860000
v 0.0000000 1.4748971 0.2013117
v 0.0000000 1.4791029 0.2013117
v 0.0000000 1.4748971 0.1706883
v 0.0000000 1.4791029 0.1706883
v 0.0153117 1.4770000 0.1765368
v 0.0153117 1.4770000 0.1954632
v -0.0153117 1.4770000 0.1765368
v -0.0153117 1.4770000 0.1954632
v 0.0000000 1.4810000 0.1860000
v 0.0000000 1.4730000 0.1860000
v -0.0055623 1.4737639 0.1950000
v 0.0055623 1.4737639 0.1950000
v -0.0055623 1.4802361 0.1950000
v 0.0055623 1.4802361 0.1950000
v 0.0000000 1.4770000 0.2040000
v -0.0055623 1.4737639 0.1770000
v 0.0055623 1.4737639 0.1770000
v -0.0055623 1.4802361 0.1770000
v 0.0055623 1.4802361 0.1770000
v 0.0000000 1.4770000 0.1680000
v 0.0145623 1.4790000 0.1804377
v 0.0145623 1.4750000 0.1804377
v 0.0090000 1.4757639 0.1714377
v 0.0090000 1.4782361 0.1714377
v 0.0145623 1.4790000 0.1915623
v 0.0145623 1.4750000 0.1915623
v 0.0090000 1.4757639 0.2005623
v 0.0090000 1.4782361 0.2005623
v 0.0180000 1.4770000 0.1860000
v -0.0145623 1.4790000 0.1804377
v -0.0145623 1.4750000 0.1804377
v -0.0090000 1.4757639 0.1714377
v -0.0090000 1.4782361 0.1714377
v -0.0145623 1.4790000 0.1915623
v -0.0145623 1.4750000 0.1915623
v -0.0090000 1.4757639 0.2005623
v -0.0090000 1.4782361 0.2005623
v -0.0180000 1.4770000 0.1860000
v -0.0221029 1.5002078 0.1860000
v -0.0178971 1.5002078 0.1860000
v -0.0221029 1.4797922 0.1860000
v -0.0178971 1.4797922 0.1860000
v -0.0200000 1.4836912 0.2013117
v -0.0200000 1.4963088 0.2013117
v -0.0200000 1.4836912 0.1706883
v -0.0200000 1.4963088 0.1706883
v -0.0165974 1.4900000 0.1765368
v -0.0165974 1.4900000 0.1954632
v -0.0234026 1.4900000 0.1765368
v -0.0234026 1.4900000 0.1954632
v -0.0200000 1.5020000 0.1860000
v -0.0200000 1.4780000 0.1860000
v -0.0212361 1.4802918 0.1950000
v -0.0187639 1.4802918 0.1950000
v -0.0212361 1.4997082 0.1950000
v -0.0187639 1.4997082 0.1950000
v -0.0200000 1.4900000 0.2040000
v -0.0212361 1.4802918 0.1770000
v -0.0187639 1.4802918 0.1770000
v -0.0212361 1.4997082 0.1770000
v -0.0187639 1.4997082 0.1770000
v -0.0200000 1.4900000 0.1680000
v -0.0167639 1.4960000 0.1804377
v -0.0167639 1.4840000 0.1804377
v -0.0180000 1.4862918 0.1714377
v -0.0180000 1.4937082 0.1714377
v -0.0167639 1.4960000 0.1915623
v -0.0167639 1.4840000 0.1915623
v -0.0180000 1.4862918 0.2005623
v -0.0180000 1.4937082 0.2005623
v -0.0160000 1.4900000 0.1860000
v -0.0232361 1.4960000 0.1804377
v -0.0232361 1.4840000 0.1804377
v -0.0220000 1.4862918 0.1714377
v -0.0220000 1.4937082 0.1714377
v -0.0232361 1.4960000 0.1915623
v -0.0232361 1.4840000 0.1915623
v -0.0220000 1.4862918 0.2005623
v -0.0220000 1.4937082 0.2005623
v -0.0240000 1.4900000 0.1860000
v 0.0178971 1.5002078 0.1860000
v 0.0221029 1.5002078 0.1860000
v 0.0178971 1.4797922 0.1860000
v 0.0221029 1.4797922 0.1860000
v 0.0200000 1.4836912 0.2013117
v 0.0200000 1.4963088 0.2013117
v 0.0200000 1.4836912 0.1706883
v 0.0200000 1.4963088 0.1706883
v 0.0234026 1.4900000 0.1765368
v 0.0234026 1.4900000 0.1954632
v 0.0165974 1.4900000 0.1765368
v 0.0165974 1.4900000 0.1954632
v 0.0200000 1.5020000 0.1860000
v 0.0200000 1.4780000 0.1860000
v 0.0187639 1.4802918 0.1950000
v 0.0212361 1.4802918 0.1950000
v 0.0187639 1.4997082 0.1950000
v 0.0212361 1.4997082 0.1950000
v 0.0200000 1.4900000 0.2040000
v 0.0187639 1.4802918 0.1770000
v 0.0212361 1.4802918 0.1770000
v 0.0187639 1.4997082 0.1770000
v 0.0212361 1.4997082 0.1770000
v 0.0200000 1.4900000 0.1680000
v 0.0232361 1.4960000 0.1804377
v 0.0232361 1.4840000 0.1804377
v 0.0220000 1.4862918 0.1714377
v 0.0220000 1.4937082 0.1714377
v 0.0232361 1.4960000 0.1915623
v 0.0232361 1.4840000 0.1915623
v 0.0220000 1.4862918 0.2005623
v 0.0220000 1.4937082 0.2005623
v 0.0240000 1.4900000 0.1860000
v 0.0167639 1.4960000 0.1804377
v 0.0167639 1.4840000 0.1804377
v 0.0180000 1.4862918 0.1714377
v 0.0180000 1.4937082 0.1714377
v 0.0167639 1.4960000 0.1915623
v 0.0167639 1.4840000 0.1915623
v 0.0180000 1.4862918 0.2005623
v 0.0180000 1.4937082 0.2005623
v 0.0160000 1.4900000 0.1860000
vn -0.7369943 0.6758990 -0.0000000
vn 0.7369943 0.6758990 -0.0000000
vn -0.7369943 -0.6758990 -0.0000000
vn 0.7369943 -0.6758990 -0.0000000
vn -0.0000000 -0.3851016 0.9228742
vn -0.0000000 0.3851016 0.9228742
vn -0.0000000 -0.3851016 -0.9228742
vn -0.0000000 0.3851016 -0.9228742
vn 0.8936732 0.0000000 -0.4487185
vn 0.8936732 0.0000000 0.4487185
vn -0.8936732 0.0000000 -0.4487185
vn -0.8936732 0.0000000 0.4487185
vn -0.0000000 1.0000000 -0.0000000
vn -0.0000000 -1.0000000 -0.0000000
vn -0.4287112 -0.6730787 0.6026373
vn 0.4287112 -0.6730787 0.6026373
vn -0.4287112 0.6730787 0.6026373
vn 0.4287112 0.6730787 0.6026373
vn -0.0000000 0.0000000 1.0000000
vn -0.4287112 -0.6730787 -0.6026373
vn 0.4287112 -0.6730787 -0.6026373
vn -0.4287112 0.6730787 -0.6026373
vn 0.4287112 0.6730787 -0.6026373
vn -0.0000000 0.0000000 -1.0000000
vn 0.9096583 0.2983369 -0.2889928
vn 0.9096583 -0.2983369 -0.2889928
vn 0.5929406 -0.1947981 -0.7813291
vn 0.5929406 0.1947981 -0.7813291
vn 0.9096583 0.2983369 0.2889928
vn 0.9096583 -0.2983369 0.2889928
vn 0.5929406 -0.1947981 0.7813291
vn 0.5929406 0.1947981 0.7813291
vn 1.0000000 0.0000000 -0.0000000
vn -0.9096583 0.2983369 -0.2889928
vn -0.9096583 -0.2983369 -0.2889928
vn -0.5929406 -0.1947981 -0.7813291
vn -0.5929406 0.1947981 -0.7813291
vn -0.9096583 0.2983369 0.2889928
vn -0.9096583 -0.2983369 0.2889928
vn -0.5929406 -0.1947981 0.7813291
vn -0.5929406 0.1947981 0.7813291
vn -1.0000000 0.0000000 -0.0000000
vn -0.7246221 0.6891464 -0.0000000
vn 0.7246221 0.6891464 -0.0000000
vn -0.7246221 -0.6891464 -0.0000000
vn 0.7246221 -0.6891464 -0.0000000
vn 0.0000000 -0.3989177 0.9169867
vn 0.0000000 0.3989177 0.9169867
vn 0.0000000 -0.3989177 -0.9169867
vn 0.0000000 0.3989177 -0.9169867
vn 0.8939165 0.0000000 -0.4482334
vn 0.8939165 0.0000000 0.4482334
vn -0.8939165 0.0000000 -0.4482334
vn -0.8939165 0.0000000 0.4482334
vn 0.0000000 1.0000000 -0.0000000
vn 0.0000000 -1.0000000 -0.0000000
vn -0.4231192 -0.6863530 0.5915147
vn 0.4231192 -0.6863530 0.5915147
vn -0.4231192 0.6863530 0.5915147
vn 0.4231192 0.6863530 0.5915147
vn 0.0000000 0.0000000 1.0000000
vn -0.4231192 -0.6863530 -0.5915147
vn 0.4231192 -0.6863530 -0.5915147
vn -0.4231192 0.6863530 -0.5915147
vn 0.4231192 0.6863530 -0.5915147
vn 0.0000000 0.0000000 -1.0000000
vn 0.9060476 0.3106160 -0.2873942
vn 0.9060476 -0.3106160 -0.2873942
vn 0.5919300 -0.2034431 -0.7798909
vn 0.5919300 0.2034431 -0.7798909
vn 0.9060476 0.3106160 0.2873942
vn 0.9060476 -0.3106160 0.2873942
vn 0.5919300 -0.2034431 0.7798909
vn 0.5919300 0.2034431 0.7798909
vn 1.0000000 0.0000000 -0.0000000
vn -0.9060476 0.3106160 -0.2873942
vn -0.9060476 -0.3106160 -0.2873942
vn -0.5919300 -0.2034431 -0.7798909
vn -0.5919300 0.2034431 -0.7798909
vn -0.9060476 0.3106160 0.2873942
vn -0.9060476 -0.3106160 0.2873942
vn -0.5919300 -0.2034431 0.7798909
vn -0.5919300 0.2034431 0.7798909
vn -1.0000000 0.0000000 -0.0000000
vn -0.7462201 0.6656993 -0.0000000
vn 0.7462201 0.6656993 -0.0000000
vn -0.7462201 -0.6656993 -0.0000000
vn 0.7462201 -0.6656993 -0.0000000
vn 0.0000000 -0.3473105 0.9377502
vn 0.0000000 0.3473105 0.9377502
vn 0.0000000 -0.3473105 -0.9377502
vn 0.0000000 0.3473105 -0.9377502
vn 0.8778177 0.0000000 -0.4789949
vn 0.8778177 0.0000000 0.4789949
vn -0.8778177 0.0000000 -0.4789949
vn -0.8778177 0.0000000 0.4789949
vn 0.0000000 1.0000000 -0.0000000
vn 0.0000000 -1.0000000 0.0000000
vn -0.4243085 -0.6424419 0.6381463
vn 0.4243085 -0.6424419 0.6381463
vn -0.4243085 0.6424419 0.6381463
vn 0.4243085 0.6424419 0.6381463
vn 0.0000000 0.0000000 1.0000000
vn -0.4243085 -0.6424419 -0.6381463
vn 0.4243085 -0.6424419 -0.6381463
vn -0.4243085 0.6424419 -0.6381463
vn 0.4243085 0.6424419 -0.6381463
vn 0.0000000 0.0000000 -1.0000000
vn 0.9062125 0.2864084 -0.3110454
vn 0.9062125 -0.2864084 -0.3110454
vn 0.5678923 -0.1782929 -0.8035608
vn 0.5678923 0.1782929 -0.8035608
vn 0.9062125 0.2864084 0.3110454
vn 0.9062125 -0.2864084 0.3110454
vn 0.5678923 -0.1782929 0.8035608
vn 0.5678923 0.1782929 0.8035608
vn 1.0000000 0.0000000 -0.0000000
vn -0.9062125 0.2864084 -0.3110454
vn -0.9062125 -0.2864084 -0.3110454
vn -0.5678923 -0.1782929 -0.8035608
vn -0.5678923 0.1782929 -0.8035608
vn -0.9062125 0.2864084 0.3110454
vn -0.9062125 -0.2864084 0.3110454
vn -0.5678923 -0.1782929 0.8035608
vn -0.5678923 0.1782929 0.8035608
vn -1.0000000 0.0000000 -0.0000000
vn -0.6672882 0.7447996 -0.0000000
vn 0.6672882 0.7447996 -0.0000000
vn -0.6672882 -0.7447996 -0.0000000
vn 0.6672882 -0.7447996 -0.0000000
vn -0.0000000 -0.3824264 0.9239860
vn -0.0000000 0.3824264 0.9239860
vn -0.0000000 -0.3824264 -0.9239860
vn -0.0000000 0.3824264 -0.9239860
vn 0.8490186 0.0000000 -0.5283629
vn 0.8490186 0.0000000 0.5283629
vn -0.8490186 0.0000000 -0.5283629
vn -0.8490186 0.0000000 0.5283629
vn -0.0000000 1.0000000 -0.0000000
vn -0.0000000 -1.0000000 -0.0000000
vn -0.3737954 -0.6912975 0.6183726
vn 0.3737954 -0.6912975 0.6183726
vn -0.3737954 0.6912975 0.6183726
vn 0.3737954 0.6912975 0.6183726
vn -0.0000000 0.0000000 1.0000000
vn -0.3737954 -0.6912975 -0.6183726
vn 0.3737954 -0.6912975 -0.6183726
vn -0.3737954 0.6912975 -0.6183726
vn 0.3737954 0.6912975 -0.6183726
vn -0.0000000 0.0000000 -1.0000000
vn 0.8706486 0.3588326 -0.3364671
vn 0.8706486 -0.3588326 -0.3364671
vn 0.5158573 -0.2116126 -0.8301273
vn 0.5158573 0.2116126 -0.8301273
vn 0.8706486 0.3588326 0.3364671
vn 0.8706486 -0.3588326 0.3364671
vn 0.5158573 -0.2116126 0.8301273
vn 0.5158573 0.2116126 0.8301273
vn 1.0000000 0.0000000 0.0000000
vn -0.8706486 0.3588326 -0.3364671
vn -0.8706486 -0.3588326 -0.3364671
vn -0.5158573 -0.2116126 -0.8301273
vn -0.5158573 0.2116126 -0.8301273
vn -0.8706486 0.3588326 0.3364671
vn -0.8706486 -0.3588326 0.3364671
vn -0.5158573 -0.2116126 0.8301273
vn -0.5158573 0.2116126 0.8301273
vn -1.0000000 0.0000000 0.0000000
vn -0.6672882 0.7447996 -0.0000000
vn 0.6672882 0.7447996 -0.0000000
vn -0.6672882 -0.7447996 -0.0000000
vn 0.6672882 -0.7447996 -0.0000000
vn 0.0000000 -0.3824264 0.9239860
vn 0.0000000 0.3824264 0.9239860
vn 0.0000000 -0.3824264 -0.9239860
vn 0.0000000 0.3824264 -0.9239860
vn 0.8490186 0.0000000 -0.5283629
vn 0.8490186 0.0000000 0.5283629
vn -0.8490186 0.0000000 -0.5283629
vn -0.8490186 0.0000000 0.5283629
vn 0.0000000 1.0000000 -0.0000000
vn 0.0000000 -1.0000000 -0.0000000
vn -0.3737954 -0.6912975 0.6183726
vn 0.3737954 -0.6912975 0.6183726
vn -0.3737954 0.6912975 0.6183726
vn 0.3737954 0.6912975 0.6183726
vn 0.0000000 0.0000000 1.0000000
vn -0.3737954 -0.6912975 -0.6183726
vn 0.3737954 -0.6912975 -0.6183726
vn -0.3737954 0.6912975 -0.6183726
vn 0.3737954 0.6912975 -0.6183726
vn 0.0000000 0.0000000 -1.0000000
vn 0.8706486 0.3588326 -0.3364671
vn 0.8706486 -0.3588326 -0.3364671
vn 0.5158573 -0.2116126 -0.8301273
vn 0.5158573 0.2116126 -0.8301273
vn 0.8706486 0.3588326 0.3364671
vn 0.8706486 -0.3588326 0.3364671
vn 0.5158573 -0.2116126 0.8301273
vn 0.5158573 0.2116126 0.8301273
vn 1.0000000 0.0000000 -0.0000000
vn -0.8706486 0.3588326 -0.3364671
vn -0.8706486 -0.3588326 -0.3364671
vn -0.5158573 -0.2116126 -0.8301273
vn -0.5158573 0.2116126 -0.8301273
vn -0.8706486 0.3588326 0.3364671
vn -0.8706486 -0.3588326 0.3364671
vn -0.5158573 -0.2116126 0.8301273
vn -0.5158573 0.2116126 0.8301273
vn -1.0000000 0.0000000 -0.0000000
vn -0.5763383 0.8172112 0.0000000
vn 0.5763383 0.8172112 0.0000000
vn -0.5763383 -0.8172112 0.0000000
vn 0.5763383 -0.8172112 0.0000000
vn -0.0000000 -0.3952584 0.9185700
vn -0.0000000 0.3952584 0.9185700
vn -0.0000000 -0.3952584 -0.9185700
vn -0.0000000 0.3952584 -0.9185700
vn 0.7937992 0.0000000 -0.6081800
vn 0.7937992 0.0000000 0.6081800
vn -0.7937992 0.0000000 -0.6081800
vn -0.7937992 0.0000000 0.6081800
vn -0.0000000 1.0000000 0.0000000
vn -0.0000000 -1.0000000 0.0000000
vn -0.3091503 -0.7205790 0.6206383
vn 0.3091503 -0.7205790 0.6206383
vn -0.3091503 0.7205790 0.6206383
vn 0.3091503 0.7205790 0.6206383
vn 0.0000000 0.0000000 1.0000000
vn -0.3091503 -0.7205790 -0.6206383
vn 0.3091503 -0.7205790 -0.6206383
vn -0.3091503 0.7205790 -0.6206383
vn 0.3091503 0.7205790 -0.6206383
vn 0.0000000 0.0000000 -1.0000000
vn 0.8153640 0.4381653 -0.3784081
vn 0.8153640 -0.4381653 -0.3784081
vn 0.4341178 -0.2353989 -0.8695568
vn 0.4341178 0.2353989 -0.8695568
vn 0.8153640 0.4381653 0.3784081
vn 0.8153640 -0.4381653 0.3784081
vn 0.4341178 -0.2353989 0.8695568
vn 0.4341178 0.2353989 0.8695568
vn 1.0000000 0.0000000 0.0000000
vn -0.8153640 0.4381653 -0.3784081
vn -0.8153640 -0.4381653 -0.3784081
vn -0.4341178 -0.2353989 -0.8695568
vn -0.4341178 0.2353989 -0.8695568
vn -0.8153640 0.4381653 0.3784081
vn -0.8153640 -0.4381653 0.3784081
vn -0.4341178 -0.2353989 0.8695568
vn -0.4341178 0.2353989 0.8695568
vn -1.0000000 0.0000000 0.0000000
vn -0.5607729 0.8279697 0.0000000
vn 0.5607729 0.8279697 0.0000000
vn -0.5607729 -0.8279697 0.0000000
vn 0.5607729 -0.8279697 0.0000000
vn 0.0000000 -0.4103383 0.9119334
vn 0.0000000 0.4103383 0.9119334
vn 0.0000000 -0.4103383 -0.9119334
vn 0.0000000 0.4103383 -0.9119334
vn 0.7940975 0.0000000 -0.6077904
vn 0.7940975 0.0000000 0.6077904
vn -0.7940975 0.0000000 -0.6077904
vn -0.7940975 0.0000000 0.6077904
vn -0.0000000 1.0000000 0.0000000
vn 0.0000000 -1.0000000 0.0000000
vn -0.3027408 -0.7338080 0.6081725
vn 0.3027408 -0.7338080 0.6081725
vn -0.3027408 0.7338080 0.6081725
vn 0.3027408 0.7338080 0.6081725
vn -0.0000000 0.0000000 1.0000000
vn -0.3027408 -0.7338080 -0.6081725
vn 0.3027408 -0.7338080 -0.6081725
vn -0.3027408 0.7338080 -0.6081725
vn 0.3027408 0.7338080 -0.6081725
vn 0.0000000 0.0000000 -1.0000000
vn 0.8084391 0.4535169 -0.3751648
vn 0.8084391 -0.4535169 -0.3751648
vn 0.4327153 -0.2455152 -0.8674559
vn 0.4327153 0.2455152 -0.8674559
vn 0.8084391 0.4535169 0.3751648
vn 0.8084391 -0.4535169 0.3751648
vn 0.4327153 -0.2455152 0.8674559
vn 0.4327153 0.2455152 0.8674559
vn 1.0000000 0.0000000 0.0000000
vn -0.8084391 0.4535169 -0.3751648
vn -0.8084391 -0.4535169 -0.3751648
vn -0.4327153 -0.2455152 -0.8674559
vn -0.4327153 0.2455152 -0.8674559
vn -0.8084391 0.4535169 0.3751648
vn -0.8084391 -0.4535169 0.3751648
vn -0.4327153 -0.2455152 0.8674559
vn -0.4327153 0.2455152 0.8674559
vn -1.0000000 0.0000000 0.0000000
vn -0.5623580 0.8268938 0.0000000
vn 0.5623580 0.8268938 0.0000000
vn -0.5623580 -0.8268938 0.0000000
vn 0.5623580 -0.8268938 0.0000000
vn 0.0000000 -0.4264578 0.9045075
vn 0.0000000 0.4264578 0.9045075
vn 0.0000000 -0.4264578 -0.9045075
vn 0.0000000 0.4264578 -0.9045075
vn 0.8077350 0.0000000 -0.5895458
vn 0.8077350 0.0000000 0.5895458
vn -0.8077350 0.0000000 -0.5895458
vn -0.8077350 0.0000000 0.5895458
vn 0.0000000 1.0000000 0.0000000
vn 0.0000000 -1.0000000 0.0000000
vn -0.3089765 -0.7442257 0.5921669
vn 0.3089765 -0.7442257 0.5921669
vn -0.3089765 0.7442257 0.5921669
vn 0.3089765 0.7442257 0.5921669
vn 0.0000000 0.0000000 1.0000000
vn -0.3089765 -0.7442257 -0.5921669
vn 0.3089765 -0.7442257 -0.5921669
vn -0.3089765 0.7442257 -0.5921669
vn 0.3089765 0.7442257 -0.5921669
vn 0.0000000 0.0000000 -1.0000000
vn 0.8136248 0.4546452 -0.3623706
vn 0.8136248 -0.4546452 -0.3623706
vn 0.4492382 -0.2532415 -0.8567694
vn 0.4492382 0.2532415 -0.8567694
vn 0.8136248 0.4546452 0.3623706
vn 0.8136248 -0.4546452 0.3623706
vn 0.4492382 -0.2532415 0.8567694
vn 0.4492382 0.2532415 0.8567694
vn 1.0000000 0.0000000 0.0000000
vn -0.8136248 0.4546452 -0.3623706
vn -0.8136248 -0.4546452 -0.3623706
vn -0.4492382 -0.2532415 -0.8567694
vn -0.4492382 0.2532415 -0.8567694
vn -0.8136248 0.4546452 0.3623706
vn -0.8136248 -0.4546452 0.3623706
vn -0.4492382 -0.2532415 0.8567694
vn -0.4492382 0.2532415 0.8567694
vn -1.0000000 0.0000000 0.0000000
vn -0.7369943 0.6758990 -0.0000000
vn 0.7369943 0.6758990 -0.0000000
vn -0.7369943 -0.6758990 -0.0000000
vn 0.7369943 -0.6758990 -0.0000000
vn 0.0000000 -0.3851016 0.9228742
vn 0.0000000 0.3851016 0.9228742
vn 0.0000000 -0.3851016 -0.9228742
vn 0.0000000 0.3851016 -0.9228742
vn 0.8936732 0.0000000 -0.4487185
vn 0.8936732 0.0000000 0.4487185
vn -0.8936732 0.0000000 -0.4487185
vn -0.8936732 0.0000000 0.4487185
vn 0.0000000 1.0000000 -0.0000000
vn 0.0000000 -1.0000000 -0.0000000
vn -0.4287112 -0.6730787 0.6026373
vn 0.4287112 -0.6730787 0.6026373
vn -0.4287112 0.6730787 0.6026373
vn 0.4287112 0.6730787 0.6026373
vn 0.0000000 0.0000000 1.0000000
vn -0.4287112 -0.6730787 -0.6026373
vn 0.4287112 -0.6730787 -0.6026373
vn -0.4287112 0.6730787 -0.6026373
vn 0.4287112 0.6730787 -0.6026373
vn 0.0000000 0.0000000 -1.0000000
vn 0.9096583 0.2983369 -0.2889928
vn 0.9096583 -0.2983369 -0.2889928
vn 0.5929406 -0.1947981 -0.7813291
vn 0.5929406 0.1947981 -0.7813291
vn 0.9096583 0.2983369 0.2889928
vn 0.9096583 -0.2983369 0.2889928
vn 0.5929406 -0.1947981 0.7813291
vn 0.5929406 0.1947981 0.7813291
vn 1.0000000 0.0000000 -0.0000000
vn -0.9096583 0.2983369 -0.2889928
vn -0.9096583 -0.2983369 -0.2889928
vn -0.5929406 -0.1947981 -0.7813291
vn -0.5929406 0.1947981 -0.7813291
vn -0.9096583 0.2983369 0.2889928
vn -0.9096583 -0.2983369 0.2889928
vn -0.5929406 -0.1947981 0.7813291
vn -0.5929406 0.1947981 0.7813291
vn -1.0000000 0.0000000 -0.0000000
vn -0.7246221 0.6891464 -0.0000000
vn 0.7246221 0.6891464 -0.0000000
vn -0.7246221 -0.6891464 -0.0000000
vn 0.7246221 -0.6891464 -0.0000000
vn 0.0000000 -0.3989177 0.9169867
vn 0.0000000 0.3989177 0.9169867
vn 0.0000000 -0.3989177 -0.9169867
vn 0.0000000 0.3989177 -0.9169867
vn 0.8939165 0.0000000 -0.4482334
vn 0.8939165 0.0000000 0.4482334
vn -0.8939165 0.0000000 -0.4482334
vn -0.8939165 0.0000000 0.4482334
vn 0.0000000 1.0000000 -0.0000000
vn 0.0000000 -1.0000000 -0.0000000
vn -0.4231192 -0.6863530 0.5915147
vn 0.4231192 -0.6863530 0.5915147
vn -0.4231192 0.6863530 0.5915147
vn 0.4231192 0.6863530 0.5915147
vn 0.0000000 0.0000000 1.0000000
vn -0.4231192 -0.6863530 -0.5915147
vn 0.4231192 -0.6863530 -0.5915147
vn -0.4231192 0.6863530 -0.5915147
vn 0.4231192 0.6863530 -0.5915147
vn 0.0000000 0.0000000 -1.0000000
vn 0.9060476 0.3106160 -0.2873942
vn 0.9060476 -0.3106160 -0.2873942
vn 0.5919300 -0.2034431 -0.7798909
vn 0.5919300 0.2034431 -0.7798909
vn 0.9060476 0.3106160 0.2873942
vn 0.9060476 -0.3106160 0.2873942
vn 0.5919300 -0.2034431 0.7798909
vn 0.5919300 0.2034431 0.7798909
vn 1.0000000 0.0000000 -0.0000000
vn -0.9060476 0.3106160 -0.2873942
vn -0.9060476 -0.3106160 -0.2873942
vn -0.5919300 -0.2034431 -0.7798909
vn -0.5919300 0.2034431 -0.7798909
vn -0.9060476 0.3106160 0.2873942
vn -0.9060476 -0.3106160 0.2873942
vn -0.5919300 -0.2034431 0.7798909
vn -0.5919300 0.2034431 0.7798909
vn -1.0000000 0.0000000 -0.0000000
vn -0.7462201 0.6656993 -0.0000000
vn 0.7462201 0.6656993 -0.0000000
vn -0.7462201 -0.6656993 -0.0000000
vn 0.7462201 -0.6656993 -0.0000000
vn -0.0000000 -0.3473105 0.9377502
vn -0.0000000 0.3473105 0.9377502
vn -0.0000000 -0.3473105 -0.9377502
vn -0.0000000 0.3473105 -0.9377502
vn 0.8778177 0.0000000 -0.4789949
vn 0.8778177 0.0000000 0.4789949
vn -0.8778177 0.0000000 -0.4789949
vn -0.8778177 0.0000000 0.4789949
vn -0.0000000 1.0000000 0.0000000
vn -0.0000000 -1.0000000 -0.0000000
vn -0.4243085 -0.6424419 0.6381463
vn 0.4243085 -0.6424419 0.6381463
vn -0.4243085 0.6424419 0.6381463
vn 0.4243085 0.6424419 0.6381463
vn -0.0000000 0.0000000 1.0000000
vn -0.4243085 -0.6424419 -0.6381463
vn 0.4243085 -0.6424419 -0.6381463
vn -0.4243085 0.6424419 -0.6381463
vn 0.4243085 0.6424419 -0.6381463
vn -0.0000000 0.0000000 -1.0000000
vn 0.9062125 0.2864084 -0.3110454
vn 0.9062125 -0.2864084 -0.3110454
vn 0.5678923 -0.1782929 -0.8035608
vn 0.5678923 0.1782929 -0.8035608
vn 0.9062125 0.2864084 0.3110454
vn 0.9062125 -0.2864084 0.3110454
vn 0.5678923 -0.1782929 0.8035608
vn 0.5678923 0.1782929 0.8035608
vn 1.0000000 0.0000000 -0.0000000
vn -0.9062125 0.2864084 -0.3110454
vn -0.9062125 -0.2864084 -0.3110454
vn -0.5678923 -0.1782929 -0.8035608
vn -0.5678923 0.1782929 -0.8035608
vn -0.9062125 0.2864084 0.3110454
vn -0.9062125 -0.2864084 0.3110454
vn -0.5678923 -0.1782929 0.8035608
vn -0.5678923 0.1782929 0.8035608
vn -1.0000000 0.0000000 -0.0000000
vn -0.6672882 0.7447996 -0.0000000
vn 0.6672882 0.7447996 -0.0000000
vn -0.6672882 -0.7447996 -0.0000000
vn 0.6672882 -0.7447996 -0.0000000
vn 0.0000000 -0.3824264 0.9239860
vn 0.0000000 0.3824264 0.9239860
vn 0.0000000 -0.3824264 -0.9239860
vn 0.0000000 0.3824264 -0.9239860
vn 0.8490186 0.0000000 -0.5283629
vn 0.8490186 0.0000000 0.5283629
vn -0.8490186 0.0000000 -0.5283629
vn -0.8490186 0.0000000 0.5283629
vn 0.0000000 1.0000000 -0.0000000
vn 0.0000000 -1.0000000 -0.0000000
vn -0.3737954 -0.6912975 0.6183726
vn 0.3737954 -0.6912975 0.6183726
vn -0.3737954 0.6912975 0.6183726
vn 0.3737954 0.6912975 0.6183726
vn 0.0000000 0.0000000 1.0000000
vn -0.3737954 -0.6912975 -0.6183726
vn 0.3737954 -0.6912975 -0.6183726
vn -0.3737954 0.6912975 -0.6183726
vn 0.3737954 0.6912975 -0.6183726
vn 0.0000000 0.0000000 -1.0000000
vn 0.8706486 0.3588326 -0.3364671
vn 0.8706486 -0.3588326 -0.3364671
vn 0.5158573 -0.2116126 -0.8301273
vn 0.5158573 0.2116126 -0.8301273
vn 0.8706486 0.3588326 0.3364671
vn 0.8706486 -0.3588326 0.3364671
vn 0.5158573 -0.2116126 0.8301273
vn 0.5158573 0.2116126 0.8301273
vn 1.0000000 0.0000000 -0.0000000
vn -0.8706486 0.3588326 -0.3364671
vn -0.8706486 -0.3588326 -0.3364671
vn -0.5158573 -0.2116126 -0.8301273
vn -0.5158573 0.2116126 -0.8301273
vn -0.8706486 0.3588326 0.3364671
vn -0.8706486 -0.3588326 0.3364671
vn -0.5158573 -0.2116126 0.8301273
vn -0.5158573 0.2116126 0.8301273
vn -1.0000000 0.0000000 -0.0000000
vn -0.6672882 0.7447996 -0.0000000
vn 0.6672882 0.7447996 -0.0000000
vn -0.6672882 -0.7447996 -0.0000000
vn 0.6672882 -0.7447996 -0.0000000
vn -0.0000000 -0.3824264 0.9239860
vn -0.0000000 0.3824264 0.9239860
vn -0.0000000 -0.3824264 -0.9239860
vn -0.0000000 0.3824264 -0.9239860
vn 0.8490186 0.0000000 -0.5283629
vn 0.8490186 0.0000000 0.5283629
vn -0.8490186 0.0000000 -0.5283629
vn -0.8490186 0.0000000 0.5283629
vn -0.0000000 1.0000000 -0.0000000
vn -0.0000000 -1.0000000 -0.0000000
vn -0.3737954 -0.6912975 0.6183726
vn 0.3737954 -0.6912975 0.6183726
vn -0.3737954 0.6912975 0.6183726
vn 0.3737954 0.6912975 0.6183726
vn -0.0000000 0.0000000 1.0000000
vn -0.3737954 -0.6912975 -0.6183726
vn 0.3737954 -0.6912975 -0.6183726
vn -0.3737954 0.6912975 -0.6183726
vn 0.3737954 0.6912975 -0.6183726
vn -0.0000000 0.0000000 -1.0000000
vn 0.8706486 0.3588326 -0.3364671
vn 0.8706486 -0.3588326 -0.3364671
vn 0.5158573 -0.2116126 -0.8301273
vn 0.5158573 0.2116126 -0.8301273
vn 0.8706486 0.3588326 0.3364671
vn 0.8706486 -0.3588326 0.3364671
vn 0.5158573 -0.2116126 0.8301273
vn 0.5158573 0.2116126 0.8301273
vn 1.0000000 0.0000000 -0.0000000
vn -0.8706486 0.3588326 -0.3364671
vn -0.8706486 -0.3588326 -0.3364671
vn -0.5158573 -0.2116126 -0.8301273
vn -0.5158573 0.2116126 -0.8301273
vn -0.8706486 0.3588326 0.3364671
vn -0.8706486 -0.3588326 0.3364671
vn -0.5158573 -0.2116126 0.8301273
vn -0.5158573 0.2116126 0.8301273
vn -1.0000000 0.0000000 -0.0000000
vn -0.5763383 0.8172112 0.0000000
vn 0.5763383 0.8172112 0.0000000
vn -0.5763383 -0.8172112 0.0000000
vn 0.5763383 -0.8172112 0.0000000
vn 0.0000000 -0.3952584 0.9185700
vn 0.0000000 0.3952584 0.9185700
vn 0.0000000 -0.3952584 -0.9185700
vn 0.0000000 0.3952584 -0.9185700
vn 0.7937992 0.0000000 -0.6081800
vn 0.7937992 0.0000000 0.6081800
vn -0.7937992 0.0000000 -0.6081800
vn -0.7937992 0.0000000 0.6081800
vn 0.0000000 1.0000000 0.0000000
vn 0.0000000 -1.0000000 0.0000000
vn -0.3091503 -0.7205790 0.6206383
vn 0.3091503 -0.7205790 0.6206383
vn -0.3091503 0.7205790 0.6206383
vn 0.3091503 0.7205790 0.6206383
vn 0.0000000 0.0000000 1.0000000
vn -0.3091503 -0.7205790 -0.6206383
vn 0.3091503 -0.7205790 -0.6206383
vn -0.3091503 0.7205790 -0.6206383
vn 0.3091503 0.7205790 -0.6206383
vn 0.0000000 0.0000000 -1.0000000
vn 0.8153640 0.4381653 -0.3784081
vn 0.8153640 -0.4381653 -0.3784081
vn 0.4341178 -0.2353989 -0.8695568
vn 0.4341178 0.2353989 -0.8695568
vn 0.8153640 0.4381653 0.3784081
vn 0.8153640 -0.4381653 0.3784081
vn 0.4341178 -0.2353989 0.8695568
vn 0.4341178 0.2353989 0.8695568
vn 1.0000000 0.0000000 0.0000000
vn -0.8153640 0.4381653 -0.3784081
vn -0.8153640 -0.4381653 -0.3784081
vn -0.4341178 -0.2353989 -0.8695568
vn -0.4341178 0.2353989 -0.8695568
vn -0.8153640 0.4381653 0.3784081
vn -0.8153640 -0.4381653 0.3784081
vn -0.4341178 -0.2353989 0.8695568
vn -0.4341178 0.2353989 0.8695568
vn -1.0000000 0.0000000 0.0000000
vn -0.5607729 0.8279697 0.0000000
vn 0.5607729 0.8279697 0.0000000
vn -0.5607729 -0.8279697 0.0000000
vn 0.5607729 -0.8279697 0.0000000
vn 0.0000000 -0.4103383 0.9119334
vn 0.0000000 0.4103383 0.9119334
vn 0.0000000 -0.4103383 -0.9119334
vn 0.0000000 0.4103383 -0.9119334
vn 0.7940975 0.0000000 -0.6077904
vn 0.7940975 0.0000000 0.6077904
vn -0.7940975 0.0000000 -0.6077904
vn -0.7940975 0.0000000 0.6077904
vn -0.0000000 1.0000000 0.0000000
vn 0.0000000 -1.0000000 0.0000000
vn -0.3027408 -0.7338080 0.6081725
vn 0.3027408 -0.7338080 0.6081725
vn -0.3027408 0.7338080 0.6081725
vn 0.3027408 0.7338080 0.6081725
vn -0.0000000 0.0000000 1.0000000
vn -0.3027408 -0.7338080 -0.6081725
vn 0.3027408 -0.7338080 -0.6081725
vn -0.3027408 0.7338080 -0.6081725
vn 0.3027408 0.7338080 -0.6081725
vn 0.0000000 0.0000000 -1.0000000
vn 0.8084391 0.4535169 -0.3751648
vn 0.8084391 -0.4535169 -0.3751648
vn 0.4327153 -0.2455152 -0.8674559
vn 0.4327153 0.2455152 -0.8674559
vn 0.8084391 0.4535169 0.3751648
vn 0.8084391 -0.4535169 0.3751648
vn 0.4327153 -0.2455152 0.8674559
vn 0.4327153 0.2455152 0.8674559
vn 1.0000000 0.0000000 0.0000000
vn -0.8084391 0.4535169 -0.3751648
vn -0.8084391 -0.4535169 -0.3751648
vn -0.4327153 -0.2455152 -0.8674559
vn -0.4327153 0.2455152 -0.8674559
vn -0.8084391 0.4535169 0.3751648
vn -0.8084391 -0.4535169 0.3751648
vn -0.4327153 -0.2455152 0.8674559
vn -0.4327153 0.2455152 0.8674559
vn -1.0000000 0.0000000 0.0000000
vn -0.5623580 0.8268938 0.0000000
vn 0.5623580 0.8268938 0.0000000
vn -0.5623580 -0.8268938 0.0000000
vn 0.5623580 -0.8268938 0.0000000
vn -0.0000000 -0.4264578 0.9045075
vn -0.0000000 0.4264578 0.9045075
vn -0.0000000 -0.4264578 -0.9045075
vn -0.0000000 0.4264578 -0.9045075
vn 0.8077350 0.0000000 -0.5895458
vn 0.8077350 0.0000000 0.5895458
vn -0.8077350 0.0000000 -0.5895458
vn -0.8077350 0.0000000 0.5895458
vn -0.0000000 1.0000000 0.0000000
vn -0.0000000 -1.0000000 0.0000000
vn -0.3089765 -0.7442257 0.5921669
vn 0.3089765 -0.7442257 0.5921669
vn -0.3089765 0.7442257 0.5921669
vn 0.3089765 0.7442257 0.5921669
vn 0.0000000 0.0000000 1.0000000
vn -0.3089765 -0.7442257 -0.5921669
vn 0.3089765 -0.7442257 -0.5921669
vn -0.3089765 0.7442257 -0.5921669
vn 0.3089765 0.7442257 -0.5921669
vn 0.0000000 0.0000000 -1.0000000
vn 0.8136248 0.4546452 -0.3623706
vn 0.8136248 -0.4546452 -0.3623706
vn 0.4492382 -0.2532415 -0.8567694
vn 0.4492382 0.2532415 -0.8567694
vn 0.8136248 0.4546452 0.3623706
vn 0.8136248 -0.4546452 0.3623706
vn 0.4492382 -0.2532415 0.8567694
vn 0.4492382 0.2532415 0.8567694
vn 1.0000000 0.0000000 0.0000000
vn -0.8136248 0.4546452 -0.3623706
vn -0.8136248 -0.4546452 -0.3623706
vn -0.4492382 -0.2532415 -0.8567694
vn -0.4492382 0.2532415 -0.8567694
vn -0.8136248 0.4546452 0.3623706
vn -0.8136248 -0.4546452 0.3623706
vn -0.4492382 -0.2532415 0.8567694
vn -0.4492382 0.2532415 0.8567694
vn -1.0000000 0.0000000 0.0000000
vn -0.7367590 0.6761554 -0.0000000
vn 0.7367590 0.6761554 -0.0000000
vn -0.7367590 -0.6761554 -0.0000000
vn 0.7367590 -0.6761554 -0.0000000
vn -0.0000000 -0.3619550 0.9321956
vn -0.0000000 0.3619550 0.9321956
vn -0.0000000 -0.3619550 -0.9321956
vn -0.0000000 0.3619550 -0.9321956
vn 0.8806514 0.0000000 -0.4737648
vn 0.8806514 0.0000000 0.4737648
vn -0.8806514 0.0000000 -0.4737648
vn -0.8806514 -0.0000000 0.4737648
vn -0.0000000 1.0000000 -0.0000000
vn -0.0000000 -1.0000000 -0.0000000
vn -0.4215384 -0.6565411 0.6255071
vn 0.4215384 -0.6565411 0.6255071
vn -0.4215384 0.6565411 0.6255071
vn 0.4215384 0.6565411 0.6255071
vn -0.0000000 -0.0000000 1.0000000
vn -0.4215384 -0.6565411 -0.6255071
vn 0.4215384 -0.6565411 -0.6255071
vn -0.4215384 0.6565411 -0.6255071
vn 0.4215384 0.6565411 -0.6255071
vn -0.0000000 0.0000000 -1.0000000
vn 0.9046488 0.2961566 -0.3064342
vn 0.9046488 -0.2961566 -0.3064342
vn 0.5713874 -0.1862778 -0.7992603
vn 0.5713874 0.1862778 -0.7992603
vn 0.9046488 0.2961566 0.3064342
vn 0.9046488 -0.2961566 0.3064342
vn 0.5713874 -0.1862778 0.7992603
vn 0.5713874 0.1862778 0.7992603
vn 1.0000000 0.0000000 -0.0000000
vn -0.9046488 0.2961566 -0.3064342
vn -0.9046488 -0.2961566 -0.3064342
vn -0.5713874 -0.1862778 -0.7992603
vn -0.5713874 0.1862778 -0.7992603
vn -0.9046488 0.2961566 0.3064342
vn -0.9046488 -0.2961566 0.3064342
vn -0.5713874 -0.1862778 0.7992603
vn -0.5713874 0.1862778 0.7992603
vn -1.0000000 -0.0000000 -0.0000000
vn -0.7243954 0.6893847 -0.0000000
vn 0.7243954 0.6893847 -0.0000000
vn -0.7243954 -0.6893847 -0.0000000
vn 0.7243954 -0.6893847 -0.0000000
vn -0.0000000 -0.3754183 0.9268555
vn 0.0000000 0.3754183 0.9268555
vn 0.0000000 -0.3754183 -0.9268555
vn -0.0000000 0.3754183 -0.9268555
vn 0.8809330 0.0000000 -0.4732409
vn 0.8809330 0.0000000 0.4732409
vn -0.8809330 -0.0000000 -0.4732409
vn -0.8809330 -0.0000000 0.4732409
vn 0.0000000 1.0000000 -0.0000000
vn 0.0000000 -1.0000000 -0.0000000
vn -0.4160402 -0.6701680 0.6146425
vn 0.4160402 -0.6701680 0.6146425
vn -0.4160402 0.6701680 0.6146425
vn 0.4160402 0.6701680 0.6146425
vn 0.0000000 0.0000000 1.0000000
vn -0.4160402 -0.6701680 -0.6146425
vn 0.4160402 -0.6701680 -0.6146425
vn -0.4160402 0.6701680 -0.6146425
vn 0.4160402 0.6701680 -0.6146425
vn 0.0000000 0.0000000 -1.0000000
vn 0.9011234 0.3083614 -0.3047785
vn 0.9011234 -0.3083614 -0.3047785
vn 0.5704552 -0.1946693 -0.7979253
vn 0.5704552 0.1946693 -0.7979253
vn 0.9011234 0.3083614 0.3047785
vn 0.9011234 -0.3083614 0.3047785
vn 0.5704552 -0.1946693 0.7979253
vn 0.5704552 0.1946693 0.7979253
vn 1.0000000 -0.0000000 -0.0000000
vn -0.9011234 0.3083614 -0.3047785
vn -0.9011234 -0.3083614 -0.3047785
vn -0.5704552 -0.1946693 -0.7979253
vn -0.5704552 0.1946693 -0.7979253
vn -0.9011234 0.3083614 0.3047785
vn -0.9011234 -0.3083614 0.3047785
vn -0.5704552 -0.1946693 0.7979253
vn -0.5704552 0.1946693 0.7979253
vn -1.0000000 0.0000000 -0.0000000
vn -0.7460902 0.6658449 -0.0000000
vn 0.7460902 0.6658449 0.0000000
vn -0.7460902 -0.6658449 -0.0000000
vn 0.7460902 -0.6658449 -0.0000000
vn 0.0000000 -0.3253871 0.9455809
vn 0.0000000 0.3253871 0.9455809
vn 0.0000000 -0.3253871 -0.9455809
vn 0.0000000 0.3253871 -0.9455809
vn 0.8635412 0.0000000 -0.5042782
vn 0.8635412 0.0000000 0.5042782
vn -0.8635412 0.0000000 -0.5042782
vn -0.8635412 0.0000000 0.5042782
vn 0.0000000 1.0000000 -0.0000000
vn 0.0000000 -1.0000000 -0.0000000
vn -0.4165586 -0.6249899 0.6602019
vn 0.4165586 -0.6249899 0.6602019
vn -0.4165586 0.6249899 0.6602019
vn 0.4165586 0.6249899 0.6602019
vn 0.0000000 0.0000000 1.0000000
vn -0.4165586 -0.6249899 -0.6602019
vn 0.4165586 -0.6249899 -0.6602019
vn -0.4165586 0.6249899 -0.6602019
vn 0.4165586 0.6249899 -0.6602019
vn 0.0000000 0.0000000 -1.0000000
vn 0.9006452 0.2840729 -0.3288476
vn 0.9006452 -0.2840729 -0.3288476
vn 0.5457892 -0.1699886 -0.8204987
vn 0.5457892 0.1699886 -0.8204987
vn 0.9006452 0.2840729 0.3288476
vn 0.9006452 -0.2840729 0.3288476
vn 0.5457892 -0.1699886 0.8204987
vn 0.5457892 0.1699886 0.8204987
vn 1.0000000 0.0000000 0.0000000
vn -0.9006452 0.2840729 -0.3288476
vn -0.9006452 -0.2840729 -0.3288476
vn -0.5457892 -0.1699886 -0.8204987
vn -0.5457892 0.1699886 -0.8204987
vn -0.9006452 0.2840729 0.3288476
vn -0.9006452 -0.2840729 0.3288476
vn -0.5457892 -0.1699886 0.8204987
vn -0.5457892 0.1699886 0.8204987
vn -1.0000000 -0.0000000 0.0000000
vn -0.6674992 0.7446105 -0.0000000
vn 0.6674992 0.7446105 -0.0000000
vn -0.6674992 -0.7446105 -0.0000000
vn 0.6674992 -0.7446105 -0.0000000
vn -0.0000000 -0.3594812 0.9331523
vn -0.0000000 0.3594812 0.9331523
vn -0.0000000 -0.3594812 -0.9331523
vn -0.0000000 0.3594812 -0.9331523
vn 0.8329061 0.0000000 -0.5534144
vn 0.8329061 -0.0000000 0.5534144
vn -0.8329061 -0.0000000 -0.5534144
vn -0.8329061 -0.0000000 0.5534144
vn -0.0000000 1.0000000 -0.0000000
vn -0.0000000 -1.0000000 -0.0000000
vn -0.3660095 -0.6745444 0.6411138
vn 0.3660095 -0.6745444 0.6411138
vn -0.3660095 0.6745444 0.6411138
vn 0.3660095 0.6745444 0.6411138
vn -0.0000000 0.0000000 1.0000000
vn -0.3660095 -0.6745444 -0.6411138
vn 0.3660095 -0.6745444 -0.6411138
vn -0.3660095 0.6745444 -0.6411138
vn 0.3660095 0.6745444 -0.6411138
vn -0.0000000 -0.0000000 -1.0000000
vn 0.8649042 0.3556202 -0.3542246
vn 0.8649042 -0.3556202 -0.3542246
vn 0.4936417 -0.2016468 -0.8459648
vn 0.4936417 0.2016468 -0.8459648
vn 0.8649042 0.3556202 0.3542246
vn 0.8649042 -0.3556202 0.3542246
vn 0.4936417 -0.2016468 0.8459648
vn 0.4936417 0.2016468 0.8459648
vn 1.0000000 0.0000000 0.0000000
vn -0.8649042 0.3556202 -0.3542246
vn -0.8649042 -0.3556202 -0.3542246
vn -0.4936417 -0.2016468 -0.8459648
vn -0.4936417 0.2016468 -0.8459648
vn -0.8649042 0.3556202 0.3542246
vn -0.8649042 -0.3556202 0.3542246
vn -0.4936417 -0.2016468 0.8459648
vn -0.4936417 0.2016468 0.8459648
vn -1.0000000 0.0000000 0.0000000
vn -0.6674992 0.7446105 -0.0000000
vn 0.6674992 0.7446105 -0.0000000
vn -0.6674992 -0.7446105 -0.0000000
vn 0.6674992 -0.7446105 -0.0000000
vn 0.0000000 -0.3594812 0.9331523
vn 0.0000000 0.3594812 0.9331523
vn 0.0000000 -0.3594812 -0.9331523
vn 0.0000000 0.3594812 -0.9331523
vn 0.8329061 0.0000000 -0.5534144
vn 0.8329061 0.0000000 0.5534144
vn -0.8329061 -0.0000000 -0.5534144
vn -0.8329061 0.0000000 0.5534144
vn 0.0000000 1.0000000 -0.0000000
vn 0.0000000 -1.0000000 -0.0000000
vn -0.3660095 -0.6745444 0.6411138
vn 0.3660095 -0.6745444 0.6411138
vn -0.3660095 0.6745444 0.6411138
vn 0.3660095 0.6745444 0.6411138
vn 0.0000000 0.0000000 1.0000000
vn -0.3660095 -0.6745444 -0.6411138
vn 0.3660095 -0.6745444 -0.6411138
vn -0.3660095 0.6745444 -0.6411138
vn 0.3660095 0.6745444 -0.6411138
vn 0.0000000 0.0000000 -1.0000000
vn 0.8649042 0.3556202 -0.3542246
vn 0.8649042 -0.3556202 -0.3542246
vn 0.4936417 -0.2016468 -0.8459648
vn 0.4936417 0.2016468 -0.8459648
vn 0.8649042 0.3556202 0.3542246
vn 0.8649042 -0.3556202 0.3542246
vn 0.4936417 -0.2016468 0.8459648
vn 0.4936417 0.2016468 0.8459648
vn 1.0000000 0.0000000 0.0000000
vn -0.8649042 0.3556202 -0.3542246
vn -0.8649042 -0.3556202 -0.3542246
vn -0.4936417 -0.2016468 -0.8459648
vn -0.4936417 0.2016468 -0.8459648
vn -0.8649042 0.3556202 0.3542246
vn -0.8649042 -0.3556202 0.3542246
vn -0.4936417 -0.2016468 0.8459648
vn -0.4936417 0.2016468 0.8459648
vn -1.0000000 0.0000000 0.0000000
vn -0.5770217 0.8167288 -0.0000000
vn 0.5770217 0.8167288 0.0000000
vn -0.5770217 -0.8167288 0.0000000
vn 0.5770217 -0.8167288 -0.0000000
vn -0.0000000 -0.3721354 0.9281785
vn -0.0000000 0.3721354 0.9281785
vn -0.0000000 -0.3721354 -0.9281785
vn -0.0000000 0.3721354 -0.9281785
vn 0.7749106 0.0000000 -0.6320708
vn 0.7749106 0.0000000 0.6320708
vn -0.7749106 0.0000000 -0.6320708
vn -0.7749106 -0.0000000 0.6320708
vn -0.0000000 1.0000000 0.0000000
vn -0.0000000 -1.0000000 0.0000000
vn -0.3015076 -0.7037723 0.6432710
vn 0.3015076 -0.7037723 0.6432710
vn -0.3015076 0.7037723 0.6432710
vn 0.3015076 0.7037723 0.6432710
vn -0.0000000 0.0000000 1.0000000
vn -0.3015076 -0.7037723 -0.6432710
vn 0.3015076 -0.7037723 -0.6432710
vn -0.3015076 0.7037723 -0.6432710
vn 0.3015076 0.7037723 -0.6432710
vn 0.0000000 0.0000000 -1.0000000
vn 0.8094083 0.4339615 -0.3956459
vn 0.8094083 -0.4339615 -0.3956459
vn 0.4124560 -0.2237013 -0.8830842
vn 0.4124560 0.2237013 -0.8830842
vn 0.8094083 0.4339615 0.3956459
vn 0.8094083 -0.4339615 0.3956459
vn 0.4124560 -0.2237013 0.8830842
vn 0.4124560 0.2237013 0.8830842
vn 1.0000000 0.0000000 0.0000000
vn -0.8094083 0.4339615 -0.3956459
vn -0.8094083 -0.4339615 -0.3956459
vn -0.4124560 -0.2237013 -0.8830842
vn -0.4124560 0.2237013 -0.8830842
vn -0.8094083 0.4339615 0.3956459
vn -0.8094083 -0.4339615 0.3956459
vn -0.4124560 -0.2237013 0.8830842
vn -0.4124560 0.2237013 0.8830842
vn -1.0000000 -0.0000000 0.0000000
vn -0.5614459 0.8275135 0.0000000
vn 0.5614459 0.8275135 0.0000000
vn -0.5614459 -0.8275135 0.0000000
vn 0.5614459 -0.8275135 0.0000000
vn 0.0000000 -0.3868831 0.9221288
vn -0.0000000 0.3868831 0.9221288
vn 0.0000000 -0.3868831 -0.9221288
vn 0.0000000 0.3868831 -0.9221288
vn 0.7752704 0.0000000 -0.6316294
vn 0.7752704 0.0000000 0.6316294
vn -0.7752704 0.0000000 -0.6316294
vn -0.7752704 0.0000000 0.6316294
vn -0.0000000 1.0000000 0.0000000
vn -0.0000000 -1.0000000 0.0000000
vn -0.2953524 -0.7173208 0.6310450
vn 0.2953524 -0.7173208 0.6310450
vn -0.2953524 0.7173208 0.6310450
vn 0.2953524 0.7173208 0.6310450
vn 0.0000000 0.0000000 1.0000000
vn -0.2953524 -0.7173208 -0.6310450
vn 0.2953524 -0.7173208 -0.6310450
vn -0.2953524 0.7173208 -0.6310450
vn 0.2953524 0.7173208 -0.6310450
vn -0.0000000 0.0000000 -1.0000000
vn 0.8025955 0.4492696 -0.3924248
vn 0.8025955 -0.4492696 -0.3924248
vn 0.4112027 -0.2335371 -0.8811202
vn 0.4112027 0.2335371 -0.8811202
vn 0.8025955 0.4492696 0.3924248
vn 0.8025955 -0.4492696 0.3924248
vn 0.4112027 -0.2335371 0.8811202
vn 0.4112027 0.2335371 0.8811202
vn 1.0000000 0.0000000 0.0000000
vn -0.8025955 0.4492696 -0.3924248
vn -0.8025955 -0.4492696 -0.3924248
vn -0.4112027 -0.2335371 -0.8811202
vn -0.4112027 0.2335371 -0.8811202
vn -0.8025955 0.4492696 0.3924248
vn -0.8025955 -0.4492696 0.3924248
vn -0.4112027 -0.2335371 0.8811202
vn -0.4112027 0.2335371 0.8811202
vn -1.0000000 0.0000000 0.0000000
vn -0.5629216 0.8265103 0.0000000
vn 0.5629216 0.8265103 0.0000000
vn -0.5629216 -0.8265103 0.0000000
vn 0.5629216 -0.8265103 0.0000000
vn 0.0000000 -0.4026696 0.9153454
vn 0.0000000 0.4026696 0.9153454
vn 0.0000000 -0.4026696 -0.9153454
vn 0.0000000 0.4026696 -0.9153454
vn 0.7895713 0.0000000 -0.6136588
vn 0.7895713 0.0000000 0.6136588
vn -0.7895713 0.0000000 -0.6136588
vn -0.7895713 0.0000000 0.6136588
vn 0.0000000 1.0000000 0.0000000
vn 0.0000000 -1.0000000 0.0000000
vn -0.3017951 -0.7281816 0.6153627
vn 0.3017951 -0.7281816 0.6153627
vn -0.3017951 0.7281816 0.6153627
vn 0.3017951 0.7281816 0.6153627
vn -0.0000000 0.0000000 1.0000000
vn -0.3017951 -0.7281816 -0.6153627
vn 0.3017951 -0.7281816 -0.6153627
vn -0.3017951 0.7281816 -0.6153627
vn 0.3017951 0.7281816 -0.6153627
vn -0.0000000 0.0000000 -1.0000000
vn 0.8079444 0.4505329 -0.3797972
vn 0.8079444 -0.4505329 -0.3797972
vn 0.4276677 -0.2413121 -0.8711307
vn 0.4276677 0.2413121 -0.8711307
vn 0.8079444 0.4505329 0.3797972
vn 0.8079444 -0.4505329 0.3797972
vn 0.4276677 -0.2413121 0.8711307
vn 0.4276677 0.2413121 0.8711307
vn 1.0000000 0.0000000 0.0000000
vn -0.8079444 0.4505329 -0.3797972
vn -0.8079444 -0.4505329 -0.3797972
vn -0.4276677 -0.2413121 -0.8711307
vn -0.4276677 0.2413121 -0.8711307
vn -0.8079444 0.4505329 0.3797972
vn -0.8079444 -0.4505329 0.3797972
vn -0.4276677 -0.2413121 0.8711307
vn -0.4276677 0.2413121 0.8711307
vn -1.0000000 0.0000000 0.0000000
vn -0.7367590 0.6761554 -0.0000000
vn 0.7367590 0.6761554 -0.0000000
vn -0.7367590 -0.6761554 -0.0000000
vn 0.7367590 -0.6761554 -0.0000000
vn 0.0000000 -0.3619550 0.9321956
vn 0.0000000 0.3619550 0.9321956
vn 0.0000000 -0.3619550 -0.9321956
vn 0.0000000 0.3619550 -0.9321956
vn 0.8806514 0.0000000 -0.4737648
vn 0.8806514 0.0000000 0.4737648
vn -0.8806514 -0.0000000 -0.4737648
vn -0.8806514 -0.0000000 0.4737648
vn 0.0000000 1.0000000 -0.0000000
vn 0.0000000 -1.0000000 -0.0000000
vn -0.4215384 -0.6565411 0.6255071
vn 0.4215384 -0.6565411 0.6255071
vn -0.4215384 0.6565411 0.6255071
vn 0.4215384 0.6565411 0.6255071
vn 0.0000000 0.0000000 1.0000000
vn -0.4215384 -0.6565411 -0.6255071
vn 0.4215384 -0.6565411 -0.6255071
vn -0.4215384 0.6565411 -0.6255071
vn 0.4215384 0.6565411 -0.6255071
vn 0.0000000 -0.0000000 -1.0000000
vn 0.9046488 0.2961566 -0.3064342
vn 0.9046488 -0.2961566 -0.3064342
vn 0.5713874 -0.1862778 -0.7992603
vn 0.5713874 0.1862778 -0.7992603
vn 0.9046488 0.2961566 0.3064342
vn 0.9046488 -0.2961566 0.3064342
vn 0.5713874 -0.1862778 0.7992603
vn 0.5713874 0.1862778 0.7992603
vn 1.0000000 0.0000000 -0.0000000
vn -0.9046488 0.2961566 -0.3064342
vn -0.9046488 -0.2961566 -0.3064342
vn -0.5713874 -0.1862778 -0.7992603
vn -0.5713874 0.1862778 -0.7992603
vn -0.9046488 0.2961566 0.3064342
vn -0.9046488 -0.2961566 0.3064342
vn -0.5713874 -0.1862778 0.7992603
vn -0.5713874 0.1862778 0.7992603
vn -1.0000000 -0.0000000 -0.0000000
vn -0.7243954 0.6893847 -0.0000000
vn 0.7243954 0.6893847 -0.0000000
vn -0.7243954 -0.6893847 -0.0000000
vn 0.7243954 -0.6893847 -0.0000000
vn -0.0000000 -0.3754183 0.9268555
vn 0.0000000 0.3754183 0.9268555
vn 0.0000000 -0.3754183 -0.9268555
vn -0.0000000 0.3754183 -0.9268555
vn 0.8809330 0.0000000 -0.4732409
vn 0.8809330 0.0000000 0.4732409
vn -0.8809330 -0.0000000 -0.4732409
vn -0.8809330 -0.0000000 0.4732409
vn 0.0000000 1.0000000 -0.0000000
vn 0.0000000 -1.0000000 -0.0000000
vn -0.4160402 -0.6701680 0.6146425
vn 0.4160402 -0.6701680 0.6146425
vn -0.4160402 0.6701680 0.6146425
vn 0.4160402 0.6701680 0.6146425
vn 0.0000000 0.0000000 1.0000000
vn -0.4160402 -0.6701680 -0.6146425
vn 0.4160402 -0.6701680 -0.6146425
vn -0.4160402 0.6701680 -0.6146425
vn 0.4160402 0.6701680 -0.6146425
vn 0.0000000 0.0000000 -1.0000000
vn 0.9011234 0.3083614 -0.3047785
vn 0.9011234 -0.3083614 -0.3047785
vn 0.5704552 -0.1946693 -0.7979253
vn 0.5704552 0.1946693 -0.7979253
vn 0.9011234 0.3083614 0.3047785
vn 0.9011234 -0.3083614 0.3047785
vn 0.5704552 -0.1946693 0.7979253
vn 0.5704552 0.1946693 0.7979253
vn 1.0000000 0.0000000 -0.0000000
vn -0.9011234 0.3083614 -0.3047785
vn -0.9011234 -0.3083614 -0.3047785
vn -0.5704552 -0.1946693 -0.7979253
vn -0.5704552 0.1946693 -0.7979253
vn -0.9011234 0.3083614 0.3047785
vn -0.9011234 -0.3083614 0.3047785
vn -0.5704552 -0.1946693 0.7979253
vn -0.5704552 0.1946693 0.7979253
vn -1.0000000 0.0000000 -0.0000000
vn -0.7460902 0.6658449 0.0000000
vn 0.7460902 0.6658449 0.0000000
vn -0.7460902 -0.6658449 0.0000000
vn 0.7460902 -0.6658449 0.0000000
vn -0.0000000 -0.3253871 0.9455809
vn -0.0000000 0.3253871 0.9455809
vn -0.0000000 -0.3253871 -0.9455809
vn -0.0000000 0.3253871 -0.9455809
vn 0.8635412 0.0000000 -0.5042782
vn 0.8635412 0.0000000 0.5042782
vn -0.8635412 0.0000000 -0.5042782
vn -0.8635412 0.0000000 0.5042782
vn -0.0000000 1.0000000 -0.0000000
vn -0.0000000 -1.0000000 -0.0000000
vn -0.4165586 -0.6249899 0.6602019
vn 0.4165586 -0.6249899 0.6602019
vn -0.4165586 0.6249899 0.6602019
vn 0.4165586 0.6249899 0.6602019
vn -0.0000000 0.0000000 1.0000000
vn -0.4165586 -0.6249899 -0.6602019
vn 0.4165586 -0.6249899 -0.6602019
vn -0.4165586 0.6249899 -0.6602019
vn 0.4165586 0.6249899 -0.6602019
vn -0.0000000 0.0000000 -1.0000000
vn 0.9006452 0.2840729 -0.3288476
vn 0.9006452 -0.2840729 -0.3288476
vn 0.5457892 -0.1699886 -0.8204987
vn 0.5457892 0.1699886 -0.8204987
vn 0.9006452 0.2840729 0.3288476
vn 0.9006452 -0.2840729 0.3288476
vn 0.5457892 -0.1699886 0.8204987
vn 0.5457892 0.1699886 0.8204987
vn 1.0000000 0.0000000 0.0000000
vn -0.9006452 0.2840729 -0.3288476
vn -0.9006452 -0.2840729 -0.3288476
vn -0.5457892 -0.1699886 -0.8204987
vn -0.5457892 0.1699886 -0.8204987
vn -0.9006452 0.2840729 0.3288476
vn -0.9006452 -0.2840729 0.3288476
vn -0.5457892 -0.1699886 0.8204987
vn -0.5457892 0.1699886 0.8204987
vn -1.0000000 -0.0000000 0.0000000
vn -0.6674992 0.7446105 -0.0000000
vn 0.6674992 0.7446105 -0.0000000
vn -0.6674992 -0.7446105 -0.0000000
vn 0.6674992 -0.7446105 -0.0000000
vn 0.0000000 -0.3594812 0.9331523
vn 0.0000000 0.3594812 0.9331523
vn 0.0000000 -0.3594812 -0.9331523
vn 0.0000000 0.3594812 -0.9331523
vn 0.8329061 0.0000000 -0.5534144
vn 0.8329061 0.0000000 0.5534144
vn -0.8329061 -0.0000000 -0.5534144
vn -0.8329061 0.0000000 0.5534144
vn 0.0000000 1.0000000 -0.0000000
vn 0.0000000 -1.0000000 -0.0000000
vn -0.3660095 -0.6745444 0.6411138
vn 0.3660095 -0.6745444 0.6411138
vn -0.3660095 0.6745444 0.6411138
vn 0.3660095 0.6745444 0.6411138
vn 0.0000000 -0.0000000 1.0000000
vn -0.3660095 -0.6745444 -0.6411138
vn 0.3660095 -0.6745444 -0.6411138
vn -0.3660095 0.6745444 -0.6411138
vn 0.3660095 0.6745444 -0.6411138
vn 0.0000000 0.0000000 -1.0000000
vn 0.8649042 0.3556202 -0.3542246
vn 0.8649042 -0.3556202 -0.3542246
vn 0.4936417 -0.2016468 -0.8459648
vn 0.4936417 0.2016468 -0.8459648
vn 0.8649042 0.3556202 0.3542246
vn 0.8649042 -0.3556202 0.3542246
vn 0.4936417 -0.2016468 0.8459648
vn 0.4936417 0.2016468 0.8459648
vn 1.0000000 0.0000000 0.0000000
vn -0.8649042 0.3556202 -0.3542246
vn -0.8649042 -0.3556202 -0.3542246
vn -0.4936417 -0.2016468 -0.8459648
vn -0.4936417 0.2016468 -0.8459648
vn -0.8649042 0.3556202 0.3542246
vn -0.8649042 -0.3556202 0.3542246
vn -0.4936417 -0.2016468 0.8459648
vn -0.4936417 0.2016468 0.8459648
vn -1.0000000 0.0000000 0.0000000
vn -0.6674992 0.7446105 -0.0000000
vn 0.6674992 0.7446105 -0.0000000
vn -0.6674992 -0.7446105 -0.0000000
vn 0.6674992 -0.7446105 -0.0000000
vn -0.0000000 -0.3594812 0.9331523
vn -0.0000000 0.3594812 0.9331523
vn -0.0000000 -0.3594812 -0.9331523
vn -0.0000000 0.3594812 -0.9331523
vn 0.8329061 0.0000000 -0.5534144
vn 0.8329061 -0.0000000 0.5534144
vn -0.8329061 -0.0000000 -0.5534144
vn -0.8329061 -0.0000000 0.5534144
vn -0.0000000 1.0000000 -0.0000000
vn -0.0000000 -1.0000000 -0.0000000
vn -0.3660095 -0.6745444 0.6411138
vn 0.3660095 -0.6745444 0.6411138
vn -0.3660095 0.6745444 0.6411138
vn 0.3660095 0.6745444 0.6411138
vn -0.0000000 -0.0000000 1.0000000
vn -0.3660095 -0.6745444 -0.6411138
vn 0.3660095 -0.6745444 -0.6411138
vn -0.3660095 0.6745444 -0.6411138
vn 0.3660095 0.6745444 -0.6411138
vn -0.0000000 -0.0000000 -1.0000000
vn 0.8649042 0.3556202 -0.3542246
vn 0.8649042 -0.3556202 -0.3542246
vn 0.4936417 -0.2016468 -0.8459648
vn 0.4936417 0.2016468 -0.8459648
vn 0.8649042 0.3556202 0.3542246
vn 0.8649042 -0.3556202 0.3542246
vn 0.4936417 -0.2016468 0.8459648
vn 0.4936417 0.2016468 0.8459648
vn 1.0000000 0.0000000 0.0000000
vn -0.8649042 0.3556202 -0.3542246
vn -0.8649042 -0.3556202 -0.3542246
vn -0.4936417 -0.2016468 -0.8459648
vn -0.4936417 0.2016468 -0.8459648
vn -0.8649042 0.3556202 0.3542246
vn -0.8649042 -0.3556202 0.3542246
vn -0.4936417 -0.2016468 0.8459648
vn -0.4936417 0.2016468 0.8459648
vn -1.0000000 0.0000000 0.0000000
vn -0.5770217 0.8167288 -0.0000000
vn 0.5770217 0.8167288 0.0000000
vn -0.5770217 -0.8167288 0.0000000
vn 0.5770217 -0.8167288 -0.0000000
vn 0.0000000 -0.3721354 0.9281785
vn 0.0000000 0.3721354 0.9281785
vn 0.0000000 -0.3721354 -0.9281785
vn 0.0000000 0.3721354 -0.9281785
vn 0.7749106 -0.0000000 -0.6320708
vn 0.7749106 0.0000000 0.6320708
vn -0.7749106 -0.0000000 -0.6320708
vn -0.7749106 -0.0000000 0.6320708
vn 0.0000000 1.0000000 0.0000000
vn 0.0000000 -1.0000000 0.0000000
vn -0.3015076 -0.7037723 0.6432710
vn 0.3015076 -0.7037723 0.6432710
vn -0.3015076 0.7037723 0.6432710
vn 0.3015076 0.7037723 0.6432710
vn -0.0000000 0.0000000 1.0000000
vn -0.3015076 -0.7037723 -0.6432710
vn 0.3015076 -0.7037723 -0.6432710
vn -0.3015076 0.7037723 -0.6432710
vn 0.3015076 0.7037723 -0.6432710
vn 0.0000000 0.0000000 -1.0000000
vn 0.8094083 0.4339615 -0.3956459
vn 0.8094083 -0.4339615 -0.3956459
vn 0.4124560 -0.2237013 -0.8830842
vn 0.4124560 0.2237013 -0.8830842
vn 0.8094083 0.4339615 0.3956459
vn 0.8094083 -0.4339615 0.3956459
vn 0.4124560 -0.2237013 0.8830842
vn 0.4124560 0.2237013 0.8830842
vn 1.0000000 0.0000000 0.0000000
vn -0.8094083 0.4339615 -0.3956459
vn -0.8094083 -0.4339615 -0.3956459
vn -0.4124560 -0.2237013 -0.8830842
vn -0.4124560 0.2237013 -0.8830842
vn -0.8094083 0.4339615 0.3956459
vn -0.8094083 -0.4339615 0.3956459
vn -0.4124560 -0.2237013 0.8830842
vn -0.4124560 0.2237013 0.8830842
vn -1.0000000 -0.0000000 0.0000000
vn -0.5614459 0.8275135 0.0000000
vn 0.5614459 0.8275135 0.0000000
vn -0.5614459 -0.8275135 0.0000000
vn 0.5614459 -0.8275135 0.0000000
vn 0.0000000 -0.3868831 0.9221288
vn -0.0000000 0.3868831 0.9221288
vn 0.0000000 -0.3868831 -0.9221288
vn 0.0000000 0.3868831 -0.9221288
vn 0.7752704 0.0000000 -0.6316294
vn 0.7752704 0.0000000 0.6316294
vn -0.7752704 0.0000000 -0.6316294
vn -0.7752704 0.0000000 0.6316294
vn -0.0000000 1.0000000 0.0000000
vn -0.0000000 -1.0000000 0.0000000
vn -0.2953524 -0.7173208 0.6310450
vn 0.2953524 -0.7173208 0.6310450
vn -0.2953524 0.7173208 0.6310450
vn 0.2953524 0.7173208 0.6310450
vn 0.0000000 0.0000000 1.0000000
vn -0.2953524 -0.7173208 -0.6310450
vn 0.2953524 -0.7173208 -0.6310450
vn -0.2953524 0.7173208 -0.6310450
vn 0.2953524 0.7173208 -0.6310450
vn -0.0000000 0.0000000 -1.0000000
vn 0.8025955 0.4492696 -0.3924248
vn 0.8025955 -0.4492696 -0.3924248
vn 0.4112027 -0.2335371 -0.8811202
vn 0.4112027 0.2335371 -0.8811202
vn 0.8025955 0.4492696 0.3924248
vn 0.8025955 -0.4492696 0.3924248
vn 0.4112027 -0.2335371 0.8811202
vn 0.4112027 0.2335371 0.8811202
vn 1.0000000 0.0000000 0.0000000
vn -0.8025955 0.4492696 -0.3924248
vn -0.8025955 -0.4492696 -0.3924248
vn -0.4112027 -0.2335371 -0.8811202
vn -0.4112027 0.2335371 -0.8811202
vn -0.8025955 0.4492696 0.3924248
vn -0.8025955 -0.4492696 0.3924248
vn -0.4112027 -0.2335371 0.8811202
vn -0.4112027 0.2335371 0.8811202
vn -1.0000000 0.0000000 0.0000000
vn -0.5629216 0.8265103 0.0000000
vn 0.5629216 0.8265103 0.0000000
vn -0.5629216 -0.8265103 0.0000000
vn 0.5629216 -0.8265103 0.0000000
vn -0.0000000 -0.4026696 0.9153454
vn -0.0000000 0.4026696 0.9153454
vn -0.0000000 -0.4026696 -0.9153454
vn -0.0000000 0.4026696 -0.9153454
vn 0.7895713 0.0000000 -0.6136588
vn 0.7895713 0.0000000 0.6136588
vn -0.7895713 0.0000000 -0.6136588
vn -0.7895713 0.0000000 0.6136588
vn -0.0000000 1.0000000 0.0000000
vn -0.0000000 -1.0000000 0.0000000
vn -0.3017951 -0.7281816 0.6153627
vn 0.3017951 -0.7281816 0.6153627
vn -0.3017951 0.7281816 0.6153627
vn 0.3017951 0.7281816 0.6153627
vn -0.0000000 0.0000000 1.0000000
vn -0.3017951 -0.7281816 -0.6153627
vn 0.3017951 -0.7281816 -0.6153627
vn -0.3017951 0.7281816 -0.6153627
vn 0.3017951 0.7281816 -0.6153627
vn -0.0000000 0.0000000 -1.0000000
vn 0.8079444 0.4505329 -0.3797972
vn 0.8079444 -0.4505329 -0.3797972
vn 0.4276677 -0.2413121 -0.8711307
vn 0.4276677 0.2413121 -0.8711307
vn 0.8079444 0.4505329 0.3797972
vn 0.8079444 -0.4505329 0.3797972
vn 0.4276677 -0.2413121 0.8711307
vn 0.4276677 0.2413121 0.8711307
vn 1.0000000 0.0000000 0.0000000
vn -0.8079444 0.4505329 -0.3797972
vn -0.8079444 -0.4505329 -0.3797972
vn -0.4276677 -0.2413121 -0.8711307
vn -0.4276677 0.2413121 -0.8711307
vn -0.8079444 0.4505329 0.3797972
vn -0.8079444 -0.4505329 0.3797972
vn -0.4276677 -0.2413121 0.8711307
vn -0.4276677 0.2413121 0.8711307
vn -1.0000000 0.0000000 0.0000000
vn -0.3678301 0.9298930 0.0000000
vn 0.3678301 0.9298930 -0.0000000
vn -0.3678301 -0.9298930 -0.0000000
vn 0.3678301 -0.9298930 0.0000000
vn -0.0000000 -0.6556153 0.7550950
vn 0.0000000 0.6556153 0.7550950
vn 0.0000000 -0.6556153 -0.7550950
vn -0.0000000 0.6556153 -0.7550950
vn 0.8302282 0.0000000 -0.5574237
vn 0.8302282 -0.0000000 0.5574237
vn -0.8302282 -0.0000000 -0.5574237
vn -0.8302282 0.0000000 0.5574237
vn 0.0000000 1.0000000 -0.0000000
vn -0.0000000 -1.0000000 -0.0000000
vn -0.2242349 -0.8936029 0.3888348
vn 0.2242349 -0.8936029 0.3888348
vn -0.2242349 0.8936029 0.3888348
vn 0.2242349 0.8936029 0.3888348
vn -0.0000000 0.0000000 1.0000000
vn -0.2242349 -0.8936029 -0.3888348
vn 0.2242349 -0.8936029 -0.3888348
vn -0.2242349 0.8936029 -0.3888348
vn 0.2242349 0.8936029 -0.3888348
vn 0.0000000 0.0000000 -1.0000000
vn 0.7039461 0.6503111 -0.2855789
vn 0.7039461 -0.6503111 -0.2855789
vn 0.4495005 -0.4088647 -0.7942159
vn 0.4495005 0.4088647 -0.7942159
vn 0.7039461 0.6503111 0.2855789
vn 0.7039461 -0.6503111 0.2855789
vn 0.4495005 -0.4088647 0.7942159
vn 0.4495005 0.4088647 0.7942159
vn 1.0000000 -0.0000000 -0.0000000
vn -0.7039461 0.6503111 -0.2855789
vn -0.7039461 -0.6503111 -0.2855789
vn -0.4495005 -0.4088647 -0.7942159
vn -0.4495005 0.4088647 -0.7942159
vn -0.7039461 0.6503111 0.2855789
vn -0.7039461 -0.6503111 0.2855789
vn -0.4495005 -0.4088647 0.7942159
vn -0.4495005 0.4088647 0.7942159
vn -1.0000000 0.0000000 -0.0000000
vn -0.3667677 0.9303126 -0.0000000
vn 0.3667677 0.9303126 -0.0000000
vn -0.3667677 -0.9303126 -0.0000000
vn 0.3667677 -0.9303126 -0.0000000
vn 0.0000000 -0.6832376 0.7301961
vn 0.0000000 0.6832376 0.7301961
vn 0.0000000 -0.6832376 -0.7301961
vn -0.0000000 0.6832376 -0.7301961
vn 0.8484627 -0.0000000 -0.5292552
vn 0.8484627 -0.0000000 0.5292552
vn -0.8484627 -0.0000000 -0.5292552
vn -0.8484627 -0.0000000 0.5292552
vn 0.0000000 1.0000000 -0.0000000
vn 0.0000000 -1.0000000 -0.0000000
vn -0.2271171 -0.9046287 0.3606449
vn 0.2271171 -0.9046287 0.3606449
vn -0.2271171 0.9046287 0.3606449
vn 0.2271171 0.9046287 0.3606449
vn -0.0000000 0.0000000 1.0000000
vn -0.2271171 -0.9046287 -0.3606449
vn 0.2271171 -0.9046287 -0.3606449
vn -0.2271171 0.9046287 -0.3606449
vn 0.2271171 0.9046287 -0.3606449
vn 0.0000000 0.0000000 -1.0000000
vn 0.7074845 0.6551328 -0.2650787
vn 0.7074845 -0.6551328 -0.2650787
vn 0.4724324 -0.4232237 -0.7731037
vn 0.4724324 0.4232237 -0.7731037
vn 0.7074845 0.6551328 0.2650787
vn 0.7074845 -0.6551328 0.2650787
vn 0.4724324 -0.4232237 0.7731037
vn 0.4724324 0.4232237 0.7731037
vn 1.0000000 -0.0000000 -0.0000000
vn -0.7074845 0.6551328 -0.2650787
vn -0.7074845 -0.6551328 -0.2650787
vn -0.4724324 -0.4232237 -0.7731037
vn -0.4724324 0.4232237 -0.7731037
vn -0.7074845 0.6551328 0.2650787
vn -0.7074845 -0.6551328 0.2650787
vn -0.4724324 -0.4232237 0.7731037
vn -0.4724324 0.4232237 0.7731037
vn -1.0000000 -0.0000000 -0.0000000
vn -0.4044268 0.9145704 -0.0000000
vn 0.4044268 0.9145704 -0.0000000
vn -0.4044268 -0.9145704 -0.0000000
vn 0.4044268 -0.9145704 -0.0000000
vn -0.0000000 -0.7252988 0.6884342
vn 0.0000000 0.7252988 0.6884342
vn 0.0000000 -0.7252988 -0.6884342
vn -0.0000000 0.7252988 -0.6884342
vn 0.8969080 -0.0000000 -0.4422171
vn 0.8969080 -0.0000000 0.4422171
vn -0.8969080 -0.0000000 -0.4422171
vn -0.8969080 -0.0000000 0.4422171
vn 0.0000000 1.0000000 -0.0000000
vn -0.0000000 -1.0000000 -0.0000000
vn -0.2573227 -0.9138194 0.3141960
vn 0.2573227 -0.9138194 0.3141960
vn -0.2573227 0.9138194 0.3141960
vn 0.2573227 0.9138194 0.3141960
vn 0.0000000 -0.0000000 1.0000000
vn -0.2573227 -0.9138194 -0.3141960
vn 0.2573227 -0.9138194 -0.3141960
vn -0.2573227 0.9138194 -0.3141960
vn 0.2573227 0.9138194 -0.3141960
vn -0.0000000 -0.0000000 -1.0000000
vn 0.7458354 0.6291012 -0.2190005
vn 0.7458354 -0.6291012 -0.2190005
vn 0.5492768 -0.4348471 -0.7135846
vn 0.5492768 0.4348471 -0.7135846
vn 0.7458354 0.6291012 0.2190005
vn 0.7458354 -0.6291012 0.2190005
vn 0.5492768 -0.4348471 0.7135846
vn 0.5492768 0.4348471 0.7135846
vn 1.0000000 -0.0000000 -0.0000000
vn -0.7458354 0.6291012 -0.2190005
vn -0.7458354 -0.6291012 -0.2190005
vn -0.5492768 -0.4348471 -0.7135846
vn -0.5492768 0.4348471 -0.7135846
vn -0.7458354 0.6291012 0.2190005
vn -0.7458354 -0.6291012 0.2190005
vn -0.5492768 -0.4348471 0.7135846
vn -0.5492768 0.4348471 0.7135846
vn -1.0000000 -0.0000000 -0.0000000
vn -0.4237734 0.9057682 -0.0000000
vn 0.4237734 0.9057682 0.0000000
vn -0.4237734 -0.9057682 -0.0000000
vn 0.4237734 -0.9057682 -0.0000000
vn 0.0000000 -0.6652181 0.7466491
vn -0.0000000 0.6652181 0.7466491
vn 0.0000000 -0.6652181 -0.7466491
vn -0.0000000 0.6652181 -0.7466491
vn 0.8733234 -0.0000000 -0.4871408
vn 0.8733234 0.0000000 0.4871408
vn -0.8733234 0.0000000 -0.4871408
vn -0.8733234 0.0000000 0.4871408
vn 0.0000000 1.0000000 0.0000000
vn -0.0000000 -1.0000000 -0.0000000
vn -0.2634338 -0.8897262 0.3728135
vn 0.2634338 -0.8897262 0.3728135
vn -0.2634338 0.8897262 0.3728135
vn 0.2634338 0.8897262 0.3728135
vn 0.0000000 0.0000000 1.0000000
vn -0.2634338 -0.8897262 -0.3728135
vn 0.2634338 -0.8897262 -0.3728135
vn -0.2634338 0.8897262 -0.3728135
vn 0.2634338 0.8897262 -0.3728135
vn 0.0000000 0.0000000 -1.0000000
vn 0.7542011 0.6051491 -0.2549023
vn 0.7542011 -0.6051491 -0.2549023
vn 0.5163419 -0.4011414 -0.7566218
vn 0.5163419 0.4011414 -0.7566218
vn 0.7542011 0.6051491 0.2549023
vn 0.7542011 -0.6051491 0.2549023
vn 0.5163419 -0.4011414 0.7566218
vn 0.5163419 0.4011414 0.7566218
vn 1.0000000 0.0000000 0.0000000
vn -0.7542011 0.6051491 -0.2549023
vn -0.7542011 -0.6051491 -0.2549023
vn -0.5163419 -0.4011414 -0.7566218
vn -0.5163419 0.4011414 -0.7566218
vn -0.7542011 0.6051491 0.2549023
vn -0.7542011 -0.6051491 0.2549023
vn -0.5163419 -0.4011414 0.7566218
vn -0.5163419 0.4011414 0.7566218
vn -1.0000000 0.0000000 0.0000000
vn -0.5413024 0.8408280 -0.0000000
vn 0.5413024 0.8408280 -0.0000000
vn -0.5413024 -0.8408280 -0.0000000
vn 0.5413024 -0.8408280 -0.0000000
vn 0.0000000 -0.9029031 0.4298442
vn 0.0000000 0.9029031 0.4298442
vn 0.0000000 -0.9029031 -0.4298442
vn -0.0000000 0.9029031 -0.4298442
vn 0.9893207 -0.0000000 -0.1457551
vn 0.9893207 0.0000000 0.1457551
vn -0.9893207 0.0000000 -0.1457551
vn -0.9893207 -0.0000000 0.1457551
vn -0.0000000 1.0000000 -0.0000000
vn 0.0000000 -1.0000000 -0.0000000
vn -0.3679132 -0.9202678 0.1332178
vn 0.3679132 -0.9202678 0.1332178
vn -0.3679132 0.9202678 0.1332178
vn 0.3679132 0.9202678 0.1332178
vn 0.0000000 0.0000000 1.0000000
vn -0.3679132 -0.9202678 -0.1332178
vn 0.3679132 -0.9202678 -0.1332178
vn -0.3679132 0.9202678 -0.1332178
vn 0.3679132 0.9202678 -0.1332178
vn 0.0000000 0.0000000 -1.0000000
vn 0.8470517 0.5268996 -0.0698588
vn 0.8470517 -0.5268996 -0.0698588
vn 0.8085351 -0.4703849 -0.3535661
vn 0.8085351 0.4703849 -0.3535661
vn 0.8470517 0.5268996 0.0698588
vn 0.8470517 -0.5268996 0.0698588
vn 0.8085351 -0.4703849 0.3535661
vn 0.8085351 0.4703849 0.3535661
vn 1.0000000 0.0000000 -0.0000000
vn -0.8470517 0.5268996 -0.0698588
vn -0.8470517 -0.5268996 -0.0698588
vn -0.8085351 -0.4703849 -0.3535661
vn -0.8085351 0.4703849 -0.3535661
vn -0.8470517 0.5268996 0.0698588
vn -0.8470517 -0.5268996 0.0698588
vn -0.8085351 -0.4703849 0.3535661
vn -0.8085351 0.4703849 0.3535661
vn -1.0000000 -0.0000000 -0.0000000
vn -0.4233627 0.9059603 -0.0000000
vn 0.4233627 0.9059603 -0.0000000
vn -0.4233627 -0.9059603 -0.0000000
vn 0.4233627 -0.9059603 -0.0000000
vn -0.0000000 -0.8191713 0.5735489
vn 0.0000000 0.8191713 0.5735489
vn -0.0000000 -0.8191713 -0.5735489
vn 0.0000000 0.8191713 -0.5735489
vn 0.9487291 -0.0000000 -0.3160905
vn 0.9487291 0.0000000 0.3160905
vn -0.9487291 0.0000000 -0.3160905
vn -0.9487291 -0.0000000 0.3160905
vn 0.0000000 1.0000000 -0.0000000
vn 0.0000000 -1.0000000 -0.0000000
vn -0.2779885 -0.9348501 0.2208567
vn 0.2779885 -0.9348501 0.2208567
vn -0.2779885 0.9348501 0.2208567
vn 0.2779885 0.9348501 0.2208567
vn 0.0000000 0.0000000 1.0000000
vn -0.2779885 -0.9348501 -0.2208567
vn 0.2779885 -0.9348501 -0.2208567
vn -0.2779885 0.9348501 -0.2208567
vn 0.2779885 0.9348501 -0.2208567
vn 0.0000000 0.0000000 -1.0000000
vn 0.7679963 0.6233067 -0.1472087
vn 0.7679963 -0.6233067 -0.1472087
vn 0.6530634 -0.4732700 -0.5912054
vn 0.6530634 0.4732700 -0.5912054
vn 0.7679963 0.6233067 0.1472087
vn 0.7679963 -0.6233067 0.1472087
vn 0.6530634 -0.4732700 0.5912054
vn 0.6530634 0.4732700 0.5912054
vn 1.0000000 0.0000000 -0.0000000
vn -0.7679963 0.6233067 -0.1472087
vn -0.7679963 -0.6233067 -0.1472087
vn -0.6530634 -0.4732700 -0.5912054
vn -0.6530634 0.4732700 -0.5912054
vn -0.7679963 0.6233067 0.1472087
vn -0.7679963 -0.6233067 0.1472087
vn -0.6530634 -0.4732700 0.5912054
vn -0.6530634 0.4732700 0.5912054
vn -1.0000000 -0.0000000 -0.0000000
vn -0.4182161 0.9083476 -0.0000000
vn 0.4182161 0.9083476 -0.0000000
vn -0.4182161 -0.9083476 -0.0000000
vn 0.4182161 -0.9083476 -0.0000000
vn -0.0000000 -0.7844645 0.6201737
vn 0.0000000 0.7844645 0.6201737
vn 0.0000000 -0.7844645 -0.6201737
vn -0.0000000 0.7844645 -0.6201737
vn 0.9324585 -0.0000000 -0.3612771
vn 0.9324585 -0.0000000 0.3612771
vn -0.9324585 0.0000000 -0.3612771
vn -0.9324585 0.0000000 0.3612771
vn 0.0000000 1.0000000 -0.0000000
vn 0.0000000 -1.0000000 -0.0000000
vn -0.2719893 -0.9280062 0.2546100
vn 0.2719893 -0.9280062 0.2546100
vn -0.2719893 0.9280062 0.2546100
vn 0.2719893 0.9280062 0.2546100
vn 0.0000000 0.0000000 1.0000000
vn -0.2719893 -0.9280062 -0.2546100
vn 0.2719893 -0.9280062 -0.2546100
vn -0.2719893 0.9280062 -0.2546100
vn 0.2719893 0.9280062 -0.2546100
vn -0.0000000 0.0000000 -1.0000000
vn 0.7620206 0.6241764 -0.1724195
vn 0.7620206 -0.6241764 -0.1724195
vn 0.6162514 -0.4587926 -0.6401121
vn 0.6162514 0.4587926 -0.6401121
vn 0.7620206 0.6241764 0.1724195
vn 0.7620206 -0.6241764 0.1724195
vn 0.6162514 -0.4587926 0.6401121
vn 0.6162514 0.4587926 0.6401121
vn 1.0000000 0.0000000 -0.0000000
vn -0.7620206 0.6241764 -0.1724195
vn -0.7620206 -0.6241764 -0.1724195
vn -0.6162514 -0.4587926 -0.6401121
vn -0.6162514 0.4587926 -0.6401121
vn -0.7620206 0.6241764 0.1724195
vn -0.7620206 -0.6241764 0.1724195
vn -0.6162514 -0.4587926 0.6401121
vn -0.6162514 0.4587926 0.6401121
vn -1.0000000 -0.0000000 -0.0000000
vn -0.5257255 0.8506543 0.0000000
vn 0.5257255 0.8506543 -0.0000000
vn -0.5257255 -0.8506543 -0.0000000
vn 0.5257255 -0.8506543 0.0000000
vn -0.0000000 -0.5257255 0.8506543
vn 0.0000000 0.5257255 0.8506543
vn 0.0000000 -0.5257255 -0.8506543
vn 0.0000000 0.5257255 -0.8506543
vn 0.8506543 0.0000000 -0.5257255
vn 0.8506543 -0.0000000 0.5257255
vn -0.8506543 0.0000000 -0.5257255
vn -0.8506543 -0.0000000 0.5257255
vn 0.0000000 1.0000000 -0.0000000
vn 0.0000000 -1.0000000 -0.0000000
vn -0.3090167 -0.8090204 0.4999946
vn 0.3090167 -0.8090204 0.4999946
vn -0.3090167 0.8090204 0.4999946
vn 0.3090167 0.8090204 0.4999946
vn 0.0000000 0.0000000 1.0000000
vn -0.3090167 -0.8090204 -0.4999946
vn 0.3090167 -0.8090204 -0.4999946
vn -0.3090167 0.8090204 -0.4999946
vn 0.3090167 0.8090204 -0.4999946
vn 0.0000000 0.0000000 -1.0000000
vn 0.8090204 0.4999946 -0.3090167
vn 0.8090204 -0.4999946 -0.3090167
vn 0.4999946 -0.3090167 -0.8090204
vn 0.4999946 0.3090167 -0.8090204
vn 0.8090204 0.4999946 0.3090167
vn 0.8090204 -0.4999946 0.3090167
vn 0.4999946 -0.3090167 0.8090204
vn 0.4999946 0.3090167 0.8090204
vn 1.0000000 0.0000000 0.0000000
vn -0.8090204 0.4999946 -0.3090167
vn -0.8090204 -0.4999946 -0.3090167
vn -0.4999946 -0.3090167 -0.8090204
vn -0.4999946 0.3090167 -0.8090204
vn -0.8090204 0.4999946 0.3090167
vn -0.8090204 -0.4999946 0.3090167
vn -0.4999946 -0.3090167 0.8090204
vn -0.4999946 0.3090167 0.8090204
vn -1.0000000 -0.0000000 0.0000000
vn -0.3891187 0.9211876 0.0000000
vn 0.3891187 0.9211876 0.0000000
vn -0.3891187 -0.9211876 0.0000000
vn 0.3891187 -0.9211876 -0.0000000
vn 0.0000000 -0.6033868 0.7974487
vn 0.0000000 0.6033868 0.7974487
vn -0.0000000 -0.6033868 -0.7974487
vn 0.0000000 0.6033868 -0.7974487
vn 0.8090787 -0.0000000 -0.5877003
vn 0.8090787 -0.0000000 0.5877003
vn -0.8090787 -0.0000000 -0.5877003
vn -0.8090787 -0.0000000 0.5877003
vn -0.0000000 1.0000000 0.0000000
vn 0.0000000 -1.0000000 0.0000000
vn -0.2304596 -0.8680628 0.4397219
vn 0.2304596 -0.8680628 0.4397219
vn -0.2304596 0.8680628 0.4397219
vn 0.2304596 0.8680628 0.4397219
vn 0.0000000 0.0000000 1.0000000
vn -0.2304596 -0.8680628 -0.4397219
vn 0.2304596 -0.8680628 -0.4397219
vn -0.2304596 0.8680628 -0.4397219
vn 0.2304596 0.8680628 -0.4397219
vn 0.0000000 0.0000000 -1.0000000
vn 0.7140899 0.6249478 -0.3154613
vn 0.7140899 -0.6249478 -0.3154613
vn 0.4276885 -0.3770522 -0.8215316
vn 0.4276885 0.3770522 -0.8215316
vn 0.7140899 0.6249478 0.3154613
vn 0.7140899 -0.6249478 0.3154613
vn 0.4276885 -0.3770522 0.8215316
vn 0.4276885 0.3770522 0.8215316
vn 1.0000000 -0.0000000 0.0000000
vn -0.7140899 0.6249478 -0.3154613
vn -0.7140899 -0.6249478 -0.3154613
vn -0.4276885 -0.3770522 -0.8215316
vn -0.4276885 0.3770522 -0.8215316
vn -0.7140899 0.6249478 0.3154613
vn -0.7140899 -0.6249478 0.3154613
vn -0.4276885 -0.3770522 0.8215316
vn -0.4276885 0.3770522 0.8215316
vn -1.0000000 -0.0000000 -0.0000000
vn -0.4369295 0.8994958 -0.0000000
vn 0.4369295 0.8994958 -0.0000000
vn -0.4369295 -0.8994958 -0.0000000
vn 0.4369295 -0.8994958 -0.0000000
vn -0.0000000 -0.8490010 0.5283912
vn 0.0000000 0.8490010 0.5283912
vn -0.0000000 -0.8490010 -0.5283912
vn 0.0000000 0.8490010 -0.5283912
vn 0.9630092 0.0000000 -0.2694686
vn 0.9630092 0.0000000 0.2694686
vn -0.9630092 0.0000000 -0.2694686
vn -0.9630092 -0.0000000 0.2694686
vn -0.0000000 1.0000000 -0.0000000
vn 0.0000000 -1.0000000 -0.0000000
vn -0.2893432 -0.9378493 0.1916228
vn 0.2893432 -0.9378493 0.1916228
vn -0.2893432 0.9378493 0.1916228
vn 0.2893432 0.9378493 0.1916228
vn 0.0000000 0.0000000 1.0000000
vn -0.2893432 -0.9378493 -0.1916228
vn 0.2893432 -0.9378493 -0.1916228
vn -0.2893432 0.9378493 -0.1916228
vn 0.2893432 0.9378493 -0.1916228
vn 0.0000000 0.0000000 -1.0000000
vn 0.7791580 0.6144821 -0.1237920
vn 0.7791580 -0.6144821 -0.1237920
vn 0.6923971 -0.4831418 -0.5358733
vn 0.6923971 0.4831418 -0.5358733
vn 0.7791580 0.6144821 0.1237920
vn 0.7791580 -0.6144821 0.1237920
vn 0.6923971 -0.4831418 0.5358733
vn 0.6923971 0.4831418 0.5358733
vn 1.0000000 0.0000000 -0.0000000
vn -0.7791580 0.6144821 -0.1237920
vn -0.7791580 -0.6144821 -0.1237920
vn -0.6923971 -0.4831418 -0.5358733
vn -0.6923971 0.4831418 -0.5358733
vn -0.7791580 0.6144821 0.1237920
vn -0.7791580 -0.6144821 0.1237920
vn -0.6923971 -0.4831418 0.5358733
vn -0.6923971 0.4831418 0.5358733
vn -1.0000000 -0.0000000 -0.0000000
vn -0.4247426 0.9053142 0.0000000
vn 0.4247426 0.9053142 0.0000000
vn -0.4247426 -0.9053142 0.0000000
vn 0.4247426 -0.9053142 0.0000000
vn -0.0000000 -0.2945315 0.9556418
vn 0.0000000 0.2945315 0.9556418
vn -0.0000000 -0.2945315 -0.9556418
vn 0.0000000 0.2945315 -0.9556418
vn 0.5446775 0.0000000 -0.8386456
vn 0.5446775 0.0000000 0.8386456
vn -0.5446775 0.0000000 -0.8386456
vn -0.5446775 -0.0000000 0.8386456
vn -0.0000000 1.0000000 0.0000000
vn -0.0000000 -1.0000000 -0.0000000
vn -0.1715741 -0.6550854 0.7358162
vn 0.1715741 -0.6550854 0.7358162
vn -0.1715741 0.6550854 0.7358162
vn 0.1715741 0.6550854 0.7358162
vn 0.0000000 0.0000000 1.0000000
vn -0.1715741 -0.6550854 -0.7358162
vn 0.1715741 -0.6550854 -0.7358162
vn -0.1715741 0.6550854 -0.7358162
vn 0.1715741 0.6550854 -0.7358162
vn 0.0000000 0.0000000 -1.0000000
vn 0.6639660 0.5434129 -0.5136648
vn 0.6639660 -0.5434129 -0.5136648
vn 0.2108985 -0.1911282 -0.9586406
vn 0.2108985 0.1911282 -0.9586406
vn 0.6639660 0.5434129 0.5136648
vn 0.6639660 -0.5434129 0.5136648
vn 0.2108985 -0.1911282 0.9586406
vn 0.2108985 0.1911282 0.9586406
vn 1.0000000 0.0000000 0.0000000
vn -0.6639660 0.5434129 -0.5136648
vn -0.6639660 -0.5434129 -0.5136648
vn -0.2108985 -0.1911282 -0.9586406
vn -0.2108985 0.1911282 -0.9586406
vn -0.6639660 0.5434129 0.5136648
vn -0.6639660 -0.5434129 0.5136648
vn -0.2108985 -0.1911282 0.9586406
vn -0.2108985 0.1911282 0.9586406
vn -1.0000000 -0.0000000 0.0000000
vn -0.4174687 0.9086913 0.0000000
vn 0.4174687 0.9086913 0.0000000
vn -0.4174687 -0.9086913 0.0000000
vn 0.4174687 -0.9086913 0.0000000
vn 0.0000000 -0.2292767 0.9733613
vn -0.0000000 0.2292767 0.9733613
vn 0.0000000 -0.2292767 -0.9733613
vn -0.0000000 0.2292767 -0.9733613
vn 0.4430531 0.0000000 -0.8964954
vn 0.4430531 -0.0000000 0.8964954
vn -0.4430531 -0.0000000 -0.8964954
vn -0.4430531 0.0000000 0.8964954
vn 0.0000000 1.0000000 0.0000000
vn -0.0000000 -1.0000000 0.0000000
vn -0.1424304 -0.5816623 0.8008636
vn 0.1424304 -0.5816623 0.8008636
vn -0.1424304 0.5816623 0.8008636
vn 0.1424304 0.5816623 0.8008636
vn -0.0000000 0.0000000 1.0000000
vn -0.1424304 -0.5816623 -0.8008636
vn 0.1424304 -0.5816623 -0.8008636
vn -0.1424304 0.5816623 -0.8008636
vn 0.1424304 0.5816623 -0.8008636
vn -0.0000000 0.0000000 -1.0000000
vn 0.6361634 0.5368261 -0.5541785
vn 0.6361634 -0.5368261 -0.5541785
vn 0.1573181 -0.1496091 -0.9761496
vn 0.1573181 0.1496091 -0.9761496
vn 0.6361634 0.5368261 0.5541785
vn 0.6361634 -0.5368261 0.5541785
vn 0.1573181 -0.1496091 0.9761496
vn 0.1573181 0.1496091 0.9761496
vn 1.0000000 0.0000000 0.0000000
vn -0.6361634 0.5368261 -0.5541785
vn -0.6361634 -0.5368261 -0.5541785
vn -0.1573181 -0.1496091 -0.9761496
vn -0.1573181 0.1496091 -0.9761496
vn -0.6361634 0.5368261 0.5541785
vn -0.6361634 -0.5368261 0.5541785
vn -0.1573181 -0.1496091 0.9761496
vn -0.1573181 0.1496091 0.9761496
vn -1.0000000 0.0000000 0.0000000
vn -0.4239398 0.9056904 -0.0000000
vn 0.4239398 0.9056904 -0.0000000
vn -0.4239398 -0.9056904 -0.0000000
vn 0.4239398 -0.9056904 -0.0000000
vn -0.0000000 -0.7793365 0.6266057
vn 0.0000000 0.7793365 0.6266057
vn -0.0000000 -0.7793365 -0.6266057
vn 0.0000000 0.7793365 -0.6266057
vn 0.9322856 0.0000000 -0.3617229
vn 0.9322856 0.0000000 0.3617229
vn -0.9322856 -0.0000000 -0.3617229
vn -0.9322856 -0.0000000 0.3617229
vn 0.0000000 1.0000000 -0.0000000
vn 0.0000000 -1.0000000 -0.0000000
vn -0.2755598 -0.9257023 0.2591177
vn 0.2755598 -0.9257023 0.2591177
vn -0.2755598 0.9257023 0.2591177
vn 0.2755598 0.9257023 0.2591177
vn -0.0000000 0.0000000 1.0000000
vn -0.2755598 -0.9257023 -0.2591177
vn 0.2755598 -0.9257023 -0.2591177
vn -0.2755598 0.9257023 -0.2591177
vn 0.2755598 0.9257023 -0.2591177
vn 0.0000000 0.0000000 -1.0000000
vn 0.7660463 0.6187511 -0.1741270
vn 0.7660463 -0.6187511 -0.1741270
vn 0.6169178 -0.4549096 -0.6422380
vn 0.6169178 0.4549096 -0.6422380
vn 0.7660463 0.6187511 0.1741270
vn 0.7660463 -0.6187511 0.1741270
vn 0.6169178 -0.4549096 0.6422380
vn 0.6169178 0.4549096 0.6422380
vn 1.0000000 0.0000000 -0.0000000
vn -0.7660463 0.6187511 -0.1741270
vn -0.7660463 -0.6187511 -0.1741270
vn -0.6169178 -0.4549096 -0.6422380
vn -0.6169178 0.4549096 -0.6422380
vn -0.7660463 0.6187511 0.1741270
vn -0.7660463 -0.6187511 0.1741270
vn -0.6169178 -0.4549096 0.6422380
vn -0.6169178 0.4549096 0.6422380
vn -1.0000000 -0.0000000 -0.0000000
vn -0.4062745 0.9137511 -0.0000000
vn 0.4062745 0.9137511 -0.0000000
vn -0.4062745 -0.9137511 -0.0000000
vn 0.4062745 -0.9137511 -0.0000000
vn -0.0000000 -0.2164970 0.9762833
vn 0.0000000 0.2164970 0.9762833
vn -0.0000000 -0.2164970 -0.9762833
vn 0.0000000 0.2164970 -0.9762833
vn 0.4114177 0.0000000 -0.9114469
vn 0.4114177 0.0000000 0.9114469
vn -0.4114177 0.0000000 -0.9114469
vn -0.4114177 -0.0000000 0.9114469
vn -0.0000000 1.0000000 -0.0000000
vn 0.0000000 -1.0000000 -0.0000000
vn -0.1319893 -0.5649704 0.8144859
vn 0.1319893 -0.5649704 0.8144859
vn -0.1319893 0.5649704 0.8144859
vn 0.1319893 0.5649704 0.8144859
vn -0.0000000 0.0000000 1.0000000
vn -0.1319893 -0.5649704 -0.8144859
vn 0.1319893 -0.5649704 -0.8144859
vn -0.1319893 0.5649704 -0.8144859
vn 0.1319893 0.5649704 -0.8144859
vn 0.0000000 0.0000000 -1.0000000
vn 0.6220594 0.5433377 -0.5637608
vn 0.6220594 -0.5433377 -0.5637608
vn 0.1425640 -0.1414490 -0.9796263
vn 0.1425640 0.1414490 -0.9796263
vn 0.6220594 0.5433377 0.5637608
vn 0.6220594 -0.5433377 0.5637608
vn 0.1425640 -0.1414490 0.9796263
vn 0.1425640 0.1414490 0.9796263
vn 1.0000000 0.0000000 -0.0000000
vn -0.6220594 0.5433377 -0.5637608
vn -0.6220594 -0.5433377 -0.5637608
vn -0.1425640 -0.1414490 -0.9796263
vn -0.1425640 0.1414490 -0.9796263
vn -0.6220594 0.5433377 0.5637608
vn -0.6220594 -0.5433377 0.5637608
vn -0.1425640 -0.1414490 0.9796263
vn -0.1425640 0.1414490 0.9796263
vn -1.0000000 -0.0000000 -0.0000000
vn -0.1555899 0.9878217 -0.0000000
vn 0.1555899 0.9878217 -0.0000000
vn -0.1555899 -0.9878217 -0.0000000
vn 0.1555899 -0.9878217 0.0000000
vn -0.0000000 -0.8998409 0.4362181
vn 0.0000000 0.8998409 0.4362181
vn 0.0000000 -0.8998409 -0.4362181
vn -0.0000000 0.8998409 -0.4362181
vn 0.8398747 -0.0000000 -0.5427804
vn 0.8398747 -0.0000000 0.5427804
vn -0.8398747 -0.0000000 -0.5427804
vn -0.8398747 -0.0000000 0.5427804
vn 0.0000000 1.0000000 0.0000000
vn -0.0000000 -1.0000000 0.0000000
vn -0.1012102 -0.9821664 0.1584476
vn 0.1012102 -0.9821664 0.1584476
vn -0.1012102 0.9821664 0.1584476
vn 0.1012102 0.9821664 0.1584476
vn 0.0000000 -0.0000000 1.0000000
vn -0.1012102 -0.9821664 -0.1584476
vn 0.1012102 -0.9821664 -0.1584476
vn -0.1012102 0.9821664 -0.1584476
vn 0.1012102 0.9821664 -0.1584476
vn -0.0000000 -0.0000000 -1.0000000
vn 0.4605887 0.8726648 -0.1622165
vn 0.4605887 -0.8726648 -0.1622165
vn 0.4193567 -0.5725490 -0.7045053
vn 0.4193567 0.5725490 -0.7045053
vn 0.4605887 0.8726648 0.1622165
vn 0.4605887 -0.8726648 0.1622165
vn 0.4193567 -0.5725490 0.7045053
vn 0.4193567 0.5725490 0.7045053
vn 1.0000000 -0.0000000 -0.0000000
vn -0.4605887 0.8726648 -0.1622165
vn -0.4605887 -0.8726648 -0.1622165
vn -0.4193567 -0.5725490 -0.7045053
vn -0.4193567 0.5725490 -0.7045053
vn -0.4605887 0.8726648 0.1622165
vn -0.4605887 -0.8726648 0.1622165
vn -0.4193567 -0.5725490 0.7045053
vn -0.4193567 0.5725490 0.7045053
vn -1.0000000 0.0000000 -0.0000000
vn -0.1555899 0.9878217 0.0000000
vn 0.1555899 0.9878217 0.0000000
vn -0.1555899 -0.9878217 -0.0000000
vn 0.1555899 -0.9878217 -0.0000000
vn -0.0000000 -0.8998409 0.4362181
vn 0.0000000 0.8998409 0.4362181
vn 0.0000000 -0.8998409 -0.4362181
vn 0.0000000 0.8998409 -0.4362181
vn 0.8398747 0.0000000 -0.5427804
vn 0.8398747 0.0000000 0.5427804
vn -0.8398747 0.0000000 -0.5427804
vn -0.8398747 0.0000000 0.5427804
vn -0.0000000 1.0000000 0.0000000
vn -0.0000000 -1.0000000 0.0000000
vn -0.1012102 -0.9821664 0.1584476
vn 0.1012102 -0.9821664 0.1584476
vn -0.1012102 0.9821664 0.1584476
vn 0.1012102 0.9821664 0.1584476
vn -0.0000000 0.0000000 1.0000000
vn -0.1012102 -0.9821664 -0.1584476
vn 0.1012102 -0.9821664 -0.1584476
vn -0.1012102 0.9821664 -0.1584476
vn 0.1012102 0.9821664 -0.1584476
vn 0.0000000 0.0000000 -1.0000000
vn 0.4605887 0.8726648 -0.1622165
vn 0.4605887 -0.8726648 -0.1622165
vn 0.4193567 -0.5725490 -0.7045053
vn 0.4193567 0.5725490 -0.7045053
vn 0.4605887 0.8726648 0.1622165
vn 0.4605887 -0.8726648 0.1622165
vn 0.4193567 -0.5725490 0.7045053
vn 0.4193567 0.5725490 0.7045053
vn 1.0000000 -0.0000000 -0.0000000
vn -0.4605887 0.8726648 -0.1622165
vn -0.4605887 -0.8726648 -0.1622165
vn -0.4193567 -0.5725490 -0.7045053
vn -0.4193567 0.5725490 -0.7045053
vn -0.4605887 0.8726648 0.1622165
vn -0.4605887 -0.8726648 0.1622165
vn -0.4193567 -0.5725490 0.7045053
vn -0.4193567 0.5725490 0.7045053
vn -1.0000000 0.0000000 -0.0000000
vn -0.8299735 0.5578029 -0.0000000
vn 0.8299735 0.5578029 0.0000000
vn -0.8299735 -0.5578029 0.0000000
vn 0.8299735 -0.5578029 -0.0000000
vn -0.0000000 -0.6568168 0.7540502
vn -0.0000000 0.6568168 0.7540502
vn -0.0000000 -0.6568168 -0.7540502
vn -0.0000000 0.6568168 -0.7540502
vn 0.9878923 0.0000000 -0.1551410
vn 0.9878923 0.0000000 0.1551410
vn -0.9878923 0.0000000 -0.1551410
vn -0.9878923 -0.0000000 0.1551410
vn 0.0000000 1.0000000 0.0000000
vn 0.0000000 -1.0000000 0.0000000
vn -0.5418216 -0.7747224 0.3259364
vn 0.5418216 -0.7747224 0.3259364
vn -0.5418216 0.7747224 0.3259364
vn 0.5418216 0.7747224 0.3259364
vn -0.0000000 0.0000000 1.0000000
vn -0.5418216 -0.7747224 -0.3259364
vn 0.5418216 -0.7747224 -0.3259364
vn -0.5418216 0.7747224 -0.3259364
vn 0.5418216 0.7747224 -0.3259364
vn -0.0000000 0.0000000 -1.0000000
vn 0.9678948 0.2313590 -0.0982481
vn 0.9678948 -0.2313590 -0.0982481
vn 0.8638776 -0.2315278 -0.4473370
vn 0.8638776 0.2315278 -0.4473370
vn 0.9678948 0.2313590 0.0982481
vn 0.9678948 -0.2313590 0.0982481
vn 0.8638776 -0.2315278 0.4473370
vn 0.8638776 0.2315278 0.4473370
vn 1.0000000 -0.0000000 -0.0000000
vn -0.9678948 0.2313590 -0.0982481
vn -0.9678948 -0.2313590 -0.0982481
vn -0.8638776 -0.2315278 -0.4473370
vn -0.8638776 0.2315278 -0.4473370
vn -0.9678948 0.2313590 0.0982481
vn -0.9678948 -0.2313590 0.0982481
vn -0.8638776 -0.2315278 0.4473370
vn -0.8638776 0.2315278 0.4473370
vn -1.0000000 -0.0000000 0.0000000
vn -0.8299735 0.5578029 -0.0000000
vn 0.8299735 0.5578029 0.0000000
vn -0.8299735 -0.5578029 0.0000000
vn 0.8299735 -0.5578029 -0.0000000
vn 0.0000000 -0.6568168 0.7540502
vn 0.0000000 0.6568168 0.7540502
vn 0.0000000 -0.6568168 -0.7540502
vn 0.0000000 0.6568168 -0.7540502
vn 0.9878923 -0.0000000 -0.1551410
vn 0.9878923 0.0000000 0.1551410
vn -0.9878923 -0.0000000 -0.1551410
vn -0.9878923 -0.0000000 0.1551410
vn 0.0000000 1.0000000 0.0000000
vn 0.0000000 -1.0000000 0.0000000
vn -0.5418216 -0.7747224 0.3259364
vn 0.5418216 -0.7747224 0.3259364
vn -0.5418216 0.7747224 0.3259364
vn 0.5418216 0.7747224 0.3259364
vn 0.0000000 0.0000000 1.0000000
vn -0.5418216 -0.7747224 -0.3259364
vn 0.5418216 -0.7747224 -0.3259364
vn -0.5418216 0.7747224 -0.3259364
vn 0.5418216 0.7747224 -0.3259364
vn 0.0000000 0.0000000 -1.0000000
vn 0.9678948 0.2313590 -0.0982481
vn 0.9678948 -0.2313590 -0.0982481
vn 0.8638776 -0.2315278 -0.4473370
vn 0.8638776 0.2315278 -0.4473370
vn 0.9678948 0.2313590 0.0982481
vn 0.9678948 -0.2313590 0.0982481
vn 0.8638776 -0.2315278 0.4473370
vn 0.8638776 0.2315278 0.4473370
vn 1.0000000 0.0000000 0.0000000
vn -0.9678948 0.2313590 -0.0982481
vn -0.9678948 -0.2313590 -0.0982481
vn -0.8638776 -0.2315278 -0.4473370
vn -0.8638776 0.2315278 -0.4473370
vn -0.9678948 0.2313590 0.0982481
vn -0.9678948 -0.2313590 0.0982481
vn -0.8638776 -0.2315278 0.4473370
vn -0.8638776 0.2315278 0.4473370
vn -1.0000000 0.0000000 -0.0000000
f 1//1 38//38 17//17
f 38//38 12//12 41//41
f 17//17 41//41 6//6
f 38//38 41//41 17//17
f 1//1 17//17 13//13
f 17//17 6//6 18//18
f 13//13 18//18 2//2
f 17//17 18//18 13//13
f 1//1 13//13 22//22
f 13//13 2//2 23//23
f 22//22 23//23 8//8
f 13//13 23//23 22//22
f 1//1 22//22 34//34
f 22//22 8//8 37//37
f 34//34 37//37 11//11
f 22//22 37//37 34//34
f 1//1 34//34 38//38
f 34//34 11//11 42//42
f 38//38 42//42 12//12
f 34//34 42//42 38//38
f 2//2 18//18 29//29
f 18//18 6//6 32//32
f 29//29 32//32 10//10
f 18//18 32//32 29//29
f 6//6 41//41 19//19
f 41//41 12//12 40//40
f 19//19 40//40 5//5
f 41//41 40//40 19//19
f 12//12 42//42 39//39
f 42//42 11//11 35//35
f 39//39 35//35 3//3
f 42//42 35//35 39//39
f 11//11 37//37 36//36
f 37//37 8//8 24//24
f 36//36 24//24 7//7
f 37//37 24//24 36//36
f 8//8 23//23 28//28
f 23//23 2//2 25//25
f 28//28 25//25 9//9
f 23//23 25//25 28//28
f 4//4 30//30 16//16
f 30//30 10//10 31//31
f 16//16 31//31 5//5
f 30//30 31//31 16//16
f 4//4 16//16 14//14
f 16//16 5//5 15//15
f 14//14 15//15 3//3
f 16//16 15//15 14//14
f 4//4 14//14 21//21
f 14//14 3//3 20//20
f 21//21 20//20 7//7
f 14//14 20//20 21//21
f 4//4 21//21 26//26
f 21//21 7//7 27//27
f 26//26 27//27 9//9
f 21//21 27//27 26//26
f 4//4 26//26 30//30
f 26//26 9//9 33//33
f 30//30 33//33 10//10
f 26//26 33//33 30//30
f 5//5 31//31 19//19
f 31//31 10//10 32//32
f 19//19 32//32 6//6
f 31//31 32//32 19//19
f 3//3 15//15 39//39
f 15//15 5//5 40//40
f 39//39 40//40 12//12
f 15//15 40//40 39//39
f 7//7 20//20 36//36
f 20//20 3//3 35//35
f 36//36 35//35 11//11
f 20//20 35//35 36//36
f 9//9 27//27 28//28
f 27//27 7//7 24//24
f 28//28 24//24 8//8
f 27//27 24//24 28//28
f 10//10 33//33 29//29
f 33//33 9//9 25//25
f 29//29 25//25 2//2
f 33//33 25//25 29//29
f 43//43 80//80 59//59
f 80//80 54//54 83//83
f 59//59 83//83 48//48
f 80//80 83//83 59//59
f 43//43 59//59 55//55
f 59//59 48//48 60//60
f 55//55 60//60 44//44
f 59//59 60//60 55//55
f 43//43 55//55 64//64
f 55//55 44//44 65//65
f 64//64 65//65 50//50
f 55//55 65//65 64//64
f 43//43 64//64 76//76
f 64//64 50//50 79//79
f 76//76 79//79 53//53
f 64//64 79//79 76//76
f 43//43 76//76 80//80
f 76//76 53//53 84//84
f 80//80 84//84 54//54
f 76//76 84//84 80//80
f 44//44 60//60 71//71
f 60//60 48//48 74//74
f 71//71 74//74 52//52
f 60//60 74//74 71//71
f 48//48 83//83 61//61
f 83//83 54//54 82//82
f 61//61 82//82 47//47
f 83//83 82//82 61//61
f 54//54 84//84 81//81
f 84//84 53//53 77//77
f 81//81 77//77 45//45
f 84//84 77//77 81//81
f 53//53 79//79 78//78
f 79//79 50//50 66//66
f 78//78 66//66 49//49
f 79//79 66//66 78//78
f 50//50 65//65 70//70
f 65//65 44//44 67//67
f 70//70 67//67 51//51
f 65//65 67//67 70//70
f 46//46 72//72 58//58
f 72//72 52//52 73//73
f 58//58 73//73 47//47
f 72//72 73//73 58//58
f 46//46 58//58 56//56
f 58//58 47//47 57//57
f 56//56 57//57 45//45
f 58//58 57//57 56//56
f 46//46 56//56 63//63
f 56//56 45//45 62//62
f 63//63 62//62 49//49
f 56//56 62//62 63//63
f 46//46 63//63 68//68
f 63//63 49//49 69//69
f 68//68 69//69 51//51
f 63//63 69//69 68//68
f 46//46 68//68 72//72
f 68//68 51//51 75//75
f 72//72 75//75 52//52
f 68//68 75//75 72//72
f 47//47 73//73 61//61
f 73//73 52//52 74//74
f 61//61 74//74 48//48
f 73//73 74//74 61//61
f 45//45 57//57 81//81
f 57//57 47//47 82//82
f 81//81 82//82 54//54
f 57//57 82//82 81//81
f 49//49 62//62 78//78
f 62//62 45//45 77//77
f 78//78 77//77 53//53
f 62//62 77//77 78//78
f 51//51 69//69 70//70
f 69//69 49//49 66//66
f 70//70 66//66 50//50
f 69//69 66//66 70//70
f 52//52 75//75 71//71
f 75//75 51//51 67//67
f 71//71 67//67 44//44
f 75//75 67//67 71//71
f 85//85 122//122 101//101
f 122//122 96//96 125//125
f 101//101 125//125 90//90
f 122//122 125//125 101//101
f 85//85 101//101 97//97
f 101//101 90//90 102//102
f 97//97 102//102 86//86
f 101//101 102//102 97//97
f 85//85 97//97 106//106
f 97//97 86//86 107//107
f 106//106 107//107 92//92
f 97//97 107//107 106//106
f 85//85 106//106 118//118
f 106//106 92//92 121//121
f 118//118 121//121 95//95
f 106//106 121//121 118//118
f 85//85 118//118 122//122
f 118//118 95//95 126//126
f 122//122 126//126 96//96
f 118//118 126//126 122//122
f 86//86 102//102 113//113
f 102//102 90//90 116//116
f 113//113 116//116 94//94
f 102//102 116//116 113//113
f 90//90 125//125 103//103
f 125//125 96//96 124//124
f 103//103 124//124 89//89
f 125//125 124//124 103//103
f 96//96 126//126 123//123
f 126//126 95//95 119//119
f 123//123 119//119 87//87
f 126//126 119//119 123//123
f 95//95 121//121 120//120
f 121//121 92//92 108//108
f 120//120 108//108 91//91
f 121//121 108//108 120//120
f 92//92 107//107 112//112
f 107//107 86//86 109//109
f 112//112 109//109 93//93
f 107//107 109//109 112//112
f 88//88 114//114 100//100
f 114//114 94//94 115//115
f 100//100 115//115 89//89
f 114//114 115//115 100//100
f 88//88 100//100 98//98
f 100//100 89//89 99//99
f 98//98 99//99 87//87
f 100//100 99//99 98//98
f 88//88 98//98 105//105
f 98//98 87//87 104//104
f 105//105 104//104 91//91
f 98//98 104//104 105//105
f 88//88 105//105 110//110
f 105//105 91//91 111//111
f 110//110 111//111 93//93
f 105//105 111//111 110//110
f 88//88 110//110 114//114
f 110//110 93//93 117//117
f 114//114 117//117 94//94
f 110//110 117//117 114//114
f 89//89 115//115 103//103
f 115//115 94//94 116//116
f 103//103 116//116 90//90
f 115//115 116//116 103//103
f 87//87 99//99 123//123
f 99//99 89//89 124//124
f 123//123 124//124 96//96
f 99//99 124//124 123//123
f 91//91 104//104 120//120
f 104//104 87//87 119//119
f 120//120 119//119 95//95
f 104//104 119//119 120//120
f 93//93 111//111 112//112
f 111//111 91//91 108//108
f 112//112 108//108 92//92
f 111//111 108//108 112//112
f 94//94 117//117 113//113
f 117//117 93//93 109//109
f 113//113 109//109 86//86
f 117//117 109//109 113//113
f 127//127 164//164 143//143
f 164//164 138//138 167//167
f 143//143 167//167 132//132
f 164//164 167//167 143//143
f 127//127 143//143 139//139
f 143//143 132//132 144//144
f 139//139 144//144 128//128
f 143//143 144//144 139//139
f 127//127 139//139 148//148
f 139//139 128//128 149//149
f 148//148 149//149 134//134
f 139//139 149//149 148//148
f 127//127 148//148 160//160
f 148//148 134//134 163//163
f 160//160 163//163 137//137
f 148//148 163//163 160//160
f 127//127 160//160 164//164
f 160//160 137//137 168//168
f 164//164 168//168 138//138
f 160//160 168//168 164//164
f 128//128 144//144 155//155
f 144//144 132//132 158//158
f 155//155 158//158 136//136
f 144//144 158//158 155//155
f 132//132 167//167 145//145
f 167//167 138//138 166//166
f 145//145 166//166 131//131
f 167//167 166//166 145//145
f 138//138 168//168 165//165
f 168//168 137//137 161//161
f 165//165 161//161 129//129
f 168//168 161//161 165//165
f 137//137 163//163 162//162
f 163//163 134//134 150//150
f 162//162 150//150 133//133
f 163//163 150//150 162//162
f 134//134 149//149 154//154
f 149//149 128//128 151//151
f 154//154 151//151 135//135
f 149//149 151//151 154//154
f 130//130 156//156 142//142
f 156//156 136//136 157//157
f 142//142 157//157 131//131
f 156//156 157//157 142//142
f 130//130 142//142 140//140
f 142//142 131//131 141//141
f 140//140 141//141 129//129
f 142//142 141//141 140//140
f 130//130 140//140 147//147
f 140//140 129//129 146//146
f 147//147 146//146 133//133
f 140//140 146//146 147//147
f 130//130 147//147 152//152
f 147//147 133//133 153//153
f 152//152 153//153 135//135
f 147//147 153//153 152//152
f 130//130 152//152 156//156
f 152//152 135//135 159//159
f 156//156 159//159 136//136
f 152//152 159//159 156//156
f 131//131 157//157 145//145
f 157//157 136//136 158//158
f 145//145 158//158 132//132
f 157//157 158//158 145//145
f 129//129 141//141 165//165
f 141//141 131//131 166//166
f 165//165 166//166 138//138
f 141//141 166//166 165//165
f 133//133 146//146 162//162
f 146//146 129//129 161//161
f 162//162 161//161 137//137
f 146//146 161//161 162//162
f 135//135 153//153 154//154
f 153//153 133//133 150//150
f 154//154 150//150 134//134
f 153//153 150//150 154//154
f 136//136 159//159 155//155
f 159//159 135//135 151//151
f 155//155 151//151 128//128
f 159//159 151//151 155//155
f 169//169 206//206 185//185
f 206//206 180//180 209//209
f 185//185 209//209 174//174
f 206//206 209//209 185//185
f 169//169 185//185 181//181
f 185//185 174//174 186//186
f 181//181 186//186 170//170
f 185//185 186//186 181//181
f 169//169 181//181 190//190
f 181//181 170//170 191//191
f 190//190 191//191 176//176
f 181//181 191//191 190//190
f 169//169 190//190 202//202
f 190//190 176//176 205//205
f 202//202 205//205 179//179
f 190//190 205//205 202//202
f 169//169 202//202 206//206
f 202//202 179//179 210//210
f 206//206 210//210 180//180
f 202//202 210//210 206//206
f 170//170 186//186 197//197
f 186//186 174//174 200//200
f 197//197 200//200 178//178
f 186//186 200//200 197//197
f 174//174 209//209 187//187
f 209//209 180//180 208//208
f 187//187 208//208 173//173
f 209//209 208//208 187//187
f 180//180 210//210 207//207
f 210//210 179//179 203//203
f 207//207 203//203 171//171
f 210//210 203//203 207//207
f 179//179 205//205 204//204
f 205//205 176//176 192//192
f 204//204 192//192 175//175
f 205//205 192//192 204//204
f 176//176 191//191 196//196
f 191//191 170//170 193//193
f 196//196 193//193 177//177
f 191//191 193//193 196//196
f 172//172 198//198 184//184
f 198//198 178//178 199//199
f 184//184 199//199 173//173
f 198//198 199//199 184//184
f 172//172 184//184 182//182
f 184//184 173//173 183//183
f 182//182 183//183 171//171
f 184//184 183//183 182//182
f 172//172 182//182 189//189
f 182//182 171//171 188//188
f 189//189 188//188 175//175
f 182//182 188//188 189//189
f 172//172 189//189 194//194
f 189//189 175//175 195//195
f 194//194 195//195 177//177
f 189//189 195//195 194//194
f 172//172 194//194 198//198
f 194//194 177//177 201//201
f 198//198 201//201 178//178
f 194//194 201//201 198//198
f 173//173 199//199 187//187
f 199//199 178//178 200//200
f 187//187 200//200 174//174
f 199//199 200//200 187//187
f 171//171 183//183 207//207
f 183//183 173//173 208//208
f 207//207 208//208 180//180
f 183//183 208//208 207//207
f 175//175 188//188 204//204
f 188//188 171//171 203//203
f 204//204 203//203 179//179
f 188//188 203//203 204//204
f 177//177 195//195 196//196
f 195//195 175//175 192//192
f 196//196 192//192 176//176
f 195//195 192//192 196//196
f 178//178 201//201 197//197
f 201//201 177//177 193//193
f 197//197 193//193 170//170
f 201//201 193//193 197//197
f 211//211 248//248 227//227
f 248//248 222//222 251//251
f 227//227 251//251 216//216
f 248//248 251//251 227//227
f 211//211 227//227 223//223
f 227//227 216//216 228//228
f 223//223 228//228 212//212
f 227//227 228//228 223//223
f 211//211 223//223 232//232
f 223//223 212//212 233//233
f 232//232 233//233 218//218
f 223//223 233//233 232//232
f 211//211 232//232 244//244
f 232//232 218//218 247//247
f 244//244 247//247 221//221
f 232//232 247//247 244//244
f 211//211 244//244 248//248
f 244//244 221//221 252//252
f 248//248 252//252 222//222
f 244//244 252//252 248//248
f 212//212 228//228 239//239
f 228//228 216//216 242//242
f 239//239 242//242 220//220
f 228//228 242//242 239//239
f 216//216 251//251 229//229
f 251//251 222//222 250//250
f 229//229 250//250 215//215
f 251//251 250//250 229//229
f 222//222 252//252 249//249
f 252//252 221//221 245//245
f 249//249 245//245 213//213
f 252//252 245//245 249//249
f 221//221 247//247 246//246
f 247//247 218//218 234//234
f 246//246 234//234 217//217
f 247//247 234//234 246//246
f 218//218 233//233 238//238
f 233//233 212//212 235//235
f 238//238 235//235 219//219
f 233//233 235//235 238//238
f 214//214 240//240 226//226
f 240//240 220//220 241//241
f 226//226 241//241 215//215
f 240//240 241//241 226//226
f 214//214 226//226 224//224
f 226//226 215//215 225//225
f 224//224 225//225 213//213
f 226//226 225//225 224//224
f 214//214 224//224 231//231
f 224//224 213//213 230//230
f 231//231 230//230 217//217
f 224//224 230//230 231//231
f 214//214 231//231 236//236
f 231//231 217//217 237//237
f 236//236 237//237 219//219
f 231//231 237//237 236//236
f 214//214 236//236 240//240
f 236//236 219//219 243//243
f 240//240 243//243 220//220
f 236//236 243//243 240//240
f 215//215 241//241 229//229
f 241//241 220//220 242//242
f 229//229 242//242 216//216
f 241//241 242//242 229//229
f 213//213 225//225 249//249
f 225//225 215//215 250//250
f 249//249 250//250 222//222
f 225//225 250//250 249//249
f 217//217 230//230 246//246
f 230//230 213//213 245//245
f 246//246 245//245 221//221
f 230//230 245//245 246//246
f 219//219 237//237 238//238
f 237//237 217//217 234//234
f 238//238 234//234 218//218
f 237//237 234//234 238//238
f 220//220 243//243 239//239
f 243//243 219//219 235//235
f 239//239 235//235 212//212
f 243//243 235//235 239//239
f 253//253 290//290 269//269
f 290//290 264//264 293//293
f 269//269 293//293 258//258
f 290//290 293//293 269//269
f 253//253 269//269 265//265
f 269//269 258//258 270//270
f 265//265 270//270 254//254
f 269//269 270//270 265//265
f 253//253 265//265 274//274
f 265//265 254//254 275//275
f 274//274 275//275 260//260
f 265//265 275//275 274//274
f 253//253 274//274 286//286
f 274//274 260//260 289//289
f 286//286 289//289 263//263
f 274//274 289//289 286//286
f 253//253 286//286 290//290
f 286//286 263//263 294//294
f 290//290 294//294 264//264
f 286//286 294//294 290//290
f 254//254 270//270 281//281
f 270//270 258//258 284//284
f 281//281 284//284 262//262
f 270//270 284//284 281//281
f 258//258 293//293 271//271
f 293//293 264//264 292//292
f 271//271 292//292 257//257
f 293//293 292//292 271//271
f 264//264 294//294 291//291
f 294//294 263//263 287//287
f 291//291 287//287 255//255
f 294//294 287//287 291//291
f 263//263 289//289 288//288
f 289//289 260//260 276//276
f 288//288 276//276 259//259
f 289//289 276//276 288//288
f 260//260 275//275 280//280
f 275//275 254//254 277//277
f 280//280 277//277 261//261
f 275//275 277//277 280//280
f 256//256 282//282 268//268
f 282//282 262//262 283//283
f 268//268 283//283 257//257
f 282//282 283//283 268//268
f 256//256 268//268 266//266
f 268//268 257//257 267//267
f 266//266 267//267 255//255
f 268//268 267//267 266//266
f 256//256 266//266 273//273
f 266//266 255//255 272//272
f 273//273 272//272 259//259
f 266//266 272//272 273//273
f 256//256 273//273 278//278
f 273//273 259//259 279//279
f 278//278 279//279 261//261
f 273//273 279//279 278//278
f 256//256 278//278 282//282
f 278//278 261//261 285//285
f 282//282 285//285 262//262
f 278//278 285//285 282//282
f 257//257 283//283 271//271
f 283//283 262//262 284//284
f 271//271 284//284 258//258
f 283//283 284//284 271//271
f 255//255 267//267 291//291
f 267//267 257//257 292//292
f 291//291 292//292 264//264
f 267//267 292//292 291//291
f 259//259 272//272 288//288
f 272//272 255//255 287//287
f 288//288 287//287 263//263
f 272//272 287//287 288//288
f 261//261 279//279 280//280
f 279//279 259//259 276//276
f 280//280 276//276 260//260
f 279//279 276//276 280//280
f 262//262 285//285 281//281
f 285//285 261//261 277//277
f 281//281 277//277 254//254
f 285//285 277//277 281//281
f 295//295 332//332 311//311
f 332//332 306//306 335//335
f 311//311 335//335 300//300
f 332//332 335//335 311//311
f 295//295 311//311 307//307
f 311//311 300//300 312//312
f 307//307 312//312 296//296
f 311//311 312//312 307//307
f 295//295 307//307 316//316
f 307//307 296//296 317//317
f 316//316 317//317 302//302
f 307//307 317//317 316//316
f 295//295 316//316 328//328
f 316//316 302//302 331//331
f 328//328 331//331 305//305
f 316//316 331//331 328//328
f 295//295 328//328 332//332
f 328//328 305//305 336//336
f 332//332 336//336 306//306
f 328//328 336//336 332//332
f 296//296 312//312 323//323
f 312//312 300//300 326//326
f 323//323 326//326 304//304
f 312//312 326//326 323//323
f 300//300 335//335 313//313
f 335//335 306//306 334//334
f 313//313 334//334 299//299
f 335//335 334//334 313//313
f 306//306 336//336 333//333
f 336//336 305//305 329//329
f 333//333 329//329 297//297
f 336//336 329//329 333//333
f 305//305 331//331 330//330
f 331//331 302//302 318//318
f 330//330 318//318 301//301
f 331//331 318//318 330//330
f 302//302 317//317 322//322
f 317//317 296//296 319//319
f 322//322 319//319 303//303
f 317//317 319//319 322//322
f 298//298 324//324 310//310
f 324//324 304//304 325//325
f 310//310 325//325 299//299
f 324//324 325//325 310//310
f 298//298 310//310 308//308
f 310//310 299//299 309//309
f 308//308 309//309 297//297
f 310//310 309//309 308//308
f 298//298 308//308 315//315
f 308//308 297//297 314//314
f 315//315 314//314 301//301
f 308//308 314//314 315//315
f 298//298 315//315 320//320
f 315//315 301//301 321//321
f 320//320 321//321 303//303
f 315//315 321//321 320//320
f 298//298 320//320 324//324
f 320//320 303//303 327//327
f 324//324 327//327 304//304
f 320//320 327//327 324//324
f 299//299 325//325 313//313
f 325//325 304//304 326//326
f 313//313 326//326 300//300
f 325//325 326//326 313//313
f 297//297 309//309 333//333
f 309//309 299//299 334//334
f 333//333 334//334 306//306
f 309//309 334//334 333//333
f 301//301 314//314 330//330
f 314//314 297//297 329//329
f 330//330 329//329 305//305
f 314//314 329//329 330//330
f 303//303 321//321 322//322
f 321//321 301//301 318//318
f 322//322 318//318 302//302
f 321//321 318//318 322//322
f 304//304 327//327 323//323
f 327//327 303//303 319//319
f 323//323 319//319 296//296
f 327//327 319//319 323//323
f 337//337 374//374 353//353
f 374//374 348//348 377//377
f 353//353 377//377 342//342
f 374//374 377//377 353//353
f 337//337 353//353 349//349
f 353//353 342//342 354//354
f 349//349 354//354 338//338
f 353//353 354//354 349//349
f 337//337 349//349 358//358
f 349//349 338//338 359//359
f 358//358 359//359 344//344
f 349//349 359//359 358//358
f 337//337 358//358 370//370
f 358//358 344//344 373//373
f 370//370 373//373 347//347
f 358//358 373//373 370//370
f 337//337 370//370 374//374
f 370//370 347//347 378//378
f 374//374 378//378 348//348
f 370//370 378//378 374//374
f 338//338 354//354 365//365
f 354//354 342//342 368//368
f 365//365 368//368 346//346
f 354//354 368//368 365//365
f 342//342 377//377 355//355
f 377//377 348//348 376//376
f 355//355 376//376 341//341
f 377//377 376//376 355//355
f 348//348 378//378 375//375
f 378//378 347//347 371//371
f 375//375 371//371 339//339
f 378//378 371//371 375//375
f 347//347 373//373 372//372
f 373//373 344//344 360//360
f 372//372 360//360 343//343
f 373//373 360//360 372//372
f 344//344 359//359 364//364
f 359//359 338//338 361//361
f 364//364 361//361 345//345
f 359//359 361//361 364//364
f 340//340 366//366 352//352
f 366//366 346//346 367//367
f 352//352 367//367 341//341
f 366//366 367//367 352//352
f 340//340 352//352 350//350
f 352//352 341//341 351//351
f 350//350 351//351 339//339
f 352//352 351//351 350//350
f 340//340 350//350 357//357
f 350//350 339//339 356//356
f 357//357 356//356 343//343
f 350//350 356//356 357//357
f 340//340 357//357 362//362
f 357//357 343//343 363//363
f 362//362 363//363 345//345
f 357//357 363//363 362//362
f 340//340 362//362 366//366
f 362//362 345//345 369//369
f 366//366 369//369 346//346
f 362//362 369//369 366//366
f 341//341 367//367 355//355
f 367//367 346//346 368//368
f 355//355 368//368 342//342
f 367//367 368//368 355//355
f 339//339 351//351 375//375
f 351//351 341//341 376//376
f 375//375 376//376 348//348
f 351//351 376//376 375//375
f 343//343 356//356 372//372
f 356//356 339//339 371//371
f 372//372 371//371 347//347
f 356//356 371//371 372//372
f 345//345 363//363 364//364
f 363//363 343//343 360//360
f 364//364 360//360 344//344
f 363//363 360//360 364//364
f 346//346 369//369 365//365
f 369//369 345//345 361//361
f 365//365 361//361 338//338
f 369//369 361//361 365//365
f 379//379 416//416 395//395
f 416//416 390//390 419//419
f 395//395 419//419 384//384
f 416//416 419//419 395//395
f 379//379 395//395 391//391
f 395//395 384//384 396//396
f 391//391 396//396 380//380
f 395//395 396//396 391//391
f 379//379 391//391 400//400
f 391//391 380//380 401//401
f 400//400 401//401 386//386
f 391//391 401//401 400//400
f 379//379 400//400 412//412
f 400//400 386//386 415//415
f 412//412 415//415 389//389
f 400//400 415//415 412//412
f 379//379 412//412 416//416
f 412//412 389//389 420//420
f 416//416 420//420 390//390
f 412//412 420//420 416//416
f 380//380 396//396 407//407
f 396//396 384//384 410//410
f 407//407 410//410 388//388
f 396//396 410//410 407//407
f 384//384 419//419 397//397
f 419//419 390//390 418//418
f 397//397 418//418 383//383
f 419//419 418//418 397//397
f 390//390 420//420 417//417
f 420//420 389//389 413//413
f 417//417 413//413 381//381
f 420//420 413//413 417//417
f 389//389 415//415 414//414
f 415//415 386//386 402//402
f 414//414 402//402 385//385
f 415//415 402//402 414//414
f 386//386 401//401 406//406
f 401//401 380//380 403//403
f 406//406 403//403 387//387
f 401//401 403//403 406//406
f 382//382 408//408 394//394
f 408//408 388//388 409//409
f 394//394 409//409 383//383
f 408//408 409//409 394//394
f 382//382 394//394 392//392
f 394//394 383//383 393//393
f 392//392 393//393 381//381
f 394//394 393//393 392//392
f 382//382 392//392 399//399
f 392//392 381//381 398//398
f 399//399 398//398 385//385
f 392//392 398//398 399//399
f 382//382 399//399 404//404
f 399//399 385//385 405//405
f 404//404 405//405 387//387
f 399//399 405//405 404//404
f 382//382 404//404 408//408
f 404//404 387//387 411//411
f 408//408 411//411 388//388
f 404//404 411//411 408//408
f 383//383 409//409 397//397
f 409//409 388//388 410//410
f 397//397 410//410 384//384
f 409//409 410//410 397//397
f 381//381 393//393 417//417
f 393//393 383//383 418//418
f 417//417 418//418 390//390
f 393//393 418//418 417//417
f 385//385 398//398 414//414
f 398//398 381//381 413//413
f 414//414 413//413 389//389
f 398//398 413//413 414//414
f 387//387 405//405 406//406
f 405//405 385//385 402//402
f 406//406 402//402 386//386
f 405//405 402//402 406//406
f 388//388 411//411 407//407
f 411//411 387//387 403//403
f 407//407 403//403 380//380
f 411//411 403//403 407//407
f 421//421 458//458 437//437
f 458//458 432//432 461//461
f 437//437 461//461 426//426
f 458//458 461//461 437//437
f 421//421 437//437 433//433
f 437//437 426//426 438//438
f 433//433 438//438 422//422
f 437//437 438//438 433//433
f 421//421 433//433 442//442
f 433//433 422//422 443//443
f 442//442 443//443 428//428
f 433//433 443//443 442//442
f 421//421 442//442 454//454
f 442//442 428//428 457//457
f 454//454 457//457 431//431
f 442//442 457//457 454//454
f 421//421 454//454 458//458
f 454//454 431//431 462//462
f 458//458 462//462 432//432
f 454//454 462//462 458//458
f 422//422 438//438 449//449
f 438//438 426//426 452//452
f 449//449 452//452 430//430
f 438//438 452//452 449//449
f 426//426 461//461 439//439
f 461//461 432//432 460//460
f 439//439 460//460 425//425
f 461//461 460//460 439//439
f 432//432 462//462 459//459
f 462//462 431//431 455//455
f 459//459 455//455 423//423
f 462//462 455//455 459//459
f 431//431 457//457 456//456
f 457//457 428//428 444//444
f 456//456 444//444 427//427
f 457//457 444//444 456//456
f 428//428 443//443 448//448
f 443//443 422//422 445//445
f 448//448 445//445 429//429
f 443//443 445//445 448//448
f 424//424 450//450 436//436
f 450//450 430//430 451//451
f 436//436 451//451 425//425
f 450//450 451//451 436//436
f 424//424 436//436 434//434
f 436//436 425//425 435//435
f 434//434 435//435 423//423
f 436//436 435//435 434//434
f 424//424 434//434 441//441
f 434//434 423//423 440//440
f 441//441 440//440 427//427
f 434//434 440//440 441//441
f 424//424 441//441 446//446
f 441//441 427//427 447//447
f 446//446 447//447 429//429
f 441//441 447//447 446//446
f 424//424 446//446 450//450
f 446//446 429//429 453//453
f 450//450 453//453 430//430
f 446//446 453//453 450//450
f 425//425 451//451 439//439
f 451//451 430//430 452//452
f 439//439 452//452 426//426
f 451//451 452//452 439//439
f 423//423 435//435 459//459
f 435//435 425//425 460//460
f 459//459 460//460 432//432
f 435//435 460//460 459//459
f 427//427 440//440 456//456
f 440//440 423//423 455//455
f 456//456 455//455 431//431
f 440//440 455//455 456//456
f 429//429 447//447 448//448
f 447//447 427//427 444//444
f 448//448 444//444 428//428
f 447//447 444//444 448//448
f 430//430 453//453 449//449
f 453//453 429//429 445//445
f 449//449 445//445 422//422
f 453//453 445//445 449//449
f 463//463 500//500 479//479
f 500//500 474//474 503//503
f 479//479 503//503 468//468
f 500//500 503//503 479//479
f 463//463 479//479 475//475
f 479//479 468//468 480//480
f 475//475 480//480 464//464
f 479//479 480//480 475//475
f 463//463 475//475 484//484
f 475//475 464//464 485//485
f 484//484 485//485 470//470
f 475//475 485//485 484//484
f 463//463 484//484 496//496
f 484//484 470//470 499//499
f 496//496 499//499 473//473
f 484//484 499//499 496//496
f 463//463 496//496 500//500
f 496//496 473//473 504//504
f 500//500 504//504 474//474
f 496//496 504//504 500//500
f 464//464 480//480 491//491
f 480//480 468//468 494//494
f 491//491 494//494 472//472
f 480//480 494//494 491//491
f 468//468 503//503 481//481
f 503//503 474//474 502//502
f 481//481 502//502 467//467
f 503//503 502//502 481//481
f 474//474 504//504 501//501
f 504//504 473//473 497//497
f 501//501 497//497 465//465
f 504//504 497//497 501//501
f 473//473 499//499 498//498
f 499//499 470//470 486//486
f 498//498 486//486 469//469
f 499//499 486//486 498//498
f 470//470 485//485 490//490
f 485//485 464//464 487//487
f 490//490 487//487 471//471
f 485//485 487//487 490//490
f 466//466 492//492 478//478
f 492//492 472//472 493//493
f 478//478 493//493 467//467
f 492//492 493//493 478//478
f 466//466 478//478 476//476
f 478//478 467//467 477//477
f 476//476 477//477 465//465
f 478//478 477//477 476//476
f 466//466 476//476 483//483
f 476//476 465//465 482//482
f 483//483 482//482 469//469
f 476//476 482//482 483//483
f 466//466 483//483 488//488
f 483//483 469//469 489//489
f 488//488 489//489 471//471
f 483//483 489//489 488//488
f 466//466 488//488 492//492
f 488//488 471//471 495//495
f 492//492 495//495 472//472
f 488//488 495//495 492//492
f 467//467 493//493 481//481
f 493//493 472//472 494//494
f 481//481 494//494 468//468
f 493//493 494//494 481//481
f 465//465 477//477 501//501
f 477//477 467//467 502//502
f 501//501 502//502 474//474
f 477//477 502//502 501//501
f 469//469 482//482 498//498
f 482//482 465//465 497//497
f 498//498 497//497 473//473
f 482//482 497//497 498//498
f 471//471 489//489 490//490
f 489//489 469//469 486//486
f 490//490 486//486 470//470
f 489//489 486//486 490//490
f 472//472 495//495 491//491
f 495//495 471//471 487//487
f 491//491 487//487 464//464
f 495//495 487//487 491//491
f 505//505 542//542 521//521
f 542//542 516//516 545//545
f 521//521 545//545 510//510
f 542//542 545//545 521//521
f 505//505 521//521 517//517
f 521//521 510//510 522//522
f 517//517 522//522 506//506
f 521//521 522//522 517//517
f 505//505 517//517 526//526
f 517//517 506//506 527//527
f 526//526 527//527 512//512
f 517//517 527//527 526//526
f 505//505 526//526 538//538
f 526//526 512//512 541//541
f 538//538 541//541 515//515
f 526//526 541//541 538//538
f 505//505 538//538 542//542
f 538//538 515//515 546//546
f 542//542 546//546 516//516
f 538//538 546//546 542//542
f 506//506 522//522 533//533
f 522//522 510//510 536//536
f 533//533 536//536 514//514
f 522//522 536//536 533//533
f 510//510 545//545 523//523
f 545//545 516//516 544//544
f 523//523 544//544 509//509
f 545//545 544//544 523//523
f 516//516 546//546 543//543
f 546//546 515//515 539//539
f 543//543 539//539 507//507
f 546//546 539//539 543//543
f 515//515 541//541 540//540
f 541//541 512//512 528//528
f 540//540 528//528 511//511
f 541//541 528//528 540//540
f 512//512 527//527 532//532
f 527//527 506//506 529//529
f 532//532 529//529 513//513
f 527//527 529//529 532//532
f 508//508 534//534 520//520
f 534//534 514//514 535//535
f 520//520 535//535 509//509
f 534//534 535//535 520//520
f 508//508 520//520 518//518
f 520//520 509//509 519//519
f 518//518 519//519 507//507
f 520//520 519//519 518//518
f 508//508 518//518 525//525
f 518//518 507//507 524//524
f 525//525 524//524 511//511
f 518//518 524//524 525//525
f 508//508 525//525 530//530
f 525//525 511//511 531//531
f 530//530 531//531 513//513
f 525//525 531//531 530//530
f 508//508 530//530 534//534
f 530//530 513//513 537//537
f 534//534 537//537 514//514
f 530//530 537//537 534//534
f 509//509 535//535 523//523
f 535//535 514//514 536//536
f 523//523 536//536 510//510
f 535//535 536//536 523//523
f 507//507 519//519 543//543
f 519//519 509//509 544//544
f 543//543 544//544 516//516
f 519//519 544//544 543//543
f 511//511 524//524 540//540
f 524//524 507//507 539//539
f 540//540 539//539 515//515
f 524//524 539//539 540//540
f 513//513 531//531 532//532
f 531//531 511//511 528//528
f 532//532 528//528 512//512
f 531//531 528//528 532//532
f 514//514 537//537 533//533
f 537//537 513//513 529//529
f 533//533 529//529 506//506
f 537//537 529//529 533//533
f 547//547 584//584 563//563
f 584//584 558//558 587//587
f 563//563 587//587 552//552
f 584//584 587//587 563//563
f 547//547 563//563 559//559
f 563//563 552//552 564//564
f 559//559 564//564 548//548
f 563//563 564//564 559//559
f 547//547 559//559 568//568
f 559//559 548//548 569//569
f 568//568 569//569 554//554
f 559//559 569//569 568//568
f 547//547 568//568 580//580
f 568//568 554//554 583//583
f 580//580 583//583 557//557
f 568//568 583//583 580//580
f 547//547 580//580 584//584
f 580//580 557//557 588//588
f 584//584 588//588 558//558
f 580//580 588//588 584//584
f 548//548 564//564 575//575
f 564//564 552//552 578//578
f 575//575 578//578 556//556
f 564//564 578//578 575//575
f 552//552 587//587 565//565
f 587//587 558//558 586//586
f 565//565 586//586 551//551
f 587//587 586//586 565//565
f 558//558 588//588 585//585
f 588//588 557//557 581//581
f 585//585 581//581 549//549
f 588//588 581//581 585//585
f 557//557 583//583 582//582
f 583//583 554//554 570//570
f 582//582 570//570 553//553
f 583//583 570//570 582//582
f 554//554 569//569 574//574
f 569//569 548//548 571//571
f 574//574 571//571 555//555
f 569//569 571//571 574//574
f 550//550 576//576 562//562
f 576//576 556//556 577//577
f 562//562 577//577 551//551
f 576//576 577//577 562//562
f 550//550 562//562 560//560
f 562//562 551//551 561//561
f 560//560 561//561 549//549
f 562//562 561//561 560//560
f 550//550 560//560 567//567
f 560//560 549//549 566//566
f 567//567 566//566 553//553
f 560//560 566//566 567//567
f 550//550 567//567 572//572
f 567//567 553//553 573//573
f 572//572 573//573 555//555
f 567//567 573//573 572//572
f 550//550 572//572 576//576
f 572//572 555//555 579//579
f 576//576 579//579 556//556
f 572//572 579//579 576//576
f 551//551 577//577 565//565
f 577//577 556//556 578//578
f 565//565 578//578 552//552
f 577//577 578//578 565//565
f 549//549 561//561 585//585
f 561//561 551//551 586//586
f 585//585 586//586 558//558
f 561//561 586//586 585//585
f 553//553 566//566 582//582
f 566//566 549//549 581//581
f 582//582 581//581 557//557
f 566//566 581//581 582//582
f 555//555 573//573 574//574
f 573//573 553//553 570//570
f 574//574 570//570 554//554
f 573//573 570//570 574//574
f 556//556 579//579 575//575
f 579//579 555//555 571//571
f 575//575 571//571 548//548
f 579//579 571//571 575//575
f 589//589 626//626 605//605
f 626//626 600//600 629//629
f 605//605 629//629 594//594
f 626//626 629//629 605//605
f 589//589 605//605 601//601
f 605//605 594//594 606//606
f 601//601 606//606 590//590
f 605//605 606//606 601//601
f 589//589 601//601 610//610
f 601//601 590//590 611//611
f 610//610 611//611 596//596
f 601//601 611//611 610//610
f 589//589 610//610 622//622
f 610//610 596//596 625//625
f 622//622 625//625 599//599
f 610//610 625//625 622//622
f 589//589 622//622 626//626
f 622//622 599//599 630//630
f 626//626 630//630 600//600
f 622//622 630//630 626//626
f 590//590 606//606 617//617
f 606//606 594//594 620//620
f 617//617 620//620 598//598
f 606//606 620//620 617//617
f 594//594 629//629 607//607
f 629//629 600//600 628//628
f 607//607 628//628 593//593
f 629//629 628//628 607//607
f 600//600 630//630 627//627
f 630//630 599//599 623//623
f 627//627 623//623 591//591
f 630//630 623//623 627//627
f 599//599 625//625 624//624
f 625//625 596//596 612//612
f 624//624 612//612 595//595
f 625//625 612//612 624//624
f 596//596 611//611 616//616
f 611//611 590//590 613//613
f 616//616 613//613 597//597
f 611//611 613//613 616//616
f 592//592 618//618 604//604
f 618//618 598//598 619//619
f 604//604 619//619 593//593
f 618//618 619//619 604//604
f 592//592 604//604 602//602
f 604//604 593//593 603//603
f 602//602 603//603 591//591
f 604//604 603//603 602//602
f 592//592 602//602 609//609
f 602//602 591//591 608//608
f 609//609 608//608 595//595
f 602//602 608//608 609//609
f 592//592 609//609 614//614
f 609//609 595//595 615//615
f 614//614 615//615 597//597
f 609//609 615//615 614//614
f 592//592 614//614 618//618
f 614//614 597//597 621//621
f 618//618 621//621 598//598
f 614//614 621//621 618//618
f 593//593 619//619 607//607
f 619//619 598//598 620//620
f 607//607 620//620 594//594
f 619//619 620//620 607//607
f 591//591 603//603 627//627
f 603//603 593//593 628//628
f 627//627 628//628 600//600
f 603//603 628//628 627//627
f 595//595 608//608 624//624
f 608//608 591//591 623//623
f 624//624 623//623 599//599
f 608//608 623//623 624//624
f 597//597 615//615 616//616
f 615//615 595//595 612//612
f 616//616 612//612 596//596
f 615//615 612//612 616//616
f 598//598 621//621 617//617
f 621//621 597//597 613//613
f 617//617 613//613 590//590
f 621//621 613//613 617//617
f 631//631 668//668 647//647
f 668//668 642//642 671//671
f 647//647 671//671 636//636
f 668//668 671//671 647//647
f 631//631 647//647 643//643
f 647//647 636//636 648//648
f 643//643 648//648 632//632
f 647//647 648//648 643//643
f 631//631 643//643 652//652
f 643//643 632//632 653//653
f 652//652 653//653 638//638
f 643//643 653//653 652//652
f 631//631 652//652 664//664
f 652//652 638//638 667//667
f 664//664 667//667 641//641
f 652//652 667//667 664//664
f 631//631 664//664 668//668
f 664//664 641//641 672//672
f 668//668 672//672 642//642
f 664//664 672//672 668//668
f 632//632 648//648 659//659
f 648//648 636//636 662//662
f 659//659 662//662 640//640
f 648//648 662//662 659//659
f 636//636 671//671 649//649
f 671//671 642//642 670//670
f 649//649 670//670 635//635
f 671//671 670//670 649//649
f 642//642 672//672 669//669
f 672//672 641//641 665//665
f 669//669 665//665 633//633
f 672//672 665//665 669//669
f 641//641 667//667 666//666
f 667//667 638//638 654//654
f 666//666 654//654 637//637
f 667//667 654//654 666//666
f 638//638 653//653 658//658
f 653//653 632//632 655//655
f 658//658 655//655 639//639
f 653//653 655//655 658//658
f 634//634 660//660 646//646
f 660//660 640//640 661//661
f 646//646 661//661 635//635
f 660//660 661//661 646//646
f 634//634 646//646 644//644
f 646//646 635//635 645//645
f 644//644 645//645 633//633
f 646//646 645//645 644//644
f 634//634 644//644 651//651
f 644//644 633//633 650//650
f 651//651 650//650 637//637
f 644//644 650//650 651//651
f 634//634 651//651 656//656
f 651//651 637//637 657//657
f 656//656 657//657 639//639
f 651//651 657//657 656//656
f 634//634 656//656 660//660
f 656//656 639//639 663//663
f 660//660 663//663 640//640
f 656//656 663//663 660//660
f 635//635 661//661 649//649
f 661//661 640//640 662//662
f 649//649 662//662 636//636
f 661//661 662//662 649//649
f 633//633 645//645 669//669
f 645//645 635//635 670//670
f 669//669 670//670 642//642
f 645//645 670//670 669//669
f 637//637 650//650 666//666
f 650//650 633//633 665//665
f 666//666 665//665 641//641
f 650//650 665//665 666//666
f 639//639 657//657 658//658
f 657//657 637//637 654//654
f 658//658 654//654 638//638
f 657//657 654//654 658//658
f 640//640 663//663 659//659
f 663//663 639//639 655//655
f 659//659 655//655 632//632
f 663//663 655//655 659//659
f 673//673 710//710 689//689
f 710//710 684//684 713//713
f 689//689 713//713 678//678
f 710//710 713//713 689//689
f 673//673 689//689 685//685
f 689//689 678//678 690//690
f 685//685 690//690 674//674
f 689//689 690//690 685//685
f 673//673 685//685 694//694
f 685//685 674//674 695//695
f 694//694 695//695 680//680
f 685//685 695//695 694//694
f 673//673 694//694 706//706
f 694//694 680//680 709//709
f 706//706 709//709 683//683
f 694//694 709//709 706//706
f 673//673 706//706 710//710
f 706//706 683//683 714//714
f 710//710 714//714 684//684
f 706//706 714//714 710//710
f 674//674 690//690 701//701
f 690//690 678//678 704//704
f 701//701 704//704 682//682
f 690//690 704//704 701//701
f 678//678 713//713 691//691
f 713//713 684//684 712//712
f 691//691 712//712 677//677
f 713//713 712//712 691//691
f 684//684 714//714 711//711
f 714//714 683//683 707//707
f 711//711 707//707 675//675
f 714//714 707//707 711//711
f 683//683 709//709 708//708
f 709//709 680//680 696//696
f 708//708 696//696 679//679
f 709//709 696//696 708//708
f 680//680 695//695 700//700
f 695//695 674//674 697//697
f 700//700 697//697 681//681
f 695//695 697//697 700//700
f 676//676 702//702 688//688
f 702//702 682//682 703//703
f 688//688 703//703 677//677
f 702//702 703//703 688//688
f 676//676 688//688 686//686
f 688//688 677//677 687//687
f 686//686 687//687 675//675
f 688//688 687//687 686//686
f 676//676 686//686 693//693
f 686//686 675//675 692//692
f 693//693 692//692 679//679
f 686//686 692//692 693//693
f 676//676 693//693 698//698
f 693//693 679//679 699//699
f 698//698 699//699 681//681
f 693//693 699//699 698//698
f 676//676 698//698 702//702
f 698//698 681//681 705//705
f 702//702 705//705 682//682
f 698//698 705//705 702//702
f 677//677 703//703 691//691
f 703//703 682//682 704//704
f 691//691 704//704 678//678
f 703//703 704//704 691//691
f 675//675 687//687 711//711
f 687//687 677//677 712//712
f 711//711 712//712 684//684
f 687//687 712//712 711//711
f 679//679 692//692 708//708
f 692//692 675//675 707//707
f 708//708 707//707 683//683
f 692//692 707//707 708//708
f 681//681 699//699 700//700
f 699//699 679//679 696//696
f 700//700 696//696 680//680
f 699//699 696//696 700//700
f 682//682 705//705 701//701
f 705//705 681//681 697//697
f 701//701 697//697 674//674
f 705//705 697//697 701//701
f 715//715 752//752 731//731
f 752//752 726//726 755//755
f 731//731 755//755 720//720
f 752//752 755//755 731//731
f 715//715 731//731 727//727
f 731//731 720//720 732//732
f 727//727 732//732 716//716
f 731//731 732//732 727//727
f 715//715 727//727 736//736
f 727//727 716//716 737//737
f 736//736 737//737 722//722
f 727//727 737//737 736//736
f 715//715 736//736 748//748
f 736//736 722//722 751//751
f 748//748 751//751 725//725
f 736//736 751//751 748//748
f 715//715 748//748 752//752
f 748//748 725//725 756//756
f 752//752 756//756 726//726
f 748//748 756//756 752//752
f 716//716 732//732 743//743
f 732//732 720//720 746//746
f 743//743 746//746 724//724
f 732//732 746//746 743//743
f 720//720 755//755 733//733
f 755//755 726//726 754//754
f 733//733 754//754 719//719
f 755//755 754//754 733//733
f 726//726 756//756 753//753
f 756//756 725//725 749//749
f 753//753 749//749 717//717
f 756//756 749//749 753//753
f 725//725 751//751 750//750
f 751//751 722//722 738//738
f 750//750 738//738 721//721
f 751//751 738//738 750//750
f 722//722 737//737 742//742
f 737//737 716//716 739//739
f 742//742 739//739 723//723
f 737//737 739//739 742//742
f 718//718 744//744 730//730
f 744//744 724//724 745//745
f 730//730 745//745 719//719
f 744//744 745//745 730//730
f 718//718 730//730 728//728
f 730//730 719//719 729//729
f 728//728 729//729 717//717
f 730//730 729//729 728//728
f 718//718 728//728 735//735
f 728//728 717//717 734//734
f 735//735 734//734 721//721
f 728//728 734//734 735//735
f 718//718 735//735 740//740
f 735//735 721//721 741//741
f 740//740 741//741 723//723
f 735//735 741//741 740//740
f 718//718 740//740 744//744
f 740//740 723//723 747//747
f 744//744 747//747 724//724
f 740//740 747//747 744//744
f 719//719 745//745 733//733
f 745//745 724//724 746//746
f 733//733 746//746 720//720
f 745//745 746//746 733//733
f 717//717 729//729 753//753
f 729//729 719//719 754//754
f 753//753 754//754 726//726
f 729//729 754//754 753//753
f 721//721 734//734 750//750
f 734//734 717//717 749//749
f 750//750 749//749 725//725
f 734//734 749//749 750//750
f 723//723 741//741 742//742
f 741//741 721//721 738//738
f 742//742 738//738 722//722
f 741//741 738//738 742//742
f 724//724 747//747 743//743
f 747//747 723//723 739//739
f 743//743 739//739 716//716
f 747//747 739//739 743//743
f 757//757 794//794 773//773
f 794//794 768//768 797//797
f 773//773 797//797 762//762
f 794//794 797//797 773//773
f 757//757 773//773 769//769
f 773//773 762//762 774//774
f 769//769 774//774 758//758
f 773//773 774//774 769//769
f 757//757 769//769 778//778
f 769//769 758//758 779//779
f 778//778 779//779 764//764
f 769//769 779//779 778//778
f 757//757 778//778 790//790
f 778//778 764//764 793//793
f 790//790 793//793 767//767
f 778//778 793//793 790//790
f 757//757 790//790 794//794
f 790//790 767//767 798//798
f 794//794 798//798 768//768
f 790//790 798//798 794//794
f 758//758 774//774 785//785
f 774//774 762//762 788//788
f 785//785 788//788 766//766
f 774//774 788//788 785//785
f 762//762 797//797 775//775
f 797//797 768//768 796//796
f 775//775 796//796 761//761
f 797//797 796//796 775//775
f 768//768 798//798 795//795
f 798//798 767//767 791//791
f 795//795 791//791 759//759
f 798//798 791//791 795//795
f 767//767 793//793 792//792
f 793//793 764//764 780//780
f 792//792 780//780 763//763
f 793//793 780//780 792//792
f 764//764 779//779 784//784
f 779//779 758//758 781//781
f 784//784 781//781 765//765
f 779//779 781//781 784//784
f 760//760 786//786 772//772
f 786//786 766//766 787//787
f 772//772 787//787 761//761
f 786//786 787//787 772//772
f 760//760 772//772 770//770
f 772//772 761//761 771//771
f 770//770 771//771 759//759
f 772//772 771//771 770//770
f 760//760 770//770 777//777
f 770//770 759//759 776//776
f 777//777 776//776 763//763
f 770//770 776//776 777//777
f 760//760 777//777 782//782
f 777//777 763//763 783//783
f 782//782 783//783 765//765
f 777//777 783//783 782//782
f 760//760 782//782 786//786
f 782//782 765//765 789//789
f 786//786 789//789 766//766
f 782//782 789//789 786//786
f 761//761 787//787 775//775
f 787//787 766//766 788//788
f 775//775 788//788 762//762
f 787//787 788//788 775//775
f 759//759 771//771 795//795
f 771//771 761//761 796//796
f 795//795 796//796 768//768
f 771//771 796//796 795//795
f 763//763 776//776 792//792
f 776//776 759//759 791//791
f 792//792 791//791 767//767
f 776//776 791//791 792//792
f 765//765 783//783 784//784
f 783//783 763//763 780//780
f 784//784 780//780 764//764
f 783//783 780//780 784//784
f 766//766 789//789 785//785
f 789//789 765//765 781//781
f 785//785 781//781 758//758
f 789//789 781//781 785//785
f 799//799 836//836 815//815
f 836//836 810//810 839//839
f 815//815 839//839 804//804
f 836//836 839//839 815//815
f 799//799 815//815 811//811
f 815//815 804//804 816//816
f 811//811 816//816 800//800
f 815//815 816//816 811//811
f 799//799 811//811 820//820
f 811//811 800//800 821//821
f 820//820 821//821 806//806
f 811//811 821//821 820//820
f 799//799 820//820 832//832
f 820//820 806//806 835//835
f 832//832 835//835 809//809
f 820//820 835//835 832//832
f 799//799 832//832 836//836
f 832//832 809//809 840//840
f 836//836 840//840 810//810
f 832//832 840//840 836//836
f 800//800 816//816 827//827
f 816//816 804//804 830//830
f 827//827 830//830 808//808
f 816//816 830//830 827//827
f 804//804 839//839 817//817
f 839//839 810//810 838//838
f 817//817 838//838 803//803
f 839//839 838//838 817//817
f 810//810 840//840 837//837
f 840//840 809//809 833//833
f 837//837 833//833 801//801
f 840//840 833//833 837//837
f 809//809 835//835 834//834
f 835//835 806//806 822//822
f 834//834 822//822 805//805
f 835//835 822//822 834//834
f 806//806 821//821 826//826
f 821//821 800//800 823//823
f 826//826 823//823 807//807
f 821//821 823//823 826//826
f 802//802 828//828 814//814
f 828//828 808//808 829//829
f 814//814 829//829 803//803
f 828//828 829//829 814//814
f 802//802 814//814 812//812
f 814//814 803//803 813//813
f 812//812 813//813 801//801
f 814//814 813//813 812//812
f 802//802 812//812 819//819
f 812//812 801//801 818//818
f 819//819 818//818 805//805
f 812//812 818//818 819//819
f 802//802 819//819 824//824
f 819//819 805//805 825//825
f 824//824 825//825 807//807
f 819//819 825//825 824//824
f 802//802 824//824 828//828
f 824//824 807//807 831//831
f 828//828 831//831 808//808
f 824//824 831//831 828//828
f 803//803 829//829 817//817
f 829//829 808//808 830//830
f 817//817 830//830 804//804
f 829//829 830//830 817//817
f 801//801 813//813 837//837
f 813//813 803//803 838//838
f 837//837 838//838 810//810
f 813//813 838//838 837//837
f 805//805 818//818 834//834
f 818//818 801//801 833//833
f 834//834 833//833 809//809
f 818//818 833//833 834//834
f 807//807 825//825 826//826
f 825//825 805//805 822//822
f 826//826 822//822 806//806
f 825//825 822//822 826//826
f 808//808 831//831 827//827
f 831//831 807//807 823//823
f 827//827 823//823 800//800
f 831//831 823//823 827//827
f 841//841 878//878 857//857
f 878//878 852//852 881//881
f 857//857 881//881 846//846
f 878//878 881//881 857//857
f 841//841 857//857 853//853
f 857//857 846//846 858//858
f 853//853 858//858 842//842
f 857//857 858//858 853//853
f 841//841 853//853 862//862
f 853//853 842//842 863//863
f 862//862 863//863 848//848
f 853//853 863//863 862//862
f 841//841 862//862 874//874
f 862//862 848//848 877//877
f 874//874 877//877 851//851
f 862//862 877//877 874//874
f 841//841 874//874 878//878
f 874//874 851//851 882//882
f 878//878 882//882 852//852
f 874//874 882//882 878//878
f 842//842 858//858 869//869
f 858//858 846//846 872//872
f 869//869 872//872 850//850
f 858//858 872//872 869//869
f 846//846 881//881 859//859
f 881//881 852//852 880//880
f 859//859 880//880 845//845
f 881//881 880//880 859//859
f 852//852 882//882 879//879
f 882//882 851//851 875//875
f 879//879 875//875 843//843
f 882//882 875//875 879//879
f 851//851 877//877 876//876
f 877//877 848//848 864//864
f 876//876 864//864 847//847
f 877//877 864//864 876//876
f 848//848 863//863 868//868
f 863//863 842//842 865//865
f 868//868 865//865 849//849
f 863//863 865//865 868//868
f 844//844 870//870 856//856
f 870//870 850//850 871//871
f 856//856 871//871 845//845
f 870//870 871//871 856//856
f 844//844 856//856 854//854
f 856//856 845//845 855//855
f 854//854 855//855 843//843
f 856//856 855//855 854//854
f 844//844 854//854 861//861
f 854//854 843//843 860//860
f 861//861 860//860 847//847
f 854//854 860//860 861//861
f 844//844 861//861 866//866
f 861//861 847//847 867//867
f 866//866 867//867 849//849
f 861//861 867//867 866//866
f 844//844 866//866 870//870
f 866//866 849//849 873//873
f 870//870 873//873 850//850
f 866//866 873//873 870//870
f 845//845 871//871 859//859
f 871//871 850//850 872//872
f 859//859 872//872 846//846
f 871//871 872//872 859//859
f 843//843 855//855 879//879
f 855//855 845//845 880//880
f 879//879 880//880 852//852
f 855//855 880//880 879//879
f 847//847 860//860 876//876
f 860//860 843//843 875//875
f 876//876 875//875 851//851
f 860//860 875//875 876//876
f 849//849 867//867 868//868
f 867//867 847//847 864//864
f 868//868 864//864 848//848
f 867//867 864//864 868//868
f 850//850 873//873 869//869
f 873//873 849//849 865//865
f 869//869 865//865 842//842
f 873//873 865//865 869//869
f 883//883 920//920 899//899
f 920//920 894//894 923//923
f 899//899 923//923 888//888
f 920//920 923//923 899//899
f 883//883 899//899 895//895
f 899//899 888//888 900//900
f 895//895 900//900 884//884
f 899//899 900//900 895//895
f 883//883 895//895 904//904
f 895//895 884//884 905//905
f 904//904 905//905 890//890
f 895//895 905//905 904//904
f 883//883 904//904 916//916
f 904//904 890//890 919//919
f 916//916 919//919 893//893
f 904//904 919//919 916//916
f 883//883 916//916 920//920
f 916//916 893//893 924//924
f 920//920 924//924 894//894
f 916//916 924//924 920//920
f 884//884 900//900 911//911
f 900//900 888//888 914//914
f 911//911 914//914 892//892
f 900//900 914//914 911//911
f 888//888 923//923 901//901
f 923//923 894//894 922//922
f 901//901 922//922 887//887
f 923//923 922//922 901//901
f 894//894 924//924 921//921
f 924//924 893//893 917//917
f 921//921 917//917 885//885
f 924//924 917//917 921//921
f 893//893 919//919 918//918
f 919//919 890//890 906//906
f 918//918 906//906 889//889
f 919//919 906//906 918//918
f 890//890 905//905 910//910
f 905//905 884//884 907//907
f 910//910 907//907 891//891
f 905//905 907//907 910//910
f 886//886 912//912 898//898
f 912//912 892//892 913//913
f 898//898 913//913 887//887
f 912//912 913//913 898//898
f 886//886 898//898 896//896
f 898//898 887//887 897//897
f 896//896 897//897 885//885
f 898//898 897//897 896//896
f 886//886 896//896 903//903
f 896//896 885//885 902//902
f 903//903 902//902 889//889
f 896//896 902//902 903//903
f 886//886 903//903 908//908
f 903//903 889//889 909//909
f 908//908 909//909 891//891
f 903//903 909//909 908//908
f 886//886 908//908 912//912
f 908//908 891//891 915//915
f 912//912 915//915 892//892
f 908//908 915//915 912//912
f 887//887 913//913 901//901
f 913//913 892//892 914//914
f 901//901 914//914 888//888
f 913//913 914//914 901//901
f 885//885 897//897 921//921
f 897//897 887//887 922//922
f 921//921 922//922 894//894
f 897//897 922//922 921//921
f 889//889 902//902 918//918
f 902//902 885//885 917//917
f 918//918 917//917 893//893
f 902//902 917//917 918//918
f 891//891 909//909 910//910
f 909//909 889//889 906//906
f 910//910 906//906 890//890
f 909//909 906//906 910//910
f 892//892 915//915 911//911
f 915//915 891//891 907//907
f 911//911 907//907 884//884
f 915//915 907//907 911//911
f 925//925 962//962 941//941
f 962//962 936//936 965//965
f 941//941 965//965 930//930
f 962//962 965//965 941//941
f 925//925 941//941 937//937
f 941//941 930//930 942//942
f 937//937 942//942 926//926
f 941//941 942//942 937//937
f 925//925 937//937 946//946
f 937//937 926//926 947//947
f 946//946 947//947 932//932
f 937//937 947//947 946//946
f 925//925 946//946 958//958
f 946//946 932//932 961//961
f 958//958 961//961 935//935
f 946//946 961//961 958//958
f 925//925 958//958 962//962
f 958//958 935//935 966//966
f 962//962 966//966 936//936
f 958//958 966//966 962//962
f 926//926 942//942 953//953
f 942//942 930//930 956//956
f 953//953 956//956 934//934
f 942//942 956//956 953//953
f 930//930 965//965 943//943
f 965//965 936//936 964//964
f 943//943 964//964 929//929
f 965//965 964//964 943//943
f 936//936 966//966 963//963
f 966//966 935//935 959//959
f 963//963 959//959 927//927
f 966//966 959//959 963//963
f 935//935 961//961 960//960
f 961//961 932//932 948//948
f 960//960 948//948 931//931
f 961//961 948//948 960//960
f 932//932 947//947 952//952
f 947//947 926//926 949//949
f 952//952 949//949 933//933
f 947//947 949//949 952//952
f 928//928 954//954 940//940
f 954//954 934//934 955//955
f 940//940 955//955 929//929
f 954//954 955//955 940//940
f 928//928 940//940 938//938
f 940//940 929//929 939//939
f 938//938 939//939 927//927
f 940//940 939//939 938//938
f 928//928 938//938 945//945
f 938//938 927//927 944//944
f 945//945 944//944 931//931
f 938//938 944//944 945//945
f 928//928 945//945 950//950
f 945//945 931//931 951//951
f 950//950 951//951 933//933
f 945//945 951//951 950//950
f 928//928 950//950 954//954
f 950//950 933//933 957//957
f 954//954 957//957 934//934
f 950//950 957//957 954//954
f 929//929 955//955 943//943
f 955//955 934//934 956//956
f 943//943 956//956 930//930
f 955//955 956//956 943//943
f 927//927 939//939 963//963
f 939//939 929//929 964//964
f 963//963 964//964 936//936
f 939//939 964//964 963//963
f 931//931 944//944 960//960
f 944//944 927//927 959//959
f 960//960 959//959 935//935
f 944//944 959//959 960//960
f 933//933 951//951 952//952
f 951//951 931//931 948//948
f 952//952 948//948 932//932
f 951//951 948//948 952//952
f 934//934 957//957 953//953
f 957//957 933//933 949//949
f 953//953 949//949 926//926
f 957//957 949//949 953//953
f 967//967 1004//1004 983//983
f 1004//1004 978//978 1007//1007
f 983//983 1007//1007 972//972
f 1004//1004 1007//1007 983//983
f 967//967 983//983 979//979
f 983//983 972//972 984//984
f 979//979 984//984 968//968
f 983//983 984//984 979//979
f 967//967 979//979 988//988
f 979//979 968//968 989//989
f 988//988 989//989 974//974
f 979//979 989//989 988//988
f 967//967 988//988 1000//1000
f 988//988 974//974 1003//1003
f 1000//1000 1003//1003 977//977
f 988//988 1003//1003 1000//1000
f 967//967 1000//1000 1004//1004
f 1000//1000 977//977 1008//1008
f 1004//1004 1008//1008 978//978
f 1000//1000 1008//1008 1004//1004
f 968//968 984//984 995//995
f 984//984 972//972 998//998
f 995//995 998//998 976//976
f 984//984 998//998 995//995
f 972//972 1007//1007 985//985
f 1007//1007 978//978 1006//1006
f 985//985 1006//1006 971//971
f 1007//1007 1006//1006 985//985
f 978//978 1008//1008 1005//1005
f 1008//1008 977//977 1001//1001
f 1005//1005 1001//1001 969//969
f 1008//1008 1001//1001 1005//1005
f 977//977 1003//1003 1002//1002
f 1003//1003 974//974 990//990
f 1002//1002 990//990 973//973
f 1003//1003 990//990 1002//1002
f 974//974 989//989 994//994
f 989//989 968//968 991//991
f 994//994 991//991 975//975
f 989//989 991//991 994//994
f 970//970 996//996 982//982
f 996//996 976//976 997//997
f 982//982 997//997 971//971
f 996//996 997//997 982//982
f 970//970 982//982 980//980
f 982//982 971//971 981//981
f 980//980 981//981 969//969
f 982//982 981//981 980//980
f 970//970 980//980 987//987
f 980//980 969//969 986//986
f 987//987 986//986 973//973
f 980//980 986//986 987//987
f 970//970 987//987 992//992
f 987//987 973//973 993//993
f 992//992 993//993 975//975
f 987//987 993//993 992//992
f 970//970 992//992 996//996
f 992//992 975//975 999//999
f 996//996 999//999 976//976
f 992//992 999//999 996//996
f 971//971 997//997 985//985
f 997//997 976//976 998//998
f 985//985 998//998 972//972
f 997//997 998//998 985//985
f 969//969 981//981 1005//1005
f 981//981 971//971 1006//1006
f 1005//1005 1006//1006 978//978
f 981//981 1006//1006 1005//1005
f 973//973 986//986 1002//1002
f 986//986 969//969 1001//1001
f 1002//1002 1001//1001 977//977
f 986//986 1001//1001 1002//1002
f 975//975 993//993 994//994
f 993//993 973//973 990//990
f 994//994 990//990 974//974
f 993//993 990//990 994//994
f 976//976 999//999 995//995
f 999//999 975//975 991//991
f 995//995 991//991 968//968
f 999//999 991//991 995//995
f 1009//1009 1046//1046 1025//1025
f 1046//1046 1020//1020 1049//1049
f 1025//1025 1049//1049 1014//1014
f 1046//1046 1049//1049 1025//1025
f 1009//1009 1025//1025 1021//1021
f 1025//1025 1014//1014 1026//1026
f 1021//1021 1026//1026 1010//1010
f 1025//1025 1026//1026 1021//1021
f 1009//1009 1021//1021 1030//1030
f 1021//1021 1010//1010 1031//1031
f 1030//1030 1031//1031 1016//1016
f 1021//1021 1031//1031 1030//1030
f 1009//1009 1030//1030 1042//1042
f 1030//1030 1016//1016 1045//1045
f 1042//1042 1045//1045 1019//1019
f 1030//1030 1045//1045 1042//1042
f 1009//1009 1042//1042 1046//1046
f 1042//1042 1019//1019 1050//1050
f 1046//1046 1050//1050 1020//1020
f 1042//1042 1050//1050 1046//1046
f 1010//1010 1026//1026 1037//1037
f 1026//1026 1014//1014 1040//1040
f 1037//1037 1040//1040 1018//1018
f 1026//1026 1040//1040 1037//1037
f 1014//1014 1049//1049 1027//1027
f 1049//1049 1020//1020 1048//1048
f 1027//1027 1048//1048 1013//1013
f 1049//1049 1048//1048 1027//1027
f 1020//1020 1050//1050 1047//1047
f 1050//1050 1019//1019 1043//1043
f 1047//1047 1043//1043 1011//1011
f 1050//1050 1043//1043 1047//1047
f 1019//1019 1045//1045 1044//1044
f 1045//1045 1016//1016 1032//1032
f 1044//1044 1032//1032 1015//1015
f 1045//1045 1032//1032 1044//1044
f 1016//1016 1031//1031 1036//1036
f 1031//1031 1010//1010 1033//1033
f 1036//1036 1033//1033 1017//1017
f 1031//1031 1033//1033 1036//1036
f 1012//1012 1038//1038 1024//1024
f 1038//1038 1018//1018 1039//1039
f 1024//1024 1039//1039 1013//1013
f 1038//1038 1039//1039 1024//1024
f 1012//1012 1024//1024 1022//1022
f 1024//1024 1013//1013 1023//1023
f 1022//1022 1023//1023 1011//1011
f 1024//1024 1023//1023 1022//1022
f 1012//1012 1022//1022 1029//1029
f 1022//1022 1011//1011 1028//1028
f 1029//1029 1028//1028 1015//1015
f 1022//1022 1028//1028 1029//1029
f 1012//1012 1029//1029 1034//1034
f 1029//1029 1015//1015 1035//1035
f 1034//1034 1035//1035 1017//1017
f 1029//1029 1035//1035 1034//1034
f 1012//1012 1034//1034 1038//1038
f 1034//1034 1017//1017 1041//1041
f 1038//1038 1041//1041 1018//1018
f 1034//1034 1041//1041 1038//1038
f 1013//1013 1039//1039 1027//1027
f 1039//1039 1018//1018 1040//1040
f 1027//1027 1040//1040 1014//1014
f 1039//1039 1040//1040 1027//1027
f 1011//1011 1023//1023 1047//1047
f 1023//1023 1013//1013 1048//1048
f 1047//1047 1048//1048 1020//1020
f 1023//1023 1048//1048 1047//1047
f 1015//1015 1028//1028 1044//1044
f 1028//1028 1011//1011 1043//1043
f 1044//1044 1043//1043 1019//1019
f 1028//1028 1043//1043 1044//1044
f 1017//1017 1035//1035 1036//1036
f 1035//1035 1015//1015 1032//1032
f 1036//1036 1032//1032 1016//1016
f 1035//1035 1032//1032 1036//1036
f 1018//1018 1041//1041 1037//1037
f 1041//1041 1017//1017 1033//1033
f 1037//1037 1033//1033 1010//1010
f 1041//1041 1033//1033 1037//1037
f 1051//1051 1088//1088 1067//1067
f 1088//1088 1062//1062 1091//1091
f 1067//1067 1091//1091 1056//1056
f 1088//1088 1091//1091 1067//1067
f 1051//1051 1067//1067 1063//1063
f 1067//1067 1056//1056 1068//1068
f 1063//1063 1068//1068 1052//1052
f 1067//1067 1068//1068 1063//1063
f 1051//1051 1063//1063 1072//1072
f 1063//1063 1052//1052 1073//1073
f 1072//1072 1073//1073 1058//1058
f 1063//1063 1073//1073 1072//1072
f 1051//1051 1072//1072 1084//1084
f 1072//1072 1058//1058 1087//1087
f 1084//1084 1087//1087 1061//1061
f 1072//1072 1087//1087 1084//1084
f 1051//1051 1084//1084 1088//1088
f 1084//1084 1061//1061 1092//1092
f 1088//1088 1092//1092 1062//1062
f 1084//1084 1092//1092 1088//1088
f 1052//1052 1068//1068 1079//1079
f 1068//1068 1056//1056 1082//1082
f 1079//1079 1082//1082 1060//1060
f 1068//1068 1082//1082 1079//1079
f 1056//1056 1091//1091 1069//1069
f 1091//1091 1062//1062 1090//1090
f 1069//1069 1090//1090 1055//1055
f 1091//1091 1090//1090 1069//1069
f 1062//1062 1092//1092 1089//1089
f 1092//1092 1061//1061 1085//1085
f 1089//1089 1085//1085 1053//1053
f 1092//1092 1085//1085 1089//1089
f 1061//1061 1087//1087 1086//1086
f 1087//1087 1058//1058 1074//1074
f 1086//1086 1074//1074 1057//1057
f 1087//1087 1074//1074 1086//1086
f 1058//1058 1073//1073 1078//1078
f 1073//1073 1052//1052 1075//1075
f 1078//1078 1075//1075 1059//1059
f 1073//1073 1075//1075 1078//1078
f 1054//1054 1080//1080 1066//1066
f 1080//1080 1060//1060 1081//1081
f 1066//1066 1081//1081 1055//1055
f 1080//1080 1081//1081 1066//1066
f 1054//1054 1066//1066 1064//1064
f 1066//1066 1055//1055 1065//1065
f 1064//1064 1065//1065 1053//1053
f 1066//1066 1065//1065 1064//1064
f 1054//1054 1064//1064 1071//1071
f 1064//1064 1053//1053 1070//1070
f 1071//1071 1070//1070 1057//1057
f 1064//1064 1070//1070 1071//1071
f 1054//1054 1071//1071 1076//1076
f 1071//1071 1057//1057 1077//1077
f 1076//1076 1077//1077 1059//1059
f 1071//1071 1077//1077 1076//1076
f 1054//1054 1076//1076 1080//1080
f 1076//1076 1059//1059 1083//1083
f 1080//1080 1083//1083 1060//1060
f 1076//1076 1083//1083 1080//1080
f 1055//1055 1081//1081 1069//1069
f 1081//1081 1060//1060 1082//1082
f 1069//1069 1082//1082 1056//1056
f 1081//1081 1082//1082 1069//1069
f 1053//1053 1065//1065 1089//1089
f 1065//1065 1055//1055 1090//1090
f 1089//1089 1090//1090 1062//1062
f 1065//1065 1090//1090 1089//1089
f 1057//1057 1070//1070 1086//1086
f 1070//1070 1053//1053 1085//1085
f 1086//1086 1085//1085 1061//1061
f 1070//1070 1085//1085 1086//1086
f 1059//1059 1077//1077 1078//1078
f 1077//1077 1057//1057 1074//1074
f 1078//1078 1074//1074 1058//1058
f 1077//1077 1074//1074 1078//1078
f 1060//1060 1083//1083 1079//1079
f 1083//1083 1059//1059 1075//1075
f 1079//1079 1075//1075 1052//1052
f 1083//1083 1075//1075 1079//1079
f 1093//1093 1130//1130 1109//1109
f 1130//1130 1104//1104 1133//1133
f 1109//1109 1133//1133 1098//1098
f 1130//1130 1133//1133 1109//1109
f 1093//1093 1109//1109 1105//1105
f 1109//1109 1098//1098 1110//1110
f 1105//1105 1110//1110 1094//1094
f 1109//1109 1110//1110 1105//1105
f 1093//1093 1105//1105 1114//1114
f 1105//1105 1094//1094 1115//1115
f 1114//1114 1115//1115 1100//1100
f 1105//1105 1115//1115 1114//1114
f 1093//1093 1114//1114 1126//1126
f 1114//1114 1100//1100 1129//1129
f 1126//1126 1129//1129 1103//1103
f 1114//1114 1129//1129 1126//1126
f 1093//1093 1126//1126 1130//1130
f 1126//1126 1103//1103 1134//1134
f 1130//1130 1134//1134 1104//1104
f 1126//1126 1134//1134 1130//1130
f 1094//1094 1110//1110 1121//1121
f 1110//1110 1098//1098 1124//1124
f 1121//1121 1124//1124 1102//1102
f 1110//1110 1124//1124 1121//1121
f 1098//1098 1133//1133 1111//1111
f 1133//1133 1104//1104 1132//1132
f 1111//1111 1132//1132 1097//1097
f 1133//1133 1132//1132 1111//1111
f 1104//1104 1134//1134 1131//1131
f 1134//1134 1103//1103 1127//1127
f 1131//1131 1127//1127 1095//1095
f 1134//1134 1127//1127 1131//1131
f 1103//1103 1129//1129 1128//1128
f 1129//1129 1100//1100 1116//1116
f 1128//1128 1116//1116 1099//1099
f 1129//1129 1116//1116 1128//1128
f 1100//1100 1115//1115 1120//1120
f 1115//1115 1094//1094 1117//1117
f 1120//1120 1117//1117 1101//1101
f 1115//1115 1117//1117 1120//1120
f 1096//1096 1122//1122 1108//1108
f 1122//1122 1102//1102 1123//1123
f 1108//1108 1123//1123 1097//1097
f 1122//1122 1123//1123 1108//1108
f 1096//1096 1108//1108 1106//1106
f 1108//1108 1097//1097 1107//1107
f 1106//1106 1107//1107 1095//1095
f 1108//1108 1107//1107 1106//1106
f 1096//1096 1106//1106 1113//1113
f 1106//1106 1095//1095 1112//1112
f 1113//1113 1112//1112 1099//1099
f 1106//1106 1112//1112 1113//1113
f 1096//1096 1113//1113 1118//1118
f 1113//1113 1099//1099 1119//1119
f 1118//1118 1119//1119 1101//1101
f 1113//1113 1119//1119 1118//1118
f 1096//1096 1118//1118 1122//1122
f 1118//1118 1101//1101 1125//1125
f 1122//1122 1125//1125 1102//1102
f 1118//1118 1125//1125 1122//1122
f 1097//1097 1123//1123 1111//1111
f 1123//1123 1102//1102 1124//1124
f 1111//1111 1124//1124 1098//1098
f 1123//1123 1124//1124 1111//1111
f 1095//1095 1107//1107 1131//1131
f 1107//1107 1097//1097 1132//1132
f 1131//1131 1132//1132 1104//1104
f 1107//1107 1132//1132 1131//1131
f 1099//1099 1112//1112 1128//1128
f 1112//1112 1095//1095 1127//1127
f 1128//1128 1127//1127 1103//1103
f 1112//1112 1127//1127 1128//1128
f 1101//1101 1119//1119 1120//1120
f 1119//1119 1099//1099 1116//1116
f 1120//1120 1116//1116 1100//1100
f 1119//1119 1116//1116 1120//1120
f 1102//1102 1125//1125 1121//1121
f 1125//1125 1101//1101 1117//1117
f 1121//1121 1117//1117 1094//1094
f 1125//1125 1117//1117 1121//1121
f 1135//1135 1172//1172 1151//1151
f 1172//1172 1146//1146 1175//1175
f 1151//1151 1175//1175 1140//1140
f 1172//1172 1175//1175 1151//1151
f 1135//1135 1151//1151 1147//1147
f 1151//1151 1140//1140 1152//1152
f 1147//1147 1152//1152 1136//1136
f 1151//1151 1152//1152 1147//1147
f 1135//1135 1147//1147 1156//1156
f 1147//1147 1136//1136 1157//1157
f 1156//1156 1157//1157 1142//1142
f 1147//1147 1157//1157 1156//1156
f 1135//1135 1156//1156 1168//1168
f 1156//1156 1142//1142 1171//1171
f 1168//1168 1171//1171 1145//1145
f 1156//1156 1171//1171 1168//1168
f 1135//1135 1168//1168 1172//1172
f 1168//1168 1145//1145 1176//1176
f 1172//1172 1176//1176 1146//1146
f 1168//1168 1176//1176 1172//1172
f 1136//1136 1152//1152 1163//1163
f 1152//1152 1140//1140 1166//1166
f 1163//1163 1166//1166 1144//1144
f 1152//1152 1166//1166 1163//1163
f 1140//1140 1175//1175 1153//1153
f 1175//1175 1146//1146 1174//1174
f 1153//1153 1174//1174 1139//1139
f 1175//1175 1174//1174 1153//1153
f 1146//1146 1176//1176 1173//1173
f 1176//1176 1145//1145 1169//1169
f 1173//1173 1169//1169 1137//1137
f 1176//1176 1169//1169 1173//1173
f 1145//1145 1171//1171 1170//1170
f 1171//1171 1142//1142 1158//1158
f 1170//1170 1158//1158 1141//1141
f 1171//1171 1158//1158 1170//1170
f 1142//1142 1157//1157 1162//1162
f 1157//1157 1136//1136 1159//1159
f 1162//1162 1159//1159 1143//1143
f 1157//1157 1159//1159 1162//1162
f 1138//1138 1164//1164 1150//1150
f 1164//1164 1144//1144 1165//1165
f 1150//1150 1165//1165 1139//1139
f 1164//1164 1165//1165 1150//1150
f 1138//1138 1150//1150 1148//1148
f 1150//1150 1139//1139 1149//1149
f 1148//1148 1149//1149 1137//1137
f 1150//1150 1149//1149 1148//1148
f 1138//1138 1148//1148 1155//1155
f 1148//1148 1137//1137 1154//1154
f 1155//1155 1154//1154 1141//1141
f 1148//1148 1154//1154 1155//1155
f 1138//1138 1155//1155 1160//1160
f 1155//1155 1141//1141 1161//1161
f 1160//1160 1161//1161 1143//1143
f 1155//1155 1161//1161 1160//1160
f 1138//1138 1160//1160 1164//1164
f 1160//1160 1143//1143 1167//1167
f 1164//1164 1167//1167 1144//1144
f 1160//1160 1167//1167 1164//1164
f 1139//1139 1165//1165 1153//1153
f 1165//1165 1144//1144 1166//1166
f 1153//1153 1166//1166 1140//1140
f 1165//1165 1166//1166 1153//1153
f 1137//1137 1149//1149 1173//1173
f 1149//1149 1139//1139 1174//1174
f 1173//1173 1174//1174 1146//1146
f 1149//1149 1174//1174 1173//1173
f 1141//1141 1154//1154 1170//1170
f 1154//1154 1137//1137 1169//1169
f 1170//1170 1169//1169 1145//1145
f 1154//1154 1169//1169 1170//1170
f 1143//1143 1161//1161 1162//1162
f 1161//1161 1141//1141 1158//1158
f 1162//1162 1158//1158 1142//1142
f 1161//1161 1158//1158 1162//1162
f 1144//1144 1167//1167 1163//1163
f 1167//1167 1143//1143 1159//1159
f 1163//1163 1159//1159 1136//1136
f 1167//1167 1159//1159 1163//1163
f 1177//1177 1214//1214 1193//1193
f 1214//1214 1188//1188 1217//1217
f 1193//1193 1217//1217 1182//1182
f 1214//1214 1217//1217 1193//1193
f 1177//1177 1193//1193 1189//1189
f 1193//1193 1182//1182 1194//1194
f 1189//1189 1194//1194 1178//1178
f 1193//1193 1194//1194 1189//1189
f 1177//1177 1189//1189 1198//1198
f 1189//1189 1178//1178 1199//1199
f 1198//1198 1199//1199 1184//1184
f 1189//1189 1199//1199 1198//1198
f 1177//1177 1198//1198 1210//1210
f 1198//1198 1184//1184 1213//1213
f 1210//1210 1213//1213 1187//1187
f 1198//1198 1213//1213 1210//1210
f 1177//1177 1210//1210 1214//1214
f 1210//1210 1187//1187 1218//1218
f 1214//1214 1218//1218 1188//1188
f 1210//1210 1218//1218 1214//1214
f 1178//1178 1194//1194 1205//1205
f 1194//1194 1182//1182 1208//1208
f 1205//1205 1208//1208 1186//1186
f 1194//1194 1208//1208 1205//1205
f 1182//1182 1217//1217 1195//1195
f 1217//1217 1188//1188 1216//1216
f 1195//1195 1216//1216 1181//1181
f 1217//1217 1216//1216 1195//1195
f 1188//1188 1218//1218 1215//1215
f 1218//1218 1187//1187 1211//1211
f 1215//1215 1211//1211 1179//1179
f 1218//1218 1211//1211 1215//1215
f 1187//1187 1213//1213 1212//1212
f 1213//1213 1184//1184 1200//1200
f 1212//1212 1200//1200 1183//1183
f 1213//1213 1200//1200 1212//1212
f 1184//1184 1199//1199 1204//1204
f 1199//1199 1178//1178 1201//1201
f 1204//1204 1201//1201 1185//1185
f 1199//1199 1201//1201 1204//1204
f 1180//1180 1206//1206 1192//1192
f 1206//1206 1186//1186 1207//1207
f 1192//1192 1207//1207 1181//1181
f 1206//1206 1207//1207 1192//1192
f 1180//1180 1192//1192 1190//1190
f 1192//1192 1181//1181 1191//1191
f 1190//1190 1191//1191 1179//1179
f 1192//1192 1191//1191 1190//1190
f 1180//1180 1190//1190 1197//1197
f 1190//1190 1179//1179 1196//1196
f 1197//1197 1196//1196 1183//1183
f 1190//1190 1196//1196 1197//1197
f 1180//1180 1197//1197 1202//1202
f 1197//1197 1183//1183 1203//1203
f 1202//1202 1203//1203 1185//1185
f 1197//1197 1203//1203 1202//1202
f 1180//1180 1202//1202 1206//1206
f 1202//1202 1185//1185 1209//1209
f 1206//1206 1209//1209 1186//1186
f 1202//1202 1209//1209 1206//1206
f 1181//1181 1207//1207 1195//1195
f 1207//1207 1186//1186 1208//1208
f 1195//1195 1208//1208 1182//1182
f 1207//1207 1208//1208 1195//1195
f 1179//1179 1191//1191 1215//1215
f 1191//1191 1181//1181 1216//1216
f 1215//1215 1216//1216 1188//1188
f 1191//1191 1216//1216 1215//1215
f 1183//1183 1196//1196 1212//1212
f 1196//1196 1179//1179 1211//1211
f 1212//1212 1211//1211 1187//1187
f 1196//1196 1211//1211 1212//1212
f 1185//1185 1203//1203 1204//1204
f 1203//1203 1183//1183 1200//1200
f 1204//1204 1200//1200 1184//1184
f 1203//1203 1200//1200 1204//1204
f 1186//1186 1209//1209 1205//1205
f 1209//1209 1185//1185 1201//1201
f 1205//1205 1201//1201 1178//1178
f 1209//1209 1201//1201 1205//1205
f 1219//1219 1256//1256 1235//1235
f 1256//1256 1230//1230 1259//1259
f 1235//1235 1259//1259 1224//1224
f 1256//1256 1259//1259 1235//1235
f 1219//1219 1235//1235 1231//1231
f 1235//1235 1224//1224 1236//1236
f 1231//1231 1236//1236 1220//1220
f 1235//1235 1236//1236 1231//1231
f 1219//1219 1231//1231 1240//1240
f 1231//1231 1220//1220 1241//1241
f 1240//1240 1241//1241 1226//1226
f 1231//1231 1241//1241 1240//1240
f 1219//1219 1240//1240 1252//1252
f 1240//1240 1226//1226 1255//1255
f 1252//1252 1255//1255 1229//1229
f 1240//1240 1255//1255 1252//1252
f 1219//1219 1252//1252 1256//1256
f 1252//1252 1229//1229 1260//1260
f 1256//1256 1260//1260 1230//1230
f 1252//1252 1260//1260 1256//1256
f 1220//1220 1236//1236 1247//1247
f 1236//1236 1224//1224 1250//1250
f 1247//1247 1250//1250 1228//1228
f 1236//1236 1250//1250 1247//1247
f 1224//1224 1259//1259 1237//1237
f 1259//1259 1230//1230 1258//1258
f 1237//1237 1258//1258 1223//1223
f 1259//1259 1258//1258 1237//1237
f 1230//1230 1260//1260 1257//1257
f 1260//1260 1229//1229 1253//1253
f 1257//1257 1253//1253 1221//1221
f 1260//1260 1253//1253 1257//1257
f 1229//1229 1255//1255 1254//1254
f 1255//1255 1226//1226 1242//1242
f 1254//1254 1242//1242 1225//1225
f 1255//1255 1242//1242 1254//1254
f 1226//1226 1241//1241 1246//1246
f 1241//1241 1220//1220 1243//1243
f 1246//1246 1243//1243 1227//1227
f 1241//1241 1243//1243 1246//1246
f 1222//1222 1248//1248 1234//1234
f 1248//1248 1228//1228 1249//1249
f 1234//1234 1249//1249 1223//1223
f 1248//1248 1249//1249 1234//1234
f 1222//1222 1234//1234 1232//1232
f 1234//1234 1223//1223 1233//1233
f 1232//1232 1233//1233 1221//1221
f 1234//1234 1233//1233 1232//1232
f 1222//1222 1232//1232 1239//1239
f 1232//1232 1221//1221 1238//1238
f 1239//1239 1238//1238 1225//1225
f 1232//1232 1238//1238 1239//1239
f 1222//1222 1239//1239 1244//1244
f 1239//1239 1225//1225 1245//1245
f 1244//1244 1245//1245 1227//1227
f 1239//1239 1245//1245 1244//1244
f 1222//1222 1244//1244 1248//1248
f 1244//1244 1227//1227 1251//1251
f 1248//1248 1251//1251 1228//1228
f 1244//1244 1251//1251 1248//1248
f 1223//1223 1249//1249 1237//1237
f 1249//1249 1228//1228 1250//1250
f 1237//1237 1250//1250 1224//1224
f 1249//1249 1250//1250 1237//1237
f 1221//1221 1233//1233 1257//1257
f 1233//1233 1223//1223 1258//1258
f 1257//1257 1258//1258 1230//1230
f 1233//1233 1258//1258 1257//1257
f 1225//1225 1238//1238 1254//1254
f 1238//1238 1221//1221 1253//1253
f 1254//1254 1253//1253 1229//1229
f 1238//1238 1253//1253 1254//1254
f 1227//1227 1245//1245 1246//1246
f 1245//1245 1225//1225 1242//1242
f 1246//1246 1242//1242 1226//1226
f 1245//1245 1242//1242 1246//1246
f 1228//1228 1251//1251 1247//1247
f 1251//1251 1227//1227 1243//1243
f 1247//1247 1243//1243 1220//1220
f 1251//1251 1243//1243 1247//1247
f 1261//1261 1298//1298 1277//1277
f 1298//1298 1272//1272 1301//1301
f 1277//1277 1301//1301 1266//1266
f 1298//1298 1301//1301 1277//1277
f 1261//1261 1277//1277 1273//1273
f 1277//1277 1266//1266 1278//1278
f 1273//1273 1278//1278 1262//1262
f 1277//1277 1278//1278 1273//1273
f 1261//1261 1273//1273 1282//1282
f 1273//1273 1262//1262 1283//1283
f 1282//1282 1283//1283 1268//1268
f 1273//1273 1283//1283 1282//1282
f 1261//1261 1282//1282 1294//1294
f 1282//1282 1268//1268 1297//1297
f 1294//1294 1297//1297 1271//1271
f 1282//1282 1297//1297 1294//1294
f 1261//1261 1294//1294 1298//1298
f 1294//1294 1271//1271 1302//1302
f 1298//1298 1302//1302 1272//1272
f 1294//1294 1302//1302 1298//1298
f 1262//1262 1278//1278 1289//1289
f 1278//1278 1266//1266 1292//1292
f 1289//1289 1292//1292 1270//1270
f 1278//1278 1292//1292 1289//1289
f 1266//1266 1301//1301 1279//1279
f 1301//1301 1272//1272 1300//1300
f 1279//1279 1300//1300 1265//1265
f 1301//1301 1300//1300 1279//1279
f 1272//1272 1302//1302 1299//1299
f 1302//1302 1271//1271 1295//1295
f 1299//1299 1295//1295 1263//1263
f 1302//1302 1295//1295 1299//1299
f 1271//1271 1297//1297 1296//1296
f 1297//1297 1268//1268 1284//1284
f 1296//1296 1284//1284 1267//1267
f 1297//1297 1284//1284 1296//1296
f 1268//1268 1283//1283 1288//1288
f 1283//1283 1262//1262 1285//1285
f 1288//1288 1285//1285 1269//1269
f 1283//1283 1285//1285 1288//1288
f 1264//1264 1290//1290 1276//1276
f 1290//1290 1270//1270 1291//1291
f 1276//1276 1291//1291 1265//1265
f 1290//1290 1291//1291 1276//1276
f 1264//1264 1276//1276 1274//1274
f 1276//1276 1265//1265 1275//1275
f 1274//1274 1275//1275 1263//1263
f 1276//1276 1275//1275 1274//1274
f 1264//1264 1274//1274 1281//1281
f 1274//1274 1263//1263 1280//1280
f 1281//1281 1280//1280 1267//1267
f 1274//1274 1280//1280 1281//1281
f 1264//1264 1281//1281 1286//1286
f 1281//1281 1267//1267 1287//1287
f 1286//1286 1287//1287 1269//1269
f 1281//1281 1287//1287 1286//1286
f 1264//1264 1286//1286 1290//1290
f 1286//1286 1269//1269 1293//1293
f 1290//1290 1293//1293 1270//1270
f 1286//1286 1293//1293 1290//1290
f 1265//1265 1291//1291 1279//1279
f 1291//1291 1270//1270 1292//1292
f 1279//1279 1292//1292 1266//1266
f 1291//1291 1292//1292 1279//1279
f 1263//1263 1275//1275 1299//1299
f 1275//1275 1265//1265 1300//1300
f 1299//1299 1300//1300 1272//1272
f 1275//1275 1300//1300 1299//1299
f 1267//1267 1280//1280 1296//1296
f 1280//1280 1263//1263 1295//1295
f 1296//1296 1295//1295 1271//1271
f 1280//1280 1295//1295 1296//1296
f 1269//1269 1287//1287 1288//1288
f 1287//1287 1267//1267 1284//1284
f 1288//1288 1284//1284 1268//1268
f 1287//1287 1284//1284 1288//1288
f 1270//1270 1293//1293 1289//1289
f 1293//1293 1269//1269 1285//1285
f 1289//1289 1285//1285 1262//1262
f 1293//1293 1285//1285 1289//1289
f 1303//1303 1340//1340 1319//1319
f 1340//1340 1314//1314 1343//1343
f 1319//1319 1343//1343 1308//1308
f 1340//1340 1343//1343 1319//1319
f 1303//1303 1319//1319 1315//1315
f 1319//1319 1308//1308 1320//1320
f 1315//1315 1320//1320 1304//1304
f 1319//1319 1320//1320 1315//1315
f 1303//1303 1315//1315 1324//1324
f 1315//1315 1304//1304 1325//1325
f 1324//1324 1325//1325 1310//1310
f 1315//1315 1325//1325 1324//1324
f 1303//1303 1324//1324 1336//1336
f 1324//1324 1310//1310 1339//1339
f 1336//1336 1339//1339 1313//1313
f 1324//1324 1339//1339 1336//1336
f 1303//1303 1336//1336 1340//1340
f 1336//1336 1313//1313 1344//1344
f 1340//1340 1344//1344 1314//1314
f 1336//1336 1344//1344 1340//1340
f 1304//1304 1320//1320 1331//1331
f 1320//1320 1308//1308 1334//1334
f 1331//1331 1334//1334 1312//1312
f 1320//1320 1334//1334 1331//1331
f 1308//1308 1343//1343 1321//1321
f 1343//1343 1314//1314 1342//1342
f 1321//1321 1342//1342 1307//1307
f 1343//1343 1342//1342 1321//1321
f 1314//1314 1344//1344 1341//1341
f 1344//1344 1313//1313 1337//1337
f 1341//1341 1337//1337 1305//1305
f 1344//1344 1337//1337 1341//1341
f 1313//1313 1339//1339 1338//1338
f 1339//1339 1310//1310 1326//1326
f 1338//1338 1326//1326 1309//1309
f 1339//1339 1326//1326 1338//1338
f 1310//1310 1325//1325 1330//1330
f 1325//1325 1304//1304 1327//1327
f 1330//1330 1327//1327 1311//1311
f 1325//1325 1327//1327 1330//1330
f 1306//1306 1332//1332 1318//1318
f 1332//1332 1312//1312 1333//1333
f 1318//1318 1333//1333 1307//1307
f 1332//1332 1333//1333 1318//1318
f 1306//1306 1318//1318 1316//1316
f 1318//1318 1307//1307 1317//1317
f 1316//1316 1317//1317 1305//1305
f 1318//1318 1317//1317 1316//1316
f 1306//1306 1316//1316 1323//1323
f 1316//1316 1305//1305 1322//1322
f 1323//1323 1322//1322 1309//1309
f 1316//1316 1322//1322 1323//1323
f 1306//1306 1323//1323 1328//1328
f 1323//1323 1309//1309 1329//1329
f 1328//1328 1329//1329 1311//1311
f 1323//1323 1329//1329 1328//1328
f 1306//1306 1328//1328 1332//1332
f 1328//1328 1311//1311 1335//1335
f 1332//1332 1335//1335 1312//1312
f 1328//1328 1335//1335 1332//1332
f 1307//1307 1333//1333 1321//1321
f 1333//1333 1312//1312 1334//1334
f 1321//1321 1334//1334 1308//1308
f 1333//1333 1334//1334 1321//1321
f 1305//1305 1317//1317 1341//1341
f 1317//1317 1307//1307 1342//1342
f 1341//1341 1342//1342 1314//1314
f 1317//1317 1342//1342 1341//1341
f 1309//1309 1322//1322 1338//1338
f 1322//1322 1305//1305 1337//1337
f 1338//1338 1337//1337 1313//1313
f 1322//1322 1337//1337 1338//1338
f 1311//1311 1329//1329 1330//1330
f 1329//1329 1309//1309 1326//1326
f 1330//1330 1326//1326 1310//1310
f 1329//1329 1326//1326 1330//1330
f 1312//1312 1335//1335 1331//1331
f 1335//1335 1311//1311 1327//1327
f 1331//1331 1327//1327 1304//1304
f 1335//1335 1327//1327 1331//1331
f 1345//1345 1382//1382 1361//1361
f 1382//1382 1356//1356 1385//1385
f 1361//1361 1385//1385 1350//1350
f 1382//1382 1385//1385 1361//1361
f 1345//1345 1361//1361 1357//1357
f 1361//1361 1350//1350 1362//1362
f 1357//1357 1362//1362 1346//1346
f 1361//1361 1362//1362 1357//1357
f 1345//1345 1357//1357 1366//1366
f 1357//1357 1346//1346 1367//1367
f 1366//1366 1367//1367 1352//1352
f 1357//1357 1367//1367 1366//1366
f 1345//1345 1366//1366 1378//1378
f 1366//1366 1352//1352 1381//1381
f 1378//1378 1381//1381 1355//1355
f 1366//1366 1381//1381 1378//1378
f 1345//1345 1378//1378 1382//1382
f 1378//1378 1355//1355 1386//1386
f 1382//1382 1386//1386 1356//1356
f 1378//1378 1386//1386 1382//1382
f 1346//1346 1362//1362 1373//1373
f 1362//1362 1350//1350 1376//1376
f 1373//1373 1376//1376 1354//1354
f 1362//1362 1376//1376 1373//1373
f 1350//1350 1385//1385 1363//1363
f 1385//1385 1356//1356 1384//1384
f 1363//1363 1384//1384 1349//1349
f 1385//1385 1384//1384 1363//1363
f 1356//1356 1386//1386 1383//1383
f 1386//1386 1355//1355 1379//1379
f 1383//1383 1379//1379 1347//1347
f 1386//1386 1379//1379 1383//1383
f 1355//1355 1381//1381 1380//1380
f 1381//1381 1352//1352 1368//1368
f 1380//1380 1368//1368 1351//1351
f 1381//1381 1368//1368 1380//1380
f 1352//1352 1367//1367 1372//1372
f 1367//1367 1346//1346 1369//1369
f 1372//1372 1369//1369 1353//1353
f 1367//1367 1369//1369 1372//1372
f 1348//1348 1374//1374 1360//1360
f 1374//1374 1354//1354 1375//1375
f 1360//1360 1375//1375 1349//1349
f 1374//1374 1375//1375 1360//1360
f 1348//1348 1360//1360 1358//1358
f 1360//1360 1349//1349 1359//1359
f 1358//1358 1359//1359 1347//1347
f 1360//1360 1359//1359 1358//1358
f 1348//1348 1358//1358 1365//1365
f 1358//1358 1347//1347 1364//1364
f 1365//1365 1364//1364 1351//1351
f 1358//1358 1364//1364 1365//1365
f 1348//1348 1365//1365 1370//1370
f 1365//1365 1351//1351 1371//1371
f 1370//1370 1371//1371 1353//1353
f 1365//1365 1371//1371 1370//1370
f 1348//1348 1370//1370 1374//1374
f 1370//1370 1353//1353 1377//1377
f 1374//1374 1377//1377 1354//1354
f 1370//1370 1377//1377 1374//1374
f 1349//1349 1375//1375 1363//1363
f 1375//1375 1354//1354 1376//1376
f 1363//1363 1376//1376 1350//1350
f 1375//1375 1376//1376 1363//1363
f 1347//1347 1359//1359 1383//1383
f 1359//1359 1349//1349 1384//1384
f 1383//1383 1384//1384 1356//1356
f 1359//1359 1384//1384 1383//1383
f 1351//1351 1364//1364 1380//1380
f 1364//1364 1347//1347 1379//1379
f 1380//1380 1379//1379 1355//1355
f 1364//1364 1379//1379 1380//1380
f 1353//1353 1371//1371 1372//1372
f 1371//1371 1351//1351 1368//1368
f 1372//1372 1368//1368 1352//1352
f 1371//1371 1368//1368 1372//1372
f 1354//1354 1377//1377 1373//1373
f 1377//1377 1353//1353 1369//1369
f 1373//1373 1369//1369 1346//1346
f 1377//1377 1369//1369 1373//1373
f 1387//1387 1424//1424 1403//1403
f 1424//1424 1398//1398 1427//1427
f 1403//1403 1427//1427 1392//1392
f 1424//1424 1427//1427 1403//1403
f 1387//1387 1403//1403 1399//1399
f 1403//1403 1392//1392 1404//1404
f 1399//1399 1404//1404 1388//1388
f 1403//1403 1404//1404 1399//1399
f 1387//1387 1399//1399 1408//1408
f 1399//1399 1388//1388 1409//1409
f 1408//1408 1409//1409 1394//1394
f 1399//1399 1409//1409 1408//1408
f 1387//1387 1408//1408 1420//1420
f 1408//1408 1394//1394 1423//1423
f 1420//1420 1423//1423 1397//1397
f 1408//1408 1423//1423 1420//1420
f 1387//1387 1420//1420 1424//1424
f 1420//1420 1397//1397 1428//1428
f 1424//1424 1428//1428 1398//1398
f 1420//1420 1428//1428 1424//1424
f 1388//1388 1404//1404 1415//1415
f 1404//1404 1392//1392 1418//1418
f 1415//1415 1418//1418 1396//1396
f 1404//1404 1418//1418 1415//1415
f 1392//1392 1427//1427 1405//1405
f 1427//1427 1398//1398 1426//1426
f 1405//1405 1426//1426 1391//1391
f 1427//1427 1426//1426 1405//1405
f 1398//1398 1428//1428 1425//1425
f 1428//1428 1397//1397 1421//1421
f 1425//1425 1421//1421 1389//1389
f 1428//1428 1421//1421 1425//1425
f 1397//1397 1423//1423 1422//1422
f 1423//1423 1394//1394 1410//1410
f 1422//1422 1410//1410 1393//1393
f 1423//1423 1410//1410 1422//1422
f 1394//1394 1409//1409 1414//1414
f 1409//1409 1388//1388 1411//1411
f 1414//1414 1411//1411 1395//1395
f 1409//1409 1411//1411 1414//1414
f 1390//1390 1416//1416 1402//1402
f 1416//1416 1396//1396 1417//1417
f 1402//1402 1417//1417 1391//1391
f 1416//1416 1417//1417 1402//1402
f 1390//1390 1402//1402 1400//1400
f 1402//1402 1391//1391 1401//1401
f 1400//1400 1401//1401 1389//1389
f 1402//1402 1401//1401 1400//1400
f 1390//1390 1400//1400 1407//1407
f 1400//1400 1389//1389 1406//1406
f 1407//1407 1406//1406 1393//1393
f 1400//1400 1406//1406 1407//1407
f 1390//1390 1407//1407 1412//1412
f 1407//1407 1393//1393 1413//1413
f 1412//1412 1413//1413 1395//1395
f 1407//1407 1413//1413 1412//1412
f 1390//1390 1412//1412 1416//1416
f 1412//1412 1395//1395 1419//1419
f 1416//1416 1419//1419 1396//1396
f 1412//1412 1419//1419 1416//1416
f 1391//1391 1417//1417 1405//1405
f 1417//1417 1396//1396 1418//1418
f 1405//1405 1418//1418 1392//1392
f 1417//1417 1418//1418 1405//1405
f 1389//1389 1401//1401 1425//1425
f 1401//1401 1391//1391 1426//1426
f 1425//1425 1426//1426 1398//1398
f 1401//1401 1426//1426 1425//1425
f 1393//1393 1406//1406 1422//1422
f 1406//1406 1389//1389 1421//1421
f 1422//1422 1421//1421 1397//1397
f 1406//1406 1421//1421 1422//1422
f 1395//1395 1413//1413 1414//1414
f 1413//1413 1393//1393 1410//1410
f 1414//1414 1410//1410 1394//1394
f 1413//1413 1410//1410 1414//1414
f 1396//1396 1419//1419 1415//1415
f 1419//1419 1395//1395 1411//1411
f 1415//1415 1411//1411 1388//1388
f 1419//1419 1411//1411 1415//1415
f 1429//1429 1466//1466 1445//1445
f 1466//1466 1440//1440 1469//1469
f 1445//1445 1469//1469 1434//1434
f 1466//1466 1469//1469 1445//1445
f 1429//1429 1445//1445 1441//1441
f 1445//1445 1434//1434 1446//1446
f 1441//1441 1446//1446 1430//1430
f 1445//1445 1446//1446 1441//1441
f 1429//1429 1441//1441 1450//1450
f 1441//1441 1430//1430 1451//1451
f 1450//1450 1451//1451 1436//1436
f 1441//1441 1451//1451 1450//1450
f 1429//1429 1450//1450 1462//1462
f 1450//1450 1436//1436 1465//1465
f 1462//1462 1465//1465 1439//1439
f 1450//1450 1465//1465 1462//1462
f 1429//1429 1462//1462 1466//1466
f 1462//1462 1439//1439 1470//1470
f 1466//1466 1470//1470 1440//1440
f 1462//1462 1470//1470 1466//1466
f 1430//1430 1446//1446 1457//1457
f 1446//1446 1434//1434 1460//1460
f 1457//1457 1460//1460 1438//1438
f 1446//1446 1460//1460 1457//1457
f 1434//1434 1469//1469 1447//1447
f 1469//1469 1440//1440 1468//1468
f 1447//1447 1468//1468 1433//1433
f 1469//1469 1468//1468 1447//1447
f 1440//1440 1470//1470 1467//1467
f 1470//1470 1439//1439 1463//1463
f 1467//1467 1463//1463 1431//1431
f 1470//1470 1463//1463 1467//1467
f 1439//1439 1465//1465 1464//1464
f 1465//1465 1436//1436 1452//1452
f 1464//1464 1452//1452 1435//1435
f 1465//1465 1452//1452 1464//1464
f 1436//1436 1451//1451 1456//1456
f 1451//1451 1430//1430 1453//1453
f 1456//1456 1453//1453 1437//1437
f 1451//1451 1453//1453 1456//1456
f 1432//1432 1458//1458 1444//1444
f 1458//1458 1438//1438 1459//1459
f 1444//1444 1459//1459 1433//1433
f 1458//1458 1459//1459 1444//1444
f 1432//1432 1444//1444 1442//1442
f 1444//1444 1433//1433 1443//1443
f 1442//1442 1443//1443 1431//1431
f 1444//1444 1443//1443 1442//1442
f 1432//1432 1442//1442 1449//1449
f 1442//1442 1431//1431 1448//1448
f 1449//1449 1448//1448 1435//1435
f 1442//1442 1448//1448 1449//1449
f 1432//1432 1449//1449 1454//1454
f 1449//1449 1435//1435 1455//1455
f 1454//1454 1455//1455 1437//1437
f 1449//1449 1455//1455 1454//1454
f 1432//1432 1454//1454 1458//1458
f 1454//1454 1437//1437 1461//1461
f 1458//1458 1461//1461 1438//1438
f 1454//1454 1461//1461 1458//1458
f 1433//1433 1459//1459 1447//1447
f 1459//1459 1438//1438 1460//1460
f 1447//1447 1460//1460 1434//1434
f 1459//1459 1460//1460 1447//1447
f 1431//1431 1443//1443 1467//1467
f 1443//1443 1433//1433 1468//1468
f 1467//1467 1468//1468 1440//1440
f 1443//1443 1468//1468 1467//1467
f 1435//1435 1448//1448 1464//1464
f 1448//1448 1431//1431 1463//1463
f 1464//1464 1463//1463 1439//1439
f 1448//1448 1463//1463 1464//1464
f 1437//1437 1455//1455 1456//1456
f 1455//1455 1435//1435 1452//1452
f 1456//1456 1452//1452 1436//1436
f 1455//1455 1452//1452 1456//1456
f 1438//1438 1461//1461 1457//1457
f 1461//1461 1437//1437 1453//1453
f 1457//1457 1453//1453 1430//1430
f 1461//1461 1453//1453 1457//1457
f 1471//1471 1508//1508 1487//1487
f 1508//1508 1482//1482 1511//1511
f 1487//1487 1511//1511 1476//1476
f 1508//1508 1511//1511 1487//1487
f 1471//1471 1487//1487 1483//1483
f 1487//1487 1476//1476 1488//1488
f 1483//1483 1488//1488 1472//1472
f 1487//1487 1488//1488 1483//1483
f 1471//1471 1483//1483 1492//1492
f 1483//1483 1472//1472 1493//1493
f 1492//1492 1493//1493 1478//1478
f 1483//1483 1493//1493 1492//1492
f 1471//1471 1492//1492 1504//1504
f 1492//1492 1478//1478 1507//1507
f 1504//1504 1507//1507 1481//1481
f 1492//1492 1507//1507 1504//1504
f 1471//1471 1504//1504 1508//1508
f 1504//1504 1481//1481 1512//1512
f 1508//1508 1512//1512 1482//1482
f 1504//1504 1512//1512 1508//1508
f 1472//1472 1488//1488 1499//1499
f 1488//1488 1476//1476 1502//1502
f 1499//1499 1502//1502 1480//1480
f 1488//1488 1502//1502 1499//1499
f 1476//1476 1511//1511 1489//1489
f 1511//1511 1482//1482 1510//1510
f 1489//1489 1510//1510 1475//1475
f 1511//1511 1510//1510 1489//1489
f 1482//1482 1512//1512 1509//1509
f 1512//1512 1481//1481 1505//1505
f 1509//1509 1505//1505 1473//1473
f 1512//1512 1505//1505 1509//1509
f 1481//1481 1507//1507 1506//1506
f 1507//1507 1478//1478 1494//1494
f 1506//1506 1494//1494 1477//1477
f 1507//1507 1494//1494 1506//1506
f 1478//1478 1493//1493 1498//1498
f 1493//1493 1472//1472 1495//1495
f 1498//1498 1495//1495 1479//1479
f 1493//1493 1495//1495 1498//1498
f 1474//1474 1500//1500 1486//1486
f 1500//1500 1480//1480 1501//1501
f 1486//1486 1501//1501 1475//1475
f 1500//1500 1501//1501 1486//1486
f 1474//1474 1486//1486 1484//1484
f 1486//1486 1475//1475 1485//1485
f 1484//1484 1485//1485 1473//1473
f 1486//1486 1485//1485 1484//1484
f 1474//1474 1484//1484 1491//1491
f 1484//1484 1473//1473 1490//1490
f 1491//1491 1490//1490 1477//1477
f 1484//1484 1490//1490 1491//1491
f 1474//1474 1491//1491 1496//1496
f 1491//1491 1477//1477 1497//1497
f 1496//1496 1497//1497 1479//1479
f 1491//1491 1497//1497 1496//1496
f 1474//1474 1496//1496 1500//1500
f 1496//1496 1479//1479 1503//1503
f 1500//1500 1503//1503 1480//1480
f 1496//1496 1503//1503 1500//1500
f 1475//1475 1501//1501 1489//1489
f 1501//1501 1480//1480 1502//1502
f 1489//1489 1502//1502 1476//1476
f 1501//1501 1502//1502 1489//1489
f 1473//1473 1485//1485 1509//1509
f 1485//1485 1475//1475 1510//1510
f 1509//1509 1510//1510 1482//1482
f 1485//1485 1510//1510 1509//1509
f 1477//1477 1490//1490 1506//1506
f 1490//1490 1473//1473 1505//1505
f 1506//1506 1505//1505 1481//1481
f 1490//1490 1505//1505 1506//1506
f 1479//1479 1497//1497 1498//1498
f 1497//1497 1477//1477 1494//1494
f 1498//1498 1494//1494 1478//1478
f 1497//1497 1494//1494 1498//1498
f 1480//1480 1503//1503 1499//1499
f 1503//1503 1479//1479 1495//1495
f 1499//1499 1495//1495 1472//1472
f 1503//1503 1495//1495 1499//1499
f 1513//1513 1550//1550 1529//1529
f 1550//1550 1524//1524 1553//1553
f 1529//1529 1553//1553 1518//1518
f 1550//1550 1553//1553 1529//1529
f 1513//1513 1529//1529 1525//1525
f 1529//1529 1518//1518 1530//1530
f 1525//1525 1530//1530 1514//1514
f 1529//1529 1530//1530 1525//1525
f 1513//1513 1525//1525 1534//1534
f 1525//1525 1514//1514 1535//1535
f 1534//1534 1535//1535 1520//1520
f 1525//1525 1535//1535 1534//1534
f 1513//1513 1534//1534 1546//1546
f 1534//1534 1520//1520 1549//1549
f 1546//1546 1549//1549 1523//1523
f 1534//1534 1549//1549 1546//1546
f 1513//1513 1546//1546 1550//1550
f 1546//1546 1523//1523 1554//1554
f 1550//1550 1554//1554 1524//1524
f 1546//1546 1554//1554 1550//1550
f 1514//1514 1530//1530 1541//1541
f 1530//1530 1518//1518 1544//1544
f 1541//1541 1544//1544 1522//1522
f 1530//1530 1544//1544 1541//1541
f 1518//1518 1553//1553 1531//1531
f 1553//1553 1524//1524 1552//1552
f 1531//1531 1552//1552 1517//1517
f 1553//1553 1552//1552 1531//1531
f 1524//1524 1554//1554 1551//1551
f 1554//1554 1523//1523 1547//1547
f 1551//1551 1547//1547 1515//1515
f 1554//1554 1547//1547 1551//1551
f 1523//1523 1549//1549 1548//1548
f 1549//1549 1520//1520 1536//1536
f 1548//1548 1536//1536 1519//1519
f 1549//1549 1536//1536 1548//1548
f 1520//1520 1535//1535 1540//1540
f 1535//1535 1514//1514 1537//1537
f 1540//1540 1537//1537 1521//1521
f 1535//1535 1537//1537 1540//1540
f 1516//1516 1542//1542 1528//1528
f 1542//1542 1522//1522 1543//1543
f 1528//1528 1543//1543 1517//1517
f 1542//1542 1543//1543 1528//1528
f 1516//1516 1528//1528 1526//1526
f 1528//1528 1517//1517 1527//1527
f 1526//1526 1527//1527 1515//1515
f 1528//1528 1527//1527 1526//1526
f 1516//1516 1526//1526 1533//1533
f 1526//1526 1515//1515 1532//1532
f 1533//1533 1532//1532 1519//1519
f 1526//1526 1532//1532 1533//1533
f 1516//1516 1533//1533 1538//1538
f 1533//1533 1519//1519 1539//1539
f 1538//1538 1539//1539 1521//1521
f 1533//1533 1539//1539 1538//1538
f 1516//1516 1538//1538 1542//1542
f 1538//1538 1521//1521 1545//1545
f 1542//1542 1545//1545 1522//1522
f 1538//1538 1545//1545 1542//1542
f 1517//1517 1543//1543 1531//1531
f 1543//1543 1522//1522 1544//1544
f 1531//1531 1544//1544 1518//1518
f 1543//1543 1544//1544 1531//1531
f 1515//1515 1527//1527 1551//1551
f 1527//1527 1517//1517 1552//1552
f 1551//1551 1552//1552 1524//1524
f 1527//1527 1552//1552 1551//1551
f 1519//1519 1532//1532 1548//1548
f 1532//1532 1515//1515 1547//1547
f 1548//1548 1547//1547 1523//1523
f 1532//1532 1547//1547 1548//1548
f 1521//1521 1539//1539 1540//1540
f 1539//1539 1519//1519 1536//1536
f 1540//1540 1536//1536 1520//1520
f 1539//1539 1536//1536 1540//1540
f 1522//1522 1545//1545 1541//1541
f 1545//1545 1521//1521 1537//1537
f 1541//1541 1537//1537 1514//1514
f 1545//1545 1537//1537 1541//1541
f 1555//1555 1592//1592 1571//1571
f 1592//1592 1566//1566 1595//1595
f 1571//1571 1595//1595 1560//1560
f 1592//1592 1595//1595 1571//1571
f 1555//1555 1571//1571 1567//1567
f 1571//1571 1560//1560 1572//1572
f 1567//1567 1572//1572 1556//1556
f 1571//1571 1572//1572 1567//1567
f 1555//1555 1567//1567 1576//1576
f 1567//1567 1556//1556 1577//1577
f 1576//1576 1577//1577 1562//1562
f 1567//1567 1577//1577 1576//1576
f 1555//1555 1576//1576 1588//1588
f 1576//1576 1562//1562 1591//1591
f 1588//1588 1591//1591 1565//1565
f 1576//1576 1591//1591 1588//1588
f 1555//1555 1588//1588 1592//1592
f 1588//1588 1565//1565 1596//1596
f 1592//1592 1596//1596 1566//1566
f 1588//1588 1596//1596 1592//1592
f 1556//1556 1572//1572 1583//1583
f 1572//1572 1560//1560 1586//1586
f 1583//1583 1586//1586 1564//1564
f 1572//1572 1586//1586 1583//1583
f 1560//1560 1595//1595 1573//1573
f 1595//1595 1566//1566 1594//1594
f 1573//1573 1594//1594 1559//1559
f 1595//1595 1594//1594 1573//1573
f 1566//1566 1596//1596 1593//1593
f 1596//1596 1565//1565 1589//1589
f 1593//1593 1589//1589 1557//1557
f 1596//1596 1589//1589 1593//1593
f 1565//1565 1591//1591 1590//1590
f 1591//1591 1562//1562 1578//1578
f 1590//1590 1578//1578 1561//1561
f 1591//1591 1578//1578 1590//1590
f 1562//1562 1577//1577 1582//1582
f 1577//1577 1556//1556 1579//1579
f 1582//1582 1579//1579 1563//1563
f 1577//1577 1579//1579 1582//1582
f 1558//1558 1584//1584 1570//1570
f 1584//1584 1564//1564 1585//1585
f 1570//1570 1585//1585 1559//1559
f 1584//1584 1585//1585 1570//1570
f 1558//1558 1570//1570 1568//1568
f 1570//1570 1559//1559 1569//1569
f 1568//1568 1569//1569 1557//1557
f 1570//1570 1569//1569 1568//1568
f 1558//1558 1568//1568 1575//1575
f 1568//1568 1557//1557 1574//1574
f 1575//1575 1574//1574 1561//1561
f 1568//1568 1574//1574 1575//1575
f 1558//1558 1575//1575 1580//1580
f 1575//1575 1561//1561 1581//1581
f 1580//1580 1581//1581 1563//1563
f 1575//1575 1581//1581 1580//1580
f 1558//1558 1580//1580 1584//1584
f 1580//1580 1563//1563 1587//1587
f 1584//1584 1587//1587 1564//1564
f 1580//1580 1587//1587 1584//1584
f 1559//1559 1585//1585 1573//1573
f 1585//1585 1564//1564 1586//1586
f 1573//1573 1586//1586 1560//1560
f 1585//1585 1586//1586 1573//1573
f 1557//1557 1569//1569 1593//1593
f 1569//1569 1559//1559 1594//1594
f 1593//1593 1594//1594 1566//1566
f 1569//1569 1594//1594 1593//1593
f 1561//1561 1574//1574 1590//1590
f 1574//1574 1557//1557 1589//1589
f 1590//1590 1589//1589 1565//1565
f 1574//1574 1589//1589 1590//1590
f 1563//1563 1581//1581 1582//1582
f 1581//1581 1561//1561 1578//1578
f 1582//1582 1578//1578 1562//1562
f 1581//1581 1578//1578 1582//1582
f 1564//1564 1587//1587 1583//1583
f 1587//1587 1563//1563 1579//1579
f 1583//1583 1579//1579 1556//1556
f 1587//1587 1579//1579 1583//1583
f 1597//1597 1634//1634 1613//1613
f 1634//1634 1608//1608 1637//1637
f 1613//1613 1637//1637 1602//1602
f 1634//1634 1637//1637 1613//1613
f 1597//1597 1613//1613 1609//1609
f 1613//1613 1602//1602 1614//1614
f 1609//1609 1614//1614 1598//1598
f 1613//1613 1614//1614 1609//1609
f 1597//1597 1609//1609 1618//1618
f 1609//1609 1598//1598 1619//1619
f 1618//1618 1619//1619 1604//1604
f 1609//1609 1619//1619 1618//1618
f 1597//1597 1618//1618 1630//1630
f 1618//1618 1604//1604 1633//1633
f 1630//1630 1633//1633 1607//1607
f 1618//1618 1633//1633 1630//1630
f 1597//1597 1630//1630 1634//1634
f 1630//1630 1607//1607 1638//1638
f 1634//1634 1638//1638 1608//1608
f 1630//1630 1638//1638 1634//1634
f 1598//1598 1614//1614 1625//1625
f 1614//1614 1602//1602 1628//1628
f 1625//1625 1628//1628 1606//1606
f 1614//1614 1628//1628 1625//1625
f 1602//1602 1637//1637 1615//1615
f 1637//1637 1608//1608 1636//1636
f 1615//1615 1636//1636 1601//1601
f 1637//1637 1636//1636 1615//1615
f 1608//1608 1638//1638 1635//1635
f 1638//1638 1607//1607 1631//1631
f 1635//1635 1631//1631 1599//1599
f 1638//1638 1631//1631 1635//1635
f 1607//1607 1633//1633 1632//1632
f 1633//1633 1604//1604 1620//1620
f 1632//1632 1620//1620 1603//1603
f 1633//1633 1620//1620 1632//1632
f 1604//1604 1619//1619 1624//1624
f 1619//1619 1598//1598 1621//1621
f 1624//1624 1621//1621 1605//1605
f 1619//1619 1621//1621 1624//1624
f 1600//1600 1626//1626 1612//1612
f 1626//1626 1606//1606 1627//1627
f 1612//1612 1627//1627 1601//1601
f 1626//1626 1627//1627 1612//1612
f 1600//1600 1612//1612 1610//1610
f 1612//1612 1601//1601 1611//1611
f 1610//1610 1611//1611 1599//1599
f 1612//1612 1611//1611 1610//1610
f 1600//1600 1610//1610 1617//1617
f 1610//1610 1599//1599 1616//1616
f 1617//1617 1616//1616 1603//1603
f 1610//1610 1616//1616 1617//1617
f 1600//1600 1617//1617 1622//1622
f 1617//1617 1603//1603 1623//1623
f 1622//1622 1623//1623 1605//1605
f 1617//1617 1623//1623 1622//1622
f 1600//1600 1622//1622 1626//1626
f 1622//1622 1605//1605 1629//1629
f 1626//1626 1629//1629 1606//1606
f 1622//1622 1629//1629 1626//1626
f 1601//1601 1627//1627 1615//1615
f 1627//1627 1606//1606 1628//1628
f 1615//1615 1628//1628 1602//1602
f 1627//1627 1628//1628 1615//1615
f 1599//1599 1611//1611 1635//1635
f 1611//1611 1601//1601 1636//1636
f 1635//1635 1636//1636 1608//1608
f 1611//1611 1636//1636 1635//1635
f 1603//1603 1616//1616 1632//1632
f 1616//1616 1599//1599 1631//1631
f 1632//1632 1631//1631 1607//1607
f 1616//1616 1631//1631 1632//1632
f 1605//1605 1623//1623 1624//1624
f 1623//1623 1603//1603 1620//1620
f 1624//1624 1620//1620 1604//1604
f 1623//1623 1620//1620 1624//1624
f 1606//1606 1629//1629 1625//1625
f 1629//1629 1605//1605 1621//1621
f 1625//1625 1621//1621 1598//1598
f 1629//1629 1621//1621 1625//1625
f 1639//1639 1676//1676 1655//1655
f 1676//1676 1650//1650 1679//1679
f 1655//1655 1679//1679 1644//1644
f 1676//1676 1679//1679 1655//1655
f 1639//1639 1655//1655 1651//1651
f 1655//1655 1644//1644 1656//1656
f 1651//1651 1656//1656 1640//1640
f 1655//1655 1656//1656 1651//1651
f 1639//1639 1651//1651 1660//1660
f 1651//1651 1640//1640 1661//1661
f 1660//1660 1661//1661 1646//1646
f 1651//1651 1661//1661 1660//1660
f 1639//1639 1660//1660 1672//1672
f 1660//1660 1646//1646 1675//1675
f 1672//1672 1675//1675 1649//1649
f 1660//1660 1675//1675 1672//1672
f 1639//1639 1672//1672 1676//1676
f 1672//1672 1649//1649 1680//1680
f 1676//1676 1680//1680 1650//1650
f 1672//1672 1680//1680 1676//1676
f 1640//1640 1656//1656 1667//1667
f 1656//1656 1644//1644 1670//1670
f 1667//1667 1670//1670 1648//1648
f 1656//1656 1670//1670 1667//1667
f 1644//1644 1679//1679 1657//1657
f 1679//1679 1650//1650 1678//1678
f 1657//1657 1678//1678 1643//1643
f 1679//1679 1678//1678 1657//1657
f 1650//1650 1680//1680 1677//1677
f 1680//1680 1649//1649 1673//1673
f 1677//1677 1673//1673 1641//1641
f 1680//1680 1673//1673 1677//1677
f 1649//1649 1675//1675 1674//1674
f 1675//1675 1646//1646 1662//1662
f 1674//1674 1662//1662 1645//1645
f 1675//1675 1662//1662 1674//1674
f 1646//1646 1661//1661 1666//1666
f 1661//1661 1640//1640 1663//1663
f 1666//1666 1663//1663 1647//1647
f 1661//1661 1663//1663 1666//1666
f 1642//1642 1668//1668 1654//1654
f 1668//1668 1648//1648 1669//1669
f 1654//1654 1669//1669 1643//1643
f 1668//1668 1669//1669 1654//1654
f 1642//1642 1654//1654 1652//1652
f 1654//1654 1643//1643 1653//1653
f 1652//1652 1653//1653 1641//1641
f 1654//1654 1653//1653 1652//1652
f 1642//1642 1652//1652 1659//1659
f 1652//1652 1641//1641 1658//1658
f 1659//1659 1658//1658 1645//1645
f 1652//1652 1658//1658 1659//1659
f 1642//1642 1659//1659 1664//1664
f 1659//1659 1645//1645 1665//1665
f 1664//1664 1665//1665 1647//1647
f 1659//1659 1665//1665 1664//1664
f 1642//1642 1664//1664 1668//1668
f 1664//1664 1647//1647 1671//1671
f 1668//1668 1671//1671 1648//1648
f 1664//1664 1671//1671 1668//1668
f 1643//1643 1669//1669 1657//1657
f 1669//1669 1648//1648 1670//1670
f 1657//1657 1670//1670 1644//1644
f 1669//1669 1670//1670 1657//1657
f 1641//1641 1653//1653 1677//1677
f 1653//1653 1643//1643 1678//1678
f 1677//1677 1678//1678 1650//1650
f 1653//1653 1678//1678 1677//1677
f 1645//1645 1658//1658 1674//1674
f 1658//1658 1641//1641 1673//1673
f 1674//1674 1673//1673 1649//1649
f 1658//1658 1673//1673 1674//1674
f 1647//1647 1665//1665 1666//1666
f 1665//1665 1645//1645 1662//1662
f 1666//1666 1662//1662 1646//1646
f 1665//1665 1662//1662 1666//1666
f 1648//1648 1671//1671 1667//1667
f 1671//1671 1647//1647 1663//1663
f 1667//1667 1663//1663 1640//1640
f 1671//1671 1663//1663 1667//1667
f 1681//1681 1718//1718 1697//1697
f 1718//1718 1692//1692 1721//1721
f 1697//1697 1721//1721 1686//1686
f 1718//1718 1721//1721 1697//1697
f 1681//1681 1697//1697 1693//1693
f 1697//1697 1686//1686 1698//1698
f 1693//1693 1698//1698 1682//1682
f 1697//1697 1698//1698 1693//1693
f 1681//1681 1693//1693 1702//1702
f 1693//1693 1682//1682 1703//1703
f 1702//1702 1703//1703 1688//1688
f 1693//1693 1703//1703 1702//1702
f 1681//1681 1702//1702 1714//1714
f 1702//1702 1688//1688 1717//1717
f 1714//1714 1717//1717 1691//1691
f 1702//1702 1717//1717 1714//1714
f 1681//1681 1714//1714 1718//1718
f 1714//1714 1691//1691 1722//1722
f 1718//1718 1722//1722 1692//1692
f 1714//1714 1722//1722 1718//1718
f 1682//1682 1698//1698 1709//1709
f 1698//1698 1686//1686 1712//1712
f 1709//1709 1712//1712 1690//1690
f 1698//1698 1712//1712 1709//1709
f 1686//1686 1721//1721 1699//1699
f 1721//1721 1692//1692 1720//1720
f 1699//1699 1720//1720 1685//1685
f 1721//1721 1720//1720 1699//1699
f 1692//1692 1722//1722 1719//1719
f 1722//1722 1691//1691 1715//1715
f 1719//1719 1715//1715 1683//1683
f 1722//1722 1715//1715 1719//1719
f 1691//1691 1717//1717 1716//1716
f 1717//1717 1688//1688 1704//1704
f 1716//1716 1704//1704 1687//1687
f 1717//1717 1704//1704 1716//1716
f 1688//1688 1703//1703 1708//1708
f 1703//1703 1682//1682 1705//1705
f 1708//1708 1705//1705 1689//1689
f 1703//1703 1705//1705 1708//1708
f 1684//1684 1710//1710 1696//1696
f 1710//1710 1690//1690 1711//1711
f 1696//1696 1711//1711 1685//1685
f 1710//1710 1711//1711 1696//1696
f 1684//1684 1696//1696 1694//1694
f 1696//1696 1685//1685 1695//1695
f 1694//1694 1695//1695 1683//1683
f 1696//1696 1695//1695 1694//1694
f 1684//1684 1694//1694 1701//1701
f 1694//1694 1683//1683 1700//1700
f 1701//1701 1700//1700 1687//1687
f 1694//1694 1700//1700 1701//1701
f 1684//1684 1701//1701 1706//1706
f 1701//1701 1687//1687 1707//1707
f 1706//1706 1707//1707 1689//1689
f 1701//1701 1707//1707 1706//1706
f 1684//1684 1706//1706 1710//1710
f 1706//1706 1689//1689 1713//1713
f 1710//1710 1713//1713 1690//1690
f 1706//1706 1713//1713 1710//1710
f 1685//1685 1711//1711 1699//1699
f 1711//1711 1690//1690 1712//1712
f 1699//1699 1712//1712 1686//1686
f 1711//1711 1712//1712 1699//1699
f 1683//1683 1695//1695 1719//1719
f 1695//1695 1685//1685 1720//1720
f 1719//1719 1720//1720 1692//1692
f 1695//1695 1720//1720 1719//1719
f 1687//1687 1700//1700 1716//1716
f 1700//1700 1683//1683 1715//1715
f 1716//1716 1715//1715 1691//1691
f 1700//1700 1715//1715 1716//1716
f 1689//1689 1707//1707 1708//1708
f 1707//1707 1687//1687 1704//1704
f 1708//1708 1704//1704 1688//1688
f 1707//1707 1704//1704 1708//1708
f 1690//1690 1713//1713 1709//1709
f 1713//1713 1689//1689 1705//1705
f 1709//1709 1705//1705 1682//1682
f 1713//1713 1705//1705 1709//1709
f 1723//1723 1760//1760 1739//1739
f 1760//1760 1734//1734 1763//1763
f 1739//1739 1763//1763 1728//1728
f 1760//1760 1763//1763 1739//1739
f 1723//1723 1739//1739 1735//1735
f 1739//1739 1728//1728 1740//1740
f 1735//1735 1740//1740 1724//1724
f 1739//1739 1740//1740 1735//1735
f 1723//1723 1735//1735 1744//1744
f 1735//1735 1724//1724 1745//1745
f 1744//1744 1745//1745 1730//1730
f 1735//1735 1745//1745 1744//1744
f 1723//1723 1744//1744 1756//1756
f 1744//1744 1730//1730 1759//1759
f 1756//1756 1759//1759 1733//1733
f 1744//1744 1759//1759 1756//1756
f 1723//1723 1756//1756 1760//1760
f 1756//1756 1733//1733 1764//1764
f 1760//1760 1764//1764 1734//1734
f 1756//1756 1764//1764 1760//1760
f 1724//1724 1740//1740 1751//1751
f 1740//1740 1728//1728 1754//1754
f 1751//1751 1754//1754 1732//1732
f 1740//1740 1754//1754 1751//1751
f 1728//1728 1763//1763 1741//1741
f 1763//1763 1734//1734 1762//1762
f 1741//1741 1762//1762 1727//1727
f 1763//1763 1762//1762 1741//1741
f 1734//1734 1764//1764 1761//1761
f 1764//1764 1733//1733 1757//1757
f 1761//1761 1757//1757 1725//1725
f 1764//1764 1757//1757 1761//1761
f 1733//1733 1759//1759 1758//1758
f 1759//1759 1730//1730 1746//1746
f 1758//1758 1746//1746 1729//1729
f 1759//1759 1746//1746 1758//1758
f 1730//1730 1745//1745 1750//1750
f 1745//1745 1724//1724 1747//1747
f 1750//1750 1747//1747 1731//1731
f 1745//1745 1747//1747 1750//1750
f 1726//1726 1752//1752 1738//1738
f 1752//1752 1732//1732 1753//1753
f 1738//1738 1753//1753 1727//1727
f 1752//1752 1753//1753 1738//1738
f 1726//1726 1738//1738 1736//1736
f 1738//1738 1727//1727 1737//1737
f 1736//1736 1737//1737 1725//1725
f 1738//1738 1737//1737 1736//1736
f 1726//1726 1736//1736 1743//1743
f 1736//1736 1725//1725 1742//1742
f 1743//1743 1742//1742 1729//1729
f 1736//1736 1742//1742 1743//1743
f 1726//1726 1743//1743 1748//1748
f 1743//1743 1729//1729 1749//1749
f 1748//1748 1749//1749 1731//1731
f 1743//1743 1749//1749 1748//1748
f 1726//1726 1748//1748 1752//1752
f 1748//1748 1731//1731 1755//1755
f 1752//1752 1755//1755 1732//1732
f 1748//1748 1755//1755 1752//1752
f 1727//1727 1753//1753 1741//1741
f 1753//1753 1732//1732 1754//1754
f 1741//1741 1754//1754 1728//1728
f 1753//1753 1754//1754 1741//1741
f 1725//1725 1737//1737 1761//1761
f 1737//1737 1727//1727 1762//1762
f 1761//1761 1762//1762 1734//1734
f 1737//1737 1762//1762 1761//1761
f 1729//1729 1742//1742 1758//1758
f 1742//1742 1725//1725 1757//1757
f 1758//1758 1757//1757 1733//1733
f 1742//1742 1757//1757 1758//1758
f 1731//1731 1749//1749 1750//1750
f 1749//1749 1729//1729 1746//1746
f 1750//1750 1746//1746 1730//1730
f 1749//1749 1746//1746 1750//1750
f 1732//1732 1755//1755 1751//1751
f 1755//1755 1731//1731 1747//1747
f 1751//1751 1747//1747 1724//1724
f 1755//1755 1747//1747 1751//1751
f 1765//1765 1802//1802 1781//1781
f 1802//1802 1776//1776 1805//1805
f 1781//1781 1805//1805 1770//1770
f 1802//1802 1805//1805 1781//1781
f 1765//1765 1781//1781 1777//1777
f 1781//1781 1770//1770 1782//1782
f 1777//1777 1782//1782 1766//1766
f 1781//1781 1782//1782 1777//1777
f 1765//1765 1777//1777 1786//1786
f 1777//1777 1766//1766 1787//1787
f 1786//1786 1787//1787 1772//1772
f 1777//1777 1787//1787 1786//1786
f 1765//1765 1786//1786 1798//1798
f 1786//1786 1772//1772 1801//1801
f 1798//1798 1801//1801 1775//1775
f 1786//1786 1801//1801 1798//1798
f 1765//1765 1798//1798 1802//1802
f 1798//1798 1775//1775 1806//1806
f 1802//1802 1806//1806 1776//1776
f 1798//1798 1806//1806 1802//1802
f 1766//1766 1782//1782 1793//1793
f 1782//1782 1770//1770 1796//1796
f 1793//1793 1796//1796 1774//1774
f 1782//1782 1796//1796 1793//1793
f 1770//1770 1805//1805 1783//1783
f 1805//1805 1776//1776 1804//1804
f 1783//1783 1804//1804 1769//1769
f 1805//1805 1804//1804 1783//1783
f 1776//1776 1806//1806 1803//1803
f 1806//1806 1775//1775 1799//1799
f 1803//1803 1799//1799 1767//1767
f 1806//1806 1799//1799 1803//1803
f 1775//1775 1801//1801 1800//1800
f 1801//1801 1772//1772 1788//1788
f 1800//1800 1788//1788 1771//1771
f 1801//1801 1788//1788 1800//1800
f 1772//1772 1787//1787 1792//1792
f 1787//1787 1766//1766 1789//1789
f 1792//1792 1789//1789 1773//1773
f 1787//1787 1789//1789 1792//1792
f 1768//1768 1794//1794 1780//1780
f 1794//1794 1774//1774 1795//1795
f 1780//1780 1795//1795 1769//1769
f 1794//1794 1795//1795 1780//1780
f 1768//1768 1780//1780 1778//1778
f 1780//1780 1769//1769 1779//1779
f 1778//1778 1779//1779 1767//1767
f 1780//1780 1779//1779 1778//1778
f 1768//1768 1778//1778 1785//1785
f 1778//1778 1767//1767 1784//1784
f 1785//1785 1784//1784 1771//1771
f 1778//1778 1784//1784 1785//1785
f 1768//1768 1785//1785 1790//1790
f 1785//1785 1771//1771 1791//1791
f 1790//1790 1791//1791 1773//1773
f 1785//1785 1791//1791 1790//1790
f 1768//1768 1790//1790 1794//1794
f 1790//1790 1773//1773 1797//1797
f 1794//1794 1797//1797 1774//1774
f 1790//1790 1797//1797 1794//1794
f 1769//1769 1795//1795 1783//1783
f 1795//1795 1774//1774 1796//1796
f 1783//1783 1796//1796 1770//1770
f 1795//1795 1796//1796 1783//1783
f 1767//1767 1779//1779 1803//1803
f 1779//1779 1769//1769 1804//1804
f 1803//1803 1804//1804 1776//1776
f 1779//1779 1804//1804 1803//1803
f 1771//1771 1784//1784 1800//1800
f 1784//1784 1767//1767 1799//1799
f 1800//1800 1799//1799 1775//1775
f 1784//1784 1799//1799 1800//1800
f 1773//1773 1791//1791 1792//1792
f 1791//1791 1771//1771 1788//1788
f 1792//1792 1788//1788 1772//1772
f 1791//1791 1788//1788 1792//1792
f 1774//1774 1797//1797 1793//1793
f 1797//1797 1773//1773 1789//1789
f 1793//1793 1789//1789 1766//1766
f 1797//1797 1789//1789 1793//1793
f 1807//1807 1844//1844 1823//1823
f 1844//1844 1818//1818 1847//1847
f 1823//1823 1847//1847 1812//1812
f 1844//1844 1847//1847 1823//1823
f 1807//1807 1823//1823 1819//1819
f 1823//1823 1812//1812 1824//1824
f 1819//1819 1824//1824 1808//1808
f 1823//1823 1824//1824 1819//1819
f 1807//1807 1819//1819 1828//1828
f 1819//1819 1808//1808 1829//1829
f 1828//1828 1829//1829 1814//1814
f 1819//1819 1829//1829 1828//1828
f 1807//1807 1828//1828 1840//1840
f 1828//1828 1814//1814 1843//1843
f 1840//1840 1843//1843 1817//1817
f 1828//1828 1843//1843 1840//1840
f 1807//1807 1840//1840 1844//1844
f 1840//1840 1817//1817 1848//1848
f 1844//1844 1848//1848 1818//1818
f 1840//1840 1848//1848 1844//1844
f 1808//1808 1824//1824 1835//1835
f 1824//1824 1812//1812 1838//1838
f 1835//1835 1838//1838 1816//1816
f 1824//1824 1838//1838 1835//1835
f 1812//1812 1847//1847 1825//1825
f 1847//1847 1818//1818 1846//1846
f 1825//1825 1846//1846 1811//1811
f 1847//1847 1846//1846 1825//1825
f 1818//1818 1848//1848 1845//1845
f 1848//1848 1817//1817 1841//1841
f 1845//1845 1841//1841 1809//1809
f 1848//1848 1841//1841 1845//1845
f 1817//1817 1843//1843 1842//1842
f 1843//1843 1814//1814 1830//1830
f 1842//1842 1830//1830 1813//1813
f 1843//1843 1830//1830 1842//1842
f 1814//1814 1829//1829 1834//1834
f 1829//1829 1808//1808 1831//1831
f 1834//1834 1831//1831 1815//1815
f 1829//1829 1831//1831 1834//1834
f 1810//1810 1836//1836 1822//1822
f 1836//1836 1816//1816 1837//1837
f 1822//1822 1837//1837 1811//1811
f 1836//1836 1837//1837 1822//1822
f 1810//1810 1822//1822 1820//1820
f 1822//1822 1811//1811 1821//1821
f 1820//1820 1821//1821 1809//1809
f 1822//1822 1821//1821 1820//1820
f 1810//1810 1820//1820 1827//1827
f 1820//1820 1809//1809 1826//1826
f 1827//1827 1826//1826 1813//1813
f 1820//1820 1826//1826 1827//1827
f 1810//1810 1827//1827 1832//1832
f 1827//1827 1813//1813 1833//1833
f 1832//1832 1833//1833 1815//1815
f 1827//1827 1833//1833 1832//1832
f 1810//1810 1832//1832 1836//1836
f 1832//1832 1815//1815 1839//1839
f 1836//1836 1839//1839 1816//1816
f 1832//1832 1839//1839 1836//1836
f 1811//1811 1837//1837 1825//1825
f 1837//1837 1816//1816 1838//1838
f 1825//1825 1838//1838 1812//1812
f 1837//1837 1838//1838 1825//1825
f 1809//1809 1821//1821 1845//1845
f 1821//1821 1811//1811 1846//1846
f 1845//1845 1846//1846 1818//1818
f 1821//1821 1846//1846 1845//1845
f 1813//1813 1826//1826 1842//1842
f 1826//1826 1809//1809 1841//1841
f 1842//1842 1841//1841 1817//1817
f 1826//1826 1841//1841 1842//1842
f 1815//1815 1833//1833 1834//1834
f 1833//1833 1813//1813 1830//1830
f 1834//1834 1830//1830 1814//1814
f 1833//1833 1830//1830 1834//1834
f 1816//1816 1839//1839 1835//1835
f 1839//1839 1815//1815 1831//1831
f 1835//1835 1831//1831 1808//1808
f 1839//1839 1831//1831 1835//1835
f 1849//1849 1886//1886 1865//1865
f 1886//1886 1860//1860 1889//1889
f 1865//1865 1889//1889 1854//1854
f 1886//1886 1889//1889 1865//1865
f 1849//1849 1865//1865 1861//1861
f 1865//1865 1854//1854 1866//1866
f 1861//1861 1866//1866 1850//1850
f 1865//1865 1866//1866 1861//1861
f 1849//1849 1861//1861 1870//1870
f 1861//1861 1850//1850 1871//1871
f 1870//1870 1871//1871 1856//1856
f 1861//1861 1871//1871 1870//1870
f 1849//1849 1870//1870 1882//1882
f 1870//1870 1856//1856 1885//1885
f 1882//1882 1885//1885 1859//1859
f 1870//1870 1885//1885 1882//1882
f 1849//1849 1882//1882 1886//1886
f 1882//1882 1859//1859 1890//1890
f 1886//1886 1890//1890 1860//1860
f 1882//1882 1890//1890 1886//1886
f 1850//1850 1866//1866 1877//1877
f 1866//1866 1854//1854 1880//1880
f 1877//1877 1880//1880 1858//1858
f 1866//1866 1880//1880 1877//1877
f 1854//1854 1889//1889 1867//1867
f 1889//1889 1860//1860 1888//1888
f 1867//1867 1888//1888 1853//1853
f 1889//1889 1888//1888 1867//1867
f 1860//1860 1890//1890 1887//1887
f 1890//1890 1859//1859 1883//1883
f 1887//1887 1883//1883 1851//1851
f 1890//1890 1883//1883 1887//1887
f 1859//1859 1885//1885 1884//1884
f 1885//1885 1856//1856 1872//1872
f 1884//1884 1872//1872 1855//1855
f 1885//1885 1872//1872 1884//1884
f 1856//1856 1871//1871 1876//1876
f 1871//1871 1850//1850 1873//1873
f 1876//1876 1873//1873 1857//1857
f 1871//1871 1873//1873 1876//1876
f 1852//1852 1878//1878 1864//1864
f 1878//1878 1858//1858 1879//1879
f 1864//1864 1879//1879 1853//1853
f 1878//1878 1879//1879 1864//1864
f 1852//1852 1864//1864 1862//1862
f 1864//1864 1853//1853 1863//1863
f 1862//1862 1863//1863 1851//1851
f 1864//1864 1863//1863 1862//1862
f 1852//1852 1862//1862 1869//1869
f 1862//1862 1851//1851 1868//1868
f 1869//1869 1868//1868 1855//1855
f 1862//1862 1868//1868 1869//1869
f 1852//1852 1869//1869 1874//1874
f 1869//1869 1855//1855 1875//1875
f 1874//1874 1875//1875 1857//1857
f 1869//1869 1875//1875 1874//1874
f 1852//1852 1874//1874 1878//1878
f 1874//1874 1857//1857 1881//1881
f 1878//1878 1881//1881 1858//1858
f 1874//1874 1881//1881 1878//1878
f 1853//1853 1879//1879 1867//1867
f 1879//1879 1858//1858 1880//1880
f 1867//1867 1880//1880 1854//1854
f 1879//1879 1880//1880 1867//1867
f 1851//1851 1863//1863 1887//1887
f 1863//1863 1853//1853 1888//1888
f 1887//1887 1888//1888 1860//1860
f 1863//1863 1888//1888 1887//1887
f 1855//1855 1868//1868 1884//1884
f 1868//1868 1851//1851 1883//1883
f 1884//1884 1883//1883 1859//1859
f 1868//1868 1883//1883 1884//1884
f 1857//1857 1875//1875 1876//1876
f 1875//1875 1855//1855 1872//1872
f 1876//1876 1872//1872 1856//1856
f 1875//1875 1872//1872 1876//1876
f 1858//1858 1881//1881 1877//1877
f 1881//1881 1857//1857 1873//1873
f 1877//1877 1873//1873 1850//1850
f 1881//1881 1873//1873 1877//1877
f 1891//1891 1928//1928 1907//1907
f 1928//1928 1902//1902 1931//1931
f 1907//1907 1931//1931 1896//1896
f 1928//1928 1931//1931 1907//1907
f 1891//1891 1907//1907 1903//1903
f 1907//1907 1896//1896 1908//1908
f 1903//1903 1908//1908 1892//1892
f 1907//1907 1908//1908 1903//1903
f 1891//1891 1903//1903 1912//1912
f 1903//1903 1892//1892 1913//1913
f 1912//1912 1913//1913 1898//1898
f 1903//1903 1913//1913 1912//1912
f 1891//1891 1912//1912 1924//1924
f 1912//1912 1898//1898 1927//1927
f 1924//1924 1927//1927 1901//1901
f 1912//1912 1927//1927 1924//1924
f 1891//1891 1924//1924 1928//1928
f 1924//1924 1901//1901 1932//1932
f 1928//1928 1932//1932 1902//1902
f 1924//1924 1932//1932 1928//1928
f 1892//1892 1908//1908 1919//1919
f 1908//1908 1896//1896 1922//1922
f 1919//1919 1922//1922 1900//1900
f 1908//1908 1922//1922 1919//1919
f 1896//1896 1931//1931 1909//1909
f 1931//1931 1902//1902 1930//1930
f 1909//1909 1930//1930 1895//1895
f 1931//1931 1930//1930 1909//1909
f 1902//1902 1932//1932 1929//1929
f 1932//1932 1901//1901 1925//1925
f 1929//1929 1925//1925 1893//1893
f 1932//1932 1925//1925 1929//1929
f 1901//1901 1927//1927 1926//1926
f 1927//1927 1898//1898 1914//1914
f 1926//1926 1914//1914 1897//1897
f 1927//1927 1914//1914 1926//1926
f 1898//1898 1913//1913 1918//1918
f 1913//1913 1892//1892 1915//1915
f 1918//1918 1915//1915 1899//1899
f 1913//1913 1915//1915 1918//1918
f 1894//1894 1920//1920 1906//1906
f 1920//1920 1900//1900 1921//1921
f 1906//1906 1921//1921 1895//1895
f 1920//1920 1921//1921 1906//1906
f 1894//1894 1906//1906 1904//1904
f 1906//1906 1895//1895 1905//1905
f 1904//1904 1905//1905 1893//1893
f 1906//1906 1905//1905 1904//1904
f 1894//1894 1904//1904 1911//1911
f 1904//1904 1893//1893 1910//1910
f 1911//1911 1910//1910 1897//1897
f 1904//1904 1910//1910 1911//1911
f 1894//1894 1911//1911 1916//1916
f 1911//1911 1897//1897 1917//1917
f 1916//1916 1917//1917 1899//1899
f 1911//1911 1917//1917 1916//1916
f 1894//1894 1916//1916 1920//1920
f 1916//1916 1899//1899 1923//1923
f 1920//1920 1923//1923 1900//1900
f 1916//1916 1923//1923 1920//1920
f 1895//1895 1921//1921 1909//1909
f 1921//1921 1900//1900 1922//1922
f 1909//1909 1922//1922 1896//1896
f 1921//1921 1922//1922 1909//1909
f 1893//1893 1905//1905 1929//1929
f 1905//1905 1895//1895 1930//1930
f 1929//1929 1930//1930 1902//1902
f 1905//1905 1930//1930 1929//1929
f 1897//1897 1910//1910 1926//1926
f 1910//1910 1893//1893 1925//1925
f 1926//1926 1925//1925 1901//1901
f 1910//1910 1925//1925 1926//1926
f 1899//1899 1917//1917 1918//1918
f 1917//1917 1897//1897 1914//1914
f 1918//1918 1914//1914 1898//1898
f 1917//1917 1914//1914 1918//1918
f 1900//1900 1923//1923 1919//1919
f 1923//1923 1899//1899 1915//1915
f 1919//1919 1915//1915 1892//1892
f 1923//1923 1915//1915 1919//1919
f 1933//1933 1970//1970 1949//1949
f 1970//1970 1944//1944 1973//1973
f 1949//1949 1973//1973 1938//1938
f 1970//1970 1973//1973 1949//1949
f 1933//1933 1949//1949 1945//1945
f 1949//1949 1938//1938 1950//1950
f 1945//1945 1950//1950 1934//1934
f 1949//1949 1950//1950 1945//1945
f 1933//1933 1945//1945 1954//1954
f 1945//1945 1934//1934 1955//1955
f 1954//1954 1955//1955 1940//1940
f 1945//1945 1955//1955 1954//1954
f 1933//1933 1954//1954 1966//1966
f 1954//1954 1940//1940 1969//1969
f 1966//1966 1969//1969 1943//1943
f 1954//1954 1969//1969 1966//1966
f 1933//1933 1966//1966 1970//1970
f 1966//1966 1943//1943 1974//1974
f 1970//1970 1974//1974 1944//1944
f 1966//1966 1974//1974 1970//1970
f 1934//1934 1950//1950 1961//1961
f 1950//1950 1938//1938 1964//1964
f 1961//1961 1964//1964 1942//1942
f 1950//1950 1964//1964 1961//1961
f 1938//1938 1973//1973 1951//1951
f 1973//1973 1944//1944 1972//1972
f 1951//1951 1972//1972 1937//1937
f 1973//1973 1972//1972 1951//1951
f 1944//1944 1974//1974 1971//1971
f 1974//1974 1943//1943 1967//1967
f 1971//1971 1967//1967 1935//1935
f 1974//1974 1967//1967 1971//1971
f 1943//1943 1969//1969 1968//1968
f 1969//1969 1940//1940 1956//1956
f 1968//1968 1956//1956 1939//1939
f 1969//1969 1956//1956 1968//1968
f 1940//1940 1955//1955 1960//1960
f 1955//1955 1934//1934 1957//1957
f 1960//1960 1957//1957 1941//1941
f 1955//1955 1957//1957 1960//1960
f 1936//1936 1962//1962 1948//1948
f 1962//1962 1942//1942 1963//1963
f 1948//1948 1963//1963 1937//1937
f 1962//1962 1963//1963 1948//1948
f 1936//1936 1948//1948 1946//1946
f 1948//1948 1937//1937 1947//1947
f 1946//1946 1947//1947 1935//1935
f 1948//1948 1947//1947 1946//1946
f 1936//1936 1946//1946 1953//1953
f 1946//1946 1935//1935 1952//1952
f 1953//1953 1952//1952 1939//1939
f 1946//1946 1952//1952 1953//1953
f 1936//1936 1953//1953 1958//1958
f 1953//1953 1939//1939 1959//1959
f 1958//1958 1959//1959 1941//1941
f 1953//1953 1959//1959 1958//1958
f 1936//1936 1958//1958 1962//1962
f 1958//1958 1941//1941 1965//1965
f 1962//1962 1965//1965 1942//1942
f 1958//1958 1965//1965 1962//1962
f 1937//1937 1963//1963 1951//1951
f 1963//1963 1942//1942 1964//1964
f 1951//1951 1964//1964 1938//1938
f 1963//1963 1964//1964 1951//1951
f 1935//1935 1947//1947 1971//1971
f 1947//1947 1937//1937 1972//1972
f 1971//1971 1972//1972 1944//1944
f 1947//1947 1972//1972 1971//1971
f 1939//1939 1952//1952 1968//1968
f 1952//1952 1935//1935 1967//1967
f 1968//1968 1967//1967 1943//1943
f 1952//1952 1967//1967 1968//1968
f 1941//1941 1959//1959 1960//1960
f 1959//1959 1939//1939 1956//1956
f 1960//1960 1956//1956 1940//1940
f 1959//1959 1956//1956 1960//1960
f 1942//1942 1965//1965 1961//1961
f 1965//1965 1941//1941 1957//1957
f 1961//1961 1957//1957 1934//1934
f 1965//1965 1957//1957 1961//1961
f 1975//1975 2012//2012 1991//1991
f 2012//2012 1986//1986 2015//2015
f 1991//1991 2015//2015 1980//1980
f 2012//2012 2015//2015 1991//1991
f 1975//1975 1991//1991 1987//1987
f 1991//1991 1980//1980 1992//1992
f 1987//1987 1992//1992 1976//1976
f 1991//1991 1992//1992 1987//1987
f 1975//1975 1987//1987 1996//1996
f 1987//1987 1976//1976 1997//1997
f 1996//1996 1997//1997 1982//1982
f 1987//1987 1997//1997 1996//1996
f 1975//1975 1996//1996 2008//2008
f 1996//1996 1982//1982 2011//2011
f 2008//2008 2011//2011 1985//1985
f 1996//1996 2011//2011 2008//2008
f 1975//1975 2008//2008 2012//2012
f 2008//2008 1985//1985 2016//2016
f 2012//2012 2016//2016 1986//1986
f 2008//2008 2016//2016 2012//2012
f 1976//1976 1992//1992 2003//2003
f 1992//1992 1980//1980 2006//2006
f 2003//2003 2006//2006 1984//1984
f 1992//1992 2006//2006 2003//2003
f 1980//1980 2015//2015 1993//1993
f 2015//2015 1986//1986 2014//2014
f 1993//1993 2014//2014 1979//1979
f 2015//2015 2014//2014 1993//1993
f 1986//1986 2016//2016 2013//2013
f 2016//2016 1985//1985 2009//2009
f 2013//2013 2009//2009 1977//1977
f 2016//2016 2009//2009 2013//2013
f 1985//1985 2011//2011 2010//2010
f 2011//2011 1982//1982 1998//1998
f 2010//2010 1998//1998 1981//1981
f 2011//2011 1998//1998 2010//2010
f 1982//1982 1997//1997 2002//2002
f 1997//1997 1976//1976 1999//1999
f 2002//2002 1999//1999 1983//1983
f 1997//1997 1999//1999 2002//2002
f 1978//1978 2004//2004 1990//1990
f 2004//2004 1984//1984 2005//2005
f 1990//1990 2005//2005 1979//1979
f 2004//2004 2005//2005 1990//1990
f 1978//1978 1990//1990 1988//1988
f 1990//1990 1979//1979 1989//1989
f 1988//1988 1989//1989 1977//1977
f 1990//1990 1989//1989 1988//1988
f 1978//1978 1988//1988 1995//1995
f 1988//1988 1977//1977 1994//1994
f 1995//1995 1994//1994 1981//1981
f 1988//1988 1994//1994 1995//1995
f 1978//1978 1995//1995 2000//2000
f 1995//1995 1981//1981 2001//2001
f 2000//2000 2001//2001 1983//1983
f 1995//1995 2001//2001 2000//2000
f 1978//1978 2000//2000 2004//2004
f 2000//2000 1983//1983 2007//2007
f 2004//2004 2007//2007 1984//1984
f 2000//2000 2007//2007 2004//2004
f 1979//1979 2005//2005 1993//1993
f 2005//2005 1984//1984 2006//2006
f 1993//1993 2006//2006 1980//1980
f 2005//2005 2006//2006 1993//1993
f 1977//1977 1989//1989 2013//2013
f 1989//1989 1979//1979 2014//2014
f 2013//2013 2014//2014 1986//1986
f 1989//1989 2014//2014 2013//2013
f 1981//1981 1994//1994 2010//2010
f 1994//1994 1977//1977 2009//2009
f 2010//2010 2009//2009 1985//1985
f 1994//1994 2009//2009 2010//2010
f 1983//1983 2001//2001 2002//2002
f 2001//2001 1981//1981 1998//1998
f 2002//2002 1998//1998 1982//1982
f 2001//2001 1998//1998 2002//2002
f 1984//1984 2007//2007 2003//2003
f 2007//2007 1983//1983 1999//1999
f 2003//2003 1999//1999 1976//1976
f 2007//2007 1999//1999 2003//2003
f 2017//2017 2054//2054 2033//2033
f 2054//2054 2028//2028 2057//2057
f 2033//2033 2057//2057 2022//2022
f 2054//2054 2057//2057 2033//2033
f 2017//2017 2033//2033 2029//2029
f 2033//2033 2022//2022 2034//2034
f 2029//2029 2034//2034 2018//2018
f 2033//2033 2034//2034 2029//2029
f 2017//2017 2029//2029 2038//2038
f 2029//2029 2018//2018 2039//2039
f 2038//2038 2039//2039 2024//2024
f 2029//2029 2039//2039 2038//2038
f 2017//2017 2038//2038 2050//2050
f 2038//2038 2024//2024 2053//2053
f 2050//2050 2053//2053 2027//2027
f 2038//2038 2053//2053 2050//2050
f 2017//2017 2050//2050 2054//2054
f 2050//2050 2027//2027 2058//2058
f 2054//2054 2058//2058 2028//2028
f 2050//2050 2058//2058 2054//2054
f 2018//2018 2034//2034 2045//2045
f 2034//2034 2022//2022 2048//2048
f 2045//2045 2048//2048 2026//2026
f 2034//2034 2048//2048 2045//2045
f 2022//2022 2057//2057 2035//2035
f 2057//2057 2028//2028 2056//2056
f 2035//2035 2056//2056 2021//2021
f 2057//2057 2056//2056 2035//2035
f 2028//2028 2058//2058 2055//2055
f 2058//2058 2027//2027 2051//2051
f 2055//2055 2051//2051 2019//2019
f 2058//2058 2051//2051 2055//2055
f 2027//2027 2053//2053 2052//2052
f 2053//2053 2024//2024 2040//2040
f 2052//2052 2040//2040 2023//2023
f 2053//2053 2040//2040 2052//2052
f 2024//2024 2039//2039 2044//2044
f 2039//2039 2018//2018 2041//2041
f 2044//2044 2041//2041 2025//2025
f 2039//2039 2041//2041 2044//2044
f 2020//2020 2046//2046 2032//2032
f 2046//2046 2026//2026 2047//2047
f 2032//2032 2047//2047 2021//2021
f 2046//2046 2047//2047 2032//2032
f 2020//2020 2032//2032 2030//2030
f 2032//2032 2021//2021 2031//2031
f 2030//2030 2031//2031 2019//2019
f 2032//2032 2031//2031 2030//2030
f 2020//2020 2030//2030 2037//2037
f 2030//2030 2019//2019 2036//2036
f 2037//2037 2036//2036 2023//2023
f 2030//2030 2036//2036 2037//2037
f 2020//2020 2037//2037 2042//2042
f 2037//2037 2023//2023 2043//2043
f 2042//2042 2043//2043 2025//2025
f 2037//2037 2043//2043 2042//2042
f 2020//2020 2042//2042 2046//2046
f 2042//2042 2025//2025 2049//2049
f 2046//2046 2049//2049 2026//2026
f 2042//2042 2049//2049 2046//2046
f 2021//2021 2047//2047 2035//2035
f 2047//2047 2026//2026 2048//2048
f 2035//2035 2048//2048 2022//2022
f 2047//2047 2048//2048 2035//2035
f 2019//2019 2031//2031 2055//2055
f 2031//2031 2021//2021 2056//2056
f 2055//2055 2056//2056 2028//2028
f 2031//2031 2056//2056 2055//2055
f 2023//2023 2036//2036 2052//2052
f 2036//2036 2019//2019 2051//2051
f 2052//2052 2051//2051 2027//2027
f 2036//2036 2051//2051 2052//2052
f 2025//2025 2043//2043 2044//2044
f 2043//2043 2023//2023 2040//2040
f 2044//2044 2040//2040 2024//2024
f 2043//2043 2040//2040 2044//2044
f 2026//2026 2049//2049 2045//2045
f 2049//2049 2025//2025 2041//2041
f 2045//2045 2041//2041 2018//2018
f 2049//2049 2041//2041 2045//2045
f 2059//2059 2096//2096 2075//2075
f 2096//2096 2070//2070 2099//2099
f 2075//2075 2099//2099 2064//2064
f 2096//2096 2099//2099 2075//2075
f 2059//2059 2075//2075 2071//2071
f 2075//2075 2064//2064 2076//2076
f 2071//2071 2076//2076 2060//2060
f 2075//2075 2076//2076 2071//2071
f 2059//2059 2071//2071 2080//2080
f 2071//2071 2060//2060 2081//2081
f 2080//2080 2081//2081 2066//2066
f 2071//2071 2081//2081 2080//2080
f 2059//2059 2080//2080 2092//2092
f 2080//2080 2066//2066 2095//2095
f 2092//2092 2095//2095 2069//2069
f 2080//2080 2095//2095 2092//2092
f 2059//2059 2092//2092 2096//2096
f 2092//2092 2069//2069 2100//2100
f 2096//2096 2100//2100 2070//2070
f 2092//2092 2100//2100 2096//2096
f 2060//2060 2076//2076 2087//2087
f 2076//2076 2064//2064 2090//2090
f 2087//2087 2090//2090 2068//2068
f 2076//2076 2090//2090 2087//2087
f 2064//2064 2099//2099 2077//2077
f 2099//2099 2070//2070 2098//2098
f 2077//2077 2098//2098 2063//2063
f 2099//2099 2098//2098 2077//2077
f 2070//2070 2100//2100 2097//2097
f 2100//2100 2069//2069 2093//2093
f 2097//2097 2093//2093 2061//2061
f 2100//2100 2093//2093 2097//2097
f 2069//2069 2095//2095 2094//2094
f 2095//2095 2066//2066 2082//2082
f 2094//2094 2082//2082 2065//2065
f 2095//2095 2082//2082 2094//2094
f 2066//2066 2081//2081 2086//2086
f 2081//2081 2060//2060 2083//2083
f 2086//2086 2083//2083 2067//2067
f 2081//2081 2083//2083 2086//2086
f 2062//2062 2088//2088 2074//2074
f 2088//2088 2068//2068 2089//2089
f 2074//2074 2089//2089 2063//2063
f 2088//2088 2089//2089 2074//2074
f 2062//2062 2074//2074 2072//2072
f 2074//2074 2063//2063 2073//2073
f 2072//2072 2073//2073 2061//2061
f 2074//2074 2073//2073 2072//2072
f 2062//2062 2072//2072 2079//2079
f 2072//2072 2061//2061 2078//2078
f 2079//2079 2078//2078 2065//2065
f 2072//2072 2078//2078 2079//2079
f 2062//2062 2079//2079 2084//2084
f 2079//2079 2065//2065 2085//2085
f 2084//2084 2085//2085 2067//2067
f 2079//2079 2085//2085 2084//2084
f 2062//2062 2084//2084 2088//2088
f 2084//2084 2067//2067 2091//2091
f 2088//2088 2091//2091 2068//2068
f 2084//2084 2091//2091 2088//2088
f 2063//2063 2089//2089 2077//2077
f 2089//2089 2068//2068 2090//2090
f 2077//2077 2090//2090 2064//2064
f 2089//2089 2090//2090 2077//2077
f 2061//2061 2073//2073 2097//2097
f 2073//2073 2063//2063 2098//2098
f 2097//2097 2098//2098 2070//2070
f 2073//2073 2098//2098 2097//2097
f 2065//2065 2078//2078 2094//2094
f 2078//2078 2061//2061 2093//2093
f 2094//2094 2093//2093 2069//2069
f 2078//2078 2093//2093 2094//2094
f 2067//2067 2085//2085 2086//2086
f 2085//2085 2065//2065 2082//2082
f 2086//2086 2082//2082 2066//2066
f 2085//2085 2082//2082 2086//2086
f 2068//2068 2091//2091 2087//2087
f 2091//2091 2067//2067 2083//2083
f 2087//2087 2083//2083 2060//2060
f 2091//2091 2083//2083 2087//2087

